Geneid	RpS12_RpS3_A_Ribo	RpS12_RpS3_B_Ribo	RpS12_RpS3_C_Ribo	Xrp1_A_Ribo	Xrp1_B_Ribo	Xrp1_C_Ribo
FBGN0038542	0	0	0	0	0	0
FBGN0039592	0	0	0	0	0	1
FBGN0038067	0	0	0	0	0	0
FBGN0039602	55	42	62	37	54	55
FBGN0264897	0	0	0	0	0	0
FBGN0038565	0	0	0	0	0	0
FBGN0039331	0	0	0	0	0	0
FBGN0019972	138	145	246	178	229	195
FBGN0046873	0	0	0	0	0	0
FBGN0038756	0	0	0	0	0	4
FBGN0039627	76	51	113	50	66	74
FBGN0039436	0	0	0	0	0	0
FBGN0051092	337	223	430	253	341	359
FBGN0039089	0	0	0	0	7	0
FBGN0064119	0	0	0	0	0	0
FBGN0250820	58	35	59	41	85	60
FBGN0284229	0	0	0	0	0	0
FBGN0038886	0	0	0	0	0	0
FBGN0038243	1	3	1	2	1	3
FBGN0283468	178	138	228	172	220	181
FBGN0038598	0	0	0	0	1	0
FBGN0038407	4	1	8	6	7	6
FBGN0038627	7	6	17	10	17	21
FBGN0027654	0	1	2	2	0	0
FBGN0037236	185	108	217	127	163	145
FBGN0003890	65	42	73	56	164	158
FBGN0000463	510	395	672	445	673	651
FBGN0039761	0	0	0	0	0	0
FBGN0051415	0	0	0	0	0	0
FBGN0037970	0	0	0	0	0	0
FBGN0051463	0	0	0	0	0	0
FBGN0051077	0	0	0	0	0	0
FBGN0037723	151	91	214	71	134	106
FBGN0028374	0	0	0	0	0	0
FBGN0004622	0	0	0	0	0	0
FBGN0053207	30	32	34	17	36	19
FBGN0038890	49	25	59	34	57	40
FBGN0010770	100	90	191	89	106	128
FBGN0046763	318	260	380	214	293	279
FBGN0038465	3	8	9	2	3	4
FBGN0038402	0	0	0	0	0	0
FBGN0261108	103	99	138	81	118	91
FBGN0039087	0	0	0	0	0	0
FBGN0262605	0	0	0	0	0	0
FBGN0263040	0	0	1	0	0	0
FBGN0020907	0	2	0	0	0	0
FBGN0038903	28	16	35	13	22	26
FBGN0037472	106	59	144	64	106	87
FBGN0263977	407	362	635	350	418	340
FBGN0261060	0	0	0	0	0	0
FBGN0015568	0	0	0	0	0	1
FBGN0011270	0	0	0	0	0	0
FBGN0051116	0	0	1	0	0	1
FBGN0262577	0	0	0	0	0	0
FBGN0039030	0	0	0	0	0	0
FBGN0053105	0	0	0	0	0	0
FBGN0037516	0	0	0	0	0	0
FBGN0051265	0	0	0	0	0	0
FBGN0051163	300	214	348	280	334	293
FBGN0039189	78	44	82	27	61	31
FBGN0039858	134	80	181	112	171	137
FBGN0261561	6	8	5	6	5	21
FBGN0002905	202	152	259	155	196	188
FBGN0003676	1344	1140	2145	1051	1597	1508
FBGN0040629	0	0	0	0	0	0
FBGN0038246	0	0	0	0	0	0
FBGN0043005	0	0	0	0	0	0
FBGN0038815	16	13	43	25	46	22
FBGN0015569	4	4	7	2	13	11
FBGN0038960	0	0	0	0	0	0
FBGN0067317	0	0	0	0	0	0
FBGN0039544	34	27	30	22	33	25
FBGN0038356	0	0	0	0	0	0
FBGN0051437	0	0	0	0	0	0
FBGN0028400	0	3	0	0	0	1
FBGN0039233	78	85	143	66	95	103
FBGN0288631	148	121	207	164	189	182
FBGN0039225	0	0	0	0	0	0
FBGN0051327	0	0	0	0	0	0
FBGN0261290	0	0	0	0	0	0
FBGN0002609	22	21	55	17	54	31
FBGN0051013	0	0	0	0	0	0
FBGN0037898	8	3	21	6	13	7
FBGN0051206	0	0	0	0	0	0
FBGN0038037	1	3	0	2	0	0
FBGN0037449	0	0	0	0	0	0
FBGN0002924	330	233	497	260	345	370
FBGN0037623	13	18	28	25	34	29
FBGN0038989	137	137	246	137	159	184
FBGN0038526	0	0	0	0	0	0
FBGN0038203	0	0	0	0	0	0
FBGN0037608	76	51	110	52	86	75
FBGN0260713	0	0	0	0	0	0
FBGN0037483	0	0	0	0	0	0
FBGN0028476	111	80	110	99	110	93
FBGN0038046	281	206	419	215	322	340
FBGN0051202	0	0	0	0	0	0
FBGN0039147	0	0	0	0	0	0
FBGN0038349	102	97	149	92	94	126
FBGN0010441	28	34	68	33	77	80
FBGN0039402	104	112	195	95	141	123
FBGN0037715	0	3	14	6	13	7
FBGN0010399	0	0	0	0	0	0
FBGN0267975	127	119	258	120	143	147
FBGN0015331	75	76	136	76	93	117
FBGN0027948	910	816	1241	829	1108	1074
FBGN0011655	120	66	114	114	138	149
FBGN0266758	17	27	31	9	8	9
FBGN0004781	0	0	0	0	0	0
FBGN0085346	11	4	21	1	2	2
FBGN0039075	0	0	0	0	0	0
FBGN0000274	0	0	0	0	0	1
FBGN0039448	0	0	0	0	0	0
FBGN0003356	0	0	0	0	1	0
FBGN0039094	1	3	5	7	2	3
FBGN0010044	0	0	0	0	0	0
FBGN0051223	43	46	82	54	57	42
FBGN0263490	178	110	175	104	174	157
FBGN0250910	0	0	0	0	0	0
FBGN0262617	75	45	88	77	97	93
FBGN0038360	92	67	97	60	73	88
FBGN0051352	13	6	7	6	16	7
FBGN0037290	2	0	1	0	0	0
FBGN0038069	0	0	0	0	0	0
FBGN0037262	54	41	76	29	68	71
FBGN0045473	0	0	0	0	0	0
FBGN0039840	0	0	0	0	0	0
FBGN0037679	8	10	17	5	10	11
FBGN0039282	0	0	0	0	0	0
FBGN0037896	0	0	0	0	0	0
FBGN0266668	128	83	156	101	127	115
FBGN0037363	99	80	150	87	130	126
FBGN0014018	116	87	155	72	130	131
FBGN0037552	40	33	64	43	30	26
FBGN0037488	0	0	0	0	0	0
FBGN0038597	222	188	330	172	262	268
FBGN0082582	294	237	411	196	310	305
FBGN0040279	43	17	53	19	22	28
FBGN0261844	27	20	27	17	29	31
FBGN0002868	0	1	1	0	0	0
FBGN0037589	0	0	0	0	0	0
FBGN0038468	0	0	0	0	0	0
FBGN0010389	54	57	74	37	85	57
FBGN0039371	0	0	1	0	0	0
FBGN0259152	112	90	193	112	141	133
FBGN0051560	0	0	0	0	0	0
FBGN0037782	0	0	0	0	0	0
FBGN0039347	0	0	0	0	0	0
FBGN0037668	0	0	0	0	0	0
FBGN0038881	274	193	336	259	288	273
FBGN0011669	0	0	0	0	0	0
FBGN0038796	0	0	0	0	0	0
FBGN0038014	0	0	0	0	0	0
FBGN0038210	0	0	0	0	0	0
FBGN0041621	0	0	0	0	0	0
FBGN0037911	11	7	17	7	25	11
FBGN0037685	0	0	0	0	0	0
FBGN0039015	0	0	0	0	0	0
FBGN0037254	0	0	0	0	0	0
FBGN0266137	0	1	0	0	0	0
FBGN0053337	0	0	0	0	0	0
FBGN0038460	0	0	0	0	0	0
FBGN0261053	279	211	292	204	287	267
FBGN0037375	0	0	0	0	1	0
FBGN0014930	4	6	12	7	11	5
FBGN0037626	0	0	0	0	0	0
FBGN0051051	3	1	0	0	2	0
FBGN0286204	1	0	0	1	2	0
FBGN0045035	188	128	219	122	177	182
FBGN0037754	0	0	0	0	0	0
FBGN0051017	0	0	0	0	0	0
FBGN0039795	277	286	371	390	692	552
FBGN0038476	1060	747	1350	960	1290	1187
FBGN0037461	0	0	0	0	0	0
FBGN0051407	0	0	0	0	0	0
FBGN0039003	64	39	66	51	82	44
FBGN0039731	35	26	40	27	47	22
FBGN0038003	0	0	1	0	0	0
FBGN0087013	1674	1404	2319	1318	1721	1711
FBGN0259733	0	1	0	0	2	1
FBGN0266176	0	0	0	0	0	0
FBGN0038302	23	22	76	23	14	9
FBGN0263596	0	0	0	0	0	0
FBGN0037424	0	0	3	0	0	0
FBGN0051076	1	2	3	3	2	2
FBGN0002735	10	7	11	3	6	12
FBGN0038462	37	25	60	20	33	37
FBGN0039584	0	0	0	0	0	0
FBGN0028487	2	0	5	1	2	5
FBGN0044511	27	35	74	29	36	40
FBGN0039522	0	0	0	0	0	0
FBGN0051542	0	0	0	0	0	0
FBGN0085328	0	5	0	0	0	0
FBGN0038447	0	0	0	0	0	0
FBGN0037822	27	18	57	10	11	31
FBGN0037504	135	123	211	114	143	131
FBGN0037963	1050	864	1232	892	996	957
FBGN0039368	0	0	0	0	0	0
FBGN0042102	0	0	0	0	0	1
FBGN0037677	0	0	1	0	0	0
FBGN0038499	118	81	164	105	112	110
FBGN0037572	0	0	0	0	0	0
FBGN0266916	151	102	144	102	143	117
FBGN0038887	0	0	0	0	0	0
FBGN0040227	1139	956	1814	832	1255	1413
FBGN0039312	0	3	2	1	0	0
FBGN0039599	0	0	0	0	0	0
FBGN0037688	57	29	43	59	51	34
FBGN0044823	0	3	6	9	3	4
FBGN0013813	0	0	1	0	0	0
FBGN0039081	0	0	0	0	0	0
FBGN0263400	0	0	0	0	0	0
FBGN0038331	9	20	17	13	23	15
FBGN0038515	29	26	47	36	59	46
FBGN0039108	0	0	0	1	0	0
FBGN0025574	121	103	232	107	192	142
FBGN0039298	0	0	0	0	0	0
FBGN0038914	0	0	0	0	0	0
FBGN0038760	136	141	229	133	200	194
FBGN0014861	532	436	705	405	540	626
FBGN0037892	20	35	43	14	16	20
FBGN0010803	141	155	240	144	150	160
FBGN0051122	157	93	168	131	153	161
FBGN0286199	0	0	0	0	0	0
FBGN0038173	0	0	0	0	0	0
FBGN0038354	0	0	0	0	0	0
FBGN0004779	0	0	0	0	0	0
FBGN0004118	0	0	0	0	0	0
FBGN0037995	0	0	0	0	0	0
FBGN0027512	124	76	154	97	122	114
FBGN0051106	0	0	0	0	0	0
FBGN0286506	23	16	73	42	41	37
FBGN0039439	0	0	0	0	0	0
FBGN0037964	0	0	0	0	0	0
FBGN0039625	19	12	14	9	15	12
FBGN0039723	0	0	0	0	0	0
FBGN0262955	738	609	1051	697	869	804
FBGN0039613	2	0	1	1	1	0
FBGN0051103	2	3	10	2	1	3
FBGN0039807	7	10	4	7	3	8
FBGN0051493	0	0	0	0	0	0
FBGN0038868	36	16	30	26	42	42
FBGN0038787	63	58	68	39	84	68
FBGN0039154	3	1	0	2	1	6
FBGN0051158	177	120	250	147	220	215
FBGN0039600	459	359	738	417	528	523
FBGN0038219	0	0	0	0	0	0
FBGN0262473	171	141	235	194	242	236
FBGN0083984	5	3	2	6	1	6
FBGN0038878	0	1	0	3	0	0
FBGN0039523	0	0	0	0	0	0
FBGN0004389	0	0	0	0	0	0
FBGN0038877	29	20	59	21	57	40
FBGN0039356	5	16	8	8	12	12
FBGN0037455	0	0	0	0	0	0
FBGN0039264	0	0	0	0	0	0
FBGN0287211	0	0	0	0	0	0
FBGN0037994	0	0	0	0	0	0
FBGN0004885	677	604	878	781	1059	958
FBGN0038136	0	0	0	0	0	0
FBGN0051390	129	103	147	119	149	143
FBGN0038948	43	30	84	32	77	60
FBGN0038601	146	118	214	97	167	144
FBGN0264836	0	0	0	0	0	0
FBGN0000277	0	0	0	0	0	0
FBGN0038751	0	0	0	0	0	0
FBGN0266172	0	0	0	0	0	0
FBGN0264326	152	108	224	107	166	167
FBGN0051088	0	0	0	0	0	0
FBGN0039188	56	46	89	49	78	76
FBGN0266448	0	0	0	0	0	0
FBGN0025456	20	14	23	7	18	20
FBGN0040602	0	0	1	0	0	0
FBGN0037386	0	0	0	0	0	0
FBGN0051156	41	36	69	40	57	35
FBGN0037265	21	5	17	4	7	15
FBGN0004197	725	482	908	558	846	779
FBGN0085305	0	0	0	0	0	0
FBGN0037857	0	0	0	0	0	0
FBGN0044810	0	0	0	0	0	0
FBGN0037955	146	91	199	107	149	129
FBGN0037270	499	394	795	298	582	506
FBGN0264899	0	0	0	0	0	0
FBGN0039139	75	52	104	68	89	101
FBGN0041229	0	0	0	0	0	0
FBGN0039286	3	1	1	5	1	5
FBGN0037251	4	9	17	8	8	11
FBGN0051050	0	0	0	0	0	0
FBGN0037719	69	46	68	52	87	63
FBGN0039093	0	0	0	0	0	0
FBGN0016685	1507	1576	2228	1183	1551	1563
FBGN0038584	23	35	39	18	27	27
FBGN0051337	3	3	2	0	7	0
FBGN0028692	1496	1287	2229	1273	1798	1833
FBGN0037727	0	0	0	0	0	0
FBGN0002734	27	34	26	20	30	21
FBGN0037563	1	0	0	0	0	105
FBGN0053100	29	19	30	20	44	23
FBGN0038089	0	0	0	0	0	0
FBGN0022800	79	60	80	59	91	88
FBGN0051086	0	0	0	0	0	0
FBGN0042105	0	0	0	0	0	0
FBGN0038575	0	0	0	0	0	0
FBGN0045442	0	0	0	0	0	0
FBGN0051404	0	0	0	0	0	0
FBGN0027657	5	7	3	3	13	2
FBGN0262823	0	0	0	0	0	0
FBGN0039240	83	64	138	97	124	101
FBGN0037792	73	68	105	86	132	122
FBGN0261840	1	0	2	3	6	0
FBGN0039505	12	9	32	7	24	26
FBGN0039790	102	84	134	115	144	139
FBGN0010173	724	589	1021	504	693	718
FBGN0039527	72	67	100	116	159	125
FBGN0015570	0	2	6	0	0	0
FBGN0051015	0	0	0	0	0	3
FBGN0037617	44	20	36	15	48	28
FBGN0039748	0	4	2	0	2	0
FBGN0028422	0	0	0	0	0	0
FBGN0038731	0	0	0	0	0	0
FBGN0038043	171	130	276	140	176	181
FBGN0004777	1	0	1	0	0	0
FBGN0037293	73	46	92	57	63	53
FBGN0039009	0	0	0	0	0	0
FBGN0039766	3	2	4	4	4	4
FBGN0039283	2	3	1	7	0	3
FBGN0037818	0	0	0	0	0	0
FBGN0037492	11	6	21	5	14	6
FBGN0039668	103	80	151	91	174	150
FBGN0014427	387	373	722	357	509	395
FBGN0261286	235	167	284	180	218	272
FBGN0038282	0	0	0	0	0	0
FBGN0038473	306	296	427	197	200	257
FBGN0039016	108	107	173	120	144	129
FBGN0039067	32	40	48	47	54	34
FBGN0087012	0	0	0	0	0	0
FBGN0039555	94	89	135	95	149	136
FBGN0053970	34	41	63	61	91	61
FBGN0085326	0	0	0	0	0	0
FBGN0037538	167	146	246	141	202	171
FBGN0086768	17	20	27	20	41	27
FBGN0038722	116	122	164	93	197	164
FBGN0259244	184	122	210	110	175	226
FBGN0037481	15	38	17	15	39	33
FBGN0039810	0	0	0	0	0	0
FBGN0040534	142	112	242	192	184	158
FBGN0014135	3	3	4	0	7	3
FBGN0039058	0	0	0	0	0	0
FBGN0085308	1	8	0	1	0	0
FBGN0051119	0	0	0	0	0	0
FBGN0037625	0	0	0	0	0	0
FBGN0262559	190	151	338	117	212	186
FBGN0051528	0	0	0	0	0	0
FBGN0278600	0	0	0	0	0	0
FBGN0038369	139	103	215	97	157	158
FBGN0039483	0	0	0	0	0	0
FBGN0040679	0	0	0	0	0	0
FBGN0039663	15	7	21	5	19	1
FBGN0046332	0	0	0	0	0	0
FBGN0046214	647	651	1191	511	689	714
FBGN0037655	116	84	136	79	118	97
FBGN0038692	74	30	93	51	70	44
FBGN0263401	0	0	0	0	0	0
FBGN0000036	1	0	0	0	7	7
FBGN0038397	0	0	0	0	0	0
FBGN0037467	92	87	122	90	101	92
FBGN0039778	0	0	0	0	0	0
FBGN0039169	55	53	76	54	71	78
FBGN0000015	0	1	0	0	0	0
FBGN0010247	424	359	515	212	197	170
FBGN0037607	1430	1150	2197	1199	1791	1764
FBGN0261847	0	0	0	0	0	0
FBGN0039449	35	24	51	27	45	38
FBGN0037798	0	0	0	0	0	0
FBGN0261789	182	183	314	124	185	183
FBGN0002542	269	252	419	247	375	345
FBGN0015790	296	229	413	240	313	328
FBGN0053339	0	0	0	0	0	0
FBGN0043799	18	14	16	12	22	21
FBGN0038450	0	0	0	0	0	0
FBGN0086613	183	133	207	157	182	173
FBGN0259975	0	0	0	0	0	0
FBGN0086355	233	180	410	205	297	294
FBGN0037489	170	170	249	140	220	217
FBGN0051098	18	15	11	7	10	19
FBGN0037399	0	0	0	0	0	0
FBGN0014869	104	99	132	78	119	106
FBGN0003884	8429	7098	11852	6056	10011	10347
FBGN0042206	0	0	0	5	0	0
FBGN0029503	76	74	117	79	87	79
FBGN0037322	0	0	0	0	0	0
FBGN0039806	0	0	0	0	0	0
FBGN0051533	0	0	0	0	0	0
FBGN0027866	312	253	381	157	250	296
FBGN0039835	44	60	83	55	70	58
FBGN0037703	49	42	92	63	62	71
FBGN0038952	0	0	0	0	0	0
FBGN0039085	0	0	0	0	0	0
FBGN0026399	0	0	0	0	0	0
FBGN0037609	40	34	54	32	42	27
FBGN0010015	0	0	0	0	0	0
FBGN0037304	0	0	0	0	0	0
FBGN0263782	85	57	120	47	113	102
FBGN0026563	0	0	0	0	0	0
FBGN0051100	0	6	2	1	6	1
FBGN0046247	8	10	13	21	14	32
FBGN0037739	46	50	86	42	79	40
FBGN0039671	0	0	0	4	1	118
FBGN0086610	0	0	0	0	0	0
FBGN0039157	9	1	13	3	8	6
FBGN0037291	0	0	0	0	0	0
FBGN0039437	0	0	0	0	0	0
FBGN0039118	3	3	4	0	6	14
FBGN0038404	9	3	4	0	1	8
FBGN0043043	0	0	0	0	0	0
FBGN0039862	0	0	0	0	0	0
FBGN0039367	0	0	0	0	0	0
FBGN0261860	0	0	0	0	0	0
FBGN0015781	56	52	58	29	48	37
FBGN0039158	45	26	61	27	58	34
FBGN0004107	121	82	145	75	101	95
FBGN0039193	0	0	0	0	0	0
FBGN0039251	0	0	1	1	1	2
FBGN0039854	11	13	26	12	19	12
FBGN0051141	0	0	0	0	0	0
FBGN0038388	15	10	38	7	18	12
FBGN0039313	1	1	0	0	0	0
FBGN0042710	0	0	0	0	0	0
FBGN0037342	90	43	105	73	97	82
FBGN0038592	0	0	1	0	0	3
FBGN0039354	0	0	0	0	0	0
FBGN0024963	0	0	0	0	0	0
FBGN0083971	0	0	0	0	0	0
FBGN0038102	0	0	0	0	0	0
FBGN0038535	1267	975	1802	904	1591	1249
FBGN0264357	135	95	123	135	147	155
FBGN0027492	469	386	579	403	590	478
FBGN0039194	0	0	0	0	0	0
FBGN0026380	501	448	822	376	599	431
FBGN0038042	0	0	0	0	0	0
FBGN0004595	0	6	1	1	4	0
FBGN0038651	175	148	265	167	235	184
FBGN0038571	59	63	91	51	32	59
FBGN0020385	69	85	94	91	135	146
FBGN0037761	0	0	0	0	0	0
FBGN0037876	12	10	16	13	26	17
FBGN0003861	0	0	0	0	0	0
FBGN0260462	442	415	723	434	696	621
FBGN0001281	0	0	0	0	0	0
FBGN0024912	25	30	56	20	17	34
FBGN0039467	0	0	2	0	0	0
FBGN0259831	0	0	0	0	0	0
FBGN0026250	241	231	410	255	301	256
FBGN0038893	30	16	39	23	17	21
FBGN0037448	0	0	0	1	0	0
FBGN0262982	0	0	0	0	0	0
FBGN0038436	0	0	0	0	0	0
FBGN0038979	0	0	0	0	0	0
FBGN0025781	117	122	177	124	162	134
FBGN0262010	0	0	0	0	0	0
FBGN0038845	0	0	0	0	0	0
FBGN0004510	62	42	46	57	53	60
FBGN0039581	295	202	375	253	342	308
FBGN0264563	0	0	0	0	0	0
FBGN0266173	0	0	0	0	0	0
FBGN0037720	56	58	80	51	77	73
FBGN0051081	0	0	0	0	0	0
FBGN0262582	374	274	502	354	445	391
FBGN0038114	0	0	0	0	0	0
FBGN0037713	11	12	25	15	13	20
FBGN0039187	75	62	106	57	92	84
FBGN0005671	291	257	434	261	484	428
FBGN0267385	610	575	908	435	709	780
FBGN0039043	70	78	117	51	126	114
FBGN0039215	50	39	105	38	65	68
FBGN0038953	78	107	150	75	100	102
FBGN0039670	0	11	4	11	10	441
FBGN0266579	0	0	0	0	0	0
FBGN0024555	740	537	931	632	882	906
FBGN0038611	0	0	0	0	0	0
FBGN0037814	31	7	33	29	31	46
FBGN0037900	11	5	13	4	12	11
FBGN0038643	0	2	1	9	2	216
FBGN0002441	155	110	161	141	160	135
FBGN0038053	58	50	75	67	80	72
FBGN0023212	39	45	64	28	75	29
FBGN0261838	12	9	0	5	3	10
FBGN0038820	0	0	0	0	0	0
FBGN0019828	0	0	0	0	0	0
FBGN0039336	20	6	13	7	10	18
FBGN0063649	0	0	0	0	0	1
FBGN0038421	28	13	51	28	21	35
FBGN0039261	347	286	390	278	377	373
FBGN0051029	0	0	0	0	2	0
FBGN0039577	0	0	0	0	0	0
FBGN0038377	0	0	0	0	0	0
FBGN0261808	10	7	18	7	14	7
FBGN0039366	0	0	0	0	0	0
FBGN0037647	41	38	77	54	51	57
FBGN0039210	79	40	82	73	60	70
FBGN0039213	269	248	423	294	423	367
FBGN0038002	4	1	3	1	0	1
FBGN0039832	0	0	0	0	0	0
FBGN0037433	213	109	289	122	210	215
FBGN0266064	226	174	313	234	280	272
FBGN0038821	0	0	0	0	0	0
FBGN0261287	0	0	0	0	0	0
FBGN0010225	27	57	49	13	10	15
FBGN0039099	0	2	1	0	0	0
FBGN0037675	0	0	0	0	0	0
FBGN0038686	56	37	79	50	71	44
FBGN0039655	0	0	0	0	0	0
FBGN0027562	0	0	0	0	0	0
FBGN0038159	0	0	0	0	0	0
FBGN0037828	0	0	0	0	0	0
FBGN0037454	0	0	0	0	0	0
FBGN0260386	20	7	31	17	19	36
FBGN0004172	0	0	0	0	0	0
FBGN0038510	0	0	0	0	0	0
FBGN0039704	560	415	789	512	768	700
FBGN0037949	41	15	43	24	44	48
FBGN0039594	140	118	246	117	182	214
FBGN0262005	0	2	2	0	0	0
FBGN0260935	66	41	79	61	56	47
FBGN0266454	0	0	0	0	0	0
FBGN0053783	0	0	0	0	0	0
FBGN0037920	23	23	29	14	21	40
FBGN0260940	52	43	56	31	65	31
FBGN0039269	67	62	105	54	78	66
FBGN0037746	185	159	307	161	210	227
FBGN0039712	32	18	52	19	43	35
FBGN0262362	0	5	1	0	0	0
FBGN0039337	63	50	66	35	60	50
FBGN0038486	0	0	0	0	0	0
FBGN0259215	0	0	0	0	0	0
FBGN0267408	0	0	4	3	1	0
FBGN0000047	15	6	24	4	29	14
FBGN0039343	0	1	0	0	0	0
FBGN0038196	102	131	198	85	86	82
FBGN0250846	0	0	0	0	0	0
FBGN0039727	94	66	114	91	117	90
FBGN0040608	0	0	0	0	0	0
FBGN0267652	0	0	0	0	0	0
FBGN0052939	0	0	0	0	0	0
FBGN0038028	0	0	0	0	0	0
FBGN0003117	48	61	88	51	94	66
FBGN0051140	0	3	1	0	6	1
FBGN0037224	0	0	0	0	0	0
FBGN0004913	245	157	297	193	232	282
FBGN0037297	25	23	37	29	47	37
FBGN0039626	94	78	112	52	72	114
FBGN0263118	0	0	1	3	0	0
FBGN0038275	49	73	65	46	75	94
FBGN0039475	0	16	0	0	0	0
FBGN0039304	45	47	80	48	63	50
FBGN0038167	36	30	28	23	32	22
FBGN0038922	81	92	173	61	136	123
FBGN0037838	19	23	40	31	40	36
FBGN0051019	0	0	0	0	0	0
FBGN0051004	0	0	1	0	0	4
FBGN0037689	46	42	50	50	71	64
FBGN0037974	0	0	0	0	0	0
FBGN0039153	15	17	31	18	13	9
FBGN0038057	49	39	48	28	37	44
FBGN0051157	1	0	0	0	0	0
FBGN0046886	0	0	0	0	0	0
FBGN0038968	296	219	485	236	285	321
FBGN0039342	0	0	0	0	0	0
FBGN0045469	0	0	0	0	0	0
FBGN0051321	0	0	0	0	0	0
FBGN0037670	87	67	112	66	82	93
FBGN0039064	0	0	0	0	5	1
FBGN0016754	42	20	44	18	40	46
FBGN0039490	0	0	0	0	0	0
FBGN0003065	0	0	0	0	0	0
FBGN0038131	0	0	0	0	0	0
FBGN0259212	537	381	741	381	559	534
FBGN0053333	6	1	0	0	0	0
FBGN0038359	0	0	0	0	0	0
FBGN0083969	75	49	82	40	82	79
FBGN0001255	436	431	694	358	601	409
FBGN0039200	0	0	0	0	0	0
FBGN0039466	170	155	227	169	173	207
FBGN0262483	0	0	0	0	0	0
FBGN0039740	58	52	90	30	65	59
FBGN0051523	70	79	136	81	97	105
FBGN0037912	45	42	92	48	88	75
FBGN0039234	162	139	287	179	239	261
FBGN0039128	15	26	46	7	21	23
FBGN0039510	0	0	0	0	0	0
FBGN0288846	256	172	316	203	240	220
FBGN0039348	217	149	297	147	203	235
FBGN0039680	571	409	688	411	506	602
FBGN0038200	0	0	0	0	1	0
FBGN0039424	0	0	0	0	0	0
FBGN0037415	0	0	0	0	0	0
FBGN0037506	0	0	0	0	0	0
FBGN0266178	0	0	0	0	0	0
FBGN0085382	0	0	0	0	0	0
FBGN0051288	0	0	1	0	0	0
FBGN0039792	0	0	0	0	0	0
FBGN0037755	123	80	126	83	135	105
FBGN0039411	33	17	16	27	30	28
FBGN0053512	0	0	0	0	0	0
FBGN0260226	20	18	157	16	29	15
FBGN0038160	0	0	0	0	0	0
FBGN0038869	86	57	118	36	66	46
FBGN0037981	41	41	62	34	36	46
FBGN0051373	0	1	1	0	1	0
FBGN0037358	29	25	44	21	31	31
FBGN0039771	0	0	0	0	0	0
FBGN0286071	153	109	209	115	182	126
FBGN0042104	0	0	0	0	0	0
FBGN0037555	60	54	111	49	67	82
FBGN0262143	0	0	0	0	0	0
FBGN0287589	19	19	27	16	11	13
FBGN0040607	0	0	0	0	0	0
FBGN0038248	0	0	0	0	0	0
FBGN0000455	68	93	133	41	106	96
FBGN0038737	10	19	33	9	13	15
FBGN0003944	4	8	13	4	4	7
FBGN0263289	872	521	935	528	889	755
FBGN0037873	116	102	215	131	176	131
FBGN0044871	48	37	52	35	54	27
FBGN0039808	0	0	0	0	0	0
FBGN0039259	28	47	68	25	43	49
FBGN0000246	0	2	5	3	7	7
FBGN0038078	0	0	0	0	0	0
FBGN0039002	0	0	0	0	0	0
FBGN0051342	84	70	105	81	121	79
FBGN0038683	41	49	62	47	52	68
FBGN0083986	25	15	17	15	9	9
FBGN0037456	0	0	0	0	0	0
FBGN0038951	33	30	49	22	20	10
FBGN0037894	464	405	613	381	528	569
FBGN0261583	0	0	0	0	0	0
FBGN0039601	71	79	137	88	120	147
FBGN0286075	7	26	23	14	22	13
FBGN0028499	20	24	49	14	21	21
FBGN0051418	0	0	0	0	0	0
FBGN0004901	141	116	268	120	176	177
FBGN0051450	47	35	77	40	49	45
FBGN0037753	1	3	0	0	3	3
FBGN0013972	0	0	0	0	0	0
FBGN0263929	81	38	111	85	136	112
FBGN0038641	0	0	0	0	0	0
FBGN0051002	0	0	0	0	0	0
FBGN0001280	130	127	246	104	118	108
FBGN0039543	28	38	65	24	25	32
FBGN0038400	33	48	66	48	67	59
FBGN0022344	134	75	174	82	103	114
FBGN0285912	0	0	0	0	0	0
FBGN0261993	0	0	0	0	0	0
FBGN0027620	339	287	415	246	388	376
FBGN0037895	0	0	0	0	0	0
FBGN0038479	0	0	0	0	0	0
FBGN0051287	0	1	0	1	0	3
FBGN0037819	0	0	7	0	0	0
FBGN0004897	0	0	0	0	0	0
FBGN0261885	977	702	1200	864	1226	1195
FBGN0038389	20	17	37	12	22	20
FBGN0260003	746	531	893	587	794	703
FBGN0003511	56	38	59	28	49	58
FBGN0019637	187	178	247	156	162	184
FBGN0038299	0	6	2	0	3	0
FBGN0037280	0	0	0	0	0	0
FBGN0026566	24	19	52	31	68	37
FBGN0262539	0	0	0	0	0	0
FBGN0039800	0	1	10	3	0	0
FBGN0020510	102	84	152	77	138	125
FBGN0038921	0	0	0	0	0	0
FBGN0028833	11	26	39	13	41	23
FBGN0013576	171	147	213	122	151	157
FBGN0039465	150	129	199	96	169	194
FBGN0264324	22	17	33	23	18	30
FBGN0040252	0	0	0	0	0	0
FBGN0038132	0	0	0	0	0	0
FBGN0037913	163	241	395	201	285	215
FBGN0283438	128	108	175	101	158	155
FBGN0037408	0	0	0	0	0	0
FBGN0039481	1	0	2	3	1	3
FBGN0028734	672	561	997	525	741	735
FBGN0037862	0	0	0	0	0	0
FBGN0039080	0	0	0	0	0	0
FBGN0039073	3	7	4	0	0	2
FBGN0039227	339	338	544	339	502	376
FBGN0000046	85	57	94	39	77	60
FBGN0037402	0	0	0	0	0	0
FBGN0038492	19	9	18	10	11	4
FBGN0028837	179	157	302	154	230	218
FBGN0039480	3	8	8	1	6	1
FBGN0265042	73	59	158	77	101	81
FBGN0260440	8	5	9	6	11	9
FBGN0038586	9	6	4	7	5	3
FBGN0038784	0	0	0	0	2	0
FBGN0037676	0	0	0	0	0	0
FBGN0037432	0	0	0	0	0	0
FBGN0051272	0	0	0	0	2	0
FBGN0037442	39	21	39	42	55	45
FBGN0027508	109	82	129	83	131	106
FBGN0039690	96	97	133	106	174	163
FBGN0039675	0	0	0	0	0	0
FBGN0039812	0	0	0	0	0	0
FBGN0002629	35	16	31	21	33	35
FBGN0038161	0	0	0	0	0	0
FBGN0039462	18	30	17	27	29	14
FBGN0004049	254	192	328	249	337	315
FBGN0262004	0	0	1	0	0	0
FBGN0083985	3	6	10	9	3	3
FBGN0051184	121	98	224	117	116	108
FBGN0038964	406	414	618	320	474	512
FBGN0085303	0	0	0	0	0	0
FBGN0015575	4	3	7	2	9	0
FBGN0020379	22	7	11	14	18	7
FBGN0003165	423	265	567	330	563	505
FBGN0051109	10	19	35	37	19	20
FBGN0027539	36	33	49	32	64	37
FBGN0053092	0	0	0	0	0	0
FBGN0038142	0	0	0	0	0	0
FBGN0051365	73	44	96	62	69	62
FBGN0037371	173	135	217	224	187	208
FBGN0037526	17	15	18	8	17	16
FBGN0037874	843	1091	1663	452	902	781
FBGN0011281	0	0	0	0	0	0
FBGN0039955	171	166	275	98	156	159
FBGN0038386	0	0	0	0	0	0
FBGN0004054	0	0	0	0	0	0
FBGN0039697	243	170	282	160	247	236
FBGN0037569	113	104	183	83	152	144
FBGN0085327	0	0	0	0	0	0
FBGN0040670	0	0	0	0	1	0
FBGN0039730	45	27	34	31	51	26
FBGN0013981	1028	819	1814	1150	1563	1560
FBGN0051475	39	11	24	16	18	24
FBGN0267790	1297	1098	1731	889	1272	1353
FBGN0004898	0	3	0	0	0	0
FBGN0040077	57	58	99	62	75	48
FBGN0037734	30	29	50	42	41	35
FBGN0243514	13	13	17	2	9	2
FBGN0038741	13	29	28	18	22	12
FBGN0038583	32	28	28	21	29	27
FBGN0037612	3	2	0	0	1	0
FBGN0051008	0	0	0	0	0	0
FBGN0026077	136	167	255	175	380	367
FBGN0038412	16	17	9	12	35	20
FBGN0011278	0	0	0	0	0	0
FBGN0016693	198	174	327	189	273	331
FBGN0051496	0	0	0	0	0	0
FBGN0039538	2	1	5	7	2	4
FBGN0051268	0	0	0	0	0	0
FBGN0037275	0	0	0	0	0	0
FBGN0051201	0	2	2	0	0	0
FBGN0051482	0	0	0	0	0	0
FBGN0037307	0	0	0	0	0	0
FBGN0039151	0	3	3	2	3	0
FBGN0039114	3	26	35	14	25	6
FBGN0259730	0	0	0	0	0	0
FBGN0038714	0	0	0	0	0	0
FBGN0038721	26	13	20	40	19	10
FBGN0266195	18	11	15	13	30	11
FBGN0039747	0	0	0	0	0	0
FBGN0262127	97	93	168	75	125	109
FBGN0037810	621	219	407	248	335	246
FBGN0038202	0	0	0	2	1	0
FBGN0037669	73	45	101	76	61	85
FBGN0039644	5	16	23	14	13	6
FBGN0085313	0	0	0	0	0	0
FBGN0037764	0	0	0	0	0	0
FBGN0260944	130	152	208	91	143	134
FBGN0001311	443	348	630	559	748	808
FBGN0000039	0	0	0	0	0	0
FBGN0264775	0	0	0	0	0	2
FBGN0053107	3	15	11	4	8	4
FBGN0261599	1114	713	1589	519	915	686
FBGN0037757	72	42	72	61	76	64
FBGN0039749	2	1	4	0	6	2
FBGN0039664	22	19	35	24	22	37
FBGN0038694	0	1	2	0	0	0
FBGN0026190	0	0	3	0	0	1
FBGN0004863	16	12	24	13	12	19
FBGN0046874	3	0	1	3	0	2
FBGN0038471	57	42	71	64	80	63
FBGN0024432	106	98	184	91	124	113
FBGN0004175	0	0	0	0	0	0
FBGN0039381	52	54	62	59	103	80
FBGN0039881	0	0	1	0	1	1
FBGN0037788	0	0	0	0	0	5
FBGN0039224	0	0	0	0	0	0
FBGN0038058	56	27	67	53	62	66
FBGN0039406	327	249	541	215	335	319
FBGN0264427	0	0	0	0	0	0
FBGN0037234	69	52	91	58	60	84
FBGN0038047	6	7	19	6	6	4
FBGN0038959	0	0	0	0	0	0
FBGN0038934	0	0	0	3	8	0
FBGN0002522	2	0	4	0	0	1
FBGN0039621	0	0	0	0	0	0
FBGN0039686	5	3	4	0	0	0
FBGN0025825	49	54	73	50	61	71
FBGN0038211	0	0	0	0	0	0
FBGN0039223	4	2	6	0	5	9
FBGN0085322	8	10	19	4	7	12
FBGN0038405	3	7	14	5	1	7
FBGN0039631	17	9	36	13	24	22
FBGN0039741	9	3	10	6	9	16
FBGN0003719	170	128	216	129	175	192
FBGN0037382	157	141	163	98	142	159
FBGN0039558	161	151	227	110	109	134
FBGN0038678	17	20	35	30	26	13
FBGN0023179	0	0	0	0	0	0
FBGN0037229	0	0	0	0	0	0
FBGN0029512	533	477	829	366	548	637
FBGN0037338	50	48	35	41	54	47
FBGN0267649	0	0	0	0	0	0
FBGN0264291	75	80	110	51	49	56
FBGN0038798	0	0	0	0	0	0
FBGN0053096	144	111	189	100	146	111
FBGN0051454	0	0	0	0	0	0
FBGN0038925	39	39	61	36	73	50
FBGN0259705	17	7	22	10	20	9
FBGN0004110	0	0	0	0	0	0
FBGN0085386	0	0	0	0	0	0
FBGN0002306	978	798	1243	913	1233	1112
FBGN0015396	400	318	499	283	401	401
FBGN0045471	0	0	0	0	0	0
FBGN0051457	8	5	15	13	13	14
FBGN0051159	17	15	37	16	11	21
FBGN0086346	366	280	477	280	472	443
FBGN0038541	0	0	0	0	0	0
FBGN0037475	0	0	0	0	0	0
FBGN0039425	0	0	0	0	0	0
FBGN0015282	735	645	1219	694	988	970
FBGN0038909	0	0	0	0	0	0
FBGN0037684	1	0	1	0	2	0
FBGN0039212	23	37	64	9	48	53
FBGN0029088	60	54	96	72	107	91
FBGN0038242	0	0	0	0	0	0
FBGN0038702	0	0	0	0	0	0
FBGN0039071	0	1	0	0	0	0
FBGN0038290	0	0	0	0	0	0
FBGN0051174	0	0	0	0	0	0
FBGN0039559	165	124	190	159	238	202
FBGN0037235	43	36	78	48	47	44
FBGN0008651	0	0	0	0	0	0
FBGN0024273	26	26	43	31	27	47
FBGN0038840	0	0	0	0	0	0
FBGN0037881	36	36	58	35	34	39
FBGN0039776	95	44	105	72	106	109
FBGN0262365	0	0	0	0	0	0
FBGN0039773	31	43	66	33	51	44
FBGN0039202	0	0	1	0	2	0
FBGN0039398	0	0	0	0	0	0
FBGN0037926	266	182	318	201	295	270
FBGN0025457	354	250	489	246	394	325
FBGN0264830	0	0	0	0	0	0
FBGN0051286	0	0	0	0	0	0
FBGN0260745	518	476	732	475	630	747
FBGN0038238	0	0	0	0	0	0
FBGN0013953	0	0	0	0	0	3
FBGN0002631	0	2	3	0	0	1
FBGN0250823	227	165	283	200	257	233
FBGN0037975	3	5	9	2	9	1
FBGN0028381	0	1	1	0	0	8
FBGN0053191	0	0	0	0	0	0
FBGN0039687	55	43	49	34	51	58
FBGN0037749	43	35	93	36	73	68
FBGN0038223	72	38	74	60	120	94
FBGN0026056	40	54	51	46	54	65
FBGN0037842	24	14	39	18	37	17
FBGN0004903	126	77	116	74	83	114
FBGN0039647	0	0	0	0	0	0
FBGN0022349	743	617	1062	555	753	713
FBGN0037414	0	0	0	0	1	0
FBGN0039273	32	28	53	29	27	32
FBGN0039709	348	243	420	267	377	400
FBGN0013276	0	0	0	0	0	0
FBGN0004053	0	0	0	0	0	0
FBGN0039756	0	0	0	0	0	0
FBGN0261004	130	97	134	69	114	116
FBGN0038128	31	14	30	24	19	36
FBGN0038311	0	0	0	0	0	0
FBGN0053920	0	0	0	0	0	0
FBGN0037918	161	158	233	172	224	250
FBGN0038874	0	0	0	0	0	0
FBGN0265190	101	95	164	88	155	128
FBGN0051413	0	0	0	0	0	0
FBGN0250754	899	693	1183	755	950	957
FBGN0053109	0	0	0	0	0	0
FBGN0013973	0	0	0	0	0	0
FBGN0037848	46	43	46	32	62	46
FBGN0054027	0	0	0	0	0	0
FBGN0023495	0	0	0	0	0	0
FBGN0037654	0	3	3	0	4	2
FBGN0039868	69	71	137	60	70	75
FBGN0037395	0	1	0	0	0	0
FBGN0039044	32	36	70	29	61	34
FBGN0037215	158	116	182	207	232	199
FBGN0260444	41	26	57	42	46	79
FBGN0038775	0	0	0	0	0	0
FBGN0045761	15	15	25	6	12	2
FBGN0003867	36	28	57	49	67	41
FBGN0039257	1270	1384	1669	1223	1886	1411
FBGN0038440	0	0	0	0	0	0
FBGN0051028	109	95	188	87	168	150
FBGN0037950	0	0	0	0	0	1
FBGN0037296	0	0	0	0	0	0
FBGN0083966	0	0	0	0	0	0
FBGN0051561	0	0	0	0	0	0
FBGN0013269	1355	1260	1976	809	1188	1206
FBGN0038789	0	0	0	0	0	0
FBGN0051189	0	0	0	0	0	0
FBGN0037942	22	12	19	11	31	29
FBGN0053630	0	0	0	0	0	0
FBGN0270928	0	0	0	0	0	0
FBGN0038478	136	118	185	149	172	140
FBGN0037852	8	6	12	4	9	8
FBGN0027544	0	0	0	0	0	0
FBGN0037292	0	0	0	0	0	0
FBGN0085466	0	1	0	0	2	0
FBGN0038588	22	6	22	14	25	17
FBGN0039078	45	42	54	45	73	63
FBGN0038316	37	49	80	24	48	36
FBGN0039419	0	0	0	0	0	0
FBGN0043457	104	44	111	69	107	91
FBGN0000447	207	172	292	161	188	154
FBGN0039500	0	0	0	0	0	0
FBGN0045470	0	0	0	0	0	0
FBGN0262146	0	0	0	0	0	0
FBGN0051195	754	568	1057	780	1083	1040
FBGN0020238	4059	3423	5742	2931	4542	4231
FBGN0037463	0	0	0	0	0	0
FBGN0039764	21	17	27	22	21	16
FBGN0039698	46	57	115	59	69	65
FBGN0039272	4	16	9	5	9	6
FBGN0037329	13	13	30	15	42	22
FBGN0260004	0	0	0	0	0	0
FBGN0262794	0	0	0	0	0	0
FBGN0040076	0	0	0	0	0	0
FBGN0039635	219	141	297	173	248	263
FBGN0038865	0	0	0	0	0	0
FBGN0028662	79	54	107	67	120	135
FBGN0039270	27	23	40	14	22	29
FBGN0085376	59	32	49	42	54	46
FBGN0051105	0	0	0	0	0	0
FBGN0040208	125	138	188	127	132	155
FBGN0023023	11	4	10	1	12	11
FBGN0002780	1610	1448	2262	1233	1442	1495
FBGN0038719	1	0	2	0	0	0
FBGN0037756	143	122	210	151	217	170
FBGN0085324	0	0	0	0	0	0
FBGN0037485	0	0	0	0	0	0
FBGN0039609	0	0	0	0	0	0
FBGN0037773	11	1	11	3	6	14
FBGN0015222	196	171	350	272	392	355
FBGN0000552	0	0	0	0	0	0
FBGN0262104	0	0	0	0	0	0
FBGN0040253	0	0	0	0	0	0
FBGN0037889	0	0	0	0	0	0
FBGN0038834	1322	1179	2379	729	972	1066
FBGN0037644	121	118	181	122	154	156
FBGN0051148	0	0	0	0	0	0
FBGN0039396	1	0	2	0	0	3
FBGN0264493	80	106	137	90	106	107
FBGN0037248	129	109	138	80	158	133
FBGN0038150	11	17	26	8	20	29
FBGN0037501	0	0	0	0	0	0
FBGN0037548	71	53	81	58	64	77
FBGN0000533	0	4	3	1	10	11
FBGN0037700	203	173	330	152	214	232
FBGN0037902	2	1	2	0	0	2
FBGN0038924	127	75	124	51	72	88
FBGN0039503	0	0	0	0	0	0
FBGN0038931	0	0	0	0	0	0
FBGN0039165	16	27	30	28	35	36
FBGN0038861	24	31	44	20	25	28
FBGN0264325	23	19	42	29	22	35
FBGN0037324	0	0	0	0	0	0
FBGN0260234	0	0	0	0	0	0
FBGN0039870	12	18	34	11	14	23
FBGN0002940	0	0	0	0	0	0
FBGN0038602	0	0	0	0	0	0
FBGN0051301	91	67	164	53	115	106
FBGN0261289	0	0	0	0	0	0
FBGN0039360	18	30	70	48	47	34
FBGN0039150	46	27	56	46	48	38
FBGN0037973	41	37	66	42	79	74
FBGN0262514	0	0	0	0	0	0
FBGN0039324	0	0	0	0	0	0
FBGN0037580	771	775	1241	618	968	999
FBGN0051278	15	9	23	11	16	15
FBGN0038295	0	0	0	0	0	0
FBGN0038847	0	0	0	0	0	0
FBGN0085317	0	0	0	0	0	0
FBGN0020407	54	43	82	38	52	87
FBGN0003495	4	4	7	1	3	3
FBGN0264785	26	20	39	26	35	26
FBGN0053341	0	0	0	0	0	0
FBGN0260231	0	0	0	0	0	0
FBGN0019624	330	307	550	275	412	444
FBGN0038589	0	0	0	0	0	0
FBGN0038656	0	0	0	0	0	0
FBGN0040493	508	381	773	428	564	541
FBGN0038947	352	283	496	311	424	368
FBGN0039507	66	61	80	52	70	76
FBGN0039415	1	1	3	0	1	1
FBGN0085302	0	0	0	0	0	0
FBGN0037376	208	196	264	146	244	246
FBGN0037941	0	0	0	0	0	0
FBGN0038279	141	134	230	103	121	107
FBGN0039004	330	285	451	272	355	416
FBGN0038752	0	0	0	0	0	0
FBGN0038978	0	0	0	0	0	0
FBGN0267709	0	0	0	0	0	0
FBGN0261996	0	0	0	0	0	0
FBGN0037809	11	5	8	8	9	8
FBGN0038530	0	0	0	0	0	0
FBGN0051522	50	59	97	15	35	29
FBGN0286930	0	0	0	0	0	0
FBGN0037427	0	0	0	0	0	0
FBGN0039218	96	105	163	98	91	107
FBGN0011596	0	0	0	0	0	0
FBGN0039217	9	12	17	4	13	10
FBGN0053203	0	0	0	0	0	0
FBGN0038472	38	41	78	25	38	35
FBGN0038357	0	0	0	0	0	0
FBGN0260659	60	77	78	67	108	103
FBGN0037890	99	60	101	66	56	57
FBGN0038769	37	25	46	33	35	42
FBGN0037242	82	85	140	77	104	118
FBGN0038958	1	0	0	8	1	0
FBGN0037487	13	4	3	12	13	14
FBGN0024222	35	25	49	24	48	61
FBGN0261928	0	0	0	0	0	0
FBGN0039293	108	67	114	71	94	95
FBGN0015625	136	120	237	159	188	251
FBGN0037512	0	0	0	0	0	0
FBGN0038088	21	8	27	23	24	30
FBGN0040238	32	35	47	50	39	38
FBGN0039160	97	105	169	70	113	92
FBGN0037650	0	0	0	0	0	0
FBGN0037891	300	222	416	247	414	357
FBGN0040609	0	0	7	0	0	0
FBGN0037541	315	270	369	331	395	395
FBGN0046258	283	192	384	210	341	301
FBGN0039110	266	225	422	212	300	299
FBGN0037590	0	0	0	0	0	0
FBGN0261845	3	2	4	2	2	9
FBGN0039593	1	7	1	7	1	0
FBGN0039582	0	0	0	0	0	0
FBGN0039784	0	0	0	0	0	0
FBGN0002732	104	76	112	95	128	105
FBGN0265041	0	0	0	0	0	0
FBGN0051464	0	0	0	0	0	12
FBGN0011581	0	0	0	0	0	0
FBGN0260746	21	12	20	24	21	18
FBGN0266446	4	0	9	0	0	0
FBGN0038753	0	0	0	0	0	0
FBGN0039387	0	0	0	0	0	0
FBGN0038224	108	117	224	89	153	146
FBGN0038783	0	0	0	4	0	0
FBGN0039525	0	0	0	0	0	0
FBGN0039536	0	0	0	0	0	0
FBGN0003169	242	213	327	164	275	245
FBGN0019960	206	164	362	173	269	301
FBGN0261842	0	1	0	0	1	0
FBGN0038458	0	0	0	0	0	0
FBGN0259732	1	0	2	0	0	0
FBGN0037917	28	18	40	9	51	30
FBGN0039107	0	0	0	0	0	0
FBGN0054034	0	0	0	0	0	3
FBGN0039116	84	62	97	42	59	71
FBGN0037697	3	3	5	1	8	1
FBGN0001235	369	322	492	313	472	341
FBGN0038765	8	15	20	25	14	7
FBGN0038613	0	0	0	0	0	0
FBGN0054008	19	12	30	1	3	8
FBGN0039417	70	59	90	45	45	57
FBGN0039385	103	79	156	80	95	105
FBGN0027574	29	32	56	53	52	55
FBGN0039137	126	114	168	82	110	124
FBGN0027930	203	198	315	183	261	285
FBGN0038488	32	21	45	27	48	61
FBGN0038017	32	23	37	21	29	70
FBGN0039265	138	164	244	117	202	180
FBGN0038916	0	0	0	0	0	0
FBGN0037680	176	149	236	126	211	203
FBGN0002865	0	0	0	0	0	0
FBGN0010051	214	121	225	211	277	262
FBGN0039065	37	50	56	40	35	71
FBGN0027784	24	36	57	21	63	22
FBGN0003507	8	2	5	3	6	2
FBGN0263986	0	0	0	0	0	0
FBGN0285955	206	112	186	127	194	167
FBGN0051279	0	0	0	0	0	0
FBGN0027579	47	50	80	28	64	67
FBGN0038385	29	23	35	27	57	48
FBGN0015351	16	9	21	13	15	12
FBGN0038324	45	35	56	44	62	52
FBGN0259146	0	0	0	0	0	0
FBGN0004606	46	49	102	74	99	61
FBGN0037553	0	5	4	0	3	1
FBGN0038467	213	187	354	152	223	229
FBGN0037939	0	0	0	0	0	0
FBGN0003279	2371	1911	4041	1503	2880	3006
FBGN0004597	46	45	62	49	56	45
FBGN0011715	209	173	290	150	225	228
FBGN0039290	1	0	1	1	1	0
FBGN0039373	0	0	0	0	0	0
FBGN0003862	597	436	695	537	672	627
FBGN0051551	0	0	0	0	0	0
FBGN0037614	2	2	2	3	0	6
FBGN0026616	37	19	36	15	44	26
FBGN0051155	80	63	134	58	82	96
FBGN0003134	64	72	88	69	126	62
FBGN0038805	168	155	218	112	161	178
FBGN0039055	114	100	98	87	124	96
FBGN0039755	0	0	1	0	0	0
FBGN0039620	3	1	9	6	1	2
FBGN0021776	6	2	2	0	2	0
FBGN0039616	1	0	0	0	0	0
FBGN0267383	0	0	0	0	0	0
FBGN0015230	0	0	0	0	0	0
FBGN0039511	0	0	0	0	0	0
FBGN0037566	48	52	65	48	100	59
FBGN0038811	41	40	67	53	57	71
FBGN0038321	6	9	8	4	15	10
FBGN0051274	0	0	0	0	0	0
FBGN0037220	249	203	363	194	310	265
FBGN0037705	105	80	175	118	205	175
FBGN0039798	0	3	3	1	0	1
FBGN0039531	18	15	59	25	25	36
FBGN0037279	93	95	146	77	116	113
FBGN0037621	259	222	367	173	223	250
FBGN0000024	0	0	0	0	1	1
FBGN0264712	15	11	16	6	7	16
FBGN0011785	403	246	401	304	363	338
FBGN0038956	0	0	0	0	0	0
FBGN0039838	0	0	0	0	0	0
FBGN0037921	9	7	7	4	11	21
FBGN0267339	0	0	0	0	0	0
FBGN0266566	0	0	2	1	0	2
FBGN0053189	0	0	0	0	0	0
FBGN0038894	0	0	1	1	1	0
FBGN0039491	0	0	0	0	0	0
FBGN0014006	116	78	162	108	154	123
FBGN0015770	0	0	0	0	0	0
FBGN0037708	26	25	22	15	28	24
FBGN0000412	1053	944	1781	1034	1300	1224
FBGN0002922	5	0	1	4	1	0
FBGN0038156	20	10	19	23	29	16
FBGN0038330	0	0	0	4	3	3
FBGN0038941	0	0	0	0	1	0
FBGN0039054	0	1	0	0	1	0
FBGN0039650	19	20	25	4	11	28
FBGN0041224	0	0	0	0	0	0
FBGN0038660	153	126	204	150	240	232
FBGN0038718	0	0	0	0	0	0
FBGN0037687	26	22	36	22	24	13
FBGN0043012	101	74	153	83	119	114
FBGN0266170	0	0	0	0	0	0
FBGN0037786	0	0	0	0	0	0
FBGN0278604	53	50	104	63	67	68
FBGN0038303	60	45	96	73	71	69
FBGN0266175	0	0	0	0	0	0
FBGN0265063	0	0	0	0	0	0
FBGN0040628	0	0	0	0	0	0
FBGN0023083	176	106	245	133	190	206
FBGN0051200	0	0	0	0	0	0
FBGN0038214	0	4	2	0	3	0
FBGN0267105	0	0	0	0	0	0
FBGN0265606	0	0	0	0	0	0
FBGN0041605	0	1	0	0	0	0
FBGN0027095	419	304	529	390	522	535
FBGN0039195	0	0	0	0	0	0
FBGN0086679	17	30	45	21	24	19
FBGN0037325	0	0	0	0	0	0
FBGN0262844	0	0	0	0	0	0
FBGN0015032	0	0	0	0	0	0
FBGN0037260	0	0	0	0	0	0
FBGN0042182	0	0	0	0	0	0
FBGN0266409	29	33	42	20	49	34
FBGN0039780	0	0	0	0	0	0
FBGN0051360	42	17	55	27	36	19
FBGN0041710	3	12	6	4	5	8
FBGN0051125	5	4	16	16	11	2
FBGN0038130	11	7	5	4	2	4
FBGN0038012	0	0	0	0	0	0
FBGN0039025	10	24	35	20	43	20
FBGN0039339	23	14	21	20	18	6
FBGN0038446	56	40	67	45	50	42
FBGN0262846	0	0	0	0	0	0
FBGN0038337	0	0	2	0	1	0
FBGN0266598	37	36	44	17	40	26
FBGN0005632	587	411	701	550	690	621
FBGN0037933	37	36	39	36	39	22
FBGN0037747	12	6	16	7	9	9
FBGN0037826	0	0	0	0	0	0
FBGN0011701	0	0	0	1	0	0
FBGN0039869	61	48	110	55	98	74
FBGN0038505	0	0	0	0	0	0
FBGN0038829	255	166	369	186	318	236
FBGN0038938	1	0	0	0	2	0
FBGN0039084	3	5	6	1	1	4
FBGN0014029	417	336	499	300	486	418
FBGN0037665	100	93	186	100	169	121
FBGN0027503	80	70	115	69	120	99
FBGN0039879	0	0	0	0	0	0
FBGN0041780	0	0	0	0	0	0
FBGN0262006	0	0	0	0	0	0
FBGN0038032	0	0	0	0	0	0
FBGN0038771	375	298	610	294	397	408
FBGN0259113	326	232	374	151	148	157
FBGN0000557	149	121	293	80	104	74
FBGN0263777	0	0	0	0	0	0
FBGN0039376	0	0	0	0	0	0
FBGN0010038	0	0	0	1	0	0
FBGN0037227	0	0	0	0	0	0
FBGN0039636	36	24	36	12	28	41
FBGN0037490	12	3	7	3	9	8
FBGN0002773	1	15	54	9	18	6
FBGN0039316	0	0	0	0	1	0
FBGN0037915	0	0	0	0	0	0
FBGN0039560	86	70	89	64	123	103
FBGN0037398	0	0	0	0	0	0
FBGN0039101	3	0	0	0	0	0
FBGN0038974	13	15	21	11	15	18
FBGN0038257	0	0	0	0	0	0
FBGN0267366	0	0	0	0	0	0
FBGN0039007	0	0	0	0	0	0
FBGN0038099	0	0	0	0	0	0
FBGN0024321	16	17	18	5	12	21
FBGN0042693	294	206	362	249	321	340
FBGN0027951	369	291	446	289	342	379
FBGN0017550	231	203	357	200	287	281
FBGN0286516	133	97	196	118	191	197
FBGN0266053	287	210	347	195	292	267
FBGN0261279	215	178	321	176	263	245
FBGN0040251	51	56	122	76	94	87
FBGN0038681	0	1	2	0	0	0
FBGN0260005	3	5	0	0	1	5
FBGN0000659	0	0	0	0	0	0
FBGN0037620	4	3	8	5	11	7
FBGN0038190	0	0	0	0	0	0
FBGN0038966	2	1	6	3	11	7
FBGN0037765	0	0	0	0	0	0
FBGN0037985	0	0	0	0	0	0
FBGN0024330	55	55	64	51	79	95
FBGN0039098	1	2	4	1	5	0
FBGN0037369	63	89	113	73	91	69
FBGN0011224	1234	1018	1979	1136	1589	1570
FBGN0002354	17	11	11	5	14	4
FBGN0041191	52	37	96	54	58	48
FBGN0261987	0	0	1	0	0	5
FBGN0037759	0	0	0	0	0	0
FBGN0038463	35	18	49	24	47	51
FBGN0014022	42	35	48	30	31	29
FBGN0042711	0	0	0	0	0	0
FBGN0040080	115	102	184	117	155	172
FBGN0039452	0	0	0	0	0	0
FBGN0046689	0	0	0	0	0	0
FBGN0039192	0	0	0	0	0	0
FBGN0038529	0	0	0	0	0	0
FBGN0038552	18	11	22	18	30	32
FBGN0039856	0	0	0	0	0	0
FBGN0005674	947	820	1333	774	1051	1059
FBGN0037849	0	0	0	0	0	0
FBGN0264694	160	149	252	109	156	152
FBGN0039024	0	0	0	0	0	0
FBGN0004087	48	47	92	48	67	87
FBGN0067782	0	0	0	0	0	0
FBGN0026239	309	168	325	212	327	297
FBGN0037491	23	11	49	27	27	15
FBGN0037710	29	31	48	22	46	41
FBGN0000477	0	4	3	0	0	0
FBGN0037781	12	9	20	13	13	5
FBGN0262858	0	0	0	0	0	0
FBGN0038107	7	4	10	4	5	4
FBGN0039059	0	0	0	0	0	0
FBGN0038697	0	0	0	0	0	0
FBGN0038539	0	0	0	0	0	0
FBGN0039374	0	0	0	0	0	0
FBGN0267698	132	76	185	127	163	122
FBGN0039066	43	41	68	33	66	47
FBGN0062412	0	0	1	0	0	2
FBGN0027090	402	287	535	324	457	385
FBGN0028717	109	71	110	76	126	113
FBGN0039470	0	9	0	0	0	1
FBGN0003261	1195	1272	2417	1237	1938	2136
FBGN0037843	216	194	314	193	239	210
FBGN0038730	0	0	0	0	0	0
FBGN0037618	0	0	0	0	0	0
FBGN0010282	211	178	287	168	177	194
FBGN0038738	373	328	552	350	527	476
FBGN0003499	62	20	57	31	52	41
FBGN0262839	0	0	0	0	0	0
FBGN0039817	0	0	0	0	0	0
FBGN0039612	0	2	0	0	0	0
FBGN0260779	15	25	25	11	19	17
FBGN0029157	48	51	94	57	105	60
FBGN0020278	99	58	134	80	114	118
FBGN0024288	12	7	13	16	6	9
FBGN0038946	0	0	0	0	0	0
FBGN0083943	0	0	0	0	0	0
FBGN0051053	2	0	1	0	0	0
FBGN0027655	167	87	170	112	184	207
FBGN0039435	0	0	0	0	0	0
FBGN0261015	124	81	153	79	105	87
FBGN0013995	0	1	1	0	0	0
FBGN0002906	55	62	84	44	44	64
FBGN0038039	111	75	130	73	80	93
FBGN0262962	11	21	6	9	3	12
FBGN0038394	0	0	0	0	0	0
FBGN0037992	8	1	5	7	6	1
FBGN0015221	422	320	577	445	620	654
FBGN0038261	0	0	0	0	0	0
FBGN0038720	15	7	17	1	4	11
FBGN0042205	9	7	7	15	26	10
FBGN0028436	27	35	45	40	38	26
FBGN0259821	2	6	0	0	0	0
FBGN0038872	191	155	291	187	235	273
FBGN0039443	0	0	5	0	0	0
FBGN0039131	92	87	123	63	123	92
FBGN0039831	49	36	87	43	75	59
FBGN0038950	33	41	49	20	48	67
FBGN0039565	7	6	6	3	13	3
FBGN0037579	0	0	0	0	0	0
FBGN0001139	472	349	596	368	652	603
FBGN0039434	11	3	11	1	0	0
FBGN0046876	0	1	0	0	0	0
FBGN0037797	0	0	0	0	0	0
FBGN0003268	471	311	520	258	254	249
FBGN0037987	0	0	0	0	0	0
FBGN0039641	13	6	13	4	2	3
FBGN0037462	0	0	0	0	0	0
FBGN0014366	242	240	337	209	320	299
FBGN0051358	0	0	0	0	0	0
FBGN0051075	460	497	873	362	470	523
FBGN0038852	0	0	0	1	0	1
FBGN0085384	18	15	29	27	25	30
FBGN0026317	51	66	126	57	83	74
FBGN0039590	143	129	211	161	243	176
FBGN0038717	0	0	0	0	0	0
FBGN0038461	16	19	15	24	18	23
FBGN0264832	0	0	0	0	0	0
FBGN0027053	199	120	256	119	233	200
FBGN0004889	458	349	615	338	511	517
FBGN0047199	0	0	0	0	0	0
FBGN0261679	18	9	15	10	12	17
FBGN0038745	162	137	214	152	174	186
FBGN0038608	112	65	139	67	103	116
FBGN0266261	0	0	3	0	0	0
FBGN0039288	0	0	0	0	0	0
FBGN0037656	30	37	41	44	29	42
FBGN0037305	82	68	109	58	54	70
FBGN0250755	11	10	15	14	21	30
FBGN0037535	6	4	13	3	10	4
FBGN0038118	158	104	203	135	172	183
FBGN0040466	26	17	41	49	74	48
FBGN0038217	0	0	0	0	0	0
FBGN0038391	1	1	0	0	2	2
FBGN0262003	0	0	0	0	0	0
FBGN0010433	0	2	1	2	3	10
FBGN0037712	0	0	0	0	1	0
FBGN0039678	3	2	10	0	1	1
FBGN0266720	35	29	42	38	48	32
FBGN0011481	322	244	373	230	379	317
FBGN0287844	1	0	1	0	0	0
FBGN0038532	38	19	49	23	32	37
FBGN0039303	104	90	119	98	158	148
FBGN0046875	12	13	4	21	32	35
FBGN0025865	496	309	601	340	472	478
FBGN0028691	569	498	774	435	675	586
FBGN0259736	3	0	6	0	0	0
FBGN0085462	0	0	0	0	0	0
FBGN0039767	69	49	128	76	121	106
FBGN0038576	74	63	91	59	71	97
FBGN0037648	53	57	81	53	89	81
FBGN0261552	57	52	84	45	62	79
FBGN0013759	73	66	102	82	104	86
FBGN0037730	0	1	7	1	0	1
FBGN0037232	35	27	76	34	45	38
FBGN0037310	0	0	0	0	0	0
FBGN0259227	84	72	86	67	100	112
FBGN0038487	0	0	0	0	0	0
FBGN0037709	26	31	67	26	24	32
FBGN0039705	46	25	40	33	37	54
FBGN0038342	0	0	0	0	0	0
FBGN0039509	22	23	20	15	9	16
FBGN0260468	13	26	18	12	24	9
FBGN0037503	83	50	92	55	75	65
FBGN0260230	0	0	0	0	0	0
FBGN0264491	273	183	362	225	339	335
FBGN0265197	0	0	0	0	0	0
FBGN0037976	0	0	0	0	0	0
FBGN0037930	110	120	218	46	62	54
FBGN0083946	0	0	0	0	0	0
FBGN0003339	0	0	1	0	0	0
FBGN0037231	38	29	63	31	68	62
FBGN0039787	0	0	0	0	0	0
FBGN0010438	133	85	179	90	103	179
FBGN0037241	107	58	131	76	124	113
FBGN0038426	24	28	39	13	21	30
FBGN0004882	1	0	0	0	0	0
FBGN0020626	127	75	118	62	113	148
FBGN0037439	215	147	350	159	176	198
FBGN0038165	0	0	0	0	0	0
FBGN0037299	108	57	176	65	72	123
FBGN0051080	0	0	0	0	0	0
FBGN0037657	150	102	119	93	127	125
FBGN0038415	0	0	0	0	0	0
FBGN0039595	0	0	0	0	0	0
FBGN0037370	179	166	287	136	208	183
FBGN0039702	35	16	44	51	30	29
FBGN0039039	0	0	0	0	0	0
FBGN0039408	0	1	0	0	0	0
FBGN0038842	265	167	392	253	361	318
FBGN0038799	0	4	0	0	0	0
FBGN0038198	0	0	0	0	0	4
FBGN0038596	0	0	0	0	0	0
FBGN0054041	0	0	0	0	0	0
FBGN0039308	0	0	0	0	0	0
FBGN0014023	56	50	110	60	79	69
FBGN0038902	0	0	0	0	0	0
FBGN0002719	68	45	71	45	69	56
FBGN0046225	34	26	56	20	57	54
FBGN0010258	1	0	1	2	0	0
FBGN0027584	0	0	0	0	0	0
FBGN0024509	281	216	321	192	319	263
FBGN0044826	144	139	234	136	189	178
FBGN0037659	218	179	318	210	194	248
FBGN0263404	0	0	0	0	0	0
FBGN0038582	24	21	31	15	17	9
FBGN0039860	14	3	22	7	12	20
FBGN0037882	24	31	29	21	18	23
FBGN0261843	18	10	16	14	22	16
FBGN0037766	0	0	0	0	0	0
FBGN0038325	41	27	37	27	36	23
FBGN0037283	0	0	0	0	0	0
FBGN0000454	251	236	386	191	261	267
FBGN0038435	0	0	0	0	1	0
FBGN0039186	210	214	351	237	310	308
FBGN0038361	0	0	0	0	0	0
FBGN0038469	0	0	0	0	0	0
FBGN0051224	142	109	216	142	232	195
FBGN0037570	0	0	0	0	0	0
FBGN0027575	1	0	2	0	0	0
FBGN0037391	41	39	31	38	33	34
FBGN0037466	95	81	121	57	71	86
FBGN0003512	89	77	111	57	100	97
FBGN0051036	0	0	0	0	0	0
FBGN0038986	0	0	0	0	0	0
FBGN0261859	14	6	8	8	25	10
FBGN0037880	15	16	19	13	19	12
FBGN0038072	0	0	0	0	0	0
FBGN0027493	194	162	289	135	189	218
FBGN0010768	42	53	69	44	75	57
FBGN0039852	321	220	444	227	250	240
FBGN0266171	0	0	0	0	0	0
FBGN0037794	36	35	53	35	47	25
FBGN0027083	36	13	24	15	32	40
FBGN0039518	0	0	0	0	0	0
FBGN0051226	0	0	0	0	0	0
FBGN0038090	0	0	0	0	0	0
FBGN0038897	0	0	0	0	0	0
FBGN0038080	108	82	150	59	74	79
FBGN0037796	271	212	261	223	261	296
FBGN0038749	0	0	0	0	0	0
FBGN0047351	0	0	0	0	0	0
FBGN0013277	0	0	0	0	0	0
FBGN0051093	0	0	0	0	0	0
FBGN0037845	0	0	0	0	0	0
FBGN0038832	0	0	0	0	0	1
FBGN0040601	2	0	3	0	0	1
FBGN0051438	0	0	0	0	0	0
FBGN0038708	0	0	0	0	0	0
FBGN0037783	0	0	0	0	0	0
FBGN0285913	89	61	130	45	123	105
FBGN0085321	0	0	0	0	0	0
FBGN0039056	117	72	169	101	149	121
FBGN0037513	0	1	1	0	0	0
FBGN0040524	0	0	0	0	0	3
FBGN0051320	69	51	115	76	73	78
FBGN0038306	176	184	255	113	162	152
FBGN0037473	5	11	23	17	17	16
FBGN0038928	20	16	33	15	23	21
FBGN0039438	0	0	0	0	0	0
FBGN0250732	320	236	333	242	300	290
FBGN0000140	375	301	593	284	419	391
FBGN0039254	11	9	11	8	13	18
FBGN0039237	0	0	0	0	0	0
FBGN0038621	0	0	0	0	0	0
FBGN0004644	142	66	116	99	145	157
FBGN0002645	1400	1290	2065	1335	1640	1510
FBGN0010043	0	0	0	0	0	0
FBGN0250839	25	37	55	31	38	27
FBGN0263143	58	44	60	46	36	28
FBGN0038735	29	40	50	27	35	26
FBGN0051102	0	0	0	0	0	0
FBGN0038097	0	0	0	0	0	0
FBGN0037525	7	2	8	8	3	4
FBGN0017590	0	0	1	0	0	0
FBGN0039198	0	0	0	0	0	0
FBGN0038607	0	0	0	0	0	0
FBGN0053111	79	41	75	23	74	43
FBGN0259992	0	0	0	0	0	0
FBGN0266282	65	45	63	46	51	57
FBGN0019990	79	42	67	49	67	68
FBGN0037936	1	0	2	0	0	2
FBGN0083975	0	0	0	0	0	0
FBGN0038199	0	0	0	0	0	0
FBGN0038307	65	43	99	47	65	40
FBGN0039492	117	56	112	71	94	81
FBGN0037897	12	9	18	4	22	17
FBGN0037811	0	2	0	6	13	4
FBGN0037980	43	31	51	40	37	55
FBGN0038151	98	59	100	56	85	79
FBGN0039829	21	26	29	21	30	29
FBGN0039052	0	0	0	0	0	0
FBGN0039013	26	14	46	16	37	29
FBGN0026737	31	17	40	14	12	19
FBGN0262363	0	0	0	0	0	0
FBGN0085404	0	0	0	0	0	0
FBGN0038135	3	5	6	2	6	3
FBGN0263023	0	0	0	0	0	0
FBGN0266410	131	122	188	94	151	119
FBGN0051087	0	0	0	0	0	1
FBGN0038373	0	0	0	0	0	0
FBGN0085465	0	0	0	3	0	0
FBGN0003060	0	0	0	0	0	0
FBGN0037354	68	37	88	57	96	99
FBGN0027514	75	54	87	61	85	83
FBGN0039849	79	85	177	76	134	149
FBGN0038172	0	1	2	0	0	0
FBGN0037217	0	0	2	0	1	3
FBGN0019952	2	8	1	6	3	5
FBGN0259740	119	131	231	179	148	137
FBGN0038439	0	0	0	0	0	0
FBGN0038645	1	5	0	3	2	539
FBGN0037824	0	0	0	0	0	0
FBGN0051199	0	0	0	0	0	0
FBGN0053658	0	0	0	0	0	0
FBGN0085316	0	0	0	0	0	0
FBGN0039204	25	20	53	18	35	18
FBGN0038631	0	0	0	0	0	0
FBGN0037584	0	0	0	0	0	0
FBGN0263346	195	102	183	103	179	122
FBGN0040256	1	1	0	0	0	0
FBGN0038638	131	97	203	117	197	204
FBGN0016917	456	396	611	441	632	521
FBGN0038519	192	182	326	152	233	197
FBGN0000247	84	53	122	41	53	56
FBGN0038665	0	0	0	0	0	0
FBGN0038207	0	0	0	0	0	0
FBGN0037885	1	3	16	6	10	2
FBGN0051007	0	0	0	0	0	0
FBGN0020912	0	0	0	0	0	0
FBGN0037846	9	8	14	14	17	10
FBGN0266174	0	0	0	0	0	0
FBGN0051419	0	0	0	0	0	0
FBGN0039882	37	27	37	22	44	33
FBGN0085306	0	0	0	0	0	0
FBGN0261839	9	1	7	9	6	5
FBGN0037360	325	241	467	268	396	409
FBGN0051473	0	0	0	0	0	0
FBGN0263396	1362	1249	2140	920	1336	1316
FBGN0003598	284	237	307	242	357	411
FBGN0037543	72	58	84	37	62	65
FBGN0038008	0	0	0	0	0	0
FBGN0287209	1030	961	1566	864	1145	1124
FBGN0038398	0	0	0	0	0	0
FBGN0037544	11	3	15	1	9	12
FBGN0265082	240	171	261	204	274	287
FBGN0051010	0	0	0	0	0	0
FBGN0266268	156	137	185	110	129	116
FBGN0046685	56	33	81	71	76	89
FBGN0039774	32	24	38	51	88	66
FBGN0038772	30	25	44	24	33	38
FBGN0085310	0	0	0	0	0	0
FBGN0002431	965	722	1267	738	1002	920
FBGN0053784	0	0	0	0	0	0
FBGN0038076	0	0	0	0	0	4
FBGN0028688	682	555	964	544	801	718
FBGN0026257	7	12	23	18	24	15
FBGN0263755	47	32	75	39	61	52
FBGN0039323	0	4	1	1	0	0
FBGN0037301	135	118	199	133	175	178
FBGN0039145	43	26	40	26	28	18
FBGN0051164	0	0	0	0	0	0
FBGN0038277	4	1	4	1	0	0
FBGN0037958	122	82	143	80	109	99
FBGN0039828	118	104	219	87	130	111
FBGN0037282	25	25	34	19	35	46
FBGN0250821	0	0	0	0	0	0
FBGN0039580	167	161	219	170	250	276
FBGN0038980	0	0	0	0	0	0
FBGN0262125	608	484	837	486	759	698
FBGN0265199	0	0	0	0	0	0
FBGN0037578	54	68	76	54	53	54
FBGN0038281	0	0	0	0	0	0
FBGN0037330	101	74	131	66	94	101
FBGN0003483	7	12	31	18	38	19
FBGN0038145	1177	1043	1585	743	1142	1208
FBGN0037627	0	0	0	0	0	0
FBGN0053095	18	12	31	18	17	18
FBGN0053325	0	0	0	0	0	0
FBGN0039196	0	0	0	0	0	0
FBGN0085336	0	0	0	0	0	0
FBGN0051267	0	0	0	0	0	0
FBGN0038590	30	36	67	17	53	44
FBGN0039311	0	0	0	0	0	0
FBGN0051251	27	25	38	42	38	37
FBGN0039453	0	0	0	0	0	8
FBGN0250908	0	0	0	0	0	0
FBGN0085320	0	0	2	6	2	0
FBGN0039489	2	2	11	6	3	7
FBGN0040606	0	0	0	0	0	0
FBGN0039159	41	43	55	24	27	32
FBGN0039519	0	0	0	0	0	0
FBGN0002783	1051	867	1470	871	1307	1292
FBGN0261792	74	79	121	68	133	123
FBGN0038195	65	61	113	62	75	85
FBGN0053346	0	1	0	0	0	0
FBGN0026597	59	34	80	34	84	50
FBGN0038570	190	154	304	138	206	196
FBGN0038658	0	0	0	0	0	0
FBGN0260793	0	0	0	0	0	0
FBGN0004666	0	0	0	0	0	0
FBGN0264751	14	11	17	6	26	13
FBGN0039302	2044	1586	2467	1581	1978	2132
FBGN0037327	169	126	235	137	173	222
FBGN0038262	0	0	0	0	0	0
FBGN0037943	92	85	162	75	97	100
FBGN0002592	40	25	66	47	64	53
FBGN0063261	0	0	0	0	0	0
FBGN0039758	1	2	0	0	4	2
FBGN0051424	0	0	0	0	0	0
FBGN0261508	0	0	0	0	0	0
FBGN0266717	647	525	834	517	720	666
FBGN0010401	4	2	0	3	0	0
FBGN0039252	135	97	181	102	155	149
FBGN0028646	74	39	112	65	124	106
FBGN0039734	0	0	0	0	0	0
FBGN0038363	17	7	23	16	12	17
FBGN0039504	0	0	1	0	1	0
FBGN0002921	1941	1563	2650	2086	2882	2822
FBGN0038221	1	1	0	0	0	0
FBGN0038944	0	0	0	0	0	1
FBGN0020235	555	407	849	399	711	639
FBGN0261986	83	69	104	79	91	101
FBGN0037940	0	0	0	0	0	0
FBGN0028992	187	156	311	171	184	197
FBGN0039623	62	50	74	41	71	68
FBGN0000083	892	812	1420	659	909	869
FBGN0039827	11	9	34	17	7	2
FBGN0039844	778	603	998	681	1008	771
FBGN0013279	0	0	0	0	0	6
FBGN0039682	3	17	15	0	1	3
FBGN0037831	36	20	36	18	42	39
FBGN0038209	0	0	0	0	0	0
FBGN0037683	0	1	2	0	0	0
FBGN0051089	0	0	0	0	0	0
FBGN0038773	0	0	0	0	0	0
FBGN0040255	0	0	0	0	0	0
FBGN0038612	0	0	0	0	0	0
FBGN0051041	0	0	0	0	0	0
FBGN0042094	22	43	46	28	16	38
FBGN0037638	90	79	153	76	98	127
FBGN0039632	149	116	195	112	133	150
FBGN0038448	0	0	0	0	0	0
FBGN0261436	77	69	119	109	96	89
FBGN0038234	34	19	73	36	32	47
FBGN0005777	160	166	241	155	196	204
FBGN0038301	33	22	41	23	41	30
FBGN0259704	112	112	155	89	95	127
FBGN0039155	215	182	269	181	310	318
FBGN0037603	5	5	8	0	11	6
FBGN0085315	0	0	0	0	0	0
FBGN0037611	4	5	13	3	4	3
FBGN0005642	102	97	137	94	116	129
FBGN0037446	169	88	170	117	148	150
FBGN0039306	134	133	196	133	149	161
FBGN0051445	0	0	0	0	0	0
FBGN0038083	0	0	1	0	0	4
FBGN0266259	0	0	0	0	0	0
FBGN0042101	0	0	0	0	0	0
FBGN0015008	0	0	0	0	0	0
FBGN0062442	154	152	318	131	240	221
FBGN0041588	52	63	114	52	91	81
FBGN0037910	0	0	0	0	0	0
FBGN0039235	0	0	0	0	0	0
FBGN0010774	384	358	700	304	486	505
FBGN0037594	0	0	0	0	0	0
FBGN0011336	1001	829	1308	845	1289	1163
FBGN0052944	0	0	0	0	0	0
FBGN0040553	0	0	0	0	0	0
FBGN0262364	0	0	0	0	0	0
FBGN0039325	0	0	0	0	0	0
FBGN0039111	6	9	12	3	5	4
FBGN0037252	129	93	180	122	185	169
FBGN0038387	11	15	15	19	5	17
FBGN0039310	0	0	0	0	0	0
FBGN0038180	275	214	372	318	419	330
FBGN0039300	483	434	907	241	501	432
FBGN0039344	0	0	0	0	0	0
FBGN0038191	0	1	3	0	4	6
FBGN0038074	0	0	2	0	0	1
FBGN0266599	9261	7463	13324	5979	8092	10030
FBGN0039850	0	0	0	0	0	0
FBGN0023097	214	178	350	210	295	291
FBGN0040078	425	339	605	369	422	431
FBGN0038523	1	7	8	0	0	2
FBGN0037762	0	0	0	0	0	0
FBGN0038455	4	3	10	2	9	2
FBGN0039429	0	0	0	0	0	0
FBGN0029176	2540	2071	4093	1484	2710	2485
FBGN0261618	848	633	1135	619	1047	1064
FBGN0038344	185	127	187	133	161	179
FBGN0260645	0	0	0	0	0	0
FBGN0038416	0	1	0	0	0	0
FBGN0261019	3	14	6	2	4	11
FBGN0002869	0	0	0	0	0	0
FBGN0038652	75	67	120	58	70	102
FBGN0011766	162	93	233	150	280	234
FBGN0039886	6	3	5	4	2	9
FBGN0037412	0	0	0	0	0	0
FBGN0262983	0	0	0	0	0	0
FBGN0039867	101	54	175	56	97	95
FBGN0039738	2	1	2	6	2	3
FBGN0039552	0	0	0	0	0	0
FBGN0051345	0	0	0	0	0	0
FBGN0051217	117	117	193	119	175	175
FBGN0038366	2	4	5	3	2	5
FBGN0037435	25	19	42	28	44	35
FBGN0020496	1198	855	1448	914	1368	1314
FBGN0019957	219	145	366	172	245	257
FBGN0265140	119	102	180	127	159	162
FBGN0037653	57	53	81	38	66	79
FBGN0039405	2	1	1	5	5	4
FBGN0037667	48	38	124	45	59	58
FBGN0064126	98	80	158	87	114	85
FBGN0266674	100	102	154	116	140	127
FBGN0011217	509	572	898	425	815	615
FBGN0020299	133	104	216	98	151	116
FBGN0037802	9	5	17	12	7	4
FBGN0039305	110	79	158	101	88	98
FBGN0037294	0	0	0	0	0	0
FBGN0067629	30	22	29	24	38	30
FBGN0013343	85	69	81	43	84	79
FBGN0051108	23	17	21	16	27	19
FBGN0037581	33	32	33	11	15	18
FBGN0038268	5	3	5	5	3	8
FBGN0039883	1	1	0	4	6	0
FBGN0038739	51	46	90	34	45	50
FBGN0038790	0	0	0	0	0	0
FBGN0038508	0	0	0	0	0	0
FBGN0039413	0	0	0	0	0	0
FBGN0051460	82	74	96	71	100	81
FBGN0038747	90	52	88	66	99	98
FBGN0011740	218	167	250	223	263	282
FBGN0262477	0	0	0	0	0	0
FBGN0037339	28	23	54	45	57	29
FBGN0039461	0	0	1	0	1	2
FBGN0039028	0	0	0	0	0	0
FBGN0038494	0	1	0	6	8	10
FBGN0017448	0	0	0	0	0	0
FBGN0039651	0	0	1	0	3	1
FBGN0037816	13	10	30	26	22	23
FBGN0085312	0	0	0	0	0	0
FBGN0038507	0	0	0	0	0	0
FBGN0040531	0	0	0	0	0	0
FBGN0037672	0	0	0	0	0	0
FBGN0038551	94	81	146	73	86	127
FBGN0264005	0	0	0	0	1	0
FBGN0026565	0	0	0	0	0	0
FBGN0037989	1	1	4	2	13	7
FBGN0003015	0	0	0	0	1	0
FBGN0266442	0	0	0	0	0	0
FBGN0037996	0	0	0	0	0	0
FBGN0039358	126	77	144	86	145	129
FBGN0003721	569	500	831	498	596	520
FBGN0045980	0	0	0	0	0	0
FBGN0038846	0	0	0	0	0	0
FBGN0038854	104	91	109	84	96	70
FBGN0259139	1147	1007	1508	859	990	1133
FBGN0040528	0	0	0	0	0	1
FBGN0039779	0	0	0	0	0	0
FBGN0039472	0	0	0	0	0	0
FBGN0085412	307	169	357	174	294	273
FBGN0051230	0	0	0	0	0	0
FBGN0053202	0	0	0	0	0	0
FBGN0038642	0	0	0	0	1	0
FBGN0039463	0	0	0	0	0	0
FBGN0038685	0	0	0	0	0	0
FBGN0039821	2	0	0	0	0	2
FBGN0038247	2	0	1	1	0	2
FBGN0004103	676	567	1050	514	833	861
FBGN0038149	797	720	1223	648	1146	909
FBGN0027563	0	0	0	0	0	0
FBGN0039357	7	4	17	4	12	4
FBGN0037956	405	343	525	369	511	576
FBGN0261061	0	0	0	0	0	0
FBGN0028475	146	131	237	153	243	192
FBGN0038646	0	3	5	13	4	715
FBGN0051099	0	0	0	0	0	0
FBGN0043884	1780	1183	2075	1298	1889	1769
FBGN0010340	32	45	63	27	44	22
FBGN0264075	265	206	314	203	339	287
FBGN0259938	47	47	62	45	51	61
FBGN0264426	0	0	0	0	0	0
FBGN0259193	0	0	0	0	0	0
FBGN0038816	38	33	51	43	58	30
FBGN0019925	196	197	284	219	316	219
FBGN0037714	0	0	0	0	0	0
FBGN0038837	0	0	0	0	0	0
FBGN0085337	0	0	0	0	0	0
FBGN0085454	0	0	0	0	0	0
FBGN0265266	0	1	2	0	2	0
FBGN0038929	0	0	0	0	0	0
FBGN0038233	7	16	20	15	19	17
FBGN0037550	74	77	132	66	92	99
FBGN0261841	0	0	4	0	1	1
FBGN0051025	0	0	0	0	0	0
FBGN0051225	0	0	0	0	0	0
FBGN0039566	446	371	719	359	570	644
FBGN0022943	72	56	109	56	86	109
FBGN0262081	144	99	188	98	169	152
FBGN0037610	6	4	22	11	10	18
FBGN0265274	2188	1798	3043	1999	2636	2345
FBGN0067783	2	4	6	0	9	2
FBGN0051233	0	0	0	0	0	0
FBGN0013275	0	0	0	0	0	0
FBGN0037213	397	302	596	324	539	485
FBGN0037616	0	0	0	0	0	0
FBGN0038533	70	63	96	66	99	80
FBGN0037418	0	0	0	0	0	0
FBGN0264991	0	0	0	0	0	0
FBGN0015737	688	464	877	473	798	691
FBGN0038148	0	0	0	0	0	0
FBGN0037901	16	17	36	24	35	18
FBGN0267690	4	0	1	0	0	0
FBGN0037837	0	0	1	0	0	0
FBGN0039341	136	112	177	118	182	170
FBGN0037986	0	0	0	0	0	0
FBGN0267104	0	0	0	0	0	0
FBGN0037250	43	41	68	46	80	65
FBGN0039197	0	0	0	0	0	0
FBGN0038566	0	0	0	0	0	0
FBGN0051481	0	0	0	0	0	0
FBGN0037817	1	5	3	0	0	5
FBGN0266464	183	162	299	165	229	221
FBGN0038424	56	52	100	52	62	51
FBGN0051229	26	13	30	28	40	34
FBGN0038691	0	0	0	0	0	0
FBGN0039069	0	0	0	0	2	0
FBGN0037829	0	0	0	0	0	0
FBGN0016120	490	413	669	494	590	617
FBGN0005596	71	44	83	54	95	97
FBGN0038179	14	24	28	28	41	22
FBGN0262540	0	0	0	0	0	0
FBGN0040071	282	229	327	277	420	401
FBGN0038423	0	0	0	0	0	0
FBGN0045862	179	168	208	146	199	200
FBGN0051259	0	0	0	0	0	0
FBGN0038251	70	69	127	60	96	119
FBGN0038797	0	0	0	0	0	0
FBGN0053483	0	0	0	0	0	0
FBGN0039140	91	69	141	78	94	119
FBGN0038428	28	29	61	29	38	29
FBGN0037770	405	378	541	334	450	509
FBGN0259194	0	0	0	0	0	0
FBGN0085417	4	4	5	4	5	15
FBGN0083991	0	0	0	0	0	0
FBGN0003093	21	11	14	8	13	16
FBGN0045866	229	244	426	221	323	257
FBGN0028468	55	39	54	57	46	67
FBGN0037908	0	0	0	0	0	0
FBGN0039754	45	32	56	35	50	52
FBGN0038919	62	51	101	37	54	79
FBGN0038105	0	0	0	0	0	0
FBGN0003479	43	37	68	57	41	38
FBGN0051371	0	0	0	0	0	0
FBGN0038244	67	69	94	80	83	77
FBGN0037249	1733	1418	2470	1333	1719	1779
FBGN0039041	0	0	0	0	0	0
FBGN0038084	0	0	0	0	0	0
FBGN0024957	357	286	564	356	457	444
FBGN0286741	0	0	0	0	0	0
FBGN0026620	381	349	593	399	456	417
FBGN0051213	0	0	0	0	0	0
FBGN0085431	0	0	0	0	0	0
FBGN0263995	8	2	1	7	3	2
FBGN0011290	11	17	29	12	30	20
FBGN0037521	0	0	0	0	0	0
FBGN0037347	31	28	34	32	26	30
FBGN0022359	0	7	6	3	6	5
FBGN0265189	67	56	76	75	85	120
FBGN0053108	14	12	22	7	23	4
FBGN0038013	111	99	141	44	105	98
FBGN0051091	0	0	0	0	0	0
FBGN0264495	157	91	248	142	248	181
FBGN0038558	0	0	0	0	0	0
FBGN0014342	24	15	49	24	26	23
FBGN0086686	124	121	197	147	200	170
FBGN0003357	0	0	0	0	1	0
FBGN0039508	58	50	105	40	72	63
FBGN0016119	150	146	291	158	172	208
FBGN0263403	0	0	0	0	0	0
FBGN0264903	0	0	0	0	0	0
FBGN0039645	0	0	0	0	0	0
FBGN0039209	30	19	48	33	43	40
FBGN0016691	386	314	682	311	374	383
FBGN0038550	0	0	0	0	0	0
FBGN0053293	0	0	0	0	0	0
FBGN0038767	44	37	46	33	48	57
FBGN0039739	0	0	0	0	0	0
FBGN0039349	38	58	77	48	44	62
FBGN0038414	0	0	0	0	0	0
FBGN0004629	3	4	6	7	1	13
FBGN0011582	0	0	0	0	0	0
FBGN0037562	0	0	0	0	0	0
FBGN0042110	0	0	0	0	0	0
FBGN0039681	0	0	0	0	1	0
FBGN0038705	0	0	0	0	0	0
FBGN0051211	116	52	133	51	104	84
FBGN0038690	0	0	0	0	0	0
FBGN0040529	197	197	390	192	304	310
FBGN0039027	0	0	0	0	0	0
FBGN0285937	348	324	482	335	425	343
FBGN0039656	0	0	0	0	0	0
FBGN0014380	8	17	20	7	16	13
FBGN0037664	40	65	71	87	142	93
FBGN0004436	102	91	141	91	139	80
FBGN0001149	1986	1495	2766	1648	2416	2395
FBGN0037635	0	3	1	0	1	0
FBGN0004554	2	11	13	1	1	5
FBGN0038851	0	0	0	0	0	0
FBGN0039172	369	379	604	404	702	641
FBGN0000416	1472	1363	2021	1442	1963	1896
FBGN0003330	130	82	149	85	115	99
FBGN0004782	0	0	0	0	0	0
FBGN0037502	0	0	0	0	0	0
FBGN0038134	0	0	0	0	0	0
FBGN0283536	92	85	165	58	91	67
FBGN0038285	0	0	0	0	0	0
FBGN0038871	14	6	20	6	13	9
FBGN0037780	79	70	96	62	70	83
FBGN0038516	1	0	0	1	1	1
FBGN0038509	2	0	0	0	0	1
FBGN0037534	0	4	2	2	7	0
FBGN0039451	37	38	51	47	48	66
FBGN0039770	0	0	0	0	0	0
FBGN0263740	699	578	928	420	691	639
FBGN0001138	197	118	243	128	255	206
FBGN0261929	0	0	0	0	0	0
FBGN0039684	0	0	0	0	0	0
FBGN0039280	42	17	26	21	25	23
FBGN0051410	0	0	0	2	0	0
FBGN0003257	245	202	363	174	227	227
FBGN0001169	149	78	196	103	165	138
FBGN0038993	0	0	0	0	0	0
FBGN0038054	0	0	0	0	0	0
FBGN0053192	1	0	0	0	0	0
FBGN0037721	63	100	181	84	172	104
FBGN0086361	205	157	218	110	171	191
FBGN0037779	29	24	40	31	33	61
FBGN0260743	51	45	48	32	53	50
FBGN0002941	0	0	0	0	0	0
FBGN0037742	14	4	23	8	10	3
FBGN0037997	0	0	0	0	0	0
FBGN0025821	0	0	0	0	0	0
FBGN0051038	65	53	77	51	79	67
FBGN0039689	11	11	7	5	17	10
FBGN0039554	123	79	129	81	143	127
FBGN0039250	384	332	565	336	402	381
FBGN0037592	27	17	35	18	42	47
FBGN0028997	30	16	21	23	16	22
FBGN0011666	204	170	306	156	308	256
FBGN0037500	0	0	0	0	0	0
FBGN0284081	0	0	0	0	0	0
FBGN0262975	338	235	361	268	364	339
FBGN0262167	128	81	129	64	95	101
FBGN0000064	334	285	607	283	519	394
FBGN0038163	0	0	0	0	0	0
FBGN0039149	13	15	14	18	3	17
FBGN0027109	0	0	0	0	0	0
FBGN0038425	23	9	17	2	8	9
FBGN0038482	0	0	0	0	0	0
FBGN0250832	0	0	0	0	0	0
FBGN0037643	371	303	565	387	470	513
FBGN0267236	0	0	0	0	0	0
FBGN0038140	0	0	0	0	0	0
FBGN0061476	104	90	127	98	128	117
FBGN0038122	0	0	0	0	0	0
FBGN0029170	5	4	6	7	12	7
FBGN0003450	0	0	0	0	0	0
FBGN0039596	0	0	0	0	0	0
FBGN0038490	7	0	1	4	2	3
FBGN0039106	0	0	0	0	0	0
FBGN0039335	34	35	53	38	55	39
FBGN0038879	0	0	0	0	0	0
FBGN0037336	105	75	128	97	139	125
FBGN0003651	18	15	36	22	26	32
FBGN0037690	0	0	0	0	0	0
FBGN0038106	43	35	71	40	64	53
FBGN0001321	202	144	254	160	181	185
FBGN0037225	0	0	0	0	0	0
FBGN0038082	0	0	0	0	0	0
FBGN0005355	92	110	154	68	130	144
FBGN0000150	2590	2167	4574	1728	2770	2619
FBGN0037577	0	0	0	0	0	0
FBGN0038866	2	0	0	0	0	1
FBGN0038429	41	34	35	25	55	59
FBGN0038981	68	87	96	70	113	95
FBGN0262144	0	0	0	0	0	0
FBGN0038654	0	0	0	0	0	0
FBGN0039789	0	0	0	0	0	7
FBGN0039589	59	49	82	37	46	53
FBGN0039591	0	0	0	0	0	0
FBGN0039718	0	0	0	0	0	0
FBGN0038241	0	0	0	0	0	0
FBGN0038018	0	0	0	0	0	0
FBGN0038715	0	0	0	0	0	0
FBGN0039478	0	0	0	0	0	0
FBGN0004117	10	2	31	6	2	0
FBGN0028708	33	38	59	45	53	58
FBGN0046222	88	93	183	109	146	149
FBGN0039637	20	21	38	31	55	40
FBGN0283477	673	608	1010	640	704	675
FBGN0039370	0	0	0	0	0	0
FBGN0038126	62	56	51	42	61	60
FBGN0265101	55	59	67	50	43	43
FBGN0015019	1221	963	1903	881	1310	1274
FBGN0051068	0	0	0	0	0	0
FBGN0037218	144	137	182	152	157	170
FBGN0011670	0	0	0	0	0	0
FBGN0000527	0	0	0	0	0	0
FBGN0037613	8	11	20	9	18	10
FBGN0027608	0	1	1	1	1	4
FBGN0051477	10	1	6	6	7	2
FBGN0267431	0	0	0	0	0	0
FBGN0039563	92	75	140	90	99	104
FBGN0261046	0	0	0	0	0	0
FBGN0263398	37	40	70	31	44	34
FBGN0046885	0	0	0	0	0	0
FBGN0004577	10	2	17	3	7	6
FBGN0003308	2	5	6	0	5	5
FBGN0038818	0	0	0	0	0	0
FBGN0039736	0	0	0	0	0	0
FBGN0037531	12	11	22	16	20	19
FBGN0266405	0	1	0	0	0	0
FBGN0013949	0	5	0	4	0	0
FBGN0044809	0	0	0	0	0	0
FBGN0262614	1271	837	1439	950	1316	1293
FBGN0051115	0	0	0	0	0	0
FBGN0260962	629	607	910	481	737	699
FBGN0037606	8	11	21	12	15	12
FBGN0038976	175	110	271	149	154	174
FBGN0037517	0	0	0	0	0	0
FBGN0051326	0	0	0	0	0	0
FBGN0039309	0	0	0	0	0	0
FBGN0021750	58	35	59	43	49	63
FBGN0002862	0	0	0	0	0	0
FBGN0260399	74	65	69	54	72	69
FBGN0261994	0	0	0	0	0	0
FBGN0039677	0	0	0	0	0	0
FBGN0037387	0	1	0	0	0	0
FBGN0038313	36	24	55	30	38	55
FBGN0039369	0	0	0	0	0	0
FBGN0037238	0	0	0	0	0	0
FBGN0025808	16	20	37	18	30	23
FBGN0260759	17	4	10	6	7	2
FBGN0039115	38	27	44	19	23	27
FBGN0037737	55	50	74	51	44	38
FBGN0037350	8	3	4	5	2	2
FBGN0037515	1	14	8	9	8	5
FBGN0037340	69	39	85	32	43	49
FBGN0038849	0	0	0	0	1	0
FBGN0261932	0	0	0	0	0	0
FBGN0001112	34	29	43	32	31	23
FBGN0039875	134	105	163	136	183	197
FBGN0037365	0	0	0	0	0	0
FBGN0039811	0	0	0	0	0	0
FBGN0053213	12	23	14	10	14	12
FBGN0037962	0	0	0	0	1	0
FBGN0003429	1	0	0	0	0	0
FBGN0011725	289	229	296	242	275	300
FBGN0263399	0	0	0	0	0	0
FBGN0051121	183	144	308	185	333	305
FBGN0062411	0	0	0	0	0	0
FBGN0051354	3	0	0	0	0	8
FBGN0264816	53	66	110	79	62	62
FBGN0037758	72	54	107	94	98	99
FBGN0037916	0	0	0	0	0	0
FBGN0038055	31	31	48	51	39	23
FBGN0026598	113	107	178	122	132	144
FBGN0262808	0	0	0	0	0	0
FBGN0038546	59	76	111	59	71	90
FBGN0011745	376	291	540	278	354	337
FBGN0037406	0	0	0	0	1	0
FBGN0039034	0	0	0	0	0	0
FBGN0004369	324	279	416	293	396	368
FBGN0039598	0	0	0	0	0	0
FBGN0266581	423	307	530	283	375	425
FBGN0261393	0	0	0	0	0	2
FBGN0085345	0	0	0	0	0	0
FBGN0039161	0	0	5	2	9	1
FBGN0000591	9	7	19	15	39	27
FBGN0039494	14	13	17	46	84	81
FBGN0260794	854	480	889	649	970	734
FBGN0039031	0	7	0	3	0	0
FBGN0014141	1088	564	1136	590	862	791
FBGN0262562	4	0	5	2	3	1
FBGN0003275	149	100	209	105	114	142
FBGN0270925	0	0	0	0	0	0
FBGN0083974	0	0	0	0	0	0
FBGN0260237	4	6	8	4	8	0
FBGN0026063	2	0	0	1	0	0
FBGN0038158	0	0	0	0	0	0
FBGN0013347	134	138	205	134	144	117
FBGN0051269	0	0	0	0	0	0
FBGN0037844	2	0	5	1	0	0
FBGN0040271	189	125	239	186	179	171
FBGN0039495	0	0	0	0	0	0
FBGN0038124	0	0	0	0	0	0
FBGN0039431	77	50	76	43	69	54
FBGN0025571	398	264	429	268	354	439
FBGN0037554	47	26	64	40	50	56
FBGN0037284	0	0	0	0	0	0
FBGN0022787	94	95	159	86	115	111
FBGN0038795	0	0	0	0	0	0
FBGN0015011	2	4	1	1	2	3
FBGN0042111	40	33	39	20	48	44
FBGN0003129	0	2	0	0	0	1
FBGN0038511	87	75	133	103	139	106
FBGN0037536	41	54	56	42	51	63
FBGN0037931	31	8	26	15	23	32
FBGN0038855	54	63	80	34	43	66
FBGN0039359	1592	1561	2529	969	1426	1165
FBGN0000564	0	0	0	0	0	0
FBGN0026441	51	29	94	41	95	52
FBGN0038237	0	0	0	0	0	0
FBGN0037514	0	0	0	0	0	0
FBGN0038033	0	0	0	0	0	0
FBGN0039319	0	0	0	0	0	0
FBGN0039395	0	0	0	0	0	0
FBGN0265351	19	27	44	29	27	42
FBGN0262576	0	0	0	0	0	0
FBGN0085311	0	3	10	5	5	518
FBGN0004174	0	0	0	0	0	0
FBGN0039291	22	13	28	33	25	5
FBGN0051021	0	0	0	0	0	0
FBGN0037583	86	81	123	103	91	90
FBGN0051441	7	9	7	5	7	1
FBGN0051374	0	1	2	2	2	0
FBGN0039102	0	1	3	0	6	1
FBGN0039638	79	92	135	98	103	111
FBGN0025802	80	58	88	74	96	92
FBGN0037344	678	329	646	397	565	522
FBGN0053193	47	40	56	26	51	43
FBGN0037751	0	0	0	0	0	0
FBGN0026562	125	124	160	114	153	126
FBGN0039703	0	0	0	0	0	0
FBGN0038348	0	1	1	0	0	0
FBGN0010808	83	80	135	49	66	63
FBGN0038942	0	0	0	0	0	0
FBGN0264741	0	0	0	0	0	0
FBGN0039219	156	123	250	103	173	141
FBGN0037850	0	0	0	0	0	0
FBGN0039008	0	0	0	0	0	0
FBGN0037468	245	223	350	220	260	261
FBGN0037420	0	3	2	0	0	0
FBGN0250753	1123	1059	1822	1000	1101	1259
FBGN0015831	0	1	0	0	1	0
FBGN0039719	0	0	0	0	0	0
FBGN0259685	1213	913	1559	802	957	1070
FBGN0003249	0	0	0	0	0	0
FBGN0000139	114	118	155	105	102	94
FBGN0017567	58	65	147	42	78	67
FBGN0261285	8	10	18	8	12	7
FBGN0037230	0	0	0	0	0	0
FBGN0045468	0	0	0	0	0	0
FBGN0003513	48	18	37	25	45	46
FBGN0053927	0	0	0	0	0	0
FBGN0024944	0	0	0	0	0	0
FBGN0037707	202	146	335	148	249	248
FBGN0267106	0	0	0	0	0	0
FBGN0038395	0	0	0	0	1	0
FBGN0287598	1	4	0	0	0	0
FBGN0038001	0	0	0	0	0	0
FBGN0037671	279	212	336	181	424	311
FBGN0039665	75	43	109	68	139	73
FBGN0039006	39	21	48	42	61	66
FBGN0037228	2	2	5	2	0	0
FBGN0038709	0	0	0	0	0	0
FBGN0010328	1184	1028	1432	921	1238	1401
FBGN0038746	86	85	106	45	76	53
FBGN0037717	0	1	0	0	0	0
FBGN0038983	29	15	33	36	72	55
FBGN0044812	0	0	2	0	0	0
FBGN0038020	49	35	49	46	33	37
FBGN0037836	0	0	0	0	0	0
FBGN0086365	84	61	140	81	116	149
FBGN0016672	6	4	6	4	6	3
FBGN0004387	92	56	111	81	133	131
FBGN0024491	159	131	257	152	172	178
FBGN0037537	406	462	641	370	441	457
FBGN0261532	64	59	98	73	73	74
FBGN0010040	0	1	0	0	0	0
FBGN0037323	31	33	44	18	27	28
FBGN0262112	2	12	7	2	3	1
FBGN0039474	1	20	1	0	0	0
FBGN0004587	1104	945	1643	893	1321	1380
FBGN0038051	0	0	0	0	0	0
FBGN0038396	66	54	68	54	50	39
FBGN0000279	0	0	0	0	0	0
FBGN0038918	0	0	0	0	0	0
FBGN0039350	152	105	144	77	155	111
FBGN0261502	0	0	0	0	0	0
FBGN0002633	19	9	9	15	13	23
FBGN0041102	0	0	0	0	0	0
FBGN0051324	0	0	0	0	1	0
FBGN0250757	1	0	0	0	0	0
FBGN0020249	67	56	127	47	87	75
FBGN0039321	0	0	0	0	0	0
FBGN0039804	54	48	77	36	63	40
FBGN0003205	167	166	280	137	201	197
FBGN0002413	254	195	402	220	386	355
FBGN0085309	0	0	0	0	0	0
FBGN0038011	0	0	0	1	0	0
FBGN0038194	0	2	0	0	0	0
FBGN0261238	228	145	250	149	309	249
FBGN0086605	111	86	179	86	115	109
FBGN0037430	0	0	0	0	0	0
FBGN0039659	0	0	0	0	0	0
FBGN0037384	29	22	59	21	41	22
FBGN0038419	1	0	0	0	0	1
FBGN0038975	0	0	0	0	0	0
FBGN0038000	1	0	0	0	0	0
FBGN0037815	121	64	152	60	93	111
FBGN0038927	127	105	198	98	181	123
FBGN0284234	0	0	0	0	0	0
FBGN0038318	83	64	104	74	114	131
FBGN0039679	0	0	0	0	0	0
FBGN0051380	0	0	0	0	0	0
FBGN0037486	0	0	0	0	0	0
FBGN0039588	24	15	30	19	29	36
FBGN0085433	18	15	38	15	55	28
FBGN0038876	12	6	21	9	9	7
FBGN0038144	0	0	0	1	0	0
FBGN0024909	57	63	77	52	64	77
FBGN0038451	0	0	0	0	0	0
FBGN0037778	27	20	55	26	41	32
FBGN0038901	0	0	0	0	0	0
FBGN0267651	0	0	0	0	0	0
FBGN0004778	0	0	0	0	0	0
FBGN0015229	39	31	57	31	73	49
FBGN0051501	0	0	0	0	0	0
FBGN0027873	140	115	162	138	137	141
FBGN0283499	180	105	179	157	190	152
FBGN0038512	0	0	0	0	0	0
FBGN0027617	56	49	77	44	57	68
FBGN0085325	2	47	4	0	1	14
FBGN0039887	0	0	0	0	0	0
FBGN0038704	151	98	179	109	133	109
FBGN0039498	0	0	0	0	0	0
FBGN0002838	0	0	0	0	0	0
FBGN0259991	4	8	12	3	6	0
FBGN0037520	0	0	0	0	0	0
FBGN0038888	0	0	0	0	0	0
FBGN0286852	0	0	0	0	0	0
FBGN0041707	0	0	0	0	0	2
FBGN0000500	0	0	0	0	0	0
FBGN0038045	0	0	0	0	0	0
FBGN0039271	15	34	30	12	24	28
FBGN0039117	170	151	235	153	166	150
FBGN0038506	0	0	0	0	0	0
FBGN0263048	5	1	1	0	0	5
FBGN0004171	0	0	0	0	0	0
FBGN0038957	3	2	2	0	1	0
FBGN0053098	0	0	0	0	0	0
FBGN0038350	2	0	0	0	2	5
FBGN0017581	463	389	546	450	641	696
FBGN0039557	79	88	100	70	64	73
FBGN0024958	206	181	285	153	197	192
FBGN0039872	0	0	0	0	0	0
FBGN0002632	2	11	13	2	3	8
FBGN0039428	0	0	0	0	0	0
FBGN0266455	0	0	0	0	0	0
FBGN0039130	298	189	375	221	320	270
FBGN0037388	0	0	0	0	0	0
FBGN0051253	0	0	0	0	0	0
FBGN0261984	98	68	102	92	124	88
FBGN0051469	1	1	0	2	0	0
FBGN0038761	2	1	0	0	0	1
FBGN0039048	0	0	0	0	0	0
FBGN0265146	0	0	2	0	0	0
FBGN0043791	0	0	0	0	0	0
FBGN0260642	47	34	67	34	66	48
FBGN0038365	27	12	33	24	34	32
FBGN0038029	0	0	0	0	0	0
FBGN0002626	1675	1408	2591	898	1528	1440
FBGN0267430	0	0	0	0	0	0
FBGN0264490	0	0	0	0	0	0
FBGN0037374	18	23	61	32	20	21
FBGN0266534	2	0	1	0	0	0
FBGN0037988	0	0	0	0	0	0
FBGN0028690	862	803	1284	629	845	756
FBGN0051055	0	0	0	0	0	0
FBGN0038420	13	12	15	6	7	4
FBGN0051467	0	0	0	0	0	0
FBGN0250746	761	560	1074	557	796	772
FBGN0263390	0	0	0	0	0	0
FBGN0015574	0	0	0	0	0	0
FBGN0046114	41	38	70	23	41	44
FBGN0039299	1	0	13	0	3	0
FBGN0260464	28	23	31	23	32	39
FBGN0051104	0	0	0	0	0	0
FBGN0261395	0	0	0	0	0	0
FBGN0039241	219	321	418	245	349	419
FBGN0053977	40	41	58	42	65	35
FBGN0040582	0	0	0	0	0	0
FBGN0051126	16	24	41	20	21	20
FBGN0039386	0	0	0	0	0	0
FBGN0038087	0	0	0	0	0	0
FBGN0002781	531	452	734	431	678	633
FBGN0001098	655	601	1006	576	992	974
FBGN0038672	15	20	37	13	13	8
FBGN0260224	50	21	53	26	29	20
FBGN0038814	0	0	0	0	0	0
FBGN0004509	111	97	153	109	164	170
FBGN0038256	19	20	17	14	19	10
FBGN0286976	0	0	0	0	0	0
FBGN0038070	4	3	2	0	1	0
FBGN0037624	1074	995	1428	856	1115	1183
FBGN0004862	0	0	0	0	0	0
FBGN0038260	0	0	1	1	4	3
FBGN0017456	0	0	0	0	0	0
FBGN0038701	0	0	0	0	0	0
FBGN0037551	46	53	95	54	102	80
FBGN0037906	0	0	0	0	0	0
FBGN0037240	1632	1313	2189	1605	2039	1939
FBGN0053094	131	97	179	106	174	164
FBGN0037944	40	22	48	16	53	26
FBGN0002733	47	118	145	77	113	136
FBGN0039801	0	0	2	2	0	0
FBGN0052473	348	257	548	276	467	511
FBGN0260742	393	291	403	283	371	377
FBGN0038271	417	374	585	344	516	519
FBGN0020493	107	89	152	103	198	154
FBGN0053208	167	120	210	170	221	184
FBGN0039201	0	0	0	0	0	0
FBGN0039070	0	0	0	0	0	0
FBGN0039077	0	0	0	0	0	0
FBGN0037530	290	270	455	240	380	401
FBGN0263974	3	0	13	1	2	4
FBGN0051446	0	0	0	0	0	0
FBGN0039633	156	78	170	136	233	197
FBGN0051128	0	0	0	0	0	0
FBGN0260760	4	1	10	3	5	6
FBGN0037832	0	0	0	0	0	0
FBGN0260860	27	40	23	20	24	30
FBGN0038609	123	120	199	85	103	113
FBGN0039669	0	0	0	0	0	0
FBGN0038859	0	0	0	0	0	0
FBGN0038742	118	109	177	107	187	160
FBGN0039315	0	0	0	0	0	0
FBGN0038327	131	101	193	99	91	99
FBGN0261479	86	53	90	33	68	48
FBGN0013334	49	51	100	83	80	71
FBGN0028670	194	147	246	195	235	266
FBGN0027570	238	148	345	247	395	353
FBGN0266745	0	0	0	0	1	0
FBGN0263351	196	209	346	199	219	257
FBGN0040212	17	7	24	12	23	21
FBGN0039184	0	0	0	0	0	0
FBGN0003137	2085	1660	2867	1605	2551	2075
FBGN0261356	0	0	0	0	2	0
FBGN0046878	0	0	0	0	0	0
FBGN0037741	65	47	99	59	82	84
FBGN0038475	24	17	37	16	20	8
FBGN0051219	0	0	0	0	0	0
FBGN0038312	5	15	18	9	13	11
FBGN0038549	15	18	11	10	15	6
FBGN0011672	46	41	70	63	93	84
FBGN0038204	0	0	0	0	0	0
FBGN0039537	247	241	390	275	452	460
FBGN0283439	0	0	0	0	0	0
FBGN0039485	0	0	0	0	0	0
FBGN0039876	33	15	29	20	23	22
FBGN0038870	328	260	410	254	375	335
FBGN0038390	74	62	102	79	93	108
FBGN0010379	273	242	385	265	306	304
FBGN0266451	2	3	9	2	2	0
FBGN0085332	0	0	0	0	0	0
FBGN0037477	0	0	0	0	0	0
FBGN0038716	0	5	0	0	0	0
FBGN0038833	0	0	0	0	0	0
FBGN0039685	88	732	1033	265	68	70
FBGN0039109	0	1	0	0	0	0
FBGN0039029	0	0	0	0	0	0
FBGN0037416	1	0	1	0	0	0
FBGN0039751	24	27	26	6	17	17
FBGN0265276	223	180	297	203	332	274
FBGN0051040	48	52	118	76	73	87
FBGN0263022	0	0	0	0	0	0
FBGN0039301	107	92	172	62	137	118
FBGN0261065	176	129	205	143	190	182
FBGN0287587	0	0	0	0	0	0
FBGN0260766	0	0	2	3	1	0
FBGN0039561	53	47	66	39	59	40
FBGN0039104	0	0	0	0	0	0
FBGN0038679	166	152	232	135	163	207
FBGN0038445	0	0	0	0	0	0
FBGN0047114	32	30	61	22	26	23
FBGN0038449	0	0	0	0	0	0
FBGN0039129	1	0	2	2	2	2
FBGN0038809	110	102	157	110	189	146
FBGN0011476	5	7	23	9	6	6
FBGN0261817	0	0	0	0	0	0
FBGN0027610	1	6	2	0	4	2
FBGN0037345	2	7	7	0	8	4
FBGN0039851	113	107	193	110	159	180
FBGN0010355	274	247	340	337	413	350
FBGN0051548	47	45	74	32	53	50
FBGN0260487	0	0	0	0	0	0
FBGN0262717	155	123	198	134	153	175
FBGN0287588	0	0	0	0	0	0
FBGN0051510	78	72	143	63	90	103
FBGN0037722	8	15	17	13	22	17
FBGN0037328	888	881	1597	545	845	756
FBGN0037565	0	0	0	0	0	0
FBGN0037698	0	0	1	0	0	0
FBGN0260467	24	19	32	16	36	23
FBGN0085461	0	0	0	0	0	0
FBGN0041188	608	477	876	500	770	785
FBGN0037315	39	26	42	39	31	44
FBGN0040283	392	246	423	292	307	319
FBGN0259974	0	0	0	0	0	0
FBGN0040682	0	0	1	0	1	0
FBGN0085383	0	1	0	0	0	0
FBGN0038291	0	0	2	2	0	0
FBGN0038828	0	0	0	0	0	0
FBGN0040206	178	150	249	145	183	173
FBGN0038452	0	0	0	0	0	0
FBGN0284232	0	0	0	0	0	0
FBGN0004908	56	33	106	23	50	48
FBGN0051151	155	100	178	109	188	171
FBGN0037222	2	5	6	0	1	2
FBGN0004876	115	83	166	104	101	148
FBGN0038292	0	0	0	0	0	2
FBGN0038343	0	0	0	0	0	0
FBGN0039091	0	0	0	0	0	0
FBGN0051516	0	0	0	0	0	0
FBGN0001296	5	1	1	0	0	0
FBGN0286507	0	0	0	0	0	0
FBGN0039816	0	0	0	0	0	0
FBGN0038819	0	0	0	0	0	0
FBGN0086253	199	145	303	145	184	172
FBGN0039464	24	19	33	8	9	20
FBGN0038640	83	36	72	54	62	65
FBGN0039178	0	4	8	3	3	3
FBGN0243512	37	57	47	43	75	80
FBGN0041105	0	0	0	0	0	0
FBGN0039019	163	116	252	158	174	181
FBGN0039170	0	3	4	7	0	1
FBGN0039017	40	43	39	18	18	10
FBGN0051538	1	0	3	0	1	2
FBGN0037878	191	191	314	181	256	198
FBGN0037465	143	91	139	85	115	116
FBGN0038371	20	14	25	14	19	6
FBGN0039726	63	61	136	54	68	88
FBGN0039833	0	0	0	0	0	0
FBGN0037372	131	115	212	137	159	173
FBGN0051249	51	27	57	35	57	76
FBGN0005649	359	342	681	344	489	487
FBGN0027338	879	702	1258	670	1104	959
FBGN0011020	97	87	140	86	127	133
FBGN0039420	0	0	0	0	0	0
FBGN0045443	0	0	0	0	0	0
FBGN0038619	25	20	29	10	21	23
FBGN0266418	111	53	136	87	135	121
FBGN0002622	1576	1506	2360	1831	2503	2795
FBGN0259990	26	18	26	15	15	15
FBGN0004842	0	0	0	0	0	0
FBGN0011225	1087	685	1330	707	1155	1101
FBGN0261837	73	58	88	77	93	91
FBGN0037239	30	29	58	24	70	44
FBGN0026400	93	99	132	36	113	68
FBGN0260634	72	73	87	71	122	114
FBGN0038437	20	20	26	22	14	44
FBGN0051205	0	0	0	0	0	0
FBGN0014879	554	644	794	489	501	538
FBGN0038484	0	0	0	0	0	0
FBGN0051016	0	0	0	0	0	0
FBGN0086917	0	0	0	0	0	0
FBGN0003002	42	16	35	47	63	49
FBGN0037429	0	0	0	0	0	0
FBGN0038973	0	0	0	0	0	0
FBGN0037678	1	0	0	0	0	0
FBGN0000032	51	32	78	78	107	89
FBGN0038071	255	265	421	287	378	385
FBGN0038326	76	73	134	101	133	138
FBGN0028396	11	36	61	17	4	9
FBGN0003482	1	4	7	7	1	5
FBGN0003889	0	0	6	0	1	4
FBGN0250831	0	0	0	0	0	0
FBGN0028968	574	437	750	506	791	683
FBGN0038309	0	0	0	0	0	0
FBGN0038252	0	0	0	0	0	0
FBGN0262024	0	0	0	0	0	0
FBGN0038723	164	124	241	143	180	152
FBGN0038766	13	10	40	7	7	14
FBGN0261380	78	67	133	78	102	99
FBGN0051525	0	0	0	0	0	0
FBGN0037855	62	49	77	46	59	57
FBGN0004780	1	0	0	0	0	0
FBGN0261649	116	89	117	72	124	96
FBGN0000278	0	0	0	0	0	0
FBGN0039859	13	9	21	3	15	8
FBGN0051231	0	0	0	0	0	2
FBGN0039530	0	3	0	0	0	0
FBGN0051431	0	0	0	0	0	0
FBGN0038706	0	0	0	0	0	0
FBGN0038146	268	216	317	164	198	249
FBGN0037743	15	16	17	18	31	42
FBGN0263863	106	107	190	92	145	118
FBGN0024558	69	87	117	52	106	75
FBGN0083949	1	0	0	0	0	0
FBGN0005696	78	58	110	77	77	101
FBGN0039520	0	0	0	0	0	0
FBGN0011774	30	37	57	25	52	32
FBGN0037633	67	50	95	42	55	66
FBGN0027578	0	17	12	2	2	1
FBGN0039469	0	0	0	0	0	0
FBGN0015795	231	157	335	208	227	278
FBGN0039020	21	24	37	14	24	17
FBGN0058198	0	0	0	0	0	0
FBGN0039430	3	0	2	12	7	16
FBGN0260942	10	3	8	6	6	16
FBGN0038880	0	0	0	0	0	0
FBGN0013812	3	1	3	2	3	6
FBGN0039068	6	12	15	6	20	17
FBGN0038774	0	0	5	0	1	0
FBGN0051064	41	40	47	32	60	43
FBGN0000723	237	166	274	201	265	262
FBGN0263979	759	655	1067	603	811	884
FBGN0263738	20	15	19	14	16	26
FBGN0039585	0	0	0	0	0	0
FBGN0259222	0	0	2	1	0	0
FBGN0039226	8	12	9	1	13	17
FBGN0261434	0	0	0	0	0	0
FBGN0003334	68	85	150	96	146	103
FBGN0039297	1	0	0	0	0	2
FBGN0039688	138	112	183	141	168	158
FBGN0038332	24	18	30	21	19	34
FBGN0085405	38	28	51	33	34	13
FBGN0038568	0	0	0	0	0	0
FBGN0039444	0	0	0	0	0	0
FBGN0285911	99	75	129	82	83	105
FBGN0038454	17	22	69	27	44	27
FBGN0038984	105	103	177	119	172	167
FBGN0038839	0	0	0	0	0	0
FBGN0041186	112	92	102	104	105	69
FBGN0051139	0	0	0	0	1	0
FBGN0011273	0	0	0	0	0	0
FBGN0038273	14	14	16	9	2	5
FBGN0038183	153	107	190	122	102	152
FBGN0042213	29	10	18	15	20	17
FBGN0039038	0	0	0	0	0	0
FBGN0037736	1	0	0	0	0	0
FBGN0051146	12	7	6	9	4	4
FBGN0039482	1	0	8	0	2	3
FBGN0039051	0	3	0	0	0	0
FBGN0027494	0	0	3	0	0	1
FBGN0037960	150	119	158	113	168	159
FBGN0039440	0	0	0	0	0	0
FBGN0037464	0	0	0	0	0	0
FBGN0039486	0	0	0	0	0	4
FBGN0038630	0	0	0	0	0	0
FBGN0263621	0	0	0	0	0	0
FBGN0038381	94	68	138	61	144	130
FBGN0039244	140	153	224	139	272	245
FBGN0086359	45	34	57	43	50	45
FBGN0026576	17	8	25	11	24	22
FBGN0037634	32	18	39	34	49	36
FBGN0263025	20	13	23	3	7	8
FBGN0038653	0	0	0	0	0	0
FBGN0037421	0	0	0	0	0	0
FBGN0024326	88	98	135	65	95	117
FBGN0010403	0	0	0	0	0	0
FBGN0039628	0	0	0	0	0	0
FBGN0037561	52	52	67	38	60	55
FBGN0003227	67	38	90	39	48	76
FBGN0038610	294	313	484	309	628	469
FBGN0037571	0	0	0	0	0	0
FBGN0041711	42	28	53	23	20	36
FBGN0039597	0	0	0	0	0	0
FBGN0038189	0	0	0	0	0	0
FBGN0037576	0	0	0	0	0	0
FBGN0010039	117	147	195	79	102	115
FBGN0037533	884	831	1419	952	1391	1260
FBGN0037801	0	23	30	10	2	0
FBGN0266539	9	1	14	12	5	15
FBGN0037379	90	34	84	59	94	80
FBGN0038376	82	65	82	74	122	99
FBGN0019936	645	482	817	513	725	805
FBGN0266917	296	233	473	299	389	344
FBGN0038763	14	10	16	14	16	16
FBGN0026314	0	0	0	3	0	0
FBGN0039294	4	1	2	4	3	4
FBGN0053547	0	0	0	0	0	0
FBGN0038853	58	40	74	52	77	86
FBGN0037999	8	12	29	21	29	20
FBGN0261714	0	0	0	0	0	0
FBGN0038808	51	52	133	59	66	66
FBGN0037877	15	18	25	29	13	25
FBGN0261680	0	0	0	0	0	0
FBGN0038673	51	50	65	54	55	60
FBGN0261575	1	0	0	0	2	0
FBGN0001215	896	825	1319	743	917	1003
FBGN0051281	0	0	0	0	0	0
FBGN0027378	139	106	206	106	142	134
FBGN0003720	0	0	0	0	0	0
FBGN0051439	1	2	11	58	12	2367
FBGN0000147	93	64	119	71	101	81
FBGN0039112	98	96	161	87	100	113
FBGN0039629	0	0	0	0	0	5
FBGN0017577	458	353	608	356	482	530
FBGN0037469	6	9	14	15	11	9
FBGN0003870	407	253	529	292	466	455
FBGN0265201	0	0	0	0	0	0
FBGN0037431	0	0	0	0	0	0
FBGN0039086	0	0	0	0	0	0
FBGN0051014	0	0	0	0	0	0
FBGN0010877	114	81	153	79	97	128
FBGN0038315	0	0	0	0	0	0
FBGN0039501	1	0	0	0	1	0
FBGN0262899	0	0	0	0	0	0
FBGN0000063	36	46	61	42	49	42
FBGN0020647	68	67	119	69	111	86
FBGN0051436	1	0	1	0	0	4
FBGN0053093	0	2	0	0	0	0
FBGN0038272	86	100	120	96	116	126
FBGN0038225	0	0	0	0	0	0
FBGN0038218	0	0	0	0	0	0
FBGN0024329	219	186	356	165	268	228
FBGN0002962	0	2	1	0	0	0
FBGN0000303	0	0	0	0	0	0
FBGN0027841	149	118	266	114	196	184
FBGN0039329	13	8	13	17	14	26
FBGN0039260	90	63	136	60	79	94
FBGN0039249	4	0	6	1	7	2
FBGN0051414	1	6	3	2	12	1
FBGN0051176	3	9	3	6	6	9
FBGN0262538	0	0	0	0	0	0
FBGN0003011	0	0	0	0	0	0
FBGN0039564	0	0	0	0	1	0
FBGN0037899	172	186	326	139	191	235
FBGN0038063	0	0	0	0	0	0
FBGN0037993	0	0	0	0	0	0
FBGN0038806	33	41	96	22	52	46
FBGN0024841	35	47	83	27	51	40
FBGN0015589	125	68	131	83	142	128
FBGN0053099	1	9	2	8	12	22
FBGN0039471	0	0	1	0	0	0
FBGN0027598	106	86	126	110	130	146
FBGN0083963	0	0	0	0	0	0
FBGN0286828	44	47	103	52	64	68
FBGN0051549	150	91	158	55	56	58
FBGN0039427	31	36	69	33	32	32
FBGN0004652	150	112	130	73	131	165
FBGN0039836	1	15	11	7	11	12
FBGN0039676	0	0	0	0	0	0
FBGN0067628	12	7	13	15	18	35
FBGN0039611	0	1	1	0	2	1
FBGN0038750	0	0	0	0	0	1
FBGN0026207	257	219	414	245	351	305
FBGN0041225	0	0	0	0	0	0
FBGN0039551	0	0	0	0	0	0
FBGN0038115	12	33	60	34	50	34
FBGN0051343	0	0	0	0	0	0
FBGN0039710	132	94	153	94	137	110
FBGN0261262	0	0	0	0	0	0
FBGN0028471	75	60	98	74	87	92
FBGN0028984	466	406	669	445	756	730
FBGN0263750	1	0	0	0	0	0
FBGN0039132	50	37	76	33	53	60
FBGN0243586	0	0	0	0	0	0
FBGN0037409	7	4	4	4	7	10
FBGN0038593	48	47	69	50	62	55
FBGN0014931	0	0	2	0	0	0
FBGN0037405	0	0	0	0	0	0
FBGN0086687	724	484	890	554	804	764
FBGN0039332	0	0	0	0	0	0
FBGN0005659	6	1	17	2	9	5
FBGN0014863	2	0	11	0	0	0
FBGN0038579	0	0	0	0	0	0
FBGN0038280	0	0	0	0	0	0
FBGN0051546	0	0	0	0	0	0
FBGN0037317	43	26	59	33	44	39
FBGN0037924	130	72	166	105	131	123
FBGN0013278	0	0	0	0	0	0
FBGN0000206	0	0	0	0	0	0
FBGN0051524	0	0	0	0	0	0
FBGN0038300	75	75	88	81	88	73
FBGN0027524	123	115	189	120	168	144
FBGN0010041	0	0	0	0	0	0
FBGN0038213	0	0	0	0	0	0
FBGN0015765	5	5	12	11	15	8
FBGN0086371	98	107	190	78	98	100
FBGN0039228	0	0	0	0	0	0
FBGN0011289	129	122	157	94	134	125
FBGN0037724	1	9	7	4	0	0
FBGN0270927	94	65	101	116	117	117
FBGN0039049	85	80	114	78	101	79
FBGN0037385	0	0	0	0	0	0
FBGN0038930	0	0	0	0	0	0
FBGN0037255	271	221	404	204	343	299
FBGN0004237	1302	1247	2219	1083	1533	1431
FBGN0051472	83	72	149	90	123	88
FBGN0038626	0	0	0	0	0	0
FBGN0039124	0	0	0	0	0	0
FBGN0051216	11	15	22	3	13	9
FBGN0037573	340	358	465	322	481	462
FBGN0037556	74	57	68	43	68	55
FBGN0037574	2	11	6	21	7	7
FBGN0002578	0	0	0	2	0	147
FBGN0051030	3	0	0	0	0	0
FBGN0261641	541	410	490	335	466	403
FBGN0262871	81	94	127	72	123	86
FBGN0038168	75	70	104	64	101	85
FBGN0039759	3	4	24	3	3	4
FBGN0039654	127	102	175	77	152	156
FBGN0262613	0	0	0	0	0	0
FBGN0039532	37	25	41	24	28	27
FBGN0027518	19	22	30	31	56	34
FBGN0037750	0	0	0	0	0	0
FBGN0010772	49	38	78	40	95	47
FBGN0038945	0	0	0	0	0	0
FBGN0024833	105	127	173	74	139	112
FBGN0037922	17	17	32	16	31	38
FBGN0025680	0	0	0	0	0	0
FBGN0037539	25	19	43	20	22	21
FBGN0266719	89	72	101	86	81	99
FBGN0039277	0	0	0	0	1	0
FBGN0039421	0	0	0	0	0	0
FBGN0266177	0	0	0	0	0	0
FBGN0043455	51	39	37	55	68	63
FBGN0003567	344	232	406	265	372	306
FBGN0261291	0	0	0	0	0	0
FBGN0039674	56	36	65	34	43	44
FBGN0038915	0	0	0	0	0	0
FBGN0039818	0	0	0	0	0	4
FBGN0038286	134	79	165	86	150	142
FBGN0263597	0	0	0	0	0	0
FBGN0010113	789	547	892	635	945	960
FBGN0037298	91	86	168	61	98	78
FBGN0051220	0	0	0	0	0	0
FBGN0040687	0	0	0	0	0	0
FBGN0039163	153	164	224	92	175	155
FBGN0260741	19	15	25	14	21	16
FBGN0026059	182	101	196	114	180	170
FBGN0051300	0	0	0	0	0	0
FBGN0051406	0	0	0	0	0	0
FBGN0045843	0	0	0	0	0	0
FBGN0051459	0	0	0	0	0	0
FBGN0051368	316	228	472	237	318	393
FBGN0266673	141	107	188	130	168	136
FBGN0010313	66	38	84	45	111	71
FBGN0262587	5	3	3	2	4	0
FBGN0038355	0	0	0	0	0	0
FBGN0037460	0	0	0	0	0	0
FBGN0085307	0	0	0	0	0	0
FBGN0039182	338	263	496	266	278	341
FBGN0038339	4	0	14	3	4	0
FBGN0040257	1	0	0	0	0	0
FBGN0039378	0	0	0	0	0	0
FBGN0051370	0	0	1	1	0	0
FBGN0083950	0	0	0	0	0	0
FBGN0011668	0	0	0	0	0	0
FBGN0265083	10	14	10	2	6	5
FBGN0038108	297	263	433	276	459	423
FBGN0037827	0	0	0	0	0	0
FBGN0015622	542	427	687	434	825	769
FBGN0037662	0	0	0	0	0	0
FBGN0037879	0	0	0	0	0	0
FBGN0038857	86	56	99	81	54	60
FBGN0051388	10	13	18	2	11	1
FBGN0038100	48	54	51	37	46	45
FBGN0039175	260	245	408	233	294	298
FBGN0039120	683	625	867	570	814	796
FBGN0262023	0	0	0	0	1	0
FBGN0039722	0	0	0	0	0	0
FBGN0266443	0	0	0	0	0	0
FBGN0013767	0	0	0	0	0	0
FBGN0038401	3	5	3	3	5	10
FBGN0086695	19	25	35	20	35	38
FBGN0037760	324	186	410	246	362	339
FBGN0262541	0	0	0	0	0	0
FBGN0038274	157	93	235	142	162	179
FBGN0003510	2	0	0	0	0	0
FBGN0004573	0	0	0	0	0	0
FBGN0001180	0	1	0	0	2	1
FBGN0038206	56	53	85	40	76	51
FBGN0010222	93	81	146	59	88	107
FBGN0027583	25	37	31	30	46	61
FBGN0266721	1	0	2	0	0	0
FBGN0038744	0	0	1	0	1	1
FBGN0011474	167	163	260	165	235	221
FBGN0038917	9	6	5	5	10	7
FBGN0038239	0	0	2	0	0	0
FBGN0083967	21	8	29	5	23	23
FBGN0039830	1063	904	1694	724	1114	1004
FBGN0039404	62	77	94	32	55	61
FBGN0040588	0	0	0	0	0	0
FBGN0039125	192	133	290	230	288	232
FBGN0038632	53	41	79	32	35	53
FBGN0267648	0	0	0	0	0	0
FBGN0086372	206	215	275	208	257	253
FBGN0043069	1	0	0	0	0	0
FBGN0028684	495	498	798	352	594	546
FBGN0051207	0	2	0	0	0	0
FBGN0066101	78	56	108	68	106	133
FBGN0283535	174	172	292	127	178	154
FBGN0037261	199	159	361	124	203	212
FBGN0039576	0	0	0	0	0	0
FBGN0039190	0	0	0	0	0	0
FBGN0284226	1	2	3	1	3	8
FBGN0000071	495	385	737	516	655	598
FBGN0037632	1657	1353	2470	1306	1778	1803
FBGN0039630	0	1	2	2	4	2
FBGN0037498	0	0	0	0	0	0
FBGN0039126	16	23	27	8	22	24
FBGN0039092	0	0	1	0	0	0
FBGN0038474	83	77	116	50	55	50
FBGN0022338	67	53	93	90	107	105
FBGN0286977	0	0	0	0	0	0
FBGN0039707	0	0	0	0	0	0
FBGN0038170	0	0	1	0	0	0
FBGN0037860	0	0	0	0	0	0
FBGN0039666	0	0	0	0	0	0
FBGN0260990	51	41	69	50	98	69
FBGN0052855	0	0	1	0	0	0
FBGN0001230	23	9	26	17	13	194
FBGN0039296	30	22	30	21	39	16
FBGN0285938	0	0	0	0	0	0
FBGN0039022	0	0	0	10	0	0
FBGN0086134	384	354	574	282	452	460
FBGN0038005	0	0	0	0	0	0
FBGN0039711	40	28	33	26	14	30
FBGN0085330	0	0	0	0	0	0
FBGN0028671	172	157	290	179	206	232
FBGN0051323	0	0	0	0	0	0
FBGN0039839	0	0	0	0	0	0
FBGN0037652	211	172	323	126	218	182
FBGN0085438	1	1	2	0	0	0
FBGN0037763	0	0	0	0	0	0
FBGN0264829	0	0	0	0	0	0
FBGN0082831	191	125	217	129	221	193
FBGN0037646	0	0	3	1	2	0
FBGN0037622	79	95	98	91	54	84
FBGN0038700	0	0	0	0	0	0
FBGN0038585	182	163	262	114	167	177
FBGN0038453	125	95	176	85	132	151
FBGN0040259	129	121	201	195	190	164
FBGN0039136	40	49	57	35	66	54
FBGN0263041	0	0	0	0	0	0
FBGN0266756	506	314	633	309	412	416
FBGN0038965	53	53	96	52	94	49
FBGN0051515	0	0	0	0	0	0
FBGN0038666	106	82	148	91	201	147
FBGN0039735	346	362	431	260	263	233
FBGN0038319	72	49	81	47	46	62
FBGN0039873	0	0	0	0	0	0
FBGN0038125	0	0	0	0	0	0
FBGN0039639	17	9	18	19	14	13
FBGN0266465	136	114	181	93	166	133
FBGN0037619	2	5	4	2	6	5
FBGN0039783	0	0	0	0	0	0
FBGN0038564	38	15	40	15	23	30
FBGN0038056	14	5	14	4	5	4
FBGN0015571	9	7	5	12	9	9
FBGN0039454	0	0	0	0	0	7
FBGN0037312	125	63	163	79	113	130
FBGN0038682	10	15	19	7	20	13
FBGN0039079	0	0	0	0	0	0
FBGN0039683	0	0	2	0	0	0
FBGN0038181	0	0	1	0	2	0
FBGN0042207	0	0	0	0	0	0
FBGN0039648	0	0	1	0	0	0
FBGN0037341	15	12	35	10	22	13
FBGN0026417	27	34	44	28	31	34
FBGN0039205	8	5	14	6	7	9
FBGN0000166	0	0	0	0	0	0
FBGN0000576	181	122	205	115	176	152
FBGN0037777	8	10	24	8	17	8
FBGN0037470	227	204	323	193	212	267
FBGN0039568	0	0	0	0	0	0
FBGN0010421	94	81	169	74	102	110
FBGN0003375	17	111	33	9	1	4
FBGN0037888	0	0	0	0	0	0
FBGN0039258	24	19	48	31	53	24
FBGN0038889	37	36	48	32	26	18
FBGN0038304	45	35	73	27	61	57
FBGN0086472	906	896	1653	552	832	712
FBGN0037295	7	0	0	0	2	0
FBGN0039141	15	16	49	27	32	30
FBGN0037875	49	61	109	67	149	99
FBGN0262537	0	0	0	0	0	0
FBGN0086608	8	4	0	8	7	7
FBGN0038007	0	0	0	0	0	0
FBGN0012344	0	0	0	0	0	0
FBGN0038296	14	12	20	11	16	8
FBGN0039199	0	0	0	0	0	0
FBGN0039487	14	20	24	6	35	16
FBGN0037422	0	0	0	0	0	0
FBGN0051559	7	2	12	7	10	11
FBGN0038157	0	0	0	0	0	0
FBGN0038680	0	1	2	0	0	3
FBGN0038647	0	0	0	0	0	0
FBGN0039642	143	94	173	73	84	94
FBGN0267650	0	0	0	0	0	0
FBGN0053110	0	0	0	0	2	0
FBGN0039799	0	0	0	0	0	0
FBGN0263316	5	8	6	7	9	14
FBGN0037630	3	2	5	4	1	1
FBGN0040684	0	0	0	0	0	0
FBGN0015520	47	41	123	58	70	79
FBGN0038548	7	12	12	5	9	4
FBGN0015270	59	39	58	52	55	78
FBGN0039760	0	0	0	0	0	7
FBGN0039640	0	0	1	2	2	0
FBGN0038536	160	105	197	98	185	205
FBGN0003248	0	0	0	0	0	0
FBGN0038266	0	0	0	0	0	0
FBGN0039667	0	0	0	0	0	0
FBGN0262873	0	0	0	0	0	0
FBGN0015778	1543	1189	2034	1023	1699	1861
FBGN0038073	0	0	0	0	0	0
FBGN0038133	0	0	0	0	0	0
FBGN0000094	0	0	0	0	0	0
FBGN0260969	0	0	0	0	0	0
FBGN0003312	0	4	3	2	0	5
FBGN0038827	189	134	244	124	158	174
FBGN0039156	54	36	72	55	61	45
FBGN0038755	28	19	41	29	38	40
FBGN0037979	65	56	82	49	50	86
FBGN0038049	164	119	220	109	136	144
FBGN0038258	0	0	0	0	0	0
FBGN0038860	20	21	22	14	22	24
FBGN0015591	0	1	1	0	0	0
FBGN0039743	318	248	379	231	293	351
FBGN0037661	24	15	26	9	8	9
FBGN0051423	0	0	0	0	0	0
FBGN0039617	0	0	0	0	0	0
FBGN0000014	0	1	3	5	1	2
FBGN0040532	1	10	8	1	4	0
FBGN0038294	0	0	8	1	0	1
FBGN0000276	0	0	0	0	0	0
FBGN0086378	138	140	244	130	141	144
FBGN0051245	0	0	0	0	0	0
FBGN0040600	0	0	0	0	0	1
FBGN0039033	0	0	0	0	0	0
FBGN0038334	0	0	0	0	0	0
FBGN0004855	104	109	166	65	118	124
FBGN0039274	85	70	124	54	106	90
FBGN0039246	0	0	0	0	0	0
FBGN0038065	79	105	108	65	130	75
FBGN0265317	0	0	0	0	0	0
FBGN0038353	6	5	1	4	5	27
FBGN0261988	67	63	160	44	133	117
FBGN0015576	0	2	2	0	0	0
FBGN0037660	87	87	100	66	66	91
FBGN0010750	166	125	206	112	169	152
FBGN0267376	24	17	42	7	30	12
FBGN0039403	46	56	50	30	38	40
FBGN0037540	17	28	38	29	23	48
FBGN0053494	0	1	0	0	0	1
FBGN0037428	0	0	0	0	0	0
FBGN0051183	0	0	0	0	0	0
FBGN0015513	147	99	218	199	179	232
FBGN0005585	5407	5282	7335	5566	7470	7683
FBGN0085334	5	4	8	6	3	7
FBGN0038009	9	6	14	3	5	2
FBGN0037591	0	0	0	0	0	0
FBGN0265998	201	174	226	178	265	250
FBGN0262527	210	150	316	179	249	264
FBGN0038567	0	0	0	0	0	0
FBGN0039088	0	0	0	0	0	0
FBGN0038092	0	0	0	0	0	0
FBGN0039053	0	0	0	0	0	0
FBGN0037413	0	0	0	0	0	0
FBGN0038617	14	10	20	1	26	20
FBGN0004575	0	0	0	0	0	0
FBGN0008646	30	29	36	13	41	17
FBGN0261704	0	0	0	0	0	0
FBGN0039167	0	1	0	1	4	4
FBGN0039229	675	546	867	448	621	714
FBGN0037244	72	42	71	36	46	56
FBGN0037935	0	2	0	0	0	0
FBGN0037263	2	3	8	1	0	2
FBGN0262869	0	0	0	0	0	0
FBGN0261995	33	27	45	20	31	31
FBGN0040565	3	10	4	0	0	0
FBGN0259731	0	1	0	2	0	1
FBGN0037359	98	74	122	42	80	92
FBGN0037443	55	55	90	55	78	85
FBGN0038727	18	13	15	11	14	10
FBGN0051547	0	0	2	0	0	1
FBGN0039877	166	152	291	212	248	248
FBGN0069242	17	34	50	30	28	23
FBGN0004783	0	0	1	0	0	0
FBGN0037716	33	32	63	47	43	34
FBGN0263117	0	0	0	0	0	0
FBGN0039768	0	0	0	0	0	0
FBGN0039696	78	51	106	59	70	87
FBGN0039673	0	0	0	0	0	0
FBGN0038166	35	34	51	18	49	29
FBGN0051391	0	0	0	0	0	0
FBGN0038926	0	0	0	0	0	0
FBGN0263236	248	289	435	294	459	332
FBGN0039379	144	82	188	105	131	163
FBGN0263047	11	5	9	9	3	13
FBGN0010926	164	175	327	169	220	259
FBGN0038201	0	0	0	0	0	0
FBGN0039782	0	0	0	0	0	0
FBGN0038109	0	0	0	0	0	0
FBGN0266722	14	9	30	13	17	22
FBGN0037356	23	10	13	10	22	33
FBGN0039152	0	0	0	3	0	0
FBGN0039857	2642	1949	3851	1510	2472	2537
FBGN0039529	0	1	0	1	1	0
FBGN0260466	0	0	0	0	0	0
FBGN0037696	58	50	74	64	49	61
FBGN0038153	0	0	0	0	0	0
FBGN0038527	0	0	0	0	0	0
FBGN0038143	0	0	0	1	0	0
FBGN0064912	0	0	0	0	0	0
FBGN0051344	19	17	12	15	21	22
FBGN0038531	0	0	0	0	0	0
FBGN0038197	51	49	72	48	85	90
FBGN0039203	0	0	0	0	2	0
FBGN0285925	664	574	816	666	902	760
FBGN0037686	1318	951	1982	678	992	1005
FBGN0039820	0	0	0	0	0	0
FBGN0025879	22	9	12	3	8	6
FBGN0039757	2144	1512	3142	1090	1736	1626
FBGN0040571	0	0	0	0	0	0
FBGN0259721	11	18	19	9	11	1
FBGN0038838	0	0	0	0	0	0
FBGN0053631	0	0	0	0	0	0
FBGN0011282	0	0	0	0	0	0
FBGN0039528	67	48	90	59	89	78
FBGN0038524	13	7	18	5	12	9
FBGN0051118	0	0	0	0	0	0
FBGN0038418	48	28	64	39	51	36
FBGN0039476	0	0	0	1	0	0
FBGN0040575	20	9	23	9	14	2
FBGN0051131	0	0	0	0	0	0
FBGN0039183	283	287	449	233	366	298
FBGN0265271	0	0	0	0	0	0
FBGN0039796	0	0	0	0	0	0
FBGN0038733	0	0	0	0	0	0
FBGN0028647	37	28	63	37	44	24
FBGN0038693	0	2	0	0	0	0
FBGN0266411	502	331	579	433	671	685
FBGN0263231	1282	1150	2010	1108	1388	1571
FBGN0085413	0	0	0	0	0	0
FBGN0039459	21	16	34	11	15	24
FBGN0053721	0	0	0	0	0	0
FBGN0051065	0	0	0	0	0	0
FBGN0263983	0	0	0	0	0	0
FBGN0037549	304	239	404	237	288	332
FBGN0267337	168	123	246	122	234	218
FBGN0039380	0	0	0	0	0	0
FBGN0000283	698	597	948	628	763	769
FBGN0038676	8	12	8	9	10	6
FBGN0038345	0	0	0	0	0	0
FBGN0038431	0	0	0	6	0	34
FBGN0038485	0	3	4	0	0	2
FBGN0039488	33	25	32	48	34	64
FBGN0038113	0	0	0	0	0	0
FBGN0038491	10	9	10	7	10	15
FBGN0243511	187	143	287	132	213	214
FBGN0038892	0	0	0	0	0	0
FBGN0027526	85	70	117	58	89	96
FBGN0003118	81	34	101	60	96	77
FBGN0001077	0	0	0	0	0	0
FBGN0051244	0	0	0	0	0	0
FBGN0037518	1	2	2	2	9	10
FBGN0004359	26	22	40	33	44	39
FBGN0039622	0	0	0	0	0	1
FBGN0037447	2	2	2	2	0	0
FBGN0011768	480	448	770	406	592	556
FBGN0051313	0	0	1	4	0	2
FBGN0038578	88	89	184	108	158	105
FBGN0037834	556	477	826	418	518	579
FBGN0039744	0	0	0	1	0	0
FBGN0051453	271	315	523	243	347	375
FBGN0038603	87	79	123	53	144	115
FBGN0038830	109	101	190	65	124	103
FBGN0020280	0	0	0	0	0	0
FBGN0051363	349	250	502	274	362	357
FBGN0039473	0	0	0	0	0	0
FBGN0266538	6	0	0	2	3	2
FBGN0038068	0	0	0	0	0	0
FBGN0266672	95	73	123	99	90	133
FBGN0038545	107	89	147	77	150	120
FBGN0037519	0	0	0	0	0	0
FBGN0287225	188	140	251	93	160	199
FBGN0051266	0	0	0	0	0	0
FBGN0015402	37	30	61	39	51	35
FBGN0038788	18	19	35	20	41	19
FBGN0003525	127	99	189	129	181	163
FBGN0259823	2	0	0	0	2	0
FBGN0264740	0	0	0	0	0	0
FBGN0039521	0	0	0	0	0	0
FBGN0039737	320	260	569	310	488	424
FBGN0037529	105	117	180	82	104	107
FBGN0051097	0	0	0	0	0	0
FBGN0037728	565	505	758	429	463	528
FBGN0039802	108	104	177	115	170	184
FBGN0038240	0	0	0	0	0	0
FBGN0038147	0	0	0	0	0	0
FBGN0286874	0	0	0	0	0	0
FBGN0039266	6	4	11	5	12	15
FBGN0051262	4	9	3	0	8	10
FBGN0026315	1	0	0	3	1	0
FBGN0038547	0	0	1	1	2	4
FBGN0043900	118	76	132	114	131	138
FBGN0038606	0	0	0	0	0	0
FBGN0037978	45	28	53	39	43	50
FBGN0038810	350	262	479	266	368	402
FBGN0046887	0	0	0	0	0	0
FBGN0052945	0	0	0	0	0	0
FBGN0038269	210	175	252	189	244	231
FBGN0039714	14	11	25	24	34	37
FBGN0037410	0	0	10	5	6	7
FBGN0020399	0	0	0	0	0	0
FBGN0051361	2	1	0	3	1	0
FBGN0039023	0	3	1	0	0	0
FBGN0037637	55	52	108	61	59	50
FBGN0000158	0	0	4	1	0	0
FBGN0085318	0	0	0	0	0	0
FBGN0039207	81	88	145	80	148	147
FBGN0266801	20	4	11	19	15	8
FBGN0038732	0	0	0	0	0	0
FBGN0039861	50	29	44	32	42	40
FBGN0039180	0	0	0	0	0	0
FBGN0039238	0	5	1	10	1	2
FBGN0038655	0	0	0	0	0	0
FBGN0038016	229	178	237	210	219	267
FBGN0037364	30	26	24	13	39	16
FBGN0037884	29	25	62	32	54	53
FBGN0262009	0	0	0	0	0	0
FBGN0250845	0	0	0	0	0	0
FBGN0264907	0	5	0	1	0	0
FBGN0039752	0	0	0	0	0	0
FBGN0038236	0	0	0	0	0	0
FBGN0038139	0	0	0	0	0	0
FBGN0029155	52	47	97	33	77	79
FBGN0085329	0	0	0	0	0	0
FBGN0004173	0	0	0	0	0	0
FBGN0051347	0	0	0	0	0	0
FBGN0037377	139	96	139	124	141	161
FBGN0037482	31	24	37	28	46	45
FBGN0015279	120	73	138	85	154	122
FBGN0039809	0	0	0	0	0	0
FBGN0051357	84	95	143	105	149	115
FBGN0037601	0	1	0	0	0	0
FBGN0265158	0	0	0	0	0	0
FBGN0051198	0	0	0	0	0	0
FBGN0039328	26	35	31	29	45	29
FBGN0037411	0	0	0	0	0	0
FBGN0039863	240	196	376	263	371	288
FBGN0086362	45	36	68	37	66	58
FBGN0016650	0	0	0	0	0	0
FBGN0038186	0	0	0	0	0	0
FBGN0039765	63	40	114	60	82	87
FBGN0002863	0	0	0	0	0	0
FBGN0038595	0	0	0	0	2	0
FBGN0038581	22	25	39	19	30	24
FBGN0038803	17	16	16	13	27	19
FBGN0087005	0	2	0	0	1	0
FBGN0039691	69	77	131	82	101	94
FBGN0027889	163	142	245	149	232	207
FBGN0039732	68	40	94	31	48	40
FBGN0262801	161	161	234	187	245	220
FBGN0037807	3	2	0	0	0	2
FBGN0038079	3	0	1	1	1	6
FBGN0263024	0	0	0	0	0	0
FBGN0010042	0	0	0	0	0	0
FBGN0263353	0	0	0	0	0	2
FBGN0260243	64	33	94	33	33	29
FBGN0039694	0	0	0	0	0	0
FBGN0051145	0	0	3	1	2	0
FBGN0039848	0	0	0	0	0	0
FBGN0053773	0	0	0	0	0	0
FBGN0051248	0	0	0	0	0	0
FBGN0087021	55	59	94	51	64	41
FBGN0037934	0	0	0	0	0	0
FBGN0037998	95	86	123	74	120	123
FBGN0263402	0	0	0	0	0	0
FBGN0039010	0	0	0	0	0	0
FBGN0038034	0	0	0	0	0	1
FBGN0015240	8	19	17	6	15	16
FBGN0038470	30	34	34	24	27	38
FBGN0069923	144	240	305	189	98	157
FBGN0002772	4	2	24	1	1	4
FBGN0038110	162	114	247	136	179	183
FBGN0003267	0	0	0	0	0	0
FBGN0285963	286	243	344	275	404	366
FBGN0259237	0	0	0	0	0	0
FBGN0083965	0	0	0	0	0	0
FBGN0038725	1	2	3	0	1	0
FBGN0260463	0	0	0	0	1	1
FBGN0016123	0	0	0	0	0	0
FBGN0038695	1	0	0	4	0	1
FBGN0037602	27	20	18	13	11	16
FBGN0037841	0	1	1	6	1	0
FBGN0038006	0	0	0	0	0	0
FBGN0053329	8	0	3	3	1	3
FBGN0027376	0	0	0	0	0	0
FBGN0038804	18	17	27	35	54	39
FBGN0039846	50	62	82	61	70	51
FBGN0039050	0	1	0	0	0	0
FBGN0085319	0	0	0	0	0	0
FBGN0085331	0	0	0	0	0	0
FBGN0037326	0	0	0	0	0	0
FBGN0037320	0	0	0	0	0	0
FBGN0037923	6	16	4	7	10	8
FBGN0037812	0	0	0	0	0	0
FBGN0037731	0	0	0	0	0	0
FBGN0003480	1	2	2	0	4	3
FBGN0004395	234	201	328	201	284	289
FBGN0039805	0	0	2	0	0	0
FBGN0000439	0	0	0	0	0	0
FBGN0037853	27	29	30	27	45	31
FBGN0020910	4551	3663	6584	3327	5255	5510
FBGN0053654	0	0	0	0	0	0
FBGN0037547	0	0	0	0	0	0
FBGN0052856	16	10	36	16	27	32
FBGN0037546	0	0	0	0	0	0
FBGN0051005	5	4	8	2	11	7
FBGN0039728	438	317	616	438	699	619
FBGN0086370	6	3	21	5	15	9
FBGN0038123	0	0	0	0	0	0
FBGN0039326	0	0	0	0	0	0
FBGN0267435	6	5	0	0	1	1
FBGN0037288	0	0	1	0	0	0
FBGN0039026	112	82	119	86	114	102
FBGN0037937	0	0	0	0	0	0
FBGN0038862	66	28	78	32	78	71
FBGN0039733	37	22	37	28	59	42
FBGN0015269	65	71	78	56	96	99
FBGN0027785	64	77	90	48	86	87
FBGN0002932	25	11	40	16	31	22
FBGN0038675	48	47	55	18	27	35
FBGN0083953	26	27	30	23	22	22
FBGN0038734	0	0	0	0	0	0
FBGN0085391	0	0	0	0	0	0
FBGN0027497	61	48	108	61	92	105
FBGN0038432	4	13	16	16	24	4
FBGN0086704	1	0	0	0	1	0
FBGN0037972	90	79	171	70	111	134
FBGN0039441	3	0	3	0	0	0
FBGN0039788	0	0	0	1	0	0
FBGN0263757	47	51	50	30	50	41
FBGN0000244	49	32	50	45	98	44
FBGN0038977	0	0	0	0	0	0
FBGN0038205	0	0	0	0	0	0
FBGN0261086	0	0	0	1	0	0
FBGN0053340	0	0	0	0	0	0
FBGN0027865	59	55	79	49	82	60
FBGN0039338	366	262	459	350	403	382
FBGN0267336	14	8	6	12	7	14
FBGN0037313	135	128	190	150	226	193
FBGN0037276	0	0	0	0	0	0
FBGN0259178	17	20	38	9	17	10
FBGN0038127	2	0	0	0	0	0
FBGN0261550	61	40	101	83	87	100
FBGN0039479	33	35	53	23	91	44
FBGN0038577	171	151	291	127	211	162
FBGN0039855	0	2	0	0	0	0
FBGN0040623	93	104	200	95	151	100
FBGN0038250	2	1	6	0	1	1
FBGN0038129	36	33	79	50	54	72
FBGN0037870	0	0	0	0	0	0
FBGN0051550	121	94	195	105	157	140
FBGN0037396	0	10	5	2	4	2
FBGN0038629	41	25	45	41	54	45
FBGN0039113	630	519	985	600	808	758
FBGN0051465	0	0	0	0	0	0
FBGN0015577	0	0	0	0	2	1
FBGN0037856	34	38	53	31	62	43
FBGN0037718	128	88	129	115	180	162
FBGN0038320	301	284	480	242	359	358
FBGN0039864	51	24	81	26	40	28
FBGN0051204	0	0	0	0	0	0
FBGN0037615	0	0	0	0	0	0
FBGN0004841	0	0	0	0	0	0
FBGN0038188	0	0	0	0	0	0
FBGN0038095	0	0	0	0	0	0
FBGN0051072	16	20	23	20	31	32
FBGN0038912	42	29	37	22	35	29
FBGN0001297	139	97	231	109	187	162
FBGN0022981	44	22	45	23	22	43
FBGN0038466	0	0	0	0	0	2
FBGN0038768	128	137	213	84	155	133
FBGN0038235	20	40	57	39	27	22
FBGN0037378	78	71	119	70	76	62
FBGN0051221	0	0	0	0	0	0
FBGN0051191	0	0	0	0	0	0
FBGN0038098	0	0	0	0	0	0
FBGN0040551	9	12	37	31	40	27
FBGN0051294	0	0	0	0	0	0
FBGN0039777	0	0	0	0	0	0
FBGN0039407	72	33	68	52	49	73
FBGN0038826	1237	1020	1723	1129	1459	1216
FBGN0038972	36	20	51	13	4	8
FBGN0038525	0	0	0	0	0	0
FBGN0027950	61	40	78	39	72	91
FBGN0038540	0	0	0	0	1	0
FBGN0266615	0	0	0	0	0	0
FBGN0000492	165	109	206	120	187	161
FBGN0003319	107	75	105	80	135	95
FBGN0024289	0	0	1	0	0	0
FBGN0037772	0	0	0	0	0	0
FBGN0260229	15	19	20	8	12	15
FBGN0038943	13	9	10	4	9	1
FBGN0023178	0	0	0	0	0	0
FBGN0038662	2	6	8	5	7	9
FBGN0038427	77	56	96	82	102	85
FBGN0003882	44	42	55	46	45	47
FBGN0039040	0	0	0	4	0	0
FBGN0259917	0	0	0	0	0	0
FBGN0039634	48	46	88	59	105	76
FBGN0001197	524	469	925	456	547	456
FBGN0026634	60	69	96	50	66	82
FBGN0038438	20	21	30	18	38	35
FBGN0037368	3	10	8	9	4	12
FBGN0261113	260	202	377	138	239	175
FBGN0019940	0	0	0	0	0	0
FBGN0039355	7	7	11	19	11	14
FBGN0039346	0	0	0	0	0	1
FBGN0038038	51	29	68	49	69	84
FBGN0039562	2587	2044	2953	2208	3049	3006
FBGN0261049	34	25	34	30	40	26
FBGN0004618	0	0	0	0	0	0
FBGN0038569	33	53	46	41	66	39
FBGN0037436	0	0	0	0	0	0
FBGN0039045	0	0	0	0	0	1
FBGN0042106	0	0	0	0	0	0
FBGN0002937	0	0	0	0	0	0
FBGN0038961	41	54	86	47	89	67
FBGN0027527	0	0	0	0	0	0
FBGN0038873	0	0	0	0	0	0
FBGN0265048	13	9	10	9	7	5
FBGN0037419	0	0	0	0	0	0
FBGN0038504	23	45	49	44	67	63
FBGN0037835	0	7	0	3	2	0
FBGN0037351	2050	1670	3181	1026	2240	2100
FBGN0003358	0	0	0	0	0	0
FBGN0288835	0	0	0	0	0	0
FBGN0014949	0	0	0	0	0	0
FBGN0264776	0	0	0	0	0	0
FBGN0000504	19	15	16	12	14	14
FBGN0037440	108	82	167	69	99	58
FBGN0016061	11	6	3	7	4	6
FBGN0038498	0	0	0	0	0	0
FBGN0042103	0	0	0	0	0	0
FBGN0051111	16	31	33	39	30	26
FBGN0262588	0	0	0	0	0	0
FBGN0263594	797	718	1247	699	812	880
FBGN0051495	28	22	39	23	32	35
FBGN0039713	1383	1221	2488	844	1327	1330
FBGN0037702	134	132	159	113	129	182
FBGN0038422	1	0	1	0	3	0
FBGN0038850	0	0	0	0	0	0
FBGN0039769	0	0	0	0	0	0
FBGN0260744	150	122	167	115	182	174
FBGN0039742	3	0	0	0	4	0
FBGN0038923	48	20	41	19	21	28
FBGN0038967	0	0	0	0	0	1
FBGN0038649	11	3	19	4	21	9
FBGN0037478	56	52	107	68	73	77
FBGN0051296	0	0	0	0	0	0
FBGN0039042	0	0	0	0	0	0
FBGN0037332	24	19	43	20	49	41
FBGN0051133	24	10	58	37	34	35
FBGN0039232	0	0	0	0	0	0
FBGN0039135	31	25	52	32	31	35
FBGN0261261	48	42	78	45	53	68
FBGN0039083	0	0	0	0	0	0
FBGN0038380	0	0	0	0	0	0
FBGN0004878	0	0	3	0	0	1
FBGN0003886	6	0	9	6	8	7
FBGN0259233	2	1	0	0	1	0
FBGN0038858	19	29	45	20	31	22
FBGN0037383	22	23	34	10	11	22
FBGN0020018	36	27	67	34	45	76
FBGN0026064	43	20	49	43	86	74
FBGN0037445	30	32	37	23	53	33
FBGN0038208	0	0	0	0	0	0
FBGN0001217	3	4	6	1	2	1
FBGN0038481	0	0	0	0	0	0
FBGN0038674	0	0	0	0	0	0
FBGN0038659	56	34	38	29	34	32
FBGN0040250	0	0	0	0	0	0
FBGN0039214	442	292	482	320	507	423
FBGN0039797	0	0	0	0	0	0
FBGN0011739	77	70	98	75	90	74
FBGN0266734	0	0	0	0	0	0
FBGN0051161	1	0	0	0	0	0
FBGN0038740	0	0	0	2	2	0
FBGN0037883	1	1	2	6	4	4
FBGN0015572	1	0	0	0	0	0
FBGN0039239	0	6	9	0	0	1
FBGN0038528	0	0	0	0	0	0
FBGN0003885	600	527	882	468	842	717
FBGN0038358	0	1	0	0	0	0
FBGN0035235	68	62	126	81	64	74
FBGN0004574	178	190	332	244	284	275
FBGN0035346	42	16	54	23	55	43
FBGN0036278	0	0	0	0	0	0
FBGN0037061	65	44	77	26	47	51
FBGN0036222	0	0	0	0	0	0
FBGN0036926	6	2	8	2	4	2
FBGN0036873	0	0	0	0	0	0
FBGN0052281	13	21	18	14	12	17
FBGN0035543	0	0	0	0	0	0
FBGN0035839	11	12	48	12	12	15
FBGN0045476	0	0	0	0	0	0
FBGN0264746	1	8	2	0	11	3
FBGN0037087	94	90	159	87	113	104
FBGN0036059	86	63	103	52	97	81
FBGN0011288	4	1	7	0	0	0
FBGN0036595	4	0	2	6	15	6
FBGN0036773	35	26	59	37	50	67
FBGN0035964	122	76	168	121	149	122
FBGN0014848	0	0	0	0	0	0
FBGN0035997	129	108	197	96	155	128
FBGN0264006	0	0	1	0	0	0
FBGN0035620	0	0	0	0	0	0
FBGN0042138	57	74	129	44	74	74
FBGN0052269	0	0	0	0	0	0
FBGN0036806	0	6	6	0	0	0
FBGN0040817	25	18	25	22	25	26
FBGN0020392	388	345	600	313	433	461
FBGN0028980	18	20	15	14	28	26
FBGN0264486	0	0	0	0	0	0
FBGN0026179	108	79	131	76	125	122
FBGN0036442	0	0	0	0	0	0
FBGN0036188	25	21	36	12	15	28
FBGN0035677	0	0	0	0	0	0
FBGN0036439	0	0	0	0	0	0
FBGN0035120	74	84	133	95	91	96
FBGN0262530	0	0	0	0	0	0
FBGN0263108	103	86	164	88	143	138
FBGN0286940	2	0	0	2	4	1
FBGN0019662	27	33	47	29	40	43
FBGN0052448	6	5	13	5	12	2
FBGN0028402	52	32	60	39	48	66
FBGN0052220	0	0	0	0	0	0
FBGN0052053	0	0	0	0	0	0
FBGN0035109	16	10	27	18	11	15
FBGN0035234	0	0	0	0	0	0
FBGN0062517	0	0	0	0	0	0
FBGN0262593	0	0	0	0	0	0
FBGN0264487	0	0	0	0	0	0
FBGN0035286	0	0	0	0	1	0
FBGN0052487	0	0	0	0	0	0
FBGN0036016	0	0	0	0	2	0
FBGN0002526	1700	1409	2168	1972	2515	2533
FBGN0035210	56	62	104	34	47	76
FBGN0036008	45	33	77	28	78	73
FBGN0036781	3	2	0	1	4	1
FBGN0036402	104	69	151	108	173	175
FBGN0020277	0	0	0	0	0	0
FBGN0035630	1537	1339	2155	1063	1278	1406
FBGN0263247	0	0	0	0	0	0
FBGN0260461	0	0	0	0	0	0
FBGN0053263	0	0	0	0	0	0
FBGN0036895	0	0	0	0	0	0
FBGN0036608	0	0	0	0	0	0
FBGN0035943	0	0	0	0	0	0
FBGN0036494	0	0	1	0	0	0
FBGN0028415	0	0	0	0	0	0
FBGN0036376	46	31	104	52	70	54
FBGN0052181	0	0	0	0	0	0
FBGN0036988	19	22	32	22	30	42
FBGN0036362	0	0	2	0	0	210
FBGN0036948	0	1	1	6	2	265
FBGN0035982	0	0	0	0	0	0
FBGN0052319	0	0	0	0	0	0
FBGN0052364	7	6	14	1	6	7
FBGN0047334	0	0	0	0	0	0
FBGN0014075	911	851	1212	860	1161	1298
FBGN0015075	234	222	420	203	292	308
FBGN0036786	0	0	0	0	0	0
FBGN0052267	113	71	141	72	85	74
FBGN0036984	0	0	0	0	0	0
FBGN0035558	25	28	34	16	28	21
FBGN0283681	52	56	96	63	56	50
FBGN0052196	0	0	0	0	0	2
FBGN0002573	6	7	8	8	27	11
FBGN0262509	5	5	4	13	14	15
FBGN0036922	47	24	35	32	19	42
FBGN0259824	9	17	20	25	29	33
FBGN0052104	120	100	143	64	114	94
FBGN0036363	0	1	0	0	1	44
FBGN0259203	17	16	16	9	17	14
FBGN0043458	126	98	219	130	196	176
FBGN0035896	22	29	54	15	33	15
FBGN0027082	26	21	57	26	31	52
FBGN0035415	8	6	8	0	10	3
FBGN0037139	0	0	0	0	0	0
FBGN0035518	50	25	52	46	29	35
FBGN0044051	0	0	0	0	0	0
FBGN0036476	30	40	39	43	51	41
FBGN0052121	0	0	0	0	0	0
FBGN0036311	0	0	0	0	0	0
FBGN0035158	25	12	39	20	36	24
FBGN0262544	0	0	0	0	0	0
FBGN0259986	56	59	88	49	101	106
FBGN0024187	44	28	62	34	50	37
FBGN0035423	349	376	729	311	390	316
FBGN0013751	5	4	1	1	3	0
FBGN0053160	0	0	0	0	0	0
FBGN0052446	17	32	46	13	25	16
FBGN0020660	5	4	7	6	3	0
FBGN0036774	38	38	58	48	54	42
FBGN0085274	0	0	0	0	0	0
FBGN0052255	0	0	0	0	1	0
FBGN0035468	0	0	0	0	0	0
FBGN0036715	456	386	566	562	698	733
FBGN0035697	0	0	0	0	0	0
FBGN0052437	0	0	0	0	0	0
FBGN0036551	0	0	0	0	0	0
FBGN0085288	0	0	0	0	0	0
FBGN0052214	0	0	0	0	0	0
FBGN0035692	45	72	57	38	67	65
FBGN0035865	16	16	22	22	39	22
FBGN0043783	0	0	0	0	4	1
FBGN0029091	0	0	0	0	0	9
FBGN0035944	26	23	35	25	44	37
FBGN0027945	6	15	36	15	10	15
FBGN0001134	0	0	0	0	0	0
FBGN0040636	0	0	0	0	0	0
FBGN0036809	0	0	0	0	1	0
FBGN0004390	231	208	348	198	302	345
FBGN0270926	22	30	45	37	70	55
FBGN0014007	239	217	331	295	260	234
FBGN0035955	0	0	0	0	0	0
FBGN0036876	0	0	0	0	0	0
FBGN0036549	9	12	21	8	22	15
FBGN0027594	215	142	265	166	287	247
FBGN0262528	0	0	0	0	0	0
FBGN0052213	0	0	0	0	0	0
FBGN0036397	18	14	23	14	30	38
FBGN0020643	0	0	0	0	0	0
FBGN0085294	0	0	0	0	0	0
FBGN0027567	929	930	1440	727	1000	960
FBGN0035508	2	0	3	0	5	1
FBGN0035753	1527	1358	2745	894	1483	1589
FBGN0052227	0	0	2	2	0	0
FBGN0053062	6	7	9	1	0	1
FBGN0011284	4185	3432	6382	2295	3640	3367
FBGN0001223	9	5	3	4	10	43
FBGN0000356	0	0	0	0	0	0
FBGN0036327	0	0	0	0	0	0
FBGN0036783	0	0	0	0	0	0
FBGN0036877	0	0	0	0	0	0
FBGN0035526	316	293	420	275	336	306
FBGN0052413	0	0	0	0	0	0
FBGN0029514	23	11	35	26	19	26
FBGN0011361	105	109	187	143	153	140
FBGN0002283	14	11	17	4	21	20
FBGN0052450	0	0	0	0	0	0
FBGN0035524	226	160	296	148	183	221
FBGN0266591	0	0	0	0	0	0
FBGN0004244	0	0	0	0	0	0
FBGN0035486	0	0	0	0	1	0
FBGN0035547	0	0	1	0	0	1
FBGN0268063	327	220	429	393	583	501
FBGN0036405	13	16	43	16	23	21
FBGN0035193	29	22	45	14	6	11
FBGN0037082	17	12	21	32	28	20
FBGN0036250	0	0	0	0	0	0
FBGN0036463	64	56	69	40	58	44
FBGN0262890	0	0	0	0	0	0
FBGN0035164	45	52	90	30	49	33
FBGN0052423	81	78	147	86	129	131
FBGN0266977	0	0	0	0	0	0
FBGN0036853	43	35	68	18	40	38
FBGN0036277	121	87	167	76	123	126
FBGN0287183	5	4	9	14	23	21
FBGN0036159	0	0	0	0	0	0
FBGN0035273	1	0	0	0	0	0
FBGN0265574	180	148	268	153	223	237
FBGN0052022	41	33	67	45	52	43
FBGN0036039	10	2	3	12	26	8
FBGN0043865	0	0	0	0	0	0
FBGN0036335	86	76	119	88	78	111
FBGN0053767	0	0	0	0	0	0
FBGN0036496	0	0	0	0	2	0
FBGN0035854	34	34	58	39	60	35
FBGN0261555	177	133	229	129	192	205
FBGN0035849	13	16	22	10	35	18
FBGN0035414	51	53	73	47	44	40
FBGN0036619	1	0	0	0	0	0
FBGN0052081	0	0	0	0	0	0
FBGN0035724	0	0	0	0	0	0
FBGN0036959	8	8	17	7	14	10
FBGN0035689	33	29	73	44	71	73
FBGN0003459	74	80	126	91	103	145
FBGN0037188	68	47	72	54	87	90
FBGN0259973	0	0	0	0	0	0
FBGN0000551	0	3	4	0	0	0
FBGN0003373	6	159	33	7	0	5
FBGN0262057	211	196	326	274	402	337
FBGN0037027	174	152	227	141	205	178
FBGN0024889	110	88	150	75	132	100
FBGN0036666	219	185	288	161	262	289
FBGN0085455	0	0	0	0	0	0
FBGN0259239	0	0	0	0	0	0
FBGN0035229	20	9	27	18	27	17
FBGN0052442	14	10	25	16	18	18
FBGN0025558	24	29	27	18	23	34
FBGN0005564	0	1	0	2	0	0
FBGN0036566	128	85	146	116	186	184
FBGN0053690	0	0	0	0	0	0
FBGN0036711	0	0	0	0	0	0
FBGN0029121	17	21	28	22	34	11
FBGN0035237	136	126	220	125	182	168
FBGN0035588	54	35	88	54	58	50
FBGN0262894	0	0	0	0	0	0
FBGN0022936	66	47	60	36	44	44
FBGN0036545	7	4	18	8	25	15
FBGN0037197	0	2	0	0	0	2
FBGN0286213	1524	1384	2652	517	691	567
FBGN0085599	0	0	0	0	0	0
FBGN0035781	0	0	1	0	0	2
FBGN0014343	199	125	269	180	299	296
FBGN0035886	0	0	0	0	0	0
FBGN0000100	2643	2432	3827	1652	2892	2587
FBGN0036205	0	0	0	0	0	1
FBGN0037183	0	0	0	0	0	0
FBGN0035257	0	0	0	0	0	0
FBGN0035260	1	2	2	0	1	7
FBGN0052176	62	68	91	53	72	70
FBGN0035850	83	77	113	74	119	98
FBGN0036768	0	0	0	0	0	0
FBGN0035198	0	0	0	0	0	0
FBGN0052074	0	0	0	0	0	0
FBGN0037171	0	0	0	0	0	0
FBGN0003683	0	0	0	0	0	0
FBGN0036717	12	7	25	8	17	20
FBGN0036468	0	0	0	0	0	0
FBGN0035601	187	224	296	158	189	168
FBGN0036350	0	0	0	0	0	0
FBGN0035603	143	157	246	111	146	123
FBGN0036028	10	5	9	6	23	9
FBGN0284221	396	298	498	382	631	546
FBGN0052333	1	0	0	0	0	0
FBGN0052202	17	4	13	24	15	6
FBGN0035858	0	0	0	0	0	0
FBGN0052283	0	0	0	0	0	0
FBGN0036395	21	5	19	15	17	14
FBGN0036160	0	0	0	0	0	0
FBGN0041096	241	206	340	216	323	282
FBGN0035430	91	111	122	81	82	54
FBGN0036480	149	83	190	90	151	129
FBGN0036828	172	138	213	151	245	215
FBGN0035978	157	195	318	156	262	251
FBGN0041625	0	0	0	0	0	0
FBGN0036575	0	0	0	0	0	0
FBGN0037165	0	0	0	0	0	0
FBGN0000543	200	132	273	130	204	177
FBGN0053702	0	0	0	0	0	0
FBGN0011205	66	79	99	56	74	69
FBGN0052412	6	3	8	6	8	9
FBGN0259970	0	0	0	0	0	0
FBGN0053052	39	31	53	18	27	33
FBGN0053270	0	0	0	0	0	0
FBGN0036875	0	0	1	0	1	0
FBGN0015618	64	59	116	66	102	88
FBGN0035539	92	125	117	97	139	160
FBGN0052137	37	24	45	32	29	50
FBGN0053061	0	0	0	0	0	0
FBGN0036479	0	0	0	0	0	0
FBGN0260049	357	310	597	372	447	537
FBGN0036328	0	0	0	0	0	0
FBGN0027569	77	60	106	59	87	91
FBGN0036214	0	0	0	0	0	0
FBGN0085457	0	0	0	0	0	0
FBGN0035807	42	24	36	27	40	51
FBGN0261602	3440	2621	4890	2116	3065	2825
FBGN0087039	38	28	46	19	27	29
FBGN0028418	0	0	0	0	0	0
FBGN0287423	2	1	1	8	3	2
FBGN0040056	38	17	43	39	18	26
FBGN0041232	0	0	0	0	0	0
FBGN0052240	0	0	0	0	0	0
FBGN0036173	29	26	43	31	38	32
FBGN0004514	0	0	0	0	0	0
FBGN0036492	0	0	0	0	0	0
FBGN0035825	34	19	32	19	46	25
FBGN0053217	62	60	96	40	58	52
FBGN0036916	128	116	174	102	137	135
FBGN0036833	0	6	0	0	0	0
FBGN0036980	72	61	103	76	146	123
FBGN0003388	0	2	1	0	2	0
FBGN0036248	107	108	186	89	98	136
FBGN0053265	0	0	0	0	0	0
FBGN0052351	0	0	0	0	0	0
FBGN0286872	0	0	0	0	0	0
FBGN0086254	358	246	374	217	302	285
FBGN0085482	0	0	0	0	0	1
FBGN0037025	243	144	241	129	214	202
FBGN0035589	38	28	52	20	27	19
FBGN0037057	0	1	7	9	5	1
FBGN0053556	15	24	29	33	65	70
FBGN0004592	4	77	8	8	2	6
FBGN0025874	29	15	42	14	24	26
FBGN0035147	9	18	39	13	29	29
FBGN0036892	217	183	310	237	261	260
FBGN0035932	0	0	0	0	0	0
FBGN0035236	180	149	188	189	243	207
FBGN0037044	14	16	16	9	22	11
FBGN0015359	112	95	119	51	84	83
FBGN0035934	0	0	0	0	1	0
FBGN0052350	117	109	148	93	91	74
FBGN0036567	0	0	0	0	0	0
FBGN0039977	80	51	98	85	60	78
FBGN0259932	9	23	22	8	14	7
FBGN0053764	0	0	0	0	0	0
FBGN0001104	401	312	548	312	446	342
FBGN0015298	135	103	204	120	125	81
FBGN0035497	28	20	24	15	18	21
FBGN0036106	0	0	0	0	0	0
FBGN0036157	0	0	0	0	0	0
FBGN0036212	3	2	1	2	2	1
FBGN0260756	21	18	23	11	14	6
FBGN0035400	35	37	57	65	75	71
FBGN0035469	40	48	87	35	28	25
FBGN0035830	242	285	353	229	373	333
FBGN0036144	5	7	2	3	3	2
FBGN0035343	0	0	3	0	0	0
FBGN0052225	0	0	0	0	0	0
FBGN0027111	113	125	200	123	149	139
FBGN0053490	0	0	0	0	0	0
FBGN0036032	15	12	20	16	33	12
FBGN0036183	0	0	0	0	0	0
FBGN0037022	50	42	69	40	48	38
FBGN0017579	1529	1197	2262	851	1195	1213
FBGN0014849	0	0	0	0	0	0
FBGN0263456	0	0	0	0	0	0
FBGN0261634	0	0	0	0	0	0
FBGN0036510	67	73	114	60	98	116
FBGN0086906	100	16	65	26	72	56
FBGN0035205	225	238	383	212	285	303
FBGN0036227	0	0	0	5	4	266
FBGN0035145	298	229	383	215	301	300
FBGN0035168	0	0	0	0	0	0
FBGN0263930	736	620	886	635	932	900
FBGN0036612	14	3	12	4	9	13
FBGN0083992	3	4	3	2	6	3
FBGN0036761	36	21	55	26	43	40
FBGN0035673	0	0	0	0	0	0
FBGN0260026	1	0	1	0	2	0
FBGN0041630	276	169	382	293	412	416
FBGN0036141	360	320	487	359	503	446
FBGN0035428	0	0	0	0	2	0
FBGN0053169	15	13	20	24	10	13
FBGN0035688	440	352	516	313	433	492
FBGN0259676	101	67	136	60	99	124
FBGN0036819	8	13	7	8	10	2
FBGN0035445	1	3	2	0	3	0
FBGN0028648	42	32	59	25	61	46
FBGN0010408	1824	1838	3071	1375	2180	2354
FBGN0037067	0	0	2	0	5	0
FBGN0035359	0	2	0	0	0	0
FBGN0036932	41	49	59	56	54	46
FBGN0036349	0	0	0	0	0	0
FBGN0036416	14	15	24	20	49	38
FBGN0010223	0	0	0	0	0	2
FBGN0036661	174	179	280	140	206	168
FBGN0022702	371	267	474	263	449	410
FBGN0001078	30	24	24	22	28	47
FBGN0036921	454	399	604	316	358	412
FBGN0036814	77	101	128	89	149	113
FBGN0037028	19	9	16	10	15	9
FBGN0036723	0	0	0	0	0	0
FBGN0004396	160	129	213	137	255	191
FBGN0052263	0	0	0	0	0	0
FBGN0035906	311	295	433	246	294	320
FBGN0000261	940	950	1620	841	1298	1251
FBGN0035983	55	42	51	41	72	68
FBGN0036834	0	0	0	0	0	0
FBGN0260862	6	14	7	5	14	4
FBGN0064766	51	29	75	54	61	64
FBGN0036082	0	0	0	0	0	0
FBGN0001323	22	14	39	40	28	45
FBGN0036320	0	0	0	0	0	0
FBGN0035604	0	0	0	0	0	0
FBGN0266099	0	0	0	0	0	0
FBGN0035931	0	0	0	0	0	0
FBGN0037046	42	30	40	16	33	36
FBGN0053272	0	0	0	0	0	0
FBGN0283503	57	38	75	51	60	71
FBGN0035644	49	34	77	53	76	56
FBGN0016694	11	7	7	5	20	19
FBGN0037102	103	88	148	61	82	102
FBGN0035575	0	0	0	0	0	0
FBGN0261872	144	115	191	110	154	153
FBGN0035986	69	67	112	55	70	76
FBGN0011204	49	40	80	52	72	56
FBGN0285951	46	53	104	25	49	46
FBGN0036239	190	149	286	173	286	277
FBGN0035150	69	51	117	68	73	56
FBGN0036187	83	57	100	55	65	73
FBGN0020887	155	84	167	112	173	204
FBGN0037100	0	0	0	0	0	0
FBGN0028664	1	3	7	5	4	3
FBGN0035420	51	46	93	49	78	96
FBGN0036609	0	0	0	0	0	0
FBGN0036740	113	68	140	64	116	86
FBGN0036911	15	25	30	22	39	29
FBGN0035138	0	0	0	0	0	0
FBGN0036648	47	38	69	27	66	41
FBGN0046793	0	0	0	0	0	0
FBGN0003124	863	707	1145	747	1001	922
FBGN0052428	24	15	37	15	22	18
FBGN0011836	227	161	259	151	199	215
FBGN0036638	4	0	0	0	0	0
FBGN0037015	0	0	0	0	0	0
FBGN0261722	153	167	258	161	217	179
FBGN0025702	3	0	2	0	1	0
FBGN0036044	0	0	0	0	0	0
FBGN0036835	0	0	0	0	0	0
FBGN0036260	0	0	0	0	0	0
FBGN0035398	230	180	247	161	206	219
FBGN0000489	15	18	40	26	33	28
FBGN0036505	47	45	71	33	57	59
FBGN0028379	0	0	0	0	0	0
FBGN0036203	0	0	0	0	0	0
FBGN0054056	17	8	24	12	24	37
FBGN0036571	36	54	76	49	62	71
FBGN0053271	0	0	0	0	0	0
FBGN0035251	232	166	315	166	246	263
FBGN0036324	0	0	0	0	0	0
FBGN0052133	233	182	315	204	258	266
FBGN0036848	45	37	59	34	66	45
FBGN0014850	0	0	0	0	0	0
FBGN0036563	0	0	0	0	0	0
FBGN0036406	28	18	34	20	11	24
FBGN0027903	108	69	114	82	120	128
FBGN0035845	2	2	0	0	1	0
FBGN0261401	0	0	0	0	0	0
FBGN0003744	111	91	125	84	128	105
FBGN0035101	33	19	32	20	45	36
FBGN0035581	1	0	0	0	0	0
FBGN0023000	135	102	206	105	129	147
FBGN0037129	0	0	0	0	0	0
FBGN0035852	0	0	0	0	0	0
FBGN0036078	0	0	0	0	0	0
FBGN0263131	0	0	0	0	0	0
FBGN0036624	301	193	382	327	379	362
FBGN0046301	40	20	31	21	32	35
FBGN0036240	48	51	61	52	87	72
FBGN0053500	0	0	0	0	0	0
FBGN0035333	162	113	205	104	143	145
FBGN0016756	375	280	444	307	435	399
FBGN0035842	60	40	61	31	36	47
FBGN0037178	0	0	0	0	0	0
FBGN0035208	0	0	0	0	0	0
FBGN0024945	37	40	61	52	49	60
FBGN0053289	0	0	0	0	0	0
FBGN0262008	0	0	0	0	0	0
FBGN0262893	0	0	0	0	0	0
FBGN0035815	2	0	3	1	0	0
FBGN0267390	92	64	101	98	131	146
FBGN0011706	5	10	17	11	12	5
FBGN0035511	0	0	0	0	0	0
FBGN0260967	0	0	0	0	0	0
FBGN0287586	3	2	8	2	3	1
FBGN0265296	0	1	0	0	0	0
FBGN0035255	0	0	0	0	0	0
FBGN0036111	31	39	55	40	74	35
FBGN0003295	0	0	0	0	3	0
FBGN0287594	14	9	18	13	14	9
FBGN0263776	0	0	0	0	0	0
FBGN0261682	0	0	0	4	0	5
FBGN0259140	0	11	1	2	0	11
FBGN0036334	173	157	289	117	189	158
FBGN0052119	0	0	0	0	0	0
FBGN0015550	0	1	0	0	0	0
FBGN0044419	8	13	17	8	25	13
FBGN0250815	2	18	3	3	1	8
FBGN0036493	3	7	18	5	1	7
FBGN0040795	0	0	0	0	1	1
FBGN0010747	219	255	432	270	344	373
FBGN0024814	282	256	455	214	320	289
FBGN0053689	0	0	0	0	0	0
FBGN0036925	0	0	0	0	0	0
FBGN0036958	214	179	317	242	296	274
FBGN0085289	0	0	0	0	0	0
FBGN0035167	0	0	0	0	1	0
FBGN0035661	0	0	0	0	0	0
FBGN0265455	0	0	0	0	0	0
FBGN0083976	35	24	28	31	21	28
FBGN0086348	0	0	2	0	2	0
FBGN0036824	181	120	264	96	208	186
FBGN0260857	20	9	18	16	15	28
FBGN0262508	1	0	1	0	0	0
FBGN0035643	0	0	0	0	0	0
FBGN0035993	23	12	34	27	36	24
FBGN0021768	277	205	360	234	231	232
FBGN0036897	38	33	54	29	50	55
FBGN0261953	1	2	4	0	2	0
FBGN0286979	0	0	0	0	0	0
FBGN0036437	0	0	0	0	0	0
FBGN0036553	0	0	1	0	0	0
FBGN0036709	0	0	0	0	0	0
FBGN0035587	0	0	0	0	0	0
FBGN0005658	0	0	0	0	0	1
FBGN0265959	0	0	0	0	0	0
FBGN0035440	25	40	61	35	74	37
FBGN0284421	128	82	152	113	187	193
FBGN0036565	152	134	248	115	139	128
FBGN0028667	0	0	0	0	0	0
FBGN0036035	166	162	305	165	239	209
FBGN0036134	284	223	427	230	355	361
FBGN0035357	494	401	645	422	542	480
FBGN0264699	0	0	0	0	0	0
FBGN0036552	0	0	0	0	0	0
FBGN0036454	1	2	1	0	0	1
FBGN0036584	0	0	1	0	0	0
FBGN0036992	0	0	0	0	0	0
FBGN0025725	975	826	1442	780	1197	1176
FBGN0052066	48	43	38	36	66	44
FBGN0029094	105	113	183	107	112	91
FBGN0036978	0	0	0	3	0	1
FBGN0035248	4	0	11	3	6	6
FBGN0036641	160	111	221	95	132	108
FBGN0036414	0	0	0	0	0	0
FBGN0036110	0	0	0	0	1	0
FBGN0035139	0	0	0	0	0	0
FBGN0262482	0	0	0	0	0	0
FBGN0263035	0	0	0	0	0	0
FBGN0052447	122	87	162	121	179	130
FBGN0024179	107	70	132	87	128	116
FBGN0036592	0	0	0	0	0	0
FBGN0053766	0	0	0	0	0	0
FBGN0036208	0	0	0	0	0	0
FBGN0036733	95	84	164	57	106	103
FBGN0052409	145	144	307	135	190	215
FBGN0037176	0	0	0	0	0	0
FBGN0037039	0	0	0	0	0	0
FBGN0035666	0	0	0	0	0	0
FBGN0036426	0	0	0	0	0	0
FBGN0035323	41	47	73	30	48	54
FBGN0260856	29	21	45	19	33	33
FBGN0264711	103	99	152	122	128	144
FBGN0004880	0	2	0	1	0	0
FBGN0000017	143	106	185	134	183	172
FBGN0016070	24	34	52	67	66	59
FBGN0000358	0	0	0	0	0	0
FBGN0036805	87	79	99	59	110	109
FBGN0036469	0	1	0	0	0	0
FBGN0052037	0	0	0	0	0	0
FBGN0004372	0	0	0	0	0	0
FBGN0052279	0	0	0	0	0	1
FBGN0035111	151	119	224	125	134	170
FBGN0052304	0	0	0	0	2	16
FBGN0036727	0	0	0	0	0	0
FBGN0036153	0	0	0	0	0	0
FBGN0036956	0	0	0	0	0	0
FBGN0026371	179	109	197	120	155	155
FBGN0036319	0	0	0	0	0	0
FBGN0036836	0	0	0	0	0	0
FBGN0036746	105	71	158	112	164	155
FBGN0045479	0	0	0	0	0	0
FBGN0261381	5	23	27	9	6	25
FBGN0036851	0	0	1	1	2	0
FBGN0036316	240	159	358	214	367	272
FBGN0000592	0	0	0	0	0	0
FBGN0036757	0	0	0	0	0	0
FBGN0037174	0	0	0	0	0	0
FBGN0027615	43	29	84	51	63	61
FBGN0035358	0	0	0	0	0	0
FBGN0036116	0	12	1	1	4	3
FBGN0262361	0	0	0	0	0	0
FBGN0035435	7	13	11	12	8	10
FBGN0053969	10	15	13	8	8	14
FBGN0028699	0	0	1	0	0	0
FBGN0036438	0	0	0	0	0	0
FBGN0035321	18	24	44	19	32	36
FBGN0086900	0	0	0	0	0	0
FBGN0262732	287	193	423	182	265	257
FBGN0010348	941	891	1386	801	943	841
FBGN0035970	0	0	0	0	0	0
FBGN0002564	177	1268	2015	724	116	117
FBGN0023174	625	517	953	437	572	639
FBGN0024177	0	0	0	0	0	0
FBGN0010387	0	0	2	0	0	0
FBGN0004591	0	0	0	0	1	0
FBGN0036271	61	64	70	58	54	68
FBGN0028577	385	242	389	198	329	318
FBGN0288810	0	0	0	0	0	0
FBGN0262737	293	306	528	257	405	369
FBGN0028978	65	87	116	69	102	130
FBGN0001324	291	229	425	265	330	351
FBGN0264566	0	0	0	0	0	0
FBGN0011787	125	113	173	106	121	129
FBGN0053769	0	0	0	0	0	0
FBGN0037105	30	29	35	11	19	11
FBGN0035645	0	0	0	0	0	0
FBGN0036118	26	22	35	24	19	35
FBGN0036529	2	0	2	5	3	9
FBGN0036581	61	65	131	112	99	143
FBGN0036655	0	0	0	0	0	0
FBGN0035426	0	0	0	0	0	0
FBGN0005633	0	0	0	0	0	0
FBGN0036236	0	0	0	0	0	0
FBGN0250816	3	6	3	0	0	1
FBGN0262021	0	0	0	0	0	0
FBGN0025820	11	12	23	18	23	22
FBGN0053284	0	0	0	0	0	0
FBGN0036255	9	2	8	2	14	24
FBGN0035461	5	13	11	15	8	6
FBGN0015793	8	5	6	5	13	7
FBGN0035542	21	24	24	24	28	19
FBGN0000451	2	9	1	4	4	8
FBGN0036813	92	87	161	76	93	112
FBGN0028416	0	0	0	0	0	0
FBGN0036759	0	2	2	0	0	1
FBGN0004108	251	178	378	323	475	417
FBGN0003943	165	129	257	149	314	242
FBGN0044452	107	102	117	130	167	172
FBGN0260874	0	1	0	2	0	3
FBGN0036497	0	0	0	0	0	0
FBGN0260644	0	0	0	0	0	0
FBGN0035787	0	0	0	0	0	0
FBGN0035122	52	55	73	56	75	68
FBGN0003410	58	37	64	39	83	72
FBGN0036945	0	1	0	0	0	6
FBGN0036557	49	31	109	51	51	48
FBGN0027055	101	98	161	85	117	97
FBGN0086680	601	390	779	419	792	675
FBGN0010786	27	26	45	31	56	38
FBGN0036229	0	0	0	0	0	0
FBGN0022935	225	130	249	154	194	241
FBGN0052847	0	0	0	0	0	0
FBGN0035471	294	215	434	236	292	337
FBGN0045823	259	138	260	200	402	276
FBGN0036179	0	0	0	0	0	0
FBGN0035254	31	30	29	11	21	27
FBGN0005626	1	0	2	2	0	4
FBGN0036656	0	0	0	0	0	0
FBGN0259748	0	0	0	0	0	0
FBGN0036102	0	0	0	0	0	0
FBGN0036861	0	0	0	0	0	0
FBGN0087035	1321	1033	1850	1027	1300	1247
FBGN0035695	0	0	0	0	0	0
FBGN0035980	26	24	32	20	22	28
FBGN0041094	398	342	573	412	634	462
FBGN0036953	0	0	0	0	0	0
FBGN0035989	25	18	20	29	28	35
FBGN0035857	0	0	0	0	0	0
FBGN0036337	75	67	112	72	86	72
FBGN0283500	81	73	143	62	99	92
FBGN0264748	0	0	1	0	0	2
FBGN0035711	0	1	0	0	0	0
FBGN0036321	0	0	0	0	0	0
FBGN0264725	0	0	0	0	0	0
FBGN0035504	0	0	0	0	0	0
FBGN0052187	0	1	0	0	0	1
FBGN0022709	3	0	0	0	4	0
FBGN0283724	213	179	281	230	201	192
FBGN0035532	96	76	165	38	55	80
FBGN0053286	0	1	0	0	0	0
FBGN0262937	55	39	60	37	60	47
FBGN0035510	80	70	83	27	73	92
FBGN0261353	21	43	39	15	26	22
FBGN0002842	0	0	0	0	0	0
FBGN0017430	63	65	135	54	62	81
FBGN0035957	0	5	4	2	6	2
FBGN0037018	13	8	16	26	20	16
FBGN0016036	0	2	2	0	0	0
FBGN0036354	155	146	231	149	181	175
FBGN0036986	0	0	0	0	0	0
FBGN0053965	0	0	0	0	0	0
FBGN0000404	435	385	665	387	590	535
FBGN0026376	39	25	40	17	44	47
FBGN0035476	0	0	0	0	0	0
FBGN0035777	0	1	2	1	2	1
FBGN0262788	0	0	0	0	0	0
FBGN0036769	20	9	16	17	18	10
FBGN0037020	106	96	141	82	111	98
FBGN0052484	32	30	40	47	41	32
FBGN0011335	81	67	106	57	93	64
FBGN0052476	0	1	0	0	0	0
FBGN0035767	38	49	54	37	50	43
FBGN0036290	297	269	536	228	320	266
FBGN0035545	0	0	0	0	0	0
FBGN0000115	78	89	126	70	114	93
FBGN0013342	0	0	0	0	0	0
FBGN0036580	77	70	133	50	75	87
FBGN0036822	0	0	0	0	0	0
FBGN0035713	232	186	364	240	329	354
FBGN0025682	116	119	198	120	187	117
FBGN0041623	0	0	0	0	0	0
FBGN0036176	0	0	0	0	0	0
FBGN0036696	25	12	30	20	27	23
FBGN0010452	486	347	708	401	489	571
FBGN0020509	0	0	0	0	0	0
FBGN0052150	2	4	8	4	3	8
FBGN0020640	1	0	1	0	0	0
FBGN0052141	0	0	1	0	1	0
FBGN0265268	0	0	0	0	0	1
FBGN0035570	0	0	0	0	0	0
FBGN0004516	0	0	0	0	0	0
FBGN0035192	0	0	0	0	0	0
FBGN0027790	327	260	462	267	334	313
FBGN0035928	0	0	0	0	0	0
FBGN0036152	6	5	15	4	12	3
FBGN0040060	0	3	6	0	0	0
FBGN0054025	0	0	0	0	0	0
FBGN0020765	0	0	0	0	0	0
FBGN0052405	0	0	0	2	0	0
FBGN0040828	0	0	0	0	0	0
FBGN0262592	0	0	0	0	0	0
FBGN0036680	1	0	0	1	0	0
FBGN0053234	0	0	0	0	0	0
FBGN0015829	53	50	67	39	49	66
FBGN0040696	0	0	0	1	0	0
FBGN0041160	10	24	16	11	20	27
FBGN0020645	0	0	0	0	0	0
FBGN0262984	0	0	0	0	0	0
FBGN0036516	104	101	127	77	117	83
FBGN0263603	372	219	399	182	268	365
FBGN0052344	180	180	234	146	185	198
FBGN0036640	71	62	103	42	61	61
FBGN0040816	0	0	0	0	0	0
FBGN0036145	0	0	1	0	0	0
FBGN0041164	162	160	221	87	127	130
FBGN0028668	0	0	0	0	0	0
FBGN0264693	313	216	368	252	427	310
FBGN0061515	166	126	174	100	206	165
FBGN0035355	7	15	17	6	3	8
FBGN0015585	0	0	0	0	0	0
FBGN0035766	71	52	94	44	97	66
FBGN0036665	1	7	10	2	6	6
FBGN0262842	0	0	0	0	0	0
FBGN0036820	17	22	41	4	29	11
FBGN0052082	93	86	125	49	74	75
FBGN0004380	25	23	22	22	26	19
FBGN0035203	83	59	150	58	102	75
FBGN0263106	338	175	330	184	209	364
FBGN0052069	21	25	38	26	25	29
FBGN0036910	0	0	0	0	0	0
FBGN0020641	0	0	0	2	5	1
FBGN0260008	313	344	554	331	265	238
FBGN0036323	0	0	0	0	0	3
FBGN0036602	3	0	1	0	0	0
FBGN0028504	28	37	61	32	55	27
FBGN0042712	184	93	181	115	175	149
FBGN0266456	0	0	0	0	0	0
FBGN0085273	0	0	0	0	0	0
FBGN0052195	1	9	5	3	1	5
FBGN0023001	85	83	138	82	137	142
FBGN0260431	2	8	7	0	1	7
FBGN0035719	0	0	1	0	0	0
FBGN0036015	0	0	0	0	0	0
FBGN0035110	74	58	150	77	75	92
FBGN0264000	0	0	0	0	0	0
FBGN0035805	47	21	83	27	44	33
FBGN0036950	0	0	0	0	0	0
FBGN0045477	0	0	0	0	0	0
FBGN0036747	0	0	0	0	0	0
FBGN0052270	0	0	0	0	0	0
FBGN0035702	9	7	6	11	12	2
FBGN0035769	154	84	141	142	140	142
FBGN0036685	105	103	183	104	164	143
FBGN0036340	282	263	447	322	447	366
FBGN0052365	19	22	40	10	10	6
FBGN0004427	0	0	0	0	0	0
FBGN0026418	1716	1352	2277	1177	1624	1782
FBGN0036156	0	0	0	0	0	0
FBGN0037175	0	0	0	0	0	0
FBGN0263601	222	190	329	197	246	225
FBGN0036920	74	48	81	32	42	54
FBGN0040507	0	0	0	0	0	0
FBGN0020251	58	30	54	35	43	51
FBGN0003041	232	142	288	192	230	261
FBGN0042630	0	0	0	0	0	0
FBGN0037207	18	15	26	6	27	18
FBGN0036766	0	0	1	1	0	231
FBGN0036887	55	49	85	28	47	37
FBGN0266136	0	0	0	0	0	0
FBGN0036461	0	0	0	0	0	0
FBGN0036403	0	0	0	0	0	0
FBGN0035968	4	8	6	0	0	0
FBGN0036998	15	21	28	19	23	11
FBGN0004593	0	0	0	0	0	0
FBGN0035736	0	0	0	0	0	0
FBGN0004167	1425	594	1171	700	1084	786
FBGN0052182	0	0	0	0	0	1
FBGN0005198	124	86	150	119	167	204
FBGN0036112	0	0	0	0	0	0
FBGN0036979	0	0	0	0	1	0
FBGN0035103	107	111	147	106	162	161
FBGN0037138	264	196	289	201	281	270
FBGN0085282	0	4	0	0	1	0
FBGN0036785	0	0	0	0	0	0
FBGN0010246	132	135	247	98	180	183
FBGN0036544	0	1	0	0	0	0
FBGN0052438	112	124	189	136	143	111
FBGN0037200	44	46	72	27	49	51
FBGN0259703	0	0	0	0	0	0
FBGN0263761	0	0	0	0	0	0
FBGN0037141	36	20	67	33	44	43
FBGN0035455	0	0	0	0	0	0
FBGN0052079	0	0	0	0	0	0
FBGN0052392	0	0	1	2	2	2
FBGN0005386	111	62	121	70	109	89
FBGN0260430	0	0	0	0	4	0
FBGN0036576	151	110	173	95	170	202
FBGN0016013	0	0	2	5	5	3
FBGN0000629	136	102	184	133	153	139
FBGN0058160	171	196	302	158	184	182
FBGN0035371	198	155	307	150	245	222
FBGN0035585	0	0	0	0	0	0
FBGN0016696	166	126	196	92	137	141
FBGN0024804	419	427	660	342	427	375
FBGN0035397	250	183	348	209	361	289
FBGN0263607	11	1	9	7	6	6
FBGN0052425	93	59	141	91	112	105
FBGN0052113	63	56	74	78	91	78
FBGN0035768	0	0	0	0	0	0
FBGN0035985	7	3	8	5	0	5
FBGN0052040	0	0	0	0	0	0
FBGN0261816	0	0	0	0	0	0
FBGN0052462	0	0	0	0	0	0
FBGN0036677	64	75	115	89	113	63
FBGN0261997	0	0	0	0	0	0
FBGN0037092	77	115	152	89	177	130
FBGN0053057	2	3	1	5	2	2
FBGN0262870	1	0	0	0	1	0
FBGN0042178	31	5	24	10	0	2
FBGN0003292	54	55	70	55	122	89
FBGN0036451	409	318	545	344	538	474
FBGN0036202	0	0	0	0	1	0
FBGN0052072	0	0	0	0	0	0
FBGN0036593	0	0	0	0	0	0
FBGN0041709	0	0	0	0	0	0
FBGN0052102	0	0	0	0	0	0
FBGN0266540	0	0	0	0	0	0
FBGN0260653	742	528	923	453	699	665
FBGN0025455	146	118	187	121	198	170
FBGN0052278	21	6	29	12	19	15
FBGN0052452	18	33	35	17	26	19
FBGN0020224	53	45	64	48	92	87
FBGN0037191	0	0	0	0	0	0
FBGN0024194	65	65	104	45	39	34
FBGN0025776	0	1	0	0	0	0
FBGN0036780	0	0	0	0	0	0
FBGN0036838	123	92	182	91	109	126
FBGN0037144	1	0	0	0	0	0
FBGN0036654	0	0	0	0	0	0
FBGN0035608	0	0	1	1	0	0
FBGN0016081	199	197	289	258	335	311
FBGN0035594	0	0	0	0	0	0
FBGN0053971	0	0	0	0	1	1
FBGN0036142	5	6	7	2	10	4
FBGN0035176	0	0	0	0	0	0
FBGN0035360	0	0	0	0	0	1
FBGN0052302	4	3	0	2	0	299
FBGN0004414	0	0	0	0	0	0
FBGN0026061	9	3	5	26	36	21
FBGN0085371	0	0	0	0	0	0
FBGN0037117	28	15	24	9	17	24
FBGN0040805	0	0	0	0	0	0
FBGN0037013	0	0	0	0	0	0
FBGN0035949	0	0	0	0	0	0
FBGN0035239	0	0	0	0	0	0
FBGN0036893	14	6	27	10	14	19
FBGN0052054	0	0	0	0	0	0
FBGN0027500	194	99	220	158	206	186
FBGN0053985	0	0	0	0	0	31
FBGN0058002	0	0	0	0	0	0
FBGN0260388	78	50	98	57	81	113
FBGN0036964	105	48	94	103	80	72
FBGN0017572	239	181	355	175	337	252
FBGN0036343	0	0	0	0	0	0
FBGN0035953	50	61	72	65	67	78
FBGN0052264	202	130	241	177	275	219
FBGN0036670	0	0	2	2	0	0
FBGN0035813	6	1	1	0	1	4
FBGN0086916	0	0	0	0	0	0
FBGN0001248	1471	1251	2295	1123	1728	1599
FBGN0035496	0	1	1	0	2	1
FBGN0003076	63	48	84	47	85	59
FBGN0000045	7	7	4	10	4	5
FBGN0263248	0	0	0	0	0	0
FBGN0262518	78	91	141	53	120	83
FBGN0015321	62	61	117	68	111	90
FBGN0037000	39	22	99	65	80	61
FBGN0264001	0	0	0	0	0	0
FBGN0036485	0	0	0	0	0	0
FBGN0264489	4	10	7	2	1	4
FBGN0035657	0	0	0	0	0	0
FBGN0042201	0	0	1	0	0	0
FBGN0036713	0	0	0	0	0	0
FBGN0036393	0	0	0	0	0	0
FBGN0035909	466	413	630	398	621	629
FBGN0036031	0	0	0	0	0	0
FBGN0035313	0	0	0	0	0	7
FBGN0002872	86	48	114	57	63	69
FBGN0035300	1	0	3	0	0	1
FBGN0036784	0	0	0	0	0	0
FBGN0052246	0	0	0	0	0	0
FBGN0052845	0	0	1	0	0	0
FBGN0037204	0	0	0	0	0	0
FBGN0036057	0	0	0	0	0	0
FBGN0035933	0	0	0	0	0	0
FBGN0053262	0	0	0	0	0	0
FBGN0263911	104	104	186	75	85	123
FBGN0264848	207	163	302	169	200	170
FBGN0027085	31	43	51	41	52	57
FBGN0035520	44	30	52	29	48	25
FBGN0036489	60	49	109	30	65	40
FBGN0035479	0	0	0	0	0	0
FBGN0036262	6	4	20	7	2	5
FBGN0262519	1929	1698	2638	1448	2009	2061
FBGN0015218	319	325	490	248	402	411
FBGN0035283	23	14	34	15	40	29
FBGN0260660	51	33	69	34	37	31
FBGN0085480	0	0	0	0	0	0
FBGN0035817	0	0	0	0	0	0
FBGN0025866	166	138	239	77	101	88
FBGN0260859	62	58	106	36	55	70
FBGN0085267	0	0	0	0	0	0
FBGN0035567	0	0	0	0	0	0
FBGN0036846	164	163	196	133	136	155
FBGN0024887	97	46	93	77	82	107
FBGN0036818	6	6	9	2	13	8
FBGN0263251	75	69	118	59	135	91
FBGN0052354	10	3	14	11	13	21
FBGN0035622	215	139	278	208	299	245
FBGN0001259	44	46	88	49	69	75
FBGN0036520	0	0	0	0	0	0
FBGN0028697	2269	2000	3421	1620	2074	2068
FBGN0035348	0	1	2	2	5	0
FBGN0004619	0	0	0	0	0	0
FBGN0085295	0	0	0	0	0	0
FBGN0035669	0	0	0	0	0	0
FBGN0037151	6	1	7	8	10	2
FBGN0036790	0	0	0	0	0	0
FBGN0026409	527	506	909	385	564	542
FBGN0262580	0	0	0	0	0	0
FBGN0035262	6	0	2	1	2	1
FBGN0283479	1	0	5	1	0	4
FBGN0047178	9	13	17	20	12	6
FBGN0036708	0	0	0	0	0	0
FBGN0036194	133	111	167	61	86	126
FBGN0261109	58	68	70	47	65	36
FBGN0035385	0	0	0	0	0	0
FBGN0262987	8	21	32	27	20	17
FBGN0016031	39	18	28	27	11	15
FBGN0284236	0	0	0	0	0	0
FBGN0036832	0	0	0	0	0	0
FBGN0261507	0	0	0	0	0	0
FBGN0036888	190	177	285	130	211	258
FBGN0052206	0	0	0	0	0	0
FBGN0262535	0	0	0	0	0	0
FBGN0029113	1188	1115	1741	843	1326	1297
FBGN0260481	0	0	0	0	1	0
FBGN0037093	246	143	310	137	157	173
FBGN0035648	0	0	0	0	0	0
FBGN0082598	309	246	453	239	402	300
FBGN0052064	0	0	0	0	0	0
FBGN0264605	1	0	2	0	0	3
FBGN0036501	19	10	10	12	13	16
FBGN0260393	0	0	0	0	0	37
FBGN0035337	33	26	56	20	30	36
FBGN0037064	0	0	0	0	0	0
FBGN0040634	2	3	3	0	3	0
FBGN0011591	226	199	288	189	230	240
FBGN0035554	0	0	0	0	0	0
FBGN0036600	0	0	1	0	2	0
FBGN0053489	0	0	0	0	0	0
FBGN0036837	35	44	73	40	36	52
FBGN0035952	0	0	0	0	0	0
FBGN0036361	0	0	1	0	0	25
FBGN0036121	22	22	29	14	9	11
FBGN0042177	112	105	120	115	94	151
FBGN0035267	108	64	115	89	138	159
FBGN0063667	1	0	0	0	0	0
FBGN0035244	61	38	96	43	54	56
FBGN0036083	0	0	0	0	0	0
FBGN0010350	77	52	95	71	77	80
FBGN0284444	0	0	0	0	0	0
FBGN0261536	0	0	0	0	0	0
FBGN0036716	0	0	1	0	1	0
FBGN0035211	32	23	51	30	38	27
FBGN0040797	0	0	0	0	0	0
FBGN0259200	0	0	0	0	0	1
FBGN0052075	47	45	103	66	94	71
FBGN0036091	0	0	0	0	0	0
FBGN0266437	0	0	0	0	0	0
FBGN0036913	64	29	51	46	52	60
FBGN0015360	6	5	18	9	8	15
FBGN0035965	25	20	45	28	36	35
FBGN0035833	20	20	37	9	6	2
FBGN0052068	39	28	74	26	31	15
FBGN0029152	129	145	229	96	166	149
FBGN0013718	187	134	244	162	260	249
FBGN0036364	0	0	1	0	0	0
FBGN0035522	126	87	188	171	227	150
FBGN0263199	12	13	10	14	11	17
FBGN0262516	0	0	0	0	0	0
FBGN0052318	0	0	0	0	0	0
FBGN0036778	0	0	0	0	0	0
FBGN0036643	7	5	6	3	6	11
FBGN0037037	0	0	0	0	0	0
FBGN0036874	0	0	0	0	0	0
FBGN0040799	0	0	0	0	0	0
FBGN0010909	633	474	781	483	766	681
FBGN0036756	0	0	0	0	0	0
FBGN0035557	13	6	8	13	6	10
FBGN0045770	0	0	0	0	1	0
FBGN0013717	50	28	94	50	73	87
FBGN0036133	45	47	69	53	96	74
FBGN0036367	0	0	0	0	0	0
FBGN0261556	83	52	94	104	111	85
FBGN0036686	297	258	386	207	230	224
FBGN0036951	1	3	5	28	12	1508
FBGN0035552	0	0	0	0	0	0
FBGN0043550	0	0	0	0	0	1
FBGN0036787	0	3	3	1	2	1
FBGN0037069	0	0	0	0	0	0
FBGN0262139	75	62	139	63	134	99
FBGN0036734	221	144	250	127	240	232
FBGN0035926	0	0	0	0	0	0
FBGN0020412	200	169	265	141	253	254
FBGN0035143	0	0	0	0	0	0
FBGN0035763	111	107	136	123	166	144
FBGN0037081	91	38	97	71	97	68
FBGN0037128	2	5	16	5	17	13
FBGN0036502	1	2	4	6	4	1
FBGN0053260	21	29	50	11	25	21
FBGN0036560	0	0	0	0	0	0
FBGN0036782	1	0	4	0	0	0
FBGN0035161	0	0	0	0	0	0
FBGN0037122	0	0	0	0	0	0
FBGN0036139	0	0	0	0	0	0
FBGN0261258	763	735	950	596	703	743
FBGN0035280	0	0	0	0	0	0
FBGN0036018	106	90	147	107	102	123
FBGN0036346	0	0	0	0	0	2
FBGN0036155	89	50	99	61	69	90
FBGN0037184	41	9	54	16	14	7
FBGN0037137	676	532	1072	471	763	758
FBGN0036931	0	0	6	10	1	0
FBGN0036550	0	0	1	0	0	0
FBGN0035999	11	9	10	7	12	12
FBGN0035799	0	0	0	0	0	0
FBGN0262099	0	0	0	0	0	0
FBGN0035640	122	101	179	94	105	115
FBGN0266667	77	78	135	101	106	96
FBGN0036899	51	31	71	28	60	60
FBGN0035921	0	2	0	0	0	1
FBGN0036372	154	128	214	117	193	139
FBGN0036274	0	0	0	0	0	0
FBGN0036536	6	7	9	5	4	6
FBGN0005640	92	70	150	110	118	117
FBGN0026252	915	728	1217	795	901	895
FBGN0052221	2	1	14	2	5	4
FBGN0035316	0	0	0	0	0	0
FBGN0052445	0	0	0	0	0	0
FBGN0036056	0	0	0	0	0	0
FBGN0035427	7	3	2	3	1	8
FBGN0036607	0	0	0	0	0	0
FBGN0036710	274	214	346	213	269	249
FBGN0016715	8	6	10	5	10	11
FBGN0260458	0	0	0	2	0	0
FBGN0035795	0	0	0	0	0	0
FBGN0035887	0	0	0	0	0	0
FBGN0002945	329	225	415	293	442	385
FBGN0036482	0	0	0	0	0	0
FBGN0036352	0	0	0	0	0	0
FBGN0036257	57	49	102	48	87	77
FBGN0035848	13	13	21	12	17	10
FBGN0004910	2	2	1	0	0	1
FBGN0052199	0	0	0	0	0	0
FBGN0260397	90	54	122	73	112	103
FBGN0261530	39	45	45	45	78	58
FBGN0037078	0	0	0	0	0	0
FBGN0036192	15	15	12	10	11	15
FBGN0053993	10	14	17	16	26	30
FBGN0036938	0	0	0	0	0	0
FBGN0035951	92	75	138	88	89	93
FBGN0036947	0	0	0	0	0	33
FBGN0020644	0	0	0	0	0	0
FBGN0052091	30	34	43	26	20	31
FBGN0011762	78	56	84	38	66	65
FBGN0267348	920	812	1245	948	1435	1326
FBGN0036704	0	0	0	0	0	0
FBGN0026404	168	187	308	126	179	169
FBGN0036419	0	0	0	0	1	0
FBGN0036689	16	14	27	6	9	5
FBGN0261526	20	20	38	50	48	31
FBGN0036879	0	0	0	0	0	0
FBGN0037115	1	0	0	1	0	0
FBGN0053926	0	0	0	0	3	0
FBGN0035372	79	66	110	52	48	73
FBGN0036177	0	0	0	0	0	0
FBGN0266757	0	0	0	0	0	0
FBGN0036831	0	0	0	0	0	7
FBGN0036538	15	14	31	20	16	22
FBGN0015805	867	757	1271	708	954	1065
FBGN0035923	56	52	77	41	38	26
FBGN0036799	0	0	0	0	0	0
FBGN0085290	2	9	14	18	6	14
FBGN0086611	0	0	0	0	0	0
FBGN0000212	1016	792	1313	863	979	1157
FBGN0052232	0	0	0	0	0	0
FBGN0085456	0	0	0	0	0	0
FBGN0054057	2	0	0	0	0	0
FBGN0035704	51	39	47	42	40	49
FBGN0260657	0	0	0	0	0	0
FBGN0036094	2	0	2	0	0	0
FBGN0040291	0	0	0	0	0	0
FBGN0052179	9	8	13	4	19	20
FBGN0035772	413	421	597	327	470	387
FBGN0020388	177	159	247	146	199	193
FBGN0035173	1	2	4	1	6	3
FBGN0000568	527	400	752	487	838	695
FBGN0036974	538	505	878	525	566	532
FBGN0015239	124	110	236	128	161	176
FBGN0035462	59	58	86	73	105	63
FBGN0035157	14	8	26	11	12	21
FBGN0035148	42	69	85	45	58	63
FBGN0001224	4657	3694	7353	2772	2215	2338
FBGN0085297	0	0	0	0	0	0
FBGN0004888	317	283	492	258	395	332
FBGN0037140	0	0	0	0	0	0
FBGN0041194	1	15	4	5	3	0
FBGN0260646	0	0	0	0	0	0
FBGN0036891	18	7	29	8	11	15
FBGN0010825	425	322	507	336	590	506
FBGN0052391	0	0	0	0	0	0
FBGN0263606	13	7	9	5	8	6
FBGN0083068	0	0	0	0	0	0
FBGN0035945	28	33	40	18	41	45
FBGN0037164	98	36	126	40	133	140
FBGN0040074	0	0	0	0	0	0
FBGN0015904	200	136	258	119	201	165
FBGN0035233	6	2	17	6	7	2
FBGN0035954	47	47	66	48	57	65
FBGN0036258	1104	857	1740	895	1353	1292
FBGN0286893	0	0	0	0	0	0
FBGN0040475	97	100	218	121	149	138
FBGN0037107	0	0	0	0	0	0
FBGN0011653	425	296	530	349	509	489
FBGN0002778	105	135	163	127	178	206
FBGN0052376	0	0	0	0	0	0
FBGN0010235	269	233	374	232	284	326
FBGN0053983	0	0	0	0	0	48
FBGN0035607	0	0	0	0	0	0
FBGN0035844	589	509	762	655	961	1011
FBGN0036801	29	27	18	18	27	23
FBGN0052407	1	1	4	0	0	1
FBGN0036687	0	0	0	0	0	1
FBGN0035831	38	42	78	40	27	37
FBGN0028999	0	4	0	0	0	0
FBGN0035256	0	0	0	0	0	0
FBGN0053710	0	0	0	0	0	0
FBGN0036286	123	79	121	87	109	126
FBGN0036391	0	0	0	0	1	0
FBGN0040322	10	5	29	4	11	8
FBGN0035529	22	14	15	12	24	25
FBGN0036591	0	0	0	0	1	0
FBGN0037001	142	148	237	140	184	187
FBGN0261635	0	0	0	0	0	0
FBGN0036342	15	16	16	16	18	15
FBGN0037076	3	7	8	3	3	12
FBGN0036498	0	0	0	0	0	0
FBGN0037008	37	22	43	36	36	40
FBGN0020637	0	0	0	0	0	0
FBGN0260965	77	52	79	62	81	75
FBGN0040298	56	33	55	36	41	34
FBGN0036366	5	4	8	3	15	14
FBGN0020638	0	0	0	0	0	0
FBGN0000541	874	743	1144	722	921	956
FBGN0036263	107	83	190	81	134	144
FBGN0036085	0	0	0	0	0	0
FBGN0035551	3	1	0	1	0	1
FBGN0053523	25	10	25	14	31	6
FBGN0035577	0	0	0	0	0	0
FBGN0035656	1	0	0	0	1	0
FBGN0036629	11	11	23	14	15	15
FBGN0259163	56	56	90	51	85	70
FBGN0036639	0	0	0	0	0	0
FBGN0035413	0	0	0	0	0	0
FBGN0036518	177	109	173	122	191	141
FBGN0052039	2	7	14	20	11	11
FBGN0052198	0	0	0	0	0	0
FBGN0035383	81	58	116	66	117	101
FBGN0027080	273	279	440	248	282	304
FBGN0035889	60	32	46	40	42	35
FBGN0000357	0	0	0	0	0	0
FBGN0036411	0	0	0	0	0	0
FBGN0036024	0	0	4	0	1	0
FBGN0035685	0	0	0	0	0	0
FBGN0052163	12	2	20	3	8	14
FBGN0011509	100	66	116	68	129	124
FBGN0015946	0	0	0	0	0	0
FBGN0263599	1253	974	1651	895	1321	1325
FBGN0035209	59	41	96	31	54	31
FBGN0035686	0	0	0	0	0	0
FBGN0036909	49	52	81	42	31	34
FBGN0035483	13	17	16	6	11	8
FBGN0036273	0	0	0	0	0	0
FBGN0261360	0	0	0	0	0	0
FBGN0036999	28	35	23	23	27	29
FBGN0266124	35	30	39	26	27	33
FBGN0010352	450	388	609	418	651	634
FBGN0036504	0	0	0	0	0	0
FBGN0036622	1	0	0	0	3	0
FBGN0261283	334	305	449	317	473	404
FBGN0036020	5	17	33	28	22	29
FBGN0035947	332	227	429	285	346	295
FBGN0261799	17	20	47	16	15	14
FBGN0036940	1	1	3	3	5	349
FBGN0040809	0	0	0	0	0	0
FBGN0010830	32	22	54	39	66	52
FBGN0264307	10	0	5	2	3	0
FBGN0040230	101	81	132	111	141	128
FBGN0036522	202	159	267	201	263	208
FBGN0035437	182	151	277	162	239	221
FBGN0036872	0	0	0	0	0	0
FBGN0262484	0	0	0	0	0	0
FBGN0259785	1104	906	1503	906	1194	1264
FBGN0260643	0	0	0	0	0	0
FBGN0261723	0	0	0	0	0	0
FBGN0035380	0	0	0	0	0	0
FBGN0035636	0	0	2	4	6	7
FBGN0035553	6	0	8	2	3	6
FBGN0037185	2	3	8	7	10	2
FBGN0035583	0	0	0	1	0	5
FBGN0020642	0	0	0	0	0	0
FBGN0036574	48	49	95	42	60	54
FBGN0035791	0	0	0	0	3	0
FBGN0262351	0	0	0	0	0	0
FBGN0250814	289	189	344	179	295	353
FBGN0036000	56	38	93	66	60	96
FBGN0036218	0	0	0	0	0	0
FBGN0020294	297	217	330	212	264	320
FBGN0035824	11	1	15	7	12	7
FBGN0037195	0	0	0	0	0	0
FBGN0036942	0	0	0	1	0	0
FBGN0035988	0	0	0	1	0	0
FBGN0052260	0	0	0	0	1	0
FBGN0267429	0	0	0	0	0	0
FBGN0262100	0	0	0	0	0	0
FBGN0035453	0	0	0	0	0	0
FBGN0036360	0	0	0	0	1	0
FBGN0037068	0	0	0	0	0	0
FBGN0052432	0	0	0	0	0	0
FBGN0037031	13	9	18	14	20	28
FBGN0263605	134	119	161	92	111	138
FBGN0035335	53	58	83	44	59	60
FBGN0036935	0	0	0	0	0	0
FBGN0040697	0	0	0	0	0	0
FBGN0036793	0	0	0	0	0	0
FBGN0260635	469	403	792	452	847	677
FBGN0035152	0	5	4	3	4	7
FBGN0017429	10	11	17	17	17	7
FBGN0052112	6	8	5	5	7	10
FBGN0036962	0	0	0	0	0	0
FBGN0003206	52	29	63	44	73	48
FBGN0035665	2	4	1	2	2	0
FBGN0263988	0	0	0	0	0	0
FBGN0035785	0	0	0	0	0	0
FBGN0035625	180	162	307	154	296	214
FBGN0035521	0	0	0	0	0	0
FBGN0004425	0	0	0	0	0	0
FBGN0036096	289	231	424	211	276	241
FBGN0052117	0	0	0	0	0	0
FBGN0035238	29	25	55	21	34	34
FBGN0016794	81	59	110	53	117	85
FBGN0041775	728	699	1232	629	849	924
FBGN0259481	25	21	28	23	15	39
FBGN0267849	46	35	63	28	43	38
FBGN0042131	0	0	0	0	0	0
FBGN0036590	0	0	0	1	0	2
FBGN0053278	0	0	0	0	0	0
FBGN0260941	20	24	77	50	36	65
FBGN0261574	972	746	1145	813	1116	1077
FBGN0001108	241	182	342	207	312	313
FBGN0035312	1	0	1	2	1	0
FBGN0001253	1963	1747	2708	1636	2558	1982
FBGN0260968	0	0	0	0	0	0
FBGN0036170	0	0	0	0	0	0
FBGN0036014	0	0	0	0	1	0
FBGN0036684	50	31	53	35	50	62
FBGN0027660	224	113	279	137	231	189
FBGN0052371	0	0	0	0	0	0
FBGN0035272	39	26	64	37	40	49
FBGN0035153	2	5	1	1	1	0
FBGN0266696	370	260	379	221	327	249
FBGN0035240	0	0	0	0	0	0
FBGN0264707	59	53	80	50	62	83
FBGN0001256	1	7	0	5	16	4
FBGN0063670	67	38	49	46	33	38
FBGN0261294	0	0	0	0	0	0
FBGN0263034	0	0	0	0	0	0
FBGN0035888	0	0	1	0	0	0
FBGN0041171	302	256	441	250	475	419
FBGN0003462	440	451	785	364	467	535
FBGN0036279	194	176	295	166	236	208
FBGN0004635	0	3	6	3	3	4
FBGN0036750	0	0	0	3	0	1
FBGN0036729	0	0	0	0	0	0
FBGN0052266	0	0	0	0	0	0
FBGN0260936	218	164	305	192	277	246
FBGN0035743	0	0	0	0	0	0
FBGN0266101	54	27	71	53	83	77
FBGN0011693	0	0	0	0	0	0
FBGN0036410	1	14	7	2	0	1
FBGN0047000	0	0	0	0	0	0
FBGN0052457	0	0	0	0	0	0
FBGN0036382	1	1	4	11	7	1
FBGN0035523	351	299	504	410	536	499
FBGN0035563	0	0	0	0	0	0
FBGN0036417	0	0	1	0	4	0
FBGN0037199	151	99	207	101	140	155
FBGN0083952	9	7	16	5	11	10
FBGN0036199	14	6	14	5	7	8
FBGN0040796	12	8	11	25	60	34
FBGN0036221	0	0	0	0	0	0
FBGN0263647	0	0	0	0	0	0
FBGN0052190	316	311	509	281	469	414
FBGN0010215	610	609	947	524	558	583
FBGN0035179	0	0	0	0	2	0
FBGN0264516	0	0	0	0	0	0
FBGN0036859	0	0	0	0	0	0
FBGN0035867	40	33	51	24	43	44
FBGN0036433	78	111	145	104	258	142
FBGN0036598	0	0	1	0	0	0
FBGN0035969	0	0	0	0	0	0
FBGN0035750	0	0	0	0	0	0
FBGN0036225	0	0	0	0	0	11
FBGN0035687	0	0	0	0	0	0
FBGN0036705	0	0	0	0	0	0
FBGN0036918	124	113	244	146	110	154
FBGN0036547	130	102	193	163	226	220
FBGN0261858	0	0	0	0	0	0
FBGN0036466	0	0	0	0	0	0
FBGN0052277	0	0	0	0	0	0
FBGN0035228	56	36	123	55	98	92
FBGN0261952	0	0	0	0	0	0
FBGN0036826	5	14	8	5	6	8
FBGN0035533	193	198	283	176	247	204
FBGN0037206	1	0	2	1	0	0
FBGN0260987	232	232	348	234	246	210
FBGN0035793	359	275	548	257	448	394
FBGN0266084	73	60	102	86	100	102
FBGN0004381	12	2	12	13	5	6
FBGN0028429	40	49	66	29	25	53
FBGN0036952	3	0	2	21	5	590
FBGN0004449	1189	876	1392	998	1512	1495
FBGN0042119	0	0	0	0	0	0
FBGN0036487	110	78	170	117	155	103
FBGN0052249	6	2	23	1	4	1
FBGN0260396	0	0	0	0	0	0
FBGN0014011	86	71	131	57	104	97
FBGN0040801	17	21	26	27	63	52
FBGN0027554	72	78	119	67	97	78
FBGN0052192	0	0	0	0	0	0
FBGN0037036	0	0	0	0	0	0
FBGN0262896	0	0	0	0	0	0
FBGN0036556	72	109	110	71	101	92
FBGN0000116	1361	1225	2375	1164	1825	1710
FBGN0036381	0	1	4	1	6	3
FBGN0036191	70	51	76	86	121	90
FBGN0037005	0	0	0	0	0	0
FBGN0036217	0	0	0	0	0	0
FBGN0052238	0	0	0	0	0	0
FBGN0036610	0	0	0	0	0	0
FBGN0035432	123	62	133	87	155	144
FBGN0036195	0	0	0	0	0	0
FBGN0266441	80	39	77	66	85	69
FBGN0036596	10	10	12	1	3	6
FBGN0286833	0	0	3	1	6	2
FBGN0037203	0	0	1	0	1	0
FBGN0037071	16	11	31	4	30	22
FBGN0041100	53	20	61	22	31	27
FBGN0029117	35	19	66	21	22	20
FBGN0052203	0	0	0	0	0	0
FBGN0053170	16	25	34	23	35	17
FBGN0026570	43	23	54	4	13	13
FBGN0265084	0	0	0	0	0	0
FBGN0036730	0	0	0	0	1	0
FBGN0053060	0	0	0	0	0	0
FBGN0261059	0	0	0	0	0	0
FBGN0035586	18	15	25	23	23	25
FBGN0285896	28	21	31	27	41	51
FBGN0035393	51	23	64	49	48	38
FBGN0288310	47	44	55	56	62	58
FBGN0036259	0	0	0	0	0	0
FBGN0052479	532	366	685	439	587	569
FBGN0035776	0	0	0	0	0	0
FBGN0036752	1	1	3	5	5	6
FBGN0052320	0	0	0	0	0	0
FBGN0036058	90	114	164	128	211	170
FBGN0036053	150	121	220	101	183	145
FBGN0036178	0	0	0	0	0	0
FBGN0037106	59	59	105	51	74	52
FBGN0035268	64	19	46	33	47	54
FBGN0035216	0	0	0	0	0	0
FBGN0037181	10	166	178	30	50	68
FBGN0035876	8	13	11	7	15	11
FBGN0035788	0	0	0	0	0	0
FBGN0035675	71	56	163	47	91	70
FBGN0086694	303	247	395	233	329	310
FBGN0036029	0	0	0	0	0	0
FBGN0035294	110	84	113	64	84	60
FBGN0023129	3	4	8	6	24	21
FBGN0011828	29	23	30	18	37	37
FBGN0261402	0	0	0	0	0	0
FBGN0036881	0	0	0	0	0	0
FBGN0035574	69	43	80	42	75	43
FBGN0037011	72	63	98	46	46	58
FBGN0058470	3	0	2	0	0	1
FBGN0085485	0	0	0	0	0	0
FBGN0013303	27	43	51	32	26	16
FBGN0036220	0	0	0	0	0	0
FBGN0035741	0	0	0	0	0	0
FBGN0000121	0	0	0	0	0	0
FBGN0028695	1246	1034	1805	916	1492	1456
FBGN0035694	0	0	0	0	0	0
FBGN0035370	727	708	1155	531	782	706
FBGN0052100	14	15	29	15	21	25
FBGN0037120	16	5	2	3	7	6
FBGN0035444	12	13	13	8	15	19
FBGN0259175	142	74	174	113	145	129
FBGN0016034	8	5	0	0	1	2
FBGN0053796	0	0	0	0	0	0
FBGN0036810	0	0	0	0	0	0
FBGN0035742	0	0	0	0	0	0
FBGN0035409	0	0	0	0	1	0
FBGN0036621	36	32	62	38	67	51
FBGN0020655	60	72	118	76	118	144
FBGN0001227	519	457	775	239	319	289
FBGN0035166	11	12	21	9	14	18
FBGN0042185	38	19	30	23	30	17
FBGN0004870	2	0	1	0	2	1
FBGN0036421	0	0	0	0	0	0
FBGN0028789	66	58	137	55	97	71
FBGN0036742	1	1	1	0	6	6
FBGN0036131	0	0	0	0	0	0
FBGN0015283	511	426	795	371	503	520
FBGN0035422	886	873	1428	450	780	656
FBGN0262030	0	0	0	0	0	0
FBGN0085298	0	0	0	0	0	0
FBGN0085458	0	0	0	0	0	0
FBGN0036804	9	4	12	5	10	12
FBGN0036663	493	423	814	443	569	559
FBGN0013753	112	114	139	86	124	133
FBGN0037024	125	115	189	104	158	129
FBGN0264305	59	81	98	54	91	65
FBGN0036040	6	2	10	13	16	18
FBGN0036681	0	0	0	0	0	0
FBGN0035517	24	7	27	17	36	20
FBGN0052219	0	0	0	0	0	0
FBGN0035550	0	0	0	5	1	0
FBGN0052284	0	0	0	0	0	0
FBGN0250848	954	801	1396	1175	1586	1403
FBGN0036614	26	11	35	15	38	19
FBGN0037146	0	6	4	4	4	3
FBGN0052241	1	0	1	0	0	0
FBGN0263600	143	131	228	143	150	181
FBGN0036448	430	322	543	337	457	468
FBGN0052271	0	0	0	0	0	0
FBGN0016983	744	642	1121	567	774	841
FBGN0028484	58	37	111	51	88	101
FBGN0047038	37	82	103	50	68	62
FBGN0052374	0	0	0	0	0	0
FBGN0035299	0	0	0	0	0	0
FBGN0026738	42	70	82	16	65	44
FBGN0027547	88	92	164	75	167	116
FBGN0037085	0	0	0	0	0	0
FBGN0264747	0	0	0	0	0	0
FBGN0004926	490	527	913	419	542	653
FBGN0035464	358	264	481	288	470	380
FBGN0013799	94	77	118	53	111	109
FBGN0014163	3799	3411	5602	3042	4747	4392
FBGN0035434	0	2	0	0	2	0
FBGN0263602	9	12	18	4	14	9
FBGN0035513	0	4	0	0	5	0
FBGN0036569	41	23	50	41	35	20
FBGN0026259	778	580	1005	525	773	850
FBGN0027552	7	13	14	11	20	30
FBGN0001320	75	37	88	64	108	77
FBGN0014037	129	107	174	152	174	168
FBGN0001168	83	61	117	59	109	115
FBGN0036390	0	0	0	0	0	0
FBGN0085280	0	0	0	0	0	10
FBGN0037182	194	197	317	132	208	165
FBGN0283472	114	110	194	101	142	116
FBGN0036310	0	0	0	0	0	0
FBGN0036287	27	15	26	28	26	29
FBGN0035388	42	44	91	43	92	105
FBGN0261633	0	0	0	0	0	0
FBGN0011206	2	1	2	4	5	5
FBGN0036588	0	0	0	0	0	0
FBGN0262022	0	3	0	0	0	0
FBGN0035593	111	131	148	98	121	116
FBGN0027843	2	9	4	1	1	0
FBGN0043806	0	2	7	0	0	0
FBGN0036089	0	0	0	0	0	0
FBGN0040296	9	16	32	9	21	18
FBGN0035663	0	0	0	0	0	0
FBGN0035478	0	0	0	0	0	0
FBGN0035375	46	58	76	75	69	68
FBGN0052177	42	28	48	35	58	44
FBGN0266709	0	0	0	0	3	1
FBGN0036124	274	257	425	221	236	297
FBGN0262007	0	0	0	0	0	0
FBGN0020389	96	66	106	61	111	77
FBGN0040694	0	0	0	0	0	0
FBGN0052243	140	104	173	131	128	103
FBGN0087007	596	280	548	370	486	389
FBGN0266918	69	65	125	37	66	40
FBGN0004373	222	140	246	179	215	192
FBGN0261832	0	0	0	0	0	0
FBGN0021760	255	193	335	231	332	259
FBGN0036181	2	0	0	0	0	0
FBGN0000109	5	8	21	4	10	11
FBGN0020300	20	19	34	15	22	37
FBGN0053703	0	0	0	0	0	0
FBGN0036905	0	0	0	0	0	0
FBGN0004895	0	0	0	0	0	0
FBGN0035756	0	0	0	0	0	0
FBGN0053287	0	0	0	0	0	0
FBGN0035649	0	0	0	0	0	0
FBGN0035382	0	0	0	0	0	0
FBGN0286933	0	0	0	0	0	0
FBGN0040794	0	0	0	0	0	0
FBGN0035907	22	24	29	20	17	31
FBGN0036659	0	0	2	0	0	3
FBGN0003741	35	5	32	24	22	23
FBGN0020639	0	1	0	0	0	0
FBGN0010762	232	175	328	230	381	298
FBGN0036206	1	2	2	0	3	1
FBGN0261112	79	73	112	49	71	54
FBGN0035674	7	3	9	4	3	3
FBGN0004179	172	99	273	107	206	153
FBGN0052343	51	54	107	63	81	91
FBGN0010741	119	147	195	61	102	82
FBGN0053986	0	0	0	0	0	3
FBGN0003377	7	155	51	5	1	6
FBGN0085285	0	0	0	0	0	0
FBGN0086690	188	102	243	169	180	152
FBGN0037050	6	3	5	6	4	3
FBGN0250849	0	0	0	0	0	0
FBGN0260960	39	34	84	28	86	75
FBGN0083978	84	68	122	49	124	73
FBGN0036671	53	34	84	41	36	52
FBGN0036731	0	0	0	0	0	0
FBGN0035384	0	0	0	0	0	0
FBGN0035786	0	0	0	0	0	0
FBGN0036449	4	8	2	5	1	1
FBGN0036298	145	137	257	107	190	164
FBGN0013469	143	114	129	93	178	118
FBGN0035112	0	0	0	0	0	0
FBGN0259164	3	0	0	0	1	2
FBGN0036712	0	0	0	0	0	0
FBGN0263392	1197	761	1475	891	1332	1405
FBGN0025592	89	45	102	58	80	75
FBGN0037014	0	0	0	0	0	0
FBGN0036509	132	115	202	190	197	150
FBGN0036679	0	0	0	0	0	0
FBGN0035631	321	272	542	311	381	354
FBGN0025676	16	28	54	27	18	15
FBGN0036356	24	19	52	21	20	28
FBGN0036474	0	0	0	0	0	0
FBGN0000560	4	0	0	0	1	2
FBGN0035868	0	14	2	3	0	2
FBGN0037009	44	28	52	34	50	40
FBGN0035679	20	13	46	9	25	16
FBGN0036754	83	53	93	50	60	68
FBGN0003415	322	247	402	247	439	326
FBGN0036441	0	0	0	0	0	0
FBGN0037109	232	179	280	183	249	237
FBGN0035771	343	270	450	277	449	413
FBGN0036789	0	0	0	3	1	1
FBGN0052056	44	48	62	59	124	76
FBGN0036829	0	0	0	0	0	0
FBGN0260459	0	0	0	0	0	0
FBGN0036707	0	0	0	0	0	0
FBGN0035780	0	0	0	0	0	0
FBGN0011455	157	166	237	165	189	202
FBGN0261674	13	14	10	19	24	31
FBGN0037116	44	21	47	23	42	39
FBGN0036732	227	213	290	232	379	284
FBGN0011769	11	15	17	4	26	15
FBGN0040239	6	7	10	0	8	6
FBGN0017578	56	43	78	57	67	49
FBGN0036154	0	0	0	0	0	0
FBGN0085736	1	0	0	0	1	0
FBGN0287590	3	5	7	7	11	1
FBGN0036023	0	0	0	0	0	0
FBGN0266452	331	331	562	351	432	439
FBGN0035996	18	25	24	11	16	17
FBGN0262581	0	0	0	0	0	0
FBGN0036862	2	5	12	5	13	7
FBGN0020248	1	0	0	0	0	0
FBGN0052058	0	0	0	0	0	0
FBGN0264606	0	0	0	0	0	0
FBGN0287186	0	3	0	0	0	0
FBGN0036519	43	39	72	40	33	23
FBGN0035149	89	64	105	51	88	70
FBGN0036336	32	49	24	21	58	45
FBGN0259916	1	1	0	7	4	0
FBGN0052212	0	0	0	0	0	0
FBGN0264561	331	265	435	289	493	433
FBGN0036667	133	103	144	101	114	131
FBGN0036603	1	0	1	1	0	0
FBGN0261562	37	30	51	27	45	51
FBGN0259971	0	0	0	0	0	0
FBGN0036929	125	118	190	133	121	161
FBGN0004401	1908	1763	2733	1497	2076	2263
FBGN0036184	131	85	142	70	92	120
FBGN0035197	0	0	0	0	0	0
FBGN0027364	0	0	0	0	0	0
FBGN0035617	131	114	213	125	183	161
FBGN0040798	0	0	0	0	0	0
FBGN0035134	0	0	0	0	0	0
FBGN0035871	282	228	423	212	310	298
FBGN0036868	0	0	0	0	0	0
FBGN0002284	354	319	618	294	484	426
FBGN0036770	14	8	10	10	19	10
FBGN0023197	0	0	0	0	0	0
FBGN0287585	69	63	119	69	99	88
FBGN0263036	0	0	0	0	0	0
FBGN0035678	0	0	0	0	0	0
FBGN0036698	7	6	16	9	12	26
FBGN0035287	0	0	0	0	0	0
FBGN0053771	0	0	0	0	0	0
FBGN0035847	0	0	0	0	0	0
FBGN0052071	0	0	0	0	0	0
FBGN0004590	0	0	0	0	0	0
FBGN0036996	0	5	2	1	0	0
FBGN0028427	138	109	160	110	148	151
FBGN0035816	0	0	0	0	2	0
FBGN0001226	5107	4008	7927	4971	7132	6128
FBGN0053688	0	0	0	0	0	0
FBGN0035477	0	0	0	0	0	0
FBGN0004513	0	0	0	0	0	1
FBGN0036099	48	44	89	43	79	59
FBGN0036136	120	115	193	86	151	130
FBGN0022774	5	28	40	13	7	2
FBGN0035853	156	126	176	125	134	125
FBGN0036052	23	25	63	29	42	30
FBGN0035481	0	0	0	0	0	0
FBGN0287696	22	14	52	26	41	39
FBGN0054039	33	40	33	22	26	27
FBGN0014073	15	25	26	31	21	32
FBGN0262035	0	2	15	0	1	0
FBGN0036985	7	0	11	2	0	18
FBGN0036908	311	231	420	234	382	326
FBGN0037045	3	3	1	0	2	8
FBGN0035612	703	579	1053	664	1095	806
FBGN0052453	0	0	0	0	0	0
FBGN0035318	86	61	129	82	94	102
FBGN0052087	0	0	0	0	0	0
FBGN0004852	0	0	1	0	0	0
FBGN0040832	0	0	0	0	1	2
FBGN0010417	136	106	193	90	137	171
FBGN0261934	308	182	326	199	290	317
FBGN0044050	0	0	0	0	0	0
FBGN0262855	0	0	0	0	0	0
FBGN0036266	7	6	10	12	13	18
FBGN0025582	902	680	1369	719	1071	952
FBGN0035866	25	28	64	36	38	54
FBGN0036821	14	16	27	16	15	40
FBGN0259720	36	8	58	21	21	41
FBGN0036760	8	15	13	11	11	24
FBGN0023479	7	18	31	2	9	7
FBGN0037172	0	0	0	0	0	0
FBGN0063485	141	129	261	120	225	195
FBGN0035737	25	17	49	14	17	29
FBGN0052103	58	77	74	26	75	57
FBGN0261090	0	0	0	0	0	0
FBGN0035823	0	0	0	0	0	0
FBGN0036941	0	0	0	0	0	0
FBGN0037065	0	0	0	0	0	1
FBGN0036579	19	26	51	18	20	19
FBGN0259969	0	0	0	0	0	0
FBGN0001216	0	1	0	0	0	0
FBGN0036500	184	140	259	152	178	232
FBGN0035779	0	0	0	0	1	0
FBGN0000594	0	0	1	0	0	0
FBGN0263831	25	27	42	20	14	18
FBGN0037163	0	0	0	0	0	0
FBGN0011327	389	363	646	280	377	316
FBGN0036811	66	47	111	47	86	70
FBGN0026320	85	85	133	99	136	131
FBGN0036994	38	24	62	25	49	40
FBGN0261445	119	90	144	93	143	136
FBGN0005533	1195	1004	2030	650	982	921
FBGN0035942	25	23	35	10	25	40
FBGN0259739	0	0	0	0	0	0
FBGN0043025	0	0	0	0	0	0
FBGN0261565	88	71	169	68	108	137
FBGN0259174	252	136	296	192	216	229
FBGN0052436	0	0	1	4	0	0
FBGN0036237	92	65	100	67	104	94
FBGN0004589	0	0	0	0	0	0
FBGN0036377	0	0	0	0	0	0
FBGN0262719	244	150	280	202	303	294
FBGN0035936	39	34	68	47	54	56
FBGN0003089	71	39	107	76	92	82
FBGN0027339	313	252	396	290	432	386
FBGN0036022	0	0	0	0	0	0
FBGN0003710	0	0	0	0	0	0
FBGN0037150	37	46	70	36	73	72
FBGN0035861	0	0	0	0	0	0
FBGN0011569	0	0	0	0	0	0
FBGN0264696	0	0	0	0	0	0
FBGN0262813	0	0	0	0	0	0
FBGN0036915	70	85	126	105	143	125
FBGN0052095	29	27	59	35	65	46
FBGN0052152	0	1	1	0	0	0
FBGN0035285	21	12	17	17	21	20
FBGN0026263	222	156	240	189	212	162
FBGN0259243	112	106	132	68	128	100
FBGN0052301	0	0	0	0	0	0
FBGN0005694	38	26	52	37	49	58
FBGN0001228	1	0	0	0	2	0
FBGN0035916	41	24	49	31	31	41
FBGN0263241	16	13	26	10	12	14
FBGN0035720	427	440	1040	441	821	600
FBGN0036490	0	0	0	0	0	0
FBGN0085277	0	0	0	0	0	0
FBGN0287184	10	19	17	3	4	7
FBGN0036924	0	0	0	0	0	0
FBGN0035263	0	0	0	0	0	0
FBGN0266962	0	0	0	0	0	0
FBGN0035762	53	58	93	36	57	88
FBGN0036668	207	169	265	148	220	214
FBGN0036527	0	0	0	0	0	0
FBGN0035800	0	0	0	0	0	0
FBGN0286941	0	0	0	0	0	0
FBGN0040020	66	55	142	75	89	93
FBGN0036775	30	47	63	30	34	35
FBGN0001254	9587	7894	15038	12599	17418	14553
FBGN0036676	0	0	0	0	3	0
FBGN0262524	4	8	12	7	5	1
FBGN0263352	147	151	237	175	288	203
FBGN0052085	0	0	0	0	0	0
FBGN0035246	1	0	2	0	0	0
FBGN0035187	0	0	0	0	0	0
FBGN0035470	54	40	54	33	52	62
FBGN0041231	0	0	0	0	0	0
FBGN0262986	0	0	0	0	0	0
FBGN0052311	69	61	67	70	59	73
FBGN0053159	0	0	0	0	0	0
FBGN0035918	72	60	70	31	74	70
FBGN0036977	0	0	0	0	0	0
FBGN0035584	0	0	1	0	0	0
FBGN0037179	0	0	0	0	0	0
FBGN0036856	21	31	22	15	30	17
FBGN0035690	38	24	67	40	73	35
FBGN0036436	248	247	303	287	416	393
FBGN0015919	115	99	190	139	181	174
FBGN0036332	9	1	19	13	22	12
FBGN0004228	0	0	0	0	0	0
FBGN0263973	0	0	0	0	0	0
FBGN0052208	0	0	0	0	0	0
FBGN0052228	0	0	0	0	0	0
FBGN0035227	71	40	94	67	87	92
FBGN0037127	16	18	44	16	26	22
FBGN0036368	0	0	0	0	0	0
FBGN0052406	0	0	0	0	0	0
FBGN0035975	0	3	0	0	0	0
FBGN0036816	222	199	324	245	357	303
FBGN0035097	0	0	0	0	0	0
FBGN0052029	54	46	101	64	57	66
FBGN0053912	0	0	0	0	0	0
FBGN0000565	83	57	116	73	80	92
FBGN0001085	241	183	326	209	348	295
FBGN0035253	391	266	445	208	241	258
FBGN0035281	1	0	3	1	0	0
FBGN0036764	47	50	76	68	106	94
FBGN0035856	0	0	0	0	0	0
FBGN0029002	911	885	1445	926	1170	998
FBGN0036777	8	11	4	8	6	4
FBGN0036512	126	133	211	128	153	146
FBGN0036075	0	0	0	0	0	0
FBGN0267796	0	0	0	1	1	0
FBGN0035196	0	0	0	0	0	0
FBGN0004569	27	23	38	16	43	37
FBGN0037017	22	11	37	24	23	13
FBGN0052262	0	0	0	0	0	0
FBGN0036396	6	18	15	3	22	10
FBGN0036186	0	0	0	0	0	0
FBGN0036795	0	0	0	0	0	0
FBGN0036428	10	10	27	12	8	10
FBGN0054002	0	0	0	0	0	0
FBGN0036900	7	12	12	9	20	7
FBGN0025525	104	52	119	89	178	112
FBGN0042179	0	0	2	0	0	0
FBGN0035875	0	1	0	0	0	0
FBGN0035491	0	0	0	0	0	0
FBGN0011016	568	412	717	410	566	569
FBGN0264492	551	541	780	528	539	521
FBGN0035760	21	13	31	8	46	10
FBGN0035890	19	21	21	14	28	32
FBGN0036389	105	128	164	99	152	146
FBGN0035499	271	239	364	196	298	343
FBGN0035344	0	1	2	0	1	0
FBGN0035710	268	280	328	185	283	304
FBGN0264552	0	0	0	0	0	0
FBGN0035851	107	138	200	119	133	118
FBGN0036488	37	42	44	24	35	40
FBGN0035642	0	0	0	4	0	1
FBGN0035995	69	53	109	67	92	63
FBGN0036870	0	0	0	0	0	1
FBGN0035217	0	0	0	0	0	0
FBGN0035626	0	0	0	0	0	0
FBGN0036827	60	53	99	45	49	69
FBGN0085481	0	0	0	0	0	0
FBGN0047330	0	0	0	0	0	0
FBGN0085284	29	27	41	8	17	21
FBGN0010280	137	143	197	131	202	168
FBGN0037147	0	0	0	0	0	0
FBGN0036606	0	1	0	0	0	1
FBGN0036706	0	0	0	0	0	0
FBGN0036484	104	91	117	94	102	103
FBGN0025712	0	0	0	0	0	0
FBGN0036537	46	76	122	59	68	47
FBGN0036254	131	130	173	95	101	111
FBGN0262891	0	0	0	0	0	0
FBGN0028567	0	0	0	0	0	0
FBGN0259791	27	14	32	14	33	30
FBGN0085271	5	1	11	0	2	1
FBGN0015033	0	0	0	0	0	0
FBGN0037063	22	22	41	20	40	15
FBGN0035541	132	145	238	128	145	150
FBGN0004430	0	10	0	0	0	0
FBGN0259794	0	0	0	0	0	0
FBGN0035165	264	248	432	234	369	341
FBGN0004379	320	233	349	230	273	313
FBGN0036063	5	13	25	21	11	14
FBGN0043577	0	0	0	0	0	0
FBGN0086706	321	296	465	229	360	399
FBGN0003149	1	3	19	1	4	4
FBGN0025807	32	20	29	13	26	26
FBGN0036090	12	7	13	9	7	15
FBGN0260755	14	20	28	11	24	17
FBGN0036147	124	130	212	147	181	180
FBGN0260985	225	163	345	176	207	227
FBGN0035624	37	22	41	22	35	43
FBGN0015766	1202	974	1828	1353	2086	1871
FBGN0286051	123	127	200	127	160	153
FBGN0037019	78	58	98	49	53	79
FBGN0000414	65	52	114	86	85	90
FBGN0014143	0	0	0	0	0	0
FBGN0035703	26	36	53	43	34	53
FBGN0036224	1	0	4	0	3	0
FBGN0053288	0	0	0	0	0	0
FBGN0260795	40	45	69	36	66	66
FBGN0020633	691	715	1081	552	717	786
FBGN0036309	42	40	93	38	47	44
FBGN0023094	49	36	64	34	79	53
FBGN0035917	10	3	23	0	3	0
FBGN0287182	861	739	1163	691	774	680
FBGN0036486	141	127	239	163	269	236
FBGN0004552	0	0	0	0	0	0
FBGN0044028	84	60	129	79	139	132
FBGN0250789	2345	1898	3316	1823	2720	2463
FBGN0036246	0	0	0	0	0	0
FBGN0265089	0	0	0	0	0	0
FBGN0035154	0	0	0	0	1	2
FBGN0036066	0	0	0	0	0	0
FBGN0286567	64	68	129	70	121	84
FBGN0035900	25	23	36	26	47	30
FBGN0264478	0	0	0	1	0	1
FBGN0029167	93	95	87	34	55	60
FBGN0035231	0	0	0	0	0	0
FBGN0035515	129	78	217	95	107	96
FBGN0010333	106	118	161	96	148	128
FBGN0044049	0	0	0	0	0	0
FBGN0035880	3	0	0	2	0	0
FBGN0266347	0	1	0	0	0	0
FBGN0035141	86	75	102	46	79	85
FBGN0005536	253	235	340	246	275	290
FBGN0028500	47	30	80	51	81	76
FBGN0035121	1725	1750	2521	1717	2444	2516
FBGN0262529	0	0	0	1	0	0
FBGN0053269	0	0	0	0	0	0
FBGN0053647	0	0	0	0	0	0
FBGN0036107	52	39	77	38	60	55
FBGN0263387	0	0	0	0	0	0
FBGN0010894	296	256	457	205	271	258
FBGN0035169	17	9	26	8	10	17
FBGN0035872	377	302	601	310	524	461
FBGN0085411	13	9	10	0	1	1
FBGN0261361	0	0	0	0	0	0
FBGN0035641	0	0	0	5	1	3
FBGN0035726	267	215	370	278	375	360
FBGN0260442	470	357	614	441	547	534
FBGN0085447	0	0	0	0	0	0
FBGN0003378	1	39	23	1	0	3
FBGN0036850	61	45	50	30	42	63
FBGN0028663	50	19	62	32	32	32
FBGN0036282	3	0	2	4	4	1
FBGN0004052	0	0	0	0	0	0
FBGN0036462	111	100	192	93	118	106
FBGN0052396	0	0	0	0	0	0
FBGN0036007	336	308	479	281	401	383
FBGN0052259	0	0	0	0	0	0
FBGN0037186	1	3	0	2	0	4
FBGN0036300	55	46	59	40	70	42
FBGN0036583	0	0	0	0	0	0
FBGN0052073	0	0	0	0	0	0
FBGN0000411	0	2	0	0	0	0
FBGN0035140	9	3	9	5	5	10
FBGN0003042	29	14	57	31	59	45
FBGN0085300	0	0	0	0	0	0
FBGN0035458	0	0	0	0	0	0
FBGN0035812	27	29	42	31	45	26
FBGN0041147	112	52	116	82	84	84
FBGN0035293	13	10	18	7	6	3
FBGN0053285	1	0	0	0	0	0
FBGN0262623	0	0	0	0	0	0
FBGN0052109	35	49	62	23	25	30
FBGN0036072	0	0	0	0	0	0
FBGN0004623	0	0	0	0	0	0
FBGN0052305	0	0	0	0	0	0
FBGN0035827	41	32	74	31	63	51
FBGN0035708	0	1	1	0	0	1
FBGN0036161	0	0	0	0	0	0
FBGN0036825	2424	1757	3409	1315	2248	2037
FBGN0036969	0	0	0	0	0	0
FBGN0036534	328	223	412	236	415	344
FBGN0046296	19	14	38	18	32	18
FBGN0035879	89	75	137	113	109	93
FBGN0045759	0	0	0	0	0	0
FBGN0035727	0	0	0	0	0	0
FBGN0037124	0	0	0	0	0	0
FBGN0036294	0	0	0	0	0	0
FBGN0036353	33	31	43	13	37	50
FBGN0035733	0	0	0	0	0	0
FBGN0052110	0	0	0	0	2	0
FBGN0035449	18	19	20	14	23	34
FBGN0003250	0	0	0	0	0	0
FBGN0035181	20	21	19	25	55	33
FBGN0266417	0	2	2	2	1	0
FBGN0283649	73	52	82	67	85	79
FBGN0260655	91	83	144	97	111	115
FBGN0004636	130	140	200	141	174	127
FBGN0035488	47	47	64	46	73	57
FBGN0037121	205	126	246	137	159	180
FBGN0037073	384	269	476	259	343	395
FBGN0035512	2	3	2	3	1	2
FBGN0035568	0	0	0	0	0	0
FBGN0052026	3	0	0	0	0	0
FBGN0040512	289	197	454	228	280	250
FBGN0263219	2	4	1	26	51	33
FBGN0026189	264	263	372	252	361	379
FBGN0040814	0	0	0	0	0	0
FBGN0052461	0	0	0	0	0	0
FBGN0003486	0	0	0	0	0	0
FBGN0052383	0	0	0	0	0	0
FBGN0029114	590	416	753	499	650	692
FBGN0052441	232	179	321	190	273	202
FBGN0026593	0	0	3	0	0	0
FBGN0035718	0	0	0	0	0	0
FBGN0052373	6	5	7	34	57	59
FBGN0036460	173	156	230	105	134	179
FBGN0035537	10	10	17	12	17	12
FBGN0053258	0	0	0	0	0	0
FBGN0036528	0	0	0	0	0	0
FBGN0053795	0	0	0	0	0	0
FBGN0035792	0	0	0	0	0	0
FBGN0037135	98	112	208	108	166	190
FBGN0026160	581	473	877	619	883	923
FBGN0066365	0	5	1	0	2	1
FBGN0040323	105	79	133	135	192	177
FBGN0036093	0	0	0	0	0	0
FBGN0035722	30	30	43	26	28	33
FBGN0259933	7	4	8	9	6	5
FBGN0036043	79	68	123	84	98	91
FBGN0260480	0	0	0	0	0	0
FBGN0037074	147	166	275	150	229	195
FBGN0260434	0	0	0	0	0	0
FBGN0015278	155	112	233	114	210	195
FBGN0035104	0	0	0	0	3	3
FBGN0035873	0	0	0	0	0	0
FBGN0035241	0	0	0	0	0	0
FBGN0035696	84	81	85	61	70	74
FBGN0053257	0	0	0	0	0	0
FBGN0035405	76	52	123	50	80	89
FBGN0036228	0	0	0	2	0	40
FBGN0035693	0	0	1	0	0	0
FBGN0287592	0	0	0	0	0	0
FBGN0262787	0	0	0	0	0	0
FBGN0036923	0	0	0	0	0	0
FBGN0037003	0	0	0	0	1	0
FBGN0035639	24	25	36	12	28	23
FBGN0036005	53	41	68	32	51	66
FBGN0263249	0	0	0	0	0	0
FBGN0037202	84	63	74	73	105	102
FBGN0036990	103	81	138	64	112	139
FBGN0035282	0	0	0	0	0	0
FBGN0036735	88	114	178	105	139	146
FBGN0036896	145	119	193	167	195	215
FBGN0261341	855	699	1307	751	1350	1252
FBGN0052250	7	3	9	17	14	15
FBGN0013563	26	16	36	30	45	28
FBGN0087040	1	0	1	0	0	2
FBGN0262517	299	229	388	251	333	281
FBGN0035482	29	18	52	39	38	29
FBGN0036423	11	2	8	1	10	9
FBGN0288470	94	115	151	45	115	115
FBGN0052105	1	0	0	0	0	0
FBGN0037169	0	0	0	0	0	0
FBGN0036108	0	0	0	1	2	6
FBGN0040318	0	0	0	0	0	0
FBGN0035315	0	0	0	0	0	0
FBGN0035436	13	18	43	13	46	35
FBGN0036695	8	12	14	9	15	13
FBGN0036728	81	73	141	58	84	83
FBGN0040281	0	0	0	0	0	0
FBGN0036080	0	0	0	0	0	0
FBGN0036697	22	16	33	17	19	17
FBGN0036329	0	0	0	0	0	0
FBGN0052061	0	0	0	0	0	0
FBGN0026630	93	69	145	112	75	106
FBGN0000355	0	0	0	0	0	0
FBGN0036703	0	0	0	0	0	0
FBGN0037051	262	239	335	180	288	267
FBGN0262366	0	0	0	0	2	1
FBGN0035647	0	0	0	0	0	0
FBGN0037090	0	0	0	0	0	0
FBGN0013811	0	0	0	0	0	0
FBGN0036365	161	119	183	126	147	129
FBGN0036662	34	33	37	37	40	63
FBGN0036993	1	0	0	0	0	0
FBGN0035252	50	63	98	77	121	107
FBGN0052451	133	97	221	79	169	148
FBGN0037016	30	24	45	58	51	63
FBGN0085483	1	0	0	0	4	0
FBGN0036599	103	103	141	47	60	65
FBGN0002775	104	91	190	97	109	110
FBGN0036857	3	19	20	1	1	0
FBGN0262854	0	0	0	0	0	0
FBGN0035407	5	3	11	10	7	8
FBGN0010424	2	2	35	3	9	0
FBGN0036503	0	0	0	0	0	0
FBGN0024236	166	105	208	120	162	153
FBGN0035247	30	24	57	29	36	30
FBGN0013755	0	0	0	0	0	0
FBGN0250833	0	0	0	0	0	0
FBGN0010317	0	0	0	0	0	0
FBGN0261111	20	34	38	8	33	30
FBGN0040290	63	67	134	53	84	68
FBGN0002466	685	554	863	438	597	573
FBGN0019644	455	412	763	380	610	601
FBGN0011293	0	0	0	0	0	0
FBGN0001233	10512	7572	11045	5680	8200	11485
FBGN0037059	0	0	0	0	0	0
FBGN0001179	121	114	182	122	129	165
FBGN0036849	1	0	0	0	1	0
FBGN0042134	994	818	1546	774	1268	1302
FBGN0035162	648	554	867	533	802	813
FBGN0010431	0	0	0	0	0	0
FBGN0036532	0	0	0	0	0	0
FBGN0011279	0	0	0	0	0	0
FBGN0036882	1	0	0	0	1	1
FBGN0036117	18	7	21	10	16	17
FBGN0052062	122	71	130	84	163	122
FBGN0035356	13	7	20	16	14	14
FBGN0035213	181	99	180	97	150	177
FBGN0002638	255	186	363	200	237	335
FBGN0042641	18	10	10	9	26	33
FBGN0036345	0	0	0	0	0	0
FBGN0001208	0	17	16	5	2	0
FBGN0035431	0	1	0	0	1	6
FBGN0036605	7	7	12	3	2	3
FBGN0036230	0	0	0	0	0	0
FBGN0035412	37	13	51	4	0	0
FBGN0085287	0	0	0	0	0	0
FBGN0040786	16	4	34	31	30	25
FBGN0052106	0	0	0	0	0	0
FBGN0052170	0	2	2	0	1	0
FBGN0037060	3	0	0	0	1	3
FBGN0263326	0	0	0	0	0	0
FBGN0260997	4	0	0	0	0	0
FBGN0035976	6	3	2	2	7	20
FBGN0263763	0	0	0	0	0	0
FBGN0263239	44	28	27	37	42	42
FBGN0036817	0	0	0	0	0	0
FBGN0036830	0	0	0	0	0	0
FBGN0260945	99	53	95	86	105	134
FBGN0288748	0	0	0	0	0	0
FBGN0035555	0	0	0	0	0	0
FBGN0026372	2513	1973	3737	1567	2379	2456
FBGN0036890	0	0	0	0	0	0
FBGN0036467	1	13	3	3	0	0
FBGN0036019	0	0	0	0	0	0
FBGN0036878	0	0	0	0	0	0
FBGN0037156	9	9	9	11	11	7
FBGN0015296	55	42	75	49	60	50
FBGN0052459	0	0	0	0	0	0
FBGN0261537	0	0	0	0	0	0
FBGN0052274	0	0	0	0	0	0
FBGN0037099	46	33	54	39	67	43
FBGN0263832	90	118	172	125	163	150
FBGN0036146	0	0	0	0	0	0
FBGN0035107	103	84	146	93	122	121
FBGN0053233	0	0	0	0	0	0
FBGN0036109	1	0	1	2	11	7
FBGN0263110	89	54	135	74	111	72
FBGN0262624	29	26	38	25	51	27
FBGN0036427	0	0	0	0	0	0
FBGN0037012	1	0	5	0	4	3
FBGN0037023	0	0	0	0	0	0
FBGN0036158	0	0	0	0	0	0
FBGN0063923	0	1	1	0	0	2
FBGN0035730	0	0	0	0	0	0
FBGN0037149	9	7	14	9	12	9
FBGN0035295	31	38	43	40	44	39
FBGN0265714	0	0	0	0	0	0
FBGN0036623	346	292	477	357	379	380
FBGN0036004	310	205	328	220	338	303
FBGN0036620	4	1	0	0	0	0
FBGN0037205	1	3	8	0	1	0
FBGN0037134	9	2	8	19	13	6
FBGN0266582	98	97	169	81	148	139
FBGN0053230	15	11	18	9	17	13
FBGN0250791	122	94	165	69	109	132
FBGN0261553	78	70	110	82	91	95
FBGN0036196	0	1	0	0	6	2
FBGN0037170	0	0	0	0	0	0
FBGN0036618	1	1	3	1	0	0
FBGN0036299	728	625	1104	589	826	903
FBGN0035802	133	86	145	69	126	110
FBGN0029158	15	8	35	37	33	40
FBGN0029118	160	159	297	147	221	228
FBGN0036481	2	15	10	4	24	11
FBGN0053768	0	0	0	0	0	0
FBGN0036627	0	0	0	0	0	0
FBGN0035270	11	8	8	16	20	22
FBGN0036975	6	3	3	4	7	1
FBGN0036380	0	0	0	0	0	0
FBGN0052191	0	2	0	0	0	0
FBGN0037108	48	38	79	52	54	55
FBGN0263841	0	0	0	0	0	0
FBGN0035232	14	13	41	52	63	96
FBGN0085491	0	0	0	0	0	0
FBGN0036906	17	17	14	15	9	11
FBGN0052161	0	0	0	0	0	0
FBGN0035855	0	0	0	0	0	0
FBGN0035715	103	85	149	85	156	119
FBGN0263232	9	7	8	7	6	3
FBGN0052201	0	0	0	0	0	0
FBGN0264303	17	23	32	25	22	21
FBGN0265469	0	0	0	0	0	0
FBGN0261985	105	63	151	118	140	145
FBGN0036291	8	10	11	4	4	8
FBGN0037035	0	0	0	0	0	0
FBGN0035131	82	69	143	79	101	112
FBGN0035331	0	0	0	0	0	0
FBGN0035204	7	12	22	13	27	18
FBGN0259972	0	0	0	0	0	0
FBGN0053267	0	1	0	0	0	0
FBGN0264472	0	0	0	0	0	0
FBGN0036860	0	0	0	0	0	0
FBGN0036330	3	0	6	6	5	3
FBGN0035170	0	0	0	0	0	0
FBGN0052099	18	16	17	11	9	15
FBGN0010105	13	15	24	18	32	15
FBGN0052382	0	0	0	0	0	0
FBGN0052440	0	0	0	0	0	0
FBGN0036815	16	6	29	20	4	6
FBGN0036936	0	0	0	0	0	0
FBGN0035266	11	5	13	8	12	17
FBGN0264574	40	34	67	44	65	70
FBGN0041342	84	64	84	64	101	103
FBGN0035102	83	43	127	63	124	96
FBGN0027565	85	76	116	80	102	77
FBGN0052174	20	31	34	9	20	27
FBGN0035829	47	66	90	29	43	40
FBGN0044324	559	451	732	401	548	569
FBGN0035770	3	8	7	48	57	69
FBGN0024806	305	241	385	276	326	317
FBGN0010905	52	22	74	23	55	26
FBGN0085484	29	13	16	11	16	22
FBGN0035540	7	7	17	17	21	16
FBGN0036105	14	11	36	28	18	37
FBGN0035279	0	0	0	0	0	0
FBGN0041156	0	0	0	0	0	1
FBGN0035632	14	8	15	19	18	22
FBGN0035621	0	0	0	0	0	0
FBGN0035709	0	0	0	0	0	0
FBGN0036162	0	0	0	0	0	0
FBGN0036987	29	28	54	17	37	40
FBGN0036471	1	0	2	0	1	0
FBGN0262714	201	153	275	175	228	217
FBGN0025355	12	25	30	19	18	29
FBGN0000216	6	23	17	13	17	1
FBGN0035598	0	0	0	0	0	0
FBGN0035811	467	337	688	446	575	496
FBGN0035582	0	0	0	0	0	0
FBGN0035218	0	0	0	0	0	0
FBGN0004429	0	0	0	0	0	0
FBGN0036447	0	0	0	0	0	0
FBGN0035099	4	6	8	9	10	7
FBGN0036249	26	9	24	22	27	34
FBGN0002440	0	0	2	0	0	0
FBGN0011723	0	0	0	0	0	0
FBGN0024542	35	36	71	49	57	46
FBGN0022699	105	75	135	86	158	130
FBGN0035948	0	0	0	0	0	0
FBGN0040812	0	0	0	0	0	0
FBGN0053493	0	2	1	0	2	0
FBGN0036289	22	16	19	31	24	17
FBGN0035859	11	27	29	20	26	44
FBGN0036531	0	0	0	0	0	0
FBGN0036483	42	16	35	31	53	43
FBGN0035627	35	22	34	14	23	32
FBGN0085292	0	0	0	0	0	0
FBGN0036398	424	304	487	349	509	478
FBGN0035334	45	27	80	40	58	74
FBGN0036009	0	0	1	0	0	0
FBGN0035534	24	22	32	21	58	36
FBGN0036318	76	68	106	65	95	105
FBGN0052404	0	0	0	0	0	0
FBGN0035473	72	60	75	51	69	42
FBGN0036763	48	37	79	34	65	62
FBGN0037153	298	256	345	265	407	337
FBGN0027088	552	499	857	518	799	741
FBGN0036138	0	0	0	0	0	0
FBGN0262733	96	88	136	97	133	155
FBGN0053276	75	41	67	52	53	51
FBGN0035106	231	144	188	159	234	188
FBGN0035401	52	59	92	43	54	74
FBGN0036839	0	0	0	0	0	0
FBGN0036858	0	0	0	0	0	0
FBGN0052086	0	0	0	0	0	0
FBGN0035142	408	287	537	321	615	559
FBGN0036690	0	0	0	0	0	0
FBGN0036143	0	0	0	0	0	0
FBGN0045474	0	0	0	0	0	0
FBGN0035956	64	23	53	45	62	55
FBGN0036180	70	74	89	55	112	81
FBGN0027086	568	523	767	509	613	642
FBGN0036070	0	0	0	0	0	0
FBGN0052088	1	3	1	0	1	0
FBGN0035189	3	5	0	0	0	0
FBGN0024277	497	391	571	428	660	472
FBGN0035159	16	10	25	3	7	14
FBGN0261801	52	45	79	51	46	60
FBGN0036235	0	0	0	0	0	0
FBGN0023076	0	0	0	0	0	0
FBGN0264002	0	0	0	0	0	0
FBGN0004594	0	0	0	0	0	0
FBGN0261506	0	0	0	0	0	0
FBGN0052248	0	0	0	0	0	0
FBGN0052475	0	0	0	0	0	0
FBGN0052230	359	267	593	280	329	363
FBGN0028573	1	0	0	0	0	0
FBGN0035755	9	20	45	26	33	26
FBGN0001247	182	126	215	169	196	197
FBGN0036997	0	0	0	0	0	0
FBGN0035981	131	118	192	93	142	146
FBGN0260776	0	0	0	0	0	0
FBGN0037101	0	0	0	0	0	0
FBGN0035670	0	0	0	0	0	0
FBGN0052189	0	0	0	0	0	0
FBGN0266669	114	110	146	98	158	115
FBGN0035592	84	81	105	44	56	48
FBGN0036807	0	0	0	0	0	0
FBGN0053772	0	0	0	0	0	0
FBGN0286980	0	0	0	0	0	0
FBGN0086915	0	0	0	0	0	0
FBGN0052380	29	38	46	52	54	57
FBGN0035325	0	0	0	0	0	23
FBGN0262679	0	0	0	0	0	0
FBGN0042118	0	0	0	0	0	0
FBGN0035877	45	27	95	53	80	54
FBGN0052483	0	0	0	0	0	0
FBGN0035243	49	30	82	27	30	32
FBGN0261998	0	0	0	0	0	0
FBGN0022959	527	467	1035	393	689	658
FBGN0036847	104	117	99	63	100	65
FBGN0000639	220	2306	3561	713	274	184
FBGN0035544	0	0	0	1	0	0
FBGN0000625	62	40	83	41	65	65
FBGN0035402	444	311	698	327	515	520
FBGN0286818	2971	3011	4826	2971	4298	3840
FBGN0053966	0	0	0	0	0	0
FBGN0053051	16	17	40	31	24	14
FBGN0266100	0	0	0	0	0	0
FBGN0035439	0	0	0	0	0	0
FBGN0036871	0	0	0	0	0	0
FBGN0036369	3	2	3	0	1	0
FBGN0036499	0	0	0	0	0	0
FBGN0037126	6	6	11	14	11	16
FBGN0035903	0	0	0	0	0	0
FBGN0052023	0	0	0	0	0	0
FBGN0054012	0	0	0	0	0	0
FBGN0260777	0	0	2	0	0	0
FBGN0052488	0	0	0	0	0	0
FBGN0035699	49	26	65	34	85	40
FBGN0037166	5	1	2	6	0	2
FBGN0036919	131	152	247	150	246	228
FBGN0265102	81	51	88	54	81	96
FBGN0259236	0	0	0	0	0	0
FBGN0024510	36	32	69	34	52	53
FBGN0259199	32	18	40	21	28	30
FBGN0035410	1	0	0	0	1	3
FBGN0259173	101	53	75	48	81	67
FBGN0035186	0	0	0	0	0	0
FBGN0014851	0	0	0	0	0	0
FBGN0036691	22	19	34	28	46	22
FBGN0288469	29	22	37	22	22	32
FBGN0035538	0	0	0	0	0	0
FBGN0035915	0	0	0	0	0	0
FBGN0036589	0	2	1	2	2	1
FBGN0035971	0	0	0	0	0	0
FBGN0042137	0	0	0	0	0	0
FBGN0036351	0	0	2	0	0	0
FBGN0036886	157	108	234	116	185	183
FBGN0035714	57	56	145	52	69	67
FBGN0027549	265	208	367	210	288	253
FBGN0035914	0	0	0	0	0	0
FBGN0036348	0	0	0	0	0	0
FBGN0037030	0	0	0	0	0	0
FBGN0035298	49	53	75	34	62	80
FBGN0035789	1	2	0	0	0	0
FBGN0053514	0	0	0	0	0	0
FBGN0040793	279	242	485	211	342	337
FBGN0040827	0	0	1	0	1	0
FBGN0036796	0	0	0	0	0	0
FBGN0043578	0	0	0	0	0	0
FBGN0035137	10	4	9	3	2	12
FBGN0053229	13	9	12	8	21	16
FBGN0054001	33	17	32	11	4	10
FBGN0040823	0	0	0	0	0	0
FBGN0035309	0	1	2	1	4	3
FBGN0052237	0	0	0	0	0	0
FBGN0036104	213	181	281	156	196	223
FBGN0040688	0	0	0	0	0	0
FBGN0036597	0	2	1	0	0	4
FBGN0035206	28	33	74	45	118	96
FBGN0047338	0	0	0	0	0	0
FBGN0036726	54	27	103	47	45	45
FBGN0028962	47	42	70	38	55	33
FBGN0035336	78	63	133	60	94	78
FBGN0036272	15	22	37	33	30	16
FBGN0036738	0	0	0	0	0	0
FBGN0052298	0	0	0	0	0	0
FBGN0002183	942	771	1237	714	883	992
FBGN0036443	0	0	0	0	0	0
FBGN0035878	198	176	343	169	189	270
FBGN0028399	248	197	265	252	285	269
FBGN0011692	503	414	686	409	541	597
FBGN0035249	28	35	71	47	56	21
FBGN0036062	11	6	16	9	9	15
FBGN0035290	0	1	2	0	0	1
FBGN0036678	118	99	204	159	233	239
FBGN0035421	48	20	64	36	49	54
FBGN0259702	0	0	0	0	0	0
FBGN0010406	119	122	198	88	134	151
FBGN0035424	288	202	409	263	372	449
FBGN0036440	0	0	0	0	0	0
FBGN0035146	6	5	9	4	19	11
FBGN0029172	0	0	0	0	0	0
FBGN0037180	0	0	0	0	0	0
FBGN0052204	0	0	0	0	0	0
FBGN0261274	30	30	46	39	52	42
FBGN0036767	0	0	0	0	0	0
FBGN0035132	102	76	131	80	117	126
FBGN0023095	136	85	186	117	189	182
FBGN0000575	554	400	810	355	583	507
FBGN0037110	23	4	21	22	21	8
FBGN0036927	1	0	8	0	1	0
FBGN0013263	555	357	650	398	608	603
FBGN0035390	192	169	285	210	305	243
FBGN0036010	0	0	0	0	0	0
FBGN0035798	0	0	1	0	0	0
FBGN0035528	161	127	266	151	157	143
FBGN0036317	38	23	41	34	22	38
FBGN0000038	0	0	0	0	0	0
FBGN0035911	71	42	90	48	56	49
FBGN0061469	133	131	150	119	149	168
FBGN0036036	14	13	33	21	32	24
FBGN0287185	0	2	1	0	0	0
FBGN0001257	32	28	50	4	10	20
FBGN0035443	26	29	40	33	25	41
FBGN0053158	182	116	252	125	171	142
FBGN0250836	0	0	0	0	0	0
FBGN0035265	0	0	0	0	0	0
FBGN0036301	181	138	222	112	164	194
FBGN0264908	0	0	0	0	0	0
FBGN0035484	1	3	2	3	10	24
FBGN0035332	0	0	0	0	0	0
FBGN0035761	130	118	216	129	167	170
FBGN0028377	0	0	0	0	0	0
FBGN0035600	141	131	213	94	154	153
FBGN0035548	0	0	0	0	0	0
FBGN0052282	0	0	0	0	0	0
FBGN0037007	108	106	153	116	174	151
FBGN0035977	0	0	0	0	0	0
FBGN0028693	417	305	640	362	466	431
FBGN0035271	75	73	111	52	55	83
FBGN0035751	0	0	0	0	0	0
FBGN0037130	1	0	1	0	0	4
FBGN0036333	161	131	219	146	141	142
FBGN0259935	1	1	1	0	0	0
FBGN0002899	34	24	57	25	39	43
FBGN0261243	188	186	324	145	218	211
FBGN0026432	37	43	78	52	61	59
FBGN0035901	88	91	129	80	115	79
FBGN0037040	0	0	0	0	0	0
FBGN0052296	188	164	228	162	261	234
FBGN0036939	0	1	0	0	2	0
FBGN0037162	0	0	0	0	0	0
FBGN0035870	0	0	0	0	0	0
FBGN0003984	35	19	48	58	59	53
FBGN0036762	445	378	715	343	495	555
FBGN0058045	207	188	343	100	138	175
FBGN0035328	0	0	0	0	0	0
FBGN0086785	42	31	58	32	70	61
FBGN0035571	2	0	0	0	0	0
FBGN0035490	0	0	0	0	0	1
FBGN0261933	288	238	420	186	258	311
FBGN0035501	42	34	62	36	47	40
FBGN0287187	31	57	74	35	40	25
FBGN0037114	91	75	109	84	140	163
FBGN0036751	0	0	0	0	0	0
FBGN0054030	0	0	0	0	0	0
FBGN0035425	119	105	154	95	128	134
FBGN0002909	17	15	27	22	23	17
FBGN0035734	0	0	0	0	0	0
FBGN0035438	425	375	623	405	555	524
FBGN0036128	0	0	0	0	0	0
FBGN0042112	59	40	78	35	52	52
FBGN0016797	800	637	1051	689	1094	1034
FBGN0035929	0	0	0	0	0	0
FBGN0035590	31	28	75	19	55	34
FBGN0261681	0	0	0	0	0	4
FBGN0011573	439	368	596	319	440	498
FBGN0264272	6	10	10	1	6	2
FBGN0259148	0	0	0	0	0	0
FBGN0036168	7	1	2	0	1	4
FBGN0004865	19	38	45	43	61	40
FBGN0036491	0	0	0	0	0	0
FBGN0285958	9	12	8	4	7	34
FBGN0036302	108	89	162	74	142	127
FBGN0040022	177	157	214	140	143	95
FBGN0035498	152	146	219	166	219	226
FBGN0035735	0	0	0	0	0	0
FBGN0052280	51	62	82	40	79	47
FBGN0036394	0	6	0	1	1	0
FBGN0036937	0	0	0	0	0	0
FBGN0263004	0	0	0	0	0	0
FBGN0001229	7	9	5	2	3	4
FBGN0040699	0	0	0	0	0	0
FBGN0036745	122	117	243	99	173	172
FBGN0035611	0	0	0	0	0	0
FBGN0035572	0	0	0	0	0	0
FBGN0035151	3	10	7	4	3	2
FBGN0035160	55	30	99	32	75	39
FBGN0261631	0	0	0	0	0	0
FBGN0015586	0	0	0	0	0	0
FBGN0262579	136	105	190	114	161	142
FBGN0035667	0	0	0	0	0	0
FBGN0027587	118	82	141	71	67	77
FBGN0086913	0	0	4	0	0	0
FBGN0037098	147	91	207	116	166	148
FBGN0035452	164	172	329	239	313	301
FBGN0035610	1	0	0	0	0	0
FBGN0036568	0	0	0	0	0	0
FBGN0011817	197	153	306	185	335	274
FBGN0036038	155	105	121	99	164	99
FBGN0052076	55	45	85	59	55	74
FBGN0035392	3	1	1	2	5	0
FBGN0263762	1	3	0	0	0	0
FBGN0262985	0	0	2	0	0	0
FBGN0035429	4	5	1	3	4	4
FBGN0035113	0	0	3	5	0	3
FBGN0035258	1	0	0	0	0	0
FBGN0001225	933	828	1350	1016	1666	1666
FBGN0004588	0	0	0	0	0	0
FBGN0040637	0	0	0	0	0	0
FBGN0085279	6	7	4	4	4	11
FBGN0035782	0	0	0	0	0	0
FBGN0052369	43	36	84	49	44	65
FBGN0052268	0	0	0	0	0	0
FBGN0042199	0	0	0	0	0	0
FBGN0036470	0	0	0	0	0	0
FBGN0036126	26	21	36	27	28	48
FBGN0052055	3	2	1	1	12	7
FBGN0024921	548	421	612	307	557	539
FBGN0052313	0	0	0	2	0	0
FBGN0036495	0	0	0	0	0	0
FBGN0035960	5	9	13	4	4	9
FBGN0052024	0	0	0	0	0	0
FBGN0035194	35	13	49	20	21	21
FBGN0085385	2	0	0	0	0	0
FBGN0259224	0	0	2	0	0	0
FBGN0035519	172	128	206	125	218	198
FBGN0036204	0	0	0	0	0	0
FBGN0035495	0	0	0	0	0	0
FBGN0037123	0	2	0	0	0	0
FBGN0036210	6	11	9	7	4	6
FBGN0053777	0	0	0	0	0	0
FBGN0037026	127	53	153	111	155	127
FBGN0037094	200	147	248	159	221	262
FBGN0036135	85	95	96	86	93	114
FBGN0004556	100	64	82	74	105	92
FBGN0005775	5	14	5	7	14	8
FBGN0001120	0	0	1	0	0	0
FBGN0036219	0	0	0	0	0	0
FBGN0036422	0	5	10	2	2	2
FBGN0015828	13	7	34	12	32	16
FBGN0040487	0	0	0	0	0	0
FBGN0041624	0	0	0	0	0	0
FBGN0037125	0	0	0	0	0	0
FBGN0035591	37	19	62	37	73	62
FBGN0027375	46	31	51	60	38	52
FBGN0036193	5	6	31	9	11	17
FBGN0004465	75	51	102	58	56	46
FBGN0026592	0	0	0	0	0	0
FBGN0053687	0	0	4	0	1	0
FBGN0003034	0	0	0	0	0	0
FBGN0052299	0	0	0	0	0	0
FBGN0012058	120	81	161	83	144	109
FBGN0035569	0	0	0	0	0	0
FBGN0035171	0	0	0	0	0	0
FBGN0014388	58	44	69	33	74	51
FBGN0036967	44	72	73	39	58	45
FBGN0036880	0	0	0	0	0	1
FBGN0036465	0	0	0	0	0	0
FBGN0035754	26	30	47	36	31	39
FBGN0058298	0	0	0	0	0	0
FBGN0283461	2	14	2	1	4	0
FBGN0044048	0	0	0	0	0	0
FBGN0036843	57	63	95	56	86	54
FBGN0036741	22	5	18	11	18	19
FBGN0037177	0	0	0	0	0	0
FBGN0036601	0	0	0	0	0	0
FBGN0036791	0	0	0	0	0	0
FBGN0011802	64	64	125	54	48	75
FBGN0259099	0	0	0	0	0	0
FBGN0040305	8	6	5	3	20	8
FBGN0027057	171	135	278	179	213	185
FBGN0036046	0	0	0	0	0	0
FBGN0250825	0	0	0	0	0	0
FBGN0040843	0	0	0	0	0	0
FBGN0035941	0	0	0	0	0	0
FBGN0052418	60	53	80	69	54	54
FBGN0036515	216	173	356	206	243	210
FBGN0035725	34	35	46	22	21	23
FBGN0036928	238	191	318	154	219	197
FBGN0035806	0	0	4	0	0	1
FBGN0053696	0	0	0	0	0	0
FBGN0036285	33	8	29	7	17	24
FBGN0035623	2	4	1	1	1	3
FBGN0003515	0	0	0	0	2	0
FBGN0035317	0	0	0	0	0	0
FBGN0036702	214	182	308	124	223	222
FBGN0052485	0	3	2	0	9	0
FBGN0020386	183	97	248	167	245	229
FBGN0028582	161	128	250	167	238	195
FBGN0000567	103	40	118	77	102	138
FBGN0266436	0	0	0	0	0	0
FBGN0001316	929	553	1067	615	1013	921
FBGN0035207	106	66	108	62	152	97
FBGN0001258	23	15	50	17	50	23
FBGN0263608	0	0	0	0	0	0
FBGN0085276	28	24	35	9	9	8
FBGN0052036	0	0	0	0	0	0
FBGN0035902	7	10	13	6	14	7
FBGN0011640	380	337	586	357	512	491
FBGN0036617	7	3	3	2	0	0
FBGN0267487	351	269	503	291	405	402
FBGN0036594	0	0	0	0	0	0
FBGN0035374	50	37	76	39	63	54
FBGN0052185	0	0	2	0	2	0
FBGN0053770	0	0	0	0	0	0
FBGN0053290	0	0	0	0	0	0
FBGN0045478	0	0	0	0	0	1
FBGN0036577	0	0	0	0	0	0
FBGN0002926	0	0	0	0	0	0
FBGN0035199	31	31	48	28	45	38
FBGN0035155	6	7	10	7	9	8
FBGN0085420	0	0	0	0	0	0
FBGN0013997	1600	1302	2147	1468	2035	1923
FBGN0035691	9	7	11	11	4	18
FBGN0036749	0	0	2	0	0	0
FBGN0036995	0	0	0	0	1	0
FBGN0024150	0	0	0	0	0	0
FBGN0037131	0	0	2	1	0	0
FBGN0035721	13	8	18	16	22	3
FBGN0036198	190	141	256	127	200	159
FBGN0027532	81	68	94	77	72	91
FBGN0036514	129	83	168	87	99	112
FBGN0036652	0	0	0	0	0	0
FBGN0036889	49	41	57	31	46	56
FBGN0036585	0	0	0	0	0	0
FBGN0028380	5	5	4	9	13	8
FBGN0040308	256	196	457	239	334	283
FBGN0036459	0	0	0	0	0	0
FBGN0036242	0	0	0	4	1	0
FBGN0029148	350	293	465	307	294	268
FBGN0035124	0	0	0	0	0	0
FBGN0036446	54	28	48	45	41	45
FBGN0036808	0	0	0	0	0	0
FBGN0266724	12	15	25	10	20	12
FBGN0036374	57	37	77	34	76	74
FBGN0035379	5	5	3	6	0	3
FBGN0036150	3	1	1	3	0	0
FBGN0259701	0	0	0	0	0	0
FBGN0012034	3	10	29	4	8	5
FBGN0035959	19	35	23	21	22	24
FBGN0086708	55	23	58	41	64	81
FBGN0035245	0	0	0	0	0	0
FBGN0036973	69	67	85	55	55	76
FBGN0250911	32	19	34	18	30	19
FBGN0264302	182	147	275	129	187	136
FBGN0036359	0	0	1	0	0	0
FBGN0036325	0	0	0	0	0	0
FBGN0036305	108	112	176	141	162	196
FBGN0044328	0	0	0	0	0	0
FBGN0027786	161	150	223	105	197	176
FBGN0004875	218	162	275	180	291	260
FBGN0037021	117	93	173	116	177	142
FBGN0036306	72	56	85	60	59	50
FBGN0040321	582	473	939	727	989	987
FBGN0052115	0	0	0	0	0	0
FBGN0035619	0	0	0	0	0	0
FBGN0054031	0	0	0	0	0	0
FBGN0024733	2953	2577	5232	1775	2345	2268
FBGN0036934	0	0	0	0	0	0
FBGN0036264	2	0	4	0	0	0
FBGN0040842	3	2	4	6	4	0
FBGN0053725	0	0	0	0	0	0
FBGN0003997	59	25	73	48	73	59
FBGN0052057	0	0	0	0	2	0
FBGN0036586	0	0	0	0	0	0
FBGN0262716	310	290	462	226	392	367
FBGN0041622	0	0	0	0	0	0
FBGN0035924	0	0	0	0	0	0
FBGN0035308	13	7	7	8	1	20
FBGN0002901	13	13	28	27	22	20
FBGN0037142	89	110	148	115	176	127
FBGN0036842	65	44	73	87	95	77
FBGN0264488	0	15	12	11	0	447
FBGN0037133	0	0	0	0	0	0
FBGN0023395	31	30	36	26	37	28
FBGN0037004	0	0	0	0	0	0
FBGN0259167	21	30	32	8	17	28
FBGN0037167	0	0	2	0	0	0
FBGN0035797	1	0	1	1	0	0
FBGN0064227	0	0	0	0	0	0
FBGN0036970	0	0	0	0	0	0
FBGN0040075	416	406	648	400	543	569
FBGN0052107	0	0	0	0	0	0
FBGN0052188	0	0	0	0	0	0
FBGN0035475	2	0	2	0	0	0
FBGN0036772	123	100	141	78	95	123
FBGN0036688	27	18	37	42	86	43
FBGN0027616	170	182	299	152	211	208
FBGN0053056	5	6	12	2	8	4
FBGN0036373	123	82	152	90	192	185
FBGN0002565	145	1461	1673	463	161	151
FBGN0260943	0	0	0	0	1	0
FBGN0036292	52	56	66	47	67	46
FBGN0036211	57	58	91	43	67	69
FBGN0035790	0	0	0	0	0	0
FBGN0011771	356	325	503	272	340	351
FBGN0036765	13	1	15	13	6	6
FBGN0035838	47	51	69	48	54	55
FBGN0036415	0	0	0	0	0	0
FBGN0036587	10	23	13	10	9	10
FBGN0040837	0	0	0	0	0	0
FBGN0035546	0	0	1	0	0	0
FBGN0037086	0	0	0	0	0	0
FBGN0036314	104	119	182	101	163	136
FBGN0047135	142	102	220	141	153	128
FBGN0052251	198	137	243	137	170	187
FBGN0036725	0	0	0	0	0	0
FBGN0036213	1943	1707	3299	1259	1660	1599
FBGN0036288	0	0	1	1	0	0
FBGN0041604	360	268	495	296	416	393
FBGN0036101	206	188	318	180	214	183
FBGN0061492	86	88	120	65	108	91
FBGN0035922	0	0	0	0	0	0
FBGN0052846	0	0	0	0	0	0
FBGN0053700	0	0	0	0	0	0
FBGN0261547	116	64	84	52	126	61
FBGN0052183	0	0	0	0	0	0
FBGN0004428	0	0	0	1	0	0
FBGN0035638	0	0	0	0	0	0
FBGN0036714	105	58	91	66	73	113
FBGN0037070	36	27	35	13	32	40
FBGN0261797	1771	1528	2283	1515	2057	1880
FBGN0035480	37	23	42	18	19	24
FBGN0036030	271	228	455	183	281	261
FBGN0036844	99	62	123	68	73	78
FBGN0035578	0	0	0	0	0	0
FBGN0035144	1	2	0	3	0	0
FBGN0036570	130	123	159	80	127	121
FBGN0014368	0	0	0	1	0	0
FBGN0036386	38	30	38	38	36	42
FBGN0263246	0	0	0	0	0	0
FBGN0067864	112	115	166	97	126	164
FBGN0036341	27	14	39	20	25	28
FBGN0000449	3	5	2	1	8	5
FBGN0036226	0	0	0	3	0	72
FBGN0036207	55	42	71	52	43	49
FBGN0267795	176	122	184	159	138	152
FBGN0036450	165	140	242	132	165	141
FBGN0036949	1	0	0	0	0	0
FBGN0004378	568	508	776	477	602	615
FBGN0035264	114	79	191	107	190	151
FBGN0260233	2	0	0	1	0	5
FBGN0262020	0	0	0	0	0	0
FBGN0052379	0	0	0	0	0	0
FBGN0036991	38	25	56	36	31	44
FBGN0260027	11	7	10	7	6	4
FBGN0036232	0	0	0	0	0	0
FBGN0035904	598	476	888	455	709	752
FBGN0036812	15	6	17	9	27	15
FBGN0035676	0	0	0	0	0	0
FBGN0262531	0	3	2	5	0	0
FBGN0261788	0	1	1	0	0	0
FBGN0037042	5	0	0	2	0	0
FBGN0036165	43	23	83	31	85	80
FBGN0035505	0	0	0	0	0	0
FBGN0085296	0	0	0	0	0	0
FBGN0035998	21	16	35	9	15	10
FBGN0036771	30	28	46	25	32	28
FBGN0015025	24	14	29	19	18	17
FBGN0004431	0	0	0	0	0	0
FBGN0037038	0	0	0	0	0	0
FBGN0053054	30	21	44	13	19	22
FBGN0001099	2	13	17	5	20	8
FBGN0026238	177	151	286	140	183	213
FBGN0033669	88	92	132	69	135	99
FBGN0034785	38	32	62	39	53	43
FBGN0033458	0	0	0	0	0	0
FBGN0265188	0	0	0	0	0	0
FBGN0005695	23	32	45	28	43	35
FBGN0034558	0	0	0	0	0	0
FBGN0033564	22	14	20	26	26	19
FBGN0034776	0	0	0	0	0	0
FBGN0050467	90	66	152	72	89	86
FBGN0050463	96	66	153	71	168	139
FBGN0033056	0	0	0	0	0	0
FBGN0034165	0	0	0	0	0	0
FBGN0050443	46	32	66	21	44	41
FBGN0011554	0	0	0	0	0	0
FBGN0028408	1	0	2	0	1	1
FBGN0284083	0	0	0	0	0	0
FBGN0035016	130	146	211	113	203	167
FBGN0033121	7	11	14	17	20	25
FBGN0034730	0	0	0	1	0	0
FBGN0041174	5	3	6	6	5	7
FBGN0034755	0	0	0	0	0	0
FBGN0261686	0	0	0	0	0	0
FBGN0026389	0	0	0	0	0	0
FBGN0034068	189	179	315	190	257	235
FBGN0033392	3	0	9	3	1	3
FBGN0261612	0	0	0	0	0	0
FBGN0033592	0	0	0	0	0	0
FBGN0034468	67	24	69	28	56	33
FBGN0015277	34	29	51	27	41	63
FBGN0003460	13	10	17	8	26	16
FBGN0265194	53	14	39	22	34	48
FBGN0086784	40	39	66	50	65	76
FBGN0033555	104	80	94	57	100	68
FBGN0034217	10	9	29	16	28	12
FBGN0022224	60	46	86	49	68	52
FBGN0033050	80	91	135	91	110	96
FBGN0033851	0	0	0	0	0	0
FBGN0034441	0	0	0	0	0	0
FBGN0053136	0	0	0	0	0	0
FBGN0034152	0	0	0	0	0	0
FBGN0050496	83	59	124	50	79	96
FBGN0033446	108	97	168	99	128	169
FBGN0034065	81	63	124	69	81	86
FBGN0010531	39	35	55	45	19	40
FBGN0262170	0	0	0	0	0	0
FBGN0034940	2	5	25	7	17	11
FBGN0033326	0	0	0	0	0	0
FBGN0011659	19	12	18	17	27	25
FBGN0034756	3	15	16	6	18	22
FBGN0034066	126	98	141	147	166	161
FBGN0033512	0	0	0	0	0	0
FBGN0010388	7	0	3	0	0	0
FBGN0043471	0	0	0	0	0	0
FBGN0262569	0	0	0	0	0	0
FBGN0035028	59	41	70	47	51	60
FBGN0050122	1222	806	1355	774	1076	953
FBGN0041243	0	0	0	0	0	0
FBGN0085475	0	0	0	0	1	0
FBGN0010339	309	201	399	205	307	315
FBGN0034835	0	0	0	0	0	0
FBGN0034499	2	0	2	3	3	6
FBGN0029508	5	12	14	1	11	10
FBGN0024698	187	198	241	188	223	217
FBGN0262513	0	0	0	0	0	0
FBGN0033942	11	26	46	62	79	45
FBGN0033781	35	42	50	38	53	46
FBGN0033979	0	0	0	0	0	0
FBGN0033051	3	7	11	16	10	6
FBGN0033042	0	0	0	0	0	0
FBGN0000662	133	108	193	115	140	141
FBGN0034005	0	0	0	0	0	0
FBGN0050339	0	0	0	0	0	0
FBGN0034623	0	0	0	0	3	0
FBGN0023175	505	398	822	448	556	534
FBGN0033190	0	0	0	0	0	0
FBGN0050293	0	0	0	0	0	0
FBGN0033289	1	0	1	4	6	9
FBGN0086908	248	201	323	204	265	221
FBGN0033817	0	0	0	0	0	0
FBGN0043530	0	0	0	0	0	0
FBGN0034206	0	0	0	0	0	0
FBGN0085419	0	0	0	0	0	0
FBGN0033178	99	82	118	93	119	105
FBGN0034483	0	0	0	0	0	0
FBGN0034081	3	8	16	32	9	13
FBGN0000996	158	134	229	172	217	199
FBGN0033234	3	0	0	0	0	0
FBGN0027581	24	29	37	34	39	44
FBGN0033869	0	0	0	0	0	0
FBGN0028743	0	0	0	0	0	0
FBGN0034740	1	4	7	1	2	0
FBGN0025790	132	121	187	89	116	155
FBGN0034031	0	0	0	0	0	0
FBGN0033203	0	0	0	0	0	0
FBGN0034879	44	38	61	15	42	37
FBGN0033108	0	0	0	0	0	0
FBGN0034360	20	10	21	15	15	14
FBGN0050222	0	0	0	0	0	0
FBGN0040465	0	1	0	0	0	0
FBGN0016032	2	0	2	2	0	0
FBGN0263655	0	0	0	0	0	0
FBGN0033848	0	0	0	0	0	0
FBGN0034631	44	55	89	38	46	35
FBGN0033265	97	83	130	69	74	82
FBGN0050159	81	55	124	53	96	64
FBGN0003687	97	61	108	63	75	83
FBGN0259878	46	32	95	38	60	68
FBGN0034307	29	29	65	24	54	38
FBGN0033918	72	47	101	50	84	65
FBGN0013726	477	503	682	396	700	573
FBGN0033215	0	0	0	0	0	0
FBGN0033739	60	53	71	53	96	73
FBGN0034070	0	0	1	0	0	1
FBGN0033846	107	123	171	95	134	161
FBGN0034219	23	23	42	20	24	21
FBGN0033376	109	115	163	95	173	113
FBGN0053503	0	0	0	0	0	0
FBGN0262595	0	0	0	0	0	0
FBGN0004181	0	0	0	0	0	0
FBGN0014184	345	273	665	342	368	335
FBGN0024294	589	586	1297	739	1092	729
FBGN0033542	0	0	0	0	0	0
FBGN0034160	0	0	0	0	0	0
FBGN0000037	0	0	0	0	0	0
FBGN0261270	984	826	1319	610	985	1022
FBGN0033915	30	56	49	28	60	36
FBGN0085237	0	0	0	0	0	0
FBGN0050432	0	0	0	0	0	0
FBGN0034681	0	0	0	0	0	0
FBGN0265512	14	16	17	15	22	32
FBGN0264540	0	0	0	0	0	0
FBGN0024732	7	21	32	9	31	11
FBGN0265632	0	0	0	0	0	0
FBGN0034770	0	0	0	0	0	0
FBGN0050106	0	0	0	0	0	0
FBGN0261554	78	51	84	69	114	55
FBGN0260007	0	0	0	0	0	0
FBGN0001122	48	42	82	59	104	80
FBGN0033381	129	97	210	132	197	126
FBGN0085444	103	84	138	108	148	143
FBGN0067102	34	11	31	23	33	33
FBGN0042086	0	0	0	0	0	0
FBGN0050178	0	0	0	0	0	0
FBGN0008636	0	0	0	0	0	0
FBGN0016697	404	363	684	318	458	465
FBGN0259737	0	0	0	0	0	0
FBGN0262836	0	0	0	0	0	0
FBGN0034110	52	18	97	70	82	71
FBGN0259795	0	0	0	0	0	0
FBGN0033982	0	0	0	0	0	2
FBGN0262843	0	0	0	0	0	0
FBGN0085460	0	0	0	0	0	0
FBGN0033879	219	238	459	189	332	240
FBGN0033921	2	1	0	0	0	0
FBGN0046880	0	0	0	0	0	0
FBGN0050160	0	0	0	0	0	0
FBGN0025186	46	26	66	37	70	66
FBGN0053459	0	0	1	0	0	1
FBGN0034352	0	0	0	0	0	0
FBGN0029501	0	0	0	0	0	0
FBGN0033987	297	253	413	300	377	407
FBGN0034950	0	0	0	0	0	0
FBGN0033089	67	68	111	46	87	97
FBGN0265623	75	43	86	31	85	67
FBGN0034261	5	10	17	11	15	16
FBGN0034735	12	11	23	5	17	17
FBGN0034867	0	0	0	0	0	0
FBGN0034498	133	106	164	156	220	188
FBGN0041702	62	30	69	35	67	50
FBGN0033651	0	0	0	0	0	0
FBGN0034224	1	0	0	0	0	0
FBGN0085224	28	20	35	15	20	17
FBGN0286939	0	0	0	0	0	0
FBGN0003900	51	40	84	29	67	37
FBGN0259708	7	12	6	2	3	2
FBGN0033043	0	0	0	0	0	0
FBGN0028956	179	114	196	146	125	149
FBGN0033272	32	47	53	41	35	48
FBGN0040729	0	0	0	0	0	0
FBGN0034356	2	20	15	2	13	8
FBGN0050039	0	0	0	0	0	0
FBGN0265052	1	3	1	0	0	1
FBGN0034281	4	1	0	0	0	0
FBGN0040505	15	12	11	15	15	14
FBGN0033010	74	70	133	72	98	57
FBGN0033468	18	32	25	18	23	14
FBGN0033917	1	2	4	2	10	2
FBGN0262572	0	0	0	0	0	0
FBGN0034073	75	47	84	60	60	60
FBGN0040747	0	0	0	0	0	0
FBGN0035027	60	45	105	52	73	74
FBGN0033060	20	17	39	10	9	29
FBGN0050380	5	0	1	0	2	2
FBGN0034202	0	0	0	0	0	0
FBGN0033408	0	0	0	0	0	0
FBGN0046253	3	5	8	2	8	1
FBGN0285943	0	0	0	0	0	0
FBGN0034797	241	221	332	245	324	374
FBGN0002069	438	428	731	410	529	442
FBGN0040764	0	0	0	0	0	0
FBGN0033597	0	0	0	0	0	0
FBGN0033958	0	0	0	0	0	0
FBGN0022029	129	103	183	93	143	137
FBGN0034232	60	68	83	40	84	88
FBGN0034035	85	80	154	68	88	93
FBGN0034627	14	7	18	3	8	7
FBGN0053792	0	0	0	0	0	0
FBGN0028988	0	0	0	1	0	0
FBGN0259978	106	89	163	96	133	103
FBGN0040780	2	3	6	3	2	0
FBGN0034061	46	70	93	45	45	55
FBGN0041236	0	0	0	0	0	0
FBGN0033236	8	11	20	19	23	31
FBGN0033374	0	0	0	0	0	0
FBGN0033249	0	0	0	0	0	0
FBGN0033233	48	32	56	25	36	45
FBGN0050338	3	3	14	5	12	5
FBGN0033127	52	29	50	28	71	36
FBGN0010053	15	20	10	33	36	13
FBGN0054029	0	0	0	0	0	0
FBGN0034567	0	0	0	0	0	0
FBGN0033260	180	231	283	206	270	246
FBGN0000253	719	748	1158	485	757	692
FBGN0020767	33	17	31	30	43	31
FBGN0050177	0	0	0	0	0	0
FBGN0035088	51	34	55	33	56	43
FBGN0085233	0	0	0	0	0	0
FBGN0035049	102	85	161	58	128	124
FBGN0050401	0	0	0	0	0	0
FBGN0015903	36	34	62	36	50	39
FBGN0040726	0	0	6	1	0	1
FBGN0034023	0	0	5	0	0	0
FBGN0262141	0	0	0	0	3	0
FBGN0003701	63	73	124	80	82	84
FBGN0003062	433	424	818	384	478	645
FBGN0264962	202	163	259	183	217	236
FBGN0034687	0	0	0	0	0	0
FBGN0050010	3	11	12	10	8	11
FBGN0005613	133	126	146	105	164	166
FBGN0010078	1504	1699	2295	981	1240	1185
FBGN0040752	372	266	436	315	533	494
FBGN0260390	16	17	26	11	18	6
FBGN0033451	117	95	172	108	121	115
FBGN0000658	240	208	457	271	459	424
FBGN0028963	0	0	0	0	0	0
FBGN0262816	0	0	0	0	0	0
FBGN0053467	0	0	0	0	0	0
FBGN0034876	145	126	205	106	170	162
FBGN0033623	0	0	0	0	0	0
FBGN0085399	0	0	0	0	0	0
FBGN0041237	0	0	0	0	0	0
FBGN0033500	0	0	0	0	0	0
FBGN0033341	33	20	50	10	23	20
FBGN0034276	0	3	2	0	0	0
FBGN0034795	259	197	332	166	249	263
FBGN0034878	140	160	276	150	207	167
FBGN0033720	0	0	0	0	0	0
FBGN0033377	94	117	183	103	134	125
FBGN0062449	38	44	61	46	48	38
FBGN0034519	2	6	5	1	2	2
FBGN0003892	322	212	397	245	338	355
FBGN0034184	39	23	38	21	18	8
FBGN0033806	34	30	54	37	45	46
FBGN0066292	0	0	0	0	0	0
FBGN0023143	2113	1801	3056	1754	2587	2447
FBGN0085344	0	0	0	0	0	0
FBGN0001285	0	0	0	0	0	0
FBGN0040063	0	0	0	0	0	0
FBGN0015040	67	50	72	48	66	58
FBGN0034718	233	196	274	185	266	201
FBGN0034568	0	1	0	0	0	0
FBGN0085512	0	0	0	0	0	0
FBGN0000044	35	24	203	45	33	34
FBGN0026619	54	43	46	44	43	55
FBGN0266711	95	59	121	57	85	78
FBGN0015522	1	2	0	0	0	2
FBGN0033744	0	0	0	0	0	0
FBGN0050428	25	14	15	20	13	17
FBGN0033097	0	0	0	0	0	0
FBGN0053453	0	0	0	0	0	0
FBGN0033266	7	3	6	2	16	7
FBGN0003326	152	89	231	136	168	170
FBGN0050099	0	0	0	0	0	0
FBGN0260477	0	1	0	2	2	1
FBGN0034684	0	0	0	0	0	0
FBGN0063498	0	0	0	0	0	0
FBGN0033000	140	91	178	114	89	126
FBGN0033579	0	0	0	0	2	0
FBGN0040658	0	4	3	3	7	8
FBGN0034565	0	0	0	2	0	0
FBGN0034278	0	0	0	0	0	0
FBGN0027589	0	0	0	0	0	0
FBGN0034335	28	29	35	21	35	34
FBGN0033640	0	0	0	0	0	0
FBGN0034994	0	0	0	0	0	0
FBGN0033945	13	7	22	8	6	4
FBGN0085228	0	0	0	0	0	0
FBGN0033883	59	62	83	43	86	59
FBGN0262948	0	0	0	0	0	0
FBGN0053137	0	0	0	0	0	0
FBGN0010357	0	5	0	0	0	2
FBGN0034723	143	85	162	84	139	140
FBGN0040005	39	30	58	45	38	44
FBGN0033029	506	385	600	461	527	526
FBGN0034617	46	32	67	54	49	32
FBGN0033865	0	0	0	0	0	0
FBGN0033235	106	89	154	97	105	123
FBGN0002791	88	86	123	80	96	66
FBGN0033244	12	17	25	20	24	27
FBGN0050016	0	0	4	0	3	3
FBGN0262114	168	129	241	159	211	184
FBGN0025827	0	0	0	0	0	0
FBGN0050398	0	0	0	0	0	0
FBGN0035068	0	0	0	0	0	0
FBGN0262845	0	0	0	0	0	0
FBGN0017558	34	18	34	19	23	16
FBGN0034454	0	0	0	0	0	0
FBGN0033113	0	0	6	2	0	1
FBGN0034135	0	0	0	0	0	0
FBGN0028744	350	294	465	208	292	342
FBGN0050360	0	8	3	3	0	0
FBGN0262571	0	0	0	0	0	0
FBGN0034457	0	0	0	0	0	0
FBGN0033760	0	0	0	0	0	0
FBGN0033241	147	145	225	140	194	202
FBGN0050371	0	0	0	0	0	0
FBGN0265297	1139	939	1664	905	1520	1499
FBGN0020257	254	161	332	262	441	396
FBGN0033608	178	163	360	202	269	220
FBGN0283666	52	62	93	84	85	94
FBGN0266377	26	6	20	16	17	21
FBGN0285950	2583	2371	4089	1614	2229	2059
FBGN0003435	32	51	40	30	54	25
FBGN0034920	0	0	0	1	0	0
FBGN0050265	0	0	0	0	0	0
FBGN0034961	52	58	50	51	84	77
FBGN0033021	395	464	688	403	389	377
FBGN0260770	1	0	0	0	0	0
FBGN0050011	86	55	107	59	66	53
FBGN0034093	28	16	29	15	33	34
FBGN0053505	68	60	97	48	71	77
FBGN0034946	38	41	73	32	53	45
FBGN0262547	0	0	0	0	0	0
FBGN0033885	0	0	0	0	0	0
FBGN0001291	63	63	109	75	103	84
FBGN0004240	0	0	0	0	0	0
FBGN0040273	372	315	433	297	406	320
FBGN0034501	4	1	0	0	0	0
FBGN0003140	0	0	0	0	0	0
FBGN0034092	0	0	0	0	0	0
FBGN0033750	23	15	32	29	35	33
FBGN0041235	0	0	0	0	0	0
FBGN0261823	126	75	135	125	128	131
FBGN0033814	115	151	199	101	181	168
FBGN0025885	364	207	498	275	412	364
FBGN0045482	0	0	0	0	0	0
FBGN0263032	0	0	0	0	0	0
FBGN0050413	0	0	0	1	0	1
FBGN0029147	6	3	11	6	10	3
FBGN0033323	0	0	0	0	0	0
FBGN0085257	12	17	22	17	19	27
FBGN0028407	0	0	0	0	0	0
FBGN0033353	0	0	0	0	0	0
FBGN0033422	0	0	0	0	0	0
FBGN0284252	145	168	221	155	184	220
FBGN0262882	0	0	0	0	0	0
FBGN0267861	37	43	79	47	65	59
FBGN0085218	0	0	0	0	0	0
FBGN0034363	0	0	0	0	0	0
FBGN0035014	0	0	0	0	0	0
FBGN0022987	67	62	111	73	83	82
FBGN0033355	0	0	0	0	0	0
FBGN0033138	0	0	0	0	0	0
FBGN0262103	66	56	110	63	91	81
FBGN0034697	65	79	135	76	87	87
FBGN0284231	3	0	1	0	2	0
FBGN0013764	144	122	217	119	173	174
FBGN0034968	1693	1259	2642	898	1334	1252
FBGN0011227	53	44	91	48	49	46
FBGN0028496	0	0	0	0	0	0
FBGN0033473	61	42	101	42	70	42
FBGN0034504	192	110	338	128	227	207
FBGN0034548	0	0	0	0	0	0
FBGN0033663	3425	2737	4862	3249	4684	4629
FBGN0033170	1	0	2	5	0	0
FBGN0033990	10	24	29	16	18	34
FBGN0050403	3	5	12	12	10	13
FBGN0033679	2	0	5	0	3	0
FBGN0040763	0	0	0	0	0	0
FBGN0034387	0	0	0	0	0	0
FBGN0050021	0	0	1	0	0	0
FBGN0250868	72	68	129	85	79	66
FBGN0033713	45	44	77	42	75	61
FBGN0028426	81	50	104	57	66	65
FBGN0053465	3	3	6	1	1	0
FBGN0284436	1334	1334	2097	1011	1622	1630
FBGN0033867	0	0	0	0	0	0
FBGN0010470	287	283	464	256	387	329
FBGN0050065	0	0	0	0	0	0
FBGN0033137	5	27	22	3	4	0
FBGN0034346	137	112	190	109	170	191
FBGN0033122	39	37	100	35	61	57
FBGN0010482	3	3	7	2	0	0
FBGN0263250	0	0	0	0	0	0
FBGN0034103	0	0	0	0	0	0
FBGN0040730	0	0	0	0	0	0
FBGN0034638	0	0	0	0	1	0
FBGN0034199	0	2	1	0	0	0
FBGN0050103	0	0	0	0	0	0
FBGN0034709	18	11	13	5	11	8
FBGN0033315	21	16	43	14	23	28
FBGN0003396	385	248	416	292	438	483
FBGN0034902	278	220	458	255	327	312
FBGN0034957	0	0	0	0	0	0
FBGN0035090	0	8	11	3	3	2
FBGN0034769	0	0	0	0	0	0
FBGN0034025	76	56	90	75	83	65
FBGN0025720	46	32	58	31	42	46
FBGN0033788	0	0	3	0	0	0
FBGN0266487	0	4	1	1	0	0
FBGN0000633	4	0	0	0	2	0
FBGN0034528	90	110	148	71	91	64
FBGN0033362	6	1	9	5	8	9
FBGN0287212	0	0	0	0	0	0
FBGN0004907	1313	1156	2009	944	1329	1210
FBGN0033810	42	34	54	29	33	38
FBGN0265833	0	0	0	0	0	0
FBGN0050340	0	0	0	0	0	0
FBGN0263376	0	0	0	0	0	0
FBGN0034173	0	0	0	0	0	0
FBGN0002643	157	133	240	149	248	181
FBGN0033363	0	0	0	0	0	0
FBGN0034182	2	0	1	0	1	0
FBGN0286932	0	0	2	0	2	0
FBGN0085261	0	0	0	0	0	0
FBGN0034988	31	24	25	21	25	27
FBGN0263020	0	0	0	0	0	0
FBGN0266083	211	123	248	183	211	224
FBGN0004581	0	0	2	0	1	0
FBGN0053140	0	0	0	1	0	0
FBGN0034731	0	0	0	0	0	0
FBGN0050349	234	179	373	213	226	292
FBGN0033397	0	0	0	0	0	0
FBGN0050382	0	0	0	0	0	0
FBGN0004055	153	130	214	142	190	165
FBGN0003067	108	152	286	74	108	117
FBGN0033815	0	0	0	0	0	0
FBGN0033730	53	59	80	60	51	30
FBGN0026402	54	42	77	31	50	41
FBGN0034665	0	0	0	0	0	0
FBGN0034883	3	1	9	0	2	4
FBGN0265429	0	0	0	0	0	0
FBGN0085244	0	0	0	5	0	0
FBGN0033467	8	13	15	2	2	8
FBGN0085241	0	0	0	0	0	0
FBGN0015295	117	51	124	68	112	99
FBGN0033450	6	11	11	12	13	15
FBGN0033861	0	0	0	0	0	0
FBGN0033687	0	0	0	0	0	0
FBGN0033925	28	27	42	31	38	23
FBGN0035006	0	0	0	0	0	0
FBGN0034461	0	0	0	0	0	0
FBGN0034063	8	3	8	7	12	17
FBGN0034566	1	0	0	0	3	0
FBGN0033791	0	0	0	0	0	0
FBGN0034114	43	41	61	45	50	53
FBGN0050031	0	0	0	0	0	0
FBGN0034705	1	3	13	2	3	7
FBGN0034195	0	0	0	0	0	0
FBGN0053632	0	0	0	0	0	0
FBGN0034647	0	0	0	0	0	0
FBGN0033354	110	101	141	85	126	142
FBGN0054040	0	0	0	0	0	0
FBGN0028382	88	56	106	62	58	60
FBGN0034062	21	22	31	18	22	30
FBGN0040754	68	71	104	49	69	50
FBGN0003130	12	5	12	6	14	9
FBGN0034002	31	11	53	23	47	34
FBGN0266186	16	24	42	19	32	24
FBGN0263114	0	0	0	0	0	0
FBGN0050391	0	0	0	0	0	0
FBGN0044020	80	39	79	60	79	48
FBGN0033264	274	185	301	216	306	358
FBGN0085488	0	0	0	0	0	0
FBGN0260995	0	0	0	0	0	0
FBGN0034391	1	5	1	1	0	1
FBGN0085213	0	0	0	0	0	0
FBGN0034105	0	0	0	0	0	0
FBGN0025583	0	0	0	0	0	0
FBGN0250824	0	0	0	0	0	0
FBGN0041205	110	96	162	88	152	101
FBGN0033033	224	156	244	160	230	264
FBGN0262889	0	0	0	0	0	0
FBGN0265180	19	24	40	6	11	13
FBGN0035085	1	0	10	6	6	14
FBGN0265342	0	0	0	0	0	0
FBGN0033524	0	0	0	0	0	0
FBGN0034899	0	0	0	0	0	0
FBGN0266433	0	0	0	0	0	0
FBGN0035089	231	230	355	193	353	227
FBGN0259209	0	1	18	2	2	3
FBGN0034272	0	0	0	0	0	0
FBGN0260799	346	315	473	317	327	309
FBGN0034139	1	1	1	0	2	1
FBGN0034008	15	5	17	6	2	4
FBGN0035019	0	0	0	0	0	0
FBGN0000448	24	35	27	24	48	30
FBGN0034198	4	0	4	0	0	1
FBGN0033960	18	6	16	16	19	31
FBGN0040733	0	0	0	0	0	0
FBGN0033980	0	3	1	4	0	1
FBGN0014865	0	0	0	0	0	0
FBGN0261587	0	0	0	0	0	0
FBGN0050389	190	160	188	158	240	171
FBGN0012042	0	0	0	0	0	0
FBGN0262840	0	0	0	0	0	0
FBGN0033225	102	101	175	135	141	124
FBGN0034657	462	384	645	407	547	532
FBGN0033038	49	66	96	57	83	88
FBGN0033516	0	0	0	0	0	0
FBGN0033104	43	31	68	65	37	46
FBGN0027872	9	4	3	7	8	1
FBGN0033261	31	16	38	19	27	24
FBGN0033686	30	39	68	12	20	18
FBGN0034774	0	0	0	0	0	0
FBGN0033658	0	4	11	3	13	10
FBGN0050169	7	9	18	10	5	8
FBGN0263395	89	65	138	97	140	122
FBGN0035084	0	0	0	1	0	1
FBGN0035091	3	1	3	2	0	4
FBGN0086656	189	125	214	145	169	144
FBGN0034722	217	178	287	194	257	213
FBGN0034098	18	8	13	24	21	16
FBGN0267002	19	28	26	20	44	32
FBGN0034365	0	0	0	0	0	2
FBGN0033648	0	0	0	0	0	0
FBGN0034389	0	0	1	0	1	1
FBGN0262837	0	0	0	0	0	0
FBGN0035073	70	74	104	57	88	61
FBGN0005778	0	0	0	0	0	0
FBGN0035065	14	21	17	17	12	20
FBGN0033628	0	0	0	0	0	0
FBGN0061356	0	4	5	1	0	0
FBGN0034866	0	0	0	0	0	0
FBGN0005654	42	42	60	35	45	43
FBGN0035001	540	356	655	436	563	554
FBGN0034542	51	20	45	44	59	43
FBGN0033661	629	392	704	321	482	536
FBGN0005655	1153	959	1651	861	1047	1243
FBGN0033897	303	177	384	266	316	303
FBGN0264089	754	553	943	645	991	952
FBGN0033499	0	0	0	0	0	0
FBGN0033382	3	10	14	9	28	24
FBGN0034745	0	0	0	0	0	0
FBGN0034470	6	1	0	2	0	0
FBGN0033274	8	8	2	1	0	4
FBGN0034763	7	7	24	5	16	7
FBGN0034263	0	0	0	0	0	0
FBGN0034540	30	31	61	30	33	45
FBGN0005586	0	0	0	0	0	0
FBGN0283450	318	244	553	195	259	298
FBGN0262791	0	0	0	0	0	0
FBGN0260456	122	140	252	102	148	161
FBGN0015561	0	0	0	2	2	0
FBGN0261990	1	0	0	2	0	0
FBGN0050364	0	0	0	0	0	0
FBGN0033483	14	8	32	32	21	25
FBGN0050342	63	58	101	59	76	106
FBGN0028687	766	578	1090	645	932	809
FBGN0263697	85	73	138	88	128	121
FBGN0034560	0	0	0	0	0	0
FBGN0263849	0	0	0	0	0	0
FBGN0259977	0	2	1	3	0	0
FBGN0265046	0	0	0	0	0	0
FBGN0033968	76	64	146	101	150	155
FBGN0029084	2	6	3	0	3	0
FBGN0261989	0	1	1	1	0	0
FBGN0033347	0	0	0	1	0	0
FBGN0259710	0	0	0	0	0	0
FBGN0033028	106	137	148	124	191	179
FBGN0034442	17	16	11	23	23	21
FBGN0061361	9	9	16	6	10	23
FBGN0034573	53	53	61	64	118	96
FBGN0010516	216	157	320	183	279	258
FBGN0040759	0	0	0	0	0	0
FBGN0034368	216	181	273	182	233	211
FBGN0265313	3	0	0	0	0	0
FBGN0033850	0	0	0	0	0	0
FBGN0050015	166	115	186	93	198	184
FBGN0050272	0	0	0	0	0	0
FBGN0050355	0	0	0	0	0	0
FBGN0034840	0	0	0	0	0	0
FBGN0040666	29	16	32	20	38	18
FBGN0033871	0	1	7	2	1	9
FBGN0034191	7	3	20	4	6	8
FBGN0034670	0	1	0	0	0	0
FBGN0053012	0	0	0	0	0	0
FBGN0050395	0	0	0	0	0	0
FBGN0033309	49	48	79	53	82	65
FBGN0033437	0	3	0	0	0	0
FBGN0016078	37	35	50	62	71	57
FBGN0026401	415	349	527	345	306	345
FBGN0003891	172	154	222	150	191	136
FBGN0034974	119	85	145	182	252	217
FBGN0034464	0	0	0	0	0	0
FBGN0034744	36	23	32	14	42	27
FBGN0004168	0	0	0	0	0	0
FBGN0261625	3	0	5	1	2	13
FBGN0043536	0	0	0	0	0	0
FBGN0034033	21	9	31	15	21	14
FBGN0000057	19	8	40	25	25	24
FBGN0015544	82	68	111	86	91	115
FBGN0033884	16	17	36	8	12	37
FBGN0033550	2	2	2	2	4	2
FBGN0040503	0	0	2	0	0	0
FBGN0250851	8	2	8	8	11	18
FBGN0033558	0	0	0	0	0	0
FBGN0035007	0	0	0	0	0	0
FBGN0025692	0	0	0	0	0	0
FBGN0053349	0	0	0	0	0	0
FBGN0085638	77	61	76	58	45	39
FBGN0004919	0	0	0	1	0	0
FBGN0033248	0	0	0	0	0	0
FBGN0050056	2	0	0	0	0	0
FBGN0263667	100	61	114	72	91	82
FBGN0020764	103	66	123	60	84	120
FBGN0261373	19	16	15	12	7	8
FBGN0034629	0	0	3	0	0	0
FBGN0033602	0	0	1	3	1	2
FBGN0033603	0	0	0	0	0	0
FBGN0035008	0	0	0	0	0	0
FBGN0033827	0	0	0	0	0	0
FBGN0034712	0	0	0	0	0	0
FBGN0262728	0	0	0	0	0	4
FBGN0264294	142	107	210	129	160	190
FBGN0033715	18	14	9	9	23	22
FBGN0034371	43	36	47	30	68	47
FBGN0005619	0	0	0	0	0	0
FBGN0260764	0	0	1	0	0	0
FBGN0261456	182	172	257	182	217	209
FBGN0029154	0	0	0	0	0	0
FBGN0286783	119	106	231	163	245	209
FBGN0033696	0	0	0	0	0	0
FBGN0034366	58	48	62	60	82	59
FBGN0033485	161	209	347	160	200	208
FBGN0034286	0	0	0	0	0	0
FBGN0260762	0	0	0	0	0	0
FBGN0034175	0	0	0	0	0	0
FBGN0002174	43	36	90	37	40	71
FBGN0034214	48	39	58	55	47	69
FBGN0050369	0	0	0	0	0	0
FBGN0033252	2	0	2	0	1	2
FBGN0001133	35	42	66	46	56	57
FBGN0085249	1	5	0	1	5	2
FBGN0263083	0	0	1	0	0	0
FBGN0265184	24	8	14	5	9	3
FBGN0260429	0	0	0	0	0	0
FBGN0034506	0	0	0	0	0	0
FBGN0035036	52	29	53	18	38	37
FBGN0034611	68	87	99	55	81	89
FBGN0027507	130	93	206	111	145	126
FBGN0033140	0	0	0	0	0	0
FBGN0260775	6	4	11	0	3	1
FBGN0259876	438	317	569	386	457	459
FBGN0034758	0	0	0	0	0	1
FBGN0263934	89	89	107	77	125	121
FBGN0033600	0	2	1	2	0	4
FBGN0266723	44	59	84	34	50	63
FBGN0034181	590	516	880	458	704	616
FBGN0034935	0	0	0	0	0	0
FBGN0067903	0	1	0	0	0	0
FBGN0063496	0	0	0	0	0	0
FBGN0013305	143	162	245	157	219	209
FBGN0260474	0	2	0	0	0	0
FBGN0259937	1066	900	1554	751	1053	1095
FBGN0034513	0	0	0	0	0	0
FBGN0034618	7	28	23	12	34	15
FBGN0001187	0	0	0	0	0	0
FBGN0259202	7	10	10	16	15	12
FBGN0050037	0	0	0	0	0	0
FBGN0010621	1817	1491	2810	1345	1946	2113
FBGN0286834	1	0	0	0	0	0
FBGN0011592	654	488	780	618	875	736
FBGN0033950	0	0	0	0	0	0
FBGN0034720	0	0	0	0	0	0
FBGN0034012	0	0	0	0	0	0
FBGN0263109	135	147	211	202	293	219
FBGN0033717	140	110	190	124	185	134
FBGN0033756	1	0	2	0	1	1
FBGN0034715	0	0	0	0	0	0
FBGN0286931	0	0	0	0	0	0
FBGN0028683	39	30	53	39	25	27
FBGN0083941	0	0	0	0	0	0
FBGN0034141	29	19	42	22	37	45
FBGN0034936	107	88	180	104	130	123
FBGN0034279	0	0	0	0	0	0
FBGN0033186	20	9	24	4	10	24
FBGN0083936	0	0	0	0	0	0
FBGN0085234	0	0	1	0	0	0
FBGN0082585	9	0	10	1	0	4
FBGN0034700	0	0	0	0	0	0
FBGN0053156	11	6	16	10	24	22
FBGN0015372	6	7	5	5	19	13
FBGN0261016	0	0	0	0	0	0
FBGN0034168	0	0	0	0	0	0
FBGN0285949	1464	1129	2221	772	1080	1392
FBGN0040734	0	0	0	0	0	0
FBGN0265576	0	0	0	0	1	0
FBGN0033952	0	0	0	0	0	0
FBGN0010638	177	229	334	197	247	226
FBGN0033464	2	4	10	1	5	2
FBGN0035059	15	10	24	20	30	12
FBGN0005612	40	32	67	49	100	90
FBGN0016726	430	396	926	300	415	403
FBGN0262574	0	0	1	0	0	0
FBGN0033665	18	8	29	17	21	17
FBGN0033221	0	0	0	0	0	4
FBGN0267351	103	77	114	58	82	106
FBGN0014469	62	68	114	35	22	23
FBGN0033624	305	234	425	222	340	371
FBGN0034179	67	66	109	60	132	116
FBGN0002571	0	0	0	0	0	0
FBGN0034817	47	33	78	37	58	69
FBGN0288856	25	26	45	26	36	26
FBGN0023081	249	210	286	212	257	252
FBGN0261394	549	474	833	337	548	445
FBGN0263240	122	88	170	124	158	178
FBGN0034299	52	43	77	44	38	35
FBGN0034071	164	110	236	141	172	213
FBGN0034154	0	0	0	0	0	0
FBGN0035040	0	0	0	0	0	0
FBGN0034097	0	0	0	0	0	0
FBGN0085243	0	0	0	0	0	0
FBGN0034626	14	7	27	17	26	21
FBGN0261975	91	118	189	98	75	99
FBGN0260475	8	3	11	1	7	0
FBGN0025335	24	29	20	31	41	36
FBGN0043576	0	0	0	0	0	0
FBGN0011695	5	2	1	1	4	1
FBGN0035056	36	42	77	41	39	34
FBGN0034860	19	24	23	6	38	22
FBGN0034262	0	0	0	0	0	0
FBGN0033538	9	2	8	6	1	5
FBGN0010238	678	536	1097	603	930	807
FBGN0064237	1	3	3	0	0	0
FBGN0000405	616	500	936	511	801	846
FBGN0040491	0	0	0	0	0	0
FBGN0033820	0	3	2	1	0	3
FBGN0033702	4	5	3	0	1	0
FBGN0288686	303	270	512	269	476	407
FBGN0034580	2	0	0	0	0	0
FBGN0027558	71	74	112	59	71	93
FBGN0034265	44	23	23	21	41	23
FBGN0027529	92	62	100	55	67	67
FBGN0033136	0	0	0	0	0	0
FBGN0033860	0	0	0	0	0	0
FBGN0028689	557	600	919	565	706	644
FBGN0053468	0	0	0	0	0	0
FBGN0286788	83	53	95	67	100	101
FBGN0267398	164	169	378	188	175	183
FBGN0259727	20	4	5	5	7	7
FBGN0034739	0	0	0	0	0	0
FBGN0033194	449	370	633	360	539	476
FBGN0020279	1995	1499	2775	1619	2156	2454
FBGN0034266	38	32	62	29	37	31
FBGN0034419	15	5	13	18	12	16
FBGN0034599	18	19	28	15	28	27
FBGN0034459	0	0	2	0	0	0
FBGN0085227	0	0	0	0	0	0
FBGN0034455	14	9	40	5	26	16
FBGN0034500	89	75	103	47	82	68
FBGN0034543	7	16	16	11	16	14
FBGN0259742	57	32	55	29	21	31
FBGN0034853	46	39	55	57	59	39
FBGN0034325	0	0	0	0	0	0
FBGN0085264	0	0	0	0	0	0
FBGN0053463	0	0	0	0	0	0
FBGN0034493	0	0	1	0	0	1
FBGN0034563	0	0	0	0	0	0
FBGN0033657	0	0	0	0	0	0
FBGN0041234	0	0	0	0	0	0
FBGN0034377	0	0	0	0	0	0
FBGN0003977	297	225	394	268	365	355
FBGN0000337	0	0	0	0	0	0
FBGN0260012	310	218	375	257	318	299
FBGN0265626	0	0	0	0	0	0
FBGN0266525	3	8	8	9	7	11
FBGN0034196	0	0	0	0	0	0
FBGN0260455	0	0	0	0	0	0
FBGN0034474	0	0	0	0	0	0
FBGN0050385	3	0	0	0	0	0
FBGN0020370	817	739	1110	634	1011	969
FBGN0285917	639	383	799	483	738	717
FBGN0034725	55	52	67	33	75	71
FBGN0034475	0	0	0	0	0	0
FBGN0027091	215	188	348	217	207	247
FBGN0033753	15	8	17	15	12	11
FBGN0027619	115	125	215	79	95	120
FBGN0011824	446	499	846	353	407	467
FBGN0023172	404	330	480	409	506	411
FBGN0259718	27	17	28	11	14	13
FBGN0032997	135	129	163	99	116	118
FBGN0040477	17	5	11	10	23	17
FBGN0033286	0	0	0	0	0	0
FBGN0034748	51	43	64	52	43	46
FBGN0011297	22	21	25	9	36	23
FBGN0033491	38	21	33	16	27	25
FBGN0034839	0	0	0	0	0	0
FBGN0033587	0	0	0	0	0	0
FBGN0288433	2	3	6	0	7	2
FBGN0033943	0	0	0	0	0	0
FBGN0035082	9	9	12	5	11	5
FBGN0033984	40	27	37	28	43	49
FBGN0050051	22	10	26	14	28	16
FBGN0085250	0	0	0	0	2	0
FBGN0053919	0	0	0	0	0	0
FBGN0033356	4	2	2	0	7	2
FBGN0004638	212	167	259	144	192	189
FBGN0034229	0	0	1	0	0	2
FBGN0034180	76	54	62	68	84	84
FBGN0004463	176	154	243	174	184	193
FBGN0262619	201	130	255	172	187	227
FBGN0033652	35	15	58	33	25	31
FBGN0260991	423	340	538	284	402	430
FBGN0034176	268	233	388	228	321	386
FBGN0085236	0	0	0	0	0	0
FBGN0050020	148	99	171	109	171	157
FBGN0000426	177	174	289	143	199	159
FBGN0050357	0	0	0	0	0	0
FBGN0025519	32	21	68	46	55	65
FBGN0053470	0	0	0	0	0	0
FBGN0033698	379	365	522	374	472	475
FBGN0050280	0	0	0	0	0	0
FBGN0033578	2	0	1	0	0	0
FBGN0265178	97	79	158	97	151	127
FBGN0050354	0	0	0	0	0	0
FBGN0053554	704	667	953	722	681	599
FBGN0050049	0	0	0	0	0	0
FBGN0261276	303	218	326	201	270	269
FBGN0033101	79	51	103	62	80	116
FBGN0054021	0	0	0	0	0	0
FBGN0033734	13	13	12	5	13	12
FBGN0020377	0	0	0	0	0	0
FBGN0034392	5	11	23	6	30	19
FBGN0261705	6	2	2	1	0	1
FBGN0034402	7	6	18	10	14	14
FBGN0004003	174	150	279	188	295	188
FBGN0013770	498	419	764	442	642	636
FBGN0287478	29	12	30	15	34	23
FBGN0028738	0	1	1	1	0	3
FBGN0034259	414	335	580	359	412	441
FBGN0050058	0	0	0	0	0	0
FBGN0050147	106	53	99	59	73	85
FBGN0034471	0	0	0	0	0	0
FBGN0085239	0	0	0	0	0	0
FBGN0033821	0	0	1	0	0	0
FBGN0050472	0	0	0	0	0	0
FBGN0041582	31	14	36	48	60	59
FBGN0000566	211	231	358	204	250	291
FBGN0035043	0	0	0	0	0	0
FBGN0034322	0	0	0	0	0	0
FBGN0069056	0	0	0	0	0	0
FBGN0015714	5	21	19	11	15	10
FBGN0040007	672	906	1539	534	580	427
FBGN0000615	4	0	5	1	1	1
FBGN0050457	0	0	0	3	6	7
FBGN0033199	19	10	19	6	21	15
FBGN0034800	7	4	4	8	3	10
FBGN0033301	0	0	0	0	0	0
FBGN0010620	483	419	776	455	581	582
FBGN0033327	0	0	0	0	0	0
FBGN0004435	72	81	137	73	98	89
FBGN0034158	53	31	67	36	63	47
FBGN0033543	6	7	1	1	2	9
FBGN0050053	0	0	0	0	0	0
FBGN0033426	11	7	14	13	17	12
FBGN0259221	36	21	38	23	64	41
FBGN0034870	0	0	0	0	0	0
FBGN0033395	8	7	8	2	0	0
FBGN0020930	14	8	10	6	29	26
FBGN0034849	22	20	23	13	27	19
FBGN0033599	0	0	0	0	0	0
FBGN0033697	0	0	0	0	0	0
FBGN0034277	977	812	1485	917	1249	1230
FBGN0050022	25	13	49	15	28	18
FBGN0016762	7	5	3	0	12	3
FBGN0261293	0	0	0	0	0	0
FBGN0033627	73	61	129	100	97	101
FBGN0034331	0	0	0	0	0	1
FBGN0050381	14	8	16	4	14	13
FBGN0034240	191	167	229	178	215	184
FBGN0003162	6	44	36	10	15	20
FBGN0050089	28	20	29	29	53	71
FBGN0010501	110	94	146	74	130	111
FBGN0266432	0	0	0	0	0	0
FBGN0020391	0	0	0	0	0	0
FBGN0021979	349	383	591	361	590	501
FBGN0050154	1	1	0	0	1	0
FBGN0034535	0	7	3	0	1	6
FBGN0050377	19	17	21	8	18	17
FBGN0085421	3	5	1	0	2	3
FBGN0287873	3970	3292	5698	3323	4459	4131
FBGN0034710	0	0	0	0	0	0
FBGN0033278	0	0	0	0	0	0
FBGN0033742	0	0	0	0	0	0
FBGN0034514	0	0	0	0	0	1
FBGN0003008	71	54	80	63	87	80
FBGN0262812	0	0	0	0	0	0
FBGN0033183	175	108	236	113	177	154
FBGN0033528	223	164	349	187	250	332
FBGN0034478	0	0	0	0	0	0
FBGN0013733	1246	390	942	417	778	596
FBGN0041238	0	0	0	0	0	0
FBGN0034417	0	0	0	1	1	0
FBGN0033929	49	31	77	30	64	47
FBGN0053155	1	0	0	0	2	0
FBGN0053798	0	0	0	0	0	0
FBGN0263743	0	0	0	0	0	0
FBGN0033767	0	0	0	0	0	0
FBGN0034753	1158	1137	2184	1259	1843	1462
FBGN0003317	187	159	243	178	227	224
FBGN0034458	0	0	0	0	0	0
FBGN0020236	779	699	1067	570	872	894
FBGN0034971	89	57	99	71	109	112
FBGN0002569	0	0	0	0	0	0
FBGN0034871	0	0	0	0	0	0
FBGN0034117	5	10	13	2	6	5
FBGN0034532	0	0	0	0	0	0
FBGN0033573	0	0	0	0	0	0
FBGN0033735	54	44	70	46	67	56
FBGN0264273	597	403	766	483	709	762
FBGN0034966	0	0	5	0	0	0
FBGN0041706	0	1	4	2	6	6
FBGN0017414	12	6	14	4	6	13
FBGN0010504	26	32	55	23	38	47
FBGN0033763	0	0	0	0	0	0
FBGN0033712	44	41	63	40	43	40
FBGN0287767	257	300	390	223	302	282
FBGN0050098	0	0	0	0	0	0
FBGN0033828	0	0	0	0	0	0
FBGN0033187	103	72	128	94	102	100
FBGN0033364	0	0	0	0	0	0
FBGN0033090	0	0	0	0	0	0
FBGN0004360	9	19	23	12	30	33
FBGN0053143	0	0	0	0	0	0
FBGN0027607	72	47	88	98	122	118
FBGN0011746	225	110	252	141	169	162
FBGN0035009	0	0	0	0	0	0
FBGN0034903	34	34	49	48	65	56
FBGN0265836	0	0	0	0	0	0
FBGN0263033	0	0	0	0	0	0
FBGN0283625	0	0	0	0	0	0
FBGN0035033	149	90	195	99	171	150
FBGN0034898	0	0	0	0	0	0
FBGN0028562	0	0	0	0	1	2
FBGN0034689	23	21	16	25	34	25
FBGN0034327	0	0	0	0	0	0
FBGN0033755	208	170	259	174	217	275
FBGN0033740	77	75	131	39	65	82
FBGN0050192	0	0	0	0	0	0
FBGN0010651	91	78	125	97	119	75
FBGN0061197	0	0	0	0	0	0
FBGN0033174	11	9	16	6	6	16
FBGN0005638	0	1	0	0	0	1
FBGN0015037	2	0	3	0	0	0
FBGN0033320	0	11	2	0	3	0
FBGN0026385	0	0	0	0	0	0
FBGN0035022	0	0	0	0	0	0
FBGN0033906	387	353	545	348	491	407
FBGN0034704	48	58	50	53	71	80
FBGN0034914	664	653	822	493	721	721
FBGN0033179	240	183	369	197	258	307
FBGN0050047	0	0	0	0	0	0
FBGN0034900	0	0	0	0	0	0
FBGN0265935	283	234	440	226	315	378
FBGN0267791	723	632	1105	591	746	784
FBGN0260499	0	0	0	0	0	0
FBGN0034893	55	33	78	33	39	52
FBGN0033191	126	101	141	71	80	118
FBGN0243516	51	35	74	59	87	63
FBGN0050001	36	32	65	37	27	54
FBGN0264329	0	0	0	0	0	0
FBGN0050008	0	0	0	0	0	0
FBGN0050286	0	0	0	0	0	0
FBGN0003975	142	148	206	155	234	199
FBGN0033139	0	1	0	0	0	0
FBGN0033205	36	28	27	10	25	23
FBGN0050269	0	0	0	0	0	0
FBGN0050421	69	60	71	58	78	68
FBGN0033919	134	139	189	126	192	171
FBGN0033375	42	43	49	24	32	21
FBGN0033862	0	0	0	0	0	0
FBGN0033605	31	17	47	9	26	30
FBGN0034382	0	0	0	0	0	0
FBGN0259183	0	0	0	0	0	0
FBGN0033728	0	0	0	0	0	0
FBGN0259226	8	3	9	13	15	21
FBGN0034964	259	185	330	201	274	289
FBGN0034323	0	0	0	0	0	0
FBGN0033866	32	29	43	36	39	38
FBGN0050277	0	0	0	0	0	0
FBGN0033636	955	725	1144	834	1092	854
FBGN0028411	112	90	151	67	74	76
FBGN0033283	0	0	0	0	0	0
FBGN0034882	0	0	0	0	0	0
FBGN0050101	2	1	6	0	1	0
FBGN0033893	3	0	1	0	0	0
FBGN0033989	36	43	73	27	49	47
FBGN0033569	69	35	64	27	55	51
FBGN0050344	28	26	39	31	33	27
FBGN0033349	152	153	255	142	215	231
FBGN0033088	15	21	28	11	28	16
FBGN0003401	19	27	39	19	36	32
FBGN0015801	19	33	60	43	73	42
FBGN0033842	72	65	99	53	93	71
FBGN0034511	0	0	0	0	0	0
FBGN0033155	72	73	143	72	127	118
FBGN0034821	0	0	0	0	0	0
FBGN0034418	63	96	94	51	106	78
FBGN0033783	18	17	41	21	25	31
FBGN0040849	0	0	0	0	0	0
FBGN0033238	0	0	0	0	0	0
FBGN0035087	36	30	39	25	40	31
FBGN0001263	0	0	0	0	0	0
FBGN0033673	9	17	25	22	16	16
FBGN0034253	238	200	302	216	280	261
FBGN0267978	359	225	408	282	332	342
FBGN0042135	82	49	102	53	117	98
FBGN0033932	0	0	0	0	0	0
FBGN0034308	81	63	108	61	142	69
FBGN0001147	0	4	0	0	1	0
FBGN0016970	14	17	25	6	18	4
FBGN0034645	113	116	173	79	96	112
FBGN0033115	2	9	15	8	13	11
FBGN0263197	272	185	313	206	284	253
FBGN0034109	88	79	97	45	65	86
FBGN0050156	1	0	0	0	0	1
FBGN0261119	385	247	507	275	436	405
FBGN0033699	967	834	1835	529	791	648
FBGN0033556	100	78	124	98	126	106
FBGN0035031	0	0	0	0	0	0
FBGN0043532	0	0	0	0	0	0
FBGN0260222	4	6	17	4	8	12
FBGN0022764	1030	760	1301	849	1373	1190
FBGN0033069	0	0	0	0	0	0
FBGN0041712	3	0	7	4	14	6
FBGN0033141	0	0	0	0	0	0
FBGN0034247	0	0	0	0	0	0
FBGN0034671	0	0	0	0	0	0
FBGN0066084	881	1002	1533	788	1149	866
FBGN0261363	3	3	2	6	7	2
FBGN0085414	0	0	0	0	0	0
FBGN0033112	0	0	0	0	0	0
FBGN0033607	110	65	121	69	137	98
FBGN0050411	0	0	0	0	0	0
FBGN0025709	0	1	0	0	2	1
FBGN0034451	103	67	118	58	90	92
FBGN0050025	0	0	0	0	0	0
FBGN0034067	200	133	218	165	272	249
FBGN0003520	66	54	97	66	77	87
FBGN0015584	0	0	0	0	0	0
FBGN0034166	0	0	0	0	0	0
FBGN0034782	0	0	0	0	0	0
FBGN0026384	0	0	0	0	0	0
FBGN0034910	0	0	0	0	0	0
FBGN0015602	230	173	350	186	165	206
FBGN0033294	0	0	0	0	0	0
FBGN0287831	0	0	0	0	0	1
FBGN0033888	0	0	0	0	0	0
FBGN0034691	54	44	79	45	76	88
FBGN0033544	11	24	30	12	12	29
FBGN0029093	527	465	821	519	732	774
FBGN0262512	54	34	98	61	61	49
FBGN0034291	0	0	0	0	0	0
FBGN0033271	0	0	0	0	0	0
FBGN0087011	19	18	21	29	27	12
FBGN0050274	0	0	0	0	0	0
FBGN0034485	0	0	0	0	0	0
FBGN0027356	81	67	121	92	88	88
FBGN0001124	184	201	353	156	224	216
FBGN0033184	13	7	22	11	23	16
FBGN0016701	65	59	128	66	65	80
FBGN0263707	0	0	0	0	0	0
FBGN0034127	0	0	0	0	0	0
FBGN0033160	407	323	583	315	430	461
FBGN0033798	0	0	0	0	0	0
FBGN0041241	0	0	0	0	0	0
FBGN0085428	89	46	128	57	85	123
FBGN0266811	0	0	0	0	0	0
FBGN0022097	107	88	177	104	159	111
FBGN0033421	16	15	13	12	30	12
FBGN0034906	0	0	0	0	0	0
FBGN0034267	0	0	0	0	0	0
FBGN0035064	34	22	49	15	20	26
FBGN0034086	53	26	81	51	53	53
FBGN0267823	36	37	76	20	50	45
FBGN0260972	47	50	59	46	71	90
FBGN0265003	215	182	299	177	214	244
FBGN0034539	0	0	0	0	0	0
FBGN0033807	0	0	0	0	0	0
FBGN0034049	103	77	149	103	124	118
FBGN0026176	1	7	3	0	0	0
FBGN0033770	0	0	0	0	0	0
FBGN0023180	37	23	41	21	20	30
FBGN0050365	0	0	0	0	0	0
FBGN0034654	565	413	848	358	559	441
FBGN0053680	0	0	0	0	0	0
FBGN0034132	0	0	0	0	0	0
FBGN0050018	0	0	0	0	0	0
FBGN0001222	163	157	270	136	184	224
FBGN0033876	0	0	0	0	0	0
FBGN0033005	178	159	297	137	173	166
FBGN0033659	0	0	0	0	0	2
FBGN0027535	62	73	79	46	92	92
FBGN0262480	0	0	0	0	0	0
FBGN0034052	0	0	0	0	0	0
FBGN0034246	364	314	500	317	354	345
FBGN0266129	0	0	0	0	0	0
FBGN0021825	243	235	280	159	224	218
FBGN0050263	0	0	0	0	0	0
FBGN0039993	176	162	264	133	158	119
FBGN0034415	0	0	0	0	0	0
FBGN0034579	25	23	45	24	28	13
FBGN0020307	162	116	174	140	216	195
FBGN0010359	0	0	0	0	0	0
FBGN0034407	0	0	0	0	0	0
FBGN0015038	0	0	1	0	0	0
FBGN0024319	0	0	0	0	0	0
FBGN0085240	0	0	0	0	0	0
FBGN0265272	0	0	0	0	0	0
FBGN0033818	0	0	0	0	0	0
FBGN0034692	0	0	0	0	0	0
FBGN0015371	217	166	251	179	237	281
FBGN0069913	0	0	0	0	0	0
FBGN0033449	32	11	38	21	31	15
FBGN0010590	409	345	723	307	475	484
FBGN0034413	0	0	0	0	0	0
FBGN0034724	174	154	193	105	189	163
FBGN0033063	0	0	0	0	0	0
FBGN0050376	0	0	0	0	0	0
FBGN0050185	55	40	76	43	59	54
FBGN0034022	229	114	227	158	208	215
FBGN0001269	93	35	85	41	67	82
FBGN0263850	0	0	0	0	0	0
FBGN0067905	0	0	0	0	0	0
FBGN0085246	0	0	0	0	0	0
FBGN0262821	0	0	0	0	0	0
FBGN0033226	14	15	30	19	28	24
FBGN0050082	0	0	0	0	0	0
FBGN0033250	0	0	0	0	0	0
FBGN0013762	34	29	66	29	72	41
FBGN0046999	0	0	0	0	0	0
FBGN0034380	78	63	100	74	96	67
FBGN0034885	2	3	2	1	1	2
FBGN0034200	0	6	16	3	0	3
FBGN0046294	0	0	0	0	0	1
FBGN0020617	0	0	0	0	0	0
FBGN0058263	35	41	58	39	33	20
FBGN0011704	423	333	560	446	616	742
FBGN0034405	479	464	711	547	790	637
FBGN0034275	0	0	0	0	0	0
FBGN0002552	111	70	135	96	128	140
FBGN0085231	0	0	0	0	0	0
FBGN0023170	325	393	703	194	275	235
FBGN0050281	0	0	0	0	0	0
FBGN0042098	0	0	0	0	0	0
FBGN0033554	1	1	1	2	1	2
FBGN0033775	0	0	0	0	0	0
FBGN0034948	12	9	19	11	17	24
FBGN0033802	28	17	25	14	33	31
FBGN0033748	1	0	5	0	0	0
FBGN0013765	283	247	389	196	286	311
FBGN0034242	117	130	155	77	115	103
FBGN0054033	0	0	0	0	0	0
FBGN0040653	0	0	0	0	0	0
FBGN0034372	72	53	97	45	60	56
FBGN0050259	0	0	0	0	0	0
FBGN0033963	0	0	0	0	0	0
FBGN0053225	1	2	3	0	0	1
FBGN0034828	0	0	0	0	0	0
FBGN0050157	6	3	0	3	3	2
FBGN0033515	0	0	0	0	0	0
FBGN0262838	0	0	0	0	0	0
FBGN0050469	0	0	0	0	0	0
FBGN0033996	18	12	28	19	36	34
FBGN0034183	0	0	0	0	0	0
FBGN0015838	113	90	161	113	155	155
FBGN0034197	0	0	0	0	0	52
FBGN0033703	0	0	0	0	0	0
FBGN0263855	385	374	561	360	484	519
FBGN0033853	32	29	72	35	94	66
FBGN0034137	0	0	0	0	0	0
FBGN0262098	0	0	0	0	0	0
FBGN0021795	299	289	507	227	396	306
FBGN0050503	1	0	9	0	0	0
FBGN0016059	531	443	797	543	882	872
FBGN0086356	292	245	428	248	355	336
FBGN0010356	141	121	185	124	136	138
FBGN0283508	3607	2695	5021	2351	3630	3772
FBGN0033826	0	0	0	0	0	0
FBGN0033995	39	38	41	32	50	37
FBGN0263593	107	73	121	53	82	76
FBGN0034837	2	2	4	2	3	2
FBGN0025373	172	152	246	138	223	174
FBGN0263864	93	70	79	79	114	99
FBGN0034480	0	0	0	0	0	0
FBGN0264541	0	0	0	0	0	0
FBGN0033520	0	0	0	0	0	0
FBGN0033688	1322	1135	1641	1031	1462	1501
FBGN0033631	447	398	700	443	579	579
FBGN0034304	38	30	48	30	61	47
FBGN0034963	57	70	90	40	65	79
FBGN0034585	89	71	120	69	96	101
FBGN0034894	3	13	8	5	4	13
FBGN0033202	0	0	0	0	0	0
FBGN0034919	36	27	30	28	30	43
FBGN0033357	160	165	254	181	166	143
FBGN0033153	19	17	25	14	24	23
FBGN0033508	0	0	0	0	0	0
FBGN0004839	229	163	300	155	319	270
FBGN0026326	203	223	313	193	269	253
FBGN0026316	65	58	111	78	85	95
FBGN0035025	84	47	91	49	49	63
FBGN0000043	3771	3347	5466	3156	5083	4486
FBGN0265187	23	16	33	5	18	15
FBGN0034001	46	34	70	31	46	62
FBGN0034642	0	0	0	0	0	0
FBGN0003748	83	72	118	86	77	105
FBGN0034136	0	0	0	0	0	0
FBGN0034694	15	25	19	10	21	17
FBGN0033188	253	223	382	167	354	349
FBGN0086895	162	106	211	139	195	163
FBGN0016047	0	0	0	0	0	0
FBGN0033754	56	35	94	46	39	50
FBGN0034057	14	13	11	4	11	1
FBGN0043535	0	0	0	0	0	0
FBGN0034425	16	14	19	20	27	12
FBGN0033280	0	0	0	0	0	0
FBGN0085468	103	98	148	93	103	110
FBGN0034144	0	0	0	0	0	0
FBGN0034999	4	13	4	6	1	4
FBGN0050043	0	0	0	0	0	0
FBGN0033259	143	105	141	133	158	145
FBGN0050446	0	0	0	0	0	0
FBGN0052834	0	0	0	0	0	0
FBGN0085265	0	0	0	0	0	0
FBGN0027360	20	19	14	11	17	12
FBGN0034432	222	258	363	222	286	229
FBGN0034976	90	87	191	116	148	151
FBGN0034296	0	7	1	0	0	0
FBGN0013763	25	52	62	42	25	43
FBGN0265625	0	0	0	0	0	0
FBGN0050044	0	0	0	0	0	0
FBGN0050046	2	4	4	0	1	0
FBGN0034713	0	0	0	0	0	0
FBGN0011743	0	0	0	0	0	1
FBGN0033774	2	0	2	0	0	0
FBGN0043575	0	0	0	0	0	0
FBGN0034330	0	0	0	0	0	0
FBGN0050288	0	1	1	1	0	0
FBGN0034933	74	63	112	53	79	94
FBGN0050110	0	0	0	0	0	0
FBGN0000562	130	105	235	141	255	218
FBGN0000119	589	520	923	655	863	807
FBGN0034013	100	59	115	104	132	138
FBGN0010385	3	2	0	1	0	1
FBGN0061435	0	0	0	0	0	0
FBGN0053474	0	0	0	0	0	0
FBGN0027073	0	1	0	0	0	0
FBGN0033834	1	0	0	0	0	0
FBGN0033926	5	3	4	1	2	1
FBGN0022288	262	164	335	173	187	219
FBGN0041239	0	0	0	0	0	0
FBGN0262566	0	0	0	0	0	0
FBGN0262115	150	146	274	134	152	168
FBGN0053199	0	1	4	0	0	0
FBGN0014009	148	153	208	173	212	250
FBGN0034301	2	0	3	0	0	1
FBGN0010591	66	57	87	53	85	80
FBGN0034283	0	0	0	0	0	0
FBGN0266488	4	4	6	7	3	1
FBGN0284245	27186	22684	41265	18107	25573	25607
FBGN0034489	0	0	0	0	0	0
FBGN0029134	570	499	950	442	655	704
FBGN0050424	0	2	0	0	0	0
FBGN0000352	128	96	194	117	169	128
FBGN0034923	81	92	126	77	119	106
FBGN0034884	0	0	0	0	0	1
FBGN0034270	11	1	12	13	16	2
FBGN0024836	776	585	1001	674	962	861
FBGN0010425	0	16	1	0	0	1
FBGN0034399	161	109	212	72	76	66
FBGN0033580	0	0	0	0	0	1
FBGN0010226	371	331	594	275	668	612
FBGN0034328	1	0	0	0	0	0
FBGN0053460	0	3	2	0	1	2
FBGN0053462	0	0	0	0	0	0
FBGN0033731	19	14	21	8	6	11
FBGN0034447	124	77	122	78	148	105
FBGN0003612	154	114	179	150	215	131
FBGN0259707	0	0	0	0	0	0
FBGN0033614	0	0	0	0	0	0
FBGN0033716	22	25	37	27	52	39
FBGN0034255	0	0	0	0	0	0
FBGN0263270	0	0	0	0	0	0
FBGN0033638	72	21	71	45	63	73
FBGN0261588	59	48	81	39	81	66
FBGN0050072	0	0	0	0	0	0
FBGN0033052	122	77	166	109	146	128
FBGN0003074	226	174	327	223	343	316
FBGN0010435	456	327	650	406	600	627
FBGN0026386	0	0	0	0	0	0
FBGN0033339	618	434	752	462	684	724
FBGN0034649	8	16	6	9	17	8
FBGN0262360	0	0	0	0	0	0
FBGN0023167	329	304	528	217	385	396
FBGN0033207	0	0	0	0	0	0
FBGN0033206	85	62	68	70	59	56
FBGN0042085	319	256	433	265	396	417
FBGN0033085	17	11	21	10	10	14
FBGN0033874	0	0	0	0	0	0
FBGN0265605	0	0	3	6	2	4
FBGN0034058	37	28	39	24	22	28
FBGN0035000	0	0	0	0	1	0
FBGN0050419	0	0	0	0	0	0
FBGN0034083	139	130	212	155	218	198
FBGN0011260	1351	1152	1641	1337	1659	1625
FBGN0040778	1	2	0	1	6	2
FBGN0015034	0	0	2	0	0	0
FBGN0061359	72	69	88	50	65	101
FBGN0035026	114	110	162	113	160	182
FBGN0050441	0	1	1	0	0	0
FBGN0050495	2	0	0	1	0	0
FBGN0266671	88	78	139	66	104	98
FBGN0262867	9	0	3	4	8	8
FBGN0024188	207	177	367	152	173	209
FBGN0034661	8	4	13	0	13	14
FBGN0262988	0	0	0	0	0	0
FBGN0283494	78	71	192	86	119	108
FBGN0003382	0	0	0	0	0	0
FBGN0033799	10	15	9	4	11	6
FBGN0022382	22	17	31	18	38	27
FBGN0033899	43	36	38	36	45	52
FBGN0034911	0	0	0	0	0	0
FBGN0041581	0	0	0	0	0	0
FBGN0261584	0	2	0	0	0	0
FBGN0050161	0	0	0	0	0	0
FBGN0033751	15	27	28	8	32	29
FBGN0021814	117	102	166	114	171	148
FBGN0034317	0	0	0	0	0	0
FBGN0013750	53	46	86	49	79	44
FBGN0033571	202	165	261	130	178	207
FBGN0262594	0	0	0	0	0	0
FBGN0034460	0	0	0	0	0	0
FBGN0050109	11	7	15	3	8	6
FBGN0035060	183	145	225	149	252	258
FBGN0085229	76	37	102	66	76	55
FBGN0260763	0	0	0	0	0	0
FBGN0034314	9	15	13	11	13	9
FBGN0034546	0	0	0	0	0	0
FBGN0033471	105	88	148	60	85	96
FBGN0033403	0	0	0	0	0	0
FBGN0015477	294	248	413	254	382	390
FBGN0250830	161	170	254	144	138	168
FBGN0050273	0	2	2	0	0	0
FBGN0033794	0	0	0	0	0	0
FBGN0262817	0	0	0	0	0	0
FBGN0035035	11	10	10	7	8	11
FBGN0265631	1	0	0	0	0	0
FBGN0004101	83	78	113	94	166	110
FBGN0034354	229	182	375	135	223	202
FBGN0266047	0	0	0	0	0	0
FBGN0050067	0	0	0	0	0	0
FBGN0034205	0	0	0	0	0	0
FBGN0003731	894	660	1073	822	1290	1222
FBGN0086408	0	0	2	0	2	6
FBGN0043533	0	0	0	0	0	0
FBGN0033901	556	463	831	501	621	695
FBGN0005631	221	165	231	218	315	256
FBGN0053558	157	68	154	114	164	167
FBGN0028836	184	144	245	169	204	161
FBGN0029092	61	65	107	64	106	86
FBGN0286782	0	0	3	1	2	1
FBGN0033413	6	6	17	4	21	26
FBGN0040660	278	239	463	310	366	429
FBGN0262966	0	0	0	0	0	0
FBGN0010241	0	0	0	0	0	0
FBGN0033062	531	361	629	443	527	480
FBGN0027504	195	106	245	153	170	178
FBGN0033988	134	103	159	121	166	146
FBGN0033154	0	0	1	0	2	1
FBGN0033502	1	0	0	0	0	0
FBGN0033268	5	10	0	0	0	0
FBGN0033313	415	254	444	450	549	460
FBGN0261580	0	0	0	0	0	0
FBGN0034938	35	38	56	49	35	39
FBGN0034452	15	6	13	3	11	7
FBGN0034379	29	6	20	4	15	18
FBGN0286873	0	0	0	0	0	0
FBGN0286876	0	0	0	0	0	0
FBGN0034518	0	0	0	0	0	0
FBGN0283509	129	95	241	133	198	172
FBGN0265185	0	0	0	0	0	1
FBGN0010434	1414	1040	1760	1186	1563	1675
FBGN0086129	130	170	207	148	220	162
FBGN0050486	0	0	0	0	0	0
FBGN0034131	0	0	0	0	0	0
FBGN0034646	110	107	156	77	97	114
FBGN0259738	0	0	0	0	0	0
FBGN0034636	28	44	55	47	54	69
FBGN0033369	0	0	0	0	0	0
FBGN0050104	0	0	0	0	0	1
FBGN0034106	0	0	0	0	0	0
FBGN0265177	11	25	36	21	36	27
FBGN0053627	0	0	0	0	0	0
FBGN0010213	125	120	242	143	212	179
FBGN0033296	0	0	0	0	0	0
FBGN0034793	40	50	66	41	62	42
FBGN0033667	0	2	9	0	2	1
FBGN0263077	13	1	4	5	3	4
FBGN0033440	0	0	0	0	0	0
FBGN0085486	0	0	0	0	0	0
FBGN0004921	86	49	123	69	108	88
FBGN0015721	0	0	0	3	0	0
FBGN0033961	110	103	143	66	81	87
FBGN0033257	0	0	0	0	0	0
FBGN0034394	0	0	0	0	0	0
FBGN0265538	0	0	0	0	0	0
FBGN0033738	118	86	148	119	151	136
FBGN0261545	53	22	45	28	55	48
FBGN0034706	151	98	211	107	214	235
FBGN0028371	437	386	538	360	496	470
FBGN0011604	851	796	1077	677	858	848
FBGN0062440	56	46	79	39	37	59
FBGN0033644	0	0	0	0	0	0
FBGN0027054	113	124	220	92	132	122
FBGN0262819	0	0	0	0	0	0
FBGN0000326	47	27	45	31	36	27
FBGN0085223	0	0	0	0	0	0
FBGN0261786	77	42	93	59	71	95
FBGN0033081	205	162	252	163	190	202
FBGN0053198	26	26	36	26	40	30
FBGN0033279	0	0	0	0	0	0
FBGN0033177	29	26	45	26	49	29
FBGN0024232	0	0	0	2	0	0
FBGN0033210	117	93	170	96	123	150
FBGN0050187	0	1	3	0	0	0
FBGN0035024	99	73	158	58	119	109
FBGN0034329	0	0	0	0	0	0
FBGN0040777	228	185	271	236	359	325
FBGN0263084	0	0	0	0	0	0
FBGN0025352	345	293	619	398	566	512
FBGN0262476	0	0	0	1	0	0
FBGN0034403	116	99	207	103	163	115
FBGN0050158	0	0	0	0	0	0
FBGN0050383	0	7	5	5	1	4
FBGN0034487	0	0	0	0	0	0
FBGN0022986	196	155	376	164	300	270
FBGN0034515	0	0	0	0	0	0
FBGN0034973	0	0	0	0	0	0
FBGN0033135	0	0	0	0	0	0
FBGN0034021	44	37	59	36	50	47
FBGN0033766	342	296	433	270	338	317
FBGN0050120	0	0	0	0	0	0
FBGN0041579	0	0	0	3	0	0
FBGN0004580	0	0	0	0	0	0
FBGN0033055	144	106	172	102	159	155
FBGN0259678	0	0	0	0	2	1
FBGN0261853	0	0	0	0	0	0
FBGN0035003	0	0	0	0	0	0
FBGN0262570	0	0	0	0	0	0
FBGN0013467	0	0	0	0	0	0
FBGN0259985	7	3	5	4	8	12
FBGN0033443	29	13	29	26	28	27
FBGN0050356	0	0	0	1	0	0
FBGN0034096	0	0	0	0	0	0
FBGN0010549	49	27	19	17	16	14
FBGN0259211	825	688	1169	773	1004	896
FBGN0034577	174	152	283	136	217	202
FBGN0053964	13	12	13	7	11	15
FBGN0033484	0	1	0	0	1	0
FBGN0033970	0	0	0	0	1	0
FBGN0050083	0	0	0	0	0	0
FBGN0261854	275	280	447	244	335	404
FBGN0085408	344	143	240	134	260	160
FBGN0033351	107	63	133	77	84	72
FBGN0033789	0	0	0	2	0	3
FBGN0033785	105	63	141	97	131	101
FBGN0033905	8	3	12	1	4	2
FBGN0034844	0	0	0	0	0	0
FBGN0003091	0	0	1	3	2	3
FBGN0028561	0	0	0	0	0	0
FBGN0022027	15	19	40	15	20	22
FBGN0027495	237	214	355	158	289	334
FBGN0002567	16	15	18	14	24	6
FBGN0050392	27	26	25	18	32	20
FBGN0034545	0	0	0	0	0	0
FBGN0033724	4	11	8	6	5	1
FBGN0085425	0	0	0	0	0	0
FBGN0033886	501	435	749	374	574	558
FBGN0028424	1	0	0	0	0	1
FBGN0033168	0	0	0	0	0	0
FBGN0034351	45	43	116	53	79	75
FBGN0261596	1813	1509	2680	1157	1482	1579
FBGN0034032	20	8	27	17	35	16
FBGN0034605	0	0	0	0	0	0
FBGN0046692	81	50	81	60	50	47
FBGN0250822	0	0	0	0	0	0
FBGN0020312	51	44	81	59	81	69
FBGN0005648	473	340	566	329	400	424
FBGN0050287	0	0	0	0	0	0
FBGN0010052	0	0	0	0	0	0
FBGN0063497	4	4	14	5	3	8
FBGN0034624	0	0	0	0	0	0
FBGN0259728	8	6	34	11	14	15
FBGN0033708	0	3	0	0	0	0
FBGN0033566	53	37	99	38	57	70
FBGN0003527	0	0	0	0	0	0
FBGN0263116	0	0	0	0	0	0
FBGN0035023	16	9	13	20	22	13
FBGN0041240	0	0	0	0	0	0
FBGN0263076	0	0	0	0	0	0
FBGN0033769	19	15	11	12	20	5
FBGN0035039	21	11	24	13	32	23
FBGN0033557	181	185	295	156	160	207
FBGN0033402	40	45	79	39	61	37
FBGN0033969	0	0	0	0	0	0
FBGN0033887	0	0	0	0	0	0
FBGN0034717	0	0	0	0	0	1
FBGN0034639	0	0	0	0	0	1
FBGN0042180	16	9	9	12	18	12
FBGN0029105	0	0	0	0	0	0
FBGN0034324	0	0	0	0	0	0
FBGN0053458	0	0	0	0	0	0
FBGN0034072	558	415	798	610	620	587
FBGN0033340	50	35	75	45	46	36
FBGN0034650	52	40	60	30	72	52
FBGN0034664	0	0	0	0	0	0
FBGN0259682	8	5	8	1	4	4
FBGN0005636	14	3	13	3	3	10
FBGN0259709	1	0	0	2	0	1
FBGN0039969	97	93	165	95	106	88
FBGN0033507	63	67	103	57	50	50
FBGN0263848	0	0	0	0	0	0
FBGN0050343	1	4	3	0	0	8
FBGN0033479	18	11	14	22	24	34
FBGN0040732	1	18	4	1	1	2
FBGN0015247	17	13	31	14	31	46
FBGN0034510	0	0	0	0	0	0
FBGN0010488	1027	953	1465	984	1355	1251
FBGN0033792	0	0	0	0	0	0
FBGN0014870	644	538	877	431	600	616
FBGN0034479	2	1	2	0	3	0
FBGN0050285	0	0	0	0	1	0
FBGN0033391	22	19	42	21	33	34
FBGN0026136	0	0	0	0	0	0
FBGN0050172	0	0	0	0	0	0
FBGN0034060	105	87	147	94	174	139
FBGN0085426	0	0	0	0	0	0
FBGN0034908	63	65	110	54	91	81
FBGN0035021	80	52	102	51	85	78
FBGN0058191	105	105	159	82	134	120
FBGN0033222	0	0	0	0	0	0
FBGN0050418	73	41	111	56	92	117
FBGN0050461	0	0	0	0	0	0
FBGN0050476	26	14	22	19	21	24
FBGN0259210	0	0	0	0	0	0
FBGN0034364	0	3	6	0	1	0
FBGN0040736	0	0	0	0	0	0
FBGN0034602	0	0	0	0	0	0
FBGN0033032	562	447	748	506	651	482
FBGN0033875	70	68	81	110	113	142
FBGN0034439	0	1	0	0	0	16
FBGN0004795	0	0	3	0	0	0
FBGN0004362	2553	2566	3717	2368	3283	3098
FBGN0033204	0	0	0	0	0	0
FBGN0262583	0	0	0	0	0	0
FBGN0033591	0	0	0	0	0	0
FBGN0034420	45	45	98	40	90	64
FBGN0259187	0	0	0	0	0	0
FBGN0287775	546	468	697	566	729	693
FBGN0267792	3	2	1	3	4	0
FBGN0033701	0	0	0	0	0	0
FBGN0000715	0	0	0	0	0	0
FBGN0034982	132	84	157	111	145	182
FBGN0034918	43	20	55	17	42	41
FBGN0028955	1	1	1	0	2	0
FBGN0028372	1	6	4	1	5	8
FBGN0021847	61	56	76	59	88	76
FBGN0033523	51	27	76	44	84	52
FBGN0033727	0	0	0	0	0	0
FBGN0033427	62	50	116	50	76	76
FBGN0016984	114	117	157	88	139	130
FBGN0034582	0	0	0	0	0	0
FBGN0035083	155	190	213	164	258	203
FBGN0026403	0	2	0	0	0	0
FBGN0033372	31	48	59	34	32	54
FBGN0050073	0	0	0	0	0	0
FBGN0262026	23	11	28	13	18	20
FBGN0034683	0	0	0	0	0	0
FBGN0033547	18	11	26	6	10	26
FBGN0010228	723	734	1253	628	924	683
FBGN0050075	0	0	0	0	0	0
FBGN0033307	0	0	0	0	0	0
FBGN0053998	0	0	0	0	0	0
FBGN0033998	915	677	1163	654	911	870
FBGN0086358	59	55	70	32	69	52
FBGN0004400	0	0	0	0	0	0
FBGN0033629	0	0	0	0	0	0
FBGN0050076	0	0	0	0	0	0
FBGN0013771	0	0	0	0	0	3
FBGN0264330	0	0	0	0	0	0
FBGN0033490	0	0	0	0	0	0
FBGN0034854	141	113	172	121	157	130
FBGN0033726	0	0	0	0	0	0
FBGN0042198	0	0	0	0	0	0
FBGN0053147	0	0	0	0	0	0
FBGN0033723	0	0	0	0	0	0
FBGN0034743	1219	1113	1992	724	1073	1001
FBGN0034429	0	0	0	0	0	0
FBGN0013954	923	692	1610	775	1243	1214
FBGN0026721	11	18	27	8	15	13
FBGN0034204	0	0	0	0	0	0
FBGN0001276	57	32	73	52	75	65
FBGN0033448	1	0	1	2	0	1
FBGN0033935	28	12	28	22	22	29
FBGN0021872	117	97	179	91	159	141
FBGN0260932	29	28	15	10	5	20
FBGN0034231	30	18	34	13	19	19
FBGN0085452	0	0	1	2	0	0
FBGN0260761	0	0	0	0	0	0
FBGN0033165	0	0	0	0	0	0
FBGN0010342	508	463	766	433	557	501
FBGN0259968	0	0	0	0	0	0
FBGN0028737	1323	1149	2018	750	1212	1016
FBGN0259246	1	3	0	0	0	0
FBGN0033224	276	204	382	236	300	311
FBGN0033615	71	71	77	48	66	57
FBGN0085214	0	0	0	0	0	0
FBGN0266420	245	193	368	153	267	251
FBGN0033214	0	0	0	0	0	0
FBGN0033292	0	0	0	0	0	0
FBGN0050093	0	0	0	0	0	0
FBGN0033868	0	0	0	0	0	0
FBGN0003660	254	233	424	269	317	283
FBGN0263144	156	123	206	113	122	124
FBGN0034422	111	90	137	80	76	95
FBGN0086757	19	11	24	6	16	21
FBGN0033368	0	0	0	0	0	0
FBGN0034786	19	17	43	15	36	19
FBGN0050268	0	0	0	0	0	0
FBGN0004512	111	74	107	75	128	120
FBGN0050372	96	49	101	82	106	77
FBGN0033902	619	500	946	393	697	641
FBGN0034721	0	0	0	0	0	0
FBGN0000473	0	0	0	0	0	0
FBGN0284249	101	117	206	135	142	107
FBGN0035044	44	37	73	36	39	32
FBGN0000546	336	216	358	199	331	323
FBGN0033110	0	0	0	0	0	0
FBGN0011300	137	74	179	83	161	145
FBGN0033933	0	0	0	0	0	0
FBGN0050468	0	0	0	0	0	0
FBGN0264377	0	0	0	0	0	0
FBGN0034406	0	0	0	0	3	1
FBGN0033782	0	0	0	0	0	0
FBGN0260223	17	13	11	5	18	8
FBGN0001220	631	562	916	544	675	800
FBGN0026533	641	681	833	491	578	671
FBGN0022984	106	108	217	106	184	188
FBGN0034913	94	56	121	72	87	80
FBGN0026261	32	33	47	40	29	29
FBGN0027783	425	353	632	326	440	519
FBGN0026582	19	17	28	19	20	38
FBGN0034053	0	0	0	0	0	0
FBGN0034509	0	0	0	0	0	0
FBGN0027580	250	196	411	156	163	195
FBGN0033428	249	194	318	136	277	260
FBGN0259726	0	0	0	0	1	3
FBGN0050081	0	0	0	0	0	0
FBGN0011674	9	2	13	1	12	5
FBGN0003174	214	169	269	209	247	273
FBGN0034736	1	0	3	0	0	0
FBGN0033677	25	19	44	19	42	34
FBGN0033429	14	6	26	7	5	13
FBGN0003071	260	201	400	248	304	323
FBGN0050096	13	15	13	7	11	5
FBGN0033540	222	210	389	130	182	188
FBGN0085442	89	75	98	71	106	109
FBGN0054038	29	33	36	17	20	19
FBGN0035011	0	0	0	0	0	0
FBGN0034612	0	3	0	0	0	0
FBGN0025830	123	74	123	79	114	84
FBGN0034271	26	23	45	20	34	41
FBGN0025454	1	13	12	0	1	0
FBGN0033389	9	4	7	3	6	5
FBGN0262481	0	0	1	0	0	0
FBGN0261538	0	6	2	2	0	8
FBGN0033469	0	0	0	0	0	0
FBGN0050045	0	0	0	0	0	0
FBGN0034962	109	79	151	70	119	135
FBGN0035086	0	0	0	0	2	2
FBGN0034345	232	219	439	188	242	206
FBGN0053144	27	31	46	32	43	38
FBGN0261611	0	0	0	0	0	0
FBGN0265877	0	0	0	0	0	0
FBGN0261067	62	65	86	49	61	53
FBGN0033809	0	2	2	1	1	6
FBGN0034622	0	0	0	0	0	0
FBGN0261269	161	112	208	156	243	192
FBGN0263120	288	290	499	298	390	350
FBGN0026369	89	67	109	91	112	80
FBGN0050404	98	85	147	110	125	140
FBGN0033836	6	1	1	0	1	0
FBGN0063495	11	8	12	8	8	9
FBGN0050054	3	0	4	3	4	1
FBGN0034674	45	32	74	46	58	69
FBGN0034051	332	239	429	249	309	291
FBGN0000577	109	75	140	144	205	184
FBGN0261698	0	0	0	0	0	0
FBGN0025716	182	194	328	177	224	201
FBGN0034925	14	3	8	5	2	6
FBGN0033645	0	0	0	0	0	0
FBGN0033610	0	0	0	0	0	0
FBGN0001148	0	0	0	0	0	0
FBGN0034484	0	0	0	0	0	0
FBGN0033258	13	10	15	13	18	15
FBGN0260964	0	0	0	0	0	0
FBGN0050088	0	2	0	0	0	3
FBGN0053530	0	0	0	0	0	0
FBGN0050203	0	0	0	0	0	0
FBGN0033725	476	438	741	412	634	431
FBGN0033047	0	0	0	0	0	0
FBGN0033482	438	373	570	347	476	495
FBGN0263397	0	0	0	2	0	2
FBGN0050077	19	28	48	26	33	25
FBGN0019928	0	0	0	0	0	0
FBGN0283437	76	65	64	8	36	13
FBGN0261850	109	120	208	71	163	135
FBGN0033275	0	0	0	0	0	0
FBGN0033130	6	0	1	2	7	2
FBGN0050410	95	110	160	58	139	156
FBGN0034172	30	28	61	38	60	53
FBGN0034218	0	0	0	0	0	0
FBGN0034942	0	0	0	0	0	0
FBGN0265186	0	0	0	0	0	0
FBGN0033404	0	0	0	0	0	0
FBGN0033737	95	86	142	71	98	129
FBGN0265192	70	49	115	54	66	90
FBGN0033993	14	10	17	25	32	23
FBGN0034838	0	0	0	0	0	0
FBGN0050114	0	0	0	0	0	0
FBGN0050085	190	156	297	198	232	270
FBGN0034321	0	0	0	0	0	0
FBGN0035041	0	0	0	0	0	0
FBGN0034095	0	1	0	4	4	0
FBGN0034583	110	95	199	104	149	154
FBGN0002930	1	4	7	7	9	2
FBGN0263006	971	688	1183	821	1356	1248
FBGN0033736	0	0	0	0	0	0
FBGN0034326	0	0	0	0	0	0
FBGN0053626	0	0	0	0	0	0
FBGN0033609	129	111	177	118	170	166
FBGN0034641	308	223	419	279	306	303
FBGN0033438	130	136	176	123	200	191
FBGN0034194	22	23	44	18	44	32
FBGN0260767	0	0	0	0	1	6
FBGN0004698	110	71	140	74	121	95
FBGN0033527	61	44	69	38	91	55
FBGN0033439	0	6	0	0	0	0
FBGN0034295	0	0	0	0	0	0
FBGN0259185	0	2	0	0	0	0
FBGN0034742	61	41	93	66	55	51
FBGN0034915	243	233	402	117	230	222
FBGN0262166	47	33	61	28	59	39
FBGN0085400	219	156	300	232	310	284
FBGN0266438	5	7	13	9	21	15
FBGN0263029	0	0	0	0	0	0
FBGN0024315	1	0	1	4	1	0
FBGN0034869	0	0	0	0	0	0
FBGN0034534	88	99	132	74	79	87
FBGN0085256	21	11	88	23	14	8
FBGN0033574	2	2	11	10	21	15
FBGN0033752	32	38	62	36	51	52
FBGN0022160	18	46	28	20	18	15
FBGN0016687	438	392	662	316	502	428
FBGN0045063	93	74	131	107	126	109
FBGN0085245	0	0	0	0	0	0
FBGN0034292	0	0	0	0	0	0
FBGN0085473	0	0	0	0	0	0
FBGN0033232	53	49	81	42	63	54
FBGN0034210	29	24	42	24	27	39
FBGN0010660	494	411	828	452	659	569
FBGN0033813	22	10	27	9	17	16
FBGN0034186	52	45	65	58	65	75
FBGN0003082	53	32	56	29	32	26
FBGN0033692	18	20	32	15	20	22
FBGN0053988	0	0	0	0	0	0
FBGN0034827	0	0	0	0	0	0
FBGN0050183	69	25	53	45	71	73
FBGN0053544	0	0	0	0	0	0
FBGN0034264	82	52	90	49	70	58
FBGN0034606	143	69	146	73	120	89
FBGN0015582	30	17	33	28	31	43
FBGN0263998	404	299	531	341	457	489
FBGN0027079	512	477	640	402	541	678
FBGN0283521	791	529	916	589	899	775
FBGN0053348	0	0	0	0	0	0
FBGN0085436	940	737	1277	842	1101	1120
FBGN0028560	0	0	0	0	0	0
FBGN0033031	0	0	0	0	0	0
FBGN0034861	3	2	4	0	5	3
FBGN0260392	5	7	12	6	11	2
FBGN0263271	0	0	0	0	0	0
FBGN0050438	2	2	6	1	4	1
FBGN0033358	0	0	0	0	0	0
FBGN0050485	0	0	0	0	0	0
FBGN0263021	0	0	0	0	0	0
FBGN0011763	338	219	518	289	368	373
FBGN0000079	1	0	0	0	0	0
FBGN0026722	77	87	142	81	111	91
FBGN0033086	2	3	1	2	6	5
FBGN0013307	0	0	0	0	6	0
FBGN0014028	143	125	268	103	199	167
FBGN0033134	2	8	8	0	1	0
FBGN0034427	0	0	0	0	0	0
FBGN0033761	35	57	75	57	79	54
FBGN0004133	102	78	107	77	119	96
FBGN0034784	0	0	0	0	0	0
FBGN0000241	0	0	0	0	0	0
FBGN0033863	0	0	0	0	0	0
FBGN0033302	6	1	3	0	0	0
FBGN0022985	71	80	105	63	101	67
FBGN0034400	134	123	188	104	173	178
FBGN0034822	0	0	0	0	0	0
FBGN0033074	0	0	0	0	0	0
FBGN0033124	0	0	0	0	0	0
FBGN0033344	2	0	0	0	0	0
FBGN0040674	0	0	0	0	0	0
FBGN0033889	149	130	266	169	300	323
FBGN0014269	117	102	157	108	128	122
FBGN0034707	82	57	115	78	109	114
FBGN0026427	337	228	377	256	330	290
FBGN0035047	17	6	23	17	19	23
FBGN0034502	0	0	0	0	0	0
FBGN0284235	4	9	10	11	12	4
FBGN0003090	161	89	154	92	153	130
FBGN0265011	121	116	215	162	278	207
FBGN0287825	93	87	185	96	125	127
FBGN0040294	96	101	148	93	116	145
FBGN0033903	1	1	1	0	0	1
FBGN0033405	0	1	0	0	0	2
FBGN0033149	1	0	0	0	0	0
FBGN0024249	1	0	1	1	1	0
FBGN0085453	0	6	5	4	2	1
FBGN0034985	142	80	203	151	259	232
FBGN0033705	0	0	0	0	0	0
FBGN0053752	0	0	0	0	0	0
FBGN0034921	144	155	237	81	120	148
FBGN0020521	779	724	1148	859	1270	1080
FBGN0027513	45	27	58	27	52	58
FBGN0027506	59	70	105	41	105	108
FBGN0034538	1	5	0	0	3	0
FBGN0263121	0	0	0	0	0	0
FBGN0086604	0	0	0	0	0	0
FBGN0052843	8	11	17	5	11	13
FBGN0033912	1697	1487	2667	1111	1411	1268
FBGN0034924	0	0	0	0	0	0
FBGN0016053	0	0	0	0	0	0
FBGN0050000	83	90	169	81	118	111
FBGN0033133	1	29	20	1	3	2
FBGN0033635	20	19	13	8	13	1
FBGN0026309	201	153	287	180	226	274
FBGN0034085	0	5	0	0	0	1
FBGN0033672	51	43	80	39	64	60
FBGN0050181	0	0	0	0	0	0
FBGN0033475	84	83	117	62	79	84
FBGN0033100	89	55	140	69	85	123
FBGN0034820	0	0	0	0	0	0
FBGN0267824	133	143	193	102	178	177
FBGN0040513	22	25	39	22	41	34
FBGN0033911	0	0	0	0	1	0
FBGN0085397	334	286	404	341	412	406
FBGN0033400	75	79	91	68	88	71
FBGN0262124	162	145	232	167	193	226
FBGN0063491	0	0	0	0	0	0
FBGN0041242	0	0	0	0	0	0
FBGN0005614	0	0	0	0	0	0
FBGN0050033	0	0	0	0	0	0
FBGN0050197	0	2	0	5	4	1
FBGN0033504	6	3	6	18	11	8
FBGN0054054	0	0	0	0	0	0
FBGN0033683	20	11	44	10	20	16
FBGN0050125	0	0	0	0	0	0
FBGN0013348	0	0	0	0	0	0
FBGN0050366	0	0	0	0	0	0
FBGN0040743	0	0	0	0	0	0
FBGN0002533	23	8	64	16	7	11
FBGN0050373	30	34	37	36	37	30
FBGN0034094	6	7	6	4	8	3
FBGN0284257	61	53	93	64	77	58
FBGN0033460	245	193	346	226	302	329
FBGN0263980	0	0	3	0	0	0
FBGN0085259	0	0	0	0	0	0
FBGN0050291	114	103	135	91	124	138
FBGN0028579	23	27	64	40	44	28
FBGN0053182	71	65	97	61	87	58
FBGN0019938	406	335	582	357	378	413
FBGN0050488	0	0	0	0	0	0
FBGN0037084	4	4	4	4	4	8
FBGN0034904	0	0	0	0	0	0
FBGN0034258	1731	1491	2361	1415	2109	2238
FBGN0034789	0	1	0	0	0	0
FBGN0050035	3	11	20	3	5	3
FBGN0033521	0	0	0	1	0	0
FBGN0003044	155	123	191	150	219	192
FBGN0050148	0	0	1	1	1	1
FBGN0033017	141	118	204	170	130	128
FBGN0260401	64	59	98	34	50	34
FBGN0033501	0	0	0	1	0	0
FBGN0050052	0	0	0	0	0	0
FBGN0261387	251	189	382	215	222	236
FBGN0050048	0	0	0	0	0	0
FBGN0263000	0	0	0	0	0	0
FBGN0035069	0	0	0	0	0	0
FBGN0033159	364	232	439	318	422	357
FBGN0033844	94	100	107	88	128	106
FBGN0033196	1	0	0	2	0	0
FBGN0261385	804	521	814	564	730	640
FBGN0063494	13	4	11	0	2	1
FBGN0287774	118	126	198	103	139	160
FBGN0042173	0	0	0	0	0	0
FBGN0033812	51	60	81	77	104	90
FBGN0016131	116	79	169	102	160	142
FBGN0003545	171	125	232	126	165	201
FBGN0033916	48	64	78	34	52	67
FBGN0033388	0	0	0	0	0	3
FBGN0011660	49	37	87	50	57	61
FBGN0025469	4	10	14	7	13	13
FBGN0050350	0	0	0	0	0	0
FBGN0027596	155	72	157	60	95	109
FBGN0010278	614	526	762	493	576	643
FBGN0034390	179	129	280	130	162	158
FBGN0033054	0	0	0	1	0	0
FBGN0010114	0	0	2	0	0	0
FBGN0033873	0	0	0	0	0	0
FBGN0034808	8	2	14	11	9	7
FBGN0033243	0	0	0	0	0	0
FBGN0261673	22	10	21	13	21	16
FBGN0034667	0	0	0	0	0	0
FBGN0033891	25	21	23	7	19	16
FBGN0033690	9	7	3	7	13	9
FBGN0085263	0	0	0	0	0	0
FBGN0013772	0	0	0	0	0	0
FBGN0265191	128	110	169	102	153	159
FBGN0023441	130	101	155	112	196	215
FBGN0013325	2085	1702	3444	1150	1626	1708
FBGN0034488	331	258	480	268	355	352
FBGN0003256	90	76	94	68	78	62
FBGN0262739	547	450	755	425	692	595
FBGN0053519	0	3	1	0	4	0
FBGN0034997	70	68	107	62	99	106
FBGN0013548	76	61	122	65	112	111
FBGN0050278	0	0	0	0	0	0
FBGN0011236	63	60	81	44	62	75
FBGN0033653	37	33	55	32	42	38
FBGN0033778	0	0	0	0	0	0
FBGN0034728	143	109	189	110	122	147
FBGN0033787	0	0	0	1	0	1
FBGN0050094	11	12	14	1	15	6
FBGN0034462	215	181	416	150	198	152
FBGN0053527	0	0	0	0	0	0
FBGN0034225	5	6	1	0	1	1
FBGN0050359	10	40	26	19	22	14
FBGN0263102	644	409	708	519	704	714
FBGN0033317	195	205	336	175	188	209
FBGN0033304	0	3	1	1	1	1
FBGN0033185	48	39	55	69	69	61
FBGN0013732	73	69	126	80	117	102
FBGN0034537	132	118	176	93	164	144
FBGN0015949	277	196	341	214	312	282
FBGN0050375	0	0	0	0	0	0
FBGN0262820	0	0	0	0	0	0
FBGN0283480	0	0	0	0	0	0
FBGN0034907	0	0	0	0	0	0
FBGN0027548	605	482	781	410	615	629
FBGN0034113	69	64	92	49	53	88
FBGN0259729	0	0	0	0	0	0
FBGN0033784	19	16	18	9	13	12
FBGN0261439	393	334	592	316	484	579
FBGN0020506	0	0	0	0	0	0
FBGN0033601	0	0	0	0	0	0
FBGN0033132	0	0	0	0	0	0
FBGN0034530	9	5	25	17	14	6
FBGN0034803	4	1	3	0	6	5
FBGN0022740	0	0	0	0	0	0
FBGN0053476	0	0	0	0	0	0
FBGN0053757	0	0	0	0	0	0
FBGN0034490	1	0	1	2	2	1
FBGN0260798	167	154	262	139	158	139
FBGN0028497	52	25	55	51	73	56
FBGN0034288	0	2	4	18	10	568
FBGN0033733	0	0	0	0	0	0
FBGN0053506	61	56	108	70	85	98
FBGN0034069	0	0	0	0	0	0
FBGN0034552	0	0	0	0	0	0
FBGN0026602	8	4	16	6	13	7
FBGN0033316	66	54	127	66	98	79
FBGN0034010	7	44	58	13	6	0
FBGN0022960	138	153	232	125	188	192
FBGN0003353	11	5	20	13	12	6
FBGN0286784	2124	1888	3322	1662	2483	2480
FBGN0034243	289	267	475	241	326	364
FBGN0286813	288	203	402	220	328	336
FBGN0027525	123	121	207	103	163	145
FBGN0035004	0	0	0	0	0	0
FBGN0033594	0	0	0	0	0	0
FBGN0026393	0	0	0	0	0	0
FBGN0034054	42	18	30	19	21	34
FBGN0034576	49	44	111	37	52	61
FBGN0033041	0	0	0	0	0	0
FBGN0033229	20	13	13	13	23	12
FBGN0040502	0	0	0	0	0	0
FBGN0085390	0	0	0	0	0	0
FBGN0284246	150	119	198	96	127	142
FBGN0050005	8	9	9	9	5	3
FBGN0033654	6	8	8	10	8	12
FBGN0034249	126	105	189	104	162	174
FBGN0025334	0	0	0	0	0	0
FBGN0263113	0	0	1	0	1	0
FBGN0033729	0	0	0	0	0	0
FBGN0027585	225	160	299	177	231	207
FBGN0050108	7	13	9	7	6	14
FBGN0035046	62	42	75	50	66	59
FBGN0034435	0	0	0	0	0	0
FBGN0053200	0	0	0	0	0	0
FBGN0275436	24	17	34	20	28	37
FBGN0034433	120	66	151	91	134	123
FBGN0010316	64	71	99	68	90	100
FBGN0261041	0	0	0	0	0	0
FBGN0033582	0	0	0	0	0	0
FBGN0033277	0	0	0	0	0	0
FBGN0023477	348	316	584	289	413	400
FBGN0262807	0	0	0	0	0	0
FBGN0034290	3	6	23	4	3	0
FBGN0033350	60	31	83	36	53	58
FBGN0033983	1	1	3	0	0	0
FBGN0035070	0	0	0	0	0	0
FBGN0034248	14	19	29	12	18	14
FBGN0011296	3	1	38	2	3	1
FBGN0260959	87	51	101	73	93	66
FBGN0033985	0	0	0	0	0	0
FBGN0034662	0	0	0	0	0	0
FBGN0002534	26	2	170	16	3	18
FBGN0263999	0	0	0	0	0	0
FBGN0034659	0	1	2	1	2	0
FBGN0053145	10	19	15	15	9	22
FBGN0028669	0	0	0	0	0	0
FBGN0034880	0	0	0	0	3	0
FBGN0034423	0	0	0	0	0	0
FBGN0033973	12	12	19	21	25	29
FBGN0003391	1822	1530	2312	1756	2433	2318
FBGN0026378	64	75	130	65	75	62
FBGN0001091	553	503	1068	483	685	772
FBGN0033872	0	0	0	0	1	0
FBGN0288232	0	4	0	0	0	0
FBGN0034481	0	0	0	0	0	0
FBGN0050325	0	0	0	0	0	0
FBGN0033366	1	5	12	0	0	3
FBGN0265762	0	0	0	0	0	0
FBGN0025578	2	1	12	4	0	0
FBGN0033079	0	0	0	0	1	0
FBGN0033129	0	0	0	0	0	0
FBGN0016641	26	17	16	12	25	21
FBGN0034816	14	16	9	6	5	10
FBGN0015872	31	30	70	22	25	36
FBGN0034783	0	0	0	0	0	0
FBGN0033216	0	0	0	0	0	0
FBGN0264560	158	118	242	137	196	248
FBGN0026754	0	0	0	0	0	0
FBGN0034842	0	0	0	0	0	0
FBGN0061198	63	49	109	78	87	97
FBGN0034313	137	117	187	95	188	162
FBGN0001319	31	25	54	28	48	46
FBGN0033650	0	0	0	0	0	0
FBGN0033453	45	27	48	28	33	45
FBGN0035057	18	13	26	18	37	26
FBGN0035032	258	224	454	275	428	380
FBGN0034928	4	2	0	8	6	4
FBGN0034989	100	82	151	94	121	103
FBGN0041233	0	0	0	0	0	0
FBGN0034703	61	46	93	49	56	63
FBGN0033948	2	2	7	8	10	6
FBGN0054005	0	0	0	0	0	0
FBGN0033212	309	180	353	178	279	287
FBGN0033067	0	0	0	0	0	0
FBGN0086519	0	0	0	0	0	0
FBGN0050379	0	0	0	0	0	0
FBGN0033373	5	3	8	5	9	7
FBGN0262116	224	185	298	181	153	172
FBGN0033128	0	0	0	0	0	0
FBGN0050042	0	0	0	0	0	0
FBGN0000008	45	26	38	29	47	58
FBGN0034142	412	417	600	418	623	576
FBGN0033931	0	0	0	0	0	0
FBGN0033649	12	6	10	7	18	9
FBGN0033072	0	0	0	0	0	0
FBGN0034788	0	0	0	0	0	0
FBGN0261397	94	43	87	73	77	76
FBGN0034688	26	18	54	34	33	27
FBGN0034099	0	0	0	0	0	0
FBGN0033169	115	100	149	76	130	114
FBGN0000581	170	127	207	107	181	123
FBGN0035077	0	0	0	0	0	0
FBGN0085248	0	0	0	0	0	0
FBGN0003274	1724	1645	2723	1029	1382	1537
FBGN0034859	76	53	105	47	65	54
FBGN0033685	0	0	0	0	0	0
FBGN0033593	2	0	8	1	0	0
FBGN0034477	0	0	0	0	0	0
FBGN0034958	33	31	32	26	29	23
FBGN0033167	0	0	0	0	0	0
FBGN0050484	0	0	0	0	0	0
FBGN0033020	0	0	0	0	0	0
FBGN0259238	58	55	137	66	67	61
FBGN0034143	8	9	14	4	9	8
FBGN0086677	0	0	0	0	0	0
FBGN0264298	0	0	0	0	0	0
FBGN0028563	92	62	146	99	124	130
FBGN0262515	157	138	237	114	242	199
FBGN0266439	0	0	0	0	0	0
FBGN0033584	2	2	1	6	5	2
FBGN0033015	95	95	208	113	146	124
FBGN0034634	6	11	23	4	8	13
FBGN0040091	33	26	36	21	37	35
FBGN0034572	121	113	176	88	172	135
FBGN0040751	7	18	21	9	5	7
FBGN0043792	0	0	1	7	2	3
FBGN0003009	0	0	0	0	0	0
FBGN0262567	2	0	0	0	0	0
FBGN0034138	1884	1676	2953	1083	1404	1375
FBGN0034521	3	8	18	14	8	10
FBGN0010423	0	0	1	0	0	0
FBGN0033442	0	0	0	0	0	0
FBGN0024196	88	60	123	54	79	98
FBGN0085220	109	77	172	90	103	100
FBGN0033680	0	0	0	0	0	0
FBGN0085415	0	0	0	0	0	0
FBGN0033431	21	37	62	22	22	24
FBGN0011286	0	0	1	1	0	0
FBGN0034819	0	0	6	0	0	0
FBGN0262824	0	0	0	0	0	0
FBGN0267728	63	45	50	35	63	53
FBGN0033166	48	38	50	36	45	72
FBGN0000181	960	746	1574	631	1049	1076
FBGN0263391	921	843	1365	696	972	1028
FBGN0011589	0	0	0	0	0	0
FBGN0034007	0	0	0	0	0	0
FBGN0026361	51	32	69	22	51	51
FBGN0053469	4	0	0	2	0	0
FBGN0034939	166	134	195	128	162	145
FBGN0034237	1352	1220	1907	1229	1701	1624
FBGN0265174	6	3	4	3	7	19
FBGN0265045	9	8	18	17	12	16
FBGN0034865	0	0	0	0	0	0
FBGN0020372	0	1	0	2	0	0
FBGN0034578	19	13	12	5	7	7
FBGN0002787	465	458	694	386	582	513
FBGN0050296	0	0	0	0	0	0
FBGN0034590	153	120	216	118	206	162
FBGN0085219	0	0	0	0	0	0
FBGN0033447	3	0	0	0	0	0
FBGN0041087	8	3	5	8	9	3
FBGN0040735	0	2	0	0	0	0
FBGN0033541	0	6	2	18	10	991
FBGN0034569	50	74	111	75	88	60
FBGN0033721	0	0	0	0	0	0
FBGN0002531	51	16	280	39	21	33
FBGN0023171	25	26	37	18	41	29
FBGN0034411	0	0	0	0	1	0
FBGN0261501	0	0	0	0	0	0
FBGN0024234	392	317	489	371	550	513
FBGN0029006	129	74	192	143	173	156
FBGN0033434	177	171	229	136	159	202
FBGN0033971	20	23	35	13	24	33
FBGN0034975	363	203	332	217	351	294
FBGN0011726	1441	1270	2467	1127	1478	1419
FBGN0033934	26	21	18	10	18	22
FBGN0033949	2	12	12	6	6	6
FBGN0288447	0	0	0	0	0	0
FBGN0033494	0	0	0	0	0	0
FBGN0034529	67	33	67	35	50	43
FBGN0033732	0	0	0	0	0	0
FBGN0033955	0	0	0	0	0	0
FBGN0033095	13	11	44	15	39	13
FBGN0014020	529	483	780	389	526	476
FBGN0053475	0	0	0	0	0	0
FBGN0028741	57	42	67	42	62	59
FBGN0028991	30	22	35	11	26	18
FBGN0033819	0	0	0	0	0	0
FBGN0020306	483	331	592	409	561	524
FBGN0034523	74	72	97	55	70	65
FBGN0085341	0	0	0	0	0	0
FBGN0034716	0	0	0	0	0	0
FBGN0261807	0	0	0	0	0	0
FBGN0050087	0	0	0	0	0	0
FBGN0033117	54	65	66	54	67	62
FBGN0261292	0	0	0	0	0	0
FBGN0034759	0	0	0	0	0	0
FBGN0085487	0	0	0	0	0	0
FBGN0005624	158	133	214	163	248	231
FBGN0033572	0	0	0	0	0	0
FBGN0034592	0	0	1	0	0	0
FBGN0050431	0	0	0	0	0	0
FBGN0033693	3	11	19	14	7	8
FBGN0025360	22	17	29	6	22	6
FBGN0034151	0	0	0	0	0	0
FBGN0002736	193	217	319	176	318	273
FBGN0033423	0	0	0	2	0	0
FBGN0040092	0	0	0	0	0	0
FBGN0050394	44	27	43	40	54	49
FBGN0027788	0	2	0	0	0	2
FBGN0034315	146	123	234	126	171	184
FBGN0002715	40	32	68	24	21	39
FBGN0033830	0	0	0	0	0	0
FBGN0033474	101	69	114	90	120	109
FBGN0061362	11	22	10	9	12	7
FBGN0022238	104	81	165	89	100	66
FBGN0085254	0	0	0	0	0	0
FBGN0033589	0	0	0	0	0	0
FBGN0050502	0	0	0	0	0	0
FBGN0033287	0	0	0	0	0	0
FBGN0263780	9	17	24	7	11	6
FBGN0034467	0	0	0	0	0	0
FBGN0033864	0	0	0	0	0	0
FBGN0033459	15	14	17	12	9	15
FBGN0033247	101	82	179	65	122	155
FBGN0053774	42	34	70	42	56	50
FBGN0265577	0	1	5	0	1	0
FBGN0262568	0	0	0	0	0	0
FBGN0033379	287	214	305	192	275	292
FBGN0054045	0	0	0	0	0	0
FBGN0034901	0	0	0	2	0	0
FBGN0034495	32	31	39	37	32	30
FBGN0013272	3810	2986	4734	3718	4875	4828
FBGN0263742	0	0	0	0	0	0
FBGN0286070	71	42	111	78	112	86
FBGN0085472	0	0	0	0	0	0
FBGN0035050	0	0	0	0	0	0
FBGN0033273	31	36	31	41	41	42
FBGN0050105	26	13	26	16	27	14
FBGN0034598	316	258	344	209	346	294
FBGN0034397	0	0	0	0	0	0
FBGN0034491	64	43	87	66	72	75
FBGN0250838	224	203	389	191	269	269
FBGN0034564	103	87	158	67	116	102
FBGN0010551	679	566	1001	527	819	785
FBGN0034588	0	0	0	0	0	0
FBGN0035094	0	0	0	0	0	2
FBGN0034401	375	356	529	310	398	370
FBGN0261862	111	94	198	169	221	231
FBGN0050163	0	0	7	0	0	0
FBGN0033777	16	15	40	35	42	45
FBGN0265373	0	0	0	0	0	0
FBGN0026761	141	103	195	116	148	162
FBGN0265137	56	61	95	44	84	94
FBGN0013725	1	7	3	3	4	2
FBGN0034761	4	14	7	1	1	1
FBGN0034943	0	0	3	0	0	1
FBGN0025573	0	0	0	0	0	0
FBGN0034729	7	3	11	1	2	5
FBGN0034512	1	2	0	2	0	3
FBGN0034494	33	20	47	31	29	37
FBGN0034009	38	14	35	18	31	21
FBGN0050430	0	0	0	0	0	0
FBGN0015929	559	481	761	507	690	760
FBGN0050489	0	0	0	0	0	0
FBGN0034956	14	14	18	6	30	32
FBGN0013756	1558	1139	1942	1311	1651	1570
FBGN0085225	0	0	0	0	0	0
FBGN0033978	0	0	2	0	0	0
FBGN0086350	17	6	18	10	9	7
FBGN0033816	83	68	115	64	80	106
FBGN0023181	43	39	77	44	49	55
FBGN0010414	1	0	1	0	0	1
FBGN0034666	0	0	1	0	0	0
FBGN0259966	0	0	0	0	0	0
FBGN0050464	0	0	0	0	0	0
FBGN0034792	244	196	304	159	222	222
FBGN0050095	0	0	0	0	0	0
FBGN0033401	73	57	135	96	115	100
FBGN0020620	48	35	40	54	80	63
FBGN0053138	194	187	233	159	284	245
FBGN0034846	0	0	0	0	0	0
FBGN0033312	0	0	0	0	0	0
FBGN0033706	0	0	0	0	0	0
FBGN0264299	0	0	0	0	0	0
FBGN0034430	49	35	90	57	51	64
FBGN0015925	88	93	117	96	107	119
FBGN0046879	0	0	0	0	0	0
FBGN0263510	289	224	383	194	332	328
FBGN0013435	59	46	92	44	50	40
FBGN0033757	38	38	55	45	37	53
FBGN0033065	0	0	0	0	0	0
FBGN0284237	0	4	1	0	0	1
FBGN0045483	0	0	0	0	0	0
FBGN0034486	0	0	0	0	0	0
FBGN0034177	26	24	28	17	27	43
FBGN0015001	0	0	0	0	0	0
FBGN0266486	0	0	5	0	0	1
FBGN0266708	0	1	0	0	0	0
FBGN0016684	0	0	0	0	0	0
FBGN0286511	27	13	31	29	29	39
FBGN0033741	460	415	645	394	480	416
FBGN0050284	0	0	0	0	0	0
FBGN0033058	0	0	0	0	0	0
FBGN0041585	62	44	49	37	57	23
FBGN0028552	52	41	70	53	67	63
FBGN0034426	0	0	0	0	0	0
FBGN0284243	11918	9360	16994	8466	14498	13855
FBGN0050414	0	3	3	1	0	1
FBGN0034497	0	0	1	0	0	2
FBGN0034651	0	0	0	0	0	0
FBGN0043010	23	15	30	4	17	9
FBGN0029079	327	293	431	249	227	240
FBGN0002716	5	1	0	0	0	0
FBGN0034833	0	0	0	0	0	0
FBGN0053461	0	0	0	0	0	0
FBGN0034416	0	0	0	1	0	0
FBGN0261403	330	301	507	305	315	382
FBGN0034693	16	3	11	25	21	15
FBGN0053704	0	0	0	0	0	0
FBGN0050100	4	2	3	4	7	2
FBGN0034996	0	1	0	0	0	0
FBGN0053017	0	0	0	0	0	0
FBGN0259184	0	0	0	0	0	0
FBGN0050289	0	0	0	0	0	0
FBGN0011211	2364	2006	3696	1856	2896	3052
FBGN0033598	0	0	1	1	0	2
FBGN0034162	5	5	27	5	5	8
FBGN0086655	245	160	270	225	291	284
FBGN0286778	28	52	55	32	43	48
FBGN0085398	0	0	0	0	0	0
FBGN0034091	43	36	56	44	70	38
FBGN0260934	359	363	582	324	464	476
FBGN0262478	0	0	0	0	0	0
FBGN0035042	0	0	0	0	0	0
FBGN0034965	3	3	7	0	2	0
FBGN0034156	0	0	0	0	0	0
FBGN0033551	67	64	80	54	80	88
FBGN0261614	0	0	0	0	0	0
FBGN0033518	2	0	0	1	1	3
FBGN0034986	71	71	133	62	85	77
FBGN0085232	0	0	0	0	0	0
FBGN0034011	1	10	19	2	1	0
FBGN0011555	0	2	0	0	0	0
FBGN0086898	29	22	52	20	29	25
FBGN0035005	0	0	0	0	0	0
FBGN0033529	149	185	277	202	241	246
FBGN0003175	120	85	162	106	185	138
FBGN0033539	153	111	155	113	139	168
FBGN0002570	0	0	0	0	0	0
FBGN0027836	84	58	94	74	111	114
FBGN0026741	32	26	53	25	22	23
FBGN0053958	0	0	0	0	0	0
FBGN0262790	0	0	0	0	0	0
FBGN0034381	0	0	0	0	0	0
FBGN0035076	7	1	3	6	2	0
FBGN0034951	8	3	3	11	4	6
FBGN0035010	0	0	0	0	0	0
FBGN0034829	0	0	0	0	0	0
FBGN0020440	50	54	69	73	74	77
FBGN0022700	0	0	0	0	0	1
FBGN0033164	0	0	0	0	0	0
FBGN0015614	39	41	62	28	73	31
FBGN0002535	34	9	198	24	17	28
FBGN0034076	0	0	0	0	0	0
FBGN0034047	0	0	0	0	0	0
FBGN0033371	0	0	0	0	0	0
FBGN0034897	0	2	2	0	4	0
FBGN0013773	0	0	0	0	0	0
FBGN0265487	232	184	281	195	264	283
FBGN0034082	0	0	0	0	0	0
FBGN0033019	59	65	109	67	48	35
FBGN0034863	0	0	0	0	0	0
FBGN0003742	20	33	32	22	43	22
FBGN0265835	0	0	0	0	0	0
FBGN0034476	514	391	652	448	625	557
FBGN0033285	0	0	0	0	0	0
FBGN0083951	0	0	3	0	0	0
FBGN0010622	85	74	113	82	79	71
FBGN0050195	0	0	1	0	1	0
FBGN0286203	153	129	262	123	154	129
FBGN0034027	28	23	21	14	31	16
FBGN0033048	0	0	0	0	0	0
FBGN0034383	0	0	0	0	0	0
FBGN0034000	22	23	45	27	32	24
FBGN0000606	0	0	0	0	0	0
FBGN0015754	248	236	429	224	277	270
FBGN0033454	162	182	291	156	268	262
FBGN0034970	68	63	119	56	92	69
FBGN0263760	0	0	0	0	0	0
FBGN0264714	0	0	0	0	0	0
FBGN0050393	0	0	0	0	0	0
FBGN0050466	3	9	9	4	13	4
FBGN0000289	420	288	662	344	492	471
FBGN0028740	0	0	0	0	0	0
FBGN0053758	0	0	0	0	0	0
FBGN0003114	0	0	0	0	0	0
FBGN0033581	321	338	438	241	358	368
FBGN0287864	237	161	307	248	362	324
FBGN0034655	0	0	0	0	0	0
FBGN0050050	0	0	0	0	0	0
FBGN0050115	58	51	92	44	86	72
FBGN0034230	27	17	23	11	32	18
FBGN0262961	0	0	0	0	0	0
FBGN0260768	0	6	3	1	1	1
FBGN0034129	0	0	0	0	0	0
FBGN0034251	0	1	3	0	6	0
FBGN0050275	0	0	0	0	0	0
FBGN0050429	0	0	0	0	0	0
FBGN0034215	70	63	129	76	79	73
FBGN0287213	0	0	0	0	0	0
FBGN0034398	395	303	540	331	492	354
FBGN0034245	74	87	134	59	44	69
FBGN0261794	18	22	24	9	17	15
FBGN0034087	557	539	922	504	722	736
FBGN0262881	0	2	2	3	3	3
FBGN0063492	2	4	5	3	2	3
FBGN0033348	81	58	99	93	76	95
FBGN0033208	26	27	60	26	44	38
FBGN0034766	0	0	0	0	0	0
FBGN0010548	273	189	316	228	264	304
FBGN0027835	1906	1677	2739	1702	2445	2364
FBGN0085260	9	1	6	3	5	2
FBGN0003254	0	0	0	0	0	0
FBGN0025832	87	94	148	68	136	145
FBGN0264753	0	0	0	0	0	0
FBGN0050491	15	9	18	6	21	24
FBGN0034284	0	0	0	0	0	0
FBGN0259483	53	43	94	27	91	58
FBGN0033808	8	13	17	4	16	5
FBGN0033773	0	0	0	0	0	0
FBGN0050295	18	4	14	6	19	12
FBGN0034643	104	85	127	99	112	143
FBGN0033953	0	0	0	0	0	0
FBGN0034128	0	0	0	0	0	0
FBGN0033092	33	47	82	39	76	62
FBGN0034446	0	0	0	0	0	0
FBGN0050026	0	0	0	0	0	0
FBGN0046706	139	137	266	114	152	123
FBGN0266518	115	128	147	88	132	140
FBGN0262117	170	170	258	133	148	151
FBGN0086712	69	58	97	78	108	101
FBGN0085217	0	0	0	0	0	0
FBGN0004896	0	0	0	0	0	0
FBGN0050440	243	160	283	163	201	170
FBGN0034456	0	0	0	0	0	0
FBGN0033498	0	0	0	0	0	0
FBGN0035012	0	0	0	0	0	0
FBGN0033061	0	0	0	0	0	0
FBGN0063493	0	2	3	3	0	0
FBGN0034269	37	25	26	13	33	23
FBGN0033192	0	0	0	0	0	0
FBGN0034443	29	33	44	40	30	25
FBGN0033936	1	6	0	0	3	0
FBGN0050091	2	2	1	0	0	0
FBGN0034601	0	0	0	0	0	0
FBGN0285892	70	45	74	64	51	61
FBGN0034595	0	0	0	0	0	0
FBGN0264297	0	0	0	0	0	0
FBGN0027590	267	197	399	163	288	209
FBGN0050390	46	23	61	51	36	47
FBGN0265193	4	2	18	6	16	6
FBGN0050416	0	0	0	0	0	0
FBGN0034187	0	0	0	0	0	0
FBGN0033928	3	5	13	6	14	3
FBGN0050460	14	6	21	4	18	13
FBGN0034350	13	17	22	10	19	22
FBGN0033762	45	54	71	45	45	56
FBGN0287632	0	0	0	0	0	0
FBGN0050324	0	0	0	0	0	0
FBGN0021895	59	39	87	43	55	32
FBGN0050196	1	1	3	0	1	0
FBGN0050184	0	0	0	0	0	0
FBGN0053477	0	0	0	0	0	0
FBGN0264339	0	0	0	0	0	0
FBGN0050074	0	0	0	0	0	0
FBGN0034658	0	0	0	0	0	0
FBGN0010397	100	101	158	101	158	122
FBGN0033588	0	0	0	0	0	0
FBGN0283510	269	218	422	209	386	342
FBGN0027538	4	2	10	1	1	6
FBGN0033856	0	0	0	0	0	0
FBGN0050458	0	0	0	1	4	0
FBGN0010415	747	665	943	600	792	688
FBGN0034734	270	196	396	203	268	278
FBGN0027561	29	20	45	20	54	41
FBGN0050487	0	0	0	0	0	0
FBGN0034140	3	7	14	4	9	6
FBGN0034312	11	15	15	9	23	19
FBGN0261564	39	46	47	44	47	36
FBGN0034826	0	0	0	0	0	0
FBGN0034030	7	7	10	7	13	13
FBGN0034104	0	0	0	0	0	0
FBGN0034318	0	0	0	0	0	0
FBGN0050036	0	0	0	0	0	0
FBGN0034310	272	227	382	223	255	307
FBGN0034804	4	0	2	4	2	3
FBGN0050345	2	7	14	1	0	0
FBGN0033093	1	0	4	0	0	3
FBGN0023214	13	8	12	6	14	19
FBGN0033330	0	0	0	0	0	0
FBGN0010411	2161	1777	3398	1270	2023	1872
FBGN0034437	0	0	0	0	0	0
FBGN0027599	77	50	110	53	60	52
FBGN0033308	0	0	0	0	0	0
FBGN0250842	0	0	0	0	0	0
FBGN0040737	0	0	0	0	0	1
FBGN0040093	0	0	0	0	0	0
FBGN0033951	98	82	144	54	135	91
FBGN0034120	0	0	0	0	0	0
FBGN0014877	83	48	79	50	80	82
FBGN0034361	17	38	34	18	33	42
FBGN0265974	41	51	79	57	70	63
FBGN0034990	0	0	0	0	0	0
FBGN0033195	6	4	7	5	7	6
FBGN0035078	0	0	0	0	0	0
FBGN0027572	58	54	94	91	110	64
FBGN0033999	0	0	0	0	0	0
FBGN0034660	0	0	0	0	0	0
FBGN0033859	182	170	271	129	143	182
FBGN0024754	72	94	115	113	186	170
FBGN0053914	0	0	0	0	0	0
FBGN0259745	38	37	65	49	59	66
FBGN0034503	81	79	144	91	134	132
FBGN0034153	0	0	0	0	0	0
FBGN0265834	0	0	0	0	0	0
FBGN0034850	0	0	0	0	0	0
FBGN0086676	234	217	326	197	294	249
FBGN0034824	0	0	0	0	0	0
FBGN0083977	0	1	0	3	0	0
FBGN0034505	0	0	0	0	0	0
FBGN0034708	430	355	573	282	449	402
FBGN0019968	269	209	361	270	359	337
FBGN0034201	0	0	0	0	0	0
FBGN0033324	0	0	0	0	0	0
FBGN0034825	0	0	0	0	0	0
FBGN0053087	900	572	1122	769	1141	971
FBGN0043470	0	0	0	0	0	0
FBGN0028622	400	388	522	281	431	424
FBGN0017482	18	13	32	11	21	18
FBGN0034959	11	13	6	16	14	10
FBGN0050471	1	0	1	2	2	1
FBGN0033457	18	23	49	28	34	20
FBGN0050151	0	0	0	0	0	0
FBGN0262479	0	0	0	0	0	0
FBGN0050323	0	0	0	0	0	0
FBGN0033691	296	285	412	265	394	335
FBGN0034050	51	69	115	45	70	63
FBGN0020908	0	0	0	0	0	0
FBGN0085235	0	0	0	0	0	0
FBGN0011656	92	53	140	52	127	79
FBGN0261477	55	59	116	57	134	114
FBGN0034807	0	0	0	0	0	0
FBGN0034841	0	0	0	0	0	0
FBGN0034274	0	0	0	0	0	0
FBGN0028494	11	14	9	10	12	13
FBGN0015268	1128	1081	1600	799	935	1006
FBGN0035020	51	39	73	50	72	51
FBGN0000157	157	99	197	128	160	177
FBGN0033972	88	91	133	75	82	82
FBGN0085459	0	0	0	0	0	0
FBGN0263324	0	0	0	0	0	0
FBGN0034737	0	0	0	0	0	0
FBGN0266580	1251	1121	1710	1167	1383	1279
FBGN0033855	0	0	0	0	0	0
FBGN0060296	111	88	170	111	140	128
FBGN0034554	0	0	0	0	0	0
FBGN0011694	0	0	0	0	0	0
FBGN0033337	1	6	4	11	6	7
FBGN0069969	0	0	0	0	0	0
FBGN0266489	0	1	0	0	0	0
FBGN0033352	256	219	402	256	327	327
FBGN0085474	4	14	10	8	3	6
FBGN0034221	1	0	2	0	0	3
FBGN0029175	20	14	29	14	33	24
FBGN0042083	38	46	56	36	68	51
FBGN0034663	0	0	0	0	0	0
FBGN0028434	51	31	61	27	49	33
FBGN0034998	0	0	0	0	0	0
FBGN0265356	1	0	0	0	0	0
FBGN0033924	100	67	126	78	110	100
FBGN0033096	0	0	0	0	0	0
FBGN0029131	20	15	17	12	23	10
FBGN0260866	33	12	42	26	40	30
FBGN0284080	0	0	0	0	0	0
FBGN0034937	3	0	0	0	0	0
FBGN0000078	0	0	0	0	0	0
FBGN0040765	19	21	64	24	30	47
FBGN0034293	0	0	0	0	0	0
FBGN0262169	307	192	353	218	343	322
FBGN0033246	272	284	472	292	389	344
FBGN0040755	0	0	0	0	0	0
FBGN0063499	0	0	0	0	0	0
FBGN0262736	363	336	590	297	458	436
FBGN0000578	212	187	341	227	328	288
FBGN0039970	69	68	97	47	62	41
FBGN0086904	1430	1139	2006	1021	1354	1328
FBGN0033710	1	0	0	0	0	0
FBGN0050493	13	16	13	6	7	12
FBGN0034084	34	42	48	34	54	54
FBGN0033570	80	61	106	49	57	61
FBGN0029506	1027	757	1207	1019	1260	1245
FBGN0043534	0	0	0	0	0	0
FBGN0003863	1	1	0	0	0	0
FBGN0033526	86	74	130	85	104	122
FBGN0013308	0	0	0	0	0	0
FBGN0263030	0	0	0	0	0	0
FBGN0034814	37	27	64	21	32	57
FBGN0025185	40	25	58	39	42	36
FBGN0034768	0	0	0	0	0	0
FBGN0000395	63	61	108	70	91	76
FBGN0034750	45	19	55	30	31	30
FBGN0039994	123	106	152	105	121	103
FBGN0287631	0	4	0	0	1	5
FBGN0033904	0	0	0	0	0	1
FBGN0004132	80	108	156	66	82	87
FBGN0085230	0	1	0	0	0	0
FBGN0015509	519	499	660	519	686	679
FBGN0050479	0	0	0	0	0	0
FBGN0250827	0	0	0	0	0	0
FBGN0010611	81	51	100	44	82	67
FBGN0085253	0	0	0	0	0	0
FBGN0085569	0	0	0	0	0	0
FBGN0033367	119	119	140	31	49	17
FBGN0034463	0	0	0	0	0	0
FBGN0033749	5	1	4	2	9	3
FBGN0259219	0	0	3	0	0	0
FBGN0034972	0	0	0	0	0	0
FBGN0028953	159	199	273	160	345	214
FBGN0043070	41	28	67	16	23	26
FBGN0033240	13	6	31	8	24	16
FBGN0033548	186	133	297	154	162	183
FBGN0021875	39	33	79	38	42	57
FBGN0286785	135	71	149	105	193	167
FBGN0033907	48	38	98	50	44	73
FBGN0033793	0	0	0	0	0	0
FBGN0250850	206	216	286	208	246	248
FBGN0263741	0	0	0	0	0	0
FBGN0263260	38	41	90	49	62	51
FBGN0050447	0	0	0	0	0	0
FBGN0034059	52	34	73	33	67	55
FBGN0050290	5	5	8	1	8	7
FBGN0034223	148	61	149	62	105	87
FBGN0033668	5	12	14	5	14	4
FBGN0034727	124	82	167	80	121	124
FBGN0034157	0	0	0	0	0	0
FBGN0015300	0	0	0	0	0	0
FBGN0085252	0	0	0	0	0	0
FBGN0033633	0	0	0	0	0	0
FBGN0259967	0	0	0	0	0	0
FBGN0021995	236	228	319	184	231	243
FBGN0034362	48	43	65	26	34	41
FBGN0022343	291	293	491	235	319	301
FBGN0035092	0	2	0	1	4	3
FBGN0033387	0	0	0	0	0	0
FBGN0034122	0	0	0	0	0	0
FBGN0261267	0	0	0	0	0	0
FBGN0033913	461	291	507	367	513	534
FBGN0034436	226	130	239	214	338	284
FBGN0260398	9	17	13	13	15	7
FBGN0033481	0	0	0	0	0	0
FBGN0034428	0	0	0	0	0	0
FBGN0034570	146	84	184	134	187	172
FBGN0285952	1756	1565	2937	1267	1507	1356
FBGN0020269	0	1	0	0	0	6
FBGN0266346	0	0	2	0	1	3
FBGN0083983	43	37	80	31	53	57
FBGN0263233	0	0	0	0	0	0
FBGN0050417	0	0	0	0	0	0
FBGN0033322	0	0	0	0	0	0
FBGN0085242	19	12	20	4	8	8
FBGN0264911	0	0	1	0	0	0
FBGN0033880	0	0	0	0	0	0
FBGN0034408	99	107	154	60	138	107
FBGN0050462	0	0	0	0	0	0
FBGN0033900	36	40	57	33	42	35
FBGN0034541	0	0	0	0	0	0
FBGN0024293	0	3	1	0	0	0
FBGN0033480	12	39	47	15	27	14
FBGN0010409	1970	1616	3056	1134	1806	1606
FBGN0034628	35	19	32	24	46	29
FBGN0050412	0	0	0	0	0	0
FBGN0010109	40	31	63	21	49	53
FBGN0034473	0	0	0	0	0	0
FBGN0050363	0	0	0	0	0	0
FBGN0034726	13	12	40	25	12	18
FBGN0033158	3	3	1	0	1	0
FBGN0024556	278	237	456	290	308	345
FBGN0034472	0	0	0	0	0	0
FBGN0025336	43	59	106	60	67	48
FBGN0033463	119	98	152	87	116	113
FBGN0034945	20	29	29	21	35	28
FBGN0267428	0	0	0	0	0	0
FBGN0050361	0	0	0	0	0	0
FBGN0284254	74	59	75	48	112	66
FBGN0025693	3	6	7	2	10	2
FBGN0029153	0	0	0	0	0	0
FBGN0050271	0	0	0	0	0	0
FBGN0034802	1042	898	1910	682	1407	957
FBGN0085222	0	0	1	0	2	0
FBGN0033027	0	0	0	0	0	0
FBGN0033497	0	0	0	0	0	0
FBGN0034294	0	0	0	0	0	0
FBGN0044011	0	0	0	0	0	0
FBGN0034507	0	0	0	0	0	0
FBGN0034520	7	3	13	3	6	4
FBGN0262560	89	68	158	80	103	99
FBGN0034145	23	9	19	26	44	16
FBGN0034856	0	0	3	0	1	0
FBGN0020621	374	319	512	327	571	498
FBGN0019949	64	33	90	51	61	68
FBGN0035063	55	47	66	46	51	61
FBGN0261581	0	0	0	0	0	0
FBGN0260436	0	0	0	0	0	0
FBGN0033476	106	92	146	138	157	131
FBGN0034614	169	147	253	144	193	212
FBGN0017556	1	0	1	1	0	0
FBGN0265991	365	266	397	315	493	456
FBGN0027066	494	504	743	409	618	569
FBGN0050384	2	0	0	0	0	0
FBGN0033209	70	62	90	39	55	78
FBGN0033380	35	32	56	26	47	36
FBGN0002774	233	181	260	212	213	212
FBGN0033590	0	0	0	0	0	0
FBGN0034909	41	30	59	28	63	48
FBGN0034517	3	8	12	4	5	9
FBGN0264959	481	405	621	381	622	461
FBGN0263774	0	0	0	0	0	0
FBGN0034877	507	341	544	415	572	603
FBGN0050090	0	0	0	0	0	0
FBGN0013983	27	30	24	36	27	28
FBGN0050481	44	38	65	49	46	62
FBGN0050480	0	0	0	0	0	0
FBGN0086532	82	79	151	78	131	115
FBGN0034741	0	1	0	0	0	0
FBGN0026573	172	121	217	152	205	192
FBGN0050080	0	0	0	0	0	0
FBGN0034159	0	0	0	0	0	0
FBGN0034644	65	66	78	44	84	74
FBGN0034126	4	5	14	1	0	0
FBGN0034733	2	6	5	3	6	3
FBGN0034121	0	0	0	0	0	0
FBGN0034045	2	2	9	7	16	5
FBGN0085489	0	0	0	0	0	0
FBGN0262954	75	62	126	61	62	72
FBGN0025833	0	0	0	0	0	0
FBGN0262563	0	1	2	2	0	0
FBGN0034978	0	0	0	0	0	0
FBGN0034858	155	135	230	121	185	194
FBGN0027499	298	249	416	260	385	270
FBGN0001325	0	0	0	0	0	0
FBGN0001123	169	148	262	148	186	162
FBGN0259145	0	0	0	0	0	0
FBGN0010220	45	42	77	60	60	64
FBGN0050145	0	0	0	0	0	0
FBGN0259711	11	8	10	4	5	3
FBGN0034791	110	97	181	90	127	117
FBGN0034046	9	15	14	18	23	32
FBGN0034282	555	578	845	500	541	484
FBGN0265627	0	0	0	0	0	0
FBGN0025878	1	5	2	0	5	2
FBGN0033461	0	0	0	0	0	0
FBGN0034527	40	34	41	29	39	32
FBGN0033412	1	0	0	0	0	0
FBGN0034440	0	0	0	0	0	0
FBGN0053775	0	0	0	0	0	0
FBGN0066293	0	0	0	0	0	0
FBGN0011556	0	0	0	0	0	0
FBGN0033890	145	118	204	138	189	222
FBGN0050334	0	0	0	0	0	0
FBGN0264817	0	0	0	0	0	0
FBGN0053454	0	0	0	0	0	0
FBGN0035034	0	0	0	0	0	0
FBGN0015039	8	2	10	0	1	2
FBGN0040775	0	0	0	0	0	0
FBGN0033087	37	6	40	17	38	29
FBGN0001308	500	431	687	438	565	613
FBGN0033616	31	22	39	28	40	29
FBGN0034551	0	0	0	0	0	0
FBGN0034887	0	0	0	0	0	0
FBGN0002789	3	0	18	2	3	5
FBGN0050499	78	77	129	51	87	66
FBGN0050423	177	105	226	153	202	194
FBGN0033321	0	2	0	0	2	2
FBGN0263656	0	0	0	0	0	0
FBGN0034396	0	0	0	0	0	2
FBGN0034796	0	1	6	1	0	0
FBGN0034553	0	0	0	0	0	0
FBGN0034118	180	175	257	135	197	185
FBGN0033297	0	0	0	0	0	0
FBGN0259179	0	0	0	0	0	0
FBGN0050378	0	0	0	0	0	0
FBGN0061360	75	40	86	39	37	51
FBGN0034289	0	0	0	1	0	5
FBGN0034834	0	0	0	0	0	0
FBGN0052833	0	0	0	0	0	0
FBGN0033656	22	15	24	26	30	15
FBGN0010358	0	0	0	0	0	0
FBGN0004784	0	2	0	0	0	0
FBGN0028983	44	26	50	29	29	35
FBGN0003733	4	1	3	1	1	0
FBGN0024956	46	28	60	27	50	51
FBGN0002891	21	3	37	18	17	7
FBGN0040773	168	171	355	178	219	189
FBGN0028473	598	512	865	419	745	693
FBGN0262123	0	3	3	4	0	1
FBGN0085471	0	0	0	0	0	0
FBGN0262102	0	0	0	0	0	0
FBGN0034300	42	58	101	77	82	87
FBGN0033994	25	17	29	12	10	15
FBGN0033145	0	0	0	0	0	0
FBGN0263046	0	1	0	0	2	2
FBGN0033365	5	15	14	9	15	15
FBGN0033954	0	0	0	0	0	0
FBGN0034029	109	78	165	71	82	72
FBGN0029507	2	4	1	3	3	1
FBGN0012051	115	80	169	116	142	117
FBGN0033076	0	0	0	0	0	0
FBGN0033639	19	18	37	25	31	32
FBGN0263031	0	0	2	0	0	0
FBGN0050069	534	384	646	308	548	460
FBGN0266111	110	80	130	93	122	96
FBGN0034438	249	166	364	60	42	44
FBGN0034931	51	42	59	60	62	80
FBGN0033378	177	144	223	140	136	159
FBGN0015524	0	0	0	0	0	0
FBGN0050062	0	1	0	0	0	0
FBGN0259832	8	7	14	3	3	0
FBGN0024189	41	40	50	34	46	52
FBGN0033549	25	15	59	14	30	45
FBGN0259725	3	5	5	4	4	5
FBGN0265182	0	2	2	0	1	0
FBGN0033845	176	126	199	128	165	215
FBGN0050362	0	0	0	0	0	0
FBGN0033486	90	60	109	70	109	98
FBGN0033519	1	0	0	1	0	0
FBGN0026388	0	0	0	0	0	0
FBGN0034075	3	2	6	4	5	1
FBGN0085434	24	3	4	0	8	1
FBGN0029843	5	1	13	13	14	8
FBGN0029913	9	7	11	12	11	12
FBGN0030340	0	0	0	0	0	0
FBGN0029993	0	0	0	0	0	0
FBGN0261615	0	0	0	0	0	0
FBGN0002562	114	580	2122	573	83	35
FBGN0030973	70	75	139	88	115	97
FBGN0030555	11	5	20	14	13	16
FBGN0052694	9	1	6	10	12	6
FBGN0029897	1296	1260	2514	857	1219	1202
FBGN0030434	59	45	77	45	41	48
FBGN0030545	64	64	98	32	26	46
FBGN0040467	20	8	32	18	13	22
FBGN0052774	0	0	0	0	0	0
FBGN0030645	16	6	11	5	7	11
FBGN0029791	42	26	51	48	66	87
FBGN0031053	27	28	65	37	55	40
FBGN0039966	9	6	11	7	8	3
FBGN0002579	989	868	1738	587	903	759
FBGN0265725	4	0	1	0	0	0
FBGN0030966	39	23	65	22	44	58
FBGN0029647	0	0	0	0	0	0
FBGN0030207	0	2	1	1	0	2
FBGN0030251	53	61	86	71	123	94
FBGN0283434	0	0	0	0	0	0
FBGN0052736	2	5	7	1	5	5
FBGN0016976	0	0	0	0	0	0
FBGN0030242	83	57	94	63	81	105
FBGN0011566	17	13	38	23	43	36
FBGN0015527	365	308	584	271	373	408
FBGN0029706	148	89	162	127	144	127
FBGN0023537	204	180	336	190	304	268
FBGN0025643	3	2	5	0	8	1
FBGN0030438	0	0	0	0	0	0
FBGN0023530	18	15	17	10	26	8
FBGN0030775	0	0	0	0	0	0
FBGN0052590	25	30	47	21	15	26
FBGN0263257	0	0	0	0	0	0
FBGN0043796	30	27	59	30	28	31
FBGN0029925	15	13	28	22	33	26
FBGN0004432	2586	2623	4618	2011	3053	3202
FBGN0017566	240	202	345	227	335	304
FBGN0040066	169	119	241	116	186	166
FBGN0030937	0	0	0	0	0	0
FBGN0030385	0	0	0	0	0	0
FBGN0030793	38	29	54	23	43	25
FBGN0025641	103	56	138	75	110	86
FBGN0052548	0	0	0	0	0	0
FBGN0041626	0	0	0	0	0	0
FBGN0040395	78	56	109	88	107	110
FBGN0000173	246	225	376	211	347	294
FBGN0030721	0	0	0	0	0	0
FBGN0011741	66	32	77	41	56	59
FBGN0008635	737	678	1004	635	949	935
FBGN0029723	0	4	0	0	0	0
FBGN0040384	38	52	88	50	83	64
FBGN0030505	143	76	158	129	161	135
FBGN0010412	2195	1634	3351	1291	1931	1985
FBGN0030109	207	178	251	158	225	270
FBGN0030763	78	77	131	80	123	148
FBGN0030747	0	0	0	0	0	0
FBGN0027093	403	356	480	374	408	378
FBGN0005390	0	0	0	0	0	0
FBGN0052708	29	47	40	45	57	33
FBGN0025743	94	80	151	98	122	123
FBGN0029810	0	0	0	0	0	0
FBGN0027793	0	0	0	0	0	0
FBGN0040361	0	0	0	0	0	0
FBGN0283476	0	0	0	0	0	0
FBGN0031142	0	0	0	0	6	0
FBGN0030529	247	208	381	202	342	251
FBGN0004143	0	0	0	0	0	0
FBGN0026268	0	0	0	0	0	0
FBGN0031148	248	188	408	192	257	320
FBGN0030098	0	0	0	0	0	0
FBGN0040371	0	0	0	0	0	0
FBGN0030872	6	11	6	6	8	18
FBGN0030208	789	708	1132	703	885	738
FBGN0083956	30	12	25	40	49	43
FBGN0064117	23	42	98	45	56	45
FBGN0085430	324	259	363	256	408	357
FBGN0030940	0	0	1	0	0	0
FBGN0265464	29	10	52	17	31	29
FBGN0260970	367	272	490	316	413	391
FBGN0029714	58	52	96	39	57	61
FBGN0029831	33	41	67	42	59	41
FBGN0030653	60	41	88	62	116	93
FBGN0066304	19	12	44	19	26	13
FBGN0026879	106	107	157	101	91	80
FBGN0052806	0	0	0	0	0	0
FBGN0030683	27	14	40	13	42	22
FBGN0028686	590	557	855	428	624	627
FBGN0288741	0	0	0	0	0	0
FBGN0003132	0	0	0	0	0	0
FBGN0030743	57	34	34	38	58	69
FBGN0053080	1	0	2	0	0	0
FBGN0052693	0	0	0	0	0	0
FBGN0260867	0	0	0	0	0	0
FBGN0031001	13	8	18	12	10	23
FBGN0030361	9	2	7	1	4	5
FBGN0029003	283	273	448	257	465	398
FBGN0030798	18	26	31	16	20	23
FBGN0263987	487	350	594	331	420	393
FBGN0025627	0	0	1	2	2	1
FBGN0031164	0	0	0	0	0	0
FBGN0261284	131	109	236	87	141	165
FBGN0029730	0	0	0	0	0	0
FBGN0030889	0	0	0	0	0	0
FBGN0030858	92	75	104	87	127	129
FBGN0288739	0	0	0	0	0	0
FBGN0003996	0	0	0	0	0	0
FBGN0287645	0	0	0	0	0	0
FBGN0025839	47	31	60	35	41	44
FBGN0011742	240	219	339	190	272	262
FBGN0052668	0	0	0	0	0	0
FBGN0040648	0	0	0	0	0	0
FBGN0030808	114	67	117	62	133	107
FBGN0267042	0	0	0	0	0	0
FBGN0001189	48	19	41	40	41	54
FBGN0263705	499	307	520	297	565	429
FBGN0030262	0	2	1	0	0	0
FBGN0002933	0	0	0	0	0	0
FBGN0029941	440	357	584	377	551	477
FBGN0029961	0	0	0	0	0	0
FBGN0283680	26	15	41	16	44	24
FBGN0023522	32	29	62	50	45	44
FBGN0027601	257	144	392	272	480	419
FBGN0262611	0	0	0	0	0	0
FBGN0030692	206	200	322	196	290	326
FBGN0085478	90	64	102	67	104	114
FBGN0030877	23	26	34	17	25	40
FBGN0029807	0	2	0	0	0	1
FBGN0004856	209	171	270	162	233	276
FBGN0030313	0	0	0	0	0	0
FBGN0031061	51	31	45	33	61	32
FBGN0052698	1	0	0	0	0	1
FBGN0085446	799	350	674	409	678	469
FBGN0047095	0	0	3	2	1	0
FBGN0052602	0	0	0	0	0	0
FBGN0030824	0	0	0	0	0	0
FBGN0052726	0	0	0	0	0	0
FBGN0265265	0	0	0	0	0	0
FBGN0030537	0	0	0	0	0	0
FBGN0029882	281	252	424	197	247	348
FBGN0030224	0	0	0	0	0	0
FBGN0264090	208	147	233	170	252	202
FBGN0085359	0	0	0	0	0	0
FBGN0267350	91	42	96	60	94	114
FBGN0025640	5	3	7	8	5	3
FBGN0052643	0	0	0	0	0	0
FBGN0031106	9	7	13	8	13	28
FBGN0028982	708	550	920	580	657	652
FBGN0040362	0	0	0	0	0	0
FBGN0040899	20	24	30	26	23	16
FBGN0030884	35	14	38	22	34	25
FBGN0029756	14	24	32	22	20	22
FBGN0052598	0	0	0	0	0	0
FBGN0052676	178	115	238	135	242	242
FBGN0030078	0	0	0	0	0	0
FBGN0031126	41	22	66	46	45	31
FBGN0040337	7	14	16	3	12	7
FBGN0026174	0	0	0	0	0	0
FBGN0030338	0	0	0	0	0	0
FBGN0261444	104	72	132	70	135	143
FBGN0266000	126	136	207	123	204	203
FBGN0052713	0	0	0	0	0	0
FBGN0030244	0	0	0	0	0	0
FBGN0030963	5	3	7	5	10	5
FBGN0053548	0	0	0	0	0	0
FBGN0052655	0	0	0	0	0	0
FBGN0259228	97	56	91	81	94	79
FBGN0288700	0	0	0	0	1	0
FBGN0000810	73	48	111	49	65	85
FBGN0030616	1060	814	1501	607	779	780
FBGN0020381	29	34	72	31	60	74
FBGN0003950	5	5	4	7	2	4
FBGN0028581	12	9	13	12	10	17
FBGN0030964	7	10	22	19	10	22
FBGN0004456	526	430	631	464	718	559
FBGN0286222	333	300	484	256	434	375
FBGN0030829	0	0	0	0	0	0
FBGN0029727	0	0	0	0	0	0
FBGN0288737	0	0	0	0	0	0
FBGN0040235	123	76	138	110	109	122
FBGN0028331	350	297	555	225	329	376
FBGN0030037	22	29	41	38	23	44
FBGN0011710	431	425	706	460	577	497
FBGN0028685	659	553	933	598	739	741
FBGN0053180	183	142	292	156	192	178
FBGN0040234	32	16	23	19	30	37
FBGN0029522	30	38	37	20	31	20
FBGN0031070	189	119	233	159	223	213
FBGN0052817	1	3	5	2	1	3
FBGN0030752	64	61	98	51	96	93
FBGN0260771	60	57	113	51	91	88
FBGN0030850	31	19	21	24	28	33
FBGN0030729	0	0	0	0	0	0
FBGN0030951	0	0	0	0	0	0
FBGN0030512	107	93	146	99	139	164
FBGN0001404	53	28	81	47	76	60
FBGN0031037	138	114	192	103	168	188
FBGN0023515	99	75	165	106	128	131
FBGN0026192	103	84	146	48	123	99
FBGN0030943	89	84	143	74	83	118
FBGN0259143	29	32	45	27	27	41
FBGN0259834	15	14	26	9	27	29
FBGN0003411	0	0	0	0	0	0
FBGN0029693	61	57	59	75	90	69
FBGN0030631	218	142	315	125	190	249
FBGN0030320	265	211	381	258	314	312
FBGN0052639	0	0	0	0	0	0
FBGN0259189	0	0	0	0	0	0
FBGN0261710	1688	1282	2285	1515	1970	1943
FBGN0025645	0	0	0	0	0	0
FBGN0263220	0	3	2	0	0	0
FBGN0040367	0	0	0	0	0	0
FBGN0010294	0	0	0	0	0	0
FBGN0029525	198	147	254	154	139	190
FBGN0026375	397	329	485	350	437	506
FBGN0031118	211	128	223	132	221	163
FBGN0061196	0	0	0	0	0	0
FBGN0052544	0	0	0	0	0	0
FBGN0041252	0	0	0	0	0	0
FBGN0288736	0	0	0	0	0	0
FBGN0031010	0	0	0	0	0	0
FBGN0023177	145	136	255	165	266	214
FBGN0053242	0	0	0	0	0	0
FBGN0030403	29	14	35	27	43	40
FBGN0030740	82	94	153	81	108	94
FBGN0030237	1	3	0	0	0	1
FBGN0040339	58	38	67	35	35	29
FBGN0030716	13	10	14	2	7	3
FBGN0039965	56	68	100	55	81	66
FBGN0001145	28	54	44	16	36	72
FBGN0260971	0	0	0	0	0	0
FBGN0026086	67	32	63	32	53	56
FBGN0023509	291	236	361	234	298	344
FBGN0030662	94	66	84	57	94	95
FBGN0027107	0	0	0	0	0	0
FBGN0052816	0	1	0	6	1	2
FBGN0029529	35	27	51	34	38	38
FBGN0029868	112	121	147	81	112	86
FBGN0031055	1	2	0	0	0	0
FBGN0027259	74	58	82	60	46	89
FBGN0262536	0	0	0	0	0	0
FBGN0030543	0	0	0	0	0	0
FBGN0029713	95	51	134	90	103	116
FBGN0029705	0	0	0	0	0	0
FBGN0000092	0	0	0	0	0	0
FBGN0053223	0	0	0	0	0	0
FBGN0030642	0	0	0	0	0	0
FBGN0259722	12	25	33	17	13	8
FBGN0004646	669	478	785	605	1020	883
FBGN0260938	181	164	245	205	247	198
FBGN0029580	0	0	0	0	1	2
FBGN0052601	0	0	0	0	0	0
FBGN0029751	0	0	0	0	0	0
FBGN0030474	29	31	70	46	57	53
FBGN0003965	0	0	1	0	0	0
FBGN0031041	2	0	1	0	2	0
FBGN0083228	0	0	0	0	0	0
FBGN0030830	0	0	0	0	0	0
FBGN0085367	0	0	0	0	0	0
FBGN0284435	161	125	260	142	242	176
FBGN0029643	0	0	0	0	0	0
FBGN0031082	0	0	0	0	0	0
FBGN0030323	11	14	6	11	11	6
FBGN0031030	235	228	313	249	308	278
FBGN0030410	18	14	33	9	25	14
FBGN0004959	7	9	11	3	8	0
FBGN0021764	831	618	1090	696	913	833
FBGN0031049	131	107	146	135	147	114
FBGN0263994	0	0	0	0	0	0
FBGN0030595	0	0	0	1	3	0
FBGN0000316	130	171	216	98	155	121
FBGN0021742	0	0	0	0	0	0
FBGN0010303	63	35	91	43	84	74
FBGN0030321	569	443	709	421	553	633
FBGN0040892	0	0	0	0	0	0
FBGN0025631	5	1	7	11	14	3
FBGN0029940	0	0	0	0	0	0
FBGN0284233	0	0	0	0	0	0
FBGN0085479	1	0	0	0	0	0
FBGN0260868	0	0	0	0	0	0
FBGN0030998	0	0	0	0	0	0
FBGN0052649	43	31	69	26	40	28
FBGN0031181	0	0	0	0	0	0
FBGN0030108	0	0	0	0	0	0
FBGN0028360	21	13	22	9	18	22
FBGN0030437	0	0	0	0	0	0
FBGN0029866	34	30	41	44	81	34
FBGN0030905	0	0	0	0	0	0
FBGN0031168	4	0	0	0	0	0
FBGN0065032	0	2	0	1	2	1
FBGN0030222	0	0	0	0	0	0
FBGN0040363	0	0	0	0	0	0
FBGN0030661	1	0	0	0	0	0
FBGN0029666	57	42	69	45	68	50
FBGN0267050	0	0	0	0	0	0
FBGN0030384	0	1	0	0	1	0
FBGN0031129	0	0	0	0	0	0
FBGN0030343	29	31	47	26	64	36
FBGN0028583	0	0	0	0	0	0
FBGN0030409	0	0	0	0	0	0
FBGN0030521	298	263	371	299	384	418
FBGN0003116	6	17	10	8	4	12
FBGN0288735	0	0	0	0	0	0
FBGN0283657	533	432	766	468	667	671
FBGN0053236	0	0	0	0	0	0
FBGN0025633	177	116	181	117	222	219
FBGN0261085	0	0	0	0	0	0
FBGN0262874	0	0	0	0	0	0
FBGN0030374	0	0	0	0	0	0
FBGN0085352	0	0	0	0	0	0
FBGN0003514	665	573	846	565	834	643
FBGN0030647	0	0	0	0	1	0
FBGN0030675	11	1	11	4	17	7
FBGN0052651	0	0	0	0	0	0
FBGN0030334	10	3	6	2	2	3
FBGN0264738	0	0	0	0	0	0
FBGN0261573	180	165	285	116	216	213
FBGN0260238	0	0	0	0	0	0
FBGN0000644	0	0	0	0	1	0
FBGN0031101	0	0	0	0	0	0
FBGN0030981	0	0	0	0	0	0
FBGN0040370	0	0	0	0	0	0
FBGN0040342	0	0	0	0	0	0
FBGN0030156	0	0	0	0	0	0
FBGN0030975	0	0	0	0	0	0
FBGN0287595	0	0	0	0	0	0
FBGN0027296	4	7	3	6	5	4
FBGN0030039	15	17	29	9	16	5
FBGN0029765	0	0	0	0	0	0
FBGN0262487	0	0	0	0	0	0
FBGN0024996	64	90	141	63	88	94
FBGN0015245	1210	1053	1827	971	1588	1603
FBGN0086674	55	62	67	28	81	57
FBGN0288744	0	0	0	0	0	0
FBGN0030745	6	7	12	5	5	9
FBGN0053639	0	0	0	0	0	0
FBGN0003028	486	358	512	360	528	503
FBGN0030177	146	177	203	117	168	135
FBGN0031103	0	0	0	0	0	0
FBGN0029834	3	0	1	4	0	0
FBGN0030899	0	0	0	0	0	0
FBGN0052533	17	21	23	18	22	21
FBGN0030483	0	0	0	0	0	0
FBGN0014024	244	223	363	203	281	302
FBGN0029785	1458	1311	2027	772	1322	1119
FBGN0025630	14	5	8	3	2	10
FBGN0259171	36	15	30	10	17	29
FBGN0264270	207	153	310	223	285	234
FBGN0265597	0	0	0	0	0	0
FBGN0030055	13	4	26	11	19	13
FBGN0030067	220	170	278	130	131	176
FBGN0030664	0	0	0	0	0	0
FBGN0029658	0	0	0	0	0	0
FBGN0004654	248	260	406	217	396	348
FBGN0031115	76	85	133	69	55	51
FBGN0040918	87	76	147	57	96	68
FBGN0267047	0	0	0	0	0	0
FBGN0029997	25	16	36	26	35	33
FBGN0030370	0	0	0	0	0	0
FBGN0030881	0	0	0	0	0	0
FBGN0030828	2	0	5	1	0	0
FBGN0085353	0	0	0	0	0	0
FBGN0029690	0	1	7	4	0	1
FBGN0029816	0	0	0	0	0	0
FBGN0023512	189	144	270	157	196	231
FBGN0030562	0	0	0	0	0	0
FBGN0027358	12	16	14	7	12	9
FBGN0026874	0	0	0	0	0	0
FBGN0029820	44	54	80	50	95	66
FBGN0030274	66	68	79	64	83	84
FBGN0023541	0	0	0	0	0	0
FBGN0029977	0	0	0	0	0	0
FBGN0001105	340	318	531	291	562	525
FBGN0031183	33	15	43	10	33	42
FBGN0030091	133	119	164	66	107	115
FBGN0014411	229	194	284	158	264	248
FBGN0000709	84	64	142	88	93	79
FBGN0040340	366	266	520	246	489	518
FBGN0262608	0	0	0	0	0	0
FBGN0260450	73	51	130	47	102	83
FBGN0052579	6	2	0	12	1	0
FBGN0030733	218	148	303	199	190	267
FBGN0262740	133	86	148	92	134	129
FBGN0053497	0	0	0	0	0	0
FBGN0004924	422	388	619	387	493	485
FBGN0030100	25	23	21	20	15	20
FBGN0004643	125	96	200	108	147	164
FBGN0267001	1434	1122	1820	1269	1917	1730
FBGN0261803	21	20	26	9	10	16
FBGN0031012	0	3	3	0	0	1
FBGN0259166	30	17	33	27	17	24
FBGN0001079	108	107	160	99	130	162
FBGN0029686	40	12	44	16	21	15
FBGN0030573	7	5	1	6	8	5
FBGN0003053	12	8	17	11	14	22
FBGN0266572	126	80	136	114	176	156
FBGN0014340	106	86	135	96	127	130
FBGN0001341	400	347	510	314	384	471
FBGN0263072	0	1	0	2	0	1
FBGN0030578	0	0	0	0	0	0
FBGN0004860	91	85	122	87	104	124
FBGN0010329	0	0	2	0	0	0
FBGN0030052	40	30	33	30	40	39
FBGN0030788	32	47	52	30	48	39
FBGN0053245	0	0	0	0	0	0
FBGN0030003	83	60	126	62	78	68
FBGN0003964	51	59	85	46	97	94
FBGN0030928	0	0	0	0	2	2
FBGN0267045	0	0	0	0	0	0
FBGN0024361	0	0	0	0	0	2
FBGN0025629	67	34	85	38	40	42
FBGN0031108	0	0	0	0	0	0
FBGN0011770	33	32	57	46	55	73
FBGN0029771	2	0	3	1	7	8
FBGN0030412	45	37	58	33	55	45
FBGN0052554	17	13	22	10	13	20
FBGN0262609	0	0	0	0	0	0
FBGN0261570	147	142	186	116	197	177
FBGN0027528	391	297	517	381	549	455
FBGN0020909	79	84	138	91	98	79
FBGN0030344	402	325	475	271	366	380
FBGN0031062	78	71	100	83	105	101
FBGN0030809	667	569	969	545	783	833
FBGN0263111	3	0	0	2	2	0
FBGN0004367	66	44	66	72	63	45
FBGN0030056	23	17	29	13	21	41
FBGN0030955	265	300	525	238	397	304
FBGN0029133	357	207	464	202	293	292
FBGN0030514	85	100	137	94	137	118
FBGN0003159	15	10	16	15	16	22
FBGN0030038	244	182	235	166	308	237
FBGN0003638	200	94	175	144	190	163
FBGN0003390	358	235	432	368	411	440
FBGN0031195	9	20	12	17	20	15
FBGN0030013	27	10	29	18	18	27
FBGN0086448	24	15	33	22	26	24
FBGN0040923	0	0	0	0	0	0
FBGN0031077	76	79	143	72	72	87
FBGN0003086	0	3	0	0	0	0
FBGN0029944	58	73	70	51	102	81
FBGN0030757	0	0	1	3	4	4
FBGN0029596	0	0	0	0	0	3
FBGN0011277	0	0	0	0	0	0
FBGN0031023	154	63	128	84	131	118
FBGN0030706	0	0	0	0	0	0
FBGN0262980	0	0	0	0	0	0
FBGN0020272	60	69	114	56	79	66
FBGN0030695	26	34	39	19	31	41
FBGN0030468	120	64	178	82	87	126
FBGN0030524	1	0	0	0	0	0
FBGN0030421	0	0	0	0	0	0
FBGN0040649	0	0	0	0	0	0
FBGN0029518	0	0	0	0	0	0
FBGN0026575	614	499	724	507	717	608
FBGN0031051	212	178	279	193	308	289
FBGN0259190	0	0	0	0	0	0
FBGN0266435	0	0	0	0	0	0
FBGN0003559	174	172	252	157	218	181
FBGN0283741	20	19	25	23	22	21
FBGN0030164	0	0	0	0	0	0
FBGN0052820	0	0	0	0	0	0
FBGN0053667	0	0	0	0	0	0
FBGN0052507	0	0	0	0	0	0
FBGN0004957	28	12	22	14	31	20
FBGN0030994	1	0	1	1	0	1
FBGN0029890	0	1	6	0	0	0
FBGN0266647	0	0	0	0	0	0
FBGN0288730	0	0	0	0	0	0
FBGN0026060	29	32	59	15	29	24
FBGN0031047	182	148	261	122	254	194
FBGN0263748	0	0	0	0	0	0
FBGN0052811	0	0	0	0	0	0
FBGN0262607	0	0	0	0	0	0
FBGN0031176	0	0	0	0	0	0
FBGN0285954	1006	913	1657	874	1069	984
FBGN0262486	0	0	0	0	0	0
FBGN0030949	0	0	0	0	0	0
FBGN0041210	77	47	67	33	61	64
FBGN0024983	42	51	81	51	79	78
FBGN0003392	326	296	531	281	390	350
FBGN0030696	0	0	0	0	0	0
FBGN0030970	16	10	27	10	29	20
FBGN0027087	137	123	221	85	170	179
FBGN0250904	0	0	0	0	0	0
FBGN0022942	625	460	714	437	661	673
FBGN0030028	0	0	1	0	0	2
FBGN0052792	0	0	0	0	0	0
FBGN0025644	0	0	0	0	0	0
FBGN0030599	0	0	0	0	0	0
FBGN0030892	36	13	22	22	27	24
FBGN0029950	0	0	0	0	0	0
FBGN0030739	45	29	55	39	37	32
FBGN0052536	8	6	24	18	16	23
FBGN0029645	0	0	0	0	0	0
FBGN0030999	0	0	0	0	0	0
FBGN0085356	0	0	0	0	0	0
FBGN0267163	0	0	0	0	0	0
FBGN0029888	52	81	110	43	72	74
FBGN0085387	0	0	0	0	0	0
FBGN0288745	0	0	0	0	0	0
FBGN0029755	165	141	236	126	166	145
FBGN0029853	1	3	3	5	10	7
FBGN0053664	0	0	0	0	0	0
FBGN0029894	13	10	30	12	8	11
FBGN0031032	0	0	0	0	0	0
FBGN0030065	102	63	115	54	114	77
FBGN0030407	8	12	21	9	30	13
FBGN0014464	0	0	0	0	1	0
FBGN0053557	0	0	0	0	0	0
FBGN0030668	2	3	4	6	4	3
FBGN0000520	57	47	65	59	53	55
FBGN0031134	0	0	0	0	0	0
FBGN0029539	0	0	0	0	0	0
FBGN0030641	9	20	11	10	25	12
FBGN0029857	72	66	88	42	72	90
FBGN0023521	29	24	62	11	35	41
FBGN0029892	28	12	27	8	20	14
FBGN0284442	381	300	547	261	419	450
FBGN0040319	60	31	94	37	51	84
FBGN0030097	1	4	0	0	0	0
FBGN0000617	67	78	95	67	65	63
FBGN0260873	0	0	0	0	0	0
FBGN0085437	95	99	161	105	165	138
FBGN0064116	24	11	34	20	36	10
FBGN0030628	20	34	29	22	21	12
FBGN0030780	0	0	0	0	0	0
FBGN0030961	0	0	0	0	0	0
FBGN0030894	53	52	89	52	79	63
FBGN0000536	29	31	48	30	52	48
FBGN0030508	0	0	0	0	0	0
FBGN0030027	50	28	57	25	38	69
FBGN0030394	1	0	2	0	0	0
FBGN0259734	16	12	12	16	22	16
FBGN0029955	0	0	0	0	1	1
FBGN0262686	0	0	0	0	0	0
FBGN0011280	2	0	0	0	0	0
FBGN0028342	177	151	309	127	191	188
FBGN0040368	0	0	0	0	0	0
FBGN0040347	8	11	13	4	16	13
FBGN0027287	103	61	98	78	83	89
FBGN0015288	1648	1363	2866	1114	1687	1583
FBGN0030624	0	0	0	0	0	0
FBGN0030016	0	0	0	0	0	0
FBGN0029963	0	0	0	0	0	0
FBGN0022768	166	95	166	106	136	153
FBGN0052529	71	58	68	42	79	65
FBGN0031099	8	3	6	4	11	1
FBGN0030163	0	0	0	0	0	0
FBGN0030834	52	40	60	44	52	62
FBGN0030693	56	81	80	75	66	86
FBGN0029724	0	0	0	0	0	0
FBGN0029703	0	0	0	0	0	0
FBGN0030396	21	18	38	18	24	39
FBGN0264542	4	1	0	0	1	1
FBGN0285944	0	0	0	0	0	0
FBGN0030878	152	132	226	141	152	186
FBGN0000084	19	9	43	23	19	22
FBGN0040389	38	44	68	28	29	44
FBGN0052573	0	5	1	0	0	0
FBGN0000377	153	112	241	126	171	216
FBGN0030010	11	18	11	12	4	12
FBGN0029873	4	14	21	9	17	16
FBGN0031114	135	122	133	92	114	155
FBGN0030634	0	0	0	0	0	0
FBGN0030484	33	34	38	36	65	83
FBGN0260658	0	0	0	0	0	0
FBGN0052686	0	0	0	0	0	0
FBGN0003079	39	36	67	44	41	33
FBGN0023216	27	42	63	36	55	45
FBGN0030613	0	0	0	0	0	0
FBGN0286508	57	51	71	61	109	112
FBGN0266848	111	84	144	94	151	203
FBGN0011576	0	0	2	2	0	0
FBGN0013432	7	11	16	6	17	10
FBGN0052495	0	0	0	0	0	0
FBGN0011826	31	58	74	22	62	48
FBGN0030259	0	0	0	0	0	0
FBGN0025838	0	0	0	0	0	0
FBGN0266050	0	0	0	0	0	0
FBGN0052499	571	460	815	425	602	551
FBGN0021738	0	0	0	0	0	0
FBGN0030625	39	44	68	47	56	45
FBGN0040396	51	34	74	46	58	37
FBGN0010194	271	234	370	243	350	350
FBGN0024998	67	75	79	48	76	89
FBGN0031043	70	59	80	51	42	56
FBGN0029642	0	0	0	0	0	0
FBGN0052591	0	0	0	0	0	0
FBGN0031020	438	345	633	297	511	484
FBGN0029887	70	47	86	55	72	56
FBGN0030674	1164	887	1612	977	1392	1272
FBGN0030847	31	9	41	19	46	35
FBGN0053517	0	0	0	0	0	0
FBGN0029952	0	0	0	0	0	0
FBGN0030049	190	155	263	173	241	199
FBGN0052681	0	0	0	0	0	0
FBGN0030063	76	51	60	72	86	81
FBGN0003277	978	777	1170	892	1236	1139
FBGN0030018	129	72	132	95	142	134
FBGN0030191	0	0	0	0	0	0
FBGN0040028	0	0	0	0	0	0
FBGN0029903	704	559	975	553	828	798
FBGN0022710	6	2	7	3	15	17
FBGN0014032	48	47	73	46	72	59
FBGN0259789	247	213	342	256	370	373
FBGN0030938	0	0	1	0	0	0
FBGN0030663	0	0	0	0	0	0
FBGN0030724	45	56	74	57	73	73
FBGN0025383	0	0	0	0	0	0
FBGN0259700	32	23	35	14	25	31
FBGN0030574	0	0	0	0	0	0
FBGN0017418	39	61	68	56	60	63
FBGN0023508	67	77	87	56	100	55
FBGN0052654	296	215	389	280	362	337
FBGN0262900	0	0	0	0	0	0
FBGN0030761	33	34	41	22	53	46
FBGN0052793	1	0	0	0	1	0
FBGN0053665	0	0	0	0	0	0
FBGN0040784	0	0	0	0	0	0
FBGN0040350	0	0	0	0	0	0
FBGN0267046	0	0	0	0	0	0
FBGN0004598	247	203	277	249	322	337
FBGN0001330	104	101	159	95	134	130
FBGN0052803	7	12	17	5	21	10
FBGN0030598	45	16	58	24	60	37
FBGN0026411	0	1	0	0	0	0
FBGN0030151	374	408	635	309	330	374
FBGN0000163	163	136	246	154	222	193
FBGN0028325	127	83	216	105	148	144
FBGN0286809	105	101	159	102	176	138
FBGN0030823	0	0	0	0	0	0
FBGN0283433	0	0	0	0	0	0
FBGN0261834	0	0	0	0	0	0
FBGN0030449	0	0	0	0	0	0
FBGN0030268	463	368	606	365	503	460
FBGN0030509	0	0	0	0	0	0
FBGN0285879	14	9	10	2	11	14
FBGN0030985	0	0	0	0	0	0
FBGN0030791	87	83	156	80	106	132
FBGN0029740	0	0	0	0	0	0
FBGN0030291	12	26	55	31	25	9
FBGN0030510	0	0	1	0	0	0
FBGN0029719	2	0	0	1	4	2
FBGN0040031	0	0	0	0	0	0
FBGN0040348	0	0	0	0	0	0
FBGN0029689	4	3	8	8	7	5
FBGN0027864	11	3	12	7	2	8
FBGN0016038	22	20	33	30	26	21
FBGN0030048	1	2	4	5	4	7
FBGN0030366	475	433	728	386	602	629
FBGN0029789	25	17	30	18	35	53
FBGN0030278	0	0	0	0	0	0
FBGN0027291	169	162	286	141	262	239
FBGN0040346	50	76	118	51	55	55
FBGN0259699	49	23	41	35	58	47
FBGN0030318	82	71	119	62	148	146
FBGN0052640	0	0	0	0	0	0
FBGN0044872	0	0	0	0	0	0
FBGN0029863	23	32	57	26	48	40
FBGN0031065	0	0	0	3	0	0
FBGN0029594	17	30	54	37	31	25
FBGN0030556	179	207	300	150	216	255
FBGN0030499	19	18	36	41	68	28
FBGN0027588	1313	1000	1884	1388	2127	2058
FBGN0029648	39	22	43	27	26	31
FBGN0040069	0	0	0	0	0	1
FBGN0029939	26	17	31	20	40	48
FBGN0040345	0	0	0	0	0	0
FBGN0264562	100	79	107	81	147	81
FBGN0261955	236	171	347	175	268	265
FBGN0062565	0	0	0	0	0	0
FBGN0030913	0	0	0	0	0	0
FBGN0028369	28	15	46	21	28	20
FBGN0014395	0	0	0	0	0	0
FBGN0030648	76	34	76	37	101	84
FBGN0029813	1	0	1	0	0	0
FBGN0053244	0	0	0	0	0	0
FBGN0030519	100	91	157	69	75	81
FBGN0030528	3	5	13	5	8	8
FBGN0000499	115	106	184	97	145	164
FBGN0031187	14	9	20	11	31	14
FBGN0000330	132	101	239	136	185	190
FBGN0040377	0	0	0	0	0	1
FBGN0040650	10	11	10	7	19	6
FBGN0010380	703	564	934	571	848	864
FBGN0011834	0	0	0	0	0	0
FBGN0261930	0	0	0	0	0	0
FBGN0030162	0	0	0	0	0	0
FBGN0014031	0	1	7	0	0	0
FBGN0030612	8	11	10	8	6	18
FBGN0024997	0	0	0	0	0	0
FBGN0030863	46	48	79	47	52	54
FBGN0266490	20	18	28	7	10	17
FBGN0262699	44	24	44	25	43	27
FBGN0030358	1	0	0	3	0	0
FBGN0030525	0	0	0	0	0	0
FBGN0052641	0	0	0	0	0	0
FBGN0052712	0	0	0	0	0	0
FBGN0045502	0	0	0	0	0	0
FBGN0259101	1	0	0	1	1	2
FBGN0030196	38	27	59	22	29	55
FBGN0003463	252	182	314	195	208	232
FBGN0003416	122	70	134	61	93	108
FBGN0030605	43	33	89	23	54	50
FBGN0004045	0	0	0	0	0	0
FBGN0261244	2	12	18	5	18	13
FBGN0052808	0	0	0	0	0	0
FBGN0030587	0	2	0	0	0	0
FBGN0029656	0	0	0	0	0	0
FBGN0267049	0	0	0	0	0	0
FBGN0031104	0	0	0	0	0	0
FBGN0010019	2	1	2	4	0	2
FBGN0014903	0	0	2	0	0	0
FBGN0030654	0	1	3	0	1	2
FBGN0264502	0	0	3	0	1	2
FBGN0029659	0	0	1	0	0	0
FBGN0002709	18	4	9	15	22	10
FBGN0030247	0	0	0	0	0	0
FBGN0002577	8	10	18	4	25	5
FBGN0003285	152	102	145	99	193	130
FBGN0001612	206	142	231	125	200	193
FBGN0040357	0	0	0	0	0	0
FBGN0030328	773	635	1155	596	830	916
FBGN0023524	0	0	0	0	0	0
FBGN0004511	7	6	9	4	4	11
FBGN0030004	1	2	1	1	3	0
FBGN0085451	433	264	526	310	388	387
FBGN0052755	0	0	0	0	0	0
FBGN0026374	108	87	175	117	167	173
FBGN0031189	34	23	48	33	26	37
FBGN0003204	348	340	665	341	480	521
FBGN0030500	51	71	100	70	73	101
FBGN0044047	0	2	0	0	3	0
FBGN0029833	207	127	295	110	136	134
FBGN0030871	144	118	213	124	132	146
FBGN0031127	0	0	0	0	0	0
FBGN0030349	83	49	96	92	89	101
FBGN0030141	102	82	150	65	75	118
FBGN0013720	220	169	306	182	311	264
FBGN0052704	0	0	0	0	0	0
FBGN0027106	0	0	4	0	2	9
FBGN0000233	0	4	4	0	0	0
FBGN0030012	19	6	22	15	26	11
FBGN0053246	0	0	0	0	0	0
FBGN0052791	2	0	0	0	0	0
FBGN0024360	23	24	26	49	34	29
FBGN0029860	25	39	57	20	38	20
FBGN0043001	25	29	83	34	60	38
FBGN0026149	65	46	98	35	51	30
FBGN0031033	0	0	0	0	0	0
FBGN0030398	0	0	0	0	0	0
FBGN0024973	95	71	68	56	75	90
FBGN0052669	0	0	0	0	0	0
FBGN0030359	0	0	0	0	0	0
FBGN0025382	0	1	1	0	1	2
FBGN0030457	120	138	192	160	188	130
FBGN0030836	4	21	3	0	0	0
FBGN0030753	164	145	256	159	215	221
FBGN0061200	687	466	789	495	731	712
FBGN0000117	2072	1713	2876	1937	2715	2485
FBGN0030477	0	0	0	0	0	0
FBGN0030200	0	0	0	0	0	0
FBGN0029649	0	0	0	0	0	0
FBGN0029702	0	0	0	0	0	0
FBGN0029733	0	0	0	0	0	0
FBGN0031169	0	0	0	0	0	0
FBGN0031097	268	192	400	161	291	199
FBGN0003300	0	0	0	0	0	0
FBGN0030257	0	0	0	0	0	0
FBGN0028550	9	13	20	11	9	11
FBGN0040375	1	2	3	9	9	10
FBGN0030300	3	3	7	3	4	2
FBGN0030996	21	16	52	32	70	45
FBGN0040089	7	3	4	3	2	3
FBGN0023511	41	52	71	46	69	73
FBGN0030610	13	15	17	14	25	13
FBGN0261703	0	0	0	0	0	3
FBGN0287725	225	119	233	120	169	152
FBGN0030719	485	397	563	330	360	321
FBGN0040385	0	0	0	0	0	0
FBGN0087008	371	254	414	301	414	377
FBGN0028421	55	63	108	77	99	97
FBGN0030342	80	62	128	67	103	91
FBGN0031059	17	10	6	6	31	3
FBGN0003380	0	0	0	0	0	0
FBGN0267977	28	18	31	24	31	21
FBGN0259926	0	0	0	0	0	0
FBGN0029809	0	0	0	0	0	0
FBGN0030347	2	0	0	0	0	1
FBGN0029608	0	0	0	0	0	0
FBGN0052568	0	0	0	0	0	0
FBGN0030286	56	66	115	91	91	101
FBGN0031146	0	0	0	0	0	0
FBGN0029729	0	0	0	0	0	0
FBGN0030429	0	0	0	0	0	0
FBGN0030158	0	1	3	0	0	0
FBGN0030925	16	18	23	13	22	23
FBGN0052679	0	0	0	0	0	0
FBGN0015336	0	0	0	0	0	4
FBGN0044817	0	0	0	0	0	0
FBGN0030991	73	67	101	87	94	67
FBGN0029830	50	39	47	42	56	36
FBGN0030640	6	5	13	13	40	17
FBGN0031201	0	0	0	0	0	0
FBGN0030887	0	0	0	0	0	0
FBGN0024807	98	92	137	94	99	99
FBGN0025463	472	410	610	392	576	518
FBGN0030838	50	49	82	42	72	74
FBGN0086782	0	0	0	0	0	0
FBGN0029697	0	0	0	0	0	0
FBGN0054026	0	0	0	0	0	4
FBGN0031174	64	63	98	77	88	103
FBGN0027621	35	35	62	40	56	43
FBGN0030326	9	19	13	10	18	9
FBGN0000542	897	678	1130	702	1027	998
FBGN0031058	0	0	0	0	0	0
FBGN0263993	182	176	304	226	334	257
FBGN0261549	10	12	20	5	11	9
FBGN0260747	138	95	166	137	178	150
FBGN0029590	0	0	0	0	0	0
FBGN0052772	39	28	48	38	68	56
FBGN0031074	0	0	0	0	0	0
FBGN0259242	7	6	7	0	2	8
FBGN0283473	17	13	19	12	14	20
FBGN0025632	0	0	1	0	1	2
FBGN0030204	0	0	0	0	0	0
FBGN0029840	177	164	247	161	205	278
FBGN0261675	0	0	0	0	0	0
FBGN0030425	0	1	0	0	0	1
FBGN0030206	45	29	50	27	41	46
FBGN0025679	0	0	0	0	0	0
FBGN0024366	42	25	30	22	39	26
FBGN0030583	0	0	0	0	0	0
FBGN0023549	1	18	3	7	2	9
FBGN0030266	156	91	162	114	179	157
FBGN0029976	22	11	11	0	13	16
FBGN0029928	25	27	44	21	26	38
FBGN0085464	0	0	0	0	0	0
FBGN0030577	0	0	0	0	0	0
FBGN0027602	195	182	316	128	194	271
FBGN0262485	0	0	0	0	0	0
FBGN0031190	80	74	124	70	99	96
FBGN0002576	0	0	0	0	0	0
FBGN0029795	0	0	0	0	0	0
FBGN0030801	43	28	40	31	25	35
FBGN0030077	29	13	45	21	67	32
FBGN0052574	0	0	0	0	0	0
FBGN0030572	105	75	127	73	120	97
FBGN0030482	82	63	82	78	88	83
FBGN0030350	37	20	58	18	38	46
FBGN0039943	83	69	152	77	83	119
FBGN0052600	0	0	0	0	0	0
FBGN0052683	0	0	0	0	0	0
FBGN0267044	0	0	0	0	0	0
FBGN0264386	0	0	0	0	0	0
FBGN0040341	0	0	0	0	0	0
FBGN0029644	0	0	0	0	0	0
FBGN0010341	473	341	563	294	412	412
FBGN0030092	21	15	34	9	16	25
FBGN0030904	0	0	0	0	0	0
FBGN0052703	0	0	0	0	0	0
FBGN0005427	19	8	18	9	27	24
FBGN0263997	0	0	3	0	0	0
FBGN0025390	0	0	0	0	0	0
FBGN0039941	0	3	0	1	6	4
FBGN0069938	0	0	0	0	0	0
FBGN0030792	71	50	88	45	78	50
FBGN0014455	311	217	377	169	255	325
FBGN0053178	0	0	0	0	0	0
FBGN0052857	0	0	0	0	0	0
FBGN0026144	252	214	366	340	375	319
FBGN0040514	0	0	0	0	0	0
FBGN0030354	315	209	510	220	344	331
FBGN0031107	115	95	202	110	149	188
FBGN0025388	59	45	70	32	69	53
FBGN0287828	0	0	0	0	0	0
FBGN0029826	0	0	0	3	2	0
FBGN0030759	5	13	7	4	14	14
FBGN0028327	600	573	1072	471	922	719
FBGN0024989	410	360	502	320	416	403
FBGN0040355	0	0	0	0	0	0
FBGN0053513	0	0	0	0	0	0
FBGN0030459	0	0	0	0	0	0
FBGN0023525	0	3	0	0	1	0
FBGN0027108	2778	2309	3817	2569	3890	3543
FBGN0005411	315	295	447	273	342	348
FBGN0030930	168	143	275	162	301	290
FBGN0029736	44	17	42	28	51	38
FBGN0030622	0	0	0	0	0	0
FBGN0030864	179	200	285	150	173	242
FBGN0031045	0	0	0	0	0	0
FBGN0010416	216	139	245	114	160	192
FBGN0026080	55	53	117	40	87	66
FBGN0284227	2	7	10	2	7	8
FBGN0030090	8	8	10	6	23	8
FBGN0040236	89	54	93	67	93	74
FBGN0266570	234	259	353	221	248	261
FBGN0053181	17	5	14	9	14	8
FBGN0031157	0	0	1	1	1	2
FBGN0030997	0	0	0	0	0	0
FBGN0083979	0	0	0	0	0	0
FBGN0030352	14	8	18	21	21	4
FBGN0264449	18	8	12	13	28	18
FBGN0015615	241	167	357	220	269	260
FBGN0027564	10	3	19	4	30	5
FBGN0030833	45	51	76	53	62	50
FBGN0023529	795	761	1233	785	1123	971
FBGN0030554	10	18	28	9	24	19
FBGN0025637	725	697	1054	577	771	742
FBGN0000022	35	26	24	15	33	19
FBGN0052823	0	0	0	0	0	0
FBGN0023526	41	36	58	41	59	52
FBGN0030081	90	73	144	63	87	97
FBGN0003210	188	175	286	197	215	208
FBGN0029708	1	1	3	0	1	2
FBGN0029524	7	6	4	4	3	2
FBGN0029951	0	0	0	0	0	0
FBGN0052706	0	0	4	0	3	9
FBGN0030518	49	44	57	38	44	51
FBGN0023535	1	1	2	0	1	1
FBGN0052762	0	0	0	0	0	0
FBGN0030748	0	0	0	0	0	0
FBGN0031016	435	337	562	443	687	566
FBGN0030215	0	0	0	0	0	0
FBGN0030744	38	49	63	39	57	50
FBGN0052675	24	19	37	23	50	40
FBGN0052603	0	0	0	0	0	0
FBGN0029878	175	165	217	152	193	226
FBGN0030701	130	81	136	127	140	124
FBGN0030672	378	265	584	279	384	453
FBGN0030493	17	17	24	35	49	40
FBGN0031060	15	8	10	7	9	8
FBGN0004170	74	45	69	44	73	80
FBGN0030969	126	89	169	84	147	135
FBGN0259741	1	0	0	0	0	0
FBGN0052551	0	0	0	0	0	0
FBGN0003714	49	37	80	27	67	57
FBGN0260400	16	4	22	20	28	15
FBGN0003023	0	0	0	0	0	3
FBGN0004648	387	400	568	453	570	508
FBGN0004832	87	76	104	82	104	123
FBGN0025626	45	38	37	22	48	56
FBGN0024251	8	6	21	24	27	18
FBGN0026083	248	181	338	237	329	310
FBGN0030735	114	99	107	82	129	117
FBGN0014391	185	164	272	167	193	185
FBGN0040365	0	0	0	0	0	0
FBGN0030611	87	64	110	63	90	81
FBGN0040397	115	114	200	129	216	198
FBGN0288833	126	110	197	114	162	153
FBGN0040906	0	0	0	0	1	0
FBGN0030725	0	0	1	0	0	0
FBGN0027521	137	109	184	108	150	180
FBGN0031188	10	3	16	2	8	3
FBGN0261624	0	0	0	0	0	0
FBGN0023215	107	95	177	148	163	153
FBGN0004861	90	99	154	93	139	125
FBGN0000719	9	15	22	28	14	29
FBGN0040383	1	0	7	0	2	0
FBGN0030670	74	37	84	48	64	39
FBGN0266098	531	335	678	430	605	522
FBGN0030676	3	5	8	1	9	6
FBGN0029893	86	46	111	54	84	85
FBGN0031078	635	551	811	557	788	665
FBGN0030773	0	0	0	0	0	0
FBGN0004656	502	414	812	391	637	553
FBGN0031150	14	7	11	7	8	9
FBGN0267048	0	0	0	0	0	0
FBGN0039945	14	17	19	17	15	8
FBGN0029657	3	0	0	0	0	0
FBGN0030921	0	0	0	0	0	0
FBGN0029660	0	0	0	0	0	0
FBGN0054015	17	13	16	13	7	13
FBGN0265610	0	0	0	0	0	0
FBGN0030439	0	0	0	0	0	0
FBGN0285926	193	175	279	194	238	307
FBGN0262685	0	0	0	0	0	0
FBGN0030336	118	60	103	44	99	123
FBGN0030926	1	0	2	0	1	4
FBGN0001491	88	87	135	95	92	88
FBGN0031155	0	0	0	0	0	0
FBGN0030195	0	0	0	0	0	0
FBGN0262866	36	22	53	40	53	33
FBGN0041629	3	19	12	7	5	1
FBGN0000618	51	52	125	39	59	62
FBGN0261811	212	124	255	164	271	236
FBGN0260482	0	0	0	0	0	0
FBGN0030296	0	0	0	0	0	0
FBGN0024362	34	30	39	40	47	33
FBGN0029812	0	0	0	0	0	0
FBGN0030558	0	0	5	0	0	0
FBGN0052564	0	1	0	0	0	0
FBGN0042146	0	0	0	0	0	0
FBGN0010296	0	0	0	0	0	0
FBGN0030395	0	0	0	0	0	0
FBGN0028343	168	121	260	165	223	198
FBGN0030589	0	0	0	0	0	0
FBGN0030883	4	0	14	6	8	8
FBGN0030121	28	29	64	26	40	30
FBGN0260753	0	0	0	0	0	0
FBGN0030389	0	0	0	0	0	0
FBGN0022355	18	75	74	25	38	76
FBGN0030691	0	0	0	0	0	0
FBGN0030017	3	0	6	0	2	0
FBGN0029823	359	356	564	249	416	396
FBGN0031018	0	0	0	0	0	0
FBGN0030749	211	172	313	150	242	225
FBGN0030504	281	257	368	203	253	244
FBGN0052695	0	0	0	0	0	0
FBGN0000611	651	516	856	581	854	752
FBGN0025624	13	13	37	20	36	17
FBGN0026433	69	47	72	63	92	64
FBGN0011586	58	67	67	37	51	68
FBGN0003360	2071	1831	3604	1398	2491	2191
FBGN0025393	1	2	2	3	1	1
FBGN0030807	0	0	0	0	0	0
FBGN0260871	0	0	0	0	0	0
FBGN0265575	2	5	12	10	9	16
FBGN0030088	15	7	18	12	12	6
FBGN0030431	12	2	19	4	16	11
FBGN0030563	0	0	0	0	0	0
FBGN0026088	27	33	37	28	27	21
FBGN0029828	0	1	2	0	0	0
FBGN0052813	1	3	0	0	0	1
FBGN0000359	0	0	0	0	0	0
FBGN0262610	0	0	0	0	0	0
FBGN0025111	0	0	0	1	5	0
FBGN0030329	383	332	490	300	456	433
FBGN0001087	203	171	240	160	252	211
FBGN0260789	132	109	160	88	141	113
FBGN0030931	1	1	4	0	0	1
FBGN0030814	0	0	0	0	0	0
FBGN0003447	447	458	809	438	652	531
FBGN0030657	26	21	38	16	30	19
FBGN0278608	775	765	1254	760	935	980
FBGN0288733	0	0	0	0	0	0
FBGN0025381	32	24	55	27	46	36
FBGN0052702	1	24	3	1	7	40
FBGN0027084	470	390	640	339	494	440
FBGN0029959	27	32	36	17	20	23
FBGN0030805	98	85	118	85	163	125
FBGN0288738	0	0	0	0	0	0
FBGN0040942	15	16	30	36	31	35
FBGN0030665	0	2	0	0	1	0
FBGN0025835	1	0	0	0	0	0
FBGN0030006	19	21	7	20	21	21
FBGN0260484	8	4	6	0	5	5
FBGN0000152	16	16	19	18	22	19
FBGN0259108	11	6	14	5	12	8
FBGN0040353	0	3	0	0	0	1
FBGN0261277	60	58	75	35	74	56
FBGN0000928	6	2	1	1	1	3
FBGN0030766	57	43	65	55	75	61
FBGN0027359	105	115	194	95	112	127
FBGN0031066	172	167	332	177	260	255
FBGN0031116	0	0	1	0	0	0
FBGN0288747	0	0	0	0	0	0
FBGN0027556	38	43	65	53	86	58
FBGN0025809	56	78	96	44	67	72
FBGN0030956	11	22	30	35	13	36
FBGN0030859	0	0	1	0	0	0
FBGN0040931	67	53	88	57	76	74
FBGN0265767	2	0	6	1	7	6
FBGN0002948	77	62	89	79	72	103
FBGN0030443	0	0	2	1	0	0
FBGN0023517	62	58	113	66	66	67
FBGN0003969	197	144	236	154	218	237
FBGN0052594	37	44	56	49	75	63
FBGN0001206	45	50	63	52	76	56
FBGN0028397	0	0	0	0	0	0
FBGN0001186	174	173	250	147	286	194
FBGN0052523	0	0	0	0	0	0
FBGN0029922	1	0	0	4	4	2
FBGN0029851	0	0	0	0	0	0
FBGN0031091	17	12	30	20	24	40
FBGN0030813	15	15	17	15	11	18
FBGN0026679	114	87	171	114	147	131
FBGN0000459	9	9	11	8	21	15
FBGN0263830	0	0	0	0	0	0
FBGN0052707	58	52	83	56	65	81
FBGN0030623	0	0	0	0	0	0
FBGN0052588	0	0	0	0	0	0
FBGN0288743	0	0	0	0	0	0
FBGN0025628	173	132	263	131	180	144
FBGN0031081	1	0	1	1	4	4
FBGN0031144	54	29	56	37	38	46
FBGN0030597	0	0	0	0	0	0
FBGN0066114	29	13	30	26	24	32
FBGN0026749	16	7	26	25	30	7
FBGN0029665	15	34	30	15	29	19
FBGN0265630	94	90	140	87	110	148
FBGN0085440	0	0	0	0	0	0
FBGN0031086	0	0	0	0	0	0
FBGN0031011	139	113	183	102	190	141
FBGN0261793	80	88	169	57	88	84
FBGN0031098	191	124	251	155	213	211
FBGN0030221	0	0	0	0	0	0
FBGN0052521	51	62	70	42	77	53
FBGN0030051	4	2	8	7	15	7
FBGN0003371	518	338	614	418	575	578
FBGN0000108	0	0	1	0	2	1
FBGN0029937	22	18	28	22	26	19
FBGN0052650	0	0	0	0	0	0
FBGN0264954	1	0	0	0	0	0
FBGN0085357	0	0	0	0	0	0
FBGN0029931	0	0	0	0	0	0
FBGN0027498	68	55	74	32	65	55
FBGN0011822	0	0	0	0	0	0
FBGN0029966	0	0	0	0	0	0
FBGN0031119	73	62	77	69	74	83
FBGN0030629	25	16	27	5	6	3
FBGN0024980	0	0	0	0	0	0
FBGN0030167	0	0	0	0	0	0
FBGN0000524	98	77	175	112	141	131
FBGN0030638	13	21	17	18	23	31
FBGN0030841	9	2	0	6	7	9
FBGN0052783	0	0	0	0	0	0
FBGN0000927	0	0	0	0	0	0
FBGN0030304	0	0	0	0	0	0
FBGN0000137	2	4	6	2	5	4
FBGN0029737	35	40	38	52	59	49
FBGN0052797	0	0	0	0	0	0
FBGN0030893	2	1	3	1	0	0
FBGN0030968	4	5	14	2	3	0
FBGN0265535	0	0	0	0	0	0
FBGN0022786	61	62	78	55	89	58
FBGN0261954	463	396	567	412	580	495
FBGN0040351	1	0	0	0	0	0
FBGN0015558	2	1	2	2	1	0
FBGN0030734	284	293	416	320	408	410
FBGN0014026	2592	1968	4011	1490	2608	2400
FBGN0031170	19	14	12	7	10	24
FBGN0044046	0	0	0	0	0	0
FBGN0010292	174	172	289	124	197	200
FBGN0029712	3	1	1	0	1	4
FBGN0030157	0	4	2	0	0	1
FBGN0029770	0	0	0	0	0	0
FBGN0069973	0	0	0	0	0	0
FBGN0030886	0	2	0	0	0	0
FBGN0085362	0	0	0	0	0	0
FBGN0030360	23	26	30	17	32	20
FBGN0003423	180	207	323	195	245	212
FBGN0026313	26	13	33	36	41	32
FBGN0029685	12	13	19	14	20	16
FBGN0029825	2	6	3	1	8	4
FBGN0265416	3	0	0	0	0	0
FBGN0030375	0	0	0	0	0	0
FBGN0030855	110	86	144	88	131	122
FBGN0030607	7	4	16	6	13	2
FBGN0030816	10	11	7	13	20	15
FBGN0029935	7	7	1	0	9	8
FBGN0015794	76	56	109	45	111	75
FBGN0030025	41	31	70	31	37	35
FBGN0027342	82	68	124	86	127	146
FBGN0030364	80	99	108	43	87	84
FBGN0029874	14	17	32	9	15	19
FBGN0030479	110	77	164	65	155	143
FBGN0004828	1451	1234	2458	1413	1910	1924
FBGN0053669	0	0	0	0	0	0
FBGN0260855	22	30	49	19	36	34
FBGN0004403	414	363	633	194	370	365
FBGN0284408	1464	1121	1917	1280	1646	1525
FBGN0028474	286	224	351	199	272	264
FBGN0053239	0	0	0	0	0	0
FBGN0262976	0	0	0	0	3	0
FBGN0259168	204	135	278	179	257	259
FBGN0259196	0	0	0	0	0	0
FBGN0030245	135	109	205	139	207	166
FBGN0259231	0	0	0	0	0	0
FBGN0052549	32	19	42	30	70	46
FBGN0026428	138	108	162	129	174	210
FBGN0026079	250	179	438	185	335	282
FBGN0030868	0	0	0	0	0	0
FBGN0264503	0	0	0	0	0	0
FBGN0021767	0	0	1	0	0	0
FBGN0030093	461	340	661	368	589	608
FBGN0030082	208	165	299	168	263	233
FBGN0025621	80	29	82	43	92	58
FBGN0024182	12	21	25	23	28	16
FBGN0000808	2	0	1	0	0	0
FBGN0250862	1	3	0	0	0	1
FBGN0031042	0	0	0	0	0	0
FBGN0030840	0	0	0	0	0	0
FBGN0003656	30	40	58	71	79	72
FBGN0030507	65	40	82	38	69	84
FBGN0031130	0	0	0	0	0	0
FBGN0031132	0	0	0	0	0	0
FBGN0026175	0	0	0	0	0	0
FBGN0030001	0	1	4	0	0	1
FBGN0023536	17	13	11	17	31	22
FBGN0265413	205	170	303	212	318	310
FBGN0026872	0	0	2	0	1	0
FBGN0024975	12	16	28	16	14	10
FBGN0266434	0	0	0	0	0	0
FBGN0030495	0	0	0	0	0	0
FBGN0031069	61	63	79	72	82	90
FBGN0004102	0	0	1	0	0	0
FBGN0030590	0	0	1	0	0	0
FBGN0287454	30	25	36	15	28	24
FBGN0025391	0	0	0	0	0	0
FBGN0030029	0	2	1	0	0	0
FBGN0260812	0	0	0	0	0	0
FBGN0002878	136	98	211	138	166	208
FBGN0029688	334	158	375	190	284	279
FBGN0052576	31	24	53	14	28	22
FBGN0250788	1981	1037	1940	1015	1576	1368
FBGN0027330	391	310	514	250	389	401
FBGN0030704	3	11	13	10	7	17
FBGN0025815	666	601	1001	505	682	838
FBGN0030071	0	0	0	0	0	0
FBGN0029521	0	0	0	0	0	0
FBGN0030218	3	0	2	0	5	3
FBGN0004050	32	38	53	54	83	51
FBGN0040349	0	1	0	0	0	2
FBGN0030522	23	17	36	18	29	42
FBGN0052815	0	0	0	0	0	0
FBGN0030311	13	22	23	18	15	11
FBGN0052625	0	0	0	0	0	0
FBGN0259204	1	4	8	1	3	0
FBGN0030480	41	39	102	23	43	61
FBGN0025625	0	0	0	0	0	0
FBGN0029747	0	0	0	0	0	0
FBGN0003374	11	105	39	3	5	10
FBGN0031093	35	27	72	25	58	73
FBGN0266431	0	0	0	0	0	0
FBGN0031022	9	10	20	10	10	9
FBGN0030576	0	0	0	0	0	2
FBGN0030659	37	20	52	41	31	45
FBGN0259677	2	0	0	0	0	0
FBGN0040651	0	0	0	0	0	0
FBGN0261873	195	133	201	103	221	213
FBGN0040285	138	142	214	146	188	148
FBGN0265598	24	4	26	12	37	21
FBGN0086558	93	92	147	95	140	129
FBGN0011606	372	305	489	280	345	340
FBGN0004368	137	126	180	124	171	178
FBGN0030596	0	0	0	0	0	0
FBGN0029752	0	0	0	0	0	0
FBGN0030435	58	40	112	65	90	77
FBGN0026876	39	39	50	25	33	35
FBGN0029864	0	0	0	0	0	0
FBGN0260858	33	22	38	16	23	25
FBGN0028491	1	8	4	11	15	3
FBGN0025549	9	3	20	16	13	11
FBGN0031036	42	57	95	53	73	70
FBGN0029898	154	78	128	130	166	128
FBGN0029587	0	0	0	0	0	0
FBGN0025638	138	118	211	133	157	113
FBGN0030316	18	5	10	5	5	6
FBGN0263511	0	1	0	0	0	0
FBGN0052557	0	0	0	1	0	29
FBGN0030314	58	43	60	34	61	35
FBGN0030007	260	263	437	203	317	309
FBGN0266429	0	0	0	0	0	0
FBGN0030307	0	0	0	0	0	0
FBGN0003747	0	0	0	0	0	0
FBGN0053172	26	34	31	29	31	34
FBGN0030411	1	0	3	3	3	5
FBGN0029924	118	78	154	103	184	111
FBGN0003345	293	152	340	212	311	281
FBGN0052563	0	0	0	0	0	0
FBGN0261524	90	78	143	70	108	86
FBGN0030228	42	24	44	27	49	42
FBGN0030246	82	54	127	62	112	83
FBGN0260870	0	0	0	0	0	0
FBGN0029980	43	23	60	21	32	45
FBGN0029885	106	128	188	105	105	121
FBGN0039946	21	20	21	7	24	29
FBGN0052671	0	0	0	0	0	0
FBGN0031141	0	0	0	0	0	0
FBGN0030346	2	4	3	4	11	4
FBGN0030376	0	0	0	0	0	0
FBGN0031182	1	2	0	0	1	3
FBGN0029726	0	0	0	0	0	0
FBGN0030289	72	76	129	63	91	127
FBGN0023518	159	123	223	111	177	161
FBGN0030451	26	42	84	35	49	53
FBGN0030377	3	4	1	1	3	4
FBGN0030406	29	22	51	8	20	32
FBGN0030034	527	418	756	469	662	657
FBGN0027553	58	51	110	68	98	97
FBGN0285910	56	81	129	61	84	87
FBGN0287210	24	30	57	16	26	29
FBGN0031191	32	33	48	29	30	32
FBGN0026089	83	37	97	46	64	69
FBGN0029716	0	0	0	0	0	0
FBGN0004066	591	505	901	467	631	660
FBGN0052699	96	87	168	92	116	118
FBGN0031034	0	0	0	0	0	0
FBGN0004047	0	0	0	0	0	0
FBGN0010383	13	5	13	3	10	10
FBGN0030738	199	194	309	145	215	209
FBGN0024986	24	27	42	22	35	52
FBGN0029946	0	0	0	0	0	0
FBGN0030927	18	10	22	16	21	32
FBGN0030544	0	0	0	0	0	2
FBGN0029896	14	10	17	12	22	23
FBGN0023545	104	93	146	74	105	101
FBGN0030030	4	1	2	4	12	1
FBGN0053177	0	0	0	0	0	0
FBGN0029969	172	190	305	147	233	174
FBGN0029718	90	78	165	63	133	142
FBGN0030890	32	42	65	54	69	80
FBGN0030891	119	91	156	93	158	117
FBGN0011754	39	20	53	41	60	74
FBGN0030391	10	20	28	20	40	23
FBGN0052750	0	0	0	0	0	0
FBGN0030536	0	0	0	0	0	0
FBGN0029964	0	0	0	0	0	0
FBGN0030041	0	3	3	5	4	0
FBGN0261446	55	52	86	37	58	84
FBGN0030058	0	0	0	0	0	0
FBGN0029783	1	8	5	4	5	3
FBGN0029962	0	0	0	0	0	0
FBGN0029811	0	0	0	0	0	0
FBGN0030776	0	0	0	0	0	0
FBGN0030183	10	3	8	2	2	2
FBGN0030292	51	7	45	27	54	48
FBGN0029835	2	6	6	3	1	3
FBGN0030467	3	4	13	0	8	3
FBGN0024941	0	0	0	0	0	0
FBGN0283432	0	0	0	0	0	0
FBGN0029915	150	134	247	110	143	134
FBGN0030552	61	70	106	83	115	69
FBGN0029804	21	24	21	18	24	19
FBGN0264078	94	58	94	70	102	102
FBGN0015799	280	206	333	256	297	328
FBGN0265726	0	1	0	0	0	0
FBGN0004034	25	7	29	3	2	0
FBGN0029725	0	0	0	0	0	0
FBGN0286877	0	0	0	0	0	0
FBGN0004657	617	527	850	599	886	925
FBGN0030710	87	50	97	77	103	111
FBGN0029750	1	0	1	0	0	0
FBGN0029817	0	0	0	0	0	0
FBGN0052814	0	0	0	0	0	0
FBGN0025635	29	40	63	37	34	31
FBGN0052638	22	24	26	28	36	25
FBGN0025836	414	319	504	359	403	515
FBGN0052767	151	140	189	120	184	160
FBGN0030777	0	0	0	0	0	0
FBGN0284228	57	44	90	38	39	49
FBGN0029905	42	22	67	35	72	48
FBGN0262730	79	43	88	62	90	67
FBGN0259162	0	0	0	0	0	0
FBGN0021765	288	214	506	212	447	354
FBGN0030447	45	33	74	29	37	35
FBGN0015773	40	31	94	68	134	104
FBGN0029568	0	0	0	0	0	0
FBGN0014465	0	0	0	0	0	0
FBGN0029943	36	22	42	39	37	44
FBGN0027791	3	6	4	4	4	9
FBGN0000257	42	28	43	15	57	31
FBGN0031048	5	17	31	15	17	23
FBGN0011758	1	9	16	11	10	8
FBGN0030952	0	0	0	0	0	0
FBGN0053666	0	0	0	0	0	0
FBGN0029839	0	0	0	0	0	0
FBGN0031052	464	334	518	293	428	490
FBGN0264975	1671	1370	2290	1453	2032	1971
FBGN0288742	0	0	0	0	0	0
FBGN0024364	157	108	201	112	158	125
FBGN0026878	0	1	0	0	0	0
FBGN0053238	0	0	0	0	0	0
FBGN0052633	0	0	0	0	0	6
FBGN0030832	0	0	0	0	0	0
FBGN0029881	58	32	69	37	51	61
FBGN0011761	0	0	0	0	0	0
FBGN0030057	103	103	150	126	180	178
FBGN0029987	0	0	0	0	0	0
FBGN0025613	0	0	0	0	0	0
FBGN0030367	0	1	0	0	0	0
FBGN0029801	21	15	30	12	34	27
FBGN0264691	55	46	80	61	88	91
FBGN0031088	0	0	0	2	0	0
FBGN0030181	0	0	0	0	0	0
FBGN0030898	0	0	0	0	0	0
FBGN0029975	5	5	3	2	4	8
FBGN0285947	1748	1489	2913	949	1700	1667
FBGN0030769	0	0	0	0	0	0
FBGN0031031	0	0	1	2	2	2
FBGN0030746	0	0	0	0	0	0
FBGN0029932	1	0	4	2	3	3
FBGN0045073	225	210	392	228	315	289
FBGN0259994	0	4	0	0	0	1
FBGN0024993	28	18	30	14	19	17
FBGN0029856	4	2	2	2	0	4
FBGN0265523	511	364	632	382	609	529
FBGN0030774	0	0	0	0	0	0
FBGN0029957	73	75	149	57	94	60
FBGN0000427	0	0	0	0	0	0
FBGN0030983	0	0	0	0	0	0
FBGN0052571	0	0	0	0	0	0
FBGN0025642	0	0	0	0	0	0
FBGN0040877	0	0	0	0	0	0
FBGN0030844	0	0	0	0	0	0
FBGN0030400	166	93	260	133	205	242
FBGN0067052	0	0	0	0	0	0
FBGN0040922	0	0	0	0	0	0
FBGN0030348	0	0	0	0	0	0
FBGN0052673	0	0	0	0	0	0
FBGN0265608	0	0	0	0	0	0
FBGN0030731	243	195	378	225	327	378
FBGN0030331	0	0	0	0	0	0
FBGN0001092	1387	1346	2207	1416	1845	1826
FBGN0262612	0	0	0	0	0	0
FBGN0030787	31	22	37	33	32	35
FBGN0025387	2	0	4	0	1	2
FBGN0010198	467	306	600	195	389	307
FBGN0030240	52	24	53	32	58	59
FBGN0002917	0	0	0	0	0	0
FBGN0052670	0	0	0	0	0	0
FBGN0086693	0	0	0	0	0	0
FBGN0261849	0	0	0	0	0	0
FBGN0030506	29	29	63	28	57	35
FBGN0259110	0	0	0	0	0	0
FBGN0264393	0	0	0	0	0	0
FBGN0030365	107	73	128	98	109	130
FBGN0029799	0	0	0	0	0	0
FBGN0260748	118	64	131	117	152	96
FBGN0004370	359	268	394	278	371	433
FBGN0030711	56	38	98	55	59	72
FBGN0029552	0	0	0	0	0	0
FBGN0030722	0	0	0	0	0	0
FBGN0288740	0	0	0	0	0	0
FBGN0030241	450	389	618	342	464	576
FBGN0030946	63	66	95	60	130	100
FBGN0283451	2076	1346	2743	1643	3041	2486
FBGN0030795	1	0	0	0	0	0
FBGN0030317	0	0	0	0	0	0
FBGN0266354	0	0	0	0	0	0
FBGN0001218	4127	3794	6150	3782	5526	4933
FBGN0261245	0	0	0	0	0	0
FBGN0024995	0	0	0	0	0	0
FBGN0029606	0	0	0	0	0	0
FBGN0030900	13	10	23	14	13	3
FBGN0027795	0	0	0	0	0	0
FBGN0029990	9	169	63	17	16	12
FBGN0029814	118	101	134	93	123	187
FBGN0267043	0	0	0	0	0	0
FBGN0052631	0	0	0	0	0	0
FBGN0263216	5	2	3	0	1	0
FBGN0030502	32	20	43	27	35	37
FBGN0030159	81	112	147	99	100	67
FBGN0267384	15	30	33	25	53	22
FBGN0030817	0	0	0	0	0	0
FBGN0031194	187	111	195	166	226	169
FBGN0283545	0	0	0	0	0	0
FBGN0265362	12	9	22	9	22	10
FBGN0262734	799	732	1394	685	985	952
FBGN0030099	33	32	52	28	60	48
FBGN0030060	132	118	215	142	176	220
FBGN0030990	98	59	105	60	84	84
FBGN0259918	0	0	0	0	0	0
FBGN0040382	155	81	190	134	301	233
FBGN0004057	49	48	66	36	75	72
FBGN0026430	171	116	266	172	245	193
FBGN0030806	115	84	145	94	156	145
FBGN0052786	0	0	0	0	0	0
FBGN0030136	580	491	1116	341	452	483
FBGN0030465	30	23	61	40	54	61
FBGN0030571	24	2	37	27	15	16
FBGN0261617	691	463	837	543	724	680
FBGN0030230	0	0	0	0	0	0
FBGN0030418	46	65	90	43	73	64
FBGN0263772	0	0	0	0	1	0
FBGN0266710	0	0	0	0	0	0
FBGN0052644	0	0	0	0	0	0
FBGN0030040	0	6	0	0	0	4
FBGN0053499	0	0	0	0	0	0
FBGN0029895	33	20	41	27	44	50
FBGN0030608	928	703	1256	761	1085	898
FBGN0025837	0	0	0	1	0	0
FBGN0030305	162	132	217	144	191	217
FBGN0002707	58	69	103	50	57	63
FBGN0000382	93	69	156	102	144	131
FBGN0040929	20	12	24	27	13	23
FBGN0030929	0	0	0	0	0	35
FBGN0264739	0	0	0	0	0	0
FBGN0030280	0	0	0	0	0	0
FBGN0030620	0	0	0	0	0	0
FBGN0053237	0	0	0	0	0	0
FBGN0029858	27	23	45	19	28	39
FBGN0262101	0	0	0	0	0	0
FBGN0030540	0	0	0	0	0	0
FBGN0052647	0	0	0	0	0	0
FBGN0264077	0	1	2	0	1	3
FBGN0031094	114	97	188	88	80	109
FBGN0029664	35	20	30	14	14	16
FBGN0027537	442	334	607	375	531	501
FBGN0029914	20	29	39	42	35	45
FBGN0053240	0	0	0	0	0	0
FBGN0001624	303	224	409	291	409	423
FBGN0030936	0	0	0	0	0	0
FBGN0030786	48	57	76	21	43	40
FBGN0004650	0	0	0	0	0	0
FBGN0250869	8	11	10	10	10	13
FBGN0052547	0	0	0	0	0	0
FBGN0029821	0	0	0	0	0	0
FBGN0085366	0	0	0	0	0	0
FBGN0030699	91	65	117	69	93	94
FBGN0040309	677	557	1027	449	631	660
FBGN0030309	56	58	104	75	98	80
FBGN0052685	209	158	253	195	240	232
FBGN0004647	3190	2732	4137	2827	3911	3882
FBGN0030742	0	1	7	0	0	1
FBGN0030239	48	32	72	21	40	45
FBGN0029911	4	9	10	8	24	12
FBGN0054028	0	0	0	0	0	0
FBGN0026873	37	25	49	24	42	45
FBGN0030351	50	41	60	45	44	44
FBGN0029531	0	0	0	0	4	0
FBGN0288734	0	0	0	0	0	0
FBGN0263005	33	33	55	45	68	57
FBGN0003048	112	84	121	113	156	119
FBGN0025378	0	0	0	0	0	0
FBGN0040372	192	110	228	151	212	164
FBGN0030009	0	0	0	0	0	0
FBGN0000479	8	0	5	1	0	1
FBGN0040334	35	34	51	42	65	46
FBGN0029701	0	0	0	0	0	0
FBGN0030770	0	0	0	0	0	0
FBGN0030011	1	1	8	3	8	2
FBGN0030096	190	169	229	142	186	209
FBGN0029679	0	0	0	0	2	0
FBGN0025612	0	0	0	0	0	0
FBGN0031038	0	0	0	0	0	0
FBGN0040343	0	0	0	0	0	0
FBGN0029669	0	0	0	0	0	0
FBGN0029930	0	0	1	0	0	0
FBGN0028341	149	103	188	139	165	165
FBGN0259098	0	0	0	0	0	0
FBGN0030260	0	0	0	0	0	0
FBGN0030720	349	339	523	278	321	372
FBGN0001083	104	76	154	88	142	129
FBGN0029646	0	0	0	0	0	0
FBGN0026713	145	115	201	134	150	148
FBGN0030161	1	0	0	0	0	0
FBGN0030234	3	3	2	0	5	1
FBGN0029768	0	0	0	0	0	0
FBGN0031068	19	14	20	14	25	19
FBGN0020653	1206	862	1718	851	1329	1321
FBGN0083981	0	0	0	0	0	0
FBGN0029696	0	0	0	0	0	0
FBGN0283471	0	1	22	1	1	0
FBGN0030790	33	27	58	37	52	44
FBGN0029827	0	0	0	0	0	0
FBGN0015036	0	0	0	0	0	0
FBGN0029762	0	1	0	0	0	0
FBGN0262111	9	10	18	12	25	10
FBGN0030283	0	0	0	0	0	0
FBGN0030794	4	7	9	3	7	6
FBGN0003575	219	156	299	162	200	224
FBGN0030261	0	0	0	0	0	0
FBGN0030054	219	162	268	188	231	268
FBGN0083940	113	80	188	83	157	109
FBGN0085358	0	0	0	0	0	0
FBGN0030102	0	0	0	0	0	0
FBGN0263968	242	207	295	177	266	278
FBGN0030918	0	0	0	0	0	0
FBGN0259241	0	0	0	0	0	0
FBGN0029681	0	0	0	0	2	0
FBGN0030880	0	0	0	0	0	0
FBGN0029709	237	260	363	187	335	256
FBGN0029861	86	94	134	74	94	101
FBGN0002641	68	56	72	53	92	91
FBGN0030420	15	16	9	16	17	33
FBGN0030160	112	76	146	108	186	117
FBGN0040373	64	72	85	56	79	84
FBGN0003057	0	0	0	0	0	0
FBGN0024991	48	24	45	23	39	48
FBGN0030455	1	0	0	0	0	0
FBGN0024943	0	0	0	0	0	0
FBGN0030520	703	622	1056	704	916	931
FBGN0023514	147	120	170	120	139	197
FBGN0052687	0	2	2	1	2	0
FBGN0029979	306	251	585	239	439	472
FBGN0030015	0	0	0	0	0	0
FBGN0030941	51	27	60	35	75	39
FBGN0029971	17	25	36	20	20	15
FBGN0030298	0	0	0	0	0	0
FBGN0031002	0	0	0	0	0	0
FBGN0029629	406	309	564	282	408	422
FBGN0052666	150	102	169	131	181	154
FBGN0030104	0	0	0	0	0	0
FBGN0022770	5	6	18	5	6	9
FBGN0027546	56	72	134	57	73	72
FBGN0030441	0	0	0	0	0	0
FBGN0267033	48	38	43	37	51	40
FBGN0030802	102	109	162	93	118	107
FBGN0040394	86	53	107	67	81	102
FBGN0030694	16	17	19	7	12	13
FBGN0030592	1	0	1	5	0	0
FBGN0029877	0	0	0	0	0	1
FBGN0025739	139	114	163	112	182	192
FBGN0000179	251	157	279	192	327	312
FBGN0001250	239	227	358	204	374	338
FBGN0259245	0	0	0	0	0	0
FBGN0010269	40	61	90	54	76	57
FBGN0020369	474	487	775	408	631	620
FBGN0030992	0	0	0	0	0	1
FBGN0015519	0	0	0	0	0	0
FBGN0030440	0	0	0	0	0	0
FBGN0053502	0	0	0	0	0	0
FBGN0086367	30	7	40	25	49	29
FBGN0030105	0	8	32	2	1	0
FBGN0052580	0	0	0	0	0	0
FBGN0014133	440	219	408	313	440	392
FBGN0262656	407	291	489	290	406	401
FBGN0028480	35	22	53	24	48	45
FBGN0030804	0	0	0	0	0	0
FBGN0030643	0	0	0	0	0	0
FBGN0029687	553	410	807	394	533	531
FBGN0030853	141	97	207	114	148	124
FBGN0267253	0	0	0	0	0	0
FBGN0003366	1	0	0	0	0	0
FBGN0030327	29	26	56	28	44	42
FBGN0002590	2788	2251	4361	1713	2482	2232
FBGN0030593	0	0	0	0	0	0
FBGN0015926	105	63	129	99	130	115
FBGN0040336	6	1	4	3	10	1
FBGN0030369	0	0	0	0	0	0
FBGN0030839	28	33	35	19	22	24
FBGN0004649	0	0	0	0	0	0
FBGN0030538	0	0	0	0	0	0
FBGN0004404	170	129	258	93	195	145
FBGN0024987	168	141	207	138	197	176
FBGN0031006	79	82	117	125	148	150
FBGN0040376	0	0	0	0	0	0
FBGN0014868	739	600	1129	627	887	878
FBGN0030789	87	68	158	56	77	80
FBGN0026084	1494	1328	2357	1463	1860	1776
FBGN0030756	0	1	0	0	1	0
FBGN0030073	2	7	4	2	9	7
FBGN0029974	0	0	0	0	0	0
FBGN0030982	0	0	0	0	0	0
FBGN0031090	60	39	50	26	68	44
FBGN0004198	78	71	109	87	116	101
FBGN0000077	18	11	22	22	24	35
FBGN0030271	0	0	0	0	0	0
FBGN0052512	11	10	35	9	6	3
FBGN0031161	59	74	125	64	79	94
FBGN0029818	117	113	171	136	157	183
FBGN0029947	0	0	0	0	0	0
FBGN0004227	556	504	903	483	659	691
FBGN0030851	58	33	54	38	49	66
FBGN0029859	0	0	0	0	0	0
FBGN0029753	0	0	0	0	0	0
FBGN0030874	18	12	21	16	22	20
FBGN0020378	2	1	7	0	9	0
FBGN0029722	0	0	0	0	0	0
FBGN0020513	237	237	373	167	259	264
FBGN0053243	0	0	0	0	0	0
FBGN0030687	126	118	179	128	120	123
FBGN0030432	1	0	1	0	0	2
FBGN0066303	9	2	6	2	1	7
FBGN0024897	0	0	2	0	0	0
FBGN0023516	51	38	83	24	68	72
FBGN0030667	0	0	0	0	0	1
FBGN0027603	201	176	306	205	276	237
FBGN0023550	0	1	0	0	0	0
FBGN0030107	0	0	0	0	0	2
FBGN0026751	64	53	68	52	58	45
FBGN0023520	22	24	52	30	46	35
FBGN0029694	0	0	0	0	0	0
FBGN0026058	0	0	0	0	0	0
FBGN0029945	0	0	0	0	0	0
FBGN0030103	0	0	0	0	0	0
FBGN0029504	46	39	56	65	64	76
FBGN0000394	41	33	48	42	43	50
FBGN0260869	0	0	0	0	0	0
FBGN0263747	0	0	2	0	1	0
FBGN0030217	12	22	35	17	30	13
FBGN0004397	253	178	338	231	319	288
FBGN0025634	83	62	96	63	77	77
FBGN0029870	142	102	232	131	202	196
FBGN0030566	0	0	0	0	0	0
FBGN0003449	297	274	425	230	330	292
FBGN0030837	0	4	6	0	0	0
FBGN0030494	166	129	222	126	187	211
FBGN0030600	0	5	5	3	0	1
FBGN0003139	102	76	103	47	85	64
FBGN0023528	99	77	172	73	143	131
FBGN0029912	37	33	56	49	47	53
FBGN0023513	81	87	87	80	73	134
FBGN0029763	176	130	257	143	190	183
FBGN0030293	241	171	352	206	345	259
FBGN0265139	0	0	0	0	0	0
FBGN0030481	4	1	1	3	4	4
FBGN0030559	1	0	0	0	0	0
FBGN0263829	4	0	0	1	0	0
FBGN0030678	19	35	48	38	33	42
FBGN0029965	0	0	0	0	0	0
FBGN0024365	104	86	151	90	159	144
FBGN0030685	104	96	104	96	92	108
FBGN0023130	4	2	12	12	5	7
FBGN0026085	28	22	72	31	27	41
FBGN0030485	84	66	133	52	94	81
FBGN0015286	48	66	71	45	58	52
FBGN0030980	0	0	0	0	0	0
FBGN0261383	105	62	166	66	127	109
FBGN0029994	0	0	1	0	0	0
FBGN0085354	0	3	7	1	3	2
FBGN0052537	1	0	2	0	2	0
FBGN0030671	6	4	10	0	12	6
FBGN0030486	118	67	120	82	110	98
FBGN0265267	0	0	0	0	0	0
FBGN0030666	12	19	28	17	16	17
FBGN0010240	0	0	0	0	0	0
FBGN0029710	106	104	137	70	76	60
FBGN0030460	24	19	39	16	36	32
FBGN0031005	0	0	0	0	0	0
FBGN0020508	0	0	0	0	0	2
FBGN0031039	2	9	17	11	20	20
FBGN0067861	0	0	0	0	0	0
FBGN0029936	24	38	49	38	36	30
FBGN0030492	0	2	0	0	0	0
FBGN0052645	1	6	3	3	9	11
FBGN0259927	0	0	0	0	0	0
FBGN0029837	0	0	1	0	0	0
FBGN0053252	0	0	0	0	0	0
FBGN0030330	47	44	60	53	67	51
FBGN0011837	177	141	263	169	272	297
FBGN0285970	0	0	0	0	0	0
FBGN0030869	14	17	18	14	24	24
FBGN0040366	10	5	23	18	9	13
FBGN0030272	0	0	0	0	0	0
FBGN0039942	5	2	3	9	1	5
FBGN0283469	196	170	263	165	266	245
FBGN0000826	1	0	5	2	0	0
FBGN0004687	287	310	518	321	386	355
FBGN0030932	0	2	4	3	2	10
FBGN0031008	30	19	23	13	15	16
FBGN0028746	2	10	11	1	15	7
FBGN0040904	0	0	0	0	0	0
FBGN0013987	300	224	387	211	352	281
FBGN0023519	144	101	167	91	111	167
FBGN0030174	1	0	0	0	0	0
FBGN0085360	1	0	2	0	2	0
FBGN0030530	92	59	138	70	146	95
FBGN0031184	0	2	0	0	0	0
FBGN0030341	150	101	176	143	154	122
FBGN0030684	0	0	0	0	0	0
FBGN0015789	43	36	87	52	64	54
FBGN0052642	0	0	0	0	0	0
FBGN0030276	147	125	274	121	203	239
FBGN0052656	0	0	2	0	0	0
FBGN0030122	171	114	214	121	159	184
FBGN0003301	100	64	136	111	132	84
FBGN0029662	79	76	103	55	123	68
FBGN0030947	0	1	0	0	0	0
FBGN0266284	266	226	333	190	262	255
FBGN0040356	0	0	0	0	0	0
FBGN0261616	0	0	0	0	0	0
FBGN0025394	40	25	55	34	69	47
FBGN0266569	0	0	2	0	0	0
FBGN0030669	1	5	6	7	7	2
FBGN0023531	20	17	6	2	12	4
FBGN0030290	0	0	0	1	1	0
FBGN0023527	123	94	198	85	116	132
FBGN0030466	145	123	181	168	181	201
FBGN0030954	3	0	4	7	5	10
FBGN0030087	87	66	118	63	114	101
FBGN0040393	0	0	0	0	0	0
FBGN0264395	0	0	0	0	0	0
FBGN0003321	178	117	232	130	188	184
FBGN0031109	0	0	0	0	0	0
FBGN0283712	80	53	92	92	90	84
FBGN0029819	25	20	36	22	34	23
FBGN0030658	39	58	69	63	92	100
FBGN0029949	0	0	0	0	0	0
FBGN0004655	174	140	241	174	211	216
FBGN0031128	0	0	0	0	0	0
FBGN0024184	0	3	0	0	0	0
FBGN0015818	132	74	149	89	168	117
FBGN0027794	84	109	150	88	138	129
FBGN0040207	115	77	152	61	136	144
FBGN0030178	17	20	43	11	39	18
FBGN0288690	74	28	73	34	51	51
FBGN0001090	2355	1820	2799	1571	2612	2819
FBGN0029715	149	104	235	103	171	119
FBGN0029535	0	0	0	0	0	0
FBGN0029909	0	0	0	0	0	0
FBGN0260780	0	0	0	0	0	0
FBGN0052672	262	259	381	282	373	334
FBGN0053668	0	0	0	0	0	0
FBGN0053542	0	0	2	0	0	2
FBGN0030984	0	0	0	0	0	0
FBGN0261461	55	32	41	38	78	51
FBGN0267967	2	6	5	7	3	5
FBGN0029728	0	0	0	0	0	0
FBGN0267912	12	24	20	13	26	17
FBGN0029906	32	15	38	20	39	34
FBGN0030575	0	0	0	0	0	0
FBGN0030186	0	0	0	0	1	0
FBGN0029879	0	0	2	1	0	0
FBGN0025814	91	84	145	59	118	93
FBGN0029532	0	0	0	0	0	0
FBGN0040907	40	33	50	29	45	45
FBGN0030584	32	29	53	21	27	42
FBGN0030812	166	121	259	152	184	204
FBGN0029798	71	39	70	65	69	37
FBGN0029970	141	142	239	133	184	231
FBGN0031054	30	21	53	24	21	12
FBGN0261610	18	19	24	16	26	13
FBGN0000360	0	0	0	0	0	0
FBGN0010391	192	171	349	181	230	278
FBGN0030005	0	0	0	0	0	0
FBGN0003865	0	0	0	0	0	0
FBGN0030796	4	5	12	4	9	12
FBGN0005391	0	0	0	0	0	0
FBGN0030408	0	0	0	0	1	0
FBGN0019929	0	0	0	0	0	0
FBGN0284222	2	0	1	2	2	3
FBGN0052732	51	21	49	42	64	51
FBGN0022724	39	32	50	39	38	31
FBGN0030120	1	0	0	0	0	0
FBGN0030433	42	22	49	31	42	25
FBGN0062413	16	11	30	20	26	22
FBGN0030066	14	8	14	9	9	14
FBGN0014466	0	0	0	0	0	0
FBGN0030137	25	18	12	10	18	21
FBGN0065035	22	17	40	16	21	14
FBGN0030357	0	0	1	0	1	9
FBGN0288731	0	0	0	0	0	0
FBGN0040388	425	296	634	342	598	587
FBGN0029661	0	0	0	0	0	0
FBGN0015024	728	611	1160	701	924	788
FBGN0030615	0	3	9	0	0	0
FBGN0029838	2	2	2	2	1	5
FBGN0263258	145	108	169	115	185	208
FBGN0000221	9	28	23	14	22	18
FBGN0030008	8	8	21	6	16	16
FBGN0030050	0	0	0	0	0	0
FBGN0052569	0	0	0	0	0	0
FBGN0020261	317	212	388	200	339	334
FBGN0266019	98	91	127	115	178	201
FBGN0030614	0	0	0	0	0	0
FBGN0250874	89	83	122	86	177	103
FBGN0030270	0	1	0	0	0	0
FBGN0029836	0	0	2	0	0	1
FBGN0026702	37	34	63	35	48	25
FBGN0029667	0	0	0	0	0	0
FBGN0025800	123	70	135	99	151	144
FBGN0031117	15	13	40	20	29	23
FBGN0030297	0	0	0	0	0	0
FBGN0029989	0	0	0	0	0	0
FBGN0015379	132	86	210	100	144	140
FBGN0029769	0	0	0	0	0	0
FBGN0027280	121	114	163	144	177	208
FBGN0030053	55	40	81	27	57	53
FBGN0031178	0	0	0	1	0	0
FBGN0031057	427	318	570	269	528	476
FBGN0043903	455	335	627	399	636	584
FBGN0030803	26	13	56	19	36	38
FBGN0262534	0	0	0	0	0	0
FBGN0261791	154	144	323	144	177	178
FBGN0031021	63	55	102	49	49	46
FBGN0029745	0	0	0	0	0	0
FBGN0030974	219	176	380	183	254	232
FBGN0029676	5	13	7	2	5	4
FBGN0053247	0	0	0	0	0	0
FBGN0040398	5	21	9	9	14	5
FBGN0030539	0	1	3	1	5	4
FBGN0030697	0	0	0	0	0	0
FBGN0030588	8	2	3	4	6	6
FBGN0263706	235	126	227	150	279	232
FBGN0003654	32	28	61	22	59	37
FBGN0040068	57	36	94	54	65	94
FBGN0028292	20	13	17	15	14	11
FBGN0010295	0	0	0	0	0	0
FBGN0029999	124	94	152	87	127	140
FBGN0025639	284	177	290	223	294	306
FBGN0003218	7	14	14	10	28	10
FBGN0030542	1	0	9	3	3	1
FBGN0002561	0	0	0	0	0	0
FBGN0029995	0	0	0	0	0	0
FBGN0030703	201	179	265	171	206	178
FBGN0030332	0	0	0	0	0	0
FBGN0003655	0	0	0	0	0	0
FBGN0029573	0	0	0	0	0	0
FBGN0030187	0	0	0	0	0	0
FBGN0040392	1	1	5	2	4	3
FBGN0023523	0	0	0	0	0	0
FBGN0040941	2	0	6	1	3	1
FBGN0030269	32	30	66	35	61	43
FBGN0044030	28	20	46	18	32	30
FBGN0023169	94	49	122	77	137	135
FBGN0030345	13	9	36	9	15	31
FBGN0085521	0	0	0	0	0	0
FBGN0030700	1	1	3	1	8	0
FBGN0265784	16	15	28	12	30	21
FBGN0040850	0	0	0	0	2	0
FBGN0030456	132	103	194	97	189	148
FBGN0040087	193	177	223	169	223	195
FBGN0042132	19	26	20	18	22	29
FBGN0085693	0	0	0	0	0	0
FBGN0259170	154	104	216	145	185	200
FBGN0030912	3	0	2	3	0	1
FBGN0086778	0	0	0	0	0	0
FBGN0259150	0	0	0	0	0	0
FBGN0264389	19	10	36	15	18	24
FBGN0025616	0	0	0	0	0	0
FBGN0030686	78	74	128	58	102	94
FBGN0023458	249	215	345	223	322	339
FBGN0261848	0	0	0	0	0	0
FBGN0040871	0	0	0	0	0	0
FBGN0024238	270	251	416	242	444	346
FBGN0085350	0	0	0	0	0	0
FBGN0030114	89	84	132	112	139	121
FBGN0030319	0	0	0	0	0	0
FBGN0052718	0	0	0	0	0	0
FBGN0027329	1117	907	1678	919	1468	1375
FBGN0029986	0	0	0	0	0	0
FBGN0261592	2001	1657	3466	1296	1945	2009
FBGN0030945	25	21	50	25	42	31
FBGN0260006	5	0	6	4	5	4
FBGN0031064	0	0	0	0	0	0
FBGN0086368	167	140	249	175	222	225
FBGN0263512	0	0	0	0	0	0
FBGN0029996	26	38	82	37	52	29
FBGN0040153	10	10	22	14	30	35
FBGN0052720	0	0	0	0	0	0
FBGN0023506	32	56	53	21	30	39
FBGN0031085	0	0	0	0	0	0
FBGN0030373	0	0	0	0	0	0
FBGN0027334	56	73	137	60	89	99
FBGN0052570	0	0	0	0	0	0
FBGN0030570	0	0	0	0	0	0
FBGN0259149	0	0	0	0	0	0
FBGN0030680	94	98	125	93	119	98
FBGN0030390	0	0	0	0	0	0
FBGN0030800	17	11	19	14	19	14
FBGN0000667	481	195	469	302	399	429
FBGN0040360	0	0	0	0	0	0
FBGN0030074	0	0	0	0	0	0
FBGN0030933	0	0	0	0	0	0
FBGN0000042	13156	10377	17608	10017	17308	15830
FBGN0263132	436	371	474	394	586	498
FBGN0030085	0	0	0	0	1	0
FBGN0260986	37	48	94	39	49	47
FBGN0026666	11	3	12	9	14	5
FBGN0052758	60	42	64	46	67	57
FBGN0086384	24	29	49	16	43	46
FBGN0029711	5	0	1	1	2	3
FBGN0288732	0	0	0	0	0	0
FBGN0030089	284	223	441	237	377	372
FBGN0030301	203	142	227	121	192	214
FBGN0250871	1326	926	1674	997	1656	1558
FBGN0030306	397	423	581	366	540	492
FBGN0004391	195	141	254	164	235	225
FBGN0046687	25	15	31	5	24	37
FBGN0029891	73	40	87	54	74	72
FBGN0030826	0	0	0	0	0	0
FBGN0010315	96	86	129	81	122	126
FBGN0040900	0	0	0	0	0	0
FBGN0004956	7	6	13	8	12	11
FBGN0030630	79	76	130	70	123	100
FBGN0053082	7	6	1	5	2	4
FBGN0029824	11	5	13	4	15	5
FBGN0030263	250	178	358	225	311	286
FBGN0265417	0	0	0	0	0	0
FBGN0024985	65	32	64	49	76	71
FBGN0030603	2	1	10	0	4	2
FBGN0029929	35	69	108	43	44	57
FBGN0263237	53	36	87	36	56	66
FBGN0029754	0	3	2	0	1	1
FBGN0040364	0	0	0	0	0	0
FBGN0259923	0	0	1	0	1	0
FBGN0030707	0	0	0	0	0	0
FBGN0052719	0	0	0	0	0	0
FBGN0083167	52	50	96	38	62	72
FBGN0085351	0	0	0	0	0	0
FBGN0025615	229	218	340	187	275	309
FBGN0023507	2	9	7	9	14	13
FBGN0024984	0	1	2	0	0	0
FBGN0003068	0	0	0	0	0	0
FBGN0020255	1314	1222	1894	1016	1281	1268
FBGN0052506	0	0	0	0	0	1
FBGN0030452	7	1	3	6	5	5
FBGN0052626	71	55	122	94	117	126
FBGN0040905	0	0	0	0	0	0
FBGN0030764	0	0	0	0	0	0
FBGN0030243	151	94	172	94	166	172
FBGN0030854	281	268	365	233	388	300
FBGN0029968	0	0	0	0	0	0
FBGN0030000	117	105	158	77	105	96
FBGN0031026	0	0	0	0	0	0
FBGN0001565	123	92	175	96	139	181
FBGN0086675	0	1	1	0	1	0
FBGN0030688	0	0	0	0	1	5
FBGN0029761	0	0	1	0	0	0
FBGN0031004	0	0	0	0	0	0
FBGN0052528	105	83	133	97	144	138
FBGN0015010	0	0	4	0	0	35
FBGN0030718	209	159	294	165	208	174
FBGN0030362	119	216	464	131	139	93
FBGN0030417	0	0	0	0	0	0
FBGN0052756	6	17	10	6	6	11
FBGN0030511	7	15	16	4	3	5
FBGN0030569	42	26	39	22	33	36
FBGN0288729	0	0	0	0	0	0
FBGN0023540	17	34	38	17	40	19
FBGN0030202	0	0	0	0	0	0
FBGN0266430	0	0	0	0	0	0
FBGN0000028	0	0	0	0	0	0
FBGN0039944	14	7	20	11	18	19
FBGN0030897	0	0	0	0	0	0
FBGN0030061	196	215	264	156	201	231
FBGN0262738	19	11	17	23	14	9
FBGN0031111	0	0	0	0	0	0
FBGN0030503	18	14	40	9	26	29
FBGN0001150	0	0	0	0	0	0
FBGN0030993	14	13	9	6	5	5
FBGN0025620	0	2	4	0	1	1
FBGN0030768	112	69	155	103	144	126
FBGN0030979	0	0	0	0	0	0
FBGN0040890	56	39	73	40	47	50
FBGN0031003	40	36	80	34	77	79
FBGN0085361	0	0	0	0	0	0
FBGN0026090	14	16	16	5	12	12
FBGN0025864	256	223	365	241	326	249
FBGN0000346	62	59	80	25	69	77
FBGN0030846	0	0	0	0	0	0
FBGN0030581	4	0	4	0	2	3
FBGN0040333	0	3	1	0	0	0
FBGN0262811	0	0	0	0	0	0
FBGN0029663	0	0	0	0	0	0
FBGN0262810	0	0	0	0	0	0
FBGN0030339	0	0	0	0	0	0
FBGN0264309	0	0	0	0	0	0
FBGN0010014	0	0	0	0	0	0
FBGN0031143	163	128	213	100	156	174
FBGN0030876	2	17	5	2	5	5
FBGN0000711	73	61	105	65	88	98
FBGN0030959	38	21	41	29	29	51
FBGN0052667	0	0	3	0	0	0
FBGN0040359	5	6	10	1	6	1
FBGN0003464	30	20	37	33	50	29
FBGN0029720	3	2	0	4	7	4
FBGN0029880	0	0	0	0	0	0
FBGN0029639	0	0	0	0	0	0
FBGN0030895	0	0	0	0	0	0
FBGN0004864	124	68	160	112	121	147
FBGN0011661	2054	1895	2876	1676	2359	2632
FBGN0017561	0	0	0	0	0	0
FBGN0016041	164	101	232	118	166	163
FBGN0027279	102	61	105	108	102	106
FBGN0024250	238	195	328	218	309	285
FBGN0000259	203	199	453	180	248	263
FBGN0261260	1542	1217	1807	1439	2020	2040
FBGN0031110	0	0	0	0	0	0
FBGN0052751	0	0	0	0	0	0
FBGN0030258	0	0	0	0	0	0
FBGN0023534	1	0	0	0	1	0
FBGN0030277	0	0	0	0	0	0
FBGN0040344	65	50	73	70	64	53
FBGN0016975	0	0	0	0	0	0
FBGN0024992	51	62	82	43	70	65
FBGN0030873	21	19	31	23	27	35
FBGN0085443	132	88	173	89	159	153
FBGN0029992	169	132	192	169	186	170
FBGN0030148	0	0	0	0	0	0
FBGN0029717	0	0	0	0	0	0
FBGN0026181	255	230	453	242	353	384
FBGN0030026	10	15	18	14	17	10
FBGN0031145	131	100	168	72	125	107
FBGN0029700	0	0	0	0	0	0
FBGN0031000	0	0	0	0	0	0
FBGN0030944	115	117	182	128	189	148
FBGN0030797	2	1	3	1	8	4
FBGN0030101	18	9	36	9	29	20
FBGN0262575	0	0	0	0	0	0
FBGN0029067	46	16	63	44	69	35
FBGN0026415	522	500	922	598	679	557
FBGN0029854	33	54	102	23	37	43
FBGN0031092	266	228	372	276	375	359
FBGN0029589	0	0	0	0	0	0
FBGN0029942	4	7	15	4	16	3
FBGN0030870	350	281	568	267	556	453
FBGN0031100	0	0	0	0	0	0
FBGN0040338	0	0	0	0	0	0
FBGN0030035	153	110	180	125	157	184
FBGN0011276	0	0	0	0	0	0
FBGN0029746	4	0	1	0	2	4
FBGN0259198	0	0	0	0	0	0
FBGN0003302	22	24	36	29	34	24
FBGN0030386	0	0	0	0	0	0
FBGN0029672	122	121	228	125	161	200
FBGN0030960	10	8	6	10	16	22
FBGN0264598	2	0	3	1	0	0
FBGN0040358	0	0	0	0	0	0
FBGN0030717	34	42	62	34	59	41
FBGN0052581	4	14	17	6	1	9
FBGN0023542	199	141	287	132	172	239
FBGN0030014	0	0	0	0	0	0
FBGN0030310	7	1	11	1	9	8
FBGN0004854	7	11	17	10	18	12
FBGN0000319	2576	2129	3564	2152	2865	2837
FBGN0265629	0	0	0	0	0	0
FBGN0002723	37	17	27	26	35	34
FBGN0030223	0	0	0	0	0	0
FBGN0265595	0	0	0	0	0	0
FBGN0030655	63	44	83	47	91	73
FBGN0026015	119	123	226	100	146	153
FBGN0040354	0	0	0	0	0	0
FBGN0030915	41	30	95	29	39	30
FBGN0040391	0	0	0	0	0	0
FBGN0030551	0	0	0	0	0	0
FBGN0023510	99	63	107	96	144	116
FBGN0029849	14	12	10	24	28	11
FBGN0031196	0	0	0	0	0	2
FBGN0000482	86	91	135	69	118	129
FBGN0040352	0	0	0	0	0	0
FBGN0085377	9	12	13	13	22	14
FBGN0026323	50	37	113	63	101	71
FBGN0000635	886	745	1305	831	1187	1119
FBGN0029958	25	26	62	32	39	52
FBGN0029848	0	0	0	0	0	0
FBGN0030462	0	0	0	0	0	0
FBGN0052677	0	4	1	1	1	0
FBGN0030541	0	0	0	0	0	0
FBGN0026076	54	38	76	57	71	45
FBGN0262827	0	0	0	0	0	0
FBGN0030086	1077	928	1598	774	1310	1189
FBGN0029800	18	19	33	19	25	36
FBGN0027343	64	45	67	75	91	94
FBGN0030799	56	53	69	50	72	41
FBGN0030723	0	0	0	0	0	0
FBGN0005670	2	4	2	5	0	0
FBGN0031040	35	35	103	44	45	41
FBGN0029502	28	17	46	13	21	21
FBGN0030594	2	9	0	3	1	0
FBGN0052819	0	0	0	0	0	0
FBGN0029822	29	32	48	32	65	38
FBGN0029867	161	151	175	124	174	160
FBGN0031080	0	0	0	0	0	0
FBGN0030586	1	3	1	1	1	2
FBGN0031149	543	497	828	546	790	720
FBGN0031050	57	39	80	42	86	45
FBGN0028969	283	230	425	199	359	348
FBGN0030582	67	35	110	65	101	83
FBGN0053241	0	0	0	0	0	0
FBGN0031089	2	0	2	0	3	3
FBGN0030914	0	0	0	0	0	0
FBGN0002873	562	441	615	375	457	475
FBGN0259195	0	0	1	0	0	0
FBGN0086450	2	0	4	0	0	0
FBGN0030995	6	17	17	15	12	10
FBGN0030189	1	1	4	0	2	3
FBGN0029766	96	76	124	39	28	30
FBGN0015774	115	86	162	117	115	116
FBGN0261609	645	637	1022	521	625	657
FBGN0031197	0	0	0	0	0	0
FBGN0030501	18	18	13	12	20	12
FBGN0029948	0	0	0	0	0	0
FBGN0026206	30	13	40	39	42	46
FBGN0030660	18	21	39	32	32	20
FBGN0029603	0	0	0	0	0	0
FBGN0030679	6	4	12	1	9	6
FBGN0052532	0	0	0	0	0	0
FBGN0002914	236	194	357	223	317	265
FBGN0030882	0	0	0	0	0	0
FBGN0259223	0	0	0	0	0	0
FBGN0031171	0	0	0	0	0	0
FBGN0031139	0	0	0	0	0	0
FBGN0259188	0	0	0	0	0	0
FBGN0027335	174	142	264	139	186	183
FBGN0030033	0	0	0	0	0	0
FBGN0030976	0	0	2	0	0	0
FBGN0003517	1053	1274	1758	878	1796	1692
FBGN0029907	0	0	0	0	0	0
FBGN0031044	8	8	9	2	7	5
FBGN0030815	0	0	0	0	0	0
FBGN0000376	34	15	53	28	56	43
FBGN0052572	0	0	0	0	0	0
FBGN0288746	0	0	0	0	0	0
FBGN0029778	22	17	29	16	34	27
FBGN0026143	37	28	61	27	51	52
FBGN0003189	862	671	1141	607	963	983
FBGN0261931	23	16	40	26	28	29
FBGN0030715	0	0	0	0	0	0
FBGN0011760	313	275	391	257	228	246
FBGN0004169	5	2	29	2	1	6
FBGN0024994	46	46	104	46	100	76
FBGN0052801	1	0	0	0	1	0
FBGN0000535	0	0	0	0	0	0
FBGN0030617	40	24	26	29	43	35
FBGN0030478	275	236	322	213	272	357
FBGN0030778	4	1	5	3	1	3
FBGN0030989	0	0	0	0	0	0
FBGN0030673	27	7	19	14	29	18
FBGN0032171	24	16	41	22	19	25
FBGN0031304	57	38	51	33	38	41
FBGN0267828	57	38	79	41	76	54
FBGN0026150	392	287	514	305	404	432
FBGN0053895	0	0	0	0	0	0
FBGN0015756	1866	1549	2854	1127	1580	1481
FBGN0031813	32	18	35	29	41	34
FBGN0032582	6	1	7	0	0	0
FBGN0283651	0	3	0	0	0	0
FBGN0032725	132	155	210	128	116	125
FBGN0083961	66	44	76	46	56	65
FBGN0027597	77	50	92	69	95	81
FBGN0032709	0	0	0	0	0	0
FBGN0032615	0	0	0	0	0	1
FBGN0261523	0	0	0	0	0	0
FBGN0031857	0	0	0	0	0	0
FBGN0032781	109	93	151	55	138	107
FBGN0053511	0	0	0	0	0	0
FBGN0032587	2	2	3	0	1	2
FBGN0031786	0	0	0	0	0	0
FBGN0024230	9	4	11	16	8	13
FBGN0031373	0	0	0	0	0	0
FBGN0028899	0	0	0	1	0	0
FBGN0026479	244	195	345	192	320	315
FBGN0032822	31	18	60	22	23	42
FBGN0000640	45	284	965	258	186	57
FBGN0051642	0	0	0	0	0	0
FBGN0025777	117	82	156	97	107	120
FBGN0031609	53	22	56	27	45	84
FBGN0032670	0	0	0	0	0	0
FBGN0032940	102	69	150	90	125	131
FBGN0015381	0	0	0	0	0	0
FBGN0041627	89	67	85	46	30	41
FBGN0032285	0	2	0	0	0	2
FBGN0051648	8	13	8	5	7	17
FBGN0032402	1	0	2	5	2	0
FBGN0032110	0	0	0	0	0	0
FBGN0086681	0	0	0	0	0	0
FBGN0031634	0	0	0	0	0	0
FBGN0032782	0	0	5	4	8	1
FBGN0032018	43	26	74	55	62	62
FBGN0053642	0	0	0	0	0	0
FBGN0032683	172	115	238	149	201	196
FBGN0028532	0	0	0	0	0	0
FBGN0032474	7	3	20	12	12	10
FBGN0031461	2	14	15	7	7	7
FBGN0031764	120	100	178	101	112	107
FBGN0001089	16	38	29	2	13	5
FBGN0032284	6	6	22	5	5	12
FBGN0265785	0	0	0	0	0	0
FBGN0283440	0	0	0	0	0	0
FBGN0032671	7	9	12	12	17	12
FBGN0005672	88	42	115	70	165	74
FBGN0053303	634	474	1005	553	843	784
FBGN0051632	0	0	0	2	0	0
FBGN0259715	1	1	0	0	0	0
FBGN0031224	30	47	70	40	59	46
FBGN0032955	14	15	7	12	9	19
FBGN0028479	1068	883	1532	882	1328	1345
FBGN0032503	0	0	0	0	0	0
FBGN0032453	575	488	831	522	659	670
FBGN0053830	0	0	0	0	0	0
FBGN0051729	167	149	214	159	190	149
FBGN0028704	0	0	0	0	0	0
FBGN0020371	0	0	0	0	0	0
FBGN0024314	446	423	706	324	500	452
FBGN0045500	0	0	0	0	0	0
FBGN0017457	182	170	270	147	179	196
FBGN0005593	2721	2203	4070	1569	2418	2488
FBGN0032246	186	201	317	185	271	221
FBGN0032867	0	0	0	0	0	0
FBGN0083942	0	0	0	0	0	0
FBGN0032620	57	85	110	95	91	108
FBGN0031360	27	13	51	9	39	31
FBGN0031379	43	53	85	72	95	59
FBGN0000153	7	1	5	2	3	6
FBGN0260953	0	0	0	0	0	0
FBGN0032701	177	168	231	132	169	187
FBGN0026255	0	0	0	0	0	0
FBGN0264855	407	313	519	361	441	403
FBGN0032525	0	0	0	0	0	0
FBGN0032166	66	56	104	58	94	89
FBGN0032420	138	105	230	121	128	137
FBGN0031217	174	111	228	151	192	182
FBGN0085395	0	0	0	0	0	0
FBGN0032378	68	49	97	41	69	66
FBGN0032080	0	0	0	0	0	0
FBGN0051915	9	4	8	10	27	15
FBGN0032069	0	0	0	0	0	0
FBGN0051601	0	1	3	0	0	0
FBGN0263086	0	0	0	0	0	0
FBGN0031347	0	0	0	0	0	0
FBGN0031831	0	0	3	0	0	0
FBGN0032491	0	0	0	0	0	0
FBGN0259998	0	0	0	0	0	0
FBGN0031331	0	0	0	0	0	0
FBGN0265087	0	0	0	0	0	0
FBGN0051646	0	0	0	0	0	0
FBGN0051675	0	0	0	0	0	0
FBGN0003372	1	19	1	0	0	1
FBGN0086711	24	11	12	15	12	13
FBGN0000579	806	719	1306	709	1067	1132
FBGN0032294	0	0	0	0	0	0
FBGN0032230	86	72	131	116	125	102
FBGN0267821	219	188	318	172	327	279
FBGN0285948	1995	1725	2978	1289	2074	1758
FBGN0259201	0	0	1	0	0	0
FBGN0053552	0	0	0	1	0	0
FBGN0262647	441	423	694	404	499	518
FBGN0261568	0	0	0	0	0	0
FBGN0032231	38	37	52	35	51	40
FBGN0051658	0	8	8	5	3	2
FBGN0025109	3	6	6	2	14	1
FBGN0053723	0	0	0	0	0	0
FBGN0031837	0	0	0	0	0	0
FBGN0027363	162	135	209	179	230	218
FBGN0031384	18	7	10	14	12	18
FBGN0031775	0	0	0	0	0	0
FBGN0032818	23	38	46	11	24	12
FBGN0264672	19	9	31	30	22	19
FBGN0051739	303	286	368	224	275	274
FBGN0259951	0	0	0	0	0	0
FBGN0024320	215	250	296	277	342	348
FBGN0015320	74	67	113	82	103	88
FBGN0031573	16	13	24	15	26	18
FBGN0032881	23	18	44	28	34	24
FBGN0040719	0	0	0	0	0	0
FBGN0031628	2	2	3	2	3	6
FBGN0261630	0	0	0	0	0	0
FBGN0260228	3	3	2	0	0	0
FBGN0003046	0	3	1	0	0	4
FBGN0028387	81	74	72	52	69	72
FBGN0028941	0	0	0	0	0	0
FBGN0032283	3	0	20	9	6	14
FBGN0040261	0	0	0	0	0	0
FBGN0016076	120	97	147	112	153	174
FBGN0032973	0	0	0	0	0	0
FBGN0032530	0	0	0	0	0	0
FBGN0024183	381	366	691	431	514	630
FBGN0045486	0	0	0	0	0	0
FBGN0261976	26	30	46	35	21	18
FBGN0011603	1	0	2	0	0	0
FBGN0032646	67	84	99	56	89	115
FBGN0085369	0	0	0	0	0	0
FBGN0083962	72	66	106	46	94	78
FBGN0027844	15	9	30	10	25	11
FBGN0051613	0	0	0	0	0	0
FBGN0032175	0	0	0	0	0	0
FBGN0015924	27	21	37	35	28	16
FBGN0032193	37	40	43	45	30	45
FBGN0032512	54	36	75	41	61	64
FBGN0032654	0	0	0	0	0	0
FBGN0053673	0	0	0	0	0	0
FBGN0264989	0	0	0	0	0	0
FBGN0262002	0	0	0	0	0	0
FBGN0032299	0	0	0	0	0	1
FBGN0025700	416	362	679	378	586	568
FBGN0053644	0	0	0	0	0	0
FBGN0284251	216	273	393	211	259	256
FBGN0085199	0	0	0	0	0	0
FBGN0032329	80	75	106	68	75	102
FBGN0262880	0	0	0	0	0	0
FBGN0053194	2	0	0	0	0	0
FBGN0051860	0	0	0	0	0	0
FBGN0032169	27	16	22	16	19	19
FBGN0032337	0	0	0	0	0	0
FBGN0051687	0	0	0	0	0	0
FBGN0031903	0	0	3	0	0	0
FBGN0031638	57	54	102	50	93	73
FBGN0243486	108	69	147	105	157	153
FBGN0085195	46	352	635	148	62	31
FBGN0264301	0	0	0	0	0	0
FBGN0031547	2	2	3	2	0	0
FBGN0028926	64	33	76	58	57	60
FBGN0051851	0	0	0	0	0	0
FBGN0032788	0	0	0	0	0	0
FBGN0259953	0	0	0	0	0	0
FBGN0031466	0	0	0	0	1	0
FBGN0000053	277	337	430	288	340	360
FBGN0032699	17	34	15	10	30	10
FBGN0032296	64	77	118	70	76	86
FBGN0267726	0	0	0	0	0	0
FBGN0031836	28	30	36	14	43	43
FBGN0032749	0	0	0	0	0	0
FBGN0032372	0	0	0	0	0	0
FBGN0015316	0	0	0	0	0	0
FBGN0032780	0	6	0	0	1	0
FBGN0032700	12	9	10	7	21	9
FBGN0051718	2	0	0	0	0	0
FBGN0051848	0	0	0	0	0	0
FBGN0263933	248	191	329	202	261	262
FBGN0031947	215	130	211	144	162	166
FBGN0032303	0	0	0	0	0	0
FBGN0085191	0	0	0	0	0	0
FBGN0054043	0	0	0	0	0	0
FBGN0032111	0	0	0	0	0	0
FBGN0053840	0	0	0	0	0	0
FBGN0032987	1481	1440	2539	931	1299	1101
FBGN0032176	0	0	0	0	0	0
FBGN0261068	103	101	160	68	85	102
FBGN0265968	13	28	44	18	24	21
FBGN0028986	0	0	0	0	0	0
FBGN0031753	0	0	0	0	0	0
FBGN0003961	0	0	0	0	0	0
FBGN0053832	0	0	0	0	0	0
FBGN0031497	866	785	1248	610	951	859
FBGN0031558	5	11	25	6	0	1
FBGN0023091	0	0	0	0	0	0
FBGN0032858	29	13	39	28	38	31
FBGN0051797	0	0	0	0	0	0
FBGN0042126	0	0	0	0	0	0
FBGN0016978	136	131	174	127	119	137
FBGN0031289	0	0	0	0	0	0
FBGN0085343	3	13	4	8	7	8
FBGN0011272	1450	1340	2599	973	1366	1230
FBGN0262621	0	0	0	0	0	0
FBGN0031608	10	12	34	12	16	26
FBGN0051611	0	0	0	0	0	0
FBGN0043854	0	0	0	0	0	0
FBGN0032821	128	95	144	117	148	148
FBGN0053817	0	0	0	0	0	0
FBGN0053866	0	0	0	0	0	0
FBGN0051949	0	0	0	0	0	0
FBGN0031785	0	0	0	0	0	0
FBGN0263051	5	16	17	20	19	16
FBGN0032612	0	0	0	0	1	0
FBGN0031470	0	1	1	0	0	0
FBGN0085204	0	0	0	0	0	0
FBGN0086657	123	87	156	104	124	100
FBGN0032374	0	0	0	0	0	0
FBGN0051798	0	0	0	0	0	0
FBGN0031260	416	318	555	270	519	442
FBGN0040509	0	0	0	0	0	0
FBGN0032217	454	408	661	439	501	488
FBGN0051682	0	0	0	0	0	0
FBGN0031784	0	0	0	0	0	0
FBGN0051720	1	0	0	0	0	0
FBGN0031317	33	26	66	19	43	24
FBGN0025115	0	0	0	0	0	0
FBGN0031284	3	12	7	3	8	7
FBGN0243513	3	3	7	4	3	3
FBGN0032338	0	0	0	0	0	0
FBGN0031398	30	24	39	20	46	15
FBGN0031562	0	0	0	0	0	0
FBGN0031752	32	46	82	48	74	63
FBGN0053908	0	0	0	0	0	0
FBGN0031910	0	2	1	0	0	122
FBGN0032225	0	0	0	0	0	0
FBGN0026148	40	36	65	25	42	57
FBGN0032315	0	0	0	0	0	0
FBGN0032470	0	0	0	0	0	0
FBGN0031885	115	98	169	97	131	136
FBGN0263916	417	344	623	357	567	558
FBGN0051973	49	14	56	13	40	21
FBGN0259749	29	40	39	34	65	42
FBGN0265257	0	0	0	0	0	0
FBGN0031282	11	7	14	7	10	10
FBGN0069354	0	0	0	2	0	1
FBGN0028871	5	1	1	0	0	3
FBGN0032084	2	2	1	0	3	0
FBGN0087041	8	17	20	3	14	13
FBGN0263078	0	0	0	0	0	0
FBGN0016698	58	66	76	69	89	77
FBGN0032234	13	13	14	19	20	10
FBGN0032666	235	230	353	283	366	311
FBGN0004858	96	58	141	111	124	117
FBGN0261804	0	0	0	0	0	0
FBGN0002939	0	0	0	0	0	0
FBGN0031374	131	94	165	116	171	175
FBGN0031332	0	0	0	0	0	0
FBGN0264750	0	0	0	0	0	0
FBGN0031697	0	0	0	0	0	0
FBGN0041182	108	116	203	159	137	103
FBGN0032787	15	13	27	15	10	18
FBGN0031865	0	0	6	0	0	1
FBGN0031515	0	0	8	1	0	0
FBGN0031457	13	7	23	9	35	23
FBGN0004363	1342	1062	2212	1021	1543	1488
FBGN0261054	0	0	0	0	0	0
FBGN0010323	0	0	0	0	0	0
FBGN0032042	0	2	5	2	0	2
FBGN0032067	0	0	0	0	0	0
FBGN0262352	0	0	0	0	0	0
FBGN0032833	490	490	691	386	488	484
FBGN0032586	569	528	836	418	658	628
FBGN0259717	29	26	34	24	30	29
FBGN0028546	105	81	118	76	120	122
FBGN0002936	0	0	0	0	0	0
FBGN0053865	0	0	0	0	0	0
FBGN0004406	18	17	20	6	9	36
FBGN0028410	0	0	0	0	0	0
FBGN0261983	80	55	103	61	94	83
FBGN0051816	0	0	0	0	0	0
FBGN0031281	78	52	77	36	71	68
FBGN0016660	0	3	0	0	0	0
FBGN0019932	73	36	71	42	39	48
FBGN0031513	0	0	0	0	0	0
FBGN0032626	0	0	0	0	0	0
FBGN0032923	139	113	183	125	167	153
FBGN0032259	24	18	41	25	37	30
FBGN0031580	0	0	0	0	0	0
FBGN0085476	0	0	0	0	0	0
FBGN0051950	49	38	71	49	38	52
FBGN0031874	2	3	7	5	9	14
FBGN0051802	0	0	0	0	0	0
FBGN0051659	0	0	0	0	0	0
FBGN0041181	88	55	116	69	102	112
FBGN0286875	0	0	0	0	0	0
FBGN0001990	48	25	59	45	28	34
FBGN0031673	95	67	125	89	116	108
FBGN0004915	190	187	338	155	185	230
FBGN0263198	458	344	564	345	483	472
FBGN0032597	49	45	92	42	64	65
FBGN0028864	0	0	0	0	0	0
FBGN0031663	57	51	83	40	46	43
FBGN0031436	73	71	185	77	136	114
FBGN0032485	30	37	49	32	42	44
FBGN0053526	137	104	199	102	97	101
FBGN0032734	0	0	0	0	0	0
FBGN0250906	389	395	620	293	470	437
FBGN0027505	62	58	107	50	83	58
FBGN0005771	208	156	303	190	287	254
FBGN0032140	3	2	15	3	7	5
FBGN0053822	0	0	0	0	0	0
FBGN0265669	0	0	0	0	0	0
FBGN0031564	0	0	0	0	0	0
FBGN0028850	0	0	0	0	0	0
FBGN0032752	0	0	0	1	0	2
FBGN0005683	24	16	19	14	19	15
FBGN0028526	0	0	0	0	0	0
FBGN0262001	0	0	0	0	0	0
FBGN0283525	24	23	41	30	28	32
FBGN0025595	0	0	0	0	0	0
FBGN0261058	0	0	0	0	0	0
FBGN0032859	146	181	246	137	229	177
FBGN0085342	8	10	6	7	3	6
FBGN0259111	0	2	0	0	2	2
FBGN0028970	16	6	34	10	28	15
FBGN0028902	0	0	0	0	0	0
FBGN0025697	1	4	0	0	0	1
FBGN0053881	0	0	0	0	0	0
FBGN0032404	185	136	242	94	136	172
FBGN0002044	281	230	329	258	340	310
FBGN0043539	0	0	0	0	0	0
FBGN0032385	0	0	0	0	0	0
FBGN0031971	7	13	20	33	30	29
FBGN0015621	58	63	72	55	88	80
FBGN0259176	192	187	260	178	313	267
FBGN0263081	0	0	0	0	0	0
FBGN0023388	103	94	104	84	113	115
FBGN0028525	0	0	0	0	0	0
FBGN0032221	1	1	1	0	5	7
FBGN0031453	685	896	1171	677	825	623
FBGN0086347	213	185	240	222	227	214
FBGN0031992	89	100	164	63	94	54
FBGN0263322	0	0	0	0	0	0
FBGN0002023	0	0	0	1	0	1
FBGN0085202	0	0	0	0	0	0
FBGN0031957	11	4	16	16	40	28
FBGN0031814	47	28	53	46	70	58
FBGN0032149	33	47	56	19	44	39
FBGN0263773	40	54	86	23	60	27
FBGN0032032	15	21	19	6	17	12
FBGN0001961	93	109	157	65	159	166
FBGN0259989	0	0	0	0	0	0
FBGN0031492	219	185	311	168	233	236
FBGN0032129	0	1	0	0	1	0
FBGN0267689	1	0	0	0	0	0
FBGN0053129	651	525	976	548	788	782
FBGN0031403	59	61	98	63	65	64
FBGN0028481	0	0	0	0	0	0
FBGN0262878	0	0	0	0	0	0
FBGN0028838	0	0	0	0	0	0
FBGN0031756	0	0	0	0	0	0
FBGN0065108	0	0	0	0	0	0
FBGN0025608	50	55	116	58	67	86
FBGN0085470	14	8	14	3	9	12
FBGN0032774	64	82	149	101	143	133
FBGN0028863	0	0	0	0	0	0
FBGN0032964	0	0	0	0	0	0
FBGN0250844	0	0	0	0	0	0
FBGN0031321	19	16	35	17	29	23
FBGN0025678	866	857	1342	863	1441	1355
FBGN0032894	0	0	0	0	0	0
FBGN0010583	41	35	65	42	69	61
FBGN0284244	101	90	167	112	113	103
FBGN0028938	0	0	1	0	0	0
FBGN0031235	0	0	0	0	0	0
FBGN0031719	1	0	0	0	0	0
FBGN0032618	5	11	7	13	3	7
FBGN0262876	0	0	0	0	0	0
FBGN0032946	0	1	0	1	4	0
FBGN0260407	43	41	126	44	43	50
FBGN0053837	0	0	0	0	0	0
FBGN0031351	21	20	29	13	21	25
FBGN0062978	0	1	1	0	0	0
FBGN0032638	0	9	1	2	1	1
FBGN0032523	0	0	0	0	0	0
FBGN0260861	35	32	57	22	28	36
FBGN0032845	3	2	12	5	8	4
FBGN0032988	101	95	191	103	101	73
FBGN0032751	24	15	38	26	22	40
FBGN0054011	0	0	0	0	0	0
FBGN0053635	33	26	38	16	34	37
FBGN0051635	42	41	84	53	75	79
FBGN0032335	7	12	12	5	13	3
FBGN0027348	7	0	2	6	2	2
FBGN0031315	29	35	48	25	39	29
FBGN0032705	82	57	113	82	101	104
FBGN0262598	0	0	0	0	0	0
FBGN0083970	0	0	0	0	0	0
FBGN0032408	124	160	208	133	150	202
FBGN0031653	0	0	0	0	0	0
FBGN0032123	78	44	106	107	123	92
FBGN0264894	8	4	16	5	10	18
FBGN0261683	0	0	0	0	0	0
FBGN0032717	166	97	172	144	212	158
FBGN0032444	1521	1205	2227	1085	1579	1627
FBGN0051712	25	29	30	31	32	30
FBGN0086707	283	210	297	235	239	244
FBGN0028879	0	0	0	0	3	0
FBGN0264810	0	0	1	0	0	1
FBGN0031715	2	0	0	0	0	0
FBGN0032721	570	464	851	494	599	637
FBGN0000056	0	0	0	0	0	0
FBGN0031724	0	0	0	0	0	0
FBGN0032966	0	0	0	0	0	0
FBGN0032013	0	0	0	0	0	0
FBGN0032910	18	13	20	15	17	19
FBGN0259713	0	0	0	0	0	0
FBGN0028947	0	0	0	0	0	0
FBGN0032198	915	881	1459	776	889	818
FBGN0032382	4	3	7	11	11	20
FBGN0051832	0	0	0	0	0	0
FBGN0085190	0	0	0	0	0	0
FBGN0031264	71	46	111	39	88	70
FBGN0032549	0	0	0	0	0	0
FBGN0085370	85	55	115	70	95	74
FBGN0031925	0	0	0	0	0	0
FBGN0032167	22	19	30	28	47	31
FBGN0003979	0	0	0	0	0	0
FBGN0032445	38	38	61	33	56	35
FBGN0032095	0	0	0	0	0	0
FBGN0040519	0	0	0	0	0	0
FBGN0053883	0	0	0	0	0	0
FBGN0051988	0	0	0	0	0	0
FBGN0031830	214	170	387	177	209	192
FBGN0053824	0	0	0	0	0	0
FBGN0250835	0	0	0	0	0	0
FBGN0032482	32	22	46	22	38	28
FBGN0264979	1	7	1	0	0	7
FBGN0000229	124	114	213	125	173	137
FBGN0031700	0	0	0	0	0	0
FBGN0031707	0	0	0	0	0	0
FBGN0001941	94	52	107	59	113	100
FBGN0051710	32	31	31	12	23	18
FBGN0051961	25	32	54	29	71	21
FBGN0031324	0	0	0	0	0	0
FBGN0051624	0	0	0	0	0	0
FBGN0032514	225	169	273	249	382	240
FBGN0031563	0	0	2	0	0	0
FBGN0261800	1086	1051	1415	1178	1721	1609
FBGN0051898	2	3	0	0	1	4
FBGN0051849	0	0	4	6	1	1
FBGN0053810	0	0	0	0	0	0
FBGN0032609	0	0	0	0	0	0
FBGN0031849	0	0	0	0	0	0
FBGN0053002	55	45	117	54	72	94
FBGN0284255	172	147	240	125	206	161
FBGN0032363	279	249	399	272	334	311
FBGN0028862	0	0	0	0	0	0
FBGN0032957	29	38	50	48	68	53
FBGN0016920	0	0	0	0	0	0
FBGN0000964	0	0	0	0	0	0
FBGN0031406	0	0	0	0	0	0
FBGN0031345	0	0	0	0	0	0
FBGN0032077	11	8	18	5	5	3
FBGN0005590	0	0	0	0	0	0
FBGN0086251	38	26	63	16	17	14
FBGN0031718	0	0	0	0	0	0
FBGN0000307	154	144	190	133	190	172
FBGN0287599	0	0	0	0	0	0
FBGN0032339	31	33	38	19	30	37
FBGN0025742	102	82	211	82	154	138
FBGN0032680	1	0	0	0	1	0
FBGN0261563	200	183	243	139	233	223
FBGN0046113	0	0	0	0	0	0
FBGN0267488	1862	1546	2504	1622	2130	2244
FBGN0031474	61	37	88	115	112	108
FBGN0051735	0	0	0	0	0	0
FBGN0001142	18	60	56	22	37	20
FBGN0032629	25	24	17	18	17	25
FBGN0261020	55	32	74	40	57	46
FBGN0032424	0	0	0	0	0	0
FBGN0032292	109	59	101	54	87	85
FBGN0261057	0	0	0	0	0	0
FBGN0261822	115	87	157	117	194	125
FBGN0032078	31	17	36	21	42	25
FBGN0031239	0	0	0	0	0	0
FBGN0259922	0	0	0	0	0	0
FBGN0031848	17	23	34	14	37	21
FBGN0014189	1206	1052	1732	888	1414	1359
FBGN0010398	30	23	50	27	43	44
FBGN0027560	4	1	12	5	2	0
FBGN0031868	395	389	561	306	465	483
FBGN0041337	0	0	0	0	0	0
FBGN0031941	0	0	0	0	0	0
FBGN0039958	59	91	123	85	77	69
FBGN0040079	40	18	37	43	45	38
FBGN0031320	123	108	198	57	62	63
FBGN0032519	0	0	1	1	0	4
FBGN0032089	0	0	0	1	1	0
FBGN0260452	0	0	0	0	0	0
FBGN0010300	992	806	1407	949	1297	1335
FBGN0027868	233	164	309	209	235	284
FBGN0003557	189	149	259	164	204	196
FBGN0020376	0	0	0	0	0	0
FBGN0051806	0	0	0	0	0	0
FBGN0002022	318	268	510	290	491	437
FBGN0262601	283	213	395	214	337	314
FBGN0051779	0	0	0	0	0	0
FBGN0032436	0	0	0	0	0	0
FBGN0031367	0	0	0	0	0	0
FBGN0259984	286	211	350	286	319	317
FBGN0262782	247	202	409	142	300	243
FBGN0032689	117	116	188	126	212	175
FBGN0001995	75	72	102	76	69	43
FBGN0051693	0	0	0	0	0	0
FBGN0032488	53	64	110	70	75	73
FBGN0020762	19	10	19	14	16	15
FBGN0032856	12	2	10	5	8	9
FBGN0032750	16	22	31	22	25	15
FBGN0031774	8	0	6	3	12	3
FBGN0032224	8	10	19	15	6	7
FBGN0051871	0	0	0	0	1	0
FBGN0027515	52	26	80	49	89	54
FBGN0031869	0	0	0	0	0	0
FBGN0264988	0	0	0	0	0	0
FBGN0031435	17	1	20	14	4	6
FBGN0261671	229	158	292	229	274	275
FBGN0004838	1697	1558	2802	1434	2359	2409
FBGN0028948	0	0	0	0	0	0
FBGN0032015	295	254	444	303	455	357
FBGN0263842	0	0	0	0	0	0
FBGN0031654	4	5	0	0	0	0
FBGN0032478	0	0	0	0	0	0
FBGN0261566	0	0	0	0	0	0
FBGN0031940	0	2	1	0	0	2
FBGN0040993	0	0	0	0	0	1
FBGN0031423	0	0	0	0	0	0
FBGN0031268	137	131	207	96	141	109
FBGN0028878	0	0	0	0	0	0
FBGN0053302	11	5	9	11	14	5
FBGN0003896	21	14	28	20	40	22
FBGN0032624	0	0	0	0	0	0
FBGN0051861	0	0	0	0	0	0
FBGN0053838	0	0	0	0	0	0
FBGN0026395	0	0	0	0	0	0
FBGN0031561	0	4	2	0	0	0
FBGN0032882	129	79	151	115	152	146
FBGN0032688	98	111	168	102	156	145
FBGN0031265	32	26	58	28	58	64
FBGN0001991	0	0	0	0	0	0
FBGN0260486	90	41	78	93	81	68
FBGN0040510	0	0	0	0	0	0
FBGN0031381	1	6	8	9	9	8
FBGN0028540	63	45	99	42	71	87
FBGN0262856	0	0	0	0	0	0
FBGN0032814	15	11	11	22	11	11
FBGN0028645	0	0	0	0	0	0
FBGN0032172	38	21	38	40	78	46
FBGN0031228	72	81	124	78	96	70
FBGN0042127	1	0	6	1	0	2
FBGN0031568	0	0	0	0	0	0
FBGN0003942	1461	1341	2310	982	1478	1267
FBGN0283427	320	360	559	242	301	239
FBGN0032293	62	34	86	34	69	50
FBGN0032901	35	27	44	33	44	36
FBGN0032513	28	13	30	32	27	33
FBGN0032030	180	130	245	162	199	192
FBGN0032061	0	0	1	0	1	0
FBGN0051897	0	0	0	0	0	0
FBGN0005322	104	91	188	91	157	148
FBGN0053886	0	0	0	0	0	0
FBGN0032076	1	5	13	6	0	0
FBGN0031954	0	0	0	0	0	0
FBGN0003386	0	0	0	0	0	0
FBGN0004242	3	7	11	5	2	2
FBGN0031270	24	12	31	21	17	26
FBGN0040260	0	0	1	0	0	2
FBGN0032834	0	0	0	0	0	0
FBGN0051706	0	0	0	0	0	0
FBGN0032039	0	0	0	0	0	0
FBGN0053299	0	0	0	0	0	0
FBGN0051660	0	0	2	0	3	0
FBGN0027609	65	53	100	43	75	74
FBGN0031430	0	0	0	0	0	0
FBGN0032665	0	0	0	0	0	0
FBGN0003310	132	104	148	130	192	144
FBGN0031273	0	0	0	0	3	2
FBGN0051813	0	0	0	0	0	0
FBGN0260996	0	0	0	0	0	0
FBGN0003313	0	0	0	0	0	0
FBGN0032216	367	344	553	319	417	352
FBGN0032395	21	28	37	41	51	31
FBGN0264260	0	0	0	0	0	0
FBGN0031407	0	0	0	0	0	0
FBGN0051627	0	0	0	0	0	0
FBGN0040725	0	0	0	0	0	0
FBGN0000146	1	0	0	3	3	0
FBGN0031314	68	69	94	71	77	84
FBGN0002887	38	22	57	34	36	26
FBGN0031664	104	104	164	108	101	140
FBGN0040989	0	0	0	0	0	0
FBGN0031751	0	0	0	0	0	0
FBGN0051639	0	0	0	0	0	0
FBGN0000351	1	0	0	0	0	1
FBGN0031902	33	29	53	17	57	21
FBGN0020258	0	0	6	0	2	2
FBGN0031279	0	0	0	0	0	0
FBGN0031626	0	0	0	0	0	0
FBGN0011737	81	51	128	66	92	90
FBGN0017551	28	28	60	20	47	43
FBGN0263598	513	398	680	409	578	628
FBGN0031881	0	9	1	3	4	4
FBGN0051935	49	27	47	27	49	44
FBGN0085210	0	0	0	0	0	0
FBGN0260479	0	0	0	0	0	0
FBGN0261567	0	0	0	0	0	0
FBGN0053533	0	0	0	0	0	0
FBGN0263386	0	0	0	0	0	0
FBGN0051960	0	0	0	0	0	0
FBGN0000120	0	0	0	0	0	0
FBGN0000273	79	77	128	82	125	117
FBGN0267254	0	0	0	0	0	0
FBGN0024244	62	88	65	49	90	45
FBGN0032265	0	0	0	0	0	0
FBGN0260632	66	65	82	45	93	83
FBGN0032040	0	0	0	0	0	0
FBGN0031777	38	34	94	46	53	53
FBGN0032836	0	0	0	0	0	0
FBGN0040723	0	0	0	0	0	0
FBGN0261509	37	41	40	28	43	43
FBGN0015600	100	40	100	74	85	89
FBGN0053128	1	1	3	0	0	0
FBGN0051664	0	0	0	0	0	0
FBGN0032094	0	0	0	0	0	0
FBGN0026760	0	0	0	0	0	2
FBGN0031454	10	3	11	10	12	5
FBGN0031973	83	68	127	57	106	91
FBGN0028506	221	199	314	182	247	252
FBGN0031323	0	0	0	0	0	0
FBGN0032390	62	42	65	33	65	52
FBGN0085424	362	210	417	300	479	348
FBGN0015791	43	44	79	55	94	90
FBGN0028940	0	0	0	0	0	0
FBGN0000529	0	3	0	0	0	0
FBGN0031500	25	16	33	20	37	22
FBGN0053863	0	0	0	0	0	0
FBGN0032289	0	0	0	0	0	0
FBGN0283682	533	444	750	465	638	517
FBGN0032843	0	0	0	0	0	0
FBGN0267326	79	60	78	75	38	63
FBGN0031856	0	0	0	0	0	0
FBGN0032196	30	30	50	22	35	19
FBGN0250907	3517	2806	5231	3156	3691	3175
FBGN0031974	2	1	2	0	1	3
FBGN0041713	11	30	20	10	7	22
FBGN0051865	0	0	0	0	0	0
FBGN0085477	0	0	0	0	0	0
FBGN0001967	0	2	2	1	2	0
FBGN0001185	29	13	41	6	21	19
FBGN0053872	0	0	0	0	0	0
FBGN0032083	0	0	0	0	0	0
FBGN0032728	55	51	106	35	57	49
FBGN0024846	112	63	155	54	97	108
FBGN0015031	155	120	224	157	204	124
FBGN0015553	35	30	39	23	42	27
FBGN0031759	580	438	720	446	629	613
FBGN0046704	94	43	96	65	122	100
FBGN0259955	0	0	0	0	0	0
FBGN0032726	0	5	18	0	7	2
FBGN0040211	0	0	0	0	0	0
FBGN0051862	0	0	0	0	0	0
FBGN0031732	0	0	0	0	0	0
FBGN0022153	106	53	101	92	110	148
FBGN0046888	0	0	0	0	0	0
FBGN0052829	22	2	3	6	13	5
FBGN0053803	0	0	0	0	0	0
FBGN0040064	311	246	507	325	480	465
FBGN0031305	0	0	0	0	0	0
FBGN0031443	0	0	0	0	0	0
FBGN0032640	385	272	567	232	352	345
FBGN0003980	0	0	0	0	0	0
FBGN0031327	46	51	80	29	55	34
FBGN0032189	37	14	46	17	30	15
FBGN0031979	7	3	7	5	8	11
FBGN0262960	0	0	0	0	0	0
FBGN0028979	38	32	41	45	45	49
FBGN0032072	0	0	0	0	0	0
FBGN0031229	151	144	269	131	172	134
FBGN0086698	38	25	59	40	53	61
FBGN0031621	0	0	0	0	0	0
FBGN0021874	119	107	191	88	128	150
FBGN0051683	0	0	0	0	0	0
FBGN0032399	0	0	0	0	0	0
FBGN0032851	0	0	0	0	0	0
FBGN0032127	0	0	0	0	0	0
FBGN0067312	0	0	0	0	0	0
FBGN0053890	0	0	0	0	0	0
FBGN0032741	0	0	0	0	0	0
FBGN0026439	0	0	1	0	0	1
FBGN0032429	122	104	223	96	125	121
FBGN0053282	0	0	0	0	0	0
FBGN0032908	1	0	0	0	0	0
FBGN0031526	0	0	0	0	0	0
FBGN0032713	50	44	86	54	138	105
FBGN0032233	1	5	1	0	5	1
FBGN0051752	0	0	0	0	0	0
FBGN0031432	0	1	1	0	0	0
FBGN0032603	0	2	2	0	0	1
FBGN0032934	7	17	33	8	24	14
FBGN0261437	118	104	207	141	123	110
FBGN0031681	207	118	272	176	307	234
FBGN0003145	0	0	0	0	0	0
FBGN0027779	164	160	277	100	225	244
FBGN0031643	92	128	168	100	148	152
FBGN0020443	582	520	945	498	738	612
FBGN0053858	0	0	0	0	0	0
FBGN0032345	0	0	0	0	2	0
FBGN0086446	96	131	160	40	42	37
FBGN0259963	0	0	0	0	0	0
FBGN0031401	119	129	193	168	202	228
FBGN0086443	547	455	843	379	518	503
FBGN0031985	134	124	188	171	208	187
FBGN0000308	538	593	960	456	698	479
FBGN0024352	996	747	1344	699	942	944
FBGN0051800	19	14	18	23	26	10
FBGN0250837	559	518	960	479	560	639
FBGN0029095	282	226	407	225	366	429
FBGN0266845	0	0	0	0	0	0
FBGN0053640	0	0	0	0	0	0
FBGN0051703	0	0	0	0	0	0
FBGN0032651	0	0	0	0	0	0
FBGN0031604	120	108	134	84	108	105
FBGN0032692	0	0	0	0	0	0
FBGN0032407	126	117	269	105	158	161
FBGN0015299	57	50	118	57	57	55
FBGN0026718	0	0	0	0	0	1
FBGN0032170	114	79	204	93	126	158
FBGN0032204	23	37	76	33	50	44
FBGN0267486	0	0	0	0	0	0
FBGN0031413	6	5	11	1	11	8
FBGN0032649	0	0	0	0	0	0
FBGN0032055	0	0	0	0	0	0
FBGN0284248	76	82	158	85	77	72
FBGN0028888	0	0	0	0	0	0
FBGN0052988	0	0	0	0	0	0
FBGN0288229	406	298	495	353	450	441
FBGN0031501	0	0	0	0	0	0
FBGN0032305	151	122	217	189	183	193
FBGN0032719	0	0	0	0	0	0
FBGN0032723	89	80	97	107	150	119
FBGN0026196	613	572	925	475	682	607
FBGN0027780	5	17	15	7	11	22
FBGN0027932	3365	2836	4670	2749	3683	3463
FBGN0014092	126	100	165	95	132	117
FBGN0028852	0	0	0	0	0	0
FBGN0053179	0	0	0	0	0	0
FBGN0028515	268	264	396	196	424	372
FBGN0031676	11	15	24	16	28	34
FBGN0032907	18	18	25	23	39	27
FBGN0287695	1	0	7	0	4	5
FBGN0051928	0	0	0	0	0	0
FBGN0031256	175	96	199	109	211	179
FBGN0031701	0	0	0	0	0	0
FBGN0032268	0	0	0	0	0	0
FBGN0053820	0	0	0	0	0	0
FBGN0040268	64	51	65	44	33	55
FBGN0263996	2	0	6	0	0	0
FBGN0027490	18	12	22	15	25	17
FBGN0053516	0	0	0	0	0	0
FBGN0051778	1	6	1	0	1	0
FBGN0051644	0	0	0	0	0	0
FBGN0040996	0	0	0	0	0	0
FBGN0040973	0	0	0	0	1	0
FBGN0031942	0	0	0	0	0	0
FBGN0031529	142	103	184	101	148	192
FBGN0260439	1356	1209	1924	1224	1767	1791
FBGN0266666	202	165	253	190	178	163
FBGN0031209	0	0	0	0	0	0
FBGN0028700	147	143	199	131	170	188
FBGN0031531	0	0	0	0	0	0
FBGN0004611	90	51	66	33	86	94
FBGN0032456	139	137	226	130	157	173
FBGN0032873	91	75	97	52	58	76
FBGN0053833	0	0	0	0	0	0
FBGN0031905	0	0	0	0	0	0
FBGN0031397	0	0	1	0	0	0
FBGN0032219	0	0	0	0	1	0
FBGN0284223	0	0	0	0	0	0
FBGN0053853	0	0	0	0	0	0
FBGN0264443	11	7	15	9	12	19
FBGN0261790	218	186	298	176	186	238
FBGN0028430	1	12	0	1	10	3
FBGN0053873	0	0	0	0	0	0
FBGN0261055	0	0	0	0	0	0
FBGN0028894	20	16	31	23	24	31
FBGN0053871	0	0	0	0	0	0
FBGN0032243	37	27	41	31	27	42
FBGN0031694	0	0	0	0	0	0
FBGN0031248	0	0	1	0	2	0
FBGN0002563	116	577	2018	458	62	55
FBGN0051913	0	0	0	0	0	0
FBGN0010288	388	349	554	249	304	362
FBGN0053296	0	0	0	0	0	0
FBGN0032979	216	216	361	217	268	279
FBGN0032707	0	0	0	0	0	0
FBGN0263355	25	19	24	13	49	29
FBGN0051609	0	0	0	0	0	0
FBGN0032625	0	0	0	0	0	0
FBGN0262857	0	0	0	0	0	0
FBGN0032848	324	272	489	326	419	397
FBGN0031970	0	0	0	0	0	0
FBGN0032291	0	0	0	0	0	0
FBGN0031930	0	0	0	0	0	0
FBGN0053003	0	0	0	0	0	0
FBGN0032229	106	67	120	60	101	96
FBGN0032136	6	6	7	12	4	4
FBGN0032472	0	0	0	0	0	0
FBGN0053117	0	0	0	0	0	0
FBGN0040009	70	58	98	78	88	89
FBGN0032422	5	4	6	2	3	6
FBGN0259683	1	1	1	0	1	0
FBGN0083938	0	0	0	0	0	0
FBGN0032647	0	0	0	0	0	0
FBGN0051901	0	0	0	0	0	4
FBGN0051815	0	0	0	0	0	0
FBGN0031799	109	86	144	116	139	115
FBGN0032360	0	0	0	0	0	0
FBGN0031377	105	87	126	104	140	107
FBGN0032511	89	74	147	82	62	82
FBGN0053827	0	0	0	0	0	0
FBGN0011239	0	0	0	0	0	0
FBGN0001992	0	0	0	0	0	0
FBGN0032642	37	39	52	21	34	23
FBGN0042133	0	0	0	0	0	0
FBGN0264544	0	0	0	0	0	0
FBGN0032029	14	24	32	12	31	22
FBGN0041247	0	0	0	0	0	0
FBGN0032047	19	9	16	4	10	18
FBGN0031333	0	0	0	0	0	0
FBGN0266363	0	0	0	0	0	0
FBGN0261560	6	5	17	10	15	6
FBGN0026438	0	0	0	0	0	0
FBGN0032075	0	1	0	0	0	9
FBGN0051676	1	0	0	1	0	0
FBGN0040011	186	144	272	163	162	182
FBGN0040099	0	0	2	0	0	0
FBGN0053894	0	0	0	0	0	0
FBGN0016122	1	5	7	1	4	7
FBGN0002543	937	646	1160	591	1022	905
FBGN0031808	0	0	0	0	0	0
FBGN0032051	158	113	235	125	180	136
FBGN0028853	0	0	0	0	0	0
FBGN0032631	0	0	0	0	0	0
FBGN0031361	21	15	37	22	23	26
FBGN0031455	27	23	33	6	12	19
FBGN0032965	0	0	0	0	0	0
FBGN0004583	335	218	301	267	356	300
FBGN0031820	78	61	93	75	128	118
FBGN0032729	4	3	12	2	12	15
FBGN0261628	3	0	1	0	0	0
FBGN0031702	0	1	1	0	0	0
FBGN0031548	0	0	0	0	0	0
FBGN0031765	0	0	0	0	0	0
FBGN0053309	0	0	0	0	0	0
FBGN0051974	2	0	0	0	0	0
FBGN0026398	0	0	0	0	0	0
FBGN0051956	1	0	0	0	1	1
FBGN0262356	0	0	0	0	0	0
FBGN0260954	0	0	0	0	0	0
FBGN0283442	0	3	0	3	0	7
FBGN0032524	36	21	45	43	31	34
FBGN0032596	525	448	716	395	522	554
FBGN0021944	171	123	230	123	209	236
FBGN0051742	0	0	0	0	0	0
FBGN0259896	11	9	13	14	17	12
FBGN0031873	60	51	93	51	52	68
FBGN0043362	36	45	37	37	34	38
FBGN0053829	0	0	0	0	0	0
FBGN0032209	0	0	0	0	0	0
FBGN0031245	56	60	67	76	81	132
FBGN0026319	34	26	55	27	28	29
FBGN0032387	0	0	0	0	0	0
FBGN0031824	20	39	46	9	12	26
FBGN0015521	603	537	1274	357	558	615
FBGN0031535	21	10	38	22	25	24
FBGN0032228	3	5	5	2	2	6
FBGN0023416	2	5	3	2	0	2
FBGN0000251	0	0	0	0	0	0
FBGN0032125	0	0	0	0	0	0
FBGN0053878	0	0	0	0	0	0
FBGN0032188	0	0	0	0	0	0
FBGN0010309	12	19	26	16	26	18
FBGN0032972	0	0	0	0	0	0
FBGN0032264	1	2	0	0	0	2
FBGN0020305	112	97	153	79	129	118
FBGN0284220	2164	1796	2850	1765	2346	2469
FBGN0032684	1	3	2	0	0	5
FBGN0027070	0	0	0	0	0	0
FBGN0031467	0	0	0	0	0	0
FBGN0001987	423	308	522	410	644	566
FBGN0261648	451	310	514	379	602	521
FBGN0032538	80	95	101	61	98	146
FBGN0023496	4	0	2	0	1	0
FBGN0031646	0	2	0	0	0	0
FBGN0032105	165	112	214	148	205	220
FBGN0032811	2	0	2	2	5	1
FBGN0010407	4	1	1	1	0	0
FBGN0287596	0	0	0	0	0	0
FBGN0032484	0	0	0	0	0	0
FBGN0031851	91	89	98	75	97	113
FBGN0028412	0	0	0	0	0	0
FBGN0262875	0	0	0	0	0	0
FBGN0031479	126	88	151	82	88	93
FBGN0032415	0	0	0	0	0	0
FBGN0259959	0	0	0	0	0	0
FBGN0015663	3	0	5	2	1	1
FBGN0032733	0	0	0	0	0	0
FBGN0031214	2	0	0	0	0	0
FBGN0031620	0	0	0	0	0	0
FBGN0028572	0	1	0	0	0	0
FBGN0011638	545	590	914	442	588	632
FBGN0001137	0	0	1	0	0	0
FBGN0031512	0	14	0	0	0	0
FBGN0000442	0	0	0	0	0	0
FBGN0263873	70	36	73	70	79	78
FBGN0032613	0	0	1	0	0	0
FBGN0032535	0	0	0	0	0	0
FBGN0015777	266	185	401	195	384	324
FBGN0032768	0	0	0	0	0	0
FBGN0031518	0	0	0	0	0	0
FBGN0004837	64	48	69	60	70	90
FBGN0031733	0	0	0	0	0	0
FBGN0086265	0	0	0	0	2	0
FBGN0032362	0	1	1	1	0	0
FBGN0028513	0	0	0	0	0	0
FBGN0031815	50	43	74	45	57	59
FBGN0031998	6	0	9	2	6	5
FBGN0028523	4	2	11	4	17	8
FBGN0031391	24	21	35	15	33	33
FBGN0003346	799	803	1195	703	823	838
FBGN0027496	240	202	384	221	345	299
FBGN0052986	0	0	0	0	0	0
FBGN0028856	0	0	0	0	0	0
FBGN0260955	0	8	1	6	0	0
FBGN0031410	0	0	0	0	0	0
FBGN0263038	53	50	53	40	32	44
FBGN0042186	0	0	0	0	0	0
FBGN0032793	45	46	38	13	30	27
FBGN0021800	3	6	11	0	6	10
FBGN0032643	596	499	871	558	739	644
FBGN0053812	0	0	0	0	0	0
FBGN0261458	607	508	824	495	771	671
FBGN0032197	52	60	100	80	69	97
FBGN0031219	0	0	0	0	0	0
FBGN0031600	63	38	55	44	70	47
FBGN0032754	0	0	0	0	0	0
FBGN0032494	0	0	0	0	0	0
FBGN0031372	0	0	0	0	0	0
FBGN0045501	0	0	0	0	0	0
FBGN0263027	2	0	4	0	1	3
FBGN0053806	0	0	0	0	0	0
FBGN0031504	0	0	0	0	0	0
FBGN0086451	358	305	511	306	431	423
FBGN0051697	0	0	0	0	0	0
FBGN0053856	0	0	0	0	0	0
FBGN0026373	169	150	214	139	173	145
FBGN0027550	0	0	0	0	0	0
FBGN0000114	0	0	1	0	0	0
FBGN0031559	0	0	0	0	0	0
FBGN0032200	362	416	552	348	497	436
FBGN0031909	67	65	97	72	101	73
FBGN0261278	152	116	160	113	164	171
FBGN0032130	11	7	21	7	18	21
FBGN0028945	0	0	0	0	0	0
FBGN0032911	0	0	0	0	0	0
FBGN0039972	1	5	1	7	1	0
FBGN0010473	156	105	182	112	176	159
FBGN0262467	51	40	87	39	52	49
FBGN0026390	0	0	0	0	0	0
FBGN0031585	0	0	0	0	0	0
FBGN0000370	33	38	43	62	67	81
FBGN0031860	0	0	0	0	0	0
FBGN0015609	161	94	207	101	131	118
FBGN0031652	0	0	0	0	1	4
FBGN0040228	28	23	47	24	33	38
FBGN0028530	45	40	75	62	42	39
FBGN0032223	117	91	172	87	130	107
FBGN0259952	0	0	0	0	0	0
FBGN0032008	0	0	0	0	0	0
FBGN0032401	8	2	4	5	7	8
FBGN0032120	113	74	165	112	135	119
FBGN0031434	17	21	29	8	12	16
FBGN0262018	0	0	0	0	0	0
FBGN0051759	40	37	58	43	33	49
FBGN0027509	291	276	453	243	290	312
FBGN0020304	82	89	136	73	152	104
FBGN0011708	60	44	69	36	79	47
FBGN0032214	97	112	177	109	146	124
FBGN0024285	342	311	500	278	409	468
FBGN0051677	0	0	0	0	0	0
FBGN0283728	0	0	0	0	0	0
FBGN0000339	92	83	143	75	109	84
FBGN0260454	0	0	0	0	0	0
FBGN0266364	0	0	0	0	0	0
FBGN0028965	39	47	65	38	68	45
FBGN0263235	0	0	0	0	0	0
FBGN0032132	207	183	284	432	587	417
FBGN0031734	3	2	3	1	1	3
FBGN0031782	58	45	65	24	69	51
FBGN0032536	0	0	0	0	0	0
FBGN0031426	0	0	0	0	0	1
FBGN0010382	113	59	115	84	100	98
FBGN0261938	46	29	56	24	60	53
FBGN0051741	0	0	0	0	0	0
FBGN0051665	0	0	0	0	0	0
FBGN0032116	3	0	0	0	3	1
FBGN0032057	0	0	0	0	0	0
FBGN0031418	169	109	228	120	129	116
FBGN0266459	0	0	0	0	0	0
FBGN0032393	87	81	149	63	91	144
FBGN0032368	0	0	0	0	0	0
FBGN0051636	0	7	0	0	1	0
FBGN0031473	0	0	0	0	2	0
FBGN0284224	0	0	0	0	0	0
FBGN0263971	0	0	0	0	0	0
FBGN0264494	4	7	2	6	17	2
FBGN0031301	0	0	0	0	0	0
FBGN0054010	0	0	1	0	0	0
FBGN0086909	38	42	34	27	28	58
FBGN0032658	0	0	0	0	0	0
FBGN0032414	323	202	405	274	417	333
FBGN0032475	249	194	349	200	267	260
FBGN0016926	24	35	34	18	40	33
FBGN0031802	0	0	0	0	0	0
FBGN0053301	0	0	0	0	0	0
FBGN0031255	0	0	1	0	1	1
FBGN0031668	4	4	12	4	4	8
FBGN0032935	12	9	26	11	7	11
FBGN0045485	0	0	0	0	0	0
FBGN0045498	0	0	0	0	0	0
FBGN0032162	11	5	16	6	14	12
FBGN0053877	0	0	0	0	0	0
FBGN0015380	382	295	499	385	534	503
FBGN0015776	131	104	137	116	150	135
FBGN0002985	11	6	13	7	12	9
FBGN0031574	63	53	114	53	70	89
FBGN0031550	0	0	0	0	1	0
FBGN0264695	6	2	41	0	5	1
FBGN0263852	178	78	258	98	163	153
FBGN0032921	16	14	31	9	18	5
FBGN0032400	149	148	240	204	280	265
FBGN0026756	0	0	0	0	0	0
FBGN0053995	12	13	28	13	18	14
FBGN0032450	42	34	69	46	71	64
FBGN0032803	29	54	92	46	157	85
FBGN0051803	0	0	0	0	0	0
FBGN0027491	0	0	0	0	0	0
FBGN0261266	8	10	22	6	16	9
FBGN0266670	129	94	180	105	132	141
FBGN0005779	0	0	0	0	0	0
FBGN0028942	0	0	0	0	0	0
FBGN0031871	17	30	27	15	25	18
FBGN0032815	86	47	97	60	76	59
FBGN0031395	22	23	41	35	43	32
FBGN0053821	0	0	0	0	0	0
FBGN0051674	0	1	3	0	2	5
FBGN0053828	0	0	0	0	0	0
FBGN0032913	0	0	0	0	0	0
FBGN0031514	0	0	0	0	0	0
FBGN0261268	259	239	416	202	275	229
FBGN0032314	0	0	0	0	0	0
FBGN0028539	330	242	348	294	371	363
FBGN0032025	1	2	8	3	12	8
FBGN0031670	245	181	343	204	316	285
FBGN0000636	1873	1465	2672	1471	2280	2318
FBGN0265263	0	0	0	0	0	0
FBGN0020445	3	11	12	9	26	12
FBGN0032813	4	2	2	0	0	0
FBGN0250834	0	0	0	0	0	0
FBGN0031897	17	11	7	15	15	8
FBGN0032369	0	0	0	0	0	0
FBGN0053922	0	0	0	0	0	0
FBGN0016919	0	0	0	0	0	0
FBGN0031560	0	4	0	0	0	0
FBGN0041249	0	0	0	0	0	0
FBGN0032507	0	0	0	0	0	0
FBGN0020414	4	14	8	7	1	3
FBGN0032748	129	113	142	90	167	175
FBGN0031542	9	0	8	0	1	5
FBGN0263846	0	0	0	0	0	0
FBGN0043825	0	0	0	0	0	0
FBGN0031657	86	90	141	81	80	104
FBGN0026778	9	11	20	7	10	7
FBGN0032633	29	31	45	38	45	28
FBGN0031689	0	0	10	1	0	4
FBGN0028543	2	7	15	5	1	1
FBGN0031441	0	0	0	0	0	0
FBGN0041004	13	12	13	7	15	3
FBGN0259961	0	0	0	0	0	0
FBGN0260011	0	0	0	0	0	0
FBGN0016977	828	541	879	606	900	732
FBGN0031213	62	56	122	42	79	67
FBGN0032218	1	0	0	0	0	1
FBGN0086444	109	101	162	121	120	145
FBGN0032820	109	95	167	96	151	170
FBGN0031266	540	405	682	468	583	493
FBGN0083141	0	0	0	0	0	0
FBGN0028847	0	0	0	0	0	0
FBGN0085205	0	0	0	0	0	0
FBGN0032763	6	8	14	8	12	19
FBGN0031822	101	103	252	132	109	111
FBGN0002973	225	188	332	199	345	292
FBGN0028844	0	0	0	0	0	0
FBGN0032210	72	67	73	54	57	66
FBGN0032598	0	0	0	0	0	0
FBGN0000318	221	213	347	151	156	225
FBGN0259964	0	0	0	0	0	0
FBGN0000287	127	89	146	109	144	123
FBGN0031904	177	103	270	131	204	142
FBGN0041245	0	0	0	0	0	0
FBGN0011722	34	63	92	36	21	16
FBGN0267964	0	0	0	0	0	0
FBGN0051821	0	0	0	0	0	0
FBGN0025684	1	6	18	9	13	4
FBGN0031726	0	0	0	0	0	0
FBGN0032551	0	0	0	0	0	0
FBGN0264253	0	0	0	0	0	0
FBGN0259818	2	0	0	3	1	1
FBGN0031491	8	15	11	3	13	5
FBGN0026379	88	83	110	62	71	61
FBGN0051709	0	0	0	0	0	0
FBGN0031549	197	159	259	159	219	188
FBGN0260428	0	0	0	0	0	0
FBGN0001075	2313	1643	2718	1930	2624	2669
FBGN0287720	1347	1158	2081	1154	1645	1541
FBGN0031987	32	23	56	14	31	55
FBGN0028943	0	0	0	0	0	0
FBGN0250867	8	6	14	5	17	8
FBGN0032377	0	1	0	0	0	0
FBGN0031945	0	0	0	0	0	0
FBGN0003448	2	0	0	0	0	0
FBGN0045842	10	6	10	21	16	10
FBGN0027949	254	184	321	197	354	329
FBGN0051858	0	0	0	0	0	0
FBGN0000299	212	243	363	151	247	164
FBGN0040297	15	15	23	4	13	15
FBGN0010395	0	1	1	0	0	0
FBGN0260750	27	26	53	22	50	37
FBGN0032924	88	80	119	51	86	97
FBGN0043364	61	35	87	22	49	33
FBGN0032163	0	0	0	0	0	0
FBGN0031977	336	331	495	260	340	295
FBGN0051864	2	0	1	0	1	0
FBGN0053875	0	0	0	0	0	0
FBGN0051875	0	0	0	2	0	0
FBGN0032517	104	84	143	61	90	103
FBGN0032455	150	143	235	103	155	147
FBGN0032840	0	4	0	0	0	0
FBGN0266491	0	0	3	0	0	0
FBGN0001114	83	133	141	56	69	69
FBGN0032261	25	40	36	11	37	39
FBGN0260451	0	0	0	0	0	0
FBGN0031948	1	0	2	4	0	0
FBGN0000422	3	10	14	8	12	10
FBGN0053679	0	0	0	0	0	0
FBGN0032184	0	0	0	0	0	0
FBGN0015583	0	0	0	0	0	0
FBGN0031635	14	23	35	22	42	45
FBGN0032124	0	0	0	1	1	1
FBGN0028855	136	147	331	112	102	138
FBGN0013746	222	192	343	233	281	215
FBGN0001965	142	86	139	83	159	118
FBGN0028531	0	0	0	0	0	0
FBGN0031695	0	0	0	0	0	0
FBGN0031698	244	156	284	164	267	260
FBGN0028916	28	17	29	3	29	17
FBGN0051827	0	0	0	0	0	0
FBGN0032746	93	58	134	65	92	86
FBGN0032476	22	23	43	13	41	26
FBGN0031632	14	6	19	14	34	17
FBGN0013301	0	0	0	0	0	0
FBGN0032693	104	59	106	119	113	115
FBGN0261514	0	0	3	0	0	1
FBGN0032772	0	0	0	0	0	0
FBGN0053645	0	0	0	0	0	0
FBGN0032487	74	51	122	51	80	83
FBGN0015271	78	47	60	35	75	73
FBGN0002121	525	443	682	538	532	546
FBGN0262000	0	0	0	0	0	0
FBGN0002031	452	380	636	318	488	466
FBGN0266450	256	187	350	251	354	357
FBGN0032895	0	1	0	0	0	0
FBGN0051909	0	0	0	0	0	0
FBGN0250841	0	0	0	0	0	0
FBGN0028394	20	8	34	19	31	7
FBGN0264556	0	0	0	0	1	0
FBGN0011559	0	0	0	0	0	0
FBGN0032698	39	23	31	26	20	32
FBGN0003983	0	0	0	0	0	0
FBGN0032914	0	0	0	0	0	0
FBGN0000721	165	100	168	119	167	156
FBGN0031627	0	0	0	0	0	2
FBGN0264296	0	0	0	0	0	0
FBGN0031493	257	219	325	191	275	298
FBGN0260749	92	117	161	110	153	163
FBGN0045852	1	2	0	1	1	0
FBGN0032819	77	77	128	80	81	75
FBGN0031449	4	1	2	2	0	4
FBGN0053804	0	0	0	0	0	0
FBGN0032286	0	0	0	0	0	0
FBGN0032949	634	573	879	602	815	722
FBGN0032409	48	54	89	66	117	78
FBGN0031399	80	47	71	44	79	73
FBGN0053643	0	0	0	0	0	0
FBGN0032785	5	3	8	0	1	0
FBGN0085198	0	0	0	0	0	0
FBGN0032365	0	0	0	0	0	0
FBGN0028554	221	218	366	156	247	311
FBGN0020616	337	231	427	272	333	310
FBGN0032144	0	0	0	0	0	0
FBGN0031693	2	0	3	0	0	0
FBGN0028517	0	0	0	0	0	0
FBGN0260000	0	0	0	0	0	0
FBGN0028931	1	5	14	5	5	4
FBGN0000559	12892	11190	18029	8277	12355	12397
FBGN0031762	0	0	1	0	0	0
FBGN0053904	0	0	0	0	0	0
FBGN0024227	238	234	367	159	258	290
FBGN0266449	293	200	393	212	370	319
FBGN0263206	0	0	0	0	0	0
FBGN0051680	0	0	0	0	0	0
FBGN0086445	23	22	28	23	21	28
FBGN0031232	0	0	0	0	0	0
FBGN0051804	0	0	0	0	0	0
FBGN0051715	114	138	222	101	111	94
FBGN0000228	120	97	153	133	147	124
FBGN0032236	91	79	76	93	105	76
FBGN0031875	129	130	155	116	166	130
FBGN0260648	126	86	147	102	105	109
FBGN0284256	398	429	506	351	497	518
FBGN0261992	0	0	0	0	0	0
FBGN0032405	20	19	11	6	10	10
FBGN0004374	117	89	173	132	150	157
FBGN0032720	53	60	82	41	33	40
FBGN0028936	0	1	1	0	0	0
FBGN0032115	0	0	0	0	0	0
FBGN0031546	0	0	0	0	0	0
FBGN0061209	0	0	0	0	0	0
FBGN0051872	0	0	0	0	0	0
FBGN0053896	0	0	0	0	0	0
FBGN0020622	150	119	197	97	183	185
FBGN0031650	0	0	0	0	0	0
FBGN0051805	0	0	0	0	0	0
FBGN0032652	0	0	8	0	0	1
FBGN0031818	23	21	61	33	57	51
FBGN0032477	22	16	34	16	21	25
FBGN0053859	0	0	0	0	0	0
FBGN0262359	0	0	0	0	0	0
FBGN0262150	0	0	0	0	0	0
FBGN0026755	0	0	0	0	0	0
FBGN0086758	3	3	1	3	3	4
FBGN0003087	85	68	101	69	90	96
FBGN0032034	14	13	24	15	35	19
FBGN0266557	2702	2012	3306	2113	3067	2572
FBGN0032883	47	47	74	56	64	50
FBGN0031739	4	8	13	4	9	15
FBGN0028880	0	0	0	0	0	0
FBGN0031659	42	28	50	39	50	58
FBGN0051681	0	0	0	0	0	0
FBGN0054049	0	0	0	0	0	0
FBGN0053322	0	0	0	0	0	0
FBGN0287630	0	0	0	0	0	0
FBGN0044323	406	335	543	325	502	483
FBGN0031417	0	0	0	0	0	0
FBGN0283467	43	28	64	36	56	42
FBGN0032916	64	64	96	58	76	96
FBGN0031459	189	146	277	122	191	165
FBGN0010100	810	602	1200	683	1018	1009
FBGN0259712	0	0	0	0	0	0
FBGN0031801	0	0	0	0	0	0
FBGN0031887	0	0	0	0	0	0
FBGN0001084	52	37	95	35	49	50
FBGN0084001	0	0	0	0	0	0
FBGN0001174	0	0	0	0	0	0
FBGN0028868	0	0	0	0	0	0
FBGN0260639	281	208	428	280	345	369
FBGN0032827	0	0	0	0	0	0
FBGN0053902	0	0	0	0	0	0
FBGN0031708	48	27	43	40	37	29
FBGN0053825	0	0	0	0	0	0
FBGN0053306	0	0	0	0	0	0
FBGN0045497	0	0	0	0	0	0
FBGN0015391	392	317	562	299	320	444
FBGN0032847	59	63	97	35	65	91
FBGN0028872	0	2	0	0	0	0
FBGN0003716	936	778	1262	751	1116	1051
FBGN0040096	0	0	0	0	0	0
FBGN0032783	22	14	32	13	25	51
FBGN0003231	187	188	247	177	313	251
FBGN0051787	0	0	0	0	2	0
FBGN0085380	0	0	0	0	0	0
FBGN0032430	89	70	141	51	109	91
FBGN0086442	117	91	173	80	124	120
FBGN0003941	981	813	1607	509	831	715
FBGN0032354	25	17	38	31	30	37
FBGN0262160	181	125	161	183	242	184
FBGN0000490	47	35	58	42	66	64
FBGN0031579	0	0	0	0	0	0
FBGN0053910	0	0	0	0	0	0
FBGN0051678	70	52	82	62	78	111
FBGN0051769	0	0	0	0	0	0
FBGN0014396	0	0	0	0	0	0
FBGN0085201	0	0	0	0	0	0
FBGN0031722	0	0	0	0	0	0
FBGN0284253	447	377	705	361	500	461
FBGN0032967	0	0	0	0	0	0
FBGN0031683	35	25	73	30	34	25
FBGN0032058	0	0	0	8	0	0
FBGN0031452	60	60	80	80	85	71
FBGN0031285	133	105	263	143	197	216
FBGN0051869	175	156	250	92	165	144
FBGN0011283	0	0	0	0	0	0
FBGN0051952	0	0	0	0	0	0
FBGN0031456	90	95	142	82	79	104
FBGN0032886	17	14	24	23	21	37
FBGN0032804	0	0	2	1	3	0
FBGN0086357	2078	1745	2916	1842	2852	2658
FBGN0041184	87	66	81	80	101	99
FBGN0031959	29	28	52	20	35	24
FBGN0032727	22	19	30	16	21	20
FBGN0031651	86	92	143	75	95	93
FBGN0259982	23	31	46	29	32	43
FBGN0031437	91	97	160	87	109	106
FBGN0051882	0	0	0	0	0	0
FBGN0042187	0	0	0	0	0	0
FBGN0266163	0	0	0	0	0	0
FBGN0040098	0	0	0	0	0	0
FBGN0028406	14	17	47	14	31	30
FBGN0029123	0	1	2	0	2	1
FBGN0032938	111	84	105	106	122	100
FBGN0031861	0	0	0	0	0	0
FBGN0032968	0	0	0	0	0	0
FBGN0031276	0	0	0	0	0	0
FBGN0015905	76	53	97	78	61	52
FBGN0051721	37	17	32	23	38	26
FBGN0283531	315	231	376	259	323	284
FBGN0031950	29	40	108	53	82	74
FBGN0031888	36	33	95	47	40	42
FBGN0014859	0	0	0	0	0	1
FBGN0011584	191	245	307	237	322	276
FBGN0031247	5	0	5	0	7	3
FBGN0250826	0	0	0	0	0	0
FBGN0001986	187	198	322	179	226	288
FBGN0259714	2	1	1	1	2	0
FBGN0031832	88	79	154	84	106	132
FBGN0264344	0	0	0	0	0	0
FBGN0010197	0	0	0	0	0	0
FBGN0027074	0	0	0	0	0	0
FBGN0261806	0	0	0	0	0	0
FBGN0263050	8	5	20	5	6	12
FBGN0032085	0	0	0	0	0	0
FBGN0043841	123	118	171	179	214	169
FBGN0031976	7	4	19	5	8	13
FBGN0032744	17	23	24	15	23	34
FBGN0031723	0	0	0	0	0	0
FBGN0031746	0	0	0	0	0	0
FBGN0031688	3	0	0	0	0	0
FBGN0027052	55	63	91	88	56	43
FBGN0267972	52	39	73	42	82	58
FBGN0040985	93	61	144	72	96	64
FBGN0015546	329	298	483	249	367	391
FBGN0031878	407	320	515	341	476	392
FBGN0053823	0	0	0	0	0	0
FBGN0032636	0	0	0	0	0	0
FBGN0010314	105	80	149	72	76	111
FBGN0032602	0	0	0	0	0	0
FBGN0032082	0	1	0	0	0	1
FBGN0086673	17	11	20	17	31	24
FBGN0032870	7	13	27	11	13	14
FBGN0031356	179	173	203	97	157	165
FBGN0262036	0	0	0	0	0	0
FBGN0031760	22	18	36	13	35	27
FBGN0028919	27	19	26	38	40	24
FBGN0005278	693	543	992	490	641	609
FBGN0032663	0	0	0	0	0	9
FBGN0042125	6	7	2	0	6	8
FBGN0053843	0	0	0	0	0	0
FBGN0265578	0	0	0	0	0	0
FBGN0010453	15	20	24	16	7	20
FBGN0031516	10	5	6	7	8	7
FBGN0040104	0	0	0	0	0	0
FBGN0285971	60	45	60	46	58	60
FBGN0004177	811	704	1332	703	1113	1127
FBGN0053847	0	0	0	0	0	0
FBGN0259962	0	0	0	0	0	0
FBGN0031240	0	0	0	0	0	0
FBGN0031393	0	0	0	0	0	0
FBGN0045827	0	0	0	0	0	0
FBGN0265349	0	0	0	0	0	0
FBGN0028520	0	0	0	0	0	0
FBGN0028514	5	7	2	0	0	0
FBGN0042189	0	0	0	0	0	0
FBGN0262126	626	550	874	550	812	792
FBGN0032433	0	0	0	0	0	0
FBGN0031803	0	0	0	0	0	0
FBGN0031914	6	4	23	3	10	14
FBGN0053880	0	0	0	0	0	0
FBGN0031886	82	56	97	40	57	58
FBGN0051957	14	6	26	24	13	17
FBGN0032248	27	14	30	18	26	14
FBGN0032897	19	16	21	3	7	5
FBGN0051812	13	8	19	4	8	8
FBGN0022893	5119	4698	7463	3456	4387	4042
FBGN0031528	0	0	0	0	0	0
FBGN0051784	0	0	0	0	0	0
FBGN0046302	0	2	7	0	3	2
FBGN0086266	0	0	0	0	0	0
FBGN0010520	48	61	99	56	58	65
FBGN0019982	11	12	25	3	14	24
FBGN0031607	150	140	256	125	209	182
FBGN0028509	38	41	69	23	69	53
FBGN0001983	2	0	0	0	2	4
FBGN0031364	0	0	0	0	0	0
FBGN0085211	0	0	0	0	0	0
FBGN0032480	86	81	100	75	133	90
FBGN0262017	0	0	0	0	0	0
FBGN0032810	0	0	0	0	0	0
FBGN0052983	0	0	0	0	0	0
FBGN0003444	158	166	239	196	217	264
FBGN0032505	0	0	0	0	0	0
FBGN0028935	0	0	0	0	0	0
FBGN0053887	0	0	0	0	0	0
FBGN0051619	0	0	0	0	0	0
FBGN0015376	65	46	82	63	65	101
FBGN0031811	0	0	0	0	0	0
FBGN0003278	252	217	346	181	210	269
FBGN0004914	37	22	54	58	26	48
FBGN0051954	0	0	0	0	0	0
FBGN0032090	0	0	0	0	0	0
FBGN0031640	31	20	24	35	40	22
FBGN0261534	35	18	26	23	35	32
FBGN0032499	19	22	29	34	43	37
FBGN0051907	0	0	0	0	0	0
FBGN0031763	0	0	0	0	0	0
FBGN0032191	12	8	16	9	14	18
FBGN0011232	24	33	23	21	32	20
FBGN0014454	0	0	0	0	0	0
FBGN0032922	11	8	21	11	15	8
FBGN0051826	0	0	0	0	0	0
FBGN0051755	11	22	8	7	6	4
FBGN0032251	23	38	37	14	38	28
FBGN0031589	58	38	78	50	53	53
FBGN0022213	962	843	1356	739	947	1072
FBGN0040262	0	0	0	0	0	0
FBGN0015000	52	40	61	39	72	45
FBGN0259192	0	0	0	0	0	0
FBGN0053901	0	0	0	0	0	0
FBGN0262475	0	1	2	1	0	1
FBGN0053836	0	0	0	0	0	0
FBGN0013300	0	0	0	0	0	0
FBGN0284225	0	0	0	0	0	0
FBGN0032869	0	0	2	0	0	0
FBGN0031893	181	146	213	157	201	185
FBGN0031227	46	54	74	28	48	43
FBGN0031800	0	0	0	0	0	0
FBGN0042627	2	0	1	0	0	0
FBGN0010287	32	34	56	32	39	32
FBGN0032139	0	1	0	0	0	0
FBGN0032258	63	49	76	43	64	67
FBGN0031312	13	14	21	9	23	16
FBGN0031263	152	152	247	99	117	161
FBGN0031908	9	1	21	7	10	1
FBGN0031675	1	2	1	0	0	0
FBGN0032287	0	2	3	0	0	0
FBGN0032049	0	0	0	0	0	0
FBGN0085396	0	0	0	0	0	0
FBGN0053848	0	0	0	0	0	0
FBGN0053839	0	0	0	0	0	0
FBGN0015664	440	448	702	396	570	550
FBGN0015399	137	78	151	96	159	148
FBGN0031896	55	27	66	32	63	52
FBGN0259956	0	0	0	0	0	0
FBGN0032208	718	572	900	559	818	698
FBGN0031835	0	0	0	0	1	0
FBGN0032702	23	10	35	13	26	24
FBGN0032298	153	115	218	110	132	184
FBGN0259230	0	0	0	0	0	0
FBGN0032143	0	0	1	0	0	0
FBGN0015623	189	169	292	257	331	260
FBGN0031357	72	28	81	40	65	61
FBGN0267378	179	156	244	147	188	177
FBGN0031677	3	1	3	1	0	0
FBGN0032088	0	0	0	0	0	0
FBGN0032256	41	33	63	35	55	44
FBGN0032585	0	0	0	0	0	0
FBGN0045487	0	0	0	0	0	0
FBGN0261608	563	525	1026	349	453	381
FBGN0031805	0	0	0	0	1	0
FBGN0053885	0	0	0	0	0	0
FBGN0041246	0	0	0	0	0	0
FBGN0032637	0	0	1	0	0	0
FBGN0031365	0	0	1	0	0	0
FBGN0004892	60	71	108	77	113	89
FBGN0031883	233	155	217	161	210	205
FBGN0040959	0	1	1	6	3	225
FBGN0053879	0	0	0	0	0	0
FBGN0032001	1	1	2	1	0	0
FBGN0028949	0	0	0	0	0	0
FBGN0032656	55	36	66	57	54	69
FBGN0051717	32	27	35	22	42	48
FBGN0263982	0	0	0	0	0	0
FBGN0000406	0	3	0	1	0	0
FBGN0024245	137	143	187	142	214	196
FBGN0011676	0	0	0	0	0	0
FBGN0032446	39	17	38	16	32	20
FBGN0260470	0	0	0	0	0	0
FBGN0032490	0	0	0	0	0	0
FBGN0053808	0	0	0	0	0	0
FBGN0031623	8	0	9	0	1	0
FBGN0004584	571	510	844	512	664	766
FBGN0260758	0	0	0	0	0	0
FBGN0031918	11	1	10	15	9	10
FBGN0051807	0	0	0	0	0	0
FBGN0032516	56	36	60	48	35	61
FBGN0040718	39	116	148	37	53	80
FBGN0263654	0	0	0	0	0	0
FBGN0031302	0	0	0	0	0	0
FBGN0083968	31	25	54	21	25	26
FBGN0053127	0	0	0	0	0	0
FBGN0031946	0	0	0	0	0	0
FBGN0261582	0	0	0	0	0	0
FBGN0085423	59	18	57	28	43	25
FBGN0011648	163	158	251	161	202	234
FBGN0031773	15	14	22	17	40	18
FBGN0086691	0	3	5	4	1	0
FBGN0032036	11	13	26	21	38	27
FBGN0032282	0	0	0	0	0	0
FBGN0259482	51	45	71	35	52	53
FBGN0266492	0	0	0	0	0	0
FBGN0264953	179	104	198	135	244	234
FBGN0000227	0	0	0	0	0	0
FBGN0032732	56	46	104	47	49	66
FBGN0000384	5	5	14	17	17	10
FBGN0031895	34	24	46	22	39	38
FBGN0028644	0	0	0	0	0	0
FBGN0051976	0	0	0	0	0	0
FBGN0053905	0	0	0	0	0	0
FBGN0032797	0	4	0	0	0	0
FBGN0053869	0	0	0	0	0	0
FBGN0031488	47	51	92	36	65	90
FBGN0032023	0	0	0	0	0	0
FBGN0028467	84	64	122	72	109	122
FBGN0031490	1	0	0	0	0	0
FBGN0032447	17	10	19	4	10	10
FBGN0052971	0	0	0	0	0	0
FBGN0032247	35	40	48	31	31	47
FBGN0054051	0	0	0	0	0	0
FBGN0053819	0	0	0	0	0	0
FBGN0031804	0	0	0	0	0	0
FBGN0283478	461	402	650	330	506	453
FBGN0028952	17	11	20	8	20	15
FBGN0041248	0	0	0	0	0	0
FBGN0031359	18	12	22	25	15	18
FBGN0001977	210	144	289	117	190	160
FBGN0031462	0	0	0	0	0	0
FBGN0265579	0	0	0	0	0	0
FBGN0031254	0	2	0	1	0	0
FBGN0027453	22	15	21	8	19	25
FBGN0031538	0	6	1	0	0	0
FBGN0264364	0	0	0	0	0	0
FBGN0031238	64	74	98	58	77	72
FBGN0005616	29	15	37	30	40	24
FBGN0031980	1031	967	1770	563	962	889
FBGN0045064	0	1	4	12	6	10
FBGN0032448	0	0	0	0	0	0
FBGN0031725	0	0	0	0	0	0
FBGN0032691	41	47	51	44	48	32
FBGN0031690	0	0	3	0	0	0
FBGN0051618	0	0	0	0	0	0
FBGN0028895	17	8	28	9	17	23
FBGN0041195	0	0	1	0	0	0
FBGN0261802	308	244	433	256	399	306
FBGN0032079	0	0	0	0	0	0
FBGN0032297	2	0	2	2	4	3
FBGN0032650	0	0	0	0	0	0
FBGN0020270	144	114	220	95	123	136
FBGN0031540	66	55	118	86	109	95
FBGN0031554	0	0	0	0	0	0
FBGN0025681	80	75	98	102	113	134
FBGN0032685	114	66	133	104	159	162
FBGN0015338	92	92	156	69	123	87
FBGN0032492	0	0	0	0	0	0
FBGN0031711	198	167	304	130	213	169
FBGN0027611	167	222	256	465	570	419
FBGN0264442	316	232	367	253	408	357
FBGN0031741	11	13	16	11	16	14
FBGN0063368	0	0	0	0	0	0
FBGN0262683	0	0	0	0	0	0
FBGN0032554	0	0	0	0	0	0
FBGN0262357	0	0	0	0	0	0
FBGN0028538	144	123	196	121	199	140
FBGN0031484	17	17	24	17	39	20
FBGN0032891	1	2	3	17	7	14
FBGN0262353	0	0	1	0	0	0
FBGN0250903	12	17	16	10	16	14
FBGN0264342	0	0	0	0	0	0
FBGN0051910	0	0	0	0	0	0
FBGN0019809	0	0	0	0	0	0
FBGN0031267	12	17	21	7	16	34
FBGN0024689	110	81	185	118	124	135
FBGN0031252	61	51	76	54	71	55
FBGN0288834	228	164	253	181	229	240
FBGN0052832	0	0	0	0	0	0
FBGN0032481	109	78	142	77	139	100
FBGN0085203	41	26	50	26	28	38
FBGN0032156	0	1	2	4	0	1
FBGN0259958	0	0	0	0	0	0
FBGN0031319	22	20	41	27	26	30
FBGN0040233	44	41	60	43	52	47
FBGN0032371	0	0	0	0	0	0
FBGN0261089	0	0	0	0	0	0
FBGN0262029	805	536	984	624	1039	936
FBGN0032343	0	0	1	1	2	0
FBGN0263320	0	0	0	0	0	0
FBGN0002524	175	134	188	169	175	158
FBGN0031735	4	0	3	1	3	1
FBGN0022023	615	550	1026	379	740	705
FBGN0032373	0	0	0	0	0	0
FBGN0045038	0	0	0	0	0	0
FBGN0032816	21	30	40	13	29	40
FBGN0028875	0	0	0	0	0	0
FBGN0054007	0	0	0	0	0	0
FBGN0011570	315	298	520	224	328	290
FBGN0032791	7	1	12	5	1	9
FBGN0028694	570	582	892	502	604	653
FBGN0031816	6	5	2	6	6	7
FBGN0031378	6	6	7	8	9	8
FBGN0032157	112	125	184	99	131	160
FBGN0025366	307	241	385	151	256	254
FBGN0028507	34	29	44	21	45	30
FBGN0032004	0	0	0	0	0	0
FBGN0042092	19	24	35	14	30	21
FBGN0023096	0	0	1	0	0	0
FBGN0085450	160	110	175	167	184	187
FBGN0020545	14	17	35	17	12	24
FBGN0032945	2	0	28	5	0	0
FBGN0261064	23	29	41	37	26	33
FBGN0032439	0	0	0	0	0	0
FBGN0031872	446	322	591	443	591	573
FBGN0031644	0	0	0	0	0	0
FBGN0031446	0	0	0	0	0	0
FBGN0053125	0	0	0	0	0	0
FBGN0051776	0	0	0	0	0	0
FBGN0032249	5	3	4	1	6	0
FBGN0032943	88	67	89	54	107	72
FBGN0032066	0	0	0	0	0	0
FBGN0053641	0	0	0	0	0	0
FBGN0085427	259	82	254	106	214	165
FBGN0041150	0	0	3	1	0	2
FBGN0085410	0	0	0	0	0	0
FBGN0031682	33	11	24	14	20	25
FBGN0031999	0	0	0	0	0	0
FBGN0261529	0	0	0	0	0	0
FBGN0032020	46	34	78	32	48	45
FBGN0051777	2	5	7	1	2	1
FBGN0032341	62	44	108	60	95	97
FBGN0032003	0	0	0	0	0	0
FBGN0262721	0	0	0	0	0	0
FBGN0032479	217	140	259	165	203	253
FBGN0032899	14	11	25	4	15	12
FBGN0031601	68	76	116	55	74	72
FBGN0031463	0	1	0	0	0	0
FBGN0031968	7	1	7	14	10	8
FBGN0032660	0	0	0	0	0	0
FBGN0028893	0	0	0	0	0	0
FBGN0032138	452	413	793	435	556	555
FBGN0032986	40	23	50	20	25	37
FBGN0053849	0	0	0	0	0	0
FBGN0031858	0	0	0	0	0	0
FBGN0051773	0	0	0	0	0	0
FBGN0028518	0	0	0	0	0	4
FBGN0031465	0	0	0	0	0	0
FBGN0003978	54	55	92	49	71	55
FBGN0031639	72	48	99	49	78	65
FBGN0031854	0	0	0	0	0	0
FBGN0051606	0	0	0	0	0	0
FBGN0261999	1	0	2	2	0	2
FBGN0051661	0	0	0	0	0	0
FBGN0085212	22	16	31	16	8	22
FBGN0051708	0	0	0	0	0	0
FBGN0264546	0	0	0	0	0	0
FBGN0051823	0	0	0	0	0	0
FBGN0032151	0	0	0	0	0	0
FBGN0259213	3	2	0	0	0	0
FBGN0263321	0	0	0	0	0	0
FBGN0083945	0	0	0	0	0	0
FBGN0031590	275	268	440	290	374	361
FBGN0085193	3	0	0	0	0	0
FBGN0032849	23	30	28	11	22	13
FBGN0040106	0	0	0	0	0	0
FBGN0031523	0	0	0	0	0	0
FBGN0020416	6	3	5	1	0	1
FBGN0028541	143	112	179	144	188	164
FBGN0021796	451	392	597	357	504	545
FBGN0028527	25	29	52	42	44	29
FBGN0010497	23	13	28	26	52	35
FBGN0266369	152	155	190	189	286	243
FBGN0040107	0	0	0	0	0	0
FBGN0028841	0	0	0	0	0	0
FBGN0032052	109	95	122	76	152	96
FBGN0032050	763	725	1127	614	754	831
FBGN0032668	0	0	1	0	0	0
FBGN0014906	46	48	61	53	67	70
FBGN0031619	7	10	13	10	15	6
FBGN0031855	0	0	0	0	0	0
FBGN0028946	0	0	0	0	0	0
FBGN0261535	121	82	154	80	97	93
FBGN0053850	0	0	0	0	0	0
FBGN0031749	0	0	0	0	0	0
FBGN0032266	0	0	0	0	0	0
FBGN0028569	0	0	0	0	0	0
FBGN0040984	0	0	0	0	0	0
FBGN0032798	0	0	0	0	0	0
FBGN0031233	85	95	124	77	89	109
FBGN0085374	0	0	0	0	0	0
FBGN0000392	5	4	10	6	6	10
FBGN0032664	0	0	0	0	0	0
FBGN0263278	2	5	6	1	3	7
FBGN0259735	279	225	447	266	428	320
FBGN0028886	1	3	0	4	2	5
FBGN0053835	0	0	0	0	0	0
FBGN0053870	0	0	0	0	0	0
FBGN0028920	3	22	1	1	2	2
FBGN0000239	249	178	355	218	265	296
FBGN0085409	207	153	244	172	245	216
FBGN0053813	0	0	0	0	0	0
FBGN0032031	24	26	40	23	31	32
FBGN0023407	67	74	98	62	98	77
FBGN0053807	0	0	2	0	0	0
FBGN0260817	45	42	82	33	66	49
FBGN0032358	30	22	61	18	42	31
FBGN0032690	284	313	412	282	321	337
FBGN0031534	152	142	252	106	179	136
FBGN0031649	0	0	0	0	0	0
FBGN0045495	0	0	0	0	0	0
FBGN0032773	3	51	89	22	7	4
FBGN0052987	0	0	0	0	0	0
FBGN0031717	121	135	283	160	201	177
FBGN0053900	0	0	0	0	0	0
FBGN0053844	0	0	0	0	0	0
FBGN0032506	0	0	0	0	0	0
FBGN0014000	0	0	0	0	0	0
FBGN0026141	1	1	1	2	0	0
FBGN0000256	103	64	135	72	134	105
FBGN0284230	8	4	6	4	2	7
FBGN0004868	1292	1228	2017	1178	1691	1504
FBGN0028932	43	39	70	38	30	33
FBGN0032431	0	0	0	0	0	0
FBGN0032801	1	2	1	0	7	2
FBGN0032213	675	618	1039	669	934	796
FBGN0264545	0	0	0	0	0	0
FBGN0261787	36	26	48	27	43	38
FBGN0085194	0	0	6	0	1	1
FBGN0051809	0	3	0	0	0	1
FBGN0032100	0	0	0	0	0	0
FBGN0053862	0	0	0	0	0	0
FBGN0023090	0	0	0	0	0	0
FBGN0261925	0	0	0	0	0	0
FBGN0053892	0	0	0	0	0	0
FBGN0032464	0	0	1	0	0	0
FBGN0051814	0	0	0	0	0	0
FBGN0051633	10	5	7	15	9	9
FBGN0032769	0	0	0	0	0	0
FBGN0000097	198	189	300	165	353	286
FBGN0032375	0	0	0	0	0	0
FBGN0031468	0	1	2	4	6	5
FBGN0031617	0	0	0	0	0	0
FBGN0032252	1	0	0	0	1	0
FBGN0051855	45	50	78	54	60	52
FBGN0032350	456	298	706	280	500	362
FBGN0032021	1	0	0	0	0	0
FBGN0003866	262	197	372	217	311	324
FBGN0032593	0	0	0	0	0	0
FBGN0001128	15	12	22	11	33	12
FBGN0032074	0	0	0	0	0	1
FBGN0004106	400	331	630	372	439	448
FBGN0031598	69	48	105	84	98	121
FBGN0028848	0	0	0	0	0	0
FBGN0264341	0	0	0	0	0	0
FBGN0028884	0	0	0	0	0	0
FBGN0051874	0	0	0	0	0	0
FBGN0031611	30	27	41	21	24	33
FBGN0032135	10	8	7	5	15	13
FBGN0032454	582	451	816	487	663	718
FBGN0032888	0	0	0	0	0	0
FBGN0032634	201	178	262	168	176	158
FBGN0040717	1	33	25	19	6	37
FBGN0028944	0	0	0	0	0	0
FBGN0261396	412	404	725	427	510	545
FBGN0032639	0	3	1	2	1	0
FBGN0031343	0	0	0	0	0	0
FBGN0032956	152	137	264	147	170	196
FBGN0264361	0	0	0	0	0	0
FBGN0053126	0	0	1	1	0	0
FBGN0267347	11	8	15	5	8	7
FBGN0000183	153	162	235	141	200	187
FBGN0028892	0	0	0	0	0	0
FBGN0032775	176	154	238	156	255	240
FBGN0032451	32	31	53	31	62	49
FBGN0032161	13	11	42	17	31	36
FBGN0053801	3	3	4	15	15	37
FBGN0031335	0	0	0	0	0	0
FBGN0031575	34	24	51	33	36	38
FBGN0265298	378	266	520	221	426	388
FBGN0051835	0	0	0	0	0	0
FBGN0002855	0	0	0	0	0	0
FBGN0051922	34	11	13	12	24	29
FBGN0032900	1	1	0	0	0	0
FBGN0031645	50	45	67	62	107	84
FBGN0001970	46	30	65	31	65	48
FBGN0000250	343	252	436	277	385	336
FBGN0051698	0	0	2	0	0	0
FBGN0014019	0	0	0	0	0	0
FBGN0053826	0	0	0	0	0	0
FBGN0032533	0	0	0	0	0	0
FBGN0284247	2339	1948	2902	2072	2516	2606
FBGN0083972	0	0	0	0	0	0
FBGN0032005	164	144	214	157	200	185
FBGN0032119	0	0	0	0	0	0
FBGN0026391	0	0	0	0	0	0
FBGN0283658	159	116	209	117	170	171
FBGN0032771	0	0	0	0	0	0
FBGN0032800	0	0	0	0	0	0
FBGN0032449	1	3	4	9	10	10
FBGN0032971	0	0	0	0	0	0
FBGN0286929	0	0	0	0	0	0
FBGN0000018	8	3	24	15	11	15
FBGN0003255	0	0	1	0	0	2
FBGN0013323	0	0	0	0	0	0
FBGN0051780	0	0	0	0	0	0
FBGN0031309	23	19	34	17	22	22
FBGN0011244	0	0	0	0	0	0
FBGN0032462	0	0	1	0	0	0
FBGN0261831	0	0	0	0	0	0
FBGN0031231	53	43	83	57	40	51
FBGN0031296	0	0	0	0	0	0
FBGN0032434	0	0	0	0	0	0
FBGN0028570	0	0	0	0	0	0
FBGN0026396	0	0	0	0	0	0
FBGN0028370	0	0	0	0	0	0
FBGN0032677	0	0	0	0	0	0
FBGN0051638	119	113	208	129	157	137
FBGN0031258	0	0	0	0	0	0
FBGN0031472	0	0	0	0	0	0
FBGN0265269	0	0	0	0	0	0
FBGN0031738	69	60	116	51	100	73
FBGN0024371	102	82	128	66	102	112
FBGN0026431	87	92	124	81	110	85
FBGN0031771	241	178	345	241	348	298
FBGN0040972	0	0	0	0	0	0
FBGN0005677	58	44	64	39	58	53
FBGN0028939	8	47	16	6	3	4
FBGN0024947	60	60	91	78	120	116
FBGN0053532	0	0	0	0	0	0
FBGN0264295	0	0	0	0	0	0
FBGN0032755	0	0	0	0	0	0
FBGN0043456	934	837	1456	893	1203	1115
FBGN0031981	138	102	190	143	180	176
FBGN0032860	0	2	0	0	0	0
FBGN0040705	0	0	0	0	0	0
FBGN0264087	0	0	0	0	0	0
FBGN0086447	58	73	89	41	42	38
FBGN0020309	768	625	1176	624	1057	945
FBGN0261871	0	0	0	0	0	0
FBGN0032253	5	11	5	2	3	1
FBGN0040963	0	0	0	0	0	0
FBGN0031275	0	0	0	0	0	0
FBGN0287204	45	48	99	64	49	69
FBGN0031375	0	1	0	0	0	0
FBGN0032059	26	26	33	12	36	20
FBGN0032635	245	223	338	212	250	280
FBGN0031257	0	0	0	0	0	0
FBGN0052982	92	62	121	75	148	124
FBGN0067311	0	0	0	0	0	0
FBGN0032262	0	0	0	0	0	0
FBGN0026787	24	18	19	4	18	15
FBGN0260933	2	1	7	2	2	3
FBGN0041183	15	13	21	8	7	1
FBGN0003502	355	225	407	308	406	350
FBGN0027582	290	249	391	250	338	292
FBGN0025674	68	56	68	60	87	99
FBGN0032694	52	45	86	35	49	53
FBGN0031935	0	0	0	0	0	0
FBGN0261571	0	0	0	0	0	0
FBGN0014076	0	0	0	0	0	0
FBGN0028913	0	0	0	0	0	0
FBGN0031277	0	0	0	0	0	0
FBGN0032295	39	16	73	39	50	52
FBGN0085200	0	0	0	0	0	0
FBGN0014417	7	12	16	15	12	6
FBGN0265256	0	0	0	0	0	0
FBGN0287768	183	123	159	149	159	183
FBGN0053898	0	0	0	0	0	0
FBGN0031866	0	0	0	0	0	0
FBGN0053861	0	0	0	0	0	0
FBGN0031322	23	27	45	32	31	53
FBGN0031412	0	0	0	0	0	0
FBGN0011829	1	0	0	2	0	0
FBGN0014179	0	0	0	0	0	0
FBGN0032397	210	142	240	144	286	222
FBGN0261805	0	0	0	0	0	0
FBGN0032812	50	37	50	20	43	48
FBGN0261963	12	14	13	7	20	10
FBGN0040964	23	32	48	32	25	32
FBGN0031250	28	34	44	38	67	55
FBGN0250843	851	626	1264	547	868	807
FBGN0021906	126	96	194	124	166	149
FBGN0032770	0	0	0	0	0	0
FBGN0032601	26	29	47	36	18	30
FBGN0265670	0	0	0	0	0	0
FBGN0032321	72	56	106	41	52	95
FBGN0053120	0	2	0	1	0	0
FBGN0261881	34	33	63	24	54	59
FBGN0264081	0	0	0	0	0	0
FBGN0003016	73	24	57	48	66	35
FBGN0031495	36	45	51	60	51	43
FBGN0010602	324	325	516	240	460	368
FBGN0040506	0	0	0	0	0	0
FBGN0002036	6	3	8	0	6	3
FBGN0031420	36	12	30	61	50	51
FBGN0031713	86	40	89	60	124	85
FBGN0002931	38	30	47	36	56	50
FBGN0051948	0	0	0	0	0	0
FBGN0032054	113	105	165	93	145	142
FBGN0031253	54	46	62	34	43	50
FBGN0031545	0	0	0	0	1	0
FBGN0032876	53	58	106	74	90	116
FBGN0263037	0	0	0	0	0	0
FBGN0031937	0	0	4	0	0	0
FBGN0085188	80	65	143	69	122	108
FBGN0032805	11	3	6	8	4	0
FBGN0013433	0	0	0	0	0	0
FBGN0064115	11	8	18	2	7	11
FBGN0032160	125	132	189	110	160	134
FBGN0032648	0	0	0	0	0	0
FBGN0085206	0	0	0	0	0	0
FBGN0053906	0	0	0	0	0	0
FBGN0031306	0	0	0	0	2	3
FBGN0032473	0	0	0	1	0	0
FBGN0023489	0	0	0	0	0	0
FBGN0051774	0	0	0	0	0	0
FBGN0085208	32	22	48	30	25	24
FBGN0032195	35	33	36	33	35	31
FBGN0026324	110	66	148	116	134	153
FBGN0011703	781	589	1131	598	856	1004
FBGN0265001	0	0	0	0	0	0
FBGN0031287	46	37	64	34	28	38
FBGN0040715	2	1	1	2	2	5
FBGN0053897	0	0	0	0	0	0
FBGN0026394	0	0	0	0	0	0
FBGN0032435	0	0	0	0	0	0
FBGN0031637	26	34	32	21	41	66
FBGN0264815	1	3	1	2	1	0
FBGN0003751	0	0	3	0	0	0
FBGN0261991	0	0	0	0	0	0
FBGN0028900	0	0	0	0	0	0
FBGN0032150	4	20	17	12	19	26
FBGN0053923	0	0	0	0	0	0
FBGN0042129	0	0	0	0	0	0
FBGN0032394	64	61	83	50	85	52
FBGN0011305	318	286	441	291	419	328
FBGN0085207	0	0	0	0	0	0
FBGN0024191	61	79	112	87	97	86
FBGN0032391	43	21	61	28	54	21
FBGN0031519	10	12	29	21	13	19
FBGN0002989	36	16	59	27	49	35
FBGN0032366	0	0	0	0	0	0
FBGN0031859	0	0	0	0	0	0
FBGN0263087	0	0	0	0	0	0
FBGN0031678	234	198	327	190	237	267
FBGN0032331	0	0	0	0	0	0
FBGN0040299	0	0	0	0	0	1
FBGN0031745	9	8	1	9	15	14
FBGN0052985	0	0	0	0	0	0
FBGN0032846	15	16	13	14	18	4
FBGN0032878	0	0	0	0	0	0
FBGN0031424	0	0	0	0	0	0
FBGN0032520	0	0	0	0	0	0
FBGN0031292	0	0	0	0	0	0
FBGN0029174	520	531	880	465	617	516
FBGN0003475	7	13	16	8	19	15
FBGN0053889	0	0	0	0	0	0
FBGN0032024	0	0	0	1	5	15
FBGN0032014	13	16	34	14	19	29
FBGN0031251	1	0	0	0	0	0
FBGN0031388	0	0	0	0	0	0
FBGN0032483	0	0	0	0	0	0
FBGN0001978	97	90	121	79	95	94
FBGN0031844	0	0	0	0	0	0
FBGN0040949	0	0	0	0	0	0
FBGN0021856	102	83	163	89	124	110
FBGN0031520	0	0	0	0	0	0
FBGN0053928	0	0	0	0	0	0
FBGN0028987	0	0	0	0	0	0
FBGN0032202	38	37	55	56	40	61
FBGN0001125	297	238	446	258	354	369
FBGN0051760	0	0	0	0	0	0
FBGN0031975	12	5	7	2	3	3
FBGN0026392	0	0	0	0	0	0
FBGN0032187	0	0	0	0	0	1
FBGN0032096	0	0	0	0	0	0
FBGN0265264	0	0	0	0	0	0
FBGN0040992	1	0	0	0	1	0
FBGN0259949	0	0	0	0	0	0
FBGN0086856	124	123	156	81	126	129
FBGN0051820	0	0	0	0	0	0
FBGN0002856	0	0	0	0	0	0
FBGN0263585	0	0	0	0	0	0
FBGN0031879	2971	1964	3513	2092	3718	3290
FBGN0265002	0	0	0	0	0	0
FBGN0031458	128	90	183	83	125	128
FBGN0004394	56	52	61	38	69	61
FBGN0051617	0	0	0	0	0	0
FBGN0052831	50	30	48	35	35	44
FBGN0085209	0	0	0	0	0	0
FBGN0031696	63	61	69	35	81	43
FBGN0032168	31	28	41	35	27	16
FBGN0032442	0	0	0	0	0	0
FBGN0004419	842	790	1348	769	1014	967
FBGN0028857	0	0	0	0	0	0
FBGN0261358	0	0	0	0	0	0
FBGN0283659	24	23	29	14	30	16
FBGN0041789	180	152	288	145	217	177
FBGN0032010	1	6	0	1	0	0
FBGN0011202	170	168	238	161	247	203
FBGN0031392	121	106	164	82	109	119
FBGN0267976	188	173	292	117	172	152
FBGN0261349	0	0	0	0	0	0
FBGN0032509	164	129	228	158	205	161
FBGN0261357	0	0	0	0	0	0
FBGN0051702	0	0	0	0	0	0
FBGN0032065	0	0	0	0	0	0
FBGN0032824	0	2	0	3	0	2
FBGN0032348	371	368	441	284	410	443
FBGN0031660	95	62	140	78	103	76
FBGN0031444	0	0	0	0	0	0
FBGN0031757	0	0	0	0	0	0
FBGN0011259	85	55	114	71	157	117
FBGN0041092	201	163	317	155	281	254
FBGN0040232	452	395	569	403	390	384
FBGN0040968	0	0	1	0	1	3
FBGN0032281	6	0	3	2	0	0
FBGN0011705	28	30	58	45	52	45
FBGN0051668	1	0	0	0	0	0
FBGN0032126	0	0	0	0	0	0
FBGN0004797	64	63	95	74	86	100
FBGN0032242	1114	988	1446	932	1069	1186
FBGN0031318	104	81	144	79	101	130
FBGN0032590	0	0	0	0	0	0
FBGN0003187	0	0	0	4	2	1
FBGN0085196	0	0	0	0	0	0
FBGN0032269	0	0	0	0	0	0
FBGN0026147	52	70	101	60	80	79
FBGN0032153	12	10	17	17	17	10
FBGN0028533	0	9	1	0	1	2
FBGN0032553	0	0	0	0	0	0
FBGN0032452	1	0	1	2	2	2
FBGN0051793	38	31	34	19	36	25
FBGN0000464	363	221	423	322	411	398
FBGN0051852	162	127	191	170	165	174
FBGN0032131	0	0	0	0	0	0
FBGN0032304	0	0	0	0	0	0
FBGN0016075	125	133	213	143	157	106
FBGN0053508	2	3	5	0	0	0
FBGN0286027	82	81	113	58	83	75
FBGN0051933	0	0	0	0	0	0
FBGN0286723	0	1	8	7	0	1
FBGN0010265	2038	1619	3228	1138	1772	1486
FBGN0031758	0	0	0	0	0	0
FBGN0031478	24	15	31	19	42	36
FBGN0031900	0	0	0	0	0	0
FBGN0032000	22	18	24	20	34	32
FBGN0027094	1114	1023	1840	953	1177	1305
FBGN0270924	420	253	424	242	367	306
FBGN0032398	131	107	234	163	237	201
FBGN0264922	629	696	1118	616	836	738
FBGN0031655	16	28	39	15	24	31
FBGN0041097	0	0	0	0	0	0
FBGN0284084	217	164	300	187	225	209
FBGN0027929	0	0	0	0	0	0
FBGN0019830	49	50	88	57	81	47
FBGN0040950	1	2	4	18	5	1082
FBGN0261697	0	0	0	0	0	0
FBGN0032799	90	77	151	79	131	94
FBGN0031894	80	65	100	44	63	68
FBGN0032087	0	0	0	0	0	0
FBGN0001994	442	377	557	371	528	489
FBGN0053852	0	0	0	0	0	0
FBGN0031469	0	0	0	0	0	0
FBGN0085339	12	9	13	2	4	9
FBGN0031631	28	18	38	44	37	39
FBGN0053899	0	0	0	0	0	0
FBGN0032154	3	7	11	1	9	6
FBGN0028990	281	245	388	361	498	443
FBGN0032645	0	0	0	0	0	0
FBGN0053814	0	0	0	0	0	0
FBGN0027592	172	158	225	128	205	149
FBGN0015797	77	94	97	66	112	64
FBGN0032346	34	43	69	27	40	60
FBGN0002525	2265	1823	3074	1768	2525	2710
FBGN0053121	0	0	0	0	0	0
FBGN0053816	0	0	0	0	0	0
FBGN0032421	122	101	194	110	169	178
FBGN0015772	48	33	81	42	77	83
FBGN0264742	28	36	46	26	27	29
FBGN0265262	2	7	1	1	4	2
FBGN0031952	63	53	69	59	86	55
FBGN0031703	4	6	0	15	3	11
FBGN0264340	0	0	0	0	0	0
FBGN0053882	0	0	0	0	0	0
FBGN0266521	608	625	1000	825	837	790
FBGN0031969	22	14	22	7	18	28
FBGN0032194	38	68	67	39	58	61
FBGN0031684	72	62	118	61	96	75
FBGN0031389	3	0	5	1	0	5
FBGN0032493	0	0	0	0	0	0
FBGN0031596	0	0	0	0	0	0
FBGN0051785	0	0	0	0	0	0
FBGN0051719	0	0	0	0	0	1
FBGN0031476	0	0	0	0	0	0
FBGN0032857	0	0	0	0	0	0
FBGN0005660	0	0	1	1	1	0
FBGN0028375	62	44	79	39	99	87
FBGN0041103	0	0	0	0	0	0
FBGN0051921	0	0	0	0	0	0
FBGN0086907	0	0	0	0	0	0
FBGN0011832	0	0	0	0	0	0
FBGN0031613	0	0	0	0	0	0
FBGN0032086	0	0	0	0	0	0
FBGN0051679	0	0	0	0	0	0
FBGN0053857	0	0	0	0	0	0
FBGN0264086	0	0	0	0	0	0
FBGN0051810	0	0	0	0	0	0
FBGN0031431	0	0	0	0	0	0
FBGN0051989	43	39	64	42	60	54
FBGN0026577	484	205	332	237	367	301
FBGN0031850	254	218	392	219	370	350
FBGN0031710	53	70	69	48	64	47
FBGN0053884	0	0	0	0	0	0
FBGN0001202	54	81	130	50	91	83
FBGN0053307	1	1	0	2	0	0
FBGN0032863	38	30	50	37	47	59
FBGN0261647	90	80	123	79	97	109
FBGN0031630	0	1	3	1	3	4
FBGN0032974	46	39	74	43	93	56
FBGN0032730	10	2	5	9	6	0
FBGN0031729	0	0	0	0	0	0
FBGN0040070	365	293	527	294	321	306
FBGN0024248	107	91	134	101	141	134
FBGN0058439	1	0	8	0	0	0
FBGN0284082	0	0	0	0	0	0
FBGN0031442	0	0	0	0	0	0
FBGN0031295	0	0	0	0	0	0
FBGN0051955	3	5	4	0	0	1
FBGN0051690	0	0	0	0	0	0
FBGN0262354	0	0	0	0	0	0
FBGN0032122	2	0	0	0	0	0
FBGN0024920	216	158	278	145	241	275
FBGN0004893	834	710	1132	817	1241	1078
FBGN0031610	2	4	9	1	8	3
FBGN0031996	136	146	176	148	202	173
FBGN0015808	137	112	208	124	179	164
FBGN0259965	0	0	0	0	0	0
FBGN0004407	11	12	13	7	16	23
FBGN0053300	0	0	0	0	0	0
FBGN0011230	1460	1074	1895	1131	1533	1349
FBGN0051876	0	0	0	0	0	0
FBGN0031544	134	138	233	123	232	198
FBGN0040010	127	136	158	129	181	108
FBGN0031299	0	0	0	0	0	0
FBGN0025686	0	0	0	0	0	8
FBGN0032681	27	27	52	21	40	25
FBGN0264895	64	65	100	73	112	77
FBGN0032235	0	0	0	0	0	5
FBGN0012036	52	88	80	42	32	40
FBGN0031450	132	121	222	151	205	205
FBGN0053834	1	0	0	0	3	1
FBGN0032896	0	0	0	0	0	0
FBGN0032068	0	0	0	0	0	1
FBGN0031936	0	0	0	0	0	0
FBGN0024734	75	65	113	79	127	83
FBGN0032981	0	0	0	0	0	0
FBGN0004507	332	303	563	308	590	554
FBGN0263026	0	0	0	0	0	0
FBGN0020880	0	0	2	0	1	0
FBGN0053860	0	0	0	0	0	0
FBGN0015400	0	6	0	1	0	0
FBGN0032318	0	0	0	0	0	0
FBGN0262877	0	0	0	0	0	0
FBGN0032682	98	84	123	84	174	155
FBGN0031244	7	2	20	10	22	18
FBGN0032211	0	0	0	0	0	0
FBGN0019890	271	292	411	209	293	284
FBGN0016930	199	137	281	230	260	225
FBGN0051789	0	0	0	0	0	0
FBGN0032669	0	0	0	0	3	0
FBGN0031566	29	19	69	45	53	59
FBGN0031997	31	16	31	33	43	42
FBGN0028887	0	0	0	0	0	0
FBGN0016054	19	27	34	8	3	3
FBGN0032117	4	3	11	4	7	11
FBGN0031494	42	52	79	36	46	37
FBGN0261531	0	0	0	0	0	0
FBGN0032313	0	0	0	0	0	0
FBGN0015803	54	32	67	41	60	67
FBGN0086130	53	32	69	30	49	35
FBGN0031288	0	0	0	0	0	0
FBGN0010612	289	293	541	210	327	308
FBGN0051792	0	0	0	0	0	0
FBGN0262872	131	99	220	84	175	204
FBGN0000052	271	174	363	168	245	292
FBGN0041250	0	0	0	0	0	0
FBGN0032178	1	0	0	0	0	0
FBGN0053116	55	48	93	46	85	76
FBGN0259960	0	0	0	0	0	0
FBGN0263234	0	0	0	0	0	1
FBGN0001301	135	91	159	113	141	142
FBGN0265607	0	0	0	0	0	0
FBGN0067779	99	86	127	72	132	104
FBGN0032522	0	0	0	0	0	0
FBGN0032465	93	56	177	91	128	121
FBGN0263256	24	49	43	22	47	46
FBGN0031419	13	6	12	8	9	8
FBGN0000588	26	13	34	16	32	34
FBGN0032017	23	23	46	39	24	23
FBGN0051716	262	278	391	248	358	343
FBGN0032048	0	0	0	0	0	0
FBGN0028534	3	13	0	0	0	0
FBGN0051730	0	0	0	0	0	0
FBGN0031409	0	0	0	0	0	0
FBGN0262814	0	0	0	0	0	0
FBGN0031428	10	8	12	3	10	12
FBGN0028903	0	0	0	0	0	0
FBGN0011207	40	37	86	38	45	50
FBGN0051637	35	25	45	20	52	39
FBGN0031283	0	0	0	0	0	0
FBGN0032614	0	1	0	0	2	0
FBGN0267327	0	0	0	0	0	0
FBGN0262743	960	751	1322	821	1145	1140
FBGN0032889	199	178	364	228	377	278
FBGN0003141	50	50	83	59	80	64
FBGN0054003	1	3	0	2	0	1
FBGN0041781	72	66	109	64	102	74
FBGN0031530	26	12	36	6	21	26
FBGN0032376	0	0	0	0	0	0
FBGN0000320	49	48	48	37	86	43
FBGN0032563	0	0	0	0	0	0
FBGN0032205	10	7	27	4	4	10
FBGN0025724	695	571	1000	585	782	730
FBGN0264743	16	12	13	16	23	20
FBGN0032364	0	0	0	0	0	0
FBGN0028950	0	0	0	0	0	0
FBGN0032877	18	8	14	4	8	8
FBGN0031220	0	1	5	0	2	0
FBGN0032471	0	0	0	0	0	0
FBGN0032588	0	0	0	0	0	0
FBGN0051870	0	0	0	0	0	0
FBGN0264990	0	0	0	0	0	0
FBGN0005664	0	0	0	0	0	0
FBGN0264432	0	0	0	0	0	0
FBGN0051867	0	0	0	0	0	0
FBGN0264543	0	0	0	0	0	0
FBGN0053113	536	548	923	598	959	712
FBGN0028858	0	0	0	0	0	0
FBGN0262599	0	0	0	0	0	0
FBGN0031422	19	11	28	24	19	20
FBGN0032715	38	39	85	31	50	26
FBGN0053510	0	0	0	0	0	1
FBGN0004872	3	4	4	3	3	11
FBGN0031294	0	0	0	0	0	0
FBGN0032370	0	0	0	0	0	0
FBGN0086683	179	172	228	128	170	161
FBGN0031505	87	83	138	103	121	87
FBGN0028901	0	0	0	0	0	0
FBGN0032260	0	0	0	0	0	0
FBGN0028896	0	0	0	0	0	1
FBGN0083973	0	0	0	0	0	0
FBGN0051924	0	0	0	0	0	0
FBGN0263133	92	76	112	93	88	117
FBGN0053509	1	0	2	0	0	0
FBGN0058006	33	39	42	22	22	43
FBGN0031779	42	39	54	34	49	61
FBGN0031876	20	6	20	15	18	15
FBGN0002593	840	976	1516	563	1086	935
FBGN0259957	0	0	0	0	0	0
FBGN0042175	4	5	5	0	4	0
FBGN0012037	858	700	1559	1376	1738	1299
FBGN0031522	0	0	0	0	0	0
FBGN0031602	0	0	0	0	0	0
FBGN0041723	0	1	5	2	0	0
FBGN0031768	27	24	23	25	42	25
FBGN0040508	0	0	0	0	0	0
FBGN0283652	59	70	91	48	70	62
FBGN0031451	1	6	1	6	0	0
FBGN0003209	66	40	83	51	100	86
FBGN0262358	0	0	0	0	0	0
FBGN0053907	0	0	0	0	0	0
FBGN0003430	0	1	0	0	0	0
FBGN0024740	0	0	0	0	0	0
FBGN0011818	68	50	88	57	76	100
FBGN0032731	50	50	56	47	41	41
FBGN0031286	32	30	69	22	16	26
FBGN0032290	32	39	66	42	72	76
FBGN0031737	1	0	2	0	0	1
FBGN0027568	643	554	795	535	628	668
FBGN0031721	0	0	0	0	0	0
FBGN0032884	257	200	346	186	266	261
FBGN0028707	16	10	32	13	11	30
FBGN0028542	3	3	4	1	1	2
FBGN0032809	0	0	0	0	0	0
FBGN0032336	0	0	1	0	0	0
FBGN0032790	20	19	41	17	14	28
FBGN0028658	6	6	22	9	9	11
FBGN0031817	10	5	25	6	10	7
FBGN0001942	4199	3473	5988	3037	3906	4349
FBGN0027600	323	295	460	257	382	354
FBGN0031592	0	0	0	0	0	0
FBGN0031728	0	0	0	4	1	0
FBGN0024291	271	206	293	183	254	338
FBGN0031414	0	0	0	0	0	0
FBGN0053124	0	0	0	0	0	0
FBGN0085422	0	0	0	0	0	0
FBGN0015834	440	441	822	387	620	531
FBGN0028870	0	0	0	0	0	0
FBGN0283678	0	0	0	0	0	0
FBGN0086779	41	29	77	46	45	53
FBGN0051902	0	0	0	0	0	0
FBGN0031920	0	0	0	0	0	0
FBGN0028866	0	0	0	0	0	0
FBGN0028482	0	1	0	0	0	1
FBGN0031913	1	30	21	4	2	3
FBGN0032330	140	111	186	156	192	147
FBGN0020429	0	0	1	0	0	0
FBGN0053831	0	0	0	0	0	0
FBGN0032600	163	121	169	126	179	148
FBGN0053903	0	0	0	0	0	0
FBGN0031483	25	24	48	23	24	30
FBGN0040967	0	0	0	0	0	0
FBGN0031926	23	45	34	36	59	37
FBGN0004811	69	72	153	72	121	119
FBGN0031766	5	6	7	2	10	13
FBGN0031769	1012	819	1373	825	1297	1223
FBGN0032929	70	64	92	90	77	85
FBGN0263354	0	0	0	0	0	0
FBGN0032835	0	0	0	0	0	0
FBGN0010263	0	0	0	0	0	0
FBGN0013531	63	51	131	76	103	99
FBGN0259950	0	4	0	0	0	0
FBGN0032280	6	3	46	7	0	0
FBGN0032486	26	18	24	7	18	10
FBGN0032428	0	3	0	0	0	3
FBGN0052463	0	0	0	0	0	0
FBGN0286781	403	363	631	349	427	378
FBGN0043002	100	74	129	64	86	96
FBGN0044811	0	0	0	0	0	0
FBGN0031310	85	67	99	47	86	69
FBGN0053893	0	0	0	0	0	0
FBGN0031661	105	95	163	72	135	118
FBGN0004620	0	0	0	0	0	0
FBGN0053851	0	0	0	0	0	0
FBGN0032706	0	0	0	0	0	0
FBGN0020906	0	3	0	1	0	1
FBGN0053648	0	0	0	0	0	0
FBGN0031877	15	10	16	9	20	34
FBGN0032457	0	0	0	0	0	0
FBGN0261597	881	772	1681	561	871	791
FBGN0032388	253	248	264	171	262	221
FBGN0020497	889	802	1287	830	1022	998
FBGN0032311	0	0	0	0	0	0
FBGN0028516	0	0	0	0	0	0
FBGN0032925	367	362	520	279	357	355
FBGN0053841	0	0	0	0	0	0
FBGN0032489	0	0	0	0	0	0
FBGN0250785	424	329	492	360	497	449
FBGN0263080	0	0	0	0	0	0
FBGN0263314	0	0	0	0	0	0
FBGN0053310	0	0	0	0	0	0
FBGN0032703	73	57	110	80	70	46
FBGN0032101	38	33	62	17	54	40
FBGN0261830	0	0	0	0	0	0
FBGN0250847	0	0	0	0	0	0
FBGN0031853	0	0	0	0	0	0
FBGN0031307	509	346	584	440	594	605
FBGN0010422	177	155	224	166	198	141
FBGN0031986	0	0	0	0	0	0
FBGN0267252	0	0	0	0	0	0
FBGN0031536	40	28	67	29	81	49
FBGN0000075	49	22	68	36	82	60
FBGN0002938	4	0	1	5	5	1
FBGN0031736	85	98	134	108	118	150
FBGN0053864	0	0	0	0	0	0
FBGN0051740	0	0	0	0	0	0
FBGN0000286	30	23	42	23	41	25
FBGN0028897	26	8	31	13	31	18
FBGN0051626	0	0	0	0	0	0
FBGN0026397	0	0	0	0	0	0
FBGN0014127	356	299	473	292	352	385
FBGN0261239	119	85	162	101	117	144
FBGN0264744	8	18	23	7	18	15
FBGN0011294	0	0	0	0	0	0
FBGN0005617	227	115	225	167	193	173
FBGN0053876	0	0	0	0	0	0
FBGN0260453	0	0	0	0	0	0
FBGN0032312	0	0	0	0	0	0
FBGN0031882	15	9	8	7	16	16
FBGN0053281	0	0	0	0	0	0
FBGN0051926	0	0	0	0	0	0
FBGN0267330	163	141	254	126	249	165
FBGN0032322	0	1	3	2	0	3
FBGN0028703	13	17	28	35	33	35
FBGN0032244	163	95	224	95	187	180
FBGN0019686	93	71	102	86	114	148
FBGN0032853	0	0	0	0	0	0
FBGN0032919	191	183	375	165	174	174
FBGN0015035	0	0	0	0	0	0
FBGN0032250	106	101	131	101	97	97
FBGN0014857	282	265	496	269	424	391
FBGN0040102	8	6	4	0	4	3
FBGN0031716	0	0	0	0	0	0
FBGN0286786	328	269	490	272	304	352
FBGN0032864	581	405	738	485	717	753
FBGN0021761	492	385	592	394	506	534
FBGN0032740	0	0	0	0	0	0
FBGN0028490	90	73	146	54	69	54
FBGN0020503	126	81	143	92	148	139
FBGN0287724	0	0	0	0	2	1
FBGN0031990	204	146	247	219	254	245
FBGN0032033	14	17	13	24	18	15
FBGN0020415	2	4	7	2	3	10
FBGN0032644	33	39	51	24	35	43
FBGN0032796	79	77	97	82	107	100
FBGN0065109	0	0	0	0	0	0
FBGN0032109	0	0	0	0	0	0
FBGN0053846	0	0	0	0	0	0
FBGN0031261	5	4	2	3	5	1
FBGN0053855	0	0	0	0	0	0
FBGN0051673	39	27	63	60	85	45
FBGN0053868	0	1	4	4	1	0
FBGN0085197	0	0	0	0	0	0
FBGN0000317	373	178	362	196	336	230
FBGN0259229	0	0	0	2	0	0
FBGN0031603	52	35	68	20	43	40
FBGN0032053	82	68	101	67	94	87
FBGN0002566	98	93	137	77	117	80
FBGN0051643	22	18	25	6	18	20
FBGN0051663	0	0	0	0	0	0
FBGN0004567	0	0	0	0	0	0
FBGN0031485	78	74	99	74	64	64
FBGN0031496	0	0	2	0	0	0
FBGN0028544	51	101	67	43	40	93
FBGN0051612	3	6	8	6	13	6
FBGN0031390	427	354	718	376	512	502
FBGN0051788	0	0	0	0	0	0
FBGN0031972	12	27	36	31	34	30
FBGN0001170	1	6	5	11	3	8
FBGN0267365	58	47	83	86	54	48
FBGN0286898	315	264	406	251	443	346
FBGN0032416	0	0	0	0	0	0
FBGN0265138	0	0	0	0	0	0
FBGN0260446	0	0	0	0	0	0
FBGN0032779	8	7	10	10	14	17
FBGN0287218	0	0	0	0	0	0
FBGN0032595	24	14	52	19	16	17
FBGN0262140	0	0	0	0	0	0
FBGN0029161	57	39	66	50	68	35
FBGN0003607	480	592	794	433	525	460
FBGN0031460	0	0	0	0	0	0
FBGN0029137	2	0	1	0	0	0
FBGN0264308	1	1	1	1	0	0
FBGN0262786	0	0	0	0	0	0
FBGN0011291	71	53	77	29	69	47
FBGN0032419	0	0	0	0	0	0
FBGN0031337	0	0	0	0	0	0
FBGN0001989	59	57	127	50	87	68
FBGN0040958	0	1	4	9	7	486
FBGN0031770	0	0	0	0	0	0
FBGN0032147	30	31	38	20	30	28
FBGN0031622	0	0	0	0	1	0
FBGN0053809	0	0	0	0	0	0
FBGN0028398	89	45	113	63	125	67
FBGN0031939	0	6	3	2	0	1
FBGN0032850	0	0	0	0	0	0
FBGN0031571	662	598	954	651	851	816
FBGN0031533	0	0	0	0	0	0
FBGN0264433	0	0	0	0	0	0
FBGN0000547	2935	2409	3725	2825	3680	3572
FBGN0003270	0	0	0	0	0	0
FBGN0264362	0	0	0	0	0	0
FBGN0031216	396	345	555	345	332	318
FBGN0032577	0	0	0	0	0	0
FBGN0004867	1331	1305	2175	1250	2321	1973
FBGN0002673	6	5	4	8	18	8
FBGN0263094	0	0	0	0	0	0
FBGN0032495	15	11	12	18	15	11
FBGN0086855	168	124	228	116	157	156
FBGN0032104	0	0	0	0	0	0
FBGN0032026	175	160	224	168	226	152
FBGN0263200	12	9	14	13	18	11
FBGN0053888	0	0	0	0	0	0
FBGN0051908	46	46	61	28	68	50
FBGN0287234	19	16	30	10	13	16
FBGN0031747	0	0	0	0	0	65
FBGN0032518	858	762	1582	525	778	711
FBGN0032002	0	0	0	0	0	0
FBGN0031498	4	3	9	5	7	2
FBGN0031517	0	0	1	0	0	0
FBGN0031995	82	62	104	83	85	98
FBGN0000182	0	0	0	0	1	0
FBGN0263079	0	0	0	0	0	0
FBGN0083960	0	0	1	0	0	0
FBGN0053815	0	0	0	0	0	0
FBGN0032632	0	0	0	0	0	0
FBGN0000055	11	26	173	38	8	2
FBGN0031791	0	5	0	0	0	0
FBGN0051634	0	0	0	0	0	0
FBGN0031489	0	0	1	0	0	0
FBGN0032839	0	0	0	0	0	0
FBGN0031834	2	3	2	0	0	0
FBGN0053196	3277	2053	3460	1987	2991	2705
FBGN0013810	1	0	0	0	0	0
FBGN0031440	0	0	0	0	0	0
FBGN0064225	4593	4013	6727	3056	3823	4024
FBGN0031692	0	1	0	0	0	0
FBGN0002021	38	27	46	39	49	31
FBGN0023415	0	0	0	0	0	0
FBGN0032880	428	365	542	435	612	518
FBGN0032515	54	49	76	37	56	66
FBGN0031720	0	0	0	0	0	0
FBGN0021967	94	93	153	89	98	86
FBGN0032753	0	0	0	0	0	0
FBGN0261627	0	0	0	0	0	0
FBGN0053818	0	0	0	0	0	0
FBGN0053891	0	0	0	0	0	0
FBGN0032381	0	0	0	0	0	1
FBGN0032016	77	57	126	68	96	58
FBGN0031740	57	22	45	18	57	54
FBGN0032879	0	0	0	0	0	0
FBGN0040097	0	0	0	0	0	0
FBGN0263082	0	0	0	0	0	0
FBGN0032222	15	7	28	10	23	12
FBGN0031662	50	72	90	45	139	66
FBGN0053531	25	18	20	13	10	26
FBGN0014033	8	1	4	4	3	0
FBGN0011274	4	11	7	5	4	6
FBGN0032022	8	11	3	5	9	7
FBGN0031829	0	0	0	0	0	0
FBGN0028537	0	0	0	0	0	0
FBGN0040496	50	53	88	31	57	33
FBGN0031826	0	0	0	0	0	0
FBGN0032961	262	232	283	173	189	195
FBGN0031249	0	0	0	0	0	0
FBGN0067622	20	10	31	14	15	14
FBGN0032406	0	0	0	0	0	0
FBGN0000061	59	43	72	62	94	90
FBGN0032871	2	1	0	0	0	0
FBGN0001086	328	271	502	288	455	405
FBGN0259151	0	0	0	0	0	0
FBGN0031951	52	34	68	42	48	43
FBGN0264363	0	0	0	0	0	0
FBGN0053854	0	0	0	0	0	0
FBGN0259716	0	17	1	0	2	1
FBGN0031298	56	43	64	42	47	63
FBGN0031929	0	0	0	0	0	0
FBGN0027586	0	1	0	0	0	0
FBGN0032467	355	302	443	321	430	433
FBGN0051866	5	6	2	1	5	3
FBGN0250786	298	248	400	206	363	362
FBGN0259954	0	0	0	0	0	0
FBGN0031988	89	63	127	65	90	118
FBGN0032868	0	0	0	0	0	0
FBGN0287788	27	29	51	44	31	41
FBGN0261836	2750	1487	2388	1614	2374	1912
FBGN0010097	0	0	1	1	2	0
FBGN0031633	90	75	137	53	86	109
FBGN0053874	0	0	0	0	0	0
FBGN0041111	95	46	91	61	88	90
FBGN0051975	0	0	3	0	0	0
FBGN0031730	0	0	0	0	0	0
FBGN0032006	122	73	127	28	82	67
FBGN0041180	656	562	924	600	709	694
FBGN0031772	45	47	63	30	59	43
FBGN0032521	59	60	72	67	63	52
FBGN0085192	30	34	44	50	26	64
FBGN0286198	16	24	4	3	7	4
FBGN0262999	0	0	0	0	0	0
FBGN0032704	99	67	164	114	162	108
FBGN0031792	0	0	0	0	0	0
FBGN0032271	0	0	0	0	0	0
FBGN0032240	128	116	214	124	156	143
FBGN0031961	124	90	174	95	108	107
FBGN0031313	0	1	5	1	1	0
FBGN0032181	0	0	0	0	0	0
FBGN0031731	0	0	0	0	0	0
FBGN0031906	0	0	1	0	0	0
FBGN0031597	24	29	30	33	32	18
FBGN0031344	5	3	11	14	11	8
FBGN0032969	0	0	0	0	0	0
FBGN0032817	161	92	191	103	161	129
FBGN0086710	624	557	912	346	565	583
FBGN0022069	368	373	499	318	403	370
FBGN0031606	72	47	117	76	100	85
FBGN0053543	0	0	0	0	0	0
FBGN0027081	690	598	1005	616	777	805
FBGN0010607	42	40	80	25	37	66
FBGN0031776	218	152	281	147	167	172
FBGN0032192	64	43	82	46	43	63
FBGN0031907	3	5	4	0	3	0
FBGN0053845	0	0	0	0	0	0
FBGN0264978	127	111	167	89	129	134
FBGN0028675	0	0	0	2	0	1
FBGN0020618	2758	2043	3656	2044	3567	3668
FBGN0028425	73	61	157	63	123	87
FBGN0053842	0	0	0	0	0	0
FBGN0032724	21	15	28	8	14	20
FBGN0086912	97	85	119	59	78	103
FBGN0031636	0	0	0	0	0	0
FBGN0266445	0	0	0	0	1	0
FBGN0052984	0	0	0	0	0	0
FBGN0032789	1	0	0	0	0	0
FBGN0265668	0	0	0	0	0	0
FBGN0265778	213	138	216	137	185	182
FBGN0051694	153	152	246	118	154	149
FBGN0031471	0	1	0	0	0	0
FBGN0085407	16	8	4	7	17	6
FBGN0003963	96	61	87	71	112	95
FBGN0014010	211	209	370	178	252	190
FBGN0016675	1	0	0	0	0	0
FBGN0065110	0	0	0	0	0	0
FBGN0267255	0	0	0	0	0	0
FBGN0000180	289	187	437	298	401	336
FBGN0053909	0	0	0	0	0	0
FBGN0264343	0	0	0	0	0	0
FBGN0031955	0	0	0	0	0	0
FBGN0051704	0	0	0	0	0	0
FBGN0267489	0	0	0	0	0	0
FBGN0046697	0	0	0	0	0	0
FBGN0001313	0	0	0	0	0	0
FBGN0267592	0	0	0	0	0	0
FBGN0267432	0	0	0	0	0	0
FBGN0046698	0	0	0	0	0	0
FBGN0267903	0	0	0	0	0	0
FBGN0267490	0	0	0	0	0	0
FBGN0267412	0	0	0	0	0	0
FBGN0265047	4	1	4	1	0	4
FBGN0261399	0	0	0	0	0	0
FBGN0058064	0	0	0	0	0	0
FBGN0267904	0	0	0	0	0	0
FBGN0267411	0	0	0	0	0	0
FBGN0267413	0	0	0	0	0	0
FBGN0267449	0	0	0	0	0	0
FBGN0267492	0	0	0	0	0	0
FBGN0267905	0	0	0	0	0	0
FBGN0267433	0	0	0	0	0	0
FBGN0046323	0	0	0	0	0	0
FBGN0267417	0	0	0	0	0	0
FBGN0267491	0	0	0	0	0	0
FBGN0267493	0	0	0	0	0	0
FBGN0039925	0	0	0	0	0	0
FBGN0042696	0	0	0	0	0	0
FBGN0039929	158	154	233	134	134	126
FBGN0002521	162	126	215	146	145	146
FBGN0005558	0	1	1	0	0	0
FBGN0028996	0	0	0	0	0	0
FBGN0287597	17	14	38	12	12	19
FBGN0004607	886	644	1156	760	899	979
FBGN0263112	130	104	151	86	104	123
FBGN0052000	221	151	291	173	137	160
FBGN0039923	140	102	196	158	128	123
FBGN0039937	0	0	0	0	0	0
FBGN0259216	0	0	0	0	0	0
FBGN0039915	0	4	1	1	0	1
FBGN0039889	51	55	75	45	50	55
FBGN0039897	10	8	14	16	14	6
FBGN0010217	2652	2615	4555	2741	3337	3186
FBGN0004859	890	765	1237	765	888	904
FBGN0039924	202	234	304	205	194	207
FBGN0019985	0	0	1	0	0	0
FBGN0022361	28	22	25	28	32	38
FBGN0053978	225	198	281	112	169	142
FBGN0016126	50	65	76	47	68	49
FBGN0019650	0	1	0	0	0	0
FBGN0023213	2046	1727	2873	1715	2176	1967
FBGN0005561	0	0	0	0	2	0
FBGN0039909	499	472	725	507	614	553
FBGN0027101	115	125	186	125	115	124
FBGN0039920	51	44	81	32	39	37
FBGN0039900	0	0	0	0	0	0
FBGN0087002	67	301	466	139	19	26
FBGN0025741	1221	1078	1514	1078	1391	1245
FBGN0053481	0	2	0	0	0	0
FBGN0051998	500	395	605	461	505	400
FBGN0262636	0	0	0	0	0	0
FBGN0039932	1	0	1	0	0	0
FBGN0024728	133	73	149	88	78	108
FBGN0052016	200	211	306	256	232	211
FBGN0040324	100	139	176	104	127	153
FBGN0039896	1	1	1	2	0	0
FBGN0026777	374	293	513	295	324	344
FBGN0025740	208	190	283	231	216	200
FBGN0259214	1158	1030	1527	1251	1301	1354
FBGN0052017	2	0	0	0	2	1
FBGN0267363	0	0	0	0	0	0
FBGN0024811	120	128	166	112	123	125
FBGN0262731	28	26	37	32	17	16
FBGN0085432	135	109	167	85	141	118
FBGN0051992	711	578	1007	746	876	830
FBGN0053653	4	6	1	0	1	0
FBGN0039911	3	0	2	0	0	0
FBGN0051999	29	14	34	44	39	14
FBGN0017545	3999	3768	6438	2893	3088	3167
FBGN0026262	223	174	314	166	223	212
FBGN0039908	25	21	39	29	63	40
FBGN0264607	48	60	125	52	55	36
FBGN0011747	616	515	856	522	648	606
FBGN0039928	554	479	707	502	511	605
FBGN0039904	698	585	830	564	680	654
FBGN0039936	417	339	619	383	462	423
FBGN0039927	0	2	8	0	2	0
FBGN0039930	30	23	35	11	34	23
FBGN0026869	228	235	357	244	357	333
FBGN0039890	149	177	217	218	228	228
FBGN0051997	326	324	570	508	572	519
FBGN0024913	0	0	0	0	0	0
FBGN0039907	220	206	295	204	227	251
FBGN0039916	0	0	0	0	0	0
FBGN0011642	115	99	134	82	94	62
FBGN0250819	0	0	2	0	3	0
FBGN0052850	31	23	33	24	19	21
FBGN0039902	94	67	114	92	101	88
FBGN0039938	8	31	38	21	24	15
FBGN0005666	5	4	8	7	6	3
FBGN0025726	77	54	50	69	121	59
FBGN0052006	0	0	0	0	0	0
FBGN0013749	322	245	447	306	348	283
FBGN0026199	52	66	84	87	96	63
FBGN0025936	376	292	454	359	416	368
FBGN0039914	60	62	54	58	67	51
FBGN0013680	0	0	0	0	0	0
FBGN0013676	0	0	0	0	0	0
FBGN0013681	0	0	0	0	0	0
FBGN0013678	0	0	0	0	0	0
FBGN0013672	0	0	0	0	0	0
FBGN0013674	0	0	0	0	0	0
FBGN0262952	0	0	0	0	0	0
FBGN0013684	0	0	0	0	0	0
FBGN0013679	0	0	0	0	0	0
FBGN0013685	0	0	0	0	0	0
FBGN0013673	0	0	0	0	0	0
FBGN0013675	0	0	0	0	0	0
FBGN0013683	0	0	0	0	0	0
FBGN0261386	0	0	0	0	0	0
FBGN0040038	0	0	0	0	0	0
FBGN0085692	0	0	0	0	0	0
FBGN0259817	0	0	0	0	0	0
FBGN0085506	0	0	0	0	0	0
