Geneid	Xrp1_C_RNA	Xrp1_B_RNA	Xrp1_A_RNA	RpS12_RpS3_C_RNA	RpS12_RpS3_B_RNA	RpS12_RpS3_A_RNA
FBGN0038542	53	31	28	101	15	58
FBGN0039592	26	12	10	0	36	14
FBGN0038067	10	13	20	9	19	7
FBGN0039602	3263	3389	3395	3265	4577	2673
FBGN0264897	10	3	0	0	0	0
FBGN0038565	21	57	0	43	18	38
FBGN0039331	23	18	9	40	57	51
FBGN0019972	5216	5512	5871	6066	8313	5098
FBGN0046873	3	1	4	0	0	10
FBGN0038756	5	2	14	0	0	8
FBGN0039627	1070	1270	1171	1497	2193	1253
FBGN0039436	49	23	16	26	62	48
FBGN0051092	16696	17722	17266	18351	24413	14894
FBGN0039089	19	37	25	4	13	50
FBGN0064119	43	13	63	22	30	39
FBGN0250820	1852	2360	2298	2189	2456	1548
FBGN0284229	0	0	0	0	1	0
FBGN0038886	75	17	17	19	26	19
FBGN0038243	62	53	84	79	90	115
FBGN0283468	7205	8343	7814	7107	11265	7142
FBGN0038598	159	148	197	247	238	102
FBGN0038407	231	102	156	208	230	141
FBGN0038627	641	635	551	372	391	323
FBGN0027654	45	67	132	81	97	116
FBGN0037236	4445	4423	4514	5391	7409	5200
FBGN0003890	2907	3156	3832	358	579	415
FBGN0000463	13840	15518	14346	13486	18540	12283
FBGN0039761	15	2	2	10	4	7
FBGN0051415	65	14	13	36	32	12
FBGN0037970	66	91	78	43	99	90
FBGN0051463	38	14	27	8	9	28
FBGN0051077	61	11	42	32	36	16
FBGN0037723	2367	3070	2941	3731	5840	3284
FBGN0028374	7	5	0	25	0	2
FBGN0004622	52	26	18	30	0	38
FBGN0053207	1823	1933	2255	2026	2475	1865
FBGN0038890	3618	3985	3972	3982	5168	3360
FBGN0010770	3178	3764	3161	3973	5807	3861
FBGN0046763	8628	9942	8826	8497	10582	8333
FBGN0038465	92	145	38	270	350	170
FBGN0038402	30	10	22	38	3	8
FBGN0261108	3108	3513	3984	4100	4897	3431
FBGN0039087	17	10	10	29	28	11
FBGN0262605	3	18	0	19	16	4
FBGN0263040	39	2	18	47	16	16
FBGN0020907	5	7	14	6	7	2
FBGN0038903	494	781	804	810	1735	1023
FBGN0037472	1550	2030	1809	1649	2454	1324
FBGN0263977	5166	6280	5694	6847	9398	6317
FBGN0261060	6	0	1	10	0	0
FBGN0015568	35	24	45	66	56	34
FBGN0011270	30	0	7	15	6	19
FBGN0051116	132	92	59	64	129	132
FBGN0262577	19	16	12	15	39	64
FBGN0039030	19	11	8	28	42	10
FBGN0053105	4933	5353	5730	6997	10272	6214
FBGN0037516	2	7	1	2	0	1
FBGN0051265	34	12	0	6	7	3
FBGN0051163	21494	23790	23948	20850	29045	17938
FBGN0039189	2140	2836	2305	3010	3691	2863
FBGN0039858	28249	32041	32491	29287	42180	23336
FBGN0261561	592	500	520	350	786	340
FBGN0002905	10755	12171	11882	11402	15427	10747
FBGN0003676	16956	20610	20742	20823	28958	17603
FBGN0040629	1	8	6	0	0	20
FBGN0038246	26	24	23	24	2	6
FBGN0043005	73	16	7	38	13	34
FBGN0038815	3175	2876	3485	2792	4526	2494
FBGN0015569	327	290	232	168	316	271
FBGN0038960	8	15	10	37	14	44
FBGN0067317	7	8	2	23	34	16
FBGN0039544	2949	3447	3160	3302	5111	3214
FBGN0038356	4	2	4	0	6	7
FBGN0051437	31	28	30	10	15	21
FBGN0028400	15	2	32	52	46	42
FBGN0039233	1368	1652	1662	1770	2501	1589
FBGN0288631	4061	4765	4776	4759	6128	4352
FBGN0039225	43	58	34	73	90	32
FBGN0051327	51	30	35	16	5	58
FBGN0261290	12	5	6	0	2	0
FBGN0002609	2345	2413	2604	1922	3251	1957
FBGN0051013	31	13	12	48	1	51
FBGN0037898	49	174	121	236	301	157
FBGN0051206	45	18	2	28	0	8
FBGN0038037	371	306	413	537	891	256
FBGN0037449	10	10	8	27	12	2
FBGN0002924	12514	12496	14188	16793	24250	14624
FBGN0037623	915	933	1092	1434	2068	1071
FBGN0038989	3394	4125	4355	4802	7136	4110
FBGN0038526	14	1	2	8	7	5
FBGN0038203	0	21	18	3	0	8
FBGN0037608	1542	2028	2002	2130	3551	1997
FBGN0260713	10	32	9	18	11	14
FBGN0037483	69	58	91	32	80	78
FBGN0028476	6186	6681	6913	5891	8790	4970
FBGN0038046	3982	4182	4905	5153	7416	3732
FBGN0051202	36	60	46	37	6	56
FBGN0039147	28	43	10	66	3	49
FBGN0038349	1363	1568	1897	3217	4470	2633
FBGN0010441	1752	2284	2405	2793	3576	2408
FBGN0039402	1527	1651	1768	1618	2672	1747
FBGN0037715	160	188	252	464	627	369
FBGN0010399	82	91	42	49	28	78
FBGN0267975	2602	3922	3435	3424	4970	3433
FBGN0015331	3775	4602	4375	4373	6911	3783
FBGN0027948	38776	39971	40575	40951	55547	35531
FBGN0011655	6215	6346	7327	5670	8732	5313
FBGN0266758	341	431	462	2104	2929	2206
FBGN0004781	50	13	11	2	24	37
FBGN0085346	237	289	504	435	648	431
FBGN0039075	166	159	75	28	92	111
FBGN0000274	22	11	19	28	25	46
FBGN0039448	6	9	6	0	12	5
FBGN0003356	261	42	60	379	360	720
FBGN0039094	90	104	78	130	58	72
FBGN0010044	9	0	2	0	0	14
FBGN0051223	792	973	1192	1291	2111	1078
FBGN0263490	18010	20067	19828	20155	28174	17408
FBGN0250910	65	77	62	49	12	57
FBGN0262617	6161	7098	6803	5917	8543	5020
FBGN0038360	1595	1847	1631	2049	2554	1608
FBGN0051352	21376	22511	24269	38215	54605	33660
FBGN0037290	27	9	37	16	40	54
FBGN0038069	8	39	8	44	20	52
FBGN0037262	2661	3357	3086	3326	4759	2620
FBGN0045473	35	27	20	20	10	16
FBGN0039840	37	33	1	21	8	23
FBGN0037679	1137	1008	1173	1086	1302	1169
FBGN0039282	75	52	72	73	52	47
FBGN0037896	65	10	33	22	12	58
FBGN0266668	1923	1985	1707	2419	3249	2126
FBGN0037363	5247	6043	6043	5095	7435	3941
FBGN0014018	4646	4775	5008	5385	7573	4844
FBGN0037552	836	970	856	1602	2317	1200
FBGN0037488	24	32	3	55	2	22
FBGN0038597	3146	3423	4018	3934	6289	3396
FBGN0082582	8846	8981	9255	9822	13436	8569
FBGN0040279	381	338	393	1088	1135	977
FBGN0261844	1724	1456	2092	2056	2705	1635
FBGN0002868	26	33	57	127	174	85
FBGN0037589	53	30	76	107	40	50
FBGN0038468	70	31	57	67	46	56
FBGN0010389	1131	1818	1791	1839	2454	1466
FBGN0039371	9	7	3	23	6	30
FBGN0259152	4480	5283	4593	5072	7325	5108
FBGN0051560	24	7	1	5	0	4
FBGN0037782	13	13	0	38	3	25
FBGN0039347	69	67	59	20	96	34
FBGN0037668	58	46	47	88	33	51
FBGN0038881	19819	22147	21137	16328	23717	15083
FBGN0011669	12	0	5	8	8	7
FBGN0038796	5	6	11	0	30	20
FBGN0038014	34	42	36	98	65	79
FBGN0038210	8	2	11	15	0	0
FBGN0041621	47	19	7	26	0	10
FBGN0037911	486	584	580	575	974	611
FBGN0037685	7	8	4	54	14	16
FBGN0039015	32	35	13	26	24	45
FBGN0037254	96	49	35	77	43	34
FBGN0266137	36	67	23	65	55	73
FBGN0053337	51	36	27	4	6	29
FBGN0038460	4	7	10	15	38	6
FBGN0261053	17567	18617	18704	21038	28126	18461
FBGN0037375	114	52	76	23	18	33
FBGN0014930	351	602	610	563	1392	551
FBGN0037626	12	12	5	73	7	29
FBGN0051051	236	282	332	174	259	204
FBGN0286204	95	36	18	128	84	47
FBGN0045035	9309	10804	10358	11952	16306	10590
FBGN0037754	6	30	7	40	64	24
FBGN0051017	43	11	7	31	2	20
FBGN0039795	3740	4850	3129	1911	623	2524
FBGN0038476	21170	24324	23960	25341	36677	21981
FBGN0037461	4	10	9	1	20	5
FBGN0051407	203	122	98	43	143	70
FBGN0039003	2549	2570	2885	2395	3643	2394
FBGN0039731	1227	1569	1251	1796	2773	1542
FBGN0038003	36	1	7	7	7	20
FBGN0087013	27212	31748	32207	42123	62924	34897
FBGN0259733	48	94	47	70	78	84
FBGN0266176	0	0	0	0	0	0
FBGN0038302	322	492	380	901	1092	823
FBGN0263596	4	5	0	11	0	6
FBGN0037424	16	18	45	82	136	38
FBGN0051076	78	62	28	116	160	134
FBGN0002735	393	306	344	327	482	385
FBGN0038462	3293	4144	3719	4279	5875	3422
FBGN0039584	28	13	17	14	10	18
FBGN0028487	652	507	765	873	1481	822
FBGN0044511	671	767	608	1023	1398	850
FBGN0039522	16	29	18	14	15	13
FBGN0051542	8	13	1	12	0	12
FBGN0085328	15	3	8	3	5	4
FBGN0038447	8	8	20	0	0	13
FBGN0037822	3554	4106	4050	7414	11082	7053
FBGN0037504	4034	4843	4291	4998	7183	4783
FBGN0037963	19940	23439	20719	21791	28422	19119
FBGN0039368	10	23	10	14	36	33
FBGN0042102	19	1	19	5	15	20
FBGN0037677	9	36	9	57	19	25
FBGN0038499	3900	4009	4126	4775	6552	4336
FBGN0037572	0	6	14	11	0	5
FBGN0266916	8815	9235	8900	10118	13106	8834
FBGN0038887	64	30	24	92	18	40
FBGN0040227	30393	32212	35762	31016	44383	27591
FBGN0039312	10	15	10	29	30	34
FBGN0039599	27	3	7	14	0	9
FBGN0037688	1751	2069	1596	1975	2511	1698
FBGN0044823	351	524	374	395	589	342
FBGN0013813	292	214	197	297	230	196
FBGN0039081	28	22	25	22	20	42
FBGN0263400	0	29	11	26	6	25
FBGN0038331	1736	2176	2149	2181	3082	2071
FBGN0038515	2061	2250	2093	2300	3397	1874
FBGN0039108	43	24	40	61	68	79
FBGN0025574	3384	4029	3953	3224	4782	3090
FBGN0039298	0	2	4	0	16	27
FBGN0038914	16	5	1	2	0	9
FBGN0038760	5728	6504	6645	7181	11262	6229
FBGN0014861	9864	10518	10864	12225	18900	9852
FBGN0037892	971	1058	1239	1523	2537	1182
FBGN0010803	2687	3361	3073	2743	3577	2459
FBGN0051122	7399	7430	8082	7009	10367	6933
FBGN0286199	56	13	51	92	143	56
FBGN0038173	30	25	25	29	13	17
FBGN0038354	72	17	26	36	23	33
FBGN0004779	45	4	2	1	0	15
FBGN0004118	40	49	30	132	66	105
FBGN0037995	22	9	12	14	4	12
FBGN0027512	6467	8014	7679	6925	9997	6080
FBGN0051106	6	46	26	91	36	54
FBGN0286506	1148	1482	1677	1356	1747	1323
FBGN0039439	13	5	24	15	14	6
FBGN0037964	45	30	17	16	56	30
FBGN0039625	1165	1376	1328	1137	1803	1402
FBGN0039723	12	2	4	1	0	7
FBGN0262955	18651	20792	20826	23935	32956	19641
FBGN0039613	94	64	104	61	111	109
FBGN0051103	185	126	111	188	228	175
FBGN0039807	635	609	635	241	270	212
FBGN0051493	18	24	2	8	5	6
FBGN0038868	1077	1561	1062	969	2133	1083
FBGN0038787	6294	6997	6987	6857	10389	6146
FBGN0039154	41	43	37	18	69	54
FBGN0051158	14932	16644	17211	14196	21799	13395
FBGN0039600	16604	18513	18021	19940	30658	18471
FBGN0038219	2	8	1	3	24	6
FBGN0262473	4015	5024	4860	4555	7255	4092
FBGN0083984	137	183	125	116	180	223
FBGN0038878	30	11	5	34	58	34
FBGN0039523	38	33	40	40	20	22
FBGN0004389	16	18	11	26	13	19
FBGN0038877	2522	2412	3053	2530	3263	2347
FBGN0039356	75	106	106	102	287	123
FBGN0037455	24	12	4	1	1	15
FBGN0039264	29	12	23	4	20	17
FBGN0287211	7	3	4	26	0	11
FBGN0037994	26	12	30	26	14	27
FBGN0004885	26014	27432	30758	22710	34826	20357
FBGN0038136	15	28	8	33	11	48
FBGN0051390	1264	1423	1208	1500	2167	1209
FBGN0038948	2647	3082	3625	4198	6770	3424
FBGN0038601	3391	4363	4091	5912	7668	4658
FBGN0264836	9	0	2	5	0	10
FBGN0000277	6	0	2	4	1	0
FBGN0038751	15	14	16	74	4	2
FBGN0266172	0	0	0	0	0	0
FBGN0264326	6868	7325	7939	9572	13145	7999
FBGN0051088	5	3	0	0	9	0
FBGN0039188	2003	2513	1815	2067	3427	1984
FBGN0266448	46	25	29	28	101	72
FBGN0025456	435	540	383	633	568	479
FBGN0040602	4	0	17	0	0	12
FBGN0037386	17	76	11	53	29	28
FBGN0051156	1296	1446	1748	1770	2613	1477
FBGN0037265	395	272	342	645	951	579
FBGN0004197	28911	31202	32494	25657	39318	22093
FBGN0085305	173	156	97	50	145	103
FBGN0037857	29	13	15	3	0	3
FBGN0044810	27	1	5	0	0	9
FBGN0037955	1973	2514	2200	2749	3270	2185
FBGN0037270	13613	14353	17329	17281	22553	14606
FBGN0264899	14	12	0	0	0	1
FBGN0039139	2712	3070	3318	3193	4478	2679
FBGN0041229	28	35	15	21	5	9
FBGN0039286	106	41	113	21	6	81
FBGN0037251	564	454	438	627	959	553
FBGN0051050	0	8	4	0	24	0
FBGN0037719	1620	2022	2284	2263	3663	1974
FBGN0039093	83	19	49	49	52	15
FBGN0016685	16113	18186	16160	13864	19931	15991
FBGN0038584	1094	1410	1484	1743	2562	1384
FBGN0051337	22	22	9	97	79	33
FBGN0028692	27038	30533	31232	30406	43861	26138
FBGN0037727	13	17	9	29	30	16
FBGN0002734	941	847	1110	825	983	851
FBGN0037563	30	0	20	0	0	8
FBGN0053100	3697	3946	3968	2900	4248	3087
FBGN0038089	0	5	8	21	18	11
FBGN0022800	4947	4884	5538	4593	5622	3624
FBGN0051086	10	5	0	0	47	23
FBGN0042105	23	38	18	31	36	25
FBGN0038575	27	0	3	9	27	3
FBGN0045442	31	9	5	26	12	0
FBGN0051404	116	172	121	256	218	108
FBGN0027657	153	246	208	231	442	287
FBGN0262823	11	3	2	2	0	0
FBGN0039240	3964	4286	4606	4437	6466	3765
FBGN0037792	3057	3164	3616	3764	5016	3467
FBGN0261840	640	622	643	601	846	558
FBGN0039505	640	895	735	855	1066	903
FBGN0039790	5234	5344	5631	5629	7228	4483
FBGN0010173	11556	13128	13826	15576	20882	12867
FBGN0039527	1246	2058	1226	621	332	860
FBGN0015570	18	28	25	546	822	156
FBGN0051015	6	7	13	15	2	19
FBGN0037617	1000	935	1112	1377	1543	979
FBGN0039748	80	104	62	155	163	165
FBGN0028422	47	18	49	26	66	44
FBGN0038731	124	32	114	56	25	62
FBGN0038043	3756	4231	4898	4997	7596	4254
FBGN0004777	40	19	11	35	24	42
FBGN0037293	1672	1891	2044	1674	3037	1619
FBGN0039009	28	37	35	21	40	66
FBGN0039766	323	242	283	303	604	409
FBGN0039283	45	97	130	89	76	98
FBGN0037818	17	4	14	12	4	12
FBGN0037492	327	418	427	568	626	337
FBGN0039668	4398	4480	4656	3938	6532	3999
FBGN0014427	3457	4711	4531	4342	5794	3671
FBGN0261286	6004	7472	6657	8420	10758	6853
FBGN0038282	54	48	18	26	17	19
FBGN0038473	6575	7656	8304	7856	10931	7097
FBGN0039016	8344	8665	8880	9489	13303	8366
FBGN0039067	1518	1511	1513	2331	2471	1586
FBGN0087012	58	34	62	49	102	48
FBGN0039555	2593	2747	3050	3295	4946	2890
FBGN0053970	1017	1346	1575	1120	1456	1075
FBGN0085326	16	23	9	6	11	6
FBGN0037538	4087	4170	4748	3861	5795	3529
FBGN0086768	2865	3092	3166	2961	4226	2787
FBGN0038722	4079	4816	5075	4510	7019	3982
FBGN0259244	7084	7936	8419	8070	12449	8423
FBGN0037481	755	818	928	952	1195	773
FBGN0039810	1	6	0	0	14	0
FBGN0040534	735	911	666	590	975	804
FBGN0014135	732	873	932	719	1418	713
FBGN0039058	11	10	1	16	1	24
FBGN0085308	8	87	22	2	12	3
FBGN0051119	10	18	0	0	7	33
FBGN0037625	30	16	51	10	6	0
FBGN0262559	5348	5400	6336	7849	11193	6412
FBGN0051528	9	21	10	5	1	14
FBGN0278600	0	2	0	0	1	2
FBGN0038369	2542	2971	3087	2790	4400	2567
FBGN0039483	17	12	4	0	0	5
FBGN0040679	5	3	1	16	0	0
FBGN0039663	2032	2357	2037	2145	3422	1757
FBGN0046332	27	38	52	36	29	11
FBGN0046214	46441	51101	53419	50274	73350	46749
FBGN0037655	4892	5574	5959	5425	7904	4864
FBGN0038692	1860	2344	2128	2503	2850	2065
FBGN0263401	3	7	0	3	8	13
FBGN0000036	257	202	203	78	111	40
FBGN0038397	139	105	83	109	88	71
FBGN0037467	3944	4478	4452	4024	5614	3673
FBGN0039778	40	11	6	134	167	156
FBGN0039169	5632	5388	5271	5466	8111	5162
FBGN0000015	84	38	59	40	26	27
FBGN0010247	4911	5700	4563	10362	13595	9587
FBGN0037607	30402	34145	37018	37588	52040	30943
FBGN0261847	12	4	8	13	7	8
FBGN0039449	1362	1183	1441	1596	2300	1599
FBGN0037798	19	5	12	18	0	13
FBGN0261789	4262	4621	4798	5525	8828	5507
FBGN0002542	12948	15064	15014	14369	19992	12922
FBGN0015790	9826	12135	12186	11102	15409	10254
FBGN0053339	29	5	16	12	32	22
FBGN0043799	966	1024	1110	884	1285	719
FBGN0038450	20	17	12	10	26	15
FBGN0086613	8366	9682	8673	10351	14177	9310
FBGN0259975	10	0	2	0	0	5
FBGN0086355	7436	7267	9073	6907	9854	6331
FBGN0037489	5734	6008	6242	7183	9452	6670
FBGN0051098	151	202	247	245	257	196
FBGN0037399	32	18	19	18	30	20
FBGN0014869	3966	3932	4698	3880	6065	4058
FBGN0003884	216768	222782	255902	248444	339503	200764
FBGN0042206	49	22	29	20	33	19
FBGN0029503	1582	1703	1756	1767	3193	1457
FBGN0037322	34	16	8	10	32	5
FBGN0039806	46	18	36	24	0	79
FBGN0051533	28	15	46	38	19	55
FBGN0027866	12160	13224	13933	15384	21454	13312
FBGN0039835	857	858	828	971	1149	878
FBGN0037703	2862	3696	3247	4193	5331	3568
FBGN0038952	116	126	70	172	153	108
FBGN0039085	50	25	10	10	23	29
FBGN0026399	30	23	8	45	12	20
FBGN0037609	807	1044	998	1120	1443	888
FBGN0010015	71	53	46	78	98	72
FBGN0037304	24	8	7	29	36	57
FBGN0263782	1455	2091	1994	2265	3016	1688
FBGN0026563	93	28	52	30	29	55
FBGN0051100	109	144	99	80	171	105
FBGN0046247	1043	963	1056	949	1529	715
FBGN0037739	2673	2674	2753	2464	3929	2792
FBGN0039671	37	20	11	30	42	19
FBGN0086610	9	10	1	0	0	32
FBGN0039157	3162	2945	3165	3126	4268	2699
FBGN0037291	17	21	20	54	22	28
FBGN0039437	35	15	11	16	10	23
FBGN0039118	302	330	284	168	336	129
FBGN0038404	173	126	203	386	448	200
FBGN0043043	37	33	18	76	79	20
FBGN0039862	173	204	197	491	829	556
FBGN0039367	27	1	21	13	3	22
FBGN0261860	6	0	2	4	25	0
FBGN0015781	915	1218	1199	2006	2896	1812
FBGN0039158	614	702	793	869	998	855
FBGN0004107	3553	4663	4769	6228	7372	4464
FBGN0039193	14	17	8	25	0	13
FBGN0039251	32	3	24	14	33	22
FBGN0039854	471	598	660	646	713	564
FBGN0051141	26	20	38	8	0	4
FBGN0038388	947	1250	1237	1062	1561	881
FBGN0039313	6	19	0	53	1	20
FBGN0042710	25	20	1	7	18	37
FBGN0037342	2044	2108	2159	1980	2837	1515
FBGN0038592	18	31	19	14	3	18
FBGN0039354	36	41	79	36	49	77
FBGN0024963	72	64	91	47	92	68
FBGN0083971	14	4	11	22	18	31
FBGN0038102	14	18	2	0	54	35
FBGN0038535	38907	49773	45077	33214	42915	33912
FBGN0264357	12853	12694	13825	11396	19083	9957
FBGN0027492	19264	22277	20621	20455	27517	17628
FBGN0039194	15	6	7	1	6	49
FBGN0026380	7195	8378	7559	7792	10253	6378
FBGN0038042	17	1	31	20	0	4
FBGN0004595	157	248	166	89	73	81
FBGN0038651	10250	11396	10410	10978	14898	9147
FBGN0038571	1082	1233	1044	1325	1761	1259
FBGN0020385	2686	3828	3488	3474	3966	2463
FBGN0037761	9	23	8	14	52	22
FBGN0037876	1023	1344	1124	1144	1814	920
FBGN0003861	65	78	51	67	102	77
FBGN0260462	13707	15711	16935	14955	23685	14229
FBGN0001281	44	15	34	28	35	26
FBGN0024912	199	268	207	297	488	381
FBGN0039467	56	77	19	107	88	83
FBGN0259831	18	21	2	0	0	9
FBGN0026250	13070	15128	13476	12639	17669	11498
FBGN0038893	447	414	507	587	754	650
FBGN0037448	60	74	52	141	64	113
FBGN0262982	8	2	1	10	0	6
FBGN0038436	36	22	16	88	21	31
FBGN0038979	12	4	8	4	10	18
FBGN0025781	3213	3411	3243	3906	5317	3042
FBGN0262010	0	13	9	7	6	6
FBGN0038845	15	32	10	28	32	40
FBGN0004510	2468	2784	2573	3610	4901	2564
FBGN0039581	13013	14440	14965	14059	20715	13415
FBGN0264563	6	2	1	20	10	4
FBGN0266173	0	0	0	0	0	0
FBGN0037720	4024	4516	4769	3794	6918	3758
FBGN0051081	8	19	5	38	0	16
FBGN0262582	72242	74720	75388	71338	104394	62479
FBGN0038114	6	50	42	56	92	8
FBGN0037713	580	749	632	654	672	557
FBGN0039187	5220	5837	5231	5347	8095	4675
FBGN0005671	8362	8101	9682	7728	12107	6407
FBGN0267385	14113	15967	17375	15965	23441	13047
FBGN0039043	2133	2291	2341	1883	2709	1596
FBGN0039215	8698	9062	9792	10550	18162	10526
FBGN0038953	3615	4327	4184	3256	4775	3045
FBGN0039670	21	3	42	24	0	19
FBGN0266579	83	99	63	76	98	143
FBGN0024555	21571	23816	24901	23589	34100	20484
FBGN0038611	105	25	36	54	2	43
FBGN0037814	2954	3019	3304	3509	5335	3302
FBGN0037900	568	582	619	606	758	443
FBGN0038643	1	2	79	10	27	8
FBGN0002441	8429	8886	9274	10329	14105	8241
FBGN0038053	1272	1539	1442	1213	1395	856
FBGN0023212	2879	3152	2916	3072	4803	3195
FBGN0261838	376	313	343	416	496	337
FBGN0038820	40	16	16	4	33	15
FBGN0019828	7	14	34	0	7	18
FBGN0039336	700	728	700	902	1090	1005
FBGN0063649	84	51	91	51	47	126
FBGN0038421	1299	1493	1183	1959	2749	1715
FBGN0039261	12354	14381	13474	12634	18031	11578
FBGN0051029	142	92	107	104	114	46
FBGN0039577	24	10	1	22	0	7
FBGN0038377	4	1	0	24	0	11
FBGN0261808	567	520	605	974	2041	478
FBGN0039366	7	16	8	11	10	6
FBGN0037647	1053	1078	954	1207	1582	1002
FBGN0039210	3667	4224	4026	3568	5624	3176
FBGN0039213	10258	12159	12220	10904	14695	9491
FBGN0038002	30	34	7	10	52	5
FBGN0039832	22	15	4	5	20	11
FBGN0037433	1322	1517	1642	1405	2413	1478
FBGN0266064	8510	8643	9479	9363	13495	7811
FBGN0038821	9	3	20	80	5	28
FBGN0261287	33	40	38	45	47	23
FBGN0010225	2435	3221	2854	5032	7028	4475
FBGN0039099	14	13	5	16	22	23
FBGN0037675	10	5	7	0	0	10
FBGN0038686	2664	3146	2713	2750	4030	2352
FBGN0039655	21	14	12	20	3	4
FBGN0027562	3	8	14	25	24	10
FBGN0038159	15	8	10	0	0	10
FBGN0037828	16	8	1	16	0	9
FBGN0037454	18	7	19	7	20	0
FBGN0260386	836	871	1013	906	1674	1119
FBGN0004172	15	0	13	0	0	4
FBGN0038510	12	8	7	11	3	34
FBGN0039704	8091	10701	9935	7139	8277	6498
FBGN0037949	2821	3260	2983	3497	4045	2719
FBGN0039594	4186	3861	4705	5214	7899	3868
FBGN0262005	0	19	0	14	0	8
FBGN0260935	2195	2273	2458	2383	3844	2005
FBGN0266454	7	0	5	0	0	8
FBGN0053783	25	7	7	11	0	15
FBGN0037920	1153	1390	1521	1510	2081	1497
FBGN0260940	1472	1679	1411	1774	2292	1677
FBGN0039269	1392	1685	1865	1694	2483	1642
FBGN0037746	6977	7986	8294	8317	12261	6976
FBGN0039712	2325	2734	2689	3403	5117	2876
FBGN0262362	6	7	12	27	90	45
FBGN0039337	946	1131	1071	1379	1705	983
FBGN0038486	41	20	4	22	1	43
FBGN0259215	75	23	50	126	66	33
FBGN0267408	138	103	75	264	413	130
FBGN0000047	58	21	11	20	24	30
FBGN0039343	36	39	4	26	45	4
FBGN0038196	2623	2908	2834	3236	4698	3434
FBGN0250846	18	4	18	0	1	5
FBGN0039727	10284	10924	10445	10045	13715	8305
FBGN0040608	9	4	2	1	0	4
FBGN0267652	0	0	0	0	0	0
FBGN0052939	795	853	529	1173	1763	1003
FBGN0038028	8	17	9	6	22	20
FBGN0003117	3113	5125	5279	4297	5764	3926
FBGN0051140	1433	1593	1826	300	424	477
FBGN0037224	24	20	40	25	14	24
FBGN0004913	9023	9846	10215	10783	15974	9577
FBGN0037297	2203	2226	2426	2364	3714	1959
FBGN0039626	2623	3182	3175	3107	5437	2805
FBGN0263118	97	64	34	72	80	30
FBGN0038275	1828	2439	2309	2335	3589	2438
FBGN0039475	16	53	24	332	620	89
FBGN0039304	1044	1149	980	1014	1384	936
FBGN0038167	1964	2509	2412	2351	3259	1947
FBGN0038922	3166	3798	3813	4461	5657	2840
FBGN0037838	658	847	1013	992	1154	819
FBGN0051019	26	46	18	40	16	37
FBGN0051004	158	78	97	224	70	158
FBGN0037689	2753	2770	2887	2499	3913	2826
FBGN0037974	112	132	219	123	226	130
FBGN0039153	807	1131	1007	914	1233	1090
FBGN0038057	1029	1146	1284	1263	1962	1175
FBGN0051157	167	141	134	371	531	268
FBGN0046886	48	11	8	1	20	23
FBGN0038968	10142	12289	11750	14357	20031	12666
FBGN0039342	7	4	3	0	0	22
FBGN0045469	13	19	11	21	0	33
FBGN0051321	103	49	74	58	77	153
FBGN0037670	2328	2307	2560	2143	3442	2092
FBGN0039064	86	44	75	35	25	47
FBGN0016754	8119	9573	9084	8139	10924	6297
FBGN0039490	154	94	87	91	73	54
FBGN0003065	45	11	9	26	8	8
FBGN0038131	12	21	5	8	46	14
FBGN0259212	27643	29406	29436	31744	45695	27321
FBGN0053333	7	37	13	6	140	48
FBGN0038359	36	20	8	8	28	12
FBGN0083969	3869	4101	4241	4256	6493	3521
FBGN0001255	3096	4868	3699	2182	2016	2553
FBGN0039200	50	25	8	0	1	30
FBGN0039466	10343	11358	12151	12175	15573	9936
FBGN0262483	169	104	81	56	98	165
FBGN0039740	1787	2051	2082	2474	3401	2161
FBGN0051523	3097	3752	3661	4091	5983	3513
FBGN0037912	2941	2961	3262	3252	4366	2605
FBGN0039234	11079	11842	12071	11537	16089	9799
FBGN0039128	541	631	603	681	1241	698
FBGN0039510	194	183	109	188	124	230
FBGN0288846	2944	3484	3122	3951	4853	3213
FBGN0039348	7318	8220	8511	8681	11330	7045
FBGN0039680	13427	13755	15098	17635	25387	14865
FBGN0038200	2	0	2	0	28	6
FBGN0039424	24	9	46	6	0	6
FBGN0037415	19	36	7	8	0	8
FBGN0037506	27	14	3	13	10	28
FBGN0266178	0	0	0	0	0	0
FBGN0085382	64	22	39	50	38	42
FBGN0051288	22	16	15	52	49	61
FBGN0039792	50	4	20	35	36	33
FBGN0037755	2382	2423	2425	2669	3299	2033
FBGN0039411	1869	1985	2018	1807	2222	1501
FBGN0053512	39	14	24	11	18	8
FBGN0260226	454	433	720	769	846	1010
FBGN0038160	18	23	0	0	27	17
FBGN0038869	1683	1515	2067	2754	4170	2284
FBGN0037981	1164	1021	1345	1228	1506	1038
FBGN0051373	44	87	58	174	117	85
FBGN0037358	578	716	820	1211	1481	935
FBGN0039771	11	11	5	0	34	3
FBGN0286071	4799	6507	4703	5383	6997	6217
FBGN0042104	27	24	8	9	26	12
FBGN0037555	3406	3398	3479	4258	6569	3987
FBGN0262143	8	8	0	0	0	0
FBGN0287589	645	796	845	1350	1326	1108
FBGN0040607	8	19	7	0	0	7
FBGN0038248	36	42	32	66	4	32
FBGN0000455	2222	2385	2460	2438	2759	2035
FBGN0038737	448	629	534	606	810	697
FBGN0003944	326	534	763	612	754	561
FBGN0263289	46680	47035	49362	54812	83652	46747
FBGN0037873	2314	2936	2705	3437	4057	3004
FBGN0044871	633	923	884	1002	1115	735
FBGN0039808	59	54	38	54	43	11
FBGN0039259	523	696	923	1014	1187	864
FBGN0000246	549	718	939	693	1189	745
FBGN0038078	7	1	14	12	0	9
FBGN0039002	1	3	3	2	5	1
FBGN0051342	16229	16547	18541	18492	24914	16151
FBGN0038683	1990	2553	2360	2449	3261	2131
FBGN0083986	219	227	123	304	304	230
FBGN0037456	4	3	11	3	4	4
FBGN0038951	611	835	915	838	1497	640
FBGN0037894	10182	10523	11517	12370	16446	10333
FBGN0261583	14	2	4	2	0	16
FBGN0039601	3391	3656	3705	3774	4875	2959
FBGN0286075	878	1206	1301	1087	1957	1095
FBGN0028499	1082	1268	1491	1483	2395	1250
FBGN0051418	18	10	13	0	0	1
FBGN0004901	4392	4698	5111	4813	6951	4506
FBGN0051450	518	624	718	706	1160	651
FBGN0037753	663	683	536	824	1029	808
FBGN0013972	32	24	15	25	6	29
FBGN0263929	11272	12201	12100	10948	15455	9737
FBGN0038641	49	23	21	15	2	34
FBGN0051002	16	2	13	50	0	22
FBGN0001280	4248	4977	4380	5748	8538	4747
FBGN0039543	1271	1554	1390	1757	1763	1408
FBGN0038400	4544	5015	5884	6712	9885	5484
FBGN0022344	1231	1670	1765	2465	3448	2141
FBGN0285912	19	32	32	71	53	49
FBGN0261993	17	8	49	0	0	2
FBGN0027620	15370	16865	16134	14912	20646	13161
FBGN0037895	25	29	32	20	44	43
FBGN0038479	37	12	2	9	0	10
FBGN0051287	549	530	474	4	12	25
FBGN0037819	23	25	16	0	38	53
FBGN0004897	85	49	82	66	80	112
FBGN0261885	93562	92350	102707	100949	150638	83719
FBGN0038389	1258	1375	1504	1419	2703	1498
FBGN0260003	56090	63898	58620	55708	80020	48011
FBGN0003511	2341	2785	2517	2784	4250	2876
FBGN0019637	8507	8943	8686	9708	15177	8762
FBGN0038299	40	44	8	68	64	81
FBGN0037280	5	13	8	7	83	33
FBGN0026566	3562	3954	4353	3169	4044	2831
FBGN0262539	18	0	18	1	1	4
FBGN0039800	90	59	22	174	255	130
FBGN0020510	4803	5086	5223	5482	8669	4604
FBGN0038921	12	11	14	8	14	45
FBGN0028833	1647	1819	1903	2133	2945	1904
FBGN0013576	11834	10579	12312	13447	18817	10437
FBGN0039465	1848	1898	2079	1770	2595	1634
FBGN0264324	2383	2623	2449	2692	3260	1957
FBGN0040252	52	41	22	54	36	71
FBGN0038132	1	3	3	14	0	7
FBGN0037913	7933	9148	8711	7567	9724	6910
FBGN0283438	5071	5408	5521	5830	7952	5313
FBGN0037408	13	39	19	41	1	31
FBGN0039481	89	26	71	192	286	102
FBGN0028734	24063	26216	25497	22152	33902	20943
FBGN0037862	33	18	14	8	49	28
FBGN0039080	20	6	0	20	14	8
FBGN0039073	144	57	30	505	952	147
FBGN0039227	17359	19428	18478	18843	27665	16088
FBGN0000046	1003	1201	1395	1605	2597	1633
FBGN0037402	22	2	1	9	0	20
FBGN0038492	551	793	215	633	428	487
FBGN0028837	3478	4037	4100	4610	6814	3962
FBGN0039480	96	35	138	246	236	233
FBGN0265042	2774	2840	3235	3206	4918	2734
FBGN0260440	570	889	619	313	621	338
FBGN0038586	930	1129	1097	1238	1667	964
FBGN0038784	262	279	213	57	47	34
FBGN0037676	11	13	12	2	8	25
FBGN0037432	8	6	2	7	26	16
FBGN0051272	45	31	25	1	0	19
FBGN0037442	2386	2465	2697	2826	3393	2429
FBGN0027508	6172	7342	7030	7083	10610	6708
FBGN0039690	3553	4049	4033	2374	3225	2162
FBGN0039675	59	28	59	2	0	21
FBGN0039812	49	45	38	34	22	13
FBGN0002629	1891	2044	2382	1570	2574	1460
FBGN0038161	0	12	13	14	2	6
FBGN0039462	324	414	380	652	1116	662
FBGN0004049	11313	11783	11589	12070	16588	9891
FBGN0262004	14	18	0	32	14	28
FBGN0083985	134	246	158	308	262	202
FBGN0051184	924	1142	1192	1341	2104	1281
FBGN0038964	13320	15375	16264	15796	23007	14285
FBGN0085303	2	18	11	15	8	19
FBGN0015575	81	52	9	333	540	174
FBGN0020379	999	934	981	1017	1477	795
FBGN0003165	33039	35993	36874	27336	41453	24639
FBGN0051109	601	832	654	729	1332	695
FBGN0027539	1463	1375	1454	1185	1732	1253
FBGN0053092	78	60	14	22	92	37
FBGN0038142	0	1	8	26	0	9
FBGN0051365	3301	3558	3887	4211	6628	3645
FBGN0037371	5178	5814	6209	6155	8317	5008
FBGN0037526	821	1211	1002	1032	1731	846
FBGN0037874	76453	81873	91843	80774	116283	75232
FBGN0011281	19	25	6	4	19	13
FBGN0039955	7857	9391	7967	8664	11134	7587
FBGN0038386	37	13	11	8	0	34
FBGN0004054	12	0	1	0	0	8
FBGN0039697	8842	9620	11487	9371	12112	8292
FBGN0037569	1502	1923	2345	1992	3413	1861
FBGN0085327	4	27	4	10	0	5
FBGN0040670	8	7	9	8	6	4
FBGN0039730	1931	2407	2002	1815	2803	1378
FBGN0013981	10186	12360	12639	13541	18626	12306
FBGN0051475	1253	974	1227	1625	1915	985
FBGN0267790	21368	23425	22669	27582	38781	22215
FBGN0004898	55	85	153	270	144	226
FBGN0040077	842	1099	989	1070	2004	1162
FBGN0037734	2042	2430	2555	1979	2837	1429
FBGN0243514	602	865	707	789	810	1256
FBGN0038741	702	681	866	660	1082	873
FBGN0038583	1196	1303	1525	1541	2738	1306
FBGN0037612	31	51	13	21	64	72
FBGN0051008	10	3	21	9	0	0
FBGN0026077	6563	7152	7990	5298	7808	4831
FBGN0038412	461	504	542	271	455	339
FBGN0011278	28	65	212	70	43	120
FBGN0016693	6467	6995	7926	6428	9163	6133
FBGN0051496	42	39	37	40	19	17
FBGN0039538	267	270	357	248	473	323
FBGN0051268	35	14	2	4	37	22
FBGN0037275	22	36	38	15	47	75
FBGN0051201	63	46	42	47	71	29
FBGN0051482	32	3	2	23	5	6
FBGN0037307	19	10	16	17	19	8
FBGN0039151	74	53	41	268	222	161
FBGN0039114	662	1120	704	1010	2286	726
FBGN0259730	20	42	19	31	11	95
FBGN0038714	73	44	26	53	42	48
FBGN0038721	2013	2397	2530	2444	3548	2192
FBGN0266195	1433	1725	1824	2170	2650	1644
FBGN0039747	57	37	29	108	28	16
FBGN0262127	5824	6576	6020	7962	10753	6511
FBGN0037810	43943	51289	50391	51877	77143	48449
FBGN0038202	18	30	39	58	90	20
FBGN0037669	1496	1583	1480	1044	1762	1157
FBGN0039644	730	634	772	589	838	549
FBGN0085313	0	8	0	0	21	4
FBGN0037764	8	8	23	10	0	12
FBGN0260944	2792	3144	3276	4480	6069	3531
FBGN0001311	27591	30781	33811	23553	34175	18712
FBGN0000039	68	14	19	19	54	33
FBGN0264775	8	8	2	0	32	2
FBGN0053107	456	412	472	550	560	513
FBGN0261599	19811	21985	22097	25138	32076	23736
FBGN0037757	6524	7758	8272	7849	10367	7159
FBGN0039749	218	166	183	178	106	78
FBGN0039664	741	1007	1272	950	1433	904
FBGN0038694	125	89	87	86	236	150
FBGN0026190	58	44	31	107	76	52
FBGN0004863	947	1051	1244	860	1267	1053
FBGN0046874	5190	6192	5875	4950	6357	4216
FBGN0038471	1251	1498	1269	1728	1892	1288
FBGN0024432	4033	4436	4637	5579	8221	5434
FBGN0004175	11	13	3	7	5	0
FBGN0039381	3353	3361	4016	3077	3630	2290
FBGN0039881	53	73	80	15	60	65
FBGN0037788	57	68	21	34	47	43
FBGN0039224	11	10	12	4	0	12
FBGN0038058	1545	1577	1618	1493	2171	1410
FBGN0039406	5865	7864	7114	7048	11027	7891
FBGN0264427	0	3	1	0	0	5
FBGN0037234	3927	5087	4931	4812	6833	4520
FBGN0038047	251	229	135	435	534	339
FBGN0038959	15	17	19	35	0	6
FBGN0038934	4143	5188	4494	3834	5007	3142
FBGN0002522	85	68	65	66	72	77
FBGN0039621	1	5	15	11	5	13
FBGN0039686	56	38	7	17	43	62
FBGN0025825	3344	3884	4389	4652	6993	4467
FBGN0038211	49	24	7	8	17	15
FBGN0039223	719	827	686	622	1082	556
FBGN0085322	169	329	198	252	523	286
FBGN0038405	258	172	239	956	1388	447
FBGN0039631	1311	1346	1395	1489	1761	1107
FBGN0039741	782	911	915	1118	1497	906
FBGN0003719	3797	3469	4315	4085	6103	3095
FBGN0037382	2960	2954	2946	3711	5277	3016
FBGN0039558	1285	1587	1519	2070	2626	1824
FBGN0038678	780	1005	1163	1313	1837	1302
FBGN0023179	20	44	45	65	63	36
FBGN0037229	5	10	8	14	0	9
FBGN0029512	10701	12202	12737	13352	18455	11710
FBGN0037338	2235	2187	2422	2358	2790	2045
FBGN0267649	0	0	0	0	0	0
FBGN0264291	970	1503	1317	1663	2207	1586
FBGN0038798	13	11	39	4	22	22
FBGN0053096	3656	4187	4429	3874	4879	3503
FBGN0051454	14	72	8	13	34	52
FBGN0038925	3261	3414	3400	3386	5260	2993
FBGN0259705	469	395	393	519	598	400
FBGN0004110	39	57	32	111	63	59
FBGN0085386	147	90	104	70	88	118
FBGN0002306	38278	37940	40871	36258	52752	30510
FBGN0015396	15310	15919	16456	15736	24293	13514
FBGN0045471	43	5	0	11	0	0
FBGN0051457	709	851	857	757	1173	788
FBGN0051159	633	607	649	717	1222	1045
FBGN0086346	11191	12350	13235	12617	16784	10359
FBGN0038541	36	22	21	30	1	10
FBGN0037475	13	4	6	8	2	6
FBGN0039425	3	3	14	2	14	6
FBGN0015282	18163	19030	21693	18710	27859	17072
FBGN0038909	26	42	62	37	46	27
FBGN0037684	82	49	42	144	91	66
FBGN0039212	2438	2742	3231	2214	3779	2147
FBGN0029088	8509	9561	9484	8127	12059	7158
FBGN0038242	20	4	26	84	46	70
FBGN0038702	21	16	16	31	42	59
FBGN0039071	85	68	66	6	54	82
FBGN0038290	83	71	96	326	142	120
FBGN0051174	63	35	59	11	23	51
FBGN0039559	10621	11746	12591	11394	18247	10672
FBGN0037235	1665	2459	1960	2538	3468	2420
FBGN0008651	68	47	197	142	78	94
FBGN0024273	3300	3571	3725	3562	4849	3223
FBGN0038840	61	24	16	27	21	74
FBGN0037881	3562	4021	4300	4297	6183	3948
FBGN0039776	2335	2711	2630	1887	2890	1671
FBGN0262365	7	19	2	0	1	23
FBGN0039773	1384	1422	1614	1268	2196	1554
FBGN0039202	49	52	12	17	59	21
FBGN0039398	21	57	3	29	0	5
FBGN0037926	5653	6119	6341	6454	8651	6173
FBGN0025457	10149	10774	11952	13172	18752	11727
FBGN0264830	3	2	0	0	1	3
FBGN0051286	12	12	1	32	30	10
FBGN0260745	9239	10023	11391	14628	21610	10274
FBGN0038238	3	5	1	26	0	1
FBGN0013953	88	49	50	12	60	54
FBGN0002631	160	87	98	75	133	56
FBGN0250823	13469	15963	14159	14293	17100	11441
FBGN0037975	91	58	20	155	119	71
FBGN0028381	18	15	13	66	36	42
FBGN0053191	351	373	298	371	301	234
FBGN0039687	1173	992	1024	1364	1724	1046
FBGN0037749	1586	1866	2038	2582	2960	1791
FBGN0038223	4149	4476	4501	4460	5826	3520
FBGN0026056	3593	3625	3983	3098	4386	3579
FBGN0037842	506	770	728	888	1109	884
FBGN0004903	4510	4736	5106	5219	7234	4239
FBGN0039647	72	23	21	120	35	100
FBGN0022349	25084	26376	25695	28133	46421	28999
FBGN0037414	6	10	4	24	14	10
FBGN0039273	1998	2036	2325	2196	2826	2131
FBGN0039709	21265	22282	21978	20130	29102	16676
FBGN0013276	12496	18318	10881	3054	5721	1282
FBGN0004053	43	29	11	14	39	10
FBGN0039756	70	52	42	46	40	74
FBGN0261004	7236	7903	7667	8774	13638	8046
FBGN0038128	1191	994	966	994	1259	885
FBGN0038311	82	30	27	47	129	52
FBGN0053920	7	5	0	20	1	4
FBGN0037918	17213	17755	17948	19686	27739	17734
FBGN0038874	48	62	49	42	65	63
FBGN0265190	2748	2660	3345	3398	4912	2995
FBGN0051413	27	16	17	71	2	37
FBGN0250754	71031	74999	72455	74431	103075	65634
FBGN0053109	5	1	0	10	0	22
FBGN0013973	59	25	16	24	21	65
FBGN0037848	1192	1468	1705	1371	1848	1212
FBGN0054027	120	53	95	74	25	82
FBGN0023495	49	29	24	44	26	40
FBGN0037654	126	127	134	144	155	152
FBGN0039868	1615	2107	2298	2279	3163	2141
FBGN0037395	54	38	26	58	139	18
FBGN0039044	738	1144	970	910	1929	992
FBGN0037215	7984	10204	9104	10015	11632	7368
FBGN0260444	1607	1729	1646	2028	2803	1700
FBGN0038775	36	36	10	3	24	16
FBGN0045761	1843	1973	1807	3887	4747	3456
FBGN0003867	2864	3085	2999	3120	4306	2862
FBGN0039257	21700	28833	23632	18392	19073	19473
FBGN0038440	6	24	0	36	3	8
FBGN0051028	4483	4142	4510	3911	6458	3447
FBGN0037950	2	24	55	15	34	4
FBGN0037296	13	25	0	0	15	0
FBGN0083966	18	11	7	0	2	20
FBGN0051561	6	27	20	22	0	1
FBGN0013269	18779	22148	22572	23708	39936	24293
FBGN0038789	71	22	19	44	20	10
FBGN0051189	8	9	3	8	11	18
FBGN0037942	604	692	913	631	726	419
FBGN0053630	19	0	0	0	0	1
FBGN0270928	19	5	4	37	22	34
FBGN0038478	6835	7851	7531	6743	9599	6559
FBGN0037852	750	652	889	607	1072	665
FBGN0027544	85	55	73	38	83	65
FBGN0037292	44	14	6	30	9	37
FBGN0085466	7	23	23	43	16	28
FBGN0038588	1494	1619	1702	2081	3182	1641
FBGN0039078	2435	2409	2237	1401	2092	1244
FBGN0038316	2251	2491	2744	2718	4545	2330
FBGN0039419	126	57	60	202	307	73
FBGN0043457	2413	2865	2738	2974	3928	2410
FBGN0000447	4235	4663	4850	6660	9251	6361
FBGN0039500	12	3	26	6	7	9
FBGN0045470	83	29	16	3	14	16
FBGN0262146	21	13	21	23	10	19
FBGN0051195	22226	23301	23535	22370	29916	18687
FBGN0020238	76113	82849	85193	86185	129986	82379
FBGN0037463	14	25	34	0	6	25
FBGN0039764	618	951	765	922	891	747
FBGN0039698	1242	1121	1495	1521	2008	1309
FBGN0039272	440	444	488	351	416	367
FBGN0037329	1409	1522	1972	1964	2829	1599
FBGN0260004	58	31	58	36	22	24
FBGN0262794	9	21	5	18	0	0
FBGN0040076	0	0	6	4	0	11
FBGN0039635	5401	6210	6616	5408	7838	5509
FBGN0038865	23	14	5	31	32	34
FBGN0028662	1841	2098	2231	2110	3065	1939
FBGN0039270	752	850	702	1174	1517	1109
FBGN0085376	4863	6291	5343	5076	7012	4543
FBGN0051105	112	42	45	52	99	35
FBGN0040208	7013	7540	7444	7733	10346	5667
FBGN0023023	819	891	843	726	1125	581
FBGN0002780	24838	28864	27185	29104	40759	27015
FBGN0038719	45	45	51	136	106	51
FBGN0037756	3467	4485	3993	3839	5065	3367
FBGN0085324	17	6	1	8	0	0
FBGN0037485	40	19	5	21	38	16
FBGN0039609	17	16	76	34	91	20
FBGN0037773	265	395	409	570	773	522
FBGN0015222	5907	6590	7949	6986	9156	5844
FBGN0000552	13	16	31	13	4	0
FBGN0262104	7	10	6	1	0	5
FBGN0040253	22	11	9	20	12	32
FBGN0037889	61	41	14	43	63	21
FBGN0038834	47691	58795	58769	55835	82636	47047
FBGN0037644	4882	4922	4950	6299	9087	4928
FBGN0051148	47	18	13	44	30	35
FBGN0039396	63	34	51	89	127	60
FBGN0264493	7485	7589	6507	8243	10136	7161
FBGN0037248	13529	16681	15679	19507	26085	16422
FBGN0038150	801	927	830	1654	2397	1493
FBGN0037501	56	27	12	42	14	46
FBGN0037548	612	907	857	818	1118	729
FBGN0000533	420	484	457	174	46	68
FBGN0037700	3881	4655	4418	5259	7698	4676
FBGN0037902	91	51	84	51	49	40
FBGN0038924	1156	1144	1333	1849	2375	1706
FBGN0039503	2	9	1	0	14	19
FBGN0038931	26	14	26	0	22	32
FBGN0039165	1431	1549	1421	1447	2003	1136
FBGN0038861	661	834	943	795	1375	760
FBGN0264325	898	1209	1258	1613	1716	1344
FBGN0037324	51	32	32	67	32	21
FBGN0260234	6	4	3	0	0	10
FBGN0039870	805	879	782	1181	1302	1039
FBGN0002940	20	35	20	3	3	15
FBGN0038602	47	14	20	22	19	11
FBGN0051301	5415	6925	7028	6307	8318	5734
FBGN0261289	8	5	24	13	18	17
FBGN0039360	1266	1172	1224	1330	2042	1199
FBGN0039150	2223	2313	2170	2327	3320	2445
FBGN0037973	747	897	735	554	897	389
FBGN0262514	5	2	2	3	0	23
FBGN0039324	15	36	8	20	10	12
FBGN0037580	19563	21128	22312	22035	31142	18813
FBGN0051278	334	510	486	616	893	407
FBGN0038295	52	82	27	100	24	42
FBGN0038847	7	7	21	11	0	6
FBGN0085317	0	6	4	10	0	6
FBGN0020407	1579	1585	1881	2342	2580	1729
FBGN0003495	199	200	209	144	112	105
FBGN0264785	3143	3151	3327	3908	5666	3172
FBGN0053341	14	9	26	1	2	23
FBGN0260231	6	5	11	8	0	0
FBGN0019624	9157	8893	9638	10515	15039	10696
FBGN0038589	24	14	5	14	3	14
FBGN0038656	17	5	0	0	0	0
FBGN0040493	10480	10944	10705	12213	16061	9763
FBGN0038947	5805	6861	6690	6545	9035	5665
FBGN0039507	4398	4686	4909	4891	7092	4116
FBGN0039415	129	66	84	453	496	316
FBGN0085302	4	1	23	0	0	6
FBGN0037376	3892	4539	4635	4441	6770	4374
FBGN0037941	56	48	24	14	8	15
FBGN0038279	2007	1961	2119	3981	5363	3430
FBGN0039004	8993	9425	10587	10210	13745	8563
FBGN0038752	30	29	43	0	68	53
FBGN0038978	17	4	13	0	1	10
FBGN0267709	12	84	39	34	79	49
FBGN0261996	35	31	22	11	1	29
FBGN0037809	674	706	603	832	1006	627
FBGN0038530	2	6	2	0	12	13
FBGN0051522	1110	884	1084	1941	2859	2127
FBGN0286930	1	8	4	5	0	10
FBGN0037427	46	47	56	67	57	63
FBGN0039218	468	581	351	591	904	646
FBGN0011596	583	708	622	537	519	395
FBGN0039217	384	459	496	310	395	379
FBGN0053203	83	51	101	23	114	24
FBGN0038472	1071	1278	965	1266	1964	1434
FBGN0038357	48	30	26	12	0	34
FBGN0260659	2049	2629	2558	1832	2436	1764
FBGN0037890	1150	1424	1048	1658	2244	1330
FBGN0038769	1257	1435	1355	1385	2479	1387
FBGN0037242	2736	3216	3302	3499	5280	3363
FBGN0038958	39	7	14	24	112	41
FBGN0037487	328	399	285	308	275	288
FBGN0024222	2015	2265	2418	2187	2969	1925
FBGN0261928	313	163	196	189	232	188
FBGN0039293	1947	2359	2106	3259	3902	2470
FBGN0015625	6915	7311	7923	6596	10410	6135
FBGN0037512	25	43	1	0	3	43
FBGN0038088	412	344	310	219	279	232
FBGN0040238	1528	2048	2272	2125	2842	1879
FBGN0039160	2666	3262	3743	3557	5225	3164
FBGN0037650	49	14	14	29	0	22
FBGN0037891	8278	8706	9122	9597	12481	7995
FBGN0040609	45	1	14	60	73	39
FBGN0037541	13205	15415	13805	11644	16004	10145
FBGN0046258	7003	8275	8308	7007	9381	7199
FBGN0039110	8675	9167	9995	10490	15981	9349
FBGN0037590	53	13	16	0	0	5
FBGN0261845	211	140	169	322	578	262
FBGN0039593	28	53	17	46	68	89
FBGN0039582	17	23	3	10	2	22
FBGN0039784	13	28	32	23	8	21
FBGN0002732	3465	3963	3932	2718	3506	2457
FBGN0265041	69	38	44	32	80	18
FBGN0051464	27	8	13	0	0	1
FBGN0011581	14	7	4	0	74	0
FBGN0260746	322	385	197	132	132	162
FBGN0266446	248	209	106	647	894	560
FBGN0038753	34	51	73	49	40	44
FBGN0039387	90	22	44	33	31	30
FBGN0038224	4782	5349	5299	6335	10278	5486
FBGN0038783	128	100	87	6	0	12
FBGN0039525	21	18	4	21	5	11
FBGN0039536	271	127	79	83	117	164
FBGN0003169	6626	6830	7654	6322	9345	5667
FBGN0019960	9120	9463	10022	10563	15839	9861
FBGN0261842	628	643	592	563	786	606
FBGN0038458	13	0	0	0	0	1
FBGN0259732	13	32	12	70	19	35
FBGN0037917	1130	1027	1299	1254	1675	1126
FBGN0039107	15	19	0	28	0	2
FBGN0054034	18	13	2	25	0	12
FBGN0039116	2060	2047	1834	2567	3869	2357
FBGN0037697	18	55	89	90	31	48
FBGN0001235	23248	26283	24388	22018	31030	19324
FBGN0038765	553	579	544	577	704	417
FBGN0038613	38	31	69	62	32	59
FBGN0054008	153	153	240	291	272	258
FBGN0039417	879	1208	1220	1583	1968	1283
FBGN0039385	1778	2345	1965	2263	3178	1729
FBGN0027574	2578	2840	2445	2825	4244	3026
FBGN0039137	2720	3359	2984	3811	5369	3303
FBGN0027930	4158	5249	5181	3759	5430	3926
FBGN0038488	2396	2474	2661	2610	3727	2356
FBGN0038017	350	318	438	349	387	194
FBGN0039265	4685	5413	5679	6413	8196	5448
FBGN0038916	0	0	14	32	3	24
FBGN0037680	2905	3218	3093	3298	4268	2676
FBGN0002865	66	58	12	80	18	15
FBGN0010051	18408	18248	19179	15332	22207	12682
FBGN0039065	1845	2086	1864	2045	3048	1749
FBGN0027784	792	782	1081	1034	1515	1074
FBGN0003507	416	521	205	453	788	388
FBGN0263986	87	112	19	18	63	48
FBGN0285955	18761	20771	20588	22200	30047	18737
FBGN0051279	25	30	10	29	44	36
FBGN0027579	3651	3701	3997	3885	5236	2969
FBGN0038385	3473	3586	3975	2971	3881	2792
FBGN0015351	399	588	578	944	1075	619
FBGN0038324	646	936	876	897	1391	683
FBGN0259146	74	75	14	61	37	59
FBGN0004606	2765	3221	3070	2761	3893	2602
FBGN0037553	28	42	29	36	106	71
FBGN0038467	2957	3402	3709	4636	7249	4027
FBGN0037939	25	20	3	4	35	17
FBGN0003279	128671	140333	160750	125471	191196	108572
FBGN0004597	942	1227	1004	1240	1503	1080
FBGN0011715	7013	7427	7498	9955	14259	8179
FBGN0039290	59	72	47	103	111	116
FBGN0039373	14	0	5	22	0	2
FBGN0003862	56172	62938	61955	52784	75514	44304
FBGN0051551	79	96	33	109	49	96
FBGN0037614	393	369	460	397	408	283
FBGN0026616	3886	4373	3768	3049	4652	3037
FBGN0051155	776	1081	910	909	1464	859
FBGN0003134	2725	3115	2989	3250	4132	3199
FBGN0038805	6083	6699	7118	7298	9144	6084
FBGN0039055	4428	4868	5024	5050	6946	4322
FBGN0039755	43	27	20	58	65	46
FBGN0039620	111	132	132	430	854	96
FBGN0021776	675	629	792	653	823	413
FBGN0039616	86	69	43	21	41	38
FBGN0267383	5	5	0	11	35	18
FBGN0015230	59	23	23	18	54	45
FBGN0039511	51	0	12	0	3	17
FBGN0037566	2529	2575	2824	2455	3553	2177
FBGN0038811	1721	2055	2217	2017	3361	1890
FBGN0038321	360	419	393	193	303	137
FBGN0051274	135	189	61	202	521	427
FBGN0037220	7766	8243	9031	9876	12673	8199
FBGN0037705	20186	21902	21524	13481	17812	11548
FBGN0039798	67	65	35	161	237	59
FBGN0039531	614	691	550	505	901	643
FBGN0037279	1857	2434	2073	2112	2770	1941
FBGN0037621	3641	4246	3917	4169	6519	4297
FBGN0000024	62	35	39	159	69	43
FBGN0264712	1331	1570	1416	1487	1855	1269
FBGN0011785	24921	27111	27037	25867	37886	21999
FBGN0038956	5	5	5	10	7	3
FBGN0039838	17	16	31	7	11	34
FBGN0037921	441	409	334	358	570	556
FBGN0267339	56	13	24	2	6	31
FBGN0266566	159	143	47	101	104	115
FBGN0053189	189	191	119	100	119	125
FBGN0038894	12	48	23	12	13	0
FBGN0039491	85	49	18	62	36	32
FBGN0014006	9431	9828	9699	11036	14513	8593
FBGN0015770	87	34	24	30	37	6
FBGN0037708	722	817	703	831	1055	650
FBGN0000412	61022	69978	68432	66211	104418	65816
FBGN0002922	50	63	35	38	92	77
FBGN0038156	1529	1627	1602	1450	1492	932
FBGN0038330	466	628	552	71	58	54
FBGN0038941	29	44	69	83	14	16
FBGN0039054	98	150	104	64	68	58
FBGN0039650	324	328	278	331	454	423
FBGN0041224	21	16	17	38	24	9
FBGN0038660	3299	3629	4450	3390	4462	2574
FBGN0038718	44	25	19	40	28	28
FBGN0037687	680	727	813	1084	1427	942
FBGN0043012	1922	2147	1996	2175	3655	2168
FBGN0266170	0	0	0	0	0	0
FBGN0037786	4	8	1	21	0	8
FBGN0278604	6066	7234	6744	7429	9528	6191
FBGN0038303	1930	2373	2387	2885	3585	2154
FBGN0266175	0	0	0	0	0	0
FBGN0265063	3	6	2	0	0	0
FBGN0040628	39	6	20	0	0	0
FBGN0023083	7889	8729	8459	9210	11984	8175
FBGN0051200	11	3	46	18	20	50
FBGN0038214	14	8	7	26	56	22
FBGN0267105	0	2	1	0	0	9
FBGN0265606	2	6	16	2	0	22
FBGN0041605	16	40	16	12	7	14
FBGN0027095	4466	5700	5205	4678	5185	3907
FBGN0039195	34	22	17	6	32	34
FBGN0086679	1455	1617	1559	1880	2384	1538
FBGN0037325	26	26	2	52	46	44
FBGN0262844	6	4	6	0	0	5
FBGN0015032	54	13	18	37	20	17
FBGN0037260	72	88	49	32	117	75
FBGN0042182	841	668	925	1078	1287	693
FBGN0266409	1742	2136	1942	1983	2892	1772
FBGN0039780	12	28	17	20	82	33
FBGN0051360	330	277	307	346	489	453
FBGN0041710	76	133	66	100	174	123
FBGN0051125	1989	1959	2330	2523	3789	2041
FBGN0038130	73	100	109	375	715	159
FBGN0038012	48	21	14	17	2	39
FBGN0039025	1596	1666	1790	1474	2056	1498
FBGN0039339	1164	1356	1337	1450	1954	973
FBGN0038446	444	400	436	538	998	656
FBGN0262846	14	2	2	0	0	0
FBGN0038337	54	15	46	71	10	71
FBGN0266598	424	493	502	450	1064	480
FBGN0005632	35094	37416	36667	34823	48091	29106
FBGN0037933	818	769	825	683	1047	722
FBGN0037747	1334	1328	1705	1714	2428	1514
FBGN0037826	23	34	10	6	5	24
FBGN0011701	31	52	23	8	51	44
FBGN0039869	3486	3913	3835	3023	4812	3399
FBGN0038505	31	9	14	21	16	8
FBGN0038829	8966	10799	11494	8492	11497	7701
FBGN0038938	112	156	186	67	70	113
FBGN0039084	79	193	110	71	181	78
FBGN0014029	8536	9668	9801	9522	14598	8295
FBGN0037665	617	813	651	254	288	413
FBGN0027503	7657	8210	8106	9046	12028	7775
FBGN0039879	148	149	56	71	117	77
FBGN0041780	37	69	12	21	68	35
FBGN0262006	7	6	20	0	13	4
FBGN0038032	33	27	27	38	2	70
FBGN0038771	9377	9207	11375	12794	18174	11406
FBGN0259113	6771	6999	6961	11811	17450	10514
FBGN0000557	1048	1710	1467	987	956	1727
FBGN0263777	48	18	22	32	47	34
FBGN0039376	15	16	18	9	16	2
FBGN0010038	27	22	11	11	14	27
FBGN0037227	23	8	10	36	46	0
FBGN0039636	2204	2267	2332	2225	3272	2214
FBGN0037490	550	513	746	699	1017	611
FBGN0002773	1274	1095	1015	6146	7898	6645
FBGN0039316	33	17	20	6	4	12
FBGN0037915	37	60	60	89	59	45
FBGN0039560	14989	15797	15270	13606	18289	10874
FBGN0037398	18	25	36	3	54	18
FBGN0039101	116	67	101	213	345	183
FBGN0038974	415	558	580	576	957	608
FBGN0038257	6	47	17	108	121	33
FBGN0267366	9	1	9	28	21	14
FBGN0039007	2	2	10	1	18	14
FBGN0038099	32	21	3	26	26	14
FBGN0024321	1777	1884	2152	2006	2628	1629
FBGN0042693	16107	17355	16951	18874	25931	15907
FBGN0027951	16430	18361	17985	17658	26440	14785
FBGN0017550	8080	8865	9123	7794	11432	7116
FBGN0286516	22778	25623	24530	20639	27477	17331
FBGN0266053	12025	14030	13217	14493	20053	13131
FBGN0261279	8899	9960	9430	9781	14011	9180
FBGN0040251	1472	1638	1571	1585	2665	1260
FBGN0038681	106	51	54	93	213	85
FBGN0260005	257	234	210	215	301	216
FBGN0000659	69	16	15	65	20	69
FBGN0037620	314	333	297	312	416	266
FBGN0038190	4	2	0	11	0	9
FBGN0038966	512	399	429	690	989	477
FBGN0037765	40	10	3	26	0	8
FBGN0037985	20	26	18	51	23	20
FBGN0024330	2061	2321	2201	2420	3229	2098
FBGN0039098	38	52	0	42	8	12
FBGN0037369	2310	2747	2287	2582	3554	2132
FBGN0011224	67667	72718	73638	76269	107427	61227
FBGN0002354	188	253	241	505	578	353
FBGN0041191	1842	2149	1773	2072	2810	1783
FBGN0261987	46	77	47	51	47	24
FBGN0037759	55	25	12	98	113	66
FBGN0038463	1911	2209	2187	1778	2366	1794
FBGN0014022	1330	1545	1450	1529	2189	1646
FBGN0042711	14	13	1	1	0	66
FBGN0040080	4473	4873	5720	5061	7992	4531
FBGN0039452	18	3	6	9	0	13
FBGN0046689	27	47	5	66	10	41
FBGN0039192	23	4	0	1	46	21
FBGN0038529	8	9	0	0	5	16
FBGN0038552	1530	1917	2507	2134	2754	1856
FBGN0039856	28	59	48	90	118	36
FBGN0005674	32519	36436	37134	38061	54736	33120
FBGN0037849	22	29	10	18	18	20
FBGN0264694	3418	4135	4199	5219	7618	4675
FBGN0039024	24	43	6	84	92	86
FBGN0004087	2045	2213	2284	1947	2962	1986
FBGN0067782	0	4	0	3	0	2
FBGN0026239	27776	29077	28626	28915	42199	26750
FBGN0037491	700	556	801	982	954	772
FBGN0037710	1024	1253	1406	1355	1943	1201
FBGN0000477	34	35	16	83	189	65
FBGN0037781	258	232	202	614	834	475
FBGN0262858	0	8	7	2	0	18
FBGN0038107	736	706	875	906	1279	1038
FBGN0039059	4	9	27	26	0	9
FBGN0038697	215	174	190	157	298	135
FBGN0038539	5	17	0	0	0	13
FBGN0039374	10	8	46	0	0	0
FBGN0267698	6311	6526	6424	6636	9602	6178
FBGN0039066	2860	3214	3171	2933	4773	2855
FBGN0062412	20	5	0	12	30	23
FBGN0027090	10040	10406	11297	11855	18304	10148
FBGN0028717	4611	4541	5258	4626	6718	3824
FBGN0039470	30	37	80	349	536	154
FBGN0003261	83771	95635	93626	103849	155139	91447
FBGN0037843	5656	6599	7020	7209	10448	6389
FBGN0038730	137	37	90	76	19	67
FBGN0037618	46	20	41	72	151	4
FBGN0010282	8118	9308	9153	8610	12378	8171
FBGN0038738	6217	6723	6690	6189	8750	5624
FBGN0003499	3557	5303	4290	3179	4022	3062
FBGN0262839	12	9	2	5	0	5
FBGN0039817	46	78	21	14	10	13
FBGN0039612	48	35	36	40	37	73
FBGN0260779	808	853	831	1130	951	790
FBGN0029157	8337	9468	9755	8439	13374	7914
FBGN0020278	7515	8426	8852	8363	12495	7704
FBGN0024288	385	489	583	579	676	382
FBGN0038946	13	12	17	2	18	12
FBGN0083943	23	0	24	24	13	5
FBGN0051053	5	18	7	0	0	5
FBGN0027655	12416	12940	14178	11253	15363	9449
FBGN0039435	12	2	0	16	0	6
FBGN0261015	7520	8426	9028	6699	8204	5814
FBGN0013995	80	40	32	40	14	76
FBGN0002906	4254	4954	4590	5501	6733	4727
FBGN0038039	1947	2421	1973	2027	3513	1810
FBGN0262962	125	219	192	176	258	178
FBGN0038394	35	3	8	4	17	18
FBGN0037992	74	85	124	47	97	50
FBGN0015221	8269	9631	10019	8770	12904	7689
FBGN0038261	61	39	22	21	32	28
FBGN0038720	243	214	356	211	426	228
FBGN0042205	526	590	573	634	898	612
FBGN0028436	875	962	1174	1060	1285	867
FBGN0259821	337	158	158	171	292	125
FBGN0038872	14911	14484	14984	15445	20003	12949
FBGN0039443	3	10	1	46	92	30
FBGN0039131	2718	2596	3109	3777	6557	3158
FBGN0039831	7171	8019	8413	8232	10538	6560
FBGN0038950	1421	1814	1740	1665	2659	1339
FBGN0039565	677	742	1049	827	1359	901
FBGN0037579	0	8	1	0	0	0
FBGN0001139	22969	24423	26600	24443	35842	20667
FBGN0039434	11	53	44	421	534	256
FBGN0046876	26	24	5	0	64	32
FBGN0037797	19	2	0	24	0	11
FBGN0003268	9871	11475	11278	18017	24623	13224
FBGN0037987	24	26	0	4	9	20
FBGN0039641	257	250	231	310	406	273
FBGN0037462	7	0	2	18	5	0
FBGN0014366	5561	5671	5769	6937	9810	6141
FBGN0051358	101	36	30	44	54	27
FBGN0051075	7000	8480	8713	10751	15304	9055
FBGN0038852	59	36	19	49	15	20
FBGN0085384	683	700	899	353	355	461
FBGN0026317	5135	5893	6077	5851	7376	4827
FBGN0039590	11585	12896	13488	10135	15510	9068
FBGN0038717	16	29	39	5	109	35
FBGN0038461	3200	4034	3979	4177	5826	3393
FBGN0264832	4	1	1	1	0	7
FBGN0027053	3102	4005	4145	4356	6415	4076
FBGN0004889	16607	18275	18871	17903	24723	15846
FBGN0047199	0	0	0	0	0	0
FBGN0261679	1029	952	951	1051	1619	1213
FBGN0038745	4287	4935	4895	4110	5964	3662
FBGN0038608	2327	2773	2834	3521	5100	2939
FBGN0266261	46	85	8	24	22	4
FBGN0039288	13	10	6	2	0	2
FBGN0037656	1077	1197	1172	1505	1819	1063
FBGN0037305	1263	1612	1893	1742	2510	1849
FBGN0250755	1238	1433	1267	1249	1638	1349
FBGN0037535	493	610	579	577	841	506
FBGN0038118	5592	5971	6520	6562	8923	5664
FBGN0040466	1307	1233	1367	688	841	550
FBGN0038217	2	7	11	14	9	19
FBGN0038391	63	69	81	156	160	113
FBGN0262003	5	0	6	0	0	10
FBGN0010433	119	61	154	27	102	50
FBGN0037712	135	150	141	141	390	192
FBGN0039678	96	118	129	179	331	177
FBGN0266720	1521	1515	1724	1526	2096	1341
FBGN0011481	12220	13522	14766	12285	18415	10501
FBGN0287844	223	106	137	203	156	174
FBGN0038532	4150	4308	4170	5027	7433	4310
FBGN0039303	4550	5531	5665	4429	6336	3943
FBGN0046875	371	490	588	250	423	176
FBGN0025865	11358	13003	14060	10732	16809	10244
FBGN0028691	8549	9795	9879	10129	14889	9290
FBGN0259736	336	251	183	536	796	532
FBGN0085462	5	14	0	9	0	2
FBGN0039767	5370	4981	6199	5371	9321	4510
FBGN0038576	2984	3390	3685	3472	5336	3252
FBGN0037648	1361	1770	1929	1818	2615	1505
FBGN0261552	5715	5218	5202	6938	9308	5701
FBGN0013759	7721	8411	8168	6815	9944	6074
FBGN0037730	90	71	62	168	137	174
FBGN0037232	1129	1554	1154	1559	2088	1257
FBGN0037310	31	12	28	18	34	21
FBGN0259227	5404	6085	5800	5836	8693	5271
FBGN0038487	10	38	16	0	0	60
FBGN0037709	773	815	855	1205	1229	790
FBGN0039705	2654	3402	3195	2995	4543	2879
FBGN0038342	14	15	0	23	14	29
FBGN0039509	963	1051	976	1097	1612	853
FBGN0260468	807	1173	1066	1521	2019	1413
FBGN0037503	1060	1040	1234	2116	2805	1720
FBGN0260230	10	7	0	2	0	0
FBGN0264491	8646	10429	9464	7658	10267	6875
FBGN0265197	1	2	0	0	0	0
FBGN0037976	31	3	13	21	10	28
FBGN0037930	837	932	902	1198	2246	1446
FBGN0083946	15	17	33	58	58	93
FBGN0003339	63	62	76	93	9	91
FBGN0037231	1768	2044	1791	1955	2775	1963
FBGN0039787	68	31	34	43	56	43
FBGN0010438	2379	2549	2711	2760	4632	3152
FBGN0037241	1948	2080	1844	1957	3197	1934
FBGN0038426	793	821	733	1011	1476	779
FBGN0004882	73	92	78	198	226	132
FBGN0020626	5154	5603	5757	5547	8797	5295
FBGN0037439	5350	5972	6674	8096	11919	7641
FBGN0038165	35	20	32	45	39	38
FBGN0037299	2276	2770	2746	2587	3625	2270
FBGN0051080	35	0	15	25	14	22
FBGN0037657	5678	6645	6752	6944	9554	6152
FBGN0038415	28	2	31	20	17	44
FBGN0039595	12	52	5	29	3	6
FBGN0037370	3173	3939	3398	5207	6744	3676
FBGN0039702	490	526	589	610	933	529
FBGN0039039	37	49	13	40	10	72
FBGN0039408	18	57	36	22	11	5
FBGN0038842	6333	6768	6714	5923	8442	5596
FBGN0038799	61	34	17	13	38	41
FBGN0038198	30	20	77	132	42	63
FBGN0038596	9	13	20	0	0	14
FBGN0054041	32	15	15	18	5	24
FBGN0039308	18	4	34	20	14	48
FBGN0014023	1501	1901	1648	1503	2230	1826
FBGN0038902	16	26	33	4	4	6
FBGN0002719	2178	2257	2599	2479	3085	2121
FBGN0046225	2312	2484	2656	2576	4148	2473
FBGN0010258	138	157	212	144	145	41
FBGN0027584	50	32	58	27	30	55
FBGN0024509	7377	8139	8321	8092	11611	7330
FBGN0044826	6336	6143	6554	5895	8264	5000
FBGN0037659	11176	11571	11914	12118	17182	9638
FBGN0263404	10	0	1	0	0	0
FBGN0038582	244	320	403	341	667	342
FBGN0039860	701	1027	981	867	1400	814
FBGN0037882	565	724	595	937	1149	855
FBGN0261843	702	1080	1005	938	1383	906
FBGN0037766	6	13	15	0	9	18
FBGN0038325	1377	1507	1779	1552	2342	1196
FBGN0037283	4	9	4	0	0	4
FBGN0000454	6152	6578	6964	7856	11159	6742
FBGN0038435	32	8	6	12	15	31
FBGN0039186	11598	12525	12460	12737	18067	11306
FBGN0038361	22	8	22	6	0	18
FBGN0038469	40	20	48	31	36	44
FBGN0051224	20910	22752	22514	22148	31406	17381
FBGN0037570	2	4	9	23	0	0
FBGN0027575	483	403	496	936	1264	785
FBGN0037391	2592	2516	3005	3221	4391	2654
FBGN0037466	3872	4967	4739	5421	8504	5003
FBGN0003512	3532	3747	3950	5243	8533	4596
FBGN0051036	102	58	67	47	102	94
FBGN0038986	19	17	12	4	12	25
FBGN0261859	1447	1583	1616	1530	2265	1305
FBGN0037880	409	520	510	633	1036	613
FBGN0038072	26	23	52	4	52	39
FBGN0027493	4786	5326	5784	6484	10144	6369
FBGN0010768	3204	2895	3290	3649	4998	2862
FBGN0039852	3435	3475	3521	5378	6797	4350
FBGN0266171	0	0	0	0	0	0
FBGN0037794	1327	1688	1577	1320	2357	1408
FBGN0027083	786	822	912	1248	1338	1038
FBGN0039518	42	25	6	8	92	23
FBGN0051226	17	0	1	0	7	0
FBGN0038090	49	5	24	31	12	4
FBGN0038897	50	33	21	29	15	57
FBGN0038080	2351	2286	2796	3382	4514	3324
FBGN0037796	4321	4081	4559	5907	8241	5129
FBGN0038749	0	11	3	29	0	12
FBGN0047351	7	6	0	6	1	5
FBGN0013277	4553	6059	4334	1501	3171	854
FBGN0051093	18	10	3	0	32	7
FBGN0037845	145	60	43	77	38	52
FBGN0038832	20	21	22	40	81	48
FBGN0040601	97	62	55	94	86	142
FBGN0051438	11	5	4	2	0	12
FBGN0038708	25	4	17	18	56	30
FBGN0037783	9	5	21	6	0	11
FBGN0285913	4959	5588	5483	5715	7698	4817
FBGN0085321	1	1	5	16	3	10
FBGN0039056	4880	5311	5360	4898	6593	4696
FBGN0037513	9	19	15	63	56	47
FBGN0040524	5	3	1	0	16	17
FBGN0051320	1499	1629	1376	1973	2559	1657
FBGN0038306	4195	5360	5714	6662	8508	5769
FBGN0037473	776	893	889	909	1518	769
FBGN0038928	457	527	467	717	789	561
FBGN0039438	5	0	24	17	28	1
FBGN0250732	9297	8857	9761	10304	13460	8133
FBGN0000140	17410	18004	17994	20285	27467	17115
FBGN0039254	461	535	440	582	753	681
FBGN0039237	33	1	0	1	30	2
FBGN0038621	400	550	381	302	629	263
FBGN0004644	4538	5196	6018	4637	7476	4424
FBGN0002645	46788	54664	50613	48345	69858	42509
FBGN0010043	18	0	19	0	0	0
FBGN0250839	457	584	562	568	948	827
FBGN0263143	1120	986	1231	2292	3242	2027
FBGN0038735	1108	1039	928	1460	1598	1044
FBGN0051102	11	52	23	30	32	8
FBGN0038097	22	5	2	19	6	8
FBGN0037525	1030	1544	1261	1271	2124	1017
FBGN0017590	48	51	24	29	48	26
FBGN0039198	20	18	44	21	24	34
FBGN0038607	92	23	54	24	9	38
FBGN0053111	4852	5987	5956	5766	8490	4825
FBGN0259992	9	7	22	18	20	10
FBGN0266282	3377	3629	3792	3765	5332	3673
FBGN0019990	5582	5970	6127	5584	9188	5577
FBGN0037936	67	0	4	22	0	67
FBGN0083975	117	74	79	66	42	51
FBGN0038199	46	15	22	5	0	6
FBGN0038307	1467	1596	1461	2219	2458	2130
FBGN0039492	6272	6360	6152	5327	8766	5732
FBGN0037897	3975	4335	4021	3539	4999	3275
FBGN0037811	17754	20551	19870	17751	29452	16484
FBGN0037980	1246	1468	1476	1192	2400	1426
FBGN0038151	1141	1214	1248	1725	2620	1613
FBGN0039829	887	909	894	1141	1751	1160
FBGN0039052	13	25	31	4	30	7
FBGN0039013	2650	2876	2750	2460	4463	2494
FBGN0026737	1251	1450	1777	2038	2633	1489
FBGN0262363	8	7	0	2	0	0
FBGN0085404	56	43	4	37	13	30
FBGN0038135	68	34	28	25	145	101
FBGN0263023	5	12	8	19	0	14
FBGN0266410	13769	15027	14303	18015	21809	13543
FBGN0051087	34	21	5	20	8	0
FBGN0038373	44	30	14	56	12	12
FBGN0085465	20	26	21	3	30	6
FBGN0003060	41	17	76	214	89	317
FBGN0037354	1445	1480	1650	1446	2356	1124
FBGN0027514	1741	2168	1814	2303	3066	2188
FBGN0039849	4336	4745	4970	5681	7887	4758
FBGN0038172	42	32	55	49	101	80
FBGN0037217	36	58	21	77	24	8
FBGN0019952	629	782	822	770	1368	815
FBGN0259740	3590	4188	3835	3830	4891	2932
FBGN0038439	170	71	108	126	83	113
FBGN0038645	14	23	11	10	18	37
FBGN0037824	3	6	13	5	0	5
FBGN0051199	22	8	7	0	5	7
FBGN0053658	4	0	6	6	13	0
FBGN0085316	15	24	4	12	26	7
FBGN0039204	2562	2727	2623	3348	5017	2832
FBGN0038631	41	1	33	17	22	46
FBGN0037584	35	6	9	14	3	39
FBGN0263346	13614	15754	13947	11395	16452	10889
FBGN0040256	36	27	35	78	53	87
FBGN0038638	5161	5474	6317	5210	7702	4245
FBGN0016917	14480	14729	15850	16364	22665	14692
FBGN0038519	3824	3949	4077	3916	5817	3555
FBGN0000247	6569	7094	6750	8073	11882	6667
FBGN0038665	12	44	10	33	20	10
FBGN0038207	5	10	11	4	32	15
FBGN0037885	295	358	481	494	399	328
FBGN0051007	1	2	19	6	18	0
FBGN0020912	25	22	31	17	35	55
FBGN0037846	550	499	768	568	842	383
FBGN0266174	0	0	0	0	0	0
FBGN0051419	14	0	2	14	0	2
FBGN0039882	922	1167	1015	1068	1502	1101
FBGN0085306	26	30	14	52	0	16
FBGN0261839	872	856	844	874	1300	570
FBGN0037360	6766	7961	8402	7586	11273	7252
FBGN0051473	234	253	118	476	320	252
FBGN0263396	41197	48717	46932	44756	70652	44243
FBGN0003598	13661	16104	15986	15195	20278	12479
FBGN0037543	917	1143	886	1215	1430	1029
FBGN0038008	20	23	10	13	30	33
FBGN0287209	24713	26900	28137	30439	40400	25552
FBGN0038398	29	30	1	16	20	29
FBGN0037544	230	271	324	401	325	347
FBGN0265082	19733	23879	21347	20853	28967	17557
FBGN0051010	11	8	14	17	8	1
FBGN0266268	2892	2888	2773	3744	4758	2827
FBGN0046685	3415	3989	4061	3685	5975	3148
FBGN0039774	1557	1651	1672	1156	2232	1276
FBGN0038772	1158	1621	1658	1623	2390	1564
FBGN0085310	1	20	9	2	1	11
FBGN0002431	43125	48420	46457	47550	65556	39264
FBGN0053784	0	3	6	0	0	7
FBGN0038076	40	6	8	44	75	32
FBGN0028688	9754	11363	11867	10496	14996	8411
FBGN0026257	1176	1079	1222	1395	1871	1197
FBGN0263755	2391	2828	3282	2776	4138	2399
FBGN0039323	46	35	20	172	140	63
FBGN0037301	4692	5044	5581	6153	7937	5059
FBGN0039145	658	811	756	771	1305	893
FBGN0051164	49	19	8	1	30	30
FBGN0038277	37	18	57	23	52	28
FBGN0037958	1966	2479	2475	2595	3413	2227
FBGN0039828	3924	4874	4462	6108	9311	5682
FBGN0037282	4962	5016	4945	5454	6709	4756
FBGN0250821	18	24	1	8	2	10
FBGN0039580	6301	7319	7998	6655	8803	5702
FBGN0038980	15	27	32	23	17	67
FBGN0262125	14751	16645	17440	16243	22067	14102
FBGN0265199	8	6	0	0	0	4
FBGN0037578	1477	1746	1631	1756	2786	1611
FBGN0038281	12	6	1	7	0	5
FBGN0037330	1764	2345	2452	2555	3644	2019
FBGN0003483	917	1031	913	687	966	643
FBGN0038145	23286	26994	27147	25301	37991	23819
FBGN0037627	46	32	4	0	33	18
FBGN0053095	7359	8598	7517	9462	11855	9064
FBGN0053325	31	10	25	30	0	3
FBGN0039196	27	15	12	12	22	25
FBGN0085336	12	4	4	0	0	2
FBGN0051267	33	8	17	0	24	14
FBGN0038590	641	766	930	1315	1353	899
FBGN0039311	17	22	22	10	13	10
FBGN0051251	698	748	586	594	860	852
FBGN0039453	6	4	2	6	0	1
FBGN0250908	39	22	14	31	24	5
FBGN0085320	14	4	2	56	120	8
FBGN0039489	291	305	344	311	383	222
FBGN0040606	5	2	1	4	0	7
FBGN0039159	663	715	877	939	1284	715
FBGN0039519	25	0	4	14	6	28
FBGN0002783	32702	35804	37564	37415	56394	34016
FBGN0261792	2040	2411	2264	1908	2873	1701
FBGN0038195	2792	3184	2915	2995	4562	2517
FBGN0053346	38	9	24	52	30	167
FBGN0026597	7548	7539	8786	6659	10223	6476
FBGN0038570	5507	5303	6583	5401	8113	5207
FBGN0038658	12	5	0	13	11	10
FBGN0260793	88	91	41	57	13	50
FBGN0004666	47	35	32	28	26	62
FBGN0264751	390	374	506	452	748	546
FBGN0039302	100245	110537	106397	116875	161886	94402
FBGN0037327	10269	10844	11237	10996	13584	9451
FBGN0038262	51	18	30	7	19	16
FBGN0037943	2583	3105	2608	3337	4477	2830
FBGN0002592	4237	4084	4857	3335	3993	3023
FBGN0063261	21	1	5	0	1	2
FBGN0039758	165	105	148	145	52	96
FBGN0051424	42	35	18	0	5	6
FBGN0261508	0	0	7	22	1	0
FBGN0266717	47211	51549	51624	53082	72111	43906
FBGN0010401	100	81	82	94	208	118
FBGN0039252	4057	4326	4484	5141	7767	4812
FBGN0028646	2714	2905	2817	2958	4190	2558
FBGN0039734	48	37	56	81	26	50
FBGN0038363	325	498	458	822	926	669
FBGN0039504	160	91	110	72	101	67
FBGN0002921	38317	42145	42597	41792	55429	33189
FBGN0038221	346	441	441	220	363	238
FBGN0038944	17	1	0	5	7	7
FBGN0020235	11693	12522	13451	13024	18510	11843
FBGN0261986	5521	6364	5890	6524	7267	5503
FBGN0037940	19	1	4	0	0	2
FBGN0028992	3209	3764	3583	3901	5178	3419
FBGN0039623	3355	3310	3299	3408	4610	3230
FBGN0000083	14132	15331	16430	22121	32677	20469
FBGN0039827	219	170	351	568	765	496
FBGN0039844	11462	11789	13335	11747	15274	10642
FBGN0013279	9406	12939	9531	3306	7066	1748
FBGN0039682	27	109	26	230	267	81
FBGN0037831	4881	5739	5741	5811	7813	4497
FBGN0038209	16	16	4	2	26	14
FBGN0037683	34	46	50	36	13	23
FBGN0051089	33	10	25	4	36	20
FBGN0038773	102	8	22	22	0	18
FBGN0040255	40	22	12	10	15	33
FBGN0038612	36	2	21	1	0	2
FBGN0051041	22	22	1	13	6	28
FBGN0042094	1049	1289	1098	1105	1556	1048
FBGN0037638	3108	3263	3022	3279	4038	2935
FBGN0039632	4219	4117	5082	5090	7260	4255
FBGN0038448	62	54	31	11	66	50
FBGN0261436	2259	2500	2752	3444	4156	2634
FBGN0038234	721	568	719	775	1454	802
FBGN0005777	3753	4274	4362	4656	7434	4264
FBGN0038301	1330	1734	1755	1729	2741	1654
FBGN0259704	2096	2409	2368	2907	3882	2814
FBGN0039155	6915	7254	7679	5696	8269	5467
FBGN0037603	437	443	507	398	507	407
FBGN0085315	0	0	7	8	0	0
FBGN0037611	154	221	182	290	319	169
FBGN0005642	6510	6546	7056	7396	11492	5934
FBGN0037446	4339	5092	4926	4590	7000	4352
FBGN0039306	2984	3364	3111	3835	5390	3355
FBGN0051445	53	32	46	30	12	65
FBGN0038083	28	18	31	119	169	73
FBGN0266259	0	1	0	7	0	5
FBGN0042101	47	25	18	17	0	31
FBGN0015008	50	23	14	45	0	13
FBGN0062442	3009	3793	3604	3371	4887	3038
FBGN0041588	2315	2597	2591	2877	4131	2788
FBGN0037910	7	11	0	3	0	1
FBGN0039235	22	30	3	32	43	15
FBGN0010774	13012	14514	15916	13458	20740	13435
FBGN0037594	40	23	6	8	0	20
FBGN0011336	19188	22792	20898	20570	25998	17721
FBGN0052944	49	42	49	35	66	45
FBGN0040553	9	6	7	21	0	6
FBGN0262364	12	2	29	0	0	8
FBGN0039325	26	2	8	13	22	40
FBGN0039111	752	647	618	861	1148	602
FBGN0037252	14935	15903	15549	15529	21298	13209
FBGN0038387	362	420	631	459	791	593
FBGN0039310	19	34	10	38	21	6
FBGN0038180	5410	7441	7283	4181	5924	3945
FBGN0039300	35687	41141	41670	39743	54417	34154
FBGN0039344	70	17	14	20	4	19
FBGN0038191	74	102	145	59	30	93
FBGN0038074	36	21	42	96	359	96
FBGN0266599	300243	316778	356735	345812	502684	310558
FBGN0039850	22	22	19	2	0	8
FBGN0023097	16561	17707	18435	16713	24162	13792
FBGN0040078	5681	7243	6685	7608	10552	6552
FBGN0038523	10	95	3	22	59	58
FBGN0037762	30	4	5	23	0	22
FBGN0038455	140	206	239	294	376	306
FBGN0039429	14	10	14	20	19	12
FBGN0029176	164654	172969	202942	170551	264810	160192
FBGN0261618	86413	90386	87050	86624	121973	75260
FBGN0038344	8013	9086	9364	9195	12368	7852
FBGN0260645	1	0	0	21	14	4
FBGN0038416	38	20	14	80	48	50
FBGN0261019	314	415	404	452	519	421
FBGN0002869	13	0	0	18	0	9
FBGN0038652	1101	1176	1120	530	794	674
FBGN0011766	22464	24457	25181	23431	34842	19890
FBGN0039886	141	117	76	118	169	112
FBGN0037412	34	10	21	8	19	7
FBGN0262983	0	7	0	20	0	25
FBGN0039867	2138	2082	2295	2403	3582	2048
FBGN0039738	2039	2119	2342	1852	3070	1702
FBGN0039552	19	7	9	8	38	9
FBGN0051345	21	3	9	29	11	1
FBGN0051217	5901	6327	7433	5540	7370	4712
FBGN0038366	132	124	105	46	234	204
FBGN0037435	673	672	599	758	1029	622
FBGN0020496	29273	31882	34222	34471	48867	30682
FBGN0019957	3953	4768	4931	5433	7052	4599
FBGN0265140	7984	9072	8031	6361	6970	6039
FBGN0037653	2735	3557	3313	3772	4752	3016
FBGN0039405	791	909	658	1030	1342	967
FBGN0037667	1208	1333	1218	1346	1617	1046
FBGN0064126	4323	4545	4969	4829	6393	3865
FBGN0266674	3007	3660	3218	3258	4174	2735
FBGN0011217	18973	23562	19384	20645	25710	20484
FBGN0020299	4725	5668	6547	6080	9077	4854
FBGN0037802	442	369	497	588	626	489
FBGN0039305	3188	3747	3425	3678	5925	3508
FBGN0037294	42	84	22	30	122	18
FBGN0067629	1798	2172	2296	1886	2841	1980
FBGN0013343	5873	6253	5464	4603	6580	3874
FBGN0051108	1851	2358	1978	2747	3340	2579
FBGN0037581	1172	1112	1455	1347	1880	1165
FBGN0038268	312	538	496	590	889	561
FBGN0039883	1247	1349	1243	921	1461	770
FBGN0038739	1008	1062	1237	1272	2252	1140
FBGN0038790	3	2	10	0	0	0
FBGN0038508	49	20	9	54	18	9
FBGN0039413	21	5	4	23	10	19
FBGN0051460	1294	1052	1077	1173	1519	1134
FBGN0038747	3573	3676	3993	4049	5517	3408
FBGN0011740	8441	9411	10307	7943	11984	7346
FBGN0262477	43	13	25	28	2	11
FBGN0037339	2438	2669	3006	2762	3402	2321
FBGN0039461	267	255	265	245	430	247
FBGN0039028	23	30	12	32	18	10
FBGN0038494	140	182	211	18	32	19
FBGN0017448	80	29	31	61	4	48
FBGN0039651	63	21	30	1	12	48
FBGN0037816	550	455	572	588	755	568
FBGN0085312	10	7	0	0	3	5
FBGN0038507	33	32	8	40	19	5
FBGN0040531	0	5	0	1	8	0
FBGN0037672	60	94	67	46	76	59
FBGN0038551	2694	3086	3317	2897	4233	2597
FBGN0264005	95	22	69	40	11	47
FBGN0026565	11	13	29	33	38	24
FBGN0037989	828	989	949	725	1223	700
FBGN0003015	18	41	21	79	35	39
FBGN0266442	8	22	10	8	14	14
FBGN0037996	26	20	35	21	28	32
FBGN0039358	3300	3597	4212	3535	5176	3284
FBGN0003721	24980	29577	27795	30081	40144	26228
FBGN0045980	80	23	5	38	122	48
FBGN0038846	18	7	7	0	0	0
FBGN0038854	3875	3976	3997	4288	5927	3791
FBGN0259139	26484	29822	26495	30684	45286	28502
FBGN0040528	822	748	871	885	846	514
FBGN0039779	38	16	1	23	81	14
FBGN0039472	6	19	56	26	18	0
FBGN0085412	30804	33174	30927	31841	48254	29043
FBGN0051230	38	59	50	59	101	46
FBGN0053202	26	26	25	27	72	8
FBGN0038642	128	75	81	104	23	87
FBGN0039463	35	7	6	57	7	9
FBGN0038685	36	23	23	0	12	3
FBGN0039821	82	35	43	33	97	66
FBGN0038247	113	73	101	78	136	124
FBGN0004103	21404	23369	24561	24486	37684	22734
FBGN0038149	16636	19817	21262	22304	31111	18134
FBGN0027563	1	34	0	22	1	23
FBGN0039357	324	412	441	570	894	501
FBGN0037956	8407	8790	9556	10010	13632	8221
FBGN0261061	13	0	1	0	0	0
FBGN0028475	4174	4614	4784	4343	6552	4123
FBGN0038646	13	99	254	98	10	21
FBGN0051099	7	8	7	21	32	12
FBGN0043884	119648	130151	126207	117066	179632	104995
FBGN0010340	465	568	592	612	977	667
FBGN0264075	7533	8508	8547	7681	11063	6152
FBGN0259938	5219	5736	5536	6226	9541	5287
FBGN0264426	133	104	92	101	241	110
FBGN0259193	14	21	18	25	18	13
FBGN0038816	3590	4014	4068	4784	6259	3633
FBGN0019925	4457	5849	5804	4694	5751	3772
FBGN0037714	12	17	12	7	14	8
FBGN0038837	50	50	37	33	30	67
FBGN0085337	77	146	174	118	61	115
FBGN0085454	1	9	11	8	8	48
FBGN0265266	14	17	30	62	31	19
FBGN0038929	37	53	51	29	16	9
FBGN0038233	665	764	684	746	727	743
FBGN0037550	1091	1347	1321	1247	2015	1440
FBGN0261841	884	999	829	980	1587	895
FBGN0051025	51	39	14	57	82	28
FBGN0051225	5	9	17	1	0	12
FBGN0039566	9890	11966	11127	11424	16250	10675
FBGN0022943	1197	1755	1580	1581	2043	1475
FBGN0262081	8731	9487	9794	8794	12868	7654
FBGN0037610	283	318	316	284	509	292
FBGN0265274	30123	35978	35282	34495	46303	28000
FBGN0067783	584	693	558	692	782	548
FBGN0051233	53	31	9	76	85	47
FBGN0013275	12364	18023	10767	2974	5608	1300
FBGN0037213	28499	30010	31789	31593	46286	30445
FBGN0037616	74	69	48	121	132	53
FBGN0038533	2962	3313	3108	4029	4855	2975
FBGN0037418	22	20	18	18	4	5
FBGN0264991	3	0	1	0	0	10
FBGN0015737	30261	33808	30575	31701	39698	26990
FBGN0038148	39	4	7	12	13	12
FBGN0037901	1678	1641	1718	1866	2368	1686
FBGN0267690	241	106	203	110	178	155
FBGN0037837	58	20	29	15	22	16
FBGN0039341	3646	4485	4213	3873	5302	3842
FBGN0037986	35	9	36	31	20	28
FBGN0267104	5	15	6	30	8	16
FBGN0037250	1164	1589	1553	1653	2691	1652
FBGN0039197	5	22	5	7	6	3
FBGN0038566	23	9	5	4	19	21
FBGN0051481	44	37	71	31	26	83
FBGN0037817	36	51	16	78	214	37
FBGN0266464	4206	4865	4717	5576	6914	3975
FBGN0038424	1590	2019	2235	2184	3108	2048
FBGN0051229	1046	1147	1211	1075	1957	1077
FBGN0038691	6	10	19	13	0	0
FBGN0039069	116	100	119	123	202	95
FBGN0037829	38	38	21	16	4	59
FBGN0016120	10036	11101	11596	11097	15872	10129
FBGN0005596	6744	6948	7739	7559	10846	6116
FBGN0038179	747	984	883	372	394	307
FBGN0262540	7	2	9	15	1	0
FBGN0040071	21557	22379	23321	20650	30198	16906
FBGN0038423	23	8	13	0	0	0
FBGN0045862	10291	11728	12780	11395	18208	10525
FBGN0051259	18	34	53	41	46	45
FBGN0038251	3000	3460	3432	2610	4184	2587
FBGN0038797	12	45	6	0	8	24
FBGN0053483	5	8	0	8	4	16
FBGN0039140	3502	3646	3992	4713	6104	3850
FBGN0038428	1928	2618	2429	2370	3398	2159
FBGN0037770	9108	10441	10763	10590	14705	8451
FBGN0259194	45	24	13	20	34	2
FBGN0085417	457	422	529	1028	1465	784
FBGN0083991	1	0	0	0	9	0
FBGN0003093	4164	4155	4488	3800	5602	3649
FBGN0045866	3318	4834	4868	3949	5714	3796
FBGN0028468	1490	1518	1813	1338	1672	1154
FBGN0037908	38	40	31	5	25	10
FBGN0039754	927	1091	1444	975	1444	824
FBGN0038919	1417	1455	1464	2675	3593	2575
FBGN0038105	36	21	12	46	5	24
FBGN0003479	871	927	1013	1234	1927	975
FBGN0051371	29	36	16	15	13	10
FBGN0038244	9706	9969	11102	11433	16540	9993
FBGN0037249	45908	51267	55511	45116	71274	39605
FBGN0039041	3	0	0	1	5	0
FBGN0038084	20	9	14	23	0	8
FBGN0024957	5950	6813	7091	5705	8370	4796
FBGN0286741	5	6	4	0	5	3
FBGN0026620	20789	23149	23231	20098	28534	17739
FBGN0051213	180	77	62	45	86	136
FBGN0085431	25	22	10	9	33	9
FBGN0263995	1023	1091	1069	830	1421	725
FBGN0011290	2224	2604	2278	2534	3217	2461
FBGN0037521	11	14	16	16	28	20
FBGN0037347	1176	1843	1570	2008	2650	1338
FBGN0022359	23	24	39	217	162	233
FBGN0265189	1993	2432	2653	2777	3415	2192
FBGN0053108	298	476	459	502	660	453
FBGN0038013	1834	2193	1666	2009	3619	2085
FBGN0051091	11	2	22	54	33	16
FBGN0264495	22738	24549	24467	20987	29328	18435
FBGN0038558	3	7	12	3	5	0
FBGN0014342	844	981	1100	1190	2059	1232
FBGN0086686	21113	21966	22952	21394	28716	18424
FBGN0003357	334	31	58	366	430	677
FBGN0039508	4511	5771	6042	6022	9150	5696
FBGN0016119	2435	2548	2809	3032	4261	2576
FBGN0263403	0	0	1	0	2	0
FBGN0264903	0	0	8	0	24	2
FBGN0039645	49	70	34	30	50	54
FBGN0039209	3487	3484	3517	5010	6929	4094
FBGN0016691	8794	9360	10844	10912	14677	10148
FBGN0038550	3	5	15	1	16	0
FBGN0053293	108	47	71	61	89	46
FBGN0038767	1193	1466	1100	1459	2240	1170
FBGN0039739	16	7	4	0	2	8
FBGN0039349	1815	2303	2281	2166	3063	1952
FBGN0038414	42	18	14	15	29	20
FBGN0004629	42	168	286	153	407	161
FBGN0011582	46	30	30	79	17	24
FBGN0037562	2	0	0	13	28	0
FBGN0042110	13	1	10	13	22	23
FBGN0039681	16	16	27	5	36	25
FBGN0038705	30	40	24	18	140	52
FBGN0051211	14058	14772	14137	12604	19628	11635
FBGN0038690	44	12	28	13	4	22
FBGN0040529	10075	10425	10599	11643	15117	10790
FBGN0039027	27	3	9	32	41	6
FBGN0285937	5228	6763	6183	6004	7978	5995
FBGN0039656	41	71	20	41	18	18
FBGN0014380	652	791	513	792	783	453
FBGN0037664	1089	1146	1122	616	796	494
FBGN0004436	3610	4320	3307	4160	5286	3317
FBGN0001149	24463	27946	28188	30386	42196	23668
FBGN0037635	36	40	17	116	96	103
FBGN0004554	79	24	26	100	220	87
FBGN0038851	16	14	16	21	13	22
FBGN0039172	4768	5462	5815	4951	6500	4486
FBGN0000416	23473	26020	26012	26653	35889	22373
FBGN0003330	2789	3149	3551	3003	4837	3207
FBGN0004782	54	11	19	60	48	80
FBGN0037502	31	9	18	33	0	32
FBGN0038134	39	15	12	10	16	0
FBGN0283536	4118	4384	5243	5491	8264	5770
FBGN0038285	46	88	37	26	15	14
FBGN0038871	269	447	380	484	378	365
FBGN0037780	1905	2291	2270	2351	3092	2227
FBGN0038516	72	147	86	74	161	73
FBGN0038509	24	9	6	15	0	9
FBGN0037534	47	80	49	85	86	69
FBGN0039451	3698	3938	4158	4173	6310	3635
FBGN0039770	20	4	15	10	49	66
FBGN0263740	9023	10552	10546	11655	17166	10568
FBGN0001138	11851	12333	13445	10720	17193	10295
FBGN0261929	90	58	38	23	75	105
FBGN0039684	0	16	9	1	0	4
FBGN0039280	811	987	762	1081	1658	1127
FBGN0051410	0	29	0	1	0	10
FBGN0003257	4076	4954	5559	6115	9573	5707
FBGN0001169	16652	18645	18645	16822	22933	13141
FBGN0038993	19	52	27	13	50	9
FBGN0038054	66	78	92	32	60	18
FBGN0053192	11	3	0	24	18	13
FBGN0037721	3975	4654	4829	2970	3631	3003
FBGN0086361	12304	12601	13303	12461	18524	10872
FBGN0037779	1318	1344	1471	1149	1555	1196
FBGN0260743	819	1052	1199	1382	1676	1013
FBGN0002941	116	44	54	83	41	60
FBGN0037742	205	228	184	401	541	384
FBGN0037997	8	7	1	15	0	15
FBGN0025821	4	10	0	1	8	0
FBGN0051038	4939	5308	5682	4298	5890	3298
FBGN0039689	509	429	467	659	810	622
FBGN0039554	3229	3734	3990	5025	6073	3257
FBGN0039250	10810	11290	11359	11628	17982	10151
FBGN0037592	1409	1381	1453	1384	1705	999
FBGN0028997	1117	995	1083	1823	2174	1336
FBGN0011666	11584	12854	13071	12769	18118	10360
FBGN0037500	6	15	0	14	23	2
FBGN0284081	3	3	10	6	14	8
FBGN0262975	12819	13523	13544	11784	16935	10134
FBGN0262167	9924	10340	10699	10050	15427	9107
FBGN0000064	12241	13836	16654	19190	28074	15924
FBGN0038163	36	34	10	31	8	22
FBGN0039149	850	937	795	747	1370	915
FBGN0027109	2	0	5	3	0	0
FBGN0038425	578	679	610	630	867	695
FBGN0038482	17	14	6	11	0	0
FBGN0250832	9	0	5	2	0	2
FBGN0037643	6029	6532	7221	6653	8462	5616
FBGN0267236	2	0	2	7	0	0
FBGN0038140	34	44	43	28	16	33
FBGN0061476	2135	2593	2346	3529	5027	2972
FBGN0038122	9	23	4	6	4	10
FBGN0029170	69	64	49	71	30	64
FBGN0003450	16	5	7	11	42	7
FBGN0039596	34	10	13	19	12	57
FBGN0038490	152	182	131	129	299	155
FBGN0039106	12	1	7	38	12	5
FBGN0039335	1748	1681	1912	2267	2507	1560
FBGN0038879	36	14	29	18	0	12
FBGN0037336	9887	10764	10861	11253	14336	8956
FBGN0003651	1927	1853	2060	2422	3330	2026
FBGN0037690	7	21	31	19	2	40
FBGN0038106	1282	1251	1391	1628	2138	1273
FBGN0001321	3005	3665	3642	3966	5797	3649
FBGN0037225	25	13	8	68	16	21
FBGN0038082	28	22	15	26	26	25
FBGN0005355	2408	2608	2991	3027	4903	2726
FBGN0000150	64509	66158	77705	85182	119395	67266
FBGN0037577	4	15	8	7	0	16
FBGN0038866	320	311	295	337	513	216
FBGN0038429	891	1117	1172	972	1525	815
FBGN0038981	2930	3180	3379	3044	4263	2834
FBGN0262144	5	2	0	0	0	5
FBGN0038654	15	1	3	0	15	8
FBGN0039789	76	22	41	28	82	19
FBGN0039589	1823	1753	1767	2357	3575	1829
FBGN0039591	15	1	17	17	47	11
FBGN0039718	1	12	0	1	0	27
FBGN0038241	0	21	8	38	92	81
FBGN0038018	21	19	11	12	0	10
FBGN0038715	37	34	16	38	19	14
FBGN0039478	33	13	43	10	24	35
FBGN0004117	406	482	213	1984	2381	1888
FBGN0028708	1427	1551	1818	1939	2724	1638
FBGN0046222	5598	6570	6979	7462	10700	6590
FBGN0039637	1705	1910	1932	1666	2353	1461
FBGN0283477	11286	13116	14035	13401	20601	12868
FBGN0039370	9	0	5	24	0	0
FBGN0038126	1246	1608	1350	1492	1672	1397
FBGN0265101	2439	2361	2462	3351	4479	3397
FBGN0015019	28685	31874	34129	35210	50126	30620
FBGN0051068	28	43	20	6	16	26
FBGN0037218	7588	8351	8235	8889	11698	7540
FBGN0011670	1	19	2	0	0	3
FBGN0000527	38	147	127	31	16	13
FBGN0037613	196	331	307	389	581	353
FBGN0027608	55	95	54	71	77	56
FBGN0051477	103	101	58	87	108	96
FBGN0267431	112	79	122	93	121	51
FBGN0039563	3469	3926	3855	4816	7077	3822
FBGN0261046	155	101	120	97	76	187
FBGN0263398	2448	2371	2792	3157	4844	2656
FBGN0046885	57	9	39	4	11	32
FBGN0004577	403	198	321	431	517	351
FBGN0003308	679	588	838	496	538	425
FBGN0038818	60	39	28	24	59	58
FBGN0039736	72	30	41	29	40	51
FBGN0037531	1099	862	818	1346	2135	1233
FBGN0266405	7	14	15	6	44	14
FBGN0013949	39	36	53	198	255	130
FBGN0044809	13	27	18	0	8	11
FBGN0262614	70644	76750	80480	74718	108686	63685
FBGN0051115	26	10	4	8	0	7
FBGN0260962	14610	16473	16938	20749	29066	16333
FBGN0037606	1097	1063	1146	1292	1994	1041
FBGN0038976	2923	3400	3740	4255	5549	3688
FBGN0037517	48	13	26	24	0	30
FBGN0051326	32	36	12	27	3	10
FBGN0039309	50	10	7	4	30	32
FBGN0021750	2241	2490	2863	2291	3422	2101
FBGN0002862	7	0	0	5	18	11
FBGN0260399	3751	3916	3998	4449	5386	3118
FBGN0261994	12	8	0	0	9	14
FBGN0039677	26	24	40	29	0	47
FBGN0037387	20	21	21	36	13	22
FBGN0038313	932	1252	1187	1382	2122	1433
FBGN0039369	12	13	9	26	14	12
FBGN0037238	30	33	19	45	45	50
FBGN0025808	878	1036	878	1013	1396	937
FBGN0260759	466	472	375	602	811	515
FBGN0039115	675	784	771	1306	1558	1013
FBGN0037737	1737	2248	2145	2224	3434	2119
FBGN0037350	239	285	416	402	497	372
FBGN0037515	90	155	140	124	96	122
FBGN0037340	490	482	674	924	1144	677
FBGN0038849	26	22	9	29	16	20
FBGN0261932	7	3	6	2	0	13
FBGN0001112	523	650	635	878	1161	865
FBGN0039875	3868	3894	4036	3170	5040	3146
FBGN0037365	10	11	20	3	2	27
FBGN0039811	20	2	0	26	2	0
FBGN0053213	679	874	1015	746	1283	958
FBGN0037962	37	26	29	51	1	35
FBGN0003429	107	73	102	131	148	147
FBGN0011725	5012	5737	5711	5465	8215	5559
FBGN0263399	6	3	1	0	0	21
FBGN0051121	6557	7073	8208	6831	11212	5846
FBGN0062411	4	9	2	5	7	7
FBGN0051354	9248	13009	9470	3279	7014	1774
FBGN0264816	2181	2328	2140	2591	3603	2567
FBGN0037758	3312	3776	3682	4070	5182	3276
FBGN0037916	21	46	50	70	42	80
FBGN0038055	1457	1634	1532	1665	2886	1476
FBGN0026598	5721	6021	6576	6951	10017	5725
FBGN0262808	6	3	3	2	0	5
FBGN0038546	3870	3489	3948	4160	5684	3710
FBGN0011745	4989	5653	5886	6263	8968	5461
FBGN0037406	12	5	11	4	0	9
FBGN0039034	13	22	3	2	24	20
FBGN0004369	15976	17230	16024	17106	24233	15241
FBGN0039598	17	6	8	22	5	10
FBGN0266581	6816	8165	7769	9358	13238	9577
FBGN0261393	7	67	53	28	30	51
FBGN0085345	38	103	75	82	60	46
FBGN0039161	64	71	122	46	57	49
FBGN0000591	1025	1415	1370	1061	1428	879
FBGN0039494	1841	1723	2159	203	570	163
FBGN0260794	81159	90829	88978	82121	117842	70457
FBGN0039031	18	40	12	159	266	130
FBGN0014141	39729	42755	46012	56756	83971	48600
FBGN0262562	586	477	559	438	663	430
FBGN0003275	4601	5184	4937	5998	9201	5066
FBGN0270925	67	80	63	71	41	72
FBGN0083974	30	11	4	7	0	7
FBGN0260237	566	720	769	757	711	578
FBGN0026063	3984	3853	4079	4698	6601	4104
FBGN0038158	3	4	39	3	0	1
FBGN0013347	4809	5093	5097	5888	7602	5565
FBGN0051269	13	10	12	0	0	23
FBGN0037844	15	48	64	107	169	167
FBGN0040271	6828	7451	6562	6140	8120	6215
FBGN0039495	11	8	8	18	3	16
FBGN0038124	20	12	0	23	4	10
FBGN0039431	9156	10810	10300	9201	14275	8126
FBGN0025571	20615	22397	23594	18878	27367	17413
FBGN0037554	2004	2240	2418	2461	3329	1890
FBGN0037284	1	1	0	0	0	1
FBGN0022787	9962	11422	11704	12210	17343	10458
FBGN0038795	12	10	8	23	32	35
FBGN0015011	79	135	60	203	175	159
FBGN0042111	6846	7925	8351	6622	9987	6315
FBGN0003129	29	56	4	47	0	22
FBGN0038511	1248	1675	1186	975	1240	895
FBGN0037536	4174	4590	4974	5299	6790	4511
FBGN0037931	1583	1458	1940	1652	2266	1689
FBGN0038855	2458	2935	3415	3603	5065	2870
FBGN0039359	54931	65772	65748	60963	88254	49376
FBGN0000564	19	5	0	11	0	14
FBGN0026441	5942	6178	6349	5811	8278	5132
FBGN0038237	119	33	51	159	35	43
FBGN0037514	20	24	8	0	1	3
FBGN0038033	40	38	21	47	57	51
FBGN0039319	14	23	6	5	10	27
FBGN0039395	8	15	22	12	28	13
FBGN0265351	434	494	408	379	624	349
FBGN0262576	20	8	6	15	7	15
FBGN0085311	9	4	84	0	53	11
FBGN0004174	13	6	4	15	0	6
FBGN0039291	370	332	341	341	637	272
FBGN0051021	66	29	22	4	95	20
FBGN0037583	3197	3508	3265	2831	4094	2756
FBGN0051441	343	377	322	217	598	393
FBGN0051374	285	267	208	403	468	264
FBGN0039102	115	103	124	92	249	104
FBGN0039638	2407	2915	2919	3190	4456	2934
FBGN0025802	4700	5640	5216	5592	7314	4712
FBGN0037344	41151	43036	42963	42964	61746	37914
FBGN0053193	3883	4132	5110	5413	7566	4147
FBGN0037751	30	18	21	77	58	108
FBGN0026562	2276	2923	3394	4983	6801	3745
FBGN0039703	2	22	10	26	0	5
FBGN0038348	96	50	114	184	173	181
FBGN0010808	2422	2400	2483	2938	4901	2607
FBGN0038942	4	9	8	12	4	0
FBGN0264741	17	0	3	17	10	26
FBGN0039219	3217	4397	4107	3838	5426	3716
FBGN0037850	8	18	6	36	41	23
FBGN0039008	12	20	1	16	62	0
FBGN0037468	14849	17100	16852	26732	37871	18817
FBGN0037420	10	5	1	84	57	86
FBGN0250753	39400	50392	44768	49690	68333	45591
FBGN0015831	19	23	21	0	18	31
FBGN0039719	7	11	7	10	19	16
FBGN0259685	26387	28553	27396	34927	46705	29524
FBGN0003249	21	10	0	0	11	2
FBGN0000139	2767	3200	3269	4179	5216	3184
FBGN0017567	2404	2374	2568	2799	4615	2773
FBGN0261285	1015	910	1184	713	1295	744
FBGN0037230	18	24	46	76	57	28
FBGN0045468	10	6	13	16	10	14
FBGN0003513	4115	5259	5320	3928	5813	3409
FBGN0053927	1	12	9	0	14	8
FBGN0024944	54	26	54	105	12	48
FBGN0037707	5268	6745	7093	6446	9905	5714
FBGN0267106	1	9	0	30	8	4
FBGN0038395	414	519	420	394	518	300
FBGN0287598	102	130	45	53	116	116
FBGN0038001	3	2	40	0	2	6
FBGN0037671	6515	6852	8068	7488	9930	5829
FBGN0039665	3025	3115	3595	2691	3163	2003
FBGN0039006	467	595	772	372	591	323
FBGN0037228	43	78	62	78	118	96
FBGN0038709	17	2	1	26	0	27
FBGN0010328	47072	50447	52065	53647	84090	49933
FBGN0038746	3352	3986	4063	4317	5542	3874
FBGN0037717	40	31	32	4	15	17
FBGN0038983	1657	1724	2054	1204	1662	1035
FBGN0044812	6	5	8	4	0	16
FBGN0038020	355	405	357	1000	1367	827
FBGN0037836	179	149	172	150	167	89
FBGN0086365	2128	2553	2474	2245	2545	1795
FBGN0016672	1059	1160	1585	1534	2094	1154
FBGN0004387	5186	5721	5793	4744	6915	4365
FBGN0024491	2616	2733	2659	3429	4382	3162
FBGN0037537	10207	11873	11625	11096	16382	11175
FBGN0261532	6159	6129	6761	6559	9492	6048
FBGN0010040	5	27	49	35	55	45
FBGN0037323	369	564	429	458	297	198
FBGN0262112	133	180	98	146	332	166
FBGN0039474	35	5	12	447	840	107
FBGN0004587	32694	35997	37929	40108	58366	34019
FBGN0038051	20	12	0	10	18	18
FBGN0038396	1288	1326	1083	1213	1802	1199
FBGN0000279	7	6	14	10	1	12
FBGN0038918	85	21	34	38	77	20
FBGN0039350	7511	8414	8468	8051	12531	7755
FBGN0261502	33	4	7	0	0	17
FBGN0002633	887	774	979	903	949	664
FBGN0041102	13	6	0	2	18	13
FBGN0051324	44	64	40	47	79	51
FBGN0250757	253	92	111	208	266	243
FBGN0020249	2801	3409	3500	3300	4682	2809
FBGN0039321	49	25	15	83	43	54
FBGN0039804	2002	2564	2762	2258	2887	2155
FBGN0003205	4751	5646	6066	5724	8208	5062
FBGN0002413	6165	6718	7144	6295	9529	5365
FBGN0085309	3	2	0	2	5	3
FBGN0038011	69	32	50	66	63	31
FBGN0038194	34	34	11	45	106	47
FBGN0261238	25088	27363	26137	19660	27043	18136
FBGN0086605	3512	3780	3286	4857	7098	3856
FBGN0037430	36	2	12	32	0	0
FBGN0039659	71	21	20	2	20	60
FBGN0037384	1478	1532	1723	1516	2235	1652
FBGN0038419	80	56	90	79	143	95
FBGN0038975	125	82	50	148	138	160
FBGN0038000	21	26	45	30	12	28
FBGN0037815	1090	1172	1114	1972	2623	1435
FBGN0038927	4896	5056	5116	6041	7701	5358
FBGN0284234	4	2	0	0	0	3
FBGN0038318	3024	3231	3447	2889	4827	2700
FBGN0039679	24	7	12	21	7	10
FBGN0051380	22	1	14	6	14	8
FBGN0037486	44	17	28	13	1	13
FBGN0039588	885	742	981	1239	1286	932
FBGN0085433	4221	4841	5183	4114	6921	3599
FBGN0038876	480	563	457	538	785	481
FBGN0038144	29	4	1	0	0	6
FBGN0024909	1440	1469	1243	1287	1985	1441
FBGN0038451	83	32	46	0	48	55
FBGN0037778	998	1128	1034	1098	1398	1045
FBGN0038901	25	10	7	32	2	28
FBGN0267651	0	0	0	0	0	0
FBGN0004778	27	11	14	20	27	19
FBGN0015229	2897	3585	3323	2272	2784	2259
FBGN0051501	7	12	7	23	0	24
FBGN0027873	3228	3358	3602	3615	5125	3195
FBGN0283499	17521	19659	17946	13122	19027	13244
FBGN0038512	9	1	7	0	1	5
FBGN0027617	2359	2685	2660	2560	4142	2481
FBGN0085325	24	35	136	10	1	20
FBGN0039887	29	34	6	0	15	18
FBGN0038704	4133	4796	4697	7462	10544	6831
FBGN0039498	7	26	20	36	8	10
FBGN0002838	14	5	25	1	0	5
FBGN0259991	321	339	351	329	294	312
FBGN0037520	32	14	26	30	46	22
FBGN0038888	7	2	4	0	22	6
FBGN0286852	16	3	16	17	13	28
FBGN0041707	17	11	12	10	46	14
FBGN0000500	10	0	10	4	21	10
FBGN0038045	14	12	24	12	30	25
FBGN0039271	883	1004	809	981	1267	778
FBGN0039117	4594	5361	5144	5182	7939	4850
FBGN0038506	20	2	1	0	0	15
FBGN0263048	1967	2259	2044	3180	4334	2480
FBGN0004171	34	31	10	85	44	10
FBGN0038957	83	31	59	113	183	69
FBGN0053098	4	18	20	38	6	10
FBGN0038350	135	33	29	138	148	84
FBGN0017581	38949	40461	42396	37505	53751	31475
FBGN0039557	1547	1892	1958	1887	3321	1821
FBGN0024958	4084	4807	4832	5041	7240	4717
FBGN0039872	49	47	53	30	32	31
FBGN0002632	118	182	235	116	130	108
FBGN0039428	16	11	19	4	3	11
FBGN0266455	3	10	2	14	4	0
FBGN0039130	4235	4562	4722	4945	7023	4465
FBGN0037388	16	10	8	12	52	22
FBGN0051253	12	42	12	37	33	48
FBGN0261984	4470	4695	5095	4420	6164	3952
FBGN0051469	40	78	42	68	56	69
FBGN0038761	32	14	19	57	160	41
FBGN0039048	89	53	25	41	60	80
FBGN0265146	0	2	17	0	0	5
FBGN0043791	14	22	12	13	14	23
FBGN0260642	5280	6099	6807	5365	8802	5250
FBGN0038365	612	744	873	629	899	596
FBGN0038029	7	1	4	16	14	13
FBGN0002626	48234	57875	55692	49807	66117	42511
FBGN0267430	57	103	57	55	64	74
FBGN0264490	90	88	110	61	42	152
FBGN0037374	1663	1884	2171	2014	2699	1648
FBGN0266534	42	41	50	44	24	39
FBGN0037988	9	17	27	64	51	18
FBGN0028690	15917	18265	17109	19083	27147	17408
FBGN0051055	31	13	14	51	27	22
FBGN0038420	50	80	78	178	120	81
FBGN0051467	412	286	364	336	524	441
FBGN0250746	11119	12733	12756	12569	18579	11409
FBGN0263390	126	77	57	59	125	72
FBGN0015574	26	7	26	11	22	24
FBGN0046114	1379	1801	1786	1910	2722	1720
FBGN0039299	589	303	438	271	358	233
FBGN0260464	1335	1914	1721	1821	2799	1943
FBGN0051104	8	19	4	34	148	38
FBGN0261395	12	11	0	6	4	5
FBGN0039241	5027	6743	6342	5383	8148	4627
FBGN0053977	279	503	448	666	862	531
FBGN0040582	13	12	5	1	0	25
FBGN0051126	542	665	820	659	1142	727
FBGN0039386	53	20	36	80	74	37
FBGN0038087	24	7	1	29	6	15
FBGN0002781	55113	57650	61517	65519	87571	53304
FBGN0001098	26321	26469	29669	34750	49332	30084
FBGN0038672	496	416	425	655	805	510
FBGN0260224	497	574	506	638	1026	770
FBGN0038814	50	45	36	45	32	39
FBGN0004509	7570	7521	7622	7392	9103	6232
FBGN0038256	677	606	669	746	1338	701
FBGN0286976	17	2	10	13	24	13
FBGN0038070	79	32	38	57	14	36
FBGN0037624	25229	29358	27762	26614	36556	24947
FBGN0004862	47	21	15	62	18	41
FBGN0038260	63	135	94	70	36	78
FBGN0017456	6	6	3	0	1	8
FBGN0038701	25	29	14	30	1	12
FBGN0037551	2454	2569	2822	2235	3151	2139
FBGN0037906	46	38	25	37	53	17
FBGN0037240	44656	49801	49207	50625	67500	46724
FBGN0053094	5482	6431	6305	5074	7704	5263
FBGN0037944	4198	4268	4637	5196	7464	4703
FBGN0002733	1979	2524	2554	2293	2905	1731
FBGN0039801	9	2	0	29	44	30
FBGN0052473	11754	13182	12885	12174	16505	10079
FBGN0260742	7035	7535	8017	7356	10118	6516
FBGN0038271	14331	13941	16907	17213	25146	15225
FBGN0020493	11835	13211	12863	11924	15819	8957
FBGN0053208	19706	21559	20888	19560	27878	17256
FBGN0039201	24	20	57	41	26	27
FBGN0039070	49	26	5	5	16	7
FBGN0039077	16	23	3	1	0	3
FBGN0037530	7672	8657	9213	8473	11160	6684
FBGN0263974	347	291	281	379	594	373
FBGN0051446	28	3	8	0	0	12
FBGN0039633	62684	64278	65774	63960	88742	53158
FBGN0051128	26	6	1	17	18	11
FBGN0260760	453	486	602	679	915	512
FBGN0037832	14	15	4	28	20	14
FBGN0260860	750	937	775	889	1299	821
FBGN0038609	3349	4026	4197	4075	6429	3971
FBGN0039669	6	14	0	14	0	16
FBGN0038859	5	1	5	15	0	1
FBGN0038742	3409	4192	4166	3431	6391	3484
FBGN0039315	23	9	21	23	12	24
FBGN0038327	1602	1616	1824	2281	2764	2199
FBGN0261479	2689	2774	3049	3187	4255	2774
FBGN0013334	3352	3524	3552	3399	5560	2943
FBGN0028670	8136	8434	9667	8115	11533	7381
FBGN0027570	6503	8716	7409	3636	4955	3080
FBGN0266745	26	16	32	15	126	27
FBGN0263351	4372	4895	5378	5338	7455	4544
FBGN0040212	893	928	1245	816	1014	702
FBGN0039184	47	93	40	111	23	38
FBGN0003137	60910	71353	61923	59296	75556	58047
FBGN0261356	5	31	0	26	23	24
FBGN0046878	21	14	0	13	18	0
FBGN0037741	2133	2553	2230	2455	3681	2377
FBGN0038475	1297	1470	1709	1398	2083	1407
FBGN0051219	3	0	8	35	0	24
FBGN0038312	462	406	320	701	664	458
FBGN0038549	1031	1338	1195	1282	1544	1108
FBGN0011672	2048	2159	2299	2052	2576	1687
FBGN0038204	2	0	3	13	0	2
FBGN0039537	6622	7013	8251	6255	8753	4958
FBGN0283439	155	206	142	52	211	57
FBGN0039485	39	11	8	2	8	22
FBGN0039876	735	832	793	557	1166	691
FBGN0038870	8773	9511	9521	10552	15039	8724
FBGN0038390	2298	2768	2526	2775	5126	2745
FBGN0010379	9538	11281	11260	10567	14774	9554
FBGN0266451	139	150	142	371	655	319
FBGN0085332	0	0	0	12	8	8
FBGN0037477	18	19	4	2	0	4
FBGN0038716	28	64	49	45	146	63
FBGN0038833	5	11	17	6	16	10
FBGN0039685	1773	3005	1174	8546	14026	5418
FBGN0039109	71	55	64	97	16	82
FBGN0039029	24	5	6	16	0	10
FBGN0037416	10	14	42	46	66	17
FBGN0039751	770	860	1003	1176	1747	996
FBGN0265276	21229	21496	22510	17536	25463	15174
FBGN0051040	2083	2236	2482	2253	3844	2344
FBGN0263022	27	8	3	43	10	24
FBGN0039301	1067	1217	1114	1695	2480	1332
FBGN0261065	3600	3766	4357	4728	6341	4055
FBGN0287587	5	20	13	1	0	8
FBGN0260766	61	62	81	37	80	31
FBGN0039561	2403	3187	2841	2833	4444	2708
FBGN0039104	42	0	7	41	2	83
FBGN0038679	11150	10833	11328	14146	21703	11353
FBGN0038445	39	37	46	22	2	27
FBGN0047114	720	959	831	968	1329	962
FBGN0038449	38	18	25	33	18	37
FBGN0039129	25	42	59	59	74	28
FBGN0038809	4948	5605	5037	4013	5297	3569
FBGN0011476	192	148	225	388	467	130
FBGN0261817	10	8	1	0	0	2
FBGN0027610	669	620	766	455	645	508
FBGN0037345	329	313	214	407	661	355
FBGN0039851	2345	2644	2722	1842	2704	2024
FBGN0010355	20457	23260	23170	19422	28373	18051
FBGN0051548	1212	1067	1597	1643	2373	1796
FBGN0260487	111	118	35	78	74	71
FBGN0262717	8574	9646	9413	8923	12681	7489
FBGN0287588	86	83	61	92	71	53
FBGN0051510	5524	7106	5852	7084	9181	5496
FBGN0037722	1805	2198	1897	976	1549	1010
FBGN0037328	46152	51763	61302	50102	74640	42048
FBGN0037565	90	78	75	140	100	128
FBGN0037698	171	153	81	86	75	170
FBGN0260467	1183	1402	1128	1489	2084	1329
FBGN0085461	23	9	1	25	6	16
FBGN0041188	32072	34301	37366	34928	48924	29119
FBGN0037315	2716	2360	2968	3154	4867	2659
FBGN0040283	15151	16498	15369	18318	26262	16683
FBGN0259974	22	8	1	2	2	17
FBGN0040682	0	26	4	0	0	0
FBGN0085383	49	41	16	32	30	31
FBGN0038291	83	130	94	203	455	228
FBGN0038828	31	11	13	8	20	15
FBGN0040206	4502	5417	5016	5931	7731	4917
FBGN0038452	27	24	14	0	0	65
FBGN0284232	8	10	30	7	1	5
FBGN0004908	594	969	846	1005	1495	634
FBGN0051151	17833	18324	20207	17626	25769	15306
FBGN0037222	76	140	95	47	113	90
FBGN0004876	7750	8781	9486	8990	12988	7563
FBGN0038292	26	30	28	48	50	27
FBGN0038343	11	0	7	12	0	4
FBGN0039091	103	82	43	41	57	82
FBGN0051516	10	7	6	3	1	13
FBGN0001296	169	234	227	589	744	531
FBGN0286507	26	25	44	48	28	42
FBGN0039816	25	18	39	3	12	22
FBGN0038819	30	16	25	6	4	21
FBGN0086253	1819	2249	2591	3805	5250	2902
FBGN0039464	295	332	282	455	649	451
FBGN0038640	2203	2443	2120	1992	3343	2100
FBGN0039178	93	100	50	85	208	112
FBGN0243512	1772	2150	1986	1882	2913	1488
FBGN0041105	72	32	33	62	15	24
FBGN0039019	2835	3202	3236	3302	4900	3307
FBGN0039170	223	197	191	141	307	137
FBGN0039017	839	803	925	1506	1936	1189
FBGN0051538	1744	1644	1874	1368	1855	1097
FBGN0037878	4678	4857	5398	4851	7961	4414
FBGN0037465	2066	2345	2412	2934	3649	2424
FBGN0038371	444	502	616	753	891	650
FBGN0039726	1126	1600	1744	2133	2776	1810
FBGN0039833	46	46	39	53	62	78
FBGN0037372	2498	2719	2721	3243	4577	2464
FBGN0051249	1244	1621	1581	1864	2329	1127
FBGN0005649	14176	15855	16792	13703	20811	12788
FBGN0027338	20514	22807	23149	24152	30283	20068
FBGN0011020	4991	4763	5310	6087	8304	5648
FBGN0039420	98	37	12	0	19	29
FBGN0045443	46	27	23	16	10	31
FBGN0038619	332	369	360	326	573	267
FBGN0266418	11010	11426	11689	9583	14286	9479
FBGN0002622	76804	83350	95104	55507	89417	43329
FBGN0259990	1919	1962	1812	2048	2839	1848
FBGN0004842	43	23	9	54	8	20
FBGN0011225	29744	35587	33614	26409	35627	25432
FBGN0261837	3462	3878	3656	3553	5230	2960
FBGN0037239	1668	1842	1775	1921	2578	1338
FBGN0026400	2875	3606	3492	3022	4268	2795
FBGN0260634	22163	23660	23045	19508	26391	16183
FBGN0038437	377	432	538	479	683	512
FBGN0051205	15	0	2	1	1	10
FBGN0014879	14512	16903	16529	17127	25480	16665
FBGN0038484	30	12	4	2	0	4
FBGN0051016	43	23	22	28	22	19
FBGN0086917	146	25	28	434	944	54
FBGN0003002	3377	3408	3900	2781	4155	2303
FBGN0037429	37	22	48	0	27	16
FBGN0038973	41	34	56	85	81	130
FBGN0037678	85	49	30	61	49	33
FBGN0000032	1892	1866	1992	1799	2171	1623
FBGN0038071	6857	8076	7718	4681	5907	5010
FBGN0038326	1818	1849	2178	2256	2653	1788
FBGN0028396	96	156	111	521	814	230
FBGN0003482	178	96	107	122	149	79
FBGN0003889	19	12	10	3	34	6
FBGN0250831	0	0	2	5	0	0
FBGN0028968	10187	11415	11807	11148	14674	9743
FBGN0038309	28	14	8	46	5	44
FBGN0038252	24	10	19	17	19	19
FBGN0262024	15	0	3	0	0	0
FBGN0038723	2755	3216	3133	4544	5842	3445
FBGN0038766	530	431	371	580	613	388
FBGN0261380	2361	2682	2892	2646	4081	2564
FBGN0051525	13	12	8	3	0	16
FBGN0037855	3288	3426	3971	3695	5125	3296
FBGN0004780	58	20	19	66	67	77
FBGN0261649	9650	11073	9820	8057	12334	7534
FBGN0000278	12	10	10	18	15	17
FBGN0039859	216	250	234	286	606	227
FBGN0051231	94	61	27	33	30	71
FBGN0039530	84	100	41	68	2	47
FBGN0051431	12	18	31	6	8	59
FBGN0038706	24	37	20	0	9	21
FBGN0038146	6232	7091	7716	8948	12196	7127
FBGN0037743	1038	1383	1055	1268	1420	912
FBGN0263863	1554	2254	2475	2807	4500	2778
FBGN0024558	2834	3241	3323	4856	6621	3905
FBGN0083949	91	111	141	138	170	88
FBGN0005696	2042	1990	2086	3227	4152	2455
FBGN0039520	39	7	11	0	0	10
FBGN0011774	1246	1175	1508	1991	2247	1325
FBGN0037633	2645	2947	3048	3764	5175	3001
FBGN0027578	172	143	98	250	473	420
FBGN0039469	33	12	11	24	20	32
FBGN0015795	4572	5598	4678	5086	7294	4312
FBGN0039020	469	304	429	642	736	603
FBGN0058198	29	41	24	64	44	55
FBGN0039430	675	677	689	388	559	289
FBGN0260942	120	151	174	176	321	43
FBGN0038880	66	27	18	49	35	66
FBGN0013812	827	494	628	445	409	394
FBGN0039068	453	324	663	286	494	382
FBGN0038774	71	72	31	638	382	360
FBGN0051064	3240	3157	3223	2862	4229	2703
FBGN0000723	9224	9962	9962	9652	12977	8775
FBGN0263979	16483	17587	19468	20711	29688	17901
FBGN0263738	1643	1620	1522	2089	2263	1603
FBGN0039585	61	26	24	2	0	29
FBGN0259222	122	113	67	66	136	120
FBGN0039226	349	322	327	816	943	809
FBGN0261434	14	9	9	0	27	14
FBGN0003334	8238	8611	8396	9025	13422	7798
FBGN0039297	40	37	19	120	171	109
FBGN0039688	22235	24934	24205	20008	27898	17839
FBGN0038332	258	390	328	474	626	422
FBGN0085405	2677	2970	2715	3692	4514	2733
FBGN0038568	14	0	1	1	4	6
FBGN0039444	2	1	2	26	19	7
FBGN0285911	1847	2248	2369	2669	3602	2394
FBGN0038454	1803	1749	1811	1724	2980	1835
FBGN0038984	4308	5066	5030	4906	6288	4428
FBGN0038839	32	2	6	13	12	4
FBGN0041186	3179	3421	3656	4725	5511	3610
FBGN0051139	34	24	6	29	2	22
FBGN0011273	3	11	2	0	12	20
FBGN0038273	251	258	267	247	677	320
FBGN0038183	2561	2988	3114	4232	5380	3188
FBGN0042213	656	681	690	383	491	312
FBGN0039038	60	20	12	8	10	14
FBGN0037736	106	101	70	50	70	104
FBGN0051146	270	257	350	353	328	315
FBGN0039482	224	96	149	258	426	302
FBGN0039051	14	11	22	14	28	67
FBGN0027494	16	2	5	6	0	15
FBGN0037960	2843	3900	3611	2522	3415	2613
FBGN0039440	39	29	7	28	34	30
FBGN0037464	37	35	26	28	11	29
FBGN0039486	47	10	9	67	13	18
FBGN0038630	25	30	41	16	7	12
FBGN0263621	4	5	4	3	0	2
FBGN0038381	4021	4311	3985	4308	5408	3593
FBGN0039244	3325	3798	4163	3289	4636	2823
FBGN0086359	2209	2346	2712	1962	2690	1829
FBGN0026576	823	609	933	829	1388	879
FBGN0037634	1061	1084	1048	1080	1698	1113
FBGN0263025	345	376	439	399	916	497
FBGN0038653	64	32	43	27	52	35
FBGN0037421	20	2	4	26	22	20
FBGN0024326	4151	4691	4429	4603	6050	3935
FBGN0010403	3	2	1	5	0	4
FBGN0039628	4	12	17	10	3	11
FBGN0037561	1793	2215	2322	2200	3012	2055
FBGN0003227	2079	2047	2598	2450	3766	2177
FBGN0038610	6746	7742	7556	5186	6173	4772
FBGN0037571	2	8	0	15	0	8
FBGN0041711	500	561	570	938	1102	804
FBGN0039597	28	0	2	0	12	8
FBGN0038189	20	19	32	21	0	44
FBGN0037576	1	13	16	47	0	17
FBGN0010039	1188	1441	1427	1654	1925	1464
FBGN0037533	22751	25540	26590	20726	28614	19979
FBGN0037801	100	212	85	304	326	394
FBGN0266539	181	207	179	280	623	317
FBGN0037379	3991	4473	4364	3879	6231	3790
FBGN0038376	2962	2925	2664	2246	3125	2262
FBGN0019936	67022	77330	82002	86506	114797	65504
FBGN0266917	9347	9730	9308	10659	14966	8142
FBGN0038763	1270	1421	1684	1422	2132	1226
FBGN0026314	16	20	19	0	8	15
FBGN0039294	145	244	357	157	246	160
FBGN0053547	352	234	156	217	253	244
FBGN0038853	6270	6673	6628	5255	7451	4719
FBGN0037999	1120	1473	1279	1878	3052	1513
FBGN0261714	43	22	17	30	30	62
FBGN0038808	1202	1429	1446	1239	1803	1143
FBGN0037877	1606	1782	2114	2225	2923	1690
FBGN0261680	259	311	324	332	427	432
FBGN0038673	691	852	941	945	1139	770
FBGN0261575	237	197	235	243	254	218
FBGN0001215	15855	17638	17061	21677	31886	20089
FBGN0051281	5	4	7	6	15	5
FBGN0027378	3467	4027	3610	4620	6459	4279
FBGN0003720	17	2	28	14	3	36
FBGN0051439	15689	19753	16703	13939	15997	12111
FBGN0000147	1908	1608	2187	1655	2867	1420
FBGN0039112	1496	1407	1560	1639	2394	1560
FBGN0039629	19	22	17	44	38	35
FBGN0017577	7640	8851	9143	10573	15701	8048
FBGN0037469	366	381	490	452	461	347
FBGN0003870	18725	19973	21333	18637	27926	17393
FBGN0265201	11	4	8	7	7	10
FBGN0037431	17	10	17	30	3	38
FBGN0039086	31	20	46	3	16	36
FBGN0051014	65	10	28	18	2	29
FBGN0010877	5913	6930	6163	6630	9152	5504
FBGN0038315	58	16	0	8	40	4
FBGN0039501	165	181	204	404	613	339
FBGN0262899	8	1	0	4	0	6
FBGN0000063	2825	2773	2679	3535	4294	3010
FBGN0020647	4663	5038	5278	4196	6965	3809
FBGN0051436	40	27	82	26	44	70
FBGN0053093	32	15	10	4	35	6
FBGN0038272	3627	3347	3643	3995	5386	3338
FBGN0038225	28	10	4	18	0	4
FBGN0038218	16	6	4	39	10	5
FBGN0024329	12518	14011	13320	14626	20814	12554
FBGN0002962	17	14	7	16	0	34
FBGN0000303	39	17	16	29	16	12
FBGN0027841	2858	3202	3056	2918	3870	2584
FBGN0039329	998	1014	1207	1058	1659	835
FBGN0039260	5865	6406	6029	5348	7603	5168
FBGN0039249	1356	1543	1529	1642	2542	1735
FBGN0051414	73	156	102	210	389	147
FBGN0051176	263	293	219	122	173	181
FBGN0262538	16	6	5	8	26	11
FBGN0003011	28	41	1	11	40	22
FBGN0039564	31	28	10	20	30	46
FBGN0037899	8010	8526	9676	7902	13225	7885
FBGN0038063	34	30	32	57	61	79
FBGN0037993	24	22	13	57	6	15
FBGN0038806	1249	1659	1727	1572	2598	1698
FBGN0024841	1385	1865	2021	2541	3038	2026
FBGN0015589	10755	11548	12666	12353	16060	10170
FBGN0053099	309	332	363	73	71	29
FBGN0039471	85	12	23	788	1450	255
FBGN0027598	6007	7706	6846	6096	8994	6237
FBGN0083963	49	69	21	60	23	79
FBGN0286828	3623	4309	4242	2711	4017	2556
FBGN0051549	1093	1130	1338	2408	2865	1911
FBGN0039427	892	1049	1172	1424	1774	1252
FBGN0004652	18467	15260	16503	27490	44697	23944
FBGN0039836	274	341	189	320	603	349
FBGN0039676	38	15	42	17	7	12
FBGN0067628	450	394	359	541	447	411
FBGN0039611	57	17	35	157	106	85
FBGN0038750	15	48	9	43	12	25
FBGN0026207	4526	6050	6060	6304	9173	5407
FBGN0041225	36	28	49	46	4	22
FBGN0039551	18	11	15	15	16	7
FBGN0038115	501	498	539	443	576	461
FBGN0051343	55	37	9	41	20	54
FBGN0039710	3366	3769	3677	3694	5134	3251
FBGN0261262	120	84	141	162	147	103
FBGN0028471	5157	5398	5696	5408	7633	5012
FBGN0028984	6208	7437	7639	5620	7692	4978
FBGN0263750	1903	1967	1846	2111	2948	1782
FBGN0039132	1512	1882	1897	2131	2939	1640
FBGN0243586	24	10	6	6	68	32
FBGN0037409	468	587	554	417	234	302
FBGN0038593	3114	3307	3164	2646	3574	2402
FBGN0014931	70	35	47	116	123	36
FBGN0037405	38	34	21	34	25	40
FBGN0086687	9531	9329	10289	13660	20450	12079
FBGN0039332	332	305	286	251	365	189
FBGN0005659	987	1123	1189	1193	1861	1071
FBGN0014863	895	1047	765	1377	1854	977
FBGN0038579	22	4	12	16	0	14
FBGN0038280	5	9	4	10	18	14
FBGN0051546	18	3	19	35	9	36
FBGN0037317	1004	1005	1217	1345	1880	987
FBGN0037924	6269	6954	6736	7186	10708	6925
FBGN0013278	9608	12976	9567	3311	7147	1795
FBGN0000206	75	32	29	43	30	60
FBGN0051524	35	11	25	40	60	12
FBGN0038300	2409	2608	3006	3055	4267	2735
FBGN0027524	1489	1928	2172	1886	2947	1901
FBGN0010041	6	13	0	10	29	27
FBGN0038213	10	10	0	2	0	28
FBGN0015765	948	1239	1021	966	1529	813
FBGN0086371	1959	2051	2253	3400	4685	2555
FBGN0039228	2	7	18	8	0	32
FBGN0011289	5232	6273	6187	6302	9756	5535
FBGN0037724	119	79	693	571	1217	354
FBGN0270927	2693	3112	2984	3159	3933	2521
FBGN0039049	1522	1509	1536	2020	2170	1657
FBGN0037385	16	11	31	2	20	1
FBGN0038930	12	5	3	6	0	4
FBGN0037255	8789	9915	9778	8360	14790	9049
FBGN0004237	28671	34113	33697	24711	40067	25605
FBGN0051472	2493	2867	3035	2793	2916	2033
FBGN0038626	27	3	3	0	6	12
FBGN0039124	6	10	63	8	2	20
FBGN0051216	547	716	445	600	830	538
FBGN0037573	7830	7892	8276	8236	11512	7745
FBGN0037556	1734	1805	1813	2337	2911	1640
FBGN0037574	570	642	822	940	952	632
FBGN0002578	7	6	14	71	40	16
FBGN0051030	203	184	176	272	315	191
FBGN0261641	21251	23910	23687	24648	36368	22808
FBGN0262871	5735	6142	6471	6473	9050	5772
FBGN0038168	4102	4262	4536	4484	6727	4009
FBGN0039759	42	53	44	38	176	83
FBGN0039654	5667	6009	5914	6653	9768	5862
FBGN0262613	12	4	0	5	0	28
FBGN0039532	1488	1638	1823	1907	3051	1583
FBGN0027518	1703	1624	1919	1742	2571	1552
FBGN0037750	39	16	49	33	26	37
FBGN0010772	9912	11374	10817	11047	15117	9541
FBGN0038945	32	26	2	3	42	8
FBGN0024833	4501	5098	4460	5247	6766	4118
FBGN0037922	1773	1945	1907	1939	3010	1649
FBGN0025680	54	3	32	18	4	44
FBGN0037539	2047	2178	2173	2496	3361	2007
FBGN0266719	2485	3086	2594	3726	5290	3112
FBGN0039277	44	67	29	25	98	117
FBGN0039421	4	36	1	24	19	6
FBGN0266177	0	0	0	0	0	0
FBGN0043455	1282	1553	1643	1006	1476	918
FBGN0003567	12729	14877	14056	14292	19185	12612
FBGN0261291	10	2	1	0	3	11
FBGN0039674	1112	1294	1399	1448	2203	1191
FBGN0038915	11	0	1	1	8	46
FBGN0039818	56	52	25	51	18	22
FBGN0038286	3668	4006	4362	3609	5060	2782
FBGN0263597	1	0	0	0	3	0
FBGN0010113	89365	82429	86050	84881	134237	71685
FBGN0037298	4018	4410	5019	5770	7492	5078
FBGN0051220	27	15	22	0	11	6
FBGN0040687	0	0	6	0	10	1
FBGN0039163	2600	3230	2864	3744	4695	3568
FBGN0260741	802	922	895	561	967	656
FBGN0026059	11199	11830	11699	10891	16165	9552
FBGN0051300	20	15	10	0	6	29
FBGN0051406	10	17	7	0	16	18
FBGN0045843	12	26	68	12	15	12
FBGN0051459	23	2	4	0	14	4
FBGN0051368	8638	9500	9562	12123	16231	9758
FBGN0266673	3505	3948	3399	4075	5697	3660
FBGN0010313	16690	16624	19975	18112	27263	16296
FBGN0262587	43	30	20	44	94	63
FBGN0038355	18	11	23	6	35	26
FBGN0037460	13	14	22	6	10	17
FBGN0085307	10	10	21	6	0	9
FBGN0039182	9307	10444	10949	12295	16910	10937
FBGN0038339	150	154	149	277	358	263
FBGN0040257	17	34	9	24	0	28
FBGN0039378	72	19	10	55	177	20
FBGN0051370	18	13	26	79	33	10
FBGN0083950	80	51	35	73	25	26
FBGN0011668	0	0	0	0	0	2
FBGN0265083	151	141	156	77	127	90
FBGN0038108	29044	30981	33683	32787	45640	26500
FBGN0037827	39	19	1	4	2	34
FBGN0015622	19175	21253	19659	15781	23070	15359
FBGN0037662	31	26	7	8	22	16
FBGN0037879	80	98	31	33	45	35
FBGN0038857	2023	2096	2062	2072	3125	1776
FBGN0051388	1358	1365	1594	1393	2149	1389
FBGN0038100	2119	2609	2145	2657	3902	2537
FBGN0039175	4184	4508	4749	5272	7467	4511
FBGN0039120	28629	30398	31826	35450	48998	28973
FBGN0262023	1	30	4	30	0	4
FBGN0039722	5	2	5	0	0	8
FBGN0266443	24	30	21	0	2	7
FBGN0013767	17	10	10	14	0	8
FBGN0038401	484	672	548	519	883	558
FBGN0086695	1218	1147	1347	1641	2447	1272
FBGN0037760	13877	14860	14714	14058	20627	12913
FBGN0262541	5	7	4	0	12	3
FBGN0038274	3223	3442	4049	4069	5205	3255
FBGN0003510	261	418	289	611	742	535
FBGN0004573	31	33	32	62	56	21
FBGN0001180	63	53	48	48	27	82
FBGN0038206	1718	1718	2008	2424	3266	1799
FBGN0010222	1769	1897	1779	2547	3729	2618
FBGN0027583	634	783	892	560	1098	494
FBGN0266721	8	10	29	15	27	8
FBGN0038744	184	137	139	181	285	172
FBGN0011474	9541	10901	10987	10372	15120	9123
FBGN0038917	719	662	599	739	985	609
FBGN0038239	6	2	11	0	0	6
FBGN0083967	684	637	864	1131	1620	869
FBGN0039830	24371	30129	30645	32253	43945	27406
FBGN0039404	1389	1439	1522	1882	2960	1968
FBGN0040588	4	9	0	0	0	8
FBGN0039125	4025	4774	4391	5113	7173	4544
FBGN0038632	892	1204	1184	1247	1428	906
FBGN0267648	0	0	0	0	0	0
FBGN0086372	9136	10223	9517	8952	12599	8099
FBGN0043069	138	185	60	191	528	404
FBGN0028684	11156	13504	12686	11270	15854	9939
FBGN0051207	36	34	12	6	32	20
FBGN0066101	4257	4656	4908	4547	6269	3776
FBGN0283535	4568	4970	5018	4582	6235	3810
FBGN0037261	7472	7394	8543	9581	13670	7986
FBGN0039576	2	0	5	6	0	1
FBGN0039190	6	8	14	20	3	0
FBGN0284226	318	284	380	418	611	328
FBGN0000071	9957	11735	11907	13068	18989	12184
FBGN0037632	31762	35637	35746	35889	51054	32334
FBGN0039630	61	27	24	42	52	40
FBGN0037498	19	23	11	16	12	25
FBGN0039126	813	931	925	775	1370	764
FBGN0039092	54	46	34	18	0	46
FBGN0038474	1289	1525	1321	2355	2947	1940
FBGN0022338	2837	2866	3010	3109	3840	2055
FBGN0286977	37	19	0	16	5	66
FBGN0039707	26	9	16	0	12	21
FBGN0038170	145	117	168	179	236	103
FBGN0037860	16	8	16	0	28	8
FBGN0039666	12	6	1	0	28	1
FBGN0260990	4688	5215	5446	5014	7134	4201
FBGN0052855	287	338	263	265	486	243
FBGN0001230	1707	2559	1738	762	1418	569
FBGN0039296	743	914	937	620	935	796
FBGN0285938	0	0	0	0	0	0
FBGN0039022	43	20	27	44	98	33
FBGN0086134	9125	10853	10258	11052	14770	9576
FBGN0038005	30	8	2	19	6	10
FBGN0039711	1176	1393	1457	1949	2904	1730
FBGN0085330	8	10	16	11	2	18
FBGN0028671	5159	5901	6048	7232	9148	5539
FBGN0051323	10	6	2	3	0	27
FBGN0039839	55	28	15	38	37	44
FBGN0037652	2130	2835	2426	2964	3970	2409
FBGN0085438	135	146	67	221	155	174
FBGN0037763	2	37	6	0	0	1
FBGN0264829	0	7	4	4	0	2
FBGN0082831	19936	22630	21907	22345	34007	20385
FBGN0037646	91	75	67	55	52	48
FBGN0037622	2888	2727	3233	3785	5092	3260
FBGN0038700	13	19	21	24	18	32
FBGN0038585	2737	3312	3587	3794	5787	3642
FBGN0038453	2417	2838	2689	2425	3229	2242
FBGN0040259	2120	2021	2250	2220	2667	1864
FBGN0039136	2641	3058	2972	2788	3823	2533
FBGN0263041	39	21	1	0	7	17
FBGN0266756	40427	43365	43283	45996	69955	39039
FBGN0038965	1775	2130	1947	2288	2208	1720
FBGN0051515	8	9	0	12	0	8
FBGN0038666	2714	3369	3443	2816	3857	2285
FBGN0039735	11709	12901	12749	16165	23122	15167
FBGN0038319	1520	1498	1737	1796	2536	1786
FBGN0039873	39	30	18	48	18	28
FBGN0038125	14	10	13	3	0	15
FBGN0039639	210	242	201	213	413	192
FBGN0266465	4460	4555	4999	4097	6514	4131
FBGN0037619	357	315	422	489	590	404
FBGN0039783	74	20	36	30	1	15
FBGN0038564	459	511	428	754	1000	588
FBGN0038056	747	861	733	949	1332	804
FBGN0015571	382	458	462	639	1044	601
FBGN0039454	30	0	0	0	0	7
FBGN0037312	2487	3305	3408	3186	4644	2858
FBGN0038682	333	328	405	215	303	212
FBGN0039079	19	10	5	18	14	33
FBGN0039683	33	23	17	39	5	33
FBGN0038181	184	199	81	591	1258	485
FBGN0042207	56	58	10	78	30	111
FBGN0039648	24	1	4	0	22	19
FBGN0037341	657	768	940	723	803	741
FBGN0026417	1017	1137	1033	1081	1583	819
FBGN0039205	145	108	260	72	151	139
FBGN0000166	75	19	16	16	40	12
FBGN0000576	5794	6174	6768	6350	8972	5077
FBGN0037777	515	541	569	494	683	548
FBGN0037470	9147	10474	10374	10157	14766	9267
FBGN0039568	10	0	0	5	18	32
FBGN0010421	1894	2485	2437	2143	2967	2141
FBGN0003375	401	3747	351	129	137	153
FBGN0037888	37	34	29	1	16	43
FBGN0039258	1618	1788	2106	1936	2959	1770
FBGN0038889	3502	3982	3685	3026	5260	3526
FBGN0038304	3069	3453	3807	4096	6469	3259
FBGN0086472	58144	67917	63347	64680	87333	55474
FBGN0037295	199	293	253	484	980	343
FBGN0039141	2052	2443	2208	2287	3167	2144
FBGN0037875	2312	2681	2856	2379	3278	2158
FBGN0262537	6	2	10	15	0	0
FBGN0086608	118	141	294	211	346	152
FBGN0038007	8	17	17	1	2	12
FBGN0012344	24	5	27	59	21	35
FBGN0038296	2239	2463	2571	2313	3430	2311
FBGN0039199	80	33	16	25	11	16
FBGN0039487	938	1008	984	885	1190	775
FBGN0037422	8	0	23	0	0	12
FBGN0051559	397	674	554	297	284	452
FBGN0038157	26	6	0	1	0	9
FBGN0038680	117	48	81	111	208	106
FBGN0038647	16	3	29	36	10	32
FBGN0039642	2746	3316	3261	3028	3747	2581
FBGN0267650	0	0	0	0	0	0
FBGN0053110	14	14	42	9	25	37
FBGN0039799	5	6	8	8	0	12
FBGN0263316	311	324	302	223	171	157
FBGN0037630	41	67	56	137	90	191
FBGN0040684	5	4	3	4	0	0
FBGN0015520	3968	4830	4351	4072	6415	4072
FBGN0038548	1086	1094	1195	1445	1937	1139
FBGN0015270	1895	2052	2322	2710	3655	2718
FBGN0039760	58	6	21	70	20	77
FBGN0039640	84	66	143	65	49	92
FBGN0038536	972	987	1112	1188	1619	953
FBGN0003248	32	12	42	21	16	18
FBGN0038266	42	25	14	2	14	19
FBGN0039667	36	27	8	37	34	32
FBGN0262873	1	10	0	0	14	8
FBGN0015778	46898	50167	53722	49887	74807	43069
FBGN0038073	87	102	35	123	62	79
FBGN0038133	16	25	11	36	9	12
FBGN0000094	0	3	0	0	12	0
FBGN0260969	9	0	8	0	18	6
FBGN0003312	441	137	235	536	1950	155
FBGN0038827	4438	4814	4721	5906	7132	4721
FBGN0039156	1465	1570	1444	1655	2167	1376
FBGN0038755	1857	2227	2697	2347	3273	1841
FBGN0037979	2590	2989	3205	2606	4505	2777
FBGN0038049	2063	2229	2432	2801	4113	2696
FBGN0038258	49	12	16	6	32	38
FBGN0038860	948	1224	1238	940	1530	970
FBGN0015591	22	13	34	16	68	9
FBGN0039743	6844	6999	8085	8376	12613	7343
FBGN0037661	228	242	165	400	681	416
FBGN0051423	41	21	12	24	10	11
FBGN0039617	33	45	19	61	38	14
FBGN0000014	130	72	106	102	264	33
FBGN0040532	34	34	18	213	408	109
FBGN0038294	452	264	278	2007	2531	1784
FBGN0000276	8	2	4	30	5	6
FBGN0086378	1731	2338	1802	2339	3448	2114
FBGN0051245	127	156	60	156	143	122
FBGN0040600	23	8	17	13	45	8
FBGN0039033	36	14	0	20	12	58
FBGN0038334	4	11	8	12	5	13
FBGN0004855	1655	2286	1724	2752	3531	2244
FBGN0039274	1263	1528	1588	1726	1896	1571
FBGN0039246	22	10	3	37	0	16
FBGN0038065	4197	4689	4839	3945	5786	3656
FBGN0265317	0	1	0	1	0	11
FBGN0038353	23	49	42	65	81	99
FBGN0261988	3844	4076	4193	4088	5684	3633
FBGN0015576	52	21	6	58	67	97
FBGN0037660	2722	3008	2986	3143	3447	2566
FBGN0010750	5915	6604	7076	6750	10351	5682
FBGN0267376	1282	1443	1372	2655	3656	1854
FBGN0039403	900	984	971	1663	2109	1120
FBGN0037540	1237	1403	1504	1567	2195	1421
FBGN0053494	17	3	12	37	23	57
FBGN0037428	16	18	15	39	33	10
FBGN0051183	103	123	61	105	73	64
FBGN0015513	11252	13613	13495	13329	18655	11251
FBGN0005585	104914	119721	116382	79154	120444	79325
FBGN0085334	62	57	59	2	103	44
FBGN0038009	5	24	20	116	189	71
FBGN0037591	9	17	10	5	21	3
FBGN0265998	34999	36213	31479	28920	41616	24506
FBGN0262527	23498	25033	22912	25905	37177	22534
FBGN0038567	20	24	9	3	1	10
FBGN0039088	8	0	2	1	5	8
FBGN0038092	29	37	30	20	1	10
FBGN0039053	14	6	20	9	30	24
FBGN0037413	22	10	12	1	0	13
FBGN0038617	617	679	762	1012	1217	677
FBGN0004575	60	52	19	65	44	44
FBGN0008646	3589	3453	3712	3386	5222	3016
FBGN0261704	4	0	3	0	1	0
FBGN0039167	1507	1436	1670	1183	2031	926
FBGN0039229	17480	19965	19355	20986	29950	18868
FBGN0037244	940	1277	1292	1698	2309	1377
FBGN0037935	4	21	18	71	49	50
FBGN0037263	154	128	157	271	260	224
FBGN0262869	167	45	63	129	79	53
FBGN0261995	698	797	937	1152	1471	980
FBGN0040565	52	282	12	22	69	9
FBGN0259731	13	21	12	49	3	51
FBGN0037359	1440	1749	1565	1767	2573	1569
FBGN0037443	5159	5580	5389	4827	8155	4956
FBGN0038727	498	335	518	452	961	431
FBGN0051547	108	183	147	289	176	207
FBGN0039877	3508	4171	4077	4051	6002	3424
FBGN0069242	5101	5481	5916	6710	9846	6004
FBGN0004783	49	14	7	20	143	75
FBGN0037716	2626	2910	3307	2717	3974	2946
FBGN0263117	30	15	77	4	0	23
FBGN0039768	22	7	20	10	95	79
FBGN0039696	2407	2392	2526	2674	3938	2513
FBGN0039673	30	47	0	8	96	33
FBGN0038166	1745	1664	1697	1685	2486	1439
FBGN0051391	96	101	111	49	81	100
FBGN0038926	54	82	63	49	106	36
FBGN0263236	3781	5483	4254	4125	4172	4112
FBGN0039379	4149	4983	4846	5197	7155	4829
FBGN0263047	269	384	332	483	672	528
FBGN0010926	5660	6360	6308	6879	10447	6654
FBGN0038201	35	19	1	24	13	44
FBGN0039782	18	26	14	4	0	8
FBGN0038109	18	0	22	0	0	16
FBGN0266722	218	282	303	449	613	344
FBGN0037356	730	820	1052	940	1135	661
FBGN0039152	93	130	99	281	276	381
FBGN0039857	107364	118593	128951	106173	155394	90294
FBGN0039529	8	55	9	32	59	55
FBGN0260466	50	57	40	22	16	41
FBGN0037696	471	715	601	844	1129	738
FBGN0038153	20	17	31	32	1	39
FBGN0038527	13	1	23	17	36	14
FBGN0038143	77	38	67	33	20	58
FBGN0064912	18	20	5	0	0	4
FBGN0051344	1038	975	994	1194	1550	830
FBGN0038531	45	51	18	20	0	16
FBGN0038197	2765	2952	3002	2083	3972	2044
FBGN0039203	15	10	10	14	0	2
FBGN0285925	14299	14381	14838	14287	18856	12368
FBGN0037686	117592	136833	136608	108085	168529	103595
FBGN0039820	39	19	10	28	34	12
FBGN0025879	156	207	197	94	295	171
FBGN0039757	133106	127168	156724	130684	186403	110275
FBGN0040571	7	6	0	8	11	6
FBGN0259721	481	478	472	460	749	509
FBGN0038838	5	14	6	1	0	5
FBGN0053631	17	0	5	2	1	8
FBGN0011282	30	5	11	1	1	21
FBGN0039528	5023	6000	6458	5196	7203	4818
FBGN0038524	985	1212	1201	958	1452	942
FBGN0051118	144	166	190	329	544	255
FBGN0038418	3165	3649	3703	3963	5895	3240
FBGN0039476	12	11	18	72	83	44
FBGN0040575	15	24	61	91	126	99
FBGN0051131	9	36	11	32	33	48
FBGN0039183	5844	6913	6821	9061	12126	7667
FBGN0265271	21	27	0	24	1	16
FBGN0039796	15	11	2	0	7	17
FBGN0038733	53	28	28	40	2	20
FBGN0028647	2016	2130	2474	2459	3501	2326
FBGN0038693	635	565	570	871	891	621
FBGN0266411	29273	29436	31350	27477	37908	22925
FBGN0263231	35498	40175	42338	40111	60409	35475
FBGN0085413	125	83	49	78	88	78
FBGN0039459	756	963	651	1510	1828	909
FBGN0053721	8	9	8	8	20	0
FBGN0051065	38	6	5	66	20	13
FBGN0263983	15	8	2	5	0	2
FBGN0037549	6396	7027	6900	7864	10801	6612
FBGN0267337	29146	28383	27925	30977	42014	25669
FBGN0039380	22	9	8	4	9	10
FBGN0000283	31617	34930	33768	35586	52725	31905
FBGN0038676	650	529	661	745	1018	609
FBGN0038345	15	0	8	0	8	6
FBGN0038431	18	15	27	3	0	8
FBGN0038485	7	2	3	30	97	30
FBGN0039488	2129	2402	2116	2138	3580	1996
FBGN0038113	12	13	1	0	0	29
FBGN0038491	384	556	518	474	997	488
FBGN0243511	5110	5905	6618	7097	9814	5734
FBGN0038892	42	25	56	38	41	19
FBGN0027526	2546	2936	3046	2666	4148	3173
FBGN0003118	5429	6293	5420	5342	7125	4512
FBGN0001077	41	37	30	9	31	24
FBGN0051244	227	330	188	186	339	178
FBGN0037518	348	308	336	231	260	220
FBGN0004359	1970	2324	2441	1709	2599	1550
FBGN0039622	34	15	2	9	0	16
FBGN0037447	126	111	37	132	253	90
FBGN0011768	10881	11584	13785	12804	18754	11281
FBGN0051313	43	49	54	198	208	167
FBGN0038578	3490	4436	4280	3824	5887	3723
FBGN0037834	9673	11452	10628	11858	15894	10264
FBGN0039744	2	0	0	0	0	5
FBGN0051453	4805	5528	5566	5242	7697	4587
FBGN0038603	5354	5701	6420	6879	10267	5697
FBGN0038830	1507	2201	1960	2514	3281	2169
FBGN0020280	42	6	32	56	15	35
FBGN0051363	9796	11126	11204	10132	13627	8561
FBGN0039473	0	7	11	14	13	28
FBGN0266538	163	186	148	134	108	176
FBGN0038068	35	26	18	9	4	15
FBGN0266672	6394	6540	6908	7247	9015	5638
FBGN0038545	2042	2479	2817	3167	4438	2821
FBGN0037519	8	32	17	59	24	50
FBGN0287225	5734	6311	6678	6739	12551	6458
FBGN0051266	19	10	0	2	23	20
FBGN0015402	5045	5177	6179	5582	8621	4965
FBGN0038788	1179	1358	1579	1280	1951	950
FBGN0003525	14833	15001	18351	18200	26380	14743
FBGN0259823	42	84	65	29	72	62
FBGN0264740	11	14	10	50	30	24
FBGN0039521	6	4	0	19	0	9
FBGN0039737	11727	12721	12476	13015	17425	10176
FBGN0037529	2963	3533	3408	3864	5807	3653
FBGN0051097	19	6	0	10	13	8
FBGN0037728	13606	15670	16334	17928	26178	16268
FBGN0039802	2405	3372	2886	3229	4214	2427
FBGN0038240	1	41	22	30	0	13
FBGN0038147	11	19	18	40	154	32
FBGN0286874	11	10	0	9	0	2
FBGN0039266	3383	3438	3106	3732	5206	3650
FBGN0051262	125	205	108	49	38	129
FBGN0026315	14	48	52	261	352	161
FBGN0038547	266	304	253	554	676	279
FBGN0043900	7785	8757	8171	8517	12444	7442
FBGN0038606	49	26	7	91	78	41
FBGN0037978	906	1130	1563	1486	1906	1232
FBGN0038810	7800	9061	8983	9279	12144	7713
FBGN0046887	4	23	26	10	13	25
FBGN0052945	37	5	11	6	16	2
FBGN0038269	6097	7274	7248	7959	11652	6960
FBGN0039714	630	849	718	690	1007	365
FBGN0037410	502	551	780	204	403	123
FBGN0020399	48	47	46	124	62	34
FBGN0051361	195	107	109	66	49	99
FBGN0039023	41	44	16	48	48	24
FBGN0037637	1061	1370	1360	1357	1525	1113
FBGN0000158	16	100	44	44	19	40
FBGN0085318	0	0	2	0	0	9
FBGN0039207	4761	5840	5523	5130	6453	4231
FBGN0266801	1665	2060	2087	1152	1865	1312
FBGN0038732	20	17	3	0	0	28
FBGN0039861	3232	3474	3094	3566	4693	3211
FBGN0039180	10	17	38	29	12	31
FBGN0039238	384	170	141	121	186	150
FBGN0038655	37	3	0	12	4	19
FBGN0038016	9843	9985	10393	10643	15336	9983
FBGN0037364	1558	1559	1917	1441	2230	1472
FBGN0037884	2151	2238	2446	2308	2923	1964
FBGN0262009	2	3	5	4	0	2
FBGN0250845	6	10	1	3	11	1
FBGN0264907	81	72	37	75	1	64
FBGN0039752	28	10	30	4	42	19
FBGN0038236	1	12	5	48	0	30
FBGN0038139	101	34	66	138	87	34
FBGN0029155	2449	1827	1989	3636	5561	3038
FBGN0085329	8	6	12	30	14	33
FBGN0004173	4	8	7	3	0	11
FBGN0051347	3	6	0	14	0	27
FBGN0037377	2877	3756	3566	2897	4530	2641
FBGN0037482	1807	1682	1829	1838	2681	1679
FBGN0015279	8471	9284	9436	9637	13307	7655
FBGN0039809	185	200	129	248	212	185
FBGN0051357	2732	3029	3460	2772	4174	2856
FBGN0037601	38	20	31	127	57	63
FBGN0265158	0	12	3	0	0	2
FBGN0051198	79	28	22	52	37	50
FBGN0039328	777	710	682	598	896	710
FBGN0037411	19	6	13	4	0	6
FBGN0039863	23734	25773	24040	24422	34528	20828
FBGN0086362	1532	1548	1650	1676	2209	1587
FBGN0016650	89	45	39	84	65	42
FBGN0038186	4	4	0	3	9	6
FBGN0039765	569	593	665	920	1217	688
FBGN0002863	1	3	0	0	4	0
FBGN0038595	43	8	33	20	42	34
FBGN0038581	658	684	626	657	960	565
FBGN0038803	1950	1923	2617	1732	2671	1468
FBGN0087005	140	83	148	106	94	94
FBGN0039691	2637	2861	3162	4045	5815	3535
FBGN0027889	9167	10151	10481	12237	18124	9520
FBGN0039732	352	582	430	811	1276	811
FBGN0262801	6573	8489	8686	6270	9632	6271
FBGN0037807	54	71	43	43	89	47
FBGN0038079	92	118	102	46	135	93
FBGN0263024	0	6	3	0	2	3
FBGN0010042	3	6	6	14	4	6
FBGN0263353	102	43	61	117	190	98
FBGN0260243	3814	4279	4319	6372	8440	5177
FBGN0039694	23	12	23	25	3	18
FBGN0051145	176	135	108	102	225	137
FBGN0039848	286	213	236	93	249	103
FBGN0053773	23	6	0	0	1	7
FBGN0051248	25	41	27	17	9	26
FBGN0087021	1362	1614	1407	1827	2418	1342
FBGN0037934	31	30	18	73	18	37
FBGN0037998	2668	2733	2767	3121	4069	3005
FBGN0263402	10	5	17	4	0	0
FBGN0039010	41	24	12	39	61	49
FBGN0038034	243	255	298	254	530	258
FBGN0015240	1738	1859	1826	1749	2575	1790
FBGN0038470	1236	1421	1096	1899	2600	1941
FBGN0069923	197	324	141	204	422	425
FBGN0002772	547	461	288	1972	2105	1849
FBGN0038110	2344	2900	2833	2451	3073	2176
FBGN0003267	12	22	42	16	18	2
FBGN0285963	11067	10758	11095	12249	18096	10277
FBGN0259237	40	54	17	43	13	29
FBGN0083965	43	14	7	8	30	6
FBGN0038725	108	108	112	176	141	199
FBGN0260463	20189	21351	22827	37706	53788	33205
FBGN0016123	37	11	10	39	0	57
FBGN0038695	94	29	15	31	20	41
FBGN0037602	116	256	197	202	185	229
FBGN0037841	75	128	61	82	270	98
FBGN0038006	31	29	8	42	24	0
FBGN0053329	124	144	62	71	132	67
FBGN0027376	74	75	68	54	30	57
FBGN0038804	979	963	924	719	1002	509
FBGN0039846	2116	2551	2624	2893	3675	2556
FBGN0039050	30	59	17	61	40	72
FBGN0085319	6	3	0	26	2	5
FBGN0085331	9	0	0	14	0	12
FBGN0037326	35	13	17	4	47	17
FBGN0037320	480	407	379	371	509	335
FBGN0037923	388	329	333	471	663	365
FBGN0037812	44	44	5	51	6	12
FBGN0037731	848	879	594	1214	1878	1088
FBGN0003480	251	136	307	266	297	190
FBGN0004395	9844	9815	9628	9997	13484	8223
FBGN0039805	70	20	42	138	68	74
FBGN0000439	81	31	51	29	21	29
FBGN0037853	1075	1027	1359	899	1609	814
FBGN0020910	194998	218264	234564	198835	290453	164017
FBGN0053654	6	11	0	6	0	1
FBGN0037547	26	12	10	4	2	36
FBGN0052856	908	1058	932	1117	1552	1168
FBGN0037546	66	74	71	99	6	108
FBGN0051005	798	484	576	792	1115	609
FBGN0039728	12562	12819	14301	11618	16686	9566
FBGN0086370	736	713	818	1638	2123	1466
FBGN0038123	0	12	4	0	0	16
FBGN0039326	28	5	23	33	21	20
FBGN0267435	596	770	858	1287	1505	1104
FBGN0037288	23	12	7	0	3	1
FBGN0039026	9406	10106	10254	11148	14713	9777
FBGN0037937	29	2	11	0	9	13
FBGN0038862	2778	3396	3483	3193	5040	2794
FBGN0039733	2692	2644	2853	2629	3873	2328
FBGN0015269	12031	13120	11831	10631	13874	9493
FBGN0027785	2408	2748	3332	3640	5701	2943
FBGN0002932	1742	1863	2097	1724	2247	1556
FBGN0038675	854	1152	1195	1389	1950	1190
FBGN0083953	326	376	339	278	563	335
FBGN0038734	46	26	23	6	4	55
FBGN0085391	49	31	43	64	46	51
FBGN0027497	5267	5780	6085	6414	9077	4778
FBGN0038432	633	677	712	789	813	546
FBGN0086704	83	176	129	274	282	292
FBGN0037972	2711	3143	3261	2801	3549	2637
FBGN0039441	5	18	1	49	79	30
FBGN0039788	24	28	14	26	15	39
FBGN0263757	927	1148	1042	1204	1983	1300
FBGN0000244	1975	2142	2225	2474	4198	1999
FBGN0038977	20	57	15	56	32	6
FBGN0038205	16	5	10	70	34	33
FBGN0261086	175	57	63	95	88	49
FBGN0053340	27	25	0	3	0	19
FBGN0027865	1633	2251	1877	1967	2926	1772
FBGN0039338	18577	20953	20735	24089	35706	21918
FBGN0267336	1845	1821	1898	2277	2874	2594
FBGN0037313	2747	2949	2774	2498	3428	2295
FBGN0037276	52	73	70	70	83	65
FBGN0259178	2083	1998	1995	2313	2343	1572
FBGN0038127	5	5	16	0	1	8
FBGN0261550	6418	7115	7092	5546	8142	5107
FBGN0039479	1294	1696	1876	546	684	564
FBGN0038577	2343	2923	2458	2725	3561	2340
FBGN0039855	35	99	69	51	110	114
FBGN0040623	3138	3599	3807	2698	4131	2578
FBGN0038250	62	25	68	123	19	99
FBGN0038129	2220	2483	2782	3332	4073	2579
FBGN0037870	4	2	2	0	17	4
FBGN0051550	8427	8272	8256	8859	12338	7822
FBGN0037396	29	103	29	136	45	138
FBGN0038629	1509	1679	1971	2820	3694	2286
FBGN0039113	13342	14766	15531	15242	22473	14717
FBGN0051465	50	55	27	20	0	36
FBGN0015577	66	94	53	140	147	78
FBGN0037856	2701	2996	2916	2240	3515	2272
FBGN0037718	5187	6289	6738	4691	6962	4497
FBGN0038320	11369	12260	13726	12896	18811	10984
FBGN0039864	602	905	860	1005	1305	875
FBGN0051204	49	37	2	2	6	27
FBGN0037615	259	315	273	245	303	201
FBGN0004841	58	22	84	49	26	49
FBGN0038188	51	18	9	40	4	7
FBGN0038095	26	14	45	34	45	7
FBGN0051072	1742	1816	2107	1481	2145	1345
FBGN0038912	878	1135	1125	1037	1206	961
FBGN0001297	8160	9211	8961	9163	13581	8328
FBGN0022981	1072	1230	1213	2245	3099	1750
FBGN0038466	103	19	32	53	48	93
FBGN0038768	3819	4440	4881	5166	7219	4164
FBGN0038235	864	1158	779	951	1356	898
FBGN0037378	1277	1653	1347	1912	2317	1666
FBGN0051221	17	41	16	23	0	20
FBGN0051191	33	39	48	109	70	64
FBGN0038098	96	14	41	129	177	77
FBGN0040551	279	282	144	391	332	242
FBGN0051294	3	11	21	11	12	21
FBGN0039777	87	15	8	178	202	118
FBGN0039407	1109	1205	1385	2049	2483	2018
FBGN0038826	69898	83192	75104	61100	84864	56624
FBGN0038972	224	224	286	1185	1277	1164
FBGN0038525	8	28	14	24	35	8
FBGN0027950	3124	3170	3586	3333	5310	3303
FBGN0038540	5	8	8	16	18	11
FBGN0266615	5	8	4	11	0	1
FBGN0000492	12658	12775	14357	15578	25291	13551
FBGN0003319	6345	8027	7242	6085	7755	6044
FBGN0024289	19	43	29	176	185	72
FBGN0037772	73	42	17	54	18	28
FBGN0260229	228	271	194	252	387	342
FBGN0038943	275	579	314	357	502	266
FBGN0023178	6	24	0	8	5	5
FBGN0038662	519	445	515	420	576	329
FBGN0038427	3009	3551	3740	3713	4950	3042
FBGN0003882	3287	4147	4003	3891	5306	3594
FBGN0039040	40	26	11	11	32	21
FBGN0259917	4	12	0	0	0	11
FBGN0039634	3491	3561	4113	3948	5080	3252
FBGN0001197	22815	26438	27247	31865	48246	30727
FBGN0026634	2230	2623	2846	2383	3554	2129
FBGN0038438	967	1247	1082	1143	1487	828
FBGN0037368	551	675	447	723	1042	666
FBGN0261113	25365	26875	25291	34449	46315	29109
FBGN0019940	14	4	5	46	22	22
FBGN0039355	598	978	698	835	1442	745
FBGN0039346	41	4	10	31	0	9
FBGN0038038	1482	1591	1455	1560	2123	1071
FBGN0039562	50405	54405	55967	39454	59346	36379
FBGN0261049	848	1296	870	1161	1693	1063
FBGN0004618	48	61	156	11	26	38
FBGN0038569	2033	2161	2409	2212	3123	1897
FBGN0037436	11	2	1	6	49	11
FBGN0039045	62	37	59	25	101	26
FBGN0042106	25	26	21	55	27	33
FBGN0002937	52	16	18	56	45	27
FBGN0038961	1818	2254	1629	2392	3115	2189
FBGN0027527	26	17	15	31	34	8
FBGN0038873	74	32	4	84	10	56
FBGN0265048	339	345	340	288	516	355
FBGN0037419	7	0	8	32	0	14
FBGN0038504	5430	6376	5930	5388	7997	4938
FBGN0037835	13	9	8	0	0	13
FBGN0037351	101508	104743	121450	103335	152031	89268
FBGN0003358	18	32	0	8	15	17
FBGN0288835	0	0	0	0	1	0
FBGN0014949	5	0	0	14	3	4
FBGN0264776	16	5	0	2	3	6
FBGN0000504	4201	3897	4283	3492	5202	2855
FBGN0037440	2432	2688	2683	3146	4156	2454
FBGN0016061	377	299	265	322	489	509
FBGN0038498	34	11	26	15	24	28
FBGN0042103	35	1	4	20	1	20
FBGN0051111	444	420	407	407	660	293
FBGN0262588	12	5	23	41	5	17
FBGN0263594	48619	56548	58212	57087	82083	51745
FBGN0051495	419	469	607	551	980	708
FBGN0039713	130234	140613	162485	131849	199470	113669
FBGN0037702	9572	10332	10389	10191	15086	8892
FBGN0038422	77	124	59	53	66	81
FBGN0038850	30	51	23	35	14	22
FBGN0039769	50	44	18	35	101	65
FBGN0260744	1237	1438	1407	1647	2237	1516
FBGN0039742	26	34	56	121	125	32
FBGN0038923	598	685	720	936	1196	804
FBGN0038967	57	79	22	85	52	55
FBGN0038649	599	699	1004	1097	1247	756
FBGN0037478	1195	1314	1365	1494	1915	1086
FBGN0051296	0	12	1	7	0	4
FBGN0039042	30	6	2	0	0	21
FBGN0037332	3604	4156	4019	3706	5488	3535
FBGN0051133	906	880	795	903	1351	811
FBGN0039232	17	25	3	20	0	11
FBGN0039135	1084	1491	1484	1443	1645	1333
FBGN0261261	3349	3284	3736	3361	5938	3351
FBGN0039083	10	9	16	6	4	16
FBGN0038380	13	3	14	4	7	6
FBGN0004878	79	92	80	51	75	57
FBGN0003886	69	169	102	108	20	80
FBGN0259233	101	60	82	255	150	163
FBGN0038858	612	752	604	1052	1143	793
FBGN0037383	476	393	565	482	663	470
FBGN0020018	2332	2587	2768	2639	3645	2061
FBGN0026064	5052	4749	5099	5361	7535	4360
FBGN0037445	7438	8401	8779	8781	12482	7563
FBGN0038208	70	26	28	72	1	77
FBGN0001217	1365	1464	1580	2414	4393	1872
FBGN0038481	6	13	10	15	6	0
FBGN0038674	96	88	158	175	411	139
FBGN0038659	2727	3143	3406	3221	4451	2370
FBGN0040250	48	5	20	30	5	13
FBGN0039214	31540	32778	33934	31973	48887	27517
FBGN0039797	7	6	4	16	30	24
FBGN0011739	9030	9447	9736	7547	11070	6375
FBGN0266734	1	2	0	3	0	3
FBGN0051161	61	55	33	74	92	42
FBGN0038740	140	158	96	175	155	122
FBGN0037883	195	203	227	218	507	173
FBGN0015572	49	54	57	79	106	46
FBGN0039239	35	30	18	92	212	107
FBGN0038528	4	7	31	11	22	46
FBGN0003885	18711	19345	21466	17817	24585	14489
FBGN0038358	13	16	17	25	19	55
FBGN0035235	3776	4351	4189	4617	6529	4107
FBGN0004574	5721	5661	6500	5818	9006	5788
FBGN0035346	1773	2128	2366	2172	3102	1965
FBGN0036278	53	58	29	54	9	34
FBGN0037061	405	523	494	728	879	519
FBGN0036222	14	13	62	27	0	7
FBGN0036926	399	281	316	415	474	321
FBGN0036873	48	44	32	43	102	91
FBGN0052281	506	586	640	626	902	610
FBGN0035543	30	28	7	12	0	49
FBGN0035839	187	257	158	372	311	351
FBGN0045476	158	143	97	4	0	29
FBGN0264746	149	142	89	99	105	65
FBGN0037087	1437	1529	1671	1755	2419	1348
FBGN0036059	3476	4127	4227	4421	6292	4279
FBGN0011288	62	48	41	52	57	66
FBGN0036595	114	190	207	80	108	60
FBGN0036773	3545	3563	3780	2677	3442	2444
FBGN0035964	2713	3146	3246	3067	4116	2503
FBGN0014848	0	0	10	0	0	3
FBGN0035997	6479	7371	7817	6255	10734	6332
FBGN0264006	143	75	135	233	72	136
FBGN0035620	21	33	63	52	86	14
FBGN0042138	2059	2345	2409	2398	3753	2392
FBGN0052269	14	16	1	10	6	13
FBGN0036806	34	61	29	52	158	52
FBGN0040817	408	495	421	429	400	277
FBGN0020392	7627	7897	7910	8481	11698	7109
FBGN0028980	1892	2391	1953	2449	2995	2291
FBGN0264486	46	62	24	49	46	46
FBGN0026179	7356	7365	8172	6614	8985	5872
FBGN0036442	117	101	101	45	26	50
FBGN0036188	1261	1517	1530	1847	2462	1671
FBGN0035677	61	48	10	12	0	20
FBGN0036439	36	10	7	1	3	0
FBGN0035120	2148	2726	2229	2846	4590	2461
FBGN0262530	1	3	2	8	0	12
FBGN0263108	9907	10005	11710	9763	14822	8469
FBGN0286940	182	236	196	116	165	57
FBGN0019662	1586	1524	1633	1674	2320	1514
FBGN0052448	413	371	466	228	605	391
FBGN0028402	2128	2361	2351	2743	3288	2304
FBGN0052220	11	8	16	5	3	20
FBGN0052053	55	38	9	14	12	26
FBGN0035109	335	446	519	607	757	475
FBGN0035234	11	38	39	28	12	17
FBGN0062517	65	18	57	64	67	58
FBGN0262593	168	67	91	124	120	143
FBGN0264487	0	2	0	0	0	0
FBGN0035286	54	74	62	80	126	93
FBGN0052487	29	16	8	14	1	0
FBGN0036016	92	77	54	83	82	80
FBGN0002526	91226	98331	99983	98378	140633	82299
FBGN0035210	797	984	994	2018	2876	1633
FBGN0036008	2098	2152	2330	1930	2483	1700
FBGN0036781	174	78	82	86	184	90
FBGN0036402	5359	5045	5821	4515	5812	3386
FBGN0020277	3	12	1	0	0	11
FBGN0035630	29799	33167	33680	36585	51578	35198
FBGN0263247	5	3	0	4	0	0
FBGN0260461	13	16	16	0	19	30
FBGN0053263	16	0	8	0	0	31
FBGN0036895	59	44	28	132	144	127
FBGN0036608	29	2	11	32	12	15
FBGN0035943	37	16	19	56	1	20
FBGN0036494	53	26	55	63	88	75
FBGN0028415	4	12	6	5	18	5
FBGN0036376	4083	4445	4429	5209	7338	4219
FBGN0052181	7	45	28	31	68	50
FBGN0036988	847	902	759	807	891	795
FBGN0036362	34	18	20	2	20	18
FBGN0036948	48	27	1	0	0	24
FBGN0035982	38	18	2	15	1	16
FBGN0052319	14	16	2	0	0	8
FBGN0052364	438	418	284	616	818	572
FBGN0047334	3	8	4	16	0	8
FBGN0014075	19586	22602	22869	19776	25612	16488
FBGN0015075	4957	5598	5717	5064	8701	4502
FBGN0036786	29	5	17	0	0	2
FBGN0052267	703	1055	840	945	1137	893
FBGN0036984	66	70	37	54	26	49
FBGN0035558	2487	3064	2809	3727	4858	2928
FBGN0283681	877	1033	905	1049	1536	1054
FBGN0052196	14	3	11	34	69	25
FBGN0002573	543	589	565	303	268	387
FBGN0262509	2900	3450	2839	353	480	407
FBGN0036922	195	250	317	424	416	394
FBGN0259824	2795	2905	3572	2881	4748	2635
FBGN0052104	2666	3229	3170	3865	4361	3196
FBGN0036363	6	16	20	8	4	0
FBGN0259203	811	990	852	1299	1878	1126
FBGN0043458	4219	4803	4861	4706	7057	3703
FBGN0035896	692	702	668	691	1206	641
FBGN0027082	460	728	672	820	1148	795
FBGN0035415	592	778	634	732	1255	735
FBGN0037139	4	5	0	0	0	16
FBGN0035518	1652	1856	1592	2218	2836	2224
FBGN0044051	13	9	8	0	28	14
FBGN0036476	3964	3828	3621	3853	5632	3407
FBGN0052121	23	63	26	98	10	55
FBGN0036311	44	57	60	40	30	66
FBGN0035158	2025	2164	2235	2741	3279	2338
FBGN0262544	14	28	5	4	0	4
FBGN0259986	4599	5177	4882	5389	7405	4549
FBGN0024187	4588	4742	4511	4804	7655	4561
FBGN0035423	7028	9404	9380	10386	14870	9756
FBGN0013751	108	91	111	185	233	95
FBGN0053160	8	13	0	15	0	3
FBGN0052446	1080	1350	1554	1111	1998	1071
FBGN0020660	12177	15651	13072	14995	21182	13918
FBGN0036774	1788	1934	2250	2626	3992	2251
FBGN0085274	0	6	0	9	0	3
FBGN0052255	45	35	71	12	20	42
FBGN0035468	70	29	24	44	50	56
FBGN0036715	18155	19672	20281	18455	24761	15535
FBGN0035697	4	4	16	34	11	26
FBGN0052437	15	24	34	2	34	29
FBGN0036551	19	27	25	28	104	58
FBGN0085288	7	40	4	32	8	11
FBGN0052214	11	3	16	36	134	21
FBGN0035692	4256	4549	4441	4484	6113	4251
FBGN0035865	880	985	1069	479	712	582
FBGN0043783	42	66	40	37	38	85
FBGN0029091	103	49	113	65	34	76
FBGN0035944	1061	1145	897	1027	1520	988
FBGN0027945	876	1035	1048	1227	1921	1186
FBGN0001134	40	39	21	21	10	48
FBGN0040636	19	28	10	16	22	13
FBGN0036809	13	17	23	5	17	24
FBGN0004390	12639	12639	13078	12339	17269	10500
FBGN0270926	830	1346	1254	504	465	330
FBGN0014007	13516	15321	14811	13613	18088	11997
FBGN0035955	75	73	26	7	41	72
FBGN0036876	22	16	16	38	20	34
FBGN0036549	570	682	815	894	1075	658
FBGN0027594	7337	7913	8161	6425	9700	5863
FBGN0262528	1	9	6	8	0	13
FBGN0052213	18	23	43	42	173	57
FBGN0036397	977	1194	1036	1002	1406	1021
FBGN0020643	2093	540	1587	8078	5246	10052
FBGN0085294	33	22	63	52	49	82
FBGN0027567	36526	42288	42127	41861	62681	38704
FBGN0035508	227	171	166	92	118	112
FBGN0035753	62789	76056	81316	81455	119053	63879
FBGN0052227	144	72	190	176	191	137
FBGN0053062	131	196	166	472	457	336
FBGN0011284	87249	99696	108474	97706	140536	82654
FBGN0001223	445	582	410	100	148	112
FBGN0000356	13	8	2	0	11	3
FBGN0036327	16	0	11	26	20	30
FBGN0036783	6	0	1	0	0	0
FBGN0036877	25	10	11	5	0	49
FBGN0035526	7731	8265	8470	7635	12341	7488
FBGN0052413	13	13	4	0	0	4
FBGN0029514	882	967	843	810	1177	774
FBGN0011361	3219	3394	3672	3853	5411	3058
FBGN0002283	1703	2268	1982	1861	2602	1955
FBGN0052450	14	5	16	11	8	4
FBGN0035524	3570	4371	4510	4850	6257	4713
FBGN0266591	13	0	0	2	14	14
FBGN0004244	52	62	61	42	49	52
FBGN0035486	87	88	66	7	0	5
FBGN0035547	39	43	40	10	38	34
FBGN0268063	8180	8185	8338	4786	5872	4368
FBGN0036405	1249	1262	1502	1462	2250	1249
FBGN0035193	152	146	171	343	579	307
FBGN0037082	1310	1578	1320	1756	2076	1438
FBGN0036250	37	17	19	22	19	46
FBGN0036463	2664	3562	2945	2947	3946	2441
FBGN0262890	18	29	23	32	27	13
FBGN0035164	855	1060	951	1374	1813	1242
FBGN0052423	6372	7488	7007	5753	8814	5263
FBGN0266977	0	5	0	0	0	10
FBGN0036853	1273	1130	1420	1375	1982	1405
FBGN0036277	1107	1281	1381	1024	2068	1000
FBGN0287183	1429	1979	1248	641	842	718
FBGN0036159	14	7	8	8	14	32
FBGN0035273	31	42	33	20	9	22
FBGN0265574	9747	10597	11150	11493	16768	10278
FBGN0052022	690	751	718	826	1281	915
FBGN0036039	1406	1610	1409	1398	1750	1201
FBGN0043865	65	21	33	36	28	38
FBGN0036335	950	1139	1074	1089	1724	954
FBGN0053767	7	5	26	0	0	14
FBGN0036496	37	7	8	30	0	6
FBGN0035854	944	1196	1127	1177	1900	899
FBGN0261555	13202	13658	14513	13218	19383	11563
FBGN0035849	1263	947	1015	913	1673	957
FBGN0035414	1392	1535	1603	1848	2597	1731
FBGN0036619	70	82	17	6	0	45
FBGN0052081	33	19	9	1	8	13
FBGN0035724	77	66	47	56	2	45
FBGN0036959	211	314	307	113	275	175
FBGN0035689	3612	3551	4020	3743	5242	3092
FBGN0003459	4073	4621	5007	4368	6320	3867
FBGN0037188	4769	5133	5343	5702	7536	4878
FBGN0259973	1	3	6	1	0	7
FBGN0000551	28	7	30	22	42	0
FBGN0003373	45389	451695	20716	15603	10828	14007
FBGN0262057	5902	6900	7466	5622	7994	5260
FBGN0037027	9163	10048	10256	10173	13393	9276
FBGN0024889	4038	4612	4588	5448	6983	4376
FBGN0036666	6465	7246	7059	7379	10084	6766
FBGN0085455	15	0	2	74	34	11
FBGN0259239	34	16	40	42	39	93
FBGN0035229	3450	3850	3771	2979	4160	2882
FBGN0052442	470	557	585	721	809	590
FBGN0025558	455	468	433	631	841	352
FBGN0005564	101	126	126	174	150	257
FBGN0036566	3922	4801	5099	3636	5713	3590
FBGN0053690	9	4	12	7	1	6
FBGN0036711	3	7	10	22	20	17
FBGN0029121	349	500	447	465	764	508
FBGN0035237	15587	17166	18021	16650	25569	15098
FBGN0035588	912	829	1122	1216	1548	1078
FBGN0262894	2	14	2	0	10	3
FBGN0022936	1810	1931	1816	2085	2927	2001
FBGN0036545	464	473	558	411	672	577
FBGN0037197	22	6	10	15	16	2
FBGN0286213	24506	28698	28990	43019	61237	37979
FBGN0085599	217	177	166	861	1550	880
FBGN0035781	40	18	53	11	83	30
FBGN0014343	14181	15730	15808	13814	22517	11082
FBGN0035886	74	34	30	246	190	222
FBGN0000100	135683	148539	164697	183447	246794	152265
FBGN0036205	51	61	45	26	61	67
FBGN0037183	26	24	12	0	16	20
FBGN0035257	58	42	83	118	31	35
FBGN0035260	202	324	350	310	396	268
FBGN0052176	3110	3279	3597	3081	4615	3341
FBGN0035850	3185	2863	3440	3483	4950	2854
FBGN0036768	48	32	11	32	0	23
FBGN0035198	22	6	13	22	26	1
FBGN0052074	49	18	14	37	12	8
FBGN0037171	6	17	2	1	9	0
FBGN0003683	28	23	19	3	9	37
FBGN0036717	18477	10182	13532	21933	23647	16570
FBGN0036468	13	6	4	0	6	5
FBGN0035601	4920	5513	5111	5972	8461	5467
FBGN0036350	29	5	3	25	47	9
FBGN0035603	1625	1767	1733	1807	2653	1964
FBGN0036028	1165	1425	1650	1977	3032	1892
FBGN0284221	10201	11397	12447	9923	13809	8096
FBGN0052333	102	58	119	80	58	121
FBGN0052202	556	758	522	730	1139	754
FBGN0035858	9	37	59	36	8	40
FBGN0052283	2	0	1	0	0	0
FBGN0036395	516	564	702	760	909	640
FBGN0036160	17	16	10	16	5	2
FBGN0041096	14118	15870	15690	15330	20526	13071
FBGN0035430	1324	1691	1927	1681	2257	1441
FBGN0036480	5879	6832	6649	5623	8924	5710
FBGN0036828	5174	6172	6593	5112	7571	4417
FBGN0035978	4126	4468	4234	3566	5020	2972
FBGN0041625	25	9	2	119	146	74
FBGN0036575	23	33	18	0	0	33
FBGN0037165	72	44	32	48	87	35
FBGN0000543	3981	5209	4920	5361	7824	4853
FBGN0053702	0	3	0	15	0	1
FBGN0011205	2096	2295	2013	2342	3027	2358
FBGN0052412	186	143	106	184	213	89
FBGN0259970	0	4	0	0	0	1
FBGN0053052	1493	1709	1646	2367	3238	1991
FBGN0053270	33	18	20	2	8	12
FBGN0036875	71	59	110	260	289	339
FBGN0015618	1868	1873	1652	2198	3156	1809
FBGN0035539	4226	3991	4778	3362	4848	2879
FBGN0052137	2004	2417	2292	2245	3463	2028
FBGN0053061	2	0	11	26	22	4
FBGN0036479	82	19	19	7	25	59
FBGN0260049	8615	10597	11020	10208	13732	8538
FBGN0036328	26	10	10	29	0	18
FBGN0027569	3164	3032	3336	3575	5184	2966
FBGN0036214	36	11	2	27	31	5
FBGN0085457	11	8	13	26	24	25
FBGN0035807	4268	4741	4570	4199	5686	3535
FBGN0261602	124969	135180	150722	149026	215135	129584
FBGN0087039	1734	2191	1862	2581	3013	2264
FBGN0028418	7	3	9	6	0	6
FBGN0287423	26	16	22	90	94	50
FBGN0040056	1309	1578	1472	2099	2861	2248
FBGN0041232	48	18	26	18	1	10
FBGN0052240	11	14	2	0	3	0
FBGN0036173	685	845	888	695	967	661
FBGN0004514	36	32	11	12	18	76
FBGN0036492	36	13	9	22	14	17
FBGN0035825	1768	1692	1656	1530	2445	1751
FBGN0053217	4326	5310	4670	6219	7647	6444
FBGN0036916	1949	2013	1754	2903	3905	2028
FBGN0036833	86	18	12	328	896	144
FBGN0036980	4581	4857	5295	4218	6836	3890
FBGN0003388	177	265	254	60	167	101
FBGN0036248	1750	2266	2308	2708	3977	2368
FBGN0053265	398	319	83	205	576	219
FBGN0052351	63	31	12	3	5	34
FBGN0286872	1	0	0	0	0	6
FBGN0086254	5838	6677	6185	9477	12790	8116
FBGN0085482	94	32	59	89	167	77
FBGN0037025	12357	13614	12707	13707	19254	11901
FBGN0035589	930	925	684	955	1312	945
FBGN0037057	78	56	105	294	276	249
FBGN0053556	4031	4171	3822	2866	4473	2607
FBGN0004592	1422	13835	946	282	317	448
FBGN0025874	1439	1721	1742	1812	2706	1874
FBGN0035147	1479	2146	1892	1922	2313	1372
FBGN0036892	4701	5571	5628	5400	6982	5013
FBGN0035932	21	1	12	0	50	4
FBGN0035236	5642	6666	6508	5545	7294	4471
FBGN0037044	785	989	1242	1060	1634	917
FBGN0015359	2822	3339	3225	4349	6036	3910
FBGN0035934	70	73	53	56	32	67
FBGN0052350	2925	3558	2740	3834	5245	3262
FBGN0036567	20	36	18	19	16	44
FBGN0039977	3005	3566	3291	3700	5127	3493
FBGN0259932	1205	1423	1229	1130	1372	1167
FBGN0053764	9	20	4	4	13	27
FBGN0001104	8374	9156	9466	10140	13589	9351
FBGN0015298	1149	1568	1501	1827	2111	1371
FBGN0035497	1408	1683	1479	1241	1859	1222
FBGN0036106	63	52	102	34	44	38
FBGN0036157	50	12	7	12	69	6
FBGN0036212	333	385	383	579	1040	390
FBGN0260756	181	335	514	262	302	183
FBGN0035400	1528	1610	1593	1963	1670	1452
FBGN0035469	1559	1957	1555	2174	3065	2127
FBGN0035830	7698	7878	8916	9490	13387	7949
FBGN0036144	301	127	108	198	175	223
FBGN0035343	28	34	60	18	41	30
FBGN0052225	28	7	43	3	13	24
FBGN0027111	4274	4609	4008	4320	6017	4116
FBGN0053490	49	27	5	0	5	11
FBGN0036032	7260	7510	7795	7297	9843	6168
FBGN0036183	5	0	7	0	1	8
FBGN0037022	1346	1677	1561	1732	2359	1677
FBGN0017579	48349	57467	60116	47896	67909	40779
FBGN0014849	15	14	14	0	0	0
FBGN0263456	48	86	40	51	70	67
FBGN0261634	2	3	1	4	0	6
FBGN0036510	1686	1859	2089	2386	3234	1669
FBGN0086906	14219	13850	13646	20062	30136	16480
FBGN0035205	12462	13933	13976	12832	18120	11433
FBGN0036227	40	4	261	60	161	80
FBGN0035145	9831	10933	10913	11885	17008	10349
FBGN0035168	165	322	226	233	240	316
FBGN0263930	21903	24323	24666	22064	30940	17356
FBGN0036612	190	128	147	180	348	151
FBGN0083992	813	912	1083	1264	1399	1092
FBGN0036761	3353	4318	4036	3876	5311	3409
FBGN0035673	30	3	0	9	0	13
FBGN0260026	251	257	241	215	430	196
FBGN0041630	8046	9313	9966	9323	13265	8110
FBGN0036141	4513	5047	5056	6391	8055	4986
FBGN0035428	70	39	29	47	23	35
FBGN0053169	272	335	246	263	328	182
FBGN0035688	13012	14561	14088	13395	19692	11998
FBGN0259676	2670	2716	3252	3189	4402	2804
FBGN0036819	246	200	197	212	292	225
FBGN0035445	100	54	78	35	34	113
FBGN0028648	1044	1124	1408	1627	2087	1397
FBGN0010408	49919	54582	62584	39947	61871	32358
FBGN0037067	24	14	6	20	22	22
FBGN0035359	34	17	8	14	57	5
FBGN0036932	1671	1577	1623	1790	2126	1805
FBGN0036349	45	2	0	0	13	10
FBGN0036416	511	659	522	308	395	183
FBGN0010223	62	39	37	63	128	30
FBGN0036661	8195	8518	8656	10037	14053	8679
FBGN0022702	9003	10430	11391	10404	13943	8741
FBGN0001078	3973	2844	2644	5425	8896	4716
FBGN0036921	11554	13530	12771	18199	23486	15063
FBGN0036814	10026	11922	9825	10083	13356	8970
FBGN0037028	935	1060	903	1624	2550	1635
FBGN0036723	49	8	32	27	32	21
FBGN0004396	7642	8494	7903	5808	7788	5624
FBGN0052263	28	1	0	25	32	20
FBGN0035906	5248	5790	5808	6114	7819	5485
FBGN0000261	16639	20900	19345	19051	21069	19132
FBGN0035983	2069	2321	2605	1823	2494	1555
FBGN0036834	57	30	20	14	42	64
FBGN0260862	434	456	644	442	877	446
FBGN0064766	3601	3895	3952	3317	4768	2844
FBGN0036082	22	19	4	0	0	16
FBGN0001323	1643	1789	1718	1640	2146	1549
FBGN0036320	6	8	12	53	24	9
FBGN0035604	83	50	28	48	37	43
FBGN0266099	62	21	19	30	30	42
FBGN0035931	28	12	5	6	9	17
FBGN0037046	395	747	594	184	221	313
FBGN0053272	23	9	15	2	3	21
FBGN0283503	4980	5235	5518	7171	8916	5637
FBGN0035644	1622	1951	1998	2268	3748	1980
FBGN0016694	1004	959	899	1006	1838	882
FBGN0037102	2455	2489	2555	2678	4288	2937
FBGN0035575	21	46	38	18	36	52
FBGN0261872	12451	13634	13272	15341	19824	12682
FBGN0035986	5190	5494	5711	4314	7437	4542
FBGN0011204	2594	2729	2703	2360	3982	2521
FBGN0285951	653	1022	771	943	1245	683
FBGN0036239	7641	7770	8762	6908	9245	5920
FBGN0035150	2265	2041	2253	2434	3372	2466
FBGN0036187	2371	2987	2623	3445	5023	2666
FBGN0020887	8164	8531	9018	8130	12847	7442
FBGN0037100	56	34	30	39	42	14
FBGN0028664	125	175	182	134	260	216
FBGN0035420	5846	6816	6698	5995	9135	5273
FBGN0036609	4	21	3	4	8	4
FBGN0036740	2023	2360	2250	2626	3551	2346
FBGN0036911	864	1044	847	1174	1410	1050
FBGN0035138	16	9	22	6	36	1
FBGN0036648	3039	4571	4780	4987	7298	3759
FBGN0046793	22	4	22	19	0	15
FBGN0003124	18264	19879	19774	21964	29841	19315
FBGN0052428	1566	1832	1825	1935	3052	2166
FBGN0011836	6459	7103	6702	9232	12186	7732
FBGN0036638	12	2	3	13	1	10
FBGN0037015	24	7	6	8	15	46
FBGN0261722	2663	2945	2699	2822	3621	2172
FBGN0025702	256	275	254	308	395	268
FBGN0036044	43	40	35	64	44	42
FBGN0036835	36	24	10	139	433	65
FBGN0036260	15	21	8	34	2	21
FBGN0035398	5370	4902	5679	7865	11856	6164
FBGN0000489	1471	1502	1434	648	629	804
FBGN0036505	2393	2504	2398	2167	3250	2208
FBGN0028379	23	17	24	0	26	23
FBGN0036203	185	126	141	194	18	245
FBGN0054056	2075	2575	2625	2229	3135	1719
FBGN0036571	2017	2098	2583	3075	3576	1992
FBGN0053271	39	8	1	19	2	20
FBGN0035251	8936	9877	11083	9655	14225	8297
FBGN0036324	10	4	8	12	0	12
FBGN0052133	35455	35039	34070	37176	48712	30828
FBGN0036848	2287	2343	2499	2070	2964	1679
FBGN0014850	4	0	0	0	0	0
FBGN0036563	90	52	58	9	11	26
FBGN0036406	637	1019	918	1053	1233	759
FBGN0027903	2142	2370	2439	2724	3871	2183
FBGN0035845	99	74	67	142	20	68
FBGN0261401	26	27	21	10	12	29
FBGN0003744	3669	4551	4611	4146	5577	3902
FBGN0035101	2396	2503	2566	4097	6162	3543
FBGN0035581	259	211	130	213	133	211
FBGN0023000	5214	5961	5382	6242	8069	5668
FBGN0037129	21	0	4	0	0	10
FBGN0035852	17	6	0	12	24	8
FBGN0036078	21	9	19	2	40	22
FBGN0263131	195	92	75	130	119	156
FBGN0036624	13474	13971	13990	14641	18986	12267
FBGN0046301	1531	1255	1633	1805	2041	1356
FBGN0036240	1033	806	1095	937	1288	784
FBGN0053500	10	3	0	2	11	12
FBGN0035333	2881	3561	3696	4085	5808	3363
FBGN0016756	25193	25719	27878	29068	41250	26017
FBGN0035842	3315	3613	3712	3875	5822	3881
FBGN0037178	3	11	11	10	37	5
FBGN0035208	26	24	5	26	18	12
FBGN0024945	1767	1728	1742	2453	3377	2297
FBGN0053289	26	11	18	3	12	27
FBGN0262008	42	22	10	0	0	28
FBGN0262893	18	17	10	7	0	11
FBGN0035815	92	47	139	75	211	104
FBGN0267390	14079	15834	15749	13467	20360	12548
FBGN0011706	555	569	406	784	832	839
FBGN0035511	10	1	9	2	0	2
FBGN0260967	15	4	5	11	9	1
FBGN0287586	166	239	228	303	400	423
FBGN0265296	278	129	225	192	97	159
FBGN0035255	8	8	26	38	0	8
FBGN0036111	9523	10230	10785	10214	14927	9859
FBGN0003295	47	50	70	59	19	26
FBGN0287594	1324	1478	1249	1373	1840	1239
FBGN0263776	48	16	25	17	45	50
FBGN0261682	11	8	0	0	0	22
FBGN0259140	518	160	633	109	204	161
FBGN0036334	4038	5070	5081	6266	9272	5726
FBGN0052119	47	16	13	26	34	8
FBGN0015550	4	7	10	0	18	2
FBGN0044419	311	260	562	407	704	566
FBGN0250815	460	370	848	5730	6501	5765
FBGN0036493	135	120	119	410	552	438
FBGN0040795	6	15	5	10	17	11
FBGN0010747	6183	7039	7111	6268	9113	6530
FBGN0024814	4948	6662	6530	6343	9643	5802
FBGN0053689	18	7	13	8	10	0
FBGN0036925	40	12	13	27	10	17
FBGN0036958	28412	30192	30890	33036	46013	28262
FBGN0085289	9	14	10	16	0	3
FBGN0035167	364	312	353	304	357	248
FBGN0035661	36	14	22	15	49	23
FBGN0265455	16	6	0	5	0	2
FBGN0083976	1406	1317	1216	1343	1959	1211
FBGN0086348	10	39	49	44	70	16
FBGN0036824	5767	6718	6844	6089	10052	5288
FBGN0260857	560	812	575	588	930	490
FBGN0262508	194	221	76	639	812	399
FBGN0035643	62	58	43	36	30	38
FBGN0035993	4441	4630	4778	5794	7924	4954
FBGN0021768	4522	5025	5212	6506	8931	5627
FBGN0036897	3382	3415	3898	2942	4513	2709
FBGN0261953	59	137	382	158	225	359
FBGN0286979	46	5	31	61	0	40
FBGN0036437	14	43	9	7	0	13
FBGN0036553	10	11	2	1	42	49
FBGN0036709	38	13	16	13	9	17
FBGN0035587	33	15	13	25	6	26
FBGN0005658	64	19	36	21	8	12
FBGN0265959	71	33	29	90	58	32
FBGN0035440	1958	2295	2287	1958	3277	2012
FBGN0284421	6377	7681	7401	7172	9665	6556
FBGN0036565	3533	4053	3730	4122	6245	4266
FBGN0028667	10	9	15	10	6	15
FBGN0036035	4859	5164	5147	7141	9057	5960
FBGN0036134	21528	24032	23243	23512	32215	20086
FBGN0035357	23109	24948	24218	23524	36609	20981
FBGN0264699	60	12	14	50	6	50
FBGN0036552	24	19	24	10	2	2
FBGN0036454	359	316	490	307	284	289
FBGN0036584	36	10	21	15	95	8
FBGN0036992	40	11	17	11	17	14
FBGN0025725	17956	20886	21811	19591	29205	17426
FBGN0052066	1554	1725	1994	1363	2113	1411
FBGN0029094	3787	3957	4395	5364	7385	4324
FBGN0036978	55	22	58	133	187	170
FBGN0035248	173	114	88	214	164	175
FBGN0036641	3914	4765	4808	5236	8499	4826
FBGN0036414	75	40	84	53	28	108
FBGN0036110	7	13	1	4	5	22
FBGN0035139	79	74	138	46	82	64
FBGN0262482	64	100	98	65	133	34
FBGN0263035	0	27	2	3	8	27
FBGN0052447	8458	10063	8773	7906	8735	6613
FBGN0024179	6064	6405	6914	4814	7006	4716
FBGN0036592	43	32	26	60	16	12
FBGN0053766	34	17	0	4	0	8
FBGN0036208	44	3	16	9	45	12
FBGN0036733	2799	3022	2855	3118	3937	2521
FBGN0052409	4174	5039	5082	5214	8410	5135
FBGN0037176	2	1	2	0	4	25
FBGN0037039	6	8	6	0	7	10
FBGN0035666	27	10	0	40	30	41
FBGN0036426	21	4	3	1	8	20
FBGN0035323	640	760	793	823	1100	753
FBGN0260856	1159	1220	1243	1313	2005	1324
FBGN0264711	7454	8308	7549	7086	8721	5949
FBGN0004880	107	84	241	124	49	52
FBGN0000017	14704	15524	15893	13868	20737	11655
FBGN0016070	6039	6535	6455	6659	8694	5022
FBGN0000358	32	6	36	1	3	4
FBGN0036805	2013	2764	2793	2438	3647	2227
FBGN0036469	6	8	1	12	5	10
FBGN0052037	39	12	10	18	25	24
FBGN0004372	20	13	10	25	1	15
FBGN0052279	5	4	0	9	0	29
FBGN0035111	6290	6578	6358	7121	9323	5628
FBGN0052304	23	14	9	10	5	15
FBGN0036727	6	12	23	9	40	27
FBGN0036153	33	25	10	43	32	27
FBGN0036956	27	22	19	4	96	26
FBGN0026371	4716	5187	4823	5664	7121	4651
FBGN0036319	69	41	50	27	103	52
FBGN0036836	103	138	120	87	286	138
FBGN0036746	7881	8227	7903	8035	11211	6225
FBGN0045479	354	436	266	18	11	20
FBGN0261381	2547	2601	3236	3885	5032	2942
FBGN0036851	69	99	76	159	205	130
FBGN0036316	3805	5063	4591	2497	2776	2608
FBGN0000592	65	7	32	24	60	40
FBGN0036757	30	31	34	24	18	26
FBGN0037174	11	12	18	14	37	30
FBGN0027615	1664	1641	1871	1700	2851	1874
FBGN0035358	5	7	11	18	12	0
FBGN0036116	82	42	22	62	40	35
FBGN0262361	10	1	0	3	0	4
FBGN0035435	228	258	304	291	611	399
FBGN0053969	798	852	931	1356	1775	900
FBGN0028699	52	36	15	30	30	11
FBGN0036438	11	1	0	0	2	0
FBGN0035321	719	781	949	806	1081	656
FBGN0086900	20	42	23	79	60	265
FBGN0262732	5967	6143	6550	7800	11222	7147
FBGN0010348	23809	26884	23468	24576	33895	24642
FBGN0035970	21	5	20	5	7	16
FBGN0002564	11329	12840	5753	43494	75198	27001
FBGN0023174	11582	14481	14676	16645	23340	13014
FBGN0024177	7	10	8	10	88	25
FBGN0010387	1	3	3	36	9	28
FBGN0004591	18	27	5	0	0	19
FBGN0036271	1065	1145	1135	1064	1700	863
FBGN0028577	9609	10348	11891	11686	17167	10859
FBGN0288810	10	17	5	26	51	22
FBGN0262737	11273	13734	13568	11621	14829	10496
FBGN0028978	5452	5836	6272	6069	9695	5273
FBGN0001324	16904	18707	18733	22167	32044	17660
FBGN0264566	3	0	0	0	0	0
FBGN0011787	2903	3277	2914	4697	6557	3699
FBGN0053769	3	2	22	19	0	0
FBGN0037105	1688	1746	1539	2126	2346	2017
FBGN0035645	27	16	16	21	0	41
FBGN0036118	228	281	172	400	480	408
FBGN0036529	175	105	216	83	108	85
FBGN0036581	938	1221	1082	1257	1536	1227
FBGN0036655	40	14	9	15	0	6
FBGN0035426	10	12	1	7	63	29
FBGN0005633	13	23	1	34	0	0
FBGN0036236	9	3	2	12	31	30
FBGN0250816	65	91	108	375	597	355
FBGN0262021	23	5	3	0	0	3
FBGN0025820	527	562	635	565	806	573
FBGN0053284	0	16	19	10	2	1
FBGN0036255	242	298	241	204	178	126
FBGN0035461	335	339	396	365	450	230
FBGN0015793	668	585	710	749	1011	720
FBGN0035542	1710	1623	1902	1272	2186	1063
FBGN0000451	143	156	123	76	226	29
FBGN0036813	2798	3014	3152	3280	5738	3638
FBGN0028416	4	10	6	5	9	5
FBGN0036759	29	11	18	58	90	57
FBGN0004108	5976	7134	7518	3299	4459	3753
FBGN0003943	149781	195054	191748	164371	224615	163127
FBGN0044452	6097	6833	6735	5575	7776	4650
FBGN0260874	271	289	179	120	48	62
FBGN0036497	34	16	0	54	0	4
FBGN0260644	0	5	2	14	4	0
FBGN0035787	29	36	16	33	50	22
FBGN0035122	1464	1461	1612	1779	2802	1754
FBGN0003410	2591	2728	3104	2912	3633	2250
FBGN0036945	17	4	14	9	18	10
FBGN0036557	2645	2857	2844	3484	5482	3259
FBGN0027055	3822	3972	4015	4231	5946	3747
FBGN0086680	48128	50098	51724	48511	66453	42283
FBGN0010786	1710	2090	2024	1929	2880	1922
FBGN0036229	79	41	36	14	0	50
FBGN0022935	7855	8384	8732	8622	12339	7766
FBGN0052847	96	68	49	115	74	14
FBGN0035471	4119	4371	4440	5015	7145	4456
FBGN0045823	24883	26237	24045	29277	35712	22091
FBGN0036179	47	18	2	6	21	5
FBGN0035254	908	958	980	802	1676	873
FBGN0005626	152	400	198	76	53	148
FBGN0036656	9	3	0	0	12	13
FBGN0259748	12	13	6	0	10	31
FBGN0036102	18	16	2	47	51	24
FBGN0036861	41	48	53	6	0	43
FBGN0087035	127524	128149	123490	115255	166846	113249
FBGN0035695	115	58	32	64	95	39
FBGN0035980	252	398	430	445	628	492
FBGN0041094	20734	24142	23025	16591	21909	15316
FBGN0036953	17	8	4	64	1	120
FBGN0035989	1507	1871	1835	1524	2067	1230
FBGN0035857	19	15	4	6	2	12
FBGN0036337	1825	1937	2453	2855	4227	2399
FBGN0283500	3459	3530	3844	4634	6571	3552
FBGN0264748	32	24	16	22	5	20
FBGN0035711	26	22	2	48	48	29
FBGN0036321	115	45	112	50	16	88
FBGN0264725	5	0	17	3	4	0
FBGN0035504	43	25	24	31	0	37
FBGN0052187	55	41	9	26	5	17
FBGN0022709	170	167	139	278	487	277
FBGN0283724	11738	12737	12897	11599	15859	11148
FBGN0035532	1918	1984	1726	2382	3530	2389
FBGN0053286	45	26	22	62	52	39
FBGN0262937	1314	1437	1658	1881	2618	1480
FBGN0035510	1945	2003	2154	2870	3859	2593
FBGN0261353	680	1085	1163	1296	1525	1082
FBGN0002842	25	19	12	15	0	7
FBGN0017430	1987	2389	2236	3844	5689	2803
FBGN0035957	144	91	72	93	85	117
FBGN0037018	618	651	472	656	1292	651
FBGN0016036	106	58	62	109	185	98
FBGN0036354	4962	4928	5694	6709	10184	5618
FBGN0036986	21	32	0	371	327	333
FBGN0053965	21	15	4	6	14	36
FBGN0000404	10821	13108	12027	11848	17658	10448
FBGN0026376	3203	3667	3583	3595	4963	2982
FBGN0035476	26	18	5	39	28	4
FBGN0035777	145	107	66	128	97	92
FBGN0262788	8	14	0	24	0	11
FBGN0036769	603	528	413	418	712	511
FBGN0037020	2445	2844	2980	3754	5236	3376
FBGN0052484	3644	4460	4661	4945	6484	3942
FBGN0011335	2215	2283	2260	2498	3362	2412
FBGN0052476	68	36	32	66	58	68
FBGN0035767	1001	1468	1474	1598	1807	1178
FBGN0036290	4069	5020	4623	6546	9292	5797
FBGN0035545	10	34	12	56	23	66
FBGN0000115	2748	2896	3284	2880	4115	2657
FBGN0013342	38	32	34	30	98	42
FBGN0036580	2169	3115	2662	3825	5685	3316
FBGN0036822	38	22	10	0	29	15
FBGN0035713	25530	27100	28055	26259	38374	25090
FBGN0025682	2998	3675	3974	3781	6569	3605
FBGN0041623	55	26	18	26	22	26
FBGN0036176	13	15	0	0	5	9
FBGN0036696	440	677	489	627	1269	596
FBGN0010452	11348	11829	13042	14751	21162	12680
FBGN0020509	4	3	0	5	2	2
FBGN0052150	189	258	294	165	118	141
FBGN0020640	10	3	1	0	0	5
FBGN0052141	424	485	421	486	625	437
FBGN0265268	38	24	80	7	10	23
FBGN0035570	2	1	3	0	0	0
FBGN0004516	22	27	4	5	9	43
FBGN0035192	28	37	23	14	9	38
FBGN0027790	11289	12014	10843	9290	11820	9252
FBGN0035928	16	11	18	42	0	16
FBGN0036152	1392	1661	1475	1982	2995	1694
FBGN0040060	137	68	312	1474	2068	1366
FBGN0054025	6	27	9	40	44	28
FBGN0020765	5	10	8	6	3	2
FBGN0052405	10	8	7	0	4	12
FBGN0040828	14	4	10	9	0	10
FBGN0262592	2	12	11	8	0	9
FBGN0036680	4	11	20	45	60	39
FBGN0053234	43	10	14	11	29	40
FBGN0015829	2191	2550	2489	2504	3351	1796
FBGN0040696	22	18	17	41	33	36
FBGN0041160	778	913	952	1172	1687	1091
FBGN0020645	7	11	0	0	4	0
FBGN0262984	0	4	0	6	0	18
FBGN0036516	4472	4865	5034	5447	7708	4737
FBGN0263603	11025	12853	13318	13430	20022	11603
FBGN0052344	6632	7687	7838	8586	11555	7509
FBGN0036640	1867	2236	2112	3525	4769	2838
FBGN0040816	0	6	3	0	9	11
FBGN0036145	44	10	4	56	26	63
FBGN0041164	7105	7586	7871	8442	11912	7598
FBGN0028668	31	9	0	6	0	2
FBGN0264693	19828	22037	21742	18985	31449	18686
FBGN0061515	5082	6158	5479	5929	7566	5590
FBGN0035355	164	135	241	246	318	379
FBGN0015585	0	5	5	13	9	7
FBGN0035766	8977	9661	9373	11119	16342	9270
FBGN0036665	172	288	290	295	433	231
FBGN0262842	5	0	0	12	8	4
FBGN0036820	430	532	352	779	930	493
FBGN0052082	4448	4219	4839	6699	11004	5675
FBGN0004380	1774	1777	1862	1233	2274	1442
FBGN0035203	2089	1957	1937	2393	3198	1961
FBGN0263106	8103	9379	8253	5477	8567	4636
FBGN0052069	640	687	720	330	463	316
FBGN0036910	10	21	48	12	48	12
FBGN0020641	12	32	18	4	46	17
FBGN0260008	1151	1770	1113	1584	1955	1665
FBGN0036323	25	15	35	6	2	36
FBGN0036602	59	62	53	16	21	12
FBGN0028504	1186	1384	1255	1304	1887	1224
FBGN0042712	4290	4909	5088	5117	7614	4850
FBGN0266456	39	40	40	90	140	37
FBGN0085273	12	8	8	8	6	2
FBGN0052195	178	198	294	287	409	363
FBGN0023001	8681	8571	8965	10823	14633	9500
FBGN0260431	139	220	191	178	324	182
FBGN0035719	75	36	105	63	76	97
FBGN0036015	7	0	24	30	3	14
FBGN0035110	2514	2672	3160	3414	4204	2758
FBGN0264000	76	58	34	56	70	65
FBGN0035805	865	1097	927	1118	1812	1119
FBGN0036950	24	13	2	10	32	18
FBGN0045477	92	62	115	14	8	34
FBGN0036747	117	48	46	57	29	64
FBGN0052270	8	4	6	3	7	28
FBGN0035702	316	229	477	441	532	284
FBGN0035769	4967	5483	5724	5942	8248	4829
FBGN0036685	9455	9925	10286	11626	15460	9881
FBGN0036340	16863	18529	20243	16753	25271	15777
FBGN0052365	750	964	873	1085	1315	985
FBGN0004427	70	74	131	155	366	70
FBGN0026418	26416	29430	28970	29513	42306	25837
FBGN0036156	24	23	4	0	0	5
FBGN0037175	8	5	5	46	0	5
FBGN0263601	6516	7648	7641	7306	11003	7321
FBGN0036920	704	1139	942	941	1379	1037
FBGN0040507	76	28	46	28	54	73
FBGN0020251	2482	3174	3514	2583	3916	2277
FBGN0003041	9202	10230	10891	12630	17464	10401
FBGN0042630	61	34	30	36	51	78
FBGN0037207	609	716	722	563	931	643
FBGN0036766	8	20	0	8	0	5
FBGN0036887	966	967	1057	1220	1992	1324
FBGN0266136	4936	5867	5693	7007	9710	5155
FBGN0036461	57	48	53	38	55	36
FBGN0036403	56	6	42	34	33	6
FBGN0035968	101	109	43	252	513	133
FBGN0036998	965	1198	1336	901	1516	995
FBGN0004593	5	11	0	0	0	1
FBGN0035736	10	8	0	10	8	11
FBGN0004167	75847	81619	80370	76479	112552	66114
FBGN0052182	20	48	13	30	30	12
FBGN0005198	6800	7244	7944	6703	11128	6214
FBGN0036112	18	6	2	0	32	6
FBGN0036979	46	122	66	70	117	99
FBGN0035103	8432	8549	8258	8165	12091	7986
FBGN0037138	7208	7806	8032	7605	11507	7126
FBGN0085282	18	46	9	131	52	67
FBGN0036785	46	21	59	18	2	19
FBGN0010246	5143	5699	5810	5599	8289	5470
FBGN0036544	41	24	97	59	32	48
FBGN0052438	5958	6743	6219	6925	8904	6323
FBGN0037200	1432	1884	1481	1754	2064	1611
FBGN0259703	24	3	30	4	14	39
FBGN0263761	2	7	0	0	0	4
FBGN0037141	2767	2718	2997	3440	5163	3201
FBGN0035455	40	14	13	0	0	21
FBGN0052079	8	15	14	15	3	53
FBGN0052392	108	66	166	141	70	104
FBGN0005386	12298	13470	12437	12415	16933	11128
FBGN0260430	63	8	62	75	10	127
FBGN0036576	14123	13809	14367	16989	25732	14471
FBGN0016013	104	86	34	76	94	68
FBGN0000629	4361	4810	5598	4709	7322	4204
FBGN0058160	3717	4466	4354	4998	7623	4993
FBGN0035371	6088	7255	8335	7884	11728	6548
FBGN0035585	5	3	15	1	0	5
FBGN0016696	12639	14305	14697	14818	21086	12623
FBGN0024804	12346	15257	11804	13876	18751	12986
FBGN0035397	12885	13305	14035	10584	13667	9519
FBGN0263607	391	415	360	344	517	245
FBGN0052425	5291	5246	5683	5470	7601	5469
FBGN0052113	6682	7835	6923	6169	8699	5439
FBGN0035768	117	95	104	28	90	62
FBGN0035985	578	290	376	367	333	314
FBGN0052040	16	24	28	24	10	23
FBGN0261816	19	8	3	16	21	19
FBGN0052462	13	9	17	4	0	9
FBGN0036677	981	1534	973	1071	1008	993
FBGN0261997	12	0	4	12	0	4
FBGN0037092	2614	3127	2818	2863	4424	3021
FBGN0053057	312	205	355	223	349	338
FBGN0262870	251	168	190	230	411	253
FBGN0042178	14708	16126	16968	19969	27256	16731
FBGN0003292	2759	2949	3396	1670	2276	1532
FBGN0036451	26034	26614	28112	24366	35612	21102
FBGN0036202	38	15	63	30	54	27
FBGN0052072	12	5	12	3	4	17
FBGN0036593	93	22	5	19	47	69
FBGN0041709	38	14	13	5	1	29
FBGN0052102	7	11	0	0	0	1
FBGN0266540	68	153	87	167	199	114
FBGN0260653	12459	13727	14915	19371	27759	16157
FBGN0025455	12741	14665	13948	13079	19893	11010
FBGN0052278	935	1154	994	1026	1407	842
FBGN0052452	3311	3677	3558	3994	5080	3319
FBGN0020224	4185	4268	4919	4186	6366	4233
FBGN0037191	9	14	21	13	4	6
FBGN0024194	1303	1243	1522	1963	2974	1525
FBGN0025776	16	21	15	0	0	12
FBGN0036780	29	12	1	4	2	21
FBGN0036838	2825	2934	2802	3146	5096	3160
FBGN0037144	80	123	45	164	156	61
FBGN0036654	51	22	25	6	24	8
FBGN0035608	15	16	12	26	4	0
FBGN0016081	13571	15044	14161	13977	20492	11697
FBGN0035594	24	13	0	2	8	9
FBGN0053971	644	582	709	679	886	542
FBGN0036142	166	203	153	269	263	204
FBGN0035176	32	22	26	58	9	12
FBGN0035360	44	10	48	56	33	54
FBGN0052302	24	19	9	26	3	12
FBGN0004414	5	3	8	0	1	3
FBGN0026061	236	415	145	136	243	93
FBGN0085371	51	41	10	17	5	15
FBGN0037117	1415	1508	1453	1451	2235	1400
FBGN0040805	2	6	14	10	0	20
FBGN0037013	17	17	24	0	22	1
FBGN0035949	4	12	1	7	0	2
FBGN0035239	65	26	32	15	38	23
FBGN0036893	411	609	596	521	795	446
FBGN0052054	50	38	15	42	37	27
FBGN0027500	10088	9663	11294	14241	20652	10463
FBGN0053985	2	6	20	42	0	20
FBGN0058002	2006	2883	2185	2266	2862	2147
FBGN0260388	3357	2961	3260	5508	7274	3844
FBGN0036964	1223	1428	1621	1497	2478	1348
FBGN0017572	4260	5162	5440	4534	7824	3890
FBGN0036343	38	0	10	0	14	18
FBGN0035953	2448	2322	2581	2270	3748	1895
FBGN0052264	19545	22269	22064	17718	28301	16371
FBGN0036670	22	48	12	85	112	84
FBGN0035813	263	306	274	139	525	202
FBGN0086916	29	53	29	32	32	22
FBGN0001248	28528	32408	33915	26636	36766	23370
FBGN0035496	26	29	5	17	68	25
FBGN0003076	1862	1774	1997	2210	3828	1746
FBGN0000045	25	27	5	19	43	8
FBGN0263248	2	7	0	0	0	0
FBGN0262518	3731	4153	3961	3360	4163	3341
FBGN0015321	2981	2661	2951	2616	3615	2502
FBGN0037000	708	790	746	528	554	402
FBGN0264001	108	40	66	89	21	93
FBGN0036485	28	52	39	44	22	16
FBGN0264489	616	670	522	3285	4415	2257
FBGN0035657	2	14	5	6	35	6
FBGN0042201	1	3	0	2	0	17
FBGN0036713	4	5	7	34	0	10
FBGN0036393	1	0	13	54	12	21
FBGN0035909	12853	15722	15503	12737	18103	12239
FBGN0036031	45	27	20	97	44	47
FBGN0035313	18	39	24	12	16	48
FBGN0002872	5638	6557	6175	7799	12514	7149
FBGN0035300	100	45	85	43	19	50
FBGN0036784	32	24	28	28	8	10
FBGN0052246	49	7	54	4	42	17
FBGN0052845	12	28	13	40	10	30
FBGN0037204	15	26	27	18	0	52
FBGN0036057	138	94	102	170	157	88
FBGN0035933	23	7	22	3	7	9
FBGN0053262	24	5	2	7	0	12
FBGN0263911	2181	2842	2955	3066	4323	2872
FBGN0264848	3561	3608	3682	3589	5420	3299
FBGN0027085	1347	1749	1874	1846	2712	1884
FBGN0035520	1291	1586	1530	1564	2478	1543
FBGN0036489	1500	2052	2019	1877	2540	1818
FBGN0035479	0	9	8	20	0	0
FBGN0036262	148	172	72	548	966	444
FBGN0262519	62454	71510	72471	74280	113445	66414
FBGN0015218	15071	16745	16949	19311	25196	16316
FBGN0035283	1338	1409	1302	1341	1852	1160
FBGN0260660	1511	1753	1863	1938	2866	1876
FBGN0085480	45	24	9	16	3	21
FBGN0035817	154	122	135	24	25	13
FBGN0025866	1834	2445	2088	6670	9092	5030
FBGN0260859	819	993	1101	1225	1921	872
FBGN0085267	21	10	9	10	3	0
FBGN0035567	11	13	12	8	0	7
FBGN0036846	2021	3114	2649	2369	3212	2298
FBGN0024887	1615	1847	1807	1752	2784	1553
FBGN0036818	800	1113	920	1076	1532	1164
FBGN0263251	2755	3198	3522	3245	4034	2736
FBGN0052354	272	332	238	171	160	214
FBGN0035622	3337	4423	3996	3464	5075	2810
FBGN0001259	3607	3726	4513	3759	5555	3172
FBGN0036520	38	21	0	23	10	12
FBGN0028697	47724	58111	53505	49859	68247	46464
FBGN0035348	52	58	20	88	83	102
FBGN0004619	84	22	21	30	41	46
FBGN0085295	1	11	9	0	4	7
FBGN0035669	10	5	3	6	20	25
FBGN0037151	195	195	193	190	457	181
FBGN0036790	34	32	25	42	4	8
FBGN0026409	11548	12429	13918	13346	18930	10994
FBGN0262580	84	32	5	23	36	9
FBGN0035262	955	1169	932	790	1204	763
FBGN0283479	121	80	168	153	207	171
FBGN0047178	427	524	547	466	971	567
FBGN0036708	3	7	2	0	18	17
FBGN0036194	2183	2435	1958	2729	4314	3004
FBGN0261109	1891	2118	2638	2441	3535	2021
FBGN0035385	59	30	50	54	38	18
FBGN0262987	479	501	500	454	583	555
FBGN0016031	1832	1995	2039	2447	3121	2926
FBGN0284236	2	14	0	1	10	8
FBGN0036832	20	6	9	20	17	30
FBGN0261507	6	1	4	3	1	4
FBGN0036888	5889	6852	6384	5996	8134	5710
FBGN0052206	64	45	55	78	33	107
FBGN0262535	9	5	0	0	13	6
FBGN0029113	25014	28938	29764	31108	45911	29471
FBGN0260481	222	205	279	150	184	110
FBGN0037093	16195	17277	18386	15383	21854	12672
FBGN0035648	16	7	23	10	10	15
FBGN0082598	12213	12901	13687	12925	19106	12384
FBGN0052064	20	9	20	45	16	26
FBGN0264605	1303	1482	1438	1158	1500	1180
FBGN0036501	429	447	352	378	581	279
FBGN0260393	10	11	4	11	0	4
FBGN0035337	1198	1561	1452	1749	2180	1567
FBGN0037064	20	18	19	18	5	11
FBGN0040634	40	68	45	11	30	88
FBGN0011591	14707	17516	17288	17702	24028	15850
FBGN0035554	9	4	8	0	59	4
FBGN0036600	25	30	24	37	32	0
FBGN0053489	24	17	12	30	34	22
FBGN0036837	2526	2670	2808	5786	8719	4626
FBGN0035952	42	41	49	56	50	19
FBGN0036361	13	0	6	16	22	6
FBGN0036121	243	389	344	793	1229	595
FBGN0042177	19941	21766	22567	26643	36078	22291
FBGN0035267	8152	8932	9850	8730	12995	7946
FBGN0063667	30	14	39	8	24	24
FBGN0035244	1371	1711	1404	1556	2288	1428
FBGN0036083	60	11	36	29	18	27
FBGN0010350	1624	1937	1855	1949	2108	1483
FBGN0284444	8	4	11	14	2	2
FBGN0261536	19	2	0	0	7	12
FBGN0036716	65	38	27	102	82	8
FBGN0035211	790	832	666	714	976	801
FBGN0040797	11	17	11	19	6	2
FBGN0259200	1317	1343	1154	1947	2157	1595
FBGN0052075	1350	1680	1386	2226	2739	1854
FBGN0036091	5	6	17	16	0	14
FBGN0266437	213	138	116	181	129	93
FBGN0036913	5200	5946	5878	5601	7580	4700
FBGN0015360	1562	1469	1694	1655	2832	1525
FBGN0035965	845	967	871	1196	1325	905
FBGN0035833	407	632	565	1490	2152	1115
FBGN0052068	301	485	270	528	673	584
FBGN0029152	5662	6422	6577	6507	8324	5008
FBGN0013718	11701	12309	12912	11272	18142	9952
FBGN0036364	32	47	55	91	95	59
FBGN0035522	4831	7069	5541	2804	2569	3526
FBGN0263199	846	856	1032	892	1382	877
FBGN0262516	2119	2312	2502	1980	2960	1809
FBGN0052318	1784	1967	2127	1972	2672	1396
FBGN0036778	66	22	31	32	22	34
FBGN0036643	175	248	250	226	486	283
FBGN0037037	116	18	46	60	104	67
FBGN0036874	24	13	16	64	28	57
FBGN0040799	19	6	8	6	10	30
FBGN0010909	31791	35293	35765	29035	43370	25895
FBGN0036756	41	49	27	31	2	20
FBGN0035557	363	362	384	889	1498	775
FBGN0045770	30	25	11	39	14	34
FBGN0013717	3779	4538	4597	3945	4843	3849
FBGN0036133	1136	1439	1587	1706	2148	1428
FBGN0036367	14	17	0	8	4	18
FBGN0261556	11752	12460	11871	8771	12633	8028
FBGN0036686	8246	8988	9025	10817	17874	10664
FBGN0036951	45	23	26	17	16	30
FBGN0035552	96	67	192	2439	1096	2869
FBGN0043550	84	2	40	40	78	71
FBGN0036787	31	43	31	83	130	103
FBGN0037069	30	11	2	51	30	57
FBGN0262139	6483	6440	6756	6527	9739	5532
FBGN0036734	7417	7675	8609	6916	11260	7100
FBGN0035926	7	8	4	0	0	23
FBGN0020412	9877	11808	11225	10495	14330	8602
FBGN0035143	27	18	3	31	28	0
FBGN0035763	2068	2195	2271	2238	3364	1782
FBGN0037081	4293	4783	4676	5443	7859	4619
FBGN0037128	288	296	270	459	1028	285
FBGN0036502	336	256	256	192	452	272
FBGN0053260	1065	1142	1062	1132	1609	1141
FBGN0036560	44	18	21	2	4	16
FBGN0036782	53	78	60	68	168	66
FBGN0035161	6	5	0	14	0	10
FBGN0037122	12	17	16	40	9	27
FBGN0036139	51	16	22	48	6	22
FBGN0261258	21702	24200	23547	31979	50189	29248
FBGN0035280	19	10	11	25	29	22
FBGN0036018	3449	4289	4379	4932	6932	4518
FBGN0036346	21	15	15	3	22	7
FBGN0036155	6005	5833	6536	6530	9906	6516
FBGN0037184	645	850	803	1231	1903	1145
FBGN0037137	28469	32219	32187	28486	43900	25967
FBGN0036931	120	196	87	292	323	141
FBGN0036550	23	6	24	21	46	38
FBGN0035999	642	742	747	618	889	545
FBGN0035799	93	39	19	49	74	21
FBGN0262099	4	0	0	3	0	7
FBGN0035640	1744	2196	2068	2646	3811	1957
FBGN0266667	2201	2040	2315	2807	3105	2220
FBGN0036899	5188	5152	4740	4804	6507	4889
FBGN0035921	6	8	10	9	23	17
FBGN0036372	5460	6621	7311	7280	11555	6738
FBGN0036274	46	12	12	25	30	22
FBGN0036536	289	388	231	385	665	246
FBGN0005640	5689	7206	6480	6332	8309	5258
FBGN0026252	23985	25923	28071	32998	48012	28517
FBGN0052221	258	510	571	536	905	383
FBGN0035316	18	15	2	17	36	43
FBGN0052445	4	7	19	5	38	0
FBGN0036056	80	47	73	83	93	44
FBGN0035427	370	464	455	372	626	362
FBGN0036607	11	19	11	62	60	26
FBGN0036710	3795	4007	3966	5046	6858	4533
FBGN0016715	213	258	268	459	671	309
FBGN0260458	121	69	216	832	1315	842
FBGN0035795	30	51	23	13	11	9
FBGN0035887	12	7	14	22	2	38
FBGN0002945	25046	27822	27545	23180	33247	21676
FBGN0036482	60	67	78	149	28	107
FBGN0036352	34	14	38	44	29	27
FBGN0036257	8488	9000	8953	2229	2957	1986
FBGN0035848	1005	1009	1131	1396	1840	899
FBGN0004910	52	73	39	76	58	99
FBGN0052199	43	44	17	20	28	37
FBGN0260397	4109	4705	5017	3956	5867	3350
FBGN0261530	1655	1847	1988	2193	2815	1720
FBGN0037078	25	2	25	28	4	46
FBGN0036192	372	429	249	338	529	426
FBGN0053993	1411	1496	1627	1608	2230	1334
FBGN0036938	18	12	1	4	0	3
FBGN0035951	1980	2658	2587	3069	4261	2734
FBGN0036947	14	15	56	1	10	38
FBGN0020644	2099	545	1595	8135	5198	10073
FBGN0052091	832	816	863	856	1327	781
FBGN0011762	1008	1203	1111	1593	1857	1095
FBGN0267348	31026	33365	34582	27930	41993	23767
FBGN0036704	22	16	12	0	0	22
FBGN0026404	3624	4712	3765	3799	4927	3553
FBGN0036419	600	858	666	1102	1192	625
FBGN0036689	368	551	560	1109	1427	990
FBGN0261526	798	1157	937	528	616	549
FBGN0036879	30	23	7	38	2	44
FBGN0037115	315	233	279	118	223	200
FBGN0053926	4	22	9	17	19	0
FBGN0035372	1491	1725	1832	1986	3160	1504
FBGN0036177	4	11	7	12	0	3
FBGN0266757	103	101	89	64	71	117
FBGN0036831	35	11	15	48	22	35
FBGN0036538	1736	2141	2168	2640	4038	2304
FBGN0015805	26883	29415	28459	25073	36489	23326
FBGN0035923	1954	2340	2245	2365	3010	1935
FBGN0036799	12	13	12	14	27	19
FBGN0085290	156	273	158	203	318	251
FBGN0086611	25	13	37	105	173	81
FBGN0000212	35797	38416	38161	39180	58137	36373
FBGN0052232	61	66	29	46	62	40
FBGN0085456	40	3	14	76	9	21
FBGN0054057	112	119	77	220	203	94
FBGN0035704	2064	2198	1988	2082	2925	2018
FBGN0260657	90	77	26	40	30	59
FBGN0036094	10	32	5	1	59	32
FBGN0040291	2	3	13	10	30	6
FBGN0052179	691	926	892	790	1158	612
FBGN0035772	7957	9586	8577	8385	11598	8381
FBGN0020388	4957	5717	6022	6233	8950	5291
FBGN0035173	112	144	86	136	202	139
FBGN0000568	37848	40619	38874	32128	41919	29240
FBGN0036974	10619	13754	13073	14068	17300	11640
FBGN0015239	6730	7241	7569	7096	10679	6635
FBGN0035462	1805	1948	1838	2068	2854	1600
FBGN0035157	771	693	809	1136	1713	971
FBGN0035148	928	1038	1094	1194	1816	1105
FBGN0001224	19053	24794	19679	30351	41107	26479
FBGN0085297	5	6	4	7	0	15
FBGN0004888	9513	11313	10613	10546	15906	9788
FBGN0037140	92	59	13	25	46	32
FBGN0041194	71	53	22	158	295	146
FBGN0260646	3	15	9	28	0	4
FBGN0036891	319	425	346	468	649	508
FBGN0010825	41247	44992	46263	45746	68389	39335
FBGN0052391	50	9	23	36	16	42
FBGN0263606	282	264	229	239	258	274
FBGN0083068	35	30	55	40	22	43
FBGN0035945	3407	3763	4298	3280	4845	2910
FBGN0037164	1973	1930	2879	1187	1822	1210
FBGN0040074	18	2	13	0	22	6
FBGN0015904	10251	11872	12494	8485	12825	7898
FBGN0035233	362	441	295	433	582	378
FBGN0035954	1678	1726	1994	1451	2366	1264
FBGN0036258	18154	20413	21143	21211	29652	18336
FBGN0286893	3	1	4	5	3	22
FBGN0040475	4368	4259	4886	5893	7775	4476
FBGN0037107	26	17	27	42	10	12
FBGN0011653	12260	12016	11515	15081	19628	12186
FBGN0002778	1351	1745	1465	1287	1548	1263
FBGN0052376	25	15	5	14	0	14
FBGN0010235	6728	8188	7503	6936	9544	6064
FBGN0053983	8	30	3	2	1	14
FBGN0035607	156	60	86	182	77	60
FBGN0035844	31609	36432	33979	19366	26088	17385
FBGN0036801	3024	3381	3676	2494	3661	2204
FBGN0052407	24	23	6	52	99	41
FBGN0036687	65	28	69	28	14	63
FBGN0035831	731	677	637	1053	1007	789
FBGN0028999	72	14	74	16	13	31
FBGN0035256	38	22	28	26	22	30
FBGN0053710	11	1	3	0	0	12
FBGN0036286	3133	3249	3088	2638	3464	2494
FBGN0036391	77	55	84	45	24	46
FBGN0040322	192	148	141	667	767	425
FBGN0035529	430	417	356	517	921	551
FBGN0036591	13	17	32	0	48	22
FBGN0037001	4677	5294	5983	6172	8800	4989
FBGN0261635	9	4	0	0	2	4
FBGN0036342	677	635	595	662	1108	575
FBGN0037076	172	312	319	475	652	310
FBGN0036498	9	8	7	0	0	20
FBGN0037008	552	637	503	788	934	602
FBGN0020637	65	28	44	214	411	164
FBGN0260965	5539	6547	5667	6741	8493	5367
FBGN0040298	1017	1469	1301	1033	1925	1033
FBGN0036366	849	991	1079	950	1229	854
FBGN0020638	60	30	29	163	320	144
FBGN0000541	68595	78783	70008	67876	90472	59342
FBGN0036263	2077	2251	2375	2121	2926	2000
FBGN0036085	9	6	6	19	4	12
FBGN0035551	151	87	53	368	308	326
FBGN0053523	2993	3107	3208	2947	3915	2393
FBGN0035577	38	71	9	84	40	67
FBGN0035656	128	115	145	206	175	172
FBGN0036629	462	348	304	424	471	252
FBGN0259163	5336	5089	5453	5874	7378	4660
FBGN0036639	23	15	0	15	20	10
FBGN0035413	10	10	2	0	0	1
FBGN0036518	8706	9631	10383	8903	14028	8477
FBGN0052039	116	173	107	92	174	120
FBGN0052198	5	19	1	135	78	234
FBGN0035383	2568	3205	3395	2828	4477	3006
FBGN0027080	6266	7444	8010	7213	10934	6203
FBGN0035889	2888	2837	2842	2802	4476	2908
FBGN0000357	13	13	15	18	9	14
FBGN0036411	29	2	24	27	18	26
FBGN0036024	26	2	23	281	254	232
FBGN0035685	0	1	3	13	1	2
FBGN0052163	258	312	366	744	959	437
FBGN0011509	2435	2860	2723	2235	2789	1790
FBGN0015946	1	2	11	3	34	3
FBGN0263599	30446	32654	34200	36181	49917	30530
FBGN0035209	543	810	688	893	1213	761
FBGN0035686	5	23	26	34	0	14
FBGN0036909	1067	1146	1022	1003	1383	1165
FBGN0035483	357	499	415	548	511	402
FBGN0036273	710	805	832	806	1226	718
FBGN0261360	4969	5898	5704	7058	9819	5180
FBGN0036999	613	872	593	680	916	679
FBGN0266124	367	439	432	405	531	382
FBGN0010352	13872	15541	16099	14296	21139	11246
FBGN0036504	24	4	11	27	22	17
FBGN0036622	16	6	17	28	5	32
FBGN0261283	14415	14323	15976	16170	23513	13976
FBGN0036020	2314	2373	2608	3262	4857	3058
FBGN0035947	8216	8844	9295	11047	15012	9948
FBGN0261799	524	527	430	461	603	456
FBGN0036940	6	11	6	18	40	2
FBGN0040809	8	0	7	6	44	4
FBGN0010830	2324	2608	2382	3067	4322	2436
FBGN0264307	627	610	629	786	883	582
FBGN0040230	6518	7496	8114	5743	7123	4513
FBGN0036522	13490	16082	15509	16041	23276	14322
FBGN0035437	6906	7771	7986	8158	11122	7076
FBGN0036872	55	21	18	22	99	77
FBGN0262484	24	4	2	0	7	17
FBGN0259785	42833	46050	47164	53252	78920	44925
FBGN0260643	2	0	0	0	7	4
FBGN0261723	60	32	33	45	1	30
FBGN0035380	4	6	4	26	3	12
FBGN0035636	52	78	74	35	16	27
FBGN0035553	446	1098	527	549	1042	460
FBGN0037185	529	689	525	651	843	530
FBGN0035583	30	25	0	10	12	13
FBGN0020642	3	8	4	127	9	89
FBGN0036574	5250	6206	6400	6425	9055	5486
FBGN0035791	8	15	5	38	2	30
FBGN0262351	7	10	1	9	8	8
FBGN0250814	6643	8107	8571	8504	12721	7528
FBGN0036000	2913	3362	3137	2681	3664	2538
FBGN0036218	40	31	26	24	14	20
FBGN0020294	14478	16001	15873	17312	24682	14825
FBGN0035824	1009	1297	1419	1274	2191	1220
FBGN0037195	15	8	33	0	64	6
FBGN0036942	49	20	23	18	9	27
FBGN0035988	554	609	530	379	308	280
FBGN0052260	90	19	60	69	40	70
FBGN0267429	19	8	35	24	15	36
FBGN0262100	35	24	26	41	3	9
FBGN0035453	59	33	32	1	43	41
FBGN0036360	58	54	6	28	73	33
FBGN0037068	0	11	3	4	0	2
FBGN0052432	124	108	67	26	107	129
FBGN0037031	1003	855	1190	957	1586	843
FBGN0263605	2086	2613	2688	2804	4172	2720
FBGN0035335	830	783	906	1014	1346	756
FBGN0036935	54	19	16	35	4	43
FBGN0040697	4	11	22	30	0	13
FBGN0036793	27	4	27	48	0	16
FBGN0260635	14496	16673	16640	16609	23278	14445
FBGN0035152	342	419	291	591	474	355
FBGN0017429	1477	1236	1581	1378	2574	1581
FBGN0052112	619	737	708	594	1051	565
FBGN0036962	22	5	9	16	0	88
FBGN0003206	2035	1974	2555	1968	3258	1884
FBGN0035665	189	122	300	2332	3297	2053
FBGN0263988	77	69	28	72	111	18
FBGN0035785	9	34	10	58	30	51
FBGN0035625	7057	12647	7013	5610	3396	7214
FBGN0035521	5	1	7	2	6	10
FBGN0004425	73	40	91	141	248	32
FBGN0036096	4544	5369	5541	6419	8821	5455
FBGN0052117	16	0	19	3	3	1
FBGN0035238	1374	1361	1392	1097	2176	1239
FBGN0016794	3968	4916	4871	4719	8439	4058
FBGN0041775	36234	38736	39504	34457	52559	32362
FBGN0259481	3759	4011	3385	3333	4172	2997
FBGN0267849	2243	2822	2584	2807	3925	2655
FBGN0042131	44	50	12	48	4	18
FBGN0036590	12	21	30	0	0	23
FBGN0053278	8	6	12	16	0	17
FBGN0260941	4286	4125	3981	2872	4486	2652
FBGN0261574	57248	68286	59621	51615	69477	47537
FBGN0001108	6696	8038	8188	6593	10532	6200
FBGN0035312	25	0	1	60	108	75
FBGN0001253	32637	48012	33325	22933	18840	30668
FBGN0260968	10	7	0	1	0	13
FBGN0036170	11	23	8	0	0	16
FBGN0036014	399	322	289	96	221	105
FBGN0036684	5472	5772	5684	4563	6968	4012
FBGN0027660	7831	8342	8951	9209	12600	7706
FBGN0052371	14	30	31	8	31	10
FBGN0035272	1406	1473	1595	1273	2289	1225
FBGN0035153	203	316	159	266	447	137
FBGN0266696	32396	34326	34602	35941	51542	31954
FBGN0035240	35	106	103	131	135	93
FBGN0264707	6359	7593	6973	6368	7637	5448
FBGN0001256	46	86	54	19	12	8
FBGN0063670	623	719	578	688	1042	676
FBGN0261294	19	4	20	0	0	0
FBGN0263034	6	17	5	3	6	18
FBGN0035888	52	51	14	31	20	92
FBGN0041171	14612	16069	16416	12904	19096	11151
FBGN0003462	5920	7111	7760	7109	9861	6758
FBGN0036279	7642	8900	9267	8281	11261	7026
FBGN0004635	337	296	412	372	316	342
FBGN0036750	100	54	10	12	1	14
FBGN0036729	20	18	0	14	39	22
FBGN0052266	6	15	14	0	5	6
FBGN0260936	14078	16279	15372	16696	24632	15419
FBGN0035743	19	15	59	63	110	54
FBGN0266101	8267	8098	8217	9765	13078	8014
FBGN0011693	9	12	12	6	8	40
FBGN0036410	123	113	33	250	225	169
FBGN0047000	13	10	5	4	0	6
FBGN0052457	38	1	9	10	0	19
FBGN0036382	239	284	254	145	300	117
FBGN0035523	6154	7028	6802	7673	8942	5719
FBGN0035563	19	0	0	10	8	12
FBGN0036417	29	111	49	4	22	25
FBGN0037199	1231	1268	1353	1459	2141	1293
FBGN0083952	192	253	265	297	410	386
FBGN0036199	679	699	756	754	1275	598
FBGN0040796	99	188	88	20	30	30
FBGN0036221	27	8	15	2	0	15
FBGN0263647	0	16	19	9	21	0
FBGN0052190	15069	17899	16436	15076	21761	14371
FBGN0010215	14963	17401	15688	16303	23291	16039
FBGN0035179	72	42	26	57	14	49
FBGN0264516	28	5	12	7	0	7
FBGN0036859	28	38	54	25	45	67
FBGN0035867	851	986	938	1369	1550	993
FBGN0036433	2135	2865	1989	949	909	946
FBGN0036598	8	3	17	0	4	0
FBGN0035969	57	34	24	36	18	47
FBGN0035750	18	4	10	4	4	12
FBGN0036225	0	14	17	2	2	10
FBGN0035687	48	37	21	20	47	46
FBGN0036705	3	2	8	3	5	4
FBGN0036918	1915	2249	2657	2511	3846	2150
FBGN0036547	7299	7777	8612	5743	8392	4816
FBGN0261858	53	78	70	142	74	109
FBGN0036466	2	11	0	2	3	13
FBGN0052277	0	8	1	6	0	13
FBGN0035228	4099	4904	5666	5123	7995	4957
FBGN0261952	5	5	23	0	2	1
FBGN0036826	219	369	342	247	695	269
FBGN0035533	9435	10974	9653	8331	11959	7807
FBGN0037206	254	278	327	335	460	331
FBGN0260987	5935	6969	5672	5938	9369	6554
FBGN0035793	13766	14755	15310	14488	20794	12706
FBGN0266084	4973	5480	5369	4377	6334	3595
FBGN0004381	862	1116	1113	805	1652	871
FBGN0028429	2159	2593	2487	2776	4070	2560
FBGN0036952	30	18	64	358	48	543
FBGN0004449	49617	51894	53528	49040	69640	40413
FBGN0042119	31	28	3	0	4	0
FBGN0036487	3267	4216	4351	3734	5222	2805
FBGN0052249	1081	544	1013	2509	2098	2984
FBGN0260396	5	8	12	2	16	9
FBGN0014011	2035	1964	2273	2220	2742	2087
FBGN0040801	605	708	965	277	170	268
FBGN0027554	2562	3069	2575	2567	3979	2492
FBGN0052192	8	2	0	2	16	0
FBGN0037036	12	5	11	14	2	5
FBGN0262896	0	2	0	0	0	0
FBGN0036556	3557	4005	3701	3718	5100	3353
FBGN0000116	45833	50412	53631	38343	50181	34976
FBGN0036381	46	114	51	106	134	66
FBGN0036191	2449	2374	2711	2101	2774	1928
FBGN0037005	131	169	227	208	317	113
FBGN0036217	19	10	3	0	2	4
FBGN0052238	22	12	11	12	4	19
FBGN0036610	2	24	29	3	18	16
FBGN0035432	3576	4043	3897	3601	5013	2771
FBGN0036195	41	22	15	8	10	25
FBGN0266441	5143	4976	5260	5289	8220	4809
FBGN0036596	33	51	38	99	210	123
FBGN0286833	132	101	77	187	230	158
FBGN0037203	50	40	44	74	31	54
FBGN0037071	576	602	515	699	728	519
FBGN0041100	502	761	641	950	1289	475
FBGN0029117	590	834	894	855	1403	894
FBGN0052203	59	61	43	39	17	54
FBGN0053170	457	533	469	443	885	634
FBGN0026570	449	539	390	1142	1557	849
FBGN0265084	36	55	95	47	12	30
FBGN0036730	24	6	20	68	76	35
FBGN0053060	6	20	3	16	0	9
FBGN0261059	2	1	6	0	18	13
FBGN0035586	682	678	751	900	1140	780
FBGN0285896	716	779	870	649	1028	597
FBGN0035393	1122	1476	895	1736	2142	1511
FBGN0288310	6158	6239	6252	6417	8508	5504
FBGN0036259	41	2	5	17	11	50
FBGN0052479	37871	40442	41276	42718	60296	35122
FBGN0035776	20	30	16	26	5	26
FBGN0036752	121	87	94	205	79	93
FBGN0052320	90	32	25	9	22	36
FBGN0036058	4292	4533	5127	4800	5793	3800
FBGN0036053	2814	2983	3061	4081	5939	3349
FBGN0036178	2	19	4	0	0	0
FBGN0037106	2364	2805	2844	2713	3157	2700
FBGN0035268	3441	3365	4127	4164	5697	3375
FBGN0035216	57	0	6	4	16	22
FBGN0037181	1716	1759	4129	9593	23590	1944
FBGN0035876	372	412	259	228	399	203
FBGN0035788	33	18	16	4	32	2
FBGN0035675	376	431	470	717	1089	594
FBGN0086694	17698	19113	19682	16669	27101	16394
FBGN0036029	25	5	46	2	5	1
FBGN0035294	3921	3941	4118	3704	6031	4482
FBGN0023129	343	590	283	94	102	110
FBGN0011828	1141	978	797	991	1932	1118
FBGN0261402	63	35	30	25	11	17
FBGN0036881	61	69	26	62	36	73
FBGN0035574	5484	5867	5811	5752	8050	4973
FBGN0037011	724	1007	1154	1122	1995	1039
FBGN0058470	20	49	49	43	66	52
FBGN0085485	21	10	13	4	0	0
FBGN0013303	1794	1684	1806	2164	2712	1849
FBGN0036220	18	10	14	2	0	14
FBGN0035741	14	21	12	23	20	50
FBGN0000121	43	70	33	46	175	63
FBGN0028695	21435	24088	25000	23053	34014	20379
FBGN0035694	13	2	0	11	3	1
FBGN0035370	30828	33366	33309	31104	50878	35132
FBGN0052100	1270	1691	1447	1091	2087	1205
FBGN0037120	2022	2231	2235	2433	3120	1912
FBGN0035444	230	300	310	186	373	202
FBGN0259175	3612	3664	3580	2627	4088	2177
FBGN0016034	126	146	105	160	265	133
FBGN0053796	40	13	12	7	7	9
FBGN0036810	35	12	19	22	14	24
FBGN0035742	10	4	15	0	0	10
FBGN0035409	13	0	27	0	1	0
FBGN0036621	8371	9117	9112	7563	10377	6850
FBGN0020655	5406	5975	6302	3860	6213	4183
FBGN0001227	5199	7113	6297	8403	10429	7501
FBGN0035166	1105	1033	1096	1327	1484	1545
FBGN0042185	1165	1460	1322	973	1512	869
FBGN0004870	165	274	271	193	205	207
FBGN0036421	32	6	4	4	5	0
FBGN0028789	1625	1820	2404	1977	3134	1790
FBGN0036742	116	46	75	99	77	92
FBGN0036131	25	34	0	0	9	0
FBGN0015283	9983	11254	10961	11641	16685	11001
FBGN0035422	86007	99847	104272	83265	122715	84321
FBGN0262030	7	9	0	0	0	1
FBGN0085298	25	6	5	14	26	10
FBGN0085458	30	4	5	17	1	5
FBGN0036804	967	1113	1162	1853	2175	1244
FBGN0036663	14281	14449	16215	17053	25042	13548
FBGN0013753	4564	4561	5115	4801	7332	5423
FBGN0037024	3057	3351	3960	3516	5454	3158
FBGN0264305	2838	3081	3513	2740	3780	2719
FBGN0036040	413	419	382	335	457	228
FBGN0036681	27	2	9	0	2	13
FBGN0035517	678	850	883	848	1298	849
FBGN0052219	27	5	4	4	0	12
FBGN0035550	80	104	729	166	437	47
FBGN0052284	40	12	15	33	48	23
FBGN0250848	16374	18110	20163	18796	25342	15403
FBGN0036614	1994	2258	2025	1888	2590	2047
FBGN0037146	75	108	114	403	594	187
FBGN0052241	541	164	318	2220	1951	3383
FBGN0263600	5180	5982	5807	5795	8500	4748
FBGN0036448	16791	18414	17954	18981	25408	16027
FBGN0052271	15	16	4	1	19	1
FBGN0016983	20905	23336	23007	25234	36913	24233
FBGN0028484	4162	4165	4482	3874	5759	3881
FBGN0047038	1262	1578	1696	2102	3286	1820
FBGN0052374	34	4	23	1	36	6
FBGN0035299	26	6	37	7	38	7
FBGN0026738	2070	2670	2495	3044	4511	3052
FBGN0027547	3277	3541	3529	3788	5194	3573
FBGN0037085	7	5	25	17	24	16
FBGN0264747	15	19	18	2	0	9
FBGN0004926	18456	21798	19434	22222	32104	22493
FBGN0035464	9824	10941	10445	11595	15545	9533
FBGN0013799	4715	4904	5051	4206	6105	4069
FBGN0014163	80460	87904	92268	62627	95965	61819
FBGN0035434	12	54	57	13	22	1
FBGN0263602	775	941	951	1160	1632	752
FBGN0035513	88	86	71	74	147	60
FBGN0036569	994	1357	1397	1582	2632	1226
FBGN0026259	23708	27370	26438	25533	38810	24566
FBGN0027552	805	810	738	513	912	492
FBGN0001320	2971	2830	3242	2626	3862	2561
FBGN0014037	17305	17889	17503	14815	22673	13516
FBGN0001168	3841	4409	5304	4913	6806	3996
FBGN0036390	0	2	4	0	0	0
FBGN0085280	7	17	3	0	27	28
FBGN0037182	7318	8147	8778	8699	11981	7175
FBGN0283472	7437	7816	8274	8702	12662	7827
FBGN0036310	20	20	25	0	10	24
FBGN0036287	883	1242	915	643	972	705
FBGN0035388	7242	8018	8478	6716	9353	6545
FBGN0261633	0	2	8	4	0	1
FBGN0011206	200	168	162	184	340	214
FBGN0036588	26	8	2	0	0	26
FBGN0262022	0	0	0	0	9	1
FBGN0035593	2909	3454	3436	3603	5257	3230
FBGN0027843	105	55	138	341	370	120
FBGN0043806	11	21	11	47	35	52
FBGN0036089	15	4	22	16	0	2
FBGN0040296	318	374	313	368	574	285
FBGN0035663	8	15	0	0	0	10
FBGN0035478	8	0	9	0	24	19
FBGN0035375	2313	2847	2800	2257	3757	1839
FBGN0052177	1597	1712	2112	1889	2793	1424
FBGN0266709	138	125	175	48	181	78
FBGN0036124	7240	8758	8561	9266	13419	9220
FBGN0262007	13	14	26	24	24	20
FBGN0020389	2409	2409	2461	2140	3126	1649
FBGN0040694	2	1	6	0	9	13
FBGN0052243	2537	3224	2651	2921	3589	2439
FBGN0087007	26898	30692	28291	27648	38762	24509
FBGN0266918	1612	1598	1846	1791	2142	1490
FBGN0004373	16293	18048	16639	15798	23812	14289
FBGN0261832	0	6	11	24	25	1
FBGN0021760	12339	14354	14822	14731	20711	12465
FBGN0036181	321	546	415	1095	1301	3191
FBGN0000109	150	237	202	259	385	265
FBGN0020300	595	714	583	610	823	625
FBGN0053703	0	6	0	12	0	11
FBGN0036905	15	0	10	32	11	20
FBGN0004895	7	8	13	20	0	1
FBGN0035756	153	67	15	67	39	87
FBGN0053287	58	50	30	46	48	88
FBGN0035649	48	21	12	74	73	38
FBGN0035382	33	16	5	1	16	25
FBGN0286933	4	3	3	0	0	0
FBGN0040794	0	1	12	0	0	28
FBGN0035907	725	828	814	689	1099	899
FBGN0036659	41	21	32	95	16	42
FBGN0003741	1161	1319	1084	1563	2068	1600
FBGN0020639	19	1	0	21	16	24
FBGN0010762	24423	24093	25867	19493	26909	17325
FBGN0036206	98	29	39	74	45	77
FBGN0261112	1378	1810	1740	2051	2871	1906
FBGN0035674	949	1055	835	939	1409	735
FBGN0004179	7418	7217	8754	6488	9760	6190
FBGN0052343	1920	2243	2309	2342	2928	2210
FBGN0010741	3865	4338	3881	4614	7484	5687
FBGN0053986	17	3	3	2	0	4
FBGN0003377	125	1640	135	195	148	182
FBGN0085285	37	21	45	59	109	20
FBGN0086690	12787	13948	12943	16132	21772	13969
FBGN0037050	183	160	162	239	214	134
FBGN0250849	1	0	1	15	0	6
FBGN0260960	1577	1586	1789	1620	2499	1526
FBGN0083978	2241	2901	2892	2053	2805	2058
FBGN0036671	3040	3421	3536	3620	4635	3341
FBGN0036731	14	23	0	15	24	12
FBGN0035384	10	3	4	13	12	7
FBGN0035786	8	3	0	10	36	44
FBGN0036449	246	198	210	165	235	156
FBGN0036298	3573	4304	4227	4772	7260	4184
FBGN0013469	7176	8603	7928	6566	8801	5710
FBGN0035112	11	1	20	10	20	42
FBGN0259164	62	61	50	13	50	67
FBGN0036712	28	39	19	72	0	26
FBGN0263392	139184	143307	149310	134091	200672	118206
FBGN0025592	1770	2029	1867	2147	3152	1719
FBGN0037014	80	64	73	98	49	39
FBGN0036509	3044	3756	3683	2681	3977	2595
FBGN0036679	7	0	4	7	5	2
FBGN0035631	5210	6268	5526	6586	9314	5856
FBGN0025676	1755	2337	1995	3095	3910	2544
FBGN0036356	452	570	775	817	859	664
FBGN0036474	106	82	94	191	196	76
FBGN0000560	142	181	160	230	411	320
FBGN0035868	63	55	79	79	147	143
FBGN0037009	774	1431	1016	1193	1303	952
FBGN0035679	882	949	1165	979	1428	1039
FBGN0036754	1899	2436	1993	2913	3722	2053
FBGN0003415	25910	28862	27150	27470	37103	22460
FBGN0036441	3	1	0	2	6	26
FBGN0037109	13755	14578	15920	14276	22828	13208
FBGN0035771	10366	11632	12232	11737	16938	10346
FBGN0036789	99	253	326	30	1	35
FBGN0052056	3894	4651	4678	3633	4294	2853
FBGN0036829	46	71	17	23	79	40
FBGN0260459	8	6	7	62	0	3
FBGN0036707	60	19	44	40	12	60
FBGN0035780	4	15	13	40	0	12
FBGN0011455	3029	3756	3536	4114	5652	3604
FBGN0261674	1730	1554	1812	1017	1287	879
FBGN0037116	3888	4077	4356	4024	6026	3996
FBGN0036732	6447	6998	8145	9055	13885	7362
FBGN0011769	530	555	407	552	663	284
FBGN0040239	355	428	346	487	360	345
FBGN0017578	2438	2760	2339	2819	4224	2952
FBGN0036154	40	9	4	22	57	14
FBGN0085736	1920	2786	2178	2012	2556	1907
FBGN0287590	367	518	439	773	944	701
FBGN0036023	17	21	35	26	33	13
FBGN0266452	8398	10240	10347	11087	16002	9442
FBGN0035996	286	373	372	364	472	319
FBGN0262581	8	5	0	0	13	8
FBGN0036862	1668	1528	1888	726	1257	816
FBGN0020248	20	17	40	21	30	16
FBGN0052058	59	13	16	84	38	0
FBGN0264606	118	56	77	81	48	79
FBGN0287186	138	73	13	28	38	57
FBGN0036519	1119	1225	1096	970	1508	1011
FBGN0035149	1336	1320	1414	1121	2363	1141
FBGN0036336	1040	1159	935	1033	1206	952
FBGN0259916	149	198	212	207	312	184
FBGN0052212	31	22	14	23	79	31
FBGN0264561	13477	15140	15509	13047	18875	12068
FBGN0036667	689	828	542	748	856	613
FBGN0036603	8	9	7	10	12	34
FBGN0261562	3028	2836	3065	3179	4047	2566
FBGN0259971	7	3	0	0	0	0
FBGN0036929	3813	4714	3971	4349	5662	4101
FBGN0004401	51774	55870	57058	53494	80535	50120
FBGN0036184	1326	1379	1605	1834	2310	1875
FBGN0035197	23	13	3	14	32	0
FBGN0027364	10	38	16	13	17	9
FBGN0035617	12943	15147	13219	14777	20227	13048
FBGN0040798	6	8	3	1	4	11
FBGN0035134	24	15	27	20	22	48
FBGN0035871	3882	4217	3874	3833	5426	3965
FBGN0036868	36	3	5	0	42	7
FBGN0002284	10833	12270	12335	10214	14005	8916
FBGN0036770	609	674	556	835	921	648
FBGN0023197	32	2	6	26	4	45
FBGN0287585	2651	2825	3709	3744	4850	2893
FBGN0263036	13	29	2	44	10	9
FBGN0035678	193	256	170	501	546	432
FBGN0036698	332	453	274	339	404	321
FBGN0035287	132	76	143	45	26	39
FBGN0053771	0	0	10	0	0	14
FBGN0035847	36	26	26	43	20	19
FBGN0052071	20	1	4	15	0	19
FBGN0004590	26	18	2	2	0	45
FBGN0036996	111	34	216	1219	3425	510
FBGN0028427	2571	2591	2681	2913	4036	2707
FBGN0035816	598	505	641	87	75	124
FBGN0001226	54598	70932	60266	42905	57662	50121
FBGN0053688	7	6	11	2	2	7
FBGN0035477	61	32	55	61	58	44
FBGN0004513	142	121	137	97	154	70
FBGN0036099	3498	3814	4161	3285	4918	2999
FBGN0036136	2246	2527	2675	2535	3970	2297
FBGN0022774	231	422	265	514	635	384
FBGN0035853	4587	4731	4825	4790	7128	4688
FBGN0036052	2288	2578	2663	2720	3845	2088
FBGN0035481	27	12	74	10	56	22
FBGN0287696	1872	2025	2080	2353	3514	1793
FBGN0054039	442	551	487	737	1002	625
FBGN0014073	1390	1313	1466	2298	3578	2157
FBGN0262035	51	109	30	215	260	134
FBGN0036985	2504	1379	2775	2565	2680	2589
FBGN0036908	6101	7314	6774	7116	8840	6813
FBGN0037045	251	220	221	360	429	244
FBGN0035612	22987	26280	20883	20409	23325	20240
FBGN0052453	24	9	38	17	8	3
FBGN0035318	3295	3331	3569	3619	6322	2849
FBGN0052087	66	18	26	14	4	24
FBGN0004852	94	64	115	196	129	190
FBGN0040832	9	13	32	14	0	0
FBGN0010417	4384	4739	5447	5510	8204	4406
FBGN0261934	43292	47057	44108	45997	65872	39173
FBGN0044050	29	2	0	0	9	30
FBGN0262855	11	2	4	6	0	0
FBGN0036266	748	862	724	671	716	698
FBGN0025582	18022	20076	20878	20025	27224	15768
FBGN0035866	977	1007	865	774	1562	779
FBGN0036821	578	700	540	769	771	747
FBGN0259720	1384	1407	1538	1554	2226	1563
FBGN0036760	434	630	557	860	1017	701
FBGN0023479	586	451	287	1410	1592	1440
FBGN0037172	1	5	1	1	0	0
FBGN0063485	14304	15740	15501	12766	17217	11414
FBGN0035737	494	571	501	263	244	439
FBGN0052103	4670	5344	5382	5959	8635	5446
FBGN0261090	54	32	34	12	1	37
FBGN0035823	0	31	17	6	40	8
FBGN0036941	19	29	21	25	0	8
FBGN0037065	21	16	12	4	74	41
FBGN0036579	726	710	827	847	900	586
FBGN0259969	2	0	1	0	0	1
FBGN0001216	44	33	7	14	10	14
FBGN0036500	2428	2997	2410	3375	4219	2759
FBGN0035779	33	10	6	23	1	17
FBGN0000594	37	34	50	21	44	22
FBGN0263831	1442	1500	1415	1464	1772	1257
FBGN0037163	31	27	5	50	56	56
FBGN0011327	7127	9090	8331	7856	11558	7165
FBGN0036811	1930	2299	2785	3277	4261	2842
FBGN0026320	5536	6350	6712	5177	6733	4063
FBGN0036994	1939	2072	2337	2530	3287	2194
FBGN0261445	3702	4058	3459	4106	5628	3893
FBGN0005533	121680	138819	140395	119356	179696	117214
FBGN0035942	994	1214	1065	1086	1324	756
FBGN0259739	16	12	7	24	8	1
FBGN0043025	41	38	4	48	8	27
FBGN0261565	7997	9337	8466	8459	12615	7584
FBGN0259174	8110	8597	8786	9235	11771	7605
FBGN0052436	130	82	108	84	98	124
FBGN0036237	4058	4985	4772	4557	5759	4101
FBGN0004589	4	6	4	0	0	3
FBGN0036377	20	26	8	88	26	26
FBGN0262719	15564	16161	17204	16757	26219	14352
FBGN0035936	1101	1066	1179	774	1333	792
FBGN0003089	3240	3203	3114	1290	1507	1476
FBGN0027339	29281	28918	31421	29236	46285	26763
FBGN0036022	15	4	14	10	10	18
FBGN0003710	73	36	39	43	14	23
FBGN0037150	2288	3235	3122	1898	2946	2042
FBGN0035861	20	21	4	11	16	33
FBGN0011569	107	38	17	12	38	8
FBGN0264696	3	4	3	0	0	5
FBGN0262813	11	6	6	0	0	11
FBGN0036915	7533	8707	9331	7912	12145	7857
FBGN0052095	1134	1080	1118	1585	1917	972
FBGN0052152	2177	2205	1430	2071	3263	1570
FBGN0035285	1695	1716	1728	1623	1927	1334
FBGN0026263	9489	11143	9752	6554	9620	7358
FBGN0259243	3677	4091	3999	5113	5949	3640
FBGN0052301	4	32	12	6	5	69
FBGN0005694	4688	5002	4898	4494	6643	4943
FBGN0001228	15	32	13	16	177	8
FBGN0035916	1425	1447	1562	1488	2395	1520
FBGN0263241	528	545	771	885	1283	719
FBGN0035720	36465	39648	40555	41284	60642	37916
FBGN0036490	2	3	19	8	21	4
FBGN0085277	13	11	30	0	14	2
FBGN0287184	230	181	154	433	713	418
FBGN0036924	7	11	1	32	50	21
FBGN0035263	26	6	2	17	0	7
FBGN0266962	5	1	0	3	0	2
FBGN0035762	2042	2554	2455	2517	3488	2132
FBGN0036668	16487	18050	17250	16107	24073	15711
FBGN0036527	32	23	39	10	0	13
FBGN0035800	39	9	30	36	53	21
FBGN0286941	13	4	9	0	0	0
FBGN0040020	823	1427	1118	1459	1725	1238
FBGN0036775	3036	3045	3217	3270	4838	2565
FBGN0001254	203864	273076	214609	83008	73371	94989
FBGN0036676	106	79	56	23	6	18
FBGN0262524	260	291	338	994	1045	874
FBGN0263352	15642	17234	15107	14193	18770	11847
FBGN0052085	28	15	42	21	13	22
FBGN0035246	61	56	158	13	99	32
FBGN0035187	15	20	33	31	10	39
FBGN0035470	1101	1362	1165	1369	2150	1128
FBGN0041231	18	4	20	1	1	18
FBGN0262986	11	2	0	2	40	0
FBGN0052311	12953	11889	13056	21382	33853	17624
FBGN0053159	11	9	8	4	30	15
FBGN0035918	3156	3075	3588	3064	4659	2817
FBGN0036977	10	14	21	58	17	10
FBGN0035584	10	10	4	0	10	8
FBGN0037179	24	3	24	0	0	1
FBGN0036856	1261	1462	1472	1688	1970	1272
FBGN0035690	3766	3821	4325	3817	5890	3549
FBGN0036436	4604	6594	5519	3164	4014	3421
FBGN0015919	12343	13724	15673	12285	18244	10245
FBGN0036332	382	439	522	734	777	519
FBGN0004228	6	3	0	3	17	1
FBGN0263973	142	49	70	70	101	67
FBGN0052208	31	43	48	67	142	54
FBGN0052228	65	16	36	23	26	28
FBGN0035227	6629	7115	6874	8885	12307	7177
FBGN0037127	875	614	824	1539	2927	1320
FBGN0036368	116	51	174	185	79	162
FBGN0052406	38	10	29	18	49	6
FBGN0035975	111	135	65	60	70	32
FBGN0036816	3766	4231	3620	3898	5367	3434
FBGN0035097	44	14	4	1	10	8
FBGN0052029	978	1001	1162	981	1250	873
FBGN0053912	30	1	2	25	0	4
FBGN0000565	1982	2059	2084	3000	3562	2477
FBGN0001085	13940	15060	15546	13082	16795	10550
FBGN0035253	20021	21955	22364	22358	35843	22742
FBGN0035281	27	11	17	146	104	96
FBGN0036764	1448	1296	1700	1551	2493	1515
FBGN0035856	25	11	8	116	102	28
FBGN0029002	24017	29636	26449	27287	37587	26772
FBGN0036777	305	339	348	301	387	375
FBGN0036512	2344	2904	2727	2681	3371	2406
FBGN0036075	20	9	15	0	9	10
FBGN0267796	1508	1507	1383	1023	1687	977
FBGN0035196	27	5	14	0	10	10
FBGN0004569	1206	1400	1305	1315	2199	1014
FBGN0037017	396	417	318	594	760	432
FBGN0052262	164	105	80	94	97	141
FBGN0036396	648	936	758	718	1140	614
FBGN0036186	367	279	319	579	857	619
FBGN0036795	112	87	75	24	5	19
FBGN0036428	554	862	511	788	1022	1097
FBGN0054002	79	106	56	46	27	58
FBGN0036900	1369	1397	1501	1895	2328	1620
FBGN0025525	5716	6209	6510	3265	5162	3767
FBGN0042179	16	31	11	65	56	41
FBGN0035875	21	23	2	0	10	27
FBGN0035491	2	4	3	3	0	4
FBGN0011016	5954	6384	6912	5983	8480	5462
FBGN0264492	7092	9047	7071	9201	12703	8797
FBGN0035760	185	304	264	435	480	203
FBGN0035890	717	919	963	1108	1397	1041
FBGN0036389	11475	12020	12037	12838	17837	12228
FBGN0035499	7883	7608	8709	10913	16206	8987
FBGN0035344	58	28	40	88	36	94
FBGN0035710	6219	5899	6815	10935	14663	8604
FBGN0264552	11	1	4	0	0	1
FBGN0035851	3541	4295	3947	4581	5848	3577
FBGN0036488	683	738	733	768	1243	752
FBGN0035642	98	70	50	72	6	33
FBGN0035995	2021	2521	2770	2233	3281	1770
FBGN0036870	34	20	19	41	0	29
FBGN0035217	7	35	39	39	13	0
FBGN0035626	41	35	15	8	48	55
FBGN0036827	2548	2682	2667	2704	4099	3104
FBGN0085481	63	5	0	2	12	1
FBGN0047330	1	11	2	5	0	15
FBGN0085284	633	824	681	1337	1182	910
FBGN0010280	25141	27082	26839	29227	41866	24731
FBGN0037147	36	58	4	40	20	37
FBGN0036606	25	66	27	10	32	19
FBGN0036706	6	9	14	12	0	11
FBGN0036484	2079	2466	2384	2912	4419	2427
FBGN0025712	7	4	3	17	4	11
FBGN0036537	2584	3347	3483	4109	6285	3711
FBGN0036254	3493	4424	3671	4792	7191	4344
FBGN0262891	3	1	6	14	4	7
FBGN0028567	10	2	3	0	22	0
FBGN0259791	1512	1506	1640	1458	2543	1489
FBGN0085271	97	46	57	140	201	87
FBGN0015033	23	26	12	51	29	17
FBGN0037063	539	674	909	788	802	593
FBGN0035541	3321	4310	3897	3448	5446	3632
FBGN0004430	93	37	35	874	1981	433
FBGN0259794	18	65	18	24	18	82
FBGN0035165	8858	9056	9513	8549	11354	7339
FBGN0004379	9077	9544	9736	9850	12651	8476
FBGN0036063	591	644	762	639	631	670
FBGN0043577	3	8	8	3	2	27
FBGN0086706	16264	18777	19834	17529	25302	14846
FBGN0003149	853	625	519	2490	3653	2136
FBGN0025807	966	1323	995	1744	2416	1514
FBGN0036090	584	766	696	935	1164	795
FBGN0260755	633	430	573	579	716	697
FBGN0036147	3167	3710	3981	3974	4962	3750
FBGN0260985	5471	5816	6698	8862	11744	6931
FBGN0035624	1460	1456	1380	1797	2126	1350
FBGN0015766	39548	42766	43130	44467	67030	41339
FBGN0286051	4156	4180	4654	5308	8045	4366
FBGN0037019	1209	1333	1341	1582	1818	1303
FBGN0000414	12907	13481	14599	13306	19263	11285
FBGN0014143	33	3	72	10	11	38
FBGN0035703	862	886	766	786	1041	587
FBGN0036224	14	14	9	20	0	13
FBGN0053288	56	37	118	89	56	97
FBGN0260795	2892	3189	3539	4518	6783	3729
FBGN0020633	11817	11670	12209	14953	22631	12419
FBGN0036309	2680	3260	3081	3152	3882	2928
FBGN0023094	3814	3955	4112	4094	5417	3236
FBGN0035917	422	353	194	1176	1884	1058
FBGN0287182	37011	44028	36635	43764	61073	42692
FBGN0036486	9085	10038	10155	10431	14707	9390
FBGN0004552	5	44	18	79	194	6
FBGN0044028	5536	5513	5574	4250	6779	4504
FBGN0250789	73159	79428	84445	79478	120774	71014
FBGN0036246	12	8	3	10	0	4
FBGN0265089	2	7	14	17	1	13
FBGN0035154	52	5	5	24	36	29
FBGN0036066	21	3	22	50	38	91
FBGN0286567	6899	7611	7616	8442	11119	6599
FBGN0035900	2098	2345	2541	2246	3154	1852
FBGN0264478	4	13	0	13	0	1
FBGN0029167	2021	1670	1613	4004	5302	3706
FBGN0035231	65	16	73	86	79	33
FBGN0035515	2533	3023	2601	4773	6826	3961
FBGN0010333	5668	5481	6529	6500	8428	5027
FBGN0044049	2	0	21	4	1	4
FBGN0035880	331	433	421	373	580	339
FBGN0266347	53	46	30	30	33	37
FBGN0035141	903	1222	1195	1542	1746	1172
FBGN0005536	16828	18653	17864	16397	25959	14863
FBGN0028500	3596	4240	4525	4770	6571	3669
FBGN0035121	44930	52042	51130	42976	64862	38394
FBGN0262529	10	12	1	2	0	11
FBGN0053269	7	7	5	2	2	1
FBGN0053647	11	3	0	0	4	5
FBGN0036107	513	807	497	572	950	783
FBGN0263387	11	0	1	0	0	4
FBGN0010894	2878	3568	3452	3063	4133	2829
FBGN0035169	569	887	818	757	976	831
FBGN0035872	18098	18068	20088	18628	26710	15695
FBGN0085411	303	308	379	477	935	628
FBGN0261361	2114	2306	2491	1972	2957	1802
FBGN0035641	75	166	104	14	14	38
FBGN0035726	3956	5311	4887	4626	6882	4203
FBGN0260442	22839	24953	26376	24810	36159	21739
FBGN0085447	244	147	163	225	170	206
FBGN0003378	230	1819	169	49	76	40
FBGN0036850	898	1177	1116	1452	1941	1213
FBGN0028663	630	843	996	1235	1381	855
FBGN0036282	31	64	90	33	62	65
FBGN0004052	7	8	1	0	0	12
FBGN0036462	2339	2784	3229	2864	4669	2998
FBGN0052396	142	190	72	62	135	50
FBGN0036007	3577	4658	4324	4096	5201	3635
FBGN0052259	2	8	14	1	0	5
FBGN0037186	157	117	152	233	398	174
FBGN0036300	583	552	560	517	731	652
FBGN0036583	31	16	36	61	15	8
FBGN0052073	35	1	5	0	0	0
FBGN0000411	53	42	41	87	4	34
FBGN0035140	545	498	604	700	911	653
FBGN0003042	3066	3622	3643	3324	4555	2854
FBGN0085300	6	1	0	0	0	26
FBGN0035458	144	272	125	148	108	107
FBGN0035812	3315	4127	3732	3917	5418	3212
FBGN0041147	2230	2276	1811	2111	2826	1941
FBGN0035293	106	129	161	73	210	183
FBGN0053285	525	552	554	616	802	451
FBGN0262623	2	0	0	0	0	0
FBGN0052109	440	414	555	895	1052	653
FBGN0036072	26	19	5	28	46	7
FBGN0004623	20	7	16	20	18	18
FBGN0052305	89	36	48	110	51	95
FBGN0035827	811	985	646	847	1041	864
FBGN0035708	65	34	3	78	26	52
FBGN0036161	0	9	14	10	38	22
FBGN0036825	52587	60389	61700	52773	75926	47333
FBGN0036969	10	6	6	5	12	32
FBGN0036534	19249	20636	20836	21684	30616	20634
FBGN0046296	650	742	848	726	1091	727
FBGN0035879	4389	4343	4980	4936	6544	3938
FBGN0045759	48	32	13	24	21	41
FBGN0035727	48	26	12	28	59	40
FBGN0037124	17	3	3	21	61	8
FBGN0036294	51	15	15	8	28	15
FBGN0036353	878	862	931	978	1516	806
FBGN0035733	26	16	6	20	35	25
FBGN0052110	244	367	332	254	414	228
FBGN0035449	1158	1201	1207	1096	1418	1015
FBGN0003250	29	15	7	15	20	29
FBGN0035181	2146	2481	2450	2751	4283	2553
FBGN0266417	16	30	10	106	67	68
FBGN0283649	2287	2554	2651	2681	4107	2539
FBGN0260655	5295	5779	5807	5170	7332	4615
FBGN0004636	3918	4722	4891	3927	6407	4010
FBGN0035488	2770	3620	3053	3112	4259	2791
FBGN0037121	1783	2133	1769	2018	3483	2425
FBGN0037073	9689	11849	11623	13238	20502	11569
FBGN0035512	22	9	39	8	17	30
FBGN0035568	26	18	7	8	14	22
FBGN0052026	3055	4106	3497	2764	4437	2686
FBGN0040512	2647	3353	3651	3706	5043	3318
FBGN0263219	4008	4075	4167	67	82	110
FBGN0026189	19410	20095	20101	17466	23588	14781
FBGN0040814	7	0	0	1	0	15
FBGN0052461	40	43	3	33	25	30
FBGN0003486	8	28	18	30	16	50
FBGN0052383	8	10	4	30	0	30
FBGN0029114	21255	22725	24097	21903	31790	19085
FBGN0052441	2103	2303	2122	1825	2919	1836
FBGN0026593	19	3	17	8	20	39
FBGN0035718	21	4	26	11	17	35
FBGN0052373	2084	2201	2283	339	564	352
FBGN0036460	3024	3418	3229	3904	5662	3803
FBGN0035537	219	272	139	414	439	299
FBGN0053258	92	69	55	20	66	15
FBGN0036528	39	15	18	0	28	34
FBGN0053795	9	28	28	4	32	40
FBGN0035792	12	22	4	10	12	26
FBGN0037135	27136	29522	34269	32978	48684	28647
FBGN0026160	32153	35051	35008	24329	35009	22637
FBGN0066365	43	23	14	10	65	24
FBGN0040323	4030	5017	5127	4090	5032	3360
FBGN0036093	7	14	0	6	0	8
FBGN0035722	641	753	876	882	1059	710
FBGN0259933	400	466	400	450	579	414
FBGN0036043	2994	3199	2871	3321	4835	3121
FBGN0260480	100	124	65	121	100	59
FBGN0037074	7510	8049	8033	8790	12398	7404
FBGN0260434	15	0	10	32	10	20
FBGN0015278	11020	11581	11936	10860	15210	9220
FBGN0035104	377	288	376	283	272	158
FBGN0035873	12	4	16	1	19	10
FBGN0035241	116	144	135	387	327	217
FBGN0035696	3476	4838	4409	4519	5953	4017
FBGN0053257	8	2	7	13	16	18
FBGN0035405	2446	2533	2838	2371	3394	2227
FBGN0036228	27	2	27	16	0	17
FBGN0035693	378	427	496	355	587	354
FBGN0287592	17	34	24	49	28	23
FBGN0262787	5	4	0	4	2	0
FBGN0036923	25	54	25	18	1	64
FBGN0037003	412	608	399	670	779	596
FBGN0035639	2274	2350	2507	3216	4685	2889
FBGN0036005	832	1216	1024	1027	1226	790
FBGN0263249	3	2	4	0	0	9
FBGN0037202	2053	2312	2975	2931	3599	3062
FBGN0036990	1885	2222	2549	2274	3531	2337
FBGN0035282	21	3	8	11	0	10
FBGN0036735	8046	9362	9425	11211	14557	9494
FBGN0036896	10552	11431	11020	9552	15104	9366
FBGN0261341	25902	26101	31309	30111	42931	24942
FBGN0052250	895	962	1089	911	1574	902
FBGN0013563	1289	1202	1231	1216	1720	1189
FBGN0087040	20	23	39	25	6	62
FBGN0262517	10066	11662	10896	11366	15383	10761
FBGN0035482	1227	1377	1299	1262	2062	1120
FBGN0036423	300	351	369	376	440	454
FBGN0288470	6131	6651	6335	7050	9697	6500
FBGN0052105	31	42	5	3	13	79
FBGN0037169	20	3	13	8	1	22
FBGN0036108	136	75	189	38	52	26
FBGN0040318	37	33	7	23	8	9
FBGN0035315	1	0	2	4	0	0
FBGN0035436	2358	2240	2466	2469	3217	2258
FBGN0036695	393	667	491	600	947	535
FBGN0036728	3582	3815	4675	4586	6473	4402
FBGN0040281	37	29	48	1	14	36
FBGN0036080	60	22	0	0	0	1
FBGN0036697	796	1000	903	1056	1551	933
FBGN0036329	52	17	23	23	10	15
FBGN0052061	17	1	3	0	6	0
FBGN0026630	2440	2334	2569	2856	3837	2482
FBGN0000355	5	5	8	3	0	7
FBGN0036703	12	0	16	0	0	16
FBGN0037051	12448	14009	15096	16116	23623	15051
FBGN0262366	17	24	18	8	14	6
FBGN0035647	102	26	51	23	29	28
FBGN0037090	36	12	35	61	20	34
FBGN0013811	488	359	355	405	736	462
FBGN0036365	10131	10937	11361	11070	16754	9882
FBGN0036662	1314	1441	1458	873	1424	808
FBGN0036993	51	10	30	8	96	16
FBGN0035252	1993	2454	2328	1957	2929	1862
FBGN0052451	9539	11078	10476	11145	15264	10032
FBGN0037016	1421	1669	2121	1698	2084	1267
FBGN0085483	51	67	41	36	126	8
FBGN0036599	860	834	1247	3696	5470	2104
FBGN0002775	3667	4040	3829	4618	6479	4086
FBGN0036857	76	89	26	165	200	137
FBGN0262854	165	189	93	101	121	160
FBGN0035407	610	614	516	758	1133	469
FBGN0010424	208	189	181	843	1042	684
FBGN0036503	4	0	2	5	0	14
FBGN0024236	6067	6463	7879	6943	9739	6233
FBGN0035247	1020	1138	1021	1522	2150	1251
FBGN0013755	11	7	2	6	0	7
FBGN0250833	1	11	0	20	34	14
FBGN0010317	10	37	21	18	21	24
FBGN0261111	829	943	937	952	1464	1129
FBGN0040290	4019	3742	4054	4998	6383	3923
FBGN0002466	23068	24629	25708	32200	49199	28272
FBGN0019644	7973	8542	9804	8233	12671	7778
FBGN0011293	21	3	0	25	0	16
FBGN0001233	186118	219244	217873	174910	265553	149268
FBGN0037059	17	10	7	23	39	25
FBGN0001179	4328	5118	4990	4110	6022	3688
FBGN0036849	23	12	50	46	116	6
FBGN0042134	60490	64683	69050	64131	93456	54977
FBGN0035162	32847	36403	38356	34590	48011	28741
FBGN0010431	45	45	46	53	136	66
FBGN0036532	0	5	3	0	0	0
FBGN0011279	5	9	19	0	30	0
FBGN0036882	451	445	292	131	251	161
FBGN0036117	596	539	525	645	960	542
FBGN0052062	12959	13386	15282	12115	19056	9969
FBGN0035356	186	228	220	306	315	222
FBGN0035213	5475	6426	5760	6421	9051	5377
FBGN0002638	13110	14568	14241	18100	24443	15896
FBGN0042641	1419	1337	1734	1714	1845	1178
FBGN0036345	6	2	10	0	1	0
FBGN0001208	150	148	89	193	570	224
FBGN0035431	70	182	135	162	214	94
FBGN0036605	126	52	108	431	576	351
FBGN0036230	72	41	6	51	12	44
FBGN0035412	22	28	0	945	1363	863
FBGN0085287	4	3	3	9	0	0
FBGN0040786	124	133	126	114	271	143
FBGN0052106	91	47	23	38	56	62
FBGN0052170	824	1023	651	1064	1373	792
FBGN0037060	135	104	181	213	340	223
FBGN0263326	8	0	1	1	0	1
FBGN0260997	225	214	192	1045	1769	1047
FBGN0035976	357	515	507	167	171	130
FBGN0263763	7	1	0	0	0	0
FBGN0263239	3182	3583	3470	3320	5240	2685
FBGN0036817	27	22	2	0	8	10
FBGN0036830	8	20	1	29	14	18
FBGN0260945	3735	4297	4129	3528	4826	3284
FBGN0288748	15	13	8	20	40	52
FBGN0035555	40	2	24	27	48	30
FBGN0026372	198332	212074	235111	220417	324659	193409
FBGN0036890	12	0	0	13	5	5
FBGN0036467	92	252	23	83	43	114
FBGN0036019	36	26	30	33	16	17
FBGN0036878	15	0	1	2	6	31
FBGN0037156	1074	1098	1189	826	1270	795
FBGN0015296	3011	3193	3172	3885	5316	2750
FBGN0052459	18	4	2	0	31	38
FBGN0261537	8	5	0	11	6	0
FBGN0052274	10	1	0	0	0	0
FBGN0037099	1548	1466	1390	996	1470	746
FBGN0263832	4833	4866	4932	4935	7886	4679
FBGN0036146	0	0	7	17	32	12
FBGN0035107	4172	4998	5000	4508	6289	4484
FBGN0053233	6	30	12	19	18	19
FBGN0036109	124	113	135	134	208	100
FBGN0263110	6336	6335	6325	6652	9512	5641
FBGN0262624	653	672	725	562	804	455
FBGN0036427	62	29	29	33	52	37
FBGN0037012	125	131	120	169	381	176
FBGN0037023	12	28	4	0	4	6
FBGN0036158	28	23	8	20	0	24
FBGN0063923	40	15	25	37	89	47
FBGN0035730	54	9	0	4	19	19
FBGN0037149	1532	1155	1632	1717	3173	1664
FBGN0035295	3038	3331	3536	3133	5086	3045
FBGN0265714	6	8	4	28	0	8
FBGN0036623	4864	6104	5833	5867	7740	5201
FBGN0036004	27805	30662	30223	26753	39443	23405
FBGN0036620	29	16	13	2	18	38
FBGN0037205	60	44	46	73	55	108
FBGN0037134	359	357	405	417	552	453
FBGN0266582	3242	3370	3670	4520	5920	3646
FBGN0053230	884	954	929	1152	1580	1044
FBGN0250791	2608	3386	3337	3642	4893	2960
FBGN0261553	10289	10573	11516	10711	17151	9317
FBGN0036196	90	48	78	21	55	17
FBGN0037170	23	16	14	25	42	42
FBGN0036618	9	22	36	18	20	62
FBGN0036299	15083	16475	17214	18496	25246	15642
FBGN0035802	6942	6789	7189	10772	15368	8938
FBGN0029158	840	811	920	874	1062	764
FBGN0029118	3922	4591	4509	4493	5441	3803
FBGN0036481	443	670	781	411	676	531
FBGN0053768	7	4	6	0	0	2
FBGN0036627	14	16	11	21	28	12
FBGN0035270	1963	1803	1985	2097	2870	1672
FBGN0036975	228	184	208	379	541	262
FBGN0036380	43	3	22	25	10	14
FBGN0052191	63	41	46	48	75	53
FBGN0037108	2438	3228	2827	3594	4669	3247
FBGN0263841	12	0	5	0	0	4
FBGN0035232	7200	7552	7945	4579	6573	3921
FBGN0085491	45	8	9	10	6	0
FBGN0036906	275	365	321	449	372	271
FBGN0052161	82	66	66	61	101	69
FBGN0035855	13	26	3	67	84	64
FBGN0035715	4426	4918	4982	5227	7436	4822
FBGN0263232	928	877	1080	1195	1355	678
FBGN0052201	24	15	2	6	0	11
FBGN0264303	3342	3205	3490	4341	5735	4194
FBGN0265469	0	3	3	0	0	0
FBGN0261985	7300	7490	7976	8361	12001	6565
FBGN0036291	190	174	272	220	485	237
FBGN0037035	12	7	29	42	46	32
FBGN0035131	2115	2395	2318	2433	3805	2520
FBGN0035331	48	30	1	6	0	30
FBGN0035204	889	828	959	772	1442	722
FBGN0259972	9	2	4	6	16	7
FBGN0053267	54	66	85	785	459	605
FBGN0264472	18	3	2	0	14	0
FBGN0036860	3	0	7	14	0	15
FBGN0036330	451	403	394	158	133	95
FBGN0035170	20	19	14	30	5	28
FBGN0052099	437	535	506	612	984	565
FBGN0010105	735	909	821	1240	1337	912
FBGN0052382	21	16	14	2	14	18
FBGN0052440	1	5	2	0	0	0
FBGN0036815	3131	3239	3689	3781	5361	3123
FBGN0036936	32	10	16	0	3	16
FBGN0035266	1755	1903	2049	2244	3112	1717
FBGN0264574	3000	3613	3464	2098	2672	2065
FBGN0041342	3312	3297	3642	3197	4803	2955
FBGN0035102	1012	1222	1123	1475	1793	1197
FBGN0027565	3047	3000	3076	3876	4996	3244
FBGN0052174	531	671	816	825	1052	879
FBGN0035829	1528	2008	2018	2318	3734	2414
FBGN0044324	20773	23234	22465	25966	36585	22476
FBGN0035770	1192	1303	1258	204	317	165
FBGN0024806	13934	15699	14357	14447	18325	12751
FBGN0010905	5465	6714	6609	6374	7575	4889
FBGN0085484	818	814	714	901	1304	693
FBGN0035540	642	803	738	517	877	590
FBGN0036105	296	388	298	408	518	273
FBGN0035279	17	20	16	8	46	7
FBGN0041156	74	25	17	88	29	116
FBGN0035632	850	802	818	656	865	626
FBGN0035621	17	10	43	38	7	55
FBGN0035709	28	17	40	18	2	19
FBGN0036162	17	12	28	16	1	11
FBGN0036987	868	1021	965	1321	1594	1128
FBGN0036471	28	42	0	104	24	83
FBGN0262714	8166	10061	9430	9801	14230	8386
FBGN0025355	1960	2526	2370	2928	3097	2225
FBGN0000216	655	936	869	888	1136	874
FBGN0035598	49	28	40	48	30	57
FBGN0035811	9041	9417	10207	9345	12407	7264
FBGN0035582	106	50	96	228	155	329
FBGN0035218	11	9	7	13	3	25
FBGN0004429	19	9	1	32	1	28
FBGN0036447	39	58	32	13	61	42
FBGN0035099	2040	2053	1973	3335	4378	2820
FBGN0036249	646	796	768	1004	1514	675
FBGN0002440	221	28	251	671	442	492
FBGN0011723	56	11	76	90	51	61
FBGN0024542	1817	1930	2186	2357	3272	1910
FBGN0022699	4618	4867	5046	4942	7167	4105
FBGN0035948	7	53	24	22	20	10
FBGN0040812	1	1	0	0	4	3
FBGN0053493	82	112	57	106	238	147
FBGN0036289	812	730	666	500	735	412
FBGN0035859	402	478	738	1440	2768	308
FBGN0036531	3	7	6	0	0	0
FBGN0036483	4310	5097	5191	4202	6524	4309
FBGN0035627	1244	1523	1427	1458	1804	1264
FBGN0085292	6	11	7	0	18	10
FBGN0036398	63915	66767	66831	61633	87453	50334
FBGN0035334	1224	1601	1249	1397	2070	1471
FBGN0036009	36	44	24	30	54	53
FBGN0035534	960	830	920	898	1148	1055
FBGN0036318	2797	2577	2626	2239	3635	2137
FBGN0052404	35	2	14	26	60	24
FBGN0035473	2875	3348	3834	3673	4456	3583
FBGN0036763	2098	2201	2427	2497	2852	1799
FBGN0037153	10021	11450	11704	10793	15100	8773
FBGN0027088	12950	15021	14758	15241	20578	13427
FBGN0036138	33	47	19	36	9	3
FBGN0262733	3420	3641	4129	3023	3862	2919
FBGN0053276	382	592	485	673	594	589
FBGN0035106	29401	32326	30506	27867	40361	24542
FBGN0035401	1153	1466	1368	1706	2118	1302
FBGN0036839	70	76	124	58	62	78
FBGN0036858	10	10	27	1	5	3
FBGN0052086	22	4	50	22	28	36
FBGN0035142	35645	36478	35944	29496	42221	24512
FBGN0036690	13	8	9	60	53	111
FBGN0036143	69	46	50	3	14	27
FBGN0045474	31	9	29	4	43	21
FBGN0035956	2197	2177	2407	2201	3167	1998
FBGN0036180	3471	3852	3892	3234	5317	3383
FBGN0027086	12914	15589	15101	16225	22486	14514
FBGN0036070	20	2	4	0	2	0
FBGN0052088	209	159	180	114	115	74
FBGN0035189	28	55	13	181	288	202
FBGN0024277	33785	36456	37450	33842	49573	28660
FBGN0035159	903	879	653	932	1371	1153
FBGN0261801	3605	4031	4150	3509	4503	3030
FBGN0036235	132	56	48	45	114	78
FBGN0023076	71	50	49	85	99	51
FBGN0264002	27	11	21	40	22	25
FBGN0004594	17	0	0	10	0	0
FBGN0261506	38	5	5	13	4	14
FBGN0052248	72	12	15	66	60	72
FBGN0052475	1	2	0	0	0	0
FBGN0052230	2351	3265	2528	3030	3624	3377
FBGN0028573	50	95	39	362	29	183
FBGN0035755	1572	1698	1764	2167	2795	1576
FBGN0001247	5620	7229	6959	6484	8642	5854
FBGN0036997	23	24	7	25	1	39
FBGN0035981	3678	4789	4210	5016	6922	4303
FBGN0260776	18	18	28	25	20	5
FBGN0037101	24	6	27	41	2	64
FBGN0035670	40	63	72	43	107	32
FBGN0052189	5	8	22	5	0	4
FBGN0266669	2464	3114	2987	2838	4199	2200
FBGN0035592	796	783	979	1014	1577	945
FBGN0036807	3	6	4	19	25	0
FBGN0053772	15	0	6	0	0	5
FBGN0286980	35	5	5	20	59	19
FBGN0086915	11	0	0	16	0	7
FBGN0052380	1533	1430	1395	1736	2197	1763
FBGN0035325	15	20	1	10	8	5
FBGN0262679	0	0	0	0	0	0
FBGN0042118	29	42	22	70	57	266
FBGN0035877	1424	1569	1495	1241	1866	1253
FBGN0052483	22	10	16	11	32	41
FBGN0035243	907	894	877	1091	1598	846
FBGN0261998	55	57	46	75	93	71
FBGN0022959	52959	57887	61096	54727	80344	49127
FBGN0036847	1510	1514	1858	1631	1885	1227
FBGN0000639	12877	31095	7571	31206	39091	29432
FBGN0035544	227	47	38	101	163	236
FBGN0000625	3043	3748	4586	3813	5034	2954
FBGN0035402	9795	10515	10754	9042	15166	9068
FBGN0286818	87230	104675	102716	81928	110746	76194
FBGN0053966	10	16	14	37	0	0
FBGN0053051	858	1083	1102	1926	2353	1387
FBGN0266100	96	24	11	45	35	67
FBGN0035439	102	88	79	246	383	168
FBGN0036871	65	38	27	49	109	84
FBGN0036369	368	464	545	408	783	553
FBGN0036499	5	10	4	0	2	1
FBGN0037126	117	102	168	187	231	160
FBGN0035903	82	29	42	36	39	58
FBGN0052023	6	10	16	0	0	3
FBGN0054012	6	4	0	10	10	11
FBGN0260777	20	13	6	18	0	8
FBGN0052488	59	20	1	4	4	28
FBGN0035699	4018	5265	5123	4182	5334	3835
FBGN0037166	38	62	105	53	67	31
FBGN0036919	5964	7597	6569	5937	9044	5268
FBGN0265102	3454	3677	3764	4264	4855	3242
FBGN0259236	17	50	16	20	21	32
FBGN0024510	2467	3039	2851	2885	4068	2482
FBGN0259199	525	527	449	753	913	706
FBGN0035410	292	285	231	144	148	142
FBGN0259173	3238	3367	3653	5434	7668	4241
FBGN0035186	10	3	9	20	34	26
FBGN0014851	4	4	2	4	0	1
FBGN0036691	661	719	677	785	1420	566
FBGN0288469	3000	3520	3841	2724	4971	2777
FBGN0035538	15	16	9	4	5	39
FBGN0035915	79	36	1	45	21	35
FBGN0036589	86	32	25	297	737	49
FBGN0035971	29	5	10	4	18	7
FBGN0042137	18	28	0	0	6	2
FBGN0036351	65	49	95	23	79	28
FBGN0036886	3684	3788	4370	4714	7732	4761
FBGN0035714	1728	1655	1691	2028	2845	1504
FBGN0027549	6402	7182	7545	7445	10653	6618
FBGN0035914	9	4	35	26	26	56
FBGN0036348	83	58	66	11	24	63
FBGN0037030	140	85	54	93	108	71
FBGN0035298	1399	1617	1595	1808	3137	1479
FBGN0035789	19	23	59	14	81	10
FBGN0053514	62	31	23	56	92	49
FBGN0040793	4283	4640	4716	5300	6840	5368
FBGN0040827	32	32	35	67	252	43
FBGN0036796	47	32	41	0	0	7
FBGN0043578	23	6	6	30	58	15
FBGN0035137	2266	2381	2599	2798	4151	2517
FBGN0053229	4135	5129	4357	3885	5464	3463
FBGN0054001	202	284	234	572	737	590
FBGN0040823	34	21	6	12	0	28
FBGN0035309	207	138	122	288	431	217
FBGN0052237	239	132	16	0	8	28
FBGN0036104	5392	6208	6372	7488	10192	6094
FBGN0040688	10	39	12	0	11	2
FBGN0036597	5	17	19	131	313	6
FBGN0035206	2861	3465	3502	1705	2441	1667
FBGN0047338	2	9	0	0	0	0
FBGN0036726	1119	1345	1300	1512	1597	1051
FBGN0028962	2026	2239	2608	2256	3305	2217
FBGN0035336	2186	2668	2405	3236	4478	3095
FBGN0036272	1963	1897	1923	1749	2914	1826
FBGN0036738	28	11	1	10	2	10
FBGN0052298	14	7	0	2	4	16
FBGN0002183	31944	33965	36451	40916	61382	37102
FBGN0036443	27	16	13	5	5	9
FBGN0035878	4493	5677	5507	7366	11398	5945
FBGN0028399	2088	2487	2450	2554	3729	2205
FBGN0011692	12686	13480	14172	17146	25261	13980
FBGN0035249	1530	1665	1554	1778	2784	1663
FBGN0036062	416	362	432	384	678	495
FBGN0035290	63	33	36	78	136	82
FBGN0036678	2885	3788	3120	1748	2139	1652
FBGN0035421	3446	3616	3664	4449	6752	4078
FBGN0259702	30	0	13	12	0	13
FBGN0010406	1531	1810	1762	1919	2532	1714
FBGN0035424	27331	28685	30958	27492	39412	22537
FBGN0036440	105	34	56	54	52	43
FBGN0035146	818	492	618	756	1019	601
FBGN0029172	27	7	0	1	36	21
FBGN0037180	6	17	5	10	28	12
FBGN0052204	23	30	17	18	14	18
FBGN0261274	1285	1449	1396	1442	1896	1407
FBGN0036767	4	10	5	0	0	6
FBGN0035132	3454	3852	3967	3981	4556	3229
FBGN0023095	7366	8150	8561	8026	11272	7153
FBGN0000575	14198	15508	17152	14900	20878	14649
FBGN0037110	375	623	748	824	909	638
FBGN0036927	116	79	84	70	240	91
FBGN0013263	34041	36528	35977	36558	52930	34243
FBGN0035390	5739	6450	7269	6890	10151	5843
FBGN0036010	21	37	50	43	53	17
FBGN0035798	54	82	59	150	59	88
FBGN0035528	1016	1403	1376	1303	2089	1141
FBGN0036317	3646	3746	3542	4043	6230	3772
FBGN0000038	26	33	29	54	10	46
FBGN0035911	1078	1342	1329	1714	2682	1195
FBGN0061469	5872	6238	6315	7009	10070	6272
FBGN0036036	927	942	890	865	1364	982
FBGN0287185	43	21	8	118	249	49
FBGN0001257	1012	1398	1403	2235	2819	1676
FBGN0035443	880	673	762	862	1237	825
FBGN0053158	4235	4817	4488	5119	6848	4226
FBGN0250836	14	16	4	0	8	3
FBGN0035265	47	73	13	19	5	39
FBGN0036301	3527	4328	3764	5118	6807	3976
FBGN0264908	120	68	73	51	19	39
FBGN0035484	542	704	569	119	228	132
FBGN0035332	55	41	10	40	2	40
FBGN0035761	5363	5679	5762	7625	9473	5907
FBGN0028377	7	20	6	6	12	6
FBGN0035600	4466	4465	5521	6018	8311	5652
FBGN0035548	37	19	26	49	7	85
FBGN0052282	0	0	0	7	0	0
FBGN0037007	3777	4130	4364	4013	6597	3819
FBGN0035977	10	15	17	28	26	38
FBGN0028693	3852	4208	4419	4282	6331	3602
FBGN0035271	439	632	611	848	819	794
FBGN0035751	10	1	1	0	0	13
FBGN0037130	35	77	30	88	136	115
FBGN0036333	6647	8198	7492	7458	8923	6761
FBGN0259935	82	41	47	72	19	51
FBGN0002899	2468	2986	2883	3228	4247	3061
FBGN0261243	5781	6494	7130	7031	11076	6845
FBGN0026432	3860	3989	3780	3309	4610	3204
FBGN0035901	2346	3093	3255	3465	4356	2942
FBGN0037040	64	40	24	20	81	75
FBGN0052296	19579	21331	20262	22001	32447	18710
FBGN0036939	42	35	80	6	54	25
FBGN0037162	15	8	16	13	20	12
FBGN0035870	75	61	29	46	42	26
FBGN0003984	5529	5899	5609	5624	8766	5651
FBGN0036762	7707	7705	9069	8802	13554	7401
FBGN0058045	5787	6553	6621	7585	9808	6825
FBGN0035328	2	1	23	14	7	30
FBGN0086785	1286	1529	1536	1585	2463	1578
FBGN0035571	22	23	37	13	11	27
FBGN0035490	42	16	0	13	26	43
FBGN0261933	3817	4454	4556	4880	7314	3796
FBGN0035501	1081	1227	1169	1423	2141	1232
FBGN0287187	7411	9236	7616	9410	12333	8546
FBGN0037114	595	575	626	660	568	262
FBGN0036751	46	12	19	24	20	32
FBGN0054030	38	29	9	0	25	35
FBGN0035425	4323	4780	4823	4038	6608	3875
FBGN0002909	4137	4468	4557	5684	7290	4480
FBGN0035734	21	17	3	40	36	26
FBGN0035438	4917	5554	5503	5174	6639	4837
FBGN0036128	12	3	2	5	11	1
FBGN0042112	326	323	480	495	696	456
FBGN0016797	28696	30304	31569	26881	42120	25823
FBGN0035929	20	15	9	3	18	2
FBGN0035590	443	663	520	898	1213	1119
FBGN0261681	10	5	0	0	1	5
FBGN0011573	6701	8069	7444	7828	12426	7925
FBGN0264272	349	461	505	717	1199	560
FBGN0259148	7	1	1	0	27	5
FBGN0036168	107	163	154	234	332	124
FBGN0004865	1977	2596	2197	906	924	1157
FBGN0036491	17	34	33	8	18	28
FBGN0285958	305	380	422	97	108	204
FBGN0036302	4329	4717	4818	5033	7554	4620
FBGN0040022	10405	10970	10243	10850	15612	11174
FBGN0035498	4915	5428	5492	5527	8737	5318
FBGN0035735	3	7	0	12	5	4
FBGN0052280	923	1042	1096	1486	1755	896
FBGN0036394	27	203	11	0	14	0
FBGN0036937	48	31	4	18	3	20
FBGN0263004	6	2	4	0	2	4
FBGN0001229	51	95	67	17	3	28
FBGN0040699	12	9	3	0	0	2
FBGN0036745	1908	2432	2306	1987	2645	1952
FBGN0035611	38	15	4	16	10	12
FBGN0035572	78	102	116	9	77	44
FBGN0035151	724	752	667	1139	1372	1042
FBGN0035160	1629	1806	1986	1590	2442	1642
FBGN0261631	7	7	3	0	9	3
FBGN0015586	29	8	9	4	1	13
FBGN0262579	9907	10727	9696	9577	14952	9187
FBGN0035667	14	8	2	92	52	42
FBGN0027587	5816	7198	6351	7276	10595	6962
FBGN0086913	81	13	11	52	27	7
FBGN0037098	26077	28076	26905	25625	35456	22790
FBGN0035452	4472	5376	5322	3761	4913	3092
FBGN0035610	37	26	39	52	1	33
FBGN0036568	22	9	12	16	53	23
FBGN0011817	7527	9159	8179	5379	7393	5366
FBGN0036038	2161	2510	2553	2670	3778	1990
FBGN0052076	2875	3465	3697	3889	5576	2845
FBGN0035392	296	268	362	369	683	274
FBGN0263762	24	92	4	4	7	7
FBGN0262985	13	43	28	16	45	22
FBGN0035429	127	229	121	119	193	108
FBGN0035113	248	131	246	107	115	165
FBGN0035258	18	4	0	8	0	12
FBGN0001225	16470	22047	15337	4324	6249	5487
FBGN0004588	13	2	1	3	25	5
FBGN0040637	1	4	1	0	0	0
FBGN0085279	80	183	168	149	178	117
FBGN0035782	16	1	11	1	3	2
FBGN0052369	3304	3292	3275	2967	4987	2862
FBGN0052268	3	8	8	3	0	2
FBGN0042199	108	97	101	70	98	64
FBGN0036470	25	1	4	8	0	5
FBGN0036126	397	635	505	654	1019	558
FBGN0052055	324	500	277	84	59	78
FBGN0024921	12156	14419	13591	12832	17186	11000
FBGN0052313	7	3	14	22	0	2
FBGN0036495	9	1	8	0	4	3
FBGN0035960	270	329	284	328	369	272
FBGN0052024	30	3	4	24	8	19
FBGN0035194	645	1014	790	1160	1646	1010
FBGN0085385	105	83	69	53	44	64
FBGN0259224	51	65	103	52	88	172
FBGN0035519	2162	2588	2277	2425	3276	2124
FBGN0036204	0	21	27	26	19	19
FBGN0035495	16	19	6	4	0	15
FBGN0037123	39	10	5	4	17	10
FBGN0036210	280	374	315	457	473	359
FBGN0053777	3	8	0	0	1	0
FBGN0037026	3293	4223	4064	3893	5900	3376
FBGN0037094	7353	8779	8418	7105	10137	6485
FBGN0036135	2170	1990	2733	2835	4059	2062
FBGN0004556	1414	2230	1555	1880	2882	1714
FBGN0005775	106	146	75	188	261	129
FBGN0001120	19	9	4	5	18	16
FBGN0036219	30	13	26	8	12	5
FBGN0036422	100	97	57	559	916	162
FBGN0015828	2431	2381	2986	3205	5017	3299
FBGN0040487	12	0	0	0	36	14
FBGN0041624	31	35	4	67	44	26
FBGN0037125	22	9	1	4	13	2
FBGN0035591	1734	2029	2130	1865	2869	1807
FBGN0027375	3669	3875	3967	3588	5561	3746
FBGN0036193	137	356	260	169	483	289
FBGN0004465	1565	1514	1834	2736	3266	1991
FBGN0026592	0	4	19	8	0	13
FBGN0053687	25	30	8	0	4	10
FBGN0003034	0	0	3	0	0	0
FBGN0052299	4	1	0	5	0	4
FBGN0012058	5173	5951	6356	6346	9058	5305
FBGN0035569	29	8	0	2	0	2
FBGN0035171	80	48	36	86	41	27
FBGN0014388	5760	6212	6585	6927	8391	5335
FBGN0036967	2390	2367	2211	2231	2694	2261
FBGN0036880	32	82	100	48	44	11
FBGN0036465	16	13	0	10	14	6
FBGN0035754	739	922	1226	896	1491	1020
FBGN0058298	22	23	9	8	18	12
FBGN0283461	13	56	8	63	91	12
FBGN0044048	20	2	4	21	0	5
FBGN0036843	1649	1875	2292	1201	1688	1105
FBGN0036741	1199	1164	1332	1205	1784	1012
FBGN0037177	24	7	38	18	9	2
FBGN0036601	15	12	0	2	10	4
FBGN0036791	42	18	20	2	0	28
FBGN0011802	2793	3092	2508	3898	5731	3967
FBGN0259099	64	15	75	53	66	64
FBGN0040305	2062	2354	2225	2117	3161	1693
FBGN0027057	5174	6081	5948	6176	8681	5293
FBGN0036046	9	10	3	34	6	10
FBGN0250825	0	2	2	12	13	7
FBGN0040843	7	6	2	18	9	6
FBGN0035941	19	7	21	0	0	33
FBGN0052418	2203	2548	2620	2110	3543	2479
FBGN0036515	2801	3336	3208	4540	6018	3476
FBGN0035725	481	515	474	826	1037	614
FBGN0036928	3540	4292	4046	5081	5963	3951
FBGN0035806	6	12	12	30	44	4
FBGN0053696	49	19	39	46	14	45
FBGN0036285	2842	3628	3578	4348	5882	3425
FBGN0035623	64	61	44	61	43	71
FBGN0003515	92	110	93	62	146	58
FBGN0035317	72	55	36	55	42	78
FBGN0036702	6959	7639	8723	8000	12662	7076
FBGN0052485	219	112	105	117	241	159
FBGN0020386	11662	13962	12652	11920	15032	11179
FBGN0028582	4862	5994	5733	5267	8497	5290
FBGN0000567	13632	12521	13951	14590	23261	13416
FBGN0266436	46	18	12	3	0	42
FBGN0001316	63173	69903	69246	64293	94726	55389
FBGN0035207	6317	7052	7501	6541	9246	5376
FBGN0001258	319	540	280	452	529	546
FBGN0263608	28	15	2	44	32	61
FBGN0085276	43	60	8	77	42	7
FBGN0052036	6	8	9	15	12	0
FBGN0035902	273	306	269	411	529	298
FBGN0011640	9545	10478	11489	10399	15305	8959
FBGN0036617	27	30	5	224	56	133
FBGN0267487	11154	11442	12195	10118	15104	9781
FBGN0036594	23	2	16	2	27	26
FBGN0035374	1671	1692	1660	2287	3586	1836
FBGN0052185	165	222	213	228	337	247
FBGN0053770	6	0	0	29	30	0
FBGN0053290	15	10	3	51	4	24
FBGN0045478	101	113	121	42	17	40
FBGN0036577	43	73	40	130	91	82
FBGN0002926	104	72	56	123	106	136
FBGN0035199	1501	1364	1614	1714	2512	1561
FBGN0035155	286	279	336	254	410	186
FBGN0085420	37	28	28	9	5	40
FBGN0013997	30711	36379	35509	29510	40459	25708
FBGN0035691	731	620	613	567	900	558
FBGN0036749	5	2	4	16	28	23
FBGN0036995	55	106	50	104	34	36
FBGN0024150	186	111	95	79	226	145
FBGN0037131	16	19	28	30	88	14
FBGN0035721	433	479	521	743	981	623
FBGN0036198	3252	3787	3225	3874	5251	4007
FBGN0027532	5258	6044	6293	5601	8402	5146
FBGN0036514	3623	4449	3897	4766	7393	4525
FBGN0036652	38	47	51	19	6	4
FBGN0036889	828	1149	1111	995	1408	994
FBGN0036585	15	5	5	5	3	8
FBGN0028380	396	435	405	296	466	318
FBGN0040308	3886	4524	4597	4433	5742	4141
FBGN0036459	65	45	27	14	100	77
FBGN0036242	121	173	99	67	54	33
FBGN0029148	5358	6204	6506	6209	9052	6504
FBGN0035124	215	134	218	119	144	143
FBGN0036446	3093	3268	3216	2884	3714	2419
FBGN0036808	38	3	43	25	3	35
FBGN0266724	279	303	347	499	405	306
FBGN0036374	11809	13067	13674	13361	18108	9843
FBGN0035379	125	263	188	345	750	197
FBGN0036150	149	92	106	223	109	111
FBGN0259701	40	5	9	0	0	4
FBGN0012034	269	241	373	667	1191	828
FBGN0035959	1385	1358	1379	1145	1595	1067
FBGN0086708	3566	3571	4273	3030	4816	2570
FBGN0035245	42	31	21	18	29	15
FBGN0036973	1772	1852	2234	2340	3034	1870
FBGN0250911	3154	2693	2489	2597	4008	2227
FBGN0264302	6738	7959	7889	10496	13783	8497
FBGN0036359	7	0	2	16	0	3
FBGN0036325	18	22	14	1	8	11
FBGN0036305	6135	7345	6766	6050	7564	5349
FBGN0044328	74	21	17	18	21	30
FBGN0027786	4756	5352	5612	5984	9590	4544
FBGN0004875	22775	23158	23658	22630	32423	18565
FBGN0037021	7244	7946	8041	8407	11993	7227
FBGN0036306	1000	993	913	1339	1686	995
FBGN0040321	10160	12722	13302	8665	11770	7606
FBGN0052115	34	37	57	22	28	32
FBGN0035619	11	30	4	71	49	38
FBGN0054031	12	5	17	2	8	2
FBGN0024733	59081	70414	70663	69581	93661	64177
FBGN0036934	23	48	33	52	68	98
FBGN0036264	34	126	86	14	68	83
FBGN0040842	37	31	50	14	42	7
FBGN0053725	11	16	10	6	0	6
FBGN0003997	7943	7862	7800	6493	9187	5402
FBGN0052057	37	33	32	18	30	21
FBGN0036586	9	7	2	15	10	1
FBGN0262716	6133	6410	7046	6706	9153	6328
FBGN0041622	61	30	5	62	0	26
FBGN0035924	10	23	5	8	0	6
FBGN0035308	1739	1871	1687	1486	2461	1381
FBGN0002901	1305	1665	1586	1482	2211	1267
FBGN0037142	5576	6129	6317	6610	8050	5887
FBGN0036842	6347	6284	7290	6518	8388	5150
FBGN0264488	71	114	329	153	10	118
FBGN0037133	2	0	3	0	1	0
FBGN0023395	2100	1971	2370	2019	3506	1934
FBGN0037004	411	493	507	496	702	417
FBGN0259167	742	696	770	1253	1595	1006
FBGN0037167	29	15	21	14	9	14
FBGN0035797	71	24	22	59	48	60
FBGN0064227	102	62	50	49	157	57
FBGN0036970	44	11	4	16	11	39
FBGN0040075	8468	9531	10116	9055	13893	8162
FBGN0052107	71	42	10	9	22	52
FBGN0052188	10	11	27	5	0	3
FBGN0035475	277	250	381	423	336	306
FBGN0036772	1617	1762	2068	2005	3101	1448
FBGN0036688	2096	2211	2859	1783	2944	1347
FBGN0027616	14738	15494	17655	17078	24660	14219
FBGN0053056	324	229	259	207	478	286
FBGN0036373	10407	9899	11131	8778	13471	7829
FBGN0002565	8133	13586	5223	47990	73889	36002
FBGN0260943	61	74	95	73	51	99
FBGN0036292	821	1158	970	1039	1841	1116
FBGN0036211	2639	3158	3275	3629	4679	2714
FBGN0035790	23	10	16	10	20	26
FBGN0011771	5597	7724	6910	8555	10599	7268
FBGN0036765	316	367	287	279	235	129
FBGN0035838	1162	1160	1420	1506	2050	1524
FBGN0036415	456	504	423	462	526	227
FBGN0036587	88	211	91	56	89	123
FBGN0040837	3	21	9	10	52	4
FBGN0035546	76	40	15	16	82	51
FBGN0037086	24	4	34	11	29	12
FBGN0036314	4206	4186	4403	6219	8789	5280
FBGN0047135	3372	4541	3846	3741	5691	3695
FBGN0052251	10078	11268	9199	9997	15670	9981
FBGN0036725	92	72	36	129	56	66
FBGN0036213	34892	41329	43748	35017	49996	27457
FBGN0036288	54	27	56	75	65	46
FBGN0041604	10413	12459	11206	10653	14214	9088
FBGN0036101	3987	5254	4248	3499	3944	3164
FBGN0061492	2511	3010	2733	2317	3008	1916
FBGN0035922	16	58	0	22	0	23
FBGN0052846	25	8	10	27	14	19
FBGN0053700	4	1	6	0	6	5
FBGN0261547	12294	12830	13509	12374	17691	10475
FBGN0052183	37	4	15	43	2	41
FBGN0004428	21	14	24	14	53	23
FBGN0035638	59	9	43	27	64	36
FBGN0036714	3178	4041	3626	3623	4999	2941
FBGN0037070	842	922	788	1454	1713	1055
FBGN0261797	65621	69079	70614	66655	94995	54391
FBGN0035480	311	401	284	922	1288	925
FBGN0036030	10622	11485	11589	13144	18445	11117
FBGN0036844	3168	3270	3658	3684	4523	3037
FBGN0035578	25	16	20	14	65	23
FBGN0035144	3	35	15	48	60	32
FBGN0036570	2372	2591	2596	3367	4212	2806
FBGN0014368	182	169	93	128	127	96
FBGN0036386	2162	2662	2721	2568	3939	2392
FBGN0263246	0	2	0	18	0	0
FBGN0067864	3707	4514	4894	5276	6601	3809
FBGN0036341	1773	1749	2192	1597	2182	1727
FBGN0000449	125	105	132	37	221	63
FBGN0036226	26	10	34	60	6	41
FBGN0036207	1605	1609	1500	2349	3221	2113
FBGN0267795	12030	13007	13001	12844	17993	11062
FBGN0036450	6628	7658	7225	6921	10258	6688
FBGN0036949	72	52	42	88	56	103
FBGN0004378	17358	18975	20092	20377	29760	16858
FBGN0035264	4723	4995	5312	3967	7132	4034
FBGN0260233	4473	4927	5022	8559	11358	6426
FBGN0262020	27	47	13	2	0	48
FBGN0052379	11	4	10	42	28	17
FBGN0036991	2547	2223	2265	2557	3984	2712
FBGN0260027	73	57	37	52	134	99
FBGN0036232	27	9	15	4	1	0
FBGN0035904	5401	5735	5936	4462	5874	3603
FBGN0036812	896	1122	1242	1327	1491	1093
FBGN0035676	156	154	61	94	160	143
FBGN0262531	50	36	23	244	265	101
FBGN0261788	1103	928	1235	488	555	528
FBGN0037042	18	40	47	14	25	26
FBGN0036165	2866	2780	3027	2550	4008	2133
FBGN0035505	25	10	23	13	12	2
FBGN0085296	26	54	74	8	65	0
FBGN0035998	761	1146	978	1039	1326	879
FBGN0036771	733	670	995	1195	1625	1235
FBGN0015025	424	459	630	604	732	340
FBGN0004431	9	16	0	11	4	0
FBGN0037038	0	4	17	1	0	10
FBGN0053054	182	275	303	524	717	486
FBGN0001099	489	679	608	370	922	535
FBGN0026238	5857	6505	5765	6751	8695	6075
FBGN0033669	2982	3562	3398	4711	6383	2990
FBGN0034785	1179	1698	1448	860	936	1036
FBGN0033458	39	43	44	71	51	25
FBGN0265188	6	3	1	0	17	17
FBGN0005695	904	1107	1086	998	1556	866
FBGN0034558	24	55	54	65	162	57
FBGN0033564	724	1014	836	869	1345	861
FBGN0034776	42	4	0	6	0	11
FBGN0050467	2370	3126	2597	3021	4041	2325
FBGN0050463	4122	4494	4282	2848	3038	2791
FBGN0033056	68	43	62	88	90	21
FBGN0034165	7	8	0	18	0	14
FBGN0050443	1988	1965	1906	2166	3180	1747
FBGN0011554	34	32	3	37	0	22
FBGN0028408	187	96	149	125	226	171
FBGN0284083	0	0	1	0	4	0
FBGN0035016	4995	5145	5905	4317	6149	3614
FBGN0033121	1464	1273	1710	1215	2290	1312
FBGN0034730	42	19	42	48	51	28
FBGN0041174	188	198	237	288	378	258
FBGN0034755	11	5	21	30	23	20
FBGN0261686	11	8	22	3	0	1
FBGN0026389	19	50	20	17	19	36
FBGN0034068	8634	8780	8960	8917	13429	7419
FBGN0033392	876	632	966	737	1491	846
FBGN0261612	37	25	27	39	24	42
FBGN0033592	3	4	12	0	0	4
FBGN0034468	206	394	407	463	490	471
FBGN0015277	1269	1775	1677	1722	3097	1610
FBGN0003460	1371	1281	1681	1207	1472	821
FBGN0265194	4048	4037	3608	4211	6221	3649
FBGN0086784	2895	2962	3374	3381	5459	2847
FBGN0033555	4086	4519	5195	4498	6501	3891
FBGN0034217	444	729	605	800	942	684
FBGN0022224	230	395	399	444	486	456
FBGN0033050	3584	4030	4241	4075	5774	3843
FBGN0033851	11	3	6	14	4	8
FBGN0034441	31	36	17	55	19	55
FBGN0053136	26	26	17	29	41	20
FBGN0034152	10	5	2	0	0	0
FBGN0050496	1947	2278	2202	2218	2966	1873
FBGN0033446	6542	6733	8982	9493	15516	9809
FBGN0034065	1272	1390	1336	2029	2679	1684
FBGN0010531	510	623	476	790	1109	603
FBGN0262170	4	10	9	0	0	2
FBGN0034940	438	644	761	737	791	641
FBGN0033326	22	21	37	70	10	53
FBGN0011659	1505	1630	1806	2135	3324	1854
FBGN0034756	289	234	204	48	295	127
FBGN0034066	2117	2134	2460	2583	3686	2074
FBGN0033512	5	3	0	4	0	10
FBGN0010388	7	6	0	20	0	4
FBGN0043471	15	8	8	2	0	4
FBGN0262569	7	4	0	1	11	1
FBGN0035028	1651	1781	1718	1629	2331	1388
FBGN0050122	42531	45985	47068	44041	69139	41753
FBGN0041243	56	61	48	49	58	36
FBGN0085475	2	0	13	9	34	0
FBGN0010339	4962	5149	5395	7088	9657	6328
FBGN0034835	12	0	16	0	20	12
FBGN0034499	26	63	25	42	16	27
FBGN0029508	5589	5224	5444	10787	15077	9188
FBGN0024698	5903	6733	6376	7766	9324	5990
FBGN0262513	34	11	2	0	32	19
FBGN0033942	552	551	912	517	770	347
FBGN0033781	599	703	790	1078	1384	844
FBGN0033979	30	28	23	0	2	0
FBGN0033051	564	680	698	288	383	198
FBGN0033042	13	0	0	4	15	10
FBGN0000662	10804	12132	13362	12126	17587	10734
FBGN0034005	66	150	77	38	44	34
FBGN0050339	5	19	9	31	8	20
FBGN0034623	26	171	10	0	1	19
FBGN0023175	8782	10369	10167	10058	14255	9442
FBGN0033190	221	165	222	174	280	171
FBGN0050293	30	8	53	14	2	12
FBGN0033289	138	180	191	172	158	137
FBGN0086908	8565	9905	9954	10747	17662	9719
FBGN0033817	43	24	17	10	87	8
FBGN0043530	17	10	0	0	0	3
FBGN0034206	6	4	2	13	2	4
FBGN0085419	46	33	27	33	66	87
FBGN0033178	1860	2065	2396	2231	3090	1903
FBGN0034483	29	21	12	10	13	11
FBGN0034081	527	443	593	375	910	638
FBGN0000996	7706	8009	8839	9355	13228	8512
FBGN0033234	35	19	16	64	9	51
FBGN0027581	2978	2600	2613	2666	4201	2359
FBGN0033869	21	11	25	12	14	14
FBGN0028743	23	24	8	24	42	49
FBGN0034740	116	48	55	94	233	52
FBGN0025790	5321	6156	6083	6508	9567	5402
FBGN0034031	63	63	43	53	75	70
FBGN0033203	8	1	4	54	7	18
FBGN0034879	1389	1388	1559	1839	2802	1875
FBGN0033108	41	20	36	366	331	566
FBGN0034360	412	427	434	529	582	436
FBGN0050222	34	12	12	7	58	4
FBGN0040465	5	8	29	23	20	72
FBGN0016032	44	46	32	43	34	34
FBGN0263655	218	159	174	89	140	106
FBGN0033848	45	42	23	14	27	12
FBGN0034631	1819	2049	2316	2016	2803	1942
FBGN0033265	2424	2757	2055	3216	4390	3417
FBGN0050159	2292	2492	2757	4599	6298	3886
FBGN0003687	2352	2528	2627	2471	3696	2456
FBGN0259878	5581	6208	6497	3807	6034	3876
FBGN0034307	1195	1692	1683	1685	2545	1326
FBGN0033918	4313	4704	4640	5344	7365	5048
FBGN0013726	17611	19259	20756	20593	31794	18825
FBGN0033215	15	30	4	21	36	42
FBGN0033739	4006	3838	4003	4170	5580	3528
FBGN0034070	68	124	198	44	146	91
FBGN0033846	6870	6808	7161	7075	10805	6486
FBGN0034219	3178	3393	3305	5109	7852	4834
FBGN0033376	3148	3569	3738	4116	5006	2844
FBGN0053503	44	22	20	150	149	142
FBGN0262595	13	0	12	0	4	1
FBGN0004181	74	47	11	11	0	37
FBGN0014184	13100	14723	15564	18011	25008	17316
FBGN0024294	6745	9324	7445	7587	6936	8279
FBGN0033542	17	82	41	45	10	41
FBGN0034160	51	12	24	14	6	6
FBGN0000037	35	22	61	20	9	82
FBGN0261270	8874	9963	11292	16630	26280	14902
FBGN0033915	5078	5946	5809	6005	7995	5463
FBGN0085237	15	15	0	8	3	8
FBGN0050432	14	4	4	14	0	10
FBGN0034681	8	13	2	5	0	35
FBGN0265512	824	853	883	574	1070	600
FBGN0264540	36	4	6	0	22	4
FBGN0024732	1079	1134	1470	1158	1635	990
FBGN0265632	1	0	4	10	0	0
FBGN0034770	7	4	11	5	4	4
FBGN0050106	43	20	27	36	44	36
FBGN0261554	3705	3533	3575	3835	5272	3429
FBGN0260007	26	7	5	25	48	5
FBGN0001122	2144	2664	2489	2046	3057	1520
FBGN0033381	3039	3468	3340	2884	4025	2807
FBGN0085444	10536	11523	11527	11565	15002	10476
FBGN0067102	739	682	1004	664	1184	717
FBGN0042086	149	186	329	306	314	185
FBGN0050178	20	0	14	0	5	20
FBGN0008636	49	24	25	21	45	25
FBGN0016697	6496	6739	7547	7277	11204	6501
FBGN0259737	70	97	87	32	200	67
FBGN0262836	0	0	0	0	0	0
FBGN0034110	1819	2170	1862	2241	3037	1923
FBGN0259795	56	70	23	8	24	59
FBGN0033982	20	23	37	14	28	48
FBGN0262843	18	10	2	12	16	3
FBGN0085460	31	76	18	92	17	35
FBGN0033879	9542	10476	11209	12703	19349	11837
FBGN0033921	64	107	66	6	123	123
FBGN0046880	9	3	0	0	0	3
FBGN0050160	121	132	290	303	267	170
FBGN0025186	2931	3328	2918	3296	4146	2391
FBGN0053459	35	12	1	36	54	6
FBGN0034352	7	26	18	8	22	15
FBGN0029501	31	40	13	32	55	27
FBGN0033987	21307	23007	24013	22947	33268	20565
FBGN0034950	129	52	51	60	82	40
FBGN0033089	1338	1614	1674	1782	2368	1388
FBGN0265623	5631	6201	6064	5401	7399	4635
FBGN0034261	1994	2153	2231	2109	2619	1833
FBGN0034735	1305	1387	1228	1357	2092	1193
FBGN0034867	0	12	1	0	0	5
FBGN0034498	8841	9524	9631	9670	13049	8025
FBGN0041702	1273	1821	1637	1637	2744	1511
FBGN0033651	15	39	28	11	36	40
FBGN0034224	47	68	64	42	17	5
FBGN0085224	621	523	609	754	959	504
FBGN0286939	1	0	4	2	0	0
FBGN0003900	2477	2746	3309	3100	4480	2738
FBGN0259708	173	121	136	135	183	134
FBGN0033043	6	10	2	23	8	45
FBGN0028956	4550	5112	4570	8295	12288	7471
FBGN0033272	1799	2055	2321	2875	3762	2436
FBGN0040729	19	3	0	1	0	24
FBGN0034356	372	609	362	168	335	313
FBGN0050039	0	3	11	3	0	5
FBGN0265052	64	60	85	118	78	122
FBGN0034281	90	136	71	170	165	146
FBGN0040505	715	957	886	838	1382	778
FBGN0033010	4939	5858	4602	4863	5816	5002
FBGN0033468	829	773	676	930	1168	745
FBGN0033917	76	146	176	228	346	139
FBGN0262572	4	2	20	0	0	7
FBGN0034073	2518	3570	2907	4991	5988	3797
FBGN0040747	0	0	0	0	0	9
FBGN0035027	2412	2293	2545	2989	3846	2805
FBGN0033060	463	390	466	659	1081	476
FBGN0050380	17	29	30	0	1	15
FBGN0034202	34	1	2	9	56	18
FBGN0033408	87	94	111	28	59	23
FBGN0046253	136	126	167	70	268	105
FBGN0285943	46	10	33	3	18	59
FBGN0034797	13067	13936	13372	14858	21320	13126
FBGN0002069	12760	13526	14396	15083	22552	12618
FBGN0040764	24	0	0	56	14	84
FBGN0033597	2	16	15	3	32	8
FBGN0033958	19	14	1	19	36	45
FBGN0022029	4352	4900	5009	5514	7474	4999
FBGN0034232	1192	1011	1060	1596	1946	1268
FBGN0034035	1304	1848	1736	2098	2367	2075
FBGN0034627	329	438	319	490	608	413
FBGN0053792	9	12	14	0	20	12
FBGN0028988	63	44	25	106	96	18
FBGN0259978	5609	5503	5274	7152	9841	5903
FBGN0040780	147	104	175	152	383	122
FBGN0034061	820	1060	1180	744	1172	920
FBGN0041236	8	15	0	1	5	1
FBGN0033236	1823	2223	2429	1673	2348	1816
FBGN0033374	28	3	28	18	5	3
FBGN0033249	16	6	0	5	0	36
FBGN0033233	1553	1995	1978	2024	2817	1674
FBGN0050338	572	547	616	405	715	362
FBGN0033127	1228	1518	1440	1817	2131	1676
FBGN0010053	507	605	671	384	581	335
FBGN0054029	15	0	3	0	2	3
FBGN0034567	21	7	28	12	16	33
FBGN0033260	7442	7629	7156	8242	10888	6650
FBGN0000253	25695	29446	28014	30640	44191	27121
FBGN0020767	7933	7761	9349	6850	10183	6763
FBGN0050177	6	6	0	0	0	5
FBGN0035088	2415	2557	2453	2482	3504	2345
FBGN0085233	4	1	3	4	12	2
FBGN0035049	2350	2853	2431	3271	3579	3003
FBGN0050401	4	20	23	4	7	34
FBGN0015903	1849	1702	1903	2139	3709	1973
FBGN0040726	40	43	34	15	68	29
FBGN0034023	43	15	42	87	0	60
FBGN0262141	8	2	2	1	0	15
FBGN0003701	4261	5020	5077	5112	7367	4074
FBGN0003062	8749	9702	10696	10952	16292	9475
FBGN0264962	16193	19001	18244	20011	27611	16380
FBGN0034687	51	70	55	111	156	27
FBGN0050010	364	453	360	414	664	470
FBGN0005613	11345	12521	12316	15089	21238	12371
FBGN0010078	77669	92147	92979	88469	132345	82354
FBGN0040752	22532	25163	25237	20649	31010	18861
FBGN0260390	1385	1252	1376	1501	2097	1431
FBGN0033451	1682	2047	2073	1638	2579	1448
FBGN0000658	19287	21191	23926	21950	32072	18204
FBGN0028963	28	11	22	37	0	19
FBGN0262816	11	16	6	47	4	8
FBGN0053467	9	3	7	21	0	1
FBGN0034876	5331	5450	5809	5543	8963	5348
FBGN0033623	4	2	4	5	34	0
FBGN0085399	48	48	57	44	57	27
FBGN0041237	5	7	37	40	1	4
FBGN0033500	36	29	8	10	48	24
FBGN0033341	2224	2252	2061	2274	3184	2319
FBGN0034276	35	42	36	171	199	113
FBGN0034795	8245	9724	9050	10665	13958	8819
FBGN0034878	5430	5583	6225	6376	10553	6340
FBGN0033720	53	54	42	39	50	99
FBGN0033377	4373	5121	5256	6240	8952	5043
FBGN0062449	1752	1839	1755	2160	2971	1950
FBGN0034519	244	132	128	269	385	304
FBGN0003892	12355	13739	13484	12191	17931	10037
FBGN0034184	1706	1905	1858	2466	3407	1757
FBGN0033806	2517	2787	2499	2507	4187	2956
FBGN0066292	138	196	178	193	169	93
FBGN0023143	51664	58019	58481	62797	89361	55288
FBGN0085344	8	14	7	40	10	8
FBGN0001285	30	21	0	94	11	66
FBGN0040063	9	2	7	0	0	0
FBGN0015040	2526	2842	3082	3576	4654	3043
FBGN0034718	9135	9505	11092	10601	15069	9678
FBGN0034568	158	262	239	172	329	126
FBGN0085512	4	4	0	8	6	4
FBGN0000044	2276	2120	1503	12548	15000	11960
FBGN0026619	1405	1717	1920	1626	2283	1640
FBGN0266711	2817	2945	2890	3366	4118	2826
FBGN0015522	67	101	60	76	107	47
FBGN0033744	57	74	35	49	28	47
FBGN0050428	1224	1379	1186	1271	1962	1164
FBGN0033097	11	28	3	1	4	4
FBGN0053453	12	8	1	4	35	21
FBGN0033266	905	1026	1189	990	1385	725
FBGN0003326	5826	7252	6711	6015	8826	5926
FBGN0050099	50	34	95	156	225	79
FBGN0260477	56	135	153	223	227	137
FBGN0034684	38	18	15	36	11	18
FBGN0063498	0	14	1	6	19	10
FBGN0033000	1387	1835	1542	2645	3270	2462
FBGN0033579	88	40	24	61	26	33
FBGN0040658	418	479	497	147	371	158
FBGN0034565	4	12	0	28	0	16
FBGN0034278	15	14	5	3	11	40
FBGN0027589	78	44	28	36	36	26
FBGN0034335	373	509	490	644	876	735
FBGN0033640	4	16	2	0	0	11
FBGN0034994	37	27	40	32	50	16
FBGN0033945	102	148	106	252	129	159
FBGN0085228	0	0	17	2	0	13
FBGN0033883	1237	1424	1906	1533	2309	1250
FBGN0262948	1	9	0	0	1	0
FBGN0053137	29	46	4	84	34	17
FBGN0010357	48	18	54	236	194	239
FBGN0034723	3602	3950	4123	4543	7132	3897
FBGN0040005	2942	3755	3044	3833	4712	3935
FBGN0033029	20880	23609	22769	23983	31215	20363
FBGN0034617	2171	2659	2689	2482	3241	2447
FBGN0033865	28	11	25	2	26	5
FBGN0033235	4818	4598	5557	5634	7952	5044
FBGN0002791	2763	3026	3122	3480	5075	3240
FBGN0033244	3039	3358	3839	3241	5133	3066
FBGN0050016	24	55	13	29	14	25
FBGN0262114	11318	11631	12082	12671	19322	11523
FBGN0025827	10	1	0	0	0	5
FBGN0050398	45	63	16	62	28	47
FBGN0035068	18	14	18	41	8	22
FBGN0262845	3	6	1	21	2	4
FBGN0017558	714	996	752	1173	1913	1034
FBGN0034454	39	4	0	8	12	32
FBGN0033113	57	68	68	231	379	186
FBGN0034135	39	22	9	7	5	15
FBGN0028744	7399	8155	8449	10098	14784	9559
FBGN0050360	89	88	112	170	178	115
FBGN0262571	17	1	0	26	1	7
FBGN0034457	51	36	28	11	71	4
FBGN0033760	33	22	25	6	1	49
FBGN0033241	6603	6893	7554	6515	10762	6613
FBGN0050371	38	27	14	6	32	18
FBGN0265297	188986	207422	216577	197324	285441	190340
FBGN0020257	20439	20144	24159	21589	34735	19331
FBGN0033608	2082	2543	2071	2550	4133	2104
FBGN0283666	1140	1472	1176	1188	1937	1184
FBGN0266377	3324	3857	3620	3397	4779	2349
FBGN0285950	50908	64294	57262	53011	76972	47066
FBGN0003435	868	1413	840	664	332	1100
FBGN0034920	15	18	5	52	222	95
FBGN0050265	21	10	14	13	28	26
FBGN0034961	2034	2186	1647	2225	2852	1804
FBGN0033021	9526	11249	9032	12654	16646	11563
FBGN0260770	102	32	10	45	127	19
FBGN0050011	8623	9349	9047	10475	14723	9429
FBGN0034093	1196	959	1232	953	1457	1023
FBGN0053505	1485	2169	1840	2476	3636	2163
FBGN0034946	3915	4132	4720	4483	7062	3829
FBGN0262547	6	0	7	0	0	2
FBGN0033885	46	12	35	49	0	22
FBGN0001291	2693	3260	2933	2650	4299	2830
FBGN0004240	15	1	3	0	13	2
FBGN0040273	9164	10355	10198	10931	15205	9170
FBGN0034501	40	56	35	206	121	107
FBGN0003140	14	20	10	17	3	11
FBGN0034092	2	26	2	38	0	11
FBGN0033750	1007	1353	1345	1425	1883	1127
FBGN0041235	6	9	29	3	69	48
FBGN0261823	15527	16753	16440	16895	22346	13643
FBGN0033814	3510	3646	4362	3472	5502	3174
FBGN0025885	5878	7279	7233	5247	7911	5205
FBGN0045482	23	3	0	31	1	25
FBGN0263032	0	3	5	15	8	1
FBGN0050413	4	1	8	33	0	3
FBGN0029147	133	119	45	97	239	144
FBGN0033323	32	29	53	8	51	30
FBGN0085257	150	183	108	206	267	251
FBGN0028407	32	5	1	30	2	6
FBGN0033353	11	36	17	54	33	21
FBGN0033422	27	15	59	22	51	62
FBGN0284252	7922	8341	8615	7302	11578	6914
FBGN0262882	14	6	7	3	0	3
FBGN0267861	3351	3883	3651	3768	4729	3690
FBGN0085218	2	11	0	1	2	6
FBGN0034363	2	8	4	5	0	15
FBGN0035014	14	18	0	2	16	19
FBGN0022987	7156	7223	6821	7093	9365	6168
FBGN0033355	21	0	0	21	0	15
FBGN0033138	38	6	4	34	19	11
FBGN0262103	7389	6931	7431	7000	9281	5945
FBGN0034697	3421	4021	3925	4213	5050	3525
FBGN0284231	97	122	109	73	150	83
FBGN0013764	9727	10106	11507	10580	16338	10240
FBGN0034968	67613	76704	83371	80151	112186	66787
FBGN0011227	215	330	237	387	547	334
FBGN0028496	221	105	102	130	171	65
FBGN0033473	1966	2443	2364	2561	3934	2582
FBGN0034504	13422	16165	15862	14614	21394	11788
FBGN0034548	48	27	34	7	16	22
FBGN0033663	69721	79930	79163	54813	75833	49927
FBGN0033170	25	54	73	100	258	44
FBGN0033990	816	1012	812	901	1296	979
FBGN0050403	626	783	856	886	1333	793
FBGN0033679	99	95	44	181	538	143
FBGN0040763	117	136	54	126	158	128
FBGN0034387	91	34	1	22	28	14
FBGN0050021	70	62	88	80	91	93
FBGN0250868	875	920	764	1212	1677	1176
FBGN0033713	2197	2398	2633	2745	4049	2297
FBGN0028426	1750	1912	1978	2192	3053	2253
FBGN0053465	56	28	31	88	54	53
FBGN0284436	27239	27888	30275	31113	43933	27645
FBGN0033867	25	45	42	44	28	57
FBGN0010470	3728	4982	4286	3492	3682	3140
FBGN0050065	0	4	9	12	0	4
FBGN0033137	98	154	94	266	344	217
FBGN0034346	4579	5197	4885	5060	6389	4057
FBGN0033122	3914	3852	4777	4736	8183	4933
FBGN0010482	164	140	170	471	469	283
FBGN0263250	5	10	3	10	0	4
FBGN0034103	0	0	8	19	0	5
FBGN0040730	0	1	0	2	0	10
FBGN0034638	43	18	32	45	198	70
FBGN0034199	0	10	1	24	22	33
FBGN0050103	22	22	27	30	28	12
FBGN0034709	301	255	292	403	645	266
FBGN0033315	653	570	922	1122	1848	995
FBGN0003396	35773	38710	36163	36170	49860	28619
FBGN0034902	1714	1273	1933	1906	3214	1862
FBGN0034957	56	25	19	38	5	29
FBGN0035090	101	141	140	305	505	371
FBGN0034769	7	12	11	2	16	5
FBGN0034025	3731	3804	4228	4321	6107	3882
FBGN0025720	2960	3753	3822	3826	5623	3322
FBGN0033788	27	2	18	61	71	48
FBGN0266487	553	591	516	514	700	570
FBGN0000633	85	64	37	54	44	53
FBGN0034528	3254	3416	3041	3567	5755	3832
FBGN0033362	207	158	237	312	562	228
FBGN0287212	9	11	14	2	8	32
FBGN0004907	54519	65076	59438	68393	96624	61457
FBGN0033810	1076	1126	1262	1655	2207	1396
FBGN0265833	4	0	3	2	24	21
FBGN0050340	13	12	57	8	3	21
FBGN0263376	58	13	18	60	4	17
FBGN0034173	15	0	18	6	41	21
FBGN0002643	22988	26096	25143	17952	26894	17615
FBGN0033363	35	28	35	5	25	43
FBGN0034182	438	397	439	379	640	432
FBGN0286932	31	62	32	36	41	29
FBGN0085261	45	17	47	33	54	19
FBGN0034988	386	478	505	530	1114	537
FBGN0263020	4	6	5	1	20	23
FBGN0266083	15675	16988	16711	16584	23677	13895
FBGN0004581	122	94	86	150	129	88
FBGN0053140	761	1044	883	720	1099	603
FBGN0034731	20	19	22	13	15	28
FBGN0050349	6881	7598	7681	9506	11748	7521
FBGN0033397	41	18	20	24	52	29
FBGN0050382	14204	17598	17300	20194	28835	16889
FBGN0004055	2328	2882	2856	3913	4690	2762
FBGN0003067	5030	3689	4814	4224	5605	4520
FBGN0033815	38	9	22	2	14	38
FBGN0033730	872	990	1172	1243	1846	653
FBGN0026402	1765	2020	2374	2300	3123	2025
FBGN0034665	13	23	3	14	3	48
FBGN0034883	128	156	170	107	165	176
FBGN0265429	4	6	0	12	0	3
FBGN0085244	3	6	8	0	22	32
FBGN0033467	124	91	69	189	324	239
FBGN0085241	24	0	0	0	31	16
FBGN0015295	4476	4498	4960	5416	6948	4271
FBGN0033450	359	396	384	428	590	395
FBGN0033861	5	9	1	8	22	2
FBGN0033687	3	6	6	0	0	20
FBGN0033925	1255	1224	1448	1538	2096	1319
FBGN0035006	23	35	25	34	44	84
FBGN0034461	6	0	6	3	0	34
FBGN0034063	1505	1691	1491	1536	2333	1269
FBGN0034566	53	29	20	49	38	40
FBGN0033791	55	36	30	56	25	64
FBGN0034114	2363	2490	2183	2947	4463	2511
FBGN0050031	318	179	578	3913	4256	3741
FBGN0034705	505	686	741	939	802	636
FBGN0034195	16	14	12	47	28	29
FBGN0053632	5	3	6	6	0	7
FBGN0034647	17	49	8	18	0	30
FBGN0033354	4432	5001	4900	5442	7342	4378
FBGN0054040	36	27	10	23	8	8
FBGN0028382	1344	1458	1359	1662	2431	1587
FBGN0034062	803	694	1042	805	1307	853
FBGN0040754	487	834	650	704	900	903
FBGN0003130	457	492	388	588	843	404
FBGN0034002	2288	2919	2782	2633	3503	2683
FBGN0266186	1666	2179	2297	2244	3591	2123
FBGN0263114	3	13	4	22	0	7
FBGN0050391	6	3	6	1	36	8
FBGN0044020	456	669	640	616	980	591
FBGN0033264	8475	9092	9860	10729	15227	8491
FBGN0085488	6	8	21	46	28	29
FBGN0260995	5	10	3	22	5	9
FBGN0034391	386	457	378	1014	1461	805
FBGN0085213	25	22	8	0	16	27
FBGN0034105	2	2	0	4	1	36
FBGN0025583	6	13	0	0	0	8
FBGN0250824	135	208	216	93	59	78
FBGN0041205	3303	2815	3326	3592	4978	3094
FBGN0033033	4132	4018	4026	4786	7224	3894
FBGN0262889	3	3	0	8	0	2
FBGN0265180	1400	1683	984	2428	3703	2342
FBGN0035085	620	523	787	632	1036	516
FBGN0265342	10	6	12	4	13	11
FBGN0033524	43	48	7	44	45	33
FBGN0034899	40	1	1	42	21	52
FBGN0266433	21	7	29	0	2	0
FBGN0035089	5726	7266	7135	6850	9281	6180
FBGN0259209	145	177	68	729	874	579
FBGN0034272	65	11	47	18	33	28
FBGN0260799	12200	14635	11708	13562	16383	12246
FBGN0034139	43	15	12	2	46	39
FBGN0034008	368	505	435	542	579	417
FBGN0035019	22	9	36	39	16	28
FBGN0000448	731	1541	680	612	192	956
FBGN0034198	14	25	14	46	0	22
FBGN0033960	1242	1415	1513	1700	1705	1334
FBGN0040733	0	3	5	0	0	0
FBGN0033980	31	32	41	88	42	19
FBGN0014865	2	0	1	0	0	1
FBGN0261587	14	2	4	35	28	11
FBGN0050389	13307	13318	14091	11957	18003	10844
FBGN0012042	6	7	0	24	50	34
FBGN0262840	5	0	0	2	12	9
FBGN0033225	3303	3494	3549	4012	5893	3745
FBGN0034657	13081	12549	13595	15545	22635	12531
FBGN0033038	2258	2339	2177	2755	4756	2668
FBGN0033516	3	1	17	2	6	3
FBGN0033104	784	1091	882	1386	1748	1209
FBGN0027872	616	750	823	574	1150	625
FBGN0033261	930	1051	1195	1429	1579	1242
FBGN0033686	423	352	329	455	822	458
FBGN0034774	5	6	2	0	0	2
FBGN0033658	138	110	275	192	439	120
FBGN0050169	1628	1878	1764	1734	2482	1441
FBGN0263395	5140	5843	5812	5256	6339	4343
FBGN0035084	19	45	137	138	108	80
FBGN0035091	65	126	57	138	124	165
FBGN0086656	5676	6914	6356	7358	10253	6575
FBGN0034722	7427	8363	7901	8832	13353	8046
FBGN0034098	1268	1658	1436	1570	2422	1477
FBGN0267002	2024	2079	2147	2351	3684	2112
FBGN0034365	205	197	112	194	289	162
FBGN0033648	26	22	16	1	8	16
FBGN0034389	122	42	64	30	39	62
FBGN0262837	0	1	0	0	0	0
FBGN0035073	3115	3962	4035	4725	5693	3834
FBGN0005778	12	13	25	1	1	19
FBGN0035065	709	905	684	1089	1297	858
FBGN0033628	27	18	33	16	1	27
FBGN0061356	19	8	4	50	47	39
FBGN0034866	8	33	6	14	14	11
FBGN0005654	1040	1138	1105	1301	2000	921
FBGN0035001	26344	29236	29307	25323	35585	21798
FBGN0034542	2276	2934	2876	3025	3668	2381
FBGN0033661	33756	38381	36737	39207	62294	37277
FBGN0005655	14045	15448	16382	16870	26772	14857
FBGN0033897	9826	10972	10389	11708	16806	10222
FBGN0264089	36360	40132	40831	33940	46626	29329
FBGN0033499	9	3	0	1	0	35
FBGN0033382	1426	1344	1753	1115	1489	1017
FBGN0034745	52	61	35	24	16	30
FBGN0034470	132	277	120	254	274	143
FBGN0033274	33	100	70	104	108	78
FBGN0034763	803	848	971	992	1222	1117
FBGN0034263	27	5	8	8	2	9
FBGN0034540	1217	1345	1284	1073	1717	1009
FBGN0005586	13	21	11	14	13	18
FBGN0283450	5370	5816	6955	7541	11864	6955
FBGN0262791	0	6	0	0	0	1
FBGN0260456	3645	4537	4905	5188	7480	4381
FBGN0015561	20	80	90	80	122	64
FBGN0261990	28	13	19	85	38	34
FBGN0050364	8	14	8	6	1	27
FBGN0033483	566	681	664	577	880	569
FBGN0050342	2561	3005	2870	3275	4741	2535
FBGN0028687	11618	13569	13682	13978	18408	13905
FBGN0263697	2101	2582	2196	3002	4425	2575
FBGN0034560	13	22	8	28	1	23
FBGN0263849	68	33	44	38	48	69
FBGN0259977	67	40	69	77	80	83
FBGN0265046	32	1	13	2	0	10
FBGN0033968	1860	2705	2910	2155	2854	1709
FBGN0029084	344	382	276	484	741	417
FBGN0261989	74	65	23	105	64	70
FBGN0033347	56	89	84	134	115	129
FBGN0259710	5	2	13	2	37	12
FBGN0033028	4148	4897	4432	4451	5803	4069
FBGN0034442	440	587	501	655	531	442
FBGN0061361	1054	1103	1564	1345	2212	1232
FBGN0034573	2162	2535	3087	2607	3401	2459
FBGN0010516	4899	5531	6156	5646	6981	4277
FBGN0040759	0	11	0	5	1	5
FBGN0034368	5080	6111	5739	6045	8919	5569
FBGN0265313	21	26	25	18	64	34
FBGN0033850	35	6	16	10	25	6
FBGN0050015	14145	15047	15495	12142	16792	10230
FBGN0050272	14	10	29	48	44	20
FBGN0050355	19	0	0	8	7	0
FBGN0034840	30	19	8	4	30	41
FBGN0040666	731	734	894	970	1456	1271
FBGN0033871	362	372	261	637	615	367
FBGN0034191	323	263	230	346	500	365
FBGN0034670	37	8	31	2	0	39
FBGN0053012	74	71	23	10	42	69
FBGN0050395	68	51	19	53	12	47
FBGN0033309	3164	3374	3962	3815	4576	2867
FBGN0033437	36	72	38	67	102	92
FBGN0016078	1672	1682	1694	1991	2550	1666
FBGN0026401	24890	27925	24457	26578	36653	25948
FBGN0003891	34475	37153	35635	39519	52759	33525
FBGN0034974	8736	10154	9254	4934	6281	4472
FBGN0034464	32	5	15	0	0	7
FBGN0034744	1284	1217	1347	1615	2235	1199
FBGN0004168	32	46	37	72	14	31
FBGN0261625	219	123	225	230	179	147
FBGN0043536	9	18	1	20	0	3
FBGN0034033	499	332	376	666	642	467
FBGN0000057	1645	1851	2040	2115	3020	1700
FBGN0015544	3209	3346	3506	3844	5635	3480
FBGN0033884	682	888	750	963	1098	648
FBGN0033550	241	263	312	471	483	216
FBGN0040503	24	31	26	19	50	11
FBGN0250851	1071	1168	1145	1407	1632	1362
FBGN0033558	57	55	15	21	6	41
FBGN0035007	51	8	8	1	1	15
FBGN0025692	15	15	33	70	119	18
FBGN0053349	19	6	21	0	0	38
FBGN0085638	1489	2328	1800	1971	2551	2238
FBGN0004919	63	63	35	92	96	91
FBGN0033248	16	9	8	32	26	28
FBGN0050056	70	173	116	71	69	45
FBGN0263667	4538	4719	5089	5205	7630	4429
FBGN0020764	2290	2817	3070	2886	4910	2793
FBGN0261373	388	471	499	564	769	453
FBGN0034629	221	145	156	184	256	158
FBGN0033602	37	32	32	56	34	29
FBGN0033603	77	55	71	115	49	70
FBGN0035008	0	4	6	10	0	10
FBGN0033827	20	32	4	17	0	50
FBGN0034712	31	17	7	6	53	35
FBGN0262728	13	46	24	17	12	16
FBGN0264294	2709	3344	2960	3077	4687	3558
FBGN0033715	1115	1450	1492	1530	2197	1191
FBGN0034371	1129	1194	1382	1501	2044	1182
FBGN0005619	79	72	42	48	32	66
FBGN0260764	61	82	82	69	80	57
FBGN0261456	5223	5982	5899	6271	8615	5790
FBGN0029154	11	13	24	13	27	36
FBGN0286783	3856	4393	5029	3485	5278	2734
FBGN0033696	11	8	22	195	354	38
FBGN0034366	1330	1264	1225	1399	2179	1212
FBGN0033485	3990	4502	4573	5667	8409	5499
FBGN0034286	51	16	19	40	26	53
FBGN0260762	8	0	0	0	0	28
FBGN0034175	102	65	107	251	234	231
FBGN0002174	1980	2312	2779	2568	4758	2836
FBGN0034214	1462	1463	1468	1650	1996	1647
FBGN0050369	1	3	0	0	7	9
FBGN0033252	249	163	180	156	281	154
FBGN0001133	1575	1920	2101	2169	3241	1751
FBGN0085249	4286	4373	3163	3907	4749	3294
FBGN0263083	4	0	6	0	0	0
FBGN0265184	1121	1072	1021	1081	1620	992
FBGN0260429	37	31	23	14	33	46
FBGN0034506	41	22	40	25	42	49
FBGN0035036	2444	2928	2862	3423	4717	2720
FBGN0034611	1481	1726	1641	1950	2184	1627
FBGN0027507	4449	4939	4432	6486	8748	5566
FBGN0033140	15	7	4	5	8	0
FBGN0260775	261	289	359	331	458	389
FBGN0259876	16234	16895	17503	19442	26576	15731
FBGN0034758	7	19	36	18	65	24
FBGN0263934	17526	17815	18854	13574	17022	12213
FBGN0033600	16	14	25	256	112	239
FBGN0266723	745	1139	864	1279	1324	983
FBGN0034181	20368	22457	21666	20101	29780	17743
FBGN0034935	13	5	17	5	30	11
FBGN0067903	7	2	0	3	6	11
FBGN0063496	16	4	0	4	8	6
FBGN0013305	3072	4261	3668	3509	4476	2965
FBGN0260474	16	30	24	24	13	11
FBGN0259937	26255	30412	30672	33112	50118	30018
FBGN0034513	55	12	5	37	18	31
FBGN0034618	892	779	774	834	1719	784
FBGN0001187	20	65	9	118	35	1
FBGN0259202	714	705	861	999	1159	752
FBGN0050037	53	28	12	5	3	28
FBGN0010621	31288	33196	37784	35485	51362	31579
FBGN0286834	30	35	21	34	6	4
FBGN0011592	18273	21641	19469	14791	19683	15101
FBGN0033950	17	16	0	0	0	3
FBGN0034720	99	88	150	110	64	107
FBGN0034012	56	17	34	64	32	9
FBGN0263109	6653	6663	6565	5173	5943	5023
FBGN0033717	3814	3967	4108	4121	5534	3368
FBGN0033756	121	89	57	60	69	57
FBGN0034715	151	53	83	50	41	63
FBGN0286931	14	8	0	15	0	1
FBGN0028683	1035	1202	1022	1424	1986	1342
FBGN0083941	0	0	4	3	2	17
FBGN0034141	1659	1725	1916	2495	2949	1947
FBGN0034936	2169	2389	2574	2651	3679	2466
FBGN0034279	76	49	82	23	25	36
FBGN0033186	795	915	925	947	1530	715
FBGN0083936	7	1	8	0	2	0
FBGN0085234	60	12	17	50	7	16
FBGN0082585	670	728	772	925	1368	745
FBGN0034700	19	32	44	49	32	21
FBGN0053156	1327	1713	1766	1483	1896	1644
FBGN0015372	569	674	712	798	1116	612
FBGN0261016	89	90	49	114	66	79
FBGN0034168	40	4	22	37	18	1
FBGN0285949	72054	81705	79276	78003	110123	70734
FBGN0040734	5	2	0	0	0	0
FBGN0265576	61	77	45	19	46	17
FBGN0033952	25	11	16	2	38	3
FBGN0010638	3267	4395	3871	3649	5032	3194
FBGN0033464	137	117	90	133	445	106
FBGN0035059	1444	1340	1295	1819	2617	1570
FBGN0005612	3263	3765	3654	2734	4121	2905
FBGN0016726	20851	28626	26653	22943	32643	21195
FBGN0262574	4	4	4	9	11	7
FBGN0033665	483	394	535	454	612	364
FBGN0033221	32	38	26	67	33	88
FBGN0267351	4195	4086	4431	4607	6442	3583
FBGN0014469	520	621	763	1021	1403	1103
FBGN0033624	4818	5677	5777	5681	8514	5364
FBGN0034179	2521	3072	3092	1972	3400	2112
FBGN0002571	48	4	25	25	21	45
FBGN0034817	1615	1696	2028	2197	3549	1838
FBGN0288856	611	638	623	1002	1035	765
FBGN0023081	10579	11846	11433	12191	15708	10834
FBGN0261394	13704	16490	16651	15600	24102	14841
FBGN0263240	6024	6108	6339	5112	8724	4420
FBGN0034299	1690	1773	1672	2243	3516	2176
FBGN0034071	7575	8471	8352	7676	11310	7544
FBGN0034154	2	5	2	1	2	47
FBGN0035040	19	11	17	13	9	38
FBGN0034097	13	2	16	0	3	2
FBGN0085243	29	12	19	14	26	18
FBGN0034626	832	786	828	794	1166	740
FBGN0261975	1529	1988	1897	2565	3356	2269
FBGN0260475	851	729	739	910	1054	452
FBGN0025335	1355	1406	1725	1451	2461	1159
FBGN0043576	45	10	9	48	119	28
FBGN0011695	96	34	75	114	159	82
FBGN0035056	490	478	462	485	587	454
FBGN0034860	442	655	698	612	604	580
FBGN0034262	48	34	46	31	29	40
FBGN0033538	504	609	572	835	1086	725
FBGN0010238	13067	15261	15819	13729	19601	12916
FBGN0064237	34	26	8	99	300	110
FBGN0000405	16768	18297	19053	16828	24879	13554
FBGN0040491	39	30	17	4	0	4
FBGN0033820	18	64	32	233	402	171
FBGN0033702	94	133	115	197	285	113
FBGN0288686	11992	13105	13401	7404	8803	7196
FBGN0034580	11	5	33	12	65	19
FBGN0027558	2996	3614	3484	3924	4872	2864
FBGN0034265	990	933	814	1124	1878	1058
FBGN0027529	4966	5786	5997	5982	8147	5000
FBGN0033136	18	23	17	11	8	18
FBGN0033860	48	19	48	15	6	84
FBGN0028689	10430	11836	11982	12744	17485	12170
FBGN0053468	11	10	19	24	36	18
FBGN0286788	3733	3946	4460	4417	6344	3553
FBGN0267398	4627	5742	4301	5351	6333	5129
FBGN0259727	476	409	590	447	719	404
FBGN0034739	40	10	1	1	50	19
FBGN0033194	22870	24293	22522	26465	38010	23103
FBGN0020279	101091	110738	111708	108405	155354	94872
FBGN0034266	752	791	917	1201	1505	1050
FBGN0034419	1102	1367	1385	1349	2017	1236
FBGN0034599	759	880	1212	925	1594	820
FBGN0034459	47	24	31	12	10	64
FBGN0085227	10	5	17	4	0	8
FBGN0034455	821	1068	997	931	1219	752
FBGN0034500	1816	2089	1760	2005	2616	1728
FBGN0034543	791	936	843	1186	1579	965
FBGN0259742	1907	1765	1843	2038	2944	1862
FBGN0034853	4493	4503	5745	4651	8347	4274
FBGN0034325	14	9	4	4	0	8
FBGN0085264	10	16	12	0	4	14
FBGN0053463	182	216	116	172	173	144
FBGN0034493	572	640	427	578	997	706
FBGN0034563	7	0	7	1	0	4
FBGN0033657	24	61	37	90	64	69
FBGN0041234	14	13	2	10	16	28
FBGN0034377	160	167	98	169	261	155
FBGN0003977	10289	10611	11278	12170	17323	10027
FBGN0000337	21	3	30	11	18	9
FBGN0260012	11024	11847	12517	12726	18280	10890
FBGN0265626	18	66	76	35	2	30
FBGN0266525	384	464	406	472	685	469
FBGN0034196	7	26	4	2	0	15
FBGN0260455	15	12	28	17	0	45
FBGN0034474	18	10	0	3	0	0
FBGN0050385	522	752	643	573	773	414
FBGN0020370	18902	21333	21230	20224	29582	17258
FBGN0285917	58557	61506	63137	56553	80373	48020
FBGN0034725	826	1209	1177	961	1097	870
FBGN0034475	0	17	3	5	11	10
FBGN0027091	4434	5293	4670	5756	7576	4972
FBGN0033753	304	244	352	338	368	162
FBGN0027619	4961	5431	5324	6073	9317	5524
FBGN0011824	3068	3693	3208	3501	5411	3127
FBGN0023172	35389	38089	36987	35710	50618	31596
FBGN0259718	99	181	129	180	226	215
FBGN0032997	1952	2195	2189	3099	3732	2767
FBGN0040477	645	731	932	797	1319	669
FBGN0033286	32	33	14	0	16	22
FBGN0034748	1435	1758	1649	1891	2861	2021
FBGN0011297	933	984	1058	988	1685	833
FBGN0033491	1546	1783	1955	1919	2640	1519
FBGN0034839	4	9	4	0	2	6
FBGN0033587	10	0	5	5	48	14
FBGN0288433	279	164	193	241	246	202
FBGN0033943	101	24	26	29	44	44
FBGN0035082	1011	1230	1049	1788	2503	1890
FBGN0033984	3308	3535	3805	3185	4589	3262
FBGN0050051	287	305	288	222	311	167
FBGN0085250	36	22	2	61	4	37
FBGN0053919	84	28	64	71	82	16
FBGN0033356	1232	1333	1298	1381	1425	1200
FBGN0004638	3894	4425	3698	4671	6061	3775
FBGN0034229	88	50	59	331	174	454
FBGN0034180	5675	5723	5966	5650	7336	5003
FBGN0004463	4377	5594	5511	6322	9308	4802
FBGN0262619	4668	4887	5103	5598	7570	4766
FBGN0033652	5215	6673	6938	7991	11094	7059
FBGN0260991	24285	25700	26997	28204	42590	25653
FBGN0034176	4129	5018	5001	4757	6304	4699
FBGN0085236	16	7	0	3	30	5
FBGN0050020	10743	11378	11255	10449	15450	10173
FBGN0000426	4147	4333	3950	4933	6874	4880
FBGN0050357	314	319	361	277	533	210
FBGN0025519	2234	2504	2934	3358	4676	3342
FBGN0053470	18	36	11	35	48	27
FBGN0033698	12253	13254	13904	13208	18997	11857
FBGN0050280	29	23	0	11	42	11
FBGN0033578	62	32	64	70	108	75
FBGN0265178	4650	5344	5233	4075	6047	3218
FBGN0050354	79	58	50	49	55	38
FBGN0053554	37283	42851	35592	41624	53503	38957
FBGN0050049	105	50	81	67	35	57
FBGN0261276	8808	9082	9714	8732	12785	8376
FBGN0033101	2050	2250	2395	2801	3190	2095
FBGN0054021	4	0	0	0	1	5
FBGN0033734	640	957	978	956	1610	965
FBGN0020377	20	10	18	22	1	40
FBGN0034392	583	875	966	858	1390	766
FBGN0261705	302	412	486	329	407	171
FBGN0034402	330	400	459	332	532	408
FBGN0004003	2855	3612	3480	1459	1574	1588
FBGN0013770	9280	10410	10363	11015	16129	10039
FBGN0287478	9383	9671	9862	10682	14797	9274
FBGN0028738	178	160	174	370	491	187
FBGN0034259	3774	4840	5169	5821	8607	5125
FBGN0050058	21	18	13	0	4	4
FBGN0050147	5199	4925	4956	5471	7806	4659
FBGN0034471	2	1	2	17	0	6
FBGN0085239	3	12	6	0	25	0
FBGN0033821	5	7	2	1	0	0
FBGN0050472	12	6	1	6	0	4
FBGN0041582	2887	3200	3629	3015	4176	2701
FBGN0000566	4142	4584	4684	4901	7671	4637
FBGN0035043	16	26	1	22	39	24
FBGN0034322	47	20	2	7	13	3
FBGN0069056	36	47	28	29	59	8
FBGN0015714	336	366	375	253	234	197
FBGN0040007	7674	9567	8520	10592	13551	10477
FBGN0000615	132	129	106	156	204	182
FBGN0050457	226	170	115	111	67	111
FBGN0033199	925	928	1193	1393	1893	1009
FBGN0034800	506	491	506	966	911	789
FBGN0033301	4	11	13	0	1	2
FBGN0010620	14670	14883	16038	17756	27322	15430
FBGN0033327	66	9	9	23	105	22
FBGN0004435	3653	4698	4224	3845	4870	3448
FBGN0034158	3309	3829	3631	3925	5123	3252
FBGN0033543	377	368	485	658	673	397
FBGN0050053	54	44	9	43	2	25
FBGN0033426	1225	1381	1445	1532	1780	1062
FBGN0259221	3478	3836	3549	3497	5237	3098
FBGN0034870	21	6	0	0	0	21
FBGN0033395	36	26	11	823	327	1287
FBGN0020930	1766	1517	1968	1924	2585	1577
FBGN0034849	483	545	463	606	818	492
FBGN0033599	32	11	15	10	61	17
FBGN0033697	56	11	15	33	16	15
FBGN0034277	20369	24319	22614	19756	25927	18239
FBGN0050022	832	1123	817	921	978	842
FBGN0016762	394	507	348	645	1113	686
FBGN0261293	15	6	13	10	0	8
FBGN0033627	3727	4087	4320	4323	6126	3981
FBGN0034331	34	27	8	43	142	49
FBGN0050381	416	426	488	487	629	374
FBGN0034240	19468	22228	22339	22552	31890	18963
FBGN0003162	463	763	619	603	989	470
FBGN0050089	6524	6483	6551	6336	8414	4855
FBGN0010501	3533	3665	4022	3448	6032	3414
FBGN0266432	13	30	26	49	26	28
FBGN0020391	256	373	451	514	518	328
FBGN0021979	9047	9578	11142	10293	14710	8854
FBGN0050154	13	15	34	40	10	21
FBGN0034535	290	473	352	271	497	224
FBGN0050377	410	348	440	543	787	371
FBGN0085421	286	286	254	124	148	148
FBGN0287873	120982	144000	131339	124631	176681	112870
FBGN0034710	53	2	16	73	14	17
FBGN0033278	5	6	3	5	8	1
FBGN0033742	88	83	51	43	155	139
FBGN0034514	5	0	5	9	0	15
FBGN0003008	637	737	669	768	995	714
FBGN0262812	3	0	8	9	0	3
FBGN0033183	7994	8414	9542	8740	14073	8230
FBGN0033528	2072	2421	2298	2928	3561	2150
FBGN0034478	46	0	3	2	2	1
FBGN0013733	88604	97618	92819	86941	134070	72648
FBGN0041238	34	14	3	66	8	22
FBGN0034417	66	55	15	116	75	49
FBGN0033929	5259	5463	5866	6504	9571	5934
FBGN0053155	734	992	919	1012	1475	953
FBGN0053798	6	6	20	3	10	0
FBGN0263743	16	14	0	0	0	0
FBGN0033767	38	23	10	41	11	33
FBGN0034753	47394	53509	60632	47602	68792	43186
FBGN0003317	4465	4796	4981	4861	7101	3812
FBGN0034458	26	18	12	18	22	36
FBGN0020236	14626	15565	16623	15910	23345	13460
FBGN0034971	3158	3442	3187	3377	4494	3049
FBGN0002569	54	4	4	4	0	29
FBGN0034871	23	9	2	14	0	0
FBGN0034117	96	124	41	202	489	128
FBGN0034532	95	108	143	160	285	145
FBGN0033573	8	5	1	14	0	0
FBGN0033735	1362	1476	1703	1530	2383	1171
FBGN0264273	16510	18597	18221	14126	20324	12621
FBGN0034966	40	72	62	97	75	48
FBGN0041706	387	505	593	451	509	321
FBGN0017414	537	800	832	890	986	741
FBGN0010504	1815	2148	1887	1577	2186	1487
FBGN0033763	65	11	9	9	34	19
FBGN0033712	645	915	945	847	1224	978
FBGN0287767	4516	5070	4894	5438	7636	4629
FBGN0050098	14	26	12	19	27	12
FBGN0033828	6	0	0	2	2	10
FBGN0033187	3198	3581	3861	3956	4527	3266
FBGN0033364	19	6	36	6	17	14
FBGN0033090	400	496	607	679	541	375
FBGN0004360	1912	2158	2330	1092	1618	1524
FBGN0053143	50	38	28	5	50	16
FBGN0027607	3948	4254	4420	4203	5399	3668
FBGN0011746	5429	4946	5352	2642	4115	2752
FBGN0035009	1	13	3	7	55	13
FBGN0034903	3629	3338	3612	2834	3395	2178
FBGN0265836	6	0	0	0	0	11
FBGN0263033	30	20	18	53	24	9
FBGN0283625	19	13	5	16	11	62
FBGN0035033	6316	7017	7285	6545	9880	6042
FBGN0034898	10	11	4	19	1	12
FBGN0028562	80	79	27	61	46	68
FBGN0034689	1267	1223	1412	1340	2240	1105
FBGN0034327	204	460	199	293	459	280
FBGN0033755	3975	4734	4264	5011	6944	4343
FBGN0033740	2469	2890	2622	3249	4052	2435
FBGN0050192	8	0	2	6	18	0
FBGN0010651	2439	2731	2976	2751	2995	2124
FBGN0061197	16	12	19	23	66	10
FBGN0033174	483	500	498	852	1394	709
FBGN0005638	51	45	33	8	96	35
FBGN0015037	48	22	35	121	43	227
FBGN0033320	25	32	31	122	103	82
FBGN0026385	4	13	14	4	11	1
FBGN0035022	32	33	51	68	76	48
FBGN0033906	5787	6783	6472	6590	8915	6296
FBGN0034704	2288	2614	2362	2661	3708	2280
FBGN0034914	19501	22525	21882	20555	29927	19664
FBGN0033179	6964	7438	8502	9325	12575	7693
FBGN0050047	88	136	148	113	138	190
FBGN0034900	12	0	8	9	28	24
FBGN0265935	7537	7914	8453	8844	12403	7490
FBGN0267791	14049	15359	14799	14097	22156	12876
FBGN0260499	27	15	8	26	0	2
FBGN0034893	586	681	760	663	969	649
FBGN0033191	2096	2606	2856	3230	4393	2679
FBGN0243516	4761	4904	5100	4832	7498	4150
FBGN0050001	604	833	815	894	1319	878
FBGN0264329	4	0	2	1	0	0
FBGN0050008	22	18	33	62	7	10
FBGN0050286	5	21	0	6	26	18
FBGN0003975	14119	14854	16015	13640	20855	12112
FBGN0033139	22	14	15	10	8	8
FBGN0033205	200	294	289	233	532	211
FBGN0050269	93	28	53	39	79	69
FBGN0050421	4269	5055	4361	4535	7875	4536
FBGN0033919	10118	9002	10809	13860	20449	11369
FBGN0033375	662	872	800	1312	1793	1146
FBGN0033862	50	58	24	25	22	36
FBGN0033605	387	572	400	641	900	553
FBGN0034382	10	1	11	5	19	9
FBGN0259183	49	6	11	0	0	5
FBGN0033728	0	23	23	7	0	4
FBGN0259226	495	400	515	318	554	371
FBGN0034964	10252	11961	12078	14043	18438	12078
FBGN0034323	35	45	24	1	12	6
FBGN0033866	1840	1409	1936	1113	2026	726
FBGN0050277	26	41	26	49	28	40
FBGN0033636	81370	89724	86269	77617	113071	68219
FBGN0028411	1417	1910	1900	2179	3268	2103
FBGN0033283	667	651	498	409	509	438
FBGN0034882	36	2	8	33	2	20
FBGN0050101	61	53	18	53	31	46
FBGN0033893	245	301	140	132	200	114
FBGN0033989	1306	1306	1436	1837	2215	1753
FBGN0033569	2907	3145	3461	3239	4469	3239
FBGN0050344	619	748	764	684	1096	876
FBGN0033349	7293	8068	9645	7932	13570	7210
FBGN0033088	586	708	558	867	982	624
FBGN0003401	1056	1137	1369	1289	1689	1128
FBGN0015801	866	981	1124	873	1371	941
FBGN0033842	1158	1302	1374	1472	2265	1309
FBGN0034511	0	12	12	0	0	6
FBGN0033155	7273	7429	8396	7286	11410	6318
FBGN0034821	21	5	0	0	20	14
FBGN0034418	5059	5308	5840	5979	8580	4849
FBGN0033783	3182	3277	3410	3822	5510	3376
FBGN0040849	68	34	22	48	111	18
FBGN0033238	5	14	2	0	0	5
FBGN0035087	1778	2031	2022	2232	3319	1814
FBGN0001263	77	57	46	75	68	19
FBGN0033673	907	1330	1170	1438	1812	915
FBGN0034253	6122	7893	7422	18499	21685	18208
FBGN0267978	18527	21778	21123	21457	29068	18497
FBGN0042135	3136	3207	3025	2544	4150	2415
FBGN0033932	57	38	20	63	53	41
FBGN0034308	6407	7205	7866	7245	11428	6822
FBGN0001147	38	55	66	42	7	13
FBGN0016970	352	522	430	685	855	765
FBGN0034645	1458	1799	1660	1932	3007	1789
FBGN0033115	425	629	623	140	359	97
FBGN0263197	21731	23681	23613	21911	31032	18590
FBGN0034109	1651	1803	1936	1901	3115	1987
FBGN0050156	575	607	539	599	1017	505
FBGN0261119	7737	7975	8427	8715	11314	6953
FBGN0033699	77118	84424	90364	91968	130404	77394
FBGN0033556	1462	1906	1798	1760	2365	1713
FBGN0035031	57	140	84	107	44	77
FBGN0043532	17	20	17	34	0	1
FBGN0260222	838	671	813	1068	1442	726
FBGN0022764	73377	77201	77911	71941	105252	59745
FBGN0033069	9	9	33	3	10	8
FBGN0041712	243	268	189	168	173	52
FBGN0033141	2	7	19	3	2	10
FBGN0034247	11	10	0	4	0	19
FBGN0034671	4	7	8	3	5	8
FBGN0066084	33551	49590	31377	35347	44523	39191
FBGN0261363	120	150	125	119	175	140
FBGN0085414	54	27	31	58	22	37
FBGN0033112	6	1	12	26	27	32
FBGN0033607	3223	3376	3259	3127	4536	3054
FBGN0050411	15	7	6	3	0	8
FBGN0025709	163	75	55	69	43	40
FBGN0034451	1889	2120	2151	1884	3249	1674
FBGN0050025	356	164	586	3917	4445	3771
FBGN0034067	4342	4833	5442	5199	7776	4745
FBGN0003520	13216	14447	15358	10838	15802	8398
FBGN0015584	15	2	0	30	17	3
FBGN0034166	18	16	23	9	18	6
FBGN0034782	26	21	0	2	26	15
FBGN0026384	8	19	28	31	46	17
FBGN0034910	20	11	9	13	0	12
FBGN0015602	5002	6687	6218	7472	11128	6362
FBGN0033294	28	6	47	40	30	26
FBGN0287831	22	15	5	46	51	22
FBGN0033888	55	10	29	22	34	6
FBGN0034691	4648	4814	4700	4900	6662	4200
FBGN0033544	1804	1639	1681	1738	2623	1458
FBGN0029093	6148	7199	7802	7863	9965	6361
FBGN0262512	1173	1687	1495	1332	1888	1271
FBGN0034291	17	30	4	60	64	34
FBGN0033271	9	25	0	14	0	34
FBGN0087011	924	1112	684	958	1174	1230
FBGN0050274	14	16	19	24	14	12
FBGN0034485	38	15	21	26	17	7
FBGN0027356	2867	3246	2744	2397	3798	2101
FBGN0001124	5577	7007	7266	7708	9803	6173
FBGN0033184	1604	1673	1904	1896	3058	1858
FBGN0016701	2645	2494	2773	3104	4355	2753
FBGN0263707	0	1	6	6	0	3
FBGN0034127	59	14	20	43	16	62
FBGN0033160	10066	11464	12292	14928	20206	12091
FBGN0033798	6	16	2	0	7	11
FBGN0041241	82	118	45	86	70	35
FBGN0085428	4944	5497	5634	5347	9264	3824
FBGN0266811	5	3	0	17	0	18
FBGN0022097	2439	2825	2917	3264	3476	2426
FBGN0033421	900	1082	1078	1351	1868	995
FBGN0034906	9	22	3	11	0	19
FBGN0034267	113	57	31	71	293	105
FBGN0035064	1005	965	1039	1402	1921	1137
FBGN0034086	2607	2800	2398	2556	3479	2236
FBGN0267823	1034	1121	1281	1163	1543	1069
FBGN0260972	2133	2142	2451	2492	2825	1809
FBGN0265003	6203	7610	7144	7625	10454	6428
FBGN0034539	7	14	4	15	8	13
FBGN0033807	7	16	11	8	25	20
FBGN0034049	8304	9469	9483	8976	12717	7720
FBGN0026176	6	37	0	27	10	67
FBGN0033770	3	0	5	19	0	0
FBGN0023180	490	687	607	834	934	619
FBGN0050365	39	11	0	6	10	14
FBGN0034654	11729	13631	15392	13344	20060	11142
FBGN0053680	26	23	8	19	5	14
FBGN0034132	10	8	9	5	6	31
FBGN0050018	15	9	16	12	0	24
FBGN0001222	8246	8397	8101	8362	11556	7474
FBGN0033876	36	24	14	53	81	52
FBGN0033005	5860	8054	6345	8978	11215	7458
FBGN0033659	26	21	7	116	108	69
FBGN0027535	2870	3201	3292	2810	3845	2487
FBGN0262480	20	5	3	45	12	2
FBGN0034052	8	1	6	26	24	14
FBGN0034246	12970	14097	15093	15579	21429	13026
FBGN0266129	104	43	73	71	23	78
FBGN0021825	4785	5408	5258	5704	8970	5444
FBGN0050263	234	112	71	117	117	132
FBGN0039993	3843	4323	3883	6152	8424	5632
FBGN0034415	4	10	15	14	4	8
FBGN0034579	920	1141	905	1533	1629	1192
FBGN0020307	9593	8789	9617	7677	11905	7490
FBGN0010359	358	189	603	4033	4477	3871
FBGN0034407	0	8	5	3	18	0
FBGN0015038	55	8	0	48	74	6
FBGN0024319	49	4	21	20	24	33
FBGN0085240	0	1	5	0	20	0
FBGN0265272	82	76	80	97	43	55
FBGN0033818	32	19	17	33	4	52
FBGN0034692	19	13	24	17	44	24
FBGN0015371	15222	15125	16896	19167	28602	15676
FBGN0069913	31	13	28	0	60	36
FBGN0033449	1080	1268	1170	1422	1921	1138
FBGN0010590	5085	5873	5696	6219	8374	5206
FBGN0034413	16	10	3	15	0	0
FBGN0034724	2145	2587	2402	2283	3171	1940
FBGN0033063	65	17	23	39	15	26
FBGN0050376	15	6	7	12	0	34
FBGN0050185	1111	1419	1419	1491	2196	1328
FBGN0034022	7125	6876	7904	6906	10352	5682
FBGN0001269	7978	7786	8511	7736	12157	6981
FBGN0263850	41	77	36	35	32	19
FBGN0067905	2	0	0	0	0	0
FBGN0085246	3	3	15	5	2	1
FBGN0262821	18	30	18	30	59	14
FBGN0033226	1301	1194	1329	1455	1969	1244
FBGN0050082	18	2	14	40	0	1
FBGN0033250	31	37	23	36	20	30
FBGN0013762	957	974	1311	1138	1424	854
FBGN0046999	20	4	0	8	0	12
FBGN0034380	2183	2467	2457	2105	2713	1934
FBGN0034885	48	36	23	119	126	58
FBGN0034200	86	88	41	270	350	177
FBGN0046294	27	3	6	30	42	5
FBGN0020617	76	52	27	27	63	47
FBGN0058263	1251	1453	1033	1797	2624	1769
FBGN0011704	9462	9839	10789	10288	13231	8566
FBGN0034405	10897	11135	11571	12090	17486	9556
FBGN0034275	14	21	19	43	24	30
FBGN0002552	5860	6289	7099	6889	9243	5808
FBGN0085231	21	7	12	14	22	4
FBGN0023170	10120	14925	11871	13957	19848	14530
FBGN0050281	30	8	9	0	6	12
FBGN0042098	24	22	6	12	31	15
FBGN0033554	47	43	127	164	382	95
FBGN0033775	30	15	4	24	0	34
FBGN0034948	1963	2331	2366	2265	2982	2108
FBGN0033802	7112	7684	7624	7240	9810	6376
FBGN0033748	1502	1243	1418	1124	2266	1031
FBGN0013765	9167	9586	9658	9790	15058	8720
FBGN0034242	3103	3258	2976	3789	5685	3834
FBGN0054033	0	0	0	8	0	4
FBGN0040653	8	7	3	16	10	3
FBGN0034372	3855	4569	4581	4580	6579	4197
FBGN0050259	55	31	11	23	4	31
FBGN0033963	77	68	24	26	58	62
FBGN0053225	24	42	16	66	1	34
FBGN0034828	27	18	45	70	43	31
FBGN0050157	279	212	292	242	379	207
FBGN0033515	21	21	39	37	15	45
FBGN0262838	1	8	12	1	3	2
FBGN0050469	26	29	18	36	2	28
FBGN0033996	1551	1655	1544	1429	1912	1599
FBGN0034183	24	21	18	8	28	58
FBGN0015838	7706	8830	8476	8228	10974	7291
FBGN0034197	25	51	42	8	49	21
FBGN0033703	0	12	9	0	0	3
FBGN0263855	15205	16060	16499	17891	22033	13976
FBGN0033853	2340	2852	2737	2093	3081	2037
FBGN0034137	45	18	24	137	263	152
FBGN0262098	0	10	0	0	0	0
FBGN0021795	5593	6587	7293	7666	9846	6848
FBGN0050503	372	297	297	407	627	256
FBGN0016059	24236	27812	26416	22387	32501	20788
FBGN0086356	8402	8461	9579	10457	16436	8754
FBGN0010356	2023	2276	2576	2646	3826	2024
FBGN0283508	102423	101555	111256	155258	221939	140245
FBGN0033826	21	37	7	57	132	2
FBGN0033995	1070	1315	1224	1340	1842	1300
FBGN0263593	6162	6687	7191	7130	12039	6756
FBGN0034837	79	58	85	183	184	131
FBGN0025373	5197	5371	5363	6362	8393	5823
FBGN0263864	5311	5852	5732	4758	7451	4611
FBGN0034480	13	2	17	16	20	33
FBGN0264541	18	0	1	0	0	0
FBGN0033520	225	119	167	286	306	222
FBGN0033688	53788	58599	57553	59757	81795	50091
FBGN0033631	7970	9150	9760	6117	8106	5611
FBGN0034304	1872	2307	2614	2277	3615	1983
FBGN0034963	1102	1579	1131	1465	1703	1494
FBGN0034585	5067	5440	5815	5371	8963	5164
FBGN0034894	384	419	411	409	796	506
FBGN0033202	0	6	11	10	50	11
FBGN0034919	561	683	568	865	1166	814
FBGN0033357	815	1110	840	1034	1209	890
FBGN0033153	420	448	379	308	340	358
FBGN0033508	4	8	8	6	13	19
FBGN0004839	5138	6065	6153	4749	6423	4175
FBGN0026326	5504	5539	5251	6378	9169	5273
FBGN0026316	3181	3275	3289	3295	4752	3089
FBGN0035025	2086	2384	2317	2943	4221	2445
FBGN0000043	56774	65854	62459	62775	87707	51180
FBGN0265187	219	280	367	215	395	348
FBGN0034001	651	611	513	760	1000	677
FBGN0034642	15	18	13	30	24	3
FBGN0003748	3141	2774	3103	4007	5895	3349
FBGN0034136	74	35	19	35	4	49
FBGN0034694	1301	1305	1478	1459	1806	1156
FBGN0033188	5068	5475	7050	6916	10452	6583
FBGN0086895	5118	6103	6005	6047	8649	5330
FBGN0016047	89	52	82	59	81	87
FBGN0033754	635	718	715	1201	1385	1071
FBGN0034057	1732	2025	1849	2291	3093	2150
FBGN0043535	16	0	0	0	0	19
FBGN0034425	1128	1169	1279	1601	2304	1239
FBGN0033280	6	8	3	0	19	18
FBGN0085468	1033	1418	945	1420	1678	1191
FBGN0034144	35	18	11	16	1	25
FBGN0034999	114	163	112	342	220	149
FBGN0050043	60	40	51	66	87	48
FBGN0033259	2385	2630	3023	2887	4301	2604
FBGN0050446	68	31	12	14	22	23
FBGN0052834	44	4	16	16	14	4
FBGN0085265	7	0	0	6	0	21
FBGN0027360	2354	2382	2354	2739	4430	2592
FBGN0034432	4896	6007	5581	6419	8462	5321
FBGN0034976	8828	10020	9549	9624	12208	8108
FBGN0034296	45	96	47	40	56	42
FBGN0013763	643	714	668	2445	4376	2160
FBGN0265625	25	20	18	20	32	36
FBGN0050044	23	11	9	33	8	15
FBGN0050046	86	63	16	81	232	127
FBGN0034713	11	2	11	6	9	0
FBGN0011743	43	10	6	10	1	21
FBGN0033774	33	46	16	49	99	36
FBGN0043575	30	4	1	67	42	121
FBGN0034330	2	4	0	0	0	11
FBGN0050288	24	17	17	25	68	37
FBGN0034933	2439	2613	2392	2688	4159	2788
FBGN0050110	13	10	12	18	33	7
FBGN0000562	9108	9771	10387	9976	14527	8516
FBGN0000119	31029	33080	33520	33298	49584	28136
FBGN0034013	5409	5737	6161	5704	8040	4725
FBGN0010385	7	8	23	24	20	14
FBGN0061435	5	1	1	0	0	5
FBGN0053474	66	51	3	22	0	24
FBGN0027073	109	214	147	128	190	119
FBGN0033834	74	61	42	18	42	89
FBGN0033926	10029	11443	13124	21393	31790	18950
FBGN0022288	4937	5431	5478	8739	12174	7221
FBGN0041239	26	26	6	16	143	32
FBGN0262566	12	13	8	28	19	12
FBGN0262115	4770	5371	4913	6129	8832	5924
FBGN0053199	174	282	231	248	452	271
FBGN0014009	2801	2912	2928	2502	3739	2267
FBGN0034301	201	176	180	172	299	272
FBGN0010591	2306	2483	2892	2803	4231	2489
FBGN0034283	20	8	35	2	8	21
FBGN0266488	227	213	150	107	219	159
FBGN0284245	655533	729174	792770	683933	983985	598970
FBGN0034489	72	14	15	0	69	56
FBGN0029134	8381	9366	9819	10027	14759	8653
FBGN0050424	36	16	32	10	46	52
FBGN0000352	7938	8613	9336	9164	13750	8091
FBGN0034923	2932	3090	3561	3408	5234	3023
FBGN0034884	6	26	11	40	0	28
FBGN0034270	432	356	339	513	841	449
FBGN0024836	28828	33310	30811	26853	35583	21888
FBGN0010425	19	19	45	173	305	164
FBGN0034399	1414	1483	1582	2721	3514	2210
FBGN0033580	4	36	0	0	46	15
FBGN0010226	20017	21165	22371	13710	20452	11793
FBGN0034328	3	9	36	4	0	20
FBGN0053460	49	17	34	26	20	16
FBGN0053462	13	2	2	12	0	10
FBGN0033731	486	677	572	3567	4674	3254
FBGN0034447	3254	3716	3429	3771	5510	3816
FBGN0003612	13976	14322	15452	14956	20918	12313
FBGN0259707	278	147	252	217	299	196
FBGN0033614	28	3	28	6	28	3
FBGN0033716	1796	1825	2305	2225	3123	1835
FBGN0034255	77	105	54	47	63	27
FBGN0263270	0	23	9	0	1	31
FBGN0033638	7091	7686	7283	5567	7116	5217
FBGN0261588	7790	8914	8781	6462	8614	5326
FBGN0050072	13	7	0	2	16	11
FBGN0033052	7562	7786	8054	7797	10634	6722
FBGN0003074	7721	7997	8688	8302	11538	6585
FBGN0010435	9270	10099	10106	8906	12448	7134
FBGN0026386	16	6	27	14	0	8
FBGN0033339	18399	19066	18155	19216	25753	16491
FBGN0034649	2514	2583	2505	2746	4295	2467
FBGN0262360	2	0	1	32	0	12
FBGN0023167	6109	7597	7052	6060	10952	6276
FBGN0033207	2	1	0	0	26	2
FBGN0033206	1526	1911	2029	2112	3161	1712
FBGN0042085	20538	20880	21007	24449	35379	20465
FBGN0033085	221	264	331	306	340	421
FBGN0033874	50	24	8	16	6	61
FBGN0265605	591	535	652	646	705	436
FBGN0034058	555	504	762	1032	1341	850
FBGN0035000	19	37	20	38	71	9
FBGN0050419	44	4	6	6	10	10
FBGN0034083	12365	13171	13718	12802	16520	10177
FBGN0011260	23196	26554	24430	22875	30059	19350
FBGN0040778	252	245	204	301	512	273
FBGN0015034	40	37	36	17	61	53
FBGN0061359	5644	6587	7117	7537	11218	6104
FBGN0035026	4492	4902	5358	4579	7711	4534
FBGN0050441	7	9	2	8	8	13
FBGN0050495	85	98	75	85	115	81
FBGN0266671	2025	2192	2409	2154	3483	1853
FBGN0262867	367	323	368	176	318	196
FBGN0024188	2977	3652	3325	5227	6360	4418
FBGN0034661	105	152	264	260	390	232
FBGN0262988	31	6	12	0	3	16
FBGN0283494	8388	8449	10194	11909	17095	9564
FBGN0003382	146	159	118	92	52	139
FBGN0033799	114	165	216	76	112	41
FBGN0022382	1508	1551	1709	1537	2107	1302
FBGN0033899	1492	1625	1513	1575	2295	1583
FBGN0034911	99	97	22	48	106	135
FBGN0041581	11	12	11	33	18	49
FBGN0261584	36	33	40	77	69	23
FBGN0050161	42	0	2	0	0	15
FBGN0033751	4475	4923	5279	5374	8045	5336
FBGN0021814	2176	2701	2762	2579	3620	1934
FBGN0034317	18	0	0	8	7	2
FBGN0013750	2966	3792	3374	3701	5512	3338
FBGN0033571	3435	3856	4476	5180	6476	3631
FBGN0262594	0	4	7	8	23	0
FBGN0034460	9	4	9	0	0	13
FBGN0050109	343	310	418	373	579	414
FBGN0035060	9971	11655	12900	12377	19137	10218
FBGN0085229	527	651	368	940	911	621
FBGN0260763	166	200	155	91	256	110
FBGN0034314	511	696	683	704	1183	762
FBGN0034546	9	7	8	20	5	9
FBGN0033471	2177	2756	2586	3404	4986	3374
FBGN0033403	57	111	34	128	78	126
FBGN0015477	13884	15648	14736	15502	22307	13627
FBGN0250830	5461	6385	5399	8424	11245	7877
FBGN0050273	32	36	29	49	99	16
FBGN0033794	32	30	24	46	89	41
FBGN0262817	12	1	0	2	0	0
FBGN0035035	736	745	1094	902	1326	867
FBGN0265631	4	0	0	2	0	14
FBGN0004101	6943	6475	7357	5102	7965	5332
FBGN0034354	2208	2588	2714	3103	3872	3046
FBGN0266047	52	107	67	110	74	34
FBGN0050067	2	11	23	5	0	22
FBGN0034205	74	21	15	16	8	8
FBGN0003731	37032	40983	42229	35632	52697	31933
FBGN0086408	146	119	158	72	44	114
FBGN0043533	10	3	0	0	16	0
FBGN0033901	8489	10023	10367	11864	16555	10309
FBGN0005631	11671	11786	11837	10595	13507	9014
FBGN0053558	13848	13638	13314	10977	15957	9715
FBGN0028836	4259	4793	4788	5238	7322	4672
FBGN0029092	5725	6588	6341	5048	7047	4896
FBGN0286782	255	254	244	320	263	285
FBGN0033413	958	1141	1248	1345	2037	1080
FBGN0040660	9426	10301	10866	9343	14436	9531
FBGN0262966	1	0	8	0	0	1
FBGN0010241	94	48	26	85	49	81
FBGN0033062	20301	23293	21512	20850	30616	20734
FBGN0027504	10614	11337	11125	11035	16375	10255
FBGN0033988	3921	4173	4761	4322	5996	3617
FBGN0033154	106	49	83	34	220	71
FBGN0033502	19	10	22	37	71	35
FBGN0033268	38	35	33	17	97	14
FBGN0033313	52501	57946	57104	60513	83263	51416
FBGN0261580	11	0	13	43	22	1
FBGN0034938	949	1363	1218	1097	1851	1176
FBGN0034452	1284	1293	1279	1208	1766	1003
FBGN0034379	1200	1423	1412	1398	1886	1152
FBGN0286873	7	0	0	0	8	5
FBGN0286876	1	1	4	8	0	18
FBGN0034518	283	414	376	482	937	537
FBGN0283509	5402	5917	5971	6466	8775	5381
FBGN0265185	22	12	24	18	39	39
FBGN0010434	50297	53263	55258	55264	84560	46604
FBGN0086129	10002	11923	11249	9933	14225	9883
FBGN0050486	40	28	49	49	34	37
FBGN0034131	12	13	8	8	0	1
FBGN0034646	3475	4056	4140	5158	6385	4117
FBGN0259738	29	36	27	32	7	13
FBGN0034636	2041	1963	2158	1540	1662	1139
FBGN0033369	27	12	31	0	0	31
FBGN0050104	55	108	44	14	62	33
FBGN0034106	63	10	9	53	23	30
FBGN0265177	383	671	644	881	898	823
FBGN0053627	45	2	0	10	19	0
FBGN0010213	3702	3972	4572	3870	5164	3140
FBGN0033296	26	4	2	70	41	37
FBGN0034793	1280	1308	1559	1567	2065	1658
FBGN0033667	79	102	160	197	198	201
FBGN0263077	1219	956	961	1066	1474	990
FBGN0033440	39	43	6	2	48	28
FBGN0085486	21	2	24	7	0	16
FBGN0004921	3170	3254	3412	3376	5007	3408
FBGN0015721	3	17	60	33	0	22
FBGN0033961	1591	1705	1516	1833	3414	1882
FBGN0033257	61	45	27	55	50	16
FBGN0034394	50	17	5	33	46	30
FBGN0265538	0	0	0	0	0	4
FBGN0033738	4573	5169	5142	5703	8080	4909
FBGN0261545	1897	2418	2425	2062	2940	2085
FBGN0034706	5821	6054	7523	6662	9844	5154
FBGN0028371	32406	33402	35558	37628	55399	32416
FBGN0011604	21304	22689	23890	24724	36043	21735
FBGN0062440	994	998	784	1487	2200	1252
FBGN0033644	39	6	0	29	49	39
FBGN0027054	4170	4345	5043	5145	6927	4766
FBGN0262819	4	5	2	4	14	5
FBGN0000326	1316	1213	1421	1595	1829	1125
FBGN0085223	19	0	27	6	9	8
FBGN0261786	3936	4050	4001	4749	6789	4326
FBGN0033081	6453	6087	6909	7011	10054	6370
FBGN0053198	648	780	733	605	916	625
FBGN0033279	9	6	2	7	0	10
FBGN0033177	1917	1943	2280	2195	2831	1840
FBGN0024232	116	90	136	144	225	120
FBGN0033210	2942	3279	3406	2884	4964	3089
FBGN0050187	275	359	510	471	605	471
FBGN0035024	5413	5464	5385	4913	7999	5281
FBGN0034329	16	2	12	16	1	5
FBGN0040777	6896	8938	8498	6980	9715	6195
FBGN0263084	9	10	0	3	0	2
FBGN0025352	9389	11220	11416	11086	15176	8989
FBGN0262476	89	57	22	61	36	63
FBGN0034403	1638	2145	1979	2092	2648	2067
FBGN0050158	8	15	14	10	2	9
FBGN0050383	183	264	260	522	598	458
FBGN0034487	32	29	22	20	0	24
FBGN0022986	6781	7549	7514	7885	11007	7040
FBGN0034515	15	38	4	31	16	12
FBGN0034973	0	2	0	0	0	0
FBGN0033135	21	22	6	0	0	0
FBGN0034021	2943	3167	3399	2840	4418	2584
FBGN0033766	9913	10836	10551	12516	16800	10369
FBGN0050120	34	70	36	32	124	70
FBGN0041579	7	7	14	22	16	8
FBGN0004580	36	37	1	86	40	5
FBGN0033055	2654	3228	3274	2808	4839	2643
FBGN0259678	47	78	37	17	213	78
FBGN0261853	0	5	0	0	0	0
FBGN0035003	12	18	4	28	0	13
FBGN0262570	35	35	27	47	36	18
FBGN0013467	12	10	0	16	13	16
FBGN0259985	1427	1505	1619	1785	2185	1259
FBGN0033443	307	326	396	437	548	380
FBGN0050356	57	12	18	27	86	18
FBGN0034096	7	10	2	16	16	33
FBGN0010549	1161	1252	1099	2476	3796	1542
FBGN0259211	47211	48501	49644	46186	64240	39399
FBGN0034577	5707	6354	5851	5678	7828	5074
FBGN0053964	882	925	860	925	1989	853
FBGN0033484	75	61	73	40	28	40
FBGN0033970	9	41	24	0	31	2
FBGN0050083	23	37	7	16	6	9
FBGN0261854	9540	10696	10425	10042	14447	8864
FBGN0085408	25050	25969	27386	27628	39081	20890
FBGN0033351	3778	4324	4303	3981	6653	3861
FBGN0033789	4	5	0	41	19	18
FBGN0033785	3796	4698	4397	3617	3473	3630
FBGN0033905	284	229	326	447	490	319
FBGN0034844	53	28	40	23	56	12
FBGN0003091	115	145	93	118	25	48
FBGN0028561	40	45	50	29	0	19
FBGN0022027	878	962	967	1530	1981	1295
FBGN0027495	7122	7318	7727	9380	13724	7807
FBGN0002567	614	846	876	508	538	402
FBGN0050392	756	780	657	616	997	824
FBGN0034545	23	6	2	11	0	2
FBGN0033724	146	94	88	130	114	165
FBGN0085425	25	40	29	126	164	106
FBGN0033886	9934	11491	12182	11426	16564	10482
FBGN0028424	36	2	46	29	70	104
FBGN0033168	0	1	1	0	0	7
FBGN0034351	1673	1796	1706	1947	2884	1768
FBGN0261596	49306	57295	55572	51699	71513	44593
FBGN0034032	1209	1154	1364	1250	1340	832
FBGN0034605	196	173	168	142	312	86
FBGN0046692	1430	1897	1446	2029	2294	1730
FBGN0250822	3	0	1	3	10	0
FBGN0020312	4943	6062	6572	5716	7960	4893
FBGN0005648	8131	10684	9658	9637	14282	8250
FBGN0050287	25	18	16	27	58	24
FBGN0010052	30	42	36	9	10	8
FBGN0063497	52	146	51	218	304	122
FBGN0034624	11	11	5	0	19	71
FBGN0259728	321	327	359	462	553	427
FBGN0033708	62	47	62	74	44	69
FBGN0033566	2815	2872	2722	3337	5033	2566
FBGN0003527	25	1	35	13	0	10
FBGN0263116	42	16	4	18	3	23
FBGN0035023	1233	1219	1130	1616	1837	1358
FBGN0041240	17	3	2	0	1	6
FBGN0263076	61	49	31	40	27	40
FBGN0033769	377	579	562	529	646	624
FBGN0035039	868	1082	982	1479	1781	1108
FBGN0033557	3675	4517	4683	4775	6886	4239
FBGN0033402	2590	3468	2870	3172	4650	2678
FBGN0033969	22	14	6	5	0	64
FBGN0033887	12	11	2	12	21	11
FBGN0034717	41	31	73	67	64	28
FBGN0034639	43	35	41	33	51	13
FBGN0042180	806	789	892	762	923	623
FBGN0029105	36	52	29	0	23	30
FBGN0034324	11	11	19	15	7	13
FBGN0053458	6	8	3	19	1	18
FBGN0034072	16129	17455	17153	20420	27542	17973
FBGN0033340	570	700	651	1204	1624	1236
FBGN0034650	2168	2003	2059	2747	3549	2008
FBGN0034664	10	3	16	7	0	5
FBGN0259682	75	94	104	395	596	321
FBGN0005636	960	1171	1317	1377	1994	1063
FBGN0259709	46	99	49	39	130	78
FBGN0039969	1508	2060	1697	1671	2305	2022
FBGN0033507	1342	1710	1669	1995	3093	1921
FBGN0263848	31	8	0	1	26	13
FBGN0050343	62	99	86	121	224	142
FBGN0033479	606	643	665	796	719	695
FBGN0040732	25	88	64	295	845	185
FBGN0015247	2557	2441	2860	3085	4458	2400
FBGN0034510	0	6	7	10	0	14
FBGN0010488	66917	76646	75766	70393	101313	63999
FBGN0033792	44	30	40	25	76	36
FBGN0014870	16107	17973	18682	16988	24911	15064
FBGN0034479	164	105	140	253	220	203
FBGN0050285	34	14	21	55	75	45
FBGN0033391	2927	3331	3470	3502	4731	3143
FBGN0026136	19	8	18	13	12	19
FBGN0050172	3	15	0	2	1	14
FBGN0034060	5327	5838	6189	6137	8516	5329
FBGN0085426	48	18	32	28	14	40
FBGN0034908	2266	2415	2183	2553	3321	2154
FBGN0035021	1973	2179	1948	2310	3390	2324
FBGN0058191	4102	5462	4981	5313	7177	5085
FBGN0033222	20	20	11	0	79	7
FBGN0050418	1932	2077	2303	2391	3629	2064
FBGN0050461	6	28	5	4	0	23
FBGN0050476	286	422	271	436	599	485
FBGN0259210	103	88	43	51	26	81
FBGN0034364	31	17	16	29	31	11
FBGN0040736	15	0	16	7	63	0
FBGN0034602	5	38	8	11	29	32
FBGN0033032	5360	6692	5512	6940	7903	6002
FBGN0033875	1107	1638	1543	676	725	569
FBGN0034439	53	30	28	156	11	35
FBGN0004795	75	34	74	90	71	44
FBGN0004362	68505	72776	73357	62519	99908	69735
FBGN0033204	39	28	15	20	42	12
FBGN0262583	76	57	18	10	48	57
FBGN0033591	21	4	24	4	14	15
FBGN0034420	2868	3354	3376	2958	4077	2581
FBGN0259187	18	36	27	7	10	32
FBGN0287775	20111	22449	24114	22139	31878	19096
FBGN0267792	553	516	454	746	1210	674
FBGN0033701	2	6	0	1	0	8
FBGN0000715	2	5	14	30	0	15
FBGN0034982	4558	5377	5747	5411	7182	5519
FBGN0034918	2103	2054	2585	2284	3719	2641
FBGN0028955	82	102	90	69	136	76
FBGN0028372	1070	1117	951	1019	1728	896
FBGN0021847	2174	1895	2096	2203	3133	1810
FBGN0033523	658	912	754	1313	1622	897
FBGN0033727	1	11	14	22	5	19
FBGN0033427	1870	2258	2282	2247	3429	2420
FBGN0016984	7391	7896	8285	8148	11654	7551
FBGN0034582	16	14	17	30	1	21
FBGN0035083	5694	6125	6714	7722	10166	6086
FBGN0026403	94	70	48	146	160	129
FBGN0033372	1684	1646	1666	1543	2754	1320
FBGN0050073	39	0	23	18	0	12
FBGN0262026	1532	1446	1753	1429	1779	1250
FBGN0034683	21	24	8	41	14	22
FBGN0033547	366	365	440	671	506	403
FBGN0010228	25966	33312	32693	19605	28533	20069
FBGN0050075	7	5	9	13	11	9
FBGN0033307	7	17	7	10	0	6
FBGN0053998	10	1	0	4	0	1
FBGN0033998	29374	31237	33343	34161	46993	30680
FBGN0086358	4003	4346	4254	4652	6079	3919
FBGN0004400	242	410	329	260	216	337
FBGN0033629	31	13	21	17	0	43
FBGN0050076	58	6	8	32	12	26
FBGN0013771	27	22	22	10	10	47
FBGN0264330	9	3	0	0	0	0
FBGN0033490	93	87	159	122	293	116
FBGN0034854	7799	9410	8691	8048	11052	7129
FBGN0033726	4	16	8	6	24	10
FBGN0042198	5	1	0	3	8	8
FBGN0053147	53	21	14	48	17	50
FBGN0033723	0	5	4	17	4	13
FBGN0034743	68381	74584	83859	73292	106235	64694
FBGN0034429	12	15	4	16	1	18
FBGN0013954	16137	16443	17722	19953	27462	17983
FBGN0026721	193	254	247	340	655	358
FBGN0034204	67	75	59	129	235	243
FBGN0001276	764	858	906	982	1298	851
FBGN0033448	22	71	89	6	34	72
FBGN0033935	1017	1116	1087	1666	1774	997
FBGN0021872	13594	14751	16005	12421	16321	12244
FBGN0260932	78	154	141	196	176	154
FBGN0034231	1189	1381	1187	1692	1780	976
FBGN0085452	19	9	11	0	45	46
FBGN0260761	4	0	12	19	6	11
FBGN0033165	1	5	14	2	16	7
FBGN0010342	19725	22188	23281	26504	36929	21643
FBGN0259968	2	11	0	7	36	1
FBGN0028737	33435	36806	39650	39676	55267	33233
FBGN0259246	184	157	274	235	167	166
FBGN0033224	9197	9608	10591	8480	12135	7722
FBGN0033615	1273	1680	1610	2081	2512	1876
FBGN0085214	10	11	11	0	12	10
FBGN0266420	10486	10464	12133	11954	17295	10266
FBGN0033214	13	7	8	4	0	20
FBGN0033292	46	14	7	53	22	41
FBGN0050093	3	0	0	0	0	0
FBGN0033868	21	6	35	62	54	11
FBGN0003660	6686	7692	7166	8762	12597	7947
FBGN0263144	10575	12163	12428	13976	21480	12921
FBGN0034422	2213	2517	2186	2423	3734	2110
FBGN0086757	1378	1479	1567	1554	2221	1345
FBGN0033368	88	22	15	56	23	65
FBGN0034786	2304	2778	2971	2826	4337	2806
FBGN0050268	18	18	55	36	117	27
FBGN0004512	4119	4469	4609	2819	3568	2540
FBGN0050372	6111	6631	7326	6849	9883	5522
FBGN0033902	14523	16213	17503	14171	21992	13490
FBGN0034721	8	10	6	0	4	5
FBGN0000473	33	24	49	49	11	46
FBGN0284249	5228	6173	6011	6092	8479	4992
FBGN0035044	639	655	507	791	980	676
FBGN0000546	23140	20580	21152	27999	44217	23932
FBGN0033110	82	40	35	63	4	67
FBGN0011300	6393	6916	7314	7307	11047	5619
FBGN0033933	19	15	26	5	2	23
FBGN0050468	66	24	15	10	18	0
FBGN0264377	4	0	10	4	0	1
FBGN0034406	112	59	39	168	265	54
FBGN0033782	95	72	81	74	262	167
FBGN0260223	684	877	656	799	1154	887
FBGN0001220	13840	14734	15111	15696	23838	13684
FBGN0026533	20531	22718	22103	23224	36528	24078
FBGN0022984	7580	8696	9013	9025	10461	8242
FBGN0034913	1799	1921	1988	2328	3089	1782
FBGN0026261	1313	1642	1748	2018	3109	2007
FBGN0027783	13245	14146	14813	15504	22561	14825
FBGN0026582	1038	1046	1215	1121	1678	963
FBGN0034053	31	18	29	52	58	35
FBGN0034509	12	5	1	3	0	0
FBGN0027580	5131	4705	5756	7985	11367	5609
FBGN0033428	3094	3807	3678	4030	6321	3694
FBGN0259726	561	580	484	754	714	700
FBGN0050081	115	66	105	91	21	62
FBGN0011674	507	488	684	614	1010	642
FBGN0003174	14406	12565	14608	17676	26851	15212
FBGN0034736	21	12	53	27	53	37
FBGN0033677	943	1076	1202	1161	1584	1077
FBGN0033429	176	205	209	303	316	293
FBGN0003071	6474	6243	6852	7334	10250	6092
FBGN0050096	415	556	421	626	798	458
FBGN0033540	3524	3606	3866	4452	6982	4147
FBGN0085442	12838	13797	13599	12311	16947	10611
FBGN0054038	249	340	274	408	681	374
FBGN0035011	3	5	4	10	6	21
FBGN0034612	85	59	14	112	68	65
FBGN0025830	3137	3202	3572	3759	4768	2784
FBGN0034271	2181	2552	2329	2054	3329	2153
FBGN0025454	71	149	101	422	614	326
FBGN0033389	136	133	233	223	180	124
FBGN0262481	0	4	0	22	0	7
FBGN0261538	35	17	36	34	41	14
FBGN0033469	30	11	7	9	12	6
FBGN0050045	5	8	6	0	2	8
FBGN0034962	4006	4342	5136	4554	6927	4208
FBGN0035086	73	56	92	171	120	105
FBGN0034345	10664	12070	12212	13228	19007	11751
FBGN0053144	6038	5619	6218	5079	6945	3972
FBGN0261611	71	43	21	69	14	37
FBGN0265877	1237	256	452	776	168	368
FBGN0261067	1113	1228	1521	1635	1750	1082
FBGN0033809	80	94	90	70	48	128
FBGN0034622	96	84	95	33	65	61
FBGN0261269	7462	7760	7696	6734	8510	6133
FBGN0263120	8107	9357	8709	8460	11371	7383
FBGN0026369	5882	7167	6873	7209	9367	5954
FBGN0050404	2539	2611	3083	3260	4635	2660
FBGN0033836	708	607	606	639	924	342
FBGN0063495	131	79	113	174	159	158
FBGN0050054	886	1121	928	847	1030	630
FBGN0034674	2491	2353	2439	3068	3200	2336
FBGN0034051	8213	10282	10059	8298	12382	8299
FBGN0000577	9127	8899	9821	9210	11257	7172
FBGN0261698	135	117	131	143	98	164
FBGN0025716	7355	8200	8641	8750	12982	8827
FBGN0034925	631	982	889	732	1236	804
FBGN0033645	15	23	6	10	10	37
FBGN0033610	113	131	137	67	162	123
FBGN0001148	39	64	29	131	70	26
FBGN0034484	49	11	19	24	74	18
FBGN0033258	931	846	858	888	1301	849
FBGN0260964	32	20	4	17	30	43
FBGN0050088	11	18	3	0	0	12
FBGN0053530	6	29	9	2	12	6
FBGN0050203	36	26	8	25	43	34
FBGN0033725	7036	12259	5568	6585	5628	8925
FBGN0033047	69	16	12	38	34	60
FBGN0033482	10535	12148	11760	12776	16205	9918
FBGN0263397	128	147	76	127	233	115
FBGN0050077	504	691	653	910	1295	767
FBGN0019928	0	21	1	13	0	9
FBGN0283437	639	523	582	1474	2344	1132
FBGN0261850	3089	3285	3581	4115	4778	3433
FBGN0033275	6	24	23	38	38	77
FBGN0033130	102	144	79	56	72	35
FBGN0050410	3894	4347	4915	4741	6893	3875
FBGN0034172	718	924	784	859	1099	697
FBGN0034218	8	4	6	6	8	5
FBGN0034942	16	22	1	12	0	13
FBGN0265186	77	35	24	38	39	30
FBGN0033404	7	15	10	0	18	28
FBGN0033737	3720	4512	5323	4712	6484	3560
FBGN0265192	2163	2783	2809	3306	4297	2691
FBGN0033993	879	901	799	891	1051	860
FBGN0034838	4	12	1	41	0	24
FBGN0050114	8	5	6	3	16	3
FBGN0050085	8824	9820	10367	10302	15535	8347
FBGN0034321	29	17	13	6	0	26
FBGN0035041	38	25	6	49	38	60
FBGN0034095	122	80	188	35	165	131
FBGN0034583	2152	2733	3003	3846	6015	3286
FBGN0002930	99	207	115	158	345	224
FBGN0263006	25049	29097	28169	30109	41056	24479
FBGN0033736	21	56	112	56	28	42
FBGN0034326	19	21	11	38	0	22
FBGN0053626	0	7	12	14	0	8
FBGN0033609	5225	5172	5264	5244	7978	4845
FBGN0034641	13463	13836	14303	15815	22921	13449
FBGN0033438	3672	4733	4317	1657	2312	2385
FBGN0034194	1610	1400	1825	2176	3172	1849
FBGN0260767	8	10	26	1	62	0
FBGN0004698	15486	17817	17473	16267	25493	15059
FBGN0033527	1006	1056	881	1196	1380	1109
FBGN0033439	25	53	13	96	67	51
FBGN0034295	66	12	4	31	12	42
FBGN0259185	42	32	48	20	51	28
FBGN0034742	8550	10207	9042	10380	13092	8495
FBGN0034915	5755	6948	6913	8607	12272	7384
FBGN0262166	1861	2107	1999	2247	2897	1862
FBGN0085400	9751	10949	11362	10044	13968	8800
FBGN0266438	897	1170	889	1279	1553	1035
FBGN0263029	4	6	12	2	0	6
FBGN0024315	51	65	45	138	268	62
FBGN0034869	50	2	2	19	0	7
FBGN0034534	1121	1529	1264	1696	2670	2044
FBGN0085256	301	290	210	337	461	648
FBGN0033574	604	621	439	300	431	290
FBGN0033752	1466	1616	1880	1820	2279	1455
FBGN0022160	555	659	613	1140	1564	960
FBGN0016687	13139	14183	14470	17614	23742	16297
FBGN0045063	4740	4771	4809	4598	6008	4004
FBGN0085245	18	16	15	56	13	18
FBGN0034292	20	9	47	46	138	91
FBGN0085473	14	14	15	7	19	0
FBGN0033232	1129	1321	1218	1232	1828	1136
FBGN0034210	1259	1557	1474	1654	1986	1394
FBGN0010660	22621	25005	24787	27577	37309	22658
FBGN0033813	325	528	360	542	990	527
FBGN0034186	1712	1939	1887	2534	3670	1914
FBGN0003082	2749	3479	3267	6762	10404	6308
FBGN0033692	1609	1514	1773	1732	2479	1452
FBGN0053988	81	107	128	69	149	71
FBGN0034827	34	4	11	17	43	26
FBGN0050183	6960	7132	7843	7322	11112	6246
FBGN0053544	25	6	5	0	0	14
FBGN0034264	3222	3317	3871	3313	4894	3658
FBGN0034606	16500	17576	18036	17663	27006	15631
FBGN0015582	1589	1600	1493	1565	2109	1184
FBGN0263998	19884	22276	23813	23633	32363	20274
FBGN0027079	8606	9261	9380	9512	14712	8684
FBGN0283521	65730	70977	68962	66597	97026	57849
FBGN0053348	25	2	0	9	29	4
FBGN0085436	67295	73094	73356	76132	106746	63998
FBGN0028560	49	5	10	6	0	15
FBGN0033031	32	14	13	25	45	32
FBGN0034861	71	144	136	87	102	65
FBGN0260392	1129	1269	1295	1431	2359	1499
FBGN0263271	9	0	0	0	12	0
FBGN0050438	164	120	132	82	206	90
FBGN0033358	10	4	5	0	21	4
FBGN0050485	82	15	14	21	36	46
FBGN0263021	3	11	36	5	36	20
FBGN0011763	11231	12259	11277	11691	16141	10633
FBGN0000079	34	54	48	130	228	116
FBGN0026722	5746	5925	6356	5878	8791	4932
FBGN0033086	321	318	399	364	603	282
FBGN0013307	65	25	33	40	90	26
FBGN0014028	5173	5957	6179	7445	10141	6355
FBGN0033134	48	64	40	131	222	148
FBGN0034427	17	2	2	44	0	24
FBGN0033761	1140	1227	1372	1530	2327	1312
FBGN0004133	11686	10964	12912	11923	18087	11067
FBGN0034784	9	7	15	32	23	20
FBGN0000241	66	39	72	16	67	44
FBGN0033863	103	39	69	38	6	113
FBGN0033302	16	34	31	64	106	56
FBGN0022985	4169	4365	4859	4018	5915	3976
FBGN0034400	9158	10394	9678	8943	12612	7886
FBGN0034822	13	4	8	0	20	0
FBGN0033074	291	374	225	393	496	447
FBGN0033124	71	30	62	84	88	50
FBGN0033344	46	24	23	13	13	21
FBGN0040674	5	3	4	0	2	0
FBGN0033889	8719	9296	8929	5291	7664	4658
FBGN0014269	4290	4641	5186	4630	7445	4759
FBGN0034707	2452	2669	2935	2882	3462	2194
FBGN0026427	30685	35167	31551	31530	44940	27072
FBGN0035047	1963	2193	2286	2552	2975	1973
FBGN0034502	49	23	16	12	14	25
FBGN0284235	693	819	620	1087	1265	852
FBGN0003090	10698	10847	11267	9822	14201	8549
FBGN0265011	14126	15199	13015	10010	10420	8972
FBGN0287825	4631	4994	5295	4705	7342	4364
FBGN0040294	7060	7022	7299	7643	10014	6346
FBGN0033903	325	331	399	412	358	279
FBGN0033405	114	93	107	285	395	222
FBGN0033149	1032	1047	829	843	1364	823
FBGN0024249	8	8	33	0	5	30
FBGN0085453	467	418	552	724	871	747
FBGN0034985	15896	18198	21237	12375	16425	10152
FBGN0033705	34	4	20	9	0	11
FBGN0053752	166	197	173	20	111	101
FBGN0034921	3195	3562	4133	3987	5704	3693
FBGN0020521	19503	24153	22252	17064	22405	18764
FBGN0027513	1343	1362	1557	2136	2857	1822
FBGN0027506	4505	4586	4077	4289	5492	3765
FBGN0034538	40	36	3	10	93	30
FBGN0263121	14200	17691	17168	20202	28788	16968
FBGN0086604	84	36	55	90	34	72
FBGN0052843	629	785	667	768	752	709
FBGN0033912	53193	62937	63241	55511	82610	49678
FBGN0034924	166	125	124	164	283	70
FBGN0016053	7	0	9	4	0	17
FBGN0050000	1765	2235	2021	1810	2836	2041
FBGN0033133	70	170	81	166	252	202
FBGN0033635	147	133	114	138	161	124
FBGN0026309	5238	5451	5697	6433	8015	5640
FBGN0034085	88	211	100	130	92	122
FBGN0033672	2299	2512	2486	3062	3856	2262
FBGN0050181	10	33	25	56	19	28
FBGN0033475	1529	1653	1526	1453	2397	1693
FBGN0033100	1722	1725	1629	2204	2755	1791
FBGN0034820	8	12	0	10	0	0
FBGN0267824	4911	4788	6602	5944	8170	5183
FBGN0040513	620	691	746	693	891	555
FBGN0033911	643	561	359	325	727	391
FBGN0085397	11971	13255	13118	12172	17766	10526
FBGN0033400	2200	3048	2769	3145	4592	3109
FBGN0262124	9086	10838	9028	10279	13353	10040
FBGN0063491	20	7	4	9	40	12
FBGN0041242	10	3	13	12	2	18
FBGN0005614	51	53	54	47	52	53
FBGN0050033	0	8	3	7	0	1
FBGN0050197	117	114	94	12	22	60
FBGN0033504	2255	1764	2361	2959	4089	2811
FBGN0054054	38	18	66	34	47	64
FBGN0033683	792	863	688	953	1233	940
FBGN0050125	35	18	28	16	2	3
FBGN0013348	12	13	8	20	15	17
FBGN0050366	8	9	2	0	3	11
FBGN0040743	56	32	5	27	34	33
FBGN0002533	6043	2627	6472	7640	9243	8501
FBGN0050373	430	559	404	442	812	526
FBGN0034094	207	174	130	269	381	169
FBGN0284257	4385	4921	5204	5680	7741	4429
FBGN0033460	11171	11375	12389	11975	17058	10323
FBGN0263980	206	232	129	256	218	265
FBGN0085259	27	50	61	7	16	30
FBGN0050291	2688	2789	3045	2866	4212	3050
FBGN0028579	2630	2927	2886	3272	4341	2828
FBGN0053182	5336	5466	5404	5256	7210	4130
FBGN0019938	9486	11141	11482	14086	19873	13121
FBGN0050488	0	21	6	18	75	58
FBGN0037084	829	672	780	683	1206	606
FBGN0034904	31	26	15	12	13	9
FBGN0034258	54970	60763	65373	53915	78920	45772
FBGN0034789	61	76	47	57	53	67
FBGN0050035	265	322	199	545	908	549
FBGN0033521	125	67	118	208	231	149
FBGN0003044	12037	13432	13625	13941	18523	10650
FBGN0050148	40	14	41	20	18	24
FBGN0033017	3219	4208	3957	4726	5917	4030
FBGN0260401	922	887	1011	1257	1743	1087
FBGN0033501	23	33	9	23	6	114
FBGN0050052	32	13	41	60	21	21
FBGN0261387	6483	8085	7053	7646	9835	6595
FBGN0050048	64	24	69	50	38	45
FBGN0263000	100	18	19	40	64	69
FBGN0035069	0	0	0	0	12	5
FBGN0033159	10877	11600	11388	12642	16370	9987
FBGN0033844	2899	3392	3388	2954	4066	2298
FBGN0033196	34	39	15	52	27	19
FBGN0261385	34409	35235	37002	36540	53539	31562
FBGN0063494	7	18	36	118	180	152
FBGN0287774	3718	4446	4512	4280	7002	4295
FBGN0042173	3030	3406	3458	4759	7396	5164
FBGN0033812	1877	2097	2419	2491	3661	2117
FBGN0016131	3812	4602	4299	4861	6227	3857
FBGN0003545	2757	3588	3098	4154	6013	3327
FBGN0033916	2896	3165	3204	3294	5257	3317
FBGN0033388	25	19	11	114	44	49
FBGN0011660	3998	4611	4514	3914	6194	3847
FBGN0025469	514	496	503	633	621	385
FBGN0050350	164	153	99	71	170	134
FBGN0027596	9251	9672	11025	16354	23661	13381
FBGN0010278	18717	20139	20946	21854	34902	22193
FBGN0034390	3522	3456	4043	7084	11414	5531
FBGN0033054	18	18	12	40	21	18
FBGN0010114	60	52	70	111	88	143
FBGN0033873	10	24	24	20	5	14
FBGN0034808	312	327	234	345	335	225
FBGN0033243	26	11	19	20	5	17
FBGN0261673	162	180	155	190	229	180
FBGN0034667	46	25	19	23	22	47
FBGN0033891	505	399	436	656	1011	518
FBGN0033690	463	600	715	749	1070	887
FBGN0085263	127	134	86	25	83	85
FBGN0013772	38	8	14	0	48	23
FBGN0265191	4134	4073	4246	4780	6486	3786
FBGN0023441	10716	11061	11775	11747	17534	10526
FBGN0013325	45913	48281	56912	45796	66700	41931
FBGN0034488	4559	5618	5443	7175	9735	5304
FBGN0003256	6820	8123	6446	6396	9628	7285
FBGN0262739	21870	24114	25127	21491	32226	18434
FBGN0053519	347	254	341	702	1096	504
FBGN0034997	2964	3200	3266	2672	4100	2319
FBGN0013548	3958	4007	3984	4184	5815	3768
FBGN0050278	24	5	17	7	0	17
FBGN0011236	4740	4316	5079	6102	8832	5069
FBGN0033653	831	1038	973	1108	1343	927
FBGN0033778	72	16	32	21	26	24
FBGN0034728	5368	5514	5265	5558	7921	5369
FBGN0033787	68	13	62	25	33	37
FBGN0050094	372	453	375	342	634	374
FBGN0034462	3939	4685	4278	3945	4788	3980
FBGN0053527	0	0	1	0	8	8
FBGN0034225	99	126	56	122	226	165
FBGN0050359	386	461	452	1161	1611	877
FBGN0263102	48614	48642	51055	53840	84259	46213
FBGN0033317	4595	5402	5115	6974	11346	6331
FBGN0033304	27	34	0	56	10	34
FBGN0033185	1431	2044	2148	2070	2766	1873
FBGN0013732	3669	4247	4322	3973	5021	3295
FBGN0034537	4613	5242	5052	4999	7312	4338
FBGN0015949	19234	21185	20731	25434	32632	20171
FBGN0050375	33	20	8	30	20	5
FBGN0262820	9	6	7	2	12	2
FBGN0283480	6	40	7	18	24	20
FBGN0034907	16	0	4	10	18	22
FBGN0027548	12537	14064	14452	13163	18144	11235
FBGN0034113	3415	3506	3325	4285	5576	3307
FBGN0259729	8	11	30	20	5	17
FBGN0033784	3531	3954	3959	1870	3221	1806
FBGN0261439	9785	11034	11740	10274	16667	9543
FBGN0020506	40	20	4	38	24	54
FBGN0033601	7	0	3	2	0	16
FBGN0033132	56	50	36	108	66	66
FBGN0034530	508	630	733	685	1073	606
FBGN0034803	602	781	615	802	1273	543
FBGN0022740	41	12	12	3	7	8
FBGN0053476	2	9	2	3	6	4
FBGN0053757	20	17	5	7	12	14
FBGN0034490	17	33	12	0	44	12
FBGN0260798	6438	8509	6607	7850	10049	7576
FBGN0028497	2314	2506	2711	2547	3437	2205
FBGN0034288	6	11	41	29	46	10
FBGN0033733	54	9	6	11	42	12
FBGN0053506	1277	1773	1413	1340	2131	1228
FBGN0034069	11	13	13	3	0	23
FBGN0034552	27	20	10	2	39	42
FBGN0026602	468	449	614	586	1021	621
FBGN0033316	2381	2675	2459	3064	4819	2989
FBGN0034010	54	64	35	148	326	138
FBGN0022960	4846	4454	4698	5179	7505	3981
FBGN0003353	1156	1583	1461	2083	3163	2189
FBGN0286784	46568	52903	55895	50338	72277	43397
FBGN0034243	9853	11718	11772	12139	16719	9984
FBGN0286813	19948	21417	21121	20277	29405	17892
FBGN0027525	5755	5985	6401	6357	8160	5320
FBGN0035004	8	0	15	9	0	6
FBGN0033594	8	19	0	8	1	18
FBGN0026393	377	406	236	327	548	246
FBGN0034054	938	1220	967	1390	1852	1061
FBGN0034576	2206	2188	2190	2845	3655	2084
FBGN0033041	17	20	23	6	6	11
FBGN0033229	3698	3743	3876	5074	7109	4497
FBGN0040502	2	23	5	29	0	21
FBGN0085390	62	103	68	111	86	77
FBGN0284246	3228	3282	3605	3442	5471	3831
FBGN0050005	316	501	319	449	656	416
FBGN0033654	581	715	821	372	533	428
FBGN0034249	7857	8455	8666	7994	12273	7026
FBGN0025334	15	4	7	15	13	10
FBGN0263113	236	233	127	140	223	127
FBGN0033729	26	17	22	87	68	89
FBGN0027585	18174	19154	20322	22017	34145	19573
FBGN0050108	282	239	270	279	254	175
FBGN0035046	1308	1437	1429	1766	2234	1691
FBGN0034435	39	39	33	41	32	83
FBGN0053200	33	38	26	41	66	13
FBGN0275436	1198	1218	1224	1314	1900	1183
FBGN0034433	2202	2703	2847	1881	3114	1706
FBGN0010316	4103	4132	4753	6536	9062	4962
FBGN0261041	140	66	48	134	147	66
FBGN0033582	14	21	5	8	0	8
FBGN0033277	11	4	4	47	29	47
FBGN0023477	7227	7506	8545	9390	13536	7434
FBGN0262807	0	0	0	0	7	0
FBGN0034290	37	64	57	518	842	325
FBGN0033350	1183	953	1119	959	1745	1102
FBGN0033983	41	37	27	290	835	327
FBGN0035070	6	13	19	14	6	16
FBGN0034248	549	558	591	664	1086	706
FBGN0011296	151	155	96	674	1227	479
FBGN0260959	7706	8552	8464	8582	13186	7338
FBGN0033985	42	4	22	5	0	9
FBGN0034662	164	91	118	114	198	242
FBGN0002534	2201	609	1672	3363	2772	4902
FBGN0263999	31	49	27	12	54	15
FBGN0034659	30	3	14	22	0	15
FBGN0053145	1707	2110	2038	2009	2459	1815
FBGN0028669	69	29	64	60	58	14
FBGN0034880	627	509	661	528	669	414
FBGN0034423	21	20	25	32	13	20
FBGN0033973	469	516	543	759	851	648
FBGN0003391	62126	68164	69604	66359	86493	53853
FBGN0026378	1387	1483	1361	1428	2198	1357
FBGN0001091	15778	17928	19844	14232	19140	12071
FBGN0033872	8	0	3	0	24	6
FBGN0288232	16	14	32	23	22	5
FBGN0034481	10	4	2	0	0	8
FBGN0050325	72	58	60	66	22	44
FBGN0033366	80	38	20	242	412	122
FBGN0265762	9	4	3	0	18	20
FBGN0025578	46	10	42	496	405	758
FBGN0033079	55	132	114	174	326	163
FBGN0033129	12	3	20	8	26	35
FBGN0016641	6559	7704	8021	7040	10199	6368
FBGN0034816	136	238	267	404	473	386
FBGN0015872	349	519	479	970	1036	866
FBGN0034783	38	23	25	54	1	37
FBGN0033216	21	15	3	31	24	2
FBGN0264560	9491	11352	11474	9748	14247	8925
FBGN0026754	38	54	8	4	42	8
FBGN0034842	20	15	16	32	0	1
FBGN0061198	447	773	455	381	691	606
FBGN0034313	6777	7586	7360	7538	11417	6861
FBGN0001319	3246	3483	3925	2730	3536	2419
FBGN0033650	60	29	11	5	6	33
FBGN0033453	1293	1585	1362	1360	1957	1433
FBGN0035057	1590	1913	1966	1964	2630	1672
FBGN0035032	9082	9673	10513	11378	16932	11194
FBGN0034928	485	346	536	478	607	273
FBGN0034989	3644	3840	4368	4638	6466	4061
FBGN0041233	12	8	1	2	8	14
FBGN0034703	1726	2026	2092	2123	3270	1869
FBGN0033948	764	531	695	805	1047	826
FBGN0054005	8	11	8	18	0	21
FBGN0033212	11522	13449	12414	10642	15004	9820
FBGN0033067	16	16	33	0	6	10
FBGN0086519	13	17	4	15	0	44
FBGN0050379	25	32	11	17	12	24
FBGN0033373	385	422	389	357	622	221
FBGN0262116	743	958	788	1001	1454	904
FBGN0033128	10	11	37	5	27	26
FBGN0050042	6	6	18	0	52	2
FBGN0000008	3382	3775	4238	4793	8243	4435
FBGN0034142	9181	10203	10543	10902	13652	8045
FBGN0033931	10	3	20	6	9	10
FBGN0033649	1492	1853	1653	1806	2562	1666
FBGN0033072	49	71	51	5	68	17
FBGN0034788	10	7	67	30	28	33
FBGN0261397	6837	7220	7136	5836	9196	6198
FBGN0034688	605	972	855	1023	1158	740
FBGN0034099	13	5	21	8	7	0
FBGN0033169	2365	3175	2957	3222	4579	2775
FBGN0000581	30932	31584	32198	33425	47316	28437
FBGN0035077	8	11	14	35	0	11
FBGN0085248	7	7	1	22	27	11
FBGN0003274	67163	67242	77068	59449	96743	62201
FBGN0034859	2073	2266	2410	3304	4800	2773
FBGN0033685	19	6	42	28	21	24
FBGN0033593	15	24	21	88	84	28
FBGN0034477	26	24	12	39	23	57
FBGN0034958	2077	2322	2476	2233	3294	2289
FBGN0033167	0	5	0	0	23	2
FBGN0050484	31	24	36	22	14	40
FBGN0033020	38	9	9	8	4	14
FBGN0259238	1974	2343	1686	2657	3490	2182
FBGN0034143	270	326	307	596	640	387
FBGN0086677	43	45	32	45	32	36
FBGN0264298	38	11	2	39	1	17
FBGN0028563	2811	2631	3126	2704	3972	2000
FBGN0262515	5002	5520	6561	6395	8181	5000
FBGN0266439	403	357	347	409	597	337
FBGN0033584	87	138	107	86	69	58
FBGN0033015	4868	5511	5318	6585	7784	5602
FBGN0034634	886	895	907	677	1305	689
FBGN0040091	534	560	636	647	907	581
FBGN0034572	5756	5629	5703	6692	8237	5743
FBGN0040751	269	236	273	300	411	208
FBGN0043792	157	128	229	121	152	101
FBGN0003009	3	13	44	20	14	24
FBGN0262567	13	25	28	23	29	46
FBGN0034138	52685	63072	62982	60470	84168	52527
FBGN0034521	1158	1205	1419	1519	2173	1456
FBGN0010423	27	45	7	266	311	268
FBGN0033442	13	2	4	15	16	0
FBGN0024196	1691	1709	1701	2219	3153	1863
FBGN0085220	758	844	878	960	1407	813
FBGN0033680	20	0	0	1	10	5
FBGN0085415	33	27	5	18	38	5
FBGN0033431	455	613	547	1447	2090	1009
FBGN0011286	363	328	293	490	722	520
FBGN0034819	7	2	3	82	49	108
FBGN0262824	22	0	2	7	3	5
FBGN0267728	2172	2390	2900	2605	3351	2159
FBGN0033166	5535	6178	6167	6028	8279	4880
FBGN0000181	57068	60728	67038	56091	83617	52444
FBGN0263391	28874	30598	29276	31383	45562	27041
FBGN0011589	130	89	63	73	34	74
FBGN0034007	83	105	91	213	153	67
FBGN0026361	1879	2149	2418	1949	3241	1874
FBGN0053469	20	12	6	30	26	12
FBGN0034939	2863	3221	3171	3479	5146	3134
FBGN0034237	64617	70557	74282	60722	85386	49012
FBGN0265174	706	874	797	1133	1616	823
FBGN0265045	2180	2565	1989	2586	3703	2759
FBGN0034865	20	7	0	37	38	24
FBGN0020372	6	20	31	18	108	50
FBGN0034578	111	208	212	201	429	187
FBGN0002787	9817	11321	11327	9403	16120	10374
FBGN0050296	78	73	42	105	77	76
FBGN0034590	9310	10340	10119	9415	14197	8055
FBGN0085219	10	8	1	0	0	0
FBGN0033447	93	39	22	109	26	28
FBGN0041087	318	220	190	265	332	159
FBGN0040735	0	3	8	7	7	2
FBGN0033541	25	16	40	56	28	49
FBGN0034569	2949	2937	3261	2867	4788	2705
FBGN0033721	23	26	6	1	8	9
FBGN0002531	9032	4067	10548	12737	15749	14447
FBGN0023171	1253	1542	1238	1501	2129	1352
FBGN0034411	46	24	22	38	35	44
FBGN0261501	1	0	1	11	22	8
FBGN0024234	13423	14670	15925	13773	20444	13462
FBGN0029006	13155	14224	14399	14545	21161	12635
FBGN0033434	2875	3140	3237	3548	4474	2891
FBGN0033971	1529	1850	1995	1967	2833	1752
FBGN0034975	20834	22497	22346	24418	33065	19642
FBGN0011726	29624	34151	30560	29969	39666	32165
FBGN0033934	3024	3366	3646	5092	7385	4038
FBGN0033949	53	125	84	88	81	92
FBGN0288447	21	42	10	25	48	27
FBGN0033494	79	93	61	68	60	80
FBGN0034529	3607	3992	3676	3799	5518	3827
FBGN0033732	17	18	31	53	68	18
FBGN0033955	25	37	23	50	58	89
FBGN0033095	1846	1508	1549	1784	1965	1220
FBGN0014020	16201	17739	16388	19338	25870	17573
FBGN0053475	2	14	2	0	0	1
FBGN0028741	8063	9049	8070	9998	13655	8397
FBGN0028991	4110	4418	4675	3686	5367	3051
FBGN0033819	66	17	31	23	114	53
FBGN0020306	118954	129340	135117	123491	181494	109577
FBGN0034523	1534	1673	1434	2477	3089	2051
FBGN0085341	11	33	8	11	0	9
FBGN0034716	49	63	48	48	58	88
FBGN0261807	13	4	3	3	28	11
FBGN0050087	8	21	50	18	1	2
FBGN0033117	1543	1652	1781	1939	2636	1493
FBGN0261292	6	2	6	13	8	10
FBGN0034759	19	7	2	10	26	25
FBGN0085487	21	6	0	47	28	12
FBGN0005624	14731	15956	15565	14440	18993	12465
FBGN0033572	21	30	24	8	8	61
FBGN0034592	136	123	150	51	19	47
FBGN0050431	44	24	10	37	12	26
FBGN0033693	505	796	556	589	905	651
FBGN0025360	1052	1333	1164	1064	1401	938
FBGN0034151	8	6	10	10	40	16
FBGN0002736	6524	7420	7166	7928	11496	6425
FBGN0033423	5	3	22	43	38	34
FBGN0040092	82	156	141	30	80	58
FBGN0050394	2628	3110	3056	2921	3786	2460
FBGN0027788	76	18	2	11	69	21
FBGN0034315	3520	3929	4166	4587	6590	4337
FBGN0002715	992	1109	1098	1286	2237	1118
FBGN0033830	10	10	0	12	0	13
FBGN0033474	2017	2052	2157	2213	2635	1801
FBGN0061362	321	412	357	508	646	375
FBGN0022238	3617	4182	4374	4768	6871	4168
FBGN0085254	14	1	1	7	24	2
FBGN0033589	20	6	11	2	2	6
FBGN0050502	23	15	1	36	8	47
FBGN0033287	365	493	397	260	396	234
FBGN0263780	260	314	353	384	838	451
FBGN0034467	28	14	7	10	0	12
FBGN0033864	73	9	117	59	109	76
FBGN0033459	349	399	372	444	529	378
FBGN0033247	2175	2345	2951	3415	3874	2592
FBGN0053774	178	223	113	334	364	257
FBGN0265577	20	52	40	83	155	8
FBGN0262568	7	8	20	8	16	24
FBGN0033379	4657	5266	4866	6587	8852	6624
FBGN0054045	2	3	2	5	0	8
FBGN0034901	79	59	11	230	149	427
FBGN0034495	1017	697	1064	1092	1904	1060
FBGN0013272	70006	75849	76175	77851	107910	67592
FBGN0263742	4	14	23	12	0	24
FBGN0286070	9875	9691	10929	12019	16117	11038
FBGN0085472	19	17	6	1	0	10
FBGN0035050	41	12	45	15	16	55
FBGN0033273	1116	1236	1439	1289	1693	1119
FBGN0050105	302	470	352	615	558	443
FBGN0034598	13032	13905	14479	13184	20531	11717
FBGN0034397	38	17	18	12	0	16
FBGN0034491	3382	3942	4121	4552	5734	3380
FBGN0250838	3897	4384	4429	4670	6606	3849
FBGN0034564	1400	1766	1423	1790	2439	1613
FBGN0010551	10616	12683	12451	11911	17285	10927
FBGN0034588	48	27	31	6	43	14
FBGN0035094	121	55	26	74	101	96
FBGN0034401	7499	8645	9148	8989	11611	8062
FBGN0261862	3613	4017	4766	3430	4958	2856
FBGN0050163	38	22	38	102	104	129
FBGN0033777	1645	1770	1335	1676	1806	1379
FBGN0265373	4	3	0	0	3	6
FBGN0026761	5147	5129	5240	6432	8058	5122
FBGN0265137	3003	3006	3070	3229	4865	3027
FBGN0013725	322	363	360	212	265	196
FBGN0034761	6	17	48	43	60	73
FBGN0034943	31	4	13	28	42	37
FBGN0025573	26	11	10	3	20	12
FBGN0034729	76	137	88	498	428	302
FBGN0034512	55	80	4	65	46	81
FBGN0034494	780	1015	696	1338	1679	836
FBGN0034009	4106	4180	4133	4563	6640	4487
FBGN0050430	2	4	0	7	9	0
FBGN0015929	15627	16666	17848	18883	25797	15016
FBGN0050489	56	27	23	156	209	160
FBGN0034956	681	737	815	802	1116	701
FBGN0013756	51580	56752	56327	53778	80918	47165
FBGN0085225	5	0	5	6	0	9
FBGN0033978	34	29	24	65	64	46
FBGN0086350	2645	3336	2837	2541	3473	2645
FBGN0033816	2029	2202	2011	2297	3347	1995
FBGN0023181	1931	1992	2012	2583	3414	2430
FBGN0010414	206	155	176	202	267	181
FBGN0034666	38	30	26	14	45	9
FBGN0259966	6	7	8	5	1	11
FBGN0050464	34	32	30	46	18	34
FBGN0034792	5535	6261	6711	7316	10934	5995
FBGN0050095	21	10	4	0	0	4
FBGN0033401	2060	2463	2325	2375	3996	1961
FBGN0020620	3489	3577	3474	3557	5316	3210
FBGN0053138	4338	4637	5203	4533	6195	3678
FBGN0034846	17	1	2	0	14	10
FBGN0033312	34	37	10	6	0	28
FBGN0033706	12	8	4	1	16	6
FBGN0264299	13	47	2	22	0	4
FBGN0034430	1959	2715	2620	2662	4517	2688
FBGN0015925	3047	3220	3348	4401	6022	3380
FBGN0046879	2	1	0	10	0	10
FBGN0263510	4836	5895	5793	7515	10415	6544
FBGN0013435	778	894	907	1173	1688	1157
FBGN0033757	1464	1435	1594	1736	2227	1084
FBGN0033065	54	27	42	45	4	20
FBGN0284237	227	593	227	222	48	322
FBGN0045483	27	13	2	1	6	2
FBGN0034486	38	19	15	1	22	34
FBGN0034177	403	768	611	708	1081	580
FBGN0015001	57	2	1	3	38	18
FBGN0266486	825	889	725	764	1029	777
FBGN0266708	19	12	21	2	17	24
FBGN0016684	100	48	65	56	59	110
FBGN0286511	5974	6466	6043	6305	8063	5443
FBGN0033741	11474	14400	12844	16378	23015	15324
FBGN0050284	7	3	26	33	1	9
FBGN0033058	60	28	27	28	17	63
FBGN0041585	4400	5053	5140	5343	7280	4203
FBGN0028552	651	780	824	664	994	710
FBGN0034426	26	11	0	1	22	22
FBGN0284243	254231	271202	278316	294971	398976	247949
FBGN0050414	85	164	74	131	216	176
FBGN0034497	8	30	7	37	99	25
FBGN0034651	18	25	24	3	0	0
FBGN0043010	1668	1770	2238	2564	3131	1737
FBGN0029079	3121	3281	3455	3551	5477	3513
FBGN0002716	525	635	491	487	702	358
FBGN0034833	16	1	1	0	26	8
FBGN0053461	19	28	6	0	28	18
FBGN0034416	25	23	10	52	42	46
FBGN0261403	11398	13671	12380	11649	15001	10812
FBGN0034693	1163	945	1161	774	671	644
FBGN0053704	8	8	0	4	0	6
FBGN0050100	574	655	793	883	1166	789
FBGN0034996	157	77	105	62	183	80
FBGN0053017	103	86	101	161	118	100
FBGN0259184	16	24	13	1	7	37
FBGN0050289	37	6	0	18	36	8
FBGN0011211	41353	43350	48403	43476	61055	34469
FBGN0033598	45	20	10	48	68	56
FBGN0034162	50	58	115	280	508	179
FBGN0086655	23952	26299	24765	23378	32669	20911
FBGN0286778	4018	3297	4171	5849	8294	5340
FBGN0085398	84	56	50	54	32	43
FBGN0034091	1788	1913	1430	1766	2646	1558
FBGN0260934	34108	36932	35461	36659	53044	29957
FBGN0262478	7	9	15	1	6	9
FBGN0035042	10	11	7	9	14	17
FBGN0034965	238	350	287	1179	1348	785
FBGN0034156	44	32	34	20	56	6
FBGN0033551	3363	3355	3406	3355	4448	3075
FBGN0261614	5	0	0	2	2	2
FBGN0033518	212	60	167	237	177	249
FBGN0034986	670	804	595	736	1032	697
FBGN0085232	1	6	3	1	0	0
FBGN0034011	40	32	16	52	125	27
FBGN0011555	8	22	12	115	73	83
FBGN0086898	4947	5823	5861	5290	7737	4431
FBGN0035005	18	14	0	26	0	27
FBGN0033529	4739	5212	4855	5318	7477	5397
FBGN0003175	14247	15469	15187	15600	23471	13699
FBGN0033539	4627	4874	5127	5359	6965	4683
FBGN0002570	70	35	26	20	103	41
FBGN0027836	3327	3085	3744	3876	5187	3262
FBGN0026741	511	700	901	819	1243	925
FBGN0053958	36	33	14	69	79	37
FBGN0262790	5	3	0	0	0	0
FBGN0034381	48	18	42	6	6	29
FBGN0035076	116	104	111	169	208	165
FBGN0034951	311	349	274	361	520	364
FBGN0035010	46	101	62	31	44	109
FBGN0034829	43	30	24	31	117	54
FBGN0020440	4562	5669	5246	5650	7547	4998
FBGN0022700	16	46	15	24	14	45
FBGN0033164	24	8	2	0	2	2
FBGN0015614	1626	1846	2095	1742	2624	1698
FBGN0002535	2890	1470	2474	6893	4919	8914
FBGN0034076	34	17	2	12	4	51
FBGN0034047	28	32	34	45	31	40
FBGN0033371	69	30	54	13	30	31
FBGN0034897	156	207	241	153	311	232
FBGN0013773	38	9	8	31	41	20
FBGN0265487	30289	31890	30453	25388	37208	21563
FBGN0034082	30	6	14	21	0	12
FBGN0033019	1390	1532	1531	1821	2097	1723
FBGN0034863	10	5	5	3	34	2
FBGN0003742	2991	3607	3826	3835	4810	2989
FBGN0265835	2	2	0	4	0	0
FBGN0034476	22615	24041	26258	24898	34527	20888
FBGN0033285	4	1	0	1	0	1
FBGN0083951	13	1	0	0	0	6
FBGN0010622	1769	1784	2003	1983	2942	1983
FBGN0050195	73	69	37	49	39	61
FBGN0286203	4226	5046	5380	6053	7943	5859
FBGN0034027	653	659	754	761	1126	674
FBGN0033048	16	39	15	18	42	15
FBGN0034383	21	2	8	26	18	10
FBGN0034000	1266	1356	1241	1226	1738	1203
FBGN0000606	41	41	12	27	12	34
FBGN0015754	4956	6223	6352	6239	8646	5203
FBGN0033454	3689	4310	4594	4848	6692	4321
FBGN0034970	6253	6524	7688	7499	10893	6865
FBGN0263760	18	17	15	12	0	13
FBGN0264714	22	3	9	1	5	8
FBGN0050393	15	2	5	0	0	18
FBGN0050466	209	212	217	389	475	240
FBGN0000289	22279	22740	25036	24961	34242	22150
FBGN0028740	95	33	77	77	157	82
FBGN0053758	0	8	2	18	10	0
FBGN0003114	18	5	0	34	0	21
FBGN0033581	7515	9560	9600	9242	14546	8988
FBGN0287864	4993	6316	5514	3811	5744	3311
FBGN0034655	25	21	6	53	1	14
FBGN0050050	0	2	0	4	0	5
FBGN0050115	3460	3763	3778	4039	4991	3715
FBGN0034230	3653	3613	3279	3244	5289	3332
FBGN0262961	29	11	2	0	0	8
FBGN0260768	31	27	13	14	27	61
FBGN0034129	12	16	18	13	22	3
FBGN0034251	637	668	632	592	912	486
FBGN0050275	47	41	16	52	87	78
FBGN0050429	45	27	41	8	1	8
FBGN0034215	2990	2871	2944	3134	4022	3150
FBGN0287213	0	7	3	36	5	14
FBGN0034398	3763	4556	4912	6604	7414	5215
FBGN0034245	409	585	567	616	997	717
FBGN0261794	563	546	604	871	1416	642
FBGN0034087	17944	18445	19610	18488	26290	16183
FBGN0262881	12	6	26	31	40	13
FBGN0063492	117	104	147	257	320	213
FBGN0033348	1720	1746	1544	2114	2896	1961
FBGN0033208	811	1042	788	1330	1312	1048
FBGN0034766	20	2	5	2	32	3
FBGN0010548	7415	7428	8402	7427	12032	6680
FBGN0027835	60471	69331	70897	62465	91815	54352
FBGN0085260	82	106	100	162	262	193
FBGN0003254	26	13	6	28	7	46
FBGN0025832	2104	2669	2372	3301	4144	2701
FBGN0264753	139	136	155	114	59	109
FBGN0050491	549	556	575	536	964	669
FBGN0034284	14	3	7	5	1	10
FBGN0259483	5659	6756	6345	6775	9225	5839
FBGN0033808	487	585	468	609	843	589
FBGN0033773	58	46	38	95	27	46
FBGN0050295	1615	1453	1589	1871	2864	1741
FBGN0034643	7393	8612	8527	8427	12361	7436
FBGN0033953	23	4	5	4	3	15
FBGN0034128	3	31	10	29	12	5
FBGN0033092	2203	2058	2487	2728	4258	2548
FBGN0034446	59	39	62	39	4	13
FBGN0050026	51	61	54	76	74	61
FBGN0046706	4878	5808	5326	6605	8319	7004
FBGN0266518	3962	3851	4614	6156	8406	5557
FBGN0262117	6460	7517	6023	7478	10444	7523
FBGN0086712	2729	2407	2235	3126	5287	2795
FBGN0085217	8	12	1	3	14	10
FBGN0004896	26	13	21	30	9	37
FBGN0050440	16311	18182	15521	16720	20940	16062
FBGN0034456	20	47	5	10	12	31
FBGN0033498	38	41	12	24	8	35
FBGN0035012	1	0	3	33	0	7
FBGN0033061	193	247	278	130	216	109
FBGN0063493	26	12	22	78	110	46
FBGN0034269	1275	1416	1623	1802	2146	1609
FBGN0033192	88	55	71	46	107	27
FBGN0034443	501	732	565	580	1087	693
FBGN0033936	95	287	103	91	69	85
FBGN0050091	30	41	24	17	99	79
FBGN0034601	4	10	2	9	32	2
FBGN0285892	5541	5629	5254	5694	6946	5126
FBGN0034595	17	3	3	15	14	14
FBGN0264297	24	21	18	24	16	10
FBGN0027590	4846	5107	5579	5719	9356	5734
FBGN0050390	763	761	618	851	1171	704
FBGN0265193	1687	1824	1963	2209	3206	1994
FBGN0050416	35	30	20	22	17	20
FBGN0034187	83	10	54	24	1	22
FBGN0033928	139	242	219	244	476	308
FBGN0050460	1145	1119	1105	1722	2099	1424
FBGN0034350	272	305	292	224	338	236
FBGN0033762	2118	2406	2357	2588	3220	2469
FBGN0287632	10	15	5	50	26	49
FBGN0050324	27	8	38	50	68	80
FBGN0021895	10305	9033	11687	7340	12962	7389
FBGN0050196	13	15	67	129	64	78
FBGN0050184	2	13	22	2	5	6
FBGN0053477	9	1	16	0	6	0
FBGN0264339	70	41	42	57	20	41
FBGN0050074	7	15	0	0	0	21
FBGN0034658	11	0	9	1	0	13
FBGN0010397	2446	2478	2964	4687	6532	3525
FBGN0033588	3	2	4	22	14	1
FBGN0283510	9327	9734	10979	9728	12721	8636
FBGN0027538	829	822	788	991	1469	630
FBGN0033856	15	12	24	16	48	19
FBGN0050458	38	25	50	37	6	15
FBGN0010415	15270	17127	16622	13744	19105	14087
FBGN0034734	10411	11764	12127	13542	17994	11473
FBGN0027561	3825	4350	4371	4180	6085	3399
FBGN0050487	1	0	5	18	0	0
FBGN0034140	298	184	347	258	609	210
FBGN0034312	596	597	376	572	372	350
FBGN0261564	4494	4648	4862	5070	7437	4510
FBGN0034826	29	0	42	2	2	13
FBGN0034030	1000	852	1195	629	679	436
FBGN0034104	0	8	1	0	1	0
FBGN0034318	9	11	10	29	15	37
FBGN0050036	10	29	23	26	8	14
FBGN0034310	5498	6040	6731	7073	10308	5605
FBGN0034804	232	207	256	78	128	113
FBGN0050345	33	41	46	814	1311	638
FBGN0033093	245	267	300	249	313	264
FBGN0023214	492	360	509	567	719	504
FBGN0033330	28	19	10	27	2	32
FBGN0010411	57176	62463	73335	64579	88998	52064
FBGN0034437	92	24	18	42	50	63
FBGN0027599	2032	2584	2160	2935	3743	2334
FBGN0033308	49	12	18	33	26	30
FBGN0250842	37	1	0	0	27	25
FBGN0040737	7	0	1	0	0	5
FBGN0040093	18	7	9	0	0	27
FBGN0033951	1601	2086	1876	2611	2712	2430
FBGN0034120	27	6	4	11	1	2
FBGN0014877	1860	2014	1854	2217	3587	2116
FBGN0034361	663	847	767	1229	1461	843
FBGN0265974	4830	4719	4671	4170	5882	3853
FBGN0034990	30	19	21	21	6	21
FBGN0033195	482	538	556	582	761	529
FBGN0035078	81	111	28	37	104	17
FBGN0027572	2030	2113	1918	1915	2261	1589
FBGN0033999	29	19	3	8	10	34
FBGN0034660	60	2	6	38	0	34
FBGN0033859	4692	5265	5747	6443	8894	5395
FBGN0024754	3697	3701	3980	3381	5502	3086
FBGN0053914	2	3	0	19	0	5
FBGN0259745	3503	3846	4065	3683	5908	2921
FBGN0034503	1793	1856	2132	2127	3655	1772
FBGN0034153	5	5	1	2	0	4
FBGN0265834	14	0	22	12	5	13
FBGN0034850	19	24	24	6	4	16
FBGN0086676	5589	6524	6407	6570	9282	5540
FBGN0034824	45	37	15	2	24	21
FBGN0083977	1245	1216	1069	870	1286	786
FBGN0034505	15	11	1	0	35	12
FBGN0034708	10077	11435	11703	12181	17295	11157
FBGN0019968	18584	20618	19452	19088	25104	16521
FBGN0034201	22	2	10	21	0	11
FBGN0033324	57	26	30	8	0	39
FBGN0034825	3	19	11	13	1	23
FBGN0053087	40260	45849	44421	33868	47428	31213
FBGN0043470	35	0	2	2	0	10
FBGN0028622	6738	7202	7720	8713	12192	8441
FBGN0017482	319	377	407	610	708	306
FBGN0034959	1993	2058	2132	1707	2425	1483
FBGN0050471	92	57	98	24	44	48
FBGN0033457	1030	1137	1158	1356	1452	1081
FBGN0050151	8	13	12	1	36	28
FBGN0262479	1	0	6	28	0	1
FBGN0050323	292	395	323	258	496	265
FBGN0033691	3786	5065	4137	4341	5565	3527
FBGN0034050	570	888	838	602	794	564
FBGN0020908	16	9	28	8	0	13
FBGN0085235	35	61	19	92	80	80
FBGN0011656	4848	6119	6584	5522	7770	4574
FBGN0261477	2720	3138	3086	2914	4067	2490
FBGN0034807	52	17	1	4	36	1
FBGN0034841	2	2	4	0	0	7
FBGN0034274	50	15	19	20	1	17
FBGN0028494	2845	2835	2933	2194	3654	2249
FBGN0015268	37712	39551	42351	47211	71258	43824
FBGN0035020	3267	3430	3589	2426	3559	2452
FBGN0000157	7273	8029	8170	6041	8249	5268
FBGN0033972	2261	2464	2496	2629	3649	2346
FBGN0085459	17	2	5	0	7	5
FBGN0263324	25	1	5	0	8	2
FBGN0034737	5	8	12	9	0	7
FBGN0266580	35910	38870	36769	45546	61566	38650
FBGN0033855	28	59	39	156	72	86
FBGN0060296	5484	6713	6648	3279	3824	3281
FBGN0034554	24	26	27	40	31	12
FBGN0011694	3	3	5	0	1	8
FBGN0033337	587	696	700	815	1008	702
FBGN0069969	25	9	21	10	1	10
FBGN0266489	195	123	124	98	249	162
FBGN0033352	12449	13530	14533	14338	20040	12819
FBGN0085474	228	172	196	176	189	209
FBGN0034221	54	38	44	27	51	59
FBGN0029175	945	1162	931	970	1286	1028
FBGN0042083	1360	1871	1771	1660	2313	1517
FBGN0034663	36	5	0	0	31	4
FBGN0028434	676	693	651	911	1329	591
FBGN0034998	58	15	31	19	5	26
FBGN0265356	217	238	190	530	712	328
FBGN0033924	2853	3187	3224	3687	4916	2701
FBGN0033096	20	17	11	5	20	21
FBGN0029131	2131	2004	2451	1927	3426	1935
FBGN0260866	1633	1874	1950	1875	3579	2178
FBGN0284080	786	1020	735	1260	1650	1338
FBGN0034937	200	178	110	182	273	153
FBGN0000078	69	51	26	84	98	86
FBGN0040765	2348	2624	2495	2486	3606	2322
FBGN0034293	0	10	14	0	17	0
FBGN0262169	7881	8785	9073	11656	16607	9630
FBGN0033246	11164	12186	12091	13779	22207	12219
FBGN0040755	1	2	20	11	3	0
FBGN0063499	4	6	1	0	14	16
FBGN0262736	7894	8326	8325	8244	11198	6779
FBGN0000578	12179	13463	12697	10610	14982	9654
FBGN0039970	1611	2103	1640	2297	3229	2259
FBGN0086904	59852	66890	73116	57192	85824	58625
FBGN0033710	26	45	18	152	23	92
FBGN0050493	185	297	368	449	636	465
FBGN0034084	1398	1766	1840	1651	2208	1549
FBGN0033570	1349	1710	1737	1585	2536	1596
FBGN0029506	10146	11470	11226	12370	16111	10546
FBGN0043534	0	1	19	17	0	0
FBGN0003863	155	67	154	534	881	780
FBGN0033526	2935	3681	3540	4312	6591	3482
FBGN0013308	25	13	1	5	47	14
FBGN0263030	6	0	8	34	12	30
FBGN0034814	1015	1011	1423	1250	2095	1216
FBGN0025185	1352	1485	1591	2010	2865	1399
FBGN0034768	15	2	14	6	0	0
FBGN0000395	3545	3957	3882	2480	4114	2380
FBGN0034750	2155	2492	2902	2459	4524	2655
FBGN0039994	5101	6602	5611	5113	7200	5508
FBGN0287631	61	38	36	84	120	70
FBGN0033904	93	85	46	47	53	65
FBGN0004132	2531	2805	2658	3022	4220	2692
FBGN0085230	28	46	14	36	14	18
FBGN0015509	20216	20817	21989	20431	29253	17898
FBGN0050479	0	0	0	10	12	8
FBGN0250827	15	4	4	16	1	8
FBGN0010611	1697	1772	2005	3015	4321	2555
FBGN0085253	3	16	0	1	0	10
FBGN0085569	11	41	0	16	2	1
FBGN0033367	1309	1132	943	2638	3776	1947
FBGN0034463	33	8	26	10	51	17
FBGN0033749	2056	2019	2168	2167	3171	1605
FBGN0259219	26	66	20	199	154	101
FBGN0034972	71	42	67	46	37	32
FBGN0028953	10620	11108	10949	10900	15879	9250
FBGN0043070	2202	2622	2309	2770	4040	2526
FBGN0033240	697	1054	912	992	769	694
FBGN0033548	1004	1420	1271	1304	1846	1410
FBGN0021875	1696	1954	1669	2161	3402	2345
FBGN0286785	3051	3726	3350	2488	2662	2567
FBGN0033907	936	1437	1333	1524	2679	1344
FBGN0033793	1	1	7	0	12	20
FBGN0250850	12102	12387	12792	12460	16844	10722
FBGN0263741	14	22	14	12	15	24
FBGN0263260	984	1264	1024	695	876	858
FBGN0050447	1	2	14	15	0	21
FBGN0034059	636	626	505	763	836	839
FBGN0050290	850	1152	967	879	1360	1037
FBGN0034223	4893	5225	5678	7069	10433	5903
FBGN0033668	342	363	320	651	856	606
FBGN0034727	2506	2769	3122	2932	3631	2731
FBGN0034157	64	33	7	90	54	25
FBGN0015300	27	0	14	25	16	22
FBGN0085252	28	12	13	19	17	1
FBGN0033633	94	98	77	88	32	75
FBGN0259967	21	0	5	14	0	0
FBGN0021995	7390	8324	9115	9346	14350	8842
FBGN0034362	413	525	389	665	1095	548
FBGN0022343	10331	12641	12322	14020	19808	12672
FBGN0035092	140	93	267	85	98	77
FBGN0033387	55	43	30	36	51	38
FBGN0034122	12	4	1	6	12	20
FBGN0261267	251	323	336	449	358	178
FBGN0033913	10602	10992	12377	12058	17457	10131
FBGN0034436	7538	9289	8468	9014	12227	7707
FBGN0260398	3787	3772	4389	4731	6207	3856
FBGN0033481	34	10	26	6	10	0
FBGN0034428	6	13	8	22	51	43
FBGN0034570	14474	15536	15726	16490	24255	14027
FBGN0285952	25899	32176	28677	25547	35629	25346
FBGN0020269	133	77	78	43	77	30
FBGN0266346	129	110	126	71	214	102
FBGN0083983	214	423	240	439	708	618
FBGN0263233	3	17	3	1	41	17
FBGN0050417	24	12	4	0	0	5
FBGN0033322	5	34	5	40	20	14
FBGN0085242	284	270	286	480	458	292
FBGN0264911	60	47	41	59	102	86
FBGN0033880	29	18	20	31	4	13
FBGN0034408	14286	15774	17047	15601	23496	13856
FBGN0050462	83	46	66	63	20	36
FBGN0033900	1336	1446	1602	1513	2391	1239
FBGN0034541	10	1	6	14	2	0
FBGN0024293	30	18	24	75	229	92
FBGN0033480	604	775	840	1106	1623	995
FBGN0010409	78886	90538	96883	83678	113338	69889
FBGN0034628	1406	1570	1607	1192	1905	1222
FBGN0050412	9	6	2	9	0	12
FBGN0010109	2484	2147	2730	3307	5045	2829
FBGN0034473	51	9	3	6	0	42
FBGN0050363	12	8	4	38	2	10
FBGN0034726	567	640	587	899	1210	792
FBGN0033158	134	32	61	213	427	259
FBGN0024556	6420	7916	8185	10317	14462	8345
FBGN0034472	9	6	0	11	20	17
FBGN0025336	2252	2134	2518	2286	3449	2308
FBGN0033463	6368	6927	6950	7931	10623	7035
FBGN0034945	615	874	664	746	1346	744
FBGN0267428	48	12	27	13	0	30
FBGN0050361	56	35	32	35	46	82
FBGN0284254	4311	4333	5186	5325	8075	4437
FBGN0025693	524	544	489	402	537	376
FBGN0029153	88	40	0	41	34	38
FBGN0050271	54	13	12	17	39	26
FBGN0034802	91381	91781	107835	86201	137996	81865
FBGN0085222	12	28	36	44	89	24
FBGN0033027	24	4	4	14	12	5
FBGN0033497	24	106	27	39	0	19
FBGN0034294	139	103	36	8	30	126
FBGN0044011	41	16	26	20	22	9
FBGN0034507	39	10	0	4	10	5
FBGN0034520	90	125	157	73	145	83
FBGN0262560	2755	3452	3316	3708	5419	3109
FBGN0034145	653	825	662	425	724	522
FBGN0034856	181	186	168	401	555	467
FBGN0020621	14171	16044	15586	13515	20052	12362
FBGN0019949	1478	1846	2092	2027	2690	1848
FBGN0035063	2923	3402	3140	3481	5136	3415
FBGN0261581	5	0	5	2	3	7
FBGN0260436	14	26	0	0	15	9
FBGN0033476	4856	5784	5097	5760	7998	3938
FBGN0034614	3568	4291	3814	4789	6815	4225
FBGN0017556	19	3	4	20	12	15
FBGN0265991	26489	27906	26254	29095	39241	20608
FBGN0027066	19450	21601	21619	20947	28652	19073
FBGN0050384	797	1098	756	611	1013	662
FBGN0033209	1131	1107	1216	1486	1902	1375
FBGN0033380	1329	1597	1458	1703	2338	1390
FBGN0002774	7138	8391	7931	8580	11504	7371
FBGN0033590	2	2	3	4	7	6
FBGN0034909	984	1128	1328	1289	1728	984
FBGN0034517	150	172	167	160	124	191
FBGN0264959	24783	27248	26707	22802	32895	20307
FBGN0263774	60	28	51	14	16	36
FBGN0034877	7167	7732	8710	9335	14034	8127
FBGN0050090	14	16	0	29	22	16
FBGN0013983	759	1008	990	1038	1292	799
FBGN0050481	2351	2685	3080	2976	4504	2988
FBGN0050480	35	30	18	77	40	113
FBGN0086532	2347	2798	2601	2946	4033	2419
FBGN0034741	10	13	3	60	37	24
FBGN0026573	9131	9577	9591	9241	13092	8110
FBGN0050080	15	19	3	5	0	9
FBGN0034159	4	10	6	3	12	22
FBGN0034644	6179	6590	7759	6499	9618	5667
FBGN0034126	120	148	124	97	156	158
FBGN0034733	91	94	92	174	177	108
FBGN0034121	42	23	39	51	78	81
FBGN0034045	204	162	294	126	292	104
FBGN0085489	10	15	6	18	11	0
FBGN0262954	671	864	673	975	1015	762
FBGN0025833	58	36	6	19	44	14
FBGN0262563	4	6	3	38	20	52
FBGN0034978	34	7	25	2	69	38
FBGN0034858	6434	6835	6597	6700	10096	6053
FBGN0027499	12359	14152	14664	14985	21348	13876
FBGN0001325	84	24	24	88	61	53
FBGN0001123	8688	10537	9326	9119	13262	8439
FBGN0259145	232	202	241	76	183	119
FBGN0010220	2402	2636	2312	2983	4243	2550
FBGN0050145	8	1	9	4	0	12
FBGN0259711	270	404	350	418	633	373
FBGN0034791	1932	2221	2068	2773	3692	2276
FBGN0034046	865	928	1181	924	1200	805
FBGN0034282	18145	18312	17294	19971	27659	19999
FBGN0265627	39	14	24	50	97	12
FBGN0025878	59	54	37	36	99	25
FBGN0033461	22	6	2	9	14	4
FBGN0034527	1960	1914	2098	2085	3319	1738
FBGN0033412	20	6	1	0	0	40
FBGN0034440	49	27	43	64	25	51
FBGN0053775	18	3	10	29	0	0
FBGN0066293	165	135	124	109	177	148
FBGN0011556	28	10	2	6	0	18
FBGN0033890	2773	3000	3453	3266	4759	3041
FBGN0050334	7	19	5	32	25	20
FBGN0264817	0	0	0	0	0	0
FBGN0053454	12	12	10	4	29	2
FBGN0035034	76	27	18	24	37	7
FBGN0015039	49	29	12	294	332	200
FBGN0040775	4	3	0	0	26	5
FBGN0033087	1793	2197	2171	1823	2406	1572
FBGN0001308	16182	18608	19399	14886	24147	14209
FBGN0033616	1196	1368	1518	1399	1895	1229
FBGN0034551	22	17	8	42	19	47
FBGN0034887	18	31	10	27	36	46
FBGN0002789	368	267	241	1205	1868	1149
FBGN0050499	2339	2664	2960	3181	4962	2560
FBGN0050423	1074	1287	1160	1535	1728	1209
FBGN0033321	54	48	48	18	36	28
FBGN0263656	74	20	21	49	46	43
FBGN0034396	208	166	263	64	161	131
FBGN0034796	1796	1880	2247	2634	2680	1796
FBGN0034553	53	35	6	26	8	19
FBGN0034118	5628	6017	5829	7618	10681	6142
FBGN0033297	19	6	17	121	98	81
FBGN0259179	68	14	27	18	24	16
FBGN0050378	0	0	6	0	8	5
FBGN0061360	1781	1909	1713	1874	2863	1841
FBGN0034289	66	17	51	74	55	176
FBGN0034834	18	16	14	9	18	25
FBGN0052833	11	4	3	0	10	26
FBGN0033656	1544	1881	1920	1636	1996	1429
FBGN0010358	335	185	619	4007	4301	3812
FBGN0004784	28	27	26	64	49	31
FBGN0028983	1426	1606	1818	1603	2266	1235
FBGN0003733	158	114	49	224	224	199
FBGN0024956	3160	3797	4330	3927	6005	3379
FBGN0002891	3619	4334	4497	5311	7394	4202
FBGN0040773	1058	1036	908	1035	1816	1134
FBGN0028473	37823	40735	46160	39090	58174	33278
FBGN0262123	134	174	98	562	658	578
FBGN0085471	33	6	15	13	10	33
FBGN0262102	11	7	0	4	3	1
FBGN0034300	10814	11571	10351	12098	17437	9788
FBGN0033994	589	680	596	686	1111	695
FBGN0033145	6	7	10	6	0	0
FBGN0263046	117	153	124	167	389	231
FBGN0033365	688	983	850	548	767	470
FBGN0033954	5	1	6	9	38	34
FBGN0034029	1913	2278	2173	2508	3117	2015
FBGN0029507	29	46	13	111	65	33
FBGN0012051	2940	3615	3251	3981	5451	3372
FBGN0033076	3	3	7	35	2	9
FBGN0033639	1998	2100	1985	1657	2482	1602
FBGN0263031	203	197	268	174	287	207
FBGN0050069	139348	147191	126977	120057	160055	115977
FBGN0266111	4913	5005	5556	7033	9094	5332
FBGN0034438	4528	5423	4781	3175	3653	3676
FBGN0034931	1735	1853	2133	1457	2250	1406
FBGN0033378	3236	4114	4224	3722	6340	3602
FBGN0015524	15	22	45	21	14	32
FBGN0050062	94	100	106	137	202	58
FBGN0259832	110	201	137	241	381	255
FBGN0024189	3468	3528	3326	2626	3812	2332
FBGN0033549	454	716	760	709	756	601
FBGN0259725	594	568	581	712	818	628
FBGN0265182	200	139	160	379	404	159
FBGN0033845	9906	9962	10326	9886	16537	9181
FBGN0050362	65	12	32	8	19	23
FBGN0033486	5330	5803	6218	5460	8872	4861
FBGN0033519	5	5	36	4	0	6
FBGN0026388	121	112	42	47	58	55
FBGN0034075	172	137	158	183	283	212
FBGN0085434	4248	4778	4862	9019	11688	7034
FBGN0029843	335	331	434	273	341	345
FBGN0029913	264	375	400	399	545	339
FBGN0030340	53	26	79	30	27	62
FBGN0029993	10	6	19	40	7	59
FBGN0261615	0	8	12	0	0	6
FBGN0002562	5468	5608	3016	22965	37494	14107
FBGN0030973	2715	3450	3576	3539	5613	3521
FBGN0030555	1615	1846	2252	1632	2599	1563
FBGN0052694	554	444	328	254	541	254
FBGN0029897	83275	90787	102695	84907	127331	73823
FBGN0030434	2293	2886	2967	3297	4712	2919
FBGN0030545	1802	2121	2392	2563	3346	2195
FBGN0040467	311	479	619	746	923	652
FBGN0052774	169	90	131	131	102	150
FBGN0030645	209	342	291	284	583	234
FBGN0029791	7118	6838	7998	7208	11359	6417
FBGN0031053	8775	9209	10391	9991	14331	7771
FBGN0039966	817	849	803	828	1027	609
FBGN0002579	42895	50349	53052	50366	76484	44002
FBGN0265725	4	16	19	32	72	18
FBGN0030966	1617	1547	1949	1878	3342	2011
FBGN0029647	4	0	0	0	4	1
FBGN0030207	19	32	31	60	21	1
FBGN0030251	2405	2983	3027	2829	4636	2232
FBGN0283434	2263	1914	2351	1691	2206	1665
FBGN0052736	470	555	572	807	1109	519
FBGN0016976	44	39	80	76	98	46
FBGN0030242	3641	3514	3752	4291	5835	3390
FBGN0011566	1003	907	1161	1147	1550	905
FBGN0015527	9922	10678	11592	12586	20183	11286
FBGN0029706	4634	5099	5106	5428	6766	4591
FBGN0023537	6579	7822	8064	8107	12116	6952
FBGN0025643	476	295	551	666	858	991
FBGN0030438	152	110	70	67	4	20
FBGN0023530	366	392	460	460	707	469
FBGN0030775	22	8	16	22	18	2
FBGN0052590	406	487	498	698	868	528
FBGN0263257	123	122	59	80	54	126
FBGN0043796	2068	2193	2214	2012	3786	1888
FBGN0029925	788	856	798	1046	1468	1017
FBGN0004432	42775	47628	50258	53160	70485	46204
FBGN0017566	8867	9261	10017	10097	14918	9369
FBGN0040066	5528	5995	6630	7127	10236	6331
FBGN0030937	26	12	0	10	0	9
FBGN0030385	5	9	28	11	21	23
FBGN0030793	1741	1865	1886	2433	3188	2037
FBGN0025641	6427	7541	7169	5138	7049	5363
FBGN0052548	37	53	21	12	70	35
FBGN0041626	52	50	24	20	6	18
FBGN0040395	3397	3517	3415	2887	4006	2709
FBGN0000173	5516	6370	7326	6648	9997	5514
FBGN0030721	35	14	26	29	18	17
FBGN0011741	2908	3099	3514	3844	5188	3071
FBGN0008635	16055	17978	19084	17256	25290	16698
FBGN0029723	36	102	73	45	63	96
FBGN0040384	1859	2452	1982	1982	2898	1501
FBGN0030505	11663	12226	12507	13328	20337	11568
FBGN0010412	48395	52028	60044	52068	73037	41768
FBGN0030109	6191	6652	6427	6691	9233	5504
FBGN0030763	5675	5843	6156	7085	11168	6225
FBGN0030747	105	45	61	124	90	60
FBGN0027093	6060	5930	6005	6615	9689	5573
FBGN0005390	134	78	43	67	32	71
FBGN0052708	995	1017	1026	1369	1930	1102
FBGN0025743	6317	6975	7433	7662	10777	7122
FBGN0029810	34	72	12	24	20	22
FBGN0027793	29	26	18	48	93	41
FBGN0040361	2	6	20	8	18	1
FBGN0283476	195	146	83	122	98	137
FBGN0031142	123	217	135	66	344	172
FBGN0030529	9157	10130	9971	14169	17339	11139
FBGN0004143	34	4	10	4	0	1
FBGN0026268	0	22	18	2	1	53
FBGN0031148	5089	5857	6547	8150	13294	8241
FBGN0030098	26	8	12	14	12	4
FBGN0040371	13	18	15	14	0	8
FBGN0030872	1262	1129	1375	991	1534	995
FBGN0030208	20077	23077	23626	22568	34328	22103
FBGN0083956	1856	1588	2240	1785	2441	1463
FBGN0064117	2111	2650	2535	2874	4051	2680
FBGN0085430	34348	35151	37635	29274	44906	25770
FBGN0030940	276	251	286	268	305	368
FBGN0265464	3200	3114	3339	3663	4918	2741
FBGN0260970	19048	20594	21374	19259	27105	16231
FBGN0029714	1464	1371	1442	1578	2063	1461
FBGN0029831	1038	1051	1018	831	1357	631
FBGN0030653	1568	1904	1943	1160	1754	1159
FBGN0066304	2627	3125	3153	3467	4849	3111
FBGN0026879	4195	5234	4898	4348	6636	5508
FBGN0052806	90	110	133	127	131	75
FBGN0030683	548	638	600	589	1033	576
FBGN0028686	11929	13757	14360	12820	20477	12818
FBGN0288741	2	0	2	0	0	0
FBGN0003132	1	2	2	0	2	18
FBGN0030743	627	823	767	773	1005	829
FBGN0053080	81	64	108	48	172	112
FBGN0052693	36	2	71	6	12	32
FBGN0260867	0	0	10	0	0	3
FBGN0031001	1804	1280	1956	1506	2632	1316
FBGN0030361	466	508	362	638	716	423
FBGN0029003	13665	14951	17155	15334	24252	14088
FBGN0030798	1223	1169	1234	1334	1865	863
FBGN0263987	11746	13523	14162	12867	17714	11546
FBGN0025627	327	353	442	314	691	368
FBGN0031164	31	13	11	5	8	16
FBGN0261284	2193	2743	2869	2812	3626	2670
FBGN0029730	13	6	19	18	0	2
FBGN0030889	42	28	20	62	16	33
FBGN0030858	3745	3568	4625	4381	7609	4162
FBGN0288739	2	0	0	0	7	4
FBGN0003996	46	70	112	172	94	91
FBGN0287645	16	23	4	5	17	0
FBGN0025839	796	841	911	1359	1751	881
FBGN0011742	4207	5211	4938	4359	6531	3925
FBGN0052668	31	16	13	4	5	30
FBGN0040648	5	0	7	0	2	7
FBGN0030808	7063	7326	7355	7479	10654	6553
FBGN0267042	2	2	7	0	0	8
FBGN0001189	6234	6864	6956	6424	9746	6046
FBGN0263705	22007	24396	25015	22190	34865	20019
FBGN0030262	31	31	22	10	68	16
FBGN0002933	31	6	16	6	7	29
FBGN0029941	21162	22941	23544	24255	37020	21397
FBGN0029961	14	15	10	24	0	25
FBGN0283680	2650	3411	3505	2450	2972	2306
FBGN0023522	2569	3025	2944	2782	3933	2493
FBGN0027601	8441	9118	11302	6246	8217	5557
FBGN0262611	3	3	1	1	2	0
FBGN0030692	7071	7396	7706	8275	12375	7245
FBGN0085478	9018	9402	9371	8573	12120	6748
FBGN0030877	2062	2115	2394	1869	3313	1937
FBGN0029807	43	17	22	105	81	43
FBGN0004856	7424	7939	8922	7718	11551	7901
FBGN0030313	21	4	4	17	18	11
FBGN0031061	2393	2345	2242	2252	3457	1923
FBGN0052698	98	104	124	229	284	177
FBGN0085446	61011	63988	58998	60973	90380	51521
FBGN0047095	93	107	67	134	151	135
FBGN0052602	580	132	298	165	278	282
FBGN0030824	22	6	0	16	0	18
FBGN0052726	3	0	0	4	4	1
FBGN0265265	6	0	1	0	0	0
FBGN0030537	114	24	7	136	50	47
FBGN0029882	3364	4143	4050	5072	6616	4292
FBGN0030224	14	7	3	32	25	3
FBGN0264090	11301	11022	13008	9069	14146	8804
FBGN0085359	0	4	2	0	11	0
FBGN0267350	6692	7427	8512	10082	13466	7885
FBGN0025640	525	609	821	970	1350	810
FBGN0052643	2	2	2	0	4	4
FBGN0031106	929	1071	1062	1105	1227	1002
FBGN0028982	27826	28972	29907	33303	50283	30466
FBGN0040362	16	29	2	15	0	3
FBGN0040899	542	963	806	817	1429	954
FBGN0030884	1109	1090	1058	1014	1633	879
FBGN0029756	1018	1141	1503	1283	1916	962
FBGN0052598	11	17	21	19	0	8
FBGN0052676	10645	11834	12513	10102	14630	9405
FBGN0030078	13	16	32	30	35	14
FBGN0031126	2857	3010	3801	2583	3606	2063
FBGN0040337	1193	1111	1166	1545	1814	1455
FBGN0026174	32	4	10	12	0	0
FBGN0030338	7	6	24	22	1	22
FBGN0261444	17459	17890	18446	15588	22387	14080
FBGN0266000	15543	16290	16867	17205	23389	14377
FBGN0052713	22	1	1	26	1	13
FBGN0030244	21	3	13	31	9	32
FBGN0030963	548	694	740	722	1034	581
FBGN0053548	44	23	29	74	74	36
FBGN0052655	12	24	29	2	37	14
FBGN0259228	6796	6987	7255	6773	10113	6098
FBGN0288700	102	50	55	29	68	25
FBGN0000810	3426	3108	3254	3484	4816	2811
FBGN0030616	42049	46066	53799	54394	76918	42338
FBGN0020381	2894	2608	3151	3348	5094	3245
FBGN0003950	183	315	220	568	1093	542
FBGN0028581	798	882	744	1194	1078	749
FBGN0030964	287	295	279	242	248	244
FBGN0004456	15242	17260	17955	15162	22554	13302
FBGN0286222	11641	13242	15040	11517	16202	10792
FBGN0030829	20	4	2	0	0	17
FBGN0029727	21	0	8	28	10	8
FBGN0288737	6	0	0	13	0	20
FBGN0040235	2028	2559	2567	2656	3507	2460
FBGN0028331	9855	10624	10288	10544	16411	9522
FBGN0030037	1620	1590	2225	2148	3022	1917
FBGN0011710	10114	11030	12409	9550	14348	9417
FBGN0028685	8838	10289	10399	9603	14517	8121
FBGN0053180	6273	7199	6752	8216	9487	7123
FBGN0040234	2495	2772	3412	2822	4415	2508
FBGN0029522	754	1037	1017	1349	1769	1036
FBGN0031070	4179	4394	4872	3933	5972	3363
FBGN0052817	481	788	710	1101	1641	663
FBGN0030752	2154	2274	2345	2439	2973	2117
FBGN0260771	2803	3420	3912	2869	4873	2637
FBGN0030850	2243	2364	2332	2112	3191	1834
FBGN0030729	48	7	12	9	0	28
FBGN0030951	5	8	6	6	0	13
FBGN0030512	2727	2695	3527	2902	4499	2655
FBGN0001404	1494	1825	1730	1464	2531	1143
FBGN0031037	3560	4637	4400	4073	5522	3611
FBGN0023515	5843	6178	6436	6584	9856	5498
FBGN0026192	3324	3675	3567	4129	5833	3597
FBGN0030943	3161	3062	3440	3770	4944	2896
FBGN0259143	2967	3227	2821	2576	4783	2680
FBGN0259834	619	910	768	500	733	354
FBGN0003411	3	10	0	0	22	8
FBGN0029693	3117	3347	3317	4086	5433	2911
FBGN0030631	7586	7794	8385	7147	12206	7418
FBGN0030320	8701	10286	9842	9476	13533	9392
FBGN0052639	379	304	249	276	335	160
FBGN0259189	50	40	2	17	16	22
FBGN0261710	119332	125747	132989	113240	178804	102867
FBGN0025645	37	2	0	4	7	1
FBGN0263220	90	120	68	84	82	113
FBGN0040367	21	65	79	30	66	8
FBGN0010294	25	3	20	0	28	32
FBGN0029525	5041	5578	5805	7255	10000	6490
FBGN0026375	18228	20271	19914	18382	25474	15133
FBGN0031118	20777	21284	23382	20039	27109	16603
FBGN0061196	15	22	21	30	7	4
FBGN0052544	0	10	4	18	15	10
FBGN0041252	7	2	0	36	9	12
FBGN0288736	4	4	0	10	0	1
FBGN0031010	26	27	12	53	56	55
FBGN0023177	4504	5288	5448	5239	6751	4187
FBGN0053242	0	0	0	0	0	0
FBGN0030403	2487	3063	3162	3061	4973	2970
FBGN0030740	2633	2674	3068	2497	4224	2511
FBGN0030237	32	12	96	9	48	22
FBGN0040339	1394	1635	1700	1874	2737	1547
FBGN0030716	2443	2503	2678	4599	6824	4400
FBGN0039965	1655	1789	1743	1829	2808	1564
FBGN0001145	633	635	970	1440	3242	569
FBGN0260971	101	58	48	39	63	44
FBGN0026086	5216	5681	4850	5473	7876	4481
FBGN0023509	11115	12003	13303	12897	19519	10896
FBGN0030662	3798	3782	4043	3247	4681	3193
FBGN0027107	26	0	5	7	20	20
FBGN0052816	103	134	167	95	108	83
FBGN0029529	522	666	616	759	1095	633
FBGN0029868	2714	3514	3855	3725	5179	3524
FBGN0031055	52	57	34	106	152	114
FBGN0027259	1787	2071	2069	1554	3356	1458
FBGN0262536	0	1	12	0	0	33
FBGN0030543	41	19	18	37	12	38
FBGN0029713	1666	1846	1948	1867	2412	1547
FBGN0029705	22	33	9	41	11	10
FBGN0000092	41	60	53	88	71	50
FBGN0053223	17	2	1	38	4	18
FBGN0030642	19	46	34	16	30	16
FBGN0259722	295	415	200	402	570	309
FBGN0004646	21935	24764	25947	19855	26226	17805
FBGN0260938	23577	24754	25306	24193	33965	21092
FBGN0029580	26	32	12	36	10	20
FBGN0052601	2	12	17	1	0	0
FBGN0029751	118	62	39	67	117	105
FBGN0030474	2092	1946	1964	2056	3467	2110
FBGN0003965	4	22	11	100	72	55
FBGN0031041	829	983	1065	1407	1756	1124
FBGN0083228	12	34	4	9	9	60
FBGN0030830	40	6	12	16	0	16
FBGN0085367	7	3	3	1	0	0
FBGN0284435	3344	4486	3762	3961	5156	4157
FBGN0029643	18	5	9	27	12	16
FBGN0031082	2	6	0	0	15	40
FBGN0030323	692	894	809	545	925	428
FBGN0031030	29184	30637	32594	28281	44334	25782
FBGN0030410	351	599	431	446	533	372
FBGN0004959	323	114	134	625	1554	145
FBGN0021764	34051	36922	36374	33386	48081	28588
FBGN0031049	2836	3632	3459	3661	4977	3274
FBGN0263994	181	97	46	61	71	100
FBGN0030595	2	10	6	0	18	5
FBGN0000316	2419	3233	3229	3951	4282	3054
FBGN0021742	32	27	13	4	41	21
FBGN0010303	9298	9512	9995	9646	13528	8338
FBGN0030321	13039	15731	14528	12574	19304	12869
FBGN0040892	6	2	1	20	0	9
FBGN0025631	499	606	617	312	561	397
FBGN0029940	13	4	1	0	0	7
FBGN0284233	17	0	6	2	10	7
FBGN0085479	282	298	257	232	436	236
FBGN0260868	0	2	12	0	8	3
FBGN0030998	24	29	33	23	22	24
FBGN0052649	1133	1333	1574	1681	2495	1466
FBGN0031181	26	40	16	22	24	52
FBGN0030108	10	15	21	30	68	32
FBGN0028360	2266	2550	2565	2551	3647	1980
FBGN0030437	42	18	12	11	0	10
FBGN0029866	738	674	983	338	472	296
FBGN0030905	7	15	18	22	17	3
FBGN0031168	75	86	105	186	142	125
FBGN0065032	27	26	7	10	32	6
FBGN0030222	42	40	31	56	85	38
FBGN0040363	31	14	5	33	38	19
FBGN0030661	11	24	35	44	28	65
FBGN0029666	3688	4170	4308	3851	5446	3541
FBGN0267050	0	2	4	1	0	0
FBGN0030384	15	20	9	13	4	18
FBGN0031129	29	11	2	0	8	10
FBGN0030343	1962	2192	2632	1937	3107	1865
FBGN0028583	22	0	24	12	24	10
FBGN0030409	23	4	10	13	0	9
FBGN0030521	5033	5615	5574	6328	8565	5628
FBGN0003116	71	125	184	187	190	124
FBGN0288735	4	0	0	10	0	0
FBGN0283657	40419	43610	41869	42332	59037	35666
FBGN0053236	0	1	0	0	0	0
FBGN0025633	15663	17815	18081	15884	22655	13691
FBGN0261085	68	12	11	42	0	20
FBGN0262874	6	5	6	0	0	1
FBGN0030374	0	0	0	1	0	0
FBGN0085352	0	1	0	0	0	10
FBGN0003514	7023	8335	8134	9388	12635	9142
FBGN0030647	14	28	8	34	0	60
FBGN0030675	305	457	367	387	680	460
FBGN0052651	4	8	14	6	14	8
FBGN0030334	94	43	31	131	76	121
FBGN0264738	14	22	5	2	3	18
FBGN0261573	15058	15756	17437	16539	25376	15313
FBGN0260238	11	14	10	8	32	11
FBGN0000644	117	110	37	193	157	102
FBGN0031101	64	15	4	6	12	7
FBGN0030981	5	6	17	6	16	24
FBGN0040370	53	23	10	11	44	28
FBGN0040342	4	27	16	14	6	8
FBGN0030156	9	16	42	21	108	76
FBGN0030975	25	11	0	38	16	17
FBGN0287595	1	9	0	0	0	0
FBGN0027296	558	444	641	654	1063	552
FBGN0030039	499	577	616	667	774	545
FBGN0029765	3	0	13	0	18	0
FBGN0262487	26	11	17	4	3	13
FBGN0024996	2001	2003	2149	2577	3805	2186
FBGN0015245	22807	26802	29833	30821	46208	27332
FBGN0086674	4955	5781	5031	4040	6284	3822
FBGN0288744	2	2	0	0	0	0
FBGN0030745	255	255	431	396	690	333
FBGN0053639	13	11	1	16	10	22
FBGN0003028	28703	28884	31432	25953	39149	21837
FBGN0030177	4546	5223	5045	6008	9193	5887
FBGN0031103	1	2	0	2	4	13
FBGN0029834	130	93	128	218	567	224
FBGN0030899	8	6	0	13	5	0
FBGN0052533	2330	2627	3167	3728	5240	3432
FBGN0030483	12	7	9	0	22	1
FBGN0014024	6735	8162	8078	6735	10127	6683
FBGN0029785	57407	67310	66159	57439	81235	58577
FBGN0025630	1658	2013	2208	1940	3484	1926
FBGN0259171	2585	2588	2665	4520	5224	3544
FBGN0264270	22116	23620	24479	19111	25559	17269
FBGN0265597	84	101	37	138	30	86
FBGN0030055	1503	1647	1563	1782	2680	1465
FBGN0030067	4562	5229	5136	5378	7364	5378
FBGN0030664	0	16	3	4	2	1
FBGN0029658	29	5	11	28	0	3
FBGN0004654	4886	5178	5830	4716	7382	4336
FBGN0031115	2430	2768	2374	2965	5093	2623
FBGN0040918	2529	2802	2884	2619	3028	2295
FBGN0267047	3	2	2	0	6	16
FBGN0029997	1932	1922	2565	1944	2823	1712
FBGN0030370	17	23	1	4	0	0
FBGN0030881	2	13	1	31	14	24
FBGN0030828	7	33	10	118	187	159
FBGN0085353	87	9	55	47	1	45
FBGN0029690	26	16	115	81	64	110
FBGN0029816	0	0	11	1	6	6
FBGN0023512	3351	3947	4260	4142	6466	4010
FBGN0030562	3	7	14	0	0	16
FBGN0027358	577	567	538	653	965	640
FBGN0026874	60	41	53	12	8	15
FBGN0029820	1958	2105	1926	1669	2552	1446
FBGN0030274	3528	3753	4403	3324	5966	3161
FBGN0023541	51	55	93	119	109	75
FBGN0029977	11	28	12	12	0	15
FBGN0001105	8729	10049	10303	9291	12786	7863
FBGN0031183	1136	1339	1386	1494	1938	1281
FBGN0030091	5661	6099	6549	6308	9077	5039
FBGN0014411	5367	6247	6421	6502	10086	6209
FBGN0000709	5079	5475	6287	5076	7199	4598
FBGN0040340	9634	10534	11080	10053	13512	8852
FBGN0262608	0	0	13	0	0	2
FBGN0260450	4672	4799	5581	5768	7605	5170
FBGN0052579	868	1064	1025	1219	2141	1042
FBGN0030733	2298	2438	2094	2818	3968	2774
FBGN0262740	4600	4941	4706	4228	6833	3885
FBGN0053497	2676	2455	3447	3013	4037	2336
FBGN0004924	21944	24970	24127	21681	31380	19685
FBGN0030100	707	611	577	1182	1225	571
FBGN0004643	4314	5212	5029	5680	7212	4471
FBGN0267001	46878	51198	52741	45034	66752	36499
FBGN0261803	170	424	352	473	154	294
FBGN0031012	11	30	12	43	36	39
FBGN0259166	2600	2350	2835	2434	3439	1941
FBGN0001079	2686	2356	3010	3220	3932	2321
FBGN0029686	4091	3918	3674	5193	6981	4695
FBGN0030573	120	190	105	160	199	110
FBGN0003053	703	1109	1339	1145	1538	736
FBGN0266572	8009	9190	10075	9790	14773	8763
FBGN0014340	4241	4955	4784	5773	8373	5019
FBGN0001341	9415	10690	10252	11198	15585	9575
FBGN0263072	170	108	119	171	118	65
FBGN0030578	15	0	20	6	0	22
FBGN0004860	33439	32756	37532	35491	51092	30229
FBGN0010329	39	47	42	40	28	10
FBGN0030052	1631	1912	2064	1648	2561	1499
FBGN0030788	1977	1802	2290	1679	3305	1988
FBGN0053245	2	1	0	0	0	0
FBGN0030003	2289	2624	2724	3243	4876	3137
FBGN0003964	4882	4551	5446	4816	7118	4268
FBGN0030928	1	10	0	10	0	17
FBGN0267045	4	5	3	0	6	16
FBGN0024361	24	21	9	17	0	38
FBGN0025629	1701	1791	1973	2204	3070	1678
FBGN0031108	9	7	8	0	0	22
FBGN0011770	1917	1948	2045	1542	2230	1451
FBGN0029771	422	282	653	469	563	289
FBGN0030412	4786	5178	4834	4114	5914	3812
FBGN0052554	214	277	230	180	472	169
FBGN0262609	0	0	0	0	0	0
FBGN0261570	13442	14141	14109	13116	19447	12181
FBGN0027528	11557	11684	11672	11553	17630	10815
FBGN0020909	2008	2418	2275	2932	4296	3124
FBGN0030344	7424	8355	8306	8254	11459	7649
FBGN0031062	3201	4024	4166	4580	8148	4488
FBGN0030809	22099	22904	23830	23380	33279	19759
FBGN0263111	348	235	174	850	889	927
FBGN0004367	5185	5749	5612	7177	8460	5356
FBGN0030056	2476	2763	2569	2733	3414	2162
FBGN0030955	9148	10449	11392	11250	16930	10389
FBGN0029133	7203	7337	8084	10126	14213	7851
FBGN0030514	3804	3929	4389	4000	6516	4124
FBGN0003159	1113	1098	953	1127	1481	1048
FBGN0030038	4733	4951	5219	5107	7773	4619
FBGN0003638	20478	21404	23022	24433	35146	20160
FBGN0003390	10223	11115	11309	9287	14300	8788
FBGN0031195	1141	1444	1480	1451	2008	891
FBGN0030013	434	562	510	706	733	546
FBGN0086448	1003	1236	1066	1226	1355	1043
FBGN0040923	0	20	17	0	0	22
FBGN0031077	4698	4797	5601	4314	6594	4378
FBGN0003086	44	36	19	104	57	106
FBGN0029944	4646	4936	4838	4103	5669	3645
FBGN0030757	3315	3810	3830	3807	4419	2977
FBGN0029596	57	57	59	134	64	25
FBGN0011277	26	14	2	9	1	42
FBGN0031023	18893	18882	20454	16708	26156	14982
FBGN0030706	102	68	80	52	78	61
FBGN0262980	0	0	2	0	1	5
FBGN0020272	1644	1881	1884	2226	2912	1796
FBGN0030695	1744	1844	1919	2488	3599	1931
FBGN0030468	3870	4125	4353	5677	8622	5435
FBGN0030524	12	6	4	0	18	14
FBGN0030421	161	79	139	41	46	4
FBGN0040649	1	0	6	4	5	5
FBGN0029518	27	33	0	20	12	10
FBGN0026575	53659	57024	57200	50268	74231	43806
FBGN0031051	7060	7560	8548	7565	10819	6681
FBGN0259190	16	18	15	22	33	20
FBGN0266435	42	26	15	73	101	41
FBGN0003559	5983	6115	6418	7243	9324	6204
FBGN0283741	1851	2002	2140	2157	2654	1910
FBGN0030164	30	11	16	2	0	8
FBGN0052820	171	52	68	129	256	73
FBGN0053667	48	49	72	46	94	41
FBGN0052507	3	5	3	0	0	8
FBGN0004957	1047	1182	1285	1544	2017	1170
FBGN0030994	33	14	2	43	60	32
FBGN0029890	497	625	909	532	951	489
FBGN0266647	3	0	4	0	6	6
FBGN0288730	0	3	0	0	4	0
FBGN0026060	1426	1861	1737	2188	2911	1557
FBGN0031047	7784	8344	9306	10603	15049	9141
FBGN0263748	21	20	26	40	42	17
FBGN0052811	35	16	30	13	0	5
FBGN0262607	18	8	17	5	7	14
FBGN0031176	7	0	0	0	0	7
FBGN0285954	7988	9995	8106	8828	14014	9419
FBGN0262486	13	10	0	14	0	7
FBGN0030949	30	8	15	29	4	12
FBGN0041210	5159	5401	5873	5080	7916	4345
FBGN0024983	2490	2813	3235	3063	3777	2437
FBGN0003392	12372	13112	13727	12059	17381	10490
FBGN0030696	791	920	835	554	1003	515
FBGN0030970	1072	1180	1567	1468	1418	1127
FBGN0027087	4335	5012	4814	5270	6472	4815
FBGN0250904	64	48	30	44	77	54
FBGN0022942	11092	11638	12603	12356	17946	11150
FBGN0030028	24	23	15	3	14	24
FBGN0052792	36	48	16	30	16	17
FBGN0025644	80	25	13	82	18	17
FBGN0030599	8	13	3	40	9	3
FBGN0030892	2396	2576	3085	2328	3183	2263
FBGN0029950	52	64	72	40	11	9
FBGN0030739	1825	1806	1913	2126	3175	1934
FBGN0052536	1359	1755	2079	1675	2766	1478
FBGN0029645	45	8	19	66	0	12
FBGN0030999	50	12	80	23	192	107
FBGN0085356	12	41	14	7	5	7
FBGN0267163	57	105	144	83	64	120
FBGN0029888	1976	2164	2440	2549	3575	1941
FBGN0085387	82	14	32	51	16	28
FBGN0288745	0	4	0	0	0	1
FBGN0029755	4681	5159	5641	7278	10712	6854
FBGN0029853	346	380	474	540	790	538
FBGN0053664	9	32	14	68	52	19
FBGN0029894	2112	2162	2702	2363	3145	1670
FBGN0031032	68	102	94	193	243	90
FBGN0030065	2953	3927	3753	3357	5175	3217
FBGN0030407	471	454	389	487	737	334
FBGN0014464	2	14	28	17	14	36
FBGN0053557	1	2	0	10	0	10
FBGN0030668	331	192	261	395	591	278
FBGN0000520	2061	2203	2423	2092	3365	2346
FBGN0031134	23	13	8	6	26	0
FBGN0029539	13	5	15	1	4	6
FBGN0030641	2914	3138	3059	3008	4458	2610
FBGN0029857	2348	2277	2969	2901	3938	2402
FBGN0023521	924	1109	1187	1259	1249	962
FBGN0029892	351	455	451	496	857	482
FBGN0284442	9089	9712	11675	11259	18069	10106
FBGN0040319	1127	1457	1526	1065	2021	1273
FBGN0030097	48	52	32	171	46	196
FBGN0000617	2532	2457	2708	2698	3560	2429
FBGN0260873	7	6	0	0	0	0
FBGN0085437	5984	6257	6549	6432	9651	5284
FBGN0064116	5453	6598	7052	7971	12249	7061
FBGN0030628	616	769	776	2482	3497	1834
FBGN0030780	31	18	16	4	35	26
FBGN0030961	75	124	85	69	125	70
FBGN0030894	2872	3343	3173	3271	4373	2746
FBGN0000536	3235	3466	3780	2680	4298	2399
FBGN0030508	50	27	11	22	52	39
FBGN0030027	1733	2111	2181	1978	3277	1769
FBGN0030394	43	54	33	250	170	276
FBGN0259734	1861	1773	1697	1980	2847	1734
FBGN0029955	29	10	29	39	24	28
FBGN0262686	0	0	1	17	16	6
FBGN0011280	17	4	4	0	10	11
FBGN0028342	7889	9239	9171	11542	14539	9726
FBGN0040368	15	8	31	0	0	38
FBGN0040347	1278	1311	1593	1981	3133	1648
FBGN0027287	3214	3292	3951	3947	5474	3782
FBGN0015288	119537	128701	150453	108429	168604	98330
FBGN0030624	10	5	1	9	12	2
FBGN0030016	40	7	13	6	30	48
FBGN0029963	17	10	13	28	22	25
FBGN0022768	10546	10604	10748	10085	14992	9257
FBGN0052529	19010	19921	19842	16929	24265	14554
FBGN0031099	860	1009	1315	1006	1774	1024
FBGN0030163	16	18	4	0	30	24
FBGN0030834	2212	2058	2802	2333	3690	2056
FBGN0030693	8375	10021	10890	10136	13358	9643
FBGN0029724	39	8	14	8	0	16
FBGN0029703	32	12	21	30	31	1
FBGN0030396	671	823	703	653	707	628
FBGN0264542	248	234	228	109	94	143
FBGN0285944	231	177	139	132	140	170
FBGN0030878	3471	3675	4345	4909	7317	4624
FBGN0000084	691	958	1167	605	947	510
FBGN0040389	654	953	884	1314	1653	904
FBGN0052573	48	63	7	32	34	56
FBGN0000377	4367	4958	5148	5010	7452	4899
FBGN0030010	689	539	581	498	682	518
FBGN0029873	2850	3048	3141	3721	5674	3745
FBGN0031114	3857	4916	4999	4327	6895	4751
FBGN0030634	6	16	6	4	10	28
FBGN0030484	1140	901	1337	1153	1807	896
FBGN0260658	52	51	17	112	156	129
FBGN0052686	27	37	44	44	9	49
FBGN0003079	3563	3676	3827	3863	5350	3397
FBGN0023216	2950	3268	3745	3170	5007	3197
FBGN0030613	235	78	56	159	162	111
FBGN0286508	1683	1918	1911	802	1099	583
FBGN0266848	4351	5288	5395	4699	6670	3812
FBGN0011576	66	135	61	323	548	284
FBGN0013432	864	958	842	893	1384	890
FBGN0052495	6524	6680	7542	10906	14196	9304
FBGN0011826	8872	9447	10808	8517	12556	8059
FBGN0030259	12	11	2	0	18	2
FBGN0025838	0	6	2	7	22	0
FBGN0266050	84	87	56	47	42	72
FBGN0052499	16889	15316	18488	16120	22368	15112
FBGN0021738	11	14	13	25	29	11
FBGN0030625	2027	1919	2147	2488	3206	2006
FBGN0040396	1840	1995	1916	2129	3168	1826
FBGN0010194	10206	11359	11530	11431	15688	10020
FBGN0024998	2951	3209	3380	3349	4830	3368
FBGN0031043	1478	1776	1782	2505	3155	2166
FBGN0029642	7	20	0	19	4	21
FBGN0052591	30	9	5	2	34	20
FBGN0031020	12674	14932	16333	17949	28166	15333
FBGN0029887	5264	5084	5344	4851	7797	5078
FBGN0030674	75056	77070	79693	77448	113647	63296
FBGN0030847	1793	1984	1822	1823	2509	1530
FBGN0053517	60	15	7	42	7	33
FBGN0029952	10	2	0	0	6	0
FBGN0030049	15484	16558	17224	15351	23561	13410
FBGN0052681	48	61	58	14	60	21
FBGN0030063	2047	2674	2736	2994	3798	2523
FBGN0003277	41606	46917	45910	44427	63769	37916
FBGN0030018	7000	7554	7471	6840	9849	5883
FBGN0030191	10	1	16	72	0	36
FBGN0040028	164	59	73	147	246	67
FBGN0029903	18903	21534	21997	18216	26869	16050
FBGN0022710	1786	1968	2108	1500	2065	1214
FBGN0014032	1367	1373	1541	1808	2699	1244
FBGN0259789	60387	59196	61505	62028	98607	51400
FBGN0030938	14	17	21	8	94	28
FBGN0030663	4	8	14	5	0	1
FBGN0030724	2019	2253	1812	2498	2581	1739
FBGN0025383	8	21	13	27	9	16
FBGN0259700	4022	4252	4062	3730	5909	3440
FBGN0030574	83	34	29	49	55	102
FBGN0017418	3589	3728	3360	3272	4290	2998
FBGN0023508	3132	3683	3729	3048	3303	2641
FBGN0052654	23208	27035	26927	20356	29745	18750
FBGN0262900	105	70	36	50	108	29
FBGN0030761	1107	1270	1421	1292	2199	1397
FBGN0052793	21	46	34	79	34	64
FBGN0053665	43	15	74	31	56	18
FBGN0040784	0	0	4	16	0	2
FBGN0040350	43	24	49	26	102	32
FBGN0267046	5	0	1	6	6	6
FBGN0004598	16310	19199	18288	16220	24237	14139
FBGN0001330	3555	4428	3571	5488	7449	4333
FBGN0052803	843	1125	1162	1365	1571	858
FBGN0030598	699	929	851	550	483	576
FBGN0026411	29	76	127	125	52	72
FBGN0030151	10565	12077	12971	13331	19916	11180
FBGN0000163	9600	10369	11245	10413	15851	8764
FBGN0028325	5134	6178	5879	5896	8647	5275
FBGN0286809	5913	6119	6474	7268	10340	6111
FBGN0030823	27	10	0	15	0	27
FBGN0283433	1332	1092	1322	993	1362	911
FBGN0261834	20	0	9	10	11	15
FBGN0030449	165	239	105	116	184	104
FBGN0030268	17670	18683	20739	18431	27619	15428
FBGN0030509	4	6	18	30	59	6
FBGN0285879	1281	1629	2167	986	838	985
FBGN0030985	14	37	29	26	23	4
FBGN0030791	2866	3495	3653	2884	4005	2636
FBGN0029740	36	9	0	8	0	2
FBGN0030291	554	765	660	744	1197	713
FBGN0030510	165	152	208	229	181	158
FBGN0029719	79	71	61	41	110	34
FBGN0040031	53	38	19	17	34	12
FBGN0040348	26	21	49	32	25	40
FBGN0029689	423	627	624	508	887	519
FBGN0027864	297	473	424	406	715	373
FBGN0016038	1803	2115	2028	2108	3145	2134
FBGN0030048	331	303	429	345	381	396
FBGN0030366	16434	19241	19438	17634	24845	14694
FBGN0029789	1321	1365	1358	1189	2026	1061
FBGN0030278	4	0	0	18	0	1
FBGN0027291	8368	8205	9424	8694	13412	8046
FBGN0040346	1679	1732	1737	1786	2802	1801
FBGN0259699	6554	6242	6214	4209	6864	4662
FBGN0030318	6320	6688	7596	5972	8840	5642
FBGN0052640	4584	5715	5239	5791	7290	5197
FBGN0044872	59	9	9	42	5	30
FBGN0029863	1369	1929	1186	896	519	959
FBGN0031065	13	16	13	14	45	39
FBGN0029594	956	1498	1191	1554	2066	1423
FBGN0030556	5420	6312	6232	6996	9631	6063
FBGN0030499	1654	1922	2284	1976	3331	1819
FBGN0027588	39317	42228	46195	37027	51452	31778
FBGN0029648	592	654	800	1168	1634	886
FBGN0040069	45	12	7	18	14	26
FBGN0029939	1522	2038	1977	1408	1684	1345
FBGN0040345	20	20	0	12	18	5
FBGN0264562	14218	23741	9098	9672	3847	15926
FBGN0261955	5059	5893	6425	7554	11030	5867
FBGN0062565	56	35	34	24	0	22
FBGN0030913	15	14	9	72	10	13
FBGN0028369	898	796	911	806	1342	753
FBGN0014395	33	18	25	7	80	49
FBGN0030648	10428	12034	11448	9844	15611	9826
FBGN0029813	20	16	30	65	184	54
FBGN0053244	2	1	0	0	0	0
FBGN0030519	3763	4041	4634	4206	7187	4519
FBGN0030528	344	340	583	465	594	361
FBGN0000499	5329	5965	6778	6367	8585	5460
FBGN0031187	6689	7610	6603	6883	9353	5752
FBGN0000330	2498	2990	3053	2939	4803	2603
FBGN0040377	14	3	13	85	17	16
FBGN0040650	89	81	125	178	442	184
FBGN0010380	10935	13585	13871	13173	18912	10707
FBGN0011834	4	11	0	18	0	19
FBGN0261930	67	67	36	59	34	65
FBGN0030162	12	12	0	4	6	42
FBGN0014031	45	31	45	128	136	38
FBGN0030612	425	406	477	534	596	520
FBGN0024997	37	19	19	40	16	61
FBGN0030863	2052	2191	2196	2139	3468	2117
FBGN0266490	696	782	695	1175	1325	853
FBGN0262699	1922	1923	2328	1865	2648	1744
FBGN0030358	49	31	31	86	53	53
FBGN0030525	35	10	23	16	0	2
FBGN0052641	4892	6040	5429	5782	7228	5150
FBGN0052712	17	22	26	76	78	7
FBGN0045502	18	4	3	9	28	5
FBGN0259101	113	76	123	17	97	153
FBGN0030196	671	806	671	889	1222	749
FBGN0003463	5619	5968	6159	6423	8893	5410
FBGN0003416	2880	3501	3244	3748	5360	3456
FBGN0030605	1567	1565	1789	1927	2620	1519
FBGN0004045	44	16	4	53	6	23
FBGN0261244	1968	1949	2163	2043	2427	1739
FBGN0052808	339	230	413	232	208	190
FBGN0030587	13	40	14	25	52	30
FBGN0029656	63	2	29	52	40	5
FBGN0267049	0	2	7	1	0	0
FBGN0031104	2	8	4	9	15	3
FBGN0010019	44	43	23	211	590	117
FBGN0014903	384	622	461	423	958	600
FBGN0030654	234	180	365	399	407	155
FBGN0264502	101	156	173	55	31	73
FBGN0029659	47	24	25	21	12	42
FBGN0002709	3859	4441	4477	5414	8003	4062
FBGN0030247	24	5	8	0	3	14
FBGN0002577	155	233	206	112	174	141
FBGN0003285	5465	6224	6822	4445	6622	3929
FBGN0001612	5164	6527	6169	6792	9790	6159
FBGN0040357	6	0	7	0	0	9
FBGN0030328	27036	28336	28388	29058	43588	27032
FBGN0023524	69	65	34	50	9	14
FBGN0004511	159	212	196	41	171	169
FBGN0030004	802	1140	1257	998	1449	898
FBGN0085451	27466	28645	30542	28901	44577	25464
FBGN0052755	16	25	57	7	14	25
FBGN0026374	4811	4852	4799	4256	5823	3623
FBGN0031189	963	1326	1382	1146	2023	1342
FBGN0003204	10097	11115	11934	11924	15656	10386
FBGN0030500	2649	2675	2858	3193	5228	2788
FBGN0044047	28	62	53	54	61	64
FBGN0029833	3648	3464	3228	4559	6256	3869
FBGN0030871	2285	2583	2706	3305	4343	2960
FBGN0031127	38	57	41	77	65	51
FBGN0030349	5451	5764	6432	7196	10707	6596
FBGN0030141	4275	4359	5181	5444	7936	4899
FBGN0013720	4917	5300	5860	5027	8142	4437
FBGN0052704	36	26	2	54	22	35
FBGN0027106	109	70	94	130	58	122
FBGN0000233	52	126	443	258	154	171
FBGN0030012	1045	1116	1089	1286	1841	1208
FBGN0053246	2	0	0	8	0	0
FBGN0052791	306	332	285	727	1166	455
FBGN0024360	1215	1195	1329	1550	1953	1212
FBGN0029860	436	461	518	506	953	534
FBGN0043001	3082	2962	3891	2787	4228	2514
FBGN0026149	3403	3852	4324	3687	6044	3357
FBGN0031033	44	36	10	62	43	12
FBGN0030398	19	14	11	15	19	23
FBGN0024973	4151	4761	5454	4552	7064	4490
FBGN0052669	448	553	703	561	704	269
FBGN0030359	263	215	230	113	86	143
FBGN0025382	881	711	1072	1128	1842	800
FBGN0030457	1988	2532	2394	2383	3470	2189
FBGN0030836	72	23	29	258	40	350
FBGN0030753	4189	4485	4926	5120	8363	4121
FBGN0061200	41334	43949	44603	46361	65453	38212
FBGN0000117	62784	70226	72337	68495	97917	58240
FBGN0030477	40	23	14	25	11	14
FBGN0030200	5	6	2	10	0	9
FBGN0029649	16	2	5	3	22	5
FBGN0029702	32	17	10	17	6	64
FBGN0029733	15	38	2	36	14	28
FBGN0031169	45	51	40	79	26	48
FBGN0031097	5135	4987	6049	7362	9958	6314
FBGN0003300	15	14	26	57	12	18
FBGN0030257	13	0	30	3	0	46
FBGN0028550	1841	1277	1611	2605	3653	1949
FBGN0040375	618	522	844	937	1024	481
FBGN0030300	147	153	166	149	339	212
FBGN0030996	3311	3815	3756	3596	4824	2706
FBGN0040089	244	150	167	180	339	311
FBGN0023511	4103	5146	4747	4515	6023	3770
FBGN0030610	860	750	877	875	1384	934
FBGN0261703	90	74	98	166	82	85
FBGN0287725	24510	26639	26165	29069	42872	25184
FBGN0030719	19389	19931	19123	19462	26575	18618
FBGN0040385	29	12	18	47	111	4
FBGN0087008	31992	33667	36607	32135	49063	27475
FBGN0028421	4018	4437	4237	3277	4492	3272
FBGN0030342	2111	2604	3056	2965	3753	2224
FBGN0031059	1018	1034	1281	1263	1975	1111
FBGN0003380	150	106	58	122	52	88
FBGN0267977	1469	1398	1305	1700	2358	1434
FBGN0259926	78	4	14	35	12	29
FBGN0029809	71	90	58	46	102	61
FBGN0030347	11	24	13	79	184	76
FBGN0029608	12	26	34	56	110	52
FBGN0052568	6	14	17	24	1	5
FBGN0030286	4712	5192	5636	5373	8123	5210
FBGN0031146	24	35	19	0	0	10
FBGN0029729	11	5	6	15	1	5
FBGN0030429	199	157	117	242	279	191
FBGN0030158	0	4	0	0	0	6
FBGN0030925	853	1265	1154	1051	1580	845
FBGN0052679	6	20	11	11	1	11
FBGN0015336	58	38	35	24	38	74
FBGN0044817	4	9	0	22	0	3
FBGN0030991	3521	3913	3948	4651	6431	4210
FBGN0029830	1538	2106	2002	1845	2025	1566
FBGN0030640	3030	3144	3766	4036	5335	3121
FBGN0031201	40	18	19	44	7	31
FBGN0030887	42	27	33	54	35	45
FBGN0024807	14436	15299	14951	16670	23217	13272
FBGN0025463	13066	14527	15624	17844	25164	14164
FBGN0030838	3110	3745	3943	4412	5881	3720
FBGN0086782	28	0	0	3	1	5
FBGN0029697	47	50	75	140	57	91
FBGN0054026	0	1	0	34	0	21
FBGN0031174	5170	5361	5619	5479	7302	4410
FBGN0027621	3974	4407	4769	4789	7450	3550
FBGN0030326	193	763	127	313	291	248
FBGN0000542	58403	59717	60642	61053	92129	52866
FBGN0031058	13	10	0	4	0	19
FBGN0263993	34940	35441	34832	28975	39268	25487
FBGN0261549	2844	3041	2980	3082	4712	2500
FBGN0260747	1752	1829	2313	2124	3423	1942
FBGN0029590	2	17	10	0	4	6
FBGN0052772	4547	5054	5398	4857	6432	4734
FBGN0031074	3	8	1	23	2	15
FBGN0259242	356	349	531	681	920	593
FBGN0283473	2714	2311	2747	2155	3508	1568
FBGN0025632	415	471	378	400	659	327
FBGN0030204	12	38	13	1	53	20
FBGN0029840	7536	7857	8911	8235	12151	7017
FBGN0261675	33	32	21	48	84	49
FBGN0030425	51	27	30	25	26	38
FBGN0030206	2199	2707	2945	3172	4462	2719
FBGN0025679	17	6	15	0	0	0
FBGN0024366	1693	1541	1763	709	1198	922
FBGN0030583	10	11	27	53	19	25
FBGN0023549	137	141	79	292	414	281
FBGN0030266	25333	27296	29174	26935	42353	23369
FBGN0029976	2621	3311	3235	4062	5568	2958
FBGN0029928	1616	1357	1836	1418	2240	1413
FBGN0085464	12	9	0	3	0	30
FBGN0030577	29	0	22	10	0	2
FBGN0027602	6884	8106	8464	7516	12181	7370
FBGN0262485	4	0	8	0	11	2
FBGN0031190	2783	3083	3023	2904	3904	2573
FBGN0002576	66	45	158	10	34	50
FBGN0029795	15	20	23	35	53	4
FBGN0030801	726	747	860	727	1085	853
FBGN0030077	4385	5087	5390	4299	7001	3836
FBGN0052574	28	24	12	14	43	0
FBGN0030572	506	828	720	966	1265	776
FBGN0030482	2023	1982	2362	3120	4232	2241
FBGN0030350	743	985	904	913	1640	892
FBGN0039943	3004	2967	3151	2929	4003	2844
FBGN0052600	31	27	6	31	20	21
FBGN0052683	87	23	28	39	28	22
FBGN0267044	3	2	6	7	0	0
FBGN0264386	249	137	114	188	156	239
FBGN0040341	6	8	7	21	8	0
FBGN0029644	20	2	11	41	0	34
FBGN0010341	9976	10373	11366	9761	14385	9883
FBGN0030092	439	449	450	582	1079	353
FBGN0030904	45	37	7	16	7	20
FBGN0052703	83	26	37	48	2	72
FBGN0005427	4581	5388	5040	6266	8010	5314
FBGN0263997	33	11	33	58	17	34
FBGN0025390	698	454	429	660	481	616
FBGN0039941	181	99	126	72	16	93
FBGN0069938	5	7	4	0	0	1
FBGN0030792	2218	3137	3141	4156	5684	3010
FBGN0014455	12104	13109	15657	18466	25789	15395
FBGN0053178	26	27	14	31	31	39
FBGN0052857	2552	2807	2772	3090	3959	2019
FBGN0026144	14798	17145	15264	14617	18891	13222
FBGN0040514	15	43	0	18	65	8
FBGN0030354	8924	9656	11166	10956	15421	9860
FBGN0031107	23991	26223	28529	23931	35892	20477
FBGN0025388	7115	7194	6730	6402	9728	5753
FBGN0287828	235	127	141	194	134	204
FBGN0029826	303	531	410	683	918	555
FBGN0030759	323	277	147	263	468	310
FBGN0028327	18580	21133	20825	16765	24230	16552
FBGN0024989	11079	11766	13597	14783	21842	12391
FBGN0040355	13	4	65	9	3	22
FBGN0053513	169	88	70	76	78	110
FBGN0030459	103	101	45	79	13	54
FBGN0023525	26	39	22	43	54	57
FBGN0027108	50451	53404	56860	47684	63337	41710
FBGN0005411	7994	9022	9394	9069	13131	8031
FBGN0030930	4715	5594	5618	3738	4593	3405
FBGN0029736	3358	3531	4144	3663	5517	3397
FBGN0030622	3	6	12	0	0	5
FBGN0030864	4146	3756	3846	5409	7306	4291
FBGN0031045	18	44	70	61	62	15
FBGN0010416	6264	6366	7034	7305	9909	5882
FBGN0026080	2202	1938	2223	2445	3158	1884
FBGN0284227	392	515	337	246	378	333
FBGN0030090	876	860	651	678	1087	614
FBGN0040236	3611	3802	4545	4101	6516	3323
FBGN0266570	6705	7319	7638	7623	11542	7212
FBGN0053181	1211	1311	973	1419	1597	906
FBGN0031157	18	33	6	83	80	51
FBGN0030997	26	22	29	5	21	0
FBGN0083979	20	16	13	24	6	7
FBGN0030352	547	921	797	858	1412	889
FBGN0264449	3046	3781	3339	4462	6192	3708
FBGN0015615	11280	11930	12552	12714	19123	11376
FBGN0027564	545	654	584	418	811	395
FBGN0030833	2291	2653	2476	1969	3350	2032
FBGN0023529	30304	34869	33205	27437	36032	24095
FBGN0030554	746	963	1308	863	1649	1032
FBGN0025637	11759	13491	13740	12565	18322	11967
FBGN0000022	1528	1547	1811	1205	1734	1163
FBGN0052823	1089	937	1271	1149	1639	971
FBGN0023526	3036	2873	2926	2789	3955	2494
FBGN0030081	2179	2841	2582	3262	4511	2765
FBGN0003210	7167	8414	7798	7529	10486	7074
FBGN0029708	92	92	82	76	225	140
FBGN0029524	572	668	859	976	1474	747
FBGN0029951	20	44	51	23	32	12
FBGN0052706	230	311	384	316	556	284
FBGN0030518	909	964	1089	984	1627	1020
FBGN0023535	30	63	74	28	130	86
FBGN0052762	14	6	4	14	0	31
FBGN0030748	27	7	16	48	63	18
FBGN0031016	17663	19195	20085	15302	22871	13056
FBGN0030215	83	70	126	85	58	14
FBGN0030744	2362	2799	2849	2567	3667	2188
FBGN0052675	1317	1419	1218	1105	1447	1111
FBGN0052603	134	93	99	832	341	725
FBGN0029878	4458	4717	5059	5113	6837	3963
FBGN0030701	7662	8737	9653	7618	11325	7185
FBGN0030672	13098	15002	16392	14646	22615	13502
FBGN0030493	127	301	189	131	152	179
FBGN0031060	1352	1466	1805	1688	2409	1542
FBGN0004170	2521	2817	2933	2278	3504	2037
FBGN0030969	4202	4207	4476	5261	7037	4288
FBGN0259741	199	109	89	62	114	70
FBGN0052551	0	2	0	1	0	8
FBGN0003714	2529	2514	2772	3459	4271	2943
FBGN0260400	2713	2903	3467	2654	3727	2631
FBGN0003023	61	33	42	37	50	44
FBGN0004648	14341	15343	16127	13061	17677	11865
FBGN0004832	3493	3016	3811	3902	5044	3871
FBGN0025626	7011	6568	7710	7932	10232	6300
FBGN0024251	4614	5201	5139	5345	7469	4795
FBGN0026083	30671	31246	33041	28887	42555	24005
FBGN0030735	4467	5377	4727	4781	6438	4236
FBGN0014391	3387	4431	4108	5881	7860	3616
FBGN0040365	13	9	0	0	8	2
FBGN0030611	898	1128	1203	1215	1741	985
FBGN0040397	6264	6942	7034	5816	7822	5060
FBGN0288833	2225	2759	2771	3100	4443	2410
FBGN0040906	75	48	72	60	79	33
FBGN0030725	67	16	48	33	30	41
FBGN0027521	6230	7028	6910	7995	11279	5935
FBGN0031188	1004	1191	1439	1274	1895	1121
FBGN0261624	1	3	1	0	0	7
FBGN0023215	10487	12759	10533	8538	10611	7815
FBGN0004861	42397	42911	48794	42704	63270	37103
FBGN0000719	1387	1712	1965	1185	1276	931
FBGN0040383	241	165	231	366	423	191
FBGN0030670	1132	1161	952	1283	1668	1145
FBGN0266098	30291	31050	31627	26337	36258	23178
FBGN0030676	215	222	194	308	521	155
FBGN0029893	15655	16649	19163	15418	22988	14414
FBGN0031078	18689	19310	21967	21751	33159	18899
FBGN0030773	12	12	4	5	1	0
FBGN0004656	52314	52109	56520	51298	78716	43932
FBGN0031150	1330	1600	1486	1229	1472	1267
FBGN0267048	2	0	10	1	0	0
FBGN0039945	5824	6232	6554	5376	7041	4381
FBGN0029657	28	5	21	8	11	3
FBGN0030921	27	16	0	0	1	5
FBGN0029660	304	252	333	147	37	121
FBGN0054015	261	204	271	255	291	300
FBGN0265610	0	13	0	7	0	3
FBGN0030439	17	10	27	56	23	18
FBGN0285926	9019	8795	9162	8618	13145	7277
FBGN0262685	13	14	56	21	20	20
FBGN0030336	5698	6185	6490	5895	8986	5207
FBGN0030926	47	18	24	60	108	42
FBGN0001491	1798	2400	2069	2223	3387	1633
FBGN0031155	44	34	5	20	9	31
FBGN0030195	429	520	383	307	578	338
FBGN0262866	2195	2639	2645	2314	3497	2242
FBGN0041629	129	127	124	307	303	228
FBGN0000618	1281	1393	1432	1751	2274	1492
FBGN0261811	14134	14763	15942	11844	17769	10465
FBGN0260482	11	4	9	22	5	18
FBGN0030296	20	10	20	34	18	29
FBGN0024362	5332	6104	6201	5864	8194	6073
FBGN0029812	18	19	32	23	16	5
FBGN0030558	91	64	139	267	215	148
FBGN0052564	51	24	52	58	41	55
FBGN0042146	10	27	7	68	14	3
FBGN0010296	1	0	2	4	4	0
FBGN0030395	83	42	10	44	18	32
FBGN0028343	9035	9799	10384	10016	14114	8817
FBGN0030589	15	18	2	6	64	29
FBGN0030883	433	442	588	404	547	420
FBGN0030121	2594	2564	2843	3585	3669	2902
FBGN0260753	61	26	36	28	18	35
FBGN0030389	9	15	8	0	2	8
FBGN0022355	695	584	1422	1907	4073	1075
FBGN0030691	68	64	47	113	228	103
FBGN0030017	809	940	970	745	1124	581
FBGN0029823	8572	9550	10433	11033	16401	9680
FBGN0031018	43	40	22	156	6	18
FBGN0030749	5047	5630	5934	5935	8346	4901
FBGN0030504	10534	10681	11359	13326	18273	11545
FBGN0052695	9	0	0	24	20	0
FBGN0000611	14288	16589	16351	17027	23847	14157
FBGN0025624	431	330	489	413	649	306
FBGN0026433	2543	2921	2991	3321	4987	3115
FBGN0011586	2710	2973	3074	3018	3765	3274
FBGN0003360	50164	55718	59929	56381	76751	45921
FBGN0025393	23	65	86	46	59	28
FBGN0030807	11	8	2	0	0	8
FBGN0260871	2	2	4	0	0	2
FBGN0265575	148	315	167	83	129	117
FBGN0030088	509	456	423	406	453	309
FBGN0030431	641	740	694	811	1235	670
FBGN0030563	8	26	3	6	21	26
FBGN0026088	839	1265	1204	1193	1779	1021
FBGN0029828	5	21	16	62	9	39
FBGN0052813	213	315	328	282	256	207
FBGN0000359	11	11	0	19	3	9
FBGN0262610	5	22	4	5	0	10
FBGN0025111	585	685	739	675	721	465
FBGN0030329	7053	7683	8100	6927	8475	5631
FBGN0001087	6934	8114	7554	7161	9434	6665
FBGN0260789	9716	10872	10321	12736	16449	10405
FBGN0030931	20	29	68	96	217	36
FBGN0030814	32	40	58	33	1	17
FBGN0003447	8619	10238	11256	8700	12529	8321
FBGN0030657	1035	963	1030	1456	1857	1086
FBGN0278608	31754	35050	35628	29573	44512	28126
FBGN0288733	0	0	0	0	0	1
FBGN0025381	2043	2084	2819	2856	4146	2371
FBGN0052702	2642	2806	3226	2658	3744	2107
FBGN0027084	13875	14717	16328	17668	25623	16132
FBGN0029959	524	815	800	947	1153	744
FBGN0030805	2079	2582	2582	2321	3158	2253
FBGN0288738	1	0	0	3	7	4
FBGN0040942	1261	1121	1308	2025	2768	1506
FBGN0030665	224	374	380	455	629	379
FBGN0025835	31	49	54	87	11	76
FBGN0030006	422	676	482	690	851	505
FBGN0260484	26502	30550	31652	22848	37319	22459
FBGN0000152	1502	1740	1682	1640	2409	1342
FBGN0259108	4122	4555	4989	3156	4656	2827
FBGN0040353	24	60	38	16	0	21
FBGN0261277	1860	1942	2104	1702	2691	1728
FBGN0000928	65	65	40	140	68	129
FBGN0030766	2614	2586	3046	2289	3282	2094
FBGN0027359	1824	1884	1935	3310	3743	2378
FBGN0031066	8617	9222	9836	11505	15736	9562
FBGN0031116	84	46	24	72	15	84
FBGN0288747	0	3	0	3	0	1
FBGN0027556	992	1350	1213	490	450	427
FBGN0025809	1643	1977	1929	2521	3147	2084
FBGN0030956	7031	7471	7502	8297	11721	6668
FBGN0030859	10	33	36	54	46	9
FBGN0040931	579	592	708	755	1345	704
FBGN0265767	190	177	141	172	146	62
FBGN0002948	2751	3229	3431	2690	4442	2905
FBGN0030443	49	107	41	48	66	46
FBGN0023517	2563	2533	2792	3072	5038	3106
FBGN0003969	6330	8386	7396	7428	10028	6387
FBGN0052594	2778	2888	3302	2080	4399	2136
FBGN0001206	5709	6085	5695	6698	8738	4985
FBGN0028397	79	42	32	92	54	49
FBGN0001186	6976	6570	7298	5642	8701	4754
FBGN0052523	2	9	5	26	24	1
FBGN0029922	97	126	173	75	43	94
FBGN0029851	27	49	26	18	106	37
FBGN0031091	1227	1133	1388	1677	1876	1133
FBGN0030813	544	605	567	587	720	603
FBGN0026679	3848	4118	4447	4371	7557	4585
FBGN0000459	478	473	609	367	614	535
FBGN0263830	0	4	31	28	18	15
FBGN0052707	2136	2139	2172	2245	3692	2060
FBGN0030623	16	2	28	7	4	0
FBGN0052588	6	3	2	6	13	6
FBGN0288743	2	0	2	0	0	0
FBGN0025628	4753	4792	5946	6461	9404	5199
FBGN0031081	64	88	57	104	87	112
FBGN0031144	2231	2385	2869	2947	4530	2813
FBGN0030597	45	26	4	18	10	10
FBGN0066114	911	1259	962	1049	1408	926
FBGN0026749	1259	1265	1019	1287	1621	967
FBGN0029665	762	825	872	1008	1341	815
FBGN0265630	5880	5788	6141	6001	8174	5304
FBGN0085440	38	57	32	71	20	31
FBGN0031086	17	15	21	11	8	19
FBGN0031011	2986	2621	2705	3068	4265	2490
FBGN0261793	18568	20349	20226	15725	21861	14979
FBGN0031098	4155	4877	5806	5122	7367	4027
FBGN0030221	10	3	10	8	0	0
FBGN0052521	1818	1973	2550	2211	4206	2093
FBGN0030051	335	394	321	262	348	365
FBGN0003371	18815	18915	19496	15387	24940	15589
FBGN0000108	69	77	262	357	418	203
FBGN0029937	3782	3571	3836	3711	5938	3316
FBGN0052650	17	4	9	98	28	14
FBGN0264954	73	51	29	94	16	52
FBGN0085357	49	34	26	24	30	37
FBGN0029931	14	0	8	0	10	3
FBGN0027498	1653	1807	1929	1920	2943	1829
FBGN0011822	11	7	1	3	16	14
FBGN0029966	51	6	6	20	16	22
FBGN0031119	2388	2444	2675	1796	2805	2042
FBGN0030629	955	1104	960	1741	2424	1427
FBGN0024980	37	26	11	38	5	37
FBGN0030167	88	45	52	12	0	33
FBGN0000524	12835	13386	14815	14658	18515	11458
FBGN0030638	477	526	578	529	636	409
FBGN0030841	132	130	73	88	212	152
FBGN0052783	3208	3007	2701	3790	5511	3761
FBGN0000927	12	8	21	2	6	20
FBGN0030304	41	6	21	20	46	2
FBGN0000137	149	111	109	90	83	119
FBGN0029737	1381	1513	1720	1464	2589	1366
FBGN0052797	11	2	11	2	54	28
FBGN0030893	970	737	994	1080	1905	1003
FBGN0030968	353	404	478	463	982	473
FBGN0265535	534	513	391	375	483	285
FBGN0022786	4221	4247	4944	5315	7013	4048
FBGN0261954	39195	44211	44260	41120	61860	36366
FBGN0040351	22	8	21	18	36	68
FBGN0015558	415	446	559	591	822	511
FBGN0030734	5965	6682	6971	6495	9003	5365
FBGN0014026	115224	128782	142030	132236	182380	104907
FBGN0031170	1394	1326	1441	1131	2103	1125
FBGN0044046	11	2	3	1	0	2
FBGN0010292	3208	3918	4189	4196	6630	4268
FBGN0029712	36	53	11	99	145	38
FBGN0030157	37	26	16	180	297	75
FBGN0029770	0	4	5	0	0	0
FBGN0069973	9	4	0	0	0	16
FBGN0030886	24	40	16	6	47	18
FBGN0085362	118	47	50	92	68	87
FBGN0030360	2585	2699	2935	2999	3651	2304
FBGN0003423	6746	8391	8283	7423	11092	7714
FBGN0026313	3574	3676	4065	3907	5985	3132
FBGN0029685	2180	2570	2543	2659	3620	2048
FBGN0029825	2711	3055	3704	3607	5351	3075
FBGN0265416	86	43	25	83	30	53
FBGN0030375	19	6	4	0	10	3
FBGN0030855	3391	4153	3671	4506	6894	4270
FBGN0030607	287	164	253	195	188	209
FBGN0030816	285	263	262	412	361	298
FBGN0029935	757	755	879	613	988	504
FBGN0015794	1201	1249	1509	1384	1995	1348
FBGN0030025	1853	1985	1938	2062	3632	1960
FBGN0027342	3246	3739	4181	3975	4303	2862
FBGN0030364	4495	5044	4661	5404	6501	4579
FBGN0029874	1095	1125	1370	1485	2134	1260
FBGN0030479	3515	3526	3061	3501	4539	3112
FBGN0004828	20269	22547	24681	24920	31486	20150
FBGN0053669	6	9	5	19	28	13
FBGN0260855	1938	2281	2465	2205	2729	1551
FBGN0004403	50862	57213	62427	55643	75599	45005
FBGN0284408	31206	34054	35075	42379	64823	32475
FBGN0028474	13250	13160	14911	13815	22371	12386
FBGN0053239	0	0	0	0	0	0
FBGN0262976	69	65	63	42	113	73
FBGN0259168	10458	11842	11997	9858	14009	8850
FBGN0259196	26	8	1	24	67	18
FBGN0030245	3007	3236	3643	3169	4189	3108
FBGN0259231	49	55	48	45	20	32
FBGN0052549	1378	1561	1421	1233	1533	1000
FBGN0026428	5030	5642	5839	5489	7928	4704
FBGN0026079	4864	5616	5775	5185	9319	5300
FBGN0030868	12	5	0	24	0	6
FBGN0264503	130	131	93	82	104	103
FBGN0021767	47	15	53	27	84	46
FBGN0030093	23097	23122	27605	25460	38398	24520
FBGN0030082	4503	5344	5925	5876	8173	4816
FBGN0025621	4174	3853	4761	5224	8115	4511
FBGN0024182	2121	2405	2629	2251	3555	2188
FBGN0000808	117	33	45	167	162	231
FBGN0250862	89	82	95	156	92	112
FBGN0031042	62	61	38	147	118	148
FBGN0030840	56	42	16	73	34	33
FBGN0003656	4120	3821	4426	3809	5420	3064
FBGN0030507	985	1156	1046	1121	1701	857
FBGN0031130	1	1	0	18	0	2
FBGN0031132	24	5	10	34	15	32
FBGN0026175	44	13	4	0	0	0
FBGN0030001	33	14	21	23	23	8
FBGN0023536	883	863	856	781	1248	650
FBGN0265413	1136	1330	1096	1284	1879	1285
FBGN0026872	325	205	300	241	342	325
FBGN0024975	782	928	1019	1006	1601	887
FBGN0266434	17	24	18	85	61	27
FBGN0030495	33	51	20	39	72	33
FBGN0031069	2731	2653	3004	2979	3940	2371
FBGN0004102	50	87	150	84	34	68
FBGN0030590	36	42	16	35	62	7
FBGN0287454	1362	1240	1576	1167	2177	1312
FBGN0025391	23	25	9	11	12	35
FBGN0030029	10	57	24	62	45	14
FBGN0260812	31	23	33	18	22	63
FBGN0002878	6554	6895	6782	7826	10196	6498
FBGN0029688	19586	21593	21482	19658	28939	17249
FBGN0052576	392	490	462	646	779	613
FBGN0250788	69966	71735	78944	76714	113944	66108
FBGN0027330	6254	6635	7434	8848	12409	6928
FBGN0030704	673	765	922	735	984	723
FBGN0025815	10785	11866	12845	15205	22647	11749
FBGN0030071	5	1	8	0	0	0
FBGN0029521	49	22	16	23	20	17
FBGN0030218	194	277	291	248	410	203
FBGN0004050	8681	8873	9340	9978	13311	7776
FBGN0040349	9	10	9	22	96	41
FBGN0030522	363	374	538	455	729	444
FBGN0052815	66	45	61	90	202	49
FBGN0030311	2931	3021	3457	2475	4295	2677
FBGN0052625	17	13	9	44	0	34
FBGN0259204	162	156	189	196	234	167
FBGN0030480	537	686	697	825	1182	525
FBGN0025625	98	110	216	144	263	135
FBGN0029747	10	34	11	40	22	22
FBGN0003374	8491	76564	4767	3160	3556	2984
FBGN0031093	1691	2280	2283	2440	3528	1950
FBGN0266431	0	1	2	2	0	6
FBGN0031022	867	1028	1151	1620	2395	1373
FBGN0030576	44	15	2	35	2	5
FBGN0030659	2139	2290	1988	2510	3723	2180
FBGN0259677	123	111	84	125	106	78
FBGN0040651	0	2	2	0	0	8
FBGN0261873	16708	17667	17748	16870	24711	14674
FBGN0040285	5083	4867	5130	5325	7486	3998
FBGN0265598	2823	3233	2814	2407	3911	2134
FBGN0086558	84122	99284	101306	104763	131959	85704
FBGN0011606	16682	17868	19838	17526	27974	16173
FBGN0004368	8425	8778	8740	8856	13420	7122
FBGN0030596	20	21	7	3	44	32
FBGN0029752	0	8	19	0	0	0
FBGN0030435	1160	1449	1340	1325	1931	1000
FBGN0026876	3948	4021	4388	5047	7673	4164
FBGN0029864	173	224	173	117	110	172
FBGN0260858	1803	1799	1902	1849	2564	1698
FBGN0028491	143	189	242	139	148	127
FBGN0025549	1886	2219	2013	2218	2988	1574
FBGN0031036	1847	1766	2182	2007	3031	1746
FBGN0029898	1813	2377	2168	1606	1568	1192
FBGN0029587	7	5	10	31	11	3
FBGN0025638	8063	8747	9970	7847	12035	7260
FBGN0030316	1253	1115	1239	1364	2086	1166
FBGN0263511	27	11	66	35	54	44
FBGN0052557	35	11	14	58	14	67
FBGN0030314	2528	2799	3071	2968	4783	2804
FBGN0030007	4018	4543	4670	5046	7110	4687
FBGN0266429	40	49	8	15	25	52
FBGN0030307	202	288	122	244	380	240
FBGN0003747	33	24	72	21	32	23
FBGN0053172	988	875	963	1582	1424	1018
FBGN0030411	167	225	220	311	263	286
FBGN0029924	2256	3641	2981	1628	1639	1659
FBGN0003345	35777	38963	36530	36496	46412	31200
FBGN0052563	27	17	5	0	1	0
FBGN0261524	2620	3407	3577	3209	4851	2752
FBGN0030228	2258	2318	3031	2450	3929	2523
FBGN0030246	3577	3620	3295	4701	6594	3763
FBGN0260870	0	0	3	0	2	3
FBGN0029980	689	771	1093	1063	1112	762
FBGN0029885	1456	1739	2202	1971	3095	2114
FBGN0039946	1077	1042	1402	1643	1863	1015
FBGN0052671	5	9	5	30	0	1
FBGN0031141	7	4	0	6	0	19
FBGN0030346	751	865	953	1022	909	775
FBGN0030376	103	28	53	59	25	64
FBGN0031182	52	32	58	48	29	26
FBGN0029726	8	8	0	8	0	6
FBGN0030289	3686	4003	4272	3702	6007	3506
FBGN0023518	17290	18543	19266	16733	25657	15631
FBGN0030451	1876	2177	2370	1992	3160	2114
FBGN0030377	19	8	23	0	0	11
FBGN0030406	1179	1400	1853	1764	2138	1369
FBGN0030034	32207	34310	39129	29509	45699	27677
FBGN0027553	1852	2327	2292	2693	3480	1976
FBGN0285910	2061	2641	2412	3219	3917	2475
FBGN0287210	3731	4345	3660	4786	5974	3973
FBGN0031191	2397	2640	2843	2883	4355	2809
FBGN0026089	1570	1679	1585	1897	3127	2077
FBGN0029716	44	13	47	25	32	87
FBGN0004066	9407	10497	10706	10010	14135	8382
FBGN0052699	2400	2534	2567	1947	3136	1737
FBGN0031034	64	13	34	13	8	42
FBGN0004047	39	35	25	125	86	40
FBGN0010383	130	158	108	284	248	241
FBGN0030738	7464	7839	8245	7529	11360	6979
FBGN0024986	970	1016	1373	1233	1443	1153
FBGN0029946	0	4	0	0	0	17
FBGN0030927	571	712	725	466	528	492
FBGN0030544	16	103	11	78	27	76
FBGN0029896	1504	1750	1916	1358	2207	1425
FBGN0023545	2293	2112	2455	2679	4086	2265
FBGN0030030	1199	1115	1385	1337	1799	1052
FBGN0053177	19	35	4	9	26	10
FBGN0029969	4685	5207	6233	6129	8912	4578
FBGN0029718	2569	2905	2769	3030	4560	2841
FBGN0030890	2051	2365	2224	2170	2400	1724
FBGN0030891	3667	3719	4261	3494	6275	3736
FBGN0011754	4773	4572	4772	4647	6142	3577
FBGN0030391	1551	1433	1480	1140	2030	1483
FBGN0052750	22	35	33	20	0	14
FBGN0030536	17	22	0	38	0	10
FBGN0029964	9	1	2	19	0	5
FBGN0030041	62	97	22	154	314	42
FBGN0261446	2021	2380	2343	2820	2967	2293
FBGN0030058	31	12	27	38	2	8
FBGN0029783	334	299	452	362	461	317
FBGN0029962	21	27	12	48	6	35
FBGN0029811	10	2	2	0	0	2
FBGN0030776	7	7	7	26	5	19
FBGN0030183	225	279	246	190	264	285
FBGN0030292	597	705	980	1066	1304	834
FBGN0029835	173	175	171	191	223	225
FBGN0030467	628	656	716	812	1560	736
FBGN0024941	56	53	36	93	63	52
FBGN0283432	1168	1007	1321	1140	1586	1010
FBGN0029915	2987	3216	3467	3015	4319	3179
FBGN0030552	2180	2156	2628	3028	4088	2441
FBGN0029804	551	618	643	423	417	250
FBGN0264078	1959	2133	2456	2120	3317	2045
FBGN0015799	9063	9429	10293	10531	15077	8960
FBGN0265726	188	206	157	150	146	184
FBGN0004034	65	44	20	206	188	348
FBGN0029725	7	2	0	0	0	8
FBGN0286877	17	43	52	66	51	24
FBGN0004657	16163	17848	18134	14666	22113	13697
FBGN0030710	3434	3834	3893	4139	5397	3454
FBGN0029750	91	74	82	269	484	304
FBGN0029817	19	21	45	7	87	30
FBGN0052814	27	32	55	42	0	18
FBGN0025635	1568	1610	2025	1752	2571	1507
FBGN0052638	865	802	924	1264	1227	732
FBGN0025836	26552	26620	27710	26902	36126	23568
FBGN0052767	18668	18650	18709	17557	26875	15617
FBGN0030777	5	4	16	17	14	13
FBGN0284228	1475	1802	1461	1994	2750	1634
FBGN0029905	3443	3428	3996	4239	6272	3663
FBGN0262730	7987	8660	8382	7505	11075	6402
FBGN0259162	51	10	17	18	0	20
FBGN0021765	5535	5921	6658	6400	8638	5264
FBGN0030447	921	775	1068	1335	1780	970
FBGN0015773	1273	1683	1373	988	621	1034
FBGN0029568	13	26	1	55	10	32
FBGN0014465	38	17	20	11	18	19
FBGN0029943	1391	1325	1435	1657	1993	1266
FBGN0027791	789	908	960	925	1482	775
FBGN0000257	1257	1500	1528	1640	2228	1229
FBGN0031048	1696	1691	2391	2479	3553	2145
FBGN0011758	629	864	1050	561	1167	659
FBGN0030952	1	12	27	0	0	13
FBGN0053666	33	18	70	37	70	47
FBGN0029839	17	5	29	16	27	40
FBGN0031052	16912	18127	18931	19769	28618	16936
FBGN0264975	41637	42915	45006	46563	67553	40764
FBGN0288742	3	0	2	0	0	0
FBGN0024364	6103	6349	6869	7364	12025	7641
FBGN0026878	10	9	14	15	27	14
FBGN0053238	0	0	0	0	0	0
FBGN0052633	12	7	15	1	0	0
FBGN0030832	12	0	1	18	1	12
FBGN0029881	5248	4696	5855	7302	11022	5169
FBGN0011761	2	0	0	2	0	0
FBGN0030057	2190	2555	2482	2454	2841	1942
FBGN0029987	8	2	23	0	2	2
FBGN0025613	8	0	12	1	24	26
FBGN0030367	2	28	32	10	28	24
FBGN0029801	1249	949	1291	1335	1747	1347
FBGN0264691	1952	2241	2337	2535	3837	2108
FBGN0031088	43	27	24	92	65	52
FBGN0030181	54	100	45	62	115	44
FBGN0030898	8	18	2	17	0	14
FBGN0029975	51	93	80	215	246	129
FBGN0285947	44786	48859	55964	49143	75978	41530
FBGN0030769	10	3	2	5	5	10
FBGN0031031	54	59	42	30	31	50
FBGN0030746	78	41	15	81	87	58
FBGN0029932	82	195	42	137	111	158
FBGN0045073	4912	5686	4718	4399	5964	4297
FBGN0259994	74	47	67	89	18	75
FBGN0024993	1142	1314	1040	1295	1994	1262
FBGN0029856	4068	4110	5036	4925	5668	3447
FBGN0265523	84973	89575	88144	77876	114340	68512
FBGN0030774	7	4	0	30	16	0
FBGN0029957	3713	3419	3915	4390	6559	3719
FBGN0000427	193	70	157	54	38	83
FBGN0030983	3	13	0	0	0	0
FBGN0052571	29	2	17	14	10	32
FBGN0025642	8	26	12	23	22	35
FBGN0040877	2	0	0	2	0	1
FBGN0030844	27	49	34	66	30	43
FBGN0030400	9833	9749	11665	7699	12347	7197
FBGN0067052	34	10	6	38	0	0
FBGN0040922	14	6	15	2	70	6
FBGN0030348	15	4	21	0	13	17
FBGN0052673	12	19	10	35	18	0
FBGN0265608	5	6	7	0	6	11
FBGN0030731	5374	5999	6794	6566	10431	5480
FBGN0030331	23	5	10	10	47	21
FBGN0001092	30458	31371	35303	35066	49568	32371
FBGN0262612	0	0	1	10	0	0
FBGN0030787	1751	1612	1806	1437	1860	1254
FBGN0025387	2589	2712	2266	2310	3170	2202
FBGN0010198	28978	32028	35974	30203	41577	26722
FBGN0030240	3901	3825	4547	4699	5771	3606
FBGN0002917	157	27	115	132	82	117
FBGN0052670	3	8	0	4	0	2
FBGN0086693	70	26	27	45	87	72
FBGN0261849	0	3	0	0	0	0
FBGN0030506	796	783	938	988	1761	835
FBGN0259110	133	78	88	108	55	81
FBGN0264393	8	7	5	0	0	2
FBGN0030365	2931	3667	3633	4131	5992	3754
FBGN0029799	103	122	108	103	86	143
FBGN0260748	6974	7430	7859	7366	10183	6331
FBGN0004370	16429	17860	19100	19976	28947	17270
FBGN0030711	844	984	800	1014	1350	975
FBGN0029552	16	4	7	15	36	16
FBGN0030722	20	6	38	9	0	1
FBGN0288740	3	0	0	0	7	4
FBGN0030241	17473	18650	21153	22138	31846	19458
FBGN0030946	4458	4804	5451	4244	6357	4085
FBGN0283451	215076	230653	216150	159078	214318	137170
FBGN0030795	359	352	281	443	647	434
FBGN0030317	25	42	71	87	64	26
FBGN0266354	48	38	55	81	9	37
FBGN0001218	63966	74012	68726	53956	73149	48075
FBGN0261245	44	22	16	68	3	4
FBGN0024995	7	2	11	10	30	2
FBGN0029606	26	6	22	10	0	26
FBGN0030900	459	581	541	323	336	440
FBGN0027795	197	272	224	513	947	446
FBGN0029990	561	1244	337	1969	3199	1311
FBGN0029814	3925	4269	3890	2266	2489	2361
FBGN0267043	6	0	4	5	0	0
FBGN0052631	8	23	16	4	0	12
FBGN0263216	83	24	56	6	43	11
FBGN0030502	3382	3320	3860	3133	5621	2958
FBGN0030159	2275	2873	2354	1888	2502	2061
FBGN0267384	2263	2501	2856	2967	3932	2677
FBGN0030817	72	34	74	64	45	24
FBGN0031194	5785	5858	6551	6133	7974	5190
FBGN0283545	4	25	4	1	47	20
FBGN0265362	232	228	159	182	230	205
FBGN0262734	17065	18540	19606	16554	27866	15623
FBGN0030099	920	965	1014	921	1474	926
FBGN0030060	3949	3881	4267	3647	5521	3145
FBGN0030990	3820	4256	4232	4195	7346	4883
FBGN0259918	3	2	0	5	7	0
FBGN0040382	6938	7120	8119	5544	7982	4719
FBGN0004057	1883	1989	2368	1808	2551	1581
FBGN0026430	4664	5395	6115	6048	7821	5184
FBGN0030806	3208	3200	3580	2851	4439	2408
FBGN0052786	3356	3130	2841	4022	5751	3934
FBGN0030136	38352	48083	44209	47312	64107	36602
FBGN0030465	2305	2502	2801	1742	2642	1791
FBGN0030571	741	802	978	1009	1389	899
FBGN0261617	61486	62685	65190	53412	86924	46838
FBGN0030230	53	27	22	87	105	114
FBGN0030418	1039	1386	1263	1487	1917	1341
FBGN0263772	193	204	164	154	194	192
FBGN0266710	61	94	74	113	19	33
FBGN0052644	106	65	49	47	54	110
FBGN0030040	8	92	23	45	54	11
FBGN0053499	2578	2204	2944	2423	2879	2223
FBGN0029895	1937	2083	2267	2473	3494	2040
FBGN0030608	30729	31519	34948	29742	43395	25043
FBGN0025837	29	38	82	136	36	257
FBGN0030305	4940	6043	6017	5997	8758	6276
FBGN0002707	2212	2702	2463	3542	4687	2728
FBGN0000382	8778	8614	8939	8654	12286	6711
FBGN0040929	431	327	383	389	349	437
FBGN0030929	65	69	105	23	71	83
FBGN0264739	5	10	2	4	0	0
FBGN0030280	24	5	5	5	40	1
FBGN0030620	19	14	21	14	0	13
FBGN0053237	16	0	0	8	0	0
FBGN0029858	913	938	1226	1146	2127	1316
FBGN0262101	4	2	4	5	20	29
FBGN0030540	31	13	0	17	0	5
FBGN0052647	40	24	12	86	28	58
FBGN0264077	69	36	21	65	27	90
FBGN0031094	2105	2349	2342	2910	3706	2066
FBGN0029664	588	848	723	826	932	798
FBGN0027537	12929	13761	15196	15493	22124	12564
FBGN0029914	1533	1825	1745	2094	2721	1538
FBGN0053240	0	0	0	0	0	0
FBGN0001624	21161	22260	23503	19315	28090	17635
FBGN0030936	17	4	9	5	24	3
FBGN0030786	2612	2762	2915	2507	3459	2809
FBGN0004650	85	60	30	49	42	53
FBGN0250869	1152	943	1069	519	823	561
FBGN0052547	31	37	45	17	21	69
FBGN0029821	52	72	83	88	140	69
FBGN0085366	11	0	7	10	0	7
FBGN0030699	2918	2954	2600	2994	4178	2861
FBGN0040309	8493	8020	8799	11780	16050	9707
FBGN0030309	1219	1284	1203	1699	2037	1368
FBGN0052685	24753	27017	27156	27658	41427	24248
FBGN0004647	108762	115213	118164	100892	150913	86813
FBGN0030742	8	12	18	3	48	11
FBGN0030239	1033	1333	1154	1133	1935	1135
FBGN0029911	976	1266	1113	1262	1694	1073
FBGN0054028	8	10	30	0	0	4
FBGN0026873	1341	1338	1388	1664	2579	1322
FBGN0030351	147	185	156	153	242	208
FBGN0029531	83	70	19	22	25	44
FBGN0288734	4	4	0	50	0	12
FBGN0263005	3178	3250	4026	2526	4645	2416
FBGN0003048	14284	16419	15249	13992	20559	12149
FBGN0025378	4	0	2	12	16	5
FBGN0040372	15484	17527	16158	15528	20841	13640
FBGN0030009	1	4	0	0	2	6
FBGN0000479	1638	1564	1331	1340	2365	1383
FBGN0040334	683	700	910	888	1395	514
FBGN0029701	16	11	10	1	4	12
FBGN0030770	21	15	61	43	2	27
FBGN0030011	65	106	104	74	53	70
FBGN0030096	3999	4389	4612	4429	6027	4175
FBGN0029679	2294	2290	2032	2122	2628	1545
FBGN0025612	17	7	2	0	0	1
FBGN0031038	95	84	64	57	58	28
FBGN0040343	18	26	9	12	16	9
FBGN0029669	5	37	37	8	30	8
FBGN0029930	40	42	11	17	40	34
FBGN0028341	7697	8301	8491	7285	10304	5851
FBGN0259098	5	0	18	30	0	2
FBGN0030260	3	6	0	0	35	9
FBGN0030720	6099	8736	8145	9341	14096	8638
FBGN0001083	4325	4697	4497	4189	5873	3644
FBGN0029646	48	20	11	0	0	30
FBGN0026713	8964	9540	10791	9735	14853	9102
FBGN0030161	15	2	14	0	8	9
FBGN0030234	149	99	149	102	162	86
FBGN0029768	78	47	21	60	85	12
FBGN0031068	1272	1297	1566	1759	2416	1237
FBGN0020653	21926	23224	26590	22651	36838	21905
FBGN0083981	74	50	13	37	14	38
FBGN0029696	12	3	14	0	22	22
FBGN0283471	641	478	271	2182	3075	2479
FBGN0030790	2454	2664	2921	2328	3382	2104
FBGN0029827	57	38	35	4	15	31
FBGN0015036	7	24	13	2	44	28
FBGN0029762	59	29	46	29	20	18
FBGN0262111	2017	1469	1526	780	872	656
FBGN0030283	12	1	0	1	0	22
FBGN0030794	513	693	655	769	1096	512
FBGN0003575	8901	10477	11190	11563	16262	9642
FBGN0030261	43	12	39	28	16	17
FBGN0030054	15236	16429	16758	15146	24969	14914
FBGN0083940	5892	6608	5788	6011	7570	5246
FBGN0085358	0	0	0	8	1	2
FBGN0030102	49	102	10	56	62	90
FBGN0263968	12729	14523	14884	15373	22841	12899
FBGN0030918	18	14	26	0	0	15
FBGN0259241	33	25	35	23	6	56
FBGN0029681	12	19	21	28	5	9
FBGN0030880	11	29	0	48	9	28
FBGN0029709	4118	5165	4953	4971	7096	4573
FBGN0029861	3574	3892	4380	4003	6404	3626
FBGN0002641	1437	2135	1829	2286	3201	1991
FBGN0030420	1386	1781	1521	1535	2080	1267
FBGN0030160	2948	3082	3758	1889	3065	2163
FBGN0040373	2591	2776	3046	3313	3958	2815
FBGN0003057	4	6	24	3	10	19
FBGN0024991	3915	4245	4906	5529	7618	4932
FBGN0030455	110	39	46	62	43	49
FBGN0024943	77	19	23	31	24	32
FBGN0030520	14788	15969	18644	14462	20998	11584
FBGN0023514	3116	2932	3343	3151	4373	3259
FBGN0052687	56	56	30	122	295	164
FBGN0029979	14304	16318	16586	16735	21272	14002
FBGN0030015	22	10	17	8	30	0
FBGN0030941	2611	2827	3259	2894	4423	2400
FBGN0029971	2082	2118	2101	2562	3891	2262
FBGN0030298	29	69	12	20	49	39
FBGN0031002	33	20	19	53	85	25
FBGN0029629	13770	14703	17122	12842	19162	11617
FBGN0052666	4542	5460	5229	4652	7436	4551
FBGN0030104	8	2	0	0	0	4
FBGN0022770	173	165	211	279	382	352
FBGN0027546	2128	2301	2224	2016	3406	1844
FBGN0030441	4	2	2	8	0	2
FBGN0267033	4837	5302	4120	3952	5337	3573
FBGN0030802	1723	2196	2192	2104	3381	1931
FBGN0040394	9398	10021	10475	10053	15748	9125
FBGN0030694	867	851	913	631	1043	753
FBGN0030592	36	31	37	58	14	54
FBGN0029877	72	51	5	39	0	67
FBGN0025739	5437	6218	6355	6068	9286	4962
FBGN0000179	32050	33894	30361	29772	41774	24056
FBGN0001250	7061	7368	7675	5797	8033	4611
FBGN0259245	22	36	29	35	42	42
FBGN0010269	2069	2412	2627	2051	3440	1958
FBGN0020369	9445	10698	9736	10424	14647	9063
FBGN0030992	11	21	30	28	49	47
FBGN0015519	44	35	37	43	100	32
FBGN0030440	5	7	5	0	22	4
FBGN0053502	2481	2782	2662	3065	3833	1983
FBGN0086367	1107	1403	1290	1098	1806	673
FBGN0030105	13	90	24	357	294	196
FBGN0052580	1623	1477	1058	953	578	898
FBGN0014133	34236	35751	40260	28109	44585	28206
FBGN0262656	31896	32632	36194	28557	42149	24404
FBGN0028480	3438	3912	3939	3598	5306	3098
FBGN0030804	15	1	16	10	0	28
FBGN0030643	0	9	4	27	0	9
FBGN0029687	14972	16432	15462	18071	23522	16041
FBGN0030853	2330	2635	2605	3115	4775	2525
FBGN0267253	17	6	5	26	6	11
FBGN0003366	266	142	334	331	373	249
FBGN0030327	2156	2504	2726	2652	3428	2247
FBGN0002590	105733	116552	135756	118335	169654	93118
FBGN0030593	44	14	23	30	192	33
FBGN0015926	2387	2808	3255	3051	4291	2764
FBGN0040336	222	214	376	332	408	164
FBGN0030369	20	5	8	27	19	10
FBGN0030839	362	383	586	454	765	273
FBGN0004649	60	33	19	30	7	41
FBGN0030538	0	0	3	8	1	7
FBGN0004404	34603	37417	43146	37290	52701	28501
FBGN0024987	9973	11011	10267	12172	17905	11503
FBGN0031006	10366	10596	11430	10611	16876	9338
FBGN0040376	16	14	5	0	46	27
FBGN0014868	15300	16547	18108	16154	21605	14425
FBGN0030789	2133	2074	1984	2647	3979	2096
FBGN0026084	27236	34851	31814	31081	42090	26500
FBGN0030756	48	36	16	50	55	71
FBGN0030073	696	827	463	312	346	343
FBGN0029974	37	21	23	9	27	13
FBGN0030982	9	4	4	1	0	5
FBGN0031090	2354	2504	2498	2774	3501	2424
FBGN0004198	6845	7712	8060	5542	8171	4647
FBGN0000077	509	646	721	788	1019	574
FBGN0030271	17	4	29	30	128	79
FBGN0052512	367	353	230	608	1039	720
FBGN0031161	2046	2210	2416	2560	3628	2297
FBGN0029818	3646	4072	4343	4108	5288	3690
FBGN0029947	33	1	3	2	0	8
FBGN0004227	15603	20281	16469	16447	23738	14532
FBGN0030851	970	1270	1099	1174	1798	1280
FBGN0029859	45	28	22	38	73	63
FBGN0029753	17	7	12	0	27	16
FBGN0030874	982	764	929	908	1419	931
FBGN0020378	150	306	927	336	380	587
FBGN0029722	71	40	15	18	64	24
FBGN0020513	5270	6330	6380	6722	10087	6069
FBGN0053243	2	0	0	0	0	0
FBGN0030687	4170	4474	5186	4684	6511	4179
FBGN0030432	128	77	86	94	147	131
FBGN0066303	1460	1441	1844	1696	2930	1411
FBGN0024897	53	59	86	50	18	26
FBGN0023516	1496	1594	1962	2130	2700	1764
FBGN0030667	74	81	22	87	54	76
FBGN0027603	22907	26204	24837	24631	34007	21886
FBGN0023550	6	59	53	34	26	59
FBGN0030107	107	121	94	343	480	205
FBGN0026751	2739	3160	3435	2356	4187	2590
FBGN0023520	925	814	981	1057	1239	1077
FBGN0029694	17	0	5	4	44	5
FBGN0026058	57	23	13	18	5	28
FBGN0029945	348	240	334	290	384	262
FBGN0030103	22	4	0	8	0	15
FBGN0029504	6607	7078	6481	6505	9952	6317
FBGN0000394	2235	2103	2110	2210	3100	2404
FBGN0260869	5	0	3	0	0	3
FBGN0263747	300	213	296	456	531	321
FBGN0030217	565	514	481	639	842	478
FBGN0004397	6875	7581	7937	6394	10038	5810
FBGN0025634	3800	3828	4846	4662	6716	4322
FBGN0029870	4876	5653	5922	5919	8636	4993
FBGN0030566	50	4	6	30	0	37
FBGN0003449	5649	6599	6644	6776	9811	5967
FBGN0030837	19	25	21	84	56	79
FBGN0030494	2173	2602	2499	1953	2456	1922
FBGN0030600	455	583	380	713	646	538
FBGN0003139	2875	3557	3524	3690	5555	3435
FBGN0023528	5884	6278	6654	5807	8294	5407
FBGN0029912	3643	3818	4636	4067	5443	3699
FBGN0023513	2909	2979	3253	3768	5195	2767
FBGN0029763	8753	10409	10174	10328	15206	9485
FBGN0030293	11802	13177	13245	12247	18375	11136
FBGN0265139	20	28	42	28	17	23
FBGN0030481	696	611	864	844	1012	622
FBGN0030559	14	4	8	24	95	34
FBGN0263829	83	96	84	206	154	110
FBGN0030678	892	1002	959	858	1388	984
FBGN0029965	41	19	21	80	67	44
FBGN0024365	2700	2601	3238	3189	4745	2800
FBGN0030685	4210	4858	5133	4814	6581	4696
FBGN0023130	2554	2563	3133	3083	4517	2750
FBGN0026085	548	596	679	1060	1344	832
FBGN0030485	1535	1995	1723	1865	2469	1564
FBGN0015286	2812	2811	2985	1983	3111	2247
FBGN0030980	4	4	11	9	1	14
FBGN0261383	7006	7573	8619	6913	10680	5859
FBGN0029994	20	20	6	61	69	22
FBGN0085354	96	145	110	146	207	143
FBGN0052537	936	832	783	780	1661	1038
FBGN0030671	1232	1377	1441	1537	2152	1306
FBGN0030486	12459	12744	13935	12668	20661	11511
FBGN0265267	14	43	16	14	32	0
FBGN0030666	2404	2319	3144	2489	3919	2325
FBGN0010240	45	28	12	6	18	52
FBGN0029710	830	1247	807	1228	1513	1242
FBGN0030460	621	648	534	825	1017	546
FBGN0031005	60	31	48	10	23	23
FBGN0020508	84	42	1	84	225	90
FBGN0031039	789	974	971	903	1596	1025
FBGN0067861	807	719	884	995	1062	735
FBGN0029936	1557	1796	1884	1664	3298	1657
FBGN0030492	6	18	7	28	6	44
FBGN0052645	157	102	112	117	135	65
FBGN0259927	60	44	28	41	42	54
FBGN0029837	44	6	33	14	33	25
FBGN0053252	23	4	8	32	8	1
FBGN0030330	2604	2633	2704	2539	3824	2321
FBGN0011837	13101	13407	13488	12166	16520	10842
FBGN0285970	2632	2861	2892	3145	4096	2069
FBGN0030869	5452	5891	5833	4876	8159	4434
FBGN0040366	706	825	719	764	1186	636
FBGN0030272	30	11	30	15	63	29
FBGN0039942	519	524	769	574	1070	549
FBGN0283469	5157	5540	6105	5628	7967	4704
FBGN0000826	49	60	33	32	28	51
FBGN0004687	7681	8271	8901	8250	11195	7319
FBGN0030932	401	256	383	291	566	276
FBGN0031008	1327	1540	1691	1789	2987	2017
FBGN0028746	190	155	150	189	177	167
FBGN0040904	3	1	6	11	0	0
FBGN0013987	8472	8346	9160	9000	13308	8498
FBGN0023519	2195	2232	2315	2716	3646	2488
FBGN0030174	97	84	60	146	125	197
FBGN0085360	30	61	41	19	160	86
FBGN0030530	6483	7564	8012	7284	10931	6458
FBGN0031184	73	73	91	144	113	64
FBGN0030341	1898	2222	2179	1986	2413	1854
FBGN0030684	32	9	47	27	0	22
FBGN0015789	1844	2176	2019	2196	3411	2063
FBGN0052642	37	25	34	73	36	48
FBGN0030276	6850	7251	7740	6719	10108	6780
FBGN0052656	145	268	1926	205	405	84
FBGN0030122	2953	2866	3487	3410	4915	3095
FBGN0003301	11626	12285	12636	9037	13528	8633
FBGN0029662	4334	4330	4889	4545	6228	4116
FBGN0030947	45	13	15	14	33	20
FBGN0266284	4661	5587	5903	6160	9912	5724
FBGN0040356	6	7	9	14	0	8
FBGN0261616	5	9	2	1	0	2
FBGN0025394	6088	6024	6406	6125	8825	5427
FBGN0266569	243	262	297	288	543	231
FBGN0030669	865	731	691	768	1090	884
FBGN0023531	2850	2817	2622	4446	6518	3420
FBGN0030290	29	6	24	30	22	18
FBGN0023527	2813	3545	3649	4304	5894	3959
FBGN0030466	12575	13707	13902	12358	17391	10790
FBGN0030954	540	586	637	726	977	664
FBGN0030087	6731	6804	7170	7265	11077	6673
FBGN0040393	3	11	14	3	16	22
FBGN0264395	14	3	26	8	0	24
FBGN0003321	5594	7066	7032	6623	10438	5630
FBGN0031109	10	4	6	0	0	2
FBGN0283712	4594	4872	5188	4514	6812	3954
FBGN0029819	2470	2929	3237	3310	4314	2301
FBGN0030658	1892	1855	1860	1588	2412	1658
FBGN0029949	26	0	5	20	0	18
FBGN0004655	13606	14472	16019	13679	21700	12172
FBGN0031128	59	39	24	4	38	0
FBGN0024184	72	69	146	42	53	109
FBGN0015818	7969	8332	9000	8640	12852	7834
FBGN0027794	4595	4576	5271	5153	8241	4733
FBGN0040207	3019	3265	3244	2880	4074	2672
FBGN0030178	1060	970	873	1039	982	780
FBGN0288690	1339	1412	1505	1448	2469	1369
FBGN0001090	60632	61373	66094	93278	145768	80192
FBGN0029715	5896	6881	7408	6435	9711	6798
FBGN0029535	0	0	0	5	1	5
FBGN0029909	4	20	6	15	1	14
FBGN0260780	97	115	140	310	84	135
FBGN0052672	6180	6676	7200	6509	8461	5025
FBGN0053668	42	24	39	75	20	33
FBGN0053542	113	79	69	102	30	94
FBGN0030984	59	28	14	33	28	49
FBGN0261461	4477	5998	5882	3839	5387	4057
FBGN0267967	69	128	85	478	747	436
FBGN0029728	171	61	79	70	46	92
FBGN0267912	6330	7080	7719	6227	8997	5235
FBGN0029906	974	1062	1059	1233	1609	945
FBGN0030575	11	40	2	18	0	21
FBGN0030186	17	33	32	66	59	28
FBGN0029879	112	64	76	5	74	45
FBGN0025814	3365	3348	3543	3693	4385	3030
FBGN0029532	69	82	36	10	15	38
FBGN0040907	424	562	553	558	894	538
FBGN0030584	972	1029	1167	1188	1673	986
FBGN0030812	10449	10741	11565	10389	14804	9459
FBGN0029798	2676	2816	3049	3162	4452	2895
FBGN0029970	4699	4925	5526	4890	6619	4016
FBGN0031054	1104	1185	1342	1409	1769	1432
FBGN0261610	3045	2901	3411	2512	3737	2500
FBGN0000360	38	4	28	0	0	20
FBGN0010391	11200	13154	13011	11303	15553	10338
FBGN0030005	177	194	165	90	191	170
FBGN0003865	7	1	0	8	10	12
FBGN0030796	224	306	343	298	237	314
FBGN0005391	7	14	17	40	31	68
FBGN0030408	16	5	25	0	2	0
FBGN0019929	21	6	9	21	0	13
FBGN0284222	79	132	40	85	77	59
FBGN0052732	3045	3534	3852	3679	4906	3155
FBGN0022724	1436	1524	1748	2065	2854	2056
FBGN0030120	262	223	293	185	406	253
FBGN0030433	680	760	798	1010	1418	923
FBGN0062413	729	1111	926	766	984	658
FBGN0030066	288	331	356	266	373	303
FBGN0014466	24	6	8	18	0	19
FBGN0030137	266	387	372	409	546	390
FBGN0065035	448	580	618	763	969	668
FBGN0030357	48	56	51	133	260	50
FBGN0288731	0	0	2	0	7	0
FBGN0040388	14536	15837	16635	16972	24055	14175
FBGN0029661	178	164	233	115	147	118
FBGN0015024	11022	12308	12167	10481	14527	9308
FBGN0030615	77	19	4	194	359	142
FBGN0029838	89	26	10	149	66	46
FBGN0263258	15359	16068	17224	14585	21689	13635
FBGN0000221	396	325	426	412	768	377
FBGN0030008	1471	1120	1375	1387	1896	921
FBGN0030050	9	42	6	7	10	8
FBGN0052569	21	24	35	34	0	2
FBGN0020261	15994	18024	19322	18852	25462	15318
FBGN0266019	10355	11224	11519	7943	12802	7420
FBGN0030614	2	8	5	3	2	1
FBGN0250874	4142	5141	5267	5935	8086	4661
FBGN0030270	23	10	12	60	33	0
FBGN0029836	2	21	7	16	40	9
FBGN0026702	1785	2115	2265	2991	4867	2654
FBGN0029667	8	14	64	8	16	48
FBGN0025800	7455	7966	8206	9210	13040	7418
FBGN0031117	757	889	1026	1345	1277	906
FBGN0030297	24	3	8	3	10	22
FBGN0029989	24	22	12	12	2	56
FBGN0015379	4417	4724	5690	4858	6962	4139
FBGN0029769	38	8	34	8	26	6
FBGN0027280	3435	3221	3415	4192	6134	3693
FBGN0030053	1849	2263	2284	2588	3513	2448
FBGN0031178	8	13	0	55	9	23
FBGN0031057	12988	13846	15903	15469	22974	13209
FBGN0043903	17841	17747	20022	19324	29030	16521
FBGN0030803	1404	1590	1631	1893	2625	1435
FBGN0262534	56	0	29	11	50	15
FBGN0261791	2557	3413	3048	3545	4782	3551
FBGN0031021	2125	1919	2121	3031	4576	2603
FBGN0029745	289	350	438	192	234	242
FBGN0030974	11195	12910	14255	12437	20729	11806
FBGN0029676	26890	30780	32296	23045	37782	22803
FBGN0053247	2	0	0	8	0	0
FBGN0040398	207	214	152	409	645	353
FBGN0030539	192	298	401	176	254	258
FBGN0030697	57	20	43	50	24	19
FBGN0030588	179	111	113	187	160	132
FBGN0263706	21666	24868	25347	18487	27024	16613
FBGN0003654	10822	10159	11845	11806	14107	9701
FBGN0040068	5088	4718	5364	4540	7197	4091
FBGN0028292	1161	1401	1431	1149	2106	1242
FBGN0010295	5	15	5	97	40	7
FBGN0029999	2717	3305	3515	3946	5453	3373
FBGN0025639	24822	27187	26499	23264	33305	20687
FBGN0003218	944	900	704	1354	1452	1180
FBGN0030542	14	60	96	135	163	89
FBGN0002561	52	17	25	10	32	34
FBGN0029995	8	16	15	7	24	10
FBGN0030703	5622	6735	6077	5115	6336	4829
FBGN0030332	28	9	11	28	19	17
FBGN0003655	14	19	18	34	25	32
FBGN0029573	0	11	2	12	0	2
FBGN0030187	22	14	22	30	10	19
FBGN0040392	118	140	152	36	102	116
FBGN0023523	172	209	145	196	227	127
FBGN0040941	24	29	6	76	1	11
FBGN0030269	2757	2661	3502	3791	4478	2769
FBGN0044030	959	1218	1137	1416	2315	1450
FBGN0023169	4728	5188	5689	5231	8344	4920
FBGN0030345	628	774	870	584	845	801
FBGN0085521	0	21	5	0	0	0
FBGN0030700	291	266	281	177	529	264
FBGN0265784	3026	3110	3350	3051	5224	2697
FBGN0040850	5	4	3	25	0	3
FBGN0030456	4162	4844	5111	4252	6271	4158
FBGN0040087	4062	4382	4589	4568	7004	3855
FBGN0042132	2165	2492	2630	1740	3234	1602
FBGN0085693	0	2	0	3	0	1
FBGN0259170	5131	5717	5886	5144	7402	4378
FBGN0030912	227	238	253	324	728	284
FBGN0086778	125	61	68	14	62	27
FBGN0259150	82	85	67	62	97	72
FBGN0264389	919	1063	993	845	1692	1014
FBGN0025616	67	10	8	30	0	18
FBGN0030686	2281	2577	2412	2906	3874	2202
FBGN0023458	22512	22655	24759	23286	32095	18286
FBGN0261848	8	17	18	0	0	8
FBGN0040871	9	0	11	0	0	5
FBGN0024238	5967	6712	7295	5478	7115	5130
FBGN0085350	2	19	1	0	12	0
FBGN0030114	7150	8154	9082	6536	9226	6262
FBGN0030319	24	9	20	31	31	20
FBGN0052718	26	5	12	5	20	20
FBGN0027329	26848	27535	31448	29982	45297	25905
FBGN0029986	15	34	9	96	49	32
FBGN0261592	166874	181130	193466	155862	226386	140063
FBGN0030945	2242	2011	2467	2058	3126	1833
FBGN0260006	121	74	138	248	399	179
FBGN0031064	73	34	52	36	7	68
FBGN0086368	6213	6761	7095	6145	8247	5017
FBGN0263512	30	41	30	71	1	52
FBGN0029996	2154	2233	2255	2410	3222	2022
FBGN0040153	523	733	657	460	698	393
FBGN0052720	46	9	4	10	10	19
FBGN0023506	1371	1604	1624	1855	2275	1486
FBGN0031085	10	13	21	16	6	0
FBGN0030373	7	10	17	7	16	0
FBGN0027334	1304	1949	1781	2083	2813	1968
FBGN0052570	1	16	4	30	2	21
FBGN0030570	8	11	2	11	0	8
FBGN0259149	21	36	11	7	14	47
FBGN0030680	3814	3837	4340	3653	5213	3179
FBGN0030390	47	19	25	12	35	58
FBGN0030800	1148	1301	1513	1342	2378	1373
FBGN0000667	20396	19968	21462	22112	31088	18934
FBGN0040360	27	10	10	9	0	35
FBGN0030074	14	0	3	0	6	17
FBGN0030933	16	8	6	15	3	41
FBGN0000042	190626	213256	235903	201711	293666	179594
FBGN0263132	29009	30303	27599	29273	41529	24367
FBGN0030085	152	247	289	215	440	273
FBGN0260986	3560	3413	3702	4386	7621	4123
FBGN0026666	153	233	219	263	332	261
FBGN0052758	1921	2164	2318	1830	2494	1765
FBGN0086384	3963	4355	4659	3881	6201	3919
FBGN0029711	1888	1688	1873	1719	2582	1575
FBGN0288732	0	0	2	0	14	0
FBGN0030089	9705	10353	11445	9941	13358	8966
FBGN0030301	9881	11019	9866	10499	14982	9632
FBGN0250871	31827	33701	38622	34488	51767	28163
FBGN0030306	6532	7499	7800	7256	9079	6124
FBGN0004391	9208	9618	10629	11817	15860	9771
FBGN0046687	1045	1296	1263	1264	1240	954
FBGN0029891	3639	3834	4875	4532	5897	3683
FBGN0030826	36	2	0	0	6	0
FBGN0010315	4555	5106	4983	5513	7393	4617
FBGN0040900	24	10	9	20	17	5
FBGN0004956	572	546	481	665	710	604
FBGN0030630	4097	5526	5368	4752	6606	4341
FBGN0053082	385	379	289	389	520	313
FBGN0029824	331	342	328	345	481	279
FBGN0030263	4853	4741	5648	5266	7108	4632
FBGN0265417	10	38	5	0	3	13
FBGN0024985	3309	3748	3765	3426	5217	3283
FBGN0030603	748	854	1060	749	1173	757
FBGN0029929	2331	2562	2998	2478	4128	2931
FBGN0263237	1923	2399	2300	2686	3628	2565
FBGN0029754	35	46	29	24	34	30
FBGN0040364	21	20	12	21	10	20
FBGN0259923	63	68	100	95	37	67
FBGN0030707	30	12	14	12	17	66
FBGN0052719	108	29	27	29	32	47
FBGN0083167	1962	2578	2828	2862	3913	2354
FBGN0085351	15	3	1	0	0	18
FBGN0025615	4153	4617	5048	5375	7587	4509
FBGN0023507	454	525	461	792	1249	604
FBGN0024984	23	70	60	86	157	50
FBGN0003068	80	113	101	86	69	82
FBGN0020255	30060	33157	33890	36223	50300	33452
FBGN0052506	60	19	26	40	33	45
FBGN0030452	622	474	619	843	1160	572
FBGN0052626	3460	4082	3623	3515	4197	2637
FBGN0040905	8	4	0	0	0	0
FBGN0030764	396	363	288	272	521	284
FBGN0030243	13924	15472	16549	13389	21042	12211
FBGN0030854	9051	10779	9980	10308	14592	9510
FBGN0029968	33	17	21	6	10	23
FBGN0030000	3438	3377	3844	4267	6710	3270
FBGN0031026	20	11	2	14	0	10
FBGN0001565	5644	6197	6736	6796	9424	5348
FBGN0086675	21	36	20	17	20	48
FBGN0030688	12	14	0	54	77	2
FBGN0029761	135	111	73	231	417	400
FBGN0031004	20	2	11	8	22	11
FBGN0052528	1625	1885	2018	2507	3415	1790
FBGN0015010	2	31	22	33	47	45
FBGN0030718	2517	2823	2802	3239	4215	2468
FBGN0030362	1663	2163	1439	4092	6485	3374
FBGN0030417	37	32	50	48	7	58
FBGN0052756	3056	3242	3651	3721	5893	3468
FBGN0030511	406	488	392	742	1113	698
FBGN0030569	1775	1005	1394	1406	1922	787
FBGN0288729	0	21	5	0	0	0
FBGN0023540	2223	2205	2564	2559	4183	2067
FBGN0030202	17	5	15	0	0	16
FBGN0266430	1	0	0	0	0	0
FBGN0000028	53	30	17	24	27	39
FBGN0039944	4381	4999	5101	3673	5240	3722
FBGN0030897	11	15	13	21	4	20
FBGN0030061	6754	7873	8005	9241	12787	8599
FBGN0262738	6898	7924	6907	8058	12226	7195
FBGN0031111	0	13	0	6	0	3
FBGN0030503	1121	1057	1363	1124	1219	864
FBGN0001150	196	152	127	256	463	221
FBGN0030993	85	96	49	127	50	147
FBGN0025620	50	56	10	150	197	153
FBGN0030768	1807	1840	2078	2329	3037	1553
FBGN0030979	19	35	10	33	29	21
FBGN0040890	403	416	538	459	758	390
FBGN0031003	2325	2308	2406	2040	3826	2065
FBGN0085361	2	4	12	0	0	8
FBGN0026090	1062	1197	1368	1398	1553	1040
FBGN0025864	15479	15807	17209	16562	24017	13899
FBGN0000346	1227	1383	1452	1675	2297	1122
FBGN0030846	431	383	249	326	259	306
FBGN0030581	633	767	674	1036	1604	900
FBGN0040333	12	12	39	36	39	43
FBGN0262811	0	2	0	0	3	0
FBGN0029663	47	22	70	75	18	45
FBGN0262810	1	22	29	0	9	27
FBGN0030339	53	52	19	3	2	15
FBGN0264309	0	2	1	1	0	0
FBGN0010014	13	4	10	28	2	0
FBGN0031143	2004	2320	2682	2671	3835	2240
FBGN0030876	278	302	256	232	428	312
FBGN0000711	2546	2639	2852	2435	3380	2205
FBGN0030959	7870	8248	8488	9024	12878	7363
FBGN0052667	0	16	1	11	78	37
FBGN0040359	126	184	174	135	72	129
FBGN0003464	10479	10211	11677	10185	15929	8824
FBGN0029720	104	82	85	99	31	58
FBGN0029880	594	600	609	735	1038	632
FBGN0029639	62	30	9	125	38	58
FBGN0030895	33	29	8	11	18	11
FBGN0004864	6142	6584	6786	6584	9948	5429
FBGN0011661	51105	54820	59107	56242	84707	52686
FBGN0017561	27	17	34	39	0	37
FBGN0016041	4021	4098	4607	5077	7305	4448
FBGN0027279	7167	7333	7341	8726	12640	6807
FBGN0024250	13905	14022	15446	15694	22867	15045
FBGN0000259	11384	12804	12173	13940	17396	12637
FBGN0261260	50437	53754	54038	42944	61640	36984
FBGN0031110	1	1	0	9	0	0
FBGN0052751	5	18	1	14	1	33
FBGN0030258	0	8	6	17	14	24
FBGN0023534	170	190	274	144	252	129
FBGN0030277	8	6	6	1	1	13
FBGN0040344	6002	6579	6239	6958	10750	5724
FBGN0016975	90	78	55	54	46	22
FBGN0024992	2623	2949	2863	2814	4364	2552
FBGN0030873	2130	2159	2223	2415	3586	2369
FBGN0085443	9774	11077	9819	9564	12750	8497
FBGN0029992	7463	8424	8801	8297	12869	7680
FBGN0030148	51	47	39	43	14	43
FBGN0029717	16	0	2	0	0	12
FBGN0026181	18465	20265	21792	19517	29349	16632
FBGN0030026	519	753	698	767	1075	699
FBGN0031145	6102	6939	6671	8780	11898	7656
FBGN0029700	1	7	5	0	0	15
FBGN0031000	100	45	35	61	2	47
FBGN0030944	3318	3238	3731	2863	4977	2964
FBGN0030797	315	400	324	290	404	344
FBGN0030101	808	554	843	808	1077	565
FBGN0262575	2	10	7	4	10	2
FBGN0029067	1493	1632	1694	1607	1993	1354
FBGN0026415	9014	10066	11247	11654	17385	11437
FBGN0029854	619	741	777	849	1380	672
FBGN0031092	4216	4721	5130	4160	5680	3685
FBGN0029589	8	4	3	50	0	1
FBGN0029942	610	680	681	653	852	629
FBGN0030870	11023	11500	12869	12530	16491	11571
FBGN0031100	20	28	12	40	36	30
FBGN0040338	0	10	2	4	0	4
FBGN0030035	2930	3828	3838	3938	5706	3111
FBGN0011276	48	14	21	8	26	26
FBGN0029746	640	734	576	626	664	529
FBGN0259198	8	10	0	14	0	13
FBGN0003302	687	979	908	1007	1195	780
FBGN0030386	0	8	6	12	0	4
FBGN0029672	3811	4130	3688	4085	5991	3677
FBGN0030960	755	766	871	755	1136	604
FBGN0264598	167	154	206	188	182	175
FBGN0040358	56	71	20	54	0	20
FBGN0030717	772	892	1063	1125	1312	849
FBGN0052581	6647	8124	8534	7959	10620	7475
FBGN0023542	4001	4233	4510	4677	6982	4588
FBGN0030014	23	22	16	4	18	29
FBGN0030310	142	170	178	112	155	109
FBGN0004854	1014	1340	1761	1130	1482	996
FBGN0000319	53283	60208	61133	59057	80126	47375
FBGN0265629	163	182	172	133	127	112
FBGN0002723	1734	1683	1864	1537	2282	1312
FBGN0030223	8	18	9	20	20	59
FBGN0265595	97	27	62	100	44	36
FBGN0030655	2305	2472	2831	3036	3814	2404
FBGN0026015	5779	6564	6537	7041	10875	5586
FBGN0040354	40	60	33	33	35	17
FBGN0030915	1079	1205	1002	1437	1728	1357
FBGN0040391	41	34	72	89	54	33
FBGN0030551	7	13	4	14	25	2
FBGN0023510	5216	5451	5093	4613	7601	4076
FBGN0029849	532	671	660	489	926	660
FBGN0031196	24	17	48	46	18	12
FBGN0000482	4155	4373	4617	4530	6390	4154
FBGN0040352	39	24	2	60	0	16
FBGN0085377	709	657	693	710	958	473
FBGN0026323	3892	4612	5119	4131	6085	3705
FBGN0000635	19062	19535	20683	19466	26789	16022
FBGN0029958	1566	1814	2068	1978	2644	1499
FBGN0029848	12	17	9	5	0	17
FBGN0030462	0	13	0	1	1	3
FBGN0052677	128	139	293	164	188	200
FBGN0030541	116	88	36	117	26	40
FBGN0026076	4473	5059	4318	4967	6298	4090
FBGN0262827	12	5	3	8	2	8
FBGN0030086	24097	25418	28569	27556	41643	24177
FBGN0029800	1163	1306	1275	1218	2030	1339
FBGN0027343	4925	5964	7153	6814	9269	5386
FBGN0030799	1071	1461	1449	570	984	460
FBGN0030723	60	30	36	52	0	22
FBGN0005670	91	146	17	346	555	307
FBGN0031040	717	1356	1322	1315	1554	1266
FBGN0029502	796	993	938	866	1271	830
FBGN0030594	142	320	55	131	162	274
FBGN0052819	181	49	68	141	266	81
FBGN0029822	4812	4640	4942	4180	6540	4252
FBGN0029867	3654	4183	4228	4506	7098	4654
FBGN0031080	54	0	17	0	23	2
FBGN0030586	99	240	58	43	10	74
FBGN0031149	15696	17920	16710	20477	27828	17571
FBGN0031050	1431	1402	1515	1661	2322	1223
FBGN0028969	6949	7845	8387	8027	13380	7510
FBGN0030582	5464	5448	6087	6556	9058	5337
FBGN0053241	2	0	0	0	0	0
FBGN0031089	176	109	62	134	76	118
FBGN0030914	32	11	22	51	30	39
FBGN0002873	30616	39329	34222	36836	52895	30280
FBGN0259195	40	1	17	36	72	34
FBGN0086450	54	16	19	117	31	74
FBGN0030995	364	241	397	313	446	370
FBGN0030189	258	155	171	332	454	267
FBGN0029766	1852	2104	2372	2606	4226	2564
FBGN0015774	3822	3883	3511	3129	4172	3068
FBGN0261609	13829	16142	16511	14881	23748	15001
FBGN0031197	8	4	18	11	36	17
FBGN0030501	1872	1885	1952	2573	3458	1993
FBGN0029948	4	2	9	0	32	4
FBGN0026206	10195	10600	10764	9844	13305	7958
FBGN0030660	717	785	676	1163	1507	886
FBGN0029603	8	2	4	0	0	0
FBGN0030679	1317	1267	1493	2084	2553	1693
FBGN0052532	34	29	27	63	68	41
FBGN0002914	13718	15791	15937	17269	24723	14823
FBGN0030882	6899	7109	7929	11461	14798	9657
FBGN0259223	10	14	1	17	29	6
FBGN0031171	85	62	27	80	89	99
FBGN0031139	40	3	46	22	16	16
FBGN0259188	74	15	30	98	85	74
FBGN0027335	7781	8631	8778	7719	10885	7371
FBGN0030033	62	16	80	25	0	50
FBGN0030976	25	38	16	87	96	47
FBGN0003517	138294	141527	163864	161505	226899	126647
FBGN0029907	64	32	54	76	80	24
FBGN0031044	964	1009	1173	1451	1667	1197
FBGN0030815	76	63	90	78	78	45
FBGN0000376	4833	5071	5171	4727	7234	3853
FBGN0052572	28	7	27	34	21	38
FBGN0288746	0	3	0	0	14	1
FBGN0029778	2331	2165	2750	2314	3672	2796
FBGN0026143	3042	2947	3508	3339	4763	3003
FBGN0003189	18183	20324	21832	26453	37653	21984
FBGN0261931	4648	5129	6149	5305	7719	4682
FBGN0030715	8	10	7	12	23	11
FBGN0011760	41564	47398	43125	47600	67450	49445
FBGN0004169	920	1088	553	3606	6033	4379
FBGN0024994	1021	1129	1146	1054	1379	1032
FBGN0052801	61	62	36	177	161	80
FBGN0000535	131	81	68	73	24	135
FBGN0030617	978	831	869	1182	1836	1014
FBGN0030478	6650	7406	8339	7719	10177	6831
FBGN0030778	75	60	58	102	169	48
FBGN0030989	46	18	17	54	68	23
FBGN0030673	645	816	576	874	1297	726
FBGN0032171	422	510	733	803	988	801
FBGN0031304	1703	1708	1834	1612	2667	1553
FBGN0267828	2279	1837	2026	2081	3151	1679
FBGN0026150	5434	6780	6627	7185	10964	6239
FBGN0053895	10	13	12	0	5	17
FBGN0015756	24943	33472	32692	27757	40870	24423
FBGN0031813	1431	1655	1850	1627	2370	1270
FBGN0032582	32	27	55	120	45	83
FBGN0283651	136	73	76	67	26	73
FBGN0032725	1412	1840	1630	1966	2460	1559
FBGN0083961	1240	1454	1376	1622	2053	1303
FBGN0027597	989	1183	1422	1308	1465	1055
FBGN0032709	0	4	5	14	0	7
FBGN0032615	52	22	14	40	0	30
FBGN0261523	5	9	10	20	14	14
FBGN0031857	270	152	213	246	169	170
FBGN0032781	4214	5432	5475	4216	7500	4203
FBGN0053511	28	24	33	43	47	20
FBGN0032587	688	541	398	304	635	444
FBGN0031786	0	8	2	0	0	11
FBGN0024230	1229	1481	1450	1403	1725	1206
FBGN0031373	17	0	15	6	1	0
FBGN0028899	542	513	371	410	465	341
FBGN0026479	9598	10538	10751	10298	14830	9109
FBGN0032822	262	329	316	333	335	334
FBGN0000640	1309	3241	1157	6227	11017	4002
FBGN0051642	983	1109	825	605	774	443
FBGN0025777	4149	4439	4691	4346	6127	3842
FBGN0031609	1826	2144	2235	1385	2309	1670
FBGN0032670	32	9	43	12	18	2
FBGN0032940	8403	9209	8746	9200	11585	6783
FBGN0015381	46	38	17	20	24	47
FBGN0041627	1085	1199	1157	2519	2729	1684
FBGN0032285	47	76	51	128	182	270
FBGN0051648	394	463	470	706	895	585
FBGN0032402	175	110	160	268	340	151
FBGN0032110	18	5	10	6	36	42
FBGN0086681	69	37	38	44	72	70
FBGN0031634	102	72	59	47	108	81
FBGN0032782	88	104	80	232	399	222
FBGN0032018	3290	3807	3442	3100	5294	3112
FBGN0053642	8	6	19	0	10	9
FBGN0032683	4616	5185	5495	4198	4644	3638
FBGN0028532	86	153	34	147	194	98
FBGN0032474	959	1128	1469	1298	1907	1282
FBGN0031461	291	366	361	389	433	450
FBGN0031764	2876	2962	3035	3881	6408	4541
FBGN0001089	224	146	95	171	199	338
FBGN0032284	62	82	64	54	131	192
FBGN0265785	12	0	0	9	0	3
FBGN0283440	37	31	34	42	38	37
FBGN0032671	1362	1578	1643	2159	2622	1713
FBGN0005672	8037	8936	8844	7268	10570	7225
FBGN0053303	16106	17357	17248	16917	20204	14821
FBGN0051632	54	51	66	44	106	79
FBGN0259715	12	31	43	56	42	51
FBGN0031224	1697	1922	1891	2358	2982	2046
FBGN0032955	511	476	393	220	340	284
FBGN0028479	14889	18634	18642	16600	23504	13452
FBGN0032503	9	6	20	10	0	11
FBGN0032453	7231	9123	9355	9232	12667	9785
FBGN0053830	20	36	10	26	16	11
FBGN0051729	8208	8667	8619	8732	11615	7606
FBGN0028704	79	85	66	70	29	103
FBGN0020371	9	15	8	9	2	0
FBGN0024314	7619	9390	8851	8902	13152	7830
FBGN0045500	18	34	0	2	8	20
FBGN0017457	4525	5120	4895	5189	7293	4288
FBGN0005593	114632	128694	143083	123733	176895	105218
FBGN0032246	4111	4577	4886	5208	7679	4520
FBGN0032867	6	28	10	28	6	0
FBGN0083942	10	4	3	2	0	3
FBGN0032620	2673	3827	3181	2829	4337	2804
FBGN0031360	1137	1174	1135	1368	2028	1436
FBGN0031379	4609	4559	4794	4725	7045	4229
FBGN0000153	55	80	46	57	135	98
FBGN0260953	25	23	39	15	15	35
FBGN0032701	5113	5848	6301	6163	9020	5609
FBGN0026255	59	29	106	23	35	62
FBGN0264855	11027	12100	11468	11513	15042	10319
FBGN0032525	26	7	40	21	9	10
FBGN0032166	2264	2224	2496	2399	3497	1975
FBGN0032420	1940	2388	2432	2597	3967	2240
FBGN0031217	2064	2809	2372	2137	3241	2357
FBGN0085395	104	72	36	84	21	41
FBGN0032378	4748	5615	6165	5770	8156	5138
FBGN0032080	14	18	27	4	18	4
FBGN0051915	756	843	859	559	929	581
FBGN0032069	78	68	29	33	82	73
FBGN0051601	58	30	19	665	473	362
FBGN0263086	0	0	2	2	0	0
FBGN0031347	47	24	29	86	24	38
FBGN0031831	12	47	64	100	43	21
FBGN0032491	6	26	0	0	0	6
FBGN0259998	17	0	5	60	2	44
FBGN0031331	0	18	0	0	12	8
FBGN0265087	14	1	0	0	0	5
FBGN0051646	54	21	14	14	9	8
FBGN0051675	12	0	3	0	20	7
FBGN0003372	2765	8783	1212	1274	1919	1933
FBGN0086711	326	280	256	633	1158	575
FBGN0000579	33311	34193	39519	32784	47072	29512
FBGN0032294	0	5	13	7	0	11
FBGN0032230	4434	5263	5262	4310	6875	5275
FBGN0267821	14806	14733	17240	15417	23123	13319
FBGN0285948	65763	76285	75211	73198	110328	70075
FBGN0259201	66	45	50	167	142	166
FBGN0053552	380	360	307	432	628	458
FBGN0262647	10037	10829	11039	11959	15278	10662
FBGN0261568	2	11	3	11	0	4
FBGN0032231	749	1015	1046	1009	1609	874
FBGN0051658	221	207	153	370	202	124
FBGN0025109	847	970	813	761	1137	658
FBGN0053723	36	5	18	12	0	13
FBGN0031837	27	16	22	32	24	21
FBGN0027363	4703	5755	5589	5508	7214	5061
FBGN0031384	855	1220	1094	978	1561	801
FBGN0031775	4	16	30	22	0	6
FBGN0032818	742	973	1204	1198	1336	995
FBGN0264672	2871	2833	2836	3526	4440	2680
FBGN0051739	9802	10249	10439	10092	14527	8570
FBGN0259951	4	6	3	0	3	1
FBGN0024320	7850	8849	8401	7123	9756	5290
FBGN0015320	6252	5993	7175	7008	10373	6040
FBGN0031573	1273	1362	1549	1685	2362	1428
FBGN0032881	438	634	566	784	1033	587
FBGN0040719	0	6	0	7	0	8
FBGN0031628	784	782	1046	707	1396	755
FBGN0261630	2	2	1	0	9	0
FBGN0260228	77	103	84	115	77	112
FBGN0003046	43	141	18	134	41	72
FBGN0028387	4559	5134	4785	5091	7080	4580
FBGN0028941	3	11	5	13	7	8
FBGN0032283	104	37	24	461	223	438
FBGN0040261	28	35	23	8	3	26
FBGN0016076	8160	7456	7319	9001	13565	8230
FBGN0032973	37	16	6	8	26	2
FBGN0032530	234	199	195	188	247	133
FBGN0024183	20315	22525	21927	20720	30640	19208
FBGN0045486	30	15	8	14	16	40
FBGN0261976	374	481	485	535	1054	516
FBGN0011603	153	140	71	277	277	111
FBGN0032646	2997	3270	3751	3093	4769	3211
FBGN0085369	59	33	31	61	31	64
FBGN0083962	7321	7530	8003	7715	9630	6559
FBGN0027844	251	343	428	411	631	330
FBGN0051613	11	10	2	1	0	18
FBGN0032175	79	58	20	94	48	41
FBGN0015924	840	1158	1110	1497	1930	1365
FBGN0032193	927	801	860	746	995	417
FBGN0032512	3350	3996	4438	4277	6470	3711
FBGN0032654	5	0	5	0	2	8
FBGN0053673	13	3	9	23	0	1
FBGN0264989	0	12	4	0	0	1
FBGN0262002	65	22	6	12	32	16
FBGN0032299	6	11	0	0	0	0
FBGN0025700	8140	9653	9332	9176	12215	8138
FBGN0053644	12	15	0	0	0	8
FBGN0284251	6700	7916	7492	9890	14291	8568
FBGN0085199	1	0	4	0	0	1
FBGN0032329	1305	1513	1376	1639	2518	1637
FBGN0262880	1	7	0	0	7	0
FBGN0053194	114	69	46	127	171	111
FBGN0051860	42	42	13	7	12	16
FBGN0032169	1225	1341	1609	1257	1964	1155
FBGN0032337	33	23	13	8	53	19
FBGN0051687	1506	2118	2306	1855	3626	1792
FBGN0031903	78	121	164	145	105	96
FBGN0031638	3021	3072	3314	3362	5209	3162
FBGN0243486	3540	4104	4159	3248	3426	2801
FBGN0085195	855	1968	660	5256	9553	5070
FBGN0264301	17	11	18	37	36	19
FBGN0031547	60	29	28	60	44	24
FBGN0028926	2030	2200	2289	2321	3271	2333
FBGN0051851	27	0	7	14	9	4
FBGN0032788	33	14	25	16	35	18
FBGN0259953	4	10	0	0	3	1
FBGN0031466	16	34	28	50	18	41
FBGN0000053	9503	10963	10759	11689	19008	9668
FBGN0032699	562	649	748	689	1141	685
FBGN0032296	2375	2377	2400	2602	4651	2363
FBGN0267726	0	0	0	10	16	0
FBGN0031836	1152	1198	1503	1481	1910	1321
FBGN0032749	81	73	28	94	53	63
FBGN0032372	11	10	5	7	10	0
FBGN0015316	104	87	71	57	160	144
FBGN0032780	21	33	46	36	36	7
FBGN0032700	353	449	419	619	581	394
FBGN0051718	23	8	21	46	28	74
FBGN0051848	7	8	2	0	12	12
FBGN0263933	6992	8068	7370	8731	12866	7790
FBGN0031947	8014	8630	8118	9229	12466	8401
FBGN0032303	52	2	16	74	0	10
FBGN0085191	12	12	50	2	35	31
FBGN0054043	6	10	31	2	0	26
FBGN0032111	0	12	2	0	0	11
FBGN0053840	0	7	6	28	32	8
FBGN0032987	61909	72972	70998	71554	102652	63831
FBGN0032176	53	16	45	56	34	30
FBGN0261068	1913	2189	2472	2422	2948	1953
FBGN0265968	659	709	624	615	1299	676
FBGN0028986	11	44	4	4	0	6
FBGN0031753	1	0	6	21	6	43
FBGN0003961	5	18	12	151	234	52
FBGN0053832	0	0	0	34	25	20
FBGN0031497	12026	12943	13111	14041	20791	12460
FBGN0031558	28	19	4	127	80	89
FBGN0023091	23	42	40	26	8	25
FBGN0032858	1398	1659	1416	1497	2751	1517
FBGN0051797	59	74	106	85	42	58
FBGN0042126	38	48	27	22	70	46
FBGN0016978	8743	9528	10421	9554	14661	9460
FBGN0031289	18	5	20	8	36	13
FBGN0085343	186	235	166	282	378	271
FBGN0011272	80598	91993	101776	81595	127574	72353
FBGN0262621	0	1	1	12	5	1
FBGN0031608	1466	1731	1578	1278	2580	1371
FBGN0051611	41	21	18	36	0	10
FBGN0043854	54	41	47	25	45	58
FBGN0032821	12256	13148	13366	13502	20070	11526
FBGN0053817	0	0	0	0	0	0
FBGN0053866	1	1	0	6	0	0
FBGN0051949	13	4	2	12	0	12
FBGN0031785	92	44	44	28	60	59
FBGN0263051	737	1056	1188	657	716	685
FBGN0032612	38	17	31	39	14	37
FBGN0031470	41	38	19	31	48	23
FBGN0085204	4	15	8	0	6	0
FBGN0086657	3489	3927	3874	3900	6480	3581
FBGN0032374	32	18	1	36	0	31
FBGN0051798	38	14	24	2	10	39
FBGN0031260	4072	5340	5208	4995	6284	4176
FBGN0040509	49	49	21	26	104	93
FBGN0032217	6736	7427	6846	7294	9749	6482
FBGN0051682	10	8	36	0	0	26
FBGN0031784	3	12	23	24	4	30
FBGN0051720	57	39	59	122	20	64
FBGN0031317	1737	1827	1894	1894	2519	1477
FBGN0025115	1	0	5	3	0	8
FBGN0031284	414	640	340	488	694	539
FBGN0243513	149	133	70	130	142	134
FBGN0032338	23	0	10	0	11	55
FBGN0031398	1354	1287	1562	1611	2329	1351
FBGN0031562	17	1	18	1	0	4
FBGN0031752	3672	3702	3682	3778	4726	3322
FBGN0053908	1	3	0	7	3	7
FBGN0031910	8	6	0	6	14	18
FBGN0032225	118	77	138	100	140	80
FBGN0026148	870	1111	1186	1042	1491	998
FBGN0032315	7	1	1	10	0	5
FBGN0032470	32	12	13	52	51	45
FBGN0031885	7774	9009	8479	7348	11118	7200
FBGN0263916	10922	11655	12101	12194	15720	10192
FBGN0051973	2272	1747	1516	3228	3757	3147
FBGN0259749	2404	2861	3225	2793	3813	2562
FBGN0265257	0	1	0	12	0	4
FBGN0031282	240	307	248	304	544	249
FBGN0069354	88	89	76	8	83	8
FBGN0028871	161	137	161	153	189	151
FBGN0032084	77	85	69	68	42	77
FBGN0087041	1440	1675	1343	1591	2449	1720
FBGN0263078	34	24	43	28	57	42
FBGN0016698	2038	2209	2113	2247	3359	2057
FBGN0032234	694	634	658	1054	1196	820
FBGN0032666	6379	7416	6939	4159	5518	4734
FBGN0004858	6852	7289	6911	6368	10405	6295
FBGN0261804	91	41	51	91	29	31
FBGN0002939	20	42	21	32	56	91
FBGN0031374	6846	7870	7878	8786	11818	6616
FBGN0031332	22	3	0	18	27	6
FBGN0264750	1	5	24	9	72	52
FBGN0031697	46	11	12	43	2	33
FBGN0041182	2784	3306	2723	3176	3942	3031
FBGN0032787	344	433	391	678	758	499
FBGN0031865	48	47	62	56	165	35
FBGN0031515	98	62	34	68	45	114
FBGN0031457	701	797	937	960	1235	877
FBGN0004363	28169	31069	32522	28359	40806	26850
FBGN0261054	0	0	0	0	0	0
FBGN0010323	70	22	25	25	8	29
FBGN0032042	752	679	840	807	1440	735
FBGN0032067	36	48	59	8	18	53
FBGN0262352	14	24	4	0	4	0
FBGN0032833	6898	8540	9201	9014	13797	7530
FBGN0032586	13591	15877	16666	16657	25424	14457
FBGN0259717	372	484	353	408	663	376
FBGN0028546	2838	2846	2956	2914	4158	2781
FBGN0002936	26	5	12	40	0	27
FBGN0053865	27	0	1	0	27	0
FBGN0004406	1378	1457	1637	2128	3401	1541
FBGN0028410	37	29	23	27	8	19
FBGN0261983	2961	3230	2845	2810	4005	2643
FBGN0051816	13	13	0	16	0	1
FBGN0031281	1927	2245	2196	2673	3123	1969
FBGN0016660	144	202	375	142	88	187
FBGN0019932	1159	1362	1060	1701	1955	1483
FBGN0031513	24	25	28	6	7	37
FBGN0032626	1	9	2	3	17	2
FBGN0032923	3756	4150	3923	4165	5527	3328
FBGN0032259	688	608	555	853	1068	898
FBGN0031580	5	9	0	0	0	3
FBGN0085476	6	17	17	8	7	15
FBGN0051950	152	288	282	410	612	381
FBGN0031874	204	373	238	465	451	310
FBGN0051802	1	4	0	4	0	6
FBGN0051659	20	6	0	1	0	11
FBGN0041181	4615	4470	4390	4341	5649	3820
FBGN0286875	2	2	0	10	0	5
FBGN0001990	1670	2009	1818	2283	3095	1959
FBGN0031673	4356	4861	4790	3727	6937	4072
FBGN0004915	4022	4342	3914	4880	7000	4260
FBGN0263198	21598	24491	24169	23564	36455	22115
FBGN0032597	791	970	1043	1408	1828	961
FBGN0028864	5	4	42	49	46	28
FBGN0031663	2315	2050	2520	2941	4202	1842
FBGN0031436	2175	2326	2445	2790	3660	2395
FBGN0032485	2020	2460	2705	2160	2781	1685
FBGN0053526	12322	13477	13523	15702	22840	13204
FBGN0032734	22	22	8	42	4	25
FBGN0250906	12151	12919	14216	11926	16923	10279
FBGN0027505	1731	2011	2098	2570	3241	2107
FBGN0005771	10547	12023	12043	12431	19099	10632
FBGN0032140	122	187	239	178	208	228
FBGN0053822	995	1590	1088	2220	3021	1850
FBGN0265669	6	0	0	12	0	4
FBGN0031564	1	7	15	87	61	36
FBGN0028850	12	4	0	9	9	20
FBGN0032752	50	63	73	124	90	51
FBGN0005683	912	1040	1019	1495	2341	1262
FBGN0028526	74	5	16	74	220	32
FBGN0262001	6	2	4	15	16	6
FBGN0283525	1072	1204	1134	1067	1788	1010
FBGN0025595	30	15	12	92	99	34
FBGN0261058	5	1	14	10	0	0
FBGN0032859	5879	7174	6627	7438	10534	6647
FBGN0085342	337	320	430	276	478	285
FBGN0259111	136	120	96	129	96	141
FBGN0028970	485	517	647	979	1239	801
FBGN0028902	36	9	0	4	38	59
FBGN0025697	49	48	34	111	53	50
FBGN0053881	0	0	0	0	0	0
FBGN0032404	5023	5556	5273	5612	7111	4426
FBGN0002044	12647	14529	14958	13852	19435	12260
FBGN0043539	2	8	0	0	10	0
FBGN0032385	8	2	0	5	8	6
FBGN0031971	1505	1420	1943	1835	2257	1136
FBGN0015621	1648	1654	1893	2084	2689	2019
FBGN0259176	30752	32842	31803	28420	41544	24450
FBGN0263081	19	14	18	33	59	2
FBGN0023388	5614	6860	5954	6086	8302	5040
FBGN0028525	28	41	13	8	0	34
FBGN0032221	272	273	284	114	54	127
FBGN0031453	54808	56451	57917	57641	86761	59483
FBGN0086347	7066	7854	7441	7392	10782	6555
FBGN0031992	327	531	379	391	363	437
FBGN0263322	0	9	9	7	0	3
FBGN0002023	124	52	24	25	71	88
FBGN0085202	4	2	0	0	0	12
FBGN0031957	808	549	903	521	528	410
FBGN0031814	2033	2214	2154	2153	2628	1708
FBGN0032149	1133	1003	1051	1352	2396	1329
FBGN0263773	632	1095	1052	700	930	682
FBGN0032032	396	232	306	342	630	306
FBGN0001961	5010	5769	6103	5668	7946	4774
FBGN0259989	3	6	0	7	46	0
FBGN0031492	5942	6205	6457	6202	9585	6267
FBGN0032129	152	79	80	253	322	208
FBGN0267689	37	8	23	32	48	42
FBGN0053129	15685	17674	18439	15306	22419	14159
FBGN0031403	1211	1134	1080	1249	1820	1072
FBGN0028481	31	28	33	21	15	45
FBGN0262878	0	0	4	2	8	9
FBGN0028838	11	3	20	0	0	13
FBGN0031756	100	52	56	151	82	96
FBGN0065108	21	23	29	62	29	32
FBGN0025608	4131	4180	4781	4449	6281	4064
FBGN0085470	3999	4266	4459	5066	6141	4115
FBGN0032774	2071	2493	3062	2715	3994	2195
FBGN0028863	81	81	33	19	58	17
FBGN0032964	97	99	81	36	86	72
FBGN0250844	0	19	10	44	0	33
FBGN0031321	892	792	1019	1060	1564	894
FBGN0025678	13774	14328	15850	12879	18452	11103
FBGN0032894	4	13	4	57	14	14
FBGN0010583	3572	3704	4013	3472	5540	2953
FBGN0284244	3332	4023	4042	2825	4252	2272
FBGN0028938	34	23	66	11	126	63
FBGN0031235	26	34	29	11	24	21
FBGN0031719	1	11	3	10	0	9
FBGN0032618	1109	1036	1185	1164	1840	1031
FBGN0262876	1	4	5	7	0	4
FBGN0032946	26	13	27	8	38	22
FBGN0260407	962	998	784	1244	1732	1329
FBGN0053837	0	7	6	28	32	8
FBGN0031351	587	634	505	778	1267	685
FBGN0062978	15	44	2	21	41	22
FBGN0032638	60	62	16	78	18	48
FBGN0032523	15	2	0	24	6	0
FBGN0260861	476	605	553	732	902	485
FBGN0032845	288	398	379	428	481	406
FBGN0032988	4513	5323	4860	5761	7752	5673
FBGN0032751	829	726	943	951	1356	782
FBGN0054011	2	2	0	22	0	10
FBGN0053635	295	505	481	459	551	385
FBGN0051635	10174	11134	10421	11830	17924	9634
FBGN0032335	53	117	75	154	138	70
FBGN0027348	72	43	59	132	72	75
FBGN0031315	552	765	584	792	967	780
FBGN0032705	3941	4561	4757	4562	6496	4336
FBGN0262598	59	59	67	44	43	61
FBGN0083970	113	161	97	126	221	114
FBGN0032408	3496	4471	4410	4967	6877	4577
FBGN0031653	43	3	16	350	352	491
FBGN0032123	3813	3895	4037	2977	3745	2781
FBGN0264894	1117	1114	961	1341	2012	1202
FBGN0261683	9	2	4	18	0	2
FBGN0032717	14321	15029	13464	13990	20630	13065
FBGN0032444	19771	23052	23498	24866	35586	21887
FBGN0051712	4897	5377	4697	4944	6686	4641
FBGN0086707	16869	19387	17792	19124	27700	18740
FBGN0028879	178	128	74	43	60	39
FBGN0264810	14	9	0	0	1	6
FBGN0031715	29	18	24	0	35	1
FBGN0032721	9623	11517	11140	12172	16886	10593
FBGN0000056	6	14	7	20	0	37
FBGN0031724	23	9	8	15	21	14
FBGN0032966	3	9	2	2	0	3
FBGN0032013	3	8	9	16	1	23
FBGN0032910	429	472	445	693	785	401
FBGN0259713	5	3	2	18	0	4
FBGN0028947	11	10	19	0	9	9
FBGN0032198	16744	20434	17692	19214	25597	16916
FBGN0032382	275	231	379	198	243	143
FBGN0051832	20	12	18	5	46	5
FBGN0085190	3	8	0	0	0	4
FBGN0031264	2033	3503	2376	2975	3003	3332
FBGN0032549	19	27	1	13	1	24
FBGN0085370	4851	6594	6143	6434	8472	5724
FBGN0031925	14	21	10	4	0	42
FBGN0032167	984	994	1475	775	1104	808
FBGN0003979	6	8	16	8	45	5
FBGN0032445	817	801	808	635	1246	673
FBGN0032095	98	52	34	53	48	44
FBGN0040519	0	2	7	0	33	6
FBGN0053883	0	3	3	10	0	13
FBGN0051988	44	10	1	0	0	26
FBGN0031830	2202	2457	2503	2876	3852	2625
FBGN0053824	20	40	10	26	16	12
FBGN0250835	4	5	4	0	0	6
FBGN0032482	1407	1259	1451	1702	2467	1529
FBGN0264979	46	91	6	94	150	121
FBGN0000229	3372	3848	3442	3541	4552	3292
FBGN0031700	6	6	1	7	2	5
FBGN0031707	24	26	15	18	14	39
FBGN0001941	2920	2823	2854	3081	4303	2907
FBGN0051710	1308	1521	1690	1452	1390	970
FBGN0051961	763	919	905	966	1274	972
FBGN0031324	14	2	8	10	28	5
FBGN0051624	24	8	2	3	8	27
FBGN0032514	10687	11977	13016	10858	15752	9260
FBGN0031563	1	7	6	4	34	20
FBGN0261800	33323	35162	37573	32179	47995	27991
FBGN0051898	248	287	358	296	351	349
FBGN0051849	543	474	565	500	855	448
FBGN0053810	1647	2235	1797	3297	4353	2688
FBGN0032609	42	10	12	27	0	35
FBGN0031849	45	55	42	49	55	46
FBGN0053002	1690	1914	1663	1666	2423	1825
FBGN0284255	2279	3038	2920	3749	5066	2780
FBGN0032363	15718	18430	18084	17212	23622	14252
FBGN0028862	26	39	13	34	5	50
FBGN0032957	5478	6497	5913	5681	7626	4889
FBGN0016920	123	72	59	119	58	141
FBGN0000964	29	16	28	12	34	30
FBGN0031406	8	19	35	7	7	4
FBGN0031345	12	3	6	6	0	9
FBGN0032077	193	262	223	352	539	363
FBGN0005590	20	6	4	0	0	23
FBGN0086251	1791	1899	1878	2875	3655	3108
FBGN0031718	33	8	14	18	9	10
FBGN0000307	19323	21369	20580	18480	26449	17177
FBGN0287599	1	2	1	0	0	6
FBGN0032339	1562	1684	2018	1821	3006	1692
FBGN0025742	4183	4301	4907	5770	6759	4324
FBGN0032680	15	44	5	14	0	0
FBGN0261563	7888	9923	8433	8591	11601	7463
FBGN0046113	69	58	45	104	146	76
FBGN0267488	41866	44361	44654	41483	55729	34260
FBGN0031474	2827	3021	3025	3714	4900	2941
FBGN0051735	26	15	28	57	0	29
FBGN0001142	298	517	458	983	1640	913
FBGN0032629	397	615	501	450	516	345
FBGN0261020	1344	1572	1531	1832	2210	1438
FBGN0032424	42	19	18	6	22	14
FBGN0032292	1175	1156	1496	1366	1831	1150
FBGN0261057	1	0	0	1	0	4
FBGN0261822	6943	7791	7083	6578	9508	6004
FBGN0032078	2148	2160	2143	2196	3272	2055
FBGN0031239	1079	1185	956	980	1449	885
FBGN0259922	20	0	0	2	0	7
FBGN0031848	548	658	553	680	1217	592
FBGN0014189	25345	27021	28479	32697	45830	28203
FBGN0010398	721	716	766	924	1059	751
FBGN0027560	51	96	14	102	297	171
FBGN0031868	7494	8570	8203	8585	11326	8027
FBGN0041337	28	26	12	40	15	19
FBGN0031941	14	8	9	8	0	3
FBGN0039958	3361	4204	3736	4029	5194	3808
FBGN0040079	2131	1919	2111	1549	2910	1783
FBGN0031320	494	434	762	2944	4381	2634
FBGN0032519	24	61	48	25	18	36
FBGN0032089	7	12	19	77	42	24
FBGN0260452	5	16	9	13	14	13
FBGN0010300	50242	51339	53513	55096	77872	49276
FBGN0027868	7329	8165	9370	8703	13487	8039
FBGN0003557	7993	8755	9594	8683	12122	6834
FBGN0020376	8	27	19	0	16	8
FBGN0051806	5	7	0	7	4	2
FBGN0002022	10163	11410	12084	9366	14426	9164
FBGN0262601	7200	8969	9230	6835	11591	6739
FBGN0051779	3	8	3	30	0	15
FBGN0032436	16	27	11	44	0	18
FBGN0031367	9	5	14	0	4	21
FBGN0259984	19224	21906	20381	16708	22636	15425
FBGN0262782	5163	5230	5763	5676	8829	5334
FBGN0032689	3933	4141	4320	4364	5467	3341
FBGN0001995	1393	1696	1582	1667	2415	1646
FBGN0051693	42	17	8	17	22	13
FBGN0032488	3635	4518	4248	4839	7052	4122
FBGN0020762	605	807	808	692	730	666
FBGN0032856	412	164	190	301	273	242
FBGN0032750	583	574	740	751	1449	627
FBGN0031774	777	765	1010	979	1754	836
FBGN0032224	1060	1051	908	1506	2287	1412
FBGN0051871	98	38	54	57	127	54
FBGN0027515	2317	2781	2863	2594	2972	1607
FBGN0031869	85	122	86	90	205	86
FBGN0264988	0	0	4	1	7	2
FBGN0031435	514	677	791	633	1088	542
FBGN0261671	23825	28072	25729	27142	36890	22303
FBGN0004838	70139	73518	83353	65058	97885	59483
FBGN0028948	7	7	3	4	9	2
FBGN0032015	4989	6346	5530	4685	6081	4645
FBGN0263842	0	5	3	0	0	0
FBGN0031654	116	43	173	1735	3549	764
FBGN0032478	48	7	18	31	45	42
FBGN0261566	9	5	16	0	0	4
FBGN0031940	23	20	15	30	10	19
FBGN0040993	59	28	66	178	192	182
FBGN0031423	16	24	2	49	0	15
FBGN0031268	1922	2261	2345	2091	2992	2213
FBGN0028878	47	43	33	22	33	55
FBGN0053302	99	68	61	124	96	32
FBGN0003896	1755	2252	2336	2278	2872	1779
FBGN0032624	5	3	6	18	8	12
FBGN0051861	7	0	12	1	17	0
FBGN0053838	0	0	0	34	25	20
FBGN0026395	6	5	6	9	7	7
FBGN0031561	14	1	0	64	123	51
FBGN0032882	3106	3604	3741	3670	4576	2891
FBGN0032688	5294	6072	5783	6014	7676	5428
FBGN0031265	1997	1747	1913	2244	3488	2367
FBGN0001991	200	155	199	167	129	78
FBGN0260486	7278	8965	7553	7793	8742	7194
FBGN0040510	81	66	35	78	12	59
FBGN0031381	281	235	353	555	657	417
FBGN0028540	2842	2846	3036	4269	6112	3714
FBGN0262856	1	6	3	6	0	1
FBGN0032814	2100	2551	2402	2297	3636	2145
FBGN0028645	18	9	6	39	2	14
FBGN0032172	3941	4686	4234	3479	5335	3770
FBGN0031228	1000	1236	1027	1628	1831	1531
FBGN0042127	3063	3396	2951	3243	5515	3381
FBGN0031568	127	69	24	176	36	71
FBGN0003942	90266	106937	117090	104077	152410	86722
FBGN0283427	8031	8149	8735	17510	27941	13106
FBGN0032293	2447	2385	2543	3086	4491	2687
FBGN0032901	3121	3326	2997	3062	3869	2482
FBGN0032513	1261	1596	1331	1829	2676	1315
FBGN0032030	3147	3877	3359	3525	4872	3432
FBGN0032061	35	25	14	28	14	36
FBGN0051897	171	197	99	204	264	257
FBGN0005322	1884	2451	2209	2531	3504	2275
FBGN0053886	1	0	3	0	2	1
FBGN0032076	91	116	117	470	711	300
FBGN0031954	14	6	7	1	28	37
FBGN0003386	60	17	40	36	34	37
FBGN0004242	144	268	102	906	1546	595
FBGN0031270	443	358	374	410	455	486
FBGN0040260	41	9	38	15	19	33
FBGN0032834	1	9	7	0	0	0
FBGN0051706	5	17	5	18	0	17
FBGN0032039	12	38	12	17	9	28
FBGN0053299	37	3	5	5	0	8
FBGN0051660	74	136	116	99	90	118
FBGN0027609	2790	2979	2936	3053	4100	2419
FBGN0031430	5	24	7	2	0	3
FBGN0032665	25	6	13	10	6	5
FBGN0003310	6220	7991	6966	5716	8551	5052
FBGN0031273	293	192	225	162	127	201
FBGN0051813	4	7	17	0	0	0
FBGN0260996	1	7	5	4	0	16
FBGN0003313	8	6	0	8	11	2
FBGN0032216	5408	6489	6181	5738	8158	5022
FBGN0032395	2807	3107	3316	2990	4854	2784
FBGN0264260	3	8	8	1	4	0
FBGN0031407	12	8	1	19	7	3
FBGN0051627	40	52	28	54	126	53
FBGN0040725	20	0	41	8	0	10
FBGN0000146	133	129	86	70	20	80
FBGN0031314	2062	2208	2451	3041	3955	2304
FBGN0002887	3098	3388	2547	3489	4763	3217
FBGN0031664	3439	3676	3695	3964	5968	3521
FBGN0040989	9	0	0	25	0	13
FBGN0031751	19	2	1	5	9	0
FBGN0051639	8	10	3	18	0	2
FBGN0000351	418	293	513	490	991	520
FBGN0031902	930	1346	1323	1196	1813	1103
FBGN0020258	112	96	38	102	178	94
FBGN0031279	45	40	15	19	11	23
FBGN0031626	52	34	18	25	22	33
FBGN0011737	3982	3968	4514	4533	6406	4072
FBGN0017551	2820	3061	3294	3645	5264	2915
FBGN0263598	8262	9317	10100	9143	12302	7806
FBGN0031881	252	362	294	356	453	258
FBGN0051935	1124	1229	1436	1432	2083	1180
FBGN0085210	4	13	1	4	1	18
FBGN0260479	87	62	27	93	212	106
FBGN0261567	7	1	3	2	0	10
FBGN0053533	12	6	4	14	8	8
FBGN0263386	0	0	3	0	0	1
FBGN0051960	115	174	96	39	54	93
FBGN0000120	24	31	7	16	0	17
FBGN0000273	3927	3812	4470	3506	5350	3469
FBGN0267254	4	2	1	0	12	0
FBGN0024244	1522	1958	2102	2190	2965	2008
FBGN0032265	12	10	13	4	0	18
FBGN0260632	6128	6482	5992	6995	9509	5851
FBGN0032040	12	19	2	2	0	21
FBGN0031777	978	1241	920	1210	1861	1169
FBGN0032836	35	24	29	4	32	2
FBGN0040723	39	23	13	46	0	21
FBGN0261509	1524	1971	1710	1346	1549	1414
FBGN0015600	8061	8458	8632	7204	11112	6525
FBGN0053128	64	22	14	112	150	50
FBGN0051664	28	45	5	20	64	25
FBGN0032094	47	1	21	21	34	5
FBGN0026760	17	12	17	15	13	10
FBGN0031454	692	780	982	1334	2012	1168
FBGN0031973	1428	1551	1556	1282	1892	1390
FBGN0028506	3314	3447	2698	3981	4653	3446
FBGN0031323	13	7	0	0	2	0
FBGN0032390	1834	2077	2438	2423	3530	1896
FBGN0085424	38060	41082	43271	40357	56957	35374
FBGN0015791	1594	1973	1909	1455	1878	1619
FBGN0028940	36	16	21	112	156	76
FBGN0000529	66	8	21	37	19	29
FBGN0031500	454	554	543	604	693	372
FBGN0053863	1	1	0	6	0	0
FBGN0032289	32	15	10	1	12	17
FBGN0283682	20650	23173	20939	23056	35181	21174
FBGN0032843	77	125	97	186	234	253
FBGN0267326	1838	1462	2284	2843	3992	2298
FBGN0031856	36	13	26	0	34	39
FBGN0032196	1252	1398	1353	1615	1813	1461
FBGN0250907	89533	112673	95294	77451	95191	75062
FBGN0031974	76	20	79	110	50	71
FBGN0041713	254	394	209	836	910	748
FBGN0051865	2411	2550	2632	2748	3388	1958
FBGN0085477	8	7	21	10	20	6
FBGN0001967	31	45	54	20	16	68
FBGN0001185	2595	3045	2630	3125	3661	2457
FBGN0053872	2	2	6	0	4	2
FBGN0032083	30	35	11	25	21	27
FBGN0032728	1459	1878	1461	1900	2794	1645
FBGN0024846	1499	1478	1852	2277	3476	2073
FBGN0015031	2127	2108	1977	2135	2659	1872
FBGN0015553	1934	2193	2264	1277	2789	1754
FBGN0031759	25111	27779	28391	28004	40803	23593
FBGN0046704	7859	8122	9039	6972	10563	6133
FBGN0259955	9	3	3	0	7	0
FBGN0032726	86	87	67	160	229	153
FBGN0040211	31	23	1	59	60	31
FBGN0051862	8	5	2	0	3	2
FBGN0031732	40	3	14	42	20	23
FBGN0022153	8153	9066	8397	9619	13560	7746
FBGN0046888	28	8	16	0	4	6
FBGN0052829	502	754	547	656	877	653
FBGN0053803	8	5	2	6	0	10
FBGN0040064	5628	6904	7797	6604	9488	5838
FBGN0031305	25	22	5	47	0	19
FBGN0031443	0	1	8	6	0	0
FBGN0032640	7743	9133	8866	10218	16102	8798
FBGN0003980	51	22	30	17	38	57
FBGN0031327	508	687	595	942	1483	821
FBGN0032189	469	497	529	571	701	536
FBGN0031979	311	369	318	323	379	320
FBGN0262960	2	0	2	0	1	4
FBGN0028979	6261	6683	7205	6279	8564	4871
FBGN0032072	7	13	24	32	0	3
FBGN0031229	3659	5158	3986	4620	5618	4182
FBGN0086698	3366	3663	3953	4129	5140	3373
FBGN0031621	8	4	0	2	0	6
FBGN0021874	3473	3817	4002	4807	6046	4522
FBGN0051683	2098	1995	2019	2189	3824	2075
FBGN0032399	88	77	134	130	135	117
FBGN0032851	22	28	2	0	18	9
FBGN0032127	58	25	18	23	14	50
FBGN0067312	9	2	4	0	0	6
FBGN0053890	0	0	0	6	0	0
FBGN0032741	24	13	9	12	37	9
FBGN0026439	32	10	41	57	112	53
FBGN0032429	1766	2226	2135	2229	3616	2336
FBGN0053282	61	35	22	16	18	59
FBGN0032908	211	252	204	120	314	159
FBGN0031526	9	16	0	0	10	2
FBGN0032713	2240	2389	2820	1457	1977	1379
FBGN0032233	122	76	108	140	124	150
FBGN0051752	17	46	12	41	0	38
FBGN0031432	60	25	22	69	186	101
FBGN0032603	38	16	31	55	62	40
FBGN0032934	1675	2145	1945	1780	2733	1345
FBGN0261437	798	1387	1058	1282	1510	1236
FBGN0031681	6385	6784	6851	5150	7848	4593
FBGN0003145	50	40	33	2	31	14
FBGN0027779	3705	4571	4947	4451	6284	3431
FBGN0031643	4406	4965	4720	5226	6997	4199
FBGN0020443	20265	23073	22828	23080	34451	21501
FBGN0053858	62	98	107	154	242	218
FBGN0032345	11	8	8	34	92	75
FBGN0086446	698	943	964	1472	2149	1432
FBGN0259963	2	0	0	11	0	3
FBGN0031401	6265	6501	6789	6125	8269	5487
FBGN0086443	8663	9728	9984	14344	18949	12346
FBGN0031985	5795	7241	7340	7494	9830	5727
FBGN0000308	37697	39833	41025	45499	62400	40954
FBGN0024352	21241	22558	22200	24836	34298	23121
FBGN0051800	1038	1098	1155	1104	1489	1312
FBGN0250837	8667	9030	10463	11233	17338	11385
FBGN0029095	8892	9155	9893	9044	15204	9016
FBGN0266845	0	9	0	0	6	6
FBGN0053640	11	7	8	0	14	3
FBGN0051703	78	55	32	20	40	3
FBGN0032651	33	9	7	16	0	18
FBGN0031604	1713	1804	1930	2607	4064	2448
FBGN0032692	40	19	12	76	0	43
FBGN0032407	2844	3060	3574	2759	3995	2791
FBGN0015299	1050	1264	1068	1355	1995	1245
FBGN0026718	17	8	40	31	36	14
FBGN0032170	4987	4929	5601	5636	7864	4682
FBGN0032204	738	756	781	878	1409	957
FBGN0267486	15	15	36	48	1	44
FBGN0031413	622	606	696	629	764	653
FBGN0032649	43	10	16	25	58	22
FBGN0032055	17	24	13	70	47	34
FBGN0284248	4781	5278	5300	7077	10019	6562
FBGN0028888	123	64	63	85	16	57
FBGN0052988	29	7	26	19	26	6
FBGN0288229	7701	7958	8504	8674	11560	7619
FBGN0031501	6	17	5	4	42	4
FBGN0032305	16892	17471	16855	17037	22958	16078
FBGN0032719	26	29	15	28	32	59
FBGN0032723	17176	18512	16505	6967	9831	5423
FBGN0026196	17822	20755	21950	22004	31370	20176
FBGN0027780	1072	1172	1157	1667	1796	1143
FBGN0027932	117904	132659	131230	127449	184536	116065
FBGN0014092	3139	3564	3351	4047	5674	3238
FBGN0028852	27	13	34	15	2	8
FBGN0053179	47	18	6	2	0	28
FBGN0028515	3729	4843	4176	4466	6333	3701
FBGN0031676	454	457	479	606	738	500
FBGN0032907	976	1001	969	803	832	694
FBGN0287695	36	71	80	72	169	64
FBGN0051928	18	25	4	7	16	10
FBGN0031256	4371	5460	5067	3914	5441	3508
FBGN0031701	4	6	0	24	1	1
FBGN0032268	259	128	150	76	175	112
FBGN0053820	0	0	0	0	0	0
FBGN0040268	3521	3812	3932	4061	7736	3895
FBGN0263996	196	189	111	207	247	141
FBGN0027490	1881	2025	2067	1900	3124	2362
FBGN0053516	27	13	18	27	6	26
FBGN0051778	11	54	28	56	187	74
FBGN0051644	20	0	2	1	1	2
FBGN0040996	3	0	3	18	0	6
FBGN0040973	146	156	50	117	171	112
FBGN0031942	37	18	10	9	28	24
FBGN0031529	2509	2737	3001	3003	3793	2462
FBGN0260439	22230	23523	24233	24503	36240	21694
FBGN0266666	7566	7906	8233	7887	13158	7576
FBGN0031209	76	63	26	71	22	53
FBGN0028700	3445	3350	3721	3638	4488	3108
FBGN0031531	5	3	4	0	1	0
FBGN0004611	4980	5667	5191	5695	7497	4835
FBGN0032456	8814	9465	8705	10899	13979	8671
FBGN0032873	1985	2186	2042	2564	3097	1889
FBGN0053833	2	0	0	0	0	3
FBGN0031905	36	23	11	20	30	32
FBGN0031397	106	100	66	173	150	117
FBGN0032219	23	33	18	41	13	37
FBGN0284223	13	15	11	0	15	10
FBGN0053853	9	0	0	0	9	0
FBGN0264443	649	530	618	397	677	410
FBGN0261790	3010	3475	3221	3257	4922	3467
FBGN0028430	72	51	18	14	160	43
FBGN0053873	0	1	0	5	4	4
FBGN0261055	8	2	0	0	3	2
FBGN0028894	327	476	387	345	520	354
FBGN0053871	0	1	0	5	4	4
FBGN0032243	1186	1436	1263	1384	1619	1284
FBGN0031694	7	34	2	4	21	12
FBGN0031248	64	61	65	48	34	35
FBGN0002563	10659	13634	6766	56022	98340	34990
FBGN0051913	46	76	35	16	40	33
FBGN0010288	4816	5760	5626	6195	7991	5113
FBGN0053296	31	40	34	14	58	25
FBGN0032979	9347	10781	11156	11145	14973	8958
FBGN0032707	31	7	26	0	61	16
FBGN0263355	9274	9010	10175	8532	11339	6915
FBGN0051609	7	3	4	6	0	11
FBGN0032625	11	10	12	9	0	20
FBGN0262857	9	7	4	0	0	0
FBGN0032848	5628	6004	5986	7166	10675	5970
FBGN0031970	28	16	46	1	18	21
FBGN0032291	89	80	84	127	144	109
FBGN0031930	38	16	6	18	52	26
FBGN0053003	78	57	42	38	49	55
FBGN0032229	3295	3847	4042	4959	5480	3611
FBGN0032136	325	252	200	601	380	315
FBGN0032472	22	0	0	0	0	0
FBGN0053117	0	0	0	7	0	1
FBGN0040009	1831	2327	2017	2852	3602	2291
FBGN0032422	65	82	73	187	202	49
FBGN0259683	45	45	44	97	285	258
FBGN0083938	13	60	1	24	48	31
FBGN0032647	54	31	20	64	24	43
FBGN0051901	32	63	133	2	25	120
FBGN0051815	844	999	747	590	806	743
FBGN0031799	7122	7231	7600	7684	10468	6678
FBGN0032360	12	1	7	28	0	6
FBGN0031377	7491	7852	7628	7140	10022	6339
FBGN0032511	738	869	915	734	1402	935
FBGN0053827	20	36	10	26	16	11
FBGN0011239	11	2	9	0	18	3
FBGN0001992	21	18	7	20	41	22
FBGN0032642	441	541	640	627	938	740
FBGN0042133	38	78	28	79	36	37
FBGN0264544	8	0	0	3	44	6
FBGN0032029	1140	1033	1136	1531	1752	1063
FBGN0041247	27	23	49	55	23	23
FBGN0032047	253	191	265	550	534	278
FBGN0031333	14	24	16	10	6	0
FBGN0266363	15	1	6	0	3	0
FBGN0261560	238	317	239	456	735	395
FBGN0026438	79	19	38	44	15	11
FBGN0032075	65	25	10	47	140	61
FBGN0051676	12	8	55	1	9	16
FBGN0040011	6858	8817	7286	8533	11121	7515
FBGN0040099	25	4	37	30	67	74
FBGN0053894	0	0	0	6	0	0
FBGN0016122	109	159	229	229	285	303
FBGN0002543	29671	33928	34529	35204	50504	29503
FBGN0031808	38	35	35	0	15	28
FBGN0032051	4394	5032	5001	5378	8478	5667
FBGN0028853	22	21	0	51	6	25
FBGN0032631	105	57	56	48	10	49
FBGN0031361	403	435	530	654	800	641
FBGN0031455	776	689	846	812	1434	948
FBGN0032965	18	9	14	62	18	21
FBGN0004583	47770	50884	51220	55512	78579	46662
FBGN0031820	23726	26455	25620	24256	33064	22178
FBGN0032729	577	605	618	676	828	604
FBGN0261628	12	17	7	30	20	24
FBGN0031702	70	89	25	12	90	59
FBGN0031548	54	20	21	49	0	42
FBGN0031765	36	37	48	32	23	55
FBGN0053309	60	22	4	6	6	15
FBGN0051974	36	28	9	4	36	21
FBGN0026398	33	3	13	33	2	6
FBGN0051956	14	22	15	33	48	11
FBGN0262356	4	1	10	7	0	1
FBGN0260954	764	1392	425	5355	10027	3881
FBGN0283442	70	46	16	32	52	64
FBGN0032524	795	785	806	884	1719	990
FBGN0032596	3953	5188	4298	4202	5256	3647
FBGN0021944	2468	2814	2676	2692	4336	2787
FBGN0051742	128	69	53	24	8	8
FBGN0259896	265	289	209	140	306	202
FBGN0031873	761	1107	1035	1256	1282	877
FBGN0043362	3816	4122	4476	3406	4915	2812
FBGN0053829	0	0	0	0	0	0
FBGN0032209	15	12	39	0	15	26
FBGN0031245	2018	2277	2474	1373	2590	1636
FBGN0026319	814	1146	1104	819	1255	953
FBGN0032387	42	32	16	20	27	36
FBGN0031824	333	494	532	1035	1422	703
FBGN0015521	16628	18841	19394	30292	40838	24652
FBGN0031535	1110	1285	1325	1056	1403	959
FBGN0032228	8	35	32	112	67	39
FBGN0023416	781	732	859	1096	1764	1012
FBGN0000251	29	21	2	32	18	35
FBGN0032125	0	17	6	13	1	13
FBGN0053878	0	0	0	0	0	0
FBGN0032188	46	10	12	14	16	3
FBGN0010309	1627	1877	1944	1839	2220	1577
FBGN0032972	3	11	2	7	0	25
FBGN0032264	60	36	36	56	46	44
FBGN0020305	2971	3556	3522	3907	5696	3530
FBGN0284220	63646	70678	70055	72783	107937	64216
FBGN0032684	66	73	28	90	218	53
FBGN0027070	27	25	22	32	27	22
FBGN0031467	27	4	4	4	34	16
FBGN0001987	16771	19370	19704	14348	19033	13123
FBGN0261648	29793	33106	32708	26325	42395	23964
FBGN0032538	2921	2743	2999	7595	8982	6684
FBGN0023496	19	12	8	55	71	53
FBGN0031646	86	26	19	19	105	6
FBGN0032105	5496	5568	6914	5334	8198	4850
FBGN0032811	282	344	253	292	457	264
FBGN0010407	104	45	53	60	130	80
FBGN0287596	7	0	22	4	17	8
FBGN0032484	62	27	20	6	78	55
FBGN0031851	2218	2760	2798	2972	3761	2779
FBGN0028412	3	31	17	11	0	22
FBGN0262875	0	0	0	0	6	0
FBGN0031479	1194	1392	1177	2227	2747	1859
FBGN0032415	23	10	9	14	11	8
FBGN0259959	7	3	6	6	9	4
FBGN0015663	346	526	446	784	818	598
FBGN0032733	40	18	20	52	66	46
FBGN0031214	313	261	309	479	518	500
FBGN0031620	26	29	3	12	11	22
FBGN0028572	103	39	77	59	88	45
FBGN0011638	19285	21052	23524	21470	33075	20240
FBGN0001137	38	59	56	52	50	60
FBGN0031512	2	19	0	11	8	1
FBGN0000442	53	13	37	47	117	6
FBGN0263873	7096	8904	8188	8508	11727	7627
FBGN0032613	60	18	52	18	16	68
FBGN0032535	93	69	82	34	99	58
FBGN0015777	9713	11451	10958	7812	11088	6958
FBGN0032768	8	4	15	0	7	31
FBGN0031518	65	92	64	35	24	48
FBGN0004837	2281	2538	2376	2421	3490	1935
FBGN0031733	32	17	21	19	16	28
FBGN0086265	71	52	78	8	55	62
FBGN0032362	66	61	29	220	210	41
FBGN0028513	52	42	17	34	34	34
FBGN0031815	1212	1639	1610	1661	2388	1381
FBGN0031998	222	230	219	109	192	61
FBGN0028523	99	147	189	108	263	113
FBGN0031391	1060	1531	1459	1906	2260	1337
FBGN0003346	13086	15583	14374	15977	23660	15248
FBGN0027496	2760	3258	3747	3152	4193	2996
FBGN0052986	18	3	3	49	10	0
FBGN0028856	20	1	13	6	7	14
FBGN0260955	10	8	0	3	0	4
FBGN0031410	13	13	9	1	14	18
FBGN0263038	1242	1280	1075	1707	2180	1421
FBGN0042186	3	15	4	8	0	20
FBGN0032793	571	735	758	927	1273	924
FBGN0021800	1426	1376	1527	1197	1305	1008
FBGN0032643	16332	18057	19039	13717	22765	14376
FBGN0053812	6	17	4	7	0	17
FBGN0261458	14582	17280	16658	18813	25227	14741
FBGN0032197	3578	4480	3866	4100	5116	3994
FBGN0031219	8	5	0	0	16	12
FBGN0031600	680	895	854	1127	1079	879
FBGN0032754	76	18	4	39	35	50
FBGN0032494	24	0	15	2	10	12
FBGN0031372	36	18	10	0	22	10
FBGN0045501	19	4	8	15	0	20
FBGN0263027	145	138	91	74	167	100
FBGN0053806	8	16	2	1	0	21
FBGN0031504	16	13	20	0	8	23
FBGN0086451	10810	12405	13241	14052	19242	12254
FBGN0051697	87	162	128	113	148	92
FBGN0053856	9	0	0	0	9	0
FBGN0026373	2836	3647	3928	3607	5759	3517
FBGN0027550	25	13	58	29	26	28
FBGN0000114	75	65	66	51	99	105
FBGN0031559	10	3	2	24	45	1
FBGN0032200	3751	4123	3641	3228	4923	4089
FBGN0031909	2085	2348	2289	2570	3117	2109
FBGN0261278	15330	17700	18651	17693	25038	16133
FBGN0032130	575	785	728	616	1414	918
FBGN0028945	16	4	10	21	24	25
FBGN0032911	39	52	45	20	24	108
FBGN0039972	258	184	196	206	410	234
FBGN0010473	15932	16436	16908	13636	19644	12308
FBGN0262467	1372	1439	1314	1478	2310	1436
FBGN0026390	21	31	7	44	9	20
FBGN0031585	21	11	24	32	18	54
FBGN0000370	32297	37632	35816	42987	61060	39697
FBGN0031860	13	15	3	14	17	24
FBGN0015609	5751	7608	7163	7744	10686	7210
FBGN0031652	233	298	344	349	406	329
FBGN0040228	471	455	538	502	737	578
FBGN0028530	820	704	1069	892	1808	1030
FBGN0032223	5542	6236	5980	5738	7181	5427
FBGN0259952	5	0	1	5	3	0
FBGN0032008	6	4	0	2	11	8
FBGN0032401	318	352	481	421	547	366
FBGN0032120	14396	15487	15659	12404	18429	10846
FBGN0031434	1065	1181	1271	1232	1836	1177
FBGN0262018	106	69	63	102	78	49
FBGN0051759	804	857	734	1051	1619	975
FBGN0027509	6124	6734	6857	7395	10022	6650
FBGN0020304	7343	7920	8359	7378	11613	6530
FBGN0011708	3837	4152	4310	4999	6343	4092
FBGN0032214	3210	3324	3880	3748	5526	3427
FBGN0024285	12643	13965	14282	14749	19818	12898
FBGN0051677	16	9	2	7	11	26
FBGN0283728	24	14	12	0	0	0
FBGN0000339	1234	1160	1253	1582	1872	1477
FBGN0260454	14	8	33	10	5	22
FBGN0266364	11	5	2	0	8	6
FBGN0028965	3474	3737	3331	3235	5324	3639
FBGN0263235	30	10	17	30	17	0
FBGN0032132	3954	4531	4353	2451	3521	2133
FBGN0031734	96	100	70	211	353	192
FBGN0031782	1659	1902	2027	2290	3294	2240
FBGN0032536	45	79	18	28	40	63
FBGN0031426	95	102	42	48	48	30
FBGN0010382	5374	5782	6080	7773	10421	6551
FBGN0261938	2687	3169	3160	3427	4389	2482
FBGN0051741	28	22	39	0	20	25
FBGN0051665	26	57	40	45	52	53
FBGN0032116	94	89	69	142	164	82
FBGN0032057	55	26	17	41	75	31
FBGN0031418	2393	2923	2709	3866	5007	3132
FBGN0266459	8	4	1	0	1	0
FBGN0032393	2756	3461	3713	3699	5373	3330
FBGN0032368	25	7	12	0	24	8
FBGN0051636	28	33	6	3	53	16
FBGN0031473	24	29	55	0	10	35
FBGN0284224	2	3	0	0	0	4
FBGN0263971	5	1	23	0	16	5
FBGN0264494	211	277	129	239	488	210
FBGN0031301	23	50	24	83	58	13
FBGN0054010	18	17	14	14	30	36
FBGN0086909	824	871	892	994	1904	1020
FBGN0032658	165	19	22	22	32	28
FBGN0032414	16948	19437	17954	17656	23455	16580
FBGN0032475	13286	13854	14585	15126	21152	13221
FBGN0016926	1734	1993	2100	1631	2432	1553
FBGN0031802	37	34	13	17	13	29
FBGN0053301	6	5	7	3	30	2
FBGN0031255	121	166	193	225	521	254
FBGN0031668	1685	1962	2300	2330	3614	2058
FBGN0032935	480	468	408	442	702	364
FBGN0045485	36	12	4	7	6	27
FBGN0045498	62	24	7	0	21	24
FBGN0032162	238	400	329	436	501	413
FBGN0053877	0	0	0	0	0	0
FBGN0015380	12347	12611	13302	12456	17036	9701
FBGN0015776	3331	4230	3686	2971	3809	3001
FBGN0002985	1411	1277	1533	1476	2179	1464
FBGN0031574	3625	3369	3536	4052	6111	3847
FBGN0031550	24	36	5	7	17	29
FBGN0264695	1993	1629	999	9010	14823	8186
FBGN0263852	2410	2971	2496	2682	3774	2389
FBGN0032921	456	484	555	523	1065	566
FBGN0032400	6213	8771	6706	5568	8002	5357
FBGN0026756	38	11	30	15	0	4
FBGN0053995	1758	2266	2618	2257	2790	1980
FBGN0032450	1876	2151	2257	2096	3258	1823
FBGN0032803	1036	1527	1410	1047	1512	1058
FBGN0051803	32	14	17	6	26	26
FBGN0027491	73	53	6	77	89	41
FBGN0261266	284	265	338	523	896	544
FBGN0266670	3047	3084	3570	3874	5303	2823
FBGN0005779	62	7	7	2	42	17
FBGN0028942	10	6	0	4	0	7
FBGN0031871	1515	1764	1387	2192	2547	2027
FBGN0032815	3099	3448	3132	3403	5265	2800
FBGN0031395	1732	2017	1974	1932	2673	1845
FBGN0053821	20	40	10	26	16	9
FBGN0051674	39	52	26	36	13	36
FBGN0053828	27	9	22	5	55	42
FBGN0032913	35	13	6	23	92	64
FBGN0031514	57	55	19	8	30	37
FBGN0261268	10885	11302	11779	11519	15656	10713
FBGN0032314	28	41	22	28	0	61
FBGN0028539	10720	12817	12815	11127	14268	9481
FBGN0032025	267	226	236	295	393	204
FBGN0031670	4504	4538	4738	4883	6934	4509
FBGN0000636	43939	47012	49204	47561	64191	42941
FBGN0265263	0	11	0	10	4	1
FBGN0020445	1246	1413	1118	828	658	913
FBGN0032813	41	90	39	77	88	123
FBGN0250834	3	15	0	11	0	5
FBGN0031897	2009	2669	2509	1879	2860	1724
FBGN0032369	64	36	55	44	40	47
FBGN0053922	5	5	0	0	3	4
FBGN0016919	94	37	34	39	39	44
FBGN0031560	16	16	6	34	142	12
FBGN0041249	28	10	5	36	1	6
FBGN0032507	19	4	33	36	5	28
FBGN0020414	152	173	73	218	382	318
FBGN0032748	8641	8775	9388	10135	14283	9405
FBGN0031542	90	104	132	161	199	184
FBGN0263846	144	149	87	94	91	139
FBGN0043825	1	4	8	21	10	9
FBGN0031657	1795	2012	2119	2977	3313	1960
FBGN0026778	478	457	698	673	1037	500
FBGN0032633	3298	4014	3862	3620	5206	2544
FBGN0031689	150	90	69	246	403	163
FBGN0028543	105	100	56	554	809	198
FBGN0031441	8	7	5	6	20	10
FBGN0041004	3150	3316	3138	4234	4879	3181
FBGN0259961	8	10	0	24	0	2
FBGN0260011	15	4	21	24	7	18
FBGN0016977	186850	210089	189282	173679	246104	153062
FBGN0031213	2529	2935	2601	2866	4066	2638
FBGN0032218	124	110	148	234	158	234
FBGN0086444	3990	4085	4432	4582	7039	4286
FBGN0032820	2495	2939	2904	2168	3083	2011
FBGN0031266	12422	14531	15113	14628	21517	13421
FBGN0083141	34	25	11	19	0	7
FBGN0028847	63	3	22	0	32	12
FBGN0085205	20	8	12	54	3	35
FBGN0032763	637	709	780	732	1118	558
FBGN0031822	1318	1564	1776	2215	3283	1564
FBGN0002973	8845	9685	9934	10609	14219	8802
FBGN0028844	12	1	2	31	8	4
FBGN0032210	2190	2478	2022	2136	2718	1811
FBGN0032598	26	32	16	13	24	68
FBGN0000318	5169	5785	5196	4866	7181	5193
FBGN0259964	5	2	4	0	17	4
FBGN0000287	19842	21520	22629	19010	28820	17177
FBGN0031904	2921	3404	2982	2698	4237	3084
FBGN0041245	29	5	14	8	14	6
FBGN0011722	955	1148	802	2345	3471	2035
FBGN0267964	38	57	50	70	44	50
FBGN0051821	9	17	8	0	11	38
FBGN0025684	1049	1214	1158	1337	1439	903
FBGN0031726	44	17	7	4	24	26
FBGN0032551	11	19	15	0	2	12
FBGN0264253	9	25	5	2	13	4
FBGN0259818	1073	1020	1172	1106	1361	829
FBGN0031491	698	888	876	1021	1727	796
FBGN0026379	3137	3468	3193	3434	3926	3352
FBGN0051709	4	1	18	5	9	13
FBGN0031549	6208	7020	6985	7552	10287	6787
FBGN0260428	9	3	0	0	37	0
FBGN0001075	99751	110144	110352	120653	176275	100690
FBGN0287720	43543	46534	49281	51186	74074	45862
FBGN0031987	782	731	1039	1217	1270	1100
FBGN0028943	92	139	146	131	137	127
FBGN0250867	3180	3863	3753	2729	3987	2318
FBGN0032377	66	92	72	64	193	72
FBGN0031945	25	11	24	14	10	25
FBGN0003448	31	52	14	16	43	80
FBGN0045842	1903	2116	2190	1007	1030	883
FBGN0027949	5810	6442	7099	5741	8465	5605
FBGN0051858	104	215	178	131	220	81
FBGN0000299	8163	9182	10463	11021	19176	9776
FBGN0040297	1085	1489	1361	1043	1420	1202
FBGN0010395	14	80	50	51	62	53
FBGN0260750	1374	1577	1621	1575	1929	1310
FBGN0032924	2669	3147	3229	3750	4532	2900
FBGN0043364	2588	2329	2451	3862	5098	3406
FBGN0032163	34	3	46	22	16	7
FBGN0031977	1755	2677	1787	2450	3554	1975
FBGN0051864	1487	1605	1674	2335	2340	2041
FBGN0053875	0	0	0	0	0	1
FBGN0051875	14	24	73	42	100	38
FBGN0032517	3941	4439	4275	5084	7352	4148
FBGN0032455	10056	10729	10744	10701	15638	9535
FBGN0032840	53	22	11	8	38	49
FBGN0266491	15	3	1	37	64	25
FBGN0001114	1401	1578	1068	2254	2530	2061
FBGN0032261	879	1100	974	1682	2067	1293
FBGN0260451	7	0	9	26	4	2
FBGN0031948	60	24	13	16	37	78
FBGN0000422	174	381	141	64	115	65
FBGN0053679	5	9	13	13	0	7
FBGN0032184	21	5	7	1	17	6
FBGN0015583	7	0	6	4	0	12
FBGN0031635	1596	1948	1883	1706	2115	1678
FBGN0032124	53	22	28	15	36	52
FBGN0028855	494	835	556	503	533	520
FBGN0013746	6939	7977	7405	7771	10882	7335
FBGN0001965	12521	12828	13445	13372	19157	11272
FBGN0028531	215	227	113	303	314	181
FBGN0031695	51	21	1	44	0	28
FBGN0031698	34414	37451	36806	35148	51068	28428
FBGN0028916	1673	1738	1769	1743	2394	1436
FBGN0051827	10	16	13	35	0	0
FBGN0032746	1535	1757	1778	1848	2351	2006
FBGN0032476	1522	1542	1613	1944	2547	1455
FBGN0031632	949	1148	989	826	1165	702
FBGN0013301	9	7	10	3	0	3
FBGN0032693	1763	1746	1951	2621	3869	2672
FBGN0261514	71	43	12	32	42	59
FBGN0032772	0	10	2	16	1	27
FBGN0053645	6	1	1	8	24	2
FBGN0032487	1178	1351	1455	1817	1944	1653
FBGN0015271	1614	1799	1899	2093	3373	1848
FBGN0002121	26615	30280	27201	29252	39358	26221
FBGN0262000	71	49	46	46	16	28
FBGN0002031	9714	9439	10676	11014	16669	8926
FBGN0266450	19013	17687	19609	18367	26243	16458
FBGN0032895	61	25	62	26	48	20
FBGN0051909	7	13	2	2	1	5
FBGN0250841	4	8	9	18	0	2
FBGN0028394	1119	1207	1280	1002	1284	1061
FBGN0264556	81	136	127	56	83	58
FBGN0011559	94	6	23	43	20	26
FBGN0032698	1299	1306	1304	1587	2199	1323
FBGN0003983	11	31	8	16	0	1
FBGN0032914	3	9	12	51	72	26
FBGN0000721	8428	9102	9446	9581	12888	7547
FBGN0031627	17	19	42	17	36	30
FBGN0264296	5	7	0	1	0	0
FBGN0031493	8441	9323	9501	9838	13834	9849
FBGN0260749	6349	7266	7173	6576	8838	6017
FBGN0045852	127	76	58	126	104	137
FBGN0032819	1829	2057	2201	2009	3796	2054
FBGN0031449	80	59	70	75	73	99
FBGN0053804	1139	1802	1313	2268	3049	1880
FBGN0032286	78	22	70	104	89	121
FBGN0032949	8760	10672	9163	10550	13222	8989
FBGN0032409	1851	2387	2103	1877	2454	1895
FBGN0031399	2921	2757	3057	2999	4369	2858
FBGN0053643	7	8	8	3	0	0
FBGN0032785	54	47	59	111	207	194
FBGN0085198	11	3	2	0	7	1
FBGN0032365	6	4	3	18	12	0
FBGN0028554	6044	6592	6710	5794	8461	5333
FBGN0020616	7231	7903	8196	8977	12769	7462
FBGN0032144	9	12	15	65	40	56
FBGN0031693	132	56	90	191	104	59
FBGN0028517	10	16	13	35	0	0
FBGN0260000	2	4	6	2	8	10
FBGN0028931	527	450	631	797	958	425
FBGN0000559	315227	342760	377081	307934	436899	263906
FBGN0031762	94	67	92	26	45	90
FBGN0053904	1	0	0	1	3	7
FBGN0024227	3661	4059	4223	4207	6795	3247
FBGN0266449	4706	5157	4911	5665	7531	4610
FBGN0263206	29	27	22	7	0	8
FBGN0051680	5	0	5	1	0	5
FBGN0086445	909	785	1079	1396	1641	1087
FBGN0031232	39	14	15	14	8	47
FBGN0051804	21	0	16	4	0	0
FBGN0051715	1496	2151	1423	1703	2233	1929
FBGN0000228	5041	5374	5878	5908	7264	4390
FBGN0032236	1756	2138	1752	2518	3049	2305
FBGN0031875	2231	2713	2442	2569	4113	2453
FBGN0260648	1156	1343	1475	1564	2601	1520
FBGN0284256	11141	12785	13548	13387	19170	11793
FBGN0261992	3	0	8	2	3	0
FBGN0032405	181	142	135	190	288	195
FBGN0004374	3685	4142	4399	5121	6898	4275
FBGN0032720	650	696	648	580	1259	670
FBGN0028936	1	17	14	54	36	31
FBGN0032115	9	1	3	3	2	4
FBGN0031546	20	30	32	119	41	47
FBGN0061209	1	3	0	7	0	1
FBGN0051872	87	32	51	33	106	32
FBGN0053896	1	3	0	7	0	0
FBGN0020622	4894	5654	5957	4426	7502	4714
FBGN0031650	14	24	1	31	7	23
FBGN0051805	31	33	11	10	14	33
FBGN0032652	36	15	6	31	78	59
FBGN0031818	2466	2527	2671	2772	3261	2494
FBGN0032477	338	407	444	638	717	485
FBGN0053859	9	0	0	0	9	0
FBGN0262359	5	12	1	2	0	1
FBGN0262150	14	15	4	3	0	0
FBGN0026755	25	45	29	5	7	16
FBGN0086758	2256	1651	1743	4736	7494	4113
FBGN0003087	1917	2056	1799	1720	2328	1492
FBGN0032034	678	878	904	745	1318	714
FBGN0266557	264548	288640	266651	266659	375189	230102
FBGN0032883	3099	3342	3125	3369	4965	3186
FBGN0031739	1054	784	907	726	1915	891
FBGN0028880	3	6	0	0	0	5
FBGN0031659	2160	2362	2331	2420	3264	2306
FBGN0051681	2	0	31	0	0	12
FBGN0054049	10	13	5	0	14	2
FBGN0053322	38	15	36	16	10	24
FBGN0287630	15	8	37	20	3	25
FBGN0044323	12467	12610	14285	10685	16128	10225
FBGN0031417	19	6	18	39	58	60
FBGN0283467	1822	2104	1923	2264	3241	2229
FBGN0032916	2310	2651	3240	2053	2715	1928
FBGN0031459	4572	4892	5309	5019	7467	4833
FBGN0010100	21671	24300	25803	27059	37101	22981
FBGN0259712	30	31	30	45	58	71
FBGN0031801	18	5	3	31	0	30
FBGN0031887	19	28	13	24	17	10
FBGN0001084	891	1135	889	1271	1823	1200
FBGN0084001	5	15	18	11	12	0
FBGN0001174	19	0	0	0	0	7
FBGN0028868	27	14	5	43	20	51
FBGN0260639	5608	6282	6669	7366	10173	5700
FBGN0032827	58	27	21	24	45	92
FBGN0053902	1	4	0	2	0	1
FBGN0031708	1190	1162	1235	1535	2139	1506
FBGN0053825	35	9	22	5	55	42
FBGN0053306	8	23	24	42	128	7
FBGN0045497	13	20	14	2	11	50
FBGN0015391	19578	21115	20381	21666	33031	18773
FBGN0032847	1180	1287	1168	1250	1837	858
FBGN0028872	82	37	54	14	43	44
FBGN0003716	24129	26686	27703	26560	35844	23063
FBGN0040096	21	2	2	11	0	6
FBGN0032783	619	553	619	557	766	476
FBGN0003231	5997	6063	6465	6132	7982	4656
FBGN0051787	10	0	6	8	6	26
FBGN0085380	27	3	8	17	0	30
FBGN0032430	2141	2543	2269	2885	4252	2553
FBGN0086442	4051	4324	4594	4293	6144	3788
FBGN0003941	48322	52079	56557	54197	75672	49201
FBGN0032354	1060	1135	1147	1432	2087	1113
FBGN0262160	14787	15151	17781	17833	28068	14001
FBGN0000490	4508	5048	5336	4910	6963	4454
FBGN0031579	0	2	5	38	2	7
FBGN0053910	0	3	0	6	0	1
FBGN0051678	5519	6400	6058	5512	7797	4434
FBGN0051769	20	16	10	59	60	39
FBGN0014396	82	100	54	188	68	23
FBGN0085201	6	1	0	5	0	6
FBGN0031722	12	10	7	2	0	3
FBGN0284253	7741	9480	9134	9934	12567	8023
FBGN0032967	67	18	22	41	47	42
FBGN0031683	1198	921	1229	1314	1652	1162
FBGN0032058	34	25	10	39	35	60
FBGN0031452	3436	3440	3405	3285	5610	3166
FBGN0031285	3691	3731	4456	3769	5207	3183
FBGN0051869	3487	3944	4122	4116	5250	3890
FBGN0011283	7	5	1	4	16	6
FBGN0051952	7	2	9	23	0	17
FBGN0031456	2751	3136	3177	3151	4742	2764
FBGN0032886	1310	1209	1382	1181	1825	1147
FBGN0032804	3	33	2	24	0	1
FBGN0086357	22168	25310	27224	21253	26462	17732
FBGN0041184	4740	5029	5987	5480	8723	4878
FBGN0031959	1570	2362	1830	1607	2369	1441
FBGN0032727	252	247	262	456	664	243
FBGN0031651	1614	1497	1645	1937	3098	1638
FBGN0259982	538	772	612	706	898	749
FBGN0031437	3485	3378	3633	3355	4722	3343
FBGN0051882	20	0	0	18	0	3
FBGN0042187	6	5	25	7	14	10
FBGN0266163	6	0	6	4	0	0
FBGN0040098	11	6	6	0	0	0
FBGN0028406	1020	1535	1512	1503	2140	1375
FBGN0029123	215	77	111	142	145	114
FBGN0032938	7413	7860	8352	8093	11254	6902
FBGN0031861	19	28	29	5	0	0
FBGN0032968	12	8	2	0	0	10
FBGN0031276	9	1	37	7	0	9
FBGN0015905	2349	2708	2598	3159	4845	2960
FBGN0051721	1726	2133	1998	1728	2182	1214
FBGN0283531	8607	9271	9448	9748	14558	8214
FBGN0031950	3029	3540	3431	2789	3983	2945
FBGN0031888	942	1299	998	1226	1331	1097
FBGN0014859	98	74	120	169	153	123
FBGN0011584	4354	5263	4707	4337	6600	4275
FBGN0031247	656	872	784	1234	1397	900
FBGN0250826	68	103	43	90	84	65
FBGN0001986	5292	6367	6168	7257	9703	6348
FBGN0259714	67	51	76	130	220	119
FBGN0031832	3022	3937	3345	3531	5175	3104
FBGN0264344	0	7	5	4	0	5
FBGN0010197	60	73	79	182	43	52
FBGN0027074	18	23	17	14	8	64
FBGN0261806	3	5	0	24	0	13
FBGN0263050	1332	1167	1480	1410	1764	1619
FBGN0032085	5	4	1	4	1	10
FBGN0043841	1993	2246	2408	1236	2119	1377
FBGN0031976	83	88	116	280	240	157
FBGN0032744	554	749	575	567	871	592
FBGN0031723	38	7	21	6	4	6
FBGN0031746	17	0	7	3	13	11
FBGN0031688	155	196	221	237	241	146
FBGN0027052	1738	1937	2180	2759	3152	2197
FBGN0267972	1330	1636	1551	1709	2776	1481
FBGN0040985	843	1211	1077	1174	2012	1132
FBGN0015546	5044	5725	6126	5325	8041	5007
FBGN0031878	11683	12290	12250	14440	20941	12734
FBGN0053823	0	0	0	0	0	0
FBGN0032636	20	9	2	26	6	31
FBGN0010314	1695	1721	1880	2890	3509	1940
FBGN0032602	10	19	5	0	21	32
FBGN0032082	65	17	24	28	10	30
FBGN0086673	1130	1165	1391	1222	1490	987
FBGN0032870	899	1094	1044	1322	1509	935
FBGN0031356	3329	3815	3820	4489	5915	3774
FBGN0262036	18	19	3	0	33	10
FBGN0031760	870	1171	1173	901	1007	756
FBGN0028919	1062	1162	1315	1323	1550	1336
FBGN0005278	17422	18246	19381	22700	29566	17894
FBGN0032663	17	8	8	22	17	19
FBGN0042125	3545	3897	3758	4065	6806	4117
FBGN0053843	0	7	6	28	32	8
FBGN0265578	186	188	148	159	232	123
FBGN0010453	699	806	551	419	349	324
FBGN0031516	1029	1265	1613	1186	1693	1013
FBGN0040104	18	16	1	0	42	3
FBGN0285971	1528	1624	1648	2002	2798	1661
FBGN0004177	22677	24630	25479	27219	37329	21013
FBGN0053847	0	0	0	0	0	0
FBGN0259962	1	2	0	20	0	9
FBGN0031240	23	17	57	33	0	38
FBGN0031393	104	123	78	85	154	105
FBGN0045827	13	14	18	0	3	9
FBGN0265349	3	1	3	0	0	1
FBGN0028520	19	13	0	5	0	10
FBGN0028514	107	56	15	94	46	42
FBGN0042189	12	15	11	0	2	3
FBGN0262126	20251	21429	22709	21269	27494	17289
FBGN0032433	105	67	58	36	73	81
FBGN0031803	0	44	23	19	36	16
FBGN0031914	419	545	682	541	604	494
FBGN0053880	0	0	0	0	0	0
FBGN0031886	1335	1473	1360	2017	2648	1741
FBGN0051957	440	524	382	735	958	567
FBGN0032248	1937	2329	2393	3092	4556	2464
FBGN0032897	132	82	138	616	899	546
FBGN0051812	168	255	237	322	435	301
FBGN0022893	89902	103039	99841	113904	162762	100014
FBGN0031528	44	22	30	25	94	32
FBGN0051784	34	23	14	24	0	17
FBGN0046302	44	39	72	95	50	80
FBGN0086266	7	20	5	4	0	0
FBGN0010520	826	1088	946	867	1332	1024
FBGN0019982	832	999	1048	1245	1486	984
FBGN0031607	2147	2274	3124	2678	4017	2283
FBGN0028509	2942	3226	2972	2863	3932	2829
FBGN0001983	46	62	38	26	80	40
FBGN0031364	30	5	3	34	30	0
FBGN0085211	5	8	18	10	5	2
FBGN0032480	2962	3634	3495	3281	4759	2505
FBGN0262017	0	2	10	3	9	0
FBGN0032810	18	14	13	18	0	7
FBGN0052983	33	4	0	3	1	16
FBGN0003444	6967	8956	8375	6966	10044	6575
FBGN0032505	15	6	0	22	0	27
FBGN0028935	4	8	20	29	46	14
FBGN0053887	0	0	0	0	0	0
FBGN0051619	92	115	44	32	46	99
FBGN0015376	2577	2894	2513	3569	4337	2570
FBGN0031811	1	6	0	12	0	7
FBGN0003278	4281	5557	4962	6380	8975	6021
FBGN0004914	3482	4055	3525	3378	5263	3263
FBGN0051954	23	12	1	33	20	12
FBGN0032090	21	10	25	0	0	0
FBGN0031640	1534	1769	1878	2098	2895	1804
FBGN0261534	275	283	306	397	635	290
FBGN0032499	2027	1918	2059	2245	2887	1557
FBGN0051907	10	14	11	0	0	23
FBGN0031763	17	41	23	21	24	25
FBGN0032191	1725	2035	2182	2319	3229	2131
FBGN0011232	2394	2467	2561	3005	4224	2437
FBGN0014454	61	21	14	26	22	20
FBGN0032922	414	466	541	344	501	292
FBGN0051826	16	15	3	0	16	2
FBGN0051755	482	581	583	574	797	470
FBGN0032251	462	519	507	600	1041	671
FBGN0031589	1288	1724	1584	1330	1786	1034
FBGN0022213	18358	21186	19921	20198	29392	17719
FBGN0040262	38	9	16	43	19	62
FBGN0015000	1411	1893	1669	1961	2645	1873
FBGN0259192	84	61	49	12	102	64
FBGN0053901	20	14	7	16	0	7
FBGN0262475	545	499	455	599	649	338
FBGN0053836	0	0	0	0	0	0
FBGN0013300	2	15	6	3	0	7
FBGN0284225	194	110	92	82	173	137
FBGN0032869	48	88	40	238	185	147
FBGN0031893	2604	3482	3142	3707	5269	3560
FBGN0031227	840	1251	981	1211	1829	1236
FBGN0031800	28	7	22	33	38	18
FBGN0042627	125	126	71	189	333	133
FBGN0010287	646	721	1020	931	1324	709
FBGN0032139	37	33	9	4	0	27
FBGN0032258	2526	3125	3164	3650	4559	2951
FBGN0031312	1614	1837	2159	1960	2836	1891
FBGN0031263	2202	2306	2582	3217	4731	2884
FBGN0031908	327	220	209	861	1282	846
FBGN0031675	239	315	303	268	365	139
FBGN0032287	27	52	22	110	324	114
FBGN0032049	57	8	2	26	33	24
FBGN0085396	65	11	18	36	24	8
FBGN0053848	0	0	0	0	0	0
FBGN0053839	0	0	0	0	0	0
FBGN0015664	8984	9512	10699	11314	15902	9656
FBGN0015399	6998	8086	8714	6897	10112	6067
FBGN0031896	2732	3357	3218	2781	3761	2791
FBGN0259956	9	2	3	0	0	0
FBGN0032208	37306	42366	40675	38160	53474	34831
FBGN0031835	90	62	57	108	26	47
FBGN0032702	2184	2281	2446	2442	3641	1908
FBGN0032298	1903	2324	2642	3210	4613	2709
FBGN0259230	7	0	7	15	28	29
FBGN0032143	24	12	0	8	4	29
FBGN0015623	7655	8160	9064	8293	12020	6910
FBGN0031357	981	983	1084	1443	1670	1095
FBGN0267378	5825	6082	5586	6033	8595	5568
FBGN0031677	10	39	23	30	76	53
FBGN0032088	14	10	1	4	0	21
FBGN0032256	1468	1204	1239	1494	2083	1411
FBGN0032585	18	20	16	16	24	47
FBGN0045487	54	12	9	32	10	10
FBGN0261608	33806	43653	42416	39949	56529	33759
FBGN0031805	38	58	28	73	9	65
FBGN0053885	0	0	0	0	0	0
FBGN0041246	23	22	9	10	7	18
FBGN0032637	36	39	36	31	3	25
FBGN0031365	13	2	21	0	37	8
FBGN0004892	3656	4910	4942	4277	6908	4088
FBGN0031883	11913	12030	13384	12375	18688	11675
FBGN0040959	16	16	19	32	17	34
FBGN0053879	0	0	0	0	0	0
FBGN0032001	254	263	258	307	310	270
FBGN0028949	12	13	10	12	0	9
FBGN0032656	7147	7751	7412	7720	10949	6986
FBGN0051717	324	448	457	352	724	380
FBGN0263982	4	2	3	0	0	0
FBGN0000406	31	34	22	114	36	52
FBGN0024245	3704	4527	4387	4253	5635	3526
FBGN0011676	72	70	67	154	71	141
FBGN0032446	413	463	554	443	691	444
FBGN0260470	10	2	2	11	0	52
FBGN0032490	11	6	10	10	8	18
FBGN0053808	8	9	6	132	418	175
FBGN0031623	34	57	57	111	157	146
FBGN0004584	23335	26906	25622	27550	40326	25156
FBGN0260758	154	169	140	78	73	55
FBGN0031918	94	95	167	31	42	36
FBGN0051807	5	1	19	1	0	2
FBGN0032516	798	958	886	1116	1902	904
FBGN0040718	759	939	1428	3467	5753	1752
FBGN0263654	4	6	0	0	0	2
FBGN0031302	17	18	6	0	20	24
FBGN0083968	116	357	233	456	356	305
FBGN0053127	149	119	95	153	131	70
FBGN0031946	9	15	1	10	0	18
FBGN0261582	2	0	22	0	0	3
FBGN0085423	8624	10285	9731	8130	11415	6534
FBGN0011648	6284	7120	7489	6958	10350	6423
FBGN0031773	784	983	803	891	1985	1022
FBGN0086691	46	54	39	38	46	33
FBGN0032036	1686	1863	1732	1974	2376	1556
FBGN0032282	16	14	23	123	149	546
FBGN0259482	731	976	842	919	1283	1056
FBGN0266492	33	13	22	97	98	127
FBGN0264953	9196	9194	9437	9852	14332	7940
FBGN0000227	7	14	15	2	4	26
FBGN0032732	548	549	558	611	896	642
FBGN0000384	4550	5255	4706	4951	6827	4756
FBGN0031895	1544	1382	1622	1682	2752	1382
FBGN0028644	40	9	7	19	10	26
FBGN0051976	18	19	5	8	4	11
FBGN0053905	19	16	7	14	0	15
FBGN0032797	93	50	63	121	24	122
FBGN0053869	0	0	0	5	4	2
FBGN0031488	6327	6677	6367	6642	9369	5767
FBGN0032023	23	25	33	3	23	8
FBGN0028467	2602	3042	3305	3419	4908	3024
FBGN0031490	97	44	36	125	44	92
FBGN0032447	193	319	274	416	454	230
FBGN0052971	9	12	30	29	21	29
FBGN0032247	551	737	701	766	718	651
FBGN0054051	15	16	4	14	20	1
FBGN0053819	995	1590	1088	2220	3021	1850
FBGN0031804	24	4	0	0	7	51
FBGN0283478	15676	16672	17807	14740	23428	14560
FBGN0028952	1233	1266	981	1116	1673	1065
FBGN0041248	50	49	10	27	29	39
FBGN0031359	1347	1447	1746	1551	2095	1419
FBGN0001977	3551	4406	4749	4765	6745	3833
FBGN0031462	19	42	5	5	14	20
FBGN0265579	10	2	0	0	0	0
FBGN0031254	103	61	128	123	253	64
FBGN0027453	973	951	1028	1212	1592	843
FBGN0031538	39	59	47	130	66	97
FBGN0264364	7	3	19	0	3	11
FBGN0031238	2200	2213	2043	1857	3572	1921
FBGN0005616	2343	2637	2614	3289	5539	3327
FBGN0031980	56219	67470	72990	57303	94222	53707
FBGN0045064	251	143	125	278	293	215
FBGN0032448	3	13	0	61	0	15
FBGN0031725	13	13	10	38	41	25
FBGN0032691	2473	2656	2597	2734	4433	2797
FBGN0031690	94	38	102	39	36	56
FBGN0051618	4	27	13	106	391	151
FBGN0028895	485	595	596	901	1108	587
FBGN0041195	89	42	37	107	16	62
FBGN0261802	45283	50768	49837	48477	68873	40845
FBGN0032079	84	36	26	68	48	14
FBGN0032297	177	162	150	94	189	149
FBGN0032650	6	4	0	6	6	9
FBGN0020270	2776	3043	3281	4240	5303	3793
FBGN0031540	2308	2284	2304	2284	3136	2007
FBGN0031554	31	37	29	12	25	13
FBGN0025681	5830	5928	6546	6087	8925	4965
FBGN0032685	6063	5332	7174	3995	6115	3281
FBGN0015338	1949	1927	2102	2105	2765	1860
FBGN0032492	6	0	4	14	18	24
FBGN0031711	4253	4900	4705	5979	8405	5056
FBGN0027611	10289	11907	11177	3862	3849	3620
FBGN0264442	24010	22761	22845	28998	43821	24264
FBGN0031741	376	488	450	272	314	324
FBGN0063368	18	2	13	0	0	2
FBGN0262683	8	15	3	8	5	21
FBGN0032554	66	13	9	10	52	7
FBGN0262357	3	7	0	17	1	21
FBGN0028538	5700	6406	6155	7828	9374	5934
FBGN0031484	2566	2941	3188	3268	5124	2981
FBGN0032891	578	608	627	106	173	73
FBGN0262353	121	117	132	372	507	297
FBGN0250903	786	861	781	1007	1187	757
FBGN0264342	84	43	12	31	5	39
FBGN0051910	20	9	2	8	0	1
FBGN0019809	90	39	13	48	45	38
FBGN0031267	919	1145	1096	1386	1915	1181
FBGN0024689	2243	2579	2709	2723	4282	2412
FBGN0031252	1630	1710	1688	2041	3006	1688
FBGN0288834	4837	4937	5383	5647	7654	4561
FBGN0052832	24	0	16	11	0	15
FBGN0032481	6884	7236	7427	8378	10866	6777
FBGN0085203	494	729	553	679	851	890
FBGN0032156	133	199	179	167	319	323
FBGN0259958	0	8	0	1	3	4
FBGN0031319	4816	5132	5090	4695	7058	4320
FBGN0040233	8491	9239	9653	8762	11739	7046
FBGN0032371	15	0	24	8	20	9
FBGN0261089	36	9	22	37	59	23
FBGN0262029	34025	36444	40165	43074	62595	37057
FBGN0032343	107	63	112	119	45	90
FBGN0263320	3	2	3	0	4	1
FBGN0002524	3279	3773	3992	3659	5458	3181
FBGN0031735	573	939	641	694	806	554
FBGN0022023	23756	25647	28197	23880	36655	22063
FBGN0032373	41	34	46	56	48	18
FBGN0045038	10	21	11	21	19	5
FBGN0032816	454	558	671	621	1102	589
FBGN0028875	98	25	27	1	51	36
FBGN0054007	7	3	4	2	0	14
FBGN0011570	8384	9055	9009	8958	12389	8655
FBGN0032791	66	166	57	117	224	161
FBGN0028694	8655	9228	9942	10331	14255	9167
FBGN0031816	827	1013	1278	571	1084	432
FBGN0031378	254	311	451	339	383	320
FBGN0032157	4794	5216	5044	4926	7260	5177
FBGN0025366	15909	18476	19270	13620	20762	12574
FBGN0028507	1860	1865	1710	1884	2811	1714
FBGN0032004	39	25	14	62	16	6
FBGN0042092	970	946	974	1353	1907	1380
FBGN0023096	213	117	131	112	134	257
FBGN0085450	12787	14709	13652	12645	16626	11138
FBGN0020545	1248	1134	1307	1511	2002	1355
FBGN0032945	97	74	66	299	462	195
FBGN0261064	1291	1612	1475	1938	2536	1703
FBGN0032439	15	32	1	7	0	0
FBGN0031872	23897	27356	27457	26900	35628	21491
FBGN0031644	34	22	0	8	28	12
FBGN0031446	30	24	13	0	13	11
FBGN0053125	62	27	28	42	6	44
FBGN0051776	41	37	22	27	40	21
FBGN0032249	195	321	233	166	195	137
FBGN0032943	1660	1825	1907	1926	2331	1705
FBGN0032066	37	11	28	29	38	50
FBGN0053641	4	15	14	44	1	6
FBGN0085427	21100	22837	21931	21796	30542	18250
FBGN0041150	71	44	76	57	72	103
FBGN0085410	92	29	23	69	39	29
FBGN0031682	1062	917	1248	1387	2512	1270
FBGN0031999	35	37	42	72	86	64
FBGN0261529	151	62	190	144	128	79
FBGN0032020	1221	1607	1391	1856	2533	1375
FBGN0051777	48	51	24	26	62	51
FBGN0032341	4914	5430	5857	6469	8355	4608
FBGN0032003	14	50	10	12	10	10
FBGN0262721	5	2	11	4	3	14
FBGN0032479	18236	19757	20761	18693	26962	16381
FBGN0032899	117	105	162	440	631	363
FBGN0031601	940	1091	1006	959	1481	926
FBGN0031463	110	97	49	63	42	12
FBGN0031968	288	384	293	286	340	286
FBGN0032660	14	2	18	9	20	30
FBGN0028893	48	8	18	18	0	14
FBGN0032138	20546	22176	24276	20805	30020	17218
FBGN0032986	2295	2790	2719	3005	4084	3001
FBGN0053849	29	12	10	8	52	50
FBGN0031858	19	26	22	25	34	31
FBGN0051773	90	14	27	79	1	44
FBGN0028518	66	35	19	17	18	55
FBGN0031465	314	371	420	341	634	299
FBGN0003978	2162	2191	2390	2484	3385	2179
FBGN0031639	818	1046	974	1527	1745	1126
FBGN0031854	56	22	14	79	15	53
FBGN0051606	0	5	18	14	0	5
FBGN0261999	114	98	132	149	125	84
FBGN0051661	4	11	4	14	20	8
FBGN0085212	334	432	383	532	611	484
FBGN0051708	56	12	10	26	0	26
FBGN0264546	4	4	0	7	21	10
FBGN0051823	10	10	11	0	0	17
FBGN0032151	90	45	47	29	22	22
FBGN0259213	91	32	91	92	44	66
FBGN0263321	6	14	14	29	20	9
FBGN0083945	51	37	14	86	11	33
FBGN0031590	6720	7962	8212	7668	10710	6302
FBGN0085193	51	70	55	125	128	66
FBGN0032849	742	863	855	1264	1767	976
FBGN0040106	43	73	30	40	1	30
FBGN0031523	71	26	5	16	11	38
FBGN0020416	48	14	8	106	112	52
FBGN0028541	3627	4109	3447	3726	5747	3750
FBGN0021796	14071	16598	15779	18901	26281	14719
FBGN0028527	2524	2572	2819	4118	5539	3606
FBGN0010497	1072	986	1107	982	1391	661
FBGN0266369	3735	4430	4510	3653	4950	3085
FBGN0040107	25	0	30	0	5	4
FBGN0028841	31	5	6	46	34	16
FBGN0032052	1732	2003	1770	2175	2954	2192
FBGN0032050	15694	18105	18558	20118	28831	17308
FBGN0032668	30	30	15	26	21	26
FBGN0014906	2410	2428	2531	2970	3641	2240
FBGN0031619	168	153	139	186	124	125
FBGN0031855	43	35	20	83	22	63
FBGN0028946	21	5	15	0	12	27
FBGN0261535	2195	2508	2649	3360	4730	2891
FBGN0053850	0	0	0	0	0	0
FBGN0031749	25	6	4	27	16	12
FBGN0032266	66	5	21	6	6	3
FBGN0028569	0	5	11	4	0	5
FBGN0040984	12	8	4	11	4	1
FBGN0032798	51	91	45	97	118	81
FBGN0031233	2727	2633	2888	3303	3951	2642
FBGN0085374	50	9	0	26	18	20
FBGN0000392	694	928	786	761	1157	907
FBGN0032664	12	28	14	7	33	18
FBGN0263278	778	1006	889	978	1568	891
FBGN0259735	27440	30920	31441	21962	27914	18782
FBGN0028886	179	166	160	138	250	122
FBGN0053835	0	0	0	34	25	20
FBGN0053870	3	0	9	0	6	3
FBGN0028920	119	82	100	637	1565	606
FBGN0000239	7151	8394	8091	7612	10665	6419
FBGN0085409	6580	8023	8405	6154	8117	5124
FBGN0053813	6863	9934	7571	14382	19079	11730
FBGN0032031	706	865	825	665	1372	719
FBGN0023407	7875	8716	8472	9974	14143	9065
FBGN0053807	1137	1811	1326	2256	3048	1893
FBGN0260817	3381	3860	3398	2652	2934	2015
FBGN0032358	655	942	806	928	1057	763
FBGN0032690	5575	6697	6126	5472	7525	5051
FBGN0031534	3309	3713	4268	4404	6368	3733
FBGN0031649	99	61	29	35	13	21
FBGN0045495	80	59	82	67	41	51
FBGN0032773	333	254	268	1423	2881	969
FBGN0052987	17	32	1	6	0	7
FBGN0031717	3475	4809	4372	2593	4159	2347
FBGN0053900	1	4	0	2	0	0
FBGN0053844	0	0	0	0	0	0
FBGN0032506	105	47	55	42	39	50
FBGN0014000	24	14	24	92	128	71
FBGN0026141	6	0	0	0	7	3
FBGN0000256	9196	9674	10286	9510	13727	8312
FBGN0284230	447	544	584	453	708	365
FBGN0004868	19353	21927	23209	23588	33084	20184
FBGN0028932	1781	1925	2019	2073	2600	1706
FBGN0032431	23	54	48	51	52	17
FBGN0032801	149	176	193	183	244	216
FBGN0032213	9025	10779	10740	10349	14549	9347
FBGN0264545	8	0	0	3	28	6
FBGN0261787	3843	3950	4091	4560	5980	3636
FBGN0085194	23	22	41	18	14	11
FBGN0051809	164	117	261	156	215	121
FBGN0032100	114	124	80	100	115	55
FBGN0053862	27	0	0	0	27	0
FBGN0023090	258	177	141	368	541	367
FBGN0261925	18	8	1	13	1	0
FBGN0053892	0	0	0	6	0	0
FBGN0032464	28	29	45	20	25	42
FBGN0051814	41	55	45	48	33	48
FBGN0051633	283	214	296	330	685	258
FBGN0032769	3	17	2	10	21	17
FBGN0000097	10426	11457	11905	10638	14616	8664
FBGN0032375	8	6	2	0	21	2
FBGN0031468	217	362	309	303	247	164
FBGN0031617	348	116	104	216	300	427
FBGN0032252	93	62	82	131	256	121
FBGN0051855	607	750	861	879	1429	732
FBGN0032350	6987	8806	8150	5577	7135	4983
FBGN0032021	26	2	50	13	4	28
FBGN0003866	20579	23387	22876	21955	33237	21067
FBGN0032593	69	54	73	70	110	110
FBGN0001128	1105	877	925	1207	2183	1270
FBGN0032074	30	26	15	47	78	32
FBGN0004106	5490	6710	6110	6027	9846	6146
FBGN0031598	1896	2159	2310	2467	3196	2351
FBGN0028848	34	12	2	16	2	18
FBGN0264341	15	0	10	0	0	6
FBGN0028884	16	9	19	27	12	11
FBGN0051874	2	23	9	22	1	9
FBGN0031611	966	891	1081	1451	1684	970
FBGN0032135	500	640	626	528	841	505
FBGN0032454	18238	21151	18999	19412	28388	18570
FBGN0032888	17	24	26	45	0	7
FBGN0032634	1286	1502	1547	1954	2727	1893
FBGN0040717	394	74	209	1323	2470	690
FBGN0028944	8	4	1	17	5	18
FBGN0261396	11166	11900	11841	11365	16146	9987
FBGN0032639	27	41	46	42	109	51
FBGN0031343	18	37	51	15	32	40
FBGN0032956	5669	6744	5761	6702	9324	5728
FBGN0264361	0	0	3	0	0	1
FBGN0053126	51	27	30	22	1	20
FBGN0267347	1198	1666	1301	1225	1573	1158
FBGN0000183	7063	7588	7126	7220	10331	6721
FBGN0028892	7	4	28	34	28	28
FBGN0032775	5361	4885	5011	4969	7425	4509
FBGN0032451	948	964	1028	1045	1461	717
FBGN0032161	397	347	305	525	573	426
FBGN0053801	1434	1873	1914	759	912	642
FBGN0031335	9	0	14	33	1	13
FBGN0031575	2358	2385	2354	2204	3808	2320
FBGN0265298	4639	4612	5311	5350	7846	4870
FBGN0051835	26	27	39	15	15	34
FBGN0002855	22	3	7	2	0	10
FBGN0051922	274	316	298	480	427	380
FBGN0032900	38	34	26	51	25	22
FBGN0031645	628	668	722	505	548	303
FBGN0001970	1373	1973	1766	1695	2279	1500
FBGN0000250	8340	9811	9555	10316	13845	8658
FBGN0051698	15	22	0	3	0	22
FBGN0014019	29	56	17	11	63	74
FBGN0053826	0	0	0	0	0	0
FBGN0032533	2	3	2	18	28	18
FBGN0284247	111134	121970	120226	121650	174957	102743
FBGN0083972	4	6	10	12	56	30
FBGN0032005	3800	4302	4783	5398	7117	3950
FBGN0032119	36	30	37	31	33	0
FBGN0026391	18	16	8	36	1	3
FBGN0283658	4112	5307	4470	4748	7136	4418
FBGN0032771	12	17	22	4	10	8
FBGN0032800	81	53	26	58	123	104
FBGN0032449	190	139	144	55	105	84
FBGN0032971	30	48	16	0	0	8
FBGN0286929	2	1	8	14	5	0
FBGN0000018	894	961	784	1244	1371	1007
FBGN0003255	363	405	379	550	454	244
FBGN0013323	7	17	0	5	0	0
FBGN0051780	5	4	42	49	46	28
FBGN0031309	1347	1382	1470	1427	2202	1160
FBGN0011244	36	18	31	0	23	31
FBGN0032462	35	46	10	54	98	79
FBGN0261831	97	110	72	121	108	89
FBGN0031231	1220	1192	1195	1211	1530	1047
FBGN0031296	22	25	20	18	5	7
FBGN0032434	38	14	12	34	4	11
FBGN0028570	9	8	0	8	0	7
FBGN0026396	40	18	11	42	52	56
FBGN0028370	60	21	35	58	99	42
FBGN0032677	57	24	23	57	28	83
FBGN0051638	4537	4859	5107	4167	6307	4045
FBGN0031258	131	82	51	154	220	170
FBGN0031472	14	0	36	40	4	2
FBGN0265269	21	0	17	1	0	8
FBGN0031738	3550	4230	3880	3587	5009	3199
FBGN0024371	2633	2855	2728	3795	4094	2578
FBGN0026431	1567	1893	1839	2023	2209	1815
FBGN0031771	4472	4677	5474	4703	7197	3943
FBGN0040972	3	7	0	2	3	12
FBGN0005677	2314	3085	4769	2731	3891	2654
FBGN0028939	81	216	120	366	459	412
FBGN0024947	1609	1642	1999	1574	1933	1298
FBGN0053532	4	13	25	12	0	6
FBGN0264295	9	3	12	2	0	16
FBGN0032755	9	2	4	11	7	10
FBGN0043456	19694	21677	21869	22731	33385	20109
FBGN0031981	13189	13794	14174	12572	18146	10330
FBGN0032860	2	17	11	43	14	5
FBGN0040705	8	4	17	1	23	5
FBGN0264087	89	67	57	96	23	98
FBGN0086447	165	201	278	229	514	332
FBGN0020309	64134	68078	72832	66665	98257	57710
FBGN0261871	35	22	14	36	13	15
FBGN0032253	182	99	96	157	205	228
FBGN0040963	2	17	0	5	0	6
FBGN0031275	90	81	42	81	34	112
FBGN0287204	938	1160	1172	1125	1854	1384
FBGN0031375	71	44	54	18	24	50
FBGN0032059	1259	1518	1419	1476	2068	1371
FBGN0032635	4360	4706	4647	5265	8299	4675
FBGN0031257	49	23	40	39	31	82
FBGN0052982	6905	7710	7467	7532	10981	6512
FBGN0067311	18	12	14	0	34	21
FBGN0032262	31	30	75	29	193	22
FBGN0026787	770	954	909	1013	1121	824
FBGN0260933	540	659	441	678	1122	625
FBGN0041183	143	128	40	161	249	207
FBGN0003502	12065	12803	12424	12550	16727	10485
FBGN0027582	8304	9627	9030	9275	12633	7677
FBGN0025674	4783	5233	5581	6052	7919	4732
FBGN0032694	1277	1756	1690	1437	1616	1334
FBGN0031935	87	21	54	20	28	52
FBGN0261571	92	105	59	108	24	156
FBGN0014076	19	10	5	20	23	11
FBGN0028913	7	0	12	7	0	1
FBGN0031277	0	9	18	2	28	16
FBGN0032295	8469	8267	9737	9113	14027	7739
FBGN0085200	1015	1023	1043	1271	1501	1026
FBGN0014417	261	383	320	376	519	312
FBGN0265256	6	18	2	7	0	25
FBGN0287768	6941	6394	7167	7936	11507	6878
FBGN0053898	1	3	0	1	0	0
FBGN0031866	96	166	42	40	75	59
FBGN0053861	47	82	103	108	146	124
FBGN0031322	2132	2421	2353	2792	3828	2232
FBGN0031412	0	3	6	12	0	5
FBGN0011829	133	193	86	174	135	133
FBGN0014179	28	34	19	2	10	40
FBGN0032397	4497	4896	5033	4793	7644	4004
FBGN0261805	0	5	0	0	0	1
FBGN0032812	2038	2380	2423	2473	3437	1959
FBGN0261963	890	742	1216	819	1035	622
FBGN0040964	606	852	891	1085	1329	770
FBGN0031250	1920	2287	2097	2050	2621	1760
FBGN0250843	9772	10633	11416	12805	18416	11355
FBGN0021906	3496	3914	4859	5103	7381	4564
FBGN0032770	22	5	10	18	22	6
FBGN0032601	566	535	432	844	1000	621
FBGN0265670	2	0	2	2	0	0
FBGN0032321	2881	2981	3043	2682	3783	3089
FBGN0053120	62	66	38	69	153	73
FBGN0261881	749	913	919	787	1382	782
FBGN0264081	3	32	2	0	12	12
FBGN0003016	5220	5767	5911	7483	10753	6948
FBGN0031495	839	1335	1174	842	1428	796
FBGN0010602	17215	17571	19772	18396	26137	16035
FBGN0040506	66	29	23	77	19	77
FBGN0002036	331	376	464	558	729	413
FBGN0031420	4465	4990	5074	4657	7364	4925
FBGN0031713	2478	2391	2624	2782	4552	2150
FBGN0002931	1937	2087	2016	2037	2696	1728
FBGN0051948	30	3	0	4	0	17
FBGN0032054	1886	1764	2065	2088	3174	2032
FBGN0031253	513	647	545	974	1199	651
FBGN0031545	26	33	41	0	14	35
FBGN0032876	3464	4425	4134	4329	5783	3770
FBGN0263037	358	281	135	135	196	180
FBGN0031937	114	53	26	152	137	108
FBGN0085188	4019	4418	4455	5805	7020	4402
FBGN0032805	92	118	218	116	322	164
FBGN0013433	74	11	35	4	19	7
FBGN0064115	384	530	567	491	740	570
FBGN0032160	3437	4584	4005	3541	4339	2703
FBGN0032648	14	39	16	18	24	28
FBGN0085206	7	27	0	1	2	6
FBGN0053906	1	3	0	7	3	7
FBGN0031306	38	22	28	30	30	10
FBGN0032473	49	52	43	62	20	76
FBGN0023489	31	20	10	0	10	48
FBGN0051774	79	107	70	84	24	49
FBGN0085208	1092	1101	1093	1001	1624	1094
FBGN0032195	988	989	1039	1340	1534	954
FBGN0026324	1367	1626	1456	1861	2824	1710
FBGN0011703	20051	20237	20943	24310	31953	20119
FBGN0265001	61	10	38	53	19	34
FBGN0031287	914	998	1077	1496	1816	1088
FBGN0040715	269	308	326	380	468	182
FBGN0053897	10	13	12	0	5	17
FBGN0026394	19	23	46	24	40	12
FBGN0032435	61	26	19	31	14	80
FBGN0031637	4648	4812	4602	4558	6453	4506
FBGN0264815	161	202	148	100	207	229
FBGN0003751	23	29	38	0	0	14
FBGN0261991	6	0	0	1	0	2
FBGN0028900	14	10	13	10	6	14
FBGN0032150	669	716	777	867	1171	781
FBGN0053923	5	4	1	8	4	7
FBGN0042129	7	6	3	2	0	9
FBGN0032394	1078	1329	1300	1211	1902	978
FBGN0011305	9247	9561	10971	7295	12695	7839
FBGN0085207	5	0	1	5	2	10
FBGN0024191	1980	2428	2372	2606	4038	2184
FBGN0032391	1360	1487	1787	2006	2430	1636
FBGN0031519	442	624	491	715	1138	758
FBGN0002989	1311	1656	1635	1610	2485	1470
FBGN0032366	16	16	11	8	7	14
FBGN0031859	20	7	8	16	28	32
FBGN0263087	21	12	0	34	24	6
FBGN0031678	5628	5771	5746	6394	8459	5380
FBGN0032331	63	22	16	24	2	34
FBGN0040299	85	73	121	87	95	78
FBGN0031745	664	836	961	281	599	300
FBGN0052985	63	10	40	38	47	29
FBGN0032846	562	366	511	469	784	419
FBGN0032878	35	26	12	1	9	47
FBGN0031424	51	29	20	29	57	61
FBGN0032520	65	42	18	53	30	55
FBGN0031292	111	41	115	70	108	31
FBGN0029174	6896	8300	8061	8579	13599	7918
FBGN0003475	735	809	980	921	1473	717
FBGN0053889	0	3	3	10	0	13
FBGN0032024	27	48	9	0	18	27
FBGN0032014	820	1041	1086	1362	1697	1134
FBGN0031251	18	44	78	140	178	64
FBGN0031388	46	9	1	30	46	8
FBGN0032483	6	33	38	8	14	47
FBGN0001978	7039	7684	8070	8831	13430	7944
FBGN0031844	25	24	7	7	10	23
FBGN0040949	13	0	16	0	0	3
FBGN0021856	2144	2462	2461	3146	3604	2292
FBGN0031520	15	28	38	58	22	53
FBGN0053928	20	53	33	34	8	14
FBGN0028987	1	16	5	8	7	14
FBGN0032202	641	665	538	522	1024	631
FBGN0001125	7820	8807	9888	11054	17184	8887
FBGN0051760	66	44	21	15	23	43
FBGN0031975	94	85	82	169	305	267
FBGN0026392	43	15	17	4	0	0
FBGN0032187	32	40	38	206	273	142
FBGN0032096	48	4	9	20	0	23
FBGN0265264	69	91	68	93	8	54
FBGN0040992	119	208	67	138	217	111
FBGN0259949	0	0	4	2	5	6
FBGN0086856	1353	1838	1581	1600	2459	1833
FBGN0051820	5	4	0	0	0	0
FBGN0002856	3	7	3	2	0	2
FBGN0263585	0	0	0	0	0	2
FBGN0031879	80593	80547	88766	83923	124260	67009
FBGN0265002	229	87	42	131	154	144
FBGN0031458	1055	1350	1079	1328	1833	1313
FBGN0004394	6389	6336	6643	5745	8244	5359
FBGN0051617	6739	9883	7460	13905	18503	11408
FBGN0052831	1510	1706	2316	2177	3001	1959
FBGN0085209	5	1	2	15	0	3
FBGN0031696	7094	7117	6988	7686	10095	6383
FBGN0032168	845	1016	885	1058	1587	948
FBGN0032442	46	28	21	33	48	59
FBGN0004419	16821	19868	17184	20921	26216	18718
FBGN0028857	19	12	18	0	34	21
FBGN0261358	0	2	0	0	0	4
FBGN0283659	472	609	526	549	904	410
FBGN0041789	5637	6014	6507	7424	9979	6448
FBGN0032010	308	333	252	350	366	223
FBGN0011202	6451	6425	7397	7602	13066	7227
FBGN0031392	3713	4288	3657	5088	7005	4272
FBGN0267976	4491	5643	4407	5820	7698	5224
FBGN0261349	64	34	54	136	44	33
FBGN0032509	4387	4487	4423	5275	7328	4721
FBGN0261357	8	12	0	9	0	3
FBGN0051702	100	53	33	27	26	17
FBGN0032065	14	22	0	0	40	3
FBGN0032824	50	15	4	46	38	79
FBGN0032348	12411	12626	13292	14313	19996	12629
FBGN0031660	1204	1797	1909	2016	2916	1810
FBGN0031444	15	2	32	0	49	5
FBGN0031757	23	3	3	6	8	13
FBGN0011259	5072	6095	5666	5320	6578	4506
FBGN0041092	22827	25460	24466	26172	36227	23821
FBGN0040232	20779	23288	22965	24100	35106	21429
FBGN0040968	11	10	0	11	17	0
FBGN0032281	121	21	30	235	254	193
FBGN0011705	698	820	699	874	1216	815
FBGN0051668	34	38	15	21	54	24
FBGN0032126	4	0	8	0	4	6
FBGN0004797	1818	2201	1957	2505	2683	2149
FBGN0032242	13824	16298	15355	16162	22659	15045
FBGN0031318	9341	10634	9770	10768	14692	8783
FBGN0032590	1925	2547	1935	1192	1670	1509
FBGN0003187	59	65	70	65	43	26
FBGN0085196	7	4	1	0	3	6
FBGN0032269	44	9	36	44	24	46
FBGN0026147	3540	4244	4230	4003	6082	3810
FBGN0032153	155	137	190	196	316	233
FBGN0028533	152	126	219	598	691	819
FBGN0032553	23	4	1	0	8	18
FBGN0032452	50	17	24	107	168	74
FBGN0051793	1125	899	1007	1201	1649	887
FBGN0000464	10184	11105	11212	9952	14736	8567
FBGN0051852	4266	4380	4191	4186	6226	4297
FBGN0032131	27	19	10	23	20	42
FBGN0032304	15	13	4	114	138	113
FBGN0016075	5048	5490	6555	7112	12184	6131
FBGN0053508	62	23	14	3881	5467	3329
FBGN0286027	1338	2014	1594	1414	2187	1755
FBGN0051933	19	17	16	27	10	29
FBGN0286723	59	71	48	88	110	71
FBGN0010265	69579	80799	82762	76276	102394	64317
FBGN0031758	23	23	3	12	8	4
FBGN0031478	1712	1752	1993	1602	2261	1348
FBGN0031900	92	53	29	52	10	13
FBGN0032000	1108	1497	1530	2101	3038	2039
FBGN0027094	23452	27304	27154	27175	38073	24132
FBGN0270924	13872	16344	16897	20644	31063	18270
FBGN0032398	3876	5281	4559	3032	4264	3096
FBGN0264922	26349	29834	28567	32564	42290	28606
FBGN0031655	1119	1386	1285	1828	2354	1347
FBGN0041097	63	64	67	116	43	86
FBGN0284084	5544	6249	5865	3828	5843	4344
FBGN0027929	44	13	23	49	40	46
FBGN0019830	3729	3551	4639	4051	5497	3690
FBGN0040950	206	260	1049	308	267	277
FBGN0261697	44	65	11	16	30	38
FBGN0032799	2020	2545	2164	2788	3884	2696
FBGN0031894	1662	1850	1722	1712	2344	1403
FBGN0032087	9	9	3	27	44	11
FBGN0001994	14214	14225	15512	13204	21401	11528
FBGN0053852	43	18	15	12	78	75
FBGN0031469	39	4	9	76	0	18
FBGN0085339	698	1024	880	1258	1221	868
FBGN0031631	734	702	809	806	1044	531
FBGN0053899	10	13	12	0	5	17
FBGN0032154	865	1022	1148	1485	2095	1179
FBGN0028990	11682	14262	15227	12306	18632	11821
FBGN0032645	5	13	11	27	33	13
FBGN0053814	2	2	1	92	367	141
FBGN0027592	7271	7650	7819	6543	11105	6531
FBGN0015797	3220	3599	3874	3586	4959	3128
FBGN0032346	1416	1441	1503	1584	2343	1353
FBGN0002525	49775	51296	55250	55890	82200	47595
FBGN0053121	45	12	16	41	27	24
FBGN0053816	987	1590	1088	2220	3021	1850
FBGN0032421	1536	1722	1937	1481	2330	1173
FBGN0015772	6449	7749	6764	6642	8208	5596
FBGN0264742	1451	1709	1741	1846	2658	1557
FBGN0265262	168	272	237	299	295	196
FBGN0031952	5701	6340	6159	5039	6717	4665
FBGN0031703	171	116	144	309	301	166
FBGN0264340	227	202	347	363	406	206
FBGN0053882	1	0	3	0	2	1
FBGN0266521	14910	18184	17135	13424	17640	13455
FBGN0031969	1224	1219	1459	1378	1905	1251
FBGN0032194	2778	3170	2847	3893	4823	2713
FBGN0031684	896	1244	1073	1203	1786	1002
FBGN0031389	28	12	14	32	86	52
FBGN0032493	17	4	9	14	0	2
FBGN0031596	8	0	0	1	0	12
FBGN0051785	2	27	0	12	0	24
FBGN0051719	70	56	46	80	30	45
FBGN0031476	28	57	8	2	1	52
FBGN0032857	23	42	17	0	16	12
FBGN0005660	89	60	101	196	167	244
FBGN0028375	1785	1740	1707	1833	2255	1455
FBGN0041103	16	0	0	32	0	9
FBGN0051921	22	46	52	48	41	55
FBGN0086907	6	4	0	18	0	10
FBGN0011832	0	0	8	2	0	4
FBGN0031613	57	55	102	131	127	67
FBGN0032086	9	6	3	34	48	18
FBGN0051679	21	23	6	11	0	6
FBGN0053857	0	0	0	0	0	0
FBGN0264086	59	39	64	60	61	59
FBGN0051810	149	98	223	118	230	88
FBGN0031431	10	17	16	6	0	27
FBGN0051989	1887	2081	2502	2276	3463	1756
FBGN0026577	34624	37685	34322	32286	47579	29656
FBGN0031850	4765	5814	5898	4746	6818	4441
FBGN0031710	1594	2315	2368	2137	3106	1914
FBGN0053884	1	0	3	0	2	1
FBGN0001202	2035	2536	2057	2163	2973	1991
FBGN0053307	15	31	1	0	118	46
FBGN0032863	3422	4131	4506	3858	6673	3697
FBGN0261647	5141	6237	6302	7355	9559	5802
FBGN0031630	22	31	60	90	153	65
FBGN0032974	6171	6358	6558	6646	8636	5943
FBGN0032730	333	237	212	337	339	320
FBGN0031729	6	1	0	12	0	9
FBGN0040070	3466	3919	4059	4973	7467	4618
FBGN0024248	5376	5654	5583	6234	9559	6249
FBGN0058439	946	1194	874	1518	1956	1646
FBGN0284082	4	4	6	20	11	10
FBGN0031442	38	9	4	33	3	22
FBGN0031295	24	5	5	10	0	7
FBGN0051955	5	4	16	109	114	54
FBGN0051690	30	35	54	24	26	43
FBGN0262354	13	5	20	0	7	0
FBGN0032122	129	192	111	100	159	56
FBGN0024920	2340	2817	3112	3278	5497	3054
FBGN0004893	36840	41701	42206	40753	57419	34272
FBGN0031610	453	445	594	554	670	692
FBGN0031996	5472	6641	6564	4753	6888	4381
FBGN0015808	3165	3770	3674	3780	5926	2868
FBGN0259965	26	2	0	0	0	1
FBGN0004407	2291	2583	2224	2582	3616	2374
FBGN0053300	2395	1850	602	1848	926	1203
FBGN0011230	70019	79058	78317	80202	115769	66058
FBGN0051876	11	3	17	16	0	17
FBGN0031544	4176	4805	4815	4966	7196	4007
FBGN0040010	1655	2284	2037	2536	3554	2591
FBGN0031299	36	34	14	73	24	28
FBGN0025686	74	32	166	34	40	10
FBGN0032681	2258	2770	2502	1876	2499	1783
FBGN0264895	4336	4594	4944	4074	6293	3482
FBGN0032235	128	113	102	395	308	451
FBGN0012036	1095	837	829	5527	6990	3802
FBGN0031450	5504	6173	6344	5746	8654	5421
FBGN0053834	95	147	150	293	481	320
FBGN0032896	21	7	1	13	18	16
FBGN0032068	62	30	15	25	0	27
FBGN0031936	66	36	16	16	12	22
FBGN0024734	4628	5866	4897	4415	5481	4340
FBGN0032981	34	28	41	0	22	46
FBGN0004507	15559	14327	17106	17971	26708	13994
FBGN0263026	0	6	0	1	0	0
FBGN0020880	33	20	45	2	15	51
FBGN0053860	1	1	0	6	0	0
FBGN0015400	70	59	124	42	61	123
FBGN0032318	9	3	11	5	0	4
FBGN0262877	0	0	4	4	0	0
FBGN0032682	3979	3965	3905	3920	4748	3271
FBGN0031244	406	426	535	547	491	351
FBGN0032211	45	18	8	8	46	6
FBGN0019890	10061	11655	11476	11628	17427	10644
FBGN0016930	6131	6891	7204	4211	5689	4193
FBGN0051789	28	20	37	178	44	250
FBGN0032669	30	5	22	15	14	11
FBGN0031566	1868	1929	1898	3009	4304	2343
FBGN0031997	735	720	895	820	1359	848
FBGN0028887	111	34	62	51	6	63
FBGN0016054	428	385	414	997	1382	958
FBGN0032117	421	363	249	498	650	406
FBGN0031494	332	433	355	621	833	635
FBGN0261531	11	0	3	3	5	1
FBGN0032313	6	23	20	21	2	37
FBGN0015803	4482	4843	4630	5712	6880	4124
FBGN0086130	1170	1164	1406	1703	2063	1360
FBGN0031288	39	2	0	0	0	13
FBGN0010612	3650	4751	4415	4357	6509	4039
FBGN0051792	82	78	51	48	38	66
FBGN0262872	10818	12439	13519	12426	17294	9831
FBGN0000052	6162	6356	7386	8612	13514	7331
FBGN0041250	14	30	7	26	7	1
FBGN0032178	23	4	31	55	20	26
FBGN0053116	2287	2104	2197	2322	2990	1700
FBGN0259960	8	3	10	6	14	9
FBGN0263234	15	18	2	50	14	54
FBGN0001301	11790	11872	12454	12199	17036	10377
FBGN0265607	28	22	18	23	8	36
FBGN0067779	6788	7787	7049	7036	9081	6007
FBGN0032522	42	20	14	27	0	20
FBGN0032465	2231	1990	2311	2978	3985	2321
FBGN0263256	1168	1063	1256	1651	2420	1240
FBGN0031419	279	127	100	196	235	190
FBGN0000588	1379	1801	2027	1867	2578	1653
FBGN0032017	664	689	789	955	987	797
FBGN0051716	14816	17961	16517	15990	20653	14076
FBGN0032048	20	11	2	3	0	11
FBGN0028534	122	239	231	403	744	145
FBGN0051730	18	2	18	0	12	0
FBGN0031409	19	4	25	0	0	10
FBGN0262814	0	0	1	0	0	5
FBGN0031428	426	550	632	628	846	516
FBGN0028903	26	13	19	10	0	21
FBGN0011207	2564	2767	3088	3378	4981	3219
FBGN0051637	1876	1811	2255	1933	2392	1487
FBGN0031283	12	4	0	11	6	20
FBGN0032614	69	69	63	72	99	62
FBGN0267327	4	0	3	2	0	4
FBGN0262743	20900	23230	25278	24328	37580	20936
FBGN0032889	3377	4370	4582	2773	4266	2289
FBGN0003141	1666	2111	2042	2014	2978	1865
FBGN0054003	32	18	3	46	94	38
FBGN0041781	4964	5511	5712	5337	7455	4593
FBGN0031530	473	634	591	705	868	639
FBGN0032376	32	16	36	16	27	6
FBGN0000320	1794	2009	2410	1570	2011	1609
FBGN0032563	47	10	4	12	14	15
FBGN0032205	334	246	273	323	594	364
FBGN0025724	12143	14736	13989	14096	20459	12618
FBGN0264743	2593	2744	2798	2399	4083	2546
FBGN0032364	54	19	30	46	20	36
FBGN0028950	2	5	13	21	0	2
FBGN0032877	686	696	793	968	1346	805
FBGN0031220	92	79	53	166	52	123
FBGN0032471	90	81	46	39	0	85
FBGN0032588	15	4	15	0	16	35
FBGN0051870	4	0	4	0	0	2
FBGN0264990	0	12	4	0	0	1
FBGN0005664	31	29	23	47	27	18
FBGN0264432	3	2	8	2	26	3
FBGN0051867	23	4	11	16	23	23
FBGN0264543	0	1	0	0	0	12
FBGN0053113	22367	24425	25245	22964	32895	18177
FBGN0028858	27	7	0	4	54	18
FBGN0262599	19	15	19	39	4	46
FBGN0031422	428	366	449	414	546	321
FBGN0032715	1602	1793	1968	2137	3431	1695
FBGN0053510	14	21	22	72	113	14
FBGN0004872	132	141	52	118	277	90
FBGN0031294	104	93	89	90	107	72
FBGN0032370	12	8	31	20	9	6
FBGN0086683	3286	3760	3585	4220	5529	3701
FBGN0031505	839	992	1008	1404	1820	1149
FBGN0028901	92	43	26	20	48	45
FBGN0032260	27	90	18	56	62	20
FBGN0028896	7	33	56	18	38	12
FBGN0083973	527	684	648	547	852	608
FBGN0051924	17	6	5	11	0	26
FBGN0263133	2165	2642	2887	3253	4413	2573
FBGN0053509	13	18	9	1627	2653	1768
FBGN0058006	1713	2118	1589	1067	1291	1113
FBGN0031779	1515	2024	2332	1681	2902	1527
FBGN0031876	675	538	546	721	855	598
FBGN0002593	61802	64130	77016	61755	90130	54459
FBGN0259957	5	3	1	0	5	1
FBGN0042175	2084	2038	2094	2282	3944	2139
FBGN0012037	20489	28951	32247	25879	37037	22537
FBGN0031522	14	26	19	8	14	55
FBGN0031602	70	44	51	46	36	26
FBGN0041723	137	46	84	124	99	94
FBGN0031768	1978	1989	2294	2532	3486	1891
FBGN0040508	61	12	36	51	4	62
FBGN0283652	1117	1126	1441	1490	1817	1474
FBGN0031451	55	38	42	115	210	102
FBGN0003209	6117	6813	5939	6407	8445	5463
FBGN0262358	1	5	11	7	14	0
FBGN0053907	20	1	5	19	0	4
FBGN0003430	36	17	16	39	38	24
FBGN0024740	34	14	4	27	36	24
FBGN0011818	2711	2969	3071	3266	4627	2547
FBGN0032731	1179	1505	1490	1540	2401	1284
FBGN0031286	885	793	663	1108	1277	928
FBGN0032290	1334	1853	1629	1511	2043	1413
FBGN0031737	59	67	46	185	176	260
FBGN0027568	13014	14258	14553	15623	21966	12245
FBGN0031721	10	11	11	1	40	5
FBGN0032884	4162	4850	5038	4672	7214	4169
FBGN0028707	429	292	337	491	533	362
FBGN0028542	28	12	27	46	170	98
FBGN0032809	18	24	8	0	0	20
FBGN0032336	4	4	0	2	2	7
FBGN0032790	663	564	521	703	1062	549
FBGN0028658	562	628	611	628	1035	584
FBGN0031817	382	502	437	443	777	395
FBGN0001942	83152	93190	101301	79748	110159	69968
FBGN0027600	6437	6341	7832	6661	10199	6070
FBGN0031592	11	5	16	54	20	15
FBGN0031728	30	36	9	5	30	32
FBGN0024291	8073	9026	8577	10079	13307	8608
FBGN0031414	85	101	81	147	71	98
FBGN0053124	28	12	13	48	40	30
FBGN0085422	38	33	24	14	17	23
FBGN0015834	18702	20598	22403	16061	23742	14180
FBGN0028870	4	12	19	8	14	17
FBGN0283678	24	11	1	9	0	23
FBGN0086779	6415	6686	6105	6864	8858	6539
FBGN0051902	47	45	34	6	0	27
FBGN0031920	70	4	13	16	56	27
FBGN0028866	5	5	10	12	14	0
FBGN0028482	108	81	123	108	156	149
FBGN0031913	77	98	64	310	553	236
FBGN0032330	12572	13866	13446	11994	17634	10525
FBGN0020429	55	31	3	52	45	55
FBGN0053831	19	9	22	5	55	42
FBGN0032600	8880	9740	10185	10582	16048	8933
FBGN0053903	38	26	10	18	0	4
FBGN0031483	1702	1575	1626	1343	2370	1675
FBGN0040967	5	7	0	10	1	0
FBGN0031926	1070	1152	1150	1180	1857	1108
FBGN0004811	2947	2922	2936	2959	4645	2722
FBGN0031766	157	117	181	236	416	219
FBGN0031769	18169	21311	23021	19989	27511	16764
FBGN0032929	4052	4975	4096	3621	5410	3673
FBGN0263354	86	60	25	104	60	72
FBGN0032835	47	21	30	43	16	38
FBGN0010263	290	195	173	210	299	230
FBGN0013531	1041	1174	1352	1485	1802	1215
FBGN0259950	8	83	0	2	0	0
FBGN0032280	136	33	68	595	574	1038
FBGN0032486	476	384	496	477	921	404
FBGN0032428	40	47	65	52	44	51
FBGN0052463	28	7	24	21	4	20
FBGN0286781	16386	18195	17496	18290	26759	16003
FBGN0043002	1218	1206	1226	1346	2255	1219
FBGN0044811	9	0	5	0	3	6
FBGN0031310	2336	2484	2889	3245	4293	2344
FBGN0053893	10	13	12	0	5	17
FBGN0031661	3517	4090	3915	3476	5469	3550
FBGN0004620	74	81	65	42	115	51
FBGN0053851	0	0	0	0	0	0
FBGN0032706	46	14	113	28	32	14
FBGN0020906	48	78	112	863	1240	618
FBGN0053648	3	7	2	4	0	6
FBGN0031877	397	396	381	424	608	320
FBGN0032457	27	14	55	25	32	46
FBGN0261597	108109	125629	128930	139311	199031	118020
FBGN0032388	10842	13799	13240	12453	18717	11992
FBGN0020497	18974	21746	21538	20974	29283	18538
FBGN0032311	6	6	0	6	0	0
FBGN0028516	43	22	20	28	8	18
FBGN0032925	9382	10978	10195	11414	15874	11010
FBGN0053841	0	0	0	34	25	20
FBGN0032489	39	10	17	0	13	40
FBGN0250785	15958	18373	17647	19796	29134	15661
FBGN0263080	27	4	5	24	0	9
FBGN0263314	0	9	6	10	7	9
FBGN0053310	64	42	32	48	9	10
FBGN0032703	1187	1394	1092	1473	2168	1410
FBGN0032101	2287	2796	2291	3006	3726	2435
FBGN0261830	56	80	28	50	70	46
FBGN0250847	41	12	18	0	4	7
FBGN0031853	29	49	36	5	18	46
FBGN0031307	5445	6589	7078	6941	10487	6269
FBGN0010422	5510	6349	5960	7662	10273	7175
FBGN0031986	50	10	14	2	18	23
FBGN0267252	31	30	13	22	22	32
FBGN0031536	1627	1883	2081	1763	2216	1769
FBGN0000075	963	911	967	485	807	504
FBGN0002938	313	342	318	206	344	287
FBGN0031736	3734	4289	3988	2835	4525	2981
FBGN0053864	18	29	36	20	15	17
FBGN0051740	15	11	0	0	6	2
FBGN0000286	4180	4494	4567	4230	5994	3650
FBGN0028897	460	541	462	673	789	461
FBGN0051626	105	74	50	83	120	118
FBGN0026397	42	8	28	27	48	47
FBGN0014127	8250	9351	9106	10428	13967	9232
FBGN0261239	12300	14460	12683	11328	13561	10400
FBGN0264744	732	671	983	1004	1190	676
FBGN0011294	18	1	0	7	9	12
FBGN0005617	10249	11789	10311	11828	16339	10639
FBGN0053876	0	6	0	0	0	0
FBGN0260453	2	3	15	0	14	8
FBGN0032312	19	3	8	6	1	0
FBGN0031882	387	453	528	505	689	335
FBGN0053281	17	17	32	38	12	15
FBGN0051926	34	23	10	20	12	23
FBGN0267330	4067	4712	4340	4298	4779	3307
FBGN0032322	67	40	35	191	39	39
FBGN0028703	2911	3056	3178	3132	4501	2496
FBGN0032244	2500	2670	2620	3191	3856	2381
FBGN0019686	3414	3655	3789	4285	6171	3598
FBGN0032853	23	22	13	4	20	5
FBGN0032919	7197	8091	8837	8793	14921	8645
FBGN0015035	89	32	37	8	15	17
FBGN0032250	1395	1494	1270	1527	1822	1330
FBGN0014857	8041	8138	9982	8654	13789	7431
FBGN0040102	30	33	74	36	87	75
FBGN0031716	12	23	18	8	36	26
FBGN0286786	4480	5171	5750	7197	10720	6348
FBGN0032864	14887	16741	17880	15559	20766	12486
FBGN0021761	13973	16240	15051	15689	21375	13103
FBGN0032740	5	7	0	2	0	21
FBGN0028490	1405	1331	1650	2835	5106	2093
FBGN0020503	8403	9906	8539	8016	11525	7476
FBGN0287724	106	108	67	136	213	171
FBGN0031990	10734	11829	11939	12023	15863	9851
FBGN0032033	443	309	328	485	557	309
FBGN0020415	122	135	96	283	399	154
FBGN0032644	633	899	771	1008	1135	967
FBGN0032796	5306	6534	6333	6200	9125	5668
FBGN0065109	12	6	16	26	68	31
FBGN0032109	52	21	31	19	11	14
FBGN0053846	14	6	5	4	26	25
FBGN0031261	150	117	104	136	88	97
FBGN0053855	95	148	141	216	349	317
FBGN0051673	832	997	1039	1087	1350	700
FBGN0053868	6867	8701	7759	9104	12743	6441
FBGN0085197	2	4	3	16	0	9
FBGN0000317	12684	14107	13559	13714	17955	12361
FBGN0259229	68	31	18	7	16	51
FBGN0031603	618	866	802	685	1314	782
FBGN0032053	751	1210	1211	1223	1737	1190
FBGN0002566	5329	6192	5266	7047	10013	6609
FBGN0051643	729	858	840	993	1582	961
FBGN0051663	85	55	35	27	69	69
FBGN0004567	22	41	51	28	10	72
FBGN0031485	1032	1250	1123	1285	1915	1161
FBGN0031496	18	68	70	76	108	115
FBGN0028544	2407	1718	2028	8432	10645	7018
FBGN0051612	224	242	354	398	499	337
FBGN0031390	16470	18546	18327	18963	28271	17853
FBGN0051788	3	2	7	18	4	5
FBGN0031972	619	701	730	660	1310	666
FBGN0001170	337	447	433	537	405	276
FBGN0267365	1649	1982	1429	1891	2189	1574
FBGN0286898	11785	13864	12941	11244	16234	10448
FBGN0032416	28	15	20	16	13	6
FBGN0265138	64	29	13	14	5	19
FBGN0260446	60	49	48	78	11	34
FBGN0032779	181	181	203	187	204	198
FBGN0287218	0	0	3	0	0	0
FBGN0032595	272	251	273	262	621	355
FBGN0262140	0	4	0	0	0	10
FBGN0029161	1847	2020	2211	2723	4844	2565
FBGN0003607	19369	21557	20922	23615	35976	23302
FBGN0031460	13	1	6	16	0	7
FBGN0029137	60	48	94	137	160	68
FBGN0264308	120	69	84	84	106	123
FBGN0262786	6	5	6	0	17	0
FBGN0011291	1038	1411	1069	1155	1598	1062
FBGN0032419	30	13	0	9	0	5
FBGN0031337	16	11	12	8	0	14
FBGN0001989	1720	2297	2505	2454	4049	2263
FBGN0040958	0	6	0	16	0	4
FBGN0031770	14	25	11	13	26	40
FBGN0032147	1260	1125	1374	1378	2233	902
FBGN0031622	37	30	18	22	0	51
FBGN0053809	5	17	2	7	0	17
FBGN0028398	1964	2156	2188	2411	3207	2407
FBGN0031939	171	128	37	213	284	187
FBGN0032850	18	10	3	14	0	9
FBGN0031571	30413	33046	30413	31119	42000	25433
FBGN0031533	23	25	14	15	21	52
FBGN0264433	8	0	6	14	0	1
FBGN0000547	77695	86118	88692	70453	100215	64270
FBGN0003270	2	1	3	24	0	8
FBGN0264362	5	10	0	2	0	3
FBGN0031216	15182	16251	14618	16972	21915	14249
FBGN0032577	2	9	8	25	0	0
FBGN0004867	67056	72362	78765	77365	105473	58325
FBGN0002673	776	868	793	765	1088	702
FBGN0263094	1	5	7	8	0	6
FBGN0032495	253	190	303	506	814	425
FBGN0086855	6162	7043	7122	7542	10749	6752
FBGN0032104	26	67	68	24	3	15
FBGN0032026	5485	5908	5923	6687	9393	6086
FBGN0263200	797	982	955	1042	1228	789
FBGN0053888	1	0	3	0	2	1
FBGN0051908	6657	6726	7993	7813	11608	6807
FBGN0287234	758	676	930	1441	2515	1267
FBGN0031747	73	39	2	12	95	80
FBGN0032518	36777	42964	46496	35761	56889	33351
FBGN0032002	72	79	69	139	63	105
FBGN0031498	268	160	193	197	404	214
FBGN0031517	29	51	33	40	110	44
FBGN0031995	3388	3799	3965	4382	6003	3710
FBGN0000182	89	46	10	51	37	35
FBGN0263079	69	38	58	33	4	28
FBGN0083960	92	90	150	124	152	114
FBGN0053815	1	9	2	6	0	3
FBGN0032632	53	10	0	1	12	11
FBGN0000055	295	338	189	1117	1601	802
FBGN0031791	69	111	88	107	80	71
FBGN0051634	51	34	3	13	17	14
FBGN0031489	28	42	14	82	54	92
FBGN0032839	24	9	2	34	2	24
FBGN0031834	16	12	10	194	302	285
FBGN0053196	251791	235855	224601	278155	390569	208559
FBGN0013810	256	207	200	300	199	241
FBGN0031440	12	8	0	23	0	1
FBGN0064225	92995	111758	109352	141169	198306	108744
FBGN0031692	12	10	11	88	34	19
FBGN0002021	1393	1417	1366	1919	2659	1177
FBGN0023415	16	10	0	0	5	11
FBGN0032880	7813	9137	8259	9399	11608	7058
FBGN0032515	3691	3679	4262	3938	5537	3683
FBGN0031720	5	3	15	20	49	30
FBGN0021967	1901	1831	1866	2584	3506	2352
FBGN0032753	25	8	62	11	25	27
FBGN0261627	3	14	0	0	20	0
FBGN0053818	20	41	10	32	16	9
FBGN0053891	10	13	12	0	5	17
FBGN0032381	25	22	22	9	0	27
FBGN0032016	1802	2063	2180	2642	2851	2080
FBGN0031740	3530	3933	4178	4765	6330	4057
FBGN0032879	100	68	66	77	162	59
FBGN0040097	1	4	2	6	1	0
FBGN0263082	0	1	0	0	0	0
FBGN0032222	1052	1481	1471	1748	2459	1562
FBGN0031662	1716	2283	1895	1861	2548	1705
FBGN0053531	913	1018	783	1147	1495	838
FBGN0014033	327	364	150	380	462	311
FBGN0011274	507	495	447	998	1369	723
FBGN0032022	252	261	244	251	317	209
FBGN0031829	118	145	89	19	75	88
FBGN0028537	780	1336	424	5454	9991	3746
FBGN0040496	1611	1428	1712	2204	2592	1557
FBGN0031826	58	44	30	55	58	35
FBGN0032961	5479	6247	6076	8192	11475	7172
FBGN0031249	16	4	5	45	26	20
FBGN0067622	422	487	291	554	579	445
FBGN0032406	34	2	3	4	34	6
FBGN0000061	4128	4760	4359	4136	6057	3453
FBGN0032871	117	82	59	163	209	133
FBGN0001086	9102	9960	10453	10607	15035	9863
FBGN0259151	122	114	121	26	207	166
FBGN0031951	1549	1926	1870	2580	3826	2070
FBGN0264363	4	1	7	5	0	0
FBGN0053854	0	0	0	0	0	0
FBGN0259716	72	114	79	141	60	169
FBGN0031298	2147	2434	2459	2458	3343	1999
FBGN0031929	12	1	34	44	23	4
FBGN0027586	14	24	66	34	19	43
FBGN0032467	10724	12556	12679	11829	16232	9972
FBGN0051866	2667	2986	2919	3248	3698	2261
FBGN0250786	20630	21794	21918	20325	30284	19342
FBGN0259954	7	3	1	0	1	8
FBGN0031988	3229	3885	3987	3213	4850	3213
FBGN0032868	13	15	7	1	0	27
FBGN0287788	362	368	412	491	599	290
FBGN0261836	706685	755050	648322	630202	920650	537621
FBGN0010097	38	46	52	50	16	37
FBGN0031633	1821	2022	2130	2638	3922	2384
FBGN0053874	1	4	3	0	2	1
FBGN0041111	10434	12056	11732	8922	14660	8908
FBGN0051975	16	64	36	12	37	18
FBGN0031730	35	12	19	50	14	24
FBGN0032006	1849	2038	1514	4047	4692	3898
FBGN0041180	11246	13038	12739	12496	19365	12039
FBGN0031772	741	719	767	1044	1443	840
FBGN0032521	7058	8069	8019	7365	10416	6410
FBGN0085192	398	731	370	681	829	517
FBGN0286198	462	780	753	727	816	653
FBGN0262999	10	0	4	0	0	1
FBGN0032704	5077	5658	5488	6810	8584	6123
FBGN0031792	31	28	1	1	9	19
FBGN0032271	55	31	14	0	18	12
FBGN0032240	1326	1975	1655	1735	2727	1655
FBGN0031961	3090	3399	2882	4075	4714	3094
FBGN0031313	16	63	27	114	125	20
FBGN0032181	3	7	2	2	0	14
FBGN0031731	16	7	24	23	14	3
FBGN0031906	54	54	27	58	22	50
FBGN0031597	1390	1479	1430	1661	2258	1441
FBGN0031344	552	483	607	728	790	432
FBGN0032969	33	14	30	67	70	23
FBGN0032817	19730	21920	22068	21770	33254	18967
FBGN0086710	46574	52449	55215	53002	74648	43904
FBGN0022069	8751	9958	9940	11038	15746	10016
FBGN0031606	4456	4909	5083	5462	7684	4529
FBGN0053543	42	9	8	12	28	27
FBGN0027081	16335	17940	18645	19704	28253	18029
FBGN0010607	1805	1860	1653	1888	2650	1879
FBGN0031776	2441	3190	2902	3251	4838	2814
FBGN0032192	661	741	722	846	1078	872
FBGN0031907	27	60	31	67	71	72
FBGN0053845	0	0	0	0	0	0
FBGN0264978	4037	4042	4542	4317	6682	4109
FBGN0028675	160	140	163	153	131	148
FBGN0020618	110996	120397	131755	105468	149956	79108
FBGN0028425	3060	3776	3731	3350	4901	2630
FBGN0053842	0	1	0	6	0	0
FBGN0032724	1937	2104	2319	2112	3195	1935
FBGN0086912	4449	4987	4534	6211	8976	5898
FBGN0031636	24	26	25	49	23	14
FBGN0266445	234	193	86	149	201	152
FBGN0052984	54	14	9	28	38	28
FBGN0032789	23	8	2	2	2	4
FBGN0265668	1	0	0	6	0	0
FBGN0265778	14317	14673	15126	16959	22892	14019
FBGN0051694	5566	6655	6897	6905	10844	6183
FBGN0031471	20	13	10	33	66	18
FBGN0085407	383	334	351	438	666	518
FBGN0003963	6376	7644	7270	8152	10380	6715
FBGN0014010	6211	7160	6874	6407	8570	5665
FBGN0016675	11	3	4	22	26	10
FBGN0065110	67	9	26	20	8	30
FBGN0267255	14	7	4	12	0	0
FBGN0000180	9551	11625	11754	9310	12856	8595
FBGN0053909	41	21	18	36	0	12
FBGN0264343	4	1	6	22	8	8
FBGN0031955	102	44	20	28	40	67
FBGN0051704	10	1	1	7	5	1
FBGN0267489	28	2	0	8	0	0
FBGN0046697	0	2	3	3	0	0
FBGN0001313	5	15	9	0	19	26
FBGN0267592	32	0	12	4	16	12
FBGN0267432	42	23	10	1	86	13
FBGN0046698	1	0	0	0	0	0
FBGN0267903	2	2	0	0	0	0
FBGN0267490	37	0	0	7	29	14
FBGN0267412	14	0	0	0	7	18
FBGN0265047	3557	4132	4001	4467	5715	3699
FBGN0261399	14	0	0	0	0	0
FBGN0058064	0	0	5	0	0	0
FBGN0267904	6	2	6	0	0	0
FBGN0267411	35	0	0	0	7	24
FBGN0267413	24	0	0	0	1	8
FBGN0267449	15	1	3	10	0	8
FBGN0267492	0	0	0	0	1	0
FBGN0267905	0	0	6	0	0	3
FBGN0267433	52	15	23	0	22	24
FBGN0046323	6	1	7	0	0	12
FBGN0267417	0	0	0	0	5	10
FBGN0267491	21	0	7	0	0	19
FBGN0267493	0	0	0	0	41	8
FBGN0039925	71	13	41	76	36	69
FBGN0042696	148	58	36	41	130	79
FBGN0039929	4202	5252	5378	6666	9457	6289
FBGN0002521	6819	7561	6445	7104	8976	7127
FBGN0005558	91	70	54	137	109	110
FBGN0028996	115	67	146	165	168	259
FBGN0287597	1284	1499	1307	1415	2209	1602
FBGN0004607	120329	133853	120625	122107	164442	105535
FBGN0263112	6926	8173	6517	8371	10358	7853
FBGN0052000	15633	17553	15447	19021	26708	18560
FBGN0039923	12873	16511	13868	14835	20161	14613
FBGN0039937	33	15	0	66	0	6
FBGN0259216	193	90	71	97	144	141
FBGN0039915	186	96	84	118	122	169
FBGN0039889	2205	2878	2045	2463	3299	2618
FBGN0039897	758	650	696	1228	1383	1045
FBGN0010217	34804	39933	38586	41679	55108	33235
FBGN0004859	53520	62845	55719	57594	75159	51950
FBGN0039924	4055	5002	4653	4188	5647	3939
FBGN0019985	112	73	81	17	35	33
FBGN0022361	2026	2617	2153	2356	3156	2342
FBGN0053978	35248	39854	32417	39599	50820	38213
FBGN0016126	4355	5902	4736	5503	7439	5019
FBGN0019650	85	30	101	30	35	31
FBGN0023213	74611	85990	75431	79682	108753	72778
FBGN0005561	191	91	135	32	18	103
FBGN0039909	5402	6170	5829	5962	7852	5357
FBGN0027101	8604	11239	8860	8849	11099	8957
FBGN0039920	9163	10766	9386	9781	14595	9803
FBGN0039900	61	34	18	56	37	22
FBGN0087002	2952	3517	1477	12407	14354	12987
FBGN0025741	47500	53343	46307	42786	55988	41001
FBGN0053481	59	22	22	14	0	9
FBGN0051998	22529	25758	22838	23569	31984	21942
FBGN0262636	131	92	94	155	181	185
FBGN0039932	122	40	47	41	42	77
FBGN0024728	7687	9431	7943	8460	11330	8590
FBGN0052016	11854	13894	12352	14035	17890	11806
FBGN0040324	7978	9800	8308	7495	8622	7302
FBGN0039896	38	89	22	72	67	50
FBGN0026777	9651	11158	9964	11793	16388	10454
FBGN0025740	36975	41750	34381	36759	47553	35705
FBGN0259214	34484	41348	35179	34493	46544	31350
FBGN0052017	100	54	46	67	98	117
FBGN0267363	59	32	61	59	20	29
FBGN0024811	4686	5943	4866	5732	6929	5314
FBGN0262731	896	995	850	1198	1225	989
FBGN0085432	11109	12480	10626	11068	14381	9948
FBGN0051992	37201	42413	39002	38859	51924	35089
FBGN0053653	202	118	105	920	1347	793
FBGN0039911	198	121	88	148	188	119
FBGN0051999	943	1034	965	1510	2091	1215
FBGN0017545	55413	69382	62971	65793	89003	56220
FBGN0026262	16124	19688	16316	18428	24274	17479
FBGN0039908	4486	5393	4678	4630	5406	4325
FBGN0264607	5863	7449	6397	7644	10206	7313
FBGN0011747	22812	26952	23857	26488	33618	24705
FBGN0039928	13308	15139	13330	12722	15642	11945
FBGN0039904	23608	25868	24465	25968	36007	23798
FBGN0039936	24825	27791	25937	26543	35538	25276
FBGN0039927	273	187	205	215	462	182
FBGN0039930	213	238	449	711	826	537
FBGN0026869	28681	29865	27803	28628	39241	26158
FBGN0039890	5878	7528	6620	6148	8470	5732
FBGN0051997	4574	5545	4880	3460	4288	3489
FBGN0024913	104	48	44	19	1	65
FBGN0039907	16666	18803	17726	18331	24506	16526
FBGN0039916	160	96	87	63	48	54
FBGN0011642	6082	7023	5994	5889	7607	5991
FBGN0250819	148	81	56	200	302	209
FBGN0052850	468	450	392	573	759	523
FBGN0039902	2715	3425	3109	2742	4117	2504
FBGN0039938	2028	2377	2563	1935	2406	1722
FBGN0005666	2323	1772	999	5742	8974	4170
FBGN0025726	31404	37711	28642	27685	34049	25070
FBGN0052006	68	26	68	19	6	28
FBGN0013749	2639	3390	2747	3374	3580	2922
FBGN0026199	4164	5669	4199	4575	6191	4590
FBGN0025936	19111	22916	19363	21230	26682	18044
FBGN0039914	8768	9759	8460	8954	10836	8563
FBGN0013680	0	0	0	0	0	0
FBGN0013676	0	0	0	0	0	0
FBGN0013681	0	0	0	0	0	0
FBGN0013678	0	0	0	0	0	0
FBGN0013672	0	0	0	0	0	0
FBGN0013674	0	0	0	0	0	0
FBGN0262952	0	0	0	0	0	0
FBGN0013684	0	0	0	0	0	0
FBGN0013679	0	0	0	0	0	0
FBGN0013685	0	0	0	0	0	0
FBGN0013673	0	0	0	0	0	0
FBGN0013675	0	0	0	0	0	0
FBGN0013683	0	0	0	0	0	0
FBGN0261386	0	0	0	0	0	0
FBGN0040038	0	0	0	0	0	0
FBGN0085692	0	0	0	0	0	0
FBGN0259817	0	0	0	0	0	0
FBGN0085506	0	0	0	0	0	0
