Geneid	RpS3_A_Ribo	RpS3_B_Ribo	RpS3_C_Ribo	Xrp1_A_Ribo	Xrp1_B_Ribo	Xrp1_C_Ribo
FBGN0038542	0	0	0	0	0	0
FBGN0039592	0	0	0	0	0	1
FBGN0038067	0	0	0	0	0	0
FBGN0039602	16	22	51	37	54	55
FBGN0264897	0	0	0	0	0	0
FBGN0038565	0	0	0	0	0	0
FBGN0039331	0	0	0	0	0	0
FBGN0019972	98	104	112	178	229	195
FBGN0046873	0	0	0	0	0	0
FBGN0038756	0	0	2	0	0	4
FBGN0039627	47	32	52	50	66	74
FBGN0039436	0	0	0	0	0	0
FBGN0051092	129	161	245	253	341	359
FBGN0039089	1	0	0	0	7	0
FBGN0064119	0	0	0	0	0	0
FBGN0250820	24	34	30	41	85	60
FBGN0284229	0	0	0	0	0	0
FBGN0038886	0	0	0	0	0	0
FBGN0038243	4	0	0	2	1	3
FBGN0283468	98	116	163	172	220	181
FBGN0038598	0	0	0	0	1	0
FBGN0038407	7	3	7	6	7	6
FBGN0038627	34	12	13	10	17	21
FBGN0027654	0	5	0	2	0	0
FBGN0037236	51	56	102	127	163	145
FBGN0003890	6	26	31	56	164	158
FBGN0000463	262	393	648	445	673	651
FBGN0039761	0	0	0	0	0	0
FBGN0051415	0	0	0	0	0	0
FBGN0037970	0	0	0	0	0	0
FBGN0051463	0	0	0	0	0	0
FBGN0051077	0	0	0	0	0	0
FBGN0037723	71	51	66	71	134	106
FBGN0028374	0	6	0	0	0	0
FBGN0004622	0	0	0	0	0	0
FBGN0053207	14	12	27	17	36	19
FBGN0038890	35	36	35	34	57	40
FBGN0010770	88	82	147	89	106	128
FBGN0046763	156	65	128	214	293	279
FBGN0038465	11	15	13	2	3	4
FBGN0038402	0	1	0	0	0	0
FBGN0261108	33	30	34	81	118	91
FBGN0039087	0	0	0	0	0	0
FBGN0262605	0	0	0	0	0	0
FBGN0263040	0	0	0	0	0	0
FBGN0020907	25	2	0	0	0	0
FBGN0038903	10	23	34	13	22	26
FBGN0037472	62	50	67	64	106	87
FBGN0263977	446	459	634	350	418	340
FBGN0261060	0	0	0	0	0	0
FBGN0015568	0	0	1	0	0	1
FBGN0011270	0	0	0	0	0	0
FBGN0051116	0	0	2	0	0	1
FBGN0262577	352	20	37	0	0	0
FBGN0039030	0	0	0	0	0	0
FBGN0053105	0	0	0	0	0	0
FBGN0037516	0	0	0	0	0	0
FBGN0051265	0	0	0	0	0	0
FBGN0051163	175	103	193	280	334	293
FBGN0039189	33	44	53	27	61	31
FBGN0039858	78	58	96	112	171	137
FBGN0261561	9	2	2	6	5	21
FBGN0002905	110	141	173	155	196	188
FBGN0003676	931	737	1056	1051	1597	1508
FBGN0040629	0	0	0	0	0	0
FBGN0038246	0	1	0	0	0	0
FBGN0043005	0	0	0	0	0	0
FBGN0038815	11	11	27	25	46	22
FBGN0015569	2	6	12	2	13	11
FBGN0038960	0	0	0	0	0	0
FBGN0067317	0	0	0	0	0	0
FBGN0039544	25	26	51	22	33	25
FBGN0038356	0	0	0	0	0	0
FBGN0051437	0	0	0	0	0	0
FBGN0028400	0	16	0	0	0	1
FBGN0039233	68	49	73	66	95	103
FBGN0288631	97	77	102	164	189	182
FBGN0039225	0	0	0	0	0	0
FBGN0051327	0	0	0	0	0	0
FBGN0261290	0	0	0	0	0	0
FBGN0002609	4	2	7	17	54	31
FBGN0051013	0	0	0	0	0	0
FBGN0037898	5	10	16	6	13	7
FBGN0051206	0	0	0	0	0	0
FBGN0038037	1	5	2	2	0	0
FBGN0037449	0	0	0	0	0	0
FBGN0002924	152	175	267	260	345	370
FBGN0037623	8	4	18	25	34	29
FBGN0038989	119	116	184	137	159	184
FBGN0038526	0	0	0	0	0	0
FBGN0038203	0	0	0	0	0	0
FBGN0037608	65	60	85	52	86	75
FBGN0260713	0	0	0	0	0	0
FBGN0037483	0	0	1	0	0	0
FBGN0028476	65	49	79	99	110	93
FBGN0038046	235	159	323	215	322	340
FBGN0051202	0	0	0	0	0	0
FBGN0039147	0	0	2	0	0	0
FBGN0038349	75	56	96	92	94	126
FBGN0010441	25	41	50	33	77	80
FBGN0039402	125	111	172	95	141	123
FBGN0037715	5	6	5	6	13	7
FBGN0010399	0	3	0	0	0	0
FBGN0267975	118	119	170	120	143	147
FBGN0015331	44	49	80	76	93	117
FBGN0027948	604	596	871	829	1108	1074
FBGN0011655	84	92	100	114	138	149
FBGN0266758	31	27	59	9	8	9
FBGN0004781	0	0	0	0	0	0
FBGN0085346	6	2	4	1	2	2
FBGN0039075	0	1	0	0	0	0
FBGN0000274	0	0	0	0	0	1
FBGN0039448	0	0	0	0	0	0
FBGN0003356	0	2	4	0	1	0
FBGN0039094	10	6	8	7	2	3
FBGN0010044	0	0	0	0	0	0
FBGN0051223	35	32	39	54	57	42
FBGN0263490	67	53	108	104	174	157
FBGN0250910	0	0	0	0	0	0
FBGN0262617	24	28	49	77	97	93
FBGN0038360	68	74	139	60	73	88
FBGN0051352	8	4	2	6	16	7
FBGN0037290	3	6	0	0	0	0
FBGN0038069	0	0	0	0	0	0
FBGN0037262	17	8	27	29	68	71
FBGN0045473	0	0	0	0	0	0
FBGN0039840	0	0	0	0	0	0
FBGN0037679	13	12	12	5	10	11
FBGN0039282	0	4	0	0	0	0
FBGN0037896	0	0	0	0	0	0
FBGN0266668	54	87	85	101	127	115
FBGN0037363	60	57	85	87	130	126
FBGN0014018	73	81	129	72	130	131
FBGN0037552	59	42	56	43	30	26
FBGN0037488	0	0	0	0	0	0
FBGN0038597	122	165	209	172	262	268
FBGN0082582	153	147	152	196	310	305
FBGN0040279	49	48	66	19	22	28
FBGN0261844	11	12	20	17	29	31
FBGN0002868	2	5	0	0	0	0
FBGN0037589	0	0	0	0	0	0
FBGN0038468	0	0	0	0	0	0
FBGN0010389	27	36	47	37	85	57
FBGN0039371	0	0	0	0	0	0
FBGN0259152	146	169	192	112	141	133
FBGN0051560	0	0	0	0	0	0
FBGN0037782	1	0	3	0	0	0
FBGN0039347	0	0	0	0	0	0
FBGN0037668	0	0	0	0	0	0
FBGN0038881	137	159	235	259	288	273
FBGN0011669	0	0	0	0	0	0
FBGN0038796	0	0	0	0	0	0
FBGN0038014	0	0	0	0	0	0
FBGN0038210	0	0	0	0	0	0
FBGN0041621	0	0	0	0	0	0
FBGN0037911	10	8	10	7	25	11
FBGN0037685	0	0	0	0	0	0
FBGN0039015	0	0	0	0	0	0
FBGN0037254	0	0	0	0	0	0
FBGN0266137	0	0	0	0	0	0
FBGN0053337	0	0	0	0	0	0
FBGN0038460	0	0	0	0	0	0
FBGN0261053	115	88	162	204	287	267
FBGN0037375	0	3	0	0	1	0
FBGN0014930	10	13	10	7	11	5
FBGN0037626	0	0	0	0	0	0
FBGN0051051	0	0	0	0	2	0
FBGN0286204	1	0	0	1	2	0
FBGN0045035	91	131	167	122	177	182
FBGN0037754	0	0	1	0	0	0
FBGN0051017	0	0	0	0	0	0
FBGN0039795	26	24	24	390	692	552
FBGN0038476	548	595	871	960	1290	1187
FBGN0037461	0	0	0	0	0	0
FBGN0051407	0	0	0	0	0	0
FBGN0039003	46	24	39	51	82	44
FBGN0039731	22	36	46	27	47	22
FBGN0038003	0	0	0	0	0	0
FBGN0087013	1199	1353	1969	1318	1721	1711
FBGN0259733	2	0	0	0	2	1
FBGN0266176	0	0	0	0	0	0
FBGN0038302	14	8	23	23	14	9
FBGN0263596	0	0	0	0	0	0
FBGN0037424	0	0	0	0	0	0
FBGN0051076	0	4	1	3	2	2
FBGN0002735	7	3	7	3	6	12
FBGN0038462	9	9	12	20	33	37
FBGN0039584	0	0	0	0	0	0
FBGN0028487	2	2	3	1	2	5
FBGN0044511	20	30	17	29	36	40
FBGN0039522	0	0	0	0	0	0
FBGN0051542	0	0	0	0	0	0
FBGN0085328	0	0	0	0	0	0
FBGN0038447	0	0	0	0	0	0
FBGN0037822	9	12	21	10	11	31
FBGN0037504	92	69	100	114	143	131
FBGN0037963	581	581	694	892	996	957
FBGN0039368	0	0	0	0	0	0
FBGN0042102	3	0	2	0	0	1
FBGN0037677	0	0	0	0	0	0
FBGN0038499	49	54	73	105	112	110
FBGN0037572	0	0	0	0	0	0
FBGN0266916	48	72	108	102	143	117
FBGN0038887	0	0	0	0	0	0
FBGN0040227	677	732	907	832	1255	1413
FBGN0039312	7	0	1	1	0	0
FBGN0039599	0	0	0	0	0	0
FBGN0037688	18	20	22	59	51	34
FBGN0044823	8	0	0	9	3	4
FBGN0013813	0	0	0	0	0	0
FBGN0039081	0	0	0	0	0	0
FBGN0263400	0	1	0	0	0	0
FBGN0038331	9	10	8	13	23	15
FBGN0038515	21	15	27	36	59	46
FBGN0039108	0	0	0	1	0	0
FBGN0025574	107	87	125	107	192	142
FBGN0039298	0	0	0	0	0	0
FBGN0038914	0	0	0	0	0	0
FBGN0038760	93	116	135	133	200	194
FBGN0014861	415	394	483	405	540	626
FBGN0037892	16	12	20	14	16	20
FBGN0010803	121	98	150	144	150	160
FBGN0051122	73	88	115	131	153	161
FBGN0286199	0	0	0	0	0	0
FBGN0038173	0	0	0	0	0	0
FBGN0038354	0	2	0	0	0	0
FBGN0004779	0	0	0	0	0	0
FBGN0004118	0	1	0	0	0	0
FBGN0037995	0	0	0	0	0	0
FBGN0027512	88	67	95	97	122	114
FBGN0051106	0	0	0	0	0	0
FBGN0286506	40	28	64	42	41	37
FBGN0039439	0	0	0	0	0	0
FBGN0037964	0	0	0	0	0	0
FBGN0039625	17	29	28	9	15	12
FBGN0039723	0	0	0	0	0	0
FBGN0262955	578	657	830	697	869	804
FBGN0039613	6	2	6	1	1	0
FBGN0051103	4	0	10	2	1	3
FBGN0039807	2	0	0	7	3	8
FBGN0051493	0	0	0	0	0	0
FBGN0038868	8	20	16	26	42	42
FBGN0038787	18	10	28	39	84	68
FBGN0039154	1	3	1	2	1	6
FBGN0051158	102	78	145	147	220	215
FBGN0039600	334	307	548	417	528	523
FBGN0038219	0	0	0	0	0	0
FBGN0262473	100	100	120	194	242	236
FBGN0083984	6	19	22	6	1	6
FBGN0038878	22	6	1	3	0	0
FBGN0039523	0	0	0	0	0	0
FBGN0004389	0	0	0	0	0	0
FBGN0038877	17	15	11	21	57	40
FBGN0039356	10	6	16	8	12	12
FBGN0037455	0	0	0	0	0	0
FBGN0039264	0	0	0	0	0	0
FBGN0287211	0	0	0	0	0	0
FBGN0037994	0	0	0	0	0	0
FBGN0004885	385	462	632	781	1059	958
FBGN0038136	0	0	0	0	0	0
FBGN0051390	56	77	90	119	149	143
FBGN0038948	30	32	48	32	77	60
FBGN0038601	61	64	110	97	167	144
FBGN0264836	0	0	0	0	0	0
FBGN0000277	0	0	0	0	0	0
FBGN0038751	0	0	0	0	0	0
FBGN0266172	0	0	0	0	0	0
FBGN0264326	107	84	134	107	166	167
FBGN0051088	0	0	0	0	0	0
FBGN0039188	44	31	46	49	78	76
FBGN0266448	0	0	0	0	0	0
FBGN0025456	24	21	29	7	18	20
FBGN0040602	0	4	0	0	0	0
FBGN0037386	1	0	0	0	0	0
FBGN0051156	28	25	41	40	57	35
FBGN0037265	7	5	8	4	7	15
FBGN0004197	356	317	584	558	846	779
FBGN0085305	0	0	0	0	0	0
FBGN0037857	0	0	0	0	0	0
FBGN0044810	0	0	0	0	0	0
FBGN0037955	95	77	115	107	149	129
FBGN0037270	219	181	232	298	582	506
FBGN0264899	0	0	0	0	0	0
FBGN0039139	60	55	79	68	89	101
FBGN0041229	0	0	0	0	0	0
FBGN0039286	1	11	1	5	1	5
FBGN0037251	6	1	11	8	8	11
FBGN0051050	0	0	0	0	0	0
FBGN0037719	36	29	37	52	87	63
FBGN0039093	0	0	0	0	0	0
FBGN0016685	939	753	1338	1183	1551	1563
FBGN0038584	21	21	34	18	27	27
FBGN0051337	0	0	0	0	7	0
FBGN0028692	997	1137	1731	1273	1798	1833
FBGN0037727	0	0	0	0	0	0
FBGN0002734	5	11	9	20	30	21
FBGN0037563	0	0	0	0	0	105
FBGN0053100	14	18	23	20	44	23
FBGN0038089	0	0	0	0	0	0
FBGN0022800	31	60	79	59	91	88
FBGN0051086	0	2	0	0	0	0
FBGN0042105	0	0	0	0	0	0
FBGN0038575	0	0	0	0	0	0
FBGN0045442	0	0	0	0	0	0
FBGN0051404	0	0	0	0	0	0
FBGN0027657	15	3	81	3	13	2
FBGN0262823	0	0	0	0	0	0
FBGN0039240	51	49	89	97	124	101
FBGN0037792	70	41	86	86	132	122
FBGN0261840	0	2	0	3	6	0
FBGN0039505	8	7	12	7	24	26
FBGN0039790	65	53	68	115	144	139
FBGN0010173	960	975	1555	504	693	718
FBGN0039527	24	13	12	116	159	125
FBGN0015570	13	26	37	0	0	0
FBGN0051015	0	0	0	0	0	3
FBGN0037617	21	15	49	15	48	28
FBGN0039748	0	0	0	0	2	0
FBGN0028422	0	0	0	0	0	0
FBGN0038731	0	0	0	0	0	0
FBGN0038043	105	101	136	140	176	181
FBGN0004777	1	0	0	0	0	0
FBGN0037293	57	60	67	57	63	53
FBGN0039009	0	0	0	0	0	0
FBGN0039766	14	2	1	4	4	4
FBGN0039283	0	9	0	7	0	3
FBGN0037818	2	0	0	0	0	0
FBGN0037492	7	10	21	5	14	6
FBGN0039668	57	57	53	91	174	150
FBGN0014427	167	192	234	357	509	395
FBGN0261286	133	153	178	180	218	272
FBGN0038282	0	1	0	0	0	0
FBGN0038473	273	289	367	197	200	257
FBGN0039016	68	72	87	120	144	129
FBGN0039067	30	25	48	47	54	34
FBGN0087012	0	0	0	0	0	0
FBGN0039555	67	60	90	95	149	136
FBGN0053970	43	19	57	61	91	61
FBGN0085326	0	0	0	0	0	0
FBGN0037538	119	113	171	141	202	171
FBGN0086768	8	1	6	20	41	27
FBGN0038722	67	80	157	93	197	164
FBGN0259244	96	101	195	110	175	226
FBGN0037481	15	33	23	15	39	33
FBGN0039810	0	0	0	0	0	0
FBGN0040534	157	338	463	192	184	158
FBGN0014135	2	3	5	0	7	3
FBGN0039058	0	0	0	0	0	0
FBGN0085308	5	0	14	1	0	0
FBGN0051119	3	0	0	0	0	0
FBGN0037625	0	0	0	0	0	0
FBGN0262559	129	203	330	117	212	186
FBGN0051528	0	0	0	0	0	0
FBGN0278600	0	0	0	0	0	0
FBGN0038369	108	80	135	97	157	158
FBGN0039483	0	0	0	0	0	0
FBGN0040679	0	0	0	0	0	0
FBGN0039663	8	6	3	5	19	1
FBGN0046332	0	0	0	0	0	0
FBGN0046214	672	848	1529	511	689	714
FBGN0037655	70	67	143	79	118	97
FBGN0038692	31	37	48	51	70	44
FBGN0263401	0	0	0	0	0	0
FBGN0000036	0	2	0	0	7	7
FBGN0038397	0	0	0	0	0	0
FBGN0037467	88	93	144	90	101	92
FBGN0039778	0	0	0	0	0	0
FBGN0039169	35	42	47	54	71	78
FBGN0000015	0	0	0	0	0	0
FBGN0010247	274	324	389	212	197	170
FBGN0037607	717	672	1035	1199	1791	1764
FBGN0261847	38	2	7	0	0	0
FBGN0039449	6	17	12	27	45	38
FBGN0037798	0	0	0	0	0	0
FBGN0261789	216	236	441	124	185	183
FBGN0002542	201	195	301	247	375	345
FBGN0015790	150	152	166	240	313	328
FBGN0053339	0	0	0	0	0	0
FBGN0043799	17	15	16	12	22	21
FBGN0038450	0	0	0	0	0	0
FBGN0086613	102	138	162	157	182	173
FBGN0259975	0	0	0	0	0	0
FBGN0086355	234	266	283	205	297	294
FBGN0037489	132	125	167	140	220	217
FBGN0051098	22	11	12	7	10	19
FBGN0037399	0	0	0	0	0	0
FBGN0014869	92	169	218	78	119	106
FBGN0003884	4131	4661	5354	6056	10011	10347
FBGN0042206	2	2	6	5	0	0
FBGN0029503	73	66	100	79	87	79
FBGN0037322	0	0	0	0	0	0
FBGN0039806	0	0	0	0	0	0
FBGN0051533	0	0	0	0	0	0
FBGN0027866	172	157	271	157	250	296
FBGN0039835	54	57	70	55	70	58
FBGN0037703	36	35	54	63	62	71
FBGN0038952	0	0	0	0	0	0
FBGN0039085	0	0	0	0	0	0
FBGN0026399	0	0	0	0	0	0
FBGN0037609	39	19	21	32	42	27
FBGN0010015	1	2	0	0	0	0
FBGN0037304	0	0	0	0	0	0
FBGN0263782	42	53	55	47	113	102
FBGN0026563	0	0	0	0	0	0
FBGN0051100	5	4	3	1	6	1
FBGN0046247	2	0	2	21	14	32
FBGN0037739	30	25	40	42	79	40
FBGN0039671	0	0	0	4	1	118
FBGN0086610	0	0	0	0	0	0
FBGN0039157	3	5	11	3	8	6
FBGN0037291	0	0	4	0	0	0
FBGN0039437	0	0	0	0	0	0
FBGN0039118	1	3	1	0	6	14
FBGN0038404	6	2	1	0	1	8
FBGN0043043	0	0	0	0	0	0
FBGN0039862	0	0	0	0	0	0
FBGN0039367	0	0	0	0	0	0
FBGN0261860	0	0	0	0	0	0
FBGN0015781	24	27	48	29	48	37
FBGN0039158	22	11	33	27	58	34
FBGN0004107	41	43	74	75	101	95
FBGN0039193	0	0	0	0	0	0
FBGN0039251	0	0	0	1	1	2
FBGN0039854	10	11	12	12	19	12
FBGN0051141	0	0	0	0	0	0
FBGN0038388	6	9	4	7	18	12
FBGN0039313	7	1	0	0	0	0
FBGN0042710	0	0	0	0	0	0
FBGN0037342	55	33	67	73	97	82
FBGN0038592	0	0	0	0	0	3
FBGN0039354	0	0	0	0	0	0
FBGN0024963	0	1	0	0	0	0
FBGN0083971	0	0	0	0	0	0
FBGN0038102	0	0	0	0	0	0
FBGN0038535	548	615	814	904	1591	1249
FBGN0264357	52	56	96	135	147	155
FBGN0027492	191	180	269	403	590	478
FBGN0039194	0	0	0	0	0	0
FBGN0026380	235	195	317	376	599	431
FBGN0038042	0	1	0	0	0	0
FBGN0004595	1	8	2	1	4	0
FBGN0038651	117	95	152	167	235	184
FBGN0038571	30	25	54	51	32	59
FBGN0020385	69	94	119	91	135	146
FBGN0037761	0	0	0	0	0	0
FBGN0037876	10	6	15	13	26	17
FBGN0003861	0	0	0	0	0	0
FBGN0260462	313	292	382	434	696	621
FBGN0001281	0	0	0	0	0	0
FBGN0024912	93	55	124	20	17	34
FBGN0039467	0	0	0	0	0	0
FBGN0259831	0	0	0	0	0	0
FBGN0026250	230	221	304	255	301	256
FBGN0038893	23	19	39	23	17	21
FBGN0037448	0	0	3	1	0	0
FBGN0262982	0	0	0	0	0	0
FBGN0038436	0	0	0	0	0	0
FBGN0038979	0	0	0	0	0	0
FBGN0025781	48	53	68	124	162	134
FBGN0262010	0	0	0	0	0	0
FBGN0038845	0	0	0	0	0	0
FBGN0004510	34	32	23	57	53	60
FBGN0039581	173	185	257	253	342	308
FBGN0264563	0	0	0	0	0	0
FBGN0266173	0	0	0	0	0	0
FBGN0037720	53	35	40	51	77	73
FBGN0051081	0	0	0	0	0	0
FBGN0262582	199	200	306	354	445	391
FBGN0038114	2	1	0	0	0	0
FBGN0037713	9	5	10	15	13	20
FBGN0039187	51	42	63	57	92	84
FBGN0005671	186	184	188	261	484	428
FBGN0267385	417	361	500	435	709	780
FBGN0039043	43	31	34	51	126	114
FBGN0039215	46	38	117	38	65	68
FBGN0038953	177	131	189	75	100	102
FBGN0039670	0	0	0	11	10	441
FBGN0266579	0	0	0	0	0	0
FBGN0024555	340	287	381	632	882	906
FBGN0038611	0	0	0	0	0	0
FBGN0037814	16	17	21	29	31	46
FBGN0037900	4	4	11	4	12	11
FBGN0038643	0	0	0	9	2	216
FBGN0002441	74	71	135	141	160	135
FBGN0038053	58	50	47	67	80	72
FBGN0023212	36	24	30	28	75	29
FBGN0261838	1	0	7	5	3	10
FBGN0038820	0	0	0	0	0	0
FBGN0019828	0	0	0	0	0	0
FBGN0039336	18	41	76	7	10	18
FBGN0063649	2	0	0	0	0	1
FBGN0038421	29	24	30	28	21	35
FBGN0039261	140	127	210	278	377	373
FBGN0051029	0	1	0	0	2	0
FBGN0039577	0	0	0	0	0	0
FBGN0038377	0	0	0	0	0	0
FBGN0261808	5	8	35	7	14	7
FBGN0039366	0	0	0	0	0	0
FBGN0037647	24	33	46	54	51	57
FBGN0039210	35	77	70	73	60	70
FBGN0039213	190	151	250	294	423	367
FBGN0038002	0	0	0	1	0	1
FBGN0039832	0	0	0	0	0	0
FBGN0037433	72	83	101	122	210	215
FBGN0266064	151	119	187	234	280	272
FBGN0038821	0	0	0	0	0	0
FBGN0261287	0	0	0	0	0	0
FBGN0010225	62	166	154	13	10	15
FBGN0039099	0	0	1	0	0	0
FBGN0037675	0	0	0	0	0	0
FBGN0038686	49	42	77	50	71	44
FBGN0039655	0	0	0	0	0	0
FBGN0027562	0	0	0	0	0	0
FBGN0038159	0	0	0	0	0	0
FBGN0037828	0	0	0	0	0	0
FBGN0037454	0	0	0	0	0	0
FBGN0260386	10	6	20	17	19	36
FBGN0004172	0	0	0	0	0	0
FBGN0038510	0	0	0	0	0	0
FBGN0039704	248	183	268	512	768	700
FBGN0037949	24	30	16	24	44	48
FBGN0039594	114	121	149	117	182	214
FBGN0262005	9	0	0	0	0	0
FBGN0260935	29	35	39	61	56	47
FBGN0266454	0	0	0	0	0	0
FBGN0053783	0	0	0	0	0	0
FBGN0037920	11	6	18	14	21	40
FBGN0260940	27	49	57	31	65	31
FBGN0039269	41	55	97	54	78	66
FBGN0037746	92	117	154	161	210	227
FBGN0039712	23	22	29	19	43	35
FBGN0262362	0	0	0	0	0	0
FBGN0039337	32	30	33	35	60	50
FBGN0038486	0	0	0	0	0	0
FBGN0259215	0	0	0	0	0	0
FBGN0267408	350	281	451	3	1	0
FBGN0000047	7	7	22	4	29	14
FBGN0039343	0	0	0	0	0	0
FBGN0038196	103	77	163	85	86	82
FBGN0250846	0	0	0	0	0	0
FBGN0039727	58	42	72	91	117	90
FBGN0040608	0	0	0	0	0	0
FBGN0267652	0	0	0	0	0	0
FBGN0052939	0	0	0	0	0	0
FBGN0038028	0	0	0	0	0	0
FBGN0003117	18	15	31	51	94	66
FBGN0051140	0	1	0	0	6	1
FBGN0037224	0	0	0	0	0	0
FBGN0004913	164	240	360	193	232	282
FBGN0037297	17	8	12	29	47	37
FBGN0039626	59	71	106	52	72	114
FBGN0263118	1	0	0	3	0	0
FBGN0038275	49	64	151	46	75	94
FBGN0039475	0	2	0	0	0	0
FBGN0039304	23	13	44	48	63	50
FBGN0038167	23	15	20	23	32	22
FBGN0038922	45	42	65	61	136	123
FBGN0037838	25	24	19	31	40	36
FBGN0051019	0	0	0	0	0	0
FBGN0051004	5	1	6	0	0	4
FBGN0037689	15	15	12	50	71	64
FBGN0037974	2	0	2	0	0	0
FBGN0039153	22	4	26	18	13	9
FBGN0038057	39	30	41	28	37	44
FBGN0051157	0	1	0	0	0	0
FBGN0046886	0	0	0	0	0	0
FBGN0038968	176	177	288	236	285	321
FBGN0039342	0	0	0	0	0	0
FBGN0045469	0	0	0	0	0	0
FBGN0051321	0	0	0	0	0	0
FBGN0037670	70	58	64	66	82	93
FBGN0039064	0	6	0	0	5	1
FBGN0016754	21	13	13	18	40	46
FBGN0039490	2	0	0	0	0	0
FBGN0003065	0	0	0	0	0	0
FBGN0038131	0	0	0	0	0	0
FBGN0259212	321	330	475	381	559	534
FBGN0053333	1	0	0	0	0	0
FBGN0038359	0	0	0	0	0	0
FBGN0083969	30	36	49	40	82	79
FBGN0001255	84	71	77	358	601	409
FBGN0039200	0	0	0	0	0	0
FBGN0039466	102	116	170	169	173	207
FBGN0262483	0	0	0	0	0	0
FBGN0039740	55	51	54	30	65	59
FBGN0051523	61	49	73	81	97	105
FBGN0037912	32	45	50	48	88	75
FBGN0039234	116	100	145	179	239	261
FBGN0039128	28	16	33	7	21	23
FBGN0039510	0	0	0	0	0	0
FBGN0288846	133	173	253	203	240	220
FBGN0039348	85	100	81	147	203	235
FBGN0039680	265	320	374	411	506	602
FBGN0038200	0	3	0	0	1	0
FBGN0039424	0	0	0	0	0	0
FBGN0037415	0	0	0	0	0	0
FBGN0037506	0	0	0	0	0	0
FBGN0266178	0	0	0	0	0	0
FBGN0085382	0	0	0	0	0	0
FBGN0051288	0	0	4	0	0	0
FBGN0039792	0	0	0	0	0	0
FBGN0037755	83	69	98	83	135	105
FBGN0039411	8	8	5	27	30	28
FBGN0053512	0	1	0	0	0	0
FBGN0260226	17	75	140	16	29	15
FBGN0038160	13	0	1	0	0	0
FBGN0038869	59	40	72	36	66	46
FBGN0037981	24	21	27	34	36	46
FBGN0051373	0	0	1	0	1	0
FBGN0037358	23	18	15	21	31	31
FBGN0039771	0	0	0	0	0	0
FBGN0286071	67	67	71	115	182	126
FBGN0042104	0	0	5	0	0	0
FBGN0037555	63	86	99	49	67	82
FBGN0262143	0	0	0	0	0	0
FBGN0287589	5	9	13	16	11	13
FBGN0040607	0	0	0	0	0	0
FBGN0038248	0	0	0	0	0	0
FBGN0000455	81	83	110	41	106	96
FBGN0038737	8	7	10	9	13	15
FBGN0003944	12	5	10	4	4	7
FBGN0263289	370	436	736	528	889	755
FBGN0037873	99	75	91	131	176	131
FBGN0044871	18	29	22	35	54	27
FBGN0039808	0	1	0	0	0	0
FBGN0039259	21	30	38	25	43	49
FBGN0000246	0	4	3	3	7	7
FBGN0038078	0	0	0	0	0	0
FBGN0039002	0	0	0	0	0	0
FBGN0051342	41	45	69	81	121	79
FBGN0038683	43	33	75	47	52	68
FBGN0083986	24	15	12	15	9	9
FBGN0037456	0	0	0	0	0	0
FBGN0038951	18	23	20	22	20	10
FBGN0037894	295	330	444	381	528	569
FBGN0261583	0	0	0	0	0	0
FBGN0039601	73	47	78	88	120	147
FBGN0286075	34	43	48	14	22	13
FBGN0028499	14	13	20	14	21	21
FBGN0051418	0	0	0	0	0	0
FBGN0004901	84	95	111	120	176	177
FBGN0051450	35	37	68	40	49	45
FBGN0037753	1	0	1	0	3	3
FBGN0013972	0	4	3	0	0	0
FBGN0263929	53	40	55	85	136	112
FBGN0038641	0	3	0	0	0	0
FBGN0051002	0	0	0	0	0	0
FBGN0001280	112	191	312	104	118	108
FBGN0039543	28	32	62	24	25	32
FBGN0038400	27	19	35	48	67	59
FBGN0022344	69	72	112	82	103	114
FBGN0285912	0	0	0	0	0	0
FBGN0261993	0	0	0	0	0	0
FBGN0027620	203	222	321	246	388	376
FBGN0037895	0	0	0	0	0	0
FBGN0038479	0	0	0	0	0	0
FBGN0051287	0	2	0	1	0	3
FBGN0037819	7	1	6	0	0	0
FBGN0004897	0	0	0	0	0	0
FBGN0261885	480	452	647	864	1226	1195
FBGN0038389	20	15	27	12	22	20
FBGN0260003	302	354	564	587	794	703
FBGN0003511	42	25	54	28	49	58
FBGN0019637	137	144	286	156	162	184
FBGN0038299	1	4	8	0	3	0
FBGN0037280	0	0	0	0	0	0
FBGN0026566	34	40	71	31	68	37
FBGN0262539	0	0	0	0	0	0
FBGN0039800	7	15	35	3	0	0
FBGN0020510	59	40	68	77	138	125
FBGN0038921	0	0	0	0	0	0
FBGN0028833	15	6	9	13	41	23
FBGN0013576	125	114	170	122	151	157
FBGN0039465	100	147	182	96	169	194
FBGN0264324	21	31	7	23	18	30
FBGN0040252	0	0	0	0	0	0
FBGN0038132	1	0	0	0	0	0
FBGN0037913	135	177	225	201	285	215
FBGN0283438	82	57	137	101	158	155
FBGN0037408	0	0	0	0	0	0
FBGN0039481	0	0	2	3	1	3
FBGN0028734	413	380	555	525	741	735
FBGN0037862	0	0	0	0	0	0
FBGN0039080	0	0	0	0	0	0
FBGN0039073	1	4	2	0	0	2
FBGN0039227	199	231	350	339	502	376
FBGN0000046	30	19	28	39	77	60
FBGN0037402	0	0	0	0	0	0
FBGN0038492	1	1	0	10	11	4
FBGN0028837	116	127	215	154	230	218
FBGN0039480	9	7	1	1	6	1
FBGN0265042	50	53	48	77	101	81
FBGN0260440	2	2	4	6	11	9
FBGN0038586	4	4	7	7	5	3
FBGN0038784	5	0	11	0	2	0
FBGN0037676	0	0	0	0	0	0
FBGN0037432	0	0	0	0	0	0
FBGN0051272	0	0	0	0	2	0
FBGN0037442	23	15	23	42	55	45
FBGN0027508	48	42	97	83	131	106
FBGN0039690	35	20	24	106	174	163
FBGN0039675	0	0	0	0	0	0
FBGN0039812	0	0	0	0	0	0
FBGN0002629	1	12	11	21	33	35
FBGN0038161	0	0	0	0	0	0
FBGN0039462	14	6	18	27	29	14
FBGN0004049	115	127	181	249	337	315
FBGN0262004	35	2	19	0	0	0
FBGN0083985	3	4	0	9	3	3
FBGN0051184	97	98	158	117	116	108
FBGN0038964	327	295	430	320	474	512
FBGN0085303	0	0	0	0	0	0
FBGN0015575	6	14	16	2	9	0
FBGN0020379	6	13	7	14	18	7
FBGN0003165	215	250	403	330	563	505
FBGN0051109	10	16	38	37	19	20
FBGN0027539	22	13	19	32	64	37
FBGN0053092	0	0	0	0	0	0
FBGN0038142	0	0	0	0	0	0
FBGN0051365	24	32	65	62	69	62
FBGN0037371	108	121	141	224	187	208
FBGN0037526	9	7	17	8	17	16
FBGN0037874	514	387	495	452	902	781
FBGN0011281	0	0	0	0	0	0
FBGN0039955	130	132	193	98	156	159
FBGN0038386	0	0	0	0	0	0
FBGN0004054	0	0	0	0	0	0
FBGN0039697	87	55	113	160	247	236
FBGN0037569	96	89	149	83	152	144
FBGN0085327	0	0	0	0	0	0
FBGN0040670	0	0	0	0	1	0
FBGN0039730	35	41	56	31	51	26
FBGN0013981	688	639	1072	1150	1563	1560
FBGN0051475	7	3	18	16	18	24
FBGN0267790	911	1016	1329	889	1272	1353
FBGN0004898	7	9	0	0	0	0
FBGN0040077	39	50	78	62	75	48
FBGN0037734	24	24	51	42	41	35
FBGN0243514	11	11	1	2	9	2
FBGN0038741	26	22	18	18	22	12
FBGN0038583	19	33	64	21	29	27
FBGN0037612	0	2	0	0	1	0
FBGN0051008	0	0	0	0	0	0
FBGN0026077	257	263	327	175	380	367
FBGN0038412	4	7	15	12	35	20
FBGN0011278	0	1	1	0	0	0
FBGN0016693	156	137	169	189	273	331
FBGN0051496	28	0	10	0	0	0
FBGN0039538	1	1	0	7	2	4
FBGN0051268	0	0	0	0	0	0
FBGN0037275	0	0	0	0	0	0
FBGN0051201	0	0	0	0	0	0
FBGN0051482	0	0	0	0	0	0
FBGN0037307	0	0	0	0	0	0
FBGN0039151	8	6	22	2	3	0
FBGN0039114	13	51	31	14	25	6
FBGN0259730	1	0	0	0	0	0
FBGN0038714	0	0	0	0	0	0
FBGN0038721	13	2	26	40	19	10
FBGN0266195	11	9	27	13	30	11
FBGN0039747	0	0	0	0	0	0
FBGN0262127	59	57	73	75	125	109
FBGN0037810	121	188	262	248	335	246
FBGN0038202	0	0	0	2	1	0
FBGN0037669	59	62	98	76	61	85
FBGN0039644	71	73	114	14	13	6
FBGN0085313	0	0	0	0	0	0
FBGN0037764	0	0	0	0	0	0
FBGN0260944	115	80	154	91	143	134
FBGN0001311	321	284	446	559	748	808
FBGN0000039	0	0	0	0	0	0
FBGN0264775	0	0	0	0	0	2
FBGN0053107	6	6	8	4	8	4
FBGN0261599	363	160	230	519	915	686
FBGN0037757	29	22	32	61	76	64
FBGN0039749	0	1	3	0	6	2
FBGN0039664	14	10	5	24	22	37
FBGN0038694	0	0	0	0	0	0
FBGN0026190	0	2	0	0	0	1
FBGN0004863	11	9	14	13	12	19
FBGN0046874	1	0	0	3	0	2
FBGN0038471	29	37	72	64	80	63
FBGN0024432	53	49	57	91	124	113
FBGN0004175	0	0	0	0	0	0
FBGN0039381	27	34	26	59	103	80
FBGN0039881	1	0	0	0	1	1
FBGN0037788	1	2	0	0	0	5
FBGN0039224	0	0	0	0	0	0
FBGN0038058	28	34	38	53	62	66
FBGN0039406	237	213	374	215	335	319
FBGN0264427	0	0	0	0	0	0
FBGN0037234	47	25	58	58	60	84
FBGN0038047	12	6	17	6	6	4
FBGN0038959	0	0	0	0	0	0
FBGN0038934	0	0	0	3	8	0
FBGN0002522	1	5	0	0	0	1
FBGN0039621	0	0	0	0	0	0
FBGN0039686	0	0	0	0	0	0
FBGN0025825	32	33	60	50	61	71
FBGN0038211	0	0	0	0	0	0
FBGN0039223	3	3	1	0	5	9
FBGN0085322	3	4	7	4	7	12
FBGN0038405	17	8	14	5	1	7
FBGN0039631	6	4	14	13	24	22
FBGN0039741	2	4	6	6	9	16
FBGN0003719	115	139	215	129	175	192
FBGN0037382	122	92	122	98	142	159
FBGN0039558	98	80	135	110	109	134
FBGN0038678	27	12	19	30	26	13
FBGN0023179	0	9	1	0	0	0
FBGN0037229	0	0	0	0	0	0
FBGN0029512	325	333	564	366	548	637
FBGN0037338	30	32	22	41	54	47
FBGN0267649	0	0	0	0	0	0
FBGN0264291	88	105	187	51	49	56
FBGN0038798	0	0	0	0	0	0
FBGN0053096	99	67	70	100	146	111
FBGN0051454	0	0	0	0	0	0
FBGN0038925	32	27	23	36	73	50
FBGN0259705	5	2	9	10	20	9
FBGN0004110	0	0	0	0	0	0
FBGN0085386	0	0	0	0	0	0
FBGN0002306	477	546	760	913	1233	1112
FBGN0015396	217	239	321	283	401	401
FBGN0045471	0	0	0	0	0	0
FBGN0051457	10	18	20	13	13	14
FBGN0051159	14	35	23	16	11	21
FBGN0086346	186	150	195	280	472	443
FBGN0038541	0	0	0	0	0	0
FBGN0037475	0	0	0	0	0	0
FBGN0039425	0	0	0	0	0	0
FBGN0015282	584	720	877	694	988	970
FBGN0038909	0	0	0	0	0	0
FBGN0037684	1	2	4	0	2	0
FBGN0039212	50	21	51	9	48	53
FBGN0029088	35	34	66	72	107	91
FBGN0038242	50	12	236	0	0	0
FBGN0038702	0	0	0	0	0	0
FBGN0039071	0	0	0	0	0	0
FBGN0038290	2	0	12	0	0	0
FBGN0051174	0	0	0	0	0	0
FBGN0039559	79	105	190	159	238	202
FBGN0037235	19	25	13	48	47	44
FBGN0008651	0	0	0	0	0	0
FBGN0024273	21	25	23	31	27	47
FBGN0038840	0	0	0	0	0	0
FBGN0037881	21	11	45	35	34	39
FBGN0039776	44	38	77	72	106	109
FBGN0262365	0	0	0	0	0	0
FBGN0039773	20	28	27	33	51	44
FBGN0039202	0	0	4	0	2	0
FBGN0039398	0	0	0	0	0	0
FBGN0037926	195	168	216	201	295	270
FBGN0025457	185	198	320	246	394	325
FBGN0264830	0	0	0	0	0	0
FBGN0051286	0	0	0	0	0	0
FBGN0260745	499	406	346	475	630	747
FBGN0038238	0	0	0	0	0	0
FBGN0013953	0	0	0	0	0	3
FBGN0002631	0	0	0	0	0	1
FBGN0250823	149	169	201	200	257	233
FBGN0037975	25	36	54	2	9	1
FBGN0028381	0	0	5	0	0	8
FBGN0053191	0	0	0	0	0	0
FBGN0039687	38	55	77	34	51	58
FBGN0037749	30	20	26	36	73	68
FBGN0038223	41	43	71	60	120	94
FBGN0026056	29	12	62	46	54	65
FBGN0037842	24	23	37	18	37	17
FBGN0004903	54	36	55	74	83	114
FBGN0039647	0	0	0	0	0	0
FBGN0022349	473	601	883	555	753	713
FBGN0037414	0	0	0	0	1	0
FBGN0039273	20	22	38	29	27	32
FBGN0039709	122	153	215	267	377	400
FBGN0013276	0	0	0	0	0	0
FBGN0004053	0	0	0	0	0	0
FBGN0039756	0	0	1	0	0	0
FBGN0261004	61	86	122	69	114	116
FBGN0038128	16	10	26	24	19	36
FBGN0038311	0	0	0	0	0	0
FBGN0053920	0	0	0	0	0	0
FBGN0037918	87	64	140	172	224	250
FBGN0038874	0	0	0	0	0	0
FBGN0265190	49	33	97	88	155	128
FBGN0051413	0	0	0	0	0	0
FBGN0250754	406	496	682	755	950	957
FBGN0053109	0	0	0	0	0	0
FBGN0013973	0	0	0	0	0	0
FBGN0037848	21	28	33	32	62	46
FBGN0054027	0	0	0	0	0	0
FBGN0023495	0	0	0	0	0	0
FBGN0037654	1	5	0	0	4	2
FBGN0039868	74	76	128	60	70	75
FBGN0037395	0	0	0	0	0	0
FBGN0039044	24	34	29	29	61	34
FBGN0037215	119	69	104	207	232	199
FBGN0260444	36	17	28	42	46	79
FBGN0038775	0	0	0	0	0	0
FBGN0045761	10	12	12	6	12	2
FBGN0003867	21	17	24	49	67	41
FBGN0039257	559	582	652	1223	1886	1411
FBGN0038440	0	0	0	0	0	0
FBGN0051028	85	90	158	87	168	150
FBGN0037950	0	0	0	0	0	1
FBGN0037296	0	0	0	0	0	0
FBGN0083966	0	0	0	0	0	0
FBGN0051561	0	0	0	0	0	0
FBGN0013269	1156	1197	2066	809	1188	1206
FBGN0038789	0	0	0	0	0	0
FBGN0051189	0	0	0	0	0	0
FBGN0037942	8	6	21	11	31	29
FBGN0053630	0	0	0	0	0	0
FBGN0270928	0	1	0	0	0	0
FBGN0038478	82	89	113	149	172	140
FBGN0037852	10	6	9	4	9	8
FBGN0027544	0	0	1	0	0	0
FBGN0037292	0	0	0	0	0	0
FBGN0085466	3	2	6	0	2	0
FBGN0038588	6	5	16	14	25	17
FBGN0039078	21	6	17	45	73	63
FBGN0038316	31	20	38	24	48	36
FBGN0039419	1	0	0	0	0	0
FBGN0043457	20	33	40	69	107	91
FBGN0000447	128	85	130	161	188	154
FBGN0039500	0	0	0	0	0	0
FBGN0045470	0	0	0	0	0	0
FBGN0262146	0	2	0	0	0	0
FBGN0051195	410	367	585	780	1083	1040
FBGN0020238	1893	1663	2528	2931	4542	4231
FBGN0037463	0	0	0	0	0	0
FBGN0039764	10	16	29	22	21	16
FBGN0039698	45	59	72	59	69	65
FBGN0039272	3	9	4	5	9	6
FBGN0037329	14	3	11	15	42	22
FBGN0260004	0	0	0	0	0	0
FBGN0262794	0	0	0	0	0	0
FBGN0040076	0	0	0	0	0	0
FBGN0039635	124	125	131	173	248	263
FBGN0038865	0	0	0	0	0	0
FBGN0028662	70	44	76	67	120	135
FBGN0039270	2	8	26	14	22	29
FBGN0085376	23	20	18	42	54	46
FBGN0051105	0	0	0	0	0	0
FBGN0040208	78	103	133	127	132	155
FBGN0023023	1	7	0	1	12	11
FBGN0002780	1129	1060	1747	1233	1442	1495
FBGN0038719	0	1	0	0	0	0
FBGN0037756	94	68	137	151	217	170
FBGN0085324	0	0	0	0	0	0
FBGN0037485	0	0	0	0	0	0
FBGN0039609	0	0	0	0	0	0
FBGN0037773	1	2	8	3	6	14
FBGN0015222	207	253	342	272	392	355
FBGN0000552	0	0	0	0	0	0
FBGN0262104	0	0	0	0	0	0
FBGN0040253	0	0	0	0	0	0
FBGN0037889	0	0	0	0	0	0
FBGN0038834	827	887	1588	729	972	1066
FBGN0037644	67	84	129	122	154	156
FBGN0051148	0	0	0	0	0	0
FBGN0039396	0	0	0	0	0	3
FBGN0264493	63	58	84	90	106	107
FBGN0037248	67	59	118	80	158	133
FBGN0038150	9	11	33	8	20	29
FBGN0037501	0	0	0	0	0	0
FBGN0037548	25	22	40	58	64	77
FBGN0000533	4	14	12	1	10	11
FBGN0037700	163	174	328	152	214	232
FBGN0037902	0	0	2	0	0	2
FBGN0038924	46	51	63	51	72	88
FBGN0039503	0	0	0	0	0	0
FBGN0038931	0	0	0	0	0	0
FBGN0039165	15	21	41	28	35	36
FBGN0038861	24	17	37	20	25	28
FBGN0264325	9	17	20	29	22	35
FBGN0037324	0	0	0	0	0	0
FBGN0260234	0	0	0	0	0	0
FBGN0039870	12	5	18	11	14	23
FBGN0002940	0	0	0	0	0	0
FBGN0038602	0	0	0	0	0	0
FBGN0051301	73	52	84	53	115	106
FBGN0261289	0	0	0	0	0	0
FBGN0039360	17	34	30	48	47	34
FBGN0039150	36	27	44	46	48	38
FBGN0037973	243	179	286	42	79	74
FBGN0262514	0	0	0	0	0	0
FBGN0039324	0	0	0	0	0	0
FBGN0037580	557	472	702	618	968	999
FBGN0051278	4	13	8	11	16	15
FBGN0038295	0	0	0	0	0	0
FBGN0038847	0	0	0	0	0	0
FBGN0085317	2	0	0	0	0	0
FBGN0020407	31	21	27	38	52	87
FBGN0003495	3	3	6	1	3	3
FBGN0264785	13	24	25	26	35	26
FBGN0053341	0	0	0	0	0	0
FBGN0260231	0	0	0	0	0	0
FBGN0019624	271	185	346	275	412	444
FBGN0038589	0	0	0	0	0	0
FBGN0038656	0	0	0	0	0	0
FBGN0040493	263	255	357	428	564	541
FBGN0038947	213	178	267	311	424	368
FBGN0039507	40	35	68	52	70	76
FBGN0039415	5	4	6	0	1	1
FBGN0085302	2	0	0	0	0	0
FBGN0037376	118	121	217	146	244	246
FBGN0037941	0	3	0	0	0	0
FBGN0038279	29	30	45	103	121	107
FBGN0039004	211	229	297	272	355	416
FBGN0038752	2	0	0	0	0	0
FBGN0038978	0	0	0	0	0	0
FBGN0267709	0	0	0	0	0	0
FBGN0261996	0	0	0	0	0	0
FBGN0037809	7	10	12	8	9	8
FBGN0038530	0	0	0	0	0	0
FBGN0051522	10	15	15	15	35	29
FBGN0286930	0	0	0	0	0	0
FBGN0037427	0	0	0	0	0	0
FBGN0039218	89	110	144	98	91	107
FBGN0011596	0	0	0	0	0	0
FBGN0039217	3	2	4	4	13	10
FBGN0053203	0	0	0	0	0	0
FBGN0038472	25	21	30	25	38	35
FBGN0038357	0	0	0	0	0	0
FBGN0260659	40	50	66	67	108	103
FBGN0037890	59	47	90	66	56	57
FBGN0038769	9	13	12	33	35	42
FBGN0037242	66	96	77	77	104	118
FBGN0038958	0	0	0	8	1	0
FBGN0037487	10	7	14	12	13	14
FBGN0024222	32	18	24	24	48	61
FBGN0261928	0	1	0	0	0	0
FBGN0039293	38	41	49	71	94	95
FBGN0015625	100	64	94	159	188	251
FBGN0037512	0	0	0	0	0	0
FBGN0038088	32	19	21	23	24	30
FBGN0040238	17	15	24	50	39	38
FBGN0039160	80	80	92	70	113	92
FBGN0037650	0	0	0	0	0	0
FBGN0037891	170	149	162	247	414	357
FBGN0040609	1	0	1	0	0	0
FBGN0037541	157	154	171	331	395	395
FBGN0046258	123	93	96	210	341	301
FBGN0039110	205	173	252	212	300	299
FBGN0037590	0	0	0	0	0	0
FBGN0261845	5	2	0	2	2	9
FBGN0039593	4	4	4	7	1	0
FBGN0039582	0	0	0	0	0	0
FBGN0039784	0	0	0	0	0	0
FBGN0002732	32	21	30	95	128	105
FBGN0265041	0	0	0	0	0	0
FBGN0051464	0	0	0	0	0	12
FBGN0011581	0	2	0	0	0	0
FBGN0260746	9	10	16	24	21	18
FBGN0266446	0	6	5	0	0	0
FBGN0038753	0	1	0	0	0	0
FBGN0039387	0	0	0	0	0	0
FBGN0038224	91	76	173	89	153	146
FBGN0038783	6	17	12	4	0	0
FBGN0039525	0	0	0	0	0	0
FBGN0039536	0	5	1	0	0	0
FBGN0003169	116	90	144	164	275	245
FBGN0019960	193	230	305	173	269	301
FBGN0261842	0	0	0	0	1	0
FBGN0038458	0	0	0	0	0	0
FBGN0259732	0	1	2	0	0	0
FBGN0037917	16	8	17	9	51	30
FBGN0039107	0	0	0	0	0	0
FBGN0054034	0	0	0	0	0	3
FBGN0039116	33	54	70	42	59	71
FBGN0037697	1	14	0	1	8	1
FBGN0001235	204	270	405	313	472	341
FBGN0038765	30	5	16	25	14	7
FBGN0038613	0	0	0	0	0	0
FBGN0054008	8	10	15	1	3	8
FBGN0039417	41	50	61	45	45	57
FBGN0039385	76	103	128	80	95	105
FBGN0027574	43	54	37	53	52	55
FBGN0039137	50	54	66	82	110	124
FBGN0027930	88	89	152	183	261	285
FBGN0038488	13	15	27	27	48	61
FBGN0038017	19	20	32	21	29	70
FBGN0039265	73	43	74	117	202	180
FBGN0038916	0	0	0	0	0	0
FBGN0037680	78	52	134	126	211	203
FBGN0002865	0	0	0	0	0	0
FBGN0010051	95	103	155	211	277	262
FBGN0039065	37	80	42	40	35	71
FBGN0027784	31	26	28	21	63	22
FBGN0003507	2	5	13	3	6	2
FBGN0263986	0	0	0	0	0	0
FBGN0285955	72	87	147	127	194	167
FBGN0051279	1	0	0	0	0	0
FBGN0027579	29	32	48	28	64	67
FBGN0038385	27	17	31	27	57	48
FBGN0015351	8	13	29	13	15	12
FBGN0038324	18	22	14	44	62	52
FBGN0259146	0	0	0	0	0	0
FBGN0004606	23	17	20	74	99	61
FBGN0037553	2	0	4	0	3	1
FBGN0038467	140	115	179	152	223	229
FBGN0037939	0	0	0	0	0	0
FBGN0003279	1426	1456	1970	1503	2880	3006
FBGN0004597	26	44	24	49	56	45
FBGN0011715	144	125	219	150	225	228
FBGN0039290	1	1	3	1	1	0
FBGN0039373	0	0	0	0	0	0
FBGN0003862	228	237	322	537	672	627
FBGN0051551	0	0	0	0	0	0
FBGN0037614	1	1	9	3	0	6
FBGN0026616	10	15	19	15	44	26
FBGN0051155	60	50	73	58	82	96
FBGN0003134	27	44	96	69	126	62
FBGN0038805	84	110	164	112	161	178
FBGN0039055	57	35	50	87	124	96
FBGN0039755	0	0	0	0	0	0
FBGN0039620	0	3	2	6	1	2
FBGN0021776	1	4	1	0	2	0
FBGN0039616	0	0	0	0	0	0
FBGN0267383	0	0	0	0	0	0
FBGN0015230	0	0	0	0	0	0
FBGN0039511	0	0	0	0	0	0
FBGN0037566	50	66	82	48	100	59
FBGN0038811	52	39	73	53	57	71
FBGN0038321	6	7	0	4	15	10
FBGN0051274	0	0	0	0	0	0
FBGN0037220	166	151	163	194	310	265
FBGN0037705	37	54	70	118	205	175
FBGN0039798	11	6	24	1	0	1
FBGN0039531	22	19	20	25	25	36
FBGN0037279	53	51	83	77	116	113
FBGN0037621	137	135	243	173	223	250
FBGN0000024	0	5	3	0	1	1
FBGN0264712	6	6	3	6	7	16
FBGN0011785	176	182	230	304	363	338
FBGN0038956	0	0	0	0	0	0
FBGN0039838	0	0	0	0	0	0
FBGN0037921	3	3	16	4	11	21
FBGN0267339	3	4	13	0	0	0
FBGN0266566	0	0	0	1	0	2
FBGN0053189	0	0	0	0	0	0
FBGN0038894	0	0	0	1	1	0
FBGN0039491	0	0	0	0	0	0
FBGN0014006	67	72	86	108	154	123
FBGN0015770	0	0	0	0	0	0
FBGN0037708	14	10	28	15	28	24
FBGN0000412	1015	1590	2451	1034	1300	1224
FBGN0002922	1	0	0	4	1	0
FBGN0038156	10	3	14	23	29	16
FBGN0038330	1	1	3	4	3	3
FBGN0038941	5	4	7	0	1	0
FBGN0039054	0	12	1	0	1	0
FBGN0039650	20	8	25	4	11	28
FBGN0041224	0	0	0	0	0	0
FBGN0038660	89	49	104	150	240	232
FBGN0038718	0	1	0	0	0	0
FBGN0037687	8	18	18	22	24	13
FBGN0043012	60	46	104	83	119	114
FBGN0266170	0	0	0	0	0	0
FBGN0037786	0	0	0	0	0	0
FBGN0278604	42	29	43	63	67	68
FBGN0038303	30	30	59	73	71	69
FBGN0266175	0	0	0	0	0	0
FBGN0265063	0	0	0	0	0	0
FBGN0040628	0	0	0	0	0	0
FBGN0023083	121	111	228	133	190	206
FBGN0051200	0	0	0	0	0	0
FBGN0038214	0	3	2	0	3	0
FBGN0267105	0	0	0	0	0	0
FBGN0265606	0	0	0	0	0	0
FBGN0041605	0	11	8	0	0	0
FBGN0027095	173	105	244	390	522	535
FBGN0039195	0	0	0	0	0	0
FBGN0086679	2	14	9	21	24	19
FBGN0037325	0	0	0	0	0	0
FBGN0262844	0	0	0	0	0	0
FBGN0015032	1	1	0	0	0	0
FBGN0037260	0	0	3	0	0	0
FBGN0042182	0	0	6	0	0	0
FBGN0266409	24	21	28	20	49	34
FBGN0039780	0	0	0	0	0	0
FBGN0051360	29	18	28	27	36	19
FBGN0041710	6	9	4	4	5	8
FBGN0051125	3	6	3	16	11	2
FBGN0038130	6	3	6	4	2	4
FBGN0038012	0	0	1	0	0	0
FBGN0039025	16	20	28	20	43	20
FBGN0039339	8	7	12	20	18	6
FBGN0038446	14	20	35	45	50	42
FBGN0262846	0	0	0	0	0	0
FBGN0038337	5	0	0	0	1	0
FBGN0266598	15	34	39	17	40	26
FBGN0005632	345	360	652	550	690	621
FBGN0037933	22	18	26	36	39	22
FBGN0037747	5	2	4	7	9	9
FBGN0037826	0	0	0	0	0	0
FBGN0011701	0	3	2	1	0	0
FBGN0039869	45	54	81	55	98	74
FBGN0038505	3	0	0	0	0	0
FBGN0038829	89	82	107	186	318	236
FBGN0038938	0	0	1	0	2	0
FBGN0039084	0	0	5	1	1	4
FBGN0014029	231	291	377	300	486	418
FBGN0037665	14	13	24	100	169	121
FBGN0027503	46	55	95	69	120	99
FBGN0039879	0	0	0	0	0	0
FBGN0041780	0	0	0	0	0	0
FBGN0262006	0	2	0	0	0	0
FBGN0038032	0	0	0	0	0	0
FBGN0038771	244	203	250	294	397	408
FBGN0259113	117	125	115	151	148	157
FBGN0000557	21	72	43	80	104	74
FBGN0263777	0	0	0	0	0	0
FBGN0039376	0	0	0	0	0	0
FBGN0010038	0	0	0	1	0	0
FBGN0037227	0	0	0	0	0	0
FBGN0039636	17	7	28	12	28	41
FBGN0037490	4	3	22	3	9	8
FBGN0002773	27	26	41	9	18	6
FBGN0039316	3	4	7	0	1	0
FBGN0037915	0	0	0	0	0	0
FBGN0039560	46	52	102	64	123	103
FBGN0037398	0	0	0	0	0	0
FBGN0039101	0	0	0	0	0	0
FBGN0038974	11	6	13	11	15	18
FBGN0038257	4	10	12	0	0	0
FBGN0267366	0	0	0	0	0	0
FBGN0039007	0	2	0	0	0	0
FBGN0038099	0	0	0	0	0	0
FBGN0024321	9	8	14	5	12	21
FBGN0042693	175	135	203	249	321	340
FBGN0027951	179	152	237	289	342	379
FBGN0017550	164	168	238	200	287	281
FBGN0286516	46	39	86	118	191	197
FBGN0266053	108	129	227	195	292	267
FBGN0261279	134	152	229	176	263	245
FBGN0040251	97	126	127	76	94	87
FBGN0038681	7	5	4	0	0	0
FBGN0260005	1	1	0	0	1	5
FBGN0000659	10	2	1	0	0	0
FBGN0037620	7	3	6	5	11	7
FBGN0038190	0	0	0	0	0	0
FBGN0038966	2	0	0	3	11	7
FBGN0037765	0	0	0	0	0	0
FBGN0037985	0	0	0	0	0	0
FBGN0024330	53	27	48	51	79	95
FBGN0039098	3	2	1	1	5	0
FBGN0037369	60	50	81	73	91	69
FBGN0011224	668	726	949	1136	1589	1570
FBGN0002354	7	18	24	5	14	4
FBGN0041191	46	85	140	54	58	48
FBGN0261987	0	0	0	0	0	5
FBGN0037759	0	0	0	0	0	0
FBGN0038463	14	20	37	24	47	51
FBGN0014022	32	33	97	30	31	29
FBGN0042711	0	0	0	0	0	0
FBGN0040080	105	93	137	117	155	172
FBGN0039452	0	0	0	0	0	0
FBGN0046689	0	1	1	0	0	0
FBGN0039192	0	0	0	0	0	0
FBGN0038529	0	0	0	0	0	0
FBGN0038552	24	18	20	18	30	32
FBGN0039856	1	0	0	0	0	0
FBGN0005674	611	636	814	774	1051	1059
FBGN0037849	0	0	0	0	0	0
FBGN0264694	124	91	182	109	156	152
FBGN0039024	1	1	6	0	0	0
FBGN0004087	55	68	117	48	67	87
FBGN0067782	0	0	0	0	0	0
FBGN0026239	128	116	246	212	327	297
FBGN0037491	17	11	34	27	27	15
FBGN0037710	30	14	41	22	46	41
FBGN0000477	2	8	19	0	0	0
FBGN0037781	3	2	9	13	13	5
FBGN0262858	0	3	0	0	0	0
FBGN0038107	11	2	3	4	5	4
FBGN0039059	0	0	0	0	0	0
FBGN0038697	0	0	0	0	0	0
FBGN0038539	0	0	0	0	0	0
FBGN0039374	0	0	0	0	0	0
FBGN0267698	60	83	79	127	163	122
FBGN0039066	38	42	69	33	66	47
FBGN0062412	2	4	2	0	0	2
FBGN0027090	281	309	383	324	457	385
FBGN0028717	43	72	124	76	126	113
FBGN0039470	1	5	1	0	0	1
FBGN0003261	1365	1644	2164	1237	1938	2136
FBGN0037843	102	85	115	193	239	210
FBGN0038730	2	0	0	0	0	0
FBGN0037618	0	0	2	0	0	0
FBGN0010282	174	171	225	168	177	194
FBGN0038738	247	245	361	350	527	476
FBGN0003499	3	8	7	31	52	41
FBGN0262839	0	0	0	0	0	0
FBGN0039817	0	0	0	0	0	0
FBGN0039612	1	1	1	0	0	0
FBGN0260779	16	20	12	11	19	17
FBGN0029157	31	46	42	57	105	60
FBGN0020278	80	63	107	80	114	118
FBGN0024288	10	12	11	16	6	9
FBGN0038946	0	0	0	0	0	0
FBGN0083943	0	0	0	0	0	0
FBGN0051053	0	0	0	0	0	0
FBGN0027655	128	92	141	112	184	207
FBGN0039435	0	0	0	0	0	0
FBGN0261015	26	47	84	79	105	87
FBGN0013995	0	3	0	0	0	0
FBGN0002906	25	53	53	44	44	64
FBGN0038039	56	36	65	73	80	93
FBGN0262962	11	4	18	9	3	12
FBGN0038394	0	0	0	0	0	0
FBGN0037992	6	3	8	7	6	1
FBGN0015221	333	287	391	445	620	654
FBGN0038261	0	0	0	0	0	0
FBGN0038720	4	2	2	1	4	11
FBGN0042205	4	3	10	15	26	10
FBGN0028436	20	8	20	40	38	26
FBGN0259821	0	3	0	0	0	0
FBGN0038872	83	95	132	187	235	273
FBGN0039443	0	0	0	0	0	0
FBGN0039131	88	47	130	63	123	92
FBGN0039831	19	26	29	43	75	59
FBGN0038950	18	22	39	20	48	67
FBGN0039565	10	4	5	3	13	3
FBGN0037579	1	0	0	0	0	0
FBGN0001139	233	259	299	368	652	603
FBGN0039434	2	2	1	1	0	0
FBGN0046876	2	3	0	0	0	0
FBGN0037797	0	0	0	0	0	0
FBGN0003268	129	144	189	258	254	249
FBGN0037987	0	0	0	0	0	0
FBGN0039641	14	4	1	4	2	3
FBGN0037462	0	0	0	0	0	0
FBGN0014366	191	140	193	209	320	299
FBGN0051358	0	0	0	0	0	0
FBGN0051075	260	435	516	362	470	523
FBGN0038852	0	0	0	1	0	1
FBGN0085384	13	1	8	27	25	30
FBGN0026317	34	53	74	57	83	74
FBGN0039590	56	58	114	161	243	176
FBGN0038717	0	1	0	0	0	0
FBGN0038461	12	8	24	24	18	23
FBGN0264832	33	0	1	0	0	0
FBGN0027053	90	118	139	119	233	200
FBGN0004889	236	262	405	338	511	517
FBGN0047199	0	0	0	0	0	0
FBGN0261679	4	4	5	10	12	17
FBGN0038745	146	122	208	152	174	186
FBGN0038608	55	55	79	67	103	116
FBGN0266261	31	2	45	0	0	0
FBGN0039288	0	0	0	0	0	0
FBGN0037656	19	30	30	44	29	42
FBGN0037305	41	45	84	58	54	70
FBGN0250755	15	18	19	14	21	30
FBGN0037535	11	4	14	3	10	4
FBGN0038118	103	86	177	135	172	183
FBGN0040466	37	23	15	49	74	48
FBGN0038217	0	0	0	0	0	0
FBGN0038391	0	0	0	0	2	2
FBGN0262003	2	0	0	0	0	0
FBGN0010433	3	2	1	2	3	10
FBGN0037712	0	6	3	0	1	0
FBGN0039678	8	30	18	0	1	1
FBGN0266720	23	16	28	38	48	32
FBGN0011481	290	300	365	230	379	317
FBGN0287844	0	0	0	0	0	0
FBGN0038532	14	24	12	23	32	37
FBGN0039303	77	54	55	98	158	148
FBGN0046875	8	10	5	21	32	35
FBGN0025865	293	269	436	340	472	478
FBGN0028691	309	246	388	435	675	586
FBGN0259736	0	2	0	0	0	0
FBGN0085462	0	0	0	0	0	0
FBGN0039767	52	29	51	76	121	106
FBGN0038576	53	36	99	59	71	97
FBGN0037648	28	27	42	53	89	81
FBGN0261552	37	43	54	45	62	79
FBGN0013759	45	53	64	82	104	86
FBGN0037730	1	6	3	1	0	1
FBGN0037232	29	25	28	34	45	38
FBGN0037310	0	0	0	0	0	0
FBGN0259227	29	37	59	67	100	112
FBGN0038487	0	0	0	0	0	0
FBGN0037709	28	19	15	26	24	32
FBGN0039705	19	27	40	33	37	54
FBGN0038342	0	0	0	0	0	0
FBGN0039509	27	22	36	15	9	16
FBGN0260468	23	9	15	12	24	9
FBGN0037503	14	35	51	55	75	65
FBGN0260230	0	0	0	0	0	0
FBGN0264491	143	152	194	225	339	335
FBGN0265197	0	0	0	0	0	0
FBGN0037976	0	0	0	0	0	0
FBGN0037930	69	71	84	46	62	54
FBGN0083946	0	0	0	0	0	0
FBGN0003339	0	0	5	0	0	0
FBGN0037231	31	37	112	31	68	62
FBGN0039787	1	0	0	0	0	0
FBGN0010438	111	80	160	90	103	179
FBGN0037241	44	46	75	76	124	113
FBGN0038426	19	15	19	13	21	30
FBGN0004882	1	0	0	0	0	0
FBGN0020626	83	72	111	62	113	148
FBGN0037439	115	167	195	159	176	198
FBGN0038165	0	0	0	0	0	0
FBGN0037299	50	66	113	65	72	123
FBGN0051080	0	0	0	0	0	0
FBGN0037657	76	60	80	93	127	125
FBGN0038415	0	0	0	0	0	0
FBGN0039595	0	0	0	0	0	0
FBGN0037370	119	98	112	136	208	183
FBGN0039702	18	13	36	51	30	29
FBGN0039039	0	0	0	0	0	0
FBGN0039408	0	0	2	0	0	0
FBGN0038842	213	167	339	253	361	318
FBGN0038799	0	7	0	0	0	0
FBGN0038198	1	0	0	0	0	4
FBGN0038596	0	0	0	0	0	0
FBGN0054041	0	0	0	0	0	0
FBGN0039308	1	0	0	0	0	0
FBGN0014023	46	61	87	60	79	69
FBGN0038902	0	0	0	0	0	0
FBGN0002719	86	69	108	45	69	56
FBGN0046225	29	35	42	20	57	54
FBGN0010258	0	0	0	2	0	0
FBGN0027584	0	0	0	0	0	0
FBGN0024509	140	223	384	192	319	263
FBGN0044826	69	68	113	136	189	178
FBGN0037659	133	145	287	210	194	248
FBGN0263404	0	0	0	0	0	0
FBGN0038582	3	6	10	15	17	9
FBGN0039860	5	5	6	7	12	20
FBGN0037882	20	51	48	21	18	23
FBGN0261843	9	5	21	14	22	16
FBGN0037766	0	0	0	0	0	0
FBGN0038325	23	11	21	27	36	23
FBGN0037283	0	0	0	0	0	0
FBGN0000454	189	167	198	191	261	267
FBGN0038435	0	1	0	0	1	0
FBGN0039186	110	158	203	237	310	308
FBGN0038361	0	0	0	0	0	0
FBGN0038469	0	0	0	0	0	0
FBGN0051224	87	56	94	142	232	195
FBGN0037570	0	0	0	0	0	0
FBGN0027575	0	2	0	0	0	0
FBGN0037391	61	37	66	38	33	34
FBGN0037466	72	95	128	57	71	86
FBGN0003512	52	26	49	57	100	97
FBGN0051036	0	0	0	0	0	0
FBGN0038986	0	0	0	0	0	0
FBGN0261859	3	3	6	8	25	10
FBGN0037880	9	2	8	13	19	12
FBGN0038072	0	0	0	0	0	0
FBGN0027493	239	248	378	135	189	218
FBGN0010768	30	27	41	44	75	57
FBGN0039852	133	105	218	227	250	240
FBGN0266171	0	0	0	0	0	0
FBGN0037794	17	40	39	35	47	25
FBGN0027083	9	14	33	15	32	40
FBGN0039518	0	0	0	0	0	0
FBGN0051226	0	0	0	0	0	0
FBGN0038090	0	0	0	0	0	0
FBGN0038897	0	1	2	0	0	0
FBGN0038080	54	54	98	59	74	79
FBGN0037796	177	147	213	223	261	296
FBGN0038749	0	0	0	0	0	0
FBGN0047351	0	0	0	0	0	0
FBGN0013277	0	0	0	0	0	0
FBGN0051093	0	0	0	0	0	0
FBGN0037845	0	0	0	0	0	0
FBGN0038832	0	0	0	0	0	1
FBGN0040601	0	2	0	0	0	1
FBGN0051438	0	0	0	0	0	0
FBGN0038708	0	0	0	0	0	0
FBGN0037783	0	0	0	0	0	0
FBGN0285913	44	39	51	45	123	105
FBGN0085321	0	0	0	0	0	0
FBGN0039056	46	78	41	101	149	121
FBGN0037513	1	3	1	0	0	0
FBGN0040524	0	0	0	0	0	3
FBGN0051320	46	67	114	76	73	78
FBGN0038306	110	111	150	113	162	152
FBGN0037473	15	3	5	17	17	16
FBGN0038928	13	6	30	15	23	21
FBGN0039438	0	0	0	0	0	0
FBGN0250732	146	188	268	242	300	290
FBGN0000140	149	118	207	284	419	391
FBGN0039254	6	14	19	8	13	18
FBGN0039237	0	0	0	0	0	0
FBGN0038621	0	0	0	0	0	0
FBGN0004644	57	50	57	99	145	157
FBGN0002645	603	652	900	1335	1640	1510
FBGN0010043	3	1	0	0	0	0
FBGN0250839	39	11	13	31	38	27
FBGN0263143	44	43	59	46	36	28
FBGN0038735	53	46	117	27	35	26
FBGN0051102	0	0	0	0	0	0
FBGN0038097	0	0	0	0	0	0
FBGN0037525	6	13	3	8	3	4
FBGN0017590	0	6	0	0	0	0
FBGN0039198	0	0	0	0	0	0
FBGN0038607	0	0	0	0	0	0
FBGN0053111	15	27	38	23	74	43
FBGN0259992	1	0	0	0	0	0
FBGN0266282	42	33	61	46	51	57
FBGN0019990	41	33	42	49	67	68
FBGN0037936	1	0	3	0	0	2
FBGN0083975	0	0	0	0	0	0
FBGN0038199	0	0	0	0	0	0
FBGN0038307	56	36	42	47	65	40
FBGN0039492	47	44	67	71	94	81
FBGN0037897	6	4	21	4	22	17
FBGN0037811	1	3	3	6	13	4
FBGN0037980	25	13	21	40	37	55
FBGN0038151	50	63	96	56	85	79
FBGN0039829	31	28	69	21	30	29
FBGN0039052	0	0	0	0	0	0
FBGN0039013	15	12	21	16	37	29
FBGN0026737	38	36	29	14	12	19
FBGN0262363	0	0	0	0	0	0
FBGN0085404	0	0	0	0	0	0
FBGN0038135	5	3	3	2	6	3
FBGN0263023	0	0	0	0	0	0
FBGN0266410	60	62	77	94	151	119
FBGN0051087	0	0	0	0	0	1
FBGN0038373	0	0	0	0	0	0
FBGN0085465	1	1	0	3	0	0
FBGN0003060	16	0	15	0	0	0
FBGN0037354	86	90	169	57	96	99
FBGN0027514	55	44	65	61	85	83
FBGN0039849	65	69	96	76	134	149
FBGN0038172	2	3	2	0	0	0
FBGN0037217	0	0	0	0	1	3
FBGN0019952	1	14	2	6	3	5
FBGN0259740	76	50	132	179	148	137
FBGN0038439	0	0	0	0	0	0
FBGN0038645	0	1	0	3	2	539
FBGN0037824	0	0	0	0	0	0
FBGN0051199	0	0	0	0	0	0
FBGN0053658	0	0	0	0	0	0
FBGN0085316	0	0	0	0	0	0
FBGN0039204	13	7	15	18	35	18
FBGN0038631	0	0	0	0	0	0
FBGN0037584	0	0	0	0	0	0
FBGN0263346	32	56	119	103	179	122
FBGN0040256	0	2	1	0	0	0
FBGN0038638	50	50	63	117	197	204
FBGN0016917	262	298	363	441	632	521
FBGN0038519	147	78	136	152	233	197
FBGN0000247	22	19	16	41	53	56
FBGN0038665	0	0	0	0	0	0
FBGN0038207	0	0	0	0	0	0
FBGN0037885	6	7	7	6	10	2
FBGN0051007	0	0	0	0	0	0
FBGN0020912	0	0	0	0	0	0
FBGN0037846	2	4	15	14	17	10
FBGN0266174	0	0	0	0	0	0
FBGN0051419	0	0	0	0	0	0
FBGN0039882	13	25	36	22	44	33
FBGN0085306	0	0	0	0	0	0
FBGN0261839	4	6	6	9	6	5
FBGN0037360	208	213	279	268	396	409
FBGN0051473	0	0	0	0	0	0
FBGN0263396	1117	1309	1833	920	1336	1316
FBGN0003598	193	156	286	242	357	411
FBGN0037543	52	59	76	37	62	65
FBGN0038008	0	0	0	0	0	0
FBGN0287209	526	545	672	864	1145	1124
FBGN0038398	0	0	0	0	0	0
FBGN0037544	0	5	4	1	9	12
FBGN0265082	100	103	145	204	274	287
FBGN0051010	0	0	0	0	0	0
FBGN0266268	81	70	68	110	129	116
FBGN0046685	24	19	35	71	76	89
FBGN0039774	41	31	27	51	88	66
FBGN0038772	26	41	55	24	33	38
FBGN0085310	0	0	0	0	0	0
FBGN0002431	555	648	875	738	1002	920
FBGN0053784	0	0	0	0	0	0
FBGN0038076	0	0	0	0	0	4
FBGN0028688	353	269	381	544	801	718
FBGN0026257	8	9	4	18	24	15
FBGN0263755	44	23	59	39	61	52
FBGN0039323	7	0	7	1	0	0
FBGN0037301	84	95	158	133	175	178
FBGN0039145	24	23	35	26	28	18
FBGN0051164	0	0	0	0	0	0
FBGN0038277	0	0	0	1	0	0
FBGN0037958	50	45	65	80	109	99
FBGN0039828	89	88	109	87	130	111
FBGN0037282	14	19	16	19	35	46
FBGN0250821	0	0	0	0	0	0
FBGN0039580	126	120	163	170	250	276
FBGN0038980	0	3	0	0	0	0
FBGN0262125	288	252	332	486	759	698
FBGN0265199	0	0	0	0	0	0
FBGN0037578	46	43	70	54	53	54
FBGN0038281	0	0	0	0	0	0
FBGN0037330	67	57	81	66	94	101
FBGN0003483	75	72	79	18	38	19
FBGN0038145	790	855	1239	743	1142	1208
FBGN0037627	0	0	0	0	0	0
FBGN0053095	16	24	11	18	17	18
FBGN0053325	0	0	0	0	0	0
FBGN0039196	0	0	0	0	0	0
FBGN0085336	0	0	0	0	0	0
FBGN0051267	0	0	0	0	0	0
FBGN0038590	32	5	20	17	53	44
FBGN0039311	0	4	1	0	0	0
FBGN0051251	27	18	36	42	38	37
FBGN0039453	0	1	0	0	0	8
FBGN0250908	0	2	0	0	0	0
FBGN0085320	12	9	56	6	2	0
FBGN0039489	1	3	3	6	3	7
FBGN0040606	0	0	0	0	0	0
FBGN0039159	24	15	20	24	27	32
FBGN0039519	0	0	0	0	0	0
FBGN0002783	639	712	1032	871	1307	1292
FBGN0261792	68	43	79	68	133	123
FBGN0038195	54	53	80	62	75	85
FBGN0053346	1	0	0	0	0	0
FBGN0026597	31	31	31	34	84	50
FBGN0038570	99	85	124	138	206	196
FBGN0038658	0	0	0	0	0	0
FBGN0260793	0	5	0	0	0	0
FBGN0004666	0	0	0	0	0	0
FBGN0264751	10	8	11	6	26	13
FBGN0039302	1284	1381	2229	1581	1978	2132
FBGN0037327	161	96	199	137	173	222
FBGN0038262	0	0	0	0	0	0
FBGN0037943	87	125	149	75	97	100
FBGN0002592	11	0	5	47	64	53
FBGN0063261	0	0	0	0	0	0
FBGN0039758	1	0	2	0	4	2
FBGN0051424	0	0	0	0	0	0
FBGN0261508	0	0	0	0	0	0
FBGN0266717	313	288	464	517	720	666
FBGN0010401	0	1	0	3	0	0
FBGN0039252	106	130	101	102	155	149
FBGN0028646	59	57	74	65	124	106
FBGN0039734	0	0	0	0	0	0
FBGN0038363	21	14	15	16	12	17
FBGN0039504	0	0	0	0	1	0
FBGN0002921	1059	1102	1445	2086	2882	2822
FBGN0038221	0	0	0	0	0	0
FBGN0038944	0	0	0	0	0	1
FBGN0020235	300	313	407	399	711	639
FBGN0261986	40	40	56	79	91	101
FBGN0037940	0	0	0	0	0	0
FBGN0028992	130	104	206	171	184	197
FBGN0039623	35	29	39	41	71	68
FBGN0000083	625	670	961	659	909	869
FBGN0039827	5	11	12	17	7	2
FBGN0039844	212	162	187	681	1008	771
FBGN0013279	0	0	0	0	0	6
FBGN0039682	29	51	42	0	1	3
FBGN0037831	18	23	25	18	42	39
FBGN0038209	0	0	0	0	0	0
FBGN0037683	0	0	0	0	0	0
FBGN0051089	0	0	0	0	0	0
FBGN0038773	0	0	0	0	0	0
FBGN0040255	0	0	0	0	0	0
FBGN0038612	0	0	0	0	0	0
FBGN0051041	0	0	0	0	0	0
FBGN0042094	14	22	40	28	16	38
FBGN0037638	56	53	53	76	98	127
FBGN0039632	59	58	137	112	133	150
FBGN0038448	0	0	0	0	0	0
FBGN0261436	69	58	134	109	96	89
FBGN0038234	34	28	55	36	32	47
FBGN0005777	130	100	225	155	196	204
FBGN0038301	24	26	32	23	41	30
FBGN0259704	87	46	87	89	95	127
FBGN0039155	86	69	100	181	310	318
FBGN0037603	3	0	6	0	11	6
FBGN0085315	0	0	0	0	0	0
FBGN0037611	4	1	5	3	4	3
FBGN0005642	41	50	79	94	116	129
FBGN0037446	99	97	192	117	148	150
FBGN0039306	122	126	180	133	149	161
FBGN0051445	0	0	0	0	0	0
FBGN0038083	0	3	4	0	0	4
FBGN0266259	0	0	0	0	0	0
FBGN0042101	0	0	0	0	0	0
FBGN0015008	0	0	0	0	0	0
FBGN0062442	127	73	197	131	240	221
FBGN0041588	54	94	121	52	91	81
FBGN0037910	0	0	0	0	0	0
FBGN0039235	0	0	0	0	0	0
FBGN0010774	298	261	416	304	486	505
FBGN0037594	0	0	0	0	0	0
FBGN0011336	529	406	603	845	1289	1163
FBGN0052944	0	0	0	0	0	0
FBGN0040553	0	0	0	0	0	0
FBGN0262364	0	0	0	0	0	0
FBGN0039325	0	0	0	0	0	0
FBGN0039111	1	3	0	3	5	4
FBGN0037252	68	68	74	122	185	169
FBGN0038387	5	8	21	19	5	17
FBGN0039310	0	0	0	0	0	0
FBGN0038180	99	103	127	318	419	330
FBGN0039300	173	123	276	241	501	432
FBGN0039344	0	0	0	0	0	0
FBGN0038191	0	0	0	0	4	6
FBGN0038074	12	21	27	0	0	1
FBGN0266599	5374	5117	6642	5979	8092	10030
FBGN0039850	0	0	0	0	0	0
FBGN0023097	149	146	209	210	295	291
FBGN0040078	263	379	481	369	422	431
FBGN0038523	12	4	136	0	0	2
FBGN0037762	0	0	0	0	0	0
FBGN0038455	25	18	33	2	9	2
FBGN0039429	0	0	0	0	0	0
FBGN0029176	1504	1571	2368	1484	2710	2485
FBGN0261618	487	549	800	619	1047	1064
FBGN0038344	221	201	234	133	161	179
FBGN0260645	0	0	0	0	0	0
FBGN0038416	2	0	0	0	0	0
FBGN0261019	2	5	4	2	4	11
FBGN0002869	0	0	0	0	0	0
FBGN0038652	47	49	29	58	70	102
FBGN0011766	109	90	163	150	280	234
FBGN0039886	6	2	9	4	2	9
FBGN0037412	0	0	0	0	0	0
FBGN0262983	0	0	0	0	0	0
FBGN0039867	84	72	102	56	97	95
FBGN0039738	1	0	1	6	2	3
FBGN0039552	0	0	0	0	0	0
FBGN0051345	0	0	0	0	0	0
FBGN0051217	59	67	92	119	175	175
FBGN0038366	4	5	2	3	2	5
FBGN0037435	29	25	40	28	44	35
FBGN0020496	590	590	808	914	1368	1314
FBGN0019957	140	90	142	172	245	257
FBGN0265140	76	60	102	127	159	162
FBGN0037653	35	30	63	38	66	79
FBGN0039405	0	1	1	5	5	4
FBGN0037667	44	42	60	45	59	58
FBGN0064126	58	84	106	87	114	85
FBGN0266674	87	89	113	116	140	127
FBGN0011217	251	164	213	425	815	615
FBGN0020299	66	58	68	98	151	116
FBGN0037802	3	9	12	12	7	4
FBGN0039305	68	87	128	101	88	98
FBGN0037294	0	0	0	0	0	0
FBGN0067629	23	20	38	24	38	30
FBGN0013343	20	40	34	43	84	79
FBGN0051108	16	20	18	16	27	19
FBGN0037581	12	3	22	11	15	18
FBGN0038268	3	4	1	5	3	8
FBGN0039883	0	7	1	4	6	0
FBGN0038739	33	22	24	34	45	50
FBGN0038790	0	0	0	0	0	0
FBGN0038508	0	0	0	0	0	0
FBGN0039413	0	0	0	0	0	0
FBGN0051460	41	37	64	71	100	81
FBGN0038747	66	69	81	66	99	98
FBGN0011740	115	131	190	223	263	282
FBGN0262477	0	0	0	0	0	0
FBGN0037339	19	18	23	45	57	29
FBGN0039461	1	0	1	0	1	2
FBGN0039028	0	0	0	0	0	0
FBGN0038494	2	6	2	6	8	10
FBGN0017448	0	0	0	0	0	0
FBGN0039651	0	1	0	0	3	1
FBGN0037816	22	16	20	26	22	23
FBGN0085312	0	0	0	0	0	0
FBGN0038507	0	0	0	0	0	0
FBGN0040531	0	0	0	0	0	0
FBGN0037672	4	1	1	0	0	0
FBGN0038551	72	118	117	73	86	127
FBGN0264005	0	0	0	0	1	0
FBGN0026565	0	0	0	0	0	0
FBGN0037989	3	0	0	2	13	7
FBGN0003015	0	0	0	0	1	0
FBGN0266442	0	0	0	0	0	0
FBGN0037996	12	0	32	0	0	0
FBGN0039358	46	44	63	86	145	129
FBGN0003721	297	282	385	498	596	520
FBGN0045980	0	0	0	0	0	0
FBGN0038846	0	0	0	0	0	0
FBGN0038854	56	65	100	84	96	70
FBGN0259139	1084	1201	1744	859	990	1133
FBGN0040528	0	1	0	0	0	1
FBGN0039779	21	3	28	0	0	0
FBGN0039472	0	0	0	0	0	0
FBGN0085412	109	134	181	174	294	273
FBGN0051230	0	0	0	0	0	0
FBGN0053202	0	0	0	0	0	0
FBGN0038642	0	0	0	0	1	0
FBGN0039463	0	0	0	0	0	0
FBGN0038685	0	0	0	0	0	0
FBGN0039821	0	0	0	0	0	2
FBGN0038247	0	3	0	1	0	2
FBGN0004103	341	262	379	514	833	861
FBGN0038149	400	369	520	648	1146	909
FBGN0027563	0	0	0	0	0	0
FBGN0039357	5	3	8	4	12	4
FBGN0037956	163	143	220	369	511	576
FBGN0261061	0	0	0	0	0	0
FBGN0028475	116	70	135	153	243	192
FBGN0038646	0	0	0	13	4	715
FBGN0051099	0	0	0	0	0	0
FBGN0043884	768	936	1485	1298	1889	1769
FBGN0010340	27	29	51	27	44	22
FBGN0264075	172	210	278	203	339	287
FBGN0259938	23	17	27	45	51	61
FBGN0264426	0	0	0	0	0	0
FBGN0259193	0	0	0	0	0	0
FBGN0038816	20	14	35	43	58	30
FBGN0019925	107	145	153	219	316	219
FBGN0037714	0	0	3	0	0	0
FBGN0038837	0	2	0	0	0	0
FBGN0085337	0	0	0	0	0	0
FBGN0085454	0	0	0	0	0	0
FBGN0265266	0	0	0	0	2	0
FBGN0038929	0	0	0	0	0	0
FBGN0038233	10	16	16	15	19	17
FBGN0037550	67	49	102	66	92	99
FBGN0261841	1	6	10	0	1	1
FBGN0051025	0	0	0	0	0	0
FBGN0051225	0	0	0	0	0	0
FBGN0039566	295	363	476	359	570	644
FBGN0022943	39	22	28	56	86	109
FBGN0262081	72	77	110	98	169	152
FBGN0037610	15	9	5	11	10	18
FBGN0265274	1122	892	1227	1999	2636	2345
FBGN0067783	1	3	2	0	9	2
FBGN0051233	0	0	0	0	0	0
FBGN0013275	0	0	0	0	0	0
FBGN0037213	252	261	335	324	539	485
FBGN0037616	0	0	0	0	0	0
FBGN0038533	76	32	32	66	99	80
FBGN0037418	0	0	0	0	0	0
FBGN0264991	0	0	0	0	0	0
FBGN0015737	243	250	439	473	798	691
FBGN0038148	0	0	0	0	0	0
FBGN0037901	6	5	11	24	35	18
FBGN0267690	0	0	0	0	0	0
FBGN0037837	0	0	0	0	0	0
FBGN0039341	61	82	100	118	182	170
FBGN0037986	0	0	0	0	0	0
FBGN0267104	0	1	0	0	0	0
FBGN0037250	33	38	53	46	80	65
FBGN0039197	0	0	0	0	0	0
FBGN0038566	0	0	0	0	0	0
FBGN0051481	0	0	0	0	0	0
FBGN0037817	7	7	12	0	0	5
FBGN0266464	140	153	197	165	229	221
FBGN0038424	48	61	94	52	62	51
FBGN0051229	34	19	42	28	40	34
FBGN0038691	0	0	0	0	0	0
FBGN0039069	0	0	0	0	2	0
FBGN0037829	0	0	0	0	0	0
FBGN0016120	413	473	548	494	590	617
FBGN0005596	50	32	46	54	95	97
FBGN0038179	5	4	11	28	41	22
FBGN0262540	0	0	0	0	0	0
FBGN0040071	147	121	179	277	420	401
FBGN0038423	0	0	0	0	0	0
FBGN0045862	109	73	159	146	199	200
FBGN0051259	3	0	1	0	0	0
FBGN0038251	47	45	59	60	96	119
FBGN0038797	0	0	0	0	0	0
FBGN0053483	0	0	0	0	0	0
FBGN0039140	74	51	54	78	94	119
FBGN0038428	27	32	40	29	38	29
FBGN0037770	231	236	368	334	450	509
FBGN0259194	0	0	0	0	0	0
FBGN0085417	5	2	6	4	5	15
FBGN0083991	0	0	0	0	0	0
FBGN0003093	6	12	11	8	13	16
FBGN0045866	216	106	196	221	323	257
FBGN0028468	23	25	24	57	46	67
FBGN0037908	0	0	0	0	0	0
FBGN0039754	18	13	32	35	50	52
FBGN0038919	58	27	49	37	54	79
FBGN0038105	0	0	1	0	0	0
FBGN0003479	38	32	54	57	41	38
FBGN0051371	0	0	0	0	0	0
FBGN0038244	42	53	99	80	83	77
FBGN0037249	1208	1172	1743	1333	1719	1779
FBGN0039041	0	0	0	0	0	0
FBGN0038084	0	0	0	0	0	0
FBGN0024957	246	183	253	356	457	444
FBGN0286741	0	0	0	0	0	0
FBGN0026620	255	348	534	399	456	417
FBGN0051213	0	0	0	0	0	0
FBGN0085431	0	0	0	0	0	0
FBGN0263995	7	0	6	7	3	2
FBGN0011290	18	6	13	12	30	20
FBGN0037521	0	1	0	0	0	0
FBGN0037347	24	33	37	32	26	30
FBGN0022359	13	3	28	3	6	5
FBGN0265189	66	50	92	75	85	120
FBGN0053108	11	9	10	7	23	4
FBGN0038013	76	104	107	44	105	98
FBGN0051091	0	0	0	0	0	0
FBGN0264495	89	52	78	142	248	181
FBGN0038558	0	0	0	0	0	0
FBGN0014342	28	20	24	24	26	23
FBGN0086686	64	55	92	147	200	170
FBGN0003357	0	0	3	0	1	0
FBGN0039508	36	28	49	40	72	63
FBGN0016119	101	76	121	158	172	208
FBGN0263403	0	0	0	0	0	0
FBGN0264903	1	0	1	0	0	0
FBGN0039645	0	0	0	0	0	0
FBGN0039209	30	20	35	33	43	40
FBGN0016691	360	347	1192	311	374	383
FBGN0038550	0	0	0	0	0	0
FBGN0053293	0	0	0	0	0	0
FBGN0038767	23	7	17	33	48	57
FBGN0039739	0	0	0	0	0	0
FBGN0039349	43	63	75	48	44	62
FBGN0038414	0	0	0	0	0	0
FBGN0004629	12	4	11	7	1	13
FBGN0011582	0	0	0	0	0	0
FBGN0037562	0	0	0	0	0	0
FBGN0042110	0	0	0	0	0	0
FBGN0039681	0	3	0	0	1	0
FBGN0038705	0	0	1	0	0	0
FBGN0051211	45	53	95	51	104	84
FBGN0038690	0	0	0	0	0	0
FBGN0040529	173	151	176	192	304	310
FBGN0039027	0	0	0	0	0	0
FBGN0285937	212	139	163	335	425	343
FBGN0039656	0	0	0	0	0	0
FBGN0014380	9	5	5	7	16	13
FBGN0037664	27	20	32	87	142	93
FBGN0004436	75	34	34	91	139	80
FBGN0001149	1830	1784	2444	1648	2416	2395
FBGN0037635	1	7	2	0	1	0
FBGN0004554	11	2	4	1	1	5
FBGN0038851	0	0	0	0	0	0
FBGN0039172	215	227	402	404	702	641
FBGN0000416	878	916	1399	1442	1963	1896
FBGN0003330	71	57	111	85	115	99
FBGN0004782	0	0	0	0	0	0
FBGN0037502	0	0	0	0	0	0
FBGN0038134	0	0	0	0	0	0
FBGN0283536	83	49	45	58	91	67
FBGN0038285	0	0	0	0	0	0
FBGN0038871	3	5	3	6	13	9
FBGN0037780	59	47	60	62	70	83
FBGN0038516	5	5	0	1	1	1
FBGN0038509	0	0	4	0	0	1
FBGN0037534	4	2	0	2	7	0
FBGN0039451	14	17	18	47	48	66
FBGN0039770	0	1	0	0	0	0
FBGN0263740	439	390	587	420	691	639
FBGN0001138	91	51	121	128	255	206
FBGN0261929	0	0	0	0	0	0
FBGN0039684	0	0	0	0	0	0
FBGN0039280	19	16	8	21	25	23
FBGN0051410	5	0	1	2	0	0
FBGN0003257	192	165	198	174	227	227
FBGN0001169	74	44	73	103	165	138
FBGN0038993	0	0	0	0	0	0
FBGN0038054	0	0	0	0	0	0
FBGN0053192	0	0	0	0	0	0
FBGN0037721	23	19	18	84	172	104
FBGN0086361	92	109	104	110	171	191
FBGN0037779	16	17	41	31	33	61
FBGN0260743	30	41	54	32	53	50
FBGN0002941	0	0	4	0	0	0
FBGN0037742	8	7	6	8	10	3
FBGN0037997	0	0	0	0	0	0
FBGN0025821	0	0	0	0	0	0
FBGN0051038	23	20	32	51	79	67
FBGN0039689	13	10	7	5	17	10
FBGN0039554	39	69	90	81	143	127
FBGN0039250	229	210	389	336	402	381
FBGN0037592	6	31	29	18	42	47
FBGN0028997	13	23	24	23	16	22
FBGN0011666	111	88	120	156	308	256
FBGN0037500	0	0	0	0	0	0
FBGN0284081	0	0	0	0	0	0
FBGN0262975	161	127	205	268	364	339
FBGN0262167	40	40	71	64	95	101
FBGN0000064	243	264	396	283	519	394
FBGN0038163	0	0	0	0	0	0
FBGN0039149	16	17	33	18	3	17
FBGN0027109	0	0	0	0	0	0
FBGN0038425	16	6	1	2	8	9
FBGN0038482	0	0	0	0	0	0
FBGN0250832	0	0	0	0	0	0
FBGN0037643	238	225	340	387	470	513
FBGN0267236	0	0	0	0	0	0
FBGN0038140	0	1	0	0	0	0
FBGN0061476	65	61	50	98	128	117
FBGN0038122	0	0	0	0	0	0
FBGN0029170	15	1	0	7	12	7
FBGN0003450	0	0	0	0	0	0
FBGN0039596	0	0	0	0	0	0
FBGN0038490	2	0	7	4	2	3
FBGN0039106	0	0	0	0	0	0
FBGN0039335	43	31	22	38	55	39
FBGN0038879	0	0	0	0	0	0
FBGN0037336	44	61	34	97	139	125
FBGN0003651	11	7	13	22	26	32
FBGN0037690	0	0	0	0	0	0
FBGN0038106	31	41	33	40	64	53
FBGN0001321	100	134	167	160	181	185
FBGN0037225	0	0	0	0	0	0
FBGN0038082	0	0	0	0	0	0
FBGN0005355	61	42	76	68	130	144
FBGN0000150	1793	1786	2625	1728	2770	2619
FBGN0037577	0	0	0	0	0	0
FBGN0038866	0	0	0	0	0	1
FBGN0038429	18	33	48	25	55	59
FBGN0038981	52	47	69	70	113	95
FBGN0262144	0	0	0	0	0	0
FBGN0038654	0	0	0	0	0	0
FBGN0039789	3	0	0	0	0	7
FBGN0039589	9	32	36	37	46	53
FBGN0039591	0	0	0	0	0	0
FBGN0039718	0	0	0	0	0	0
FBGN0038241	219	38	272	0	0	0
FBGN0038018	0	0	0	0	0	0
FBGN0038715	0	0	0	0	0	0
FBGN0039478	0	0	0	0	0	0
FBGN0004117	11	14	21	6	2	0
FBGN0028708	27	17	45	45	53	58
FBGN0046222	72	92	128	109	146	149
FBGN0039637	6	20	18	31	55	40
FBGN0283477	605	772	1195	640	704	675
FBGN0039370	0	0	0	0	0	0
FBGN0038126	7	15	24	42	61	60
FBGN0265101	33	26	46	50	43	43
FBGN0015019	764	805	1182	881	1310	1274
FBGN0051068	0	0	0	0	0	0
FBGN0037218	56	57	94	152	157	170
FBGN0011670	0	0	0	0	0	0
FBGN0000527	0	0	0	0	0	0
FBGN0037613	7	8	9	9	18	10
FBGN0027608	0	3	0	1	1	4
FBGN0051477	1	2	7	6	7	2
FBGN0267431	0	0	0	0	0	0
FBGN0039563	59	67	83	90	99	104
FBGN0261046	0	2	0	0	0	0
FBGN0263398	15	25	23	31	44	34
FBGN0046885	0	0	0	0	0	0
FBGN0004577	0	1	1	3	7	6
FBGN0003308	6	20	20	0	5	5
FBGN0038818	0	8	0	0	0	0
FBGN0039736	0	0	0	0	0	0
FBGN0037531	28	25	46	16	20	19
FBGN0266405	8	6	0	0	0	0
FBGN0013949	1	7	7	4	0	0
FBGN0044809	0	0	0	0	0	0
FBGN0262614	771	809	1102	950	1316	1293
FBGN0051115	0	0	0	0	0	0
FBGN0260962	612	568	828	481	737	699
FBGN0037606	6	7	18	12	15	12
FBGN0038976	89	50	102	149	154	174
FBGN0037517	0	0	1	0	0	0
FBGN0051326	0	0	0	0	0	0
FBGN0039309	0	0	0	0	0	0
FBGN0021750	28	24	52	43	49	63
FBGN0002862	0	2	0	0	0	0
FBGN0260399	42	26	36	54	72	69
FBGN0261994	0	0	0	0	0	0
FBGN0039677	0	0	0	0	0	0
FBGN0037387	0	0	0	0	0	0
FBGN0038313	27	27	34	30	38	55
FBGN0039369	0	0	0	0	0	0
FBGN0037238	0	1	0	0	0	0
FBGN0025808	13	11	20	18	30	23
FBGN0260759	4	3	8	6	7	2
FBGN0039115	14	7	16	19	23	27
FBGN0037737	30	33	60	51	44	38
FBGN0037350	3	5	7	5	2	2
FBGN0037515	9	17	11	9	8	5
FBGN0037340	32	40	49	32	43	49
FBGN0038849	0	0	0	0	1	0
FBGN0261932	0	0	0	0	0	0
FBGN0001112	50	9	8	32	31	23
FBGN0039875	74	52	72	136	183	197
FBGN0037365	0	0	0	0	0	0
FBGN0039811	0	0	0	0	0	0
FBGN0053213	18	15	10	10	14	12
FBGN0037962	0	0	0	0	1	0
FBGN0003429	0	0	0	0	0	0
FBGN0011725	135	101	124	242	275	300
FBGN0263399	0	0	0	0	0	0
FBGN0051121	102	100	112	185	333	305
FBGN0062411	0	0	0	0	0	0
FBGN0051354	1	2	0	0	0	8
FBGN0264816	36	29	43	79	62	62
FBGN0037758	38	47	48	94	98	99
FBGN0037916	0	0	0	0	0	0
FBGN0038055	13	25	14	51	39	23
FBGN0026598	82	66	105	122	132	144
FBGN0262808	0	0	0	0	0	0
FBGN0038546	44	49	73	59	71	90
FBGN0011745	215	175	282	278	354	337
FBGN0037406	0	0	0	0	1	0
FBGN0039034	0	0	0	0	0	0
FBGN0004369	95	122	124	293	396	368
FBGN0039598	0	0	0	0	0	0
FBGN0266581	271	276	422	283	375	425
FBGN0261393	4	0	0	0	0	2
FBGN0085345	0	0	0	0	0	0
FBGN0039161	1	0	0	2	9	1
FBGN0000591	1	1	1	15	39	27
FBGN0039494	21	10	14	46	84	81
FBGN0260794	366	377	588	649	970	734
FBGN0039031	1	0	1	3	0	0
FBGN0014141	402	594	873	590	862	791
FBGN0262562	4	2	0	2	3	1
FBGN0003275	108	109	199	105	114	142
FBGN0270925	0	0	0	0	0	0
FBGN0083974	0	0	0	0	0	0
FBGN0260237	7	2	0	4	8	0
FBGN0026063	0	0	0	1	0	0
FBGN0038158	0	0	0	0	0	0
FBGN0013347	73	58	69	134	144	117
FBGN0051269	0	0	0	0	0	0
FBGN0037844	1	0	0	1	0	0
FBGN0040271	87	81	145	186	179	171
FBGN0039495	0	0	0	0	0	0
FBGN0038124	0	0	0	0	0	0
FBGN0039431	26	34	44	43	69	54
FBGN0025571	183	217	365	268	354	439
FBGN0037554	24	18	27	40	50	56
FBGN0037284	0	0	0	0	0	0
FBGN0022787	93	67	100	86	115	111
FBGN0038795	2	1	7	0	0	0
FBGN0015011	7	0	8	1	2	3
FBGN0042111	15	13	11	20	48	44
FBGN0003129	0	2	1	0	0	1
FBGN0038511	40	61	60	103	139	106
FBGN0037536	21	9	44	42	51	63
FBGN0037931	17	6	14	15	23	32
FBGN0038855	21	20	32	34	43	66
FBGN0039359	951	492	770	969	1426	1165
FBGN0000564	0	5	0	0	0	0
FBGN0026441	35	32	77	41	95	52
FBGN0038237	0	0	1	0	0	0
FBGN0037514	0	0	0	0	0	0
FBGN0038033	0	0	0	0	0	0
FBGN0039319	0	3	0	0	0	0
FBGN0039395	0	0	0	0	0	0
FBGN0265351	24	31	14	29	27	42
FBGN0262576	0	0	0	0	0	0
FBGN0085311	0	0	0	5	5	518
FBGN0004174	0	0	0	0	0	0
FBGN0039291	9	50	75	33	25	5
FBGN0051021	0	0	0	0	0	0
FBGN0037583	31	37	65	103	91	90
FBGN0051441	6	3	2	5	7	1
FBGN0051374	0	0	3	2	2	0
FBGN0039102	2	0	4	0	6	1
FBGN0039638	67	57	86	98	103	111
FBGN0025802	40	42	58	74	96	92
FBGN0037344	228	238	373	397	565	522
FBGN0053193	17	18	10	26	51	43
FBGN0037751	0	1	0	0	0	0
FBGN0026562	128	114	112	114	153	126
FBGN0039703	0	0	0	0	0	0
FBGN0038348	1	1	0	0	0	0
FBGN0010808	77	53	86	49	66	63
FBGN0038942	0	0	0	0	0	0
FBGN0264741	0	0	0	0	0	0
FBGN0039219	99	116	168	103	173	141
FBGN0037850	96	59	51	0	0	0
FBGN0039008	0	0	0	0	0	0
FBGN0037468	167	144	166	220	260	261
FBGN0037420	51	0	1	0	0	0
FBGN0250753	912	960	1579	1000	1101	1259
FBGN0015831	0	0	0	0	1	0
FBGN0039719	0	0	0	0	0	0
FBGN0259685	607	729	1015	802	957	1070
FBGN0003249	0	0	0	0	0	0
FBGN0000139	55	98	122	105	102	94
FBGN0017567	71	59	55	42	78	67
FBGN0261285	2	2	11	8	12	7
FBGN0037230	0	0	0	0	0	0
FBGN0045468	0	0	0	0	0	0
FBGN0003513	18	6	20	25	45	46
FBGN0053927	0	0	0	0	0	0
FBGN0024944	0	0	0	0	0	0
FBGN0037707	130	102	197	148	249	248
FBGN0267106	0	0	0	0	0	0
FBGN0038395	0	0	3	0	1	0
FBGN0287598	0	0	2	0	0	0
FBGN0038001	0	0	0	0	0	0
FBGN0037671	95	89	96	181	424	311
FBGN0039665	52	41	42	68	139	73
FBGN0039006	33	37	49	42	61	66
FBGN0037228	1	3	4	2	0	0
FBGN0038709	0	0	0	0	0	0
FBGN0010328	695	625	1133	921	1238	1401
FBGN0038746	73	80	145	45	76	53
FBGN0037717	0	0	0	0	0	0
FBGN0038983	28	7	12	36	72	55
FBGN0044812	0	1	2	0	0	0
FBGN0038020	104	96	170	46	33	37
FBGN0037836	0	0	0	0	0	0
FBGN0086365	42	43	53	81	116	149
FBGN0016672	1	1	4	4	6	3
FBGN0004387	56	66	71	81	133	131
FBGN0024491	102	127	242	152	172	178
FBGN0037537	230	236	290	370	441	457
FBGN0261532	61	37	71	73	73	74
FBGN0010040	0	1	0	0	0	0
FBGN0037323	29	13	9	18	27	28
FBGN0262112	4	0	6	2	3	1
FBGN0039474	0	6	1	0	0	0
FBGN0004587	794	607	793	893	1321	1380
FBGN0038051	0	0	0	0	0	0
FBGN0038396	21	20	40	54	50	39
FBGN0000279	6	0	0	0	0	0
FBGN0038918	0	0	0	0	0	0
FBGN0039350	96	131	174	77	155	111
FBGN0261502	0	0	0	0	0	0
FBGN0002633	8	0	6	15	13	23
FBGN0041102	0	0	0	0	0	0
FBGN0051324	2	0	0	0	1	0
FBGN0250757	3	13	2	0	0	0
FBGN0020249	32	20	39	47	87	75
FBGN0039321	1	0	0	0	0	0
FBGN0039804	11	18	35	36	63	40
FBGN0003205	89	101	139	137	201	197
FBGN0002413	209	217	327	220	386	355
FBGN0085309	0	0	0	0	0	0
FBGN0038011	0	0	0	1	0	0
FBGN0038194	2	3	0	0	0	0
FBGN0261238	101	111	133	149	309	249
FBGN0086605	78	121	121	86	115	109
FBGN0037430	0	0	0	0	0	0
FBGN0039659	0	0	0	0	0	0
FBGN0037384	21	17	5	21	41	22
FBGN0038419	1	0	1	0	0	1
FBGN0038975	1	9	2	0	0	0
FBGN0038000	0	0	0	0	0	0
FBGN0037815	87	83	110	60	93	111
FBGN0038927	59	104	127	98	181	123
FBGN0284234	0	0	0	0	0	0
FBGN0038318	36	41	51	74	114	131
FBGN0039679	0	0	0	0	0	0
FBGN0051380	0	0	1	0	0	0
FBGN0037486	0	0	0	0	0	0
FBGN0039588	11	17	32	19	29	36
FBGN0085433	15	5	18	15	55	28
FBGN0038876	4	20	21	9	9	7
FBGN0038144	0	0	0	1	0	0
FBGN0024909	47	48	80	52	64	77
FBGN0038451	0	0	0	0	0	0
FBGN0037778	24	21	13	26	41	32
FBGN0038901	0	0	0	0	0	0
FBGN0267651	0	0	0	0	0	0
FBGN0004778	0	0	0	0	0	0
FBGN0015229	13	11	17	31	73	49
FBGN0051501	0	0	0	0	0	0
FBGN0027873	80	95	139	138	137	141
FBGN0283499	75	67	128	157	190	152
FBGN0038512	0	0	0	0	0	0
FBGN0027617	40	46	66	44	57	68
FBGN0085325	0	1	0	0	1	14
FBGN0039887	0	0	0	0	0	0
FBGN0038704	65	34	99	109	133	109
FBGN0039498	0	0	0	0	0	0
FBGN0002838	0	0	0	0	0	0
FBGN0259991	1	1	0	3	6	0
FBGN0037520	0	0	0	0	0	0
FBGN0038888	0	0	0	0	0	0
FBGN0286852	0	0	0	0	0	0
FBGN0041707	0	6	0	0	0	2
FBGN0000500	0	0	0	0	0	0
FBGN0038045	1	1	0	0	0	0
FBGN0039271	12	8	23	12	24	28
FBGN0039117	93	130	147	153	166	150
FBGN0038506	0	0	0	0	0	0
FBGN0263048	0	0	9	0	0	5
FBGN0004171	0	0	0	0	0	0
FBGN0038957	0	1	0	0	1	0
FBGN0053098	0	0	0	0	0	0
FBGN0038350	0	0	2	0	2	5
FBGN0017581	337	416	646	450	641	696
FBGN0039557	51	60	83	70	64	73
FBGN0024958	127	154	220	153	197	192
FBGN0039872	0	0	0	0	0	0
FBGN0002632	0	0	3	2	3	8
FBGN0039428	0	0	0	0	0	0
FBGN0266455	0	0	0	0	0	0
FBGN0039130	147	177	166	221	320	270
FBGN0037388	0	0	0	0	0	0
FBGN0051253	0	0	0	0	0	0
FBGN0261984	49	71	71	92	124	88
FBGN0051469	0	0	0	2	0	0
FBGN0038761	0	0	1	0	0	1
FBGN0039048	0	0	0	0	0	0
FBGN0265146	1	1	3	0	0	0
FBGN0043791	0	0	0	0	0	0
FBGN0260642	19	22	29	34	66	48
FBGN0038365	16	12	6	24	34	32
FBGN0038029	0	0	0	0	0	0
FBGN0002626	634	755	1048	898	1528	1440
FBGN0267430	0	0	0	0	0	0
FBGN0264490	0	1	0	0	0	0
FBGN0037374	19	7	16	32	20	21
FBGN0266534	0	0	0	0	0	0
FBGN0037988	0	0	0	0	0	0
FBGN0028690	503	481	698	629	845	756
FBGN0051055	0	0	0	0	0	0
FBGN0038420	5	2	6	6	7	4
FBGN0051467	0	0	0	0	0	0
FBGN0250746	424	484	683	557	796	772
FBGN0263390	1	0	0	0	0	0
FBGN0015574	0	0	0	0	0	0
FBGN0046114	30	23	49	23	41	44
FBGN0039299	3	1	4	0	3	0
FBGN0260464	22	21	15	23	32	39
FBGN0051104	1	0	0	0	0	0
FBGN0261395	0	0	0	0	0	0
FBGN0039241	173	260	296	245	349	419
FBGN0053977	37	18	18	42	65	35
FBGN0040582	1	0	0	0	0	0
FBGN0051126	12	21	25	20	21	20
FBGN0039386	0	0	0	0	0	0
FBGN0038087	0	0	0	0	0	0
FBGN0002781	286	204	359	431	678	633
FBGN0001098	554	742	905	576	992	974
FBGN0038672	6	8	5	13	13	8
FBGN0260224	8	2	9	26	29	20
FBGN0038814	0	0	0	0	0	0
FBGN0004509	84	62	114	109	164	170
FBGN0038256	8	6	10	14	19	10
FBGN0286976	0	0	0	0	0	0
FBGN0038070	1	0	0	0	1	0
FBGN0037624	828	1027	1875	856	1115	1183
FBGN0004862	0	0	0	0	0	0
FBGN0038260	0	3	0	1	4	3
FBGN0017456	0	0	0	0	0	0
FBGN0038701	0	0	0	0	0	0
FBGN0037551	57	55	92	54	102	80
FBGN0037906	0	0	1	0	0	0
FBGN0037240	1113	1065	1702	1605	2039	1939
FBGN0053094	83	72	112	106	174	164
FBGN0037944	23	22	29	16	53	26
FBGN0002733	36	11	48	77	113	136
FBGN0039801	4	0	8	2	0	0
FBGN0052473	197	141	223	276	467	511
FBGN0260742	185	236	351	283	371	377
FBGN0038271	321	217	271	344	516	519
FBGN0020493	68	47	97	103	198	154
FBGN0053208	71	103	158	170	221	184
FBGN0039201	0	0	0	0	0	0
FBGN0039070	0	0	0	0	0	0
FBGN0039077	0	0	0	0	0	0
FBGN0037530	197	216	354	240	380	401
FBGN0263974	0	4	8	1	2	4
FBGN0051446	0	0	0	0	0	0
FBGN0039633	61	68	78	136	233	197
FBGN0051128	0	0	0	0	0	0
FBGN0260760	0	6	4	3	5	6
FBGN0037832	0	0	0	0	0	0
FBGN0260860	16	13	11	20	24	30
FBGN0038609	88	76	102	85	103	113
FBGN0039669	0	0	0	0	0	0
FBGN0038859	0	0	0	0	0	0
FBGN0038742	78	75	99	107	187	160
FBGN0039315	2	0	1	0	0	0
FBGN0038327	90	89	118	99	91	99
FBGN0261479	46	37	54	33	68	48
FBGN0013334	71	74	87	83	80	71
FBGN0028670	125	93	132	195	235	266
FBGN0027570	86	82	133	247	395	353
FBGN0266745	0	0	0	0	1	0
FBGN0263351	117	166	242	199	219	257
FBGN0040212	13	12	14	12	23	21
FBGN0039184	0	0	0	0	0	0
FBGN0003137	874	889	1106	1605	2551	2075
FBGN0261356	0	0	0	0	2	0
FBGN0046878	0	0	0	0	0	0
FBGN0037741	35	43	29	59	82	84
FBGN0038475	14	6	33	16	20	8
FBGN0051219	0	0	0	0	0	0
FBGN0038312	8	5	17	9	13	11
FBGN0038549	11	6	16	10	15	6
FBGN0011672	29	46	48	63	93	84
FBGN0038204	0	0	0	0	0	0
FBGN0039537	166	149	202	275	452	460
FBGN0283439	0	0	0	0	0	0
FBGN0039485	0	0	0	0	0	0
FBGN0039876	8	17	20	20	23	22
FBGN0038870	206	194	230	254	375	335
FBGN0038390	51	40	50	79	93	108
FBGN0010379	193	182	264	265	306	304
FBGN0266451	0	1	0	2	2	0
FBGN0085332	0	0	0	0	0	0
FBGN0037477	0	0	0	0	0	0
FBGN0038716	0	0	0	0	0	0
FBGN0038833	0	0	0	0	0	0
FBGN0039685	1389	2296	1518	265	68	70
FBGN0039109	0	0	0	0	0	0
FBGN0039029	0	0	0	0	0	0
FBGN0037416	0	1	0	0	0	0
FBGN0039751	17	9	29	6	17	17
FBGN0265276	103	127	171	203	332	274
FBGN0051040	31	31	54	76	73	87
FBGN0263022	0	0	0	0	0	0
FBGN0039301	66	44	76	62	137	118
FBGN0261065	106	125	140	143	190	182
FBGN0287587	0	0	0	0	0	0
FBGN0260766	0	0	0	3	1	0
FBGN0039561	26	27	37	39	59	40
FBGN0039104	0	0	0	0	0	0
FBGN0038679	82	82	151	135	163	207
FBGN0038445	0	0	0	0	0	0
FBGN0047114	37	37	45	22	26	23
FBGN0038449	0	0	0	0	0	0
FBGN0039129	3	1	1	2	2	2
FBGN0038809	59	64	79	110	189	146
FBGN0011476	11	11	8	9	6	6
FBGN0261817	0	0	0	0	0	0
FBGN0027610	1	1	1	0	4	2
FBGN0037345	4	7	4	0	8	4
FBGN0039851	63	119	165	110	159	180
FBGN0010355	229	222	283	337	413	350
FBGN0051548	45	38	40	32	53	50
FBGN0260487	0	0	0	0	0	0
FBGN0262717	93	103	152	134	153	175
FBGN0287588	0	0	0	0	0	0
FBGN0051510	31	40	71	63	90	103
FBGN0037722	1	5	18	13	22	17
FBGN0037328	491	318	421	545	845	756
FBGN0037565	0	0	0	0	0	0
FBGN0037698	0	0	0	0	0	0
FBGN0260467	10	6	14	16	36	23
FBGN0085461	0	0	0	0	0	0
FBGN0041188	334	305	413	500	770	785
FBGN0037315	23	20	40	39	31	44
FBGN0040283	180	170	274	292	307	319
FBGN0259974	0	0	0	0	0	0
FBGN0040682	0	0	0	0	1	0
FBGN0085383	0	1	0	0	0	0
FBGN0038291	9	1	17	2	0	0
FBGN0038828	0	1	0	0	0	0
FBGN0040206	73	99	138	145	183	173
FBGN0038452	0	0	0	0	0	0
FBGN0284232	2	0	0	0	0	0
FBGN0004908	36	32	55	23	50	48
FBGN0051151	64	58	98	109	188	171
FBGN0037222	2	0	0	0	1	2
FBGN0004876	90	72	133	104	101	148
FBGN0038292	4	0	2	0	0	2
FBGN0038343	0	0	0	0	0	0
FBGN0039091	0	0	0	0	0	0
FBGN0051516	0	0	0	0	0	0
FBGN0001296	0	0	0	0	0	0
FBGN0286507	0	0	0	0	0	0
FBGN0039816	0	1	0	0	0	0
FBGN0038819	1	0	0	0	0	0
FBGN0086253	135	178	277	145	184	172
FBGN0039464	16	23	20	8	9	20
FBGN0038640	51	42	53	54	62	65
FBGN0039178	6	11	5	3	3	3
FBGN0243512	39	30	35	43	75	80
FBGN0041105	0	0	0	0	0	0
FBGN0039019	124	136	141	158	174	181
FBGN0039170	1	0	0	7	0	1
FBGN0039017	7	28	18	18	18	10
FBGN0051538	0	0	0	0	1	2
FBGN0037878	182	213	276	181	256	198
FBGN0037465	68	46	89	85	115	116
FBGN0038371	7	5	11	14	19	6
FBGN0039726	45	41	69	54	68	88
FBGN0039833	0	0	0	0	0	0
FBGN0037372	83	77	128	137	159	173
FBGN0051249	31	27	41	35	57	76
FBGN0005649	192	272	351	344	489	487
FBGN0027338	420	399	676	670	1104	959
FBGN0011020	59	52	96	86	127	133
FBGN0039420	0	0	0	0	0	0
FBGN0045443	0	0	0	0	0	0
FBGN0038619	14	18	31	10	21	23
FBGN0266418	62	45	72	87	135	121
FBGN0002622	1324	2055	3214	1831	2503	2795
FBGN0259990	13	5	22	15	15	15
FBGN0004842	0	0	0	0	0	0
FBGN0011225	381	449	651	707	1155	1101
FBGN0261837	18	61	74	77	93	91
FBGN0037239	16	17	35	24	70	44
FBGN0026400	66	81	168	36	113	68
FBGN0260634	48	35	46	71	122	114
FBGN0038437	28	14	35	22	14	44
FBGN0051205	0	0	0	0	0	0
FBGN0014879	441	487	940	489	501	538
FBGN0038484	0	0	0	0	0	0
FBGN0051016	0	0	0	0	0	0
FBGN0086917	0	0	20	0	0	0
FBGN0003002	17	34	46	47	63	49
FBGN0037429	0	0	0	0	0	0
FBGN0038973	29	1	88	0	0	0
FBGN0037678	1	0	2	0	0	0
FBGN0000032	45	40	44	78	107	89
FBGN0038071	101	112	163	287	378	385
FBGN0038326	89	99	116	101	133	138
FBGN0028396	9	58	24	17	4	9
FBGN0003482	1	1	0	7	1	5
FBGN0003889	1	0	1	0	1	4
FBGN0250831	0	0	0	0	0	0
FBGN0028968	303	281	319	506	791	683
FBGN0038309	0	0	0	0	0	0
FBGN0038252	0	0	1	0	0	0
FBGN0262024	0	0	0	0	0	0
FBGN0038723	116	94	108	143	180	152
FBGN0038766	5	9	7	7	7	14
FBGN0261380	53	36	64	78	102	99
FBGN0051525	0	0	0	0	0	0
FBGN0037855	22	23	68	46	59	57
FBGN0004780	0	1	0	0	0	0
FBGN0261649	39	47	43	72	124	96
FBGN0000278	0	0	0	0	0	0
FBGN0039859	13	5	17	3	15	8
FBGN0051231	0	0	0	0	0	2
FBGN0039530	0	3	0	0	0	0
FBGN0051431	0	0	3	0	0	0
FBGN0038706	0	0	0	0	0	0
FBGN0038146	174	139	224	164	198	249
FBGN0037743	10	6	10	18	31	42
FBGN0263863	90	98	163	92	145	118
FBGN0024558	41	38	45	52	106	75
FBGN0083949	1	5	0	0	0	0
FBGN0005696	51	57	122	77	77	101
FBGN0039520	0	0	0	0	0	0
FBGN0011774	77	85	83	25	52	32
FBGN0037633	47	24	51	42	55	66
FBGN0027578	7	9	25	2	2	1
FBGN0039469	0	0	0	0	0	0
FBGN0015795	124	107	133	208	227	278
FBGN0039020	15	2	24	14	24	17
FBGN0058198	0	0	0	0	0	0
FBGN0039430	6	0	5	12	7	16
FBGN0260942	4	7	8	6	6	16
FBGN0038880	0	0	0	0	0	0
FBGN0013812	0	3	1	2	3	6
FBGN0039068	6	8	15	6	20	17
FBGN0038774	2	15	19	0	1	0
FBGN0051064	24	23	50	32	60	43
FBGN0000723	123	125	136	201	265	262
FBGN0263979	440	353	526	603	811	884
FBGN0263738	13	10	19	14	16	26
FBGN0039585	0	0	0	0	0	0
FBGN0259222	0	0	0	1	0	0
FBGN0039226	8	7	31	1	13	17
FBGN0261434	0	0	0	0	0	0
FBGN0003334	53	68	77	96	146	103
FBGN0039297	0	2	2	0	0	2
FBGN0039688	50	55	81	141	168	158
FBGN0038332	8	9	18	21	19	34
FBGN0085405	13	19	24	33	34	13
FBGN0038568	0	0	0	0	0	0
FBGN0039444	0	0	0	0	0	0
FBGN0285911	42	74	91	82	83	105
FBGN0038454	27	34	43	27	44	27
FBGN0038984	78	50	97	119	172	167
FBGN0038839	0	6	2	0	0	0
FBGN0041186	52	35	91	104	105	69
FBGN0051139	0	0	0	0	1	0
FBGN0011273	0	0	0	0	0	0
FBGN0038273	4	6	18	9	2	5
FBGN0038183	106	81	119	122	102	152
FBGN0042213	19	17	19	15	20	17
FBGN0039038	3	0	0	0	0	0
FBGN0037736	0	3	0	0	0	0
FBGN0051146	1	7	5	9	4	4
FBGN0039482	9	8	8	0	2	3
FBGN0039051	2	1	2	0	0	0
FBGN0027494	0	2	1	0	0	1
FBGN0037960	43	38	68	113	168	159
FBGN0039440	0	0	0	0	0	0
FBGN0037464	0	0	0	0	0	0
FBGN0039486	0	0	0	0	0	4
FBGN0038630	0	0	0	0	0	0
FBGN0263621	0	0	0	0	0	0
FBGN0038381	66	30	62	61	144	130
FBGN0039244	80	79	139	139	272	245
FBGN0086359	13	22	28	43	50	45
FBGN0026576	28	15	15	11	24	22
FBGN0037634	18	8	16	34	49	36
FBGN0263025	16	4	4	3	7	8
FBGN0038653	0	0	0	0	0	0
FBGN0037421	0	0	0	0	0	0
FBGN0024326	41	43	83	65	95	117
FBGN0010403	0	0	0	0	0	0
FBGN0039628	0	0	0	0	0	0
FBGN0037561	53	35	65	38	60	55
FBGN0003227	37	28	47	39	48	76
FBGN0038610	97	80	115	309	628	469
FBGN0037571	0	0	0	0	0	0
FBGN0041711	19	18	35	23	20	36
FBGN0039597	0	0	0	0	0	0
FBGN0038189	0	0	0	0	0	0
FBGN0037576	0	0	0	0	0	0
FBGN0010039	71	52	106	79	102	115
FBGN0037533	446	429	664	952	1391	1260
FBGN0037801	12	31	24	10	2	0
FBGN0266539	10	0	10	12	5	15
FBGN0037379	21	21	37	59	94	80
FBGN0038376	60	60	102	74	122	99
FBGN0019936	212	144	277	513	725	805
FBGN0266917	193	257	347	299	389	344
FBGN0038763	5	4	6	14	16	16
FBGN0026314	5	0	0	3	0	0
FBGN0039294	0	0	0	4	3	4
FBGN0053547	0	1	0	0	0	0
FBGN0038853	23	35	28	52	77	86
FBGN0037999	11	11	22	21	29	20
FBGN0261714	0	0	0	0	0	0
FBGN0038808	23	29	35	59	66	66
FBGN0037877	20	16	18	29	13	25
FBGN0261680	0	0	0	0	0	0
FBGN0038673	39	38	53	54	55	60
FBGN0261575	0	7	12	0	2	0
FBGN0001215	1154	1469	2064	743	917	1003
FBGN0051281	0	0	0	0	0	0
FBGN0027378	63	77	109	106	142	134
FBGN0003720	0	0	0	0	0	0
FBGN0051439	0	0	0	58	12	2367
FBGN0000147	55	40	67	71	101	81
FBGN0039112	53	83	77	87	100	113
FBGN0039629	0	0	0	0	0	5
FBGN0017577	289	264	349	356	482	530
FBGN0037469	5	3	1	15	11	9
FBGN0003870	162	155	215	292	466	455
FBGN0265201	0	0	0	0	0	0
FBGN0037431	0	0	0	0	0	0
FBGN0039086	0	0	0	0	0	0
FBGN0051014	7	0	7	0	0	0
FBGN0010877	76	72	91	79	97	128
FBGN0038315	0	0	0	0	0	0
FBGN0039501	0	0	0	0	1	0
FBGN0262899	0	0	0	0	0	0
FBGN0000063	24	27	31	42	49	42
FBGN0020647	29	38	67	69	111	86
FBGN0051436	2	3	2	0	0	4
FBGN0053093	0	0	0	0	0	0
FBGN0038272	76	100	93	96	116	126
FBGN0038225	0	0	0	0	0	0
FBGN0038218	0	0	0	0	0	0
FBGN0024329	122	170	182	165	268	228
FBGN0002962	0	0	1	0	0	0
FBGN0000303	0	3	0	0	0	0
FBGN0027841	97	54	121	114	196	184
FBGN0039329	12	5	12	17	14	26
FBGN0039260	40	56	82	60	79	94
FBGN0039249	5	0	10	1	7	2
FBGN0051414	0	0	0	2	12	1
FBGN0051176	5	2	4	6	6	9
FBGN0262538	0	0	0	0	0	0
FBGN0003011	0	0	0	0	0	0
FBGN0039564	0	0	1	0	1	0
FBGN0037899	165	141	278	139	191	235
FBGN0038063	0	0	0	0	0	0
FBGN0037993	0	1	0	0	0	0
FBGN0038806	45	39	46	22	52	46
FBGN0024841	44	15	28	27	51	40
FBGN0015589	54	57	86	83	142	128
FBGN0053099	1	2	6	8	12	22
FBGN0039471	0	4	0	0	0	0
FBGN0027598	66	68	118	110	130	146
FBGN0083963	0	0	0	0	0	0
FBGN0286828	41	24	30	52	64	68
FBGN0051549	62	39	80	55	56	58
FBGN0039427	22	21	25	33	32	32
FBGN0004652	213	195	276	73	131	165
FBGN0039836	5	5	13	7	11	12
FBGN0039676	0	0	0	0	0	0
FBGN0067628	6	7	9	15	18	35
FBGN0039611	4	4	17	0	2	1
FBGN0038750	0	0	0	0	0	1
FBGN0026207	161	126	244	245	351	305
FBGN0041225	0	0	0	0	0	0
FBGN0039551	0	0	0	0	0	0
FBGN0038115	46	37	83	34	50	34
FBGN0051343	0	0	0	0	0	0
FBGN0039710	79	53	94	94	137	110
FBGN0261262	0	2	0	0	0	0
FBGN0028471	56	59	84	74	87	92
FBGN0028984	249	233	308	445	756	730
FBGN0263750	0	0	0	0	0	0
FBGN0039132	24	24	43	33	53	60
FBGN0243586	0	0	0	0	0	0
FBGN0037409	8	1	4	4	7	10
FBGN0038593	23	21	29	50	62	55
FBGN0014931	0	0	0	0	0	0
FBGN0037405	0	0	0	0	0	0
FBGN0086687	495	612	655	554	804	764
FBGN0039332	0	0	0	0	0	0
FBGN0005659	5	0	8	2	9	5
FBGN0014863	2	1	0	0	0	0
FBGN0038579	0	0	0	0	0	0
FBGN0038280	0	0	0	0	0	0
FBGN0051546	0	0	0	0	0	0
FBGN0037317	23	22	37	33	44	39
FBGN0037924	93	73	104	105	131	123
FBGN0013278	0	0	0	0	0	0
FBGN0000206	0	0	0	0	0	0
FBGN0051524	0	0	0	0	0	0
FBGN0038300	49	32	25	81	88	73
FBGN0027524	148	149	275	120	168	144
FBGN0010041	3	0	0	0	0	0
FBGN0038213	0	0	0	0	0	0
FBGN0015765	9	1	8	11	15	8
FBGN0086371	71	69	62	78	98	100
FBGN0039228	0	0	0	0	0	0
FBGN0011289	80	101	143	94	134	125
FBGN0037724	149	20	11	4	0	0
FBGN0270927	46	96	90	116	117	117
FBGN0039049	66	52	63	78	101	79
FBGN0037385	0	0	0	0	0	0
FBGN0038930	0	0	0	0	0	0
FBGN0037255	210	211	392	204	343	299
FBGN0004237	1495	1924	2546	1083	1533	1431
FBGN0051472	66	87	77	90	123	88
FBGN0038626	0	0	0	0	0	0
FBGN0039124	0	0	0	0	0	0
FBGN0051216	9	2	2	3	13	9
FBGN0037573	235	226	225	322	481	462
FBGN0037556	35	22	51	43	68	55
FBGN0037574	14	5	9	21	7	7
FBGN0002578	1	1	0	2	0	147
FBGN0051030	0	10	0	0	0	0
FBGN0261641	255	242	552	335	466	403
FBGN0262871	54	67	75	72	123	86
FBGN0038168	56	36	31	64	101	85
FBGN0039759	5	0	0	3	3	4
FBGN0039654	88	88	152	77	152	156
FBGN0262613	18	1	15	0	0	0
FBGN0039532	14	14	10	24	28	27
FBGN0027518	12	16	36	31	56	34
FBGN0037750	1	2	0	0	0	0
FBGN0010772	35	30	56	40	95	47
FBGN0038945	0	0	0	0	0	0
FBGN0024833	70	48	108	74	139	112
FBGN0037922	17	9	17	16	31	38
FBGN0025680	0	0	0	0	0	0
FBGN0037539	16	13	21	20	22	21
FBGN0266719	52	47	60	86	81	99
FBGN0039277	0	1	1	0	1	0
FBGN0039421	0	0	0	0	0	0
FBGN0266177	0	0	0	0	0	0
FBGN0043455	52	68	58	55	68	63
FBGN0003567	202	235	360	265	372	306
FBGN0261291	0	0	0	0	0	0
FBGN0039674	26	27	59	34	43	44
FBGN0038915	0	0	0	0	0	0
FBGN0039818	0	0	0	0	0	4
FBGN0038286	68	24	30	86	150	142
FBGN0263597	0	0	0	0	0	0
FBGN0010113	357	376	394	635	945	960
FBGN0037298	60	66	75	61	98	78
FBGN0051220	0	0	0	0	0	0
FBGN0040687	0	0	0	0	0	0
FBGN0039163	141	171	220	92	175	155
FBGN0260741	5	7	18	14	21	16
FBGN0026059	80	99	116	114	180	170
FBGN0051300	0	0	0	0	0	0
FBGN0051406	0	0	0	0	0	0
FBGN0045843	0	0	0	0	0	0
FBGN0051459	0	0	1	0	0	0
FBGN0051368	213	188	309	237	318	393
FBGN0266673	104	71	148	130	168	136
FBGN0010313	35	66	72	45	111	71
FBGN0262587	0	5	6	2	4	0
FBGN0038355	0	0	0	0	0	0
FBGN0037460	0	0	0	0	0	0
FBGN0085307	283	38	90	0	0	0
FBGN0039182	275	304	398	266	278	341
FBGN0038339	1	8	0	3	4	0
FBGN0040257	1	0	0	0	0	0
FBGN0039378	0	0	0	0	0	0
FBGN0051370	0	0	2	1	0	0
FBGN0083950	0	0	0	0	0	0
FBGN0011668	0	0	0	0	0	0
FBGN0265083	20	16	28	2	6	5
FBGN0038108	217	212	285	276	459	423
FBGN0037827	0	0	0	0	0	0
FBGN0015622	398	352	562	434	825	769
FBGN0037662	0	0	0	0	0	0
FBGN0037879	0	0	0	0	0	0
FBGN0038857	37	52	65	81	54	60
FBGN0051388	7	6	3	2	11	1
FBGN0038100	13	12	43	37	46	45
FBGN0039175	164	126	179	233	294	298
FBGN0039120	433	493	685	570	814	796
FBGN0262023	0	0	1	0	1	0
FBGN0039722	0	7	1	0	0	0
FBGN0266443	0	0	0	0	0	0
FBGN0013767	0	8	0	0	0	0
FBGN0038401	1	0	6	3	5	10
FBGN0086695	4	12	24	20	35	38
FBGN0037760	147	153	245	246	362	339
FBGN0262541	0	0	0	0	0	0
FBGN0038274	89	90	105	142	162	179
FBGN0003510	0	0	0	0	0	0
FBGN0004573	0	0	0	0	0	0
FBGN0001180	0	0	0	0	2	1
FBGN0038206	23	28	38	40	76	51
FBGN0010222	95	81	97	59	88	107
FBGN0027583	23	22	24	30	46	61
FBGN0266721	0	1	0	0	0	0
FBGN0038744	0	0	0	0	1	1
FBGN0011474	111	95	183	165	235	221
FBGN0038917	15	3	2	5	10	7
FBGN0038239	0	14	484	0	0	0
FBGN0083967	12	9	16	5	23	23
FBGN0039830	444	292	375	724	1114	1004
FBGN0039404	45	37	74	32	55	61
FBGN0040588	0	0	0	0	0	0
FBGN0039125	106	121	170	230	288	232
FBGN0038632	15	11	20	32	35	53
FBGN0267648	0	0	0	0	0	0
FBGN0086372	113	146	163	208	257	253
FBGN0043069	0	0	0	0	0	0
FBGN0028684	255	284	400	352	594	546
FBGN0051207	0	0	0	0	0	0
FBGN0066101	28	41	56	68	106	133
FBGN0283535	107	73	135	127	178	154
FBGN0037261	99	124	157	124	203	212
FBGN0039576	0	0	0	0	0	0
FBGN0039190	0	0	0	0	0	0
FBGN0284226	2	0	0	1	3	8
FBGN0000071	382	364	510	516	655	598
FBGN0037632	1095	949	1424	1306	1778	1803
FBGN0039630	2	0	4	2	4	2
FBGN0037498	0	0	0	0	0	0
FBGN0039126	16	10	8	8	22	24
FBGN0039092	0	0	0	0	0	0
FBGN0038474	28	37	47	50	55	50
FBGN0022338	43	30	48	90	107	105
FBGN0286977	0	0	0	0	0	0
FBGN0039707	0	0	0	0	0	0
FBGN0038170	0	0	0	0	0	0
FBGN0037860	0	0	0	0	0	0
FBGN0039666	0	0	0	0	0	0
FBGN0260990	36	36	52	50	98	69
FBGN0052855	0	0	0	0	0	0
FBGN0001230	44	50	28	17	13	194
FBGN0039296	18	23	23	21	39	16
FBGN0285938	0	0	0	0	0	0
FBGN0039022	3	4	3	10	0	0
FBGN0086134	277	165	282	282	452	460
FBGN0038005	0	0	0	0	0	0
FBGN0039711	11	26	47	26	14	30
FBGN0085330	0	0	0	0	0	0
FBGN0028671	133	112	158	179	206	232
FBGN0051323	0	0	0	0	0	0
FBGN0039839	0	0	0	0	0	0
FBGN0037652	137	166	201	126	218	182
FBGN0085438	0	0	0	0	0	0
FBGN0037763	0	0	0	0	0	0
FBGN0264829	0	0	0	0	0	0
FBGN0082831	79	80	129	129	221	193
FBGN0037646	0	0	0	1	2	0
FBGN0037622	36	25	47	91	54	84
FBGN0038700	0	0	0	0	0	0
FBGN0038585	139	159	292	114	167	177
FBGN0038453	98	145	162	85	132	151
FBGN0040259	243	207	240	195	190	164
FBGN0039136	29	16	24	35	66	54
FBGN0263041	0	0	0	0	0	0
FBGN0266756	239	232	364	309	412	416
FBGN0038965	23	16	14	52	94	49
FBGN0051515	0	0	0	0	0	0
FBGN0038666	97	138	138	91	201	147
FBGN0039735	149	98	170	260	263	233
FBGN0038319	32	36	57	47	46	62
FBGN0039873	0	0	0	0	0	0
FBGN0038125	0	0	0	0	0	0
FBGN0039639	15	4	10	19	14	13
FBGN0266465	80	82	114	93	166	133
FBGN0037619	5	2	6	2	6	5
FBGN0039783	0	0	0	0	0	0
FBGN0038564	36	18	32	15	23	30
FBGN0038056	3	1	12	4	5	4
FBGN0015571	12	2	4	12	9	9
FBGN0039454	0	0	0	0	0	7
FBGN0037312	101	112	155	79	113	130
FBGN0038682	12	8	10	7	20	13
FBGN0039079	0	0	0	0	0	0
FBGN0039683	0	2	0	0	0	0
FBGN0038181	0	1	5	0	2	0
FBGN0042207	0	0	0	0	0	0
FBGN0039648	0	0	0	0	0	0
FBGN0037341	11	15	24	10	22	13
FBGN0026417	9	11	40	28	31	34
FBGN0039205	4	8	10	6	7	9
FBGN0000166	0	0	0	0	0	0
FBGN0000576	59	48	97	115	176	152
FBGN0037777	12	1	12	8	17	8
FBGN0037470	122	130	191	193	212	267
FBGN0039568	0	0	0	0	0	0
FBGN0010421	43	67	96	74	102	110
FBGN0003375	80	31	120	9	1	4
FBGN0037888	0	0	0	0	0	0
FBGN0039258	13	10	27	31	53	24
FBGN0038889	13	20	33	32	26	18
FBGN0038304	24	54	54	27	61	57
FBGN0086472	525	426	711	552	832	712
FBGN0037295	3	5	0	0	2	0
FBGN0039141	22	21	29	27	32	30
FBGN0037875	47	29	35	67	149	99
FBGN0262537	0	0	0	0	0	0
FBGN0086608	3	2	4	8	7	7
FBGN0038007	10	0	0	0	0	0
FBGN0012344	0	6	0	0	0	0
FBGN0038296	4	6	7	11	16	8
FBGN0039199	0	0	0	0	0	0
FBGN0039487	9	9	12	6	35	16
FBGN0037422	0	0	0	0	0	0
FBGN0051559	0	1	1	7	10	11
FBGN0038157	0	0	0	0	0	0
FBGN0038680	2	0	1	0	0	3
FBGN0038647	125	3	64	0	0	0
FBGN0039642	46	41	61	73	84	94
FBGN0267650	0	0	0	0	0	0
FBGN0053110	0	0	0	0	2	0
FBGN0039799	0	1	0	0	0	0
FBGN0263316	11	23	11	7	9	14
FBGN0037630	2	0	1	4	1	1
FBGN0040684	0	0	0	0	0	0
FBGN0015520	39	62	93	58	70	79
FBGN0038548	1	4	1	5	9	4
FBGN0015270	31	49	69	52	55	78
FBGN0039760	0	1	0	0	0	7
FBGN0039640	4	5	4	2	2	0
FBGN0038536	87	100	125	98	185	205
FBGN0003248	0	0	0	0	0	0
FBGN0038266	0	0	1	0	0	0
FBGN0039667	0	0	0	0	0	0
FBGN0262873	0	0	0	0	0	0
FBGN0015778	917	976	1195	1023	1699	1861
FBGN0038073	0	0	2	0	0	0
FBGN0038133	0	0	0	0	0	0
FBGN0000094	0	0	0	0	0	0
FBGN0260969	0	0	0	0	0	0
FBGN0003312	0	0	5	2	0	5
FBGN0038827	99	92	128	124	158	174
FBGN0039156	32	27	51	55	61	45
FBGN0038755	9	9	9	29	38	40
FBGN0037979	22	33	58	49	50	86
FBGN0038049	78	94	130	109	136	144
FBGN0038258	0	0	0	0	0	0
FBGN0038860	10	14	13	14	22	24
FBGN0015591	0	4	2	0	0	0
FBGN0039743	225	301	396	231	293	351
FBGN0037661	14	11	17	9	8	9
FBGN0051423	0	0	0	0	0	0
FBGN0039617	0	1	0	0	0	0
FBGN0000014	2	0	2	5	1	2
FBGN0040532	19	39	8	1	4	0
FBGN0038294	11	8	8	1	0	1
FBGN0000276	0	0	0	0	0	0
FBGN0086378	111	104	152	130	141	144
FBGN0051245	0	0	0	0	0	0
FBGN0040600	0	2	0	0	0	1
FBGN0039033	0	0	0	0	0	0
FBGN0038334	0	0	0	0	0	0
FBGN0004855	65	68	98	65	118	124
FBGN0039274	68	61	82	54	106	90
FBGN0039246	0	0	0	0	0	0
FBGN0038065	69	27	62	65	130	75
FBGN0265317	0	0	0	0	0	0
FBGN0038353	27	1	18	4	5	27
FBGN0261988	69	58	58	44	133	117
FBGN0015576	3	3	4	0	0	0
FBGN0037660	46	62	98	66	66	91
FBGN0010750	65	47	94	112	169	152
FBGN0267376	24	6	31	7	30	12
FBGN0039403	21	19	43	30	38	40
FBGN0037540	15	19	20	29	23	48
FBGN0053494	2	4	3	0	0	1
FBGN0037428	0	0	0	0	0	0
FBGN0051183	3	0	4	0	0	0
FBGN0015513	111	50	97	199	179	232
FBGN0005585	3056	3285	5104	5566	7470	7683
FBGN0085334	0	1	7	6	3	7
FBGN0038009	8	6	15	3	5	2
FBGN0037591	0	0	0	0	0	0
FBGN0265998	122	174	232	178	265	250
FBGN0262527	146	139	227	179	249	264
FBGN0038567	0	0	0	0	0	0
FBGN0039088	0	0	0	0	0	0
FBGN0038092	0	0	0	0	0	0
FBGN0039053	0	0	0	0	0	0
FBGN0037413	0	0	0	0	0	0
FBGN0038617	10	4	4	1	26	20
FBGN0004575	0	1	1	0	0	0
FBGN0008646	11	22	35	13	41	17
FBGN0261704	1	0	3	0	0	0
FBGN0039167	2	0	2	1	4	4
FBGN0039229	470	655	1036	448	621	714
FBGN0037244	27	26	36	36	46	56
FBGN0037935	1	3	0	0	0	0
FBGN0037263	3	1	2	1	0	2
FBGN0262869	0	0	0	0	0	0
FBGN0261995	22	14	23	20	31	31
FBGN0040565	25	1	63	0	0	0
FBGN0259731	0	0	0	2	0	1
FBGN0037359	53	29	48	42	80	92
FBGN0037443	49	34	52	55	78	85
FBGN0038727	16	17	30	11	14	10
FBGN0051547	1	0	0	0	0	1
FBGN0039877	151	195	208	212	248	248
FBGN0069242	20	9	13	30	28	23
FBGN0004783	1	0	0	0	0	0
FBGN0037716	17	29	61	47	43	34
FBGN0263117	0	0	0	0	0	0
FBGN0039768	0	0	0	0	0	0
FBGN0039696	42	44	60	59	70	87
FBGN0039673	0	0	0	0	0	0
FBGN0038166	17	6	35	18	49	29
FBGN0051391	0	0	0	0	0	0
FBGN0038926	0	0	0	0	0	0
FBGN0263236	100	62	72	294	459	332
FBGN0039379	85	78	102	105	131	163
FBGN0263047	2	4	10	9	3	13
FBGN0010926	154	150	259	169	220	259
FBGN0038201	0	0	0	0	0	0
FBGN0039782	0	0	0	0	0	0
FBGN0038109	0	0	0	0	0	0
FBGN0266722	14	6	12	13	17	22
FBGN0037356	15	13	50	10	22	33
FBGN0039152	0	0	3	3	0	0
FBGN0039857	1366	1253	1787	1510	2472	2537
FBGN0039529	0	0	0	1	1	0
FBGN0260466	0	0	0	0	0	0
FBGN0037696	12	48	39	64	49	61
FBGN0038153	0	0	1	0	0	0
FBGN0038527	0	0	0	0	0	0
FBGN0038143	0	0	1	1	0	0
FBGN0064912	0	0	0	0	0	0
FBGN0051344	12	13	11	15	21	22
FBGN0038531	0	0	0	0	0	0
FBGN0038197	46	27	27	48	85	90
FBGN0039203	0	0	0	0	2	0
FBGN0285925	428	376	554	666	902	760
FBGN0037686	1001	1196	1925	678	992	1005
FBGN0039820	0	0	0	0	0	0
FBGN0025879	3	3	0	3	8	6
FBGN0039757	751	580	813	1090	1736	1626
FBGN0040571	0	0	0	0	0	0
FBGN0259721	14	5	4	9	11	1
FBGN0038838	0	0	0	0	0	0
FBGN0053631	0	0	0	0	0	0
FBGN0011282	0	0	0	0	0	0
FBGN0039528	33	28	35	59	89	78
FBGN0038524	3	5	7	5	12	9
FBGN0051118	0	4	0	0	0	0
FBGN0038418	31	32	39	39	51	36
FBGN0039476	0	0	0	1	0	0
FBGN0040575	11	8	13	9	14	2
FBGN0051131	0	0	0	0	0	0
FBGN0039183	198	183	301	233	366	298
FBGN0265271	0	0	0	0	0	0
FBGN0039796	0	0	0	0	0	0
FBGN0038733	0	0	0	0	0	0
FBGN0028647	24	10	22	37	44	24
FBGN0038693	0	1	0	0	0	0
FBGN0266411	204	254	303	433	671	685
FBGN0263231	1246	1663	2218	1108	1388	1571
FBGN0085413	0	1	0	0	0	0
FBGN0039459	23	10	22	11	15	24
FBGN0053721	0	0	0	0	0	0
FBGN0051065	0	0	0	0	0	0
FBGN0263983	0	0	0	0	0	0
FBGN0037549	296	313	514	237	288	332
FBGN0267337	109	96	163	122	234	218
FBGN0039380	0	0	0	0	0	0
FBGN0000283	438	426	670	628	763	769
FBGN0038676	8	6	21	9	10	6
FBGN0038345	0	0	0	0	0	0
FBGN0038431	0	0	0	6	0	34
FBGN0038485	4	0	1	0	0	2
FBGN0039488	42	36	50	48	34	64
FBGN0038113	0	0	0	0	0	0
FBGN0038491	6	8	12	7	10	15
FBGN0243511	119	144	229	132	213	214
FBGN0038892	0	0	0	0	0	0
FBGN0027526	38	49	52	58	89	96
FBGN0003118	35	38	76	60	96	77
FBGN0001077	0	0	0	0	0	0
FBGN0051244	0	0	0	0	0	0
FBGN0037518	10	9	5	2	9	10
FBGN0004359	6	15	16	33	44	39
FBGN0039622	0	0	0	0	0	1
FBGN0037447	2	2	5	2	0	0
FBGN0011768	385	380	505	406	592	556
FBGN0051313	11	11	18	4	0	2
FBGN0038578	78	68	119	108	158	105
FBGN0037834	371	312	505	418	518	579
FBGN0039744	0	0	0	1	0	0
FBGN0051453	210	155	189	243	347	375
FBGN0038603	57	29	65	53	144	115
FBGN0038830	66	44	65	65	124	103
FBGN0020280	0	0	0	0	0	0
FBGN0051363	203	207	200	274	362	357
FBGN0039473	0	0	0	0	0	0
FBGN0266538	0	0	0	2	3	2
FBGN0038068	0	0	0	0	0	0
FBGN0266672	54	38	98	99	90	133
FBGN0038545	49	25	42	77	150	120
FBGN0037519	0	0	0	0	0	0
FBGN0287225	153	122	182	93	160	199
FBGN0051266	0	0	0	0	0	0
FBGN0015402	7	28	30	39	51	35
FBGN0038788	16	8	16	20	41	19
FBGN0003525	78	91	101	129	181	163
FBGN0259823	0	4	0	0	2	0
FBGN0264740	0	0	0	0	0	0
FBGN0039521	2	0	1	0	0	0
FBGN0039737	198	191	240	310	488	424
FBGN0037529	105	103	128	82	104	107
FBGN0051097	0	0	0	0	0	0
FBGN0037728	465	589	914	429	463	528
FBGN0039802	138	102	151	115	170	184
FBGN0038240	0	0	0	0	0	0
FBGN0038147	0	1	3	0	0	0
FBGN0286874	0	0	0	0	0	0
FBGN0039266	9	0	11	5	12	15
FBGN0051262	16	0	4	0	8	10
FBGN0026315	2	3	7	3	1	0
FBGN0038547	0	1	0	1	2	4
FBGN0043900	100	95	114	114	131	138
FBGN0038606	0	0	2	0	0	0
FBGN0037978	26	23	34	39	43	50
FBGN0038810	165	136	196	266	368	402
FBGN0046887	0	0	0	0	0	0
FBGN0052945	0	0	0	0	0	0
FBGN0038269	145	160	189	189	244	231
FBGN0039714	13	16	15	24	34	37
FBGN0037410	4	1	2	5	6	7
FBGN0020399	0	0	0	0	0	0
FBGN0051361	0	0	0	3	1	0
FBGN0039023	0	0	1	0	0	0
FBGN0037637	97	109	157	61	59	50
FBGN0000158	0	2	10	1	0	0
FBGN0085318	0	0	0	0	0	0
FBGN0039207	93	140	148	80	148	147
FBGN0266801	3	0	11	19	15	8
FBGN0038732	0	0	0	0	0	0
FBGN0039861	21	22	41	32	42	40
FBGN0039180	0	0	0	0	0	0
FBGN0039238	1	6	8	10	1	2
FBGN0038655	0	0	0	0	0	0
FBGN0038016	148	121	163	210	219	267
FBGN0037364	4	5	2	13	39	16
FBGN0037884	11	12	19	32	54	53
FBGN0262009	0	0	0	0	0	0
FBGN0250845	0	0	0	0	0	0
FBGN0264907	0	0	0	1	0	0
FBGN0039752	0	0	0	0	0	0
FBGN0038236	0	0	0	0	0	0
FBGN0038139	0	0	1	0	0	0
FBGN0029155	37	43	46	33	77	79
FBGN0085329	0	0	0	0	0	0
FBGN0004173	0	0	0	0	0	0
FBGN0051347	0	0	0	0	0	0
FBGN0037377	81	150	126	124	141	161
FBGN0037482	24	31	37	28	46	45
FBGN0015279	48	52	84	85	154	122
FBGN0039809	0	0	2	0	0	0
FBGN0051357	50	47	87	105	149	115
FBGN0037601	0	0	0	0	0	0
FBGN0265158	0	0	0	0	0	0
FBGN0051198	0	0	0	0	0	0
FBGN0039328	60	57	111	29	45	29
FBGN0037411	0	0	0	0	0	0
FBGN0039863	162	151	228	263	371	288
FBGN0086362	20	13	32	37	66	58
FBGN0016650	0	0	0	0	0	0
FBGN0038186	0	0	0	0	0	0
FBGN0039765	38	44	36	60	82	87
FBGN0002863	0	0	0	0	0	0
FBGN0038595	0	0	0	0	2	0
FBGN0038581	17	22	30	19	30	24
FBGN0038803	15	16	23	13	27	19
FBGN0087005	0	0	0	0	1	0
FBGN0039691	47	50	80	82	101	94
FBGN0027889	117	84	154	149	232	207
FBGN0039732	28	29	46	31	48	40
FBGN0262801	118	57	81	187	245	220
FBGN0037807	0	0	0	0	0	2
FBGN0038079	0	0	2	1	1	6
FBGN0263024	0	0	0	0	0	0
FBGN0010042	1	1	4	0	0	0
FBGN0263353	0	1	0	0	0	2
FBGN0260243	20	22	31	33	33	29
FBGN0039694	0	0	0	0	0	0
FBGN0051145	0	3	9	1	2	0
FBGN0039848	0	0	0	0	0	0
FBGN0053773	0	0	0	0	0	0
FBGN0051248	0	1	11	0	0	0
FBGN0087021	35	18	66	51	64	41
FBGN0037934	0	0	1	0	0	0
FBGN0037998	51	56	112	74	120	123
FBGN0263402	0	0	0	0	0	0
FBGN0039010	0	0	0	0	0	0
FBGN0038034	0	2	0	0	0	1
FBGN0015240	6	10	6	6	15	16
FBGN0038470	29	34	57	24	27	38
FBGN0069923	161	172	197	189	98	157
FBGN0002772	10	9	10	1	1	4
FBGN0038110	67	58	62	136	179	183
FBGN0003267	1	0	0	0	0	0
FBGN0285963	228	187	293	275	404	366
FBGN0259237	0	0	0	0	0	0
FBGN0083965	0	0	0	0	0	0
FBGN0038725	1	3	0	0	1	0
FBGN0260463	0	0	0	0	1	1
FBGN0016123	4	0	1	0	0	0
FBGN0038695	0	0	1	4	0	1
FBGN0037602	17	8	16	13	11	16
FBGN0037841	6	5	5	6	1	0
FBGN0038006	0	0	0	0	0	0
FBGN0053329	2	2	9	3	1	3
FBGN0027376	0	0	0	0	0	0
FBGN0038804	11	13	19	35	54	39
FBGN0039846	43	40	42	61	70	51
FBGN0039050	0	4	0	0	0	0
FBGN0085319	15	5	6	0	0	0
FBGN0085331	0	0	0	0	0	0
FBGN0037326	0	0	0	0	0	0
FBGN0037320	0	0	0	0	0	0
FBGN0037923	10	5	6	7	10	8
FBGN0037812	0	0	0	0	0	0
FBGN0037731	0	0	0	0	0	0
FBGN0003480	0	0	0	0	4	3
FBGN0004395	116	138	186	201	284	289
FBGN0039805	0	0	0	0	0	0
FBGN0000439	0	0	0	0	0	0
FBGN0037853	16	11	40	27	45	31
FBGN0020910	2543	2143	3158	3327	5255	5510
FBGN0053654	0	0	0	0	0	0
FBGN0037547	0	0	0	0	0	0
FBGN0052856	20	11	15	16	27	32
FBGN0037546	0	0	0	0	0	0
FBGN0051005	6	2	3	2	11	7
FBGN0039728	265	253	373	438	699	619
FBGN0086370	10	4	13	5	15	9
FBGN0038123	0	0	0	0	0	0
FBGN0039326	0	0	0	0	0	0
FBGN0267435	0	2	4	0	1	1
FBGN0037288	7	3	0	0	0	0
FBGN0039026	41	48	77	86	114	102
FBGN0037937	0	0	0	0	0	0
FBGN0038862	32	25	21	32	78	71
FBGN0039733	31	12	26	28	59	42
FBGN0015269	47	51	60	56	96	99
FBGN0027785	53	40	58	48	86	87
FBGN0002932	10	13	14	16	31	22
FBGN0038675	17	39	22	18	27	35
FBGN0083953	25	16	61	23	22	22
FBGN0038734	0	0	0	0	0	0
FBGN0085391	0	3	0	0	0	0
FBGN0027497	42	40	31	61	92	105
FBGN0038432	6	3	6	16	24	4
FBGN0086704	2	0	0	0	1	0
FBGN0037972	102	109	149	70	111	134
FBGN0039441	0	0	0	0	0	0
FBGN0039788	0	0	0	1	0	0
FBGN0263757	34	14	17	30	50	41
FBGN0000244	27	31	41	45	98	44
FBGN0038977	0	0	0	0	0	0
FBGN0038205	0	0	0	0	0	0
FBGN0261086	0	2	1	1	0	0
FBGN0053340	0	0	0	0	0	0
FBGN0027865	20	17	8	49	82	60
FBGN0039338	208	240	340	350	403	382
FBGN0267336	1	0	11	12	7	14
FBGN0037313	75	121	141	150	226	193
FBGN0037276	1	0	0	0	0	0
FBGN0259178	11	11	25	9	17	10
FBGN0038127	0	0	0	0	0	0
FBGN0261550	34	44	53	83	87	100
FBGN0039479	1	6	20	23	91	44
FBGN0038577	87	62	127	127	211	162
FBGN0039855	0	0	0	0	0	0
FBGN0040623	83	58	81	95	151	100
FBGN0038250	0	5	4	0	1	1
FBGN0038129	39	39	34	50	54	72
FBGN0037870	0	0	0	0	0	0
FBGN0051550	127	126	241	105	157	140
FBGN0037396	1	35	3	2	4	2
FBGN0038629	54	38	65	41	54	45
FBGN0039113	292	296	411	600	808	758
FBGN0051465	0	0	0	0	0	0
FBGN0015577	1	1	4	0	2	1
FBGN0037856	31	29	40	31	62	43
FBGN0037718	63	92	167	115	180	162
FBGN0038320	162	131	175	242	359	358
FBGN0039864	26	7	19	26	40	28
FBGN0051204	0	0	0	0	0	0
FBGN0037615	0	0	0	0	0	0
FBGN0004841	0	0	0	0	0	0
FBGN0038188	0	0	0	0	0	0
FBGN0038095	0	0	0	0	0	0
FBGN0051072	14	17	23	20	31	32
FBGN0038912	7	7	19	22	35	29
FBGN0001297	85	51	75	109	187	162
FBGN0022981	27	12	29	23	22	43
FBGN0038466	0	0	0	0	0	2
FBGN0038768	76	77	114	84	155	133
FBGN0038235	25	13	39	39	27	22
FBGN0037378	35	25	57	70	76	62
FBGN0051221	0	9	0	0	0	0
FBGN0051191	0	0	0	0	0	0
FBGN0038098	0	1	2	0	0	0
FBGN0040551	7	8	16	31	40	27
FBGN0051294	0	0	0	0	0	0
FBGN0039777	0	1	1	0	0	0
FBGN0039407	74	58	61	52	49	73
FBGN0038826	767	913	1409	1129	1459	1216
FBGN0038972	5	8	6	13	4	8
FBGN0038525	0	0	0	0	0	0
FBGN0027950	41	26	42	39	72	91
FBGN0038540	0	2	1	0	1	0
FBGN0266615	0	0	0	0	0	0
FBGN0000492	95	71	111	120	187	161
FBGN0003319	21	17	12	80	135	95
FBGN0024289	4	1	14	0	0	0
FBGN0037772	0	0	0	0	0	0
FBGN0260229	9	11	8	8	12	15
FBGN0038943	0	2	5	4	9	1
FBGN0023178	0	4	0	0	0	0
FBGN0038662	6	0	2	5	7	9
FBGN0038427	27	29	37	82	102	85
FBGN0003882	19	23	16	46	45	47
FBGN0039040	5	0	0	4	0	0
FBGN0259917	0	0	0	0	0	0
FBGN0039634	37	31	41	59	105	76
FBGN0001197	375	213	436	456	547	456
FBGN0026634	45	62	65	50	66	82
FBGN0038438	24	12	20	18	38	35
FBGN0037368	8	5	13	9	4	12
FBGN0261113	383	304	470	138	239	175
FBGN0019940	0	0	0	0	0	0
FBGN0039355	16	17	14	19	11	14
FBGN0039346	0	0	0	0	0	1
FBGN0038038	17	28	50	49	69	84
FBGN0039562	1307	1389	2171	2208	3049	3006
FBGN0261049	18	14	25	30	40	26
FBGN0004618	0	3	0	0	0	0
FBGN0038569	18	24	31	41	66	39
FBGN0037436	0	0	0	0	0	0
FBGN0039045	0	0	1	0	0	1
FBGN0042106	0	0	0	0	0	0
FBGN0002937	0	0	0	0	0	0
FBGN0038961	26	23	61	47	89	67
FBGN0027527	0	0	0	0	0	0
FBGN0038873	0	0	0	0	0	0
FBGN0265048	16	22	15	9	7	5
FBGN0037419	0	0	0	0	0	0
FBGN0038504	32	20	37	44	67	63
FBGN0037835	0	0	0	3	2	0
FBGN0037351	975	660	799	1026	2240	2100
FBGN0003358	0	0	0	0	0	0
FBGN0288835	0	0	0	0	0	0
FBGN0014949	0	0	0	0	0	0
FBGN0264776	0	0	1	0	0	0
FBGN0000504	5	3	10	12	14	14
FBGN0037440	19	29	38	69	99	58
FBGN0016061	1	6	2	7	4	6
FBGN0038498	0	0	0	0	0	0
FBGN0042103	0	0	0	0	0	0
FBGN0051111	11	10	25	39	30	26
FBGN0262588	0	0	0	0	0	0
FBGN0263594	685	811	1291	699	812	880
FBGN0051495	14	10	14	23	32	35
FBGN0039713	970	776	1325	844	1327	1330
FBGN0037702	98	106	115	113	129	182
FBGN0038422	0	1	0	0	3	0
FBGN0038850	0	0	0	0	0	0
FBGN0039769	0	0	0	0	0	0
FBGN0260744	65	71	71	115	182	174
FBGN0039742	1	0	0	0	4	0
FBGN0038923	6	9	14	19	21	28
FBGN0038967	1	0	1	0	0	1
FBGN0038649	9	2	12	4	21	9
FBGN0037478	69	65	96	68	73	77
FBGN0051296	0	0	0	0	0	0
FBGN0039042	0	0	0	0	0	0
FBGN0037332	9	27	30	20	49	41
FBGN0051133	13	26	27	37	34	35
FBGN0039232	1	0	0	0	0	0
FBGN0039135	17	19	27	32	31	35
FBGN0261261	33	39	36	45	53	68
FBGN0039083	0	0	0	0	0	0
FBGN0038380	0	0	0	0	0	0
FBGN0004878	0	5	0	0	0	1
FBGN0003886	2	3	10	6	8	7
FBGN0259233	0	0	0	0	1	0
FBGN0038858	21	20	37	20	31	22
FBGN0037383	1	8	8	10	11	22
FBGN0020018	18	27	34	34	45	76
FBGN0026064	33	19	25	43	86	74
FBGN0037445	18	18	32	23	53	33
FBGN0038208	0	0	0	0	0	0
FBGN0001217	2	0	8	1	2	1
FBGN0038481	0	0	0	0	0	0
FBGN0038674	0	0	2	0	0	0
FBGN0038659	17	15	34	29	34	32
FBGN0040250	0	0	0	0	0	0
FBGN0039214	177	168	218	320	507	423
FBGN0039797	0	0	0	0	0	0
FBGN0011739	27	46	52	75	90	74
FBGN0266734	0	0	0	0	0	0
FBGN0051161	0	0	0	0	0	0
FBGN0038740	5	0	23	2	2	0
FBGN0037883	0	7	9	6	4	4
FBGN0015572	0	1	1	0	0	0
FBGN0039239	6	9	2	0	0	1
FBGN0038528	0	0	0	0	0	0
FBGN0003885	326	395	530	468	842	717
FBGN0038358	0	0	0	0	0	0
FBGN0035235	35	65	76	81	64	74
FBGN0004574	140	156	205	244	284	275
FBGN0035346	11	12	9	23	55	43
FBGN0036278	1	0	3	0	0	0
FBGN0037061	28	31	21	26	47	51
FBGN0036222	1	1	0	0	0	0
FBGN0036926	2	4	2	2	4	2
FBGN0036873	0	0	0	0	0	0
FBGN0052281	11	5	17	14	12	17
FBGN0035543	0	0	0	0	0	0
FBGN0035839	4	0	1	12	12	15
FBGN0045476	0	0	1	0	0	0
FBGN0264746	3	0	6	0	11	3
FBGN0037087	62	65	96	87	113	104
FBGN0036059	52	46	86	52	97	81
FBGN0011288	4	16	20	0	0	0
FBGN0036595	5	5	6	6	15	6
FBGN0036773	16	24	49	37	50	67
FBGN0035964	74	88	79	121	149	122
FBGN0014848	0	0	0	0	0	0
FBGN0035997	73	62	110	96	155	128
FBGN0264006	0	1	0	0	0	0
FBGN0035620	0	0	0	0	0	0
FBGN0042138	66	29	56	44	74	74
FBGN0052269	0	0	0	0	0	0
FBGN0036806	0	0	7	0	0	0
FBGN0040817	2	11	7	22	25	26
FBGN0020392	273	344	395	313	433	461
FBGN0028980	5	10	10	14	28	26
FBGN0264486	0	0	0	0	0	0
FBGN0026179	33	49	64	76	125	122
FBGN0036442	0	0	0	0	0	0
FBGN0036188	21	17	47	12	15	28
FBGN0035677	0	1	0	0	0	0
FBGN0036439	0	0	0	0	0	0
FBGN0035120	39	49	65	95	91	96
FBGN0262530	3	0	7	0	0	0
FBGN0263108	51	44	73	88	143	138
FBGN0286940	0	0	0	2	4	1
FBGN0019662	24	20	33	29	40	43
FBGN0052448	8	4	14	5	12	2
FBGN0028402	42	30	42	39	48	66
FBGN0052220	0	0	0	0	0	0
FBGN0052053	0	0	0	0	0	0
FBGN0035109	12	8	9	18	11	15
FBGN0035234	0	0	0	0	0	0
FBGN0062517	0	0	0	0	0	0
FBGN0262593	0	3	1	0	0	0
FBGN0264487	0	0	0	0	0	0
FBGN0035286	0	0	0	0	1	0
FBGN0052487	0	0	0	0	0	0
FBGN0036016	0	0	0	0	2	0
FBGN0002526	950	925	1193	1972	2515	2533
FBGN0035210	34	41	46	34	47	76
FBGN0036008	42	34	49	28	78	73
FBGN0036781	0	0	3	1	4	1
FBGN0036402	61	56	96	108	173	175
FBGN0020277	0	0	0	0	0	0
FBGN0035630	890	889	1315	1063	1278	1406
FBGN0263247	0	0	0	0	0	0
FBGN0260461	0	0	0	0	0	0
FBGN0053263	0	0	0	0	0	0
FBGN0036895	0	0	0	0	0	0
FBGN0036608	0	0	0	0	0	0
FBGN0035943	0	0	0	0	0	0
FBGN0036494	0	1	0	0	0	0
FBGN0028415	0	0	0	0	0	0
FBGN0036376	36	37	63	52	70	54
FBGN0052181	0	0	0	0	0	0
FBGN0036988	16	9	14	22	30	42
FBGN0036362	0	0	0	0	0	210
FBGN0036948	0	0	0	6	2	265
FBGN0035982	0	0	0	0	0	0
FBGN0052319	0	0	0	0	0	0
FBGN0052364	1	9	2	1	6	7
FBGN0047334	0	0	0	0	0	0
FBGN0014075	563	571	757	860	1161	1298
FBGN0015075	123	145	213	203	292	308
FBGN0036786	0	0	0	0	0	0
FBGN0052267	19	20	22	72	85	74
FBGN0036984	0	5	0	0	0	0
FBGN0035558	12	5	9	16	28	21
FBGN0283681	47	59	63	63	56	50
FBGN0052196	1	0	1	0	0	2
FBGN0002573	6	9	3	8	27	11
FBGN0262509	6	10	4	13	14	15
FBGN0036922	28	20	21	32	19	42
FBGN0259824	22	6	33	25	29	33
FBGN0052104	60	60	112	64	114	94
FBGN0036363	0	0	0	0	1	44
FBGN0259203	5	4	8	9	17	14
FBGN0043458	129	121	147	130	196	176
FBGN0035896	16	16	37	15	33	15
FBGN0027082	19	22	45	26	31	52
FBGN0035415	2	0	3	0	10	3
FBGN0037139	0	0	0	0	0	0
FBGN0035518	13	25	25	46	29	35
FBGN0044051	0	0	0	0	0	0
FBGN0036476	10	17	13	43	51	41
FBGN0052121	0	0	0	0	0	0
FBGN0036311	0	0	0	0	0	0
FBGN0035158	14	9	18	20	36	24
FBGN0262544	0	0	0	0	0	0
FBGN0259986	39	28	57	49	101	106
FBGN0024187	29	30	41	34	50	37
FBGN0035423	334	418	571	311	390	316
FBGN0013751	4	0	0	1	3	0
FBGN0053160	0	0	0	0	0	0
FBGN0052446	13	11	11	13	25	16
FBGN0020660	5	5	12	6	3	0
FBGN0036774	32	19	42	48	54	42
FBGN0085274	0	0	0	0	0	0
FBGN0052255	0	1	1	0	1	0
FBGN0035468	0	0	0	0	0	0
FBGN0036715	335	321	454	562	698	733
FBGN0035697	0	0	0	0	0	0
FBGN0052437	0	0	0	0	0	0
FBGN0036551	5	0	1	0	0	0
FBGN0085288	0	0	0	0	0	0
FBGN0052214	0	0	0	0	0	0
FBGN0035692	27	28	32	38	67	65
FBGN0035865	10	10	16	22	39	22
FBGN0043783	2	3	2	0	4	1
FBGN0029091	0	0	0	0	0	9
FBGN0035944	14	16	29	25	44	37
FBGN0027945	12	5	49	15	10	15
FBGN0001134	0	0	0	0	0	0
FBGN0040636	0	0	0	0	0	0
FBGN0036809	0	0	5	0	1	0
FBGN0004390	136	144	160	198	302	345
FBGN0270926	41	49	74	37	70	55
FBGN0014007	109	147	174	295	260	234
FBGN0035955	0	0	0	0	0	0
FBGN0036876	4	2	0	0	0	0
FBGN0036549	12	12	17	8	22	15
FBGN0027594	96	83	105	166	287	247
FBGN0262528	0	0	0	0	0	0
FBGN0052213	0	0	0	0	0	0
FBGN0036397	8	13	13	14	30	38
FBGN0020643	0	0	0	0	0	0
FBGN0085294	0	0	0	0	0	0
FBGN0027567	714	858	1330	727	1000	960
FBGN0035508	0	0	0	0	5	1
FBGN0035753	729	447	534	894	1483	1589
FBGN0052227	0	2	0	2	0	0
FBGN0053062	1	2	3	1	0	1
FBGN0011284	2773	2725	4272	2295	3640	3367
FBGN0001223	5	13	9	4	10	43
FBGN0000356	0	0	0	0	0	0
FBGN0036327	0	0	0	0	0	0
FBGN0036783	0	0	0	0	0	0
FBGN0036877	0	0	3	0	0	0
FBGN0035526	195	174	226	275	336	306
FBGN0052413	0	0	0	0	0	0
FBGN0029514	19	16	21	26	19	26
FBGN0011361	87	73	100	143	153	140
FBGN0002283	4	4	7	4	21	20
FBGN0052450	0	0	0	0	0	0
FBGN0035524	161	140	207	148	183	221
FBGN0266591	0	0	0	0	0	0
FBGN0004244	0	0	0	0	0	0
FBGN0035486	0	0	1	0	1	0
FBGN0035547	0	0	0	0	0	1
FBGN0268063	63	61	105	393	583	501
FBGN0036405	16	12	10	16	23	21
FBGN0035193	18	25	25	14	6	11
FBGN0037082	19	18	42	32	28	20
FBGN0036250	0	0	0	0	0	0
FBGN0036463	20	14	57	40	58	44
FBGN0262890	0	0	0	0	0	0
FBGN0035164	43	22	48	30	49	33
FBGN0052423	86	76	99	86	129	131
FBGN0266977	0	0	0	0	0	0
FBGN0036853	40	33	62	18	40	38
FBGN0036277	67	59	69	76	123	126
FBGN0287183	11	18	16	14	23	21
FBGN0036159	0	0	0	0	0	0
FBGN0035273	0	0	0	0	0	0
FBGN0265574	153	158	219	153	223	237
FBGN0052022	25	32	54	45	52	43
FBGN0036039	8	3	5	12	26	8
FBGN0043865	0	0	0	0	0	0
FBGN0036335	89	79	147	88	78	111
FBGN0053767	0	0	0	0	0	0
FBGN0036496	0	0	0	0	2	0
FBGN0035854	59	25	43	39	60	35
FBGN0261555	94	108	133	129	192	205
FBGN0035849	6	8	9	10	35	18
FBGN0035414	22	33	54	47	44	40
FBGN0036619	0	0	0	0	0	0
FBGN0052081	0	0	0	0	0	0
FBGN0035724	0	0	0	0	0	0
FBGN0036959	12	14	25	7	14	10
FBGN0035689	34	24	52	44	71	73
FBGN0003459	72	61	53	91	103	145
FBGN0037188	19	40	52	54	87	90
FBGN0259973	0	0	0	0	0	0
FBGN0000551	0	1	0	0	0	0
FBGN0003373	45	3	193	7	0	5
FBGN0262057	133	91	124	274	402	337
FBGN0037027	114	104	162	141	205	178
FBGN0024889	81	89	81	75	132	100
FBGN0036666	115	104	110	161	262	289
FBGN0085455	0	0	0	0	0	0
FBGN0259239	0	0	0	0	0	0
FBGN0035229	13	8	18	18	27	17
FBGN0052442	9	4	2	16	18	18
FBGN0025558	19	1	22	18	23	34
FBGN0005564	0	1	5	2	0	0
FBGN0036566	68	59	105	116	186	184
FBGN0053690	0	0	0	0	0	0
FBGN0036711	0	0	0	0	0	0
FBGN0029121	10	7	16	22	34	11
FBGN0035237	75	106	141	125	182	168
FBGN0035588	33	23	34	54	58	50
FBGN0262894	0	0	0	0	0	0
FBGN0022936	14	22	38	36	44	44
FBGN0036545	5	9	12	8	25	15
FBGN0037197	0	0	0	0	0	2
FBGN0286213	304	208	366	517	691	567
FBGN0085599	0	0	0	0	0	0
FBGN0035781	0	0	0	0	0	2
FBGN0014343	103	121	185	180	299	296
FBGN0035886	6	13	15	0	0	0
FBGN0000100	1515	1454	2582	1652	2892	2587
FBGN0036205	0	0	0	0	0	1
FBGN0037183	0	0	0	0	0	0
FBGN0035257	0	0	0	0	0	0
FBGN0035260	0	0	2	0	1	7
FBGN0052176	32	48	77	53	72	70
FBGN0035850	58	35	86	74	119	98
FBGN0036768	1	0	0	0	0	0
FBGN0035198	0	0	0	0	0	0
FBGN0052074	0	0	0	0	0	0
FBGN0037171	0	0	0	0	0	0
FBGN0003683	0	0	0	0	0	0
FBGN0036717	5	0	4	8	17	20
FBGN0036468	87	16	239	0	0	0
FBGN0035601	108	75	84	158	189	168
FBGN0036350	0	0	0	0	0	0
FBGN0035603	128	153	182	111	146	123
FBGN0036028	6	4	14	6	23	9
FBGN0284221	230	236	259	382	631	546
FBGN0052333	0	0	0	0	0	0
FBGN0052202	14	3	6	24	15	6
FBGN0035858	0	0	1	0	0	0
FBGN0052283	0	0	0	0	0	0
FBGN0036395	26	7	16	15	17	14
FBGN0036160	0	0	0	0	0	0
FBGN0041096	119	132	119	216	323	282
FBGN0035430	54	22	42	81	82	54
FBGN0036480	61	54	111	90	151	129
FBGN0036828	181	165	217	151	245	215
FBGN0035978	134	98	131	156	262	251
FBGN0041625	0	0	0	0	0	0
FBGN0036575	0	0	0	0	0	0
FBGN0037165	0	0	0	0	0	0
FBGN0000543	114	113	173	130	204	177
FBGN0053702	0	0	0	0	0	0
FBGN0011205	39	27	63	56	74	69
FBGN0052412	1	0	0	6	8	9
FBGN0259970	0	0	0	0	0	0
FBGN0053052	22	6	31	18	27	33
FBGN0053270	0	0	0	0	0	0
FBGN0036875	8	7	19	0	1	0
FBGN0015618	33	38	57	66	102	88
FBGN0035539	64	101	124	97	139	160
FBGN0052137	13	19	43	32	29	50
FBGN0053061	0	0	0	0	0	0
FBGN0036479	0	0	1	0	0	0
FBGN0260049	242	355	455	372	447	537
FBGN0036328	0	0	0	0	0	0
FBGN0027569	54	95	105	59	87	91
FBGN0036214	0	0	0	0	0	0
FBGN0085457	0	0	0	0	0	0
FBGN0035807	24	15	43	27	40	51
FBGN0261602	1718	1405	2233	2116	3065	2825
FBGN0087039	21	6	36	19	27	29
FBGN0028418	0	4	0	0	0	0
FBGN0287423	39	25	284	8	3	2
FBGN0040056	15	15	18	39	18	26
FBGN0041232	0	0	0	0	0	0
FBGN0052240	0	0	0	0	0	0
FBGN0036173	17	24	22	31	38	32
FBGN0004514	0	0	0	0	0	0
FBGN0036492	0	0	0	0	0	0
FBGN0035825	8	14	15	19	46	25
FBGN0053217	50	27	47	40	58	52
FBGN0036916	60	46	97	102	137	135
FBGN0036833	0	0	1	0	0	0
FBGN0036980	38	55	55	76	146	123
FBGN0003388	0	0	0	0	2	0
FBGN0036248	91	75	136	89	98	136
FBGN0053265	0	0	0	0	0	0
FBGN0052351	0	0	0	0	0	0
FBGN0286872	0	0	0	0	0	0
FBGN0086254	172	107	258	217	302	285
FBGN0085482	0	0	0	0	0	1
FBGN0037025	81	101	214	129	214	202
FBGN0035589	17	26	24	20	27	19
FBGN0037057	6	13	22	9	5	1
FBGN0053556	12	29	25	33	65	70
FBGN0004592	147	34	442	8	2	6
FBGN0025874	5	11	17	14	24	26
FBGN0035147	40	26	105	13	29	29
FBGN0036892	217	232	260	237	261	260
FBGN0035932	0	0	0	0	0	0
FBGN0035236	76	50	89	189	243	207
FBGN0037044	8	14	9	9	22	11
FBGN0015359	19	32	51	51	84	83
FBGN0035934	0	0	0	0	1	0
FBGN0052350	63	69	92	93	91	74
FBGN0036567	0	0	0	0	0	0
FBGN0039977	51	52	80	85	60	78
FBGN0259932	10	15	17	8	14	7
FBGN0053764	0	0	0	0	0	0
FBGN0001104	194	190	215	312	446	342
FBGN0015298	72	52	113	120	125	81
FBGN0035497	7	15	12	15	18	21
FBGN0036106	1	0	0	0	0	0
FBGN0036157	0	0	0	0	0	0
FBGN0036212	1	0	4	2	2	1
FBGN0260756	8	4	8	11	14	6
FBGN0035400	34	31	49	65	75	71
FBGN0035469	40	45	49	35	28	25
FBGN0035830	220	190	327	229	373	333
FBGN0036144	0	0	2	3	3	2
FBGN0035343	4	0	0	0	0	0
FBGN0052225	0	0	0	0	0	0
FBGN0027111	82	101	108	123	149	139
FBGN0053490	0	0	0	0	0	0
FBGN0036032	4	5	14	16	33	12
FBGN0036183	0	0	0	0	0	0
FBGN0037022	12	17	34	40	48	38
FBGN0017579	746	537	850	851	1195	1213
FBGN0014849	0	0	0	0	0	0
FBGN0263456	0	9	0	0	0	0
FBGN0261634	0	0	0	0	0	0
FBGN0036510	50	47	86	60	98	116
FBGN0086906	14	14	23	26	72	56
FBGN0035205	149	132	218	212	285	303
FBGN0036227	0	0	0	5	4	266
FBGN0035145	138	119	246	215	301	300
FBGN0035168	0	0	0	0	0	0
FBGN0263930	418	347	466	635	932	900
FBGN0036612	2	2	3	4	9	13
FBGN0083992	0	0	4	2	6	3
FBGN0036761	39	30	66	26	43	40
FBGN0035673	0	0	0	0	0	0
FBGN0260026	0	0	0	0	2	0
FBGN0041630	107	136	183	293	412	416
FBGN0036141	217	175	263	359	503	446
FBGN0035428	0	0	0	0	2	0
FBGN0053169	10	5	18	24	10	13
FBGN0035688	308	296	441	313	433	492
FBGN0259676	71	54	99	60	99	124
FBGN0036819	5	2	2	8	10	2
FBGN0035445	2	0	0	0	3	0
FBGN0028648	35	12	24	25	61	46
FBGN0010408	1597	1793	2880	1375	2180	2354
FBGN0037067	1	0	0	0	5	0
FBGN0035359	0	0	0	0	0	0
FBGN0036932	14	24	46	56	54	46
FBGN0036349	0	0	0	0	0	0
FBGN0036416	2	1	0	20	49	38
FBGN0010223	0	0	0	0	0	2
FBGN0036661	86	65	87	140	206	168
FBGN0022702	166	196	228	263	449	410
FBGN0001078	24	26	30	22	28	47
FBGN0036921	303	363	529	316	358	412
FBGN0036814	44	43	86	89	149	113
FBGN0037028	3	15	28	10	15	9
FBGN0036723	0	0	0	0	0	0
FBGN0004396	45	82	80	137	255	191
FBGN0052263	0	0	0	0	0	0
FBGN0035906	192	108	160	246	294	320
FBGN0000261	419	483	464	841	1298	1251
FBGN0035983	12	40	35	41	72	68
FBGN0036834	0	2	0	0	0	0
FBGN0260862	3	4	16	5	14	4
FBGN0064766	41	36	36	54	61	64
FBGN0036082	0	0	0	0	0	0
FBGN0001323	12	7	15	40	28	45
FBGN0036320	0	0	0	0	0	0
FBGN0035604	0	0	0	0	0	0
FBGN0266099	0	0	0	0	0	0
FBGN0035931	0	0	0	0	0	0
FBGN0037046	13	12	20	16	33	36
FBGN0053272	0	0	0	0	0	0
FBGN0283503	25	39	44	51	60	71
FBGN0035644	34	47	44	53	76	56
FBGN0016694	17	14	14	5	20	19
FBGN0037102	73	65	151	61	82	102
FBGN0035575	0	0	0	0	0	0
FBGN0261872	71	72	140	110	154	153
FBGN0035986	31	38	52	55	70	76
FBGN0011204	35	31	37	52	72	56
FBGN0285951	24	30	38	25	49	46
FBGN0036239	103	116	138	173	286	277
FBGN0035150	52	44	74	68	73	56
FBGN0036187	68	77	81	55	65	73
FBGN0020887	73	109	155	112	173	204
FBGN0037100	0	0	0	0	0	0
FBGN0028664	2	4	0	5	4	3
FBGN0035420	37	52	47	49	78	96
FBGN0036609	0	0	0	0	0	0
FBGN0036740	71	74	126	64	116	86
FBGN0036911	13	11	26	22	39	29
FBGN0035138	0	0	0	0	0	0
FBGN0036648	33	17	25	27	66	41
FBGN0046793	0	0	0	0	0	0
FBGN0003124	438	407	541	747	1001	922
FBGN0052428	18	12	16	15	22	18
FBGN0011836	112	148	171	151	199	215
FBGN0036638	0	0	0	0	0	0
FBGN0037015	0	4	0	0	0	0
FBGN0261722	87	88	96	161	217	179
FBGN0025702	0	1	0	0	1	0
FBGN0036044	0	0	0	0	0	0
FBGN0036835	0	0	0	0	0	0
FBGN0036260	0	0	0	0	0	0
FBGN0035398	148	150	175	161	206	219
FBGN0000489	8	13	9	26	33	28
FBGN0036505	31	25	34	33	57	59
FBGN0028379	0	0	0	0	0	0
FBGN0036203	0	0	0	0	0	0
FBGN0054056	16	18	27	12	24	37
FBGN0036571	31	23	44	49	62	71
FBGN0053271	0	0	0	0	0	0
FBGN0035251	106	78	112	166	246	263
FBGN0036324	0	0	0	0	0	0
FBGN0052133	62	66	123	204	258	266
FBGN0036848	30	16	26	34	66	45
FBGN0014850	0	0	0	0	0	0
FBGN0036563	0	0	0	0	0	0
FBGN0036406	9	14	15	20	11	24
FBGN0027903	70	54	58	82	120	128
FBGN0035845	0	0	1	0	1	0
FBGN0261401	0	0	0	0	0	0
FBGN0003744	74	63	85	84	128	105
FBGN0035101	22	27	37	20	45	36
FBGN0035581	0	0	0	0	0	0
FBGN0023000	45	81	80	105	129	147
FBGN0037129	0	0	0	0	0	0
FBGN0035852	0	0	0	0	0	0
FBGN0036078	0	0	0	0	0	0
FBGN0263131	0	0	0	0	0	0
FBGN0036624	145	154	219	327	379	362
FBGN0046301	24	29	7	21	32	35
FBGN0036240	40	36	42	52	87	72
FBGN0053500	0	0	0	0	0	0
FBGN0035333	91	77	119	104	143	145
FBGN0016756	210	216	269	307	435	399
FBGN0035842	19	32	41	31	36	47
FBGN0037178	0	0	0	0	0	0
FBGN0035208	0	0	0	0	0	0
FBGN0024945	24	37	20	52	49	60
FBGN0053289	0	0	0	0	0	0
FBGN0262008	0	0	0	0	0	0
FBGN0262893	0	0	0	0	0	0
FBGN0035815	1	0	0	1	0	0
FBGN0267390	35	55	57	98	131	146
FBGN0011706	8	3	11	11	12	5
FBGN0035511	0	0	0	0	0	0
FBGN0260967	0	0	0	0	0	0
FBGN0287586	1	0	2	2	3	1
FBGN0265296	0	1	0	0	0	0
FBGN0035255	0	0	0	0	0	0
FBGN0036111	22	15	23	40	74	35
FBGN0003295	1	0	0	0	3	0
FBGN0287594	4	1	14	13	14	9
FBGN0263776	13	1	21	0	0	0
FBGN0261682	0	0	0	4	0	5
FBGN0259140	2	1	0	2	0	11
FBGN0036334	189	152	190	117	189	158
FBGN0052119	0	0	0	0	0	0
FBGN0015550	0	0	0	0	0	0
FBGN0044419	21	9	11	8	25	13
FBGN0250815	1064	61	1153	3	1	8
FBGN0036493	22	66	30	5	1	7
FBGN0040795	0	0	0	0	1	1
FBGN0010747	248	201	293	270	344	373
FBGN0024814	209	154	262	214	320	289
FBGN0053689	0	0	0	0	0	0
FBGN0036925	0	0	0	0	0	0
FBGN0036958	117	117	200	242	296	274
FBGN0085289	0	0	0	0	0	0
FBGN0035167	1	1	1	0	1	0
FBGN0035661	0	0	0	0	0	0
FBGN0265455	0	0	0	0	0	0
FBGN0083976	19	12	23	31	21	28
FBGN0086348	0	0	0	0	2	0
FBGN0036824	55	42	62	96	208	186
FBGN0260857	8	4	8	16	15	28
FBGN0262508	0	0	2	0	0	0
FBGN0035643	0	1	0	0	0	0
FBGN0035993	14	14	16	27	36	24
FBGN0021768	236	295	482	234	231	232
FBGN0036897	42	32	30	29	50	55
FBGN0261953	4	0	4	0	2	0
FBGN0286979	0	0	0	0	0	0
FBGN0036437	0	2	0	0	0	0
FBGN0036553	3	0	0	0	0	0
FBGN0036709	0	0	0	0	0	0
FBGN0035587	0	0	0	0	0	0
FBGN0005658	0	0	0	0	0	1
FBGN0265959	0	0	0	0	0	0
FBGN0035440	21	27	55	35	74	37
FBGN0284421	86	60	60	113	187	193
FBGN0036565	86	107	127	115	139	128
FBGN0028667	0	0	0	0	0	0
FBGN0036035	131	151	235	165	239	209
FBGN0036134	149	160	194	230	355	361
FBGN0035357	286	328	437	422	542	480
FBGN0264699	1	0	0	0	0	0
FBGN0036552	0	0	0	0	0	0
FBGN0036454	0	6	7	0	0	1
FBGN0036584	0	0	0	0	0	0
FBGN0036992	1	0	0	0	0	0
FBGN0025725	555	439	600	780	1197	1176
FBGN0052066	32	52	54	36	66	44
FBGN0029094	102	85	107	107	112	91
FBGN0036978	0	0	0	3	0	1
FBGN0035248	2	0	0	3	6	6
FBGN0036641	79	59	134	95	132	108
FBGN0036414	0	0	0	0	0	0
FBGN0036110	0	0	0	0	1	0
FBGN0035139	0	0	0	0	0	0
FBGN0262482	0	0	0	0	0	0
FBGN0263035	0	0	0	0	0	0
FBGN0052447	52	27	29	121	179	130
FBGN0024179	50	37	71	87	128	116
FBGN0036592	0	0	0	0	0	0
FBGN0053766	0	0	0	0	0	0
FBGN0036208	0	9	0	0	0	0
FBGN0036733	80	77	116	57	106	103
FBGN0052409	155	142	281	135	190	215
FBGN0037176	0	0	0	0	0	0
FBGN0037039	0	0	0	0	0	0
FBGN0035666	1	2	3	0	0	0
FBGN0036426	0	0	0	0	0	0
FBGN0035323	40	61	105	30	48	54
FBGN0260856	18	15	32	19	33	33
FBGN0264711	57	44	70	122	128	144
FBGN0004880	0	4	0	1	0	0
FBGN0000017	117	116	159	134	183	172
FBGN0016070	23	22	37	67	66	59
FBGN0000358	0	0	0	0	0	0
FBGN0036805	49	70	87	59	110	109
FBGN0036469	133	8	59	0	0	0
FBGN0052037	1	0	0	0	0	0
FBGN0004372	0	0	0	0	0	0
FBGN0052279	0	0	0	0	0	1
FBGN0035111	91	84	130	125	134	170
FBGN0052304	0	0	0	0	2	16
FBGN0036727	2	0	1	0	0	0
FBGN0036153	0	0	0	0	0	0
FBGN0036956	0	0	0	0	0	0
FBGN0026371	120	100	114	120	155	155
FBGN0036319	0	3	0	0	0	0
FBGN0036836	0	0	0	0	0	0
FBGN0036746	74	60	96	112	164	155
FBGN0045479	2	3	6	0	0	0
FBGN0261381	11	6	6	9	6	25
FBGN0036851	0	0	0	1	2	0
FBGN0036316	71	46	85	214	367	272
FBGN0000592	2	0	21	0	0	0
FBGN0036757	0	0	0	0	0	0
FBGN0037174	0	0	0	0	0	0
FBGN0027615	46	44	79	51	63	61
FBGN0035358	0	0	0	0	0	0
FBGN0036116	0	4	1	1	4	3
FBGN0262361	0	0	0	0	0	0
FBGN0035435	2	5	9	12	8	10
FBGN0053969	10	1	6	8	8	14
FBGN0028699	2	0	0	0	0	0
FBGN0036438	0	0	0	0	0	0
FBGN0035321	32	26	27	19	32	36
FBGN0086900	0	0	0	0	0	0
FBGN0262732	236	241	294	182	265	257
FBGN0010348	534	571	905	801	943	841
FBGN0035970	0	0	0	0	0	0
FBGN0002564	3797	2696	7568	724	116	117
FBGN0023174	326	274	415	437	572	639
FBGN0024177	0	0	0	0	0	0
FBGN0010387	4	0	0	0	0	0
FBGN0004591	0	0	0	0	1	0
FBGN0036271	32	69	64	58	54	68
FBGN0028577	172	192	295	198	329	318
FBGN0288810	0	0	0	0	0	0
FBGN0262737	184	164	245	257	405	369
FBGN0028978	82	64	95	69	102	130
FBGN0001324	142	159	205	265	330	351
FBGN0264566	0	0	0	0	0	0
FBGN0011787	81	66	108	106	121	129
FBGN0053769	0	0	0	0	0	0
FBGN0037105	13	8	17	11	19	11
FBGN0035645	0	0	0	0	0	0
FBGN0036118	7	3	15	24	19	35
FBGN0036529	0	4	0	5	3	9
FBGN0036581	78	46	82	112	99	143
FBGN0036655	0	0	0	0	0	0
FBGN0035426	0	0	0	0	0	0
FBGN0005633	0	0	0	0	0	0
FBGN0036236	0	0	0	0	0	0
FBGN0250816	4	1	4	0	0	1
FBGN0262021	4	0	1	0	0	0
FBGN0025820	22	11	10	18	23	22
FBGN0053284	0	0	0	0	0	0
FBGN0036255	7	9	10	2	14	24
FBGN0035461	1	1	1	15	8	6
FBGN0015793	2	6	8	5	13	7
FBGN0035542	19	23	35	24	28	19
FBGN0000451	4	2	2	4	4	8
FBGN0036813	76	50	104	76	93	112
FBGN0028416	0	0	0	0	0	0
FBGN0036759	0	1	5	0	0	1
FBGN0004108	113	150	136	323	475	417
FBGN0003943	145	132	182	149	314	242
FBGN0044452	86	87	131	130	167	172
FBGN0260874	2	5	1	2	0	3
FBGN0036497	0	0	0	0	0	0
FBGN0260644	0	0	0	0	0	0
FBGN0035787	0	0	0	0	0	0
FBGN0035122	35	22	32	56	75	68
FBGN0003410	28	37	53	39	83	72
FBGN0036945	0	0	2	0	0	6
FBGN0036557	72	71	86	51	51	48
FBGN0027055	46	44	53	85	117	97
FBGN0086680	311	286	382	419	792	675
FBGN0010786	14	12	32	31	56	38
FBGN0036229	0	0	0	0	0	0
FBGN0022935	97	111	140	154	194	241
FBGN0052847	0	0	0	0	0	0
FBGN0035471	105	76	131	236	292	337
FBGN0045823	61	65	57	200	402	276
FBGN0036179	0	0	0	0	0	0
FBGN0035254	17	11	31	11	21	27
FBGN0005626	2	0	0	2	0	4
FBGN0036656	0	0	0	0	0	0
FBGN0259748	0	0	0	0	0	0
FBGN0036102	0	0	0	0	0	0
FBGN0036861	0	0	0	0	0	0
FBGN0087035	860	935	1438	1027	1300	1247
FBGN0035695	0	0	0	0	0	0
FBGN0035980	15	19	22	20	22	28
FBGN0041094	133	135	165	412	634	462
FBGN0036953	2	1	9	0	0	0
FBGN0035989	18	24	38	29	28	35
FBGN0035857	1	1	0	0	0	0
FBGN0036337	51	53	89	72	86	72
FBGN0283500	61	37	59	62	99	92
FBGN0264748	0	0	0	0	0	2
FBGN0035711	0	0	0	0	0	0
FBGN0036321	0	0	0	0	0	0
FBGN0264725	0	0	0	0	0	0
FBGN0035504	0	1	0	0	0	0
FBGN0052187	0	3	0	0	0	1
FBGN0022709	0	0	1	0	4	0
FBGN0283724	95	100	134	230	201	192
FBGN0035532	46	38	74	38	55	80
FBGN0053286	0	0	0	0	0	0
FBGN0262937	17	15	30	37	60	47
FBGN0035510	63	30	82	27	73	92
FBGN0261353	12	4	3	15	26	22
FBGN0002842	0	0	0	0	0	0
FBGN0017430	41	45	35	54	62	81
FBGN0035957	6	4	2	2	6	2
FBGN0037018	18	14	7	26	20	16
FBGN0016036	2	0	0	0	0	0
FBGN0036354	93	72	128	149	181	175
FBGN0036986	0	3	0	0	0	0
FBGN0053965	0	0	0	0	0	0
FBGN0000404	266	382	506	387	590	535
FBGN0026376	26	27	22	17	44	47
FBGN0035476	0	0	0	0	0	0
FBGN0035777	3	0	0	1	2	1
FBGN0262788	0	0	0	0	0	0
FBGN0036769	2	2	10	17	18	10
FBGN0037020	78	116	172	82	111	98
FBGN0052484	22	6	12	47	41	32
FBGN0011335	76	71	135	57	93	64
FBGN0052476	1	0	0	0	0	0
FBGN0035767	15	7	6	37	50	43
FBGN0036290	578	519	904	228	320	266
FBGN0035545	0	0	0	0	0	0
FBGN0000115	44	70	70	70	114	93
FBGN0013342	3	7	3	0	0	0
FBGN0036580	48	28	60	50	75	87
FBGN0036822	0	1	0	0	0	0
FBGN0035713	166	214	280	240	329	354
FBGN0025682	76	99	144	120	187	117
FBGN0041623	0	0	0	0	0	0
FBGN0036176	0	0	0	0	0	0
FBGN0036696	9	11	14	20	27	23
FBGN0010452	198	267	400	401	489	571
FBGN0020509	0	0	0	0	0	0
FBGN0052150	1	0	1	4	3	8
FBGN0020640	0	0	0	0	0	0
FBGN0052141	0	0	0	0	1	0
FBGN0265268	0	0	0	0	0	1
FBGN0035570	0	0	0	0	0	0
FBGN0004516	0	13	0	0	0	0
FBGN0035192	0	0	0	0	0	0
FBGN0027790	95	132	118	267	334	313
FBGN0035928	0	0	0	0	0	0
FBGN0036152	6	5	13	4	12	3
FBGN0040060	326	18	278	0	0	0
FBGN0054025	0	0	0	0	0	0
FBGN0020765	0	0	0	0	0	0
FBGN0052405	8	0	0	2	0	0
FBGN0040828	0	0	0	0	0	0
FBGN0262592	0	0	0	0	0	0
FBGN0036680	0	0	0	1	0	0
FBGN0053234	0	0	0	0	0	0
FBGN0015829	47	35	57	39	49	66
FBGN0040696	0	0	1	1	0	0
FBGN0041160	6	1	8	11	20	27
FBGN0020645	0	0	0	0	0	0
FBGN0262984	0	0	0	0	0	0
FBGN0036516	94	101	162	77	117	83
FBGN0263603	168	203	272	182	268	365
FBGN0052344	189	157	223	146	185	198
FBGN0036640	45	41	60	42	61	61
FBGN0040816	0	0	0	0	0	0
FBGN0036145	0	0	0	0	0	0
FBGN0041164	74	75	95	87	127	130
FBGN0028668	0	0	0	0	0	0
FBGN0264693	229	261	367	252	427	310
FBGN0061515	65	44	84	100	206	165
FBGN0035355	6	3	5	6	3	8
FBGN0015585	0	0	0	0	0	0
FBGN0035766	31	44	66	44	97	66
FBGN0036665	0	6	2	2	6	6
FBGN0262842	0	0	0	0	0	0
FBGN0036820	17	6	11	4	29	11
FBGN0052082	54	46	91	49	74	75
FBGN0004380	15	12	24	22	26	19
FBGN0035203	66	52	108	58	102	75
FBGN0263106	165	158	238	184	209	364
FBGN0052069	16	8	24	26	25	29
FBGN0036910	1	0	0	0	0	0
FBGN0020641	0	0	0	2	5	1
FBGN0260008	173	114	198	331	265	238
FBGN0036323	0	0	4	0	0	3
FBGN0036602	0	0	0	0	0	0
FBGN0028504	26	15	14	32	55	27
FBGN0042712	186	169	269	115	175	149
FBGN0266456	0	0	0	0	0	0
FBGN0085273	0	0	0	0	0	0
FBGN0052195	0	1	0	3	1	5
FBGN0023001	79	83	82	82	137	142
FBGN0260431	1	4	2	0	1	7
FBGN0035719	0	0	0	0	0	0
FBGN0036015	0	0	0	0	0	0
FBGN0035110	54	29	61	77	75	92
FBGN0264000	0	2	0	0	0	0
FBGN0035805	31	25	55	27	44	33
FBGN0036950	0	0	0	0	0	0
FBGN0045477	0	0	0	0	0	0
FBGN0036747	0	0	0	0	0	0
FBGN0052270	0	0	0	0	0	0
FBGN0035702	4	0	6	11	12	2
FBGN0035769	101	73	119	142	140	142
FBGN0036685	75	61	95	104	164	143
FBGN0036340	255	257	429	322	447	366
FBGN0052365	6	8	6	10	10	6
FBGN0004427	0	0	0	0	0	0
FBGN0026418	1159	1530	2100	1177	1624	1782
FBGN0036156	0	0	0	0	0	0
FBGN0037175	0	0	0	0	0	0
FBGN0263601	157	110	207	197	246	225
FBGN0036920	31	33	47	32	42	54
FBGN0040507	0	6	3	0	0	0
FBGN0020251	22	13	44	35	43	51
FBGN0003041	103	110	155	192	230	261
FBGN0042630	0	0	0	0	0	0
FBGN0037207	11	15	2	6	27	18
FBGN0036766	0	0	0	1	0	231
FBGN0036887	31	26	52	28	47	37
FBGN0266136	0	0	0	0	0	0
FBGN0036461	2	2	0	0	0	0
FBGN0036403	0	0	0	0	0	0
FBGN0035968	4	10	0	0	0	0
FBGN0036998	9	7	6	19	23	11
FBGN0004593	0	0	0	0	0	0
FBGN0035736	0	0	0	0	0	0
FBGN0004167	231	318	437	700	1084	786
FBGN0052182	0	0	0	0	0	1
FBGN0005198	83	42	80	119	167	204
FBGN0036112	0	0	0	0	0	0
FBGN0036979	0	0	3	0	1	0
FBGN0035103	59	63	73	106	162	161
FBGN0037138	145	215	217	201	281	270
FBGN0085282	0	3	0	0	1	0
FBGN0036785	0	0	0	0	0	0
FBGN0010246	99	66	113	98	180	183
FBGN0036544	0	4	2	0	0	0
FBGN0052438	75	73	86	136	143	111
FBGN0037200	27	22	26	27	49	51
FBGN0259703	0	0	0	0	0	0
FBGN0263761	2	1	0	0	0	0
FBGN0037141	29	30	69	33	44	43
FBGN0035455	0	0	0	0	0	0
FBGN0052079	0	0	0	0	0	0
FBGN0052392	0	0	0	2	2	2
FBGN0005386	39	45	84	70	109	89
FBGN0260430	0	0	0	0	4	0
FBGN0036576	78	72	81	95	170	202
FBGN0016013	1	2	2	5	5	3
FBGN0000629	93	74	172	133	153	139
FBGN0058160	141	214	328	158	184	182
FBGN0035371	107	154	202	150	245	222
FBGN0035585	0	0	0	0	0	0
FBGN0016696	86	127	244	92	137	141
FBGN0024804	418	428	678	342	427	375
FBGN0035397	105	88	125	209	361	289
FBGN0263607	3	0	2	7	6	6
FBGN0052425	42	68	104	91	112	105
FBGN0052113	45	30	76	78	91	78
FBGN0035768	0	0	0	0	0	0
FBGN0035985	8	3	20	5	0	5
FBGN0052040	0	0	0	0	0	0
FBGN0261816	0	0	0	0	0	0
FBGN0052462	0	0	0	0	0	0
FBGN0036677	17	16	19	89	113	63
FBGN0261997	0	0	0	0	0	0
FBGN0037092	54	65	53	89	177	130
FBGN0053057	0	3	2	5	2	2
FBGN0262870	1	0	2	0	1	0
FBGN0042178	3	5	1	10	0	2
FBGN0003292	17	11	24	55	122	89
FBGN0036451	243	228	280	344	538	474
FBGN0036202	0	2	0	0	1	0
FBGN0052072	0	0	0	0	0	0
FBGN0036593	0	0	0	0	0	0
FBGN0041709	0	0	0	0	0	0
FBGN0052102	0	0	0	0	0	0
FBGN0266540	0	0	0	0	0	0
FBGN0260653	319	280	318	453	699	665
FBGN0025455	98	81	158	121	198	170
FBGN0052278	13	5	24	12	19	15
FBGN0052452	21	24	32	17	26	19
FBGN0020224	19	41	37	48	92	87
FBGN0037191	0	0	0	0	0	0
FBGN0024194	37	32	37	45	39	34
FBGN0025776	0	0	0	0	0	0
FBGN0036780	0	0	0	0	0	0
FBGN0036838	68	39	63	91	109	126
FBGN0037144	1	7	0	0	0	0
FBGN0036654	0	0	0	0	0	0
FBGN0035608	0	2	3	1	0	0
FBGN0016081	145	129	199	258	335	311
FBGN0035594	0	0	0	0	0	0
FBGN0053971	0	0	1	0	1	1
FBGN0036142	4	8	6	2	10	4
FBGN0035176	9	2	0	0	0	0
FBGN0035360	4	0	0	0	0	1
FBGN0052302	60	4	55	2	0	299
FBGN0004414	0	0	0	0	0	0
FBGN0026061	5	5	1	26	36	21
FBGN0085371	0	0	0	0	0	0
FBGN0037117	11	9	12	9	17	24
FBGN0040805	0	0	0	0	0	0
FBGN0037013	0	0	0	0	0	0
FBGN0035949	0	0	0	0	0	0
FBGN0035239	0	0	0	0	0	0
FBGN0036893	14	14	10	10	14	19
FBGN0052054	0	0	0	0	0	0
FBGN0027500	92	64	88	158	206	186
FBGN0053985	0	0	0	0	0	31
FBGN0058002	0	0	0	0	0	0
FBGN0260388	76	80	82	57	81	113
FBGN0036964	68	66	85	103	80	72
FBGN0017572	132	97	96	175	337	252
FBGN0036343	0	0	0	0	0	0
FBGN0035953	22	18	51	65	67	78
FBGN0052264	116	125	196	177	275	219
FBGN0036670	0	1	0	2	0	0
FBGN0035813	0	2	6	0	1	4
FBGN0086916	0	0	0	0	0	0
FBGN0001248	755	676	817	1123	1728	1599
FBGN0035496	7	7	10	0	2	1
FBGN0003076	28	39	53	47	85	59
FBGN0000045	0	9	8	10	4	5
FBGN0263248	0	0	0	0	0	0
FBGN0262518	35	9	37	53	120	83
FBGN0015321	50	39	77	68	111	90
FBGN0037000	23	16	20	65	80	61
FBGN0264001	0	1	0	0	0	0
FBGN0036485	0	0	0	0	0	0
FBGN0264489	4	1	16	2	1	4
FBGN0035657	0	0	0	0	0	0
FBGN0042201	0	0	0	0	0	0
FBGN0036713	0	1	0	0	0	0
FBGN0036393	249	37	313	0	0	0
FBGN0035909	348	441	615	398	621	629
FBGN0036031	0	0	0	0	0	0
FBGN0035313	0	0	0	0	0	7
FBGN0002872	48	36	61	57	63	69
FBGN0035300	0	1	0	0	0	1
FBGN0036784	0	0	0	0	0	0
FBGN0052246	0	0	0	0	0	0
FBGN0052845	0	0	0	0	0	0
FBGN0037204	0	0	0	0	0	0
FBGN0036057	0	0	0	0	0	0
FBGN0035933	0	0	0	0	0	0
FBGN0053262	0	0	0	0	0	0
FBGN0263911	49	44	55	75	85	123
FBGN0264848	103	89	138	169	200	170
FBGN0027085	37	36	72	41	52	57
FBGN0035520	34	14	41	29	48	25
FBGN0036489	38	29	38	30	65	40
FBGN0035479	0	0	0	0	0	0
FBGN0036262	40	116	204	7	2	5
FBGN0262519	1312	1475	1982	1448	2009	2061
FBGN0015218	196	181	280	248	402	411
FBGN0035283	9	19	16	15	40	29
FBGN0260660	21	32	30	34	37	31
FBGN0085480	0	0	0	0	0	0
FBGN0035817	0	0	0	0	0	0
FBGN0025866	66	86	107	77	101	88
FBGN0260859	36	27	27	36	55	70
FBGN0085267	0	0	0	0	0	0
FBGN0035567	0	0	0	0	0	0
FBGN0036846	83	69	93	133	136	155
FBGN0024887	60	42	85	77	82	107
FBGN0036818	2	4	6	2	13	8
FBGN0263251	34	25	46	59	135	91
FBGN0052354	5	7	8	11	13	21
FBGN0035622	145	88	172	208	299	245
FBGN0001259	29	15	46	49	69	75
FBGN0036520	0	0	0	0	0	0
FBGN0028697	1435	1218	2071	1620	2074	2068
FBGN0035348	1	6	11	2	5	0
FBGN0004619	0	2	0	0	0	0
FBGN0085295	0	0	0	0	0	0
FBGN0035669	0	0	0	0	0	0
FBGN0037151	9	2	0	8	10	2
FBGN0036790	0	0	0	0	0	0
FBGN0026409	325	262	340	385	564	542
FBGN0262580	0	0	0	0	0	0
FBGN0035262	0	0	1	1	2	1
FBGN0283479	11	2	19	1	0	4
FBGN0047178	15	4	25	20	12	6
FBGN0036708	0	0	0	0	0	0
FBGN0036194	52	56	72	61	86	126
FBGN0261109	26	27	42	47	65	36
FBGN0035385	0	1	0	0	0	0
FBGN0262987	12	12	14	27	20	17
FBGN0016031	25	24	21	27	11	15
FBGN0284236	0	0	0	0	0	0
FBGN0036832	0	0	0	0	0	0
FBGN0261507	0	0	0	0	0	0
FBGN0036888	125	147	196	130	211	258
FBGN0052206	0	1	0	0	0	0
FBGN0262535	0	0	0	0	0	0
FBGN0029113	741	856	1246	843	1326	1297
FBGN0260481	0	0	1	0	1	0
FBGN0037093	95	108	132	137	157	173
FBGN0035648	0	2	0	0	0	0
FBGN0082598	153	124	169	239	402	300
FBGN0052064	0	0	0	0	0	0
FBGN0264605	2	0	0	0	0	3
FBGN0036501	15	5	18	12	13	16
FBGN0260393	0	0	0	0	0	37
FBGN0035337	39	37	64	20	30	36
FBGN0037064	0	0	0	0	0	0
FBGN0040634	0	1	4	0	3	0
FBGN0011591	67	71	93	189	230	240
FBGN0035554	0	0	0	0	0	0
FBGN0036600	0	0	0	0	2	0
FBGN0053489	0	0	0	0	0	0
FBGN0036837	52	60	96	40	36	52
FBGN0035952	0	0	0	0	0	0
FBGN0036361	0	0	0	0	0	25
FBGN0036121	26	11	15	14	9	11
FBGN0042177	103	110	167	115	94	151
FBGN0035267	73	73	105	89	138	159
FBGN0063667	1	0	0	0	0	0
FBGN0035244	42	34	57	43	54	56
FBGN0036083	0	0	0	0	0	0
FBGN0010350	28	19	38	71	77	80
FBGN0284444	0	0	0	0	0	0
FBGN0261536	0	0	0	0	0	0
FBGN0036716	0	0	0	0	1	0
FBGN0035211	16	16	13	30	38	27
FBGN0040797	0	0	0	0	0	0
FBGN0259200	0	0	0	0	0	1
FBGN0052075	40	46	62	66	94	71
FBGN0036091	0	0	0	0	0	0
FBGN0266437	0	0	0	0	0	0
FBGN0036913	38	35	34	46	52	60
FBGN0015360	10	4	7	9	8	15
FBGN0035965	9	19	6	28	36	35
FBGN0035833	4	10	7	9	6	2
FBGN0052068	9	17	19	26	31	15
FBGN0029152	81	72	85	96	166	149
FBGN0013718	100	166	185	162	260	249
FBGN0036364	0	0	0	0	0	0
FBGN0035522	38	21	29	171	227	150
FBGN0263199	10	14	23	14	11	17
FBGN0262516	0	0	0	0	0	0
FBGN0052318	0	0	0	0	0	0
FBGN0036778	0	0	0	0	0	0
FBGN0036643	3	1	6	3	6	11
FBGN0037037	0	0	0	0	0	0
FBGN0036874	0	0	0	0	0	0
FBGN0040799	0	0	0	0	0	0
FBGN0010909	314	348	345	483	766	681
FBGN0036756	0	0	0	0	0	0
FBGN0035557	13	15	13	13	6	10
FBGN0045770	0	0	0	0	1	0
FBGN0013717	28	39	39	50	73	87
FBGN0036133	35	62	61	53	96	74
FBGN0036367	0	0	0	0	0	0
FBGN0261556	58	32	90	104	111	85
FBGN0036686	229	305	488	207	230	224
FBGN0036951	0	0	0	28	12	1508
FBGN0035552	6	3	1	0	0	0
FBGN0043550	0	2	7	0	0	1
FBGN0036787	5	11	13	1	2	1
FBGN0037069	1	0	0	0	0	0
FBGN0262139	50	46	34	63	134	99
FBGN0036734	190	164	240	127	240	232
FBGN0035926	0	0	0	0	0	0
FBGN0020412	138	193	221	141	253	254
FBGN0035143	0	0	0	0	0	0
FBGN0035763	71	32	71	123	166	144
FBGN0037081	66	79	142	71	97	68
FBGN0037128	12	0	1	5	17	13
FBGN0036502	3	3	8	6	4	1
FBGN0053260	10	11	32	11	25	21
FBGN0036560	0	3	0	0	0	0
FBGN0036782	0	10	20	0	0	0
FBGN0035161	0	0	0	0	0	0
FBGN0037122	0	0	0	0	0	0
FBGN0036139	0	0	0	0	0	0
FBGN0261258	515	661	1037	596	703	743
FBGN0035280	0	0	0	0	0	0
FBGN0036018	78	65	171	107	102	123
FBGN0036346	0	0	0	0	0	2
FBGN0036155	31	51	77	61	69	90
FBGN0037184	12	10	15	16	14	7
FBGN0037137	603	599	863	471	763	758
FBGN0036931	0	0	1	10	1	0
FBGN0036550	2	0	0	0	0	0
FBGN0035999	8	6	6	7	12	12
FBGN0035799	0	0	0	0	0	0
FBGN0262099	0	0	0	0	0	0
FBGN0035640	59	55	87	94	105	115
FBGN0266667	45	49	75	101	106	96
FBGN0036899	34	32	37	28	60	60
FBGN0035921	0	0	0	0	0	1
FBGN0036372	85	90	172	117	193	139
FBGN0036274	0	0	0	0	0	0
FBGN0036536	4	2	3	5	4	6
FBGN0005640	62	42	61	110	118	117
FBGN0026252	533	506	758	795	901	895
FBGN0052221	0	0	2	2	5	4
FBGN0035316	0	0	0	0	0	0
FBGN0052445	0	0	0	0	0	0
FBGN0036056	1	0	0	0	0	0
FBGN0035427	1	2	3	3	1	8
FBGN0036607	0	0	0	0	0	0
FBGN0036710	114	147	210	213	269	249
FBGN0016715	9	8	12	5	10	11
FBGN0260458	0	0	0	2	0	0
FBGN0035795	0	0	0	0	0	0
FBGN0035887	0	0	0	0	0	0
FBGN0002945	141	139	220	293	442	385
FBGN0036482	0	0	0	0	0	0
FBGN0036352	0	0	0	0	0	0
FBGN0036257	49	79	94	48	87	77
FBGN0035848	8	5	7	12	17	10
FBGN0004910	4	0	6	0	0	1
FBGN0052199	0	0	0	0	0	0
FBGN0260397	56	27	107	73	112	103
FBGN0261530	64	64	69	45	78	58
FBGN0037078	0	0	0	0	0	0
FBGN0036192	8	1	6	10	11	15
FBGN0053993	4	10	11	16	26	30
FBGN0036938	0	0	0	0	0	0
FBGN0035951	49	68	77	88	89	93
FBGN0036947	0	0	0	0	0	33
FBGN0020644	0	0	0	0	0	0
FBGN0052091	14	10	7	26	20	31
FBGN0011762	41	48	66	38	66	65
FBGN0267348	512	595	707	948	1435	1326
FBGN0036704	0	0	0	0	0	0
FBGN0026404	163	172	216	126	179	169
FBGN0036419	0	0	2	0	1	0
FBGN0036689	10	13	11	6	9	5
FBGN0261526	4	8	13	50	48	31
FBGN0036879	0	0	0	0	0	0
FBGN0037115	1	0	0	1	0	0
FBGN0053926	0	2	5	0	3	0
FBGN0035372	45	30	67	52	48	73
FBGN0036177	0	0	0	0	0	0
FBGN0266757	0	0	2	0	0	0
FBGN0036831	2	0	2	0	0	7
FBGN0036538	14	9	20	20	16	22
FBGN0015805	560	530	672	708	954	1065
FBGN0035923	25	22	48	41	38	26
FBGN0036799	0	0	0	0	0	0
FBGN0085290	5	5	16	18	6	14
FBGN0086611	0	0	0	0	0	0
FBGN0000212	488	589	850	863	979	1157
FBGN0052232	0	0	0	0	0	0
FBGN0085456	4	0	0	0	0	0
FBGN0054057	0	0	1	0	0	0
FBGN0035704	17	11	27	42	40	49
FBGN0260657	0	0	1	0	0	0
FBGN0036094	0	0	0	0	0	0
FBGN0040291	0	0	0	0	0	0
FBGN0052179	9	3	7	4	19	20
FBGN0035772	222	223	351	327	470	387
FBGN0020388	278	264	330	146	199	193
FBGN0035173	2	2	0	1	6	3
FBGN0000568	288	321	356	487	838	695
FBGN0036974	399	471	775	525	566	532
FBGN0015239	57	59	114	128	161	176
FBGN0035462	48	44	62	73	105	63
FBGN0035157	8	5	13	11	12	21
FBGN0035148	44	22	54	45	58	63
FBGN0001224	1155	1422	1588	2772	2215	2338
FBGN0085297	0	0	0	0	0	0
FBGN0004888	226	246	338	258	395	332
FBGN0037140	0	0	0	0	0	0
FBGN0041194	3	48	17	5	3	0
FBGN0260646	0	0	0	0	0	0
FBGN0036891	15	4	4	8	11	15
FBGN0010825	179	169	294	336	590	506
FBGN0052391	0	0	0	0	0	0
FBGN0263606	3	3	8	5	8	6
FBGN0083068	0	0	0	0	0	0
FBGN0035945	21	8	25	18	41	45
FBGN0037164	40	23	25	40	133	140
FBGN0040074	0	0	0	0	0	0
FBGN0015904	112	99	136	119	201	165
FBGN0035233	0	5	2	6	7	2
FBGN0035954	11	15	15	48	57	65
FBGN0036258	597	454	580	895	1353	1292
FBGN0286893	0	0	0	0	0	0
FBGN0040475	71	65	88	121	149	138
FBGN0037107	0	9	0	0	0	0
FBGN0011653	187	170	278	349	509	489
FBGN0002778	62	69	103	127	178	206
FBGN0052376	0	0	0	0	0	0
FBGN0010235	165	155	235	232	284	326
FBGN0053983	0	0	0	0	0	48
FBGN0035607	0	0	0	0	0	0
FBGN0035844	276	313	469	655	961	1011
FBGN0036801	12	13	22	18	27	23
FBGN0052407	0	0	0	0	0	1
FBGN0036687	0	0	0	0	0	1
FBGN0035831	26	26	34	40	27	37
FBGN0028999	0	2	0	0	0	0
FBGN0035256	0	0	0	0	0	0
FBGN0053710	0	0	0	0	0	0
FBGN0036286	28	40	47	87	109	126
FBGN0036391	0	0	0	0	1	0
FBGN0040322	5	4	17	4	11	8
FBGN0035529	7	6	13	12	24	25
FBGN0036591	0	0	0	0	1	0
FBGN0037001	104	77	102	140	184	187
FBGN0261635	0	0	0	0	0	0
FBGN0036342	10	22	12	16	18	15
FBGN0037076	3	4	3	3	3	12
FBGN0036498	0	0	0	0	0	0
FBGN0037008	17	19	16	36	36	40
FBGN0020637	0	0	0	0	0	0
FBGN0260965	40	32	67	62	81	75
FBGN0040298	17	39	21	36	41	34
FBGN0036366	3	6	1	3	15	14
FBGN0020638	0	0	0	0	0	0
FBGN0000541	399	441	677	722	921	956
FBGN0036263	84	94	132	81	134	144
FBGN0036085	0	0	0	0	0	0
FBGN0035551	163	18	2	1	0	1
FBGN0053523	9	4	10	14	31	6
FBGN0035577	0	0	0	0	0	0
FBGN0035656	2	0	0	0	1	0
FBGN0036629	6	7	17	14	15	15
FBGN0259163	26	34	22	51	85	70
FBGN0036639	0	0	0	0	0	0
FBGN0035413	0	0	0	0	0	0
FBGN0036518	105	101	224	122	191	141
FBGN0052039	7	3	1	20	11	11
FBGN0052198	816	62	357	0	0	0
FBGN0035383	53	44	81	66	117	101
FBGN0027080	182	146	232	248	282	304
FBGN0035889	33	30	31	40	42	35
FBGN0000357	0	0	0	0	0	0
FBGN0036411	0	0	0	0	0	0
FBGN0036024	3	2	6	0	1	0
FBGN0035685	0	0	0	0	0	0
FBGN0052163	14	9	14	3	8	14
FBGN0011509	54	26	68	68	129	124
FBGN0015946	0	0	0	0	0	0
FBGN0263599	919	909	1210	895	1321	1325
FBGN0035209	12	12	21	31	54	31
FBGN0035686	0	0	0	0	0	0
FBGN0036909	43	25	31	42	31	34
FBGN0035483	6	4	6	6	11	8
FBGN0036273	0	4	0	0	0	0
FBGN0261360	0	0	0	0	0	0
FBGN0036999	12	13	6	23	27	29
FBGN0266124	29	24	27	26	27	33
FBGN0010352	345	322	422	418	651	634
FBGN0036504	0	0	0	0	0	0
FBGN0036622	0	0	0	0	3	0
FBGN0261283	177	143	256	317	473	404
FBGN0036020	17	12	17	28	22	29
FBGN0035947	195	231	272	285	346	295
FBGN0261799	5	5	8	16	15	14
FBGN0036940	0	0	0	3	5	349
FBGN0040809	0	0	0	0	0	0
FBGN0010830	23	13	32	39	66	52
FBGN0264307	1	1	0	2	3	0
FBGN0040230	48	59	46	111	141	128
FBGN0036522	154	125	201	201	263	208
FBGN0035437	109	110	211	162	239	221
FBGN0036872	0	0	0	0	0	0
FBGN0262484	0	0	0	0	0	0
FBGN0259785	544	606	783	906	1194	1264
FBGN0260643	0	0	0	0	0	0
FBGN0261723	0	0	0	0	0	0
FBGN0035380	0	0	0	0	0	0
FBGN0035636	0	2	0	4	6	7
FBGN0035553	0	1	0	2	3	6
FBGN0037185	4	1	1	7	10	2
FBGN0035583	0	0	0	1	0	5
FBGN0020642	0	0	0	0	0	0
FBGN0036574	23	35	66	42	60	54
FBGN0035791	2	1	0	0	3	0
FBGN0262351	0	0	0	0	0	0
FBGN0250814	159	204	198	179	295	353
FBGN0036000	48	52	67	66	60	96
FBGN0036218	0	0	0	0	0	0
FBGN0020294	122	153	177	212	264	320
FBGN0035824	6	2	6	7	12	7
FBGN0037195	0	0	0	0	0	0
FBGN0036942	1	0	0	1	0	0
FBGN0035988	0	0	0	1	0	0
FBGN0052260	0	0	0	0	1	0
FBGN0267429	0	0	0	0	0	0
FBGN0262100	0	0	0	0	0	0
FBGN0035453	0	0	0	0	0	0
FBGN0036360	0	2	0	0	1	0
FBGN0037068	0	0	0	0	0	0
FBGN0052432	0	3	0	0	0	0
FBGN0037031	6	6	18	14	20	28
FBGN0263605	71	87	113	92	111	138
FBGN0035335	34	34	43	44	59	60
FBGN0036935	1	0	0	0	0	0
FBGN0040697	0	1	0	0	0	0
FBGN0036793	0	0	0	0	0	0
FBGN0260635	316	293	359	452	847	677
FBGN0035152	1	2	1	3	4	7
FBGN0017429	3	7	8	17	17	7
FBGN0052112	0	8	4	5	7	10
FBGN0036962	0	0	1	0	0	0
FBGN0003206	27	13	30	44	73	48
FBGN0035665	647	58	621	2	2	0
FBGN0263988	0	0	1	0	0	0
FBGN0035785	0	0	0	0	0	0
FBGN0035625	53	42	29	154	296	214
FBGN0035521	0	2	0	0	0	0
FBGN0004425	0	0	0	0	0	0
FBGN0036096	200	234	288	211	276	241
FBGN0052117	0	0	0	0	0	0
FBGN0035238	19	13	32	21	34	34
FBGN0016794	36	39	63	53	117	85
FBGN0041775	590	646	949	629	849	924
FBGN0259481	14	19	34	23	15	39
FBGN0267849	22	26	37	28	43	38
FBGN0042131	0	0	0	0	0	0
FBGN0036590	0	0	0	1	0	2
FBGN0053278	0	0	0	0	0	0
FBGN0260941	42	23	37	50	36	65
FBGN0261574	551	489	678	813	1116	1077
FBGN0001108	127	133	219	207	312	313
FBGN0035312	0	2	0	2	1	0
FBGN0001253	553	609	654	1636	2558	1982
FBGN0260968	0	0	0	0	0	0
FBGN0036170	0	0	0	0	0	0
FBGN0036014	0	0	0	0	1	0
FBGN0036684	33	17	24	35	50	62
FBGN0027660	84	46	59	137	231	189
FBGN0052371	0	0	0	0	0	0
FBGN0035272	27	21	30	37	40	49
FBGN0035153	3	5	8	1	1	0
FBGN0266696	120	152	193	221	327	249
FBGN0035240	0	0	0	0	0	0
FBGN0264707	39	43	44	50	62	83
FBGN0001256	0	0	0	5	16	4
FBGN0063670	27	20	62	46	33	38
FBGN0261294	0	0	0	0	0	0
FBGN0263034	0	0	0	0	0	0
FBGN0035888	1	0	0	0	0	0
FBGN0041171	150	150	242	250	475	419
FBGN0003462	398	514	626	364	467	535
FBGN0036279	104	161	156	166	236	208
FBGN0004635	1	0	8	3	3	4
FBGN0036750	4	4	2	3	0	1
FBGN0036729	0	0	1	0	0	0
FBGN0052266	0	0	0	0	0	0
FBGN0260936	138	110	127	192	277	246
FBGN0035743	9	2	8	0	0	0
FBGN0266101	32	21	30	53	83	77
FBGN0011693	0	0	0	0	0	0
FBGN0036410	32	39	47	2	0	1
FBGN0047000	0	0	0	0	0	0
FBGN0052457	0	0	0	0	0	0
FBGN0036382	0	0	1	11	7	1
FBGN0035523	231	191	221	410	536	499
FBGN0035563	0	0	0	0	0	0
FBGN0036417	0	0	0	0	4	0
FBGN0037199	95	120	142	101	140	155
FBGN0083952	6	1	17	5	11	10
FBGN0036199	4	4	2	5	7	8
FBGN0040796	14	5	13	25	60	34
FBGN0036221	0	0	0	0	0	0
FBGN0263647	0	0	0	0	0	0
FBGN0052190	251	210	337	281	469	414
FBGN0010215	371	558	766	524	558	583
FBGN0035179	0	0	0	0	2	0
FBGN0264516	0	0	0	0	0	0
FBGN0036859	0	0	0	0	0	0
FBGN0035867	22	10	30	24	43	44
FBGN0036433	19	12	10	104	258	142
FBGN0036598	0	0	0	0	0	0
FBGN0035969	0	2	0	0	0	0
FBGN0035750	0	0	0	0	0	0
FBGN0036225	0	0	0	0	0	11
FBGN0035687	0	0	0	0	0	0
FBGN0036705	0	0	0	0	0	0
FBGN0036918	121	132	227	146	110	154
FBGN0036547	78	87	123	163	226	220
FBGN0261858	0	0	0	0	0	0
FBGN0036466	3	0	0	0	0	0
FBGN0052277	0	0	0	0	0	0
FBGN0035228	35	16	43	55	98	92
FBGN0261952	0	0	0	0	0	0
FBGN0036826	7	2	35	5	6	8
FBGN0035533	162	169	223	176	247	204
FBGN0037206	1	0	0	1	0	0
FBGN0260987	164	194	314	234	246	210
FBGN0035793	186	151	226	257	448	394
FBGN0266084	54	41	59	86	100	102
FBGN0004381	3	8	2	13	5	6
FBGN0028429	40	28	52	29	25	53
FBGN0036952	62	1	57	21	5	590
FBGN0004449	553	552	786	998	1512	1495
FBGN0042119	0	0	0	0	0	0
FBGN0036487	161	142	166	117	155	103
FBGN0052249	32	5	20	1	4	1
FBGN0260396	0	0	0	0	0	0
FBGN0014011	58	36	30	57	104	97
FBGN0040801	4	0	6	27	63	52
FBGN0027554	61	63	96	67	97	78
FBGN0052192	0	0	0	0	0	0
FBGN0037036	0	0	0	0	0	0
FBGN0262896	0	0	0	0	0	0
FBGN0036556	29	38	53	71	101	92
FBGN0000116	683	712	953	1164	1825	1710
FBGN0036381	22	52	41	1	6	3
FBGN0036191	50	46	70	86	121	90
FBGN0037005	0	0	0	0	0	0
FBGN0036217	0	0	0	0	0	0
FBGN0052238	0	0	0	0	0	0
FBGN0036610	0	0	0	0	0	0
FBGN0035432	57	36	55	87	155	144
FBGN0036195	0	0	0	0	0	0
FBGN0266441	40	37	62	66	85	69
FBGN0036596	0	0	0	1	3	6
FBGN0286833	0	2	1	1	6	2
FBGN0037203	0	1	0	0	1	0
FBGN0037071	15	7	18	4	30	22
FBGN0041100	19	12	21	22	31	27
FBGN0029117	11	24	50	21	22	20
FBGN0052203	0	0	0	0	0	0
FBGN0053170	12	12	29	23	35	17
FBGN0026570	6	4	13	4	13	13
FBGN0265084	0	0	0	0	0	0
FBGN0036730	2	2	0	0	1	0
FBGN0053060	0	0	0	0	0	0
FBGN0261059	0	0	0	0	0	0
FBGN0035586	10	9	7	23	23	25
FBGN0285896	23	22	10	27	41	51
FBGN0035393	37	19	44	49	48	38
FBGN0288310	28	33	40	56	62	58
FBGN0036259	0	0	0	0	0	0
FBGN0052479	255	258	317	439	587	569
FBGN0035776	0	0	0	0	0	0
FBGN0036752	4	2	4	5	5	6
FBGN0052320	0	0	0	0	0	0
FBGN0036058	46	32	60	128	211	170
FBGN0036053	100	45	102	101	183	145
FBGN0036178	0	0	0	0	0	0
FBGN0037106	30	57	56	51	74	52
FBGN0035268	24	25	69	33	47	54
FBGN0035216	0	0	0	0	0	0
FBGN0037181	162	23	68	30	50	68
FBGN0035876	8	4	11	7	15	11
FBGN0035788	0	0	0	0	0	0
FBGN0035675	33	48	63	47	91	70
FBGN0086694	138	144	197	233	329	310
FBGN0036029	0	0	0	0	0	0
FBGN0035294	65	94	148	64	84	60
FBGN0023129	2	6	0	6	24	21
FBGN0011828	33	42	22	18	37	37
FBGN0261402	0	0	0	0	0	0
FBGN0036881	0	0	0	0	0	0
FBGN0035574	46	30	43	42	75	43
FBGN0037011	81	66	130	46	46	58
FBGN0058470	1	0	1	0	0	1
FBGN0085485	0	0	0	0	0	0
FBGN0013303	6	11	4	32	26	16
FBGN0036220	0	0	0	0	0	0
FBGN0035741	0	0	0	0	0	0
FBGN0000121	0	0	0	0	0	0
FBGN0028695	747	660	916	916	1492	1456
FBGN0035694	0	0	0	0	0	0
FBGN0035370	497	442	695	531	782	706
FBGN0052100	4	12	10	15	21	25
FBGN0037120	4	3	1	3	7	6
FBGN0035444	6	5	0	8	15	19
FBGN0259175	32	41	55	113	145	129
FBGN0016034	11	4	11	0	1	2
FBGN0053796	0	0	0	0	0	0
FBGN0036810	0	0	0	0	0	0
FBGN0035742	4	5	8	0	0	0
FBGN0035409	6	0	0	0	1	0
FBGN0036621	19	16	19	38	67	51
FBGN0020655	62	71	108	76	118	144
FBGN0001227	147	152	172	239	319	289
FBGN0035166	11	12	12	9	14	18
FBGN0042185	18	12	22	23	30	17
FBGN0004870	0	1	0	0	2	1
FBGN0036421	0	0	0	0	0	0
FBGN0028789	36	24	35	55	97	71
FBGN0036742	0	0	1	0	6	6
FBGN0036131	0	0	0	0	0	0
FBGN0015283	330	383	603	371	503	520
FBGN0035422	629	737	929	450	780	656
FBGN0262030	0	0	0	0	0	0
FBGN0085298	0	0	0	0	0	0
FBGN0085458	0	0	0	0	0	0
FBGN0036804	3	1	1	5	10	12
FBGN0036663	527	526	675	443	569	559
FBGN0013753	79	73	93	86	124	133
FBGN0037024	69	60	120	104	158	129
FBGN0264305	26	26	55	54	91	65
FBGN0036040	1	0	0	13	16	18
FBGN0036681	0	0	0	0	0	0
FBGN0035517	11	20	20	17	36	20
FBGN0052219	0	0	0	0	0	0
FBGN0035550	1	0	3	5	1	0
FBGN0052284	0	0	0	0	0	0
FBGN0250848	644	577	725	1175	1586	1403
FBGN0036614	11	24	36	15	38	19
FBGN0037146	12	16	54	4	4	3
FBGN0052241	0	0	0	0	0	0
FBGN0263600	108	135	205	143	150	181
FBGN0036448	214	195	293	337	457	468
FBGN0052271	0	0	0	0	0	0
FBGN0016983	414	443	641	567	774	841
FBGN0028484	30	67	62	51	88	101
FBGN0047038	54	46	88	50	68	62
FBGN0052374	0	0	0	0	0	0
FBGN0035299	0	0	0	0	0	0
FBGN0026738	34	27	82	16	65	44
FBGN0027547	49	32	48	75	167	116
FBGN0037085	0	0	0	0	0	0
FBGN0264747	0	0	0	0	0	0
FBGN0004926	546	666	1048	419	542	653
FBGN0035464	216	225	364	288	470	380
FBGN0013799	38	33	63	53	111	109
FBGN0014163	2444	2713	4014	3042	4747	4392
FBGN0035434	7	11	7	0	2	0
FBGN0263602	8	15	11	4	14	9
FBGN0035513	0	0	0	0	5	0
FBGN0036569	21	14	17	41	35	20
FBGN0026259	449	503	828	525	773	850
FBGN0027552	49	28	71	11	20	30
FBGN0001320	31	23	28	64	108	77
FBGN0014037	65	87	97	152	174	168
FBGN0001168	31	29	44	59	109	115
FBGN0036390	0	0	0	0	0	0
FBGN0085280	0	0	0	0	0	10
FBGN0037182	106	160	206	132	208	165
FBGN0283472	75	76	97	101	142	116
FBGN0036310	0	0	0	0	0	0
FBGN0036287	3	7	0	28	26	29
FBGN0035388	45	32	54	43	92	105
FBGN0261633	0	0	0	0	0	0
FBGN0011206	1	3	3	4	5	5
FBGN0036588	0	0	0	0	0	0
FBGN0262022	0	0	0	0	0	0
FBGN0035593	114	138	187	98	121	116
FBGN0027843	3	0	1	1	1	0
FBGN0043806	6	1	1	0	0	0
FBGN0036089	0	0	0	0	0	0
FBGN0040296	8	10	11	9	21	18
FBGN0035663	0	0	0	0	0	0
FBGN0035478	0	0	0	0	0	0
FBGN0035375	55	43	85	75	69	68
FBGN0052177	16	9	15	35	58	44
FBGN0266709	0	0	0	0	3	1
FBGN0036124	194	273	432	221	236	297
FBGN0262007	0	0	0	0	0	0
FBGN0020389	85	68	61	61	111	77
FBGN0040694	0	0	0	0	0	0
FBGN0052243	95	98	115	131	128	103
FBGN0087007	132	145	194	370	486	389
FBGN0266918	33	18	47	37	66	40
FBGN0004373	105	156	142	179	215	192
FBGN0261832	0	0	0	0	0	0
FBGN0021760	145	147	178	231	332	259
FBGN0036181	581	42	264	0	0	0
FBGN0000109	13	3	17	4	10	11
FBGN0020300	9	9	16	15	22	37
FBGN0053703	0	0	0	0	0	0
FBGN0036905	0	0	0	0	0	0
FBGN0004895	0	0	0	0	0	0
FBGN0035756	0	0	0	0	0	0
FBGN0053287	0	0	0	0	0	0
FBGN0035649	0	0	0	0	0	0
FBGN0035382	0	0	0	0	0	0
FBGN0286933	0	0	0	0	0	0
FBGN0040794	0	0	0	0	0	0
FBGN0035907	13	34	15	20	17	31
FBGN0036659	1	0	0	0	0	3
FBGN0003741	7	12	18	24	22	23
FBGN0020639	1	0	0	0	0	0
FBGN0010762	151	206	241	230	381	298
FBGN0036206	2	2	5	0	3	1
FBGN0261112	76	60	103	49	71	54
FBGN0035674	7	6	1	4	3	3
FBGN0004179	76	68	109	107	206	153
FBGN0052343	41	45	74	63	81	91
FBGN0010741	62	80	166	61	102	82
FBGN0053986	0	0	0	0	0	3
FBGN0003377	94	15	221	5	1	6
FBGN0085285	0	0	0	0	0	0
FBGN0086690	92	139	184	169	180	152
FBGN0037050	0	3	5	6	4	3
FBGN0250849	0	0	0	0	0	0
FBGN0260960	24	17	37	28	86	75
FBGN0083978	10	16	28	49	124	73
FBGN0036671	33	22	30	41	36	52
FBGN0036731	0	0	0	0	0	0
FBGN0035384	0	0	0	0	0	0
FBGN0035786	0	0	0	0	0	0
FBGN0036449	3	4	15	5	1	1
FBGN0036298	90	94	120	107	190	164
FBGN0013469	49	68	94	93	178	118
FBGN0035112	0	0	0	0	0	0
FBGN0259164	0	1	1	0	1	2
FBGN0036712	0	0	0	0	0	0
FBGN0263392	635	618	844	891	1332	1405
FBGN0025592	32	56	61	58	80	75
FBGN0037014	0	0	0	0	0	0
FBGN0036509	118	111	169	190	197	150
FBGN0036679	0	0	0	0	0	0
FBGN0035631	263	192	295	311	381	354
FBGN0025676	18	20	28	27	18	15
FBGN0036356	5	7	26	21	20	28
FBGN0036474	0	0	0	0	0	0
FBGN0000560	0	0	0	0	1	2
FBGN0035868	5	5	13	3	0	2
FBGN0037009	33	5	21	34	50	40
FBGN0035679	15	16	14	9	25	16
FBGN0036754	57	72	86	50	60	68
FBGN0003415	170	150	179	247	439	326
FBGN0036441	0	0	0	0	0	0
FBGN0037109	139	115	191	183	249	237
FBGN0035771	204	185	347	277	449	413
FBGN0036789	0	0	0	3	1	1
FBGN0052056	60	50	71	59	124	76
FBGN0036829	0	0	0	0	0	0
FBGN0260459	0	0	0	0	0	0
FBGN0036707	0	0	0	0	0	0
FBGN0035780	0	0	0	0	0	0
FBGN0011455	108	79	118	165	189	202
FBGN0261674	23	15	13	19	24	31
FBGN0037116	11	15	33	23	42	39
FBGN0036732	98	99	151	232	379	284
FBGN0011769	18	16	20	4	26	15
FBGN0040239	4	0	4	0	8	6
FBGN0017578	26	39	73	57	67	49
FBGN0036154	0	0	0	0	0	0
FBGN0085736	0	0	0	0	1	0
FBGN0287590	3	0	0	7	11	1
FBGN0036023	1	0	2	0	0	0
FBGN0266452	300	370	473	351	432	439
FBGN0035996	56	75	108	11	16	17
FBGN0262581	0	0	0	0	0	0
FBGN0036862	1	9	11	5	13	7
FBGN0020248	0	0	0	0	0	0
FBGN0052058	0	0	0	0	0	0
FBGN0264606	0	0	1	0	0	0
FBGN0287186	0	2	0	0	0	0
FBGN0036519	15	32	42	40	33	23
FBGN0035149	54	53	82	51	88	70
FBGN0036336	8	17	14	21	58	45
FBGN0259916	1	0	1	7	4	0
FBGN0052212	0	0	0	0	0	0
FBGN0264561	182	157	214	289	493	433
FBGN0036667	80	35	33	101	114	131
FBGN0036603	0	0	0	1	0	0
FBGN0261562	12	14	31	27	45	51
FBGN0259971	0	0	0	0	0	0
FBGN0036929	83	100	165	133	121	161
FBGN0004401	1482	1493	2274	1497	2076	2263
FBGN0036184	85	75	84	70	92	120
FBGN0035197	0	0	0	0	0	0
FBGN0027364	0	0	0	0	0	0
FBGN0035617	70	76	162	125	183	161
FBGN0040798	0	0	0	0	0	0
FBGN0035134	0	0	0	0	0	0
FBGN0035871	235	248	288	212	310	298
FBGN0036868	0	0	0	0	0	0
FBGN0002284	235	199	320	294	484	426
FBGN0036770	9	12	4	10	19	10
FBGN0023197	2	0	0	0	0	0
FBGN0287585	41	43	55	69	99	88
FBGN0263036	0	0	0	0	0	0
FBGN0035678	0	0	0	0	0	0
FBGN0036698	2	10	2	9	12	26
FBGN0035287	0	0	0	0	0	0
FBGN0053771	0	0	0	0	0	0
FBGN0035847	0	0	0	0	0	0
FBGN0052071	0	0	0	0	0	0
FBGN0004590	0	0	0	0	0	0
FBGN0036996	0	6	0	1	0	0
FBGN0028427	114	135	183	110	148	151
FBGN0035816	0	0	0	0	2	0
FBGN0001226	2067	2336	3320	4971	7132	6128
FBGN0053688	0	0	0	0	0	0
FBGN0035477	1	0	2	0	0	0
FBGN0004513	1	5	0	0	0	1
FBGN0036099	25	26	39	43	79	59
FBGN0036136	100	106	131	86	151	130
FBGN0022774	22	65	49	13	7	2
FBGN0035853	118	128	251	125	134	125
FBGN0036052	18	11	16	29	42	30
FBGN0035481	0	0	0	0	0	0
FBGN0287696	32	27	35	26	41	39
FBGN0054039	29	13	22	22	26	27
FBGN0014073	7	19	13	31	21	32
FBGN0262035	14	21	17	0	1	0
FBGN0036985	2	13	12	2	0	18
FBGN0036908	191	145	347	234	382	326
FBGN0037045	0	1	4	0	2	8
FBGN0035612	271	243	275	664	1095	806
FBGN0052453	0	0	0	0	0	0
FBGN0035318	68	74	133	82	94	102
FBGN0052087	0	0	0	0	0	0
FBGN0004852	0	1	0	0	0	0
FBGN0040832	1	2	0	0	1	2
FBGN0010417	93	91	140	90	137	171
FBGN0261934	101	104	167	199	290	317
FBGN0044050	0	1	0	0	0	0
FBGN0262855	0	0	0	0	0	0
FBGN0036266	5	8	22	12	13	18
FBGN0025582	466	398	579	719	1071	952
FBGN0035866	27	12	22	36	38	54
FBGN0036821	28	60	50	16	15	40
FBGN0259720	9	17	29	21	21	41
FBGN0036760	12	6	14	11	11	24
FBGN0023479	20	76	68	2	9	7
FBGN0037172	0	0	0	0	0	0
FBGN0063485	81	69	112	120	225	195
FBGN0035737	10	3	3	14	17	29
FBGN0052103	49	45	51	26	75	57
FBGN0261090	0	0	0	0	0	0
FBGN0035823	0	0	0	0	0	0
FBGN0036941	0	0	0	0	0	0
FBGN0037065	3	2	0	0	0	1
FBGN0036579	7	12	22	18	20	19
FBGN0259969	0	0	0	0	0	0
FBGN0001216	2	0	1	0	0	0
FBGN0036500	109	118	170	152	178	232
FBGN0035779	0	0	0	0	1	0
FBGN0000594	0	0	1	0	0	0
FBGN0263831	29	23	34	20	14	18
FBGN0037163	0	0	0	0	0	0
FBGN0011327	293	330	374	280	377	316
FBGN0036811	29	13	25	47	86	70
FBGN0026320	56	60	107	99	136	131
FBGN0036994	21	17	33	25	49	40
FBGN0261445	58	58	84	93	143	136
FBGN0005533	443	393	716	650	982	921
FBGN0035942	20	22	14	10	25	40
FBGN0259739	0	0	0	0	0	0
FBGN0043025	0	0	0	0	0	0
FBGN0261565	46	54	68	68	108	137
FBGN0259174	144	121	175	192	216	229
FBGN0052436	0	1	0	4	0	0
FBGN0036237	97	50	101	67	104	94
FBGN0004589	0	1	1	0	0	0
FBGN0036377	0	0	0	0	0	0
FBGN0262719	140	139	151	202	303	294
FBGN0035936	27	26	23	47	54	56
FBGN0003089	37	32	29	76	92	82
FBGN0027339	146	181	273	290	432	386
FBGN0036022	0	0	0	0	0	0
FBGN0003710	0	0	0	0	0	0
FBGN0037150	19	36	63	36	73	72
FBGN0035861	0	0	0	0	0	0
FBGN0011569	0	1	0	0	0	0
FBGN0264696	0	0	0	0	0	0
FBGN0262813	0	0	0	0	0	0
FBGN0036915	55	95	130	105	143	125
FBGN0052095	19	15	11	35	65	46
FBGN0052152	0	1	0	0	0	0
FBGN0035285	11	13	12	17	21	20
FBGN0026263	62	59	113	189	212	162
FBGN0259243	54	58	78	68	128	100
FBGN0052301	0	0	0	0	0	0
FBGN0005694	33	19	30	37	49	58
FBGN0001228	2	0	0	0	2	0
FBGN0035916	23	19	30	31	31	41
FBGN0263241	27	37	47	10	12	14
FBGN0035720	489	534	782	441	821	600
FBGN0036490	0	0	0	0	0	0
FBGN0085277	0	0	0	0	0	0
FBGN0287184	4	11	3	3	4	7
FBGN0036924	0	0	0	0	0	0
FBGN0035263	0	0	0	0	0	0
FBGN0266962	0	0	0	0	0	0
FBGN0035762	39	41	45	36	57	88
FBGN0036668	93	123	185	148	220	214
FBGN0036527	0	0	0	0	0	0
FBGN0035800	0	0	0	0	0	0
FBGN0286941	0	0	0	0	0	0
FBGN0040020	49	46	50	75	89	93
FBGN0036775	15	13	21	30	34	35
FBGN0001254	1695	1836	2177	12599	17418	14553
FBGN0036676	1	0	0	0	3	0
FBGN0262524	30	10	17	7	5	1
FBGN0263352	104	113	162	175	288	203
FBGN0052085	0	2	0	0	0	0
FBGN0035246	0	1	1	0	0	0
FBGN0035187	0	1	0	0	0	0
FBGN0035470	30	45	64	33	52	62
FBGN0041231	0	0	0	0	0	0
FBGN0262986	0	0	0	0	0	0
FBGN0052311	47	70	116	70	59	73
FBGN0053159	0	0	0	0	0	0
FBGN0035918	50	57	75	31	74	70
FBGN0036977	0	0	0	0	0	0
FBGN0035584	0	0	0	0	0	0
FBGN0037179	0	0	0	0	0	0
FBGN0036856	10	12	18	15	30	17
FBGN0035690	16	15	48	40	73	35
FBGN0036436	96	82	164	287	416	393
FBGN0015919	95	90	164	139	181	174
FBGN0036332	9	13	20	13	22	12
FBGN0004228	0	0	0	0	0	0
FBGN0263973	0	0	0	0	0	0
FBGN0052208	0	0	0	0	0	0
FBGN0052228	0	0	0	0	0	0
FBGN0035227	55	61	97	67	87	92
FBGN0037127	25	16	19	16	26	22
FBGN0036368	0	0	0	0	0	0
FBGN0052406	0	2	0	0	0	0
FBGN0035975	0	1	0	0	0	0
FBGN0036816	131	143	175	245	357	303
FBGN0035097	0	0	0	0	0	0
FBGN0052029	24	35	43	64	57	66
FBGN0053912	0	0	0	0	0	0
FBGN0000565	49	93	85	73	80	92
FBGN0001085	137	118	216	209	348	295
FBGN0035253	200	219	479	208	241	258
FBGN0035281	0	0	0	1	0	0
FBGN0036764	100	86	138	68	106	94
FBGN0035856	0	0	0	0	0	0
FBGN0029002	462	525	1029	926	1170	998
FBGN0036777	2	3	5	8	6	4
FBGN0036512	74	93	79	128	153	146
FBGN0036075	0	0	0	0	0	0
FBGN0267796	0	0	5	1	1	0
FBGN0035196	0	0	0	0	0	0
FBGN0004569	14	31	21	16	43	37
FBGN0037017	14	4	13	24	23	13
FBGN0052262	0	0	2	0	0	0
FBGN0036396	11	12	13	3	22	10
FBGN0036186	0	1	0	0	0	0
FBGN0036795	0	0	0	0	0	0
FBGN0036428	6	0	5	12	8	10
FBGN0054002	0	0	0	0	0	0
FBGN0036900	5	7	2	9	20	7
FBGN0025525	71	59	85	89	178	112
FBGN0042179	0	0	1	0	0	0
FBGN0035875	2	0	0	0	0	0
FBGN0035491	0	0	0	0	0	0
FBGN0011016	189	130	204	410	566	569
FBGN0264492	426	475	639	528	539	521
FBGN0035760	6	8	11	8	46	10
FBGN0035890	24	21	41	14	28	32
FBGN0036389	68	69	79	99	152	146
FBGN0035499	216	286	531	196	298	343
FBGN0035344	0	0	0	0	1	0
FBGN0035710	317	249	408	185	283	304
FBGN0264552	0	0	0	0	0	0
FBGN0035851	105	59	121	119	133	118
FBGN0036488	19	13	26	24	35	40
FBGN0035642	3	5	2	4	0	1
FBGN0035995	30	55	56	67	92	63
FBGN0036870	0	0	0	0	0	1
FBGN0035217	0	0	0	0	0	0
FBGN0035626	0	0	0	0	0	0
FBGN0036827	42	70	121	45	49	69
FBGN0085481	0	0	0	0	0	0
FBGN0047330	0	0	0	0	0	0
FBGN0085284	15	12	10	8	17	21
FBGN0010280	66	63	153	131	202	168
FBGN0037147	0	0	0	0	0	0
FBGN0036606	0	0	0	0	0	1
FBGN0036706	0	0	0	0	0	0
FBGN0036484	34	34	31	94	102	103
FBGN0025712	0	0	0	0	0	0
FBGN0036537	46	33	42	59	68	47
FBGN0036254	88	108	211	95	101	111
FBGN0262891	0	0	0	0	0	0
FBGN0028567	0	0	0	0	0	0
FBGN0259791	7	20	22	14	33	30
FBGN0085271	0	0	2	0	2	1
FBGN0015033	0	1	4	0	0	0
FBGN0037063	30	21	42	20	40	15
FBGN0035541	110	121	298	128	145	150
FBGN0004430	142	8	124	0	0	0
FBGN0259794	0	0	0	0	0	0
FBGN0035165	311	363	592	234	369	341
FBGN0004379	137	150	222	230	273	313
FBGN0036063	12	10	16	21	11	14
FBGN0043577	0	0	0	0	0	0
FBGN0086706	232	177	245	229	360	399
FBGN0003149	4	2	11	1	4	4
FBGN0025807	15	10	19	13	26	26
FBGN0036090	9	7	6	9	7	15
FBGN0260755	35	26	38	11	24	17
FBGN0036147	101	78	96	147	181	180
FBGN0260985	269	248	431	176	207	227
FBGN0035624	36	8	33	22	35	43
FBGN0015766	567	493	739	1353	2086	1871
FBGN0286051	121	117	162	127	160	153
FBGN0037019	27	30	46	49	53	79
FBGN0000414	43	58	93	86	85	90
FBGN0014143	0	0	0	0	0	0
FBGN0035703	24	31	24	43	34	53
FBGN0036224	0	0	1	0	3	0
FBGN0053288	0	0	0	0	0	0
FBGN0260795	76	94	94	36	66	66
FBGN0020633	379	394	495	552	717	786
FBGN0036309	19	38	52	38	47	44
FBGN0023094	29	24	38	34	79	53
FBGN0035917	2	3	3	0	3	0
FBGN0287182	600	621	892	691	774	680
FBGN0036486	152	157	217	163	269	236
FBGN0004552	0	0	0	0	0	0
FBGN0044028	49	50	67	79	139	132
FBGN0250789	1481	1427	1920	1823	2720	2463
FBGN0036246	0	0	0	0	0	0
FBGN0265089	0	1	0	0	0	0
FBGN0035154	0	0	0	0	1	2
FBGN0036066	0	0	0	0	0	0
FBGN0286567	46	53	64	70	121	84
FBGN0035900	13	12	33	26	47	30
FBGN0264478	0	0	0	1	0	1
FBGN0029167	157	112	75	34	55	60
FBGN0035231	0	0	0	0	0	0
FBGN0035515	47	37	51	95	107	96
FBGN0010333	79	58	67	96	148	128
FBGN0044049	0	0	0	0	0	0
FBGN0035880	0	3	1	2	0	0
FBGN0266347	0	6	0	0	0	0
FBGN0035141	56	59	77	46	79	85
FBGN0005536	157	140	234	246	275	290
FBGN0028500	28	41	20	51	81	76
FBGN0035121	1097	970	1312	1717	2444	2516
FBGN0262529	3	2	12	1	0	0
FBGN0053269	0	0	0	0	0	0
FBGN0053647	0	0	0	0	0	0
FBGN0036107	25	13	37	38	60	55
FBGN0263387	0	0	0	0	0	0
FBGN0010894	187	180	206	205	271	258
FBGN0035169	19	16	18	8	10	17
FBGN0035872	296	353	458	310	524	461
FBGN0085411	0	3	0	0	1	1
FBGN0261361	0	0	0	0	0	0
FBGN0035641	4	0	3	5	1	3
FBGN0035726	154	132	235	278	375	360
FBGN0260442	342	303	420	441	547	534
FBGN0085447	0	5	0	0	0	0
FBGN0003378	50	9	89	1	0	3
FBGN0036850	29	11	22	30	42	63
FBGN0028663	18	11	16	32	32	32
FBGN0036282	3	0	2	4	4	1
FBGN0004052	0	0	0	0	0	0
FBGN0036462	68	88	110	93	118	106
FBGN0052396	0	0	0	0	0	0
FBGN0036007	179	248	287	281	401	383
FBGN0052259	0	0	0	0	0	0
FBGN0037186	3	4	14	2	0	4
FBGN0036300	25	19	25	40	70	42
FBGN0036583	0	0	0	0	0	0
FBGN0052073	226	15	10	0	0	0
FBGN0000411	1	9	3	0	0	0
FBGN0035140	4	8	4	5	5	10
FBGN0003042	14	17	41	31	59	45
FBGN0085300	0	0	0	0	0	0
FBGN0035458	0	0	0	0	0	0
FBGN0035812	47	32	64	31	45	26
FBGN0041147	52	36	46	82	84	84
FBGN0035293	3	2	0	7	6	3
FBGN0053285	0	1	0	0	0	0
FBGN0262623	0	0	0	0	0	0
FBGN0052109	23	13	36	23	25	30
FBGN0036072	0	0	0	0	0	0
FBGN0004623	0	0	0	0	0	0
FBGN0052305	0	0	0	0	0	0
FBGN0035827	23	36	61	31	63	51
FBGN0035708	1	0	0	0	0	1
FBGN0036161	0	0	0	0	0	0
FBGN0036825	1160	1068	1771	1315	2248	2037
FBGN0036969	0	0	0	0	0	0
FBGN0036534	165	157	240	236	415	344
FBGN0046296	11	22	18	18	32	18
FBGN0035879	51	55	71	113	109	93
FBGN0045759	0	0	0	0	0	0
FBGN0035727	0	0	0	0	0	0
FBGN0037124	0	0	0	0	0	0
FBGN0036294	0	0	0	0	0	0
FBGN0036353	21	16	22	13	37	50
FBGN0035733	0	3	0	0	0	0
FBGN0052110	0	0	0	0	2	0
FBGN0035449	13	18	22	14	23	34
FBGN0003250	0	0	0	0	0	0
FBGN0035181	11	6	13	25	55	33
FBGN0266417	1	6	1	2	1	0
FBGN0283649	25	48	38	67	85	79
FBGN0260655	65	38	67	97	111	115
FBGN0004636	72	34	45	141	174	127
FBGN0035488	30	33	24	46	73	57
FBGN0037121	133	133	214	137	159	180
FBGN0037073	243	226	300	259	343	395
FBGN0035512	0	0	0	3	1	2
FBGN0035568	0	0	0	0	0	0
FBGN0052026	0	0	0	0	0	0
FBGN0040512	123	142	197	228	280	250
FBGN0263219	18	21	37	26	51	33
FBGN0026189	159	142	252	252	361	379
FBGN0040814	0	0	0	0	0	0
FBGN0052461	0	0	0	0	0	0
FBGN0003486	0	0	0	0	0	0
FBGN0052383	0	0	0	0	0	0
FBGN0029114	212	203	294	499	650	692
FBGN0052441	168	119	215	190	273	202
FBGN0026593	0	1	0	0	0	0
FBGN0035718	2	0	0	0	0	0
FBGN0052373	27	38	73	34	57	59
FBGN0036460	147	96	186	105	134	179
FBGN0035537	7	11	4	12	17	12
FBGN0053258	0	0	0	0	0	0
FBGN0036528	0	0	0	0	0	0
FBGN0053795	0	0	4	0	0	0
FBGN0035792	0	0	0	0	0	0
FBGN0037135	107	100	189	108	166	190
FBGN0026160	309	391	490	619	883	923
FBGN0066365	1	0	0	0	2	1
FBGN0040323	93	101	131	135	192	177
FBGN0036093	0	0	0	0	0	0
FBGN0035722	21	12	17	26	28	33
FBGN0259933	2	2	0	9	6	5
FBGN0036043	35	26	50	84	98	91
FBGN0260480	0	0	0	0	0	0
FBGN0037074	102	103	143	150	229	195
FBGN0260434	0	0	0	0	0	0
FBGN0015278	73	92	123	114	210	195
FBGN0035104	0	1	0	0	3	3
FBGN0035873	0	0	0	0	0	0
FBGN0035241	0	0	0	0	0	0
FBGN0035696	36	25	62	61	70	74
FBGN0053257	0	0	0	0	0	0
FBGN0035405	57	38	70	50	80	89
FBGN0036228	0	0	0	2	0	40
FBGN0035693	0	0	0	0	0	0
FBGN0287592	0	0	0	0	0	0
FBGN0262787	0	0	0	0	0	0
FBGN0036923	0	0	0	0	0	0
FBGN0037003	0	0	0	0	1	0
FBGN0035639	12	3	8	12	28	23
FBGN0036005	22	16	14	32	51	66
FBGN0263249	0	0	0	0	0	0
FBGN0037202	50	55	72	73	105	102
FBGN0036990	78	113	113	64	112	139
FBGN0035282	0	0	0	0	0	0
FBGN0036735	96	105	163	105	139	146
FBGN0036896	86	76	124	167	195	215
FBGN0261341	546	463	604	751	1350	1252
FBGN0052250	7	4	2	17	14	15
FBGN0013563	16	15	25	30	45	28
FBGN0087040	0	0	1	0	0	2
FBGN0262517	184	153	239	251	333	281
FBGN0035482	28	45	81	39	38	29
FBGN0036423	7	5	7	1	10	9
FBGN0288470	50	55	73	45	115	115
FBGN0052105	0	0	0	0	0	0
FBGN0037169	0	0	0	0	0	0
FBGN0036108	4	0	1	1	2	6
FBGN0040318	0	1	0	0	0	0
FBGN0035315	0	0	0	0	0	0
FBGN0035436	14	15	6	13	46	35
FBGN0036695	6	6	1	9	15	13
FBGN0036728	60	33	70	58	84	83
FBGN0040281	0	2	0	0	0	0
FBGN0036080	0	0	0	0	0	0
FBGN0036697	9	2	7	17	19	17
FBGN0036329	0	0	0	0	0	0
FBGN0052061	0	0	0	0	0	0
FBGN0026630	62	67	81	112	75	106
FBGN0000355	0	0	0	0	0	0
FBGN0036703	0	0	0	0	0	0
FBGN0037051	143	195	231	180	288	267
FBGN0262366	0	0	2	0	2	1
FBGN0035647	0	0	0	0	0	0
FBGN0037090	0	0	0	0	0	0
FBGN0013811	0	0	0	0	0	0
FBGN0036365	66	75	84	126	147	129
FBGN0036662	25	20	41	37	40	63
FBGN0036993	0	0	0	0	0	0
FBGN0035252	31	23	22	77	121	107
FBGN0052451	51	62	90	79	169	148
FBGN0037016	32	25	40	58	51	63
FBGN0085483	3	0	0	0	4	0
FBGN0036599	44	21	27	47	60	65
FBGN0002775	87	118	178	97	109	110
FBGN0036857	8	10	38	1	1	0
FBGN0262854	0	0	0	0	0	0
FBGN0035407	7	7	10	10	7	8
FBGN0010424	3	4	8	3	9	0
FBGN0036503	0	0	0	0	0	0
FBGN0024236	82	117	126	120	162	153
FBGN0035247	24	24	33	29	36	30
FBGN0013755	0	0	0	0	0	0
FBGN0250833	0	0	0	0	0	0
FBGN0010317	0	0	0	0	0	0
FBGN0261111	23	14	12	8	33	30
FBGN0040290	44	59	118	53	84	68
FBGN0002466	372	377	676	438	597	573
FBGN0019644	336	284	424	380	610	601
FBGN0011293	0	0	0	0	0	0
FBGN0001233	3906	3903	5658	5680	8200	11485
FBGN0037059	0	0	0	0	0	0
FBGN0001179	97	159	221	122	129	165
FBGN0036849	2	0	0	0	1	0
FBGN0042134	720	833	1067	774	1268	1302
FBGN0035162	358	373	489	533	802	813
FBGN0010431	0	0	1	0	0	0
FBGN0036532	0	0	0	0	0	0
FBGN0011279	0	0	0	0	0	0
FBGN0036882	0	0	0	0	1	1
FBGN0036117	15	4	9	10	16	17
FBGN0052062	49	58	89	84	163	122
FBGN0035356	9	9	14	16	14	14
FBGN0035213	110	81	189	97	150	177
FBGN0002638	175	239	455	200	237	335
FBGN0042641	7	7	8	9	26	33
FBGN0036345	0	0	0	0	0	0
FBGN0001208	14	27	33	5	2	0
FBGN0035431	0	0	0	0	1	6
FBGN0036605	0	0	0	3	2	3
FBGN0036230	0	0	0	0	0	0
FBGN0035412	0	0	0	4	0	0
FBGN0085287	0	0	0	0	0	0
FBGN0040786	5	12	14	31	30	25
FBGN0052106	0	0	0	0	0	0
FBGN0052170	0	2	0	0	1	0
FBGN0037060	2	0	1	0	1	3
FBGN0263326	0	0	0	0	0	0
FBGN0260997	0	0	0	0	0	0
FBGN0035976	4	4	12	2	7	20
FBGN0263763	0	0	0	0	0	0
FBGN0263239	16	5	7	37	42	42
FBGN0036817	0	0	0	0	0	0
FBGN0036830	0	0	0	0	0	0
FBGN0260945	43	37	41	86	105	134
FBGN0288748	0	0	0	0	0	0
FBGN0035555	0	0	0	0	0	0
FBGN0026372	964	797	1274	1567	2379	2456
FBGN0036890	0	0	0	0	0	0
FBGN0036467	1008	84	286	3	0	0
FBGN0036019	0	0	0	0	0	0
FBGN0036878	0	0	0	0	0	0
FBGN0037156	0	8	8	11	11	7
FBGN0015296	45	58	33	49	60	50
FBGN0052459	0	0	0	0	0	0
FBGN0261537	0	0	0	0	0	0
FBGN0052274	0	0	0	0	0	0
FBGN0037099	10	5	17	39	67	43
FBGN0263832	66	63	85	125	163	150
FBGN0036146	0	0	0	0	0	0
FBGN0035107	64	78	122	93	122	121
FBGN0053233	0	0	0	0	0	0
FBGN0036109	3	3	3	2	11	7
FBGN0263110	56	45	42	74	111	72
FBGN0262624	8	12	4	25	51	27
FBGN0036427	0	0	0	0	0	0
FBGN0037012	1	6	2	0	4	3
FBGN0037023	0	0	0	0	0	0
FBGN0036158	0	0	0	0	0	0
FBGN0063923	1	2	5	0	0	2
FBGN0035730	0	0	0	0	0	0
FBGN0037149	1	4	1	9	12	9
FBGN0035295	14	9	35	40	44	39
FBGN0265714	0	0	0	0	0	0
FBGN0036623	165	176	200	357	379	380
FBGN0036004	122	158	231	220	338	303
FBGN0036620	0	2	0	0	0	0
FBGN0037205	0	0	0	0	1	0
FBGN0037134	12	5	5	19	13	6
FBGN0266582	91	49	76	81	148	139
FBGN0053230	4	2	6	9	17	13
FBGN0250791	58	58	64	69	109	132
FBGN0261553	42	43	72	82	91	95
FBGN0036196	1	1	0	0	6	2
FBGN0037170	0	0	0	0	0	0
FBGN0036618	0	0	0	1	0	0
FBGN0036299	474	563	778	589	826	903
FBGN0035802	80	77	70	69	126	110
FBGN0029158	18	24	31	37	33	40
FBGN0029118	137	87	166	147	221	228
FBGN0036481	4	3	3	4	24	11
FBGN0053768	0	0	0	0	0	0
FBGN0036627	0	0	0	0	0	0
FBGN0035270	4	3	1	16	20	22
FBGN0036975	3	2	1	4	7	1
FBGN0036380	0	0	0	0	0	0
FBGN0052191	0	2	0	0	0	0
FBGN0037108	39	38	70	52	54	55
FBGN0263841	0	0	0	0	0	0
FBGN0035232	19	9	14	52	63	96
FBGN0085491	0	0	0	0	0	0
FBGN0036906	8	12	16	15	9	11
FBGN0052161	0	0	0	0	0	0
FBGN0035855	0	0	0	0	0	0
FBGN0035715	92	84	103	85	156	119
FBGN0263232	12	7	21	7	6	3
FBGN0052201	0	0	0	0	0	0
FBGN0264303	17	6	8	25	22	21
FBGN0265469	0	0	0	0	0	0
FBGN0261985	67	53	85	118	140	145
FBGN0036291	9	5	2	4	4	8
FBGN0037035	0	0	0	0	0	0
FBGN0035131	56	42	99	79	101	112
FBGN0035331	0	0	0	0	0	0
FBGN0035204	7	10	25	13	27	18
FBGN0259972	0	0	0	0	0	0
FBGN0053267	0	0	0	0	0	0
FBGN0264472	0	0	0	0	0	0
FBGN0036860	0	0	0	0	0	0
FBGN0036330	9	7	11	6	5	3
FBGN0035170	0	1	0	0	0	0
FBGN0052099	9	5	12	11	9	15
FBGN0010105	1	6	6	18	32	15
FBGN0052382	0	0	0	0	0	0
FBGN0052440	0	0	0	0	0	0
FBGN0036815	4	2	5	20	4	6
FBGN0036936	0	0	0	0	0	0
FBGN0035266	10	7	6	8	12	17
FBGN0264574	15	20	12	44	65	70
FBGN0041342	64	43	96	64	101	103
FBGN0035102	66	57	67	63	124	96
FBGN0027565	65	58	62	80	102	77
FBGN0052174	18	8	19	9	20	27
FBGN0035829	23	53	48	29	43	40
FBGN0044324	326	293	475	401	548	569
FBGN0035770	54	25	51	48	57	69
FBGN0024806	165	164	233	276	326	317
FBGN0010905	25	11	17	23	55	26
FBGN0085484	10	6	10	11	16	22
FBGN0035540	14	9	19	17	21	16
FBGN0036105	15	9	17	28	18	37
FBGN0035279	0	0	0	0	0	0
FBGN0041156	2	0	2	0	0	1
FBGN0035632	2	15	18	19	18	22
FBGN0035621	0	0	0	0	0	0
FBGN0035709	0	0	0	0	0	0
FBGN0036162	0	0	0	0	0	0
FBGN0036987	23	9	31	17	37	40
FBGN0036471	806	62	329	0	1	0
FBGN0262714	129	143	182	175	228	217
FBGN0025355	8	7	5	19	18	29
FBGN0000216	2	5	7	13	17	1
FBGN0035598	0	0	0	0	0	0
FBGN0035811	232	247	314	446	575	496
FBGN0035582	0	0	0	0	0	0
FBGN0035218	0	0	0	0	0	0
FBGN0004429	20	1	21	0	0	0
FBGN0036447	0	0	1	0	0	0
FBGN0035099	9	3	19	9	10	7
FBGN0036249	29	10	25	22	27	34
FBGN0002440	0	0	0	0	0	0
FBGN0011723	0	0	0	0	0	0
FBGN0024542	20	26	45	49	57	46
FBGN0022699	68	52	93	86	158	130
FBGN0035948	0	0	0	0	0	0
FBGN0040812	0	0	0	0	0	0
FBGN0053493	2	2	7	0	2	0
FBGN0036289	2	3	6	31	24	17
FBGN0035859	25	9	16	20	26	44
FBGN0036531	0	0	0	0	0	0
FBGN0036483	12	18	32	31	53	43
FBGN0035627	8	11	24	14	23	32
FBGN0085292	0	0	0	0	0	0
FBGN0036398	163	125	239	349	509	478
FBGN0035334	36	25	45	40	58	74
FBGN0036009	0	0	0	0	0	0
FBGN0035534	40	29	51	21	58	36
FBGN0036318	76	69	69	65	95	105
FBGN0052404	0	0	0	0	0	0
FBGN0035473	41	20	38	51	69	42
FBGN0036763	34	27	27	34	65	62
FBGN0037153	131	163	238	265	407	337
FBGN0027088	406	447	384	518	799	741
FBGN0036138	0	0	0	0	0	0
FBGN0262733	51	67	81	97	133	155
FBGN0053276	55	16	40	52	53	51
FBGN0035106	87	61	110	159	234	188
FBGN0035401	41	45	29	43	54	74
FBGN0036839	0	0	0	0	0	0
FBGN0036858	0	0	0	0	0	0
FBGN0052086	0	0	0	0	0	0
FBGN0035142	148	174	253	321	615	559
FBGN0036690	1	0	1	0	0	0
FBGN0036143	0	0	0	0	0	0
FBGN0045474	0	0	0	0	0	0
FBGN0035956	18	14	28	45	62	55
FBGN0036180	28	46	44	55	112	81
FBGN0027086	423	369	584	509	613	642
FBGN0036070	0	0	0	0	0	0
FBGN0052088	1	4	3	0	1	0
FBGN0035189	11	3	23	0	0	0
FBGN0024277	196	170	288	428	660	472
FBGN0035159	6	4	5	3	7	14
FBGN0261801	34	20	36	51	46	60
FBGN0036235	0	0	0	0	0	0
FBGN0023076	0	0	0	0	0	0
FBGN0264002	0	0	0	0	0	0
FBGN0004594	0	0	0	0	0	0
FBGN0261506	0	0	0	0	0	0
FBGN0052248	0	0	0	0	0	0
FBGN0052475	0	0	0	0	0	0
FBGN0052230	297	317	430	280	329	363
FBGN0028573	6	0	6	0	0	0
FBGN0035755	14	16	11	26	33	26
FBGN0001247	105	90	144	169	196	197
FBGN0036997	0	6	1	0	0	0
FBGN0035981	127	115	200	93	142	146
FBGN0260776	0	0	0	0	0	0
FBGN0037101	0	0	0	0	0	0
FBGN0035670	1	0	0	0	0	0
FBGN0052189	0	0	0	0	0	0
FBGN0266669	59	77	138	98	158	115
FBGN0035592	39	21	34	44	56	48
FBGN0036807	0	0	0	0	0	0
FBGN0053772	0	0	0	0	0	0
FBGN0286980	0	0	0	0	0	0
FBGN0086915	0	0	0	0	0	0
FBGN0052380	25	15	24	52	54	57
FBGN0035325	0	0	0	0	0	23
FBGN0262679	0	0	0	0	0	0
FBGN0042118	0	0	0	0	0	0
FBGN0035877	31	38	52	53	80	54
FBGN0052483	0	0	0	0	0	0
FBGN0035243	16	20	13	27	30	32
FBGN0261998	0	0	0	0	0	0
FBGN0022959	408	365	627	393	689	658
FBGN0036847	60	43	100	63	100	65
FBGN0000639	806	4794	1568	713	274	184
FBGN0035544	0	0	0	1	0	0
FBGN0000625	12	13	47	41	65	65
FBGN0035402	331	314	439	327	515	520
FBGN0286818	1599	1664	2622	2971	4298	3840
FBGN0053966	0	0	0	0	0	0
FBGN0053051	16	10	18	31	24	14
FBGN0266100	0	0	1	0	0	0
FBGN0035439	0	0	0	0	0	0
FBGN0036871	0	0	0	0	0	0
FBGN0036369	3	0	3	0	1	0
FBGN0036499	0	0	0	0	0	0
FBGN0037126	7	11	9	14	11	16
FBGN0035903	0	1	0	0	0	0
FBGN0052023	0	0	0	0	0	0
FBGN0054012	0	0	0	0	0	0
FBGN0260777	0	0	0	0	0	0
FBGN0052488	0	0	0	0	0	0
FBGN0035699	22	12	7	34	85	40
FBGN0037166	2	0	3	6	0	2
FBGN0036919	91	44	91	150	246	228
FBGN0265102	68	69	109	54	81	96
FBGN0259236	1	0	0	0	0	0
FBGN0024510	16	23	42	34	52	53
FBGN0259199	19	20	19	21	28	30
FBGN0035410	1	2	0	0	1	3
FBGN0259173	40	28	36	48	81	67
FBGN0035186	4	1	2	0	0	0
FBGN0014851	0	0	0	0	0	0
FBGN0036691	23	18	18	28	46	22
FBGN0288469	19	14	57	22	22	32
FBGN0035538	0	0	0	0	0	0
FBGN0035915	0	0	0	0	0	0
FBGN0036589	12	1	0	2	2	1
FBGN0035971	0	0	0	0	0	0
FBGN0042137	0	0	0	0	0	0
FBGN0036351	0	0	0	0	0	0
FBGN0036886	117	128	182	116	185	183
FBGN0035714	114	80	160	52	69	67
FBGN0027549	107	130	136	210	288	253
FBGN0035914	0	0	0	0	0	0
FBGN0036348	0	0	0	0	0	0
FBGN0037030	0	0	0	0	0	0
FBGN0035298	44	27	52	34	62	80
FBGN0035789	1	0	3	0	0	0
FBGN0053514	0	0	4	0	0	0
FBGN0040793	203	120	202	211	342	337
FBGN0040827	5	7	3	0	1	0
FBGN0036796	0	0	0	0	0	0
FBGN0043578	0	3	5	0	0	0
FBGN0035137	1	3	8	3	2	12
FBGN0053229	3	7	1	8	21	16
FBGN0054001	7	18	10	11	4	10
FBGN0040823	0	0	0	0	0	0
FBGN0035309	3	4	2	1	4	3
FBGN0052237	0	0	0	0	0	0
FBGN0036104	149	139	253	156	196	223
FBGN0040688	0	0	0	0	0	0
FBGN0036597	0	0	1	0	0	4
FBGN0035206	33	37	70	45	118	96
FBGN0047338	0	0	0	0	0	0
FBGN0036726	23	15	19	47	45	45
FBGN0028962	28	19	15	38	55	33
FBGN0035336	73	86	115	60	94	78
FBGN0036272	15	15	17	33	30	16
FBGN0036738	0	0	0	0	0	0
FBGN0052298	0	0	0	0	0	0
FBGN0002183	677	697	1119	714	883	992
FBGN0036443	0	0	0	0	0	0
FBGN0035878	194	204	370	169	189	270
FBGN0028399	155	130	152	252	285	269
FBGN0011692	323	327	484	409	541	597
FBGN0035249	31	37	44	47	56	21
FBGN0036062	10	10	9	9	9	15
FBGN0035290	3	8	3	0	0	1
FBGN0036678	61	62	75	159	233	239
FBGN0035421	26	37	40	36	49	54
FBGN0259702	0	0	0	0	0	0
FBGN0010406	85	150	248	88	134	151
FBGN0035424	155	138	235	263	372	449
FBGN0036440	0	0	0	0	0	0
FBGN0035146	5	12	12	4	19	11
FBGN0029172	0	0	0	0	0	0
FBGN0037180	0	0	0	0	0	0
FBGN0052204	0	3	0	0	0	0
FBGN0261274	24	15	11	39	52	42
FBGN0036767	0	0	0	0	0	0
FBGN0035132	45	36	50	80	117	126
FBGN0023095	69	64	82	117	189	182
FBGN0000575	329	343	454	355	583	507
FBGN0037110	3	6	10	22	21	8
FBGN0036927	11	26	8	0	1	0
FBGN0013263	261	252	447	398	608	603
FBGN0035390	176	203	330	210	305	243
FBGN0036010	0	0	0	0	0	0
FBGN0035798	0	0	1	0	0	0
FBGN0035528	136	98	170	151	157	143
FBGN0036317	6	10	29	34	22	38
FBGN0000038	0	5	0	0	0	0
FBGN0035911	32	44	68	48	56	49
FBGN0061469	98	79	119	119	149	168
FBGN0036036	26	15	23	21	32	24
FBGN0287185	0	0	5	0	0	0
FBGN0001257	52	49	54	4	10	20
FBGN0035443	26	22	22	33	25	41
FBGN0053158	176	152	266	125	171	142
FBGN0250836	0	0	0	0	0	0
FBGN0035265	0	0	0	0	0	0
FBGN0036301	164	172	258	112	164	194
FBGN0264908	0	0	0	0	0	0
FBGN0035484	9	5	8	3	10	24
FBGN0035332	0	0	0	0	0	0
FBGN0035761	84	91	118	129	167	170
FBGN0028377	0	0	0	0	0	0
FBGN0035600	141	109	201	94	154	153
FBGN0035548	0	0	0	0	0	0
FBGN0052282	0	0	0	0	0	0
FBGN0037007	102	91	119	116	174	151
FBGN0035977	0	0	0	0	0	0
FBGN0028693	280	260	395	362	466	431
FBGN0035271	60	62	58	52	55	83
FBGN0035751	0	0	0	0	0	0
FBGN0037130	0	1	0	0	0	4
FBGN0036333	68	113	137	146	141	142
FBGN0259935	0	0	0	0	0	0
FBGN0002899	25	14	38	25	39	43
FBGN0261243	125	115	163	145	218	211
FBGN0026432	44	42	60	52	61	59
FBGN0035901	65	83	92	80	115	79
FBGN0037040	0	0	0	0	0	0
FBGN0052296	82	93	136	162	261	234
FBGN0036939	0	0	0	0	2	0
FBGN0037162	0	0	0	0	0	0
FBGN0035870	0	0	0	0	0	0
FBGN0003984	14	16	24	58	59	53
FBGN0036762	347	356	500	343	495	555
FBGN0058045	120	81	101	100	138	175
FBGN0035328	0	0	0	0	0	0
FBGN0086785	32	37	60	32	70	61
FBGN0035571	0	0	0	0	0	0
FBGN0035490	0	0	0	0	0	1
FBGN0261933	199	175	244	186	258	311
FBGN0035501	18	14	27	36	47	40
FBGN0287187	46	41	59	35	40	25
FBGN0037114	8	15	7	84	140	163
FBGN0036751	0	0	0	0	0	0
FBGN0054030	0	0	0	0	0	0
FBGN0035425	94	56	121	95	128	134
FBGN0002909	12	19	9	22	23	17
FBGN0035734	0	0	1	0	0	0
FBGN0035438	252	294	417	405	555	524
FBGN0036128	0	0	0	0	0	0
FBGN0042112	29	30	70	35	52	52
FBGN0016797	409	367	495	689	1094	1034
FBGN0035929	0	0	0	0	0	0
FBGN0035590	15	14	21	19	55	34
FBGN0261681	0	0	0	0	0	4
FBGN0011573	312	364	480	319	440	498
FBGN0264272	1	0	5	1	6	2
FBGN0259148	0	0	0	0	0	0
FBGN0036168	1	0	0	0	1	4
FBGN0004865	16	12	32	43	61	40
FBGN0036491	0	0	0	0	0	0
FBGN0285958	5	9	12	4	7	34
FBGN0036302	86	72	100	74	142	127
FBGN0040022	63	67	103	140	143	95
FBGN0035498	96	113	159	166	219	226
FBGN0035735	0	0	0	0	0	0
FBGN0052280	37	48	46	40	79	47
FBGN0036394	38	5	37	1	1	0
FBGN0036937	0	0	0	0	0	0
FBGN0263004	0	0	0	0	0	0
FBGN0001229	1	1	3	2	3	4
FBGN0040699	0	0	0	0	0	0
FBGN0036745	73	100	107	99	173	172
FBGN0035611	0	0	0	0	0	0
FBGN0035572	0	0	0	0	0	0
FBGN0035151	7	5	5	4	3	2
FBGN0035160	36	37	57	32	75	39
FBGN0261631	0	0	2	0	0	0
FBGN0015586	0	0	0	0	0	0
FBGN0262579	70	97	99	114	161	142
FBGN0035667	0	4	0	0	0	0
FBGN0027587	60	65	119	71	67	77
FBGN0086913	0	0	0	0	0	0
FBGN0037098	57	31	82	116	166	148
FBGN0035452	123	123	190	239	313	301
FBGN0035610	0	0	0	0	0	0
FBGN0036568	0	1	3	0	0	0
FBGN0011817	79	69	66	185	335	274
FBGN0036038	82	63	63	99	164	99
FBGN0052076	20	29	16	59	55	74
FBGN0035392	0	0	3	2	5	0
FBGN0263762	5	0	8	0	0	0
FBGN0262985	2	0	0	0	0	0
FBGN0035429	0	2	2	3	4	4
FBGN0035113	0	0	1	5	0	3
FBGN0035258	0	0	0	0	0	0
FBGN0001225	488	534	587	1016	1666	1666
FBGN0004588	0	0	0	0	0	0
FBGN0040637	0	0	0	0	0	0
FBGN0085279	1	3	2	4	4	11
FBGN0035782	0	0	0	0	0	0
FBGN0052369	41	23	21	49	44	65
FBGN0052268	0	0	1	0	0	0
FBGN0042199	0	0	0	0	0	0
FBGN0036470	0	0	0	0	0	0
FBGN0036126	70	67	142	27	28	48
FBGN0052055	0	2	0	1	12	7
FBGN0024921	295	321	403	307	557	539
FBGN0052313	0	0	0	2	0	0
FBGN0036495	0	0	0	0	0	0
FBGN0035960	0	2	1	4	4	9
FBGN0052024	0	0	0	0	0	0
FBGN0035194	12	25	17	20	21	21
FBGN0085385	0	3	0	0	0	0
FBGN0259224	1	4	1	0	0	0
FBGN0035519	106	90	133	125	218	198
FBGN0036204	0	0	0	0	0	0
FBGN0035495	0	0	0	0	0	0
FBGN0037123	5	0	0	0	0	0
FBGN0036210	3	3	10	7	4	6
FBGN0053777	0	0	0	0	0	0
FBGN0037026	57	107	116	111	155	127
FBGN0037094	88	81	113	159	221	262
FBGN0036135	71	72	90	86	93	114
FBGN0004556	76	76	97	74	105	92
FBGN0005775	2	4	2	7	14	8
FBGN0001120	0	2	0	0	0	0
FBGN0036219	0	0	0	0	0	0
FBGN0036422	4	16	7	2	2	2
FBGN0015828	9	8	20	12	32	16
FBGN0040487	0	0	0	0	0	0
FBGN0041624	0	0	0	0	0	0
FBGN0037125	0	0	0	0	0	0
FBGN0035591	31	25	47	37	73	62
FBGN0027375	55	31	78	60	38	52
FBGN0036193	2	4	11	9	11	17
FBGN0004465	36	61	55	58	56	46
FBGN0026592	0	1	0	0	0	0
FBGN0053687	0	0	1	0	1	0
FBGN0003034	0	0	0	0	0	0
FBGN0052299	0	0	0	0	0	0
FBGN0012058	57	78	64	83	144	109
FBGN0035569	0	0	0	0	0	0
FBGN0035171	0	0	0	0	0	0
FBGN0014388	31	34	35	33	74	51
FBGN0036967	28	16	14	39	58	45
FBGN0036880	0	0	0	0	0	1
FBGN0036465	0	0	0	0	0	0
FBGN0035754	19	10	14	36	31	39
FBGN0058298	0	0	0	0	0	0
FBGN0283461	4	19	0	1	4	0
FBGN0044048	0	5	0	0	0	0
FBGN0036843	41	43	27	56	86	54
FBGN0036741	3	8	15	11	18	19
FBGN0037177	0	0	0	0	0	0
FBGN0036601	0	0	0	0	0	0
FBGN0036791	0	0	0	0	0	0
FBGN0011802	24	44	59	54	48	75
FBGN0259099	0	0	0	0	0	0
FBGN0040305	7	7	13	3	20	8
FBGN0027057	123	119	195	179	213	185
FBGN0036046	0	8	1	0	0	0
FBGN0250825	0	0	0	0	0	0
FBGN0040843	0	0	0	0	0	0
FBGN0035941	0	0	0	0	0	0
FBGN0052418	37	46	109	69	54	54
FBGN0036515	167	186	245	206	243	210
FBGN0035725	22	14	30	22	21	23
FBGN0036928	180	210	300	154	219	197
FBGN0035806	2	10	1	0	0	1
FBGN0053696	0	0	0	0	0	0
FBGN0036285	1	5	5	7	17	24
FBGN0035623	6	3	0	1	1	3
FBGN0003515	0	0	0	0	2	0
FBGN0035317	0	0	0	0	0	0
FBGN0036702	253	320	448	124	223	222
FBGN0052485	0	0	0	0	9	0
FBGN0020386	110	72	121	167	245	229
FBGN0028582	152	129	195	167	238	195
FBGN0000567	60	67	97	77	102	138
FBGN0266436	0	0	0	0	0	0
FBGN0001316	384	360	658	615	1013	921
FBGN0035207	47	38	64	62	152	97
FBGN0001258	21	28	27	17	50	23
FBGN0263608	0	0	0	0	0	0
FBGN0085276	0	0	1	9	9	8
FBGN0052036	0	0	0	0	0	0
FBGN0035902	6	7	12	6	14	7
FBGN0011640	270	229	337	357	512	491
FBGN0036617	1	1	0	2	0	0
FBGN0267487	263	259	281	291	405	402
FBGN0036594	0	0	0	0	0	0
FBGN0035374	43	57	53	39	63	54
FBGN0052185	0	0	1	0	2	0
FBGN0053770	0	0	0	0	0	0
FBGN0053290	0	0	0	0	0	0
FBGN0045478	0	0	2	0	0	1
FBGN0036577	0	0	0	0	0	0
FBGN0002926	0	0	0	0	0	0
FBGN0035199	14	33	22	28	45	38
FBGN0035155	4	1	1	7	9	8
FBGN0085420	0	4	1	0	0	0
FBGN0013997	875	868	1300	1468	2035	1923
FBGN0035691	13	7	6	11	4	18
FBGN0036749	0	0	4	0	0	0
FBGN0036995	0	2	0	0	1	0
FBGN0024150	1	0	0	0	0	0
FBGN0037131	1	0	0	1	0	0
FBGN0035721	3	10	7	16	22	3
FBGN0036198	130	140	188	127	200	159
FBGN0027532	40	55	74	77	72	91
FBGN0036514	107	115	180	87	99	112
FBGN0036652	0	0	0	0	0	0
FBGN0036889	28	29	43	31	46	56
FBGN0036585	0	0	0	0	0	0
FBGN0028380	3	2	3	9	13	8
FBGN0040308	195	171	258	239	334	283
FBGN0036459	0	0	0	0	0	0
FBGN0036242	0	0	0	4	1	0
FBGN0029148	223	365	515	307	294	268
FBGN0035124	0	0	0	0	0	0
FBGN0036446	14	15	12	45	41	45
FBGN0036808	0	0	0	0	0	0
FBGN0266724	7	6	10	10	20	12
FBGN0036374	25	20	39	34	76	74
FBGN0035379	5	2	1	6	0	3
FBGN0036150	0	0	2	3	0	0
FBGN0259701	0	0	0	0	0	0
FBGN0012034	22	34	29	4	8	5
FBGN0035959	9	6	19	21	22	24
FBGN0086708	29	36	43	41	64	81
FBGN0035245	0	0	0	0	0	0
FBGN0036973	41	57	66	55	55	76
FBGN0250911	19	11	28	18	30	19
FBGN0264302	52	29	57	129	187	136
FBGN0036359	0	0	0	0	0	0
FBGN0036325	0	0	0	0	0	0
FBGN0036305	82	87	107	141	162	196
FBGN0044328	0	0	0	0	0	0
FBGN0027786	111	86	165	105	197	176
FBGN0004875	158	163	191	180	291	260
FBGN0037021	65	73	77	116	177	142
FBGN0036306	45	54	67	60	59	50
FBGN0040321	422	448	614	727	989	987
FBGN0052115	0	3	0	0	0	0
FBGN0035619	0	1	0	0	0	0
FBGN0054031	0	0	0	0	0	0
FBGN0024733	2396	2744	3735	1775	2345	2268
FBGN0036934	0	0	0	0	0	0
FBGN0036264	3	3	0	0	0	0
FBGN0040842	3	2	0	6	4	0
FBGN0053725	0	0	0	0	0	0
FBGN0003997	38	39	75	48	73	59
FBGN0052057	0	4	0	0	2	0
FBGN0036586	0	0	0	0	0	0
FBGN0262716	210	170	214	226	392	367
FBGN0041622	0	0	0	0	0	0
FBGN0035924	0	0	0	0	0	0
FBGN0035308	6	1	4	8	1	20
FBGN0002901	18	14	16	27	22	20
FBGN0037142	51	39	65	115	176	127
FBGN0036842	37	21	43	87	95	77
FBGN0264488	0	2	0	11	0	447
FBGN0037133	0	0	0	0	0	0
FBGN0023395	27	37	36	26	37	28
FBGN0037004	0	0	0	0	0	0
FBGN0259167	7	17	18	8	17	28
FBGN0037167	4	0	0	0	0	0
FBGN0035797	2	0	0	1	0	0
FBGN0064227	0	0	0	0	0	0
FBGN0036970	0	0	0	0	0	0
FBGN0040075	388	334	509	400	543	569
FBGN0052107	0	0	0	0	0	0
FBGN0052188	0	0	0	0	0	0
FBGN0035475	0	0	2	0	0	0
FBGN0036772	86	93	134	78	95	123
FBGN0036688	20	25	47	42	86	43
FBGN0027616	156	178	292	152	211	208
FBGN0053056	5	6	1	2	8	4
FBGN0036373	49	49	57	90	192	185
FBGN0002565	1737	2462	2744	463	161	151
FBGN0260943	0	1	0	0	1	0
FBGN0036292	24	18	42	47	67	46
FBGN0036211	35	31	57	43	67	69
FBGN0035790	0	0	0	0	0	0
FBGN0011771	181	155	215	272	340	351
FBGN0036765	5	7	18	13	6	6
FBGN0035838	33	46	71	48	54	55
FBGN0036415	0	1	0	0	0	0
FBGN0036587	8	9	1	10	9	10
FBGN0040837	0	0	0	0	0	0
FBGN0035546	0	0	0	0	0	0
FBGN0037086	0	0	0	0	0	0
FBGN0036314	119	109	99	101	163	136
FBGN0047135	39	11	41	141	153	128
FBGN0052251	147	123	199	137	170	187
FBGN0036725	0	0	0	0	0	0
FBGN0036213	1244	1004	1764	1259	1660	1599
FBGN0036288	0	0	0	1	0	0
FBGN0041604	249	250	431	296	416	393
FBGN0036101	131	125	159	180	214	183
FBGN0061492	49	84	83	65	108	91
FBGN0035922	0	0	0	0	0	0
FBGN0052846	0	0	0	0	0	0
FBGN0053700	0	0	0	0	0	0
FBGN0261547	54	39	56	52	126	61
FBGN0052183	0	0	0	0	0	0
FBGN0004428	1	0	0	1	0	0
FBGN0035638	0	0	0	0	0	0
FBGN0036714	51	33	54	66	73	113
FBGN0037070	23	31	44	13	32	40
FBGN0261797	1015	1132	1279	1515	2057	1880
FBGN0035480	12	16	11	18	19	24
FBGN0036030	185	263	341	183	281	261
FBGN0036844	52	32	56	68	73	78
FBGN0035578	0	0	0	0	0	0
FBGN0035144	0	0	0	3	0	0
FBGN0036570	63	71	95	80	127	121
FBGN0014368	850	49	213	1	0	0
FBGN0036386	8	26	31	38	36	42
FBGN0263246	0	0	0	0	0	0
FBGN0067864	100	65	102	97	126	164
FBGN0036341	8	18	16	20	25	28
FBGN0000449	6	2	4	1	8	5
FBGN0036226	0	0	0	3	0	72
FBGN0036207	43	43	66	52	43	49
FBGN0267795	101	81	99	159	138	152
FBGN0036450	116	160	156	132	165	141
FBGN0036949	0	0	5	0	0	0
FBGN0004378	367	490	734	477	602	615
FBGN0035264	119	90	110	107	190	151
FBGN0260233	0	0	0	1	0	5
FBGN0262020	0	0	0	0	0	0
FBGN0052379	0	0	0	0	0	0
FBGN0036991	11	11	35	36	31	44
FBGN0260027	6	3	1	7	6	4
FBGN0036232	0	0	0	0	0	0
FBGN0035904	262	202	320	455	709	752
FBGN0036812	7	8	14	9	27	15
FBGN0035676	0	0	0	0	0	0
FBGN0262531	6	11	5	5	0	0
FBGN0261788	5	47	5	0	0	0
FBGN0037042	0	0	0	2	0	0
FBGN0036165	37	50	60	31	85	80
FBGN0035505	0	0	0	0	0	0
FBGN0085296	0	0	0	0	0	0
FBGN0035998	5	9	25	9	15	10
FBGN0036771	31	27	41	25	32	28
FBGN0015025	8	6	24	19	18	17
FBGN0004431	0	0	0	0	0	0
FBGN0037038	0	0	0	0	0	0
FBGN0053054	33	20	43	13	19	22
FBGN0001099	10	10	17	5	20	8
FBGN0026238	95	79	150	140	183	213
FBGN0033669	61	53	93	69	135	99
FBGN0034785	18	6	8	39	53	43
FBGN0033458	2	1	1	0	0	0
FBGN0265188	0	0	0	0	0	0
FBGN0005695	21	17	19	28	43	35
FBGN0034558	0	0	0	0	0	0
FBGN0033564	13	16	17	26	26	19
FBGN0034776	0	0	0	0	0	0
FBGN0050467	83	73	75	72	89	86
FBGN0050463	51	55	106	71	168	139
FBGN0033056	0	0	0	0	0	0
FBGN0034165	0	0	0	0	0	0
FBGN0050443	22	21	45	21	44	41
FBGN0011554	0	0	2	0	0	0
FBGN0028408	0	2	0	0	1	1
FBGN0284083	0	0	0	0	0	0
FBGN0035016	70	75	110	113	203	167
FBGN0033121	6	1	11	17	20	25
FBGN0034730	0	0	0	1	0	0
FBGN0041174	4	1	0	6	5	7
FBGN0034755	0	0	1	0	0	0
FBGN0261686	0	0	0	0	0	0
FBGN0026389	0	0	0	0	0	0
FBGN0034068	141	114	183	190	257	235
FBGN0033392	0	1	0	3	1	3
FBGN0261612	0	1	0	0	0	0
FBGN0033592	0	0	0	0	0	0
FBGN0034468	16	24	39	28	56	33
FBGN0015277	24	28	41	27	41	63
FBGN0003460	10	8	8	8	26	16
FBGN0265194	10	20	29	22	34	48
FBGN0086784	30	21	19	50	65	76
FBGN0033555	26	22	46	57	100	68
FBGN0034217	12	4	14	16	28	12
FBGN0022224	30	49	46	49	68	52
FBGN0033050	68	95	135	91	110	96
FBGN0033851	0	0	0	0	0	0
FBGN0034441	0	0	0	0	0	0
FBGN0053136	0	0	0	0	0	0
FBGN0034152	0	0	0	0	0	0
FBGN0050496	45	54	77	50	79	96
FBGN0033446	146	101	184	99	128	169
FBGN0034065	49	45	62	69	81	86
FBGN0010531	42	24	32	45	19	40
FBGN0262170	0	0	0	0	0	0
FBGN0034940	8	9	20	7	17	11
FBGN0033326	0	0	0	0	0	0
FBGN0011659	18	7	10	17	27	25
FBGN0034756	109	104	247	6	18	22
FBGN0034066	71	71	111	147	166	161
FBGN0033512	0	0	0	0	0	0
FBGN0010388	0	0	0	0	0	0
FBGN0043471	0	0	0	0	0	0
FBGN0262569	0	0	0	0	0	0
FBGN0035028	34	28	44	47	51	60
FBGN0050122	529	694	1190	774	1076	953
FBGN0041243	0	0	0	0	0	0
FBGN0085475	0	0	0	0	1	0
FBGN0010339	188	195	278	205	307	315
FBGN0034835	0	0	0	0	0	0
FBGN0034499	0	0	0	3	3	6
FBGN0029508	3	1	0	1	11	10
FBGN0024698	123	120	128	188	223	217
FBGN0262513	0	0	0	0	0	0
FBGN0033942	28	33	62	62	79	45
FBGN0033781	29	14	30	38	53	46
FBGN0033979	0	0	0	0	0	0
FBGN0033051	1	3	2	16	10	6
FBGN0033042	0	0	0	0	0	0
FBGN0000662	63	61	118	115	140	141
FBGN0034005	0	0	0	0	0	0
FBGN0050339	0	0	0	0	0	0
FBGN0034623	0	0	0	0	3	0
FBGN0023175	444	390	576	448	556	534
FBGN0033190	0	0	0	0	0	0
FBGN0050293	0	0	0	0	0	0
FBGN0033289	1	0	0	4	6	9
FBGN0086908	157	152	235	204	265	221
FBGN0033817	0	0	0	0	0	0
FBGN0043530	0	0	0	0	0	0
FBGN0034206	0	0	0	0	0	0
FBGN0085419	0	0	0	0	0	0
FBGN0033178	58	30	32	93	119	105
FBGN0034483	0	0	0	0	0	0
FBGN0034081	3	7	10	32	9	13
FBGN0000996	105	116	132	172	217	199
FBGN0033234	1	0	0	0	0	0
FBGN0027581	14	16	31	34	39	44
FBGN0033869	0	0	0	0	0	0
FBGN0028743	0	0	0	0	0	0
FBGN0034740	3	0	0	1	2	0
FBGN0025790	74	72	121	89	116	155
FBGN0034031	0	0	0	0	0	0
FBGN0033203	0	0	0	0	0	0
FBGN0034879	21	39	55	15	42	37
FBGN0033108	0	1	0	0	0	0
FBGN0034360	18	16	20	15	15	14
FBGN0050222	0	0	0	0	0	0
FBGN0040465	2	2	0	0	0	0
FBGN0016032	0	1	1	2	0	0
FBGN0263655	0	0	0	0	0	0
FBGN0033848	0	0	1	0	0	0
FBGN0034631	35	32	57	38	46	35
FBGN0033265	38	36	84	69	74	82
FBGN0050159	57	37	78	53	96	64
FBGN0003687	43	47	57	63	75	83
FBGN0259878	14	18	49	38	60	68
FBGN0034307	35	26	39	24	54	38
FBGN0033918	47	41	70	50	84	65
FBGN0013726	367	532	761	396	700	573
FBGN0033215	0	0	0	0	0	0
FBGN0033739	32	46	57	53	96	73
FBGN0034070	1	4	0	0	0	1
FBGN0033846	60	61	127	95	134	161
FBGN0034219	5	1	4	20	24	21
FBGN0033376	73	86	121	95	173	113
FBGN0053503	0	0	0	0	0	0
FBGN0262595	0	0	0	0	0	0
FBGN0004181	0	0	0	0	0	0
FBGN0014184	323	234	426	342	368	335
FBGN0024294	260	275	281	739	1092	729
FBGN0033542	0	0	2	0	0	0
FBGN0034160	0	0	0	0	0	0
FBGN0000037	0	0	0	0	0	0
FBGN0261270	661	618	942	610	985	1022
FBGN0033915	20	21	35	28	60	36
FBGN0085237	0	0	0	0	0	0
FBGN0050432	0	0	0	0	0	0
FBGN0034681	0	0	0	0	0	0
FBGN0265512	9	18	18	15	22	32
FBGN0264540	0	0	0	0	0	0
FBGN0024732	5	6	19	9	31	11
FBGN0265632	0	0	0	0	0	0
FBGN0034770	0	0	0	0	0	0
FBGN0050106	0	0	0	0	0	0
FBGN0261554	41	47	92	69	114	55
FBGN0260007	0	0	0	0	0	0
FBGN0001122	34	64	38	59	104	80
FBGN0033381	63	34	60	132	197	126
FBGN0085444	62	66	84	108	148	143
FBGN0067102	9	5	16	23	33	33
FBGN0042086	0	0	0	0	0	0
FBGN0050178	0	0	0	0	0	0
FBGN0008636	0	0	0	0	0	0
FBGN0016697	298	270	379	318	458	465
FBGN0259737	0	0	0	0	0	0
FBGN0262836	0	0	0	0	0	0
FBGN0034110	30	21	47	70	82	71
FBGN0259795	0	0	0	0	0	0
FBGN0033982	0	0	0	0	0	2
FBGN0262843	0	0	0	0	0	0
FBGN0085460	0	0	0	0	0	0
FBGN0033879	192	179	195	189	332	240
FBGN0033921	0	0	0	0	0	0
FBGN0046880	0	0	0	0	0	0
FBGN0050160	0	0	0	0	0	0
FBGN0025186	14	37	18	37	70	66
FBGN0053459	0	10	1	0	0	1
FBGN0034352	0	0	0	0	0	0
FBGN0029501	0	0	0	0	0	0
FBGN0033987	175	217	300	300	377	407
FBGN0034950	0	5	3	0	0	0
FBGN0033089	61	70	95	46	87	97
FBGN0265623	22	15	58	31	85	67
FBGN0034261	6	8	10	11	15	16
FBGN0034735	7	13	11	5	17	17
FBGN0034867	0	0	0	0	0	0
FBGN0034498	46	33	72	156	220	188
FBGN0041702	38	16	26	35	67	50
FBGN0033651	0	0	0	0	0	0
FBGN0034224	2	0	0	0	0	0
FBGN0085224	7	3	15	15	20	17
FBGN0286939	0	0	0	0	0	0
FBGN0003900	16	12	12	29	67	37
FBGN0259708	10	12	19	2	3	2
FBGN0033043	0	0	0	0	0	0
FBGN0028956	88	81	134	146	125	149
FBGN0033272	30	31	54	41	35	48
FBGN0040729	0	0	0	0	0	0
FBGN0034356	6	56	20	2	13	8
FBGN0050039	0	0	0	0	0	0
FBGN0265052	1	0	0	0	0	1
FBGN0034281	0	0	2	0	0	0
FBGN0040505	8	22	23	15	15	14
FBGN0033010	50	34	65	72	98	57
FBGN0033468	10	13	13	18	23	14
FBGN0033917	0	0	0	2	10	2
FBGN0262572	0	0	0	0	0	0
FBGN0034073	35	39	35	60	60	60
FBGN0040747	0	0	0	0	0	0
FBGN0035027	48	63	71	52	73	74
FBGN0033060	15	5	17	10	9	29
FBGN0050380	0	0	0	0	2	2
FBGN0034202	0	0	0	0	0	0
FBGN0033408	0	0	0	0	0	0
FBGN0046253	2	1	3	2	8	1
FBGN0285943	0	0	0	0	0	0
FBGN0034797	262	224	348	245	324	374
FBGN0002069	319	301	373	410	529	442
FBGN0040764	0	0	0	0	0	0
FBGN0033597	0	0	0	0	0	0
FBGN0033958	0	2	1	0	0	0
FBGN0022029	110	85	110	93	143	137
FBGN0034232	80	39	57	40	84	88
FBGN0034035	113	149	247	68	88	93
FBGN0034627	11	16	16	3	8	7
FBGN0053792	0	0	0	0	0	0
FBGN0028988	3	2	0	1	0	0
FBGN0259978	59	64	99	96	133	103
FBGN0040780	5	2	0	3	2	0
FBGN0034061	28	56	91	45	45	55
FBGN0041236	0	0	0	0	0	0
FBGN0033236	7	3	17	19	23	31
FBGN0033374	0	0	0	0	0	0
FBGN0033249	0	0	0	0	0	0
FBGN0033233	22	23	24	25	36	45
FBGN0050338	5	8	14	5	12	5
FBGN0033127	28	11	26	28	71	36
FBGN0010053	13	22	19	33	36	13
FBGN0054029	0	0	0	0	0	0
FBGN0034567	0	0	0	0	0	0
FBGN0033260	120	130	157	206	270	246
FBGN0000253	339	403	529	485	757	692
FBGN0020767	11	16	17	30	43	31
FBGN0050177	0	0	0	0	0	0
FBGN0035088	41	39	47	33	56	43
FBGN0085233	0	0	0	0	0	0
FBGN0035049	128	50	70	58	128	124
FBGN0050401	0	0	0	0	0	0
FBGN0015903	30	25	33	36	50	39
FBGN0040726	0	0	0	1	0	1
FBGN0034023	0	0	0	0	0	0
FBGN0262141	0	0	0	0	3	0
FBGN0003701	57	50	57	80	82	84
FBGN0003062	426	433	534	384	478	645
FBGN0264962	141	95	205	183	217	236
FBGN0034687	0	0	0	0	0	0
FBGN0050010	3	4	15	10	8	11
FBGN0005613	81	88	132	105	164	166
FBGN0010078	923	972	1975	981	1240	1185
FBGN0040752	182	190	240	315	533	494
FBGN0260390	7	4	0	11	18	6
FBGN0033451	76	57	81	108	121	115
FBGN0000658	171	129	198	271	459	424
FBGN0028963	0	0	0	0	0	0
FBGN0262816	0	0	0	0	0	0
FBGN0053467	0	0	0	0	0	0
FBGN0034876	98	89	137	106	170	162
FBGN0033623	0	0	0	0	0	0
FBGN0085399	0	1	0	0	0	0
FBGN0041237	0	0	0	0	0	0
FBGN0033500	0	0	0	0	0	0
FBGN0033341	12	7	12	10	23	20
FBGN0034276	4	4	35	0	0	0
FBGN0034795	111	115	139	166	249	263
FBGN0034878	92	100	140	150	207	167
FBGN0033720	0	0	0	0	0	0
FBGN0033377	96	114	141	103	134	125
FBGN0062449	18	28	39	46	48	38
FBGN0034519	1	1	9	1	2	2
FBGN0003892	121	180	204	245	338	355
FBGN0034184	24	36	50	21	18	8
FBGN0033806	29	38	60	37	45	46
FBGN0066292	0	0	0	0	0	0
FBGN0023143	1495	1747	2267	1754	2587	2447
FBGN0085344	0	0	0	0	0	0
FBGN0001285	0	1	0	0	0	0
FBGN0040063	0	0	0	0	0	0
FBGN0015040	38	23	46	48	66	58
FBGN0034718	123	118	185	185	266	201
FBGN0034568	0	0	0	0	0	0
FBGN0085512	0	0	0	0	0	0
FBGN0000044	32	30	76	45	33	34
FBGN0026619	12	16	9	44	43	55
FBGN0266711	51	41	63	57	85	78
FBGN0015522	0	0	0	0	0	2
FBGN0033744	0	0	0	0	0	0
FBGN0050428	23	14	40	20	13	17
FBGN0033097	0	0	0	0	0	0
FBGN0053453	0	0	0	0	0	0
FBGN0033266	2	10	2	2	16	7
FBGN0003326	67	62	95	136	168	170
FBGN0050099	0	0	0	0	0	0
FBGN0260477	2	1	1	2	2	1
FBGN0034684	0	0	0	0	0	0
FBGN0063498	0	1	0	0	0	0
FBGN0033000	95	84	163	114	89	126
FBGN0033579	0	0	0	0	2	0
FBGN0040658	7	4	3	3	7	8
FBGN0034565	0	0	0	2	0	0
FBGN0034278	0	0	0	0	0	0
FBGN0027589	0	0	0	0	0	0
FBGN0034335	76	37	80	21	35	34
FBGN0033640	0	0	0	0	0	0
FBGN0034994	0	0	0	0	0	0
FBGN0033945	34	20	33	8	6	4
FBGN0085228	0	0	0	0	0	0
FBGN0033883	42	34	54	43	86	59
FBGN0262948	0	0	0	0	0	0
FBGN0053137	0	0	0	0	0	0
FBGN0010357	4	0	13	0	0	2
FBGN0034723	59	74	78	84	139	140
FBGN0040005	33	8	19	45	38	44
FBGN0033029	261	317	373	461	527	526
FBGN0034617	43	34	54	54	49	32
FBGN0033865	0	0	0	0	0	0
FBGN0033235	90	61	114	97	105	123
FBGN0002791	60	56	68	80	96	66
FBGN0033244	15	13	20	20	24	27
FBGN0050016	0	0	0	0	3	3
FBGN0262114	91	73	128	159	211	184
FBGN0025827	0	0	0	0	0	0
FBGN0050398	0	0	0	0	0	0
FBGN0035068	0	0	0	0	0	0
FBGN0262845	0	0	0	0	0	0
FBGN0017558	16	35	47	19	23	16
FBGN0034454	0	0	0	0	0	0
FBGN0033113	3	5	4	2	0	1
FBGN0034135	0	0	0	0	0	0
FBGN0028744	191	140	290	208	292	342
FBGN0050360	7	7	3	3	0	0
FBGN0262571	0	0	0	0	0	0
FBGN0034457	0	0	0	0	0	0
FBGN0033760	0	0	0	0	0	0
FBGN0033241	155	128	208	140	194	202
FBGN0050371	13	1	11	0	0	0
FBGN0265297	780	649	949	905	1520	1499
FBGN0020257	178	138	168	262	441	396
FBGN0033608	153	112	162	202	269	220
FBGN0283666	17	20	23	84	85	94
FBGN0266377	5	2	9	16	17	21
FBGN0285950	1999	2120	3347	1614	2229	2059
FBGN0003435	8	9	11	30	54	25
FBGN0034920	1	0	1	1	0	0
FBGN0050265	0	0	0	0	0	0
FBGN0034961	22	28	75	51	84	77
FBGN0033021	296	280	439	403	389	377
FBGN0260770	0	0	0	0	0	0
FBGN0050011	38	39	40	59	66	53
FBGN0034093	7	10	6	15	33	34
FBGN0053505	60	106	142	48	71	77
FBGN0034946	27	30	27	32	53	45
FBGN0262547	0	0	0	0	0	0
FBGN0033885	0	0	0	0	0	0
FBGN0001291	47	50	58	75	103	84
FBGN0004240	2	100	5	0	0	0
FBGN0040273	253	263	452	297	406	320
FBGN0034501	0	2	1	0	0	0
FBGN0003140	0	0	0	0	0	0
FBGN0034092	0	0	0	0	0	0
FBGN0033750	14	16	12	29	35	33
FBGN0041235	0	0	0	0	0	0
FBGN0261823	61	23	75	125	128	131
FBGN0033814	67	72	77	101	181	168
FBGN0025885	144	130	162	275	412	364
FBGN0045482	0	0	0	0	0	0
FBGN0263032	0	0	0	0	0	0
FBGN0050413	0	0	0	1	0	1
FBGN0029147	4	0	0	6	10	3
FBGN0033323	0	0	0	0	0	0
FBGN0085257	11	4	10	17	19	27
FBGN0028407	0	0	0	0	0	0
FBGN0033353	0	0	0	0	0	0
FBGN0033422	0	0	0	0	0	0
FBGN0284252	130	142	140	155	184	220
FBGN0262882	0	0	0	0	0	0
FBGN0267861	18	17	11	47	65	59
FBGN0085218	0	0	0	0	0	0
FBGN0034363	0	0	0	0	0	0
FBGN0035014	0	0	0	0	0	0
FBGN0022987	43	45	82	73	83	82
FBGN0033355	1	0	0	0	0	0
FBGN0033138	0	0	0	0	0	0
FBGN0262103	31	32	30	63	91	81
FBGN0034697	46	40	56	76	87	87
FBGN0284231	0	0	0	0	2	0
FBGN0013764	70	74	90	119	173	174
FBGN0034968	987	967	1457	898	1334	1252
FBGN0011227	22	13	24	48	49	46
FBGN0028496	0	2	0	0	0	0
FBGN0033473	34	26	56	42	70	42
FBGN0034504	107	147	222	128	227	207
FBGN0034548	0	0	0	0	0	0
FBGN0033663	1851	1977	2860	3249	4684	4629
FBGN0033170	2	5	2	5	0	0
FBGN0033990	9	7	16	16	18	34
FBGN0050403	10	5	4	12	10	13
FBGN0033679	0	3	13	0	3	0
FBGN0040763	0	0	0	0	0	0
FBGN0034387	0	0	0	0	0	0
FBGN0050021	1	1	0	0	0	0
FBGN0250868	32	58	68	85	79	66
FBGN0033713	35	27	38	42	75	61
FBGN0028426	66	33	70	57	66	65
FBGN0053465	5	3	1	1	1	0
FBGN0284436	1048	945	1326	1011	1622	1630
FBGN0033867	0	0	0	0	0	0
FBGN0010470	135	128	169	256	387	329
FBGN0050065	0	0	0	0	0	0
FBGN0033137	13	43	14	3	4	0
FBGN0034346	75	96	127	109	170	191
FBGN0033122	30	25	32	35	61	57
FBGN0010482	1	4	3	2	0	0
FBGN0263250	0	0	0	0	0	0
FBGN0034103	0	0	0	0	0	0
FBGN0040730	0	0	0	0	0	0
FBGN0034638	1	1	3	0	1	0
FBGN0034199	0	1	0	0	0	0
FBGN0050103	0	0	0	0	0	0
FBGN0034709	24	19	14	5	11	8
FBGN0033315	16	10	58	14	23	28
FBGN0003396	147	110	181	292	438	483
FBGN0034902	218	327	331	255	327	312
FBGN0034957	0	0	3	0	0	0
FBGN0035090	12	68	30	3	3	2
FBGN0034769	4	0	0	0	0	0
FBGN0034025	36	32	72	75	83	65
FBGN0025720	70	49	58	31	42	46
FBGN0033788	29	4	24	0	0	0
FBGN0266487	0	0	0	1	0	0
FBGN0000633	0	0	0	0	2	0
FBGN0034528	99	100	133	71	91	64
FBGN0033362	2	0	5	5	8	9
FBGN0287212	0	0	0	0	0	0
FBGN0004907	816	662	867	944	1329	1210
FBGN0033810	34	40	37	29	33	38
FBGN0265833	0	0	0	0	0	0
FBGN0050340	0	0	0	0	0	0
FBGN0263376	0	0	0	0	0	0
FBGN0034173	0	0	0	0	0	0
FBGN0002643	121	150	183	149	248	181
FBGN0033363	0	0	0	0	0	0
FBGN0034182	2	0	0	0	1	0
FBGN0286932	0	0	0	0	2	0
FBGN0085261	1	0	3	0	0	0
FBGN0034988	24	9	18	21	25	27
FBGN0263020	17	2	12	0	0	0
FBGN0266083	99	85	138	183	211	224
FBGN0004581	0	0	0	0	1	0
FBGN0053140	0	0	3	1	0	0
FBGN0034731	0	0	0	0	0	0
FBGN0050349	177	155	232	213	226	292
FBGN0033397	4	0	0	0	0	0
FBGN0050382	0	0	0	0	0	0
FBGN0004055	101	148	155	142	190	165
FBGN0003067	136	148	205	74	108	117
FBGN0033815	0	0	0	0	0	0
FBGN0033730	36	13	34	60	51	30
FBGN0026402	21	16	23	31	50	41
FBGN0034665	0	0	0	0	0	0
FBGN0034883	7	5	15	0	2	4
FBGN0265429	0	0	0	0	0	0
FBGN0085244	0	0	0	5	0	0
FBGN0033467	2	4	6	2	2	8
FBGN0085241	0	0	0	0	0	0
FBGN0015295	40	32	55	68	112	99
FBGN0033450	13	3	11	12	13	15
FBGN0033861	0	0	0	0	0	0
FBGN0033687	0	0	0	0	0	0
FBGN0033925	17	27	29	31	38	23
FBGN0035006	2	0	24	0	0	0
FBGN0034461	0	0	0	0	0	0
FBGN0034063	2	3	3	7	12	17
FBGN0034566	0	2	0	0	3	0
FBGN0033791	0	5	0	0	0	0
FBGN0034114	32	12	16	45	50	53
FBGN0050031	0	0	0	0	0	0
FBGN0034705	1	0	4	2	3	7
FBGN0034195	0	0	0	0	0	0
FBGN0053632	0	0	0	0	0	0
FBGN0034647	0	0	0	0	0	0
FBGN0033354	109	82	131	85	126	142
FBGN0054040	0	0	0	0	0	0
FBGN0028382	49	32	51	62	58	60
FBGN0034062	27	11	23	18	22	30
FBGN0040754	54	30	78	49	69	50
FBGN0003130	7	2	6	6	14	9
FBGN0034002	9	25	31	23	47	34
FBGN0266186	12	11	11	19	32	24
FBGN0263114	0	0	0	0	0	0
FBGN0050391	0	0	0	0	0	0
FBGN0044020	37	21	30	60	79	48
FBGN0033264	157	159	200	216	306	358
FBGN0085488	0	0	0	0	0	0
FBGN0260995	0	4	0	0	0	0
FBGN0034391	0	2	0	1	0	1
FBGN0085213	0	0	0	0	0	0
FBGN0034105	0	0	0	0	0	0
FBGN0025583	0	0	0	0	0	0
FBGN0250824	0	0	0	0	0	0
FBGN0041205	64	53	74	88	152	101
FBGN0033033	142	148	197	160	230	264
FBGN0262889	0	0	0	0	0	0
FBGN0265180	12	8	10	6	11	13
FBGN0035085	5	1	1	6	6	14
FBGN0265342	0	0	0	0	0	0
FBGN0033524	0	0	0	0	0	0
FBGN0034899	29	2	1	0	0	0
FBGN0266433	0	0	0	0	0	0
FBGN0035089	111	58	65	193	353	227
FBGN0259209	6	0	1	2	2	3
FBGN0034272	0	0	0	0	0	0
FBGN0260799	150	189	280	317	327	309
FBGN0034139	2	3	3	0	2	1
FBGN0034008	9	6	4	6	2	4
FBGN0035019	0	0	0	0	0	0
FBGN0000448	10	0	0	24	48	30
FBGN0034198	0	0	0	0	0	1
FBGN0033960	11	8	25	16	19	31
FBGN0040733	0	0	0	0	0	0
FBGN0033980	7	9	4	4	0	1
FBGN0014865	0	20	1	0	0	0
FBGN0261587	0	0	0	0	0	0
FBGN0050389	74	80	90	158	240	171
FBGN0012042	0	0	0	0	0	0
FBGN0262840	0	0	0	0	0	0
FBGN0033225	62	90	116	135	141	124
FBGN0034657	255	311	372	407	547	532
FBGN0033038	84	47	68	57	83	88
FBGN0033516	0	0	0	0	0	0
FBGN0033104	29	22	51	65	37	46
FBGN0027872	3	3	6	7	8	1
FBGN0033261	28	15	15	19	27	24
FBGN0033686	27	10	27	12	20	18
FBGN0034774	0	0	0	0	0	0
FBGN0033658	1	3	0	3	13	10
FBGN0050169	4	1	4	10	5	8
FBGN0263395	44	33	49	97	140	122
FBGN0035084	0	0	0	1	0	1
FBGN0035091	1	0	1	2	0	4
FBGN0086656	103	105	140	145	169	144
FBGN0034722	169	188	280	194	257	213
FBGN0034098	15	30	28	24	21	16
FBGN0267002	12	28	10	20	44	32
FBGN0034365	3	0	1	0	0	2
FBGN0033648	0	0	0	0	0	0
FBGN0034389	0	1	0	0	1	1
FBGN0262837	0	0	0	0	0	0
FBGN0035073	41	35	36	57	88	61
FBGN0005778	0	0	0	0	0	0
FBGN0035065	11	12	21	17	12	20
FBGN0033628	0	0	0	0	0	0
FBGN0061356	1	1	9	1	0	0
FBGN0034866	0	0	0	0	0	0
FBGN0005654	16	14	43	35	45	43
FBGN0035001	290	254	448	436	563	554
FBGN0034542	29	13	16	44	59	43
FBGN0033661	316	346	555	321	482	536
FBGN0005655	737	683	911	861	1047	1243
FBGN0033897	166	145	204	266	316	303
FBGN0264089	435	651	706	645	991	952
FBGN0033499	0	0	0	0	0	0
FBGN0033382	3	9	16	9	28	24
FBGN0034745	0	0	0	0	0	0
FBGN0034470	9	0	9	2	0	0
FBGN0033274	0	0	6	1	0	4
FBGN0034763	5	8	7	5	16	7
FBGN0034263	0	0	0	0	0	0
FBGN0034540	22	29	33	30	33	45
FBGN0005586	0	9	0	0	0	0
FBGN0283450	230	209	388	195	259	298
FBGN0262791	0	0	0	0	0	0
FBGN0260456	139	170	254	102	148	161
FBGN0015561	0	0	0	2	2	0
FBGN0261990	0	0	0	2	0	0
FBGN0050364	0	0	0	0	0	0
FBGN0033483	29	32	57	32	21	25
FBGN0050342	61	62	93	59	76	106
FBGN0028687	405	412	816	645	932	809
FBGN0263697	68	64	104	88	128	121
FBGN0034560	0	0	0	0	0	0
FBGN0263849	0	0	0	0	0	0
FBGN0259977	0	1	0	3	0	0
FBGN0265046	0	0	0	0	0	0
FBGN0033968	82	65	67	101	150	155
FBGN0029084	1	0	0	0	3	0
FBGN0261989	17	7	27	1	0	0
FBGN0033347	0	0	0	1	0	0
FBGN0259710	0	0	0	0	0	0
FBGN0033028	132	113	142	124	191	179
FBGN0034442	10	9	7	23	23	21
FBGN0061361	2	2	7	6	10	23
FBGN0034573	32	14	27	64	118	96
FBGN0010516	135	136	183	183	279	258
FBGN0040759	0	0	0	0	0	0
FBGN0034368	105	122	154	182	233	211
FBGN0265313	0	0	0	0	0	0
FBGN0033850	0	0	0	0	0	0
FBGN0050015	82	49	112	93	198	184
FBGN0050272	0	0	0	0	0	0
FBGN0050355	0	0	0	0	0	0
FBGN0034840	0	0	0	0	0	0
FBGN0040666	19	17	19	20	38	18
FBGN0033871	6	4	6	2	1	9
FBGN0034191	11	9	15	4	6	8
FBGN0034670	0	0	0	0	0	0
FBGN0053012	0	0	0	0	0	0
FBGN0050395	0	0	0	0	0	0
FBGN0033309	29	39	36	53	82	65
FBGN0033437	4	9	11	0	0	0
FBGN0016078	18	23	19	62	71	57
FBGN0026401	254	298	406	345	306	345
FBGN0003891	83	66	122	150	191	136
FBGN0034974	16	19	57	182	252	217
FBGN0034464	0	0	0	0	0	0
FBGN0034744	18	16	38	14	42	27
FBGN0004168	0	0	0	0	0	0
FBGN0261625	28	26	14	1	2	13
FBGN0043536	0	0	0	0	0	0
FBGN0034033	11	1	5	15	21	14
FBGN0000057	24	16	36	25	25	24
FBGN0015544	57	50	44	86	91	115
FBGN0033884	9	8	17	8	12	37
FBGN0033550	9	0	1	2	4	2
FBGN0040503	1	1	2	0	0	0
FBGN0250851	12	3	1	8	11	18
FBGN0033558	0	0	0	0	0	0
FBGN0035007	0	0	0	0	0	0
FBGN0025692	2	0	0	0	0	0
FBGN0053349	0	0	0	0	0	0
FBGN0085638	37	28	62	58	45	39
FBGN0004919	0	0	1	1	0	0
FBGN0033248	0	0	0	0	0	0
FBGN0050056	0	0	0	0	0	0
FBGN0263667	49	60	85	72	91	82
FBGN0020764	53	77	102	60	84	120
FBGN0261373	15	6	13	12	7	8
FBGN0034629	2	0	6	0	0	0
FBGN0033602	3	0	0	3	1	2
FBGN0033603	0	0	0	0	0	0
FBGN0035008	0	0	0	0	0	0
FBGN0033827	0	0	0	0	0	0
FBGN0034712	0	0	0	0	0	0
FBGN0262728	0	18	2	0	0	4
FBGN0264294	75	40	68	129	160	190
FBGN0033715	15	6	10	9	23	22
FBGN0034371	16	9	14	30	68	47
FBGN0005619	0	0	0	0	0	0
FBGN0260764	1	0	0	0	0	0
FBGN0261456	101	104	124	182	217	209
FBGN0029154	0	0	0	0	0	0
FBGN0286783	97	112	121	163	245	209
FBGN0033696	0	0	4	0	0	0
FBGN0034366	50	63	62	60	82	59
FBGN0033485	174	228	295	160	200	208
FBGN0034286	0	0	0	0	0	0
FBGN0260762	0	0	0	0	0	0
FBGN0034175	0	0	0	0	0	0
FBGN0002174	49	58	55	37	40	71
FBGN0034214	35	41	47	55	47	69
FBGN0050369	0	0	0	0	0	0
FBGN0033252	2	0	2	0	1	2
FBGN0001133	32	25	37	46	56	57
FBGN0085249	0	0	0	1	5	2
FBGN0263083	0	0	0	0	0	0
FBGN0265184	4	10	11	5	9	3
FBGN0260429	0	0	1	0	0	0
FBGN0034506	0	0	0	0	0	0
FBGN0035036	23	21	42	18	38	37
FBGN0034611	53	53	44	55	81	89
FBGN0027507	92	87	119	111	145	126
FBGN0033140	0	0	0	0	0	0
FBGN0260775	2	4	6	0	3	1
FBGN0259876	239	220	305	386	457	459
FBGN0034758	5	0	1	0	0	1
FBGN0263934	61	35	67	77	125	121
FBGN0033600	13	3	13	2	0	4
FBGN0266723	32	34	42	34	50	63
FBGN0034181	404	520	625	458	704	616
FBGN0034935	0	4	0	0	0	0
FBGN0067903	0	1	0	0	0	0
FBGN0063496	0	0	0	0	0	0
FBGN0013305	104	105	108	157	219	209
FBGN0260474	0	0	0	0	0	0
FBGN0259937	723	612	1010	751	1053	1095
FBGN0034513	0	0	0	0	0	0
FBGN0034618	18	20	15	12	34	15
FBGN0001187	0	0	1	0	0	0
FBGN0259202	4	1	1	16	15	12
FBGN0050037	0	0	0	0	0	0
FBGN0010621	1327	1174	1692	1345	1946	2113
FBGN0286834	2	0	0	0	0	0
FBGN0011592	310	478	527	618	875	736
FBGN0033950	0	0	0	0	0	0
FBGN0034720	0	3	1	0	0	0
FBGN0034012	0	1	0	0	0	0
FBGN0263109	36	60	38	202	293	219
FBGN0033717	81	63	75	124	185	134
FBGN0033756	0	3	0	0	1	1
FBGN0034715	0	0	0	0	0	0
FBGN0286931	0	0	0	0	0	0
FBGN0028683	11	2	8	39	25	27
FBGN0083941	0	0	0	0	0	0
FBGN0034141	14	7	19	22	37	45
FBGN0034936	77	121	164	104	130	123
FBGN0034279	0	0	0	0	0	0
FBGN0033186	9	4	9	4	10	24
FBGN0083936	0	0	0	0	0	0
FBGN0085234	0	0	0	0	0	0
FBGN0082585	4	0	7	1	0	4
FBGN0034700	0	0	0	0	0	0
FBGN0053156	3	4	8	10	24	22
FBGN0015372	8	4	12	5	19	13
FBGN0261016	0	0	0	0	0	0
FBGN0034168	0	0	0	0	0	0
FBGN0285949	1086	806	1123	772	1080	1392
FBGN0040734	0	0	0	0	0	0
FBGN0265576	0	0	0	0	1	0
FBGN0033952	0	0	0	0	0	0
FBGN0010638	125	106	173	197	247	226
FBGN0033464	1	2	3	1	5	2
FBGN0035059	13	12	4	20	30	12
FBGN0005612	38	17	28	49	100	90
FBGN0016726	207	135	226	300	415	403
FBGN0262574	0	0	1	0	0	0
FBGN0033665	8	10	11	17	21	17
FBGN0033221	7	0	7	0	0	4
FBGN0267351	33	39	88	58	82	106
FBGN0014469	38	63	58	35	22	23
FBGN0033624	117	63	122	222	340	371
FBGN0034179	45	38	52	60	132	116
FBGN0002571	2	0	0	0	0	0
FBGN0034817	19	18	29	37	58	69
FBGN0288856	26	30	27	26	36	26
FBGN0023081	133	140	209	212	257	252
FBGN0261394	296	243	468	337	548	445
FBGN0263240	55	63	98	124	158	178
FBGN0034299	24	21	38	44	38	35
FBGN0034071	129	169	276	141	172	213
FBGN0034154	0	0	0	0	0	0
FBGN0035040	0	0	0	0	0	0
FBGN0034097	0	0	0	0	0	0
FBGN0085243	0	0	0	0	0	0
FBGN0034626	25	5	14	17	26	21
FBGN0261975	62	46	47	98	75	99
FBGN0260475	3	2	13	1	7	0
FBGN0025335	16	21	21	31	41	36
FBGN0043576	0	0	0	0	0	0
FBGN0011695	2	2	3	1	4	1
FBGN0035056	12	6	21	41	39	34
FBGN0034860	4	3	5	6	38	22
FBGN0034262	0	0	0	0	0	0
FBGN0033538	17	6	23	6	1	5
FBGN0010238	499	643	932	603	930	807
FBGN0064237	9	5	13	0	0	0
FBGN0000405	385	383	549	511	801	846
FBGN0040491	0	0	0	0	0	0
FBGN0033820	0	0	0	1	0	3
FBGN0033702	0	1	0	0	1	0
FBGN0288686	151	94	132	269	476	407
FBGN0034580	0	0	0	0	0	0
FBGN0027558	55	45	77	59	71	93
FBGN0034265	13	10	16	21	41	23
FBGN0027529	40	58	56	55	67	67
FBGN0033136	1	0	0	0	0	0
FBGN0033860	0	0	0	0	0	0
FBGN0028689	402	369	498	565	706	644
FBGN0053468	0	0	0	0	0	0
FBGN0286788	49	29	69	67	100	101
FBGN0267398	145	226	336	188	175	183
FBGN0259727	5	2	12	5	7	7
FBGN0034739	0	0	0	0	0	0
FBGN0033194	284	325	471	360	539	476
FBGN0020279	1471	1488	2018	1619	2156	2454
FBGN0034266	22	36	28	29	37	31
FBGN0034419	3	4	7	18	12	16
FBGN0034599	21	17	41	15	28	27
FBGN0034459	0	0	0	0	0	0
FBGN0085227	0	0	0	0	0	0
FBGN0034455	3	2	8	5	26	16
FBGN0034500	66	39	68	47	82	68
FBGN0034543	12	9	7	11	16	14
FBGN0259742	44	27	46	29	21	31
FBGN0034853	36	31	17	57	59	39
FBGN0034325	0	0	0	0	0	0
FBGN0085264	0	0	0	0	0	0
FBGN0053463	0	0	0	0	0	0
FBGN0034493	0	3	1	0	0	1
FBGN0034563	0	0	0	0	0	0
FBGN0033657	0	0	0	0	0	0
FBGN0041234	0	0	0	0	0	0
FBGN0034377	0	0	0	0	0	0
FBGN0003977	169	194	257	268	365	355
FBGN0000337	0	0	0	0	0	0
FBGN0260012	126	104	170	257	318	299
FBGN0265626	0	0	0	0	0	0
FBGN0266525	3	6	1	9	7	11
FBGN0034196	0	0	0	0	0	0
FBGN0260455	0	0	0	0	0	0
FBGN0034474	0	0	0	0	0	0
FBGN0050385	0	0	0	0	0	0
FBGN0020370	476	521	644	634	1011	969
FBGN0285917	306	303	367	483	738	717
FBGN0034725	17	26	32	33	75	71
FBGN0034475	0	0	0	0	0	0
FBGN0027091	170	147	263	217	207	247
FBGN0033753	7	5	4	15	12	11
FBGN0027619	71	77	159	79	95	120
FBGN0011824	613	730	1007	353	407	467
FBGN0023172	171	206	339	409	506	411
FBGN0259718	7	6	18	11	14	13
FBGN0032997	68	93	170	99	116	118
FBGN0040477	10	7	24	10	23	17
FBGN0033286	0	0	0	0	0	0
FBGN0034748	30	39	51	52	43	46
FBGN0011297	8	19	11	9	36	23
FBGN0033491	5	9	32	16	27	25
FBGN0034839	0	0	0	0	0	0
FBGN0033587	0	0	0	0	0	0
FBGN0288433	0	4	1	0	7	2
FBGN0033943	0	0	0	0	0	0
FBGN0035082	8	6	13	5	11	5
FBGN0033984	9	8	8	28	43	49
FBGN0050051	11	10	38	14	28	16
FBGN0085250	0	0	0	0	2	0
FBGN0053919	0	0	0	0	0	0
FBGN0033356	2	2	5	0	7	2
FBGN0004638	115	90	96	144	192	189
FBGN0034229	0	6	2	0	0	2
FBGN0034180	40	56	87	68	84	84
FBGN0004463	110	109	156	174	184	193
FBGN0262619	106	146	173	172	187	227
FBGN0033652	11	14	12	33	25	31
FBGN0260991	248	264	403	284	402	430
FBGN0034176	175	221	296	228	321	386
FBGN0085236	0	0	0	0	0	0
FBGN0050020	90	84	148	109	171	157
FBGN0000426	138	121	197	143	199	159
FBGN0050357	0	0	0	0	0	0
FBGN0025519	31	39	38	46	55	65
FBGN0053470	0	0	0	0	0	0
FBGN0033698	244	256	339	374	472	475
FBGN0050280	0	0	0	0	0	0
FBGN0033578	0	0	0	0	0	0
FBGN0265178	70	47	98	97	151	127
FBGN0050354	0	0	0	0	0	0
FBGN0053554	386	354	520	722	681	599
FBGN0050049	0	0	0	0	0	0
FBGN0261276	214	269	320	201	270	269
FBGN0033101	44	43	59	62	80	116
FBGN0054021	0	0	0	0	0	0
FBGN0033734	5	4	3	5	13	12
FBGN0020377	0	0	0	0	0	0
FBGN0034392	17	7	19	6	30	19
FBGN0261705	1	0	1	1	0	1
FBGN0034402	8	21	4	10	14	14
FBGN0004003	59	52	91	188	295	188
FBGN0013770	340	330	425	442	642	636
FBGN0287478	14	13	22	15	34	23
FBGN0028738	1	3	5	1	0	3
FBGN0034259	296	289	425	359	412	441
FBGN0050058	0	0	0	0	0	0
FBGN0050147	38	41	63	59	73	85
FBGN0034471	0	0	0	0	0	0
FBGN0085239	0	0	0	0	0	0
FBGN0033821	1	5	6	0	0	0
FBGN0050472	0	0	0	0	0	0
FBGN0041582	21	18	19	48	60	59
FBGN0000566	178	145	187	204	250	291
FBGN0035043	0	0	0	0	0	0
FBGN0034322	0	0	0	0	0	0
FBGN0069056	0	0	0	0	0	0
FBGN0015714	26	19	13	11	15	10
FBGN0040007	526	548	911	534	580	427
FBGN0000615	1	5	3	1	1	1
FBGN0050457	1	0	1	3	6	7
FBGN0033199	15	6	10	6	21	15
FBGN0034800	16	12	27	8	3	10
FBGN0033301	0	0	0	0	0	0
FBGN0010620	392	332	475	455	581	582
FBGN0033327	0	0	0	0	0	0
FBGN0004435	60	40	77	73	98	89
FBGN0034158	21	17	37	36	63	47
FBGN0033543	7	0	2	1	2	9
FBGN0050053	0	0	0	0	0	0
FBGN0033426	13	2	7	13	17	12
FBGN0259221	24	32	29	23	64	41
FBGN0034870	0	0	0	0	0	0
FBGN0033395	0	0	0	2	0	0
FBGN0020930	8	4	6	6	29	26
FBGN0034849	6	4	5	13	27	19
FBGN0033599	0	0	0	0	0	0
FBGN0033697	0	0	0	0	0	0
FBGN0034277	452	360	554	917	1249	1230
FBGN0050022	15	13	12	15	28	18
FBGN0016762	0	0	0	0	12	3
FBGN0261293	0	0	0	0	0	0
FBGN0033627	63	71	91	100	97	101
FBGN0034331	0	0	0	0	0	1
FBGN0050381	1	1	9	4	14	13
FBGN0034240	93	117	162	178	215	184
FBGN0003162	12	25	10	10	15	20
FBGN0050089	14	19	21	29	53	71
FBGN0010501	45	28	56	74	130	111
FBGN0266432	0	0	0	0	0	0
FBGN0020391	0	6	0	0	0	0
FBGN0021979	222	202	195	361	590	501
FBGN0050154	0	0	0	0	1	0
FBGN0034535	2	0	0	0	1	6
FBGN0050377	2	5	12	8	18	17
FBGN0085421	0	0	0	0	2	3
FBGN0287873	2042	2112	3050	3323	4459	4131
FBGN0034710	15	2	2	0	0	0
FBGN0033278	0	0	0	0	0	0
FBGN0033742	3	9	9	0	0	0
FBGN0034514	0	0	0	0	0	1
FBGN0003008	35	34	48	63	87	80
FBGN0262812	0	0	0	0	0	0
FBGN0033183	102	80	157	113	177	154
FBGN0033528	181	129	318	187	250	332
FBGN0034478	0	0	0	0	0	0
FBGN0013733	208	224	287	417	778	596
FBGN0041238	0	0	0	0	0	0
FBGN0034417	0	0	4	1	1	0
FBGN0033929	35	21	49	30	64	47
FBGN0053155	0	0	0	0	2	0
FBGN0053798	0	0	0	0	0	0
FBGN0263743	0	0	0	0	0	0
FBGN0033767	0	1	0	0	0	0
FBGN0034753	1011	750	1007	1259	1843	1462
FBGN0003317	93	83	129	178	227	224
FBGN0034458	0	0	0	0	0	0
FBGN0020236	515	466	609	570	872	894
FBGN0034971	82	80	143	71	109	112
FBGN0002569	0	0	0	0	0	0
FBGN0034871	0	0	0	0	0	0
FBGN0034117	16	24	19	2	6	5
FBGN0034532	0	0	0	0	0	0
FBGN0033573	0	0	0	0	0	0
FBGN0033735	37	32	59	46	67	56
FBGN0264273	185	195	317	483	709	762
FBGN0034966	0	0	0	0	0	0
FBGN0041706	0	0	1	2	6	6
FBGN0017414	4	2	6	4	6	13
FBGN0010504	26	29	42	23	38	47
FBGN0033763	0	1	0	0	0	0
FBGN0033712	38	28	27	40	43	40
FBGN0287767	272	272	372	223	302	282
FBGN0050098	0	0	0	0	0	0
FBGN0033828	0	0	0	0	0	0
FBGN0033187	47	55	67	94	102	100
FBGN0033364	0	0	0	0	0	0
FBGN0033090	0	0	0	0	0	0
FBGN0004360	2	5	1	12	30	33
FBGN0053143	0	1	0	0	0	0
FBGN0027607	47	40	72	98	122	118
FBGN0011746	20	11	37	141	169	162
FBGN0035009	0	0	0	0	0	0
FBGN0034903	31	28	50	48	65	56
FBGN0265836	0	0	0	0	0	0
FBGN0263033	0	0	0	0	0	0
FBGN0283625	0	0	0	0	0	0
FBGN0035033	114	74	164	99	171	150
FBGN0034898	0	0	0	0	0	0
FBGN0028562	0	0	0	0	1	2
FBGN0034689	18	22	31	25	34	25
FBGN0034327	0	0	0	0	0	0
FBGN0033755	130	178	212	174	217	275
FBGN0033740	33	59	65	39	65	82
FBGN0050192	0	0	0	0	0	0
FBGN0010651	65	84	115	97	119	75
FBGN0061197	0	0	0	0	0	0
FBGN0033174	5	10	22	6	6	16
FBGN0005638	0	0	0	0	0	1
FBGN0015037	0	2	5	0	0	0
FBGN0033320	1	15	10	0	3	0
FBGN0026385	0	0	0	0	0	0
FBGN0035022	0	0	0	0	0	0
FBGN0033906	261	283	509	348	491	407
FBGN0034704	60	21	61	53	71	80
FBGN0034914	522	690	863	493	721	721
FBGN0033179	151	149	163	197	258	307
FBGN0050047	0	0	0	0	0	0
FBGN0034900	0	0	0	0	0	0
FBGN0265935	152	166	190	226	315	378
FBGN0267791	640	654	854	591	746	784
FBGN0260499	0	0	0	0	0	0
FBGN0034893	43	20	15	33	39	52
FBGN0033191	77	72	101	71	80	118
FBGN0243516	17	16	39	59	87	63
FBGN0050001	21	27	14	37	27	54
FBGN0264329	0	0	0	0	0	0
FBGN0050008	0	0	0	0	0	0
FBGN0050286	0	0	0	0	0	0
FBGN0003975	56	58	96	155	234	199
FBGN0033139	1	1	0	0	0	0
FBGN0033205	85	108	117	10	25	23
FBGN0050269	1	0	0	0	0	0
FBGN0050421	48	60	58	58	78	68
FBGN0033919	116	111	182	126	192	171
FBGN0033375	16	22	39	24	32	21
FBGN0033862	0	0	1	0	0	0
FBGN0033605	18	26	15	9	26	30
FBGN0034382	0	0	0	0	0	0
FBGN0259183	0	0	0	0	0	0
FBGN0033728	0	0	0	0	0	0
FBGN0259226	0	0	2	13	15	21
FBGN0034964	108	162	198	201	274	289
FBGN0034323	0	0	0	0	0	0
FBGN0033866	10	8	3	36	39	38
FBGN0050277	0	0	0	0	0	0
FBGN0033636	430	421	697	834	1092	854
FBGN0028411	93	95	81	67	74	76
FBGN0033283	0	0	0	0	0	0
FBGN0034882	0	0	0	0	0	0
FBGN0050101	0	0	0	0	1	0
FBGN0033893	0	0	1	0	0	0
FBGN0033989	26	15	30	27	49	47
FBGN0033569	15	20	33	27	55	51
FBGN0050344	18	9	20	31	33	27
FBGN0033349	122	148	227	142	215	231
FBGN0033088	4	1	4	11	28	16
FBGN0003401	27	18	27	19	36	32
FBGN0015801	13	19	22	43	73	42
FBGN0033842	71	53	100	53	93	71
FBGN0034511	0	0	0	0	0	0
FBGN0033155	48	48	88	72	127	118
FBGN0034821	0	0	0	0	0	0
FBGN0034418	36	38	62	51	106	78
FBGN0033783	10	12	28	21	25	31
FBGN0040849	0	0	0	0	0	0
FBGN0033238	0	0	0	0	0	0
FBGN0035087	32	37	29	25	40	31
FBGN0001263	0	0	0	0	0	0
FBGN0033673	5	6	15	22	16	16
FBGN0034253	107	116	125	216	280	261
FBGN0267978	115	112	187	282	332	342
FBGN0042135	43	41	57	53	117	98
FBGN0033932	0	0	0	0	0	0
FBGN0034308	43	34	66	61	142	69
FBGN0001147	0	0	0	0	1	0
FBGN0016970	5	7	27	6	18	4
FBGN0034645	84	77	130	79	96	112
FBGN0033115	0	0	0	8	13	11
FBGN0263197	167	131	181	206	284	253
FBGN0034109	41	62	86	45	65	86
FBGN0050156	0	0	3	0	0	1
FBGN0261119	179	209	314	275	436	405
FBGN0033699	514	490	795	529	791	648
FBGN0033556	54	39	93	98	126	106
FBGN0035031	0	0	0	0	0	0
FBGN0043532	0	0	0	0	0	0
FBGN0260222	9	5	5	4	8	12
FBGN0022764	635	683	1034	849	1373	1190
FBGN0033069	0	0	0	0	0	0
FBGN0041712	7	5	2	4	14	6
FBGN0033141	0	0	0	0	0	0
FBGN0034247	0	0	0	0	0	0
FBGN0034671	0	0	0	0	0	0
FBGN0066084	442	352	972	788	1149	866
FBGN0261363	0	0	0	6	7	2
FBGN0085414	0	0	0	0	0	0
FBGN0033112	0	0	1	0	0	0
FBGN0033607	43	61	56	69	137	98
FBGN0050411	0	0	0	0	0	0
FBGN0025709	0	0	1	0	2	1
FBGN0034451	46	56	82	58	90	92
FBGN0050025	0	0	0	0	0	0
FBGN0034067	141	87	151	165	272	249
FBGN0003520	52	52	113	66	77	87
FBGN0015584	0	0	0	0	0	0
FBGN0034166	0	0	0	0	0	0
FBGN0034782	0	0	0	0	0	0
FBGN0026384	0	0	0	0	0	0
FBGN0034910	0	0	0	0	0	0
FBGN0015602	142	120	189	186	165	206
FBGN0033294	0	0	0	0	0	0
FBGN0287831	0	2	7	0	0	1
FBGN0033888	0	0	0	0	0	0
FBGN0034691	34	43	55	45	76	88
FBGN0033544	7	6	13	12	12	29
FBGN0029093	379	422	482	519	732	774
FBGN0262512	21	14	24	61	61	49
FBGN0034291	1	0	0	0	0	0
FBGN0033271	2	0	0	0	0	0
FBGN0087011	5	7	33	29	27	12
FBGN0050274	0	0	0	0	0	0
FBGN0034485	0	0	0	0	0	0
FBGN0027356	36	52	65	92	88	88
FBGN0001124	162	193	219	156	224	216
FBGN0033184	21	9	14	11	23	16
FBGN0016701	48	29	41	66	65	80
FBGN0263707	0	0	0	0	0	0
FBGN0034127	0	0	0	0	0	0
FBGN0033160	275	271	447	315	430	461
FBGN0033798	0	0	0	0	0	0
FBGN0041241	0	0	0	0	0	0
FBGN0085428	65	75	63	57	85	123
FBGN0266811	0	0	0	0	0	0
FBGN0022097	97	67	83	104	159	111
FBGN0033421	8	3	7	12	30	12
FBGN0034906	0	0	0	0	0	0
FBGN0034267	0	0	0	0	0	0
FBGN0035064	26	20	58	15	20	26
FBGN0034086	32	51	64	51	53	53
FBGN0267823	28	20	29	20	50	45
FBGN0260972	36	34	48	46	71	90
FBGN0265003	117	124	151	177	214	244
FBGN0034539	0	0	0	0	0	0
FBGN0033807	0	0	0	0	0	0
FBGN0034049	69	46	82	103	124	118
FBGN0026176	2	1	0	0	0	0
FBGN0033770	0	0	0	0	0	0
FBGN0023180	25	15	27	21	20	30
FBGN0050365	0	0	0	0	0	0
FBGN0034654	224	197	313	358	559	441
FBGN0053680	0	0	0	0	0	0
FBGN0034132	0	0	0	0	0	0
FBGN0050018	0	0	0	0	0	0
FBGN0001222	86	95	123	136	184	224
FBGN0033876	0	3	0	0	0	0
FBGN0033005	123	107	150	137	173	166
FBGN0033659	0	0	0	0	0	2
FBGN0027535	35	45	68	46	92	92
FBGN0262480	0	0	0	0	0	0
FBGN0034052	0	0	0	0	0	0
FBGN0034246	185	200	258	317	354	345
FBGN0266129	0	6	0	0	0	0
FBGN0021825	141	124	183	159	224	218
FBGN0050263	0	0	0	0	0	0
FBGN0039993	189	186	231	133	158	119
FBGN0034415	0	0	0	0	0	0
FBGN0034579	22	38	58	24	28	13
FBGN0020307	65	58	122	140	216	195
FBGN0010359	0	0	0	0	0	0
FBGN0034407	0	10	0	0	0	0
FBGN0015038	0	3	4	0	0	0
FBGN0024319	0	0	0	0	0	0
FBGN0085240	0	0	0	0	0	0
FBGN0265272	0	0	0	0	0	0
FBGN0033818	0	0	0	0	0	0
FBGN0034692	0	0	0	0	0	0
FBGN0015371	120	167	191	179	237	281
FBGN0069913	0	0	0	0	0	0
FBGN0033449	6	7	36	21	31	15
FBGN0010590	276	206	307	307	475	484
FBGN0034413	0	0	0	0	0	0
FBGN0034724	161	184	213	105	189	163
FBGN0033063	0	0	0	0	0	0
FBGN0050376	0	0	0	0	0	0
FBGN0050185	30	19	27	43	59	54
FBGN0034022	88	81	97	158	208	215
FBGN0001269	30	30	74	41	67	82
FBGN0263850	0	0	0	0	0	0
FBGN0067905	0	0	0	0	0	0
FBGN0085246	0	0	0	0	0	0
FBGN0262821	0	0	0	0	0	0
FBGN0033226	40	15	55	19	28	24
FBGN0050082	0	0	0	0	0	0
FBGN0033250	0	7	0	0	0	0
FBGN0013762	40	33	42	29	72	41
FBGN0046999	0	0	0	0	0	0
FBGN0034380	41	35	38	74	96	67
FBGN0034885	8	3	11	1	1	2
FBGN0034200	8	25	24	3	0	3
FBGN0046294	0	0	0	0	0	1
FBGN0020617	0	1	0	0	0	0
FBGN0058263	20	18	36	39	33	20
FBGN0011704	306	302	384	446	616	742
FBGN0034405	393	367	564	547	790	637
FBGN0034275	1	0	4	0	0	0
FBGN0002552	65	48	79	96	128	140
FBGN0085231	0	0	0	0	0	0
FBGN0023170	125	36	82	194	275	235
FBGN0050281	0	0	0	0	0	0
FBGN0042098	0	0	0	0	0	0
FBGN0033554	4	0	3	2	1	2
FBGN0033775	0	0	2	0	0	0
FBGN0034948	13	7	8	11	17	24
FBGN0033802	13	12	26	14	33	31
FBGN0033748	1	0	5	0	0	0
FBGN0013765	193	213	311	196	286	311
FBGN0034242	88	87	110	77	115	103
FBGN0054033	0	0	0	0	0	0
FBGN0040653	0	0	0	0	0	0
FBGN0034372	28	32	46	45	60	56
FBGN0050259	0	0	0	0	0	0
FBGN0033963	0	0	0	0	0	0
FBGN0053225	0	4	6	0	0	1
FBGN0034828	0	0	0	0	0	0
FBGN0050157	1	5	2	3	3	2
FBGN0033515	0	0	0	0	0	0
FBGN0262838	0	0	0	0	0	0
FBGN0050469	0	0	0	0	0	0
FBGN0033996	7	10	10	19	36	34
FBGN0034183	0	0	0	0	0	0
FBGN0015838	70	33	60	113	155	155
FBGN0034197	0	0	0	0	0	52
FBGN0033703	0	0	0	0	0	0
FBGN0263855	280	342	494	360	484	519
FBGN0033853	27	23	21	35	94	66
FBGN0034137	0	0	0	0	0	0
FBGN0262098	0	0	0	0	0	0
FBGN0021795	174	149	217	227	396	306
FBGN0050503	2	2	4	0	0	0
FBGN0016059	257	300	349	543	882	872
FBGN0086356	186	164	197	248	355	336
FBGN0010356	97	82	134	124	136	138
FBGN0283508	2303	2274	3334	2351	3630	3772
FBGN0033826	0	2	0	0	0	0
FBGN0033995	18	26	27	32	50	37
FBGN0263593	48	58	89	53	82	76
FBGN0034837	2	0	1	2	3	2
FBGN0025373	82	66	104	138	223	174
FBGN0263864	61	61	80	79	114	99
FBGN0034480	0	0	0	0	0	0
FBGN0264541	0	3	0	0	0	0
FBGN0033520	1	0	0	0	0	0
FBGN0033688	695	680	866	1031	1462	1501
FBGN0033631	209	228	246	443	579	579
FBGN0034304	13	19	15	30	61	47
FBGN0034963	39	25	41	40	65	79
FBGN0034585	40	69	92	69	96	101
FBGN0034894	3	1	3	5	4	13
FBGN0033202	0	0	0	0	0	0
FBGN0034919	12	15	26	28	30	43
FBGN0033357	193	117	223	181	166	143
FBGN0033153	53	26	59	14	24	23
FBGN0033508	0	0	0	0	0	0
FBGN0004839	114	143	176	155	319	270
FBGN0026326	137	106	173	193	269	253
FBGN0026316	42	21	34	78	85	95
FBGN0035025	53	40	70	49	49	63
FBGN0000043	1812	1432	1812	3156	5083	4486
FBGN0265187	8	3	8	5	18	15
FBGN0034001	36	27	56	31	46	62
FBGN0034642	0	0	6	0	0	0
FBGN0003748	39	47	66	86	77	105
FBGN0034136	0	2	0	0	0	0
FBGN0034694	17	7	19	10	21	17
FBGN0033188	186	147	148	167	354	349
FBGN0086895	135	106	149	139	195	163
FBGN0016047	0	0	0	0	0	0
FBGN0033754	51	56	48	46	39	50
FBGN0034057	0	8	5	4	11	1
FBGN0043535	0	0	0	0	0	0
FBGN0034425	7	11	27	20	27	12
FBGN0033280	0	0	0	0	0	0
FBGN0085468	92	76	101	93	103	110
FBGN0034144	0	0	0	0	0	0
FBGN0034999	5	17	12	6	1	4
FBGN0050043	0	0	0	0	0	0
FBGN0033259	51	47	64	133	158	145
FBGN0050446	0	2	0	0	0	0
FBGN0052834	0	0	0	0	0	0
FBGN0085265	0	0	0	0	0	0
FBGN0027360	6	9	21	11	17	12
FBGN0034432	188	177	318	222	286	229
FBGN0034976	70	80	121	116	148	151
FBGN0034296	2	0	1	0	0	0
FBGN0013763	45	78	105	42	25	43
FBGN0265625	0	0	0	0	0	0
FBGN0050044	0	0	0	0	0	0
FBGN0050046	2	11	6	0	1	0
FBGN0034713	0	0	0	0	0	0
FBGN0011743	0	0	0	0	0	1
FBGN0033774	0	2	0	0	0	0
FBGN0043575	1	2	1	0	0	0
FBGN0034330	0	0	0	0	0	0
FBGN0050288	1	3	9	1	0	0
FBGN0034933	58	59	89	53	79	94
FBGN0050110	0	0	0	0	0	0
FBGN0000562	104	61	150	141	255	218
FBGN0000119	299	310	386	655	863	807
FBGN0034013	44	67	56	104	132	138
FBGN0010385	1	2	0	1	0	1
FBGN0061435	0	0	0	0	0	0
FBGN0053474	0	0	0	0	0	0
FBGN0027073	3	2	2	0	0	0
FBGN0033834	0	0	0	0	0	0
FBGN0033926	17	9	34	1	2	1
FBGN0022288	269	247	393	173	187	219
FBGN0041239	0	0	0	0	0	0
FBGN0262566	0	0	0	0	0	0
FBGN0262115	122	102	161	134	152	168
FBGN0053199	0	0	0	0	0	0
FBGN0014009	76	105	97	173	212	250
FBGN0034301	1	4	4	0	0	1
FBGN0010591	69	57	76	53	85	80
FBGN0034283	0	0	0	0	0	0
FBGN0266488	14	1	8	7	3	1
FBGN0284245	18522	17838	25992	18107	25573	25607
FBGN0034489	0	0	0	0	0	0
FBGN0029134	444	366	542	442	655	704
FBGN0050424	5	1	2	0	0	0
FBGN0000352	58	70	87	117	169	128
FBGN0034923	85	114	209	77	119	106
FBGN0034884	0	0	0	0	0	1
FBGN0034270	4	4	4	13	16	2
FBGN0024836	357	366	414	674	962	861
FBGN0010425	2	3	6	0	0	1
FBGN0034399	76	68	79	72	76	66
FBGN0033580	0	0	0	0	0	1
FBGN0010226	227	220	232	275	668	612
FBGN0034328	0	0	0	0	0	0
FBGN0053460	6	0	2	0	1	2
FBGN0053462	0	1	1	0	0	0
FBGN0033731	98	83	133	8	6	11
FBGN0034447	57	66	65	78	148	105
FBGN0003612	63	38	68	150	215	131
FBGN0259707	0	0	0	0	0	0
FBGN0033614	0	0	0	0	0	0
FBGN0033716	18	13	9	27	52	39
FBGN0034255	0	0	0	0	0	0
FBGN0263270	0	0	0	0	0	0
FBGN0033638	32	16	37	45	63	73
FBGN0261588	30	41	52	39	81	66
FBGN0050072	0	0	0	0	0	0
FBGN0033052	64	53	95	109	146	128
FBGN0003074	126	132	164	223	343	316
FBGN0010435	228	225	301	406	600	627
FBGN0026386	0	0	0	0	0	0
FBGN0033339	258	236	392	462	684	724
FBGN0034649	3	6	3	9	17	8
FBGN0262360	0	0	0	0	0	0
FBGN0023167	437	437	653	217	385	396
FBGN0033207	0	0	0	0	0	0
FBGN0033206	34	20	60	70	59	56
FBGN0042085	200	157	209	265	396	417
FBGN0033085	7	3	7	10	10	14
FBGN0033874	0	0	0	0	0	0
FBGN0265605	1	2	11	6	2	4
FBGN0034058	22	11	21	24	22	28
FBGN0035000	0	0	0	0	1	0
FBGN0050419	0	0	0	0	0	0
FBGN0034083	58	72	83	155	218	198
FBGN0011260	531	495	673	1337	1659	1625
FBGN0040778	0	0	0	1	6	2
FBGN0015034	0	0	0	0	0	0
FBGN0061359	37	37	49	50	65	101
FBGN0035026	98	102	139	113	160	182
FBGN0050441	0	0	0	0	0	0
FBGN0050495	0	0	0	1	0	0
FBGN0266671	57	57	88	66	104	98
FBGN0262867	2	2	0	4	8	8
FBGN0024188	150	167	259	152	173	209
FBGN0034661	5	4	13	0	13	14
FBGN0262988	0	0	0	0	0	0
FBGN0283494	69	47	73	86	119	108
FBGN0003382	0	0	0	0	0	0
FBGN0033799	0	2	0	4	11	6
FBGN0022382	22	16	38	18	38	27
FBGN0033899	13	20	28	36	45	52
FBGN0034911	0	0	0	0	0	0
FBGN0041581	0	5	1	0	0	0
FBGN0261584	2	3	1	0	0	0
FBGN0050161	0	0	0	0	0	0
FBGN0033751	15	14	20	8	32	29
FBGN0021814	88	41	79	114	171	148
FBGN0034317	0	0	0	0	0	0
FBGN0013750	31	19	24	49	79	44
FBGN0033571	124	166	202	130	178	207
FBGN0262594	0	0	0	0	0	0
FBGN0034460	0	0	0	0	0	0
FBGN0050109	9	2	10	3	8	6
FBGN0035060	123	127	146	149	252	258
FBGN0085229	59	32	84	66	76	55
FBGN0260763	0	0	0	0	0	0
FBGN0034314	10	3	19	11	13	9
FBGN0034546	0	0	0	0	0	0
FBGN0033471	85	80	104	60	85	96
FBGN0033403	0	0	0	0	0	0
FBGN0015477	195	162	208	254	382	390
FBGN0250830	115	108	157	144	138	168
FBGN0050273	1	0	1	0	0	0
FBGN0033794	0	0	0	0	0	0
FBGN0262817	0	0	0	0	0	0
FBGN0035035	15	3	9	7	8	11
FBGN0265631	0	0	0	0	0	0
FBGN0004101	61	40	78	94	166	110
FBGN0034354	123	113	150	135	223	202
FBGN0266047	0	0	0	0	0	0
FBGN0050067	0	0	0	0	0	0
FBGN0034205	0	0	0	0	0	0
FBGN0003731	489	537	667	822	1290	1222
FBGN0086408	1	0	0	0	2	6
FBGN0043533	0	0	0	0	0	0
FBGN0033901	321	281	401	501	621	695
FBGN0005631	85	120	177	218	315	256
FBGN0053558	65	39	65	114	164	167
FBGN0028836	115	74	99	169	204	161
FBGN0029092	19	42	53	64	106	86
FBGN0286782	6	0	4	1	2	1
FBGN0033413	9	1	2	4	21	26
FBGN0040660	218	237	459	310	366	429
FBGN0262966	0	0	0	0	0	0
FBGN0010241	0	0	1	0	0	0
FBGN0033062	449	448	715	443	527	480
FBGN0027504	73	95	161	153	170	178
FBGN0033988	73	95	89	121	166	146
FBGN0033154	1	1	1	0	2	1
FBGN0033502	0	1	0	0	0	0
FBGN0033268	8	197	27	0	0	0
FBGN0033313	161	115	243	450	549	460
FBGN0261580	0	0	0	0	0	0
FBGN0034938	31	30	56	49	35	39
FBGN0034452	4	5	3	3	11	7
FBGN0034379	10	8	19	4	15	18
FBGN0286873	0	0	0	0	0	0
FBGN0286876	0	0	0	0	0	0
FBGN0034518	0	0	0	0	0	0
FBGN0283509	107	115	142	133	198	172
FBGN0265185	0	2	0	0	0	1
FBGN0010434	753	895	1284	1186	1563	1675
FBGN0086129	99	133	206	148	220	162
FBGN0050486	0	0	2	0	0	0
FBGN0034131	0	0	0	0	0	0
FBGN0034646	83	60	106	77	97	114
FBGN0259738	0	0	0	0	0	0
FBGN0034636	16	17	15	47	54	69
FBGN0033369	0	0	0	0	0	0
FBGN0050104	7	7	27	0	0	1
FBGN0034106	0	0	0	0	0	0
FBGN0265177	28	21	36	21	36	27
FBGN0053627	0	0	1	0	0	0
FBGN0010213	114	71	102	143	212	179
FBGN0033296	0	0	0	0	0	0
FBGN0034793	49	42	64	41	62	42
FBGN0033667	0	5	3	0	2	1
FBGN0263077	3	2	7	5	3	4
FBGN0033440	0	0	0	0	0	0
FBGN0085486	0	0	0	0	0	0
FBGN0004921	46	31	59	69	108	88
FBGN0015721	0	0	0	3	0	0
FBGN0033961	76	99	163	66	81	87
FBGN0033257	0	0	0	0	0	0
FBGN0034394	2	0	0	0	0	0
FBGN0265538	0	0	0	0	0	0
FBGN0033738	57	76	68	119	151	136
FBGN0261545	13	15	16	28	55	48
FBGN0034706	61	71	95	107	214	235
FBGN0028371	252	242	366	360	496	470
FBGN0011604	596	612	911	677	858	848
FBGN0062440	46	33	33	39	37	59
FBGN0033644	0	0	3	0	0	0
FBGN0027054	89	53	82	92	132	122
FBGN0262819	0	0	0	0	0	0
FBGN0000326	54	43	63	31	36	27
FBGN0085223	0	0	0	0	0	0
FBGN0261786	53	42	32	59	71	95
FBGN0033081	146	173	323	163	190	202
FBGN0053198	18	35	54	26	40	30
FBGN0033279	0	0	0	0	0	0
FBGN0033177	32	14	29	26	49	29
FBGN0024232	0	0	0	2	0	0
FBGN0033210	96	74	111	96	123	150
FBGN0050187	1	1	12	0	0	0
FBGN0035024	56	66	102	58	119	109
FBGN0034329	0	0	0	0	0	0
FBGN0040777	120	115	116	236	359	325
FBGN0263084	0	0	0	0	0	0
FBGN0025352	364	282	359	398	566	512
FBGN0262476	0	2	0	1	0	0
FBGN0034403	87	101	176	103	163	115
FBGN0050158	0	0	0	0	0	0
FBGN0050383	7	5	4	5	1	4
FBGN0034487	0	0	0	0	0	0
FBGN0022986	150	135	246	164	300	270
FBGN0034515	0	0	0	0	0	0
FBGN0034973	0	0	0	0	0	0
FBGN0033135	0	0	0	0	0	0
FBGN0034021	40	38	41	36	50	47
FBGN0033766	186	165	190	270	338	317
FBGN0050120	0	0	0	0	0	0
FBGN0041579	0	0	0	3	0	0
FBGN0004580	0	3	1	0	0	0
FBGN0033055	92	76	94	102	159	155
FBGN0259678	0	0	0	0	2	1
FBGN0261853	0	0	0	0	0	0
FBGN0035003	0	0	0	0	0	0
FBGN0262570	3	2	2	0	0	0
FBGN0013467	0	2	2	0	0	0
FBGN0259985	3	4	0	4	8	12
FBGN0033443	6	7	12	26	28	27
FBGN0050356	0	0	0	1	0	0
FBGN0034096	0	0	0	0	0	0
FBGN0010549	51	42	84	17	16	14
FBGN0259211	366	407	529	773	1004	896
FBGN0034577	116	151	206	136	217	202
FBGN0053964	5	9	1	7	11	15
FBGN0033484	0	23	1	0	1	0
FBGN0033970	1	0	0	0	1	0
FBGN0050083	0	0	0	0	0	0
FBGN0261854	183	172	222	244	335	404
FBGN0085408	66	71	106	134	260	160
FBGN0033351	52	58	69	77	84	72
FBGN0033789	0	0	0	2	0	3
FBGN0033785	44	49	57	97	131	101
FBGN0033905	7	3	7	1	4	2
FBGN0034844	0	0	0	0	0	0
FBGN0003091	0	6	0	3	2	3
FBGN0028561	0	0	0	0	0	0
FBGN0022027	14	18	13	15	20	22
FBGN0027495	125	99	123	158	289	334
FBGN0002567	16	8	9	14	24	6
FBGN0050392	8	4	6	18	32	20
FBGN0034545	0	0	0	0	0	0
FBGN0033724	1	0	0	6	5	1
FBGN0085425	0	0	0	0	0	0
FBGN0033886	314	302	507	374	574	558
FBGN0028424	18	10	16	0	0	1
FBGN0033168	0	0	0	0	0	0
FBGN0034351	59	72	80	53	79	75
FBGN0261596	1130	1509	1350	1157	1482	1579
FBGN0034032	2	13	3	17	35	16
FBGN0034605	0	0	0	0	0	0
FBGN0046692	44	34	44	60	50	47
FBGN0250822	0	0	0	0	0	0
FBGN0020312	20	19	31	59	81	69
FBGN0005648	295	215	342	329	400	424
FBGN0050287	0	0	0	0	0	0
FBGN0010052	0	0	0	0	0	0
FBGN0063497	3	5	2	5	3	8
FBGN0034624	0	0	0	0	0	0
FBGN0259728	25	61	69	11	14	15
FBGN0033708	0	0	0	0	0	0
FBGN0033566	46	34	47	38	57	70
FBGN0003527	0	0	0	0	0	0
FBGN0263116	0	0	0	0	0	0
FBGN0035023	12	5	6	20	22	13
FBGN0041240	0	0	0	0	0	0
FBGN0263076	0	0	0	0	0	0
FBGN0033769	11	9	8	12	20	5
FBGN0035039	22	19	10	13	32	23
FBGN0033557	141	148	234	156	160	207
FBGN0033402	25	47	64	39	61	37
FBGN0033969	0	0	0	0	0	0
FBGN0033887	0	0	0	0	0	0
FBGN0034717	2	0	0	0	0	1
FBGN0034639	2	0	0	0	0	1
FBGN0042180	3	1	3	12	18	12
FBGN0029105	1	1	0	0	0	0
FBGN0034324	0	0	0	0	0	0
FBGN0053458	0	0	0	0	0	0
FBGN0034072	265	291	441	610	620	587
FBGN0033340	35	13	59	45	46	36
FBGN0034650	32	24	52	30	72	52
FBGN0034664	0	0	0	0	0	0
FBGN0259682	11	19	30	1	4	4
FBGN0005636	5	3	6	3	3	10
FBGN0259709	0	0	1	2	0	1
FBGN0039969	77	103	132	95	106	88
FBGN0033507	39	55	80	57	50	50
FBGN0263848	0	0	0	0	0	0
FBGN0050343	4	1	1	0	0	8
FBGN0033479	5	13	13	22	24	34
FBGN0040732	5	13	20	1	1	2
FBGN0015247	8	6	20	14	31	46
FBGN0034510	0	0	0	0	0	0
FBGN0010488	603	745	999	984	1355	1251
FBGN0033792	0	0	0	0	0	0
FBGN0014870	523	635	846	431	600	616
FBGN0034479	1	1	8	0	3	0
FBGN0050285	0	0	0	0	1	0
FBGN0033391	10	15	35	21	33	34
FBGN0026136	0	0	0	0	0	0
FBGN0050172	0	9	3	0	0	0
FBGN0034060	69	79	124	94	174	139
FBGN0085426	0	0	0	0	0	0
FBGN0034908	68	58	117	54	91	81
FBGN0035021	37	23	73	51	85	78
FBGN0058191	78	85	79	82	134	120
FBGN0033222	1	0	0	0	0	0
FBGN0050418	39	52	81	56	92	117
FBGN0050461	0	0	0	0	0	0
FBGN0050476	20	24	16	19	21	24
FBGN0259210	0	0	0	0	0	0
FBGN0034364	7	11	2	0	1	0
FBGN0040736	0	0	0	0	0	0
FBGN0034602	0	0	0	0	0	0
FBGN0033032	397	295	467	506	651	482
FBGN0033875	11	4	8	110	113	142
FBGN0034439	0	0	0	0	0	16
FBGN0004795	0	4	0	0	0	0
FBGN0004362	1829	1621	2843	2368	3283	3098
FBGN0033204	1	0	1	0	0	0
FBGN0262583	0	0	0	0	0	0
FBGN0033591	0	0	0	0	0	0
FBGN0034420	42	36	45	40	90	64
FBGN0259187	0	0	0	0	0	0
FBGN0287775	186	180	206	566	729	693
FBGN0267792	1	2	1	3	4	0
FBGN0033701	0	0	0	0	0	0
FBGN0000715	0	1	0	0	0	0
FBGN0034982	43	76	92	111	145	182
FBGN0034918	43	19	33	17	42	41
FBGN0028955	0	0	0	0	2	0
FBGN0028372	2	2	3	1	5	8
FBGN0021847	29	33	39	59	88	76
FBGN0033523	24	15	25	44	84	52
FBGN0033727	0	0	0	0	0	0
FBGN0033427	60	54	60	50	76	76
FBGN0016984	80	171	397	88	139	130
FBGN0034582	0	1	0	0	0	0
FBGN0035083	56	14	41	164	258	203
FBGN0026403	0	0	2	0	0	0
FBGN0033372	20	25	24	34	32	54
FBGN0050073	0	0	0	0	0	0
FBGN0262026	7	7	4	13	18	20
FBGN0034683	0	0	0	0	0	0
FBGN0033547	7	3	7	6	10	26
FBGN0010228	740	960	1373	628	924	683
FBGN0050075	0	0	0	0	0	0
FBGN0033307	0	0	0	0	0	0
FBGN0053998	0	0	0	0	0	0
FBGN0033998	412	457	649	654	911	870
FBGN0086358	22	22	24	32	69	52
FBGN0004400	0	0	1	0	0	0
FBGN0033629	0	0	0	0	0	0
FBGN0050076	0	0	0	0	0	0
FBGN0013771	2	0	4	0	0	3
FBGN0264330	0	0	0	0	0	0
FBGN0033490	0	0	0	0	0	0
FBGN0034854	78	66	145	121	157	130
FBGN0033726	0	0	1	0	0	0
FBGN0042198	0	0	0	0	0	0
FBGN0053147	0	0	0	0	0	0
FBGN0033723	0	0	0	0	0	0
FBGN0034743	828	791	1508	724	1073	1001
FBGN0034429	0	0	0	0	0	0
FBGN0013954	564	476	698	775	1243	1214
FBGN0026721	23	23	21	8	15	13
FBGN0034204	0	0	0	0	0	0
FBGN0001276	26	7	28	52	75	65
FBGN0033448	2	0	1	2	0	1
FBGN0033935	19	24	21	22	22	29
FBGN0021872	44	28	96	91	159	141
FBGN0260932	10	10	7	10	5	20
FBGN0034231	11	12	16	13	19	19
FBGN0085452	0	0	0	2	0	0
FBGN0260761	0	0	0	0	0	0
FBGN0033165	0	0	0	0	0	0
FBGN0010342	352	282	456	433	557	501
FBGN0259968	0	0	0	0	0	0
FBGN0028737	761	628	1127	750	1212	1016
FBGN0259246	0	4	0	0	0	0
FBGN0033224	125	93	121	236	300	311
FBGN0033615	43	42	47	48	66	57
FBGN0085214	0	0	0	0	0	0
FBGN0266420	150	117	198	153	267	251
FBGN0033214	0	0	0	0	0	0
FBGN0033292	0	2	2	0	0	0
FBGN0050093	0	0	0	0	0	0
FBGN0033868	0	0	0	0	0	0
FBGN0003660	213	207	301	269	317	283
FBGN0263144	79	78	133	113	122	124
FBGN0034422	83	90	190	80	76	95
FBGN0086757	9	10	11	6	16	21
FBGN0033368	0	0	0	0	0	0
FBGN0034786	6	5	26	15	36	19
FBGN0050268	0	0	0	0	0	0
FBGN0004512	76	79	140	75	128	120
FBGN0050372	50	47	75	82	106	77
FBGN0033902	288	314	378	393	697	641
FBGN0034721	0	0	0	0	0	0
FBGN0000473	0	0	0	0	0	0
FBGN0284249	69	54	68	135	142	107
FBGN0035044	34	25	22	36	39	32
FBGN0000546	151	156	202	199	331	323
FBGN0033110	0	0	0	0	0	0
FBGN0011300	62	44	90	83	161	145
FBGN0033933	0	0	0	0	0	0
FBGN0050468	0	0	0	0	0	0
FBGN0264377	0	0	0	0	0	0
FBGN0034406	8	7	11	0	3	1
FBGN0033782	0	2	2	0	0	0
FBGN0260223	20	12	14	5	18	8
FBGN0001220	481	599	808	544	675	800
FBGN0026533	409	496	795	491	578	671
FBGN0022984	84	94	123	106	184	188
FBGN0034913	62	79	100	72	87	80
FBGN0026261	25	42	50	40	29	29
FBGN0027783	222	235	333	326	440	519
FBGN0026582	30	3	24	19	20	38
FBGN0034053	0	0	0	0	0	0
FBGN0034509	0	0	0	0	0	0
FBGN0027580	236	225	319	156	163	195
FBGN0033428	161	143	186	136	277	260
FBGN0259726	0	0	5	0	1	3
FBGN0050081	0	0	0	0	0	0
FBGN0011674	8	5	3	1	12	5
FBGN0003174	180	174	236	209	247	273
FBGN0034736	0	0	0	0	0	0
FBGN0033677	23	13	26	19	42	34
FBGN0033429	20	24	28	7	5	13
FBGN0003071	220	230	334	248	304	323
FBGN0050096	5	7	6	7	11	5
FBGN0033540	167	150	199	130	182	188
FBGN0085442	63	43	65	71	106	109
FBGN0054038	5	8	12	17	20	19
FBGN0035011	0	0	0	0	0	0
FBGN0034612	0	2	3	0	0	0
FBGN0025830	61	54	69	79	114	84
FBGN0034271	21	23	21	20	34	41
FBGN0025454	11	36	16	0	1	0
FBGN0033389	6	0	3	3	6	5
FBGN0262481	0	2	8	0	0	0
FBGN0261538	4	0	0	2	0	8
FBGN0033469	0	0	0	0	0	0
FBGN0050045	0	0	0	0	0	0
FBGN0034962	65	37	64	70	119	135
FBGN0035086	0	0	0	0	2	2
FBGN0034345	136	104	118	188	242	206
FBGN0053144	14	13	25	32	43	38
FBGN0261611	1	0	0	0	0	0
FBGN0265877	0	0	0	0	0	0
FBGN0261067	55	50	105	49	61	53
FBGN0033809	0	0	0	1	1	6
FBGN0034622	0	0	0	0	0	0
FBGN0261269	129	102	136	156	243	192
FBGN0263120	210	271	352	298	390	350
FBGN0026369	52	46	62	91	112	80
FBGN0050404	72	71	108	110	125	140
FBGN0033836	1	3	3	0	1	0
FBGN0063495	7	13	19	8	8	9
FBGN0050054	0	0	7	3	4	1
FBGN0034674	36	28	54	46	58	69
FBGN0034051	133	136	199	249	309	291
FBGN0000577	41	35	56	144	205	184
FBGN0261698	0	0	0	0	0	0
FBGN0025716	183	135	182	177	224	201
FBGN0034925	2	2	6	5	2	6
FBGN0033645	0	0	0	0	0	0
FBGN0033610	0	0	0	0	0	0
FBGN0001148	0	0	0	0	0	0
FBGN0034484	0	0	0	0	0	0
FBGN0033258	7	2	3	13	18	15
FBGN0260964	0	0	0	0	0	0
FBGN0050088	0	0	0	0	0	3
FBGN0053530	0	0	0	0	0	0
FBGN0050203	0	0	0	0	0	0
FBGN0033725	212	474	272	412	634	431
FBGN0033047	0	1	0	0	0	0
FBGN0033482	240	221	314	347	476	495
FBGN0263397	0	0	0	2	0	2
FBGN0050077	32	17	26	26	33	25
FBGN0019928	0	0	0	0	0	0
FBGN0283437	38	32	23	8	36	13
FBGN0261850	68	74	94	71	163	135
FBGN0033275	0	0	0	0	0	0
FBGN0033130	0	5	0	2	7	2
FBGN0050410	91	74	89	58	139	156
FBGN0034172	21	37	31	38	60	53
FBGN0034218	0	0	0	0	0	0
FBGN0034942	0	0	0	0	0	0
FBGN0265186	0	0	0	0	0	0
FBGN0033404	0	0	0	0	0	0
FBGN0033737	73	62	93	71	98	129
FBGN0265192	45	55	37	54	66	90
FBGN0033993	9	15	7	25	32	23
FBGN0034838	0	0	0	0	0	0
FBGN0050114	0	0	0	0	0	0
FBGN0050085	119	112	199	198	232	270
FBGN0034321	0	0	0	0	0	0
FBGN0035041	0	0	0	0	0	0
FBGN0034095	1	0	3	4	4	0
FBGN0034583	186	135	209	104	149	154
FBGN0002930	1	7	6	7	9	2
FBGN0263006	432	457	709	821	1356	1248
FBGN0033736	0	0	0	0	0	0
FBGN0034326	0	0	0	0	0	0
FBGN0053626	0	0	0	0	0	0
FBGN0033609	45	62	90	118	170	166
FBGN0034641	179	216	326	279	306	303
FBGN0033438	76	74	100	123	200	191
FBGN0034194	19	27	37	18	44	32
FBGN0260767	0	0	0	0	1	6
FBGN0004698	88	90	142	74	121	95
FBGN0033527	31	31	17	38	91	55
FBGN0033439	0	3	0	0	0	0
FBGN0034295	0	0	0	0	0	0
FBGN0259185	0	0	0	0	0	0
FBGN0034742	52	39	86	66	55	51
FBGN0034915	363	223	272	117	230	222
FBGN0262166	41	26	41	28	59	39
FBGN0085400	132	134	181	232	310	284
FBGN0266438	5	14	13	9	21	15
FBGN0263029	0	2	0	0	0	0
FBGN0024315	5	10	4	4	1	0
FBGN0034869	0	0	0	0	0	0
FBGN0034534	69	49	71	74	79	87
FBGN0085256	35	53	90	23	14	8
FBGN0033574	0	0	2	10	21	15
FBGN0033752	21	20	26	36	51	52
FBGN0022160	13	11	27	20	18	15
FBGN0016687	206	191	318	316	502	428
FBGN0045063	40	50	83	107	126	109
FBGN0085245	0	0	0	0	0	0
FBGN0034292	0	0	0	0	0	0
FBGN0085473	0	0	0	0	0	0
FBGN0033232	43	43	60	42	63	54
FBGN0034210	13	22	25	24	27	39
FBGN0010660	348	423	614	452	659	569
FBGN0033813	13	9	17	9	17	16
FBGN0034186	28	57	44	58	65	75
FBGN0003082	29	19	19	29	32	26
FBGN0033692	9	36	12	15	20	22
FBGN0053988	0	0	0	0	0	0
FBGN0034827	0	0	0	0	0	0
FBGN0050183	27	21	27	45	71	73
FBGN0053544	0	0	0	0	0	0
FBGN0034264	31	28	69	49	70	58
FBGN0034606	38	50	114	73	120	89
FBGN0015582	7	3	17	28	31	43
FBGN0263998	259	243	256	341	457	489
FBGN0027079	378	496	604	402	541	678
FBGN0283521	421	488	644	589	899	775
FBGN0053348	0	0	0	0	0	0
FBGN0085436	556	406	595	842	1101	1120
FBGN0028560	0	0	0	0	0	0
FBGN0033031	0	0	0	0	0	0
FBGN0034861	3	3	6	0	5	3
FBGN0260392	4	2	5	6	11	2
FBGN0263271	0	0	0	0	0	0
FBGN0050438	1	1	1	1	4	1
FBGN0033358	0	1	0	0	0	0
FBGN0050485	0	0	0	0	0	0
FBGN0263021	0	0	0	0	0	0
FBGN0011763	191	194	328	289	368	373
FBGN0000079	2	1	1	0	0	0
FBGN0026722	63	65	76	81	111	91
FBGN0033086	0	1	2	2	6	5
FBGN0013307	2	0	0	0	6	0
FBGN0014028	130	112	120	103	199	167
FBGN0033134	0	5	5	0	1	0
FBGN0034427	0	0	0	0	0	0
FBGN0033761	67	45	64	57	79	54
FBGN0004133	29	42	63	77	119	96
FBGN0034784	5	0	0	0	0	0
FBGN0000241	0	0	0	0	0	0
FBGN0033863	0	0	0	0	0	0
FBGN0033302	2	8	9	0	0	0
FBGN0022985	59	59	83	63	101	67
FBGN0034400	68	75	135	104	173	178
FBGN0034822	0	0	0	0	0	0
FBGN0033074	0	0	0	0	0	0
FBGN0033124	1	1	0	0	0	0
FBGN0033344	0	0	0	0	0	0
FBGN0040674	0	0	0	0	0	0
FBGN0033889	8	13	21	169	300	323
FBGN0014269	105	67	73	108	128	122
FBGN0034707	77	47	82	78	109	114
FBGN0026427	181	127	267	256	330	290
FBGN0035047	19	28	26	17	19	23
FBGN0034502	0	0	0	0	0	0
FBGN0284235	5	4	10	11	12	4
FBGN0003090	54	52	71	92	153	130
FBGN0265011	20	38	23	162	278	207
FBGN0287825	62	60	58	96	125	127
FBGN0040294	87	61	98	93	116	145
FBGN0033903	0	0	3	0	0	1
FBGN0033405	2	0	4	0	0	2
FBGN0033149	0	0	0	0	0	0
FBGN0024249	0	0	0	1	1	0
FBGN0085453	1	1	5	4	2	1
FBGN0034985	46	38	78	151	259	232
FBGN0033705	0	0	0	0	0	0
FBGN0053752	0	0	0	0	0	0
FBGN0034921	108	106	166	81	120	148
FBGN0020521	260	266	300	859	1270	1080
FBGN0027513	45	19	28	27	52	58
FBGN0027506	37	42	35	41	105	108
FBGN0034538	0	0	0	0	3	0
FBGN0263121	0	0	0	0	0	0
FBGN0086604	0	4	0	0	0	0
FBGN0052843	0	3	0	5	11	13
FBGN0033912	1037	807	1202	1111	1411	1268
FBGN0034924	0	0	1	0	0	0
FBGN0016053	0	0	0	0	0	0
FBGN0050000	115	91	119	81	118	111
FBGN0033133	7	21	16	1	3	2
FBGN0033635	3	10	7	8	13	1
FBGN0026309	78	60	105	180	226	274
FBGN0034085	3	0	0	0	0	1
FBGN0033672	30	22	42	39	64	60
FBGN0050181	0	0	0	0	0	0
FBGN0033475	56	73	99	62	79	84
FBGN0033100	57	59	87	69	85	123
FBGN0034820	0	0	0	0	0	0
FBGN0267824	81	102	115	102	178	177
FBGN0040513	25	28	56	22	41	34
FBGN0033911	0	0	6	0	1	0
FBGN0085397	109	164	189	341	412	406
FBGN0033400	45	52	85	68	88	71
FBGN0262124	126	92	193	167	193	226
FBGN0063491	0	3	4	0	0	0
FBGN0041242	0	0	0	0	0	0
FBGN0005614	0	0	0	0	0	0
FBGN0050033	0	0	0	0	0	0
FBGN0050197	4	5	0	5	4	1
FBGN0033504	3	3	5	18	11	8
FBGN0054054	0	0	1	0	0	0
FBGN0033683	18	6	7	10	20	16
FBGN0050125	0	0	0	0	0	0
FBGN0013348	0	0	0	0	0	0
FBGN0050366	0	0	0	0	0	0
FBGN0040743	0	0	0	0	0	0
FBGN0002533	3	3	6	16	7	11
FBGN0050373	34	24	47	36	37	30
FBGN0034094	5	7	4	4	8	3
FBGN0284257	53	46	81	64	77	58
FBGN0033460	143	136	179	226	302	329
FBGN0263980	0	0	0	0	0	0
FBGN0085259	0	0	0	0	0	0
FBGN0050291	69	72	116	91	124	138
FBGN0028579	18	9	17	40	44	28
FBGN0053182	44	53	57	61	87	58
FBGN0019938	263	286	434	357	378	413
FBGN0050488	0	0	0	0	0	0
FBGN0037084	1	0	11	4	4	8
FBGN0034904	0	0	0	0	0	0
FBGN0034258	960	837	1314	1415	2109	2238
FBGN0034789	0	0	0	0	0	0
FBGN0050035	4	15	24	3	5	3
FBGN0033521	0	1	2	1	0	0
FBGN0003044	77	107	132	150	219	192
FBGN0050148	3	3	1	1	1	1
FBGN0033017	101	91	100	170	130	128
FBGN0260401	16	31	35	34	50	34
FBGN0033501	0	0	0	1	0	0
FBGN0050052	0	0	0	0	0	0
FBGN0261387	187	266	363	215	222	236
FBGN0050048	0	0	0	0	0	0
FBGN0263000	0	0	0	0	0	0
FBGN0035069	0	0	0	0	0	0
FBGN0033159	164	200	216	318	422	357
FBGN0033844	96	78	125	88	128	106
FBGN0033196	1	3	1	2	0	0
FBGN0261385	434	442	738	564	730	640
FBGN0063494	217	201	329	0	2	1
FBGN0287774	100	105	159	103	139	160
FBGN0042173	0	0	0	0	0	0
FBGN0033812	21	55	44	77	104	90
FBGN0016131	36	39	49	102	160	142
FBGN0003545	87	115	166	126	165	201
FBGN0033916	29	37	53	34	52	67
FBGN0033388	0	0	0	0	0	3
FBGN0011660	33	32	54	50	57	61
FBGN0025469	11	3	12	7	13	13
FBGN0050350	0	0	0	0	0	0
FBGN0027596	66	71	107	60	95	109
FBGN0010278	710	727	1248	493	576	643
FBGN0034390	152	101	155	130	162	158
FBGN0033054	0	1	0	1	0	0
FBGN0010114	0	3	0	0	0	0
FBGN0033873	0	0	0	0	0	0
FBGN0034808	5	2	4	11	9	7
FBGN0033243	0	0	0	0	0	0
FBGN0261673	7	1	2	13	21	16
FBGN0034667	0	0	0	0	0	0
FBGN0033891	18	16	17	7	19	16
FBGN0033690	5	4	4	7	13	9
FBGN0085263	0	0	0	0	0	0
FBGN0013772	0	0	0	0	0	0
FBGN0265191	70	66	108	102	153	159
FBGN0023441	77	68	89	112	196	215
FBGN0013325	1355	1543	2253	1150	1626	1708
FBGN0034488	180	222	205	268	355	352
FBGN0003256	42	18	44	68	78	62
FBGN0262739	285	321	400	425	692	595
FBGN0053519	3	0	0	0	4	0
FBGN0034997	54	86	85	62	99	106
FBGN0013548	52	54	63	65	112	111
FBGN0050278	0	0	0	0	0	0
FBGN0011236	65	60	80	44	62	75
FBGN0033653	20	28	19	32	42	38
FBGN0033778	0	0	0	0	0	0
FBGN0034728	159	168	252	110	122	147
FBGN0033787	4	1	0	1	0	1
FBGN0050094	7	8	14	1	15	6
FBGN0034462	37	35	29	150	198	152
FBGN0053527	0	2	0	0	0	0
FBGN0034225	11	1	17	0	1	1
FBGN0050359	30	54	45	19	22	14
FBGN0263102	284	305	391	519	704	714
FBGN0033317	193	185	343	175	188	209
FBGN0033304	2	1	0	1	1	1
FBGN0033185	19	45	24	69	69	61
FBGN0013732	35	25	35	80	117	102
FBGN0034537	103	103	187	93	164	144
FBGN0015949	83	110	126	214	312	282
FBGN0050375	0	0	0	0	0	0
FBGN0262820	0	0	0	0	0	0
FBGN0283480	0	0	0	0	0	0
FBGN0034907	0	0	0	0	0	0
FBGN0027548	327	343	477	410	615	629
FBGN0034113	69	68	105	49	53	88
FBGN0259729	0	0	0	0	0	0
FBGN0033784	3	8	10	9	13	12
FBGN0261439	259	189	261	316	484	579
FBGN0020506	0	0	0	0	0	0
FBGN0033601	0	0	0	0	0	0
FBGN0033132	0	2	0	0	0	0
FBGN0034530	5	9	10	17	14	6
FBGN0034803	10	3	3	0	6	5
FBGN0022740	0	0	0	0	0	0
FBGN0053476	0	0	0	0	0	0
FBGN0053757	0	0	0	0	0	0
FBGN0034490	0	0	9	2	2	1
FBGN0260798	130	155	251	139	158	139
FBGN0028497	25	36	38	51	73	56
FBGN0034288	0	4	2	18	10	568
FBGN0033733	0	0	0	0	0	0
FBGN0053506	60	66	61	70	85	98
FBGN0034069	0	0	0	0	0	0
FBGN0034552	0	0	0	0	0	0
FBGN0026602	10	13	12	6	13	7
FBGN0033316	72	48	89	66	98	79
FBGN0034010	68	82	124	13	6	0
FBGN0022960	79	103	94	125	188	192
FBGN0003353	1	5	1	13	12	6
FBGN0286784	1817	2082	2648	1662	2483	2480
FBGN0034243	314	313	416	241	326	364
FBGN0286813	191	220	242	220	328	336
FBGN0027525	107	104	179	103	163	145
FBGN0035004	0	0	0	0	0	0
FBGN0033594	0	0	0	0	0	0
FBGN0026393	0	0	1	0	0	0
FBGN0034054	12	21	20	19	21	34
FBGN0034576	41	25	55	37	52	61
FBGN0033041	0	0	0	0	0	0
FBGN0033229	5	2	19	13	23	12
FBGN0040502	0	0	0	0	0	0
FBGN0085390	0	1	0	0	0	0
FBGN0284246	90	122	130	96	127	142
FBGN0050005	4	3	6	9	5	3
FBGN0033654	4	1	7	10	8	12
FBGN0034249	79	83	121	104	162	174
FBGN0025334	0	0	0	0	0	0
FBGN0263113	0	0	0	0	1	0
FBGN0033729	0	0	1	0	0	0
FBGN0027585	140	107	228	177	231	207
FBGN0050108	7	7	3	7	6	14
FBGN0035046	47	22	33	50	66	59
FBGN0034435	0	0	0	0	0	0
FBGN0053200	0	0	0	0	0	0
FBGN0275436	10	15	16	20	28	37
FBGN0034433	53	61	108	91	134	123
FBGN0010316	48	63	67	68	90	100
FBGN0261041	0	2	2	0	0	0
FBGN0033582	1	0	0	0	0	0
FBGN0033277	0	0	0	0	0	0
FBGN0023477	260	247	300	289	413	400
FBGN0262807	0	0	0	0	0	0
FBGN0034290	5	19	16	4	3	0
FBGN0033350	24	30	53	36	53	58
FBGN0033983	0	1	0	0	0	0
FBGN0035070	0	0	0	0	0	0
FBGN0034248	24	34	49	12	18	14
FBGN0011296	2	9	17	2	3	1
FBGN0260959	41	61	73	73	93	66
FBGN0033985	0	0	0	0	0	0
FBGN0034662	0	0	0	0	0	0
FBGN0002534	4	7	10	16	3	18
FBGN0263999	0	0	0	0	0	0
FBGN0034659	5	0	3	1	2	0
FBGN0053145	8	7	12	15	9	22
FBGN0028669	0	0	0	0	0	0
FBGN0034880	4	0	4	0	3	0
FBGN0034423	0	0	0	0	0	0
FBGN0033973	14	8	6	21	25	29
FBGN0003391	858	746	993	1756	2433	2318
FBGN0026378	53	37	81	65	75	62
FBGN0001091	464	632	831	483	685	772
FBGN0033872	0	11	0	0	1	0
FBGN0288232	0	0	0	0	0	0
FBGN0034481	0	0	0	0	0	0
FBGN0050325	0	0	0	0	0	0
FBGN0033366	7	11	12	0	0	3
FBGN0265762	0	0	0	0	0	0
FBGN0025578	49	13	11	4	0	0
FBGN0033079	3	0	12	0	1	0
FBGN0033129	0	0	0	0	0	0
FBGN0016641	5	7	16	12	25	21
FBGN0034816	10	14	13	6	5	10
FBGN0015872	40	14	30	22	25	36
FBGN0034783	0	0	0	0	0	0
FBGN0033216	0	0	0	0	0	0
FBGN0264560	118	114	135	137	196	248
FBGN0026754	0	0	0	0	0	0
FBGN0034842	0	0	0	0	0	0
FBGN0061198	51	56	89	78	87	97
FBGN0034313	116	108	127	95	188	162
FBGN0001319	7	7	16	28	48	46
FBGN0033650	0	0	0	0	0	0
FBGN0033453	16	18	40	28	33	45
FBGN0035057	12	14	4	18	37	26
FBGN0035032	151	109	175	275	428	380
FBGN0034928	1	5	6	8	6	4
FBGN0034989	77	40	83	94	121	103
FBGN0041233	0	0	0	0	0	0
FBGN0034703	44	44	68	49	56	63
FBGN0033948	8	6	5	8	10	6
FBGN0054005	0	0	0	0	0	0
FBGN0033212	114	118	121	178	279	287
FBGN0033067	0	0	0	0	0	0
FBGN0086519	0	0	0	0	0	0
FBGN0050379	0	1	0	0	0	0
FBGN0033373	2	3	5	5	9	7
FBGN0262116	109	79	101	181	153	172
FBGN0033128	0	0	0	0	0	0
FBGN0050042	0	0	0	0	0	0
FBGN0000008	30	26	50	29	47	58
FBGN0034142	228	221	282	418	623	576
FBGN0033931	0	0	0	0	0	0
FBGN0033649	3	2	17	7	18	9
FBGN0033072	0	0	0	0	0	0
FBGN0034788	0	0	0	0	0	0
FBGN0261397	50	41	52	73	77	76
FBGN0034688	15	23	39	34	33	27
FBGN0034099	0	0	0	0	0	0
FBGN0033169	66	92	107	76	130	114
FBGN0000581	97	104	120	107	181	123
FBGN0035077	0	1	0	0	0	0
FBGN0085248	0	0	0	0	0	0
FBGN0003274	1263	1486	2332	1029	1382	1537
FBGN0034859	34	34	32	47	65	54
FBGN0033685	0	0	0	0	0	0
FBGN0033593	0	6	0	1	0	0
FBGN0034477	0	0	0	0	0	0
FBGN0034958	15	16	13	26	29	23
FBGN0033167	0	0	0	0	0	0
FBGN0050484	0	0	0	0	0	0
FBGN0033020	0	0	0	0	0	0
FBGN0259238	52	48	62	66	67	61
FBGN0034143	13	8	13	4	9	8
FBGN0086677	0	0	0	0	0	0
FBGN0264298	0	0	0	0	0	0
FBGN0028563	67	70	98	99	124	130
FBGN0262515	84	60	102	114	242	199
FBGN0266439	0	0	0	0	0	0
FBGN0033584	2	7	2	6	5	2
FBGN0033015	92	80	151	113	146	124
FBGN0034634	5	3	6	4	8	13
FBGN0040091	22	18	28	21	37	35
FBGN0034572	87	83	114	88	172	135
FBGN0040751	9	4	10	9	5	7
FBGN0043792	1	1	3	7	2	3
FBGN0003009	0	0	0	0	0	0
FBGN0262567	0	0	0	0	0	0
FBGN0034138	1102	1298	2017	1083	1404	1375
FBGN0034521	11	7	8	14	8	10
FBGN0010423	5	1	1	0	0	0
FBGN0033442	0	0	0	0	0	0
FBGN0024196	45	60	79	54	79	98
FBGN0085220	41	31	47	90	103	100
FBGN0033680	0	0	0	0	0	0
FBGN0085415	0	0	0	0	0	0
FBGN0033431	31	22	37	22	22	24
FBGN0011286	0	1	0	1	0	0
FBGN0034819	2	4	4	0	0	0
FBGN0262824	0	0	0	0	0	0
FBGN0267728	22	10	44	35	63	53
FBGN0033166	24	15	25	36	45	72
FBGN0000181	709	982	1491	631	1049	1076
FBGN0263391	585	674	906	696	972	1028
FBGN0011589	1	0	0	0	0	0
FBGN0034007	0	0	0	0	0	0
FBGN0026361	45	42	72	22	51	51
FBGN0053469	0	2	0	2	0	0
FBGN0034939	99	126	161	128	162	145
FBGN0034237	800	810	1166	1229	1701	1624
FBGN0265174	7	6	3	3	7	19
FBGN0265045	4	14	5	17	12	16
FBGN0034865	0	0	0	0	0	0
FBGN0020372	0	5	0	2	0	0
FBGN0034578	3	9	9	5	7	7
FBGN0002787	314	453	850	386	582	513
FBGN0050296	0	2	0	0	0	0
FBGN0034590	84	84	131	118	206	162
FBGN0085219	0	0	0	0	0	0
FBGN0033447	0	0	0	0	0	0
FBGN0041087	1	5	0	8	9	3
FBGN0040735	0	0	0	0	0	0
FBGN0033541	0	0	0	18	10	991
FBGN0034569	69	80	130	75	88	60
FBGN0033721	0	0	0	0	0	0
FBGN0002531	41	25	60	39	21	33
FBGN0023171	27	20	38	18	41	29
FBGN0034411	4	3	2	0	1	0
FBGN0261501	0	0	0	0	0	0
FBGN0024234	216	158	244	371	550	513
FBGN0029006	98	85	115	143	173	156
FBGN0033434	123	119	124	136	159	202
FBGN0033971	13	13	14	13	24	33
FBGN0034975	143	180	224	217	351	294
FBGN0011726	1152	1283	1961	1127	1478	1419
FBGN0033934	13	8	16	10	18	22
FBGN0033949	7	9	3	6	6	6
FBGN0288447	0	0	0	0	0	0
FBGN0033494	0	0	0	0	0	0
FBGN0034529	21	21	34	35	50	43
FBGN0033732	0	1	0	0	0	0
FBGN0033955	0	0	0	0	0	0
FBGN0033095	14	9	15	15	39	13
FBGN0014020	417	382	576	389	526	476
FBGN0053475	0	0	0	0	0	0
FBGN0028741	40	30	36	42	62	59
FBGN0028991	6	10	8	11	26	18
FBGN0033819	0	0	0	0	0	0
FBGN0020306	265	234	422	409	561	524
FBGN0034523	29	29	44	55	70	65
FBGN0085341	0	0	0	0	0	0
FBGN0034716	0	1	0	0	0	0
FBGN0261807	0	0	0	0	0	0
FBGN0050087	0	0	0	0	0	0
FBGN0033117	25	39	76	54	67	62
FBGN0261292	0	0	0	0	0	0
FBGN0034759	0	0	0	0	0	0
FBGN0085487	0	0	0	0	0	0
FBGN0005624	76	106	129	163	248	231
FBGN0033572	0	0	0	0	0	0
FBGN0034592	0	0	0	0	0	0
FBGN0050431	0	0	0	0	0	0
FBGN0033693	5	5	7	14	7	8
FBGN0025360	4	3	6	6	22	6
FBGN0034151	0	0	0	0	0	0
FBGN0002736	160	101	121	176	318	273
FBGN0033423	0	0	0	2	0	0
FBGN0040092	0	0	0	0	0	0
FBGN0050394	18	24	18	40	54	49
FBGN0027788	0	2	0	0	0	2
FBGN0034315	112	106	120	126	171	184
FBGN0002715	19	10	27	24	21	39
FBGN0033830	0	0	0	0	0	0
FBGN0033474	47	50	73	90	120	109
FBGN0061362	6	11	18	9	12	7
FBGN0022238	56	35	57	89	100	66
FBGN0085254	0	0	0	0	0	0
FBGN0033589	0	0	0	0	0	0
FBGN0050502	0	0	0	0	0	0
FBGN0033287	0	0	0	0	0	0
FBGN0263780	6	7	19	7	11	6
FBGN0034467	0	0	0	0	0	0
FBGN0033864	0	0	0	0	0	0
FBGN0033459	11	16	14	12	9	15
FBGN0033247	86	78	117	65	122	155
FBGN0053774	26	20	19	42	56	50
FBGN0265577	2	10	1	0	1	0
FBGN0262568	0	0	0	0	0	0
FBGN0033379	171	121	281	192	275	292
FBGN0054045	0	0	0	0	0	0
FBGN0034901	1527	100	451	2	0	0
FBGN0034495	26	22	46	37	32	30
FBGN0013272	2036	1928	2798	3718	4875	4828
FBGN0263742	0	0	0	0	0	0
FBGN0286070	39	34	55	78	112	86
FBGN0085472	0	0	0	0	0	0
FBGN0035050	0	0	0	0	0	0
FBGN0033273	13	18	31	41	41	42
FBGN0050105	19	16	24	16	27	14
FBGN0034598	196	199	350	209	346	294
FBGN0034397	0	0	0	0	0	0
FBGN0034491	29	19	49	66	72	75
FBGN0250838	97	72	109	191	269	269
FBGN0034564	28	19	40	67	116	102
FBGN0010551	501	443	711	527	819	785
FBGN0034588	0	0	1	0	0	0
FBGN0035094	9	3	2	0	0	2
FBGN0034401	228	261	369	310	398	370
FBGN0261862	84	106	114	169	221	231
FBGN0050163	0	0	3	0	0	0
FBGN0033777	30	27	28	35	42	45
FBGN0265373	0	0	0	0	0	0
FBGN0026761	104	85	95	116	148	162
FBGN0265137	40	39	28	44	84	94
FBGN0013725	5	7	0	3	4	2
FBGN0034761	5	2	0	1	1	1
FBGN0034943	1	6	6	0	0	1
FBGN0025573	0	0	0	0	0	0
FBGN0034729	0	0	4	1	2	5
FBGN0034512	4	7	2	2	0	3
FBGN0034494	18	25	35	31	29	37
FBGN0034009	7	11	8	18	31	21
FBGN0050430	0	0	0	0	0	0
FBGN0015929	404	400	554	507	690	760
FBGN0050489	0	0	0	0	0	0
FBGN0034956	7	2	1	6	30	32
FBGN0013756	624	704	1076	1311	1651	1570
FBGN0085225	0	0	0	0	0	0
FBGN0033978	0	0	2	0	0	0
FBGN0086350	10	6	12	10	9	7
FBGN0033816	75	56	61	64	80	106
FBGN0023181	27	33	51	44	49	55
FBGN0010414	0	0	0	0	0	1
FBGN0034666	2	0	0	0	0	0
FBGN0259966	0	0	0	0	0	0
FBGN0050464	0	0	0	0	0	0
FBGN0034792	153	158	190	159	222	222
FBGN0050095	0	0	0	0	0	0
FBGN0033401	63	43	67	96	115	100
FBGN0020620	32	34	46	54	80	63
FBGN0053138	132	98	159	159	284	245
FBGN0034846	0	0	0	0	0	0
FBGN0033312	0	0	0	0	0	0
FBGN0033706	0	0	0	0	0	0
FBGN0264299	0	0	0	0	0	0
FBGN0034430	33	25	53	57	51	64
FBGN0015925	73	51	92	96	107	119
FBGN0046879	0	0	0	0	0	0
FBGN0263510	218	224	374	194	332	328
FBGN0013435	33	53	82	44	50	40
FBGN0033757	20	32	35	45	37	53
FBGN0033065	0	0	1	0	0	0
FBGN0284237	0	0	0	0	0	1
FBGN0045483	0	0	0	0	0	0
FBGN0034486	0	0	0	0	0	0
FBGN0034177	19	23	32	17	27	43
FBGN0015001	0	0	0	0	0	0
FBGN0266486	0	0	0	0	0	1
FBGN0266708	0	0	0	0	0	0
FBGN0016684	2	0	0	0	0	0
FBGN0286511	22	18	20	29	29	39
FBGN0033741	334	302	521	394	480	416
FBGN0050284	0	0	0	0	0	0
FBGN0033058	0	0	0	0	0	0
FBGN0041585	11	13	43	37	57	23
FBGN0028552	29	31	96	53	67	63
FBGN0034426	0	0	0	0	0	0
FBGN0284243	5751	5260	6744	8466	14498	13855
FBGN0050414	3	9	3	1	0	1
FBGN0034497	0	0	1	0	0	2
FBGN0034651	0	0	0	0	0	0
FBGN0043010	10	3	0	4	17	9
FBGN0029079	233	223	354	249	227	240
FBGN0002716	0	0	0	0	0	0
FBGN0034833	0	0	0	0	0	0
FBGN0053461	0	0	0	0	0	0
FBGN0034416	0	0	0	1	0	0
FBGN0261403	196	164	270	305	315	382
FBGN0034693	5	10	2	25	21	15
FBGN0053704	0	0	0	0	0	0
FBGN0050100	5	6	6	4	7	2
FBGN0034996	0	0	0	0	0	0
FBGN0053017	0	0	0	0	0	0
FBGN0259184	0	0	0	0	0	0
FBGN0050289	0	0	0	0	0	0
FBGN0011211	1326	1093	1291	1856	2896	3052
FBGN0033598	0	0	2	1	0	2
FBGN0034162	10	12	6	5	5	8
FBGN0086655	88	80	131	225	291	284
FBGN0286778	42	34	29	32	43	48
FBGN0085398	0	0	0	0	0	0
FBGN0034091	6	16	35	44	70	38
FBGN0260934	214	237	449	324	464	476
FBGN0262478	0	0	0	0	0	0
FBGN0035042	0	0	0	0	0	0
FBGN0034965	0	1	4	0	2	0
FBGN0034156	0	0	0	0	0	0
FBGN0033551	23	17	19	54	80	88
FBGN0261614	0	0	0	0	0	0
FBGN0033518	0	1	0	1	1	3
FBGN0034986	83	66	110	62	85	77
FBGN0085232	0	0	0	0	0	0
FBGN0034011	8	18	8	2	1	0
FBGN0011555	0	0	0	0	0	0
FBGN0086898	24	12	24	20	29	25
FBGN0035005	0	0	0	0	0	0
FBGN0033529	110	85	84	202	241	246
FBGN0003175	66	62	107	106	185	138
FBGN0033539	60	42	85	113	139	168
FBGN0002570	0	0	0	0	0	0
FBGN0027836	53	43	59	74	111	114
FBGN0026741	24	37	42	25	22	23
FBGN0053958	0	0	0	0	0	0
FBGN0262790	0	0	0	0	0	0
FBGN0034381	0	0	0	0	0	0
FBGN0035076	6	2	2	6	2	0
FBGN0034951	3	17	9	11	4	6
FBGN0035010	0	0	0	0	0	0
FBGN0034829	0	0	0	0	0	0
FBGN0020440	26	31	34	73	74	77
FBGN0022700	0	0	0	0	0	1
FBGN0033164	0	0	0	0	0	0
FBGN0015614	38	24	32	28	73	31
FBGN0002535	85	68	108	24	17	28
FBGN0034076	0	2	0	0	0	0
FBGN0034047	0	0	0	0	0	0
FBGN0033371	0	0	0	0	0	0
FBGN0034897	1	2	3	0	4	0
FBGN0013773	0	0	0	0	0	0
FBGN0265487	99	101	153	195	264	283
FBGN0034082	0	0	0	0	0	0
FBGN0033019	60	44	62	67	48	35
FBGN0034863	0	0	0	0	0	0
FBGN0003742	38	22	31	22	43	22
FBGN0265835	0	0	0	0	0	0
FBGN0034476	194	160	221	448	625	557
FBGN0033285	0	0	0	0	0	0
FBGN0083951	0	0	0	0	0	0
FBGN0010622	57	73	108	82	79	71
FBGN0050195	0	0	7	0	1	0
FBGN0286203	68	88	94	123	154	129
FBGN0034027	13	11	15	14	31	16
FBGN0033048	0	0	0	0	0	0
FBGN0034383	0	0	0	0	0	0
FBGN0034000	12	21	30	27	32	24
FBGN0000606	0	0	0	0	0	0
FBGN0015754	176	135	202	224	277	270
FBGN0033454	102	107	141	156	268	262
FBGN0034970	34	32	59	56	92	69
FBGN0263760	0	0	0	0	0	0
FBGN0264714	0	0	0	0	0	0
FBGN0050393	0	0	0	0	0	0
FBGN0050466	5	4	10	4	13	4
FBGN0000289	248	204	320	344	492	471
FBGN0028740	0	0	0	0	0	0
FBGN0053758	0	0	0	0	0	0
FBGN0003114	0	0	0	0	0	0
FBGN0033581	238	254	452	241	358	368
FBGN0287864	79	89	93	248	362	324
FBGN0034655	0	0	0	0	0	0
FBGN0050050	0	0	0	0	0	0
FBGN0050115	29	29	41	44	86	72
FBGN0034230	10	13	10	11	32	18
FBGN0262961	0	0	0	0	0	0
FBGN0260768	0	4	1	1	1	1
FBGN0034129	0	0	0	0	0	0
FBGN0034251	0	0	0	0	6	0
FBGN0050275	0	0	0	0	0	0
FBGN0050429	0	0	0	0	0	0
FBGN0034215	45	36	66	76	79	73
FBGN0287213	0	0	0	0	0	0
FBGN0034398	221	180	191	331	492	354
FBGN0034245	64	40	64	59	44	69
FBGN0261794	13	23	10	9	17	15
FBGN0034087	320	371	579	504	722	736
FBGN0262881	17	34	13	3	3	3
FBGN0063492	15	10	9	3	2	3
FBGN0033348	60	52	51	93	76	95
FBGN0033208	14	12	31	26	44	38
FBGN0034766	0	0	0	0	0	0
FBGN0010548	239	188	265	228	264	304
FBGN0027835	1235	1402	1963	1702	2445	2364
FBGN0085260	0	2	0	3	5	2
FBGN0003254	0	0	0	0	0	0
FBGN0025832	82	72	110	68	136	145
FBGN0264753	0	0	0	0	0	0
FBGN0050491	16	10	27	6	21	24
FBGN0034284	0	0	0	0	0	0
FBGN0259483	23	44	41	27	91	58
FBGN0033808	13	5	0	4	16	5
FBGN0033773	0	0	0	0	0	0
FBGN0050295	7	1	1	6	19	12
FBGN0034643	39	27	90	99	112	143
FBGN0033953	0	0	0	0	0	0
FBGN0034128	0	0	0	0	0	0
FBGN0033092	36	34	50	39	76	62
FBGN0034446	0	0	0	0	0	0
FBGN0050026	0	0	0	0	0	0
FBGN0046706	117	68	187	114	152	123
FBGN0266518	77	49	101	88	132	140
FBGN0262117	142	186	190	133	148	151
FBGN0086712	62	57	66	78	108	101
FBGN0085217	0	0	0	0	0	0
FBGN0004896	0	1	0	0	0	0
FBGN0050440	92	74	113	163	201	170
FBGN0034456	0	0	0	0	0	0
FBGN0033498	0	0	0	0	0	0
FBGN0035012	0	0	0	0	0	0
FBGN0033061	0	0	0	0	0	0
FBGN0063493	6	10	30	3	0	0
FBGN0034269	14	8	20	13	33	23
FBGN0033192	0	2	0	0	0	0
FBGN0034443	29	13	24	40	30	25
FBGN0033936	0	2	0	0	3	0
FBGN0050091	3	5	3	0	0	0
FBGN0034601	0	0	0	0	0	0
FBGN0285892	21	37	58	64	51	61
FBGN0034595	0	0	0	0	0	0
FBGN0264297	0	0	0	0	0	0
FBGN0027590	82	55	94	163	288	209
FBGN0050390	30	22	35	51	36	47
FBGN0265193	1	8	4	6	16	6
FBGN0050416	0	0	0	0	0	0
FBGN0034187	0	0	0	0	0	0
FBGN0033928	44	42	58	6	14	3
FBGN0050460	6	6	9	4	18	13
FBGN0034350	11	11	13	10	19	22
FBGN0033762	50	38	51	45	45	56
FBGN0287632	0	0	0	0	0	0
FBGN0050324	0	0	0	0	0	0
FBGN0021895	57	74	110	43	55	32
FBGN0050196	1	2	4	0	1	0
FBGN0050184	0	0	0	0	0	0
FBGN0053477	0	0	0	0	0	0
FBGN0264339	0	0	0	0	0	0
FBGN0050074	0	0	0	0	0	0
FBGN0034658	0	0	0	0	0	0
FBGN0010397	88	80	106	101	158	122
FBGN0033588	0	0	0	0	0	0
FBGN0283510	160	140	199	209	386	342
FBGN0027538	1	0	0	1	1	6
FBGN0033856	0	0	0	0	0	0
FBGN0050458	0	0	0	1	4	0
FBGN0010415	442	580	816	600	792	688
FBGN0034734	183	159	269	203	268	278
FBGN0027561	15	19	19	20	54	41
FBGN0050487	0	0	0	0	0	0
FBGN0034140	8	18	6	4	9	6
FBGN0034312	57	42	80	9	23	19
FBGN0261564	23	17	35	44	47	36
FBGN0034826	0	0	0	0	0	0
FBGN0034030	1	0	0	7	13	13
FBGN0034104	0	0	0	0	0	0
FBGN0034318	0	0	0	0	0	0
FBGN0050036	0	0	0	0	0	0
FBGN0034310	144	157	207	223	255	307
FBGN0034804	2	0	0	4	2	3
FBGN0050345	5	5	2	1	0	0
FBGN0033093	9	2	7	0	0	3
FBGN0023214	4	5	1	6	14	19
FBGN0033330	0	0	0	0	0	0
FBGN0010411	1109	984	1465	1270	2023	1872
FBGN0034437	0	0	0	0	0	0
FBGN0027599	61	47	67	53	60	52
FBGN0033308	0	0	0	0	0	0
FBGN0250842	0	0	0	0	0	0
FBGN0040737	0	0	0	0	0	1
FBGN0040093	0	0	0	0	0	0
FBGN0033951	44	29	44	54	135	91
FBGN0034120	0	0	0	0	0	0
FBGN0014877	29	60	78	50	80	82
FBGN0034361	29	38	54	18	33	42
FBGN0265974	69	39	98	57	70	63
FBGN0034990	0	0	0	0	0	0
FBGN0033195	1	10	2	5	7	6
FBGN0035078	0	0	0	0	0	0
FBGN0027572	23	29	46	91	110	64
FBGN0033999	0	0	0	0	0	0
FBGN0034660	0	0	0	0	0	0
FBGN0033859	129	153	191	129	143	182
FBGN0024754	97	64	126	113	186	170
FBGN0053914	0	0	0	0	0	0
FBGN0259745	28	33	37	49	59	66
FBGN0034503	73	38	61	91	134	132
FBGN0034153	0	0	0	0	0	0
FBGN0265834	0	0	0	0	0	0
FBGN0034850	0	0	0	0	0	0
FBGN0086676	157	135	171	197	294	249
FBGN0034824	0	0	0	0	0	0
FBGN0083977	0	0	2	3	0	0
FBGN0034505	0	0	0	0	0	0
FBGN0034708	216	224	306	282	449	402
FBGN0019968	120	137	160	270	359	337
FBGN0034201	0	0	0	0	0	0
FBGN0033324	0	0	0	0	0	0
FBGN0034825	0	0	0	0	0	0
FBGN0053087	281	363	362	769	1141	971
FBGN0043470	0	0	0	0	0	0
FBGN0028622	256	221	261	281	431	424
FBGN0017482	17	9	35	11	21	18
FBGN0034959	0	3	3	16	14	10
FBGN0050471	0	0	0	2	2	1
FBGN0033457	8	16	29	28	34	20
FBGN0050151	0	1	0	0	0	0
FBGN0262479	0	0	0	0	0	0
FBGN0050323	0	0	0	0	0	0
FBGN0033691	97	40	65	265	394	335
FBGN0034050	58	45	67	45	70	63
FBGN0020908	0	0	0	0	0	0
FBGN0085235	0	0	0	0	0	0
FBGN0011656	31	35	53	52	127	79
FBGN0261477	52	79	83	57	134	114
FBGN0034807	0	0	0	0	0	0
FBGN0034841	0	0	0	0	0	0
FBGN0034274	0	0	0	0	0	0
FBGN0028494	6	10	11	10	12	13
FBGN0015268	722	646	958	799	935	1006
FBGN0035020	20	8	17	50	72	51
FBGN0000157	58	48	96	128	160	177
FBGN0033972	91	74	82	75	82	82
FBGN0085459	0	0	0	0	0	0
FBGN0263324	0	0	0	0	0	0
FBGN0034737	0	0	0	0	0	0
FBGN0266580	832	749	1117	1167	1383	1279
FBGN0033855	0	0	5	0	0	0
FBGN0060296	60	55	64	111	140	128
FBGN0034554	0	0	0	0	0	0
FBGN0011694	0	0	0	0	0	0
FBGN0033337	3	2	3	11	6	7
FBGN0069969	0	0	0	0	0	0
FBGN0266489	2	0	0	0	0	0
FBGN0033352	148	159	196	256	327	327
FBGN0085474	2	4	4	8	3	6
FBGN0034221	0	2	2	0	0	3
FBGN0029175	10	5	14	14	33	24
FBGN0042083	31	33	34	36	68	51
FBGN0034663	0	0	0	0	0	0
FBGN0028434	31	27	30	27	49	33
FBGN0034998	0	0	0	0	0	0
FBGN0265356	0	0	2	0	0	0
FBGN0033924	55	123	84	78	110	100
FBGN0033096	0	0	0	0	0	0
FBGN0029131	7	7	12	12	23	10
FBGN0260866	26	34	28	26	40	30
FBGN0284080	0	0	0	0	0	0
FBGN0034937	0	0	0	0	0	0
FBGN0000078	0	0	0	0	0	0
FBGN0040765	8	18	5	24	30	47
FBGN0034293	0	0	0	0	0	0
FBGN0262169	117	62	180	218	343	322
FBGN0033246	207	171	253	292	389	344
FBGN0040755	0	0	0	0	0	0
FBGN0063499	1	0	0	0	0	0
FBGN0262736	263	222	232	297	458	436
FBGN0000578	130	161	197	227	328	288
FBGN0039970	79	72	81	47	62	41
FBGN0086904	783	819	1466	1021	1354	1328
FBGN0033710	0	0	0	0	0	0
FBGN0050493	10	4	9	6	7	12
FBGN0034084	42	39	66	34	54	54
FBGN0033570	35	13	28	49	57	61
FBGN0029506	496	481	634	1019	1260	1245
FBGN0043534	0	0	0	0	0	0
FBGN0003863	3	0	5	0	0	0
FBGN0033526	60	58	68	85	104	122
FBGN0013308	1	0	0	0	0	0
FBGN0263030	0	0	0	0	0	0
FBGN0034814	32	23	27	21	32	57
FBGN0025185	21	8	35	39	42	36
FBGN0034768	0	0	0	0	0	0
FBGN0000395	62	61	140	70	91	76
FBGN0034750	27	34	59	30	31	30
FBGN0039994	69	48	89	105	121	103
FBGN0287631	3	2	0	0	1	5
FBGN0033904	0	0	0	0	0	1
FBGN0004132	70	40	71	66	82	87
FBGN0085230	0	1	0	0	0	0
FBGN0015509	278	262	353	519	686	679
FBGN0050479	0	0	0	0	0	0
FBGN0250827	0	0	0	0	0	0
FBGN0010611	41	56	63	44	82	67
FBGN0085253	0	0	0	0	0	0
FBGN0085569	0	0	0	0	0	0
FBGN0033367	74	80	46	31	49	17
FBGN0034463	0	0	0	0	0	0
FBGN0033749	2	0	0	2	9	3
FBGN0259219	0	0	2	0	0	0
FBGN0034972	0	0	2	0	0	0
FBGN0028953	99	130	113	160	345	214
FBGN0043070	9	17	22	16	23	26
FBGN0033240	8	14	13	8	24	16
FBGN0033548	105	54	76	154	162	183
FBGN0021875	34	43	45	38	42	57
FBGN0286785	59	67	122	105	193	167
FBGN0033907	33	21	51	50	44	73
FBGN0033793	0	4	0	0	0	0
FBGN0250850	143	182	236	208	246	248
FBGN0263741	0	0	0	0	0	0
FBGN0263260	36	29	56	49	62	51
FBGN0050447	0	0	0	0	0	0
FBGN0034059	19	23	41	33	67	55
FBGN0050290	8	2	13	1	8	7
FBGN0034223	43	47	60	62	105	87
FBGN0033668	18	8	9	5	14	4
FBGN0034727	61	59	62	80	121	124
FBGN0034157	0	0	0	0	0	0
FBGN0015300	0	0	0	0	0	0
FBGN0085252	0	0	0	0	0	0
FBGN0033633	0	0	0	0	0	0
FBGN0259967	0	0	0	0	0	0
FBGN0021995	212	178	308	184	231	243
FBGN0034362	45	36	65	26	34	41
FBGN0022343	249	238	343	235	319	301
FBGN0035092	2	10	2	1	4	3
FBGN0033387	0	1	0	0	0	0
FBGN0034122	0	0	0	0	0	0
FBGN0261267	0	0	0	0	0	0
FBGN0033913	220	191	275	367	513	534
FBGN0034436	113	142	227	214	338	284
FBGN0260398	9	5	9	13	15	7
FBGN0033481	0	0	0	0	0	0
FBGN0034428	0	0	0	0	0	0
FBGN0034570	69	76	139	134	187	172
FBGN0285952	996	688	1123	1267	1507	1356
FBGN0020269	0	5	0	0	0	6
FBGN0266346	2	2	4	0	1	3
FBGN0083983	25	13	79	31	53	57
FBGN0263233	0	0	0	0	0	0
FBGN0050417	0	0	0	0	0	0
FBGN0033322	0	0	0	0	0	0
FBGN0085242	9	10	14	4	8	8
FBGN0264911	2	0	0	0	0	0
FBGN0033880	0	0	0	0	0	0
FBGN0034408	79	67	101	60	138	107
FBGN0050462	0	0	0	0	0	0
FBGN0033900	24	30	46	33	42	35
FBGN0034541	0	0	0	0	0	0
FBGN0024293	2	2	20	0	0	0
FBGN0033480	15	14	4	15	27	14
FBGN0010409	984	657	1156	1134	1806	1606
FBGN0034628	4	13	18	24	46	29
FBGN0050412	0	0	0	0	0	0
FBGN0010109	22	31	15	21	49	53
FBGN0034473	0	0	0	0	0	0
FBGN0050363	0	0	0	0	0	0
FBGN0034726	13	6	23	25	12	18
FBGN0033158	2	2	11	0	1	0
FBGN0024556	347	333	447	290	308	345
FBGN0034472	0	0	0	0	0	0
FBGN0025336	40	25	31	60	67	48
FBGN0033463	62	68	78	87	116	113
FBGN0034945	18	8	9	21	35	28
FBGN0267428	0	0	0	0	0	0
FBGN0050361	0	3	0	0	0	0
FBGN0284254	31	42	60	48	112	66
FBGN0025693	0	1	9	2	10	2
FBGN0029153	0	0	0	0	0	0
FBGN0050271	0	1	0	0	0	0
FBGN0034802	1234	1229	1739	682	1407	957
FBGN0085222	1	1	1	0	2	0
FBGN0033027	0	0	0	0	0	0
FBGN0033497	0	0	0	0	0	0
FBGN0034294	0	0	0	0	0	0
FBGN0044011	0	0	0	0	0	0
FBGN0034507	0	0	0	0	0	0
FBGN0034520	1	0	0	3	6	4
FBGN0262560	58	87	113	80	103	99
FBGN0034145	4	7	4	26	44	16
FBGN0034856	0	0	3	0	1	0
FBGN0020621	246	207	342	327	571	498
FBGN0019949	32	22	57	51	61	68
FBGN0035063	29	32	63	46	51	61
FBGN0261581	0	0	0	0	0	0
FBGN0260436	0	0	0	0	0	0
FBGN0033476	66	99	137	138	157	131
FBGN0034614	96	88	89	144	193	212
FBGN0017556	1	0	0	1	0	0
FBGN0265991	150	153	240	315	493	456
FBGN0027066	280	337	454	409	618	569
FBGN0050384	0	0	0	0	0	0
FBGN0033209	64	48	52	39	55	78
FBGN0033380	15	12	39	26	47	36
FBGN0002774	119	154	184	212	213	212
FBGN0033590	0	0	0	0	0	0
FBGN0034909	55	42	28	28	63	48
FBGN0034517	0	0	3	4	5	9
FBGN0264959	265	245	337	381	622	461
FBGN0263774	0	0	0	0	0	0
FBGN0034877	198	178	231	415	572	603
FBGN0050090	0	0	1	0	0	0
FBGN0013983	10	11	17	36	27	28
FBGN0050481	57	45	66	49	46	62
FBGN0050480	0	0	0	0	0	0
FBGN0086532	107	101	97	78	131	115
FBGN0034741	3	0	2	0	0	0
FBGN0026573	72	75	128	152	205	192
FBGN0050080	0	0	0	0	0	0
FBGN0034159	0	0	0	0	0	0
FBGN0034644	26	30	41	44	84	74
FBGN0034126	0	2	1	1	0	0
FBGN0034733	5	8	29	3	6	3
FBGN0034121	0	0	0	0	0	0
FBGN0034045	3	3	3	7	16	5
FBGN0085489	0	0	0	0	0	0
FBGN0262954	93	31	90	61	62	72
FBGN0025833	0	0	0	0	0	0
FBGN0262563	0	4	15	2	0	0
FBGN0034978	0	1	0	0	0	0
FBGN0034858	115	90	157	121	185	194
FBGN0027499	171	171	298	260	385	270
FBGN0001325	2	0	24	0	0	0
FBGN0001123	87	82	103	148	186	162
FBGN0259145	0	3	0	0	0	0
FBGN0010220	34	35	54	60	60	64
FBGN0050145	0	0	0	0	0	0
FBGN0259711	11	12	12	4	5	3
FBGN0034791	72	74	87	90	127	117
FBGN0034046	5	5	8	18	23	32
FBGN0034282	444	378	584	500	541	484
FBGN0265627	0	0	0	0	0	0
FBGN0025878	3	3	2	0	5	2
FBGN0033461	0	0	0	0	0	0
FBGN0034527	47	34	49	29	39	32
FBGN0033412	0	0	0	0	0	0
FBGN0034440	0	0	0	0	0	0
FBGN0053775	0	0	0	0	0	0
FBGN0066293	0	0	0	0	0	0
FBGN0011556	0	0	0	0	0	0
FBGN0033890	92	99	132	138	189	222
FBGN0050334	0	0	0	0	0	0
FBGN0264817	0	0	0	0	0	0
FBGN0053454	0	0	0	0	0	0
FBGN0035034	0	0	0	0	0	0
FBGN0015039	1	11	17	0	1	2
FBGN0040775	0	0	0	0	0	0
FBGN0033087	16	3	15	17	38	29
FBGN0001308	361	389	531	438	565	613
FBGN0033616	14	13	16	28	40	29
FBGN0034551	0	0	0	0	0	0
FBGN0034887	2	0	0	0	0	0
FBGN0002789	8	12	12	2	3	5
FBGN0050499	52	31	62	51	87	66
FBGN0050423	84	53	84	153	202	194
FBGN0033321	0	1	3	0	2	2
FBGN0263656	0	0	0	0	0	0
FBGN0034396	0	1	1	0	0	2
FBGN0034796	4	1	2	1	0	0
FBGN0034553	0	0	0	0	0	0
FBGN0034118	73	82	138	135	197	185
FBGN0033297	0	0	0	0	0	0
FBGN0259179	0	0	0	0	0	0
FBGN0050378	0	0	0	0	0	0
FBGN0061360	28	17	38	39	37	51
FBGN0034289	7	0	22	1	0	5
FBGN0034834	0	0	0	0	0	0
FBGN0052833	0	0	0	0	0	0
FBGN0033656	7	6	6	26	30	15
FBGN0010358	8	1	2	0	0	0
FBGN0004784	0	0	0	0	0	0
FBGN0028983	19	11	20	29	29	35
FBGN0003733	1	0	1	1	1	0
FBGN0024956	31	24	38	27	50	51
FBGN0002891	31	36	51	18	17	7
FBGN0040773	154	102	162	178	219	189
FBGN0028473	409	436	654	419	745	693
FBGN0262123	2	1	1	4	0	1
FBGN0085471	0	0	0	0	0	0
FBGN0262102	0	0	0	0	0	0
FBGN0034300	47	50	64	77	82	87
FBGN0033994	15	11	31	12	10	15
FBGN0033145	0	0	0	0	0	0
FBGN0263046	0	2	1	0	2	2
FBGN0033365	3	7	8	9	15	15
FBGN0033954	0	0	0	0	0	0
FBGN0034029	51	53	70	71	82	72
FBGN0029507	20	12	34	3	3	1
FBGN0012051	76	82	78	116	142	117
FBGN0033076	0	0	0	0	0	0
FBGN0033639	8	8	12	25	31	32
FBGN0263031	2	2	0	0	0	0
FBGN0050069	120	105	164	308	548	460
FBGN0266111	43	41	58	93	122	96
FBGN0034438	105	106	175	60	42	44
FBGN0034931	37	27	20	60	62	80
FBGN0033378	184	157	289	140	136	159
FBGN0015524	0	1	0	0	0	0
FBGN0050062	0	0	0	0	0	0
FBGN0259832	2	2	5	3	3	0
FBGN0024189	7	18	29	34	46	52
FBGN0033549	12	18	20	14	30	45
FBGN0259725	0	0	0	4	4	5
FBGN0265182	0	1	0	0	1	0
FBGN0033845	103	84	166	128	165	215
FBGN0050362	0	0	0	0	0	0
FBGN0033486	52	29	56	70	109	98
FBGN0033519	0	0	0	1	0	0
FBGN0026388	0	0	0	0	0	0
FBGN0034075	3	4	7	4	5	1
FBGN0085434	7	6	16	0	8	1
FBGN0029843	3	10	3	13	14	8
FBGN0029913	7	5	6	12	11	12
FBGN0030340	0	0	0	0	0	0
FBGN0029993	0	0	0	0	0	0
FBGN0261615	0	0	0	0	0	0
FBGN0002562	1841	1457	5644	573	83	35
FBGN0030973	51	33	78	88	115	97
FBGN0030555	6	3	9	14	13	16
FBGN0052694	5	0	4	10	12	6
FBGN0029897	881	782	1149	857	1219	1202
FBGN0030434	25	37	60	45	41	48
FBGN0030545	36	24	40	32	26	46
FBGN0040467	7	12	11	18	13	22
FBGN0052774	0	0	0	0	0	0
FBGN0030645	2	0	5	5	7	11
FBGN0029791	74	71	131	48	66	87
FBGN0031053	18	9	23	37	55	40
FBGN0039966	2	3	7	7	8	3
FBGN0002579	550	425	649	587	903	759
FBGN0265725	0	0	1	0	0	0
FBGN0030966	27	28	38	22	44	58
FBGN0029647	0	0	0	0	0	0
FBGN0030207	0	0	0	1	0	2
FBGN0030251	81	81	97	71	123	94
FBGN0283434	0	0	0	0	0	0
FBGN0052736	1	0	5	1	5	5
FBGN0016976	0	5	1	0	0	0
FBGN0030242	50	50	70	63	81	105
FBGN0011566	11	9	8	23	43	36
FBGN0015527	268	308	446	271	373	408
FBGN0029706	80	66	96	127	144	127
FBGN0023537	137	89	181	190	304	268
FBGN0025643	7	2	5	0	8	1
FBGN0030438	0	0	0	0	0	0
FBGN0023530	13	5	0	10	26	8
FBGN0030775	0	0	0	0	0	0
FBGN0052590	21	30	34	21	15	26
FBGN0263257	0	3	0	0	0	0
FBGN0043796	14	6	11	30	28	31
FBGN0029925	9	15	18	22	33	26
FBGN0004432	2324	1829	2549	2011	3053	3202
FBGN0017566	223	262	369	227	335	304
FBGN0040066	124	177	321	116	186	166
FBGN0030937	0	0	0	0	0	0
FBGN0030385	1	0	1	0	0	0
FBGN0030793	17	14	28	23	43	25
FBGN0025641	64	47	90	75	110	86
FBGN0052548	0	0	0	0	0	0
FBGN0041626	0	0	0	0	0	0
FBGN0040395	48	58	54	88	107	110
FBGN0000173	149	83	136	211	347	294
FBGN0030721	0	0	0	0	0	0
FBGN0011741	37	31	38	41	56	59
FBGN0008635	346	279	402	635	949	935
FBGN0029723	0	0	0	0	0	0
FBGN0040384	23	52	55	50	83	64
FBGN0030505	44	68	63	129	161	135
FBGN0010412	1354	1470	1809	1291	1931	1985
FBGN0030109	125	145	158	158	225	270
FBGN0030763	72	44	82	80	123	148
FBGN0030747	1	0	0	0	0	0
FBGN0027093	294	287	381	374	408	378
FBGN0005390	0	2	0	0	0	0
FBGN0052708	31	32	40	45	57	33
FBGN0025743	63	58	78	98	122	123
FBGN0029810	1	8	3	0	0	0
FBGN0027793	0	2	0	0	0	0
FBGN0040361	0	0	0	0	0	0
FBGN0283476	0	0	0	0	0	0
FBGN0031142	0	0	0	0	6	0
FBGN0030529	155	89	100	202	342	251
FBGN0004143	0	0	0	0	0	0
FBGN0026268	0	0	0	0	0	0
FBGN0031148	169	195	234	192	257	320
FBGN0030098	2	1	0	0	0	0
FBGN0040371	0	0	0	0	0	0
FBGN0030872	7	3	5	6	8	18
FBGN0030208	448	446	742	703	885	738
FBGN0083956	8	17	21	40	49	43
FBGN0064117	29	20	47	45	56	45
FBGN0085430	124	158	192	256	408	357
FBGN0030940	0	0	0	0	0	0
FBGN0265464	15	28	29	17	31	29
FBGN0260970	157	178	235	316	413	391
FBGN0029714	47	20	39	39	57	61
FBGN0029831	30	61	54	42	59	41
FBGN0030653	26	24	51	62	116	93
FBGN0066304	12	5	5	19	26	13
FBGN0026879	89	58	163	101	91	80
FBGN0052806	0	0	0	0	0	0
FBGN0030683	21	10	10	13	42	22
FBGN0028686	385	366	459	428	624	627
FBGN0288741	0	0	0	0	0	0
FBGN0003132	0	1	0	0	0	0
FBGN0030743	34	22	26	38	58	69
FBGN0053080	0	0	1	0	0	0
FBGN0052693	0	0	0	0	0	0
FBGN0260867	0	0	0	0	0	0
FBGN0031001	2	8	12	12	10	23
FBGN0030361	2	2	4	1	4	5
FBGN0029003	144	146	210	257	465	398
FBGN0030798	2	10	10	16	20	23
FBGN0263987	279	356	467	331	420	393
FBGN0025627	0	0	1	2	2	1
FBGN0031164	0	0	0	0	0	0
FBGN0261284	96	90	133	87	141	165
FBGN0029730	0	0	0	0	0	0
FBGN0030889	0	0	0	0	0	0
FBGN0030858	52	55	81	87	127	129
FBGN0288739	0	0	0	0	0	0
FBGN0003996	3	0	0	0	0	0
FBGN0287645	0	0	0	0	0	0
FBGN0025839	37	13	39	35	41	44
FBGN0011742	157	167	213	190	272	262
FBGN0052668	0	0	0	0	0	0
FBGN0040648	0	0	0	0	0	0
FBGN0030808	47	59	85	62	133	107
FBGN0267042	0	0	0	0	0	0
FBGN0001189	21	10	40	40	41	54
FBGN0263705	189	187	281	297	565	429
FBGN0030262	3	10	2	0	0	0
FBGN0002933	0	0	0	0	0	0
FBGN0029941	302	260	432	377	551	477
FBGN0029961	0	0	0	0	0	0
FBGN0283680	19	12	10	16	44	24
FBGN0023522	23	13	19	50	45	44
FBGN0027601	133	148	159	272	480	419
FBGN0262611	0	0	0	0	0	0
FBGN0030692	140	121	195	196	290	326
FBGN0085478	57	38	66	67	104	114
FBGN0030877	12	19	22	17	25	40
FBGN0029807	1	0	2	0	0	1
FBGN0004856	212	273	428	162	233	276
FBGN0030313	0	0	0	0	0	0
FBGN0031061	22	28	43	33	61	32
FBGN0052698	0	7	1	0	0	1
FBGN0085446	195	227	278	409	678	469
FBGN0047095	0	1	0	2	1	0
FBGN0052602	0	0	0	0	0	0
FBGN0030824	0	0	0	0	0	0
FBGN0052726	0	0	0	0	0	0
FBGN0265265	0	0	0	0	0	0
FBGN0030537	0	0	0	0	0	0
FBGN0029882	251	282	427	197	247	348
FBGN0030224	0	0	0	0	0	0
FBGN0264090	96	73	125	170	252	202
FBGN0085359	0	0	0	0	0	0
FBGN0267350	37	26	57	60	94	114
FBGN0025640	4	1	6	8	5	3
FBGN0052643	0	0	0	0	0	0
FBGN0031106	4	9	14	8	13	28
FBGN0028982	475	604	676	580	657	652
FBGN0040362	0	0	0	0	0	0
FBGN0040899	15	4	12	26	23	16
FBGN0030884	18	27	44	22	34	25
FBGN0029756	6	9	5	22	20	22
FBGN0052598	0	0	0	0	0	0
FBGN0052676	107	83	140	135	242	242
FBGN0030078	0	0	0	0	0	0
FBGN0031126	31	52	72	46	45	31
FBGN0040337	2	2	1	3	12	7
FBGN0026174	0	0	0	0	0	0
FBGN0030338	0	0	0	0	0	0
FBGN0261444	42	47	63	70	135	143
FBGN0266000	79	88	137	123	204	203
FBGN0052713	0	0	0	0	0	0
FBGN0030244	0	0	0	0	0	0
FBGN0030963	4	3	6	5	10	5
FBGN0053548	0	0	0	0	0	0
FBGN0052655	0	0	0	0	0	0
FBGN0259228	20	29	54	81	94	79
FBGN0288700	0	0	0	0	1	0
FBGN0000810	43	34	66	49	65	85
FBGN0030616	721	449	780	607	779	780
FBGN0020381	22	17	14	31	60	74
FBGN0003950	1	5	5	7	2	4
FBGN0028581	5	3	1	12	10	17
FBGN0030964	1	3	3	19	10	22
FBGN0004456	196	250	349	464	718	559
FBGN0286222	158	154	207	256	434	375
FBGN0030829	0	0	0	0	0	0
FBGN0029727	0	0	0	0	0	0
FBGN0288737	0	0	0	0	0	0
FBGN0040235	95	70	89	110	109	122
FBGN0028331	213	183	305	225	329	376
FBGN0030037	13	25	30	38	23	44
FBGN0011710	331	288	374	460	577	497
FBGN0028685	327	284	355	598	739	741
FBGN0053180	122	89	97	156	192	178
FBGN0040234	9	7	15	19	30	37
FBGN0029522	17	30	38	20	31	20
FBGN0031070	110	102	152	159	223	213
FBGN0052817	1	0	0	2	1	3
FBGN0030752	39	21	32	51	96	93
FBGN0260771	67	67	123	51	91	88
FBGN0030850	8	4	9	24	28	33
FBGN0030729	0	0	0	0	0	0
FBGN0030951	0	0	0	0	0	0
FBGN0030512	71	56	79	99	139	164
FBGN0001404	19	34	21	47	76	60
FBGN0031037	75	71	99	103	168	188
FBGN0023515	85	76	112	106	128	131
FBGN0026192	65	46	76	48	123	99
FBGN0030943	48	54	72	74	83	118
FBGN0259143	29	24	52	27	27	41
FBGN0259834	10	5	12	9	27	29
FBGN0003411	0	0	0	0	0	0
FBGN0029693	29	41	56	75	90	69
FBGN0030631	118	134	266	125	190	249
FBGN0030320	171	151	276	258	314	312
FBGN0052639	0	0	0	0	0	0
FBGN0259189	0	0	0	0	0	0
FBGN0261710	1130	1219	1796	1515	1970	1943
FBGN0025645	0	0	0	0	0	0
FBGN0263220	0	0	0	0	0	0
FBGN0040367	0	3	0	0	0	0
FBGN0010294	0	0	0	0	0	0
FBGN0029525	117	107	176	154	139	190
FBGN0026375	174	238	257	350	437	506
FBGN0031118	72	87	84	132	221	163
FBGN0061196	0	0	0	0	0	0
FBGN0052544	0	0	0	0	0	0
FBGN0041252	0	0	0	0	0	0
FBGN0288736	0	0	0	0	0	0
FBGN0031010	0	0	0	0	0	0
FBGN0023177	75	67	54	165	266	214
FBGN0053242	0	0	0	0	0	0
FBGN0030403	41	9	31	27	43	40
FBGN0030740	72	80	82	81	108	94
FBGN0030237	0	3	1	0	0	1
FBGN0040339	19	18	31	35	35	29
FBGN0030716	10	9	42	2	7	3
FBGN0039965	49	39	84	55	81	66
FBGN0001145	60	47	25	16	36	72
FBGN0260971	0	0	0	0	0	0
FBGN0026086	29	16	45	32	53	56
FBGN0023509	164	182	270	234	298	344
FBGN0030662	43	28	35	57	94	95
FBGN0027107	0	0	0	0	0	0
FBGN0052816	0	0	0	6	1	2
FBGN0029529	32	18	41	34	38	38
FBGN0029868	82	112	125	81	112	86
FBGN0031055	1	1	9	0	0	0
FBGN0027259	40	41	110	60	46	89
FBGN0262536	0	0	0	0	0	0
FBGN0030543	0	0	0	0	0	0
FBGN0029713	56	54	76	90	103	116
FBGN0029705	0	0	0	0	0	0
FBGN0000092	0	0	0	0	0	0
FBGN0053223	0	0	0	0	0	0
FBGN0030642	0	0	1	0	0	0
FBGN0259722	9	13	24	17	13	8
FBGN0004646	258	176	214	605	1020	883
FBGN0260938	112	103	179	205	247	198
FBGN0029580	0	0	0	0	1	2
FBGN0052601	0	0	0	0	0	0
FBGN0029751	0	0	0	0	0	0
FBGN0030474	20	24	51	46	57	53
FBGN0003965	1	0	1	0	0	0
FBGN0031041	0	0	0	0	2	0
FBGN0083228	0	0	0	0	0	0
FBGN0030830	0	0	0	0	0	0
FBGN0085367	0	0	0	0	0	0
FBGN0284435	78	60	64	142	242	176
FBGN0029643	0	0	0	0	0	0
FBGN0031082	0	0	0	0	0	0
FBGN0030323	4	6	16	11	11	6
FBGN0031030	134	132	207	249	308	278
FBGN0030410	6	10	23	9	25	14
FBGN0004959	5	8	40	3	8	0
FBGN0021764	421	406	552	696	913	833
FBGN0031049	44	30	58	135	147	114
FBGN0263994	0	5	0	0	0	0
FBGN0030595	0	0	0	1	3	0
FBGN0000316	96	77	94	98	155	121
FBGN0021742	0	0	0	0	0	0
FBGN0010303	24	27	42	43	84	74
FBGN0030321	439	491	863	421	553	633
FBGN0040892	0	0	0	0	0	0
FBGN0025631	8	8	6	11	14	3
FBGN0029940	0	0	0	0	0	0
FBGN0284233	0	0	0	0	0	0
FBGN0085479	0	0	1	0	0	0
FBGN0260868	0	0	0	0	0	0
FBGN0030998	1	0	0	0	0	0
FBGN0052649	39	36	58	26	40	28
FBGN0031181	0	0	0	0	0	0
FBGN0030108	0	0	0	0	0	0
FBGN0028360	18	8	18	9	18	22
FBGN0030437	0	0	0	0	0	0
FBGN0029866	7	7	8	44	81	34
FBGN0030905	0	0	0	0	0	0
FBGN0031168	0	0	0	0	0	0
FBGN0065032	0	2	0	1	2	1
FBGN0030222	0	0	0	0	0	0
FBGN0040363	0	0	0	0	0	0
FBGN0030661	0	0	0	0	0	0
FBGN0029666	23	18	18	45	68	50
FBGN0267050	0	0	0	0	0	0
FBGN0030384	0	0	0	0	1	0
FBGN0031129	0	0	0	0	0	0
FBGN0030343	18	26	18	26	64	36
FBGN0028583	85	8	509	0	0	0
FBGN0030409	0	0	0	0	0	0
FBGN0030521	322	362	491	299	384	418
FBGN0003116	6	3	5	8	4	12
FBGN0288735	0	0	0	0	0	0
FBGN0283657	314	361	496	468	667	671
FBGN0053236	0	0	0	0	0	0
FBGN0025633	72	92	161	117	222	219
FBGN0261085	0	1	0	0	0	0
FBGN0262874	0	0	0	0	0	0
FBGN0030374	0	0	0	0	0	0
FBGN0085352	0	0	0	0	0	0
FBGN0003514	361	195	310	565	834	643
FBGN0030647	0	0	0	0	1	0
FBGN0030675	6	6	9	4	17	7
FBGN0052651	0	0	0	0	0	0
FBGN0030334	3	5	3	2	2	3
FBGN0264738	0	0	0	0	0	0
FBGN0261573	105	128	173	116	216	213
FBGN0260238	0	0	1	0	0	0
FBGN0000644	0	0	0	0	1	0
FBGN0031101	0	0	0	0	0	0
FBGN0030981	0	0	0	0	0	0
FBGN0040370	0	0	0	0	0	0
FBGN0040342	0	0	0	0	0	0
FBGN0030156	0	0	0	0	0	0
FBGN0030975	0	1	1	0	0	0
FBGN0287595	0	0	0	0	0	0
FBGN0027296	1	8	0	6	5	4
FBGN0030039	16	15	14	9	16	5
FBGN0029765	0	0	0	0	0	0
FBGN0262487	0	0	0	0	0	0
FBGN0024996	75	60	92	63	88	94
FBGN0015245	881	963	1309	971	1588	1603
FBGN0086674	16	28	26	28	81	57
FBGN0288744	0	0	0	0	0	0
FBGN0030745	10	11	9	5	5	9
FBGN0053639	0	0	0	0	0	0
FBGN0003028	210	203	290	360	528	503
FBGN0030177	99	78	129	117	168	135
FBGN0031103	0	0	0	0	0	0
FBGN0029834	0	0	0	4	0	0
FBGN0030899	0	0	0	0	0	0
FBGN0052533	17	14	25	18	22	21
FBGN0030483	0	0	0	0	0	0
FBGN0014024	165	183	236	203	281	302
FBGN0029785	791	540	1065	772	1322	1119
FBGN0025630	0	5	5	3	2	10
FBGN0259171	9	14	13	10	17	29
FBGN0264270	90	102	118	223	285	234
FBGN0265597	0	0	0	0	0	0
FBGN0030055	2	1	3	11	19	13
FBGN0030067	151	143	274	130	131	176
FBGN0030664	0	0	0	0	0	0
FBGN0029658	0	0	0	0	0	0
FBGN0004654	175	137	246	217	396	348
FBGN0031115	77	92	109	69	55	51
FBGN0040918	34	58	59	57	96	68
FBGN0267047	0	0	0	0	0	0
FBGN0029997	11	8	13	26	35	33
FBGN0030370	0	0	0	0	0	0
FBGN0030881	0	0	0	0	0	0
FBGN0030828	0	0	4	1	0	0
FBGN0085353	0	0	0	0	0	0
FBGN0029690	4	4	0	4	0	1
FBGN0029816	0	0	0	0	0	0
FBGN0023512	97	104	140	157	196	231
FBGN0030562	0	0	0	0	0	0
FBGN0027358	9	13	9	7	12	9
FBGN0026874	0	0	0	0	0	0
FBGN0029820	40	24	27	50	95	66
FBGN0030274	36	31	53	64	83	84
FBGN0023541	0	0	0	0	0	0
FBGN0029977	0	1	0	0	0	0
FBGN0001105	271	336	432	291	562	525
FBGN0031183	12	4	12	10	33	42
FBGN0030091	49	74	86	66	107	115
FBGN0014411	121	118	164	158	264	248
FBGN0000709	55	56	71	88	93	79
FBGN0040340	184	168	188	246	489	518
FBGN0262608	1	0	0	0	0	0
FBGN0260450	43	44	58	47	102	83
FBGN0052579	3	1	8	12	1	0
FBGN0030733	184	164	212	199	190	267
FBGN0262740	29	51	84	92	134	129
FBGN0053497	0	0	0	0	0	0
FBGN0004924	297	282	537	387	493	485
FBGN0030100	10	14	20	20	15	20
FBGN0004643	92	76	97	108	147	164
FBGN0267001	754	681	845	1269	1917	1730
FBGN0261803	1	4	2	9	10	16
FBGN0031012	5	0	0	0	0	1
FBGN0259166	16	9	8	27	17	24
FBGN0001079	58	31	57	99	130	162
FBGN0029686	10	9	9	16	21	15
FBGN0030573	2	3	4	6	8	5
FBGN0003053	11	14	20	11	14	22
FBGN0266572	51	55	46	114	176	156
FBGN0014340	63	58	102	96	127	130
FBGN0001341	252	274	403	314	384	471
FBGN0263072	1	8	0	2	0	1
FBGN0030578	0	0	0	0	0	0
FBGN0004860	46	21	34	87	104	124
FBGN0010329	0	2	0	0	0	0
FBGN0030052	20	24	38	30	40	39
FBGN0030788	34	31	65	30	48	39
FBGN0053245	0	0	0	0	0	0
FBGN0030003	60	43	47	62	78	68
FBGN0003964	38	67	92	46	97	94
FBGN0030928	5	0	1	0	2	2
FBGN0267045	0	0	0	0	0	0
FBGN0024361	0	0	2	0	0	2
FBGN0025629	37	36	51	38	40	42
FBGN0031108	0	0	0	0	0	0
FBGN0011770	49	30	48	46	55	73
FBGN0029771	4	2	4	1	7	8
FBGN0030412	23	38	68	33	55	45
FBGN0052554	6	12	14	10	13	20
FBGN0262609	0	0	0	0	0	0
FBGN0261570	82	98	131	116	197	177
FBGN0027528	149	184	189	381	549	455
FBGN0020909	62	56	77	91	98	79
FBGN0030344	212	242	319	271	366	380
FBGN0031062	46	54	104	83	105	101
FBGN0030809	490	478	646	545	783	833
FBGN0263111	1	8	4	2	2	0
FBGN0004367	30	23	38	72	63	45
FBGN0030056	9	4	11	13	21	41
FBGN0030955	228	185	299	238	397	304
FBGN0029133	202	173	225	202	293	292
FBGN0030514	57	71	76	94	137	118
FBGN0003159	9	14	17	15	16	22
FBGN0030038	167	163	242	166	308	237
FBGN0003638	100	76	169	144	190	163
FBGN0003390	145	173	260	368	411	440
FBGN0031195	5	12	15	17	20	15
FBGN0030013	9	15	21	18	18	27
FBGN0086448	15	10	30	22	26	24
FBGN0040923	0	0	0	0	0	0
FBGN0031077	41	46	48	72	72	87
FBGN0003086	162	21	43	0	0	0
FBGN0029944	33	58	69	51	102	81
FBGN0030757	2	3	5	3	4	4
FBGN0029596	0	0	0	0	0	3
FBGN0011277	0	0	0	0	0	0
FBGN0031023	52	69	112	84	131	118
FBGN0030706	0	9	0	0	0	0
FBGN0262980	0	0	0	0	0	0
FBGN0020272	53	53	53	56	79	66
FBGN0030695	40	9	30	19	31	41
FBGN0030468	78	131	180	82	87	126
FBGN0030524	0	0	3	0	0	0
FBGN0030421	2	0	0	0	0	0
FBGN0040649	0	0	0	0	0	0
FBGN0029518	0	0	0	0	0	0
FBGN0026575	350	379	716	507	717	608
FBGN0031051	134	132	135	193	308	289
FBGN0259190	0	0	0	0	0	0
FBGN0266435	0	0	0	0	0	0
FBGN0003559	105	141	172	157	218	181
FBGN0283741	19	20	25	23	22	21
FBGN0030164	0	0	0	0	0	0
FBGN0052820	0	0	0	0	0	0
FBGN0053667	0	0	0	0	0	0
FBGN0052507	0	0	0	0	0	0
FBGN0004957	11	10	18	14	31	20
FBGN0030994	0	1	2	1	0	1
FBGN0029890	0	0	1	0	0	0
FBGN0266647	0	0	0	0	0	0
FBGN0288730	0	0	0	0	0	0
FBGN0026060	16	15	12	15	29	24
FBGN0031047	86	103	139	122	254	194
FBGN0263748	0	0	0	0	0	0
FBGN0052811	0	0	0	0	0	0
FBGN0262607	0	0	0	0	0	0
FBGN0031176	0	0	0	0	0	0
FBGN0285954	1167	1170	1876	874	1069	984
FBGN0262486	0	0	0	0	0	0
FBGN0030949	0	0	0	0	0	0
FBGN0041210	27	23	32	33	61	64
FBGN0024983	42	21	22	51	79	78
FBGN0003392	187	228	306	281	390	350
FBGN0030696	0	0	4	0	0	0
FBGN0030970	4	7	10	10	29	20
FBGN0027087	133	119	195	85	170	179
FBGN0250904	0	3	0	0	0	0
FBGN0022942	325	300	369	437	661	673
FBGN0030028	1	3	3	0	0	2
FBGN0052792	0	0	0	0	0	0
FBGN0025644	0	0	0	0	0	0
FBGN0030599	0	0	0	0	0	0
FBGN0030892	28	4	45	22	27	24
FBGN0029950	0	0	0	0	0	0
FBGN0030739	28	26	31	39	37	32
FBGN0052536	12	9	26	18	16	23
FBGN0029645	0	0	0	0	0	0
FBGN0030999	4	0	0	0	0	0
FBGN0085356	0	0	0	0	0	0
FBGN0267163	0	0	0	0	0	0
FBGN0029888	46	54	50	43	72	74
FBGN0085387	0	0	0	0	0	0
FBGN0288745	0	0	0	0	0	0
FBGN0029755	143	131	226	126	166	145
FBGN0029853	7	0	2	5	10	7
FBGN0053664	0	0	0	0	0	0
FBGN0029894	10	13	16	12	8	11
FBGN0031032	0	0	0	0	0	0
FBGN0030065	89	104	110	54	114	77
FBGN0030407	5	6	8	9	30	13
FBGN0014464	0	0	0	0	1	0
FBGN0053557	0	0	0	0	0	0
FBGN0030668	2	1	3	6	4	3
FBGN0000520	50	32	55	59	53	55
FBGN0031134	0	0	0	0	0	0
FBGN0029539	0	0	0	0	0	0
FBGN0030641	5	15	9	10	25	12
FBGN0029857	51	44	32	42	72	90
FBGN0023521	25	13	25	11	35	41
FBGN0029892	10	20	15	8	20	14
FBGN0284442	261	178	409	261	419	450
FBGN0040319	49	86	145	37	51	84
FBGN0030097	105	10	71	0	0	0
FBGN0000617	49	120	147	67	65	63
FBGN0260873	0	0	0	0	0	0
FBGN0085437	62	55	77	105	165	138
FBGN0064116	21	16	43	20	36	10
FBGN0030628	20	21	26	22	21	12
FBGN0030780	0	0	0	0	0	0
FBGN0030961	0	0	0	0	0	0
FBGN0030894	48	32	31	52	79	63
FBGN0000536	28	24	17	30	52	48
FBGN0030508	0	2	0	0	0	0
FBGN0030027	29	14	27	25	38	69
FBGN0030394	2	3	0	0	0	0
FBGN0259734	11	5	7	16	22	16
FBGN0029955	0	0	0	0	1	1
FBGN0262686	0	0	0	0	0	0
FBGN0011280	0	0	0	0	0	0
FBGN0028342	79	60	76	127	191	188
FBGN0040368	0	0	0	0	0	0
FBGN0040347	12	2	11	4	16	13
FBGN0027287	46	45	71	78	83	89
FBGN0015288	1105	1261	1590	1114	1687	1583
FBGN0030624	0	0	0	0	0	0
FBGN0030016	0	0	0	0	0	0
FBGN0029963	0	0	0	0	0	0
FBGN0022768	79	79	126	106	136	153
FBGN0052529	23	27	33	42	79	65
FBGN0031099	9	2	15	4	11	1
FBGN0030163	0	0	0	0	0	0
FBGN0030834	44	45	66	44	52	62
FBGN0030693	32	30	43	75	66	86
FBGN0029724	0	0	0	0	0	0
FBGN0029703	0	0	0	0	0	0
FBGN0030396	12	10	25	18	24	39
FBGN0264542	0	1	5	0	1	1
FBGN0285944	0	0	3	0	0	0
FBGN0030878	139	133	178	141	152	186
FBGN0000084	11	16	11	23	19	22
FBGN0040389	12	39	58	28	29	44
FBGN0052573	2	3	0	0	0	0
FBGN0000377	131	150	219	126	171	216
FBGN0030010	9	3	10	12	4	12
FBGN0029873	9	5	25	9	17	16
FBGN0031114	133	129	156	92	114	155
FBGN0030634	0	0	0	0	0	0
FBGN0030484	18	23	24	36	65	83
FBGN0260658	0	1	0	0	0	0
FBGN0052686	0	0	0	0	0	0
FBGN0003079	15	11	13	44	41	33
FBGN0023216	30	12	33	36	55	45
FBGN0030613	0	1	2	0	0	0
FBGN0286508	36	10	26	61	109	112
FBGN0266848	47	77	69	94	151	203
FBGN0011576	0	0	1	2	0	0
FBGN0013432	6	9	16	6	17	10
FBGN0052495	0	0	0	0	0	0
FBGN0011826	21	52	52	22	62	48
FBGN0030259	0	0	0	0	0	0
FBGN0025838	0	0	0	0	0	0
FBGN0266050	0	0	0	0	0	0
FBGN0052499	356	324	545	425	602	551
FBGN0021738	0	0	0	0	0	0
FBGN0030625	29	29	29	47	56	45
FBGN0040396	34	21	46	46	58	37
FBGN0010194	148	161	199	243	350	350
FBGN0024998	54	55	115	48	76	89
FBGN0031043	39	19	72	51	42	56
FBGN0029642	0	0	0	0	0	0
FBGN0052591	0	0	0	0	0	0
FBGN0031020	308	275	330	297	511	484
FBGN0029887	40	35	54	55	72	56
FBGN0030674	629	661	774	977	1392	1272
FBGN0030847	29	26	16	19	46	35
FBGN0053517	0	3	0	0	0	0
FBGN0029952	0	0	0	0	0	0
FBGN0030049	91	89	130	173	241	199
FBGN0052681	0	0	0	0	0	0
FBGN0030063	49	49	92	72	86	81
FBGN0003277	621	583	767	892	1236	1139
FBGN0030018	53	46	88	95	142	134
FBGN0030191	0	0	0	0	0	0
FBGN0040028	0	0	0	0	0	0
FBGN0029903	407	412	538	553	828	798
FBGN0022710	4	1	11	3	15	17
FBGN0014032	31	21	60	46	72	59
FBGN0259789	191	176	336	256	370	373
FBGN0030938	0	0	2	0	0	0
FBGN0030663	0	0	0	0	0	0
FBGN0030724	45	36	54	57	73	73
FBGN0025383	0	0	0	0	0	0
FBGN0259700	20	26	18	14	25	31
FBGN0030574	1	0	0	0	0	0
FBGN0017418	13	22	37	56	60	63
FBGN0023508	39	25	68	56	100	55
FBGN0052654	159	143	294	280	362	337
FBGN0262900	0	0	0	0	0	0
FBGN0030761	19	17	26	22	53	46
FBGN0052793	0	0	1	0	1	0
FBGN0053665	0	0	0	0	0	0
FBGN0040784	0	0	0	0	0	0
FBGN0040350	0	0	0	0	0	0
FBGN0267046	0	0	0	0	0	0
FBGN0004598	127	132	216	249	322	337
FBGN0001330	70	94	103	95	134	130
FBGN0052803	6	4	5	5	21	10
FBGN0030598	18	27	29	24	60	37
FBGN0026411	1	4	3	0	0	0
FBGN0030151	269	387	569	309	330	374
FBGN0000163	102	102	209	154	222	193
FBGN0028325	95	105	129	105	148	144
FBGN0286809	75	88	88	102	176	138
FBGN0030823	0	0	0	0	0	0
FBGN0283433	0	0	0	0	0	0
FBGN0261834	0	0	0	0	0	0
FBGN0030449	0	0	0	0	0	0
FBGN0030268	264	254	381	365	503	460
FBGN0030509	0	0	0	0	0	0
FBGN0285879	2	6	5	2	11	14
FBGN0030985	0	0	0	0	0	0
FBGN0030791	87	146	183	80	106	132
FBGN0029740	0	0	0	0	0	0
FBGN0030291	8	26	25	31	25	9
FBGN0030510	3	5	4	0	0	0
FBGN0029719	5	0	0	1	4	2
FBGN0040031	0	0	0	0	0	0
FBGN0040348	0	1	0	0	0	0
FBGN0029689	5	6	6	8	7	5
FBGN0027864	1	2	7	7	2	8
FBGN0016038	15	6	9	30	26	21
FBGN0030048	0	3	2	5	4	7
FBGN0030366	286	272	378	386	602	629
FBGN0029789	9	14	17	18	35	53
FBGN0030278	0	0	0	0	0	0
FBGN0027291	147	112	146	141	262	239
FBGN0040346	33	20	62	51	55	55
FBGN0259699	27	18	11	35	58	47
FBGN0030318	49	63	91	62	148	146
FBGN0052640	0	0	0	0	0	0
FBGN0044872	0	0	0	0	0	0
FBGN0029863	10	9	9	26	48	40
FBGN0031065	0	0	0	3	0	0
FBGN0029594	10	26	22	37	31	25
FBGN0030556	131	94	184	150	216	255
FBGN0030499	23	9	24	41	68	28
FBGN0027588	868	717	1214	1388	2127	2058
FBGN0029648	11	13	26	27	26	31
FBGN0040069	0	0	0	0	0	1
FBGN0029939	10	5	15	20	40	48
FBGN0040345	1	0	0	0	0	0
FBGN0264562	35	38	8	81	147	81
FBGN0261955	95	145	135	175	268	265
FBGN0062565	0	0	0	0	0	0
FBGN0030913	0	0	0	0	0	0
FBGN0028369	5	18	4	21	28	20
FBGN0014395	0	0	0	0	0	0
FBGN0030648	56	59	148	37	101	84
FBGN0029813	0	0	3	0	0	0
FBGN0053244	0	0	0	0	0	0
FBGN0030519	70	56	81	69	75	81
FBGN0030528	3	3	3	5	8	8
FBGN0000499	92	72	141	97	145	164
FBGN0031187	16	7	15	11	31	14
FBGN0000330	74	68	99	136	185	190
FBGN0040377	0	0	0	0	0	1
FBGN0040650	3	8	10	7	19	6
FBGN0010380	388	458	599	571	848	864
FBGN0011834	0	0	0	0	0	0
FBGN0261930	0	0	0	0	0	0
FBGN0030162	0	0	0	0	0	0
FBGN0014031	7	11	22	0	0	0
FBGN0030612	11	16	6	8	6	18
FBGN0024997	0	0	0	0	0	0
FBGN0030863	29	27	35	47	52	54
FBGN0266490	16	9	20	7	10	17
FBGN0262699	27	41	53	25	43	27
FBGN0030358	0	0	1	3	0	0
FBGN0030525	0	0	0	0	0	0
FBGN0052641	0	0	0	0	0	0
FBGN0052712	0	0	0	0	0	0
FBGN0045502	0	0	0	0	0	0
FBGN0259101	0	7	1	1	1	2
FBGN0030196	34	8	24	22	29	55
FBGN0003463	155	136	201	195	208	232
FBGN0003416	49	52	73	61	93	108
FBGN0030605	31	24	20	23	54	50
FBGN0004045	0	0	0	0	0	0
FBGN0261244	11	8	4	5	18	13
FBGN0052808	0	0	0	0	0	0
FBGN0030587	0	0	4	0	0	0
FBGN0029656	0	0	0	0	0	0
FBGN0267049	0	0	0	0	0	0
FBGN0031104	0	0	0	0	0	0
FBGN0010019	0	2	0	4	0	2
FBGN0014903	0	0	1	0	0	0
FBGN0030654	0	2	0	0	1	2
FBGN0264502	0	1	0	0	1	2
FBGN0029659	0	0	0	0	0	0
FBGN0002709	4	5	9	15	22	10
FBGN0030247	0	0	0	0	0	0
FBGN0002577	1	6	1	4	25	5
FBGN0003285	50	42	55	99	193	130
FBGN0001612	135	109	166	125	200	193
FBGN0040357	0	0	0	0	0	0
FBGN0030328	491	616	1003	596	830	916
FBGN0023524	0	0	0	0	0	0
FBGN0004511	3	2	0	4	4	11
FBGN0030004	0	1	3	1	3	0
FBGN0085451	193	247	344	310	388	387
FBGN0052755	0	0	0	0	0	0
FBGN0026374	65	72	104	117	167	173
FBGN0031189	31	20	36	33	26	37
FBGN0003204	317	318	369	341	480	521
FBGN0030500	38	38	88	70	73	101
FBGN0044047	0	1	0	0	3	0
FBGN0029833	84	41	104	110	136	134
FBGN0030871	113	111	138	124	132	146
FBGN0031127	0	0	0	0	0	0
FBGN0030349	41	50	56	92	89	101
FBGN0030141	33	32	78	65	75	118
FBGN0013720	110	91	119	182	311	264
FBGN0052704	0	0	0	0	0	0
FBGN0027106	3	1	2	0	2	9
FBGN0000233	5	1	0	0	0	0
FBGN0030012	4	4	11	15	26	11
FBGN0053246	0	0	0	0	0	0
FBGN0052791	0	0	0	0	0	0
FBGN0024360	8	5	2	49	34	29
FBGN0029860	8	25	16	20	38	20
FBGN0043001	25	13	25	34	60	38
FBGN0026149	39	12	49	35	51	30
FBGN0031033	0	0	0	0	0	0
FBGN0030398	10	0	0	0	0	0
FBGN0024973	71	101	120	56	75	90
FBGN0052669	0	0	0	0	0	0
FBGN0030359	0	0	0	0	0	0
FBGN0025382	1	0	0	0	1	2
FBGN0030457	90	117	113	160	188	130
FBGN0030836	249	18	275	0	0	0
FBGN0030753	162	112	220	159	215	221
FBGN0061200	332	292	478	495	731	712
FBGN0000117	1204	1234	1617	1937	2715	2485
FBGN0030477	0	0	0	0	0	0
FBGN0030200	0	0	0	0	0	0
FBGN0029649	0	0	0	0	0	0
FBGN0029702	0	0	0	0	0	0
FBGN0029733	0	0	0	0	0	0
FBGN0031169	0	0	0	0	0	0
FBGN0031097	138	67	117	161	291	199
FBGN0003300	0	0	0	0	0	0
FBGN0030257	0	0	0	0	0	0
FBGN0028550	9	16	13	11	9	11
FBGN0040375	0	2	5	9	9	10
FBGN0030300	4	0	3	3	4	2
FBGN0030996	14	3	22	32	70	45
FBGN0040089	2	0	3	3	2	3
FBGN0023511	36	37	44	46	69	73
FBGN0030610	9	7	22	14	25	13
FBGN0261703	2	0	3	0	0	3
FBGN0287725	71	86	138	120	169	152
FBGN0030719	257	272	381	330	360	321
FBGN0040385	0	0	0	0	0	0
FBGN0087008	206	222	290	301	414	377
FBGN0028421	31	40	61	77	99	97
FBGN0030342	51	56	110	67	103	91
FBGN0031059	2	3	8	6	31	3
FBGN0003380	0	1	0	0	0	0
FBGN0267977	26	16	13	24	31	21
FBGN0259926	0	0	0	0	0	0
FBGN0029809	0	0	0	0	0	0
FBGN0030347	0	1	3	0	0	1
FBGN0029608	0	0	0	0	0	0
FBGN0052568	0	0	0	0	0	0
FBGN0030286	55	67	53	91	91	101
FBGN0031146	1	0	0	0	0	0
FBGN0029729	0	0	0	0	0	0
FBGN0030429	0	0	0	0	0	0
FBGN0030158	1	10	2	0	0	0
FBGN0030925	8	12	14	13	22	23
FBGN0052679	0	0	0	0	0	0
FBGN0015336	0	0	0	0	0	4
FBGN0044817	0	0	0	0	0	0
FBGN0030991	57	62	58	87	94	67
FBGN0029830	51	24	21	42	56	36
FBGN0030640	18	1	12	13	40	17
FBGN0031201	0	0	0	0	0	0
FBGN0030887	0	1	0	0	0	0
FBGN0024807	71	57	119	94	99	99
FBGN0025463	235	251	267	392	576	518
FBGN0030838	23	34	29	42	72	74
FBGN0086782	0	0	0	0	0	0
FBGN0029697	0	0	0	0	0	0
FBGN0054026	0	0	0	0	0	4
FBGN0031174	67	62	83	77	88	103
FBGN0027621	26	40	22	40	56	43
FBGN0030326	13	18	12	10	18	9
FBGN0000542	409	512	789	702	1027	998
FBGN0031058	0	0	0	0	0	0
FBGN0263993	120	64	139	226	334	257
FBGN0261549	3	19	16	5	11	9
FBGN0260747	110	97	128	137	178	150
FBGN0029590	0	0	0	0	0	0
FBGN0052772	19	20	29	38	68	56
FBGN0031074	0	0	0	0	0	0
FBGN0259242	5	2	1	0	2	8
FBGN0283473	4	3	6	12	14	20
FBGN0025632	0	2	0	0	1	2
FBGN0030204	0	0	0	0	0	0
FBGN0029840	104	118	167	161	205	278
FBGN0261675	0	0	0	0	0	0
FBGN0030425	0	3	9	0	0	1
FBGN0030206	21	18	34	27	41	46
FBGN0025679	0	0	0	0	0	0
FBGN0024366	22	29	39	22	39	26
FBGN0030583	0	0	0	0	0	0
FBGN0023549	13	15	12	7	2	9
FBGN0030266	45	59	75	114	179	157
FBGN0029976	13	8	17	0	13	16
FBGN0029928	10	22	20	21	26	38
FBGN0085464	0	0	0	0	0	0
FBGN0030577	0	0	0	0	0	0
FBGN0027602	148	164	274	128	194	271
FBGN0262485	0	0	0	0	0	0
FBGN0031190	37	74	107	70	99	96
FBGN0002576	0	1	0	0	0	0
FBGN0029795	0	1	0	0	0	0
FBGN0030801	14	7	16	31	25	35
FBGN0030077	19	19	31	21	67	32
FBGN0052574	0	0	0	0	0	0
FBGN0030572	91	97	143	73	120	97
FBGN0030482	78	34	47	78	88	83
FBGN0030350	52	55	103	18	38	46
FBGN0039943	88	110	165	77	83	119
FBGN0052600	0	4	0	0	0	0
FBGN0052683	0	0	0	0	0	0
FBGN0267044	0	0	0	0	0	0
FBGN0264386	0	3	0	0	0	0
FBGN0040341	0	0	0	0	0	0
FBGN0029644	0	0	0	0	0	0
FBGN0010341	207	183	315	294	412	412
FBGN0030092	18	16	28	9	16	25
FBGN0030904	4	2	2	0	0	0
FBGN0052703	0	0	0	0	0	0
FBGN0005427	8	13	43	9	27	24
FBGN0263997	0	0	0	0	0	0
FBGN0025390	0	0	2	0	0	0
FBGN0039941	0	0	0	1	6	4
FBGN0069938	0	0	0	0	0	0
FBGN0030792	25	32	51	45	78	50
FBGN0014455	167	156	192	169	255	325
FBGN0053178	0	0	0	0	0	0
FBGN0052857	0	0	0	0	0	0
FBGN0026144	151	144	153	340	375	319
FBGN0040514	0	0	0	0	0	0
FBGN0030354	180	215	349	220	344	331
FBGN0031107	81	53	79	110	149	188
FBGN0025388	26	26	49	32	69	53
FBGN0287828	0	0	1	0	0	0
FBGN0029826	0	1	0	3	2	0
FBGN0030759	1	1	2	4	14	14
FBGN0028327	286	212	300	471	922	719
FBGN0024989	291	197	300	320	416	403
FBGN0040355	0	0	0	0	0	0
FBGN0053513	0	0	1	0	0	0
FBGN0030459	0	0	0	0	0	0
FBGN0023525	1	0	2	0	1	0
FBGN0027108	1361	1260	1457	2569	3890	3543
FBGN0005411	250	291	323	273	342	348
FBGN0030930	110	128	214	162	301	290
FBGN0029736	19	21	15	28	51	38
FBGN0030622	0	0	0	0	0	0
FBGN0030864	102	97	191	150	173	242
FBGN0031045	0	0	0	0	0	0
FBGN0010416	111	126	132	114	160	192
FBGN0026080	27	32	27	40	87	66
FBGN0284227	0	0	3	2	7	8
FBGN0030090	2	3	6	6	23	8
FBGN0040236	51	50	101	67	93	74
FBGN0266570	170	169	207	221	248	261
FBGN0053181	12	26	37	9	14	8
FBGN0031157	0	0	0	1	1	2
FBGN0030997	0	0	0	0	0	0
FBGN0083979	0	0	0	0	0	0
FBGN0030352	16	5	17	21	21	4
FBGN0264449	3	11	10	13	28	18
FBGN0015615	175	144	164	220	269	260
FBGN0027564	3	6	6	4	30	5
FBGN0030833	40	23	20	53	62	50
FBGN0023529	530	507	650	785	1123	971
FBGN0030554	12	9	9	9	24	19
FBGN0025637	387	445	615	577	771	742
FBGN0000022	11	15	10	15	33	19
FBGN0052823	0	0	0	0	0	0
FBGN0023526	38	43	66	41	59	52
FBGN0030081	69	43	107	63	87	97
FBGN0003210	113	125	151	197	215	208
FBGN0029708	2	17	4	0	1	2
FBGN0029524	2	2	1	4	3	2
FBGN0029951	0	0	0	0	0	0
FBGN0052706	0	5	1	0	3	9
FBGN0030518	43	31	34	38	44	51
FBGN0023535	0	1	14	0	1	1
FBGN0052762	0	0	0	0	0	0
FBGN0030748	0	1	0	0	0	0
FBGN0031016	186	169	148	443	687	566
FBGN0030215	0	0	0	0	0	0
FBGN0030744	18	21	19	39	57	50
FBGN0052675	25	20	66	23	50	40
FBGN0052603	2	0	2	0	0	0
FBGN0029878	94	102	116	152	193	226
FBGN0030701	72	49	75	127	140	124
FBGN0030672	234	175	359	279	384	453
FBGN0030493	13	10	9	35	49	40
FBGN0031060	4	8	10	7	9	8
FBGN0004170	24	12	31	44	73	80
FBGN0030969	49	41	75	84	147	135
FBGN0259741	0	0	0	0	0	0
FBGN0052551	0	0	0	0	0	0
FBGN0003714	38	40	59	27	67	57
FBGN0260400	17	32	37	20	28	15
FBGN0003023	0	0	0	0	0	3
FBGN0004648	234	226	328	453	570	508
FBGN0004832	88	92	142	82	104	123
FBGN0025626	23	18	23	22	48	56
FBGN0024251	8	8	16	24	27	18
FBGN0026083	128	135	250	237	329	310
FBGN0030735	49	44	67	82	129	117
FBGN0014391	134	75	179	167	193	185
FBGN0040365	0	0	0	0	0	0
FBGN0030611	43	41	71	63	90	81
FBGN0040397	67	34	74	129	216	198
FBGN0288833	83	82	136	114	162	153
FBGN0040906	0	0	0	0	1	0
FBGN0030725	0	0	0	0	0	0
FBGN0027521	95	78	148	108	150	180
FBGN0031188	13	3	8	2	8	3
FBGN0261624	0	0	0	0	0	0
FBGN0023215	69	71	93	148	163	153
FBGN0004861	47	39	70	93	139	125
FBGN0000719	15	15	10	28	14	29
FBGN0040383	0	0	1	0	2	0
FBGN0030670	35	38	58	48	64	39
FBGN0266098	246	263	311	430	605	522
FBGN0030676	12	8	6	1	9	6
FBGN0029893	45	38	63	54	84	85
FBGN0031078	379	345	436	557	788	665
FBGN0030773	0	0	0	0	0	0
FBGN0004656	421	485	664	391	637	553
FBGN0031150	6	6	8	7	8	9
FBGN0267048	0	0	0	0	0	0
FBGN0039945	15	9	15	17	15	8
FBGN0029657	0	0	0	0	0	0
FBGN0030921	0	0	0	0	0	0
FBGN0029660	0	0	0	0	0	0
FBGN0054015	3	7	4	13	7	13
FBGN0265610	0	0	0	0	0	0
FBGN0030439	0	0	0	0	0	0
FBGN0285926	149	147	200	194	238	307
FBGN0262685	0	0	0	0	0	0
FBGN0030336	56	43	84	44	99	123
FBGN0030926	1	3	2	0	1	4
FBGN0001491	108	47	73	95	92	88
FBGN0031155	0	0	0	0	0	0
FBGN0030195	0	0	0	0	0	0
FBGN0262866	27	21	47	40	53	33
FBGN0041629	10	10	7	7	5	1
FBGN0000618	41	30	41	39	59	62
FBGN0261811	81	76	112	164	271	236
FBGN0260482	0	0	0	0	0	0
FBGN0030296	0	0	0	0	0	0
FBGN0024362	27	16	56	40	47	33
FBGN0029812	0	0	0	0	0	0
FBGN0030558	0	0	9	0	0	0
FBGN0052564	0	0	0	0	0	0
FBGN0042146	0	0	0	0	0	0
FBGN0010296	0	0	0	0	0	0
FBGN0030395	0	0	0	0	0	0
FBGN0028343	132	124	198	165	223	198
FBGN0030589	0	0	0	0	0	0
FBGN0030883	4	0	1	6	8	8
FBGN0030121	27	27	33	26	40	30
FBGN0260753	0	0	0	0	0	0
FBGN0030389	0	0	0	0	0	0
FBGN0022355	105	69	65	25	38	76
FBGN0030691	0	0	0	0	0	0
FBGN0030017	0	0	0	0	2	0
FBGN0029823	235	219	317	249	416	396
FBGN0031018	0	1	0	0	0	0
FBGN0030749	225	191	286	150	242	225
FBGN0030504	135	151	212	203	253	244
FBGN0052695	0	0	2	0	0	0
FBGN0000611	283	265	370	581	854	752
FBGN0025624	4	10	5	20	36	17
FBGN0026433	31	47	41	63	92	64
FBGN0011586	25	21	23	37	51	68
FBGN0003360	1104	838	1217	1398	2491	2191
FBGN0025393	1	1	6	3	1	1
FBGN0030807	0	0	0	0	0	0
FBGN0260871	0	0	0	0	0	0
FBGN0265575	5	0	4	10	9	16
FBGN0030088	13	9	7	12	12	6
FBGN0030431	3	9	4	4	16	11
FBGN0030563	0	0	0	0	0	0
FBGN0026088	12	12	9	28	27	21
FBGN0029828	0	1	8	0	0	0
FBGN0052813	1	1	3	0	0	1
FBGN0000359	0	0	0	0	0	0
FBGN0262610	0	0	0	0	0	0
FBGN0025111	2	0	8	1	5	0
FBGN0030329	223	188	347	300	456	433
FBGN0001087	96	123	183	160	252	211
FBGN0260789	60	100	136	88	141	113
FBGN0030931	3	3	0	0	0	1
FBGN0030814	0	0	0	0	0	0
FBGN0003447	311	345	438	438	652	531
FBGN0030657	12	19	21	16	30	19
FBGN0278608	701	760	1026	760	935	980
FBGN0288733	0	0	0	0	0	0
FBGN0025381	35	12	14	27	46	36
FBGN0052702	1	0	11	1	7	40
FBGN0027084	285	274	433	339	494	440
FBGN0029959	12	9	14	17	20	23
FBGN0030805	104	124	157	85	163	125
FBGN0288738	0	0	0	0	0	0
FBGN0040942	20	14	9	36	31	35
FBGN0030665	0	0	0	0	1	0
FBGN0025835	0	0	0	0	0	0
FBGN0030006	6	7	14	20	21	21
FBGN0260484	2	0	0	0	5	5
FBGN0000152	14	10	28	18	22	19
FBGN0259108	2	34	15	5	12	8
FBGN0040353	0	0	0	0	0	1
FBGN0261277	18	10	25	35	74	56
FBGN0000928	1	1	4	1	1	3
FBGN0030766	35	19	18	55	75	61
FBGN0027359	82	41	77	95	112	127
FBGN0031066	148	127	206	177	260	255
FBGN0031116	0	3	0	0	0	0
FBGN0288747	0	0	0	0	0	0
FBGN0027556	28	6	17	53	86	58
FBGN0025809	42	16	36	44	67	72
FBGN0030956	16	21	18	35	13	36
FBGN0030859	0	0	0	0	0	0
FBGN0040931	48	13	28	57	76	74
FBGN0265767	2	5	4	1	7	6
FBGN0002948	39	67	89	79	72	103
FBGN0030443	33	7	125	1	0	0
FBGN0023517	59	55	101	66	66	67
FBGN0003969	118	106	84	154	218	237
FBGN0052594	22	31	20	49	75	63
FBGN0001206	29	25	39	52	76	56
FBGN0028397	1	0	0	0	0	0
FBGN0001186	119	145	176	147	286	194
FBGN0052523	0	0	0	0	0	0
FBGN0029922	0	4	5	4	4	2
FBGN0029851	0	0	0	0	0	0
FBGN0031091	19	14	19	20	24	40
FBGN0030813	12	30	22	15	11	18
FBGN0026679	74	78	96	114	147	131
FBGN0000459	3	7	10	8	21	15
FBGN0263830	0	0	0	0	0	0
FBGN0052707	31	24	48	56	65	81
FBGN0030623	0	0	0	0	0	0
FBGN0052588	0	0	0	0	0	0
FBGN0288743	0	0	0	0	0	0
FBGN0025628	113	142	129	131	180	144
FBGN0031081	0	4	0	1	4	4
FBGN0031144	33	46	53	37	38	46
FBGN0030597	0	0	0	0	0	0
FBGN0066114	16	10	17	26	24	32
FBGN0026749	12	4	11	25	30	7
FBGN0029665	18	6	4	15	29	19
FBGN0265630	71	68	114	87	110	148
FBGN0085440	0	2	0	0	0	0
FBGN0031086	0	0	0	0	0	0
FBGN0031011	96	111	158	102	190	141
FBGN0261793	40	36	53	57	88	84
FBGN0031098	163	107	109	155	213	211
FBGN0030221	0	0	0	0	0	0
FBGN0052521	34	64	84	42	77	53
FBGN0030051	1	5	3	7	15	7
FBGN0003371	501	675	1023	418	575	578
FBGN0000108	1	63	3	0	2	1
FBGN0029937	8	4	16	22	26	19
FBGN0052650	0	0	0	0	0	0
FBGN0264954	0	0	0	0	0	0
FBGN0085357	0	0	0	0	0	0
FBGN0029931	0	0	0	0	0	0
FBGN0027498	32	39	26	32	65	55
FBGN0011822	0	0	0	0	0	0
FBGN0029966	0	0	0	0	0	0
FBGN0031119	26	60	40	69	74	83
FBGN0030629	14	12	11	5	6	3
FBGN0024980	0	0	0	0	0	0
FBGN0030167	0	0	0	0	0	0
FBGN0000524	29	37	43	112	141	131
FBGN0030638	6	10	10	18	23	31
FBGN0030841	1	4	4	6	7	9
FBGN0052783	0	0	0	0	0	0
FBGN0000927	0	0	0	0	0	0
FBGN0030304	0	2	2	0	0	0
FBGN0000137	0	0	0	2	5	4
FBGN0029737	25	18	28	52	59	49
FBGN0052797	0	0	0	0	0	0
FBGN0030893	2	0	0	1	0	0
FBGN0030968	0	10	20	2	3	0
FBGN0265535	0	0	0	0	0	0
FBGN0022786	33	45	51	55	89	58
FBGN0261954	210	267	420	412	580	495
FBGN0040351	0	2	0	0	0	0
FBGN0015558	1	4	1	2	1	0
FBGN0030734	132	192	245	320	408	410
FBGN0014026	1319	968	1524	1490	2608	2400
FBGN0031170	12	15	14	7	10	24
FBGN0044046	0	0	0	0	0	0
FBGN0010292	140	151	163	124	197	200
FBGN0029712	0	0	0	0	1	4
FBGN0030157	3	7	26	0	0	1
FBGN0029770	0	0	0	0	0	0
FBGN0069973	0	0	0	0	0	0
FBGN0030886	0	0	0	0	0	0
FBGN0085362	0	0	0	0	0	0
FBGN0030360	13	7	18	17	32	20
FBGN0003423	127	134	146	195	245	212
FBGN0026313	9	16	10	36	41	32
FBGN0029685	9	6	20	14	20	16
FBGN0029825	12	6	3	1	8	4
FBGN0265416	0	0	0	0	0	0
FBGN0030375	0	0	0	0	0	0
FBGN0030855	110	128	212	88	131	122
FBGN0030607	2	3	9	6	13	2
FBGN0030816	3	4	5	13	20	15
FBGN0029935	3	6	2	0	9	8
FBGN0015794	30	26	33	45	111	75
FBGN0030025	46	27	36	31	37	35
FBGN0027342	46	48	60	86	127	146
FBGN0030364	37	44	80	43	87	84
FBGN0029874	9	11	10	9	15	19
FBGN0030479	70	59	94	65	155	143
FBGN0004828	845	430	703	1413	1910	1924
FBGN0053669	0	0	0	0	0	0
FBGN0260855	17	6	22	19	36	34
FBGN0004403	180	81	165	194	370	365
FBGN0284408	999	958	1028	1280	1646	1525
FBGN0028474	179	306	465	199	272	264
FBGN0053239	0	0	0	0	0	0
FBGN0262976	0	0	0	0	3	0
FBGN0259168	81	99	143	179	257	259
FBGN0259196	0	0	0	0	0	0
FBGN0030245	78	115	129	139	207	166
FBGN0259231	0	0	0	0	0	0
FBGN0052549	79	72	76	30	70	46
FBGN0026428	98	114	131	129	174	210
FBGN0026079	207	137	242	185	335	282
FBGN0030868	0	0	0	0	0	0
FBGN0264503	0	0	0	0	0	0
FBGN0021767	1	0	0	0	0	0
FBGN0030093	292	218	308	368	589	608
FBGN0030082	164	190	252	168	263	233
FBGN0025621	58	71	127	43	92	58
FBGN0024182	12	15	19	23	28	16
FBGN0000808	0	1	2	0	0	0
FBGN0250862	0	0	0	0	0	1
FBGN0031042	0	0	0	0	0	0
FBGN0030840	0	0	0	0	0	0
FBGN0003656	40	50	57	71	79	72
FBGN0030507	39	52	76	38	69	84
FBGN0031130	0	0	0	0	0	0
FBGN0031132	0	0	0	0	0	0
FBGN0026175	0	0	0	0	0	0
FBGN0030001	1	0	0	0	0	1
FBGN0023536	10	22	10	17	31	22
FBGN0265413	149	125	192	212	318	310
FBGN0026872	2	0	0	0	1	0
FBGN0024975	10	10	13	16	14	10
FBGN0266434	0	0	0	0	0	0
FBGN0030495	0	0	0	0	0	0
FBGN0031069	36	36	62	72	82	90
FBGN0004102	1	4	3	0	0	0
FBGN0030590	1	0	1	0	0	0
FBGN0287454	33	9	34	15	28	24
FBGN0025391	0	0	0	0	0	0
FBGN0030029	0	0	0	0	0	0
FBGN0260812	0	0	0	0	0	0
FBGN0002878	93	73	119	138	166	208
FBGN0029688	119	122	201	190	284	279
FBGN0052576	19	13	35	14	28	22
FBGN0250788	572	522	809	1015	1576	1368
FBGN0027330	239	260	305	250	389	401
FBGN0030704	11	3	12	10	7	17
FBGN0025815	528	554	756	505	682	838
FBGN0030071	0	0	0	0	0	0
FBGN0029521	0	0	0	0	0	0
FBGN0030218	1	4	3	0	5	3
FBGN0004050	30	23	21	54	83	51
FBGN0040349	1	1	4	0	0	2
FBGN0030522	10	9	21	18	29	42
FBGN0052815	0	1	0	0	0	0
FBGN0030311	13	4	17	18	15	11
FBGN0052625	5	9	6	0	0	0
FBGN0259204	0	0	0	1	3	0
FBGN0030480	16	17	35	23	43	61
FBGN0025625	0	1	0	0	0	0
FBGN0029747	0	0	0	0	0	0
FBGN0003374	138	36	610	3	5	10
FBGN0031093	18	26	39	25	58	73
FBGN0266431	0	0	0	0	0	0
FBGN0031022	17	5	14	10	10	9
FBGN0030576	1	0	4	0	0	2
FBGN0030659	27	21	31	41	31	45
FBGN0259677	1	2	0	0	0	0
FBGN0040651	0	0	0	0	0	0
FBGN0261873	78	73	113	103	221	213
FBGN0040285	109	223	261	146	188	148
FBGN0265598	6	18	23	12	37	21
FBGN0086558	77	88	143	95	140	129
FBGN0011606	228	283	289	280	345	340
FBGN0004368	84	69	104	124	171	178
FBGN0030596	0	0	0	0	0	0
FBGN0029752	0	0	0	0	0	0
FBGN0030435	52	41	44	65	90	77
FBGN0026876	16	4	19	25	33	35
FBGN0029864	0	9	0	0	0	0
FBGN0260858	15	27	31	16	23	25
FBGN0028491	0	0	1	11	15	3
FBGN0025549	2	8	10	16	13	11
FBGN0031036	36	32	58	53	73	70
FBGN0029898	48	62	69	130	166	128
FBGN0029587	0	0	0	0	0	0
FBGN0025638	83	70	184	133	157	113
FBGN0030316	7	4	4	5	5	6
FBGN0263511	0	2	0	0	0	0
FBGN0052557	0	0	0	1	0	29
FBGN0030314	26	13	51	34	61	35
FBGN0030007	281	242	369	203	317	309
FBGN0266429	0	0	0	0	0	0
FBGN0030307	0	0	0	0	0	0
FBGN0003747	0	1	0	0	0	0
FBGN0053172	29	10	12	29	31	34
FBGN0030411	0	1	1	3	3	5
FBGN0029924	29	43	25	103	184	111
FBGN0003345	111	131	223	212	311	281
FBGN0052563	0	0	0	0	0	0
FBGN0261524	68	50	63	70	108	86
FBGN0030228	18	26	30	27	49	42
FBGN0030246	126	116	152	62	112	83
FBGN0260870	0	0	0	0	0	0
FBGN0029980	29	7	19	21	32	45
FBGN0029885	105	112	148	105	105	121
FBGN0039946	13	12	14	7	24	29
FBGN0052671	0	0	0	0	0	0
FBGN0031141	0	0	0	0	0	0
FBGN0030346	0	4	5	4	11	4
FBGN0030376	0	0	0	0	0	0
FBGN0031182	0	0	2	0	1	3
FBGN0029726	0	0	0	0	0	0
FBGN0030289	52	41	87	63	91	127
FBGN0023518	69	67	83	111	177	161
FBGN0030451	28	28	37	35	49	53
FBGN0030377	5	4	18	1	3	4
FBGN0030406	27	31	30	8	20	32
FBGN0030034	292	299	357	469	662	657
FBGN0027553	65	65	57	68	98	97
FBGN0285910	72	29	39	61	84	87
FBGN0287210	14	27	52	16	26	29
FBGN0031191	8	23	22	29	30	32
FBGN0026089	29	17	36	46	64	69
FBGN0029716	0	0	0	0	0	0
FBGN0004066	431	513	651	467	631	660
FBGN0052699	84	69	47	92	116	118
FBGN0031034	0	0	0	0	0	0
FBGN0004047	0	0	12	0	0	0
FBGN0010383	5	14	1	3	10	10
FBGN0030738	143	167	303	145	215	209
FBGN0024986	16	4	40	22	35	52
FBGN0029946	0	0	0	0	0	0
FBGN0030927	11	6	13	16	21	32
FBGN0030544	11	4	3	0	0	2
FBGN0029896	34	17	18	12	22	23
FBGN0023545	71	71	129	74	105	101
FBGN0030030	1	4	3	4	12	1
FBGN0053177	0	0	0	0	0	0
FBGN0029969	107	149	240	147	233	174
FBGN0029718	114	77	130	63	133	142
FBGN0030890	28	19	20	54	69	80
FBGN0030891	116	101	134	93	158	117
FBGN0011754	16	16	31	41	60	74
FBGN0030391	8	5	8	20	40	23
FBGN0052750	0	0	0	0	0	0
FBGN0030536	0	0	0	0	0	0
FBGN0029964	0	0	0	0	0	0
FBGN0030041	6	4	11	5	4	0
FBGN0261446	37	21	27	37	58	84
FBGN0030058	0	0	0	0	0	0
FBGN0029783	2	0	1	4	5	3
FBGN0029962	0	1	0	0	0	0
FBGN0029811	0	0	0	0	0	0
FBGN0030776	0	0	0	0	0	0
FBGN0030183	1	2	0	2	2	2
FBGN0030292	23	9	19	27	54	48
FBGN0029835	2	1	2	3	1	3
FBGN0030467	5	3	8	0	8	3
FBGN0024941	0	0	0	0	0	0
FBGN0283432	0	0	0	0	0	0
FBGN0029915	113	108	166	110	143	134
FBGN0030552	38	100	75	83	115	69
FBGN0029804	13	5	4	18	24	19
FBGN0264078	45	53	57	70	102	102
FBGN0015799	191	206	289	256	297	328
FBGN0265726	0	0	0	0	0	0
FBGN0004034	13	4	7	3	2	0
FBGN0029725	0	0	0	0	0	0
FBGN0286877	0	0	0	0	0	0
FBGN0004657	400	329	544	599	886	925
FBGN0030710	36	26	45	77	103	111
FBGN0029750	0	0	0	0	0	0
FBGN0029817	0	0	0	0	0	0
FBGN0052814	0	0	0	0	0	0
FBGN0025635	25	21	21	37	34	31
FBGN0052638	8	11	39	28	36	25
FBGN0025836	224	237	374	359	403	515
FBGN0052767	89	94	115	120	184	160
FBGN0030777	0	0	0	0	0	0
FBGN0284228	58	43	48	38	39	49
FBGN0029905	14	16	34	35	72	48
FBGN0262730	48	38	61	62	90	67
FBGN0259162	0	0	0	0	0	0
FBGN0021765	154	135	184	212	447	354
FBGN0030447	17	44	21	29	37	35
FBGN0015773	3	14	6	68	134	104
FBGN0029568	0	0	0	0	0	0
FBGN0014465	0	0	0	0	0	0
FBGN0029943	29	35	44	39	37	44
FBGN0027791	5	8	8	4	4	9
FBGN0000257	10	14	20	15	57	31
FBGN0031048	20	14	19	15	17	23
FBGN0011758	8	3	4	11	10	8
FBGN0030952	0	0	0	0	0	0
FBGN0053666	0	0	0	0	0	0
FBGN0029839	0	0	0	0	0	0
FBGN0031052	265	218	364	293	428	490
FBGN0264975	1021	1013	1468	1453	2032	1971
FBGN0288742	0	0	0	0	0	0
FBGN0024364	105	108	205	112	158	125
FBGN0026878	0	2	1	0	0	0
FBGN0053238	0	0	0	0	0	0
FBGN0052633	0	0	0	0	0	6
FBGN0030832	0	0	0	0	0	0
FBGN0029881	48	63	53	37	51	61
FBGN0011761	0	0	0	0	0	0
FBGN0030057	54	52	64	126	180	178
FBGN0029987	0	0	0	0	0	0
FBGN0025613	0	0	0	0	0	0
FBGN0030367	0	0	0	0	0	0
FBGN0029801	10	7	7	12	34	27
FBGN0264691	70	53	50	61	88	91
FBGN0031088	0	0	0	2	0	0
FBGN0030181	0	0	0	0	0	0
FBGN0030898	0	0	0	0	0	0
FBGN0029975	4	6	9	2	4	8
FBGN0285947	1387	1243	1776	949	1700	1667
FBGN0030769	0	0	0	0	0	0
FBGN0031031	0	1	1	2	2	2
FBGN0030746	0	0	0	0	0	0
FBGN0029932	6	2	0	2	3	3
FBGN0045073	131	182	265	228	315	289
FBGN0259994	1	21	2	0	0	1
FBGN0024993	21	24	41	14	19	17
FBGN0029856	2	3	1	2	0	4
FBGN0265523	278	281	465	382	609	529
FBGN0030774	0	0	0	0	0	0
FBGN0029957	59	41	62	57	94	60
FBGN0000427	0	0	0	0	0	0
FBGN0030983	0	0	0	0	0	0
FBGN0052571	0	0	0	0	0	0
FBGN0025642	0	0	0	0	0	0
FBGN0040877	0	0	1	0	0	0
FBGN0030844	0	0	0	0	0	0
FBGN0030400	109	127	151	133	205	242
FBGN0067052	0	0	0	0	0	0
FBGN0040922	0	0	0	0	0	0
FBGN0030348	0	0	0	0	0	0
FBGN0052673	0	0	0	0	0	0
FBGN0265608	0	0	0	0	0	0
FBGN0030731	141	131	234	225	327	378
FBGN0030331	0	0	0	0	0	0
FBGN0001092	1013	1049	1204	1416	1845	1826
FBGN0262612	0	0	0	0	0	0
FBGN0030787	21	24	61	33	32	35
FBGN0025387	6	1	0	0	1	2
FBGN0010198	164	94	122	195	389	307
FBGN0030240	25	19	34	32	58	59
FBGN0002917	0	3	0	0	0	0
FBGN0052670	0	0	0	0	0	0
FBGN0086693	0	0	0	0	0	0
FBGN0261849	0	0	0	0	0	0
FBGN0030506	51	43	92	28	57	35
FBGN0259110	0	2	0	0	0	0
FBGN0264393	0	0	0	0	0	0
FBGN0030365	59	50	51	98	109	130
FBGN0029799	0	1	0	0	0	0
FBGN0260748	70	54	67	117	152	96
FBGN0004370	244	183	290	278	371	433
FBGN0030711	32	21	51	55	59	72
FBGN0029552	0	0	0	0	0	0
FBGN0030722	0	0	0	0	0	0
FBGN0288740	0	0	0	0	0	0
FBGN0030241	362	254	413	342	464	576
FBGN0030946	48	44	64	60	130	100
FBGN0283451	684	532	729	1643	3041	2486
FBGN0030795	0	0	1	0	0	0
FBGN0030317	0	0	0	0	0	0
FBGN0266354	0	0	0	0	0	0
FBGN0001218	2301	2621	3874	3782	5526	4933
FBGN0261245	0	0	0	0	0	0
FBGN0024995	0	2	0	0	0	0
FBGN0029606	0	0	0	0	0	0
FBGN0030900	7	2	5	14	13	3
FBGN0027795	2	0	0	0	0	0
FBGN0029990	99	306	206	17	16	12
FBGN0029814	20	23	22	93	123	187
FBGN0267043	0	0	0	0	0	0
FBGN0052631	0	0	0	0	0	0
FBGN0263216	0	0	0	0	1	0
FBGN0030502	21	26	16	27	35	37
FBGN0030159	42	14	40	99	100	67
FBGN0267384	17	10	7	25	53	22
FBGN0030817	0	0	0	0	0	0
FBGN0031194	119	104	128	166	226	169
FBGN0283545	0	0	0	0	0	0
FBGN0265362	7	3	19	9	22	10
FBGN0262734	796	948	1131	685	985	952
FBGN0030099	26	19	27	28	60	48
FBGN0030060	88	91	110	142	176	220
FBGN0030990	45	35	80	60	84	84
FBGN0259918	0	0	0	0	0	0
FBGN0040382	56	46	74	134	301	233
FBGN0004057	32	27	42	36	75	72
FBGN0026430	89	120	135	172	245	193
FBGN0030806	35	35	63	94	156	145
FBGN0052786	0	0	0	0	0	0
FBGN0030136	401	328	413	341	452	483
FBGN0030465	31	32	21	40	54	61
FBGN0030571	9	12	39	27	15	16
FBGN0261617	385	467	710	543	724	680
FBGN0030230	0	0	0	0	0	0
FBGN0030418	40	31	47	43	73	64
FBGN0263772	2	1	0	0	1	0
FBGN0266710	0	1	0	0	0	0
FBGN0052644	0	0	0	0	0	0
FBGN0030040	4	1	7	0	0	4
FBGN0053499	0	0	0	0	0	0
FBGN0029895	27	19	24	27	44	50
FBGN0030608	340	400	634	761	1085	898
FBGN0025837	4	0	16	1	0	0
FBGN0030305	105	166	219	144	191	217
FBGN0002707	31	42	62	50	57	63
FBGN0000382	81	56	120	102	144	131
FBGN0040929	8	4	7	27	13	23
FBGN0030929	34	1	21	0	0	35
FBGN0264739	0	0	0	0	0	0
FBGN0030280	0	0	0	0	0	0
FBGN0030620	0	0	0	0	0	0
FBGN0053237	0	0	0	0	0	0
FBGN0029858	11	21	16	19	28	39
FBGN0262101	0	0	1	0	0	0
FBGN0030540	0	0	0	0	0	0
FBGN0052647	0	0	0	0	0	0
FBGN0264077	0	1	2	0	1	3
FBGN0031094	77	66	94	88	80	109
FBGN0029664	17	10	16	14	14	16
FBGN0027537	291	216	350	375	531	501
FBGN0029914	12	7	12	42	35	45
FBGN0053240	0	0	0	0	0	0
FBGN0001624	158	172	232	291	409	423
FBGN0030936	0	0	0	0	0	0
FBGN0030786	27	23	44	21	43	40
FBGN0004650	0	0	0	0	0	0
FBGN0250869	4	8	7	10	10	13
FBGN0052547	0	1	2	0	0	0
FBGN0029821	0	0	0	0	0	0
FBGN0085366	0	0	0	0	0	0
FBGN0030699	47	52	49	69	93	94
FBGN0040309	658	606	771	449	631	660
FBGN0030309	24	19	28	75	98	80
FBGN0052685	129	155	258	195	240	232
FBGN0004647	1700	1943	2629	2827	3911	3882
FBGN0030742	0	4	2	0	0	1
FBGN0030239	24	12	47	21	40	45
FBGN0029911	5	1	3	8	24	12
FBGN0054028	0	0	0	0	0	0
FBGN0026873	11	7	26	24	42	45
FBGN0030351	31	22	56	45	44	44
FBGN0029531	0	0	0	0	4	0
FBGN0288734	0	0	0	0	0	0
FBGN0263005	27	25	31	45	68	57
FBGN0003048	66	40	71	113	156	119
FBGN0025378	0	0	0	0	0	0
FBGN0040372	98	142	193	151	212	164
FBGN0030009	0	0	0	0	0	0
FBGN0000479	0	3	1	1	0	1
FBGN0040334	15	16	38	42	65	46
FBGN0029701	0	0	0	0	0	0
FBGN0030770	0	0	0	0	0	0
FBGN0030011	1	1	2	3	8	2
FBGN0030096	102	129	166	142	186	209
FBGN0029679	0	0	1	0	2	0
FBGN0025612	0	0	0	0	0	0
FBGN0031038	0	0	0	0	0	0
FBGN0040343	0	0	0	0	0	0
FBGN0029669	0	0	0	0	0	0
FBGN0029930	0	0	0	0	0	0
FBGN0028341	87	103	107	139	165	165
FBGN0259098	0	0	0	0	0	0
FBGN0030260	0	0	0	0	0	0
FBGN0030720	259	334	398	278	321	372
FBGN0001083	56	72	78	88	142	129
FBGN0029646	0	0	0	0	0	0
FBGN0026713	120	165	210	134	150	148
FBGN0030161	0	0	0	0	0	0
FBGN0030234	1	2	3	0	5	1
FBGN0029768	0	0	0	0	0	0
FBGN0031068	22	9	14	14	25	19
FBGN0020653	777	757	884	851	1329	1321
FBGN0083981	0	0	0	0	0	0
FBGN0029696	0	0	0	0	0	0
FBGN0283471	2	6	16	1	1	0
FBGN0030790	23	10	24	37	52	44
FBGN0029827	0	0	0	0	0	0
FBGN0015036	0	0	0	0	0	0
FBGN0029762	5	0	2	0	0	0
FBGN0262111	4	8	9	12	25	10
FBGN0030283	0	0	0	0	0	0
FBGN0030794	5	4	2	3	7	6
FBGN0003575	127	163	232	162	200	224
FBGN0030261	0	0	4	0	0	0
FBGN0030054	140	143	325	188	231	268
FBGN0083940	47	53	57	83	157	109
FBGN0085358	0	0	0	0	0	0
FBGN0030102	0	1	3	0	0	0
FBGN0263968	126	121	149	177	266	278
FBGN0030918	0	0	0	0	0	0
FBGN0259241	1	0	0	0	0	0
FBGN0029681	0	0	0	0	2	0
FBGN0030880	0	0	0	0	0	0
FBGN0029709	153	133	199	187	335	256
FBGN0029861	29	57	78	74	94	101
FBGN0002641	75	80	119	53	92	91
FBGN0030420	8	4	8	16	17	33
FBGN0030160	35	41	70	108	186	117
FBGN0040373	45	30	48	56	79	84
FBGN0003057	0	0	0	0	0	0
FBGN0024991	22	22	29	23	39	48
FBGN0030455	0	0	0	0	0	0
FBGN0024943	0	0	0	0	0	0
FBGN0030520	400	443	558	704	916	931
FBGN0023514	83	89	142	120	139	197
FBGN0052687	3	16	14	1	2	0
FBGN0029979	248	243	288	239	439	472
FBGN0030015	0	0	0	0	0	0
FBGN0030941	17	12	23	35	75	39
FBGN0029971	6	6	7	20	20	15
FBGN0030298	0	0	0	0	0	0
FBGN0031002	3	1	0	0	0	0
FBGN0029629	247	240	348	282	408	422
FBGN0052666	80	93	103	131	181	154
FBGN0030104	0	0	0	0	0	0
FBGN0022770	5	3	0	5	6	9
FBGN0027546	23	34	48	57	73	72
FBGN0030441	0	0	0	0	0	0
FBGN0267033	17	23	46	37	51	40
FBGN0030802	77	89	136	93	118	107
FBGN0040394	40	27	54	67	81	102
FBGN0030694	9	8	13	7	12	13
FBGN0030592	0	0	0	5	0	0
FBGN0029877	0	0	0	0	0	1
FBGN0025739	93	51	136	112	182	192
FBGN0000179	131	141	217	192	327	312
FBGN0001250	162	143	205	204	374	338
FBGN0259245	0	0	0	0	0	0
FBGN0010269	41	32	47	54	76	57
FBGN0020369	327	341	482	408	631	620
FBGN0030992	0	0	0	0	0	1
FBGN0015519	0	0	0	0	0	0
FBGN0030440	0	0	0	0	0	0
FBGN0053502	0	0	0	0	0	0
FBGN0086367	43	20	18	25	49	29
FBGN0030105	8	30	30	2	1	0
FBGN0052580	0	0	0	0	0	0
FBGN0014133	162	182	359	313	440	392
FBGN0262656	188	165	268	290	406	401
FBGN0028480	16	8	17	24	48	45
FBGN0030804	0	0	0	0	0	0
FBGN0030643	0	0	0	0	0	0
FBGN0029687	306	314	403	394	533	531
FBGN0030853	71	62	87	114	148	124
FBGN0267253	0	0	0	0	0	0
FBGN0003366	0	5	3	0	0	0
FBGN0030327	22	35	50	28	44	42
FBGN0002590	1625	1379	1855	1713	2482	2232
FBGN0030593	0	6	6	0	0	0
FBGN0015926	63	106	163	99	130	115
FBGN0040336	0	0	2	3	10	1
FBGN0030369	0	0	0	0	0	0
FBGN0030839	22	9	37	19	22	24
FBGN0004649	0	0	0	0	0	0
FBGN0030538	0	0	0	0	0	0
FBGN0004404	82	37	59	93	195	145
FBGN0024987	113	84	151	138	197	176
FBGN0031006	48	53	76	125	148	150
FBGN0040376	0	0	0	0	0	0
FBGN0014868	407	386	452	627	887	878
FBGN0030789	55	46	64	56	77	80
FBGN0026084	881	1091	1504	1463	1860	1776
FBGN0030756	5	0	9	0	1	0
FBGN0030073	0	7	14	2	9	7
FBGN0029974	0	0	0	0	0	0
FBGN0030982	0	0	0	0	0	0
FBGN0031090	19	16	32	26	68	44
FBGN0004198	33	46	39	87	116	101
FBGN0000077	8	16	40	22	24	35
FBGN0030271	0	0	0	0	0	0
FBGN0052512	4	8	13	9	6	3
FBGN0031161	72	60	57	64	79	94
FBGN0029818	101	107	123	136	157	183
FBGN0029947	0	0	0	0	0	0
FBGN0004227	446	487	781	483	659	691
FBGN0030851	38	43	50	38	49	66
FBGN0029859	0	0	2	0	0	0
FBGN0029753	0	0	0	0	0	0
FBGN0030874	18	17	20	16	22	20
FBGN0020378	10	15	3	0	9	0
FBGN0029722	0	0	0	0	0	0
FBGN0020513	181	259	295	167	259	264
FBGN0053243	0	0	0	0	0	0
FBGN0030687	94	68	115	128	120	123
FBGN0030432	0	0	0	0	0	2
FBGN0066303	0	0	0	2	1	7
FBGN0024897	0	0	0	0	0	0
FBGN0023516	33	28	35	24	68	72
FBGN0030667	0	0	0	0	0	1
FBGN0027603	126	100	166	205	276	237
FBGN0023550	0	0	0	0	0	0
FBGN0030107	2	1	3	0	0	2
FBGN0026751	37	59	99	52	58	45
FBGN0023520	24	7	20	30	46	35
FBGN0029694	0	0	0	0	0	0
FBGN0026058	0	0	0	0	0	0
FBGN0029945	0	0	0	0	0	0
FBGN0030103	0	0	0	0	0	0
FBGN0029504	34	44	46	65	64	76
FBGN0000394	29	35	47	42	43	50
FBGN0260869	0	0	0	0	0	0
FBGN0263747	0	0	2	0	1	0
FBGN0030217	10	20	20	17	30	13
FBGN0004397	217	215	309	231	319	288
FBGN0025634	45	47	52	63	77	77
FBGN0029870	115	98	154	131	202	196
FBGN0030566	0	0	0	0	0	0
FBGN0003449	188	229	364	230	330	292
FBGN0030837	89	6	80	0	0	0
FBGN0030494	59	62	78	126	187	211
FBGN0030600	3	4	3	3	0	1
FBGN0003139	44	44	58	47	85	64
FBGN0023528	60	76	125	73	143	131
FBGN0029912	32	28	49	49	47	53
FBGN0023513	37	57	66	80	73	134
FBGN0029763	137	126	160	143	190	183
FBGN0030293	163	213	254	206	345	259
FBGN0265139	0	0	0	0	0	0
FBGN0030481	2	0	2	3	4	4
FBGN0030559	0	0	0	0	0	0
FBGN0263829	0	0	0	1	0	0
FBGN0030678	9	12	23	38	33	42
FBGN0029965	0	0	0	0	0	0
FBGN0024365	56	57	96	90	159	144
FBGN0030685	52	54	92	96	92	108
FBGN0023130	5	5	3	12	5	7
FBGN0026085	20	21	18	31	27	41
FBGN0030485	38	29	17	52	94	81
FBGN0015286	30	29	50	45	58	52
FBGN0030980	0	0	0	0	0	0
FBGN0261383	69	46	71	66	127	109
FBGN0029994	10	2	7	0	0	0
FBGN0085354	1	0	0	1	3	2
FBGN0052537	0	1	1	0	2	0
FBGN0030671	7	6	8	0	12	6
FBGN0030486	38	81	65	82	110	98
FBGN0265267	0	0	0	0	0	0
FBGN0030666	6	3	8	17	16	17
FBGN0010240	0	1	0	0	0	0
FBGN0029710	73	68	92	70	76	60
FBGN0030460	37	10	36	16	36	32
FBGN0031005	0	0	0	0	0	0
FBGN0020508	29	7	17	0	0	2
FBGN0031039	9	7	7	11	20	20
FBGN0067861	0	0	0	0	0	0
FBGN0029936	23	10	26	38	36	30
FBGN0030492	0	0	0	0	0	0
FBGN0052645	4	2	2	3	9	11
FBGN0259927	0	3	0	0	0	0
FBGN0029837	0	0	0	0	0	0
FBGN0053252	0	0	0	0	0	0
FBGN0030330	25	8	53	53	67	51
FBGN0011837	123	175	183	169	272	297
FBGN0285970	0	0	0	0	0	0
FBGN0030869	10	11	19	14	24	24
FBGN0040366	3	2	12	18	9	13
FBGN0030272	0	0	0	0	0	0
FBGN0039942	0	3	1	9	1	5
FBGN0283469	164	145	198	165	266	245
FBGN0000826	1	0	0	2	0	0
FBGN0004687	179	226	236	321	386	355
FBGN0030932	4	0	5	3	2	10
FBGN0031008	14	20	32	13	15	16
FBGN0028746	3	11	17	1	15	7
FBGN0040904	0	0	0	0	0	0
FBGN0013987	242	208	286	211	352	281
FBGN0023519	49	77	81	91	111	167
FBGN0030174	0	0	1	0	0	0
FBGN0085360	5	0	1	0	2	0
FBGN0030530	50	52	84	70	146	95
FBGN0031184	3	3	0	0	0	0
FBGN0030341	81	83	139	143	154	122
FBGN0030684	0	0	0	0	0	0
FBGN0015789	50	50	50	52	64	54
FBGN0052642	0	0	0	0	0	0
FBGN0030276	151	139	149	121	203	239
FBGN0052656	166	17	9	0	0	0
FBGN0030122	95	81	139	121	159	184
FBGN0003301	31	46	55	111	132	84
FBGN0029662	38	29	52	55	123	68
FBGN0030947	0	0	1	0	0	0
FBGN0266284	166	172	272	190	262	255
FBGN0040356	0	0	0	0	0	0
FBGN0261616	0	0	0	0	0	0
FBGN0025394	20	16	25	34	69	47
FBGN0266569	0	1	0	0	0	0
FBGN0030669	5	1	6	7	7	2
FBGN0023531	1	1	17	2	12	4
FBGN0030290	0	0	0	1	1	0
FBGN0023527	126	119	168	85	116	132
FBGN0030466	48	95	120	168	181	201
FBGN0030954	2	0	1	7	5	10
FBGN0030087	57	45	82	63	114	101
FBGN0040393	24	0	34	0	0	0
FBGN0264395	0	0	0	0	0	0
FBGN0003321	124	110	161	130	188	184
FBGN0031109	0	0	0	0	0	0
FBGN0283712	35	52	57	92	90	84
FBGN0029819	12	13	21	22	34	23
FBGN0030658	38	67	109	63	92	100
FBGN0029949	0	0	0	0	0	0
FBGN0004655	108	141	206	174	211	216
FBGN0031128	0	0	0	0	0	0
FBGN0024184	0	0	0	0	0	0
FBGN0015818	42	44	39	89	168	117
FBGN0027794	75	60	84	88	138	129
FBGN0040207	81	58	102	61	136	144
FBGN0030178	30	16	9	11	39	18
FBGN0288690	35	30	34	34	51	51
FBGN0001090	1297	1431	2418	1571	2612	2819
FBGN0029715	95	80	124	103	171	119
FBGN0029535	0	0	0	0	0	0
FBGN0029909	0	0	0	0	0	0
FBGN0260780	0	0	0	0	0	0
FBGN0052672	148	106	129	282	373	334
FBGN0053668	0	0	0	0	0	0
FBGN0053542	1	2	5	0	0	2
FBGN0030984	0	0	0	0	0	0
FBGN0261461	16	14	55	38	78	51
FBGN0267967	21	16	10	7	3	5
FBGN0029728	0	0	0	0	0	0
FBGN0267912	8	3	14	13	26	17
FBGN0029906	9	9	1	20	39	34
FBGN0030575	0	0	3	0	0	0
FBGN0030186	0	0	0	0	1	0
FBGN0029879	0	0	0	1	0	0
FBGN0025814	30	15	29	59	118	93
FBGN0029532	0	0	0	0	0	0
FBGN0040907	22	9	29	29	45	45
FBGN0030584	25	25	27	21	27	42
FBGN0030812	128	107	181	152	184	204
FBGN0029798	27	42	61	65	69	37
FBGN0029970	131	109	155	133	184	231
FBGN0031054	20	7	18	24	21	12
FBGN0261610	5	12	17	16	26	13
FBGN0000360	0	0	0	0	0	0
FBGN0010391	131	83	141	181	230	278
FBGN0030005	0	0	0	0	0	0
FBGN0003865	0	0	0	0	0	0
FBGN0030796	4	4	2	4	9	12
FBGN0005391	0	0	0	0	0	0
FBGN0030408	0	0	0	0	1	0
FBGN0019929	0	0	0	0	0	0
FBGN0284222	0	1	0	2	2	3
FBGN0052732	26	15	20	42	64	51
FBGN0022724	25	16	16	39	38	31
FBGN0030120	1	1	1	0	0	0
FBGN0030433	19	18	24	31	42	25
FBGN0062413	16	8	13	20	26	22
FBGN0030066	8	6	8	9	9	14
FBGN0014466	0	0	0	0	0	0
FBGN0030137	4	5	8	10	18	21
FBGN0065035	20	20	14	16	21	14
FBGN0030357	1	0	0	0	1	9
FBGN0288731	0	0	0	0	0	0
FBGN0040388	304	298	466	342	598	587
FBGN0029661	0	0	0	0	0	0
FBGN0015024	443	412	515	701	924	788
FBGN0030615	5	13	5	0	0	0
FBGN0029838	0	0	0	2	1	5
FBGN0263258	79	70	88	115	185	208
FBGN0000221	8	6	10	14	22	18
FBGN0030008	10	13	3	6	16	16
FBGN0030050	0	0	0	0	0	0
FBGN0052569	0	0	0	0	0	0
FBGN0020261	150	117	185	200	339	334
FBGN0266019	66	90	124	115	178	201
FBGN0030614	0	0	0	0	0	0
FBGN0250874	53	45	76	86	177	103
FBGN0030270	0	1	0	0	0	0
FBGN0029836	0	0	0	0	0	1
FBGN0026702	20	22	21	35	48	25
FBGN0029667	0	0	0	0	0	0
FBGN0025800	41	38	56	99	151	144
FBGN0031117	10	12	11	20	29	23
FBGN0030297	0	0	0	0	0	0
FBGN0029989	0	0	0	0	0	0
FBGN0015379	98	122	145	100	144	140
FBGN0029769	0	0	0	0	0	0
FBGN0027280	109	96	137	144	177	208
FBGN0030053	34	39	28	27	57	53
FBGN0031178	640	37	190	1	0	0
FBGN0031057	246	225	284	269	528	476
FBGN0043903	217	206	270	399	636	584
FBGN0030803	26	10	22	19	36	38
FBGN0262534	0	0	0	0	0	0
FBGN0261791	162	181	213	144	177	178
FBGN0031021	46	18	41	49	49	46
FBGN0029745	0	0	0	0	0	0
FBGN0030974	190	210	385	183	254	232
FBGN0029676	5	4	9	2	5	4
FBGN0053247	0	0	0	0	0	0
FBGN0040398	11	15	24	9	14	5
FBGN0030539	10	3	0	1	5	4
FBGN0030697	0	1	0	0	0	0
FBGN0030588	13	13	19	4	6	6
FBGN0263706	81	101	164	150	279	232
FBGN0003654	25	22	29	22	59	37
FBGN0040068	42	22	33	54	65	94
FBGN0028292	16	10	12	15	14	11
FBGN0010295	6	0	3	0	0	0
FBGN0029999	73	95	113	87	127	140
FBGN0025639	162	143	321	223	294	306
FBGN0003218	11	17	20	10	28	10
FBGN0030542	2	0	1	3	3	1
FBGN0002561	0	0	0	0	0	0
FBGN0029995	0	0	0	0	0	0
FBGN0030703	84	115	123	171	206	178
FBGN0030332	0	2	1	0	0	0
FBGN0003655	2	0	0	0	0	0
FBGN0029573	0	0	0	0	0	0
FBGN0030187	0	2	0	0	0	0
FBGN0040392	1	2	2	2	4	3
FBGN0023523	0	0	0	0	0	0
FBGN0040941	0	1	1	1	3	1
FBGN0030269	21	15	24	35	61	43
FBGN0044030	14	14	17	18	32	30
FBGN0023169	41	48	47	77	137	135
FBGN0030345	14	21	24	9	15	31
FBGN0085521	0	0	0	0	0	0
FBGN0030700	0	1	3	1	8	0
FBGN0265784	7	9	15	12	30	21
FBGN0040850	0	0	0	0	2	0
FBGN0030456	113	109	129	97	189	148
FBGN0040087	96	94	124	169	223	195
FBGN0042132	10	11	10	18	22	29
FBGN0085693	0	0	0	0	0	0
FBGN0259170	100	106	109	145	185	200
FBGN0030912	0	0	0	3	0	1
FBGN0086778	0	0	0	0	0	0
FBGN0259150	0	7	0	0	0	0
FBGN0264389	5	8	23	15	18	24
FBGN0025616	0	0	0	0	0	0
FBGN0030686	61	90	99	58	102	94
FBGN0023458	137	143	241	223	322	339
FBGN0261848	0	0	0	0	0	0
FBGN0040871	0	0	0	0	0	0
FBGN0024238	156	155	172	242	444	346
FBGN0085350	0	0	0	0	0	0
FBGN0030114	58	55	49	112	139	121
FBGN0030319	0	0	1	0	0	0
FBGN0052718	0	0	0	0	0	0
FBGN0027329	730	561	730	919	1468	1375
FBGN0029986	0	0	0	0	0	0
FBGN0261592	1530	1529	2473	1296	1945	2009
FBGN0030945	20	17	29	25	42	31
FBGN0260006	6	7	3	4	5	4
FBGN0031064	0	3	0	0	0	0
FBGN0086368	116	82	120	175	222	225
FBGN0263512	0	0	0	0	0	0
FBGN0029996	31	12	36	37	52	29
FBGN0040153	7	13	15	14	30	35
FBGN0052720	0	0	0	0	0	0
FBGN0023506	38	29	23	21	30	39
FBGN0031085	0	0	0	0	0	0
FBGN0030373	0	2	1	0	0	0
FBGN0027334	76	45	81	60	89	99
FBGN0052570	0	0	0	0	0	0
FBGN0030570	0	0	0	0	0	0
FBGN0259149	0	0	0	0	0	0
FBGN0030680	60	71	74	93	119	98
FBGN0030390	0	0	0	0	0	0
FBGN0030800	4	2	8	14	19	14
FBGN0000667	112	164	219	302	399	429
FBGN0040360	0	0	0	0	0	0
FBGN0030074	0	0	0	0	0	0
FBGN0030933	0	0	0	0	0	0
FBGN0000042	5193	3644	4578	10017	17308	15830
FBGN0263132	257	187	265	394	586	498
FBGN0030085	0	0	4	0	1	0
FBGN0260986	37	48	82	39	49	47
FBGN0026666	22	8	26	9	14	5
FBGN0052758	42	29	52	46	67	57
FBGN0086384	15	25	53	16	43	46
FBGN0029711	2	1	5	1	2	3
FBGN0288732	0	0	0	0	0	0
FBGN0030089	221	231	250	237	377	372
FBGN0030301	100	95	138	121	192	214
FBGN0250871	629	637	981	997	1656	1558
FBGN0030306	216	241	254	366	540	492
FBGN0004391	117	106	137	164	235	225
FBGN0046687	5	4	7	5	24	37
FBGN0029891	29	51	61	54	74	72
FBGN0030826	0	0	0	0	0	0
FBGN0010315	40	30	67	81	122	126
FBGN0040900	0	0	0	0	0	0
FBGN0004956	6	9	9	8	12	11
FBGN0030630	80	53	89	70	123	100
FBGN0053082	2	8	17	5	2	4
FBGN0029824	10	10	5	4	15	5
FBGN0030263	340	321	428	225	311	286
FBGN0265417	0	0	0	0	0	0
FBGN0024985	43	30	65	49	76	71
FBGN0030603	4	0	0	0	4	2
FBGN0029929	42	26	55	43	44	57
FBGN0263237	41	25	32	36	56	66
FBGN0029754	1	0	1	0	1	1
FBGN0040364	1	0	0	0	0	0
FBGN0259923	1	4	0	0	1	0
FBGN0030707	0	0	0	0	0	0
FBGN0052719	0	0	0	0	0	0
FBGN0083167	25	5	15	38	62	72
FBGN0085351	0	0	0	0	0	0
FBGN0025615	155	95	171	187	275	309
FBGN0023507	10	13	18	9	14	13
FBGN0024984	0	0	0	0	0	0
FBGN0003068	2	3	0	0	0	0
FBGN0020255	1124	1307	1931	1016	1281	1268
FBGN0052506	0	0	0	0	0	1
FBGN0030452	0	1	6	6	5	5
FBGN0052626	51	50	52	94	117	126
FBGN0040905	0	0	0	0	0	0
FBGN0030764	0	0	0	0	0	0
FBGN0030243	69	83	165	94	166	172
FBGN0030854	183	166	304	233	388	300
FBGN0029968	0	0	0	0	0	0
FBGN0030000	100	86	124	77	105	96
FBGN0031026	0	0	0	0	0	0
FBGN0001565	63	63	100	96	139	181
FBGN0086675	1	8	2	0	1	0
FBGN0030688	3	0	5	0	1	5
FBGN0029761	0	0	0	0	0	0
FBGN0031004	5	0	1	0	0	0
FBGN0052528	52	64	59	97	144	138
FBGN0015010	593	62	373	0	0	35
FBGN0030718	104	84	140	165	208	174
FBGN0030362	257	276	334	131	139	93
FBGN0030417	0	0	0	0	0	0
FBGN0052756	10	4	6	6	6	11
FBGN0030511	7	9	9	4	3	5
FBGN0030569	21	21	64	22	33	36
FBGN0288729	0	0	0	0	0	0
FBGN0023540	21	8	26	17	40	19
FBGN0030202	0	0	0	0	0	0
FBGN0266430	0	0	0	0	0	0
FBGN0000028	0	0	1	0	0	0
FBGN0039944	6	5	8	11	18	19
FBGN0030897	0	0	0	0	0	0
FBGN0030061	177	177	280	156	201	231
FBGN0262738	8	9	14	23	14	9
FBGN0031111	0	0	0	0	0	0
FBGN0030503	19	20	31	9	26	29
FBGN0001150	0	0	0	0	0	0
FBGN0030993	2	2	2	6	5	5
FBGN0025620	14	6	39	0	1	1
FBGN0030768	93	62	93	103	144	126
FBGN0030979	0	0	0	0	0	0
FBGN0040890	31	13	21	40	47	50
FBGN0031003	46	29	58	34	77	79
FBGN0085361	0	0	0	0	0	0
FBGN0026090	10	12	21	5	12	12
FBGN0025864	125	123	196	241	326	249
FBGN0000346	39	77	75	25	69	77
FBGN0030846	0	0	0	0	0	0
FBGN0030581	1	11	5	0	2	3
FBGN0040333	0	0	0	0	0	0
FBGN0262811	7	0	0	0	0	0
FBGN0029663	0	2	0	0	0	0
FBGN0262810	0	0	0	0	0	0
FBGN0030339	0	0	0	0	0	0
FBGN0264309	0	0	0	0	0	0
FBGN0010014	0	1	0	0	0	0
FBGN0031143	86	67	124	100	156	174
FBGN0030876	3	12	4	2	5	5
FBGN0000711	59	97	76	65	88	98
FBGN0030959	38	51	46	29	29	51
FBGN0052667	11	2	26	0	0	0
FBGN0040359	0	0	0	1	6	1
FBGN0003464	18	12	17	33	50	29
FBGN0029720	2	6	5	4	7	4
FBGN0029880	0	0	0	0	0	0
FBGN0029639	0	0	0	0	0	0
FBGN0030895	0	0	0	0	0	0
FBGN0004864	63	43	57	112	121	147
FBGN0011661	1410	1446	2053	1676	2359	2632
FBGN0017561	0	0	0	0	0	0
FBGN0016041	128	138	192	118	166	163
FBGN0027279	46	44	86	108	102	106
FBGN0024250	128	120	189	218	309	285
FBGN0000259	134	115	114	180	248	263
FBGN0261260	789	653	898	1439	2020	2040
FBGN0031110	0	0	0	0	0	0
FBGN0052751	0	0	0	0	0	0
FBGN0030258	0	1	0	0	0	0
FBGN0023534	3	3	2	0	1	0
FBGN0030277	0	0	0	0	0	0
FBGN0040344	27	24	34	70	64	53
FBGN0016975	0	9	2	0	0	0
FBGN0024992	60	31	63	43	70	65
FBGN0030873	28	26	39	23	27	35
FBGN0085443	43	59	86	89	159	153
FBGN0029992	76	84	160	169	186	170
FBGN0030148	0	0	1	0	0	0
FBGN0029717	0	0	0	0	0	0
FBGN0026181	170	153	194	242	353	384
FBGN0030026	14	13	13	14	17	10
FBGN0031145	80	66	70	72	125	107
FBGN0029700	0	0	0	0	0	0
FBGN0031000	0	0	0	0	0	0
FBGN0030944	92	49	59	128	189	148
FBGN0030797	4	1	0	1	8	4
FBGN0030101	8	6	23	9	29	20
FBGN0262575	0	0	0	0	0	0
FBGN0029067	24	30	9	44	69	35
FBGN0026415	337	291	348	598	679	557
FBGN0029854	32	22	38	23	37	43
FBGN0031092	142	159	230	276	375	359
FBGN0029589	0	0	0	0	0	0
FBGN0029942	10	4	21	4	16	3
FBGN0030870	153	113	180	267	556	453
FBGN0031100	0	0	0	0	0	0
FBGN0040338	0	0	1	0	0	0
FBGN0030035	97	73	103	125	157	184
FBGN0011276	0	0	0	0	0	0
FBGN0029746	0	0	1	0	2	4
FBGN0259198	0	0	0	0	0	0
FBGN0003302	13	11	15	29	34	24
FBGN0030386	0	0	0	0	0	0
FBGN0029672	63	90	82	125	161	200
FBGN0030960	6	2	2	10	16	22
FBGN0264598	0	2	0	1	0	0
FBGN0040358	0	0	0	0	0	0
FBGN0030717	34	31	54	34	59	41
FBGN0052581	4	0	4	6	1	9
FBGN0023542	139	189	208	132	172	239
FBGN0030014	0	0	0	0	0	0
FBGN0030310	1	10	9	1	9	8
FBGN0004854	11	10	20	10	18	12
FBGN0000319	1326	1474	1997	2152	2865	2837
FBGN0265629	0	0	0	0	0	0
FBGN0002723	27	9	20	26	35	34
FBGN0030223	0	0	0	0	0	0
FBGN0265595	0	0	0	0	0	0
FBGN0030655	32	38	68	47	91	73
FBGN0026015	148	214	296	100	146	153
FBGN0040354	0	0	0	0	0	0
FBGN0030915	18	19	48	29	39	30
FBGN0040391	0	0	0	0	0	0
FBGN0030551	0	0	0	0	0	0
FBGN0023510	66	47	82	96	144	116
FBGN0029849	5	6	3	24	28	11
FBGN0031196	0	0	0	0	0	2
FBGN0000482	55	56	61	69	118	129
FBGN0040352	0	0	0	0	0	0
FBGN0085377	7	6	8	13	22	14
FBGN0026323	19	44	51	63	101	71
FBGN0000635	498	623	775	831	1187	1119
FBGN0029958	11	34	16	32	39	52
FBGN0029848	0	0	0	0	0	0
FBGN0030462	0	0	0	0	0	0
FBGN0052677	0	3	3	1	1	0
FBGN0030541	0	0	0	0	0	0
FBGN0026076	15	14	14	57	71	45
FBGN0262827	0	0	0	0	0	0
FBGN0030086	605	572	770	774	1310	1189
FBGN0029800	17	7	40	19	25	36
FBGN0027343	27	23	25	75	91	94
FBGN0030799	22	24	28	50	72	41
FBGN0030723	0	1	0	0	0	0
FBGN0005670	5	19	27	5	0	0
FBGN0031040	33	55	70	44	45	41
FBGN0029502	24	24	22	13	21	21
FBGN0030594	13	12	5	3	1	0
FBGN0052819	0	0	0	0	0	0
FBGN0029822	24	15	21	32	65	38
FBGN0029867	108	125	127	124	174	160
FBGN0031080	1	0	0	0	0	0
FBGN0030586	1	3	0	1	1	2
FBGN0031149	411	357	539	546	790	720
FBGN0031050	32	30	21	42	86	45
FBGN0028969	216	165	228	199	359	348
FBGN0030582	36	55	69	65	101	83
FBGN0053241	0	0	0	0	0	0
FBGN0031089	1	6	3	0	3	3
FBGN0030914	0	0	0	0	0	0
FBGN0002873	293	312	488	375	457	475
FBGN0259195	0	0	0	0	0	0
FBGN0086450	6	8	31	0	0	0
FBGN0030995	9	0	13	15	12	10
FBGN0030189	24	29	29	0	2	3
FBGN0029766	831	934	1461	39	28	30
FBGN0015774	41	49	48	117	115	116
FBGN0261609	525	550	681	521	625	657
FBGN0031197	0	0	0	0	0	0
FBGN0030501	13	15	46	12	20	12
FBGN0029948	0	0	0	0	0	0
FBGN0026206	12	22	30	39	42	46
FBGN0030660	20	23	26	32	32	20
FBGN0029603	0	0	0	0	0	0
FBGN0030679	14	11	3	1	9	6
FBGN0052532	0	0	0	0	0	0
FBGN0002914	141	146	271	223	317	265
FBGN0030882	0	0	0	0	0	0
FBGN0259223	0	0	0	0	0	0
FBGN0031171	0	0	0	0	0	0
FBGN0031139	0	0	0	0	0	0
FBGN0259188	0	0	0	0	0	0
FBGN0027335	132	168	215	139	186	183
FBGN0030033	0	0	0	0	0	0
FBGN0030976	0	0	0	0	0	0
FBGN0003517	613	496	767	878	1796	1692
FBGN0029907	0	0	0	0	0	0
FBGN0031044	5	7	9	2	7	5
FBGN0030815	0	0	0	0	0	0
FBGN0000376	26	23	17	28	56	43
FBGN0052572	0	0	0	0	0	0
FBGN0288746	0	0	0	0	0	0
FBGN0029778	15	11	23	16	34	27
FBGN0026143	32	45	37	27	51	52
FBGN0003189	509	519	643	607	963	983
FBGN0261931	33	16	58	26	28	29
FBGN0030715	0	0	0	0	0	0
FBGN0011760	151	156	345	257	228	246
FBGN0004169	6	24	58	2	1	6
FBGN0024994	25	17	27	46	100	76
FBGN0052801	0	0	0	0	1	0
FBGN0000535	0	1	0	0	0	0
FBGN0030617	22	21	13	29	43	35
FBGN0030478	220	204	252	213	272	357
FBGN0030778	10	2	31	3	1	3
FBGN0030989	0	0	0	0	0	0
FBGN0030673	5	1	18	14	29	18
FBGN0032171	11	11	17	22	19	25
FBGN0031304	28	16	6	33	38	41
FBGN0267828	37	31	49	41	76	54
FBGN0026150	280	337	374	305	404	432
FBGN0053895	0	0	0	0	0	0
FBGN0015756	977	844	1382	1127	1580	1481
FBGN0031813	6	17	12	29	41	34
FBGN0032582	0	0	0	0	0	0
FBGN0283651	0	1	0	0	0	0
FBGN0032725	67	54	105	128	116	125
FBGN0083961	20	42	45	46	56	65
FBGN0027597	44	38	34	69	95	81
FBGN0032709	0	0	0	0	0	0
FBGN0032615	3	0	1	0	0	1
FBGN0261523	0	0	0	0	0	0
FBGN0031857	1	0	0	0	0	0
FBGN0032781	85	83	122	55	138	107
FBGN0053511	0	0	0	0	0	0
FBGN0032587	8	18	18	0	1	2
FBGN0031786	0	0	0	0	0	0
FBGN0024230	3	4	6	16	8	13
FBGN0031373	0	0	0	0	0	0
FBGN0028899	0	0	0	1	0	0
FBGN0026479	147	132	206	192	320	315
FBGN0032822	41	20	31	22	23	42
FBGN0000640	492	1247	2579	258	186	57
FBGN0051642	0	0	0	0	0	0
FBGN0025777	58	40	65	97	107	120
FBGN0031609	23	37	45	27	45	84
FBGN0032670	0	0	0	0	0	0
FBGN0032940	43	55	53	90	125	131
FBGN0015381	0	0	0	0	0	0
FBGN0041627	128	167	238	46	30	41
FBGN0032285	3	4	0	0	0	2
FBGN0051648	3	3	3	5	7	17
FBGN0032402	0	1	1	5	2	0
FBGN0032110	0	0	0	0	0	0
FBGN0086681	0	0	0	0	0	0
FBGN0031634	0	0	0	0	0	0
FBGN0032782	0	0	2	4	8	1
FBGN0032018	51	37	49	55	62	62
FBGN0053642	0	0	0	0	0	0
FBGN0032683	60	59	59	149	201	196
FBGN0028532	0	0	0	0	0	0
FBGN0032474	4	9	11	12	12	10
FBGN0031461	7	1	7	7	7	7
FBGN0031764	68	108	159	101	112	107
FBGN0001089	14	15	0	2	13	5
FBGN0032284	8	9	15	5	5	12
FBGN0265785	0	0	0	0	0	0
FBGN0283440	0	0	4	0	0	0
FBGN0032671	5	10	10	12	17	12
FBGN0005672	49	32	62	70	165	74
FBGN0053303	368	320	462	553	843	784
FBGN0051632	1	0	0	2	0	0
FBGN0259715	0	0	0	0	0	0
FBGN0031224	29	27	30	40	59	46
FBGN0032955	4	9	7	12	9	19
FBGN0028479	669	682	892	882	1328	1345
FBGN0032503	0	0	0	0	0	0
FBGN0032453	558	518	692	522	659	670
FBGN0053830	0	0	0	0	0	0
FBGN0051729	100	104	178	159	190	149
FBGN0028704	0	4	0	0	0	0
FBGN0020371	0	0	0	0	0	0
FBGN0024314	312	314	362	324	500	452
FBGN0045500	0	0	0	0	0	0
FBGN0017457	177	183	265	147	179	196
FBGN0005593	1202	892	1069	1569	2418	2488
FBGN0032246	140	117	128	185	271	221
FBGN0032867	0	0	0	0	0	0
FBGN0083942	0	0	0	0	0	0
FBGN0032620	79	67	100	95	91	108
FBGN0031360	12	4	5	9	39	31
FBGN0031379	25	34	43	72	95	59
FBGN0000153	4	3	1	2	3	6
FBGN0260953	0	0	0	0	0	0
FBGN0032701	86	62	126	132	169	187
FBGN0026255	0	0	0	0	0	0
FBGN0264855	231	202	277	361	441	403
FBGN0032525	0	0	0	0	0	0
FBGN0032166	46	55	64	58	94	89
FBGN0032420	94	86	110	121	128	137
FBGN0031217	136	110	157	151	192	182
FBGN0085395	0	0	0	0	0	0
FBGN0032378	46	37	38	41	69	66
FBGN0032080	0	0	0	0	0	0
FBGN0051915	1	13	10	10	27	15
FBGN0032069	0	0	0	0	0	0
FBGN0051601	0	0	0	0	0	0
FBGN0263086	0	0	0	0	0	0
FBGN0031347	0	0	0	0	0	0
FBGN0031831	0	0	0	0	0	0
FBGN0032491	0	0	0	0	0	0
FBGN0259998	0	0	0	0	0	0
FBGN0031331	0	0	0	0	0	0
FBGN0265087	0	0	0	0	0	0
FBGN0051646	0	0	0	0	0	0
FBGN0051675	0	0	0	0	0	0
FBGN0003372	4	2	20	0	0	1
FBGN0086711	16	14	8	15	12	13
FBGN0000579	609	537	739	709	1067	1132
FBGN0032294	0	0	0	0	0	0
FBGN0032230	71	53	78	116	125	102
FBGN0267821	186	247	361	172	327	279
FBGN0285948	1109	879	1643	1289	2074	1758
FBGN0259201	0	0	0	0	0	0
FBGN0053552	1	0	0	1	0	0
FBGN0262647	284	251	384	404	499	518
FBGN0261568	0	0	0	0	0	0
FBGN0032231	45	27	34	35	51	40
FBGN0051658	4	4	6	5	3	2
FBGN0025109	3	2	4	2	14	1
FBGN0053723	0	0	0	0	0	0
FBGN0031837	0	0	0	0	0	0
FBGN0027363	77	78	64	179	230	218
FBGN0031384	5	9	6	14	12	18
FBGN0031775	0	0	0	0	0	0
FBGN0032818	28	27	25	11	24	12
FBGN0264672	4	10	7	30	22	19
FBGN0051739	209	284	329	224	275	274
FBGN0259951	0	0	0	0	0	0
FBGN0024320	130	148	227	277	342	348
FBGN0015320	44	40	49	82	103	88
FBGN0031573	10	10	12	15	26	18
FBGN0032881	10	12	8	28	34	24
FBGN0040719	0	0	0	0	0	0
FBGN0031628	3	1	4	2	3	6
FBGN0261630	0	0	0	0	0	0
FBGN0260228	0	0	0	0	0	0
FBGN0003046	0	4	8	0	0	4
FBGN0028387	29	41	54	52	69	72
FBGN0028941	0	0	0	0	0	0
FBGN0032283	20	16	20	9	6	14
FBGN0040261	0	0	0	0	0	0
FBGN0016076	66	65	102	112	153	174
FBGN0032973	0	0	0	0	0	0
FBGN0032530	0	0	0	0	0	0
FBGN0024183	382	384	497	431	514	630
FBGN0045486	0	0	0	0	0	0
FBGN0261976	13	20	19	35	21	18
FBGN0011603	0	0	0	0	0	0
FBGN0032646	67	59	98	56	89	115
FBGN0085369	0	3	0	0	0	0
FBGN0083962	47	32	51	46	94	78
FBGN0027844	18	7	2	10	25	11
FBGN0051613	0	0	0	0	0	0
FBGN0032175	0	0	0	0	0	0
FBGN0015924	17	34	28	35	28	16
FBGN0032193	23	13	21	45	30	45
FBGN0032512	40	41	56	41	61	64
FBGN0032654	0	0	0	0	0	0
FBGN0053673	0	0	0	0	0	0
FBGN0264989	0	0	0	0	0	0
FBGN0262002	0	3	0	0	0	0
FBGN0032299	0	0	0	0	0	1
FBGN0025700	221	186	335	378	586	568
FBGN0053644	0	0	0	0	0	0
FBGN0284251	214	166	265	211	259	256
FBGN0085199	0	0	0	0	0	0
FBGN0032329	65	42	59	68	75	102
FBGN0262880	0	0	0	0	0	0
FBGN0053194	0	0	0	0	0	0
FBGN0051860	0	0	0	0	0	0
FBGN0032169	15	14	14	16	19	19
FBGN0032337	0	1	0	0	0	0
FBGN0051687	0	0	0	0	0	0
FBGN0031903	0	0	1	0	0	0
FBGN0031638	38	62	94	50	93	73
FBGN0243486	18	23	15	105	157	153
FBGN0085195	1141	3877	5385	148	62	31
FBGN0264301	0	0	0	0	0	0
FBGN0031547	1	0	0	2	0	0
FBGN0028926	33	16	26	58	57	60
FBGN0051851	0	0	0	0	0	0
FBGN0032788	0	0	0	0	0	0
FBGN0259953	0	0	0	0	0	0
FBGN0031466	1	0	0	0	1	0
FBGN0000053	252	349	354	288	340	360
FBGN0032699	7	9	5	10	30	10
FBGN0032296	49	44	75	70	76	86
FBGN0267726	0	0	0	0	0	0
FBGN0031836	23	4	9	14	43	43
FBGN0032749	0	0	0	0	0	0
FBGN0032372	0	0	0	0	0	0
FBGN0015316	0	0	0	0	0	0
FBGN0032780	0	0	2	0	1	0
FBGN0032700	3	8	14	7	21	9
FBGN0051718	0	0	0	0	0	0
FBGN0051848	0	0	0	0	0	0
FBGN0263933	127	102	188	202	261	262
FBGN0031947	105	108	192	144	162	166
FBGN0032303	0	0	0	0	0	0
FBGN0085191	0	0	0	0	0	0
FBGN0054043	4	1	0	0	0	0
FBGN0032111	0	0	0	0	0	0
FBGN0053840	0	0	0	0	0	0
FBGN0032987	1098	1084	2305	931	1299	1101
FBGN0032176	0	0	0	0	0	0
FBGN0261068	50	30	51	68	85	102
FBGN0265968	6	8	9	18	24	21
FBGN0028986	0	0	0	0	0	0
FBGN0031753	0	0	0	0	0	0
FBGN0003961	1	0	0	0	0	0
FBGN0053832	0	0	0	0	0	0
FBGN0031497	580	552	861	610	951	859
FBGN0031558	11	82	55	6	0	1
FBGN0023091	0	0	0	0	0	0
FBGN0032858	19	21	33	28	38	31
FBGN0051797	0	0	0	0	0	0
FBGN0042126	0	0	0	0	0	0
FBGN0016978	97	114	190	127	119	137
FBGN0031289	0	0	0	0	0	0
FBGN0085343	4	9	9	8	7	8
FBGN0011272	1039	1613	2335	973	1366	1230
FBGN0262621	0	0	0	0	0	0
FBGN0031608	6	7	9	12	16	26
FBGN0051611	0	0	0	0	0	0
FBGN0043854	0	0	0	0	0	0
FBGN0032821	52	55	83	117	148	148
FBGN0053817	0	0	0	0	0	0
FBGN0053866	0	0	0	0	0	0
FBGN0051949	0	0	0	0	0	0
FBGN0031785	0	0	0	0	0	0
FBGN0263051	8	10	13	20	19	16
FBGN0032612	0	0	0	0	1	0
FBGN0031470	0	0	0	0	0	0
FBGN0085204	0	0	0	0	0	0
FBGN0086657	72	81	76	104	124	100
FBGN0032374	0	0	0	0	0	0
FBGN0051798	0	0	0	0	0	0
FBGN0031260	229	277	415	270	519	442
FBGN0040509	0	0	0	0	0	0
FBGN0032217	224	210	384	439	501	488
FBGN0051682	0	0	0	0	0	0
FBGN0031784	0	0	0	0	0	0
FBGN0051720	0	0	0	0	0	0
FBGN0031317	24	27	33	19	43	24
FBGN0025115	0	0	0	0	0	0
FBGN0031284	7	11	9	3	8	7
FBGN0243513	0	2	1	4	3	3
FBGN0032338	0	0	0	0	0	0
FBGN0031398	11	18	20	20	46	15
FBGN0031562	3	0	0	0	0	0
FBGN0031752	33	25	37	48	74	63
FBGN0053908	0	0	0	0	0	0
FBGN0031910	1	0	5	0	0	122
FBGN0032225	0	2	0	0	0	0
FBGN0026148	21	16	24	25	42	57
FBGN0032315	0	0	0	0	0	0
FBGN0032470	0	2	0	0	0	0
FBGN0031885	51	60	106	97	131	136
FBGN0263916	220	218	208	357	567	558
FBGN0051973	33	47	57	13	40	21
FBGN0259749	30	32	47	34	65	42
FBGN0265257	0	0	0	0	0	0
FBGN0031282	3	1	6	7	10	10
FBGN0069354	0	0	0	2	0	1
FBGN0028871	0	0	0	0	0	3
FBGN0032084	0	1	1	0	3	0
FBGN0087041	13	6	14	3	14	13
FBGN0263078	0	0	0	0	0	0
FBGN0016698	38	48	52	69	89	77
FBGN0032234	9	12	11	19	20	10
FBGN0032666	43	55	44	283	366	311
FBGN0004858	65	68	90	111	124	117
FBGN0261804	0	0	0	0	0	0
FBGN0002939	0	2	1	0	0	0
FBGN0031374	66	61	82	116	171	175
FBGN0031332	0	0	0	0	0	0
FBGN0264750	22	0	3	0	0	0
FBGN0031697	0	0	0	0	0	0
FBGN0041182	162	150	209	159	137	103
FBGN0032787	12	17	7	15	10	18
FBGN0031865	3	1	4	0	0	1
FBGN0031515	3	5	5	1	0	0
FBGN0031457	6	12	6	9	35	23
FBGN0004363	982	862	1058	1021	1543	1488
FBGN0261054	0	0	0	0	0	0
FBGN0010323	0	0	0	0	0	0
FBGN0032042	0	5	12	2	0	2
FBGN0032067	0	0	0	0	0	0
FBGN0262352	0	0	0	0	0	0
FBGN0032833	359	248	343	386	488	484
FBGN0032586	522	498	657	418	658	628
FBGN0259717	17	13	27	24	30	29
FBGN0028546	51	38	62	76	120	122
FBGN0002936	0	0	0	0	0	0
FBGN0053865	0	0	0	0	0	0
FBGN0004406	8	13	28	6	9	36
FBGN0028410	0	0	0	0	0	0
FBGN0261983	51	57	117	61	94	83
FBGN0051816	0	0	0	0	0	0
FBGN0031281	24	28	50	36	71	68
FBGN0016660	0	5	0	0	0	0
FBGN0019932	37	32	52	42	39	48
FBGN0031513	0	0	0	0	0	0
FBGN0032626	0	0	0	0	0	0
FBGN0032923	132	133	212	125	167	153
FBGN0032259	10	16	8	25	37	30
FBGN0031580	3	3	1	0	0	0
FBGN0085476	0	0	0	0	0	0
FBGN0051950	27	25	74	49	38	52
FBGN0031874	4	3	3	5	9	14
FBGN0051802	0	0	0	0	0	0
FBGN0051659	0	0	0	0	0	0
FBGN0041181	27	42	71	69	102	112
FBGN0286875	0	0	0	0	0	0
FBGN0001990	18	21	18	45	28	34
FBGN0031673	53	37	67	89	116	108
FBGN0004915	126	138	166	155	185	230
FBGN0263198	298	343	580	345	483	472
FBGN0032597	101	90	117	42	64	65
FBGN0028864	0	0	0	0	0	0
FBGN0031663	39	30	35	40	46	43
FBGN0031436	91	68	115	77	136	114
FBGN0032485	28	13	32	32	42	44
FBGN0053526	86	96	193	102	97	101
FBGN0032734	0	0	0	0	0	0
FBGN0250906	305	303	366	293	470	437
FBGN0027505	37	36	49	50	83	58
FBGN0005771	116	75	123	190	287	254
FBGN0032140	2	0	0	3	7	5
FBGN0053822	0	0	0	0	0	0
FBGN0265669	0	0	0	0	0	0
FBGN0031564	0	0	0	0	0	0
FBGN0028850	0	0	0	0	0	0
FBGN0032752	2	0	0	1	0	2
FBGN0005683	16	12	20	14	19	15
FBGN0028526	2	11	32	0	0	0
FBGN0262001	0	0	0	0	0	0
FBGN0283525	14	16	39	30	28	32
FBGN0025595	0	0	1	0	0	0
FBGN0261058	0	0	0	0	0	0
FBGN0032859	108	73	167	137	229	177
FBGN0085342	10	4	12	7	3	6
FBGN0259111	17	10	22	0	2	2
FBGN0028970	10	10	14	10	28	15
FBGN0028902	0	0	0	0	0	0
FBGN0025697	1	4	0	0	0	1
FBGN0053881	0	0	0	0	0	0
FBGN0032404	123	129	160	94	136	172
FBGN0002044	143	204	264	258	340	310
FBGN0043539	0	0	0	0	0	0
FBGN0032385	0	0	0	0	0	0
FBGN0031971	17	27	37	33	30	29
FBGN0015621	23	41	85	55	88	80
FBGN0259176	83	82	142	178	313	267
FBGN0263081	0	0	0	0	0	0
FBGN0023388	68	67	131	84	113	115
FBGN0028525	0	0	0	0	0	0
FBGN0032221	2	3	3	0	5	7
FBGN0031453	575	460	805	677	825	623
FBGN0086347	124	131	190	222	227	214
FBGN0031992	73	62	125	63	94	54
FBGN0263322	0	0	0	0	0	0
FBGN0002023	0	0	0	1	0	1
FBGN0085202	0	0	0	0	0	0
FBGN0031957	11	20	39	16	40	28
FBGN0031814	23	23	30	46	70	58
FBGN0032149	44	55	67	19	44	39
FBGN0263773	10	13	14	23	60	27
FBGN0032032	1	11	11	6	17	12
FBGN0001961	75	69	96	65	159	166
FBGN0259989	0	0	0	0	0	0
FBGN0031492	111	133	159	168	233	236
FBGN0032129	0	3	0	0	1	0
FBGN0267689	0	0	0	0	0	0
FBGN0053129	451	534	871	548	788	782
FBGN0031403	26	16	57	63	65	64
FBGN0028481	0	1	0	0	0	0
FBGN0262878	0	0	0	0	0	0
FBGN0028838	0	0	0	0	0	0
FBGN0031756	0	0	0	0	0	0
FBGN0065108	0	0	0	0	0	0
FBGN0025608	67	54	89	58	67	86
FBGN0085470	4	1	0	3	9	12
FBGN0032774	40	32	53	101	143	133
FBGN0028863	0	2	0	0	0	0
FBGN0032964	0	0	0	0	0	0
FBGN0250844	0	0	0	0	0	0
FBGN0031321	17	14	22	17	29	23
FBGN0025678	539	550	793	863	1441	1355
FBGN0032894	0	0	0	0	0	0
FBGN0010583	35	32	43	42	69	61
FBGN0284244	118	118	152	112	113	103
FBGN0028938	0	0	0	0	0	0
FBGN0031235	0	0	0	0	0	0
FBGN0031719	0	0	0	0	0	0
FBGN0032618	7	4	2	13	3	7
FBGN0262876	0	0	0	0	0	0
FBGN0032946	0	10	1	1	4	0
FBGN0260407	27	30	31	44	43	50
FBGN0053837	0	0	0	0	0	0
FBGN0031351	18	4	14	13	21	25
FBGN0062978	0	0	0	0	0	0
FBGN0032638	2	0	0	2	1	1
FBGN0032523	0	0	0	0	0	0
FBGN0260861	18	18	40	22	28	36
FBGN0032845	2	2	8	5	8	4
FBGN0032988	55	74	96	103	101	73
FBGN0032751	6	3	5	26	22	40
FBGN0054011	0	0	0	0	0	0
FBGN0053635	14	23	15	16	34	37
FBGN0051635	22	63	49	53	75	79
FBGN0032335	2	0	0	5	13	3
FBGN0027348	0	7	0	6	2	2
FBGN0031315	11	16	30	25	39	29
FBGN0032705	59	43	106	82	101	104
FBGN0262598	0	0	0	0	0	0
FBGN0083970	0	0	0	0	0	0
FBGN0032408	132	142	197	133	150	202
FBGN0031653	5	8	6	0	0	0
FBGN0032123	50	50	71	107	123	92
FBGN0264894	10	8	16	5	10	18
FBGN0261683	0	0	0	0	0	0
FBGN0032717	85	93	186	144	212	158
FBGN0032444	1100	1279	1510	1085	1579	1627
FBGN0051712	16	30	53	31	32	30
FBGN0086707	215	224	461	235	239	244
FBGN0028879	0	2	0	0	3	0
FBGN0264810	0	0	0	0	0	1
FBGN0031715	0	0	0	0	0	0
FBGN0032721	330	247	343	494	599	637
FBGN0000056	3	0	2	0	0	0
FBGN0031724	0	0	0	0	0	0
FBGN0032966	0	0	0	0	0	0
FBGN0032013	0	0	0	0	0	0
FBGN0032910	19	17	23	15	17	19
FBGN0259713	0	0	0	0	0	0
FBGN0028947	0	0	0	0	0	0
FBGN0032198	601	464	907	776	889	818
FBGN0032382	6	15	4	11	11	20
FBGN0051832	0	0	0	0	0	0
FBGN0085190	0	0	0	0	0	0
FBGN0031264	14	19	14	39	88	70
FBGN0032549	2	1	0	0	0	0
FBGN0085370	62	57	65	70	95	74
FBGN0031925	0	0	0	0	0	0
FBGN0032167	15	13	11	28	47	31
FBGN0003979	0	0	0	0	0	0
FBGN0032445	26	13	29	33	56	35
FBGN0032095	0	0	0	0	0	0
FBGN0040519	0	0	0	0	0	0
FBGN0053883	0	0	0	0	0	0
FBGN0051988	0	0	0	0	0	0
FBGN0031830	195	170	244	177	209	192
FBGN0053824	0	0	0	0	0	0
FBGN0250835	0	0	0	0	0	0
FBGN0032482	30	47	19	22	38	28
FBGN0264979	4	5	2	0	0	7
FBGN0000229	85	67	62	125	173	137
FBGN0031700	2	0	0	0	0	0
FBGN0031707	0	0	0	0	0	0
FBGN0001941	38	31	44	59	113	100
FBGN0051710	13	12	15	12	23	18
FBGN0051961	18	40	39	29	71	21
FBGN0031324	0	0	0	0	0	0
FBGN0051624	0	0	0	0	0	0
FBGN0032514	119	94	117	249	382	240
FBGN0031563	0	1	0	0	0	0
FBGN0261800	596	668	803	1178	1721	1609
FBGN0051898	0	0	3	0	1	4
FBGN0051849	1	3	3	6	1	1
FBGN0053810	0	0	0	0	0	0
FBGN0032609	0	0	0	0	0	0
FBGN0031849	0	0	0	0	0	0
FBGN0053002	88	263	348	54	72	94
FBGN0284255	97	123	159	125	206	161
FBGN0032363	181	161	245	272	334	311
FBGN0028862	0	0	0	0	0	0
FBGN0032957	27	13	36	48	68	53
FBGN0016920	0	0	0	0	0	0
FBGN0000964	0	2	0	0	0	0
FBGN0031406	0	0	0	0	0	0
FBGN0031345	0	0	0	0	0	0
FBGN0032077	11	6	23	5	5	3
FBGN0005590	0	0	0	0	0	0
FBGN0086251	7	15	17	16	17	14
FBGN0031718	0	0	0	0	0	0
FBGN0000307	79	103	152	133	190	172
FBGN0287599	0	0	0	0	0	0
FBGN0032339	22	20	19	19	30	37
FBGN0025742	77	71	113	82	154	138
FBGN0032680	0	0	0	0	1	0
FBGN0261563	58	52	50	139	233	223
FBGN0046113	0	0	0	0	0	0
FBGN0267488	913	971	1198	1622	2130	2244
FBGN0031474	43	39	56	115	112	108
FBGN0051735	0	0	0	0	0	0
FBGN0001142	28	127	46	22	37	20
FBGN0032629	7	7	10	18	17	25
FBGN0261020	40	25	27	40	57	46
FBGN0032424	0	0	0	0	0	0
FBGN0032292	43	34	61	54	87	85
FBGN0261057	0	0	0	0	0	0
FBGN0261822	101	81	127	117	194	125
FBGN0032078	11	15	28	21	42	25
FBGN0031239	0	0	0	0	0	0
FBGN0259922	0	0	0	0	0	0
FBGN0031848	18	17	30	14	37	21
FBGN0014189	760	784	1067	888	1414	1359
FBGN0010398	25	20	23	27	43	44
FBGN0027560	18	16	33	5	2	0
FBGN0031868	320	327	540	306	465	483
FBGN0041337	0	0	0	0	0	0
FBGN0031941	0	0	0	0	0	0
FBGN0039958	50	63	85	85	77	69
FBGN0040079	27	27	38	43	45	38
FBGN0031320	89	47	83	57	62	63
FBGN0032519	0	0	0	1	0	4
FBGN0032089	0	1	0	1	1	0
FBGN0260452	0	0	0	0	0	0
FBGN0010300	552	545	761	949	1297	1335
FBGN0027868	141	123	188	209	235	284
FBGN0003557	104	111	135	164	204	196
FBGN0020376	0	0	0	0	0	0
FBGN0051806	0	0	0	0	0	0
FBGN0002022	226	250	316	290	491	437
FBGN0262601	257	173	277	214	337	314
FBGN0051779	0	0	0	0	0	0
FBGN0032436	0	0	0	0	0	0
FBGN0031367	0	0	0	0	0	0
FBGN0259984	135	146	193	286	319	317
FBGN0262782	114	122	263	142	300	243
FBGN0032689	99	72	130	126	212	175
FBGN0001995	73	43	75	76	69	43
FBGN0051693	0	0	0	0	0	0
FBGN0032488	58	58	114	70	75	73
FBGN0020762	13	16	12	14	16	15
FBGN0032856	2	3	3	5	8	9
FBGN0032750	15	8	19	22	25	15
FBGN0031774	8	0	7	3	12	3
FBGN0032224	7	19	13	15	6	7
FBGN0051871	0	0	0	0	1	0
FBGN0027515	16	22	18	49	89	54
FBGN0031869	0	0	0	0	0	0
FBGN0264988	0	0	0	0	0	0
FBGN0031435	6	3	8	14	4	6
FBGN0261671	134	94	122	229	274	275
FBGN0004838	1454	1653	2181	1434	2359	2409
FBGN0028948	0	0	0	0	0	0
FBGN0032015	214	134	325	303	455	357
FBGN0263842	0	0	0	0	0	0
FBGN0031654	136	13	96	0	0	0
FBGN0032478	0	0	0	0	0	0
FBGN0261566	0	0	0	0	0	0
FBGN0031940	0	0	1	0	0	2
FBGN0040993	0	4	2	0	0	1
FBGN0031423	0	0	0	0	0	0
FBGN0031268	77	61	59	96	141	109
FBGN0028878	0	0	0	0	0	0
FBGN0053302	0	2	0	11	14	5
FBGN0003896	5	15	17	20	40	22
FBGN0032624	0	0	0	0	0	0
FBGN0051861	0	0	0	0	0	0
FBGN0053838	0	0	0	0	0	0
FBGN0026395	0	0	0	0	0	0
FBGN0031561	17	9	53	0	0	0
FBGN0032882	97	116	149	115	152	146
FBGN0032688	90	78	117	102	156	145
FBGN0031265	47	38	56	28	58	64
FBGN0001991	0	1	0	0	0	0
FBGN0260486	43	56	89	93	81	68
FBGN0040510	0	0	0	0	0	0
FBGN0031381	8	11	17	9	9	8
FBGN0028540	88	31	95	42	71	87
FBGN0262856	0	0	0	0	0	0
FBGN0032814	6	2	6	22	11	11
FBGN0028645	0	0	0	0	0	0
FBGN0032172	21	15	29	40	78	46
FBGN0031228	52	27	69	78	96	70
FBGN0042127	0	0	1	1	0	2
FBGN0031568	0	0	0	0	0	0
FBGN0003942	613	379	724	982	1478	1267
FBGN0283427	397	481	766	242	301	239
FBGN0032293	30	6	22	34	69	50
FBGN0032901	10	17	24	33	44	36
FBGN0032513	17	12	26	32	27	33
FBGN0032030	116	92	105	162	199	192
FBGN0032061	0	0	0	0	1	0
FBGN0051897	0	0	0	0	0	0
FBGN0005322	56	58	93	91	157	148
FBGN0053886	0	0	0	0	0	0
FBGN0032076	13	9	59	6	0	0
FBGN0031954	0	0	0	0	0	0
FBGN0003386	0	0	0	0	0	0
FBGN0004242	7	27	22	5	2	2
FBGN0031270	8	7	24	21	17	26
FBGN0040260	1	0	0	0	0	2
FBGN0032834	0	0	0	0	0	0
FBGN0051706	0	1	0	0	0	0
FBGN0032039	0	0	0	0	0	0
FBGN0053299	0	0	0	0	0	0
FBGN0051660	0	1	4	0	3	0
FBGN0027609	33	36	45	43	75	74
FBGN0031430	0	0	0	0	0	0
FBGN0032665	0	0	1	0	0	0
FBGN0003310	91	79	96	130	192	144
FBGN0031273	0	0	0	0	3	2
FBGN0051813	0	0	0	0	0	0
FBGN0260996	0	0	0	0	0	0
FBGN0003313	0	0	0	0	0	0
FBGN0032216	212	243	334	319	417	352
FBGN0032395	8	15	26	41	51	31
FBGN0264260	0	0	0	0	0	0
FBGN0031407	0	0	0	0	0	0
FBGN0051627	0	0	0	0	0	0
FBGN0040725	0	0	7	0	0	0
FBGN0000146	0	0	1	3	3	0
FBGN0031314	60	54	56	71	77	84
FBGN0002887	51	40	55	34	36	26
FBGN0031664	80	152	248	108	101	140
FBGN0040989	0	0	0	0	0	0
FBGN0031751	0	0	0	0	0	0
FBGN0051639	0	0	0	0	0	0
FBGN0000351	0	0	0	0	0	1
FBGN0031902	24	14	38	17	57	21
FBGN0020258	2	0	0	0	2	2
FBGN0031279	0	0	0	0	0	0
FBGN0031626	0	0	0	0	0	0
FBGN0011737	44	52	89	66	92	90
FBGN0017551	9	13	16	20	47	43
FBGN0263598	318	230	320	409	578	628
FBGN0031881	3	2	4	3	4	4
FBGN0051935	15	37	54	27	49	44
FBGN0085210	0	0	0	0	0	0
FBGN0260479	0	0	0	0	0	0
FBGN0261567	0	0	0	0	0	0
FBGN0053533	0	0	0	0	0	0
FBGN0263386	0	0	0	0	0	0
FBGN0051960	0	0	0	0	0	0
FBGN0000120	0	0	0	0	0	0
FBGN0000273	35	61	65	82	125	117
FBGN0267254	0	0	0	0	0	0
FBGN0024244	14	8	25	49	90	45
FBGN0032265	0	0	0	0	0	0
FBGN0260632	46	28	41	45	93	83
FBGN0032040	0	0	0	0	0	0
FBGN0031777	30	28	51	46	53	53
FBGN0032836	0	0	0	0	0	0
FBGN0040723	0	0	0	0	0	0
FBGN0261509	18	12	13	28	43	43
FBGN0015600	37	31	59	74	85	89
FBGN0053128	0	0	1	0	0	0
FBGN0051664	0	0	3	0	0	0
FBGN0032094	0	0	0	0	0	0
FBGN0026760	0	0	0	0	0	2
FBGN0031454	0	3	0	10	12	5
FBGN0031973	57	46	46	57	106	91
FBGN0028506	125	68	108	182	247	252
FBGN0031323	0	0	0	0	0	0
FBGN0032390	60	33	53	33	65	52
FBGN0085424	171	122	197	300	479	348
FBGN0015791	57	35	37	55	94	90
FBGN0028940	6	3	18	0	0	0
FBGN0000529	0	0	0	0	0	0
FBGN0031500	24	22	24	20	37	22
FBGN0053863	0	0	0	0	0	0
FBGN0032289	0	0	0	0	0	0
FBGN0283682	313	273	381	465	638	517
FBGN0032843	0	0	1	0	0	0
FBGN0267326	178	410	587	75	38	63
FBGN0031856	0	0	0	0	0	0
FBGN0032196	23	20	36	22	35	19
FBGN0250907	1377	1333	1855	3156	3691	3175
FBGN0031974	3	0	2	0	1	3
FBGN0041713	11	12	15	10	7	22
FBGN0051865	0	0	0	0	0	0
FBGN0085477	0	0	0	0	0	0
FBGN0001967	1	0	4	1	2	0
FBGN0001185	11	11	18	6	21	19
FBGN0053872	0	0	0	0	0	0
FBGN0032083	0	0	0	0	0	0
FBGN0032728	22	23	40	35	57	49
FBGN0024846	50	52	84	54	97	108
FBGN0015031	37	12	25	157	204	124
FBGN0015553	26	28	36	23	42	27
FBGN0031759	289	322	484	446	629	613
FBGN0046704	52	56	72	65	122	100
FBGN0259955	0	0	0	0	0	0
FBGN0032726	24	48	92	0	7	2
FBGN0040211	0	0	0	0	0	0
FBGN0051862	0	0	0	0	0	0
FBGN0031732	0	0	0	0	0	0
FBGN0022153	39	42	52	92	110	148
FBGN0046888	0	0	0	0	0	0
FBGN0052829	6	3	24	6	13	5
FBGN0053803	0	0	0	0	0	0
FBGN0040064	301	412	636	325	480	465
FBGN0031305	0	0	0	0	0	0
FBGN0031443	0	0	0	0	0	0
FBGN0032640	224	264	412	232	352	345
FBGN0003980	0	0	0	0	0	0
FBGN0031327	28	13	16	29	55	34
FBGN0032189	17	8	18	17	30	15
FBGN0031979	3	2	3	5	8	11
FBGN0262960	0	0	0	0	0	0
FBGN0028979	16	27	33	45	45	49
FBGN0032072	0	0	0	0	0	0
FBGN0031229	109	136	188	131	172	134
FBGN0086698	21	31	29	40	53	61
FBGN0031621	0	0	0	0	0	0
FBGN0021874	136	111	151	88	128	150
FBGN0051683	0	0	0	0	0	0
FBGN0032399	0	0	0	0	0	0
FBGN0032851	0	0	0	0	0	0
FBGN0032127	0	0	0	0	0	0
FBGN0067312	0	0	0	0	0	0
FBGN0053890	0	0	0	0	0	0
FBGN0032741	0	0	0	0	0	0
FBGN0026439	1	9	2	0	0	1
FBGN0032429	85	65	131	96	125	121
FBGN0053282	0	0	0	0	0	0
FBGN0032908	0	0	0	0	0	0
FBGN0031526	0	0	0	0	0	0
FBGN0032713	28	39	33	54	138	105
FBGN0032233	1	0	0	0	5	1
FBGN0051752	0	0	0	0	0	0
FBGN0031432	8	1	8	0	0	0
FBGN0032603	0	0	0	0	0	1
FBGN0032934	10	2	10	8	24	14
FBGN0261437	62	41	100	141	123	110
FBGN0031681	61	96	152	176	307	234
FBGN0003145	0	0	0	0	0	0
FBGN0027779	103	66	103	100	225	244
FBGN0031643	315	283	378	100	148	152
FBGN0020443	394	320	586	498	738	612
FBGN0053858	0	0	0	0	0	0
FBGN0032345	0	0	0	0	2	0
FBGN0086446	66	65	73	40	42	37
FBGN0259963	0	0	0	0	0	0
FBGN0031401	101	84	110	168	202	228
FBGN0086443	426	369	453	379	518	503
FBGN0031985	74	89	114	171	208	187
FBGN0000308	385	190	248	456	698	479
FBGN0024352	605	575	801	699	942	944
FBGN0051800	10	15	45	23	26	10
FBGN0250837	624	674	1193	479	560	639
FBGN0029095	245	296	332	225	366	429
FBGN0266845	0	0	0	0	0	0
FBGN0053640	0	0	0	0	0	0
FBGN0051703	0	0	0	0	0	0
FBGN0032651	0	0	0	0	0	0
FBGN0031604	88	71	123	84	108	105
FBGN0032692	0	0	0	0	0	0
FBGN0032407	90	132	189	105	158	161
FBGN0015299	97	135	170	57	57	55
FBGN0026718	3	0	0	0	0	1
FBGN0032170	99	67	114	93	126	158
FBGN0032204	28	30	38	33	50	44
FBGN0267486	0	1	0	0	0	0
FBGN0031413	2	8	8	1	11	8
FBGN0032649	0	0	0	0	0	0
FBGN0032055	0	0	0	0	0	0
FBGN0284248	129	165	213	85	77	72
FBGN0028888	0	0	0	0	0	0
FBGN0052988	0	0	0	0	0	0
FBGN0288229	197	189	197	353	450	441
FBGN0031501	0	0	0	0	0	0
FBGN0032305	106	104	151	189	183	193
FBGN0032719	0	0	0	0	0	0
FBGN0032723	50	55	91	107	150	119
FBGN0026196	375	376	525	475	682	607
FBGN0027780	4	13	13	7	11	22
FBGN0027932	2043	2286	3859	2749	3683	3463
FBGN0014092	77	93	106	95	132	117
FBGN0028852	0	0	0	0	0	0
FBGN0053179	0	0	0	0	0	0
FBGN0028515	245	235	357	196	424	372
FBGN0031676	5	8	34	16	28	34
FBGN0032907	12	14	13	23	39	27
FBGN0287695	4	7	5	0	4	5
FBGN0051928	0	0	0	0	0	0
FBGN0031256	114	81	156	109	211	179
FBGN0031701	0	0	0	0	0	0
FBGN0032268	0	0	0	0	0	0
FBGN0053820	0	0	0	0	0	0
FBGN0040268	40	56	49	44	33	55
FBGN0263996	3	0	11	0	0	0
FBGN0027490	9	16	14	15	25	17
FBGN0053516	0	0	0	0	0	0
FBGN0051778	0	1	0	0	1	0
FBGN0051644	0	0	0	0	0	0
FBGN0040996	0	0	0	0	0	0
FBGN0040973	0	0	0	0	1	0
FBGN0031942	0	0	0	0	0	0
FBGN0031529	72	99	124	101	148	192
FBGN0260439	642	559	776	1224	1767	1791
FBGN0266666	102	101	244	190	178	163
FBGN0031209	3	0	0	0	0	0
FBGN0028700	89	61	113	131	170	188
FBGN0031531	0	0	0	0	0	0
FBGN0004611	20	30	47	33	86	94
FBGN0032456	546	441	644	130	157	173
FBGN0032873	44	74	103	52	58	76
FBGN0053833	0	0	0	0	0	0
FBGN0031905	0	0	0	0	0	0
FBGN0031397	0	2	0	0	0	0
FBGN0032219	0	0	1	0	1	0
FBGN0284223	0	0	0	0	0	0
FBGN0053853	0	0	0	0	0	0
FBGN0264443	2	6	0	9	12	19
FBGN0261790	115	48	84	176	186	238
FBGN0028430	0	3	2	1	10	3
FBGN0053873	0	0	0	0	0	0
FBGN0261055	0	0	0	0	0	0
FBGN0028894	13	11	27	23	24	31
FBGN0053871	0	0	0	0	0	0
FBGN0032243	30	18	29	31	27	42
FBGN0031694	0	0	0	0	0	0
FBGN0031248	2	16	1	0	2	0
FBGN0002563	2866	1017	5578	458	62	55
FBGN0051913	0	0	0	0	0	0
FBGN0010288	252	314	481	249	304	362
FBGN0053296	0	0	0	0	0	0
FBGN0032979	140	138	168	217	268	279
FBGN0032707	2	0	0	0	0	0
FBGN0263355	9	10	20	13	49	29
FBGN0051609	0	0	0	0	0	0
FBGN0032625	0	0	0	0	0	0
FBGN0262857	0	0	0	0	0	0
FBGN0032848	224	212	339	326	419	397
FBGN0031970	0	0	0	0	0	0
FBGN0032291	0	0	0	0	0	0
FBGN0031930	0	0	0	0	0	0
FBGN0053003	0	0	0	0	0	0
FBGN0032229	69	58	98	60	101	96
FBGN0032136	27	16	82	12	4	4
FBGN0032472	0	0	0	0	0	0
FBGN0053117	0	0	0	0	0	0
FBGN0040009	42	38	36	78	88	89
FBGN0032422	6	1	3	2	3	6
FBGN0259683	0	0	1	0	1	0
FBGN0083938	0	0	0	0	0	0
FBGN0032647	0	0	0	0	0	0
FBGN0051901	3	0	2	0	0	4
FBGN0051815	0	0	0	0	0	0
FBGN0031799	65	52	69	116	139	115
FBGN0032360	0	0	0	0	0	0
FBGN0031377	77	45	93	104	140	107
FBGN0032511	76	37	82	82	62	82
FBGN0053827	0	0	0	0	0	0
FBGN0011239	0	0	0	0	0	0
FBGN0001992	0	0	1	0	0	0
FBGN0032642	28	34	50	21	34	23
FBGN0042133	0	0	0	0	0	0
FBGN0264544	0	0	0	0	0	0
FBGN0032029	18	8	22	12	31	22
FBGN0041247	0	0	0	0	0	0
FBGN0032047	10	8	11	4	10	18
FBGN0031333	0	0	0	0	0	0
FBGN0266363	0	0	0	0	0	0
FBGN0261560	23	22	13	10	15	6
FBGN0026438	0	1	1	0	0	0
FBGN0032075	12	1	11	0	0	9
FBGN0051676	0	0	1	1	0	0
FBGN0040011	82	103	150	163	162	182
FBGN0040099	1	0	0	0	0	0
FBGN0053894	0	0	0	0	0	0
FBGN0016122	0	9	14	1	4	7
FBGN0002543	312	298	494	591	1022	905
FBGN0031808	0	0	0	0	0	0
FBGN0032051	95	102	216	125	180	136
FBGN0028853	0	0	0	0	0	0
FBGN0032631	0	1	0	0	0	0
FBGN0031361	24	13	34	22	23	26
FBGN0031455	12	9	9	6	12	19
FBGN0032965	0	0	0	0	0	0
FBGN0004583	151	117	209	267	356	300
FBGN0031820	57	56	65	75	128	118
FBGN0032729	11	6	13	2	12	15
FBGN0261628	0	0	1	0	0	0
FBGN0031702	0	3	1	0	0	0
FBGN0031548	0	0	0	0	0	0
FBGN0031765	0	0	0	0	0	0
FBGN0053309	0	0	0	0	0	0
FBGN0051974	0	0	0	0	0	0
FBGN0026398	0	0	0	0	0	0
FBGN0051956	0	0	0	0	1	1
FBGN0262356	0	0	0	0	0	0
FBGN0260954	0	0	0	0	0	0
FBGN0283442	0	1	0	3	0	7
FBGN0032524	11	8	26	43	31	34
FBGN0032596	344	241	342	395	522	554
FBGN0021944	107	90	123	123	209	236
FBGN0051742	0	0	0	0	0	0
FBGN0259896	8	3	1	14	17	12
FBGN0031873	46	41	73	51	52	68
FBGN0043362	25	7	24	37	34	38
FBGN0053829	0	0	0	0	0	0
FBGN0032209	0	0	0	0	0	0
FBGN0031245	24	14	40	76	81	132
FBGN0026319	41	66	90	27	28	29
FBGN0032387	0	0	0	0	0	0
FBGN0031824	35	26	50	9	12	26
FBGN0015521	248	190	369	357	558	615
FBGN0031535	17	14	20	22	25	24
FBGN0032228	3	0	1	2	2	6
FBGN0023416	2	9	6	2	0	2
FBGN0000251	0	0	0	0	0	0
FBGN0032125	0	0	0	0	0	0
FBGN0053878	0	0	0	0	0	0
FBGN0032188	0	0	0	0	0	0
FBGN0010309	10	1	22	16	26	18
FBGN0032972	0	0	0	0	0	0
FBGN0032264	4	4	3	0	0	2
FBGN0020305	114	89	160	79	129	118
FBGN0284220	1339	1441	2147	1765	2346	2469
FBGN0032684	2	2	7	0	0	5
FBGN0027070	0	0	2	0	0	0
FBGN0031467	0	0	0	0	0	0
FBGN0001987	291	293	375	410	644	566
FBGN0261648	162	139	197	379	602	521
FBGN0032538	191	139	180	61	98	146
FBGN0023496	0	1	1	0	1	0
FBGN0031646	0	0	1	0	0	0
FBGN0032105	120	77	128	148	205	220
FBGN0032811	0	8	2	2	5	1
FBGN0010407	2	8	0	1	0	0
FBGN0287596	0	0	0	0	0	0
FBGN0032484	0	0	0	0	0	0
FBGN0031851	57	48	92	75	97	113
FBGN0028412	0	0	0	0	0	0
FBGN0262875	0	0	0	0	0	0
FBGN0031479	76	76	94	82	88	93
FBGN0032415	0	0	0	0	0	0
FBGN0259959	0	0	0	0	0	0
FBGN0015663	2	2	3	2	1	1
FBGN0032733	0	0	1	0	0	0
FBGN0031214	0	0	1	0	0	0
FBGN0031620	0	0	0	0	0	0
FBGN0028572	1	2	2	0	0	0
FBGN0011638	513	477	694	442	588	632
FBGN0001137	0	0	0	0	0	0
FBGN0031512	0	0	4	0	0	0
FBGN0000442	0	0	0	0	0	0
FBGN0263873	38	22	23	70	79	78
FBGN0032613	0	0	0	0	0	0
FBGN0032535	1	0	0	0	0	0
FBGN0015777	166	127	177	195	384	324
FBGN0032768	0	0	0	0	0	0
FBGN0031518	0	0	1	0	0	0
FBGN0004837	25	36	46	60	70	90
FBGN0031733	0	0	0	0	0	0
FBGN0086265	0	0	0	0	2	0
FBGN0032362	0	0	0	1	0	0
FBGN0028513	0	0	0	0	0	0
FBGN0031815	31	19	54	45	57	59
FBGN0031998	5	4	0	2	6	5
FBGN0028523	1	0	12	4	17	8
FBGN0031391	12	10	18	15	33	33
FBGN0003346	686	773	1249	703	823	838
FBGN0027496	181	207	276	221	345	299
FBGN0052986	0	0	0	0	0	0
FBGN0028856	0	0	0	0	0	0
FBGN0260955	5	0	0	6	0	0
FBGN0031410	0	0	0	0	0	0
FBGN0263038	23	35	48	40	32	44
FBGN0042186	0	0	0	0	0	0
FBGN0032793	17	30	30	13	30	27
FBGN0021800	1	4	6	0	6	10
FBGN0032643	360	295	454	558	739	644
FBGN0053812	0	0	0	0	0	0
FBGN0261458	311	336	449	495	771	671
FBGN0032197	35	47	69	80	69	97
FBGN0031219	3	0	0	0	0	0
FBGN0031600	29	23	37	44	70	47
FBGN0032754	0	0	0	0	0	0
FBGN0032494	0	0	0	0	0	0
FBGN0031372	0	0	0	0	0	0
FBGN0045501	0	0	0	0	0	0
FBGN0263027	0	0	0	0	1	3
FBGN0053806	0	0	0	0	0	0
FBGN0031504	0	0	0	0	0	0
FBGN0086451	214	219	250	306	431	423
FBGN0051697	0	0	0	0	0	0
FBGN0053856	0	0	0	0	0	0
FBGN0026373	82	87	118	139	173	145
FBGN0027550	0	1	0	0	0	0
FBGN0000114	0	2	2	0	0	0
FBGN0031559	0	0	0	0	0	0
FBGN0032200	256	270	524	348	497	436
FBGN0031909	49	45	67	72	101	73
FBGN0261278	65	56	101	113	164	171
FBGN0032130	10	7	25	7	18	21
FBGN0028945	0	0	0	0	0	0
FBGN0032911	0	0	0	0	0	0
FBGN0039972	2	0	1	7	1	0
FBGN0010473	49	46	82	112	176	159
FBGN0262467	29	25	39	39	52	49
FBGN0026390	0	0	0	0	0	0
FBGN0031585	0	0	0	0	0	0
FBGN0000370	51	38	64	62	67	81
FBGN0031860	0	2	2	0	0	0
FBGN0015609	96	131	119	101	131	118
FBGN0031652	0	0	0	0	1	4
FBGN0040228	29	14	33	24	33	38
FBGN0028530	56	31	70	62	42	39
FBGN0032223	75	63	91	87	130	107
FBGN0259952	0	0	0	0	0	0
FBGN0032008	0	0	0	0	0	0
FBGN0032401	4	0	0	5	7	8
FBGN0032120	68	98	115	112	135	119
FBGN0031434	7	1	15	8	12	16
FBGN0262018	0	0	0	0	0	0
FBGN0051759	34	52	40	43	33	49
FBGN0027509	185	181	247	243	290	312
FBGN0020304	60	34	55	73	152	104
FBGN0011708	30	34	44	36	79	47
FBGN0032214	112	82	100	109	146	124
FBGN0024285	189	155	205	278	409	468
FBGN0051677	0	0	0	0	0	0
FBGN0283728	0	0	0	0	0	0
FBGN0000339	43	42	37	75	109	84
FBGN0260454	0	0	0	0	0	0
FBGN0266364	0	0	0	0	0	0
FBGN0028965	22	30	28	38	68	45
FBGN0263235	8	0	10	0	0	0
FBGN0032132	51	48	73	432	587	417
FBGN0031734	4	0	0	1	1	3
FBGN0031782	41	54	54	24	69	51
FBGN0032536	6	0	0	0	0	0
FBGN0031426	0	0	2	0	0	1
FBGN0010382	47	68	61	84	100	98
FBGN0261938	18	28	44	24	60	53
FBGN0051741	0	0	0	0	0	0
FBGN0051665	0	8	0	0	0	0
FBGN0032116	0	4	0	0	3	1
FBGN0032057	0	0	0	0	0	0
FBGN0031418	183	192	211	120	129	116
FBGN0266459	0	0	0	0	0	0
FBGN0032393	161	141	214	63	91	144
FBGN0032368	0	0	0	0	0	0
FBGN0051636	0	0	0	0	1	0
FBGN0031473	0	0	0	0	2	0
FBGN0284224	0	0	0	0	0	0
FBGN0263971	0	0	0	0	0	0
FBGN0264494	10	0	1	6	17	2
FBGN0031301	0	0	0	0	0	0
FBGN0054010	0	0	0	0	0	0
FBGN0086909	29	39	28	27	28	58
FBGN0032658	0	0	0	0	0	0
FBGN0032414	143	179	214	274	417	333
FBGN0032475	158	123	195	200	267	260
FBGN0016926	13	16	24	18	40	33
FBGN0031802	0	0	0	0	0	0
FBGN0053301	2	0	0	0	0	0
FBGN0031255	0	3	3	0	1	1
FBGN0031668	4	0	1	4	4	8
FBGN0032935	7	6	8	11	7	11
FBGN0045485	0	0	0	0	0	0
FBGN0045498	0	0	0	0	0	0
FBGN0032162	6	5	9	6	14	12
FBGN0053877	0	0	0	0	0	0
FBGN0015380	209	179	236	385	534	503
FBGN0015776	79	63	91	116	150	135
FBGN0002985	5	3	7	7	12	9
FBGN0031574	42	36	71	53	70	89
FBGN0031550	0	0	0	0	1	0
FBGN0264695	8	12	50	0	5	1
FBGN0263852	98	109	165	98	163	153
FBGN0032921	16	12	11	9	18	5
FBGN0032400	65	40	52	204	280	265
FBGN0026756	0	0	0	0	0	0
FBGN0053995	11	1	6	13	18	14
FBGN0032450	10	39	54	46	71	64
FBGN0032803	24	29	8	46	157	85
FBGN0051803	0	0	0	0	0	0
FBGN0027491	0	1	0	0	0	0
FBGN0261266	4	6	30	6	16	9
FBGN0266670	58	94	122	105	132	141
FBGN0005779	0	0	0	0	0	0
FBGN0028942	0	0	0	0	0	0
FBGN0031871	10	15	7	15	25	18
FBGN0032815	45	39	30	60	76	59
FBGN0031395	11	8	22	35	43	32
FBGN0053821	0	0	0	0	0	0
FBGN0051674	4	1	1	0	2	5
FBGN0053828	0	0	0	0	0	0
FBGN0032913	3	1	2	0	0	0
FBGN0031514	1	0	0	0	0	0
FBGN0261268	176	183	270	202	275	229
FBGN0032314	0	0	0	0	0	0
FBGN0028539	172	180	180	294	371	363
FBGN0032025	3	1	1	3	12	8
FBGN0031670	98	104	111	204	316	285
FBGN0000636	981	1101	1484	1471	2280	2318
FBGN0265263	0	0	0	0	0	0
FBGN0020445	5	0	3	9	26	12
FBGN0032813	0	1	0	0	0	0
FBGN0250834	0	0	0	0	0	0
FBGN0031897	14	5	13	15	15	8
FBGN0032369	0	0	0	0	0	0
FBGN0053922	0	0	0	0	0	0
FBGN0016919	0	0	0	0	0	0
FBGN0031560	1	9	9	0	0	0
FBGN0041249	0	0	0	0	0	0
FBGN0032507	0	0	0	0	0	0
FBGN0020414	18	7	11	7	1	3
FBGN0032748	43	60	87	90	167	175
FBGN0031542	1	4	1	0	1	5
FBGN0263846	0	2	0	0	0	0
FBGN0043825	0	0	0	0	0	0
FBGN0031657	82	122	136	81	80	104
FBGN0026778	6	4	1	7	10	7
FBGN0032633	10	17	19	38	45	28
FBGN0031689	6	22	12	1	0	4
FBGN0028543	9	36	35	5	1	1
FBGN0031441	0	0	0	0	0	0
FBGN0041004	7	6	7	7	15	3
FBGN0259961	0	0	0	0	0	0
FBGN0260011	0	0	0	0	0	0
FBGN0016977	289	412	668	606	900	732
FBGN0031213	55	37	53	42	79	67
FBGN0032218	1	0	2	0	0	1
FBGN0086444	78	71	132	121	120	145
FBGN0032820	54	84	150	96	151	170
FBGN0031266	331	504	703	468	583	493
FBGN0083141	0	0	0	0	0	0
FBGN0028847	0	0	0	0	0	0
FBGN0085205	0	0	1	0	0	0
FBGN0032763	12	2	7	8	12	19
FBGN0031822	112	98	128	132	109	111
FBGN0002973	125	110	167	199	345	292
FBGN0028844	0	0	0	0	0	0
FBGN0032210	26	29	43	54	57	66
FBGN0032598	0	0	1	0	0	0
FBGN0000318	213	197	315	151	156	225
FBGN0259964	0	0	0	0	0	0
FBGN0000287	57	42	73	109	144	123
FBGN0031904	98	89	129	131	204	142
FBGN0041245	0	0	0	0	0	0
FBGN0011722	50	106	97	36	21	16
FBGN0267964	0	0	0	0	0	0
FBGN0051821	0	0	0	0	0	0
FBGN0025684	2	0	17	9	13	4
FBGN0031726	0	0	0	0	0	0
FBGN0032551	0	0	0	0	0	0
FBGN0264253	0	0	0	0	0	0
FBGN0259818	0	1	2	3	1	1
FBGN0031491	3	4	2	3	13	5
FBGN0026379	28	17	43	62	71	61
FBGN0051709	0	0	0	0	0	0
FBGN0031549	80	107	175	159	219	188
FBGN0260428	0	0	0	0	0	0
FBGN0001075	1026	931	1353	1930	2624	2669
FBGN0287720	875	780	1099	1154	1645	1541
FBGN0031987	5	23	19	14	31	55
FBGN0028943	0	0	0	0	0	0
FBGN0250867	4	1	6	5	17	8
FBGN0032377	0	0	0	0	0	0
FBGN0031945	0	0	0	0	0	0
FBGN0003448	0	0	0	0	0	0
FBGN0045842	4	6	11	21	16	10
FBGN0027949	152	172	235	197	354	329
FBGN0051858	0	0	0	0	0	0
FBGN0000299	323	360	539	151	247	164
FBGN0040297	7	8	5	4	13	15
FBGN0010395	0	0	0	0	0	0
FBGN0260750	33	23	23	22	50	37
FBGN0032924	47	31	36	51	86	97
FBGN0043364	29	31	36	22	49	33
FBGN0032163	0	0	0	0	0	0
FBGN0031977	206	159	338	260	340	295
FBGN0051864	0	1	0	0	1	0
FBGN0053875	0	0	0	0	0	0
FBGN0051875	0	0	0	2	0	0
FBGN0032517	74	37	56	61	90	103
FBGN0032455	102	124	166	103	155	147
FBGN0032840	0	6	0	0	0	0
FBGN0266491	0	1	0	0	0	0
FBGN0001114	63	107	124	56	69	69
FBGN0032261	17	36	44	11	37	39
FBGN0260451	0	0	0	0	0	0
FBGN0031948	0	3	0	4	0	0
FBGN0000422	4	1	6	8	12	10
FBGN0053679	0	0	0	0	0	0
FBGN0032184	1	0	44	0	0	0
FBGN0015583	0	0	0	0	0	0
FBGN0031635	12	12	18	22	42	45
FBGN0032124	4	0	0	1	1	1
FBGN0028855	351	389	594	112	102	138
FBGN0013746	136	176	271	233	281	215
FBGN0001965	51	64	65	83	159	118
FBGN0028531	0	0	0	0	0	0
FBGN0031695	2	0	0	0	0	0
FBGN0031698	81	85	139	164	267	260
FBGN0028916	9	19	16	3	29	17
FBGN0051827	0	0	0	0	0	0
FBGN0032746	67	60	99	65	92	86
FBGN0032476	9	13	8	13	41	26
FBGN0031632	8	6	4	14	34	17
FBGN0013301	0	0	0	0	0	0
FBGN0032693	26	26	77	119	113	115
FBGN0261514	0	0	0	0	0	1
FBGN0032772	1	0	0	0	0	0
FBGN0053645	0	0	0	0	0	0
FBGN0032487	63	62	77	51	80	83
FBGN0015271	33	24	40	35	75	73
FBGN0002121	353	314	475	538	532	546
FBGN0262000	0	0	0	0	0	0
FBGN0002031	310	247	300	318	488	466
FBGN0266450	129	131	147	251	354	357
FBGN0032895	4	3	0	0	0	0
FBGN0051909	0	0	0	0	0	0
FBGN0250841	0	0	0	0	0	0
FBGN0028394	11	15	13	19	31	7
FBGN0264556	0	0	0	0	1	0
FBGN0011559	0	0	0	0	0	0
FBGN0032698	23	15	22	26	20	32
FBGN0003983	0	0	0	0	0	0
FBGN0032914	4	0	0	0	0	0
FBGN0000721	83	65	145	119	167	156
FBGN0031627	0	2	0	0	0	2
FBGN0264296	0	0	0	0	0	0
FBGN0031493	171	150	276	191	275	298
FBGN0260749	73	49	89	110	153	163
FBGN0045852	0	3	0	1	1	0
FBGN0032819	60	72	95	80	81	75
FBGN0031449	1	0	3	2	0	4
FBGN0053804	0	0	0	0	0	0
FBGN0032286	0	0	4	0	0	0
FBGN0032949	343	334	397	602	815	722
FBGN0032409	57	39	52	66	117	78
FBGN0031399	37	38	46	44	79	73
FBGN0053643	0	0	0	0	0	0
FBGN0032785	1	9	1	0	1	0
FBGN0085198	0	0	0	0	0	0
FBGN0032365	0	0	0	0	0	0
FBGN0028554	239	231	356	156	247	311
FBGN0020616	129	185	224	272	333	310
FBGN0032144	0	3	1	0	0	0
FBGN0031693	5	2	7	0	0	0
FBGN0028517	0	0	0	0	0	0
FBGN0260000	0	0	0	0	0	0
FBGN0028931	6	4	9	5	5	4
FBGN0000559	7954	6797	9844	8277	12355	12397
FBGN0031762	1	0	2	0	0	0
FBGN0053904	0	0	0	0	0	0
FBGN0024227	148	142	226	159	258	290
FBGN0266449	159	122	162	212	370	319
FBGN0263206	0	0	0	0	0	0
FBGN0051680	0	0	0	0	0	0
FBGN0086445	19	14	21	23	21	28
FBGN0031232	0	0	0	0	0	0
FBGN0051804	0	0	0	0	0	0
FBGN0051715	89	96	185	101	111	94
FBGN0000228	64	50	104	133	147	124
FBGN0032236	47	27	41	93	105	76
FBGN0031875	69	59	133	116	166	130
FBGN0260648	103	97	147	102	105	109
FBGN0284256	283	309	447	351	497	518
FBGN0261992	0	0	0	0	0	0
FBGN0032405	3	10	15	6	10	10
FBGN0004374	87	72	113	132	150	157
FBGN0032720	50	25	79	41	33	40
FBGN0028936	0	1	3	0	0	0
FBGN0032115	0	0	0	0	0	0
FBGN0031546	0	0	0	0	0	0
FBGN0061209	0	0	0	0	0	0
FBGN0051872	0	0	0	0	0	0
FBGN0053896	0	0	0	0	0	0
FBGN0020622	65	79	83	97	183	185
FBGN0031650	0	0	0	0	0	0
FBGN0051805	0	0	0	0	0	0
FBGN0032652	1	16	6	0	0	1
FBGN0031818	35	44	61	33	57	51
FBGN0032477	14	7	9	16	21	25
FBGN0053859	0	0	0	0	0	0
FBGN0262359	0	0	0	0	0	0
FBGN0262150	0	0	0	0	0	0
FBGN0026755	0	0	0	0	0	0
FBGN0086758	18	18	18	3	3	4
FBGN0003087	30	27	27	69	90	96
FBGN0032034	9	9	18	15	35	19
FBGN0266557	1288	1354	1996	2113	3067	2572
FBGN0032883	45	38	68	56	64	50
FBGN0031739	2	2	2	4	9	15
FBGN0028880	0	0	0	0	0	0
FBGN0031659	20	30	41	39	50	58
FBGN0051681	0	0	0	0	0	0
FBGN0054049	0	0	0	0	0	0
FBGN0053322	0	0	0	0	0	0
FBGN0287630	0	0	0	0	0	0
FBGN0044323	254	222	325	325	502	483
FBGN0031417	0	3	7	0	0	0
FBGN0283467	28	28	68	36	56	42
FBGN0032916	26	31	69	58	76	96
FBGN0031459	69	51	72	122	191	165
FBGN0010100	521	447	633	683	1018	1009
FBGN0259712	0	0	0	0	0	0
FBGN0031801	0	0	1	0	0	0
FBGN0031887	0	0	0	0	0	0
FBGN0001084	20	12	11	35	49	50
FBGN0084001	0	0	0	0	0	0
FBGN0001174	0	0	0	0	0	0
FBGN0028868	0	0	0	0	0	0
FBGN0260639	244	257	313	280	345	369
FBGN0032827	0	0	0	0	0	0
FBGN0053902	0	0	0	0	0	0
FBGN0031708	31	33	28	40	37	29
FBGN0053825	0	0	0	0	0	0
FBGN0053306	0	1	0	0	0	0
FBGN0045497	0	0	0	0	0	0
FBGN0015391	269	316	583	299	320	444
FBGN0032847	40	41	74	35	65	91
FBGN0028872	5	0	2	0	0	0
FBGN0003716	409	464	514	751	1116	1051
FBGN0040096	0	0	0	0	0	0
FBGN0032783	21	9	23	13	25	51
FBGN0003231	190	141	209	177	313	251
FBGN0051787	0	0	0	0	2	0
FBGN0085380	0	0	0	0	0	0
FBGN0032430	81	54	52	51	109	91
FBGN0086442	76	55	99	80	124	120
FBGN0003941	468	444	702	509	831	715
FBGN0032354	10	1	18	31	30	37
FBGN0262160	107	93	146	183	242	184
FBGN0000490	32	26	53	42	66	64
FBGN0031579	0	0	0	0	0	0
FBGN0053910	0	0	0	0	0	0
FBGN0051678	40	32	69	62	78	111
FBGN0051769	5	2	12	0	0	0
FBGN0014396	0	0	0	0	0	0
FBGN0085201	0	0	0	0	0	0
FBGN0031722	0	0	0	0	0	0
FBGN0284253	282	284	398	361	500	461
FBGN0032967	0	0	0	0	0	0
FBGN0031683	16	21	38	30	34	25
FBGN0032058	0	0	0	8	0	0
FBGN0031452	74	64	100	80	85	71
FBGN0031285	109	79	115	143	197	216
FBGN0051869	105	98	147	92	165	144
FBGN0011283	4	0	0	0	0	0
FBGN0051952	0	0	0	0	0	0
FBGN0031456	48	60	64	82	79	104
FBGN0032886	27	14	32	23	21	37
FBGN0032804	0	0	0	1	3	0
FBGN0086357	1104	925	1340	1842	2852	2658
FBGN0041184	67	80	94	80	101	99
FBGN0031959	34	34	38	20	35	24
FBGN0032727	17	8	22	16	21	20
FBGN0031651	60	54	90	75	95	93
FBGN0259982	17	18	27	29	32	43
FBGN0031437	48	58	81	87	109	106
FBGN0051882	0	0	0	0	0	0
FBGN0042187	0	0	0	0	0	0
FBGN0266163	0	0	0	0	0	0
FBGN0040098	0	0	0	0	0	0
FBGN0028406	8	20	15	14	31	30
FBGN0029123	1	5	2	0	2	1
FBGN0032938	61	59	60	106	122	100
FBGN0031861	0	0	0	0	0	0
FBGN0032968	0	0	0	0	0	0
FBGN0031276	0	1	3	0	0	0
FBGN0015905	44	31	43	78	61	52
FBGN0051721	10	7	21	23	38	26
FBGN0283531	122	98	155	259	323	284
FBGN0031950	31	31	60	53	82	74
FBGN0031888	33	48	111	47	40	42
FBGN0014859	0	0	0	0	0	1
FBGN0011584	168	194	327	237	322	276
FBGN0031247	0	3	2	0	7	3
FBGN0250826	0	0	0	0	0	0
FBGN0001986	155	196	324	179	226	288
FBGN0259714	0	0	0	1	2	0
FBGN0031832	59	49	60	84	106	132
FBGN0264344	0	0	0	0	0	0
FBGN0010197	0	0	0	0	0	0
FBGN0027074	0	0	0	0	0	0
FBGN0261806	0	0	0	0	0	0
FBGN0263050	3	2	3	5	6	12
FBGN0032085	0	0	0	0	0	0
FBGN0043841	53	80	72	179	214	169
FBGN0031976	2	9	0	5	8	13
FBGN0032744	47	48	48	15	23	34
FBGN0031723	0	0	0	0	0	0
FBGN0031746	0	0	0	0	0	0
FBGN0031688	0	0	0	0	0	0
FBGN0027052	55	47	72	88	56	43
FBGN0267972	39	35	21	42	82	58
FBGN0040985	57	83	176	72	96	64
FBGN0015546	194	213	314	249	367	391
FBGN0031878	230	191	358	341	476	392
FBGN0053823	0	0	0	0	0	0
FBGN0032636	0	0	0	0	0	0
FBGN0010314	65	77	109	72	76	111
FBGN0032602	0	0	0	0	0	0
FBGN0032082	0	0	0	0	0	1
FBGN0086673	7	6	11	17	31	24
FBGN0032870	9	7	12	11	13	14
FBGN0031356	98	84	138	97	157	165
FBGN0262036	0	0	0	0	0	0
FBGN0031760	17	16	10	13	35	27
FBGN0028919	17	18	42	38	40	24
FBGN0005278	370	316	467	490	641	609
FBGN0032663	0	0	0	0	0	9
FBGN0042125	3	1	2	0	6	8
FBGN0053843	0	0	0	0	0	0
FBGN0265578	0	0	0	0	0	0
FBGN0010453	8	8	18	16	7	20
FBGN0031516	3	6	7	7	8	7
FBGN0040104	0	0	0	0	0	0
FBGN0285971	41	27	45	46	58	60
FBGN0004177	471	547	673	703	1113	1127
FBGN0053847	0	0	0	0	0	0
FBGN0259962	0	0	0	0	0	0
FBGN0031240	0	0	0	0	0	0
FBGN0031393	0	0	0	0	0	0
FBGN0045827	0	0	0	0	0	0
FBGN0265349	0	0	0	0	0	0
FBGN0028520	0	0	0	0	0	0
FBGN0028514	0	2	0	0	0	0
FBGN0042189	0	0	0	0	0	0
FBGN0262126	338	338	581	550	812	792
FBGN0032433	0	0	0	0	0	0
FBGN0031803	0	0	0	0	0	0
FBGN0031914	13	5	6	3	10	14
FBGN0053880	0	0	0	0	0	0
FBGN0031886	50	44	64	40	57	58
FBGN0051957	10	9	11	24	13	17
FBGN0032248	10	8	7	18	26	14
FBGN0032897	27	2	25	3	7	5
FBGN0051812	4	9	1	4	8	8
FBGN0022893	3291	3878	6207	3456	4387	4042
FBGN0031528	2	0	0	0	0	0
FBGN0051784	0	0	0	0	0	0
FBGN0046302	8	2	15	0	3	2
FBGN0086266	0	0	0	0	0	0
FBGN0010520	49	34	45	56	58	65
FBGN0019982	13	8	7	3	14	24
FBGN0031607	120	84	149	125	209	182
FBGN0028509	20	23	14	23	69	53
FBGN0001983	0	10	0	0	2	4
FBGN0031364	0	0	0	0	0	0
FBGN0085211	0	0	0	0	0	0
FBGN0032480	40	53	41	75	133	90
FBGN0262017	0	0	0	0	0	0
FBGN0032810	0	0	1	0	0	0
FBGN0052983	0	0	0	0	0	0
FBGN0003444	84	105	154	196	217	264
FBGN0032505	0	0	0	0	0	0
FBGN0028935	0	0	0	0	0	0
FBGN0053887	0	0	0	0	0	0
FBGN0051619	2	8	5	0	0	0
FBGN0015376	61	46	91	63	65	101
FBGN0031811	0	0	0	0	0	0
FBGN0003278	193	228	326	181	210	269
FBGN0004914	21	5	14	58	26	48
FBGN0051954	1	0	0	0	0	0
FBGN0032090	0	0	0	0	0	0
FBGN0031640	17	16	17	35	40	22
FBGN0261534	39	42	30	23	35	32
FBGN0032499	11	27	41	34	43	37
FBGN0051907	0	0	0	0	0	0
FBGN0031763	0	0	0	0	0	0
FBGN0032191	10	6	5	9	14	18
FBGN0011232	24	23	11	21	32	20
FBGN0014454	0	0	0	0	0	0
FBGN0032922	18	10	26	11	15	8
FBGN0051826	0	0	0	0	0	0
FBGN0051755	4	4	2	7	6	4
FBGN0032251	10	7	23	14	38	28
FBGN0031589	35	20	28	50	53	53
FBGN0022213	669	678	908	739	947	1072
FBGN0040262	0	0	0	0	0	0
FBGN0015000	27	15	32	39	72	45
FBGN0259192	0	0	0	0	0	0
FBGN0053901	0	0	0	0	0	0
FBGN0262475	2	4	2	1	0	1
FBGN0053836	0	0	0	0	0	0
FBGN0013300	0	0	0	0	0	0
FBGN0284225	0	0	0	0	0	0
FBGN0032869	0	0	1	0	0	0
FBGN0031893	132	147	216	157	201	185
FBGN0031227	36	59	79	28	48	43
FBGN0031800	0	0	0	0	0	0
FBGN0042627	0	0	8	0	0	0
FBGN0010287	26	20	45	32	39	32
FBGN0032139	0	0	0	0	0	0
FBGN0032258	38	31	16	43	64	67
FBGN0031312	7	7	3	9	23	16
FBGN0031263	119	138	159	99	117	161
FBGN0031908	5	9	9	7	10	1
FBGN0031675	0	0	0	0	0	0
FBGN0032287	5	8	22	0	0	0
FBGN0032049	0	0	0	0	0	0
FBGN0085396	0	0	0	0	0	0
FBGN0053848	0	0	0	0	0	0
FBGN0053839	0	0	0	0	0	0
FBGN0015664	300	375	424	396	570	550
FBGN0015399	123	129	150	96	159	148
FBGN0031896	43	42	24	32	63	52
FBGN0259956	0	0	0	0	0	0
FBGN0032208	383	307	471	559	818	698
FBGN0031835	0	1	0	0	1	0
FBGN0032702	7	11	8	13	26	24
FBGN0032298	108	156	200	110	132	184
FBGN0259230	0	0	0	0	0	0
FBGN0032143	5	2	0	0	0	0
FBGN0015623	110	102	171	257	331	260
FBGN0031357	29	27	41	40	65	61
FBGN0267378	90	66	88	147	188	177
FBGN0031677	5	2	1	1	0	0
FBGN0032088	0	0	1	0	0	0
FBGN0032256	38	32	66	35	55	44
FBGN0032585	0	0	0	0	0	0
FBGN0045487	0	0	0	0	0	0
FBGN0261608	307	262	483	349	453	381
FBGN0031805	2	0	0	0	1	0
FBGN0053885	0	0	0	0	0	0
FBGN0041246	0	0	0	0	0	0
FBGN0032637	0	0	1	0	0	0
FBGN0031365	0	0	0	0	0	0
FBGN0004892	40	45	64	77	113	89
FBGN0031883	127	119	170	161	210	205
FBGN0040959	0	0	0	6	3	225
FBGN0053879	0	0	0	0	0	0
FBGN0032001	1	0	1	1	0	0
FBGN0028949	0	0	0	0	0	0
FBGN0032656	28	25	79	57	54	69
FBGN0051717	16	8	22	22	42	48
FBGN0263982	0	0	0	0	0	0
FBGN0000406	4	3	22	1	0	0
FBGN0024245	55	75	114	142	214	196
FBGN0011676	0	1	2	0	0	0
FBGN0032446	26	12	25	16	32	20
FBGN0260470	0	1	0	0	0	0
FBGN0032490	0	0	0	0	0	0
FBGN0053808	0	0	0	0	0	0
FBGN0031623	4	6	15	0	1	0
FBGN0004584	469	558	909	512	664	766
FBGN0260758	0	0	0	0	0	0
FBGN0031918	0	5	1	15	9	10
FBGN0051807	0	0	0	0	0	0
FBGN0032516	44	35	73	48	35	61
FBGN0040718	106	16	5	37	53	80
FBGN0263654	0	0	0	0	0	0
FBGN0031302	0	0	0	0	0	0
FBGN0083968	21	18	24	21	25	26
FBGN0053127	0	0	0	0	0	0
FBGN0031946	0	0	0	0	0	0
FBGN0261582	0	0	0	0	0	0
FBGN0085423	12	20	46	28	43	25
FBGN0011648	94	72	78	161	202	234
FBGN0031773	9	12	9	17	40	18
FBGN0086691	2	14	29	4	1	0
FBGN0032036	12	14	37	21	38	27
FBGN0032282	0	2	3	0	0	0
FBGN0259482	15	23	34	35	52	53
FBGN0266492	0	0	0	0	0	0
FBGN0264953	86	71	107	135	244	234
FBGN0000227	0	0	0	0	0	0
FBGN0032732	41	19	28	47	49	66
FBGN0000384	5	1	6	17	17	10
FBGN0031895	29	17	36	22	39	38
FBGN0028644	0	0	0	0	0	0
FBGN0051976	0	0	0	0	0	0
FBGN0053905	0	0	0	0	0	0
FBGN0032797	0	12	0	0	0	0
FBGN0053869	0	0	0	0	0	0
FBGN0031488	34	16	41	36	65	90
FBGN0032023	0	0	1	0	0	0
FBGN0028467	31	45	55	72	109	122
FBGN0031490	0	0	0	0	0	0
FBGN0032447	11	2	19	4	10	10
FBGN0052971	0	0	0	0	0	0
FBGN0032247	47	19	32	31	31	47
FBGN0054051	0	0	0	0	0	0
FBGN0053819	0	0	0	0	0	0
FBGN0031804	0	0	0	0	0	0
FBGN0283478	226	247	321	330	506	453
FBGN0028952	16	14	18	8	20	15
FBGN0041248	0	0	0	0	0	0
FBGN0031359	7	9	5	25	15	18
FBGN0001977	236	167	283	117	190	160
FBGN0031462	0	0	0	0	0	0
FBGN0265579	0	0	0	0	0	0
FBGN0031254	0	0	0	1	0	0
FBGN0027453	8	5	3	8	19	25
FBGN0031538	9	8	14	0	0	0
FBGN0264364	0	0	0	0	0	0
FBGN0031238	26	26	48	58	77	72
FBGN0005616	15	22	31	30	40	24
FBGN0031980	601	542	1144	563	962	889
FBGN0045064	6	0	0	12	6	10
FBGN0032448	0	0	0	0	0	0
FBGN0031725	0	0	0	0	0	0
FBGN0032691	28	45	58	44	48	32
FBGN0031690	0	0	0	0	0	0
FBGN0051618	0	0	0	0	0	0
FBGN0028895	6	12	12	9	17	23
FBGN0041195	0	0	0	0	0	0
FBGN0261802	132	108	223	256	399	306
FBGN0032079	0	0	3	0	0	0
FBGN0032297	3	4	0	2	4	3
FBGN0032650	0	0	0	0	0	0
FBGN0020270	241	193	345	95	123	136
FBGN0031540	46	26	66	86	109	95
FBGN0031554	0	0	0	0	0	0
FBGN0025681	48	67	83	102	113	134
FBGN0032685	35	43	41	104	159	162
FBGN0015338	61	67	96	69	123	87
FBGN0032492	0	0	0	0	0	0
FBGN0031711	136	160	205	130	213	169
FBGN0027611	57	118	91	465	570	419
FBGN0264442	249	334	519	253	408	357
FBGN0031741	4	3	1	11	16	14
FBGN0063368	0	0	0	0	0	0
FBGN0262683	0	1	3	0	0	0
FBGN0032554	0	0	0	0	0	0
FBGN0262357	0	0	0	0	0	0
FBGN0028538	79	74	95	121	199	140
FBGN0031484	12	16	24	17	39	20
FBGN0032891	27	37	52	17	7	14
FBGN0262353	0	0	0	0	0	0
FBGN0250903	11	3	6	10	16	14
FBGN0264342	0	0	0	0	0	0
FBGN0051910	0	0	0	0	0	0
FBGN0019809	0	0	0	0	0	0
FBGN0031267	6	17	14	7	16	34
FBGN0024689	42	71	118	118	124	135
FBGN0031252	27	36	55	54	71	55
FBGN0288834	194	186	289	181	229	240
FBGN0052832	0	0	0	0	0	0
FBGN0032481	46	49	26	77	139	100
FBGN0085203	27	24	33	26	28	38
FBGN0032156	3	8	2	4	0	1
FBGN0259958	0	0	0	0	0	0
FBGN0031319	15	16	17	27	26	30
FBGN0040233	41	29	43	43	52	47
FBGN0032371	0	0	0	0	0	0
FBGN0261089	0	0	1	0	0	0
FBGN0262029	407	332	491	624	1039	936
FBGN0032343	0	0	3	1	2	0
FBGN0263320	0	0	0	0	0	0
FBGN0002524	111	71	141	169	175	158
FBGN0031735	4	0	0	1	3	1
FBGN0022023	377	217	343	379	740	705
FBGN0032373	5	2	1	0	0	0
FBGN0045038	0	8	1	0	0	0
FBGN0032816	11	14	30	13	29	40
FBGN0028875	0	0	3	0	0	0
FBGN0054007	0	0	0	0	0	0
FBGN0011570	173	199	285	224	328	290
FBGN0032791	1	1	0	5	1	9
FBGN0028694	406	489	579	502	604	653
FBGN0031816	1	3	1	6	6	7
FBGN0031378	9	6	8	8	9	8
FBGN0032157	91	130	161	99	131	160
FBGN0025366	154	138	213	151	256	254
FBGN0028507	21	14	18	21	45	30
FBGN0032004	0	0	0	0	0	0
FBGN0042092	13	15	21	14	30	21
FBGN0023096	0	0	0	0	0	0
FBGN0085450	88	119	158	167	184	187
FBGN0020545	11	7	17	17	12	24
FBGN0032945	5	28	14	5	0	0
FBGN0261064	9	10	8	37	26	33
FBGN0032439	0	0	0	0	0	0
FBGN0031872	173	201	310	443	591	573
FBGN0031644	0	0	0	0	0	0
FBGN0031446	0	0	0	0	0	0
FBGN0053125	0	0	0	0	0	0
FBGN0051776	0	0	0	0	0	0
FBGN0032249	1	6	2	1	6	0
FBGN0032943	52	24	36	54	107	72
FBGN0032066	0	0	0	0	0	0
FBGN0053641	0	0	0	0	0	0
FBGN0085427	48	62	84	106	214	165
FBGN0041150	0	7	0	1	0	2
FBGN0085410	0	0	0	0	0	0
FBGN0031682	15	11	16	14	20	25
FBGN0031999	0	0	0	0	0	0
FBGN0261529	0	0	0	0	0	0
FBGN0032020	38	50	97	32	48	45
FBGN0051777	0	1	0	1	2	1
FBGN0032341	55	85	88	60	95	97
FBGN0032003	0	0	0	0	0	0
FBGN0262721	0	0	0	0	0	0
FBGN0032479	100	52	129	165	203	253
FBGN0032899	15	11	6	4	15	12
FBGN0031601	47	63	86	55	74	72
FBGN0031463	0	0	0	0	0	0
FBGN0031968	10	6	2	14	10	8
FBGN0032660	0	0	0	0	0	0
FBGN0028893	0	6	0	0	0	0
FBGN0032138	344	297	450	435	556	555
FBGN0032986	17	20	41	20	25	37
FBGN0053849	0	0	0	0	0	0
FBGN0031858	0	0	0	0	0	0
FBGN0051773	0	0	0	0	0	0
FBGN0028518	0	0	1	0	0	4
FBGN0031465	0	0	0	0	0	0
FBGN0003978	38	32	36	49	71	55
FBGN0031639	60	33	47	49	78	65
FBGN0031854	0	0	0	0	0	0
FBGN0051606	0	0	0	0	0	0
FBGN0261999	0	0	0	2	0	2
FBGN0051661	0	0	0	0	0	0
FBGN0085212	10	20	11	16	8	22
FBGN0051708	0	0	0	0	0	0
FBGN0264546	0	0	0	0	0	0
FBGN0051823	0	0	0	0	0	0
FBGN0032151	1	2	3	0	0	0
FBGN0259213	0	0	0	0	0	0
FBGN0263321	0	0	0	0	0	0
FBGN0083945	0	0	0	0	0	0
FBGN0031590	160	217	287	290	374	361
FBGN0085193	0	0	0	0	0	0
FBGN0032849	18	22	11	11	22	13
FBGN0040106	0	0	0	0	0	0
FBGN0031523	0	0	0	0	0	0
FBGN0020416	5	8	7	1	0	1
FBGN0028541	99	90	130	144	188	164
FBGN0021796	253	207	281	357	504	545
FBGN0028527	27	17	47	42	44	29
FBGN0010497	9	13	1	26	52	35
FBGN0266369	88	94	108	189	286	243
FBGN0040107	0	0	0	0	0	0
FBGN0028841	0	0	3	0	0	0
FBGN0032052	55	55	76	76	152	96
FBGN0032050	582	684	1194	614	754	831
FBGN0032668	0	0	3	0	0	0
FBGN0014906	33	27	43	53	67	70
FBGN0031619	2	0	0	10	15	6
FBGN0031855	0	0	0	0	0	0
FBGN0028946	0	0	0	0	0	0
FBGN0261535	90	55	86	80	97	93
FBGN0053850	0	0	0	0	0	0
FBGN0031749	0	0	0	0	0	0
FBGN0032266	0	0	0	0	0	0
FBGN0028569	0	0	0	0	0	0
FBGN0040984	0	0	0	0	0	0
FBGN0032798	0	1	0	0	0	0
FBGN0031233	56	62	96	77	89	109
FBGN0085374	0	0	0	0	0	0
FBGN0000392	1	6	8	6	6	10
FBGN0032664	0	0	0	0	0	0
FBGN0263278	1	3	1	1	3	7
FBGN0259735	130	189	165	266	428	320
FBGN0028886	4	3	8	4	2	5
FBGN0053835	0	0	0	0	0	0
FBGN0053870	0	0	0	0	0	0
FBGN0028920	224	22	275	1	2	2
FBGN0000239	175	134	221	218	265	296
FBGN0085409	70	61	103	172	245	216
FBGN0053813	0	0	0	0	0	0
FBGN0032031	34	17	20	23	31	32
FBGN0023407	67	71	97	62	98	77
FBGN0053807	0	0	0	0	0	0
FBGN0260817	60	56	83	33	66	49
FBGN0032358	10	15	23	18	42	31
FBGN0032690	243	294	446	282	321	337
FBGN0031534	91	107	155	106	179	136
FBGN0031649	0	1	0	0	0	0
FBGN0045495	0	0	0	0	0	0
FBGN0032773	213	271	480	22	7	4
FBGN0052987	0	0	0	0	0	0
FBGN0031717	74	81	77	160	201	177
FBGN0053900	0	0	0	0	0	0
FBGN0053844	0	0	0	0	0	0
FBGN0032506	0	4	3	0	0	0
FBGN0014000	0	7	9	0	0	0
FBGN0026141	0	0	3	2	0	0
FBGN0000256	53	46	61	72	134	105
FBGN0284230	1	1	13	4	2	7
FBGN0004868	982	1191	1405	1178	1691	1504
FBGN0028932	39	36	57	38	30	33
FBGN0032431	0	0	0	0	0	0
FBGN0032801	0	0	3	0	7	2
FBGN0032213	388	434	597	669	934	796
FBGN0264545	0	0	0	0	0	0
FBGN0261787	23	21	25	27	43	38
FBGN0085194	2	5	14	0	1	1
FBGN0051809	0	0	0	0	0	1
FBGN0032100	0	0	0	0	0	0
FBGN0053862	0	0	0	0	0	0
FBGN0023090	0	1	0	0	0	0
FBGN0261925	0	0	0	0	0	0
FBGN0053892	0	0	0	0	0	0
FBGN0032464	0	0	0	0	0	0
FBGN0051814	0	2	0	0	0	0
FBGN0051633	4	4	12	15	9	9
FBGN0032769	0	0	0	0	0	0
FBGN0000097	131	98	138	165	353	286
FBGN0032375	0	0	0	0	0	0
FBGN0031468	1	1	0	4	6	5
FBGN0031617	0	0	0	0	0	0
FBGN0032252	0	0	1	0	1	0
FBGN0051855	52	61	89	54	60	52
FBGN0032350	152	211	312	280	500	362
FBGN0032021	0	8	3	0	0	0
FBGN0003866	193	195	266	217	311	324
FBGN0032593	0	0	0	0	0	0
FBGN0001128	19	13	62	11	33	12
FBGN0032074	3	0	5	0	0	1
FBGN0004106	225	264	294	372	439	448
FBGN0031598	66	61	107	84	98	121
FBGN0028848	0	0	0	0	0	0
FBGN0264341	0	0	0	0	0	0
FBGN0028884	0	0	0	0	0	0
FBGN0051874	0	0	0	0	0	0
FBGN0031611	11	24	9	21	24	33
FBGN0032135	4	5	2	5	15	13
FBGN0032454	485	576	858	487	663	718
FBGN0032888	0	0	1	0	0	0
FBGN0032634	120	135	128	168	176	158
FBGN0040717	75	3	9	19	6	37
FBGN0028944	0	0	0	0	0	0
FBGN0261396	297	246	313	427	510	545
FBGN0032639	1	6	4	2	1	0
FBGN0031343	1	0	0	0	0	0
FBGN0032956	107	91	206	147	170	196
FBGN0264361	0	0	0	0	0	0
FBGN0053126	1	1	2	1	0	0
FBGN0267347	2	3	5	5	8	7
FBGN0000183	73	128	116	141	200	187
FBGN0028892	0	0	0	0	0	0
FBGN0032775	99	70	125	156	255	240
FBGN0032451	28	11	15	31	62	49
FBGN0032161	12	13	33	17	31	36
FBGN0053801	0	0	1	15	15	37
FBGN0031335	0	0	0	0	0	0
FBGN0031575	24	9	49	33	36	38
FBGN0265298	275	187	346	221	426	388
FBGN0051835	0	0	0	0	0	0
FBGN0002855	0	0	0	0	0	0
FBGN0051922	14	27	12	12	24	29
FBGN0032900	0	0	0	0	0	0
FBGN0031645	78	102	113	62	107	84
FBGN0001970	37	31	39	31	65	48
FBGN0000250	169	192	255	277	385	336
FBGN0051698	1	2	22	0	0	0
FBGN0014019	0	0	0	0	0	0
FBGN0053826	0	0	0	0	0	0
FBGN0032533	0	0	0	0	0	0
FBGN0284247	1251	1234	1845	2072	2516	2606
FBGN0083972	0	1	5	0	0	0
FBGN0032005	93	108	156	157	200	185
FBGN0032119	0	0	0	0	0	0
FBGN0026391	0	0	0	0	0	0
FBGN0283658	105	130	143	117	170	171
FBGN0032771	0	0	0	0	0	0
FBGN0032800	0	0	0	0	0	0
FBGN0032449	0	1	3	9	10	10
FBGN0032971	0	0	0	0	0	0
FBGN0286929	0	0	0	0	0	0
FBGN0000018	3	0	2	15	11	15
FBGN0003255	0	0	0	0	0	2
FBGN0013323	0	1	0	0	0	0
FBGN0051780	0	0	0	0	0	0
FBGN0031309	8	7	11	17	22	22
FBGN0011244	0	0	0	0	0	0
FBGN0032462	0	1	0	0	0	0
FBGN0261831	0	0	0	0	0	0
FBGN0031231	40	28	18	57	40	51
FBGN0031296	1	0	0	0	0	0
FBGN0032434	0	0	0	0	0	0
FBGN0028570	0	0	0	0	0	0
FBGN0026396	0	0	0	0	0	0
FBGN0028370	0	0	0	0	0	0
FBGN0032677	0	0	0	0	0	0
FBGN0051638	80	74	119	129	157	137
FBGN0031258	0	1	6	0	0	0
FBGN0031472	0	0	0	0	0	0
FBGN0265269	0	0	0	0	0	0
FBGN0031738	27	18	43	51	100	73
FBGN0024371	38	31	69	66	102	112
FBGN0026431	81	95	135	81	110	85
FBGN0031771	179	166	234	241	348	298
FBGN0040972	0	0	0	0	0	0
FBGN0005677	31	36	41	39	58	53
FBGN0028939	10	54	16	6	3	4
FBGN0024947	43	30	52	78	120	116
FBGN0053532	0	0	0	0	0	0
FBGN0264295	0	0	0	0	0	0
FBGN0032755	0	0	0	0	0	0
FBGN0043456	572	737	1024	893	1203	1115
FBGN0031981	60	55	56	143	180	176
FBGN0032860	0	0	0	0	0	0
FBGN0040705	0	0	0	0	0	0
FBGN0264087	0	2	0	0	0	0
FBGN0086447	47	38	65	41	42	38
FBGN0020309	458	349	500	624	1057	945
FBGN0261871	0	0	0	0	0	0
FBGN0032253	8	2	1	2	3	1
FBGN0040963	0	0	0	0	0	0
FBGN0031275	0	0	0	0	0	0
FBGN0287204	30	30	43	64	49	69
FBGN0031375	0	1	0	0	0	0
FBGN0032059	15	16	10	12	36	20
FBGN0032635	165	161	225	212	250	280
FBGN0031257	0	1	2	0	0	0
FBGN0052982	55	55	84	75	148	124
FBGN0067311	0	0	0	0	0	0
FBGN0032262	0	0	2	0	0	0
FBGN0026787	10	15	23	4	18	15
FBGN0260933	1	0	0	2	2	3
FBGN0041183	5	7	7	8	7	1
FBGN0003502	238	195	295	308	406	350
FBGN0027582	186	185	222	250	338	292
FBGN0025674	26	27	47	60	87	99
FBGN0032694	30	30	31	35	49	53
FBGN0031935	0	0	0	0	0	0
FBGN0261571	0	0	0	0	0	0
FBGN0014076	0	1	0	0	0	0
FBGN0028913	0	0	0	0	0	0
FBGN0031277	4	1	82	0	0	0
FBGN0032295	11	12	33	39	50	52
FBGN0085200	0	0	0	0	0	0
FBGN0014417	3	6	25	15	12	6
FBGN0265256	0	0	0	0	0	0
FBGN0287768	82	115	194	149	159	183
FBGN0053898	0	0	0	0	0	0
FBGN0031866	0	0	1	0	0	0
FBGN0053861	0	0	0	0	0	0
FBGN0031322	21	19	36	32	31	53
FBGN0031412	0	0	0	0	0	0
FBGN0011829	2	1	0	2	0	0
FBGN0014179	0	0	0	0	0	0
FBGN0032397	109	111	108	144	286	222
FBGN0261805	0	0	0	0	0	0
FBGN0032812	21	9	33	20	43	48
FBGN0261963	7	3	3	7	20	10
FBGN0040964	17	18	28	32	25	32
FBGN0031250	19	8	7	38	67	55
FBGN0250843	477	493	794	547	868	807
FBGN0021906	102	69	100	124	166	149
FBGN0032770	0	0	0	0	0	0
FBGN0032601	12	14	28	36	18	30
FBGN0265670	0	0	0	0	0	0
FBGN0032321	62	45	81	41	52	95
FBGN0053120	1	0	6	1	0	0
FBGN0261881	26	6	18	24	54	59
FBGN0264081	0	0	0	0	0	0
FBGN0003016	15	20	31	48	66	35
FBGN0031495	18	19	18	60	51	43
FBGN0010602	240	123	253	240	460	368
FBGN0040506	0	0	0	0	0	0
FBGN0002036	3	1	0	0	6	3
FBGN0031420	12	15	11	61	50	51
FBGN0031713	59	50	45	60	124	85
FBGN0002931	23	74	123	36	56	50
FBGN0051948	0	0	0	0	0	0
FBGN0032054	66	50	74	93	145	142
FBGN0031253	31	30	39	34	43	50
FBGN0031545	0	0	0	0	1	0
FBGN0032876	46	41	49	74	90	116
FBGN0263037	0	0	0	0	0	0
FBGN0031937	7	7	12	0	0	0
FBGN0085188	59	46	52	69	122	108
FBGN0032805	3	12	23	8	4	0
FBGN0013433	0	0	0	0	0	0
FBGN0064115	2	5	4	2	7	11
FBGN0032160	61	61	63	110	160	134
FBGN0032648	0	0	0	0	0	0
FBGN0085206	0	0	0	0	0	0
FBGN0053906	0	0	0	0	0	0
FBGN0031306	0	9	5	0	2	3
FBGN0032473	2	0	0	1	0	0
FBGN0023489	0	0	1	0	0	0
FBGN0051774	0	0	0	0	0	0
FBGN0085208	20	8	15	30	25	24
FBGN0032195	23	15	20	33	35	31
FBGN0026324	56	62	140	116	134	153
FBGN0011703	863	978	1195	598	856	1004
FBGN0265001	0	0	0	0	0	0
FBGN0031287	33	22	50	34	28	38
FBGN0040715	1	0	1	2	2	5
FBGN0053897	0	0	0	0	0	0
FBGN0026394	0	0	0	0	0	0
FBGN0032435	0	0	0	0	0	0
FBGN0031637	16	14	20	21	41	66
FBGN0264815	0	5	0	2	1	0
FBGN0003751	0	0	0	0	0	0
FBGN0261991	0	0	0	0	0	0
FBGN0028900	0	0	0	0	0	0
FBGN0032150	9	8	2	12	19	26
FBGN0053923	0	0	0	0	0	0
FBGN0042129	0	0	0	0	0	0
FBGN0032394	22	26	23	50	85	52
FBGN0011305	233	190	260	291	419	328
FBGN0085207	0	0	0	0	0	0
FBGN0024191	55	77	103	87	97	86
FBGN0032391	18	17	29	28	54	21
FBGN0031519	8	14	17	21	13	19
FBGN0002989	14	20	30	27	49	35
FBGN0032366	0	0	0	0	0	0
FBGN0031859	0	0	0	0	0	0
FBGN0263087	0	0	0	0	0	0
FBGN0031678	204	260	333	190	237	267
FBGN0032331	0	0	0	0	0	0
FBGN0040299	0	0	0	0	0	1
FBGN0031745	0	1	0	9	15	14
FBGN0052985	0	0	0	0	0	0
FBGN0032846	3	12	4	14	18	4
FBGN0032878	0	0	0	0	0	0
FBGN0031424	0	2	0	0	0	0
FBGN0032520	0	5	0	0	0	0
FBGN0031292	0	0	0	0	0	0
FBGN0029174	440	490	810	465	617	516
FBGN0003475	4	12	7	8	19	15
FBGN0053889	0	0	0	0	0	0
FBGN0032024	2	0	1	1	5	15
FBGN0032014	12	18	24	14	19	29
FBGN0031251	0	0	0	0	0	0
FBGN0031388	0	0	0	0	0	0
FBGN0032483	0	0	0	0	0	0
FBGN0001978	64	60	103	79	95	94
FBGN0031844	0	0	0	0	0	0
FBGN0040949	0	0	0	0	0	0
FBGN0021856	57	66	105	89	124	110
FBGN0031520	5	0	0	0	0	0
FBGN0053928	0	0	0	0	0	0
FBGN0028987	0	0	0	0	0	0
FBGN0032202	32	24	50	56	40	61
FBGN0001125	218	186	264	258	354	369
FBGN0051760	0	0	1	0	0	0
FBGN0031975	12	4	20	2	3	3
FBGN0026392	0	0	0	0	0	0
FBGN0032187	1	0	1	0	0	1
FBGN0032096	0	0	0	0	0	0
FBGN0265264	0	0	0	0	0	0
FBGN0040992	0	0	0	0	1	0
FBGN0259949	0	0	0	0	0	0
FBGN0086856	60	86	118	81	126	129
FBGN0051820	0	0	0	0	0	0
FBGN0002856	0	0	0	0	0	0
FBGN0263585	0	0	0	0	0	0
FBGN0031879	1302	1208	1376	2092	3718	3290
FBGN0265002	0	0	0	0	0	0
FBGN0031458	65	41	69	83	125	128
FBGN0004394	18	20	65	38	69	61
FBGN0051617	0	0	0	0	0	0
FBGN0052831	23	12	25	35	35	44
FBGN0085209	0	0	0	0	0	0
FBGN0031696	28	23	36	35	81	43
FBGN0032168	16	43	44	35	27	16
FBGN0032442	0	1	4	0	0	0
FBGN0004419	614	543	703	769	1014	967
FBGN0028857	0	0	0	0	0	0
FBGN0261358	0	0	0	0	0	0
FBGN0283659	15	8	20	14	30	16
FBGN0041789	127	112	124	145	217	177
FBGN0032010	0	0	0	1	0	0
FBGN0011202	84	73	137	161	247	203
FBGN0031392	77	92	104	82	109	119
FBGN0267976	116	76	163	117	172	152
FBGN0261349	0	0	0	0	0	0
FBGN0032509	124	102	141	158	205	161
FBGN0261357	0	0	0	0	0	0
FBGN0051702	0	0	0	0	0	0
FBGN0032065	0	0	0	0	0	0
FBGN0032824	4	1	4	3	0	2
FBGN0032348	192	203	348	284	410	443
FBGN0031660	105	103	157	78	103	76
FBGN0031444	0	0	0	0	0	0
FBGN0031757	0	0	0	0	0	0
FBGN0011259	35	55	47	71	157	117
FBGN0041092	144	127	169	155	281	254
FBGN0040232	270	214	375	403	390	384
FBGN0040968	0	0	2	0	1	3
FBGN0032281	3	3	7	2	0	0
FBGN0011705	15	23	29	45	52	45
FBGN0051668	0	0	0	0	0	0
FBGN0032126	0	0	0	0	0	0
FBGN0004797	49	55	125	74	86	100
FBGN0032242	841	976	1403	932	1069	1186
FBGN0031318	74	87	146	79	101	130
FBGN0032590	0	0	3	0	0	0
FBGN0003187	1	3	3	4	2	1
FBGN0085196	0	0	0	0	0	0
FBGN0032269	0	0	0	0	0	0
FBGN0026147	36	59	48	60	80	79
FBGN0032153	4	7	20	17	17	10
FBGN0028533	278	17	297	0	1	2
FBGN0032553	0	0	0	0	0	0
FBGN0032452	8	1	5	2	2	2
FBGN0051793	20	23	52	19	36	25
FBGN0000464	147	116	161	322	411	398
FBGN0051852	122	153	225	170	165	174
FBGN0032131	0	0	0	0	0	0
FBGN0032304	231	7	82	0	0	0
FBGN0016075	205	225	350	143	157	106
FBGN0053508	27	15	44	0	0	0
FBGN0286027	51	58	98	58	83	75
FBGN0051933	0	0	0	0	0	0
FBGN0286723	7	20	9	7	0	1
FBGN0010265	1162	1038	1899	1138	1772	1486
FBGN0031758	0	0	0	0	0	0
FBGN0031478	11	1	11	19	42	36
FBGN0031900	0	0	0	0	0	0
FBGN0032000	16	11	4	20	34	32
FBGN0027094	948	887	1348	953	1177	1305
FBGN0270924	138	179	219	242	367	306
FBGN0032398	77	106	112	163	237	201
FBGN0264922	385	183	269	616	836	738
FBGN0031655	11	18	23	15	24	31
FBGN0041097	0	7	0	0	0	0
FBGN0284084	104	95	183	187	225	209
FBGN0027929	0	0	0	0	0	0
FBGN0019830	14	15	17	57	81	47
FBGN0040950	0	0	0	18	5	1082
FBGN0261697	0	0	0	0	0	0
FBGN0032799	101	62	82	79	131	94
FBGN0031894	43	42	58	44	63	68
FBGN0032087	6	1	2	0	0	0
FBGN0001994	220	203	257	371	528	489
FBGN0053852	0	0	0	0	0	0
FBGN0031469	0	0	0	0	0	0
FBGN0085339	3	1	5	2	4	9
FBGN0031631	34	13	45	44	37	39
FBGN0053899	0	0	0	0	0	0
FBGN0032154	1	7	7	1	9	6
FBGN0028990	150	139	191	361	498	443
FBGN0032645	0	0	0	0	0	0
FBGN0053814	0	0	0	0	0	0
FBGN0027592	95	121	174	128	205	149
FBGN0015797	41	16	26	66	112	64
FBGN0032346	35	35	41	27	40	60
FBGN0002525	1372	1218	1589	1768	2525	2710
FBGN0053121	0	0	0	0	0	0
FBGN0053816	0	0	0	0	0	0
FBGN0032421	85	99	131	110	169	178
FBGN0015772	27	31	55	42	77	83
FBGN0264742	18	22	28	26	27	29
FBGN0265262	6	13	1	1	4	2
FBGN0031952	26	20	46	59	86	55
FBGN0031703	2	1	1	15	3	11
FBGN0264340	0	0	0	0	0	0
FBGN0053882	0	0	0	0	0	0
FBGN0266521	309	340	489	825	837	790
FBGN0031969	3	3	13	7	18	28
FBGN0032194	43	42	65	39	58	61
FBGN0031684	57	34	54	61	96	75
FBGN0031389	3	1	5	1	0	5
FBGN0032493	0	0	0	0	0	0
FBGN0031596	0	0	0	0	0	0
FBGN0051785	0	0	0	0	0	0
FBGN0051719	0	0	0	0	0	1
FBGN0031476	0	0	0	0	0	0
FBGN0032857	0	1	1	0	0	0
FBGN0005660	0	0	0	1	1	0
FBGN0028375	49	27	36	39	99	87
FBGN0041103	0	0	0	0	0	0
FBGN0051921	0	0	0	0	0	0
FBGN0086907	0	0	0	0	0	0
FBGN0011832	0	0	0	0	0	0
FBGN0031613	0	0	0	0	0	0
FBGN0032086	0	0	0	0	0	0
FBGN0051679	0	0	0	0	0	0
FBGN0053857	0	0	0	0	0	0
FBGN0264086	0	0	0	0	0	0
FBGN0051810	0	0	0	0	0	0
FBGN0031431	0	0	0	0	0	0
FBGN0051989	38	32	33	42	60	54
FBGN0026577	108	177	261	237	367	301
FBGN0031850	129	123	204	219	370	350
FBGN0031710	34	33	40	48	64	47
FBGN0053884	0	0	0	0	0	0
FBGN0001202	42	46	68	50	91	83
FBGN0053307	15	4	29	2	0	0
FBGN0032863	34	31	32	37	47	59
FBGN0261647	53	57	71	79	97	109
FBGN0031630	2	0	3	1	3	4
FBGN0032974	33	27	49	43	93	56
FBGN0032730	1	2	3	9	6	0
FBGN0031729	0	0	0	0	0	0
FBGN0040070	203	138	282	294	321	306
FBGN0024248	59	50	86	101	141	134
FBGN0058439	0	3	1	0	0	0
FBGN0284082	0	0	0	0	0	0
FBGN0031442	0	0	0	0	0	0
FBGN0031295	0	0	0	0	0	0
FBGN0051955	0	2	0	0	0	1
FBGN0051690	0	0	0	0	0	0
FBGN0262354	0	0	0	0	0	0
FBGN0032122	0	0	0	0	0	0
FBGN0024920	143	162	405	145	241	275
FBGN0004893	442	408	604	817	1241	1078
FBGN0031610	6	4	3	1	8	3
FBGN0031996	95	101	147	148	202	173
FBGN0015808	102	118	181	124	179	164
FBGN0259965	0	0	0	0	0	0
FBGN0004407	9	2	15	7	16	23
FBGN0053300	0	0	0	0	0	0
FBGN0011230	887	880	1207	1131	1533	1349
FBGN0051876	0	0	0	0	0	0
FBGN0031544	120	163	310	123	232	198
FBGN0040010	99	91	116	129	181	108
FBGN0031299	0	1	0	0	0	0
FBGN0025686	0	1	0	0	0	8
FBGN0032681	19	28	22	21	40	25
FBGN0264895	39	38	50	73	112	77
FBGN0032235	8	2	3	0	0	5
FBGN0012036	88	93	154	42	32	40
FBGN0031450	89	80	130	151	205	205
FBGN0053834	0	0	0	0	3	1
FBGN0032896	0	0	0	0	0	0
FBGN0032068	0	0	0	0	0	1
FBGN0031936	0	0	0	0	0	0
FBGN0024734	33	35	38	79	127	83
FBGN0032981	0	0	0	0	0	0
FBGN0004507	283	216	220	308	590	554
FBGN0263026	0	0	0	0	0	0
FBGN0020880	0	0	0	0	1	0
FBGN0053860	0	0	0	0	0	0
FBGN0015400	0	0	0	1	0	0
FBGN0032318	0	0	0	0	0	0
FBGN0262877	0	0	0	0	0	0
FBGN0032682	41	44	51	84	174	155
FBGN0031244	7	4	4	10	22	18
FBGN0032211	0	0	0	0	0	0
FBGN0019890	120	100	168	209	293	284
FBGN0016930	80	80	105	230	260	225
FBGN0051789	88	1	64	0	0	0
FBGN0032669	0	0	0	0	3	0
FBGN0031566	24	22	45	45	53	59
FBGN0031997	16	14	30	33	43	42
FBGN0028887	0	0	0	0	0	0
FBGN0016054	30	16	29	8	3	3
FBGN0032117	3	7	9	4	7	11
FBGN0031494	42	49	69	36	46	37
FBGN0261531	0	0	0	0	0	0
FBGN0032313	0	0	0	0	0	0
FBGN0015803	24	26	66	41	60	67
FBGN0086130	24	33	30	30	49	35
FBGN0031288	0	0	0	0	0	0
FBGN0010612	168	107	175	210	327	308
FBGN0051792	3	1	0	0	0	0
FBGN0262872	85	85	105	84	175	204
FBGN0000052	239	245	276	168	245	292
FBGN0041250	0	0	0	0	0	0
FBGN0032178	0	0	0	0	0	0
FBGN0053116	40	22	33	46	85	76
FBGN0259960	0	0	0	0	0	0
FBGN0263234	11	0	24	0	0	1
FBGN0001301	64	60	68	113	141	142
FBGN0265607	0	0	0	0	0	0
FBGN0067779	50	56	67	72	132	104
FBGN0032522	0	0	0	0	0	0
FBGN0032465	74	54	84	91	128	121
FBGN0263256	22	19	25	22	47	46
FBGN0031419	3	0	2	8	9	8
FBGN0000588	21	8	21	16	32	34
FBGN0032017	15	21	33	39	24	23
FBGN0051716	238	211	274	248	358	343
FBGN0032048	0	0	0	0	0	0
FBGN0028534	4	3	0	0	0	0
FBGN0051730	0	0	0	0	0	0
FBGN0031409	0	0	0	0	0	0
FBGN0262814	0	0	0	0	0	0
FBGN0031428	4	0	3	3	10	12
FBGN0028903	0	0	0	0	0	0
FBGN0011207	16	25	26	38	45	50
FBGN0051637	9	17	22	20	52	39
FBGN0031283	0	0	0	0	0	0
FBGN0032614	0	0	0	0	2	0
FBGN0267327	0	0	0	0	0	0
FBGN0262743	614	685	844	821	1145	1140
FBGN0032889	161	103	179	228	377	278
FBGN0003141	17	8	35	59	80	64
FBGN0054003	1	2	8	2	0	1
FBGN0041781	51	51	49	64	102	74
FBGN0031530	8	13	22	6	21	26
FBGN0032376	0	0	0	0	0	0
FBGN0000320	21	30	13	37	86	43
FBGN0032563	0	0	0	0	0	0
FBGN0032205	4	2	8	4	4	10
FBGN0025724	518	505	783	585	782	730
FBGN0264743	10	12	13	16	23	20
FBGN0032364	0	0	0	0	0	0
FBGN0028950	0	0	0	0	0	0
FBGN0032877	19	19	5	4	8	8
FBGN0031220	1	1	1	0	2	0
FBGN0032471	0	0	0	0	0	0
FBGN0032588	0	0	0	0	0	0
FBGN0051870	0	0	0	0	0	0
FBGN0264990	0	0	0	0	0	0
FBGN0005664	0	0	0	0	0	0
FBGN0264432	0	0	0	0	0	0
FBGN0051867	0	0	0	0	0	0
FBGN0264543	0	0	0	0	0	0
FBGN0053113	369	377	505	598	959	712
FBGN0028858	0	0	0	0	0	0
FBGN0262599	0	0	0	0	0	0
FBGN0031422	15	10	11	24	19	20
FBGN0032715	47	71	76	31	50	26
FBGN0053510	0	0	1	0	0	1
FBGN0004872	0	0	0	3	3	11
FBGN0031294	0	25	4	0	0	0
FBGN0032370	0	0	0	0	0	0
FBGN0086683	142	224	250	128	170	161
FBGN0031505	76	34	65	103	121	87
FBGN0028901	0	0	0	0	0	0
FBGN0032260	0	0	0	0	0	0
FBGN0028896	0	0	0	0	0	1
FBGN0083973	0	0	0	0	0	0
FBGN0051924	0	0	0	0	0	0
FBGN0263133	64	60	119	93	88	117
FBGN0053509	1	2	3	0	0	0
FBGN0058006	9	4	14	22	22	43
FBGN0031779	18	27	53	34	49	61
FBGN0031876	4	7	16	15	18	15
FBGN0002593	442	426	726	563	1086	935
FBGN0259957	0	0	0	0	0	0
FBGN0042175	0	0	0	0	4	0
FBGN0012037	510	473	574	1376	1738	1299
FBGN0031522	0	0	0	0	0	0
FBGN0031602	0	0	0	0	0	0
FBGN0041723	1	1	1	2	0	0
FBGN0031768	19	17	19	25	42	25
FBGN0040508	0	0	0	0	0	0
FBGN0283652	69	59	80	48	70	62
FBGN0031451	0	0	2	6	0	0
FBGN0003209	21	21	27	51	100	86
FBGN0262358	0	0	0	0	0	0
FBGN0053907	0	0	0	0	0	0
FBGN0003430	0	3	1	0	0	0
FBGN0024740	0	1	0	0	0	0
FBGN0011818	76	61	124	57	76	100
FBGN0032731	26	42	36	47	41	41
FBGN0031286	37	38	61	22	16	26
FBGN0032290	27	34	62	42	72	76
FBGN0031737	9	5	0	0	0	1
FBGN0027568	450	381	507	535	628	668
FBGN0031721	0	0	0	0	0	0
FBGN0032884	146	101	147	186	266	261
FBGN0028707	13	8	13	13	11	30
FBGN0028542	5	18	5	1	1	2
FBGN0032809	0	0	0	0	0	0
FBGN0032336	0	0	0	0	0	0
FBGN0032790	22	30	35	17	14	28
FBGN0028658	2	4	3	9	9	11
FBGN0031817	5	5	7	6	10	7
FBGN0001942	2377	2225	2861	3037	3906	4349
FBGN0027600	108	124	175	257	382	354
FBGN0031592	0	0	0	0	0	0
FBGN0031728	0	0	0	4	1	0
FBGN0024291	138	164	248	183	254	338
FBGN0031414	0	1	0	0	0	0
FBGN0053124	0	0	0	0	0	0
FBGN0085422	0	0	0	0	0	0
FBGN0015834	275	248	334	387	620	531
FBGN0028870	0	0	0	0	0	0
FBGN0283678	0	0	0	0	0	0
FBGN0086779	23	16	23	46	45	53
FBGN0051902	0	0	0	0	0	0
FBGN0031920	0	0	0	0	0	0
FBGN0028866	0	0	0	0	0	0
FBGN0028482	2	4	0	0	0	1
FBGN0031913	11	38	21	4	2	3
FBGN0032330	79	77	162	156	192	147
FBGN0020429	0	0	0	0	0	0
FBGN0053831	0	0	0	0	0	0
FBGN0032600	87	55	87	126	179	148
FBGN0053903	0	0	0	0	0	0
FBGN0031483	9	16	41	23	24	30
FBGN0040967	0	0	0	0	0	0
FBGN0031926	17	19	15	36	59	37
FBGN0004811	58	70	102	72	121	119
FBGN0031766	1	2	4	2	10	13
FBGN0031769	652	635	967	825	1297	1223
FBGN0032929	34	64	83	90	77	85
FBGN0263354	0	0	0	0	0	0
FBGN0032835	0	0	0	0	0	0
FBGN0010263	1	0	0	0	0	0
FBGN0013531	58	53	59	76	103	99
FBGN0259950	11	6	18	0	0	0
FBGN0032280	9	23	28	7	0	0
FBGN0032486	10	10	15	7	18	10
FBGN0032428	0	0	1	0	0	3
FBGN0052463	0	0	0	0	0	0
FBGN0286781	365	348	539	349	427	378
FBGN0043002	62	53	49	64	86	96
FBGN0044811	0	0	0	0	0	0
FBGN0031310	58	47	77	47	86	69
FBGN0053893	0	0	0	0	0	0
FBGN0031661	69	74	110	72	135	118
FBGN0004620	0	0	0	0	0	0
FBGN0053851	0	0	0	0	0	0
FBGN0032706	14	1	0	0	0	0
FBGN0020906	154	13	403	1	0	1
FBGN0053648	0	0	0	0	0	0
FBGN0031877	5	3	5	9	20	34
FBGN0032457	0	0	0	0	0	0
FBGN0261597	531	416	514	561	871	791
FBGN0032388	214	280	476	171	262	221
FBGN0020497	502	504	768	830	1022	998
FBGN0032311	0	0	0	0	0	0
FBGN0028516	0	0	0	0	0	0
FBGN0032925	307	347	647	279	357	355
FBGN0053841	0	0	0	0	0	0
FBGN0032489	0	0	0	0	0	0
FBGN0250785	196	200	270	360	497	449
FBGN0263080	0	0	0	0	0	0
FBGN0263314	0	0	0	0	0	0
FBGN0053310	0	0	0	0	0	0
FBGN0032703	72	54	81	80	70	46
FBGN0032101	30	35	38	17	54	40
FBGN0261830	0	0	0	0	0	0
FBGN0250847	0	0	0	0	0	0
FBGN0031853	0	0	0	0	0	0
FBGN0031307	339	271	345	440	594	605
FBGN0010422	90	72	116	166	198	141
FBGN0031986	0	0	0	0	0	0
FBGN0267252	0	3	0	0	0	0
FBGN0031536	16	24	31	29	81	49
FBGN0000075	51	46	90	36	82	60
FBGN0002938	0	0	0	5	5	1
FBGN0031736	64	86	142	108	118	150
FBGN0053864	0	0	0	0	0	0
FBGN0051740	0	0	0	0	0	0
FBGN0000286	4	8	19	23	41	25
FBGN0028897	20	5	11	13	31	18
FBGN0051626	0	0	0	0	0	0
FBGN0026397	0	0	0	0	0	0
FBGN0014127	180	229	269	292	352	385
FBGN0261239	42	49	33	101	117	144
FBGN0264744	14	16	19	7	18	15
FBGN0011294	0	0	0	0	0	0
FBGN0005617	86	101	126	167	193	173
FBGN0053876	0	0	0	0	0	0
FBGN0260453	0	0	0	0	0	0
FBGN0032312	0	0	0	0	0	0
FBGN0031882	4	8	3	7	16	16
FBGN0053281	0	0	0	0	0	0
FBGN0051926	0	0	0	0	0	0
FBGN0267330	64	41	72	126	249	165
FBGN0032322	2	14	14	2	0	3
FBGN0028703	13	27	15	35	33	35
FBGN0032244	83	84	107	95	187	180
FBGN0019686	69	59	83	86	114	148
FBGN0032853	0	0	0	0	0	0
FBGN0032919	190	182	344	165	174	174
FBGN0015035	0	1	0	0	0	0
FBGN0032250	60	52	84	101	97	97
FBGN0014857	265	113	267	269	424	391
FBGN0040102	0	1	3	0	4	3
FBGN0031716	0	3	0	0	0	0
FBGN0286786	273	307	375	272	304	352
FBGN0032864	284	271	340	485	717	753
FBGN0021761	273	235	298	394	506	534
FBGN0032740	0	0	0	0	0	0
FBGN0028490	49	53	42	54	69	54
FBGN0020503	55	74	118	92	148	139
FBGN0287724	0	0	0	0	2	1
FBGN0031990	122	116	127	219	254	245
FBGN0032033	11	14	20	24	18	15
FBGN0020415	11	4	25	2	3	10
FBGN0032644	18	10	16	24	35	43
FBGN0032796	52	51	94	82	107	100
FBGN0065109	0	0	0	0	0	0
FBGN0032109	0	0	0	0	0	0
FBGN0053846	0	0	0	0	0	0
FBGN0031261	4	7	3	3	5	1
FBGN0053855	0	0	0	0	0	0
FBGN0051673	41	52	56	60	85	45
FBGN0053868	1	0	0	4	1	0
FBGN0085197	0	0	0	0	0	0
FBGN0000317	118	122	181	196	336	230
FBGN0259229	0	0	0	2	0	0
FBGN0031603	41	26	71	20	43	40
FBGN0032053	25	19	43	67	94	87
FBGN0002566	59	38	56	77	117	80
FBGN0051643	11	11	10	6	18	20
FBGN0051663	0	1	2	0	0	0
FBGN0004567	0	1	0	0	0	0
FBGN0031485	67	111	120	74	64	64
FBGN0031496	0	0	0	0	0	0
FBGN0028544	108	59	116	43	40	93
FBGN0051612	3	4	9	6	13	6
FBGN0031390	298	274	410	376	512	502
FBGN0051788	0	0	0	0	0	0
FBGN0031972	16	14	48	31	34	30
FBGN0001170	5	1	3	11	3	8
FBGN0267365	26	17	36	86	54	48
FBGN0286898	176	175	282	251	443	346
FBGN0032416	0	0	0	0	0	0
FBGN0265138	0	0	0	0	0	0
FBGN0260446	0	0	0	0	0	0
FBGN0032779	5	10	20	10	14	17
FBGN0287218	0	0	0	0	0	0
FBGN0032595	18	22	23	19	16	17
FBGN0262140	0	0	0	0	0	0
FBGN0029161	29	13	36	50	68	35
FBGN0003607	402	397	446	433	525	460
FBGN0031460	0	0	0	0	0	0
FBGN0029137	0	1	1	0	0	0
FBGN0264308	4	1	0	1	0	0
FBGN0262786	0	0	0	0	0	0
FBGN0011291	48	32	64	29	69	47
FBGN0032419	0	0	0	0	0	0
FBGN0031337	0	0	0	0	0	0
FBGN0001989	60	65	63	50	87	68
FBGN0040958	0	2	0	9	7	486
FBGN0031770	0	0	0	0	0	0
FBGN0032147	13	16	29	20	30	28
FBGN0031622	0	0	0	0	1	0
FBGN0053809	0	0	0	0	0	0
FBGN0028398	31	34	80	63	125	67
FBGN0031939	1	0	0	2	0	1
FBGN0032850	0	0	0	0	0	0
FBGN0031571	389	449	593	651	851	816
FBGN0031533	0	0	0	0	0	0
FBGN0264433	0	0	0	0	0	0
FBGN0000547	1335	1482	1856	2825	3680	3572
FBGN0003270	0	0	0	0	0	0
FBGN0264362	0	0	0	0	0	0
FBGN0031216	190	155	200	345	332	318
FBGN0032577	0	0	0	0	0	0
FBGN0004867	899	822	1229	1250	2321	1973
FBGN0002673	2	5	7	8	18	8
FBGN0263094	0	0	0	0	0	0
FBGN0032495	11	5	8	18	15	11
FBGN0086855	51	77	115	116	157	156
FBGN0032104	0	0	0	0	0	0
FBGN0032026	225	209	286	168	226	152
FBGN0263200	8	3	11	13	18	11
FBGN0053888	0	0	0	0	0	0
FBGN0051908	29	14	33	28	68	50
FBGN0287234	68	14	25	10	13	16
FBGN0031747	0	0	0	0	0	65
FBGN0032518	580	498	619	525	778	711
FBGN0032002	0	0	0	0	0	0
FBGN0031498	0	1	0	5	7	2
FBGN0031517	0	1	0	0	0	0
FBGN0031995	55	43	64	83	85	98
FBGN0000182	0	0	0	0	1	0
FBGN0263079	0	0	0	0	0	0
FBGN0083960	0	0	0	0	0	0
FBGN0053815	0	0	0	0	0	0
FBGN0032632	0	0	0	0	0	0
FBGN0000055	137	188	399	38	8	2
FBGN0031791	0	2	1	0	0	0
FBGN0051634	0	0	0	0	0	0
FBGN0031489	1	1	0	0	0	0
FBGN0032839	0	0	0	0	0	0
FBGN0031834	4	8	2	0	0	0
FBGN0053196	1349	1199	1630	1987	2991	2705
FBGN0013810	0	0	0	0	0	0
FBGN0031440	0	0	0	0	0	0
FBGN0064225	1834	1478	2268	3056	3823	4024
FBGN0031692	0	0	0	0	0	0
FBGN0002021	31	36	47	39	49	31
FBGN0023415	0	0	0	0	0	0
FBGN0032880	274	165	350	435	612	518
FBGN0032515	48	64	93	37	56	66
FBGN0031720	0	0	0	0	0	0
FBGN0021967	55	40	73	89	98	86
FBGN0032753	1	0	0	0	0	0
FBGN0261627	0	0	0	0	0	0
FBGN0053818	0	0	0	0	0	0
FBGN0053891	0	0	0	0	0	0
FBGN0032381	0	0	0	0	0	1
FBGN0032016	59	48	87	68	96	58
FBGN0031740	27	22	24	18	57	54
FBGN0032879	0	0	0	0	0	0
FBGN0040097	0	0	0	0	0	0
FBGN0263082	0	0	0	0	0	0
FBGN0032222	16	7	14	10	23	12
FBGN0031662	32	33	44	45	139	66
FBGN0053531	10	1	19	13	10	26
FBGN0014033	11	5	1	4	3	0
FBGN0011274	33	22	45	5	4	6
FBGN0032022	11	2	13	5	9	7
FBGN0031829	0	1	0	0	0	0
FBGN0028537	0	0	0	0	0	0
FBGN0040496	36	38	60	31	57	33
FBGN0031826	0	0	0	0	0	0
FBGN0032961	194	163	219	173	189	195
FBGN0031249	0	1	0	0	0	0
FBGN0067622	5	4	13	14	15	14
FBGN0032406	0	0	0	0	0	0
FBGN0000061	13	9	33	62	94	90
FBGN0032871	1	0	1	0	0	0
FBGN0001086	263	226	287	288	455	405
FBGN0259151	0	0	0	0	0	0
FBGN0031951	33	26	55	42	48	43
FBGN0264363	0	0	0	0	0	0
FBGN0053854	0	0	0	0	0	0
FBGN0259716	2	11	4	0	2	1
FBGN0031298	25	27	33	42	47	63
FBGN0031929	0	0	0	0	0	0
FBGN0027586	0	2	2	0	0	0
FBGN0032467	166	151	201	321	430	433
FBGN0051866	4	4	6	1	5	3
FBGN0250786	227	188	230	206	363	362
FBGN0259954	0	0	0	0	0	0
FBGN0031988	25	50	130	65	90	118
FBGN0032868	0	0	0	0	0	0
FBGN0287788	30	44	67	44	31	41
FBGN0261836	663	750	1098	1614	2374	1912
FBGN0010097	0	0	5	1	2	0
FBGN0031633	57	60	54	53	86	109
FBGN0053874	0	0	0	0	0	0
FBGN0041111	45	41	79	61	88	90
FBGN0051975	0	0	1	0	0	0
FBGN0031730	0	0	0	0	0	0
FBGN0032006	75	72	91	28	82	67
FBGN0041180	506	508	701	600	709	694
FBGN0031772	31	10	30	30	59	43
FBGN0032521	25	27	52	67	63	52
FBGN0085192	13	5	12	50	26	64
FBGN0286198	9	13	12	3	7	4
FBGN0262999	0	0	0	0	0	0
FBGN0032704	35	19	22	114	162	108
FBGN0031792	0	0	0	0	0	0
FBGN0032271	0	0	0	0	0	0
FBGN0032240	85	88	187	124	156	143
FBGN0031961	93	105	186	95	108	107
FBGN0031313	3	10	1	1	1	0
FBGN0032181	0	0	0	0	0	0
FBGN0031731	0	0	0	0	0	0
FBGN0031906	0	0	0	0	0	0
FBGN0031597	18	15	18	33	32	18
FBGN0031344	5	3	8	14	11	8
FBGN0032969	0	1	0	0	0	0
FBGN0032817	58	47	75	103	161	129
FBGN0086710	231	156	165	346	565	583
FBGN0022069	245	226	362	318	403	370
FBGN0031606	42	43	50	76	100	85
FBGN0053543	0	0	0	0	0	0
FBGN0027081	553	742	1012	616	777	805
FBGN0010607	43	32	53	25	37	66
FBGN0031776	104	117	174	147	167	172
FBGN0032192	15	22	48	46	43	63
FBGN0031907	3	3	1	0	3	0
FBGN0053845	0	0	0	0	0	0
FBGN0264978	78	98	158	89	129	134
FBGN0028675	0	0	0	2	0	1
FBGN0020618	1475	1483	2297	2044	3567	3668
FBGN0028425	37	45	31	63	123	87
FBGN0053842	0	0	0	0	0	0
FBGN0032724	26	12	15	8	14	20
FBGN0086912	77	68	148	59	78	103
FBGN0031636	0	0	0	0	0	0
FBGN0266445	0	0	0	0	1	0
FBGN0052984	0	0	0	0	0	0
FBGN0032789	0	0	0	0	0	0
FBGN0265668	0	0	0	0	0	0
FBGN0265778	69	45	86	137	185	182
FBGN0051694	106	142	168	118	154	149
FBGN0031471	4	4	0	0	0	0
FBGN0085407	5	4	4	7	17	6
FBGN0003963	22	36	47	71	112	95
FBGN0014010	94	84	155	178	252	190
FBGN0016675	0	0	0	0	0	0
FBGN0065110	0	0	0	0	0	0
FBGN0267255	0	0	0	0	0	0
FBGN0000180	89	78	105	298	401	336
FBGN0053909	0	0	0	0	0	0
FBGN0264343	0	0	0	0	0	0
FBGN0031955	0	1	2	0	0	0
FBGN0051704	6	0	0	0	0	0
FBGN0267489	0	0	0	0	0	0
FBGN0046697	0	0	0	0	0	0
FBGN0001313	0	0	1	0	0	0
FBGN0267592	0	0	0	0	0	0
FBGN0267432	0	0	0	0	0	0
FBGN0046698	0	0	0	0	0	0
FBGN0267903	0	0	0	0	0	0
FBGN0267490	0	0	0	0	0	0
FBGN0267412	0	0	0	0	0	0
FBGN0265047	3	2	7	1	0	4
FBGN0261399	0	0	0	0	0	0
FBGN0058064	0	0	0	0	0	0
FBGN0267904	0	0	0	0	0	0
FBGN0267411	0	0	0	0	0	0
FBGN0267413	0	0	0	0	0	0
FBGN0267449	0	0	0	0	0	0
FBGN0267492	0	0	0	0	0	0
FBGN0267905	0	0	0	0	0	0
FBGN0267433	0	0	0	0	0	0
FBGN0046323	0	0	0	0	0	0
FBGN0267417	0	0	0	0	0	0
FBGN0267491	0	0	0	0	0	0
FBGN0267493	0	0	0	0	0	0
FBGN0039925	0	0	0	0	0	0
FBGN0042696	0	0	0	0	0	0
FBGN0039929	80	119	146	134	134	126
FBGN0002521	98	113	122	146	145	146
FBGN0005558	2	3	0	0	0	0
FBGN0028996	0	3	3	0	0	0
FBGN0287597	9	11	10	12	12	19
FBGN0004607	504	538	839	760	899	979
FBGN0263112	60	72	89	86	104	123
FBGN0052000	145	112	141	173	137	160
FBGN0039923	70	66	155	158	128	123
FBGN0039937	0	0	0	0	0	0
FBGN0259216	0	0	3	0	0	0
FBGN0039915	3	8	0	1	0	1
FBGN0039889	37	40	56	45	50	55
FBGN0039897	5	7	14	16	14	6
FBGN0010217	2177	2448	3412	2741	3337	3186
FBGN0004859	428	446	568	765	888	904
FBGN0039924	137	113	215	205	194	207
FBGN0019985	0	0	0	0	0	0
FBGN0022361	14	24	29	28	32	38
FBGN0053978	88	99	154	112	169	142
FBGN0016126	35	37	43	47	68	49
FBGN0019650	0	4	0	0	0	0
FBGN0023213	1247	1293	1676	1715	2176	1967
FBGN0005561	2	0	0	0	2	0
FBGN0039909	415	437	657	507	614	553
FBGN0027101	72	77	116	125	115	124
FBGN0039920	13	27	42	32	39	37
FBGN0039900	1	3	0	0	0	0
FBGN0087002	661	1122	2598	139	19	26
FBGN0025741	669	658	1025	1078	1391	1245
FBGN0053481	0	4	0	0	0	0
FBGN0051998	213	236	424	461	505	400
FBGN0262636	0	2	0	0	0	0
FBGN0039932	0	0	0	0	0	0
FBGN0024728	36	41	89	88	78	108
FBGN0052016	120	132	173	256	232	211
FBGN0040324	76	51	83	104	127	153
FBGN0039896	1	1	2	2	0	0
FBGN0026777	173	164	234	295	324	344
FBGN0025740	84	90	154	231	216	200
FBGN0259214	876	980	1232	1251	1301	1354
FBGN0052017	0	6	4	0	2	1
FBGN0267363	0	0	0	0	0	0
FBGN0024811	76	104	139	112	123	125
FBGN0262731	14	22	20	32	17	16
FBGN0085432	95	101	165	85	141	118
FBGN0051992	465	539	753	746	876	830
FBGN0053653	5	6	6	0	1	0
FBGN0039911	0	9	2	0	0	0
FBGN0051999	53	39	44	44	39	14
FBGN0017545	2318	2359	3587	2893	3088	3167
FBGN0026262	115	100	180	166	223	212
FBGN0039908	29	19	35	29	63	40
FBGN0264607	37	37	67	52	55	36
FBGN0011747	312	381	504	522	648	606
FBGN0039928	341	420	574	502	511	605
FBGN0039904	400	453	660	564	680	654
FBGN0039936	241	249	391	383	462	423
FBGN0039927	0	2	1	0	2	0
FBGN0039930	12	12	20	11	34	23
FBGN0026869	120	166	269	244	357	333
FBGN0039890	141	120	183	218	228	228
FBGN0051997	280	322	477	508	572	519
FBGN0024913	0	0	0	0	0	0
FBGN0039907	168	162	265	204	227	251
FBGN0039916	0	5	0	0	0	0
FBGN0011642	55	70	102	82	94	62
FBGN0250819	0	0	0	0	3	0
FBGN0052850	7	17	20	24	19	21
FBGN0039902	67	65	71	92	101	88
FBGN0039938	5	10	9	21	24	15
FBGN0005666	5	21	28	7	6	3
FBGN0025726	62	40	103	69	121	59
FBGN0052006	0	0	0	0	0	0
FBGN0013749	205	309	571	306	348	283
FBGN0026199	47	22	34	87	96	63
FBGN0025936	184	165	252	359	416	368
FBGN0039914	33	17	52	58	67	51
FBGN0013680	0	0	0	0	0	0
FBGN0013676	0	0	0	0	0	0
FBGN0013681	0	0	0	0	0	0
FBGN0013678	0	0	0	0	0	0
FBGN0013672	0	0	0	0	0	0
FBGN0013674	0	0	0	0	0	0
FBGN0262952	0	0	0	0	0	0
FBGN0013684	0	0	0	0	0	0
FBGN0013679	0	0	0	0	0	0
FBGN0013685	0	0	0	0	0	0
FBGN0013673	0	0	0	0	0	0
FBGN0013675	0	0	0	0	0	0
FBGN0013683	0	0	0	0	0	0
FBGN0261386	0	0	0	0	0	0
FBGN0040038	0	0	0	0	0	0
FBGN0085692	0	0	0	0	0	0
FBGN0259817	0	0	0	0	0	0
FBGN0085506	0	0	0	0	0	0
