Geneid	Xrp1_C_RNA	Xrp1_B_RNA	Xrp1_A_RNA	RpS3_C_RNA	RpS3_B_RNA	RpS3_A_RNA
FBGN0038542	53	31	28	34	79	44
FBGN0039592	26	12	10	4	41	35
FBGN0038067	10	13	20	30	31	10
FBGN0039602	3263	3389	3395	3346	3044	2728
FBGN0264897	10	3	0	6	1	0
FBGN0038565	21	57	0	38	31	22
FBGN0039331	23	18	9	7	39	14
FBGN0019972	5216	5512	5871	5370	5338	4954
FBGN0046873	3	1	4	6	3	7
FBGN0038756	5	2	14	17	5	1
FBGN0039627	1070	1270	1171	1816	1712	1460
FBGN0039436	49	23	16	15	43	26
FBGN0051092	16696	17722	17266	12740	12331	11213
FBGN0039089	19	37	25	13	12	29
FBGN0064119	43	13	63	56	24	38
FBGN0250820	1852	2360	2298	2293	2167	1981
FBGN0284229	0	0	0	0	9	6
FBGN0038886	75	17	17	58	38	17
FBGN0038243	62	53	84	105	95	54
FBGN0283468	7205	8343	7814	7639	7453	6500
FBGN0038598	159	148	197	126	101	129
FBGN0038407	231	102	156	323	302	204
FBGN0038627	641	635	551	572	594	475
FBGN0027654	45	67	132	136	85	90
FBGN0037236	4445	4423	4514	4187	4251	3591
FBGN0003890	2907	3156	3832	1800	2005	2157
FBGN0000463	13840	15518	14346	11631	11089	10245
FBGN0039761	15	2	2	28	0	7
FBGN0051415	65	14	13	33	36	21
FBGN0037970	66	91	78	48	59	65
FBGN0051463	38	14	27	6	20	9
FBGN0051077	61	11	42	68	44	28
FBGN0037723	2367	3070	2941	3092	3532	2901
FBGN0028374	7	5	0	23	1	14
FBGN0004622	52	26	18	21	39	30
FBGN0053207	1823	1933	2255	1229	1233	1205
FBGN0038890	3618	3985	3972	4126	3985	3626
FBGN0010770	3178	3764	3161	4341	4877	3545
FBGN0046763	8628	9942	8826	13774	13255	12063
FBGN0038465	92	145	38	318	319	334
FBGN0038402	30	10	22	6	11	5
FBGN0261108	3108	3513	3984	3336	3043	2727
FBGN0039087	17	10	10	21	28	21
FBGN0262605	3	18	0	1	41	14
FBGN0263040	39	2	18	8	7	11
FBGN0020907	5	7	14	24	8	19
FBGN0038903	494	781	804	810	742	666
FBGN0037472	1550	2030	1809	2117	1805	1550
FBGN0263977	5166	6280	5694	12185	12916	11209
FBGN0261060	6	0	1	0	1	9
FBGN0015568	35	24	45	79	118	52
FBGN0011270	30	0	7	8	10	5
FBGN0051116	132	92	59	180	104	74
FBGN0262577	19	16	12	65	27	22
FBGN0039030	19	11	8	23	48	17
FBGN0053105	4933	5353	5730	4739	4488	4745
FBGN0037516	2	7	1	3	0	4
FBGN0051265	34	12	0	1	9	6
FBGN0051163	21494	23790	23948	18468	17125	16116
FBGN0039189	2140	2836	2305	2732	2558	2385
FBGN0039858	28249	32041	32491	38029	35376	31845
FBGN0261561	592	500	520	319	329	339
FBGN0002905	10755	12171	11882	10887	11319	9658
FBGN0003676	16956	20610	20742	24595	22267	19881
FBGN0040629	1	8	6	15	9	40
FBGN0038246	26	24	23	61	85	61
FBGN0043005	73	16	7	50	23	34
FBGN0038815	3175	2876	3485	2425	2314	2297
FBGN0015569	327	290	232	302	238	227
FBGN0038960	8	15	10	31	18	11
FBGN0067317	7	8	2	2	4	3
FBGN0039544	2949	3447	3160	3105	3011	2835
FBGN0038356	4	2	4	1	0	4
FBGN0051437	31	28	30	23	6	9
FBGN0028400	15	2	32	26	13	26
FBGN0039233	1368	1652	1662	2105	1982	1714
FBGN0288631	4061	4765	4776	5262	4464	4482
FBGN0039225	43	58	34	35	84	51
FBGN0051327	51	30	35	51	35	25
FBGN0261290	12	5	6	6	3	5
FBGN0002609	2345	2413	2604	1180	1257	1181
FBGN0051013	31	13	12	12	46	16
FBGN0037898	49	174	121	439	431	317
FBGN0051206	45	18	2	14	6	33
FBGN0038037	371	306	413	508	562	433
FBGN0037449	10	10	8	10	27	13
FBGN0002924	12514	12496	14188	11108	10443	9080
FBGN0037623	915	933	1092	858	721	713
FBGN0038989	3394	4125	4355	4160	4154	3884
FBGN0038526	14	1	2	1	15	12
FBGN0038203	0	21	18	42	32	14
FBGN0037608	1542	2028	2002	1833	1806	1521
FBGN0260713	10	32	9	2	22	4
FBGN0037483	69	58	91	77	75	42
FBGN0028476	6186	6681	6913	4514	4677	4310
FBGN0038046	3982	4182	4905	4327	3964	3855
FBGN0051202	36	60	46	21	71	61
FBGN0039147	28	43	10	61	21	28
FBGN0038349	1363	1568	1897	1342	1355	1155
FBGN0010441	1752	2284	2405	2573	1943	1975
FBGN0039402	1527	1651	1768	1926	2001	1850
FBGN0037715	160	188	252	295	286	215
FBGN0010399	82	91	42	32	62	56
FBGN0267975	2602	3922	3435	3755	3595	3016
FBGN0015331	3775	4602	4375	3777	3398	3254
FBGN0027948	38776	39971	40575	30976	32033	28893
FBGN0011655	6215	6346	7327	5013	4868	4362
FBGN0266758	341	431	462	621	553	502
FBGN0004781	50	13	11	42	21	18
FBGN0085346	237	289	504	531	530	549
FBGN0039075	166	159	75	115	109	67
FBGN0000274	22	11	19	35	20	27
FBGN0039448	6	9	6	0	0	14
FBGN0003356	261	42	60	64	140	54
FBGN0039094	90	104	78	72	51	65
FBGN0010044	9	0	2	0	9	5
FBGN0051223	792	973	1192	1543	1340	1166
FBGN0263490	18010	20067	19828	13214	12786	11524
FBGN0250910	65	77	62	70	74	95
FBGN0262617	6161	7098	6803	5209	5145	4689
FBGN0038360	1595	1847	1631	1887	1899	1679
FBGN0051352	21376	22511	24269	16262	15604	14575
FBGN0037290	27	9	37	27	32	17
FBGN0038069	8	39	8	16	26	19
FBGN0037262	2661	3357	3086	3751	2615	2743
FBGN0045473	35	27	20	7	18	38
FBGN0039840	37	33	1	56	30	39
FBGN0037679	1137	1008	1173	886	1047	885
FBGN0039282	75	52	72	46	59	35
FBGN0037896	65	10	33	46	55	37
FBGN0266668	1923	1985	1707	1992	1965	1682
FBGN0037363	5247	6043	6043	5088	4519	4120
FBGN0014018	4646	4775	5008	4665	4273	3985
FBGN0037552	836	970	856	1281	1175	1106
FBGN0037488	24	32	3	40	16	21
FBGN0038597	3146	3423	4018	4223	3927	3820
FBGN0082582	8846	8981	9255	8729	8423	7710
FBGN0040279	381	338	393	391	461	402
FBGN0261844	1724	1456	2092	1167	1043	943
FBGN0002868	26	33	57	158	186	112
FBGN0037589	53	30	76	57	53	12
FBGN0038468	70	31	57	30	65	52
FBGN0010389	1131	1818	1791	834	959	843
FBGN0039371	9	7	3	8	0	4
FBGN0259152	4480	5283	4593	9472	9098	8593
FBGN0051560	24	7	1	6	8	10
FBGN0037782	13	13	0	6	4	4
FBGN0039347	69	67	59	20	17	5
FBGN0037668	58	46	47	56	50	71
FBGN0038881	19819	22147	21137	15381	15159	14020
FBGN0011669	12	0	5	5	1	0
FBGN0038796	5	6	11	16	6	3
FBGN0038014	34	42	36	46	28	34
FBGN0038210	8	2	11	37	16	3
FBGN0041621	47	19	7	48	44	16
FBGN0037911	486	584	580	496	585	537
FBGN0037685	7	8	4	4	10	30
FBGN0039015	32	35	13	52	25	7
FBGN0037254	96	49	35	63	38	95
FBGN0266137	36	67	23	46	29	33
FBGN0053337	51	36	27	86	45	50
FBGN0038460	4	7	10	18	28	8
FBGN0261053	17567	18617	18704	14150	13272	11759
FBGN0037375	114	52	76	103	58	47
FBGN0014930	351	602	610	809	569	460
FBGN0037626	12	12	5	24	9	28
FBGN0051051	236	282	332	284	221	260
FBGN0286204	95	36	18	60	40	51
FBGN0045035	9309	10804	10358	9430	8863	8050
FBGN0037754	6	30	7	40	14	19
FBGN0051017	43	11	7	2	28	29
FBGN0039795	3740	4850	3129	3071	2752	3235
FBGN0038476	21170	24324	23960	25523	24427	22951
FBGN0037461	4	10	9	7	24	14
FBGN0051407	203	122	98	54	60	59
FBGN0039003	2549	2570	2885	2862	2625	2487
FBGN0039731	1227	1569	1251	1213	1437	1252
FBGN0038003	36	1	7	1	12	15
FBGN0087013	27212	31748	32207	35318	32004	29092
FBGN0259733	48	94	47	193	118	183
FBGN0266176	0	0	0	0	0	0
FBGN0038302	322	492	380	529	524	441
FBGN0263596	4	5	0	7	0	2
FBGN0037424	16	18	45	14	27	24
FBGN0051076	78	62	28	167	121	77
FBGN0002735	393	306	344	193	292	258
FBGN0038462	3293	4144	3719	3976	3933	3490
FBGN0039584	28	13	17	0	22	10
FBGN0028487	652	507	765	852	602	714
FBGN0044511	671	767	608	1096	1086	997
FBGN0039522	16	29	18	14	0	12
FBGN0051542	8	13	1	8	33	8
FBGN0085328	15	3	8	1	6	4
FBGN0038447	8	8	20	13	12	10
FBGN0037822	3554	4106	4050	5333	5277	4641
FBGN0037504	4034	4843	4291	6309	6396	5414
FBGN0037963	19940	23439	20719	21093	18873	18170
FBGN0039368	10	23	10	13	16	4
FBGN0042102	19	1	19	17	29	33
FBGN0037677	9	36	9	3	12	12
FBGN0038499	3900	4009	4126	3538	3446	3244
FBGN0037572	0	6	14	1	9	26
FBGN0266916	8815	9235	8900	6753	7175	6581
FBGN0038887	64	30	24	41	67	29
FBGN0040227	30393	32212	35762	28802	27741	25063
FBGN0039312	10	15	10	984	819	570
FBGN0039599	27	3	7	28	9	17
FBGN0037688	1751	2069	1596	1954	1859	1833
FBGN0044823	351	524	374	363	389	356
FBGN0013813	292	214	197	340	231	301
FBGN0039081	28	22	25	32	14	31
FBGN0263400	0	29	11	40	34	51
FBGN0038331	1736	2176	2149	2415	2233	1858
FBGN0038515	2061	2250	2093	2255	1836	1920
FBGN0039108	43	24	40	69	32	73
FBGN0025574	3384	4029	3953	3773	4056	3166
FBGN0039298	0	2	4	19	30	19
FBGN0038914	16	5	1	0	9	3
FBGN0038760	5728	6504	6645	5816	5423	4814
FBGN0014861	9864	10518	10864	10419	9587	8692
FBGN0037892	971	1058	1239	1030	1137	956
FBGN0010803	2687	3361	3073	3903	3776	3191
FBGN0051122	7399	7430	8082	5830	6194	5521
FBGN0286199	56	13	51	80	80	35
FBGN0038173	30	25	25	30	16	31
FBGN0038354	72	17	26	18	7	40
FBGN0004779	45	4	2	31	6	7
FBGN0004118	40	49	30	196	106	93
FBGN0037995	22	9	12	13	22	29
FBGN0027512	6467	8014	7679	5897	6161	5256
FBGN0051106	6	46	26	41	69	42
FBGN0286506	1148	1482	1677	1793	1728	1666
FBGN0039439	13	5	24	14	21	25
FBGN0037964	45	30	17	20	45	9
FBGN0039625	1165	1376	1328	1384	1372	1018
FBGN0039723	12	2	4	10	1	0
FBGN0262955	18651	20792	20826	21869	20992	18133
FBGN0039613	94	64	104	109	131	151
FBGN0051103	185	126	111	120	77	87
FBGN0039807	635	609	635	542	331	471
FBGN0051493	18	24	2	16	9	8
FBGN0038868	1077	1561	1062	1387	1194	1013
FBGN0038787	6294	6997	6987	6075	5693	5209
FBGN0039154	41	43	37	46	50	40
FBGN0051158	14932	16644	17211	10672	10307	9472
FBGN0039600	16604	18513	18021	18606	19003	16302
FBGN0038219	2	8	1	5	2	7
FBGN0262473	4015	5024	4860	3924	3496	3491
FBGN0083984	137	183	125	296	236	193
FBGN0038878	30	11	5	25	72	60
FBGN0039523	38	33	40	37	28	22
FBGN0004389	16	18	11	6	10	5
FBGN0038877	2522	2412	3053	1900	1572	1696
FBGN0039356	75	106	106	125	137	151
FBGN0037455	24	12	4	18	31	24
FBGN0039264	29	12	23	28	1	10
FBGN0287211	7	3	4	34	16	2
FBGN0037994	26	12	30	32	29	21
FBGN0004885	26014	27432	30758	15888	14340	13119
FBGN0038136	15	28	8	63	40	33
FBGN0051390	1264	1423	1208	1704	1356	1371
FBGN0038948	2647	3082	3625	3284	2837	2786
FBGN0038601	3391	4363	4091	3671	4121	3359
FBGN0264836	9	0	2	4	0	7
FBGN0000277	6	0	2	10	11	2
FBGN0038751	15	14	16	44	15	9
FBGN0266172	0	0	0	0	0	0
FBGN0264326	6868	7325	7939	5774	5797	5369
FBGN0051088	5	3	0	16	0	10
FBGN0039188	2003	2513	1815	1970	2065	1880
FBGN0266448	46	25	29	39	41	39
FBGN0025456	435	540	383	2651	2505	2104
FBGN0040602	4	0	17	26	18	7
FBGN0037386	17	76	11	29	19	32
FBGN0051156	1296	1446	1748	1678	1506	1148
FBGN0037265	395	272	342	331	356	219
FBGN0004197	28911	31202	32494	20126	19819	18499
FBGN0085305	173	156	97	165	112	92
FBGN0037857	29	13	15	13	15	16
FBGN0044810	27	1	5	5	6	1
FBGN0037955	1973	2514	2200	3385	3052	2408
FBGN0037270	13613	14353	17329	15415	15895	14580
FBGN0264899	14	12	0	8	10	7
FBGN0039139	2712	3070	3318	3313	2981	2655
FBGN0041229	28	35	15	20	32	22
FBGN0039286	106	41	113	78	46	61
FBGN0037251	564	454	438	483	585	497
FBGN0051050	0	8	4	10	7	1
FBGN0037719	1620	2022	2284	3270	3301	2881
FBGN0039093	83	19	49	24	88	25
FBGN0016685	16113	18186	16160	19376	19306	17040
FBGN0038584	1094	1410	1484	1219	1312	1158
FBGN0051337	22	22	9	24	71	47
FBGN0028692	27038	30533	31232	32691	30725	28478
FBGN0037727	13	17	9	29	59	13
FBGN0002734	941	847	1110	1327	990	997
FBGN0037563	30	0	20	9	0	12
FBGN0053100	3697	3946	3968	3062	2888	2880
FBGN0038089	0	5	8	37	10	9
FBGN0022800	4947	4884	5538	4879	5194	4444
FBGN0051086	10	5	0	20	4	7
FBGN0042105	23	38	18	33	16	7
FBGN0038575	27	0	3	10	5	7
FBGN0045442	31	9	5	5	20	22
FBGN0051404	116	172	121	130	83	188
FBGN0027657	153	246	208	239	165	186
FBGN0262823	11	3	2	8	7	5
FBGN0039240	3964	4286	4606	3604	3220	3115
FBGN0037792	3057	3164	3616	3854	3523	3174
FBGN0261840	640	622	643	395	333	289
FBGN0039505	640	895	735	727	806	806
FBGN0039790	5234	5344	5631	5128	4749	4304
FBGN0010173	11556	13128	13826	27939	25620	22535
FBGN0039527	1246	2058	1226	1602	1585	1549
FBGN0015570	18	28	25	49	37	37
FBGN0051015	6	7	13	28	8	6
FBGN0037617	1000	935	1112	1217	1229	969
FBGN0039748	80	104	62	130	100	105
FBGN0028422	47	18	49	34	64	32
FBGN0038731	124	32	114	59	60	51
FBGN0038043	3756	4231	4898	4524	4450	3700
FBGN0004777	40	19	11	9	16	18
FBGN0037293	1672	1891	2044	1773	2142	1685
FBGN0039009	28	37	35	61	41	59
FBGN0039766	323	242	283	475	395	281
FBGN0039283	45	97	130	100	98	35
FBGN0037818	17	4	14	44	12	29
FBGN0037492	327	418	427	365	401	324
FBGN0039668	4398	4480	4656	3596	3256	2962
FBGN0014427	3457	4711	4531	4938	4742	4310
FBGN0261286	6004	7472	6657	7643	7116	6488
FBGN0038282	54	48	18	70	36	44
FBGN0038473	6575	7656	8304	9823	9725	7905
FBGN0039016	8344	8665	8880	6766	6814	6538
FBGN0039067	1518	1511	1513	1701	1497	1268
FBGN0087012	58	34	62	92	51	53
FBGN0039555	2593	2747	3050	3200	2945	2587
FBGN0053970	1017	1346	1575	1066	1129	979
FBGN0085326	16	23	9	12	15	0
FBGN0037538	4087	4170	4748	3757	3772	3504
FBGN0086768	2865	3092	3166	2969	2787	2390
FBGN0038722	4079	4816	5075	3745	3292	3039
FBGN0259244	7084	7936	8419	5274	4702	4311
FBGN0037481	755	818	928	940	680	671
FBGN0039810	1	6	0	0	8	6
FBGN0040534	735	911	666	1427	1285	996
FBGN0014135	732	873	932	654	531	586
FBGN0039058	11	10	1	22	10	10
FBGN0085308	8	87	22	20	33	47
FBGN0051119	10	18	0	42	14	2
FBGN0037625	30	16	51	56	14	20
FBGN0262559	5348	5400	6336	5846	5484	5060
FBGN0051528	9	21	10	8	20	8
FBGN0278600	0	2	0	2	2	8
FBGN0038369	2542	2971	3087	3392	3339	2494
FBGN0039483	17	12	4	12	16	1
FBGN0040679	5	3	1	0	7	5
FBGN0039663	2032	2357	2037	1416	1227	1244
FBGN0046332	27	38	52	41	72	64
FBGN0046214	46441	51101	53419	49184	50445	42908
FBGN0037655	4892	5574	5959	4411	3739	3703
FBGN0038692	1860	2344	2128	2235	2154	1927
FBGN0263401	3	7	0	0	2	3
FBGN0000036	257	202	203	102	145	138
FBGN0038397	139	105	83	61	65	73
FBGN0037467	3944	4478	4452	4165	4232	3736
FBGN0039778	40	11	6	5	2	22
FBGN0039169	5632	5388	5271	4630	4498	3420
FBGN0000015	84	38	59	72	39	58
FBGN0010247	4911	5700	4563	13391	13529	12294
FBGN0037607	30402	34145	37018	31268	28408	25264
FBGN0261847	12	4	8	11	2	2
FBGN0039449	1362	1183	1441	1259	1225	967
FBGN0037798	19	5	12	0	5	20
FBGN0261789	4262	4621	4798	6398	6544	5760
FBGN0002542	12948	15064	15014	12259	12152	11054
FBGN0015790	9826	12135	12186	10162	10395	9407
FBGN0053339	29	5	16	10	35	26
FBGN0043799	966	1024	1110	893	931	673
FBGN0038450	20	17	12	24	58	10
FBGN0086613	8366	9682	8673	8674	8600	7463
FBGN0259975	10	0	2	6	0	2
FBGN0086355	7436	7267	9073	6727	6294	5898
FBGN0037489	5734	6008	6242	7127	7010	5866
FBGN0051098	151	202	247	411	175	204
FBGN0037399	32	18	19	29	21	10
FBGN0014869	3966	3932	4698	4229	3367	3329
FBGN0003884	216768	222782	255902	223074	220364	196528
FBGN0042206	49	22	29	34	37	49
FBGN0029503	1582	1703	1756	2179	2004	1800
FBGN0037322	34	16	8	18	4	19
FBGN0039806	46	18	36	9	65	45
FBGN0051533	28	15	46	86	30	18
FBGN0027866	12160	13224	13933	12202	12626	11295
FBGN0039835	857	858	828	1043	945	872
FBGN0037703	2862	3696	3247	3279	2523	2291
FBGN0038952	116	126	70	151	149	95
FBGN0039085	50	25	10	23	32	18
FBGN0026399	30	23	8	10	42	21
FBGN0037609	807	1044	998	1521	1312	1180
FBGN0010015	71	53	46	54	37	65
FBGN0037304	24	8	7	49	33	13
FBGN0263782	1455	2091	1994	1696	1497	1504
FBGN0026563	93	28	52	50	48	54
FBGN0051100	109	144	99	289	388	253
FBGN0046247	1043	963	1056	1339	1211	1246
FBGN0037739	2673	2674	2753	2799	2549	2389
FBGN0039671	37	20	11	18	15	18
FBGN0086610	9	10	1	30	1	14
FBGN0039157	3162	2945	3165	2179	2172	2215
FBGN0037291	17	21	20	69	35	37
FBGN0039437	35	15	11	5	25	17
FBGN0039118	302	330	284	68	131	137
FBGN0038404	173	126	203	172	267	149
FBGN0043043	37	33	18	63	24	32
FBGN0039862	173	204	197	194	210	181
FBGN0039367	27	1	21	22	8	4
FBGN0261860	6	0	2	13	5	0
FBGN0015781	915	1218	1199	1375	1238	1174
FBGN0039158	614	702	793	801	933	774
FBGN0004107	3553	4663	4769	4004	4615	3822
FBGN0039193	14	17	8	20	7	29
FBGN0039251	32	3	24	9	14	45
FBGN0039854	471	598	660	606	537	439
FBGN0051141	26	20	38	29	11	4
FBGN0038388	947	1250	1237	983	1059	877
FBGN0039313	6	19	0	1633	1348	1206
FBGN0042710	25	20	1	5	24	16
FBGN0037342	2044	2108	2159	2148	2110	1839
FBGN0038592	18	31	19	13	6	40
FBGN0039354	36	41	79	47	77	85
FBGN0024963	72	64	91	58	81	56
FBGN0083971	14	4	11	41	7	27
FBGN0038102	14	18	2	8	18	11
FBGN0038535	38907	49773	45077	46692	45337	42440
FBGN0264357	12853	12694	13825	6953	7060	6449
FBGN0027492	19264	22277	20621	19365	18289	16201
FBGN0039194	15	6	7	1	26	26
FBGN0026380	7195	8378	7559	9643	9167	8212
FBGN0038042	17	1	31	22	4	9
FBGN0004595	157	248	166	128	216	122
FBGN0038651	10250	11396	10410	9963	9402	8648
FBGN0038571	1082	1233	1044	1671	1229	1046
FBGN0020385	2686	3828	3488	2901	2398	2406
FBGN0037761	9	23	8	2	10	9
FBGN0037876	1023	1344	1124	989	995	911
FBGN0003861	65	78	51	55	85	72
FBGN0260462	13707	15711	16935	14981	13486	12461
FBGN0001281	44	15	34	68	46	44
FBGN0024912	199	268	207	1254	1260	979
FBGN0039467	56	77	19	30	44	55
FBGN0259831	18	21	2	7	5	5
FBGN0026250	13070	15128	13476	16254	16478	14083
FBGN0038893	447	414	507	1501	1458	1194
FBGN0037448	60	74	52	93	130	76
FBGN0262982	8	2	1	0	2	5
FBGN0038436	36	22	16	21	29	56
FBGN0038979	12	4	8	0	5	4
FBGN0025781	3213	3411	3243	3058	3209	2771
FBGN0262010	0	13	9	3	2	5
FBGN0038845	15	32	10	28	11	0
FBGN0004510	2468	2784	2573	2553	2436	2225
FBGN0039581	13013	14440	14965	11543	11128	9709
FBGN0264563	6	2	1	0	1	9
FBGN0266173	0	0	0	0	0	0
FBGN0037720	4024	4516	4769	3380	3174	2921
FBGN0051081	8	19	5	22	7	10
FBGN0262582	72242	74720	75388	46748	46479	42579
FBGN0038114	6	50	42	32	44	22
FBGN0037713	580	749	632	504	402	449
FBGN0039187	5220	5837	5231	5510	4833	4506
FBGN0005671	8362	8101	9682	7886	7627	7235
FBGN0267385	14113	15967	17375	13413	12887	11646
FBGN0039043	2133	2291	2341	1532	1363	1507
FBGN0039215	8698	9062	9792	7111	6463	6082
FBGN0038953	3615	4327	4184	8763	8187	7577
FBGN0039670	21	3	42	1	2	31
FBGN0266579	83	99	63	181	125	110
FBGN0024555	21571	23816	24901	20216	19352	18382
FBGN0038611	105	25	36	40	46	28
FBGN0037814	2954	3019	3304	3232	2970	2549
FBGN0037900	568	582	619	579	646	570
FBGN0038643	1	2	79	7	7	2
FBGN0002441	8429	8886	9274	7672	6887	6094
FBGN0038053	1272	1539	1442	1658	1522	1534
FBGN0023212	2879	3152	2916	2756	2865	2913
FBGN0261838	376	313	343	380	339	317
FBGN0038820	40	16	16	2	12	10
FBGN0019828	7	14	34	6	15	24
FBGN0039336	700	728	700	865	757	617
FBGN0063649	84	51	91	87	105	71
FBGN0038421	1299	1493	1183	1767	1774	1411
FBGN0039261	12354	14381	13474	9528	9531	8950
FBGN0051029	142	92	107	44	54	53
FBGN0039577	24	10	1	34	13	8
FBGN0038377	4	1	0	11	16	17
FBGN0261808	567	520	605	559	612	429
FBGN0039366	7	16	8	4	5	18
FBGN0037647	1053	1078	954	1043	952	758
FBGN0039210	3667	4224	4026	2990	3488	2950
FBGN0039213	10258	12159	12220	10047	9333	8193
FBGN0038002	30	34	7	53	44	39
FBGN0039832	22	15	4	23	17	16
FBGN0037433	1322	1517	1642	1010	797	734
FBGN0266064	8510	8643	9479	7810	7265	6897
FBGN0038821	9	3	20	11	14	5
FBGN0261287	33	40	38	28	53	25
FBGN0010225	2435	3221	2854	4704	3923	3773
FBGN0039099	14	13	5	78	31	84
FBGN0037675	10	5	7	5	14	10
FBGN0038686	2664	3146	2713	2651	2022	2258
FBGN0039655	21	14	12	12	30	10
FBGN0027562	3	8	14	0	25	37
FBGN0038159	15	8	10	5	35	8
FBGN0037828	16	8	1	9	0	0
FBGN0037454	18	7	19	26	20	19
FBGN0260386	836	871	1013	760	538	686
FBGN0004172	15	0	13	3	0	5
FBGN0038510	12	8	7	13	31	21
FBGN0039704	8091	10701	9935	8974	8847	8043
FBGN0037949	2821	3260	2983	2484	2749	2272
FBGN0039594	4186	3861	4705	3284	2785	2613
FBGN0262005	0	19	0	13	31	11
FBGN0260935	2195	2273	2458	1798	1838	1747
FBGN0266454	7	0	5	21	2	11
FBGN0053783	25	7	7	4	4	11
FBGN0037920	1153	1390	1521	1621	1659	1228
FBGN0260940	1472	1679	1411	1917	1966	1486
FBGN0039269	1392	1685	1865	1481	1829	1556
FBGN0037746	6977	7986	8294	6481	5931	5066
FBGN0039712	2325	2734	2689	2232	2528	2119
FBGN0262362	6	7	12	54	60	97
FBGN0039337	946	1131	1071	1039	964	953
FBGN0038486	41	20	4	38	53	33
FBGN0259215	75	23	50	46	91	48
FBGN0267408	138	103	75	9693	8201	7488
FBGN0000047	58	21	11	26	30	10
FBGN0039343	36	39	4	33	41	16
FBGN0038196	2623	2908	2834	4470	5061	4058
FBGN0250846	18	4	18	0	29	9
FBGN0039727	10284	10924	10445	9617	8656	8097
FBGN0040608	9	4	2	6	10	6
FBGN0267652	0	0	0	0	0	0
FBGN0052939	795	853	529	1021	1311	938
FBGN0038028	8	17	9	1	8	11
FBGN0003117	3113	5125	5279	2915	2715	2658
FBGN0051140	1433	1593	1826	492	325	413
FBGN0037224	24	20	40	25	79	10
FBGN0004913	9023	9846	10215	8267	8112	7082
FBGN0037297	2203	2226	2426	1705	1930	1823
FBGN0039626	2623	3182	3175	3004	3242	2806
FBGN0263118	97	64	34	69	64	27
FBGN0038275	1828	2439	2309	2463	2675	2081
FBGN0039475	16	53	24	31	18	20
FBGN0039304	1044	1149	980	986	1099	970
FBGN0038167	1964	2509	2412	1979	1716	1763
FBGN0038922	3166	3798	3813	3697	3512	3108
FBGN0037838	658	847	1013	907	864	797
FBGN0051019	26	46	18	16	26	18
FBGN0051004	158	78	97	220	165	167
FBGN0037689	2753	2770	2887	2407	2373	2031
FBGN0037974	112	132	219	984	1144	975
FBGN0039153	807	1131	1007	964	887	698
FBGN0038057	1029	1146	1284	1389	1259	1252
FBGN0051157	167	141	134	266	239	236
FBGN0046886	48	11	8	13	10	18
FBGN0038968	10142	12289	11750	13378	13107	12261
FBGN0039342	7	4	3	19	0	7
FBGN0045469	13	19	11	43	17	22
FBGN0051321	103	49	74	140	96	71
FBGN0037670	2328	2307	2560	2109	2108	1881
FBGN0039064	86	44	75	32	54	44
FBGN0016754	8119	9573	9084	5596	5659	5448
FBGN0039490	154	94	87	92	75	28
FBGN0003065	45	11	9	25	3	17
FBGN0038131	12	21	5	24	11	27
FBGN0259212	27643	29406	29436	24430	23142	21337
FBGN0053333	7	37	13	6326	5597	4994
FBGN0038359	36	20	8	8	19	16
FBGN0083969	3869	4101	4241	3995	3654	3390
FBGN0001255	3096	4868	3699	4783	4073	3955
FBGN0039200	50	25	8	2	9	19
FBGN0039466	10343	11358	12151	9478	8100	7422
FBGN0262483	169	104	81	46	121	70
FBGN0039740	1787	2051	2082	2432	2229	2122
FBGN0051523	3097	3752	3661	3825	3675	3686
FBGN0037912	2941	2961	3262	2197	2171	1880
FBGN0039234	11079	11842	12071	11996	11695	9844
FBGN0039128	541	631	603	833	835	752
FBGN0039510	194	183	109	191	179	153
FBGN0288846	2944	3484	3122	4167	3657	3696
FBGN0039348	7318	8220	8511	7399	7208	6280
FBGN0039680	13427	13755	15098	12038	10817	9991
FBGN0038200	2	0	2	1	3	1
FBGN0039424	24	9	46	22	22	20
FBGN0037415	19	36	7	17	19	3
FBGN0037506	27	14	3	27	20	39
FBGN0266178	0	0	0	0	0	0
FBGN0085382	64	22	39	54	43	30
FBGN0051288	22	16	15	39	10	20
FBGN0039792	50	4	20	6	12	12
FBGN0037755	2382	2423	2425	2687	2546	2104
FBGN0039411	1869	1985	2018	1752	1428	1468
FBGN0053512	39	14	24	59	26	13
FBGN0260226	454	433	720	3085	2807	2752
FBGN0038160	18	23	0	75	58	40
FBGN0038869	1683	1515	2067	2202	1925	1775
FBGN0037981	1164	1021	1345	1324	1211	1141
FBGN0051373	44	87	58	92	84	61
FBGN0037358	578	716	820	908	747	578
FBGN0039771	11	11	5	5	19	4
FBGN0286071	4799	6507	4703	8321	7630	7905
FBGN0042104	27	24	8	53	24	12
FBGN0037555	3406	3398	3479	5452	5022	4744
FBGN0262143	8	8	0	0	1	3
FBGN0287589	645	796	845	712	675	734
FBGN0040607	8	19	7	0	1	1
FBGN0038248	36	42	32	34	41	47
FBGN0000455	2222	2385	2460	2132	2221	2090
FBGN0038737	448	629	534	561	529	419
FBGN0003944	326	534	763	265	305	244
FBGN0263289	46680	47035	49362	35125	33580	31838
FBGN0037873	2314	2936	2705	3179	3048	2656
FBGN0044871	633	923	884	969	852	751
FBGN0039808	59	54	38	45	25	27
FBGN0039259	523	696	923	1453	1310	1363
FBGN0000246	549	718	939	758	675	589
FBGN0038078	7	1	14	1	4	6
FBGN0039002	1	3	3	11	10	12
FBGN0051342	16229	16547	18541	14862	14298	13563
FBGN0038683	1990	2553	2360	2383	2187	1899
FBGN0083986	219	227	123	299	253	223
FBGN0037456	4	3	11	30	10	11
FBGN0038951	611	835	915	1023	884	812
FBGN0037894	10182	10523	11517	9982	9058	8263
FBGN0261583	14	2	4	6	7	6
FBGN0039601	3391	3656	3705	3656	3196	2759
FBGN0286075	878	1206	1301	3076	2908	2692
FBGN0028499	1082	1268	1491	1332	1010	946
FBGN0051418	18	10	13	7	3	0
FBGN0004901	4392	4698	5111	4290	4190	3650
FBGN0051450	518	624	718	984	911	729
FBGN0037753	663	683	536	515	628	555
FBGN0013972	32	24	15	2	17	12
FBGN0263929	11272	12201	12100	9113	8665	8400
FBGN0038641	49	23	21	37	22	51
FBGN0051002	16	2	13	51	56	33
FBGN0001280	4248	4977	4380	5853	5626	5013
FBGN0039543	1271	1554	1390	1296	1442	1203
FBGN0038400	4544	5015	5884	6191	5450	4944
FBGN0022344	1231	1670	1765	2443	2268	1995
FBGN0285912	19	32	32	59	12	51
FBGN0261993	17	8	49	30	16	9
FBGN0027620	15370	16865	16134	13168	12805	11557
FBGN0037895	25	29	32	9	9	15
FBGN0038479	37	12	2	12	14	10
FBGN0051287	549	530	474	675	831	753
FBGN0037819	23	25	16	18	23	11
FBGN0004897	85	49	82	49	22	12
FBGN0261885	93562	92350	102707	59893	55738	52440
FBGN0038389	1258	1375	1504	1364	1237	1217
FBGN0260003	56090	63898	58620	40341	38857	36123
FBGN0003511	2341	2785	2517	1913	1822	1794
FBGN0019637	8507	8943	8686	8055	7239	6716
FBGN0038299	40	44	8	82	47	67
FBGN0037280	5	13	8	14	21	33
FBGN0026566	3562	3954	4353	4548	4076	3718
FBGN0262539	18	0	18	6	1	9
FBGN0039800	90	59	22	330	270	217
FBGN0020510	4803	5086	5223	4867	4429	3809
FBGN0038921	12	11	14	14	30	19
FBGN0028833	1647	1819	1903	1899	1760	1819
FBGN0013576	11834	10579	12312	7052	6893	6180
FBGN0039465	1848	1898	2079	2395	2347	2006
FBGN0264324	2383	2623	2449	2171	2017	1896
FBGN0040252	52	41	22	10	22	11
FBGN0038132	1	3	3	5	3	26
FBGN0037913	7933	9148	8711	8908	9252	8269
FBGN0283438	5071	5408	5521	5660	5240	4309
FBGN0037408	13	39	19	22	9	28
FBGN0039481	89	26	71	65	72	60
FBGN0028734	24063	26216	25497	21645	21435	18979
FBGN0037862	33	18	14	6	40	21
FBGN0039080	20	6	0	3	24	8
FBGN0039073	144	57	30	153	141	168
FBGN0039227	17359	19428	18478	13631	13772	12120
FBGN0000046	1003	1201	1395	1099	942	991
FBGN0037402	22	2	1	22	7	7
FBGN0038492	551	793	215	6577	5787	5274
FBGN0028837	3478	4037	4100	4656	4711	4110
FBGN0039480	96	35	138	187	137	89
FBGN0265042	2774	2840	3235	2143	2102	1809
FBGN0260440	570	889	619	590	502	319
FBGN0038586	930	1129	1097	847	984	794
FBGN0038784	262	279	213	2670	2255	1906
FBGN0037676	11	13	12	12	19	14
FBGN0037432	8	6	2	9	15	6
FBGN0051272	45	31	25	54	60	71
FBGN0037442	2386	2465	2697	1757	2068	1789
FBGN0027508	6172	7342	7030	5419	5398	4966
FBGN0039690	3553	4049	4033	3118	3188	2814
FBGN0039675	59	28	59	47	41	19
FBGN0039812	49	45	38	6	31	44
FBGN0002629	1891	2044	2382	1113	1204	974
FBGN0038161	0	12	13	12	8	15
FBGN0039462	324	414	380	553	466	455
FBGN0004049	11313	11783	11589	9658	9045	7748
FBGN0262004	14	18	0	128	142	109
FBGN0083985	134	246	158	263	170	182
FBGN0051184	924	1142	1192	1340	1525	1135
FBGN0038964	13320	15375	16264	14813	14213	13210
FBGN0085303	2	18	11	0	12	9
FBGN0015575	81	52	9	115	125	122
FBGN0020379	999	934	981	863	802	735
FBGN0003165	33039	35993	36874	23798	22353	21071
FBGN0051109	601	832	654	635	609	529
FBGN0027539	1463	1375	1454	1248	1010	1171
FBGN0053092	78	60	14	41	42	28
FBGN0038142	0	1	8	2	1	4
FBGN0051365	3301	3558	3887	3523	3713	2841
FBGN0037371	5178	5814	6209	5471	5229	4968
FBGN0037526	821	1211	1002	998	948	791
FBGN0037874	76453	81873	91843	62083	64125	59106
FBGN0011281	19	25	6	13	6	12
FBGN0039955	7857	9391	7967	9028	9687	8269
FBGN0038386	37	13	11	3	26	10
FBGN0004054	12	0	1	10	6	16
FBGN0039697	8842	9620	11487	7982	7577	6464
FBGN0037569	1502	1923	2345	2292	2081	2024
FBGN0085327	4	27	4	14	1	0
FBGN0040670	8	7	9	8	20	14
FBGN0039730	1931	2407	2002	1896	1607	1701
FBGN0013981	10186	12360	12639	15129	14814	13696
FBGN0051475	1253	974	1227	849	840	746
FBGN0267790	21368	23425	22669	22953	20600	19017
FBGN0004898	55	85	153	58	20	42
FBGN0040077	842	1099	989	1158	1016	998
FBGN0037734	2042	2430	2555	1696	1715	1400
FBGN0243514	602	865	707	2820	1892	2511
FBGN0038741	702	681	866	724	644	610
FBGN0038583	1196	1303	1525	1403	1446	1146
FBGN0037612	31	51	13	301	307	310
FBGN0051008	10	3	21	0	9	2
FBGN0026077	6563	7152	7990	6037	6273	5570
FBGN0038412	461	504	542	445	469	558
FBGN0011278	28	65	212	13	41	16
FBGN0016693	6467	6995	7926	6264	6458	5866
FBGN0051496	42	39	37	52	53	25
FBGN0039538	267	270	357	206	225	229
FBGN0051268	35	14	2	64	58	58
FBGN0037275	22	36	38	46	50	49
FBGN0051201	63	46	42	71	90	38
FBGN0051482	32	3	2	4	11	16
FBGN0037307	19	10	16	4	10	9
FBGN0039151	74	53	41	312	209	201
FBGN0039114	662	1120	704	1947	1535	1353
FBGN0259730	20	42	19	53	56	89
FBGN0038714	73	44	26	41	54	39
FBGN0038721	2013	2397	2530	1728	1484	1471
FBGN0266195	1433	1725	1824	1778	1837	1633
FBGN0039747	57	37	29	29	43	57
FBGN0262127	5824	6576	6020	6147	5245	5403
FBGN0037810	43943	51289	50391	44740	44670	38793
FBGN0038202	18	30	39	35	40	26
FBGN0037669	1496	1583	1480	1716	1553	1287
FBGN0039644	730	634	772	4269	4261	3557
FBGN0085313	0	8	0	5	11	0
FBGN0037764	8	8	23	0	18	0
FBGN0260944	2792	3144	3276	3078	3226	2883
FBGN0001311	27591	30781	33811	17990	18428	16750
FBGN0000039	68	14	19	8	65	41
FBGN0264775	8	8	2	38	13	16
FBGN0053107	456	412	472	343	356	415
FBGN0261599	19811	21985	22097	32617	33390	29946
FBGN0037757	6524	7758	8272	6403	5565	5504
FBGN0039749	218	166	183	69	92	111
FBGN0039664	741	1007	1272	765	814	616
FBGN0038694	125	89	87	44	43	16
FBGN0026190	58	44	31	43	74	50
FBGN0004863	947	1051	1244	640	676	617
FBGN0046874	5190	6192	5875	5546	4895	4911
FBGN0038471	1251	1498	1269	1476	1595	1221
FBGN0024432	4033	4436	4637	4830	4928	4437
FBGN0004175	11	13	3	0	2	3
FBGN0039381	3353	3361	4016	3258	2813	2486
FBGN0039881	53	73	80	63	68	49
FBGN0037788	57	68	21	36	34	15
FBGN0039224	11	10	12	16	5	25
FBGN0038058	1545	1577	1618	1527	1598	1362
FBGN0039406	5865	7864	7114	7716	7757	6273
FBGN0264427	0	3	1	1	4	3
FBGN0037234	3927	5087	4931	4352	4386	3926
FBGN0038047	251	229	135	202	357	278
FBGN0038959	15	17	19	62	12	1
FBGN0038934	4143	5188	4494	3396	2926	2987
FBGN0002522	85	68	65	95	90	95
FBGN0039621	1	5	15	0	23	18
FBGN0039686	56	38	7	100	65	52
FBGN0025825	3344	3884	4389	3948	3720	3513
FBGN0038211	49	24	7	21	40	15
FBGN0039223	719	827	686	462	369	385
FBGN0085322	169	329	198	265	286	306
FBGN0038405	258	172	239	282	275	139
FBGN0039631	1311	1346	1395	1162	1135	1046
FBGN0039741	782	911	915	775	699	659
FBGN0003719	3797	3469	4315	2512	2319	2066
FBGN0037382	2960	2954	2946	3151	3369	3083
FBGN0039558	1285	1587	1519	1642	1703	1592
FBGN0038678	780	1005	1163	1166	1115	879
FBGN0023179	20	44	45	42	33	11
FBGN0037229	5	10	8	28	10	20
FBGN0029512	10701	12202	12737	12989	11790	10378
FBGN0037338	2235	2187	2422	1992	2110	1828
FBGN0267649	0	0	0	0	0	0
FBGN0264291	970	1503	1317	1909	1653	1521
FBGN0038798	13	11	39	0	27	24
FBGN0053096	3656	4187	4429	3943	3621	2957
FBGN0051454	14	72	8	51	61	46
FBGN0038925	3261	3414	3400	2891	3211	2605
FBGN0259705	469	395	393	483	444	452
FBGN0004110	39	57	32	10	51	22
FBGN0085386	147	90	104	103	98	80
FBGN0002306	38278	37940	40871	26110	25691	22857
FBGN0015396	15310	15919	16456	11431	11060	9770
FBGN0045471	43	5	0	11	37	31
FBGN0051457	709	851	857	702	825	657
FBGN0051159	633	607	649	847	821	734
FBGN0086346	11191	12350	13235	10857	9838	9113
FBGN0038541	36	22	21	50	24	30
FBGN0037475	13	4	6	16	12	10
FBGN0039425	3	3	14	14	28	26
FBGN0015282	18163	19030	21693	17385	17414	15239
FBGN0038909	26	42	62	39	52	37
FBGN0037684	82	49	42	85	118	81
FBGN0039212	2438	2742	3231	2341	2453	2183
FBGN0029088	8509	9561	9484	8490	8290	7340
FBGN0038242	20	4	26	26	50	95
FBGN0038702	21	16	16	50	69	36
FBGN0039071	85	68	66	66	21	65
FBGN0038290	83	71	96	158	68	111
FBGN0051174	63	35	59	25	64	67
FBGN0039559	10621	11746	12591	8870	8476	7759
FBGN0037235	1665	2459	1960	3383	2866	2700
FBGN0008651	68	47	197	23	55	25
FBGN0024273	3300	3571	3725	3053	2714	2316
FBGN0038840	61	24	16	48	113	34
FBGN0037881	3562	4021	4300	3628	3429	3012
FBGN0039776	2335	2711	2630	2394	1986	2003
FBGN0262365	7	19	2	9	0	1
FBGN0039773	1384	1422	1614	1511	1370	1346
FBGN0039202	49	52	12	20	10	27
FBGN0039398	21	57	3	50	41	28
FBGN0037926	5653	6119	6341	7874	7018	6422
FBGN0025457	10149	10774	11952	12010	11202	9535
FBGN0264830	3	2	0	4	0	5
FBGN0051286	12	12	1	0	24	11
FBGN0260745	9239	10023	11391	11261	9184	9244
FBGN0038238	3	5	1	10	27	11
FBGN0013953	88	49	50	92	37	59
FBGN0002631	160	87	98	110	108	29
FBGN0250823	13469	15963	14159	17790	16781	14735
FBGN0037975	91	58	20	785	630	745
FBGN0028381	18	15	13	38	38	28
FBGN0053191	351	373	298	291	260	195
FBGN0039687	1173	992	1024	1024	1279	1052
FBGN0037749	1586	1866	2038	1815	1789	1526
FBGN0038223	4149	4476	4501	3529	3406	3153
FBGN0026056	3593	3625	3983	3239	2926	2597
FBGN0037842	506	770	728	1086	1079	1028
FBGN0004903	4510	4736	5106	4163	3700	3536
FBGN0039647	72	23	21	66	81	59
FBGN0022349	25084	26376	25695	23031	23013	19830
FBGN0037414	6	10	4	0	2	13
FBGN0039273	1998	2036	2325	2775	2389	2027
FBGN0039709	21265	22282	21978	15279	13995	13817
FBGN0013276	12496	18318	10881	16348	19047	20082
FBGN0004053	43	29	11	24	8	23
FBGN0039756	70	52	42	114	87	32
FBGN0261004	7236	7903	7667	6482	6883	6199
FBGN0038128	1191	994	966	1068	961	992
FBGN0038311	82	30	27	31	20	28
FBGN0053920	7	5	0	1	18	21
FBGN0037918	17213	17755	17948	16092	14865	13294
FBGN0038874	48	62	49	23	48	76
FBGN0265190	2748	2660	3345	2540	2182	2324
FBGN0051413	27	16	17	47	30	20
FBGN0250754	71031	74999	72455	58738	58401	52725
FBGN0053109	5	1	0	20	25	1
FBGN0013973	59	25	16	62	69	51
FBGN0037848	1192	1468	1705	1609	1452	1254
FBGN0054027	120	53	95	64	40	61
FBGN0023495	49	29	24	12	4	16
FBGN0037654	126	127	134	170	119	78
FBGN0039868	1615	2107	2298	2363	2657	2148
FBGN0037395	54	38	26	21	35	12
FBGN0039044	738	1144	970	1315	1104	1086
FBGN0037215	7984	10204	9104	8510	7597	7166
FBGN0260444	1607	1729	1646	1937	1616	1708
FBGN0038775	36	36	10	6	13	0
FBGN0045761	1843	1973	1807	5350	5368	5231
FBGN0003867	2864	3085	2999	3135	2640	2450
FBGN0039257	21700	28833	23632	35963	34566	35093
FBGN0038440	6	24	0	2	9	33
FBGN0051028	4483	4142	4510	3025	2939	2552
FBGN0037950	2	24	55	28	29	33
FBGN0037296	13	25	0	5	16	17
FBGN0083966	18	11	7	0	16	4
FBGN0051561	6	27	20	3	16	10
FBGN0013269	18779	22148	22572	26279	25615	22262
FBGN0038789	71	22	19	42	52	35
FBGN0051189	8	9	3	2	21	24
FBGN0037942	604	692	913	1033	1012	893
FBGN0053630	19	0	0	0	0	7
FBGN0270928	19	5	4	9	30	25
FBGN0038478	6835	7851	7531	6052	6122	5617
FBGN0037852	750	652	889	1061	777	841
FBGN0027544	85	55	73	123	34	72
FBGN0037292	44	14	6	8	29	22
FBGN0085466	7	23	23	54	69	75
FBGN0038588	1494	1619	1702	1232	1373	1205
FBGN0039078	2435	2409	2237	1956	1835	1622
FBGN0038316	2251	2491	2744	2658	2311	2343
FBGN0039419	126	57	60	81	75	32
FBGN0043457	2413	2865	2738	2236	2360	1976
FBGN0000447	4235	4663	4850	5502	4636	4021
FBGN0039500	12	3	26	10	30	16
FBGN0045470	83	29	16	9	60	28
FBGN0262146	21	13	21	18	30	13
FBGN0051195	22226	23301	23535	20529	19756	18051
FBGN0020238	76113	82849	85193	76924	76873	70781
FBGN0037463	14	25	34	27	24	10
FBGN0039764	618	951	765	1267	1102	856
FBGN0039698	1242	1121	1495	1265	1441	1106
FBGN0039272	440	444	488	453	413	411
FBGN0037329	1409	1522	1972	1604	1400	1339
FBGN0260004	58	31	58	55	42	50
FBGN0262794	9	21	5	9	15	25
FBGN0040076	0	0	6	0	16	1
FBGN0039635	5401	6210	6616	5673	5630	4909
FBGN0038865	23	14	5	12	15	11
FBGN0028662	1841	2098	2231	2105	2012	1901
FBGN0039270	752	850	702	898	1181	934
FBGN0085376	4863	6291	5343	4950	5145	4786
FBGN0051105	112	42	45	43	79	79
FBGN0040208	7013	7540	7444	5549	5140	4288
FBGN0023023	819	891	843	321	280	256
FBGN0002780	24838	28864	27185	36762	35552	30992
FBGN0038719	45	45	51	1291	1138	968
FBGN0037756	3467	4485	3993	4359	4279	3639
FBGN0085324	17	6	1	8	4	22
FBGN0037485	40	19	5	16	10	25
FBGN0039609	17	16	76	21	35	32
FBGN0037773	265	395	409	433	390	435
FBGN0015222	5907	6590	7949	6738	6200	5695
FBGN0000552	13	16	31	9	3	7
FBGN0262104	7	10	6	6	7	9
FBGN0040253	22	11	9	23	14	8
FBGN0037889	61	41	14	36	8	29
FBGN0038834	47691	58795	58769	67339	59501	55002
FBGN0037644	4882	4922	4950	5328	4714	4111
FBGN0051148	47	18	13	36	14	29
FBGN0039396	63	34	51	37	17	69
FBGN0264493	7485	7589	6507	7628	6989	6404
FBGN0037248	13529	16681	15679	15278	15326	13479
FBGN0038150	801	927	830	472	685	490
FBGN0037501	56	27	12	31	46	21
FBGN0037548	612	907	857	882	599	657
FBGN0000533	420	484	457	176	178	245
FBGN0037700	3881	4655	4418	4957	4760	4020
FBGN0037902	91	51	84	27	54	24
FBGN0038924	1156	1144	1333	1426	1244	1264
FBGN0039503	2	9	1	8	6	8
FBGN0038931	26	14	26	22	39	26
FBGN0039165	1431	1549	1421	1664	1510	1572
FBGN0038861	661	834	943	918	750	680
FBGN0264325	898	1209	1258	1483	1036	871
FBGN0037324	51	32	32	5	25	18
FBGN0260234	6	4	3	16	4	2
FBGN0039870	805	879	782	780	890	641
FBGN0002940	20	35	20	15	26	15
FBGN0038602	47	14	20	0	6	13
FBGN0051301	5415	6925	7028	8075	7048	6374
FBGN0261289	8	5	24	0	9	26
FBGN0039360	1266	1172	1224	1666	1689	1470
FBGN0039150	2223	2313	2170	2241	1971	1674
FBGN0037973	747	897	735	6060	5617	4379
FBGN0262514	5	2	2	13	12	7
FBGN0039324	15	36	8	19	15	5
FBGN0037580	19563	21128	22312	21008	19190	16899
FBGN0051278	334	510	486	569	506	413
FBGN0038295	52	82	27	55	25	34
FBGN0038847	7	7	21	22	8	14
FBGN0085317	0	6	4	4	0	11
FBGN0020407	1579	1585	1881	1560	1432	1417
FBGN0003495	199	200	209	557	604	601
FBGN0264785	3143	3151	3327	2582	2221	2135
FBGN0053341	14	9	26	20	16	6
FBGN0260231	6	5	11	14	0	8
FBGN0019624	9157	8893	9638	9890	9960	8598
FBGN0038589	24	14	5	34	5	19
FBGN0038656	17	5	0	3	0	8
FBGN0040493	10480	10944	10705	11980	10692	9918
FBGN0038947	5805	6861	6690	7351	7292	6854
FBGN0039507	4398	4686	4909	3359	3262	3014
FBGN0039415	129	66	84	76	114	45
FBGN0085302	4	1	23	5	12	4
FBGN0037376	3892	4539	4635	4213	4015	3836
FBGN0037941	56	48	24	9	17	35
FBGN0038279	2007	1961	2119	1699	1548	1497
FBGN0039004	8993	9425	10587	8684	8615	7444
FBGN0038752	30	29	43	82	36	20
FBGN0038978	17	4	13	2	2	3
FBGN0267709	12	84	39	10	23	48
FBGN0261996	35	31	22	35	23	30
FBGN0037809	674	706	603	1143	861	745
FBGN0038530	2	6	2	36	5	0
FBGN0051522	1110	884	1084	784	929	735
FBGN0286930	1	8	4	19	8	1
FBGN0037427	46	47	56	44	50	39
FBGN0039218	468	581	351	1135	744	808
FBGN0011596	583	708	622	623	545	415
FBGN0039217	384	459	496	488	457	414
FBGN0053203	83	51	101	38	50	37
FBGN0038472	1071	1278	965	1500	1338	1189
FBGN0038357	48	30	26	13	13	22
FBGN0260659	2049	2629	2558	2059	1980	1778
FBGN0037890	1150	1424	1048	1413	1628	1450
FBGN0038769	1257	1435	1355	1223	1241	938
FBGN0037242	2736	3216	3302	2939	2598	2293
FBGN0038958	39	7	14	59	30	9
FBGN0037487	328	399	285	234	283	196
FBGN0024222	2015	2265	2418	1928	1980	1751
FBGN0261928	313	163	196	340	216	218
FBGN0039293	1947	2359	2106	2702	2291	2099
FBGN0015625	6915	7311	7923	4978	4873	4383
FBGN0037512	25	43	1	41	20	10
FBGN0038088	412	344	310	599	580	504
FBGN0040238	1528	2048	2272	1588	1551	1298
FBGN0039160	2666	3262	3743	4412	3771	3618
FBGN0037650	49	14	14	18	23	27
FBGN0037891	8278	8706	9122	8537	7810	7110
FBGN0040609	45	1	14	43	13	23
FBGN0037541	13205	15415	13805	12781	11689	11234
FBGN0046258	7003	8275	8308	6792	6868	6247
FBGN0039110	8675	9167	9995	7572	6661	6818
FBGN0037590	53	13	16	14	0	20
FBGN0261845	211	140	169	129	199	219
FBGN0039593	28	53	17	417	299	386
FBGN0039582	17	23	3	25	18	2
FBGN0039784	13	28	32	30	23	16
FBGN0002732	3465	3963	3932	2486	2695	2160
FBGN0265041	69	38	44	17	11	17
FBGN0051464	27	8	13	9	12	8
FBGN0011581	14	7	4	28	7	0
FBGN0260746	322	385	197	196	238	208
FBGN0266446	248	209	106	426	361	354
FBGN0038753	34	51	73	118	88	65
FBGN0039387	90	22	44	30	29	44
FBGN0038224	4782	5349	5299	7657	6991	5824
FBGN0038783	128	100	87	938	848	834
FBGN0039525	21	18	4	36	30	5
FBGN0039536	271	127	79	117	124	116
FBGN0003169	6626	6830	7654	5858	5752	5418
FBGN0019960	9120	9463	10022	9136	9367	8285
FBGN0261842	628	643	592	349	358	339
FBGN0038458	13	0	0	0	5	0
FBGN0259732	13	32	12	60	67	102
FBGN0037917	1130	1027	1299	1061	1032	926
FBGN0039107	15	19	0	0	35	19
FBGN0054034	18	13	2	19	13	24
FBGN0039116	2060	2047	1834	2822	2827	2646
FBGN0037697	18	55	89	41	45	61
FBGN0001235	23248	26283	24388	19012	19618	17697
FBGN0038765	553	579	544	661	580	494
FBGN0038613	38	31	69	40	41	31
FBGN0054008	153	153	240	223	233	189
FBGN0039417	879	1208	1220	1505	1264	1098
FBGN0039385	1778	2345	1965	2182	2057	1705
FBGN0027574	2578	2840	2445	2705	2652	2528
FBGN0039137	2720	3359	2984	3007	2691	2507
FBGN0027930	4158	5249	5181	3539	3470	2948
FBGN0038488	2396	2474	2661	2338	2269	2005
FBGN0038017	350	318	438	411	460	364
FBGN0039265	4685	5413	5679	6073	5575	4942
FBGN0038916	0	0	14	11	22	13
FBGN0037680	2905	3218	3093	4512	3926	3705
FBGN0002865	66	58	12	50	4	8
FBGN0010051	18408	18248	19179	12777	11259	11067
FBGN0039065	1845	2086	1864	1869	1730	1916
FBGN0027784	792	782	1081	1240	990	854
FBGN0003507	416	521	205	1305	1190	1119
FBGN0263986	87	112	19	55	65	46
FBGN0285955	18761	20771	20588	15860	16181	14812
FBGN0051279	25	30	10	74	67	79
FBGN0027579	3651	3701	3997	2949	2792	2606
FBGN0038385	3473	3586	3975	2774	2681	2405
FBGN0015351	399	588	578	881	640	707
FBGN0038324	646	936	876	889	936	858
FBGN0259146	74	75	14	54	31	51
FBGN0004606	2765	3221	3070	2425	2373	2191
FBGN0037553	28	42	29	48	129	92
FBGN0038467	2957	3402	3709	4056	3683	3406
FBGN0037939	25	20	3	0	7	18
FBGN0003279	128671	140333	160750	115379	104317	92191
FBGN0004597	942	1227	1004	1649	1208	1510
FBGN0011715	7013	7427	7498	6801	6822	6158
FBGN0039290	59	72	47	64	109	85
FBGN0039373	14	0	5	4	4	0
FBGN0003862	56172	62938	61955	45123	45111	40644
FBGN0051551	79	96	33	67	111	104
FBGN0037614	393	369	460	407	292	302
FBGN0026616	3886	4373	3768	2899	2748	2598
FBGN0051155	776	1081	910	1070	1045	959
FBGN0003134	2725	3115	2989	2947	2568	2292
FBGN0038805	6083	6699	7118	6611	6785	5219
FBGN0039055	4428	4868	5024	4973	4610	3930
FBGN0039755	43	27	20	32	19	35
FBGN0039620	111	132	132	467	550	412
FBGN0021776	675	629	792	510	428	346
FBGN0039616	86	69	43	28	69	59
FBGN0267383	5	5	0	0	17	6
FBGN0015230	59	23	23	29	42	28
FBGN0039511	51	0	12	15	5	9
FBGN0037566	2529	2575	2824	2713	2780	2763
FBGN0038811	1721	2055	2217	2177	2283	2183
FBGN0038321	360	419	393	263	291	266
FBGN0051274	135	189	61	651	619	552
FBGN0037220	7766	8243	9031	9425	9534	8277
FBGN0037705	20186	21902	21524	13087	12026	11164
FBGN0039798	67	65	35	74	119	75
FBGN0039531	614	691	550	736	690	613
FBGN0037279	1857	2434	2073	2411	2509	2181
FBGN0037621	3641	4246	3917	3418	3937	3303
FBGN0000024	62	35	39	99	49	73
FBGN0264712	1331	1570	1416	1044	1079	1142
FBGN0011785	24921	27111	27037	20031	19789	17280
FBGN0038956	5	5	5	11	13	25
FBGN0039838	17	16	31	14	25	33
FBGN0037921	441	409	334	486	496	391
FBGN0267339	56	13	24	23	35	20
FBGN0266566	159	143	47	144	128	121
FBGN0053189	189	191	119	108	188	143
FBGN0038894	12	48	23	36	19	44
FBGN0039491	85	49	18	30	27	39
FBGN0014006	9431	9828	9699	8106	8001	7074
FBGN0015770	87	34	24	14	57	26
FBGN0037708	722	817	703	1022	859	689
FBGN0000412	61022	69978	68432	49886	47644	42586
FBGN0002922	50	63	35	33	86	51
FBGN0038156	1529	1627	1602	922	959	931
FBGN0038330	466	628	552	450	333	390
FBGN0038941	29	44	69	305	346	262
FBGN0039054	98	150	104	57	67	54
FBGN0039650	324	328	278	315	369	251
FBGN0041224	21	16	17	8	22	24
FBGN0038660	3299	3629	4450	3558	3339	2590
FBGN0038718	44	25	19	523	417	345
FBGN0037687	680	727	813	1026	825	672
FBGN0043012	1922	2147	1996	2785	2584	2052
FBGN0266170	0	0	0	0	0	0
FBGN0037786	4	8	1	6	23	21
FBGN0278604	6066	7234	6744	6673	6422	5956
FBGN0038303	1930	2373	2387	2531	1999	2136
FBGN0266175	0	0	0	0	0	0
FBGN0265063	3	6	2	4	9	11
FBGN0040628	39	6	20	10	12	9
FBGN0023083	7889	8729	8459	8786	8546	7739
FBGN0051200	11	3	46	4	10	24
FBGN0038214	14	8	7	93	33	42
FBGN0267105	0	2	1	10	7	0
FBGN0265606	2	6	16	27	17	6
FBGN0041605	16	40	16	26	43	11
FBGN0027095	4466	5700	5205	5926	6090	5413
FBGN0039195	34	22	17	29	53	40
FBGN0086679	1455	1617	1559	1424	1460	1486
FBGN0037325	26	26	2	10	11	2
FBGN0262844	6	4	6	7	2	3
FBGN0015032	54	13	18	48	36	32
FBGN0037260	72	88	49	166	140	78
FBGN0042182	841	668	925	772	888	837
FBGN0266409	1742	2136	1942	1794	1763	1452
FBGN0039780	12	28	17	35	35	19
FBGN0051360	330	277	307	494	359	372
FBGN0041710	76	133	66	618	584	396
FBGN0051125	1989	1959	2330	2184	2129	1847
FBGN0038130	73	100	109	114	108	98
FBGN0038012	48	21	14	8	4	10
FBGN0039025	1596	1666	1790	1552	1179	1213
FBGN0039339	1164	1356	1337	1139	1157	1031
FBGN0038446	444	400	436	903	954	633
FBGN0262846	14	2	2	8	10	1
FBGN0038337	54	15	46	49	40	32
FBGN0266598	424	493	502	780	546	544
FBGN0005632	35094	37416	36667	31589	29817	27745
FBGN0037933	818	769	825	721	764	738
FBGN0037747	1334	1328	1705	1170	1086	976
FBGN0037826	23	34	10	28	12	16
FBGN0011701	31	52	23	55	27	39
FBGN0039869	3486	3913	3835	3391	3472	2674
FBGN0038505	31	9	14	96	12	74
FBGN0038829	8966	10799	11494	9871	9034	7732
FBGN0038938	112	156	186	145	166	129
FBGN0039084	79	193	110	88	73	56
FBGN0014029	8536	9668	9801	8192	8378	7397
FBGN0037665	617	813	651	635	640	515
FBGN0027503	7657	8210	8106	6369	6108	5273
FBGN0039879	148	149	56	126	87	179
FBGN0041780	37	69	12	31	22	39
FBGN0262006	7	6	20	25	8	1
FBGN0038032	33	27	27	78	54	32
FBGN0038771	9377	9207	11375	8342	7916	7095
FBGN0259113	6771	6999	6961	6245	6117	5171
FBGN0000557	1048	1710	1467	1716	1597	1636
FBGN0263777	48	18	22	31	36	27
FBGN0039376	15	16	18	0	8	5
FBGN0010038	27	22	11	6	27	13
FBGN0037227	23	8	10	16	3	21
FBGN0039636	2204	2267	2332	2067	2063	1819
FBGN0037490	550	513	746	876	735	655
FBGN0002773	1274	1095	1015	1358	1381	926
FBGN0039316	33	17	20	80	35	38
FBGN0037915	37	60	60	17	38	65
FBGN0039560	14989	15797	15270	12855	12591	11044
FBGN0037398	18	25	36	36	73	9
FBGN0039101	116	67	101	118	119	84
FBGN0038974	415	558	580	435	540	508
FBGN0038257	6	47	17	16	10	31
FBGN0267366	9	1	9	23	14	12
FBGN0039007	2	2	10	7	5	1
FBGN0038099	32	21	3	31	39	27
FBGN0024321	1777	1884	2152	1436	1315	1179
FBGN0042693	16107	17355	16951	17039	15521	13471
FBGN0027951	16430	18361	17985	13368	12992	12180
FBGN0017550	8080	8865	9123	6544	6868	6265
FBGN0286516	22778	25623	24530	18902	20449	17434
FBGN0266053	12025	14030	13217	11809	11450	10236
FBGN0261279	8899	9960	9430	8766	7931	6874
FBGN0040251	1472	1638	1571	7793	7241	6459
FBGN0038681	106	51	54	173	204	265
FBGN0260005	257	234	210	235	190	329
FBGN0000659	69	16	15	152	185	187
FBGN0037620	314	333	297	222	275	264
FBGN0038190	4	2	0	63	1	7
FBGN0038966	512	399	429	100	101	89
FBGN0037765	40	10	3	28	9	13
FBGN0037985	20	26	18	3	30	21
FBGN0024330	2061	2321	2201	2164	2083	1761
FBGN0039098	38	52	0	72	49	47
FBGN0037369	2310	2747	2287	2884	2666	2651
FBGN0011224	67667	72718	73638	53827	54831	48234
FBGN0002354	188	253	241	382	267	232
FBGN0041191	1842	2149	1773	2031	2204	1935
FBGN0261987	46	77	47	58	30	37
FBGN0037759	55	25	12	19	56	43
FBGN0038463	1911	2209	2187	2118	1922	1635
FBGN0014022	1330	1545	1450	2158	1880	1920
FBGN0042711	14	13	1	24	18	15
FBGN0040080	4473	4873	5720	4206	3842	3674
FBGN0039452	18	3	6	36	32	24
FBGN0046689	27	47	5	44	42	9
FBGN0039192	23	4	0	10	0	1
FBGN0038529	8	9	0	10	9	4
FBGN0038552	1530	1917	2507	1639	1498	1375
FBGN0039856	28	59	48	37	21	40
FBGN0005674	32519	36436	37134	30650	28015	26355
FBGN0037849	22	29	10	26	27	21
FBGN0264694	3418	4135	4199	6084	5537	4699
FBGN0039024	24	43	6	38	9	41
FBGN0004087	2045	2213	2284	2611	2171	1795
FBGN0067782	0	4	0	1	4	0
FBGN0026239	27776	29077	28626	22729	21833	19723
FBGN0037491	700	556	801	729	772	591
FBGN0037710	1024	1253	1406	1416	1349	1168
FBGN0000477	34	35	16	111	120	117
FBGN0037781	258	232	202	295	295	248
FBGN0262858	0	8	7	49	5	10
FBGN0038107	736	706	875	1893	1836	1541
FBGN0039059	4	9	27	27	13	0
FBGN0038697	215	174	190	210	128	96
FBGN0038539	5	17	0	5	10	1
FBGN0039374	10	8	46	0	0	4
FBGN0267698	6311	6526	6424	5766	5848	5380
FBGN0039066	2860	3214	3171	3485	3075	2916
FBGN0062412	20	5	0	28	29	9
FBGN0027090	10040	10406	11297	10415	10352	8869
FBGN0028717	4611	4541	5258	3677	3475	3342
FBGN0039470	30	37	80	55	16	39
FBGN0003261	83771	95635	93626	86695	80121	71221
FBGN0037843	5656	6599	7020	7104	6628	5365
FBGN0038730	137	37	90	44	48	51
FBGN0037618	46	20	41	20	76	24
FBGN0010282	8118	9308	9153	7885	8640	7680
FBGN0038738	6217	6723	6690	6790	7099	5858
FBGN0003499	3557	5303	4290	4045	3871	3550
FBGN0262839	12	9	2	0	2	11
FBGN0039817	46	78	21	53	77	58
FBGN0039612	48	35	36	94	104	94
FBGN0260779	808	853	831	803	677	624
FBGN0029157	8337	9468	9755	6828	6409	6213
FBGN0020278	7515	8426	8852	7560	6443	6491
FBGN0024288	385	489	583	350	423	309
FBGN0038946	13	12	17	8	13	14
FBGN0083943	23	0	24	0	7	6
FBGN0051053	5	18	7	48	22	17
FBGN0027655	12416	12940	14178	11269	9533	8862
FBGN0039435	12	2	0	0	14	12
FBGN0261015	7520	8426	9028	6425	6404	6109
FBGN0013995	80	40	32	56	53	39
FBGN0002906	4254	4954	4590	3776	4088	3540
FBGN0038039	1947	2421	1973	2197	1845	1554
FBGN0262962	125	219	192	490	265	283
FBGN0038394	35	3	8	16	21	19
FBGN0037992	74	85	124	94	49	76
FBGN0015221	8269	9631	10019	14313	13731	11839
FBGN0038261	61	39	22	39	58	18
FBGN0038720	243	214	356	239	234	149
FBGN0042205	526	590	573	509	518	499
FBGN0028436	875	962	1174	1162	995	837
FBGN0259821	337	158	158	110	136	85
FBGN0038872	14911	14484	14984	10425	10747	8986
FBGN0039443	3	10	1	14	4	19
FBGN0039131	2718	2596	3109	2600	2537	2153
FBGN0039831	7171	8019	8413	5899	6120	5037
FBGN0038950	1421	1814	1740	1767	1980	1722
FBGN0039565	677	742	1049	1075	821	839
FBGN0037579	0	8	1	34	26	25
FBGN0001139	22969	24423	26600	17303	16715	15128
FBGN0039434	11	53	44	68	60	113
FBGN0046876	26	24	5	34	99	129
FBGN0037797	19	2	0	4	7	24
FBGN0003268	9871	11475	11278	7235	7007	6167
FBGN0037987	24	26	0	9	13	8
FBGN0039641	257	250	231	525	563	375
FBGN0037462	7	0	2	8	9	1
FBGN0014366	5561	5671	5769	6734	6375	5778
FBGN0051358	101	36	30	52	51	48
FBGN0051075	7000	8480	8713	8022	7943	6918
FBGN0038852	59	36	19	16	44	25
FBGN0085384	683	700	899	558	462	532
FBGN0026317	5135	5893	6077	5433	5322	4637
FBGN0039590	11585	12896	13488	8756	8177	7905
FBGN0038717	16	29	39	151	97	147
FBGN0038461	3200	4034	3979	3530	3444	3240
FBGN0264832	4	1	1	1	2	4
FBGN0027053	3102	4005	4145	4591	4155	3612
FBGN0004889	16607	18275	18871	14141	14095	12937
FBGN0047199	0	0	0	4	15	4
FBGN0261679	1029	952	951	712	890	745
FBGN0038745	4287	4935	4895	4051	4072	3826
FBGN0038608	2327	2773	2834	2679	2392	2275
FBGN0266261	46	85	8	13	54	34
FBGN0039288	13	10	6	26	7	2
FBGN0037656	1077	1197	1172	1089	1148	919
FBGN0037305	1263	1612	1893	1871	1803	1713
FBGN0250755	1238	1433	1267	1294	1021	968
FBGN0037535	493	610	579	667	596	548
FBGN0038118	5592	5971	6520	3870	3895	3592
FBGN0040466	1307	1233	1367	1476	1760	1561
FBGN0038217	2	7	11	72	3	2
FBGN0038391	63	69	81	112	80	85
FBGN0262003	5	0	6	0	9	0
FBGN0010433	119	61	154	105	92	88
FBGN0037712	135	150	141	113	96	83
FBGN0039678	96	118	129	19	61	40
FBGN0266720	1521	1515	1724	1274	1357	1202
FBGN0011481	12220	13522	14766	9951	8667	8412
FBGN0287844	223	106	137	168	197	213
FBGN0038532	4150	4308	4170	4792	3872	3657
FBGN0039303	4550	5531	5665	5463	5569	5072
FBGN0046875	371	490	588	354	292	281
FBGN0025865	11358	13003	14060	12860	12213	11120
FBGN0028691	8549	9795	9879	9775	9585	8866
FBGN0259736	336	251	183	437	525	489
FBGN0085462	5	14	0	13	6	14
FBGN0039767	5370	4981	6199	3429	3337	3084
FBGN0038576	2984	3390	3685	3338	3014	2623
FBGN0037648	1361	1770	1929	1330	1530	1335
FBGN0261552	5715	5218	5202	3470	3608	2931
FBGN0013759	7721	8411	8168	5136	5126	4904
FBGN0037730	90	71	62	356	308	225
FBGN0037232	1129	1554	1154	1382	1420	1309
FBGN0037310	31	12	28	28	9	6
FBGN0259227	5404	6085	5800	3953	4231	3802
FBGN0038487	10	38	16	3	30	6
FBGN0037709	773	815	855	740	670	701
FBGN0039705	2654	3402	3195	2313	2426	2387
FBGN0038342	14	15	0	13	14	3
FBGN0039509	963	1051	976	1054	1144	789
FBGN0260468	807	1173	1066	1259	1102	1083
FBGN0037503	1060	1040	1234	1132	976	1067
FBGN0260230	10	7	0	0	3	7
FBGN0264491	8646	10429	9464	7970	8462	7468
FBGN0265197	1	2	0	3	7	0
FBGN0037976	31	3	13	5	9	7
FBGN0037930	837	932	902	880	1079	766
FBGN0083946	15	17	33	28	45	17
FBGN0003339	63	62	76	145	64	111
FBGN0037231	1768	2044	1791	1759	2062	1617
FBGN0039787	68	31	34	60	27	34
FBGN0010438	2379	2549	2711	3267	3173	2578
FBGN0037241	1948	2080	1844	2115	1892	1580
FBGN0038426	793	821	733	990	1050	786
FBGN0004882	73	92	78	90	98	53
FBGN0020626	5154	5603	5757	4866	4435	3991
FBGN0037439	5350	5972	6674	6608	6078	5417
FBGN0038165	35	20	32	81	45	47
FBGN0037299	2276	2770	2746	2375	2179	1832
FBGN0051080	35	0	15	21	26	25
FBGN0037657	5678	6645	6752	5600	5818	4955
FBGN0038415	28	2	31	27	47	20
FBGN0039595	12	52	5	20	23	15
FBGN0037370	3173	3939	3398	5584	4663	4305
FBGN0039702	490	526	589	619	527	440
FBGN0039039	37	49	13	37	42	27
FBGN0039408	18	57	36	63	28	29
FBGN0038842	6333	6768	6714	7047	7756	6210
FBGN0038799	61	34	17	38	27	25
FBGN0038198	30	20	77	202	183	116
FBGN0038596	9	13	20	10	7	10
FBGN0054041	32	15	15	14	26	24
FBGN0039308	18	4	34	53	40	48
FBGN0014023	1501	1901	1648	1911	1638	1613
FBGN0038902	16	26	33	17	19	20
FBGN0002719	2178	2257	2599	3202	2959	2455
FBGN0046225	2312	2484	2656	2341	2199	1784
FBGN0010258	138	157	212	125	97	116
FBGN0027584	50	32	58	26	37	23
FBGN0024509	7377	8139	8321	7313	6155	5663
FBGN0044826	6336	6143	6554	5154	4688	4161
FBGN0037659	11176	11571	11914	7859	7681	7256
FBGN0263404	10	0	1	8	0	3
FBGN0038582	244	320	403	453	463	513
FBGN0039860	701	1027	981	735	693	607
FBGN0037882	565	724	595	982	1117	1011
FBGN0261843	702	1080	1005	876	891	764
FBGN0037766	6	13	15	7	7	4
FBGN0038325	1377	1507	1779	1051	1111	1016
FBGN0037283	4	9	4	7	2	0
FBGN0000454	6152	6578	6964	8327	7049	6494
FBGN0038435	32	8	6	25	22	41
FBGN0039186	11598	12525	12460	9823	9412	8619
FBGN0038361	22	8	22	45	8	11
FBGN0038469	40	20	48	26	22	33
FBGN0051224	20910	22752	22514	18317	16638	15214
FBGN0037570	2	4	9	4	11	13
FBGN0027575	483	403	496	561	496	494
FBGN0037391	2592	2516	3005	4313	4099	3636
FBGN0037466	3872	4967	4739	4359	5160	4446
FBGN0003512	3532	3747	3950	4569	4213	4052
FBGN0051036	102	58	67	32	73	61
FBGN0038986	19	17	12	14	12	31
FBGN0261859	1447	1583	1616	787	894	806
FBGN0037880	409	520	510	489	401	504
FBGN0038072	26	23	52	42	26	20
FBGN0027493	4786	5326	5784	7214	7203	6236
FBGN0010768	3204	2895	3290	2209	1978	1929
FBGN0039852	3435	3475	3521	3721	3659	3378
FBGN0266171	0	0	0	0	0	0
FBGN0037794	1327	1688	1577	1846	1635	1542
FBGN0027083	786	822	912	779	629	611
FBGN0039518	42	25	6	41	80	41
FBGN0051226	17	0	1	18	25	10
FBGN0038090	49	5	24	28	19	6
FBGN0038897	50	33	21	191	99	74
FBGN0038080	2351	2286	2796	2464	2447	2280
FBGN0037796	4321	4081	4559	3466	3432	3331
FBGN0038749	0	11	3	22	9	6
FBGN0047351	7	6	0	1	13	1
FBGN0013277	4553	6059	4334	8340	10452	13908
FBGN0051093	18	10	3	12	2	13
FBGN0037845	145	60	43	73	48	45
FBGN0038832	20	21	22	84	78	50
FBGN0040601	97	62	55	71	65	29
FBGN0051438	11	5	4	8	8	0
FBGN0038708	25	4	17	9	38	26
FBGN0037783	9	5	21	26	20	2
FBGN0285913	4959	5588	5483	4172	4240	3665
FBGN0085321	1	1	5	23	5	4
FBGN0039056	4880	5311	5360	3667	3436	3190
FBGN0037513	9	19	15	145	146	108
FBGN0040524	5	3	1	9	24	7
FBGN0051320	1499	1629	1376	2025	1675	1875
FBGN0038306	4195	5360	5714	6153	5912	5234
FBGN0037473	776	893	889	797	927	763
FBGN0038928	457	527	467	538	344	399
FBGN0039438	5	0	24	38	3	24
FBGN0250732	9297	8857	9761	8662	8108	7528
FBGN0000140	17410	18004	17994	12913	12703	11680
FBGN0039254	461	535	440	1001	930	827
FBGN0039237	33	1	0	4	20	4
FBGN0038621	400	550	381	246	220	318
FBGN0004644	4538	5196	6018	4258	3835	3342
FBGN0002645	46788	54664	50613	31412	31567	28541
FBGN0010043	18	0	19	4	4	5
FBGN0250839	457	584	562	1805	1482	1478
FBGN0263143	1120	986	1231	1367	1360	1142
FBGN0038735	1108	1039	928	4671	4510	4142
FBGN0051102	11	52	23	38	86	74
FBGN0038097	22	5	2	12	14	3
FBGN0037525	1030	1544	1261	1004	674	719
FBGN0017590	48	51	24	52	47	23
FBGN0039198	20	18	44	11	18	12
FBGN0038607	92	23	54	56	40	43
FBGN0053111	4852	5987	5956	5504	5766	4845
FBGN0259992	9	7	22	20	32	14
FBGN0266282	3377	3629	3792	3676	3796	3099
FBGN0019990	5582	5970	6127	6844	5906	5458
FBGN0037936	67	0	4	57	41	77
FBGN0083975	117	74	79	71	42	62
FBGN0038199	46	15	22	23	6	13
FBGN0038307	1467	1596	1461	2251	2149	2234
FBGN0039492	6272	6360	6152	4975	4966	4333
FBGN0037897	3975	4335	4021	4047	3303	3488
FBGN0037811	17754	20551	19870	18269	16928	15067
FBGN0037980	1246	1468	1476	1480	1287	1146
FBGN0038151	1141	1214	1248	1238	1343	1330
FBGN0039829	887	909	894	1390	1351	1202
FBGN0039052	13	25	31	58	3	40
FBGN0039013	2650	2876	2750	2046	2075	1657
FBGN0026737	1251	1450	1777	3110	2793	2462
FBGN0262363	8	7	0	7	6	3
FBGN0085404	56	43	4	35	24	20
FBGN0038135	68	34	28	37	37	39
FBGN0263023	5	12	8	0	8	10
FBGN0266410	13769	15027	14303	17043	16325	14094
FBGN0051087	34	21	5	6	12	9
FBGN0038373	44	30	14	30	26	7
FBGN0085465	20	26	21	0	8	22
FBGN0003060	41	17	76	4	6	15
FBGN0037354	1445	1480	1650	3410	2760	2483
FBGN0027514	1741	2168	1814	2230	1939	1820
FBGN0039849	4336	4745	4970	4584	4435	3754
FBGN0038172	42	32	55	138	250	114
FBGN0037217	36	58	21	80	131	52
FBGN0019952	629	782	822	1286	1005	989
FBGN0259740	3590	4188	3835	3542	3740	3092
FBGN0038439	170	71	108	82	65	74
FBGN0038645	14	23	11	42	15	21
FBGN0037824	3	6	13	0	3	0
FBGN0051199	22	8	7	2	4	6
FBGN0053658	4	0	6	0	10	4
FBGN0085316	15	24	4	1	6	6
FBGN0039204	2562	2727	2623	2749	2422	2157
FBGN0038631	41	1	33	47	17	32
FBGN0037584	35	6	9	4	6	10
FBGN0263346	13614	15754	13947	14426	14604	12811
FBGN0040256	36	27	35	70	82	67
FBGN0038638	5161	5474	6317	4516	4079	3860
FBGN0016917	14480	14729	15850	12613	12107	9970
FBGN0038519	3824	3949	4077	4545	4457	3837
FBGN0000247	6569	7094	6750	4809	4791	4219
FBGN0038665	12	44	10	9	15	26
FBGN0038207	5	10	11	21	10	9
FBGN0037885	295	358	481	417	387	349
FBGN0051007	1	2	19	1	7	22
FBGN0020912	25	22	31	77	145	133
FBGN0037846	550	499	768	545	493	646
FBGN0266174	0	0	0	0	0	0
FBGN0051419	14	0	2	6	26	6
FBGN0039882	922	1167	1015	1031	1079	1183
FBGN0085306	26	30	14	0	12	21
FBGN0261839	872	856	844	785	844	631
FBGN0037360	6766	7961	8402	8203	7080	6680
FBGN0051473	234	253	118	179	172	134
FBGN0263396	41197	48717	46932	39226	37120	36203
FBGN0003598	13661	16104	15986	11150	10578	9763
FBGN0037543	917	1143	886	1259	1308	1385
FBGN0038008	20	23	10	34	28	24
FBGN0287209	24713	26900	28137	21962	21966	19757
FBGN0038398	29	30	1	26	35	37
FBGN0037544	230	271	324	352	369	329
FBGN0265082	19733	23879	21347	17079	17494	15786
FBGN0051010	11	8	14	8	15	19
FBGN0266268	2892	2888	2773	3383	2978	2610
FBGN0046685	3415	3989	4061	2942	2689	2593
FBGN0039774	1557	1651	1672	1225	1081	957
FBGN0038772	1158	1621	1658	1971	2374	1749
FBGN0085310	1	20	9	25	10	7
FBGN0002431	43125	48420	46457	38733	36597	34136
FBGN0053784	0	3	6	1	25	4
FBGN0038076	40	6	8	48	47	9
FBGN0028688	9754	11363	11867	11575	11175	10388
FBGN0026257	1176	1079	1222	1407	1358	1199
FBGN0263755	2391	2828	3282	2242	2172	2077
FBGN0039323	46	35	20	174	117	151
FBGN0037301	4692	5044	5581	5557	5433	4243
FBGN0039145	658	811	756	939	845	762
FBGN0051164	49	19	8	27	4	8
FBGN0038277	37	18	57	23	18	22
FBGN0037958	1966	2479	2475	3185	2749	2652
FBGN0039828	3924	4874	4462	5310	5493	4773
FBGN0037282	4962	5016	4945	4381	4086	3778
FBGN0250821	18	24	1	13	3	11
FBGN0039580	6301	7319	7998	5991	5852	5530
FBGN0038980	15	27	32	41	30	20
FBGN0262125	14751	16645	17440	16999	14421	13552
FBGN0265199	8	6	0	0	11	5
FBGN0037578	1477	1746	1631	1956	1858	1578
FBGN0038281	12	6	1	5	4	14
FBGN0037330	1764	2345	2452	2431	1988	1954
FBGN0003483	917	1031	913	2678	2675	2076
FBGN0038145	23286	26994	27147	26834	26265	22469
FBGN0037627	46	32	4	41	14	16
FBGN0053095	7359	8598	7517	8090	8030	7297
FBGN0053325	31	10	25	10	14	1
FBGN0039196	27	15	12	45	40	7
FBGN0085336	12	4	4	6	13	4
FBGN0051267	33	8	17	11	22	3
FBGN0038590	641	766	930	1002	939	744
FBGN0039311	17	22	22	298	202	229
FBGN0051251	698	748	586	860	727	723
FBGN0039453	6	4	2	0	0	17
FBGN0250908	39	22	14	15	57	29
FBGN0085320	14	4	2	65	44	39
FBGN0039489	291	305	344	331	319	303
FBGN0040606	5	2	1	15	0	2
FBGN0039159	663	715	877	844	877	757
FBGN0039519	25	0	4	4	12	22
FBGN0002783	32702	35804	37564	31850	30158	27378
FBGN0261792	2040	2411	2264	1943	1904	1471
FBGN0038195	2792	3184	2915	3057	2537	2492
FBGN0053346	38	9	24	70	2	22
FBGN0026597	7548	7539	8786	5654	4400	4889
FBGN0038570	5507	5303	6583	5188	5670	4981
FBGN0038658	12	5	0	16	14	9
FBGN0260793	88	91	41	74	77	31
FBGN0004666	47	35	32	60	65	35
FBGN0264751	390	374	506	423	358	378
FBGN0039302	100245	110537	106397	108494	102635	94001
FBGN0037327	10269	10844	11237	12407	12769	11761
FBGN0038262	51	18	30	23	68	40
FBGN0037943	2583	3105	2608	3706	3876	3501
FBGN0002592	4237	4084	4857	2267	2152	1894
FBGN0063261	21	1	5	0	6	0
FBGN0039758	165	105	148	72	65	12
FBGN0051424	42	35	18	5	30	23
FBGN0261508	0	0	7	0	0	0
FBGN0266717	47211	51549	51624	44069	43821	38327
FBGN0010401	100	81	82	216	204	167
FBGN0039252	4057	4326	4484	4248	4405	3544
FBGN0028646	2714	2905	2817	2750	2662	2370
FBGN0039734	48	37	56	14	32	89
FBGN0038363	325	498	458	795	860	765
FBGN0039504	160	91	110	70	109	115
FBGN0002921	38317	42145	42597	34714	33218	31532
FBGN0038221	346	441	441	424	476	353
FBGN0038944	17	1	0	20	5	11
FBGN0020235	11693	12522	13451	10946	10837	9025
FBGN0261986	5521	6364	5890	5732	5772	5238
FBGN0037940	19	1	4	0	9	2
FBGN0028992	3209	3764	3583	4172	3563	3675
FBGN0039623	3355	3310	3299	2857	2967	2835
FBGN0000083	14132	15331	16430	13450	13136	11840
FBGN0039827	219	170	351	235	198	164
FBGN0039844	11462	11789	13335	10638	10193	9277
FBGN0013279	9406	12939	9531	18252	23442	30100
FBGN0039682	27	109	26	573	423	439
FBGN0037831	4881	5739	5741	4665	4823	4299
FBGN0038209	16	16	4	5	12	13
FBGN0037683	34	46	50	106	11	64
FBGN0051089	33	10	25	3	20	50
FBGN0038773	102	8	22	40	12	21
FBGN0040255	40	22	12	14	15	15
FBGN0038612	36	2	21	28	11	6
FBGN0051041	22	22	1	15	0	7
FBGN0042094	1049	1289	1098	925	854	711
FBGN0037638	3108	3263	3022	3648	3445	3086
FBGN0039632	4219	4117	5082	4584	4353	3767
FBGN0038448	62	54	31	78	75	54
FBGN0261436	2259	2500	2752	2864	2721	2463
FBGN0038234	721	568	719	753	948	610
FBGN0005777	3753	4274	4362	4542	5006	4019
FBGN0038301	1330	1734	1755	1581	1420	1266
FBGN0259704	2096	2409	2368	2920	2745	2309
FBGN0039155	6915	7254	7679	4854	4758	4349
FBGN0037603	437	443	507	303	341	343
FBGN0085315	0	0	7	0	3	2
FBGN0037611	154	221	182	214	211	140
FBGN0005642	6510	6546	7056	6003	5746	5089
FBGN0037446	4339	5092	4926	5005	4296	3774
FBGN0039306	2984	3364	3111	4145	3940	3461
FBGN0051445	53	32	46	50	50	42
FBGN0038083	28	18	31	390	356	282
FBGN0266259	0	1	0	0	3	3
FBGN0042101	47	25	18	6	12	17
FBGN0015008	50	23	14	4	12	17
FBGN0062442	3009	3793	3604	3468	3225	2949
FBGN0041588	2315	2597	2591	3120	3223	3075
FBGN0037910	7	11	0	0	3	0
FBGN0039235	22	30	3	14	22	17
FBGN0010774	13012	14514	15916	14230	13718	13126
FBGN0037594	40	23	6	17	14	10
FBGN0011336	19188	22792	20898	20681	19351	17995
FBGN0052944	49	42	49	62	38	58
FBGN0040553	9	6	7	8	9	20
FBGN0262364	12	2	29	36	7	4
FBGN0039325	26	2	8	24	15	7
FBGN0039111	752	647	618	732	733	482
FBGN0037252	14935	15903	15549	12473	12771	11269
FBGN0038387	362	420	631	636	586	429
FBGN0039310	19	34	10	16	5	8
FBGN0038180	5410	7441	7283	6446	6110	5283
FBGN0039300	35687	41141	41670	44820	41308	35240
FBGN0039344	70	17	14	14	26	11
FBGN0038191	74	102	145	40	63	54
FBGN0038074	36	21	42	101	43	47
FBGN0266599	300243	316778	356735	295627	294258	260405
FBGN0039850	22	22	19	13	18	19
FBGN0023097	16561	17707	18435	11317	10511	9986
FBGN0040078	5681	7243	6685	8374	7477	7156
FBGN0038523	10	95	3	50	82	54
FBGN0037762	30	4	5	0	4	5
FBGN0038455	140	206	239	699	885	745
FBGN0039429	14	10	14	0	29	23
FBGN0029176	164654	172969	202942	125605	122191	110511
FBGN0261618	86413	90386	87050	68068	64406	59905
FBGN0038344	8013	9086	9364	19592	16990	16263
FBGN0260645	1	0	0	0	16	22
FBGN0038416	38	20	14	38	42	23
FBGN0261019	314	415	404	375	353	291
FBGN0002869	13	0	0	5	6	0
FBGN0038652	1101	1176	1120	1565	1647	1301
FBGN0011766	22464	24457	25181	19695	18974	16811
FBGN0039886	141	117	76	83	93	114
FBGN0037412	34	10	21	31	12	4
FBGN0262983	0	7	0	6	5	4
FBGN0039867	2138	2082	2295	2549	2193	1937
FBGN0039738	2039	2119	2342	1391	1394	1204
FBGN0039552	19	7	9	46	20	6
FBGN0051345	21	3	9	2	1	11
FBGN0051217	5901	6327	7433	4899	4766	4307
FBGN0038366	132	124	105	490	398	319
FBGN0037435	673	672	599	813	671	561
FBGN0020496	29273	31882	34222	29700	27417	25175
FBGN0019957	3953	4768	4931	5425	4724	4488
FBGN0265140	7984	9072	8031	7235	6321	6498
FBGN0037653	2735	3557	3313	3157	3353	2793
FBGN0039405	791	909	658	1154	1030	1021
FBGN0037667	1208	1333	1218	1334	1359	1494
FBGN0064126	4323	4545	4969	4372	4384	3856
FBGN0266674	3007	3660	3218	3259	2778	2368
FBGN0011217	18973	23562	19384	30753	29149	25107
FBGN0020299	4725	5668	6547	4173	3863	3625
FBGN0037802	442	369	497	574	330	434
FBGN0039305	3188	3747	3425	4572	4478	3660
FBGN0037294	42	84	22	52	47	35
FBGN0067629	1798	2172	2296	1585	1679	1400
FBGN0013343	5873	6253	5464	3546	4118	3621
FBGN0051108	1851	2358	1978	2309	2226	1848
FBGN0037581	1172	1112	1455	1163	1258	1053
FBGN0038268	312	538	496	540	623	423
FBGN0039883	1247	1349	1243	522	577	623
FBGN0038739	1008	1062	1237	939	965	824
FBGN0038790	3	2	10	10	1	3
FBGN0038508	49	20	9	182	201	153
FBGN0039413	21	5	4	33	25	4
FBGN0051460	1294	1052	1077	1388	1678	1235
FBGN0038747	3573	3676	3993	3033	3046	2776
FBGN0011740	8441	9411	10307	7598	7023	6609
FBGN0262477	43	13	25	34	36	19
FBGN0037339	2438	2669	3006	2390	2416	2145
FBGN0039461	267	255	265	198	176	212
FBGN0039028	23	30	12	37	8	19
FBGN0038494	140	182	211	141	138	126
FBGN0017448	80	29	31	34	84	67
FBGN0039651	63	21	30	11	6	20
FBGN0037816	550	455	572	711	634	568
FBGN0085312	10	7	0	5	3	17
FBGN0038507	33	32	8	12	16	12
FBGN0040531	0	5	0	10	2	2
FBGN0037672	60	94	67	118	73	66
FBGN0038551	2694	3086	3317	2683	2550	2300
FBGN0264005	95	22	69	60	67	30
FBGN0026565	11	13	29	2	12	12
FBGN0037989	828	989	949	613	532	543
FBGN0003015	18	41	21	20	11	18
FBGN0266442	8	22	10	23	18	10
FBGN0037996	26	20	35	38	26	30
FBGN0039358	3300	3597	4212	3242	2989	2914
FBGN0003721	24980	29577	27795	22805	24021	20748
FBGN0045980	80	23	5	83	76	49
FBGN0038846	18	7	7	6	0	15
FBGN0038854	3875	3976	3997	3714	3888	3771
FBGN0259139	26484	29822	26495	33043	31327	29415
FBGN0040528	822	748	871	646	693	593
FBGN0039779	38	16	1	12	13	32
FBGN0039472	6	19	56	26	11	3
FBGN0085412	30804	33174	30927	25407	23076	21629
FBGN0051230	38	59	50	61	63	57
FBGN0053202	26	26	25	25	30	24
FBGN0038642	128	75	81	123	125	99
FBGN0039463	35	7	6	5	36	6
FBGN0038685	36	23	23	16	10	15
FBGN0039821	82	35	43	44	74	67
FBGN0038247	113	73	101	139	185	110
FBGN0004103	21404	23369	24561	21058	21209	19026
FBGN0038149	16636	19817	21262	22640	20462	18203
FBGN0027563	1	34	0	8	23	47
FBGN0039357	324	412	441	424	560	471
FBGN0037956	8407	8790	9556	6493	6147	6039
FBGN0261061	13	0	1	8	0	0
FBGN0028475	4174	4614	4784	3585	3630	3491
FBGN0038646	13	99	254	19	16	11
FBGN0051099	7	8	7	46	5	7
FBGN0043884	119648	130151	126207	84067	77738	73669
FBGN0010340	465	568	592	972	663	788
FBGN0264075	7533	8508	8547	6136	6654	5527
FBGN0259938	5219	5736	5536	4654	4140	3680
FBGN0264426	133	104	92	152	113	70
FBGN0259193	14	21	18	33	32	43
FBGN0038816	3590	4014	4068	4218	3808	3515
FBGN0019925	4457	5849	5804	5399	5216	4881
FBGN0037714	12	17	12	5	12	12
FBGN0038837	50	50	37	53	31	51
FBGN0085337	77	146	174	110	138	94
FBGN0085454	1	9	11	44	6	21
FBGN0265266	14	17	30	106	72	63
FBGN0038929	37	53	51	43	25	17
FBGN0038233	665	764	684	656	776	762
FBGN0037550	1091	1347	1321	1909	1762	1688
FBGN0261841	884	999	829	497	626	539
FBGN0051025	51	39	14	47	46	25
FBGN0051225	5	9	17	15	12	17
FBGN0039566	9890	11966	11127	10480	10568	9716
FBGN0022943	1197	1755	1580	1628	1746	1563
FBGN0262081	8731	9487	9794	8434	7379	6875
FBGN0037610	283	318	316	427	380	319
FBGN0265274	30123	35978	35282	40609	34393	32047
FBGN0067783	584	693	558	580	500	498
FBGN0051233	53	31	9	68	58	16
FBGN0013275	12364	18023	10767	16263	18871	19884
FBGN0037213	28499	30010	31789	23203	24016	21456
FBGN0037616	74	69	48	24	39	57
FBGN0038533	2962	3313	3108	3893	3476	3006
FBGN0037418	22	20	18	33	3	9
FBGN0264991	3	0	1	4	1	2
FBGN0015737	30261	33808	30575	35817	35502	30710
FBGN0038148	39	4	7	26	22	12
FBGN0037901	1678	1641	1718	2031	1767	1607
FBGN0267690	241	106	203	181	167	146
FBGN0037837	58	20	29	12	35	41
FBGN0039341	3646	4485	4213	5061	4538	4212
FBGN0037986	35	9	36	15	57	16
FBGN0267104	5	15	6	21	29	10
FBGN0037250	1164	1589	1553	1741	1774	1328
FBGN0039197	5	22	5	27	28	16
FBGN0038566	23	9	5	9	1	15
FBGN0051481	44	37	71	82	47	78
FBGN0037817	36	51	16	152	57	94
FBGN0266464	4206	4865	4717	5176	4556	4468
FBGN0038424	1590	2019	2235	2265	1939	1890
FBGN0051229	1046	1147	1211	1518	1540	1294
FBGN0038691	6	10	19	6	16	4
FBGN0039069	116	100	119	68	42	58
FBGN0037829	38	38	21	39	64	52
FBGN0016120	10036	11101	11596	12147	11578	9323
FBGN0005596	6744	6948	7739	4842	4495	4283
FBGN0038179	747	984	883	694	514	460
FBGN0262540	7	2	9	6	2	5
FBGN0040071	21557	22379	23321	16416	15588	14255
FBGN0038423	23	8	13	9	23	21
FBGN0045862	10291	11728	12780	8544	8545	7562
FBGN0051259	18	34	53	8	29	48
FBGN0038251	3000	3460	3432	2662	2598	2027
FBGN0038797	12	45	6	6	0	16
FBGN0053483	5	8	0	0	0	0
FBGN0039140	3502	3646	3992	3369	3453	3194
FBGN0038428	1928	2618	2429	2520	2925	2321
FBGN0037770	9108	10441	10763	8405	7926	7113
FBGN0259194	45	24	13	2	46	23
FBGN0085417	457	422	529	342	353	382
FBGN0083991	1	0	0	0	0	0
FBGN0003093	4164	4155	4488	2777	2528	2493
FBGN0045866	3318	4834	4868	4846	4378	4181
FBGN0028468	1490	1518	1813	1381	1321	1479
FBGN0037908	38	40	31	21	30	17
FBGN0039754	927	1091	1444	466	623	474
FBGN0038919	1417	1455	1464	1043	1376	919
FBGN0038105	36	21	12	37	31	19
FBGN0003479	871	927	1013	1004	1015	898
FBGN0051371	29	36	16	35	10	34
FBGN0038244	9706	9969	11102	8537	7974	7377
FBGN0037249	45908	51267	55511	38527	36679	34652
FBGN0039041	3	0	0	0	13	3
FBGN0038084	20	9	14	34	15	9
FBGN0024957	5950	6813	7091	5753	5256	4987
FBGN0286741	5	6	4	7	2	8
FBGN0026620	20789	23149	23231	18362	18279	16187
FBGN0051213	180	77	62	584	353	429
FBGN0085431	25	22	10	48	7	43
FBGN0263995	1023	1091	1069	876	629	725
FBGN0011290	2224	2604	2278	2981	2302	2251
FBGN0037521	11	14	16	20	21	35
FBGN0037347	1176	1843	1570	1534	1571	1288
FBGN0022359	23	24	39	79	46	45
FBGN0265189	1993	2432	2653	2878	2262	2120
FBGN0053108	298	476	459	582	483	326
FBGN0038013	1834	2193	1666	2276	2246	2060
FBGN0051091	11	2	22	10	7	13
FBGN0264495	22738	24549	24467	17145	16902	15633
FBGN0038558	3	7	12	21	0	2
FBGN0014342	844	981	1100	1097	1177	1014
FBGN0086686	21113	21966	22952	19103	18352	17038
FBGN0003357	334	31	58	67	133	35
FBGN0039508	4511	5771	6042	5586	5075	4747
FBGN0016119	2435	2548	2809	3275	3223	2790
FBGN0263403	0	0	1	4	2	0
FBGN0264903	0	0	8	5	2	4
FBGN0039645	49	70	34	74	47	33
FBGN0039209	3487	3484	3517	2454	2203	1841
FBGN0016691	8794	9360	10844	8850	10098	8718
FBGN0038550	3	5	15	11	10	21
FBGN0053293	108	47	71	12	56	55
FBGN0038767	1193	1466	1100	1320	1240	1087
FBGN0039739	16	7	4	1	0	4
FBGN0039349	1815	2303	2281	2065	1707	1631
FBGN0038414	42	18	14	41	19	27
FBGN0004629	42	168	286	236	223	169
FBGN0011582	46	30	30	33	25	38
FBGN0037562	2	0	0	12	10	9
FBGN0042110	13	1	10	1	4	15
FBGN0039681	16	16	27	17	25	60
FBGN0038705	30	40	24	19	38	17
FBGN0051211	14058	14772	14137	11223	11133	9835
FBGN0038690	44	12	28	1	29	9
FBGN0040529	10075	10425	10599	9279	11121	9280
FBGN0039027	27	3	9	24	31	8
FBGN0285937	5228	6763	6183	8282	7956	7079
FBGN0039656	41	71	20	70	56	49
FBGN0014380	652	791	513	366	451	453
FBGN0037664	1089	1146	1122	1062	995	1035
FBGN0004436	3610	4320	3307	6589	5964	5240
FBGN0001149	24463	27946	28188	40590	38492	34291
FBGN0037635	36	40	17	128	147	108
FBGN0004554	79	24	26	126	91	93
FBGN0038851	16	14	16	26	34	10
FBGN0039172	4768	5462	5815	5143	4747	4118
FBGN0000416	23473	26020	26012	24661	22667	20207
FBGN0003330	2789	3149	3551	2548	2395	2324
FBGN0004782	54	11	19	11	44	26
FBGN0037502	31	9	18	25	37	11
FBGN0038134	39	15	12	12	14	9
FBGN0283536	4118	4384	5243	4611	4786	3973
FBGN0038285	46	88	37	32	51	16
FBGN0038871	269	447	380	388	329	314
FBGN0037780	1905	2291	2270	2055	2055	1683
FBGN0038516	72	147	86	259	298	148
FBGN0038509	24	9	6	6017	4884	5332
FBGN0037534	47	80	49	161	144	172
FBGN0039451	3698	3938	4158	3282	3283	2965
FBGN0039770	20	4	15	20	14	28
FBGN0263740	9023	10552	10546	11623	12056	11017
FBGN0001138	11851	12333	13445	8028	7851	6947
FBGN0261929	90	58	38	25	59	33
FBGN0039684	0	16	9	2	0	17
FBGN0039280	811	987	762	1273	1120	918
FBGN0051410	0	29	0	5	18	12
FBGN0003257	4076	4954	5559	5200	4616	4119
FBGN0001169	16652	18645	18645	12693	12284	11227
FBGN0038993	19	52	27	19	18	25
FBGN0038054	66	78	92	71	79	82
FBGN0053192	11	3	0	19	4	5
FBGN0037721	3975	4654	4829	2663	2699	2383
FBGN0086361	12304	12601	13303	10144	10360	9211
FBGN0037779	1318	1344	1471	1374	1220	1125
FBGN0260743	819	1052	1199	1024	1006	711
FBGN0002941	116	44	54	61	36	89
FBGN0037742	205	228	184	283	215	232
FBGN0037997	8	7	1	5	11	12
FBGN0025821	4	10	0	8	4	2
FBGN0051038	4939	5308	5682	2700	2751	2188
FBGN0039689	509	429	467	628	604	422
FBGN0039554	3229	3734	3990	3537	3591	3030
FBGN0039250	10810	11290	11359	9589	9183	8122
FBGN0037592	1409	1381	1453	1232	1091	1184
FBGN0028997	1117	995	1083	1482	1246	1079
FBGN0011666	11584	12854	13071	8666	8207	6904
FBGN0037500	6	15	0	3	9	4
FBGN0284081	3	3	10	4	8	9
FBGN0262975	12819	13523	13544	10685	10060	9657
FBGN0262167	9924	10340	10699	8367	8541	7119
FBGN0000064	12241	13836	16654	12904	11606	10281
FBGN0038163	36	34	10	28	84	31
FBGN0039149	850	937	795	1149	1279	801
FBGN0027109	2	0	5	0	0	1
FBGN0038425	578	679	610	693	799	687
FBGN0038482	17	14	6	0	7	9
FBGN0250832	9	0	5	5	14	0
FBGN0037643	6029	6532	7221	7325	7273	6358
FBGN0267236	2	0	2	4	8	0
FBGN0038140	34	44	43	29	44	34
FBGN0061476	2135	2593	2346	2368	1873	1658
FBGN0038122	9	23	4	8	29	17
FBGN0029170	69	64	49	39	23	16
FBGN0003450	16	5	7	8	17	12
FBGN0039596	34	10	13	17	44	30
FBGN0038490	152	182	131	260	178	178
FBGN0039106	12	1	7	12	20	3
FBGN0039335	1748	1681	1912	2184	2118	1788
FBGN0038879	36	14	29	9	13	15
FBGN0037336	9887	10764	10861	9756	8403	8629
FBGN0003651	1927	1853	2060	1385	1414	1254
FBGN0037690	7	21	31	10	10	21
FBGN0038106	1282	1251	1391	1759	1558	1210
FBGN0001321	3005	3665	3642	4633	4341	4023
FBGN0037225	25	13	8	22	13	25
FBGN0038082	28	22	15	22	18	10
FBGN0005355	2408	2608	2991	2906	2852	2436
FBGN0000150	64509	66158	77705	84617	78126	70858
FBGN0037577	4	15	8	6	14	3
FBGN0038866	320	311	295	337	318	265
FBGN0038429	891	1117	1172	919	1058	953
FBGN0038981	2930	3180	3379	3256	2554	2555
FBGN0262144	5	2	0	1	1	6
FBGN0038654	15	1	3	7	3	0
FBGN0039789	76	22	41	63	68	53
FBGN0039589	1823	1753	1767	2058	1756	1693
FBGN0039591	15	1	17	12	23	30
FBGN0039718	1	12	0	0	17	11
FBGN0038241	0	21	8	15	17	5
FBGN0038018	21	19	11	8	6	19
FBGN0038715	37	34	16	26	42	25
FBGN0039478	33	13	43	41	39	49
FBGN0004117	406	482	213	492	440	484
FBGN0028708	1427	1551	1818	1941	1863	1528
FBGN0046222	5598	6570	6979	5557	6046	5173
FBGN0039637	1705	1910	1932	1795	1653	1509
FBGN0283477	11286	13116	14035	12660	12264	10120
FBGN0039370	9	0	5	8	12	30
FBGN0038126	1246	1608	1350	1562	1837	1574
FBGN0265101	2439	2361	2462	2487	2180	1896
FBGN0015019	28685	31874	34129	32956	33076	28773
FBGN0051068	28	43	20	43	27	25
FBGN0037218	7588	8351	8235	8291	7787	7171
FBGN0011670	1	19	2	0	8	1
FBGN0000527	38	147	127	156	305	354
FBGN0037613	196	331	307	389	344	289
FBGN0027608	55	95	54	105	82	85
FBGN0051477	103	101	58	104	169	168
FBGN0267431	112	79	122	93	79	84
FBGN0039563	3469	3926	3855	3862	3296	3051
FBGN0261046	155	101	120	161	123	141
FBGN0263398	2448	2371	2792	2152	2162	1905
FBGN0046885	57	9	39	14	46	16
FBGN0004577	403	198	321	270	198	195
FBGN0003308	679	588	838	1536	1308	1255
FBGN0038818	60	39	28	31	17	33
FBGN0039736	72	30	41	66	46	67
FBGN0037531	1099	862	818	2481	2484	2130
FBGN0266405	7	14	15	13	7	9
FBGN0013949	39	36	53	169	108	137
FBGN0044809	13	27	18	10	8	2
FBGN0262614	70644	76750	80480	66479	63575	57385
FBGN0051115	26	10	4	14	26	9
FBGN0260962	14610	16473	16938	20261	19643	17268
FBGN0037606	1097	1063	1146	1023	1032	1126
FBGN0038976	2923	3400	3740	4639	4332	3711
FBGN0037517	48	13	26	39	28	57
FBGN0051326	32	36	12	35	21	14
FBGN0039309	50	10	7	10	13	15
FBGN0021750	2241	2490	2863	2352	2438	2214
FBGN0002862	7	0	0	4	9	1
FBGN0260399	3751	3916	3998	2928	3228	2763
FBGN0261994	12	8	0	0	12	2
FBGN0039677	26	24	40	75	52	6
FBGN0037387	20	21	21	30	18	39
FBGN0038313	932	1252	1187	1314	1351	1274
FBGN0039369	12	13	9	5	20	15
FBGN0037238	30	33	19	32	53	23
FBGN0025808	878	1036	878	1102	1043	950
FBGN0260759	466	472	375	678	636	584
FBGN0039115	675	784	771	1167	1168	857
FBGN0037737	1737	2248	2145	1957	2214	2159
FBGN0037350	239	285	416	342	570	382
FBGN0037515	90	155	140	388	445	222
FBGN0037340	490	482	674	724	747	656
FBGN0038849	26	22	9	47	0	7
FBGN0261932	7	3	6	399	297	343
FBGN0001112	523	650	635	636	560	501
FBGN0039875	3868	3894	4036	3231	3094	3013
FBGN0037365	10	11	20	19	0	16
FBGN0039811	20	2	0	4	6	10
FBGN0053213	679	874	1015	808	921	674
FBGN0037962	37	26	29	53	35	24
FBGN0003429	107	73	102	118	71	81
FBGN0011725	5012	5737	5711	4953	4719	4059
FBGN0263399	6	3	1	9	1	2
FBGN0051121	6557	7073	8208	5285	5316	4393
FBGN0062411	4	9	2	21	17	0
FBGN0051354	9248	13009	9470	18214	23662	30743
FBGN0264816	2181	2328	2140	2773	2903	2550
FBGN0037758	3312	3776	3682	3634	3733	3317
FBGN0037916	21	46	50	18	47	22
FBGN0038055	1457	1634	1532	1428	1250	1108
FBGN0026598	5721	6021	6576	4552	4721	4221
FBGN0262808	6	3	3	9	3	6
FBGN0038546	3870	3489	3948	2624	2471	2326
FBGN0011745	4989	5653	5886	6054	6026	5327
FBGN0037406	12	5	11	3	10	2
FBGN0039034	13	22	3	10	32	6
FBGN0004369	15976	17230	16024	12499	12111	11268
FBGN0039598	17	6	8	42	9	25
FBGN0266581	6816	8165	7769	11192	11521	10238
FBGN0261393	7	67	53	69	42	34
FBGN0085345	38	103	75	38	67	66
FBGN0039161	64	71	122	530	479	438
FBGN0000591	1025	1415	1370	583	632	685
FBGN0039494	1841	1723	2159	878	940	956
FBGN0260794	81159	90829	88978	80365	75216	68011
FBGN0039031	18	40	12	277	169	293
FBGN0014141	39729	42755	46012	28236	24940	23029
FBGN0262562	586	477	559	275	346	277
FBGN0003275	4601	5184	4937	5758	5734	4774
FBGN0270925	67	80	63	37	48	64
FBGN0083974	30	11	4	12	10	13
FBGN0260237	566	720	769	455	571	465
FBGN0026063	3984	3853	4079	3598	3248	3145
FBGN0038158	3	4	39	1	1	14
FBGN0013347	4809	5093	5097	6303	5827	5031
FBGN0051269	13	10	12	4	27	6
FBGN0037844	15	48	64	27	79	35
FBGN0040271	6828	7451	6562	9173	9081	8086
FBGN0039495	11	8	8	0	10	5
FBGN0038124	20	12	0	17	32	16
FBGN0039431	9156	10810	10300	7038	6711	5741
FBGN0025571	20615	22397	23594	15541	14368	13176
FBGN0037554	2004	2240	2418	2048	1823	1761
FBGN0037284	1	1	0	0	6	1
FBGN0022787	9962	11422	11704	8769	7994	8136
FBGN0038795	12	10	8	12	55	27
FBGN0015011	79	135	60	300	168	170
FBGN0042111	6846	7925	8351	6036	5906	5259
FBGN0003129	29	56	4	16	28	11
FBGN0038511	1248	1675	1186	1678	1841	1701
FBGN0037536	4174	4590	4974	5129	4481	4188
FBGN0037931	1583	1458	1940	1353	1535	1255
FBGN0038855	2458	2935	3415	3060	3022	2654
FBGN0039359	54931	65772	65748	59052	52773	44670
FBGN0000564	19	5	0	6	7	0
FBGN0026441	5942	6178	6349	4891	4723	4154
FBGN0038237	119	33	51	47	39	39
FBGN0037514	20	24	8	17	3	16
FBGN0038033	40	38	21	76	67	57
FBGN0039319	14	23	6	41	55	54
FBGN0039395	8	15	22	4	12	8
FBGN0265351	434	494	408	558	499	433
FBGN0262576	20	8	6	8	32	25
FBGN0085311	9	4	84	0	13	0
FBGN0004174	13	6	4	9	5	0
FBGN0039291	370	332	341	464	504	349
FBGN0051021	66	29	22	18	18	25
FBGN0037583	3197	3508	3265	3006	2825	2640
FBGN0051441	343	377	322	269	309	361
FBGN0051374	285	267	208	209	208	250
FBGN0039102	115	103	124	76	112	45
FBGN0039638	2407	2915	2919	2284	2330	2091
FBGN0025802	4700	5640	5216	4515	4262	3667
FBGN0037344	41151	43036	42963	32780	31858	29844
FBGN0053193	3883	4132	5110	4085	3689	3238
FBGN0037751	30	18	21	59	56	30
FBGN0026562	2276	2923	3394	1945	1874	1796
FBGN0039703	2	22	10	14	14	25
FBGN0038348	96	50	114	67	76	67
FBGN0010808	2422	2400	2483	3129	3034	2427
FBGN0038942	4	9	8	11	11	3
FBGN0264741	17	0	3	12	2	9
FBGN0039219	3217	4397	4107	4214	4206	3599
FBGN0037850	8	18	6	1949	2288	1755
FBGN0039008	12	20	1	15	14	27
FBGN0037468	14849	17100	16852	19778	18367	14084
FBGN0037420	10	5	1	23	12	17
FBGN0250753	39400	50392	44768	50873	52109	44576
FBGN0015831	19	23	21	20	19	28
FBGN0039719	7	11	7	3	4	12
FBGN0259685	26387	28553	27396	30215	30641	28428
FBGN0003249	21	10	0	20	24	21
FBGN0000139	2767	3200	3269	3388	2688	2512
FBGN0017567	2404	2374	2568	2681	2722	2480
FBGN0261285	1015	910	1184	648	605	607
FBGN0037230	18	24	46	10	10	17
FBGN0045468	10	6	13	42	30	26
FBGN0003513	4115	5259	5320	2827	2921	2657
FBGN0053927	1	12	9	1	13	1
FBGN0024944	54	26	54	42	56	66
FBGN0037707	5268	6745	7093	5796	5613	4750
FBGN0267106	1	9	0	3	12	4
FBGN0038395	414	519	420	381	338	277
FBGN0287598	102	130	45	239	181	178
FBGN0038001	3	2	40	12	25	18
FBGN0037671	6515	6852	8068	5740	5815	5213
FBGN0039665	3025	3115	3595	2471	2616	2239
FBGN0039006	467	595	772	887	781	790
FBGN0037228	43	78	62	126	188	156
FBGN0038709	17	2	1	11	15	11
FBGN0010328	47072	50447	52065	35469	34686	31306
FBGN0038746	3352	3986	4063	5752	5823	4810
FBGN0037717	40	31	32	66	22	18
FBGN0038983	1657	1724	2054	1132	1241	1209
FBGN0044812	6	5	8	1	30	0
FBGN0038020	355	405	357	1253	1255	915
FBGN0037836	179	149	172	214	197	111
FBGN0086365	2128	2553	2474	1907	1605	1776
FBGN0016672	1059	1160	1585	1147	1010	813
FBGN0004387	5186	5721	5793	4999	5000	4715
FBGN0024491	2616	2733	2659	3577	3612	3154
FBGN0037537	10207	11873	11625	11659	11857	10821
FBGN0261532	6159	6129	6761	5317	5339	4769
FBGN0010040	5	27	49	54	55	13
FBGN0037323	369	564	429	945	1026	896
FBGN0262112	133	180	98	207	161	166
FBGN0039474	35	5	12	0	21	27
FBGN0004587	32694	35997	37929	36259	36676	32865
FBGN0038051	20	12	0	27	6	12
FBGN0038396	1288	1326	1083	1155	1249	1028
FBGN0000279	7	6	14	10	23	6
FBGN0038918	85	21	34	33	22	35
FBGN0039350	7511	8414	8468	5815	5701	4973
FBGN0261502	33	4	7	5	8	17
FBGN0002633	887	774	979	521	737	549
FBGN0041102	13	6	0	13	6	12
FBGN0051324	44	64	40	94	93	70
FBGN0250757	253	92	111	990	911	647
FBGN0020249	2801	3409	3500	3184	2999	2709
FBGN0039321	49	25	15	43	4	25
FBGN0039804	2002	2564	2762	2232	2008	1858
FBGN0003205	4751	5646	6066	5117	4523	4414
FBGN0002413	6165	6718	7144	5907	5418	5100
FBGN0085309	3	2	0	6	3	6
FBGN0038011	69	32	50	78	61	48
FBGN0038194	34	34	11	142	55	72
FBGN0261238	25088	27363	26137	19443	18430	17859
FBGN0086605	3512	3780	3286	3737	3960	3185
FBGN0037430	36	2	12	9	11	13
FBGN0039659	71	21	20	36	77	64
FBGN0037384	1478	1532	1723	1427	1603	1444
FBGN0038419	80	56	90	84	86	76
FBGN0038975	125	82	50	66	165	77
FBGN0038000	21	26	45	15	21	17
FBGN0037815	1090	1172	1114	1422	1447	1328
FBGN0038927	4896	5056	5116	5341	5157	4567
FBGN0284234	4	2	0	1	4	1
FBGN0038318	3024	3231	3447	2754	2180	2188
FBGN0039679	24	7	12	62	18	44
FBGN0051380	22	1	14	16	10	33
FBGN0037486	44	17	28	19	39	31
FBGN0039588	885	742	981	873	744	654
FBGN0085433	4221	4841	5183	3240	3000	2772
FBGN0038876	480	563	457	615	523	477
FBGN0038144	29	4	1	57	61	41
FBGN0024909	1440	1469	1243	1683	1709	1275
FBGN0038451	83	32	46	47	23	42
FBGN0037778	998	1128	1034	1187	1481	973
FBGN0038901	25	10	7	0	7	6
FBGN0267651	0	0	0	0	0	0
FBGN0004778	27	11	14	0	31	10
FBGN0015229	2897	3585	3323	2677	2377	2351
FBGN0051501	7	12	7	16	14	24
FBGN0027873	3228	3358	3602	3698	3395	2936
FBGN0283499	17521	19659	17946	17001	16941	16045
FBGN0038512	9	1	7	0	2	6
FBGN0027617	2359	2685	2660	2584	2656	2321
FBGN0085325	24	35	136	51	87	49
FBGN0039887	29	34	6	8	11	18
FBGN0038704	4133	4796	4697	6683	6750	5858
FBGN0039498	7	26	20	18	26	37
FBGN0002838	14	5	25	5	15	3
FBGN0259991	321	339	351	320	237	219
FBGN0037520	32	14	26	47	35	22
FBGN0038888	7	2	4	12	15	7
FBGN0286852	16	3	16	8	25	24
FBGN0041707	17	11	12	10	32	20
FBGN0000500	10	0	10	0	12	7
FBGN0038045	14	12	24	9	13	26
FBGN0039271	883	1004	809	1101	932	1020
FBGN0039117	4594	5361	5144	4915	4470	3823
FBGN0038506	20	2	1	2	4	31
FBGN0263048	1967	2259	2044	1951	1751	1683
FBGN0004171	34	31	10	20	32	20
FBGN0038957	83	31	59	65	50	118
FBGN0053098	4	18	20	10	23	13
FBGN0038350	135	33	29	41	65	60
FBGN0017581	38949	40461	42396	36850	33692	31537
FBGN0039557	1547	1892	1958	2490	2238	1932
FBGN0024958	4084	4807	4832	5095	4955	4608
FBGN0039872	49	47	53	8	66	47
FBGN0002632	118	182	235	101	109	142
FBGN0039428	16	11	19	6	3	7
FBGN0266455	3	10	2	5	7	0
FBGN0039130	4235	4562	4722	5138	4887	4193
FBGN0037388	16	10	8	6	26	8
FBGN0051253	12	42	12	27	53	56
FBGN0261984	4470	4695	5095	5276	4127	4006
FBGN0051469	40	78	42	107	69	35
FBGN0038761	32	14	19	55	19	39
FBGN0039048	89	53	25	44	66	65
FBGN0265146	0	2	17	6	2	9
FBGN0043791	14	22	12	35	17	18
FBGN0260642	5280	6099	6807	3316	3385	3320
FBGN0038365	612	744	873	568	478	498
FBGN0038029	7	1	4	0	8	7
FBGN0002626	48234	57875	55692	53432	50488	44373
FBGN0267430	57	103	57	79	87	48
FBGN0264490	90	88	110	103	63	94
FBGN0037374	1663	1884	2171	2001	1677	1789
FBGN0266534	42	41	50	24	23	12
FBGN0037988	9	17	27	32	10	8
FBGN0028690	15917	18265	17109	21754	21674	19004
FBGN0051055	31	13	14	14	22	39
FBGN0038420	50	80	78	162	176	70
FBGN0051467	412	286	364	332	368	277
FBGN0250746	11119	12733	12756	12241	11024	9743
FBGN0263390	126	77	57	46	73	61
FBGN0015574	26	7	26	25	14	14
FBGN0046114	1379	1801	1786	1414	1545	1131
FBGN0039299	589	303	438	2046	1640	1749
FBGN0260464	1335	1914	1721	1821	1819	1921
FBGN0051104	8	19	4	18	43	0
FBGN0261395	12	11	0	5	6	5
FBGN0039241	5027	6743	6342	7411	6742	6433
FBGN0053977	279	503	448	590	636	593
FBGN0040582	13	12	5	2	6	2
FBGN0051126	542	665	820	688	811	720
FBGN0039386	53	20	36	141	40	64
FBGN0038087	24	7	1	11	16	7
FBGN0002781	55113	57650	61517	43641	43095	37573
FBGN0001098	26321	26469	29669	22803	19821	18267
FBGN0038672	496	416	425	407	478	445
FBGN0260224	497	574	506	931	747	762
FBGN0038814	50	45	36	46	50	71
FBGN0004509	7570	7521	7622	6401	5914	5629
FBGN0038256	677	606	669	488	456	586
FBGN0286976	17	2	10	10	8	12
FBGN0038070	79	32	38	93	75	87
FBGN0037624	25229	29358	27762	30615	30996	26956
FBGN0004862	47	21	15	13	2	18
FBGN0038260	63	135	94	204	157	131
FBGN0017456	6	6	3	3	4	1
FBGN0038701	25	29	14	30	36	40
FBGN0037551	2454	2569	2822	2304	2220	2030
FBGN0037906	46	38	25	19	30	36
FBGN0037240	44656	49801	49207	44515	43597	38249
FBGN0053094	5482	6431	6305	5216	5068	4149
FBGN0037944	4198	4268	4637	3422	3548	3191
FBGN0002733	1979	2524	2554	1671	1552	1545
FBGN0039801	9	2	0	18	8	34
FBGN0052473	11754	13182	12885	10740	10352	9314
FBGN0260742	7035	7535	8017	6432	6021	5478
FBGN0038271	14331	13941	16907	14473	13332	12048
FBGN0020493	11835	13211	12863	9945	10271	9175
FBGN0053208	19706	21559	20888	15969	14795	14060
FBGN0039201	24	20	57	35	39	14
FBGN0039070	49	26	5	18	12	17
FBGN0039077	16	23	3	41	22	6
FBGN0037530	7672	8657	9213	8045	7212	6604
FBGN0263974	347	291	281	445	347	247
FBGN0051446	28	3	8	15	4	12
FBGN0039633	62684	64278	65774	44902	42828	40141
FBGN0051128	26	6	1	4	18	9
FBGN0260760	453	486	602	718	719	600
FBGN0037832	14	15	4	5	2	13
FBGN0260860	750	937	775	966	887	698
FBGN0038609	3349	4026	4197	2936	3025	2457
FBGN0039669	6	14	0	8	4	9
FBGN0038859	5	1	5	13	10	6
FBGN0038742	3409	4192	4166	3228	3016	3040
FBGN0039315	23	9	21	19	29	45
FBGN0038327	1602	1616	1824	1528	1730	1584
FBGN0261479	2689	2774	3049	2308	2198	1978
FBGN0013334	3352	3524	3552	2810	2823	2679
FBGN0028670	8136	8434	9667	7273	6633	6374
FBGN0027570	6503	8716	7409	5029	4614	4582
FBGN0266745	26	16	32	56	60	38
FBGN0263351	4372	4895	5378	4015	4418	3880
FBGN0040212	893	928	1245	638	624	616
FBGN0039184	47	93	40	51	87	55
FBGN0003137	60910	71353	61923	71308	65708	65966
FBGN0261356	5	31	0	16	9	37
FBGN0046878	21	14	0	47	18	7
FBGN0037741	2133	2553	2230	2051	2070	1848
FBGN0038475	1297	1470	1709	1270	1268	1158
FBGN0051219	3	0	8	30	21	6
FBGN0038312	462	406	320	483	460	326
FBGN0038549	1031	1338	1195	1077	1074	752
FBGN0011672	2048	2159	2299	2653	2324	2174
FBGN0038204	2	0	3	20	16	1
FBGN0039537	6622	7013	8251	5761	5362	4751
FBGN0283439	155	206	142	158	103	141
FBGN0039485	39	11	8	42	26	6
FBGN0039876	735	832	793	846	769	727
FBGN0038870	8773	9511	9521	9709	8217	8230
FBGN0038390	2298	2768	2526	2348	2072	1973
FBGN0010379	9538	11281	11260	10560	11234	9227
FBGN0266451	139	150	142	341	271	241
FBGN0085332	0	0	0	8	20	13
FBGN0037477	18	19	4	0	4	5
FBGN0038716	28	64	49	476	469	398
FBGN0038833	5	11	17	5	10	6
FBGN0039685	1773	3005	1174	12086	9642	9186
FBGN0039109	71	55	64	159	110	100
FBGN0039029	24	5	6	18	25	44
FBGN0037416	10	14	42	48	75	48
FBGN0039751	770	860	1003	967	770	760
FBGN0265276	21229	21496	22510	14085	13243	12772
FBGN0051040	2083	2236	2482	2206	2474	2089
FBGN0263022	27	8	3	2	12	15
FBGN0039301	1067	1217	1114	1793	1547	1303
FBGN0261065	3600	3766	4357	4243	4022	3264
FBGN0287587	5	20	13	15	16	20
FBGN0260766	61	62	81	57	25	31
FBGN0039561	2403	3187	2841	2241	2241	2002
FBGN0039104	42	0	7	24	12	28
FBGN0038679	11150	10833	11328	7273	6420	6043
FBGN0038445	39	37	46	8	45	29
FBGN0047114	720	959	831	2581	2572	2048
FBGN0038449	38	18	25	25	24	23
FBGN0039129	25	42	59	76	47	81
FBGN0038809	4948	5605	5037	5842	5298	4553
FBGN0011476	192	148	225	392	279	279
FBGN0261817	10	8	1	8	8	13
FBGN0027610	669	620	766	446	518	442
FBGN0037345	329	313	214	491	493	420
FBGN0039851	2345	2644	2722	2195	2054	1680
FBGN0010355	20457	23260	23170	17289	16986	15368
FBGN0051548	1212	1067	1597	1338	1165	1057
FBGN0260487	111	118	35	189	71	48
FBGN0262717	8574	9646	9413	5672	5639	5105
FBGN0287588	86	83	61	100	33	59
FBGN0051510	5524	7106	5852	5738	5746	5312
FBGN0037722	1805	2198	1897	2236	2343	1953
FBGN0037328	46152	51763	61302	40706	36288	32105
FBGN0037565	90	78	75	112	102	88
FBGN0037698	171	153	81	85	96	161
FBGN0260467	1183	1402	1128	1604	1404	1334
FBGN0085461	23	9	1	33	26	14
FBGN0041188	32072	34301	37366	26788	26431	22463
FBGN0037315	2716	2360	2968	2181	1986	1761
FBGN0040283	15151	16498	15369	13349	13312	11626
FBGN0259974	22	8	1	6	12	10
FBGN0040682	0	26	4	5	52	72
FBGN0085383	49	41	16	21	30	38
FBGN0038291	83	130	94	182	88	107
FBGN0038828	31	11	13	60	42	17
FBGN0040206	4502	5417	5016	4731	4634	3849
FBGN0038452	27	24	14	28	9	31
FBGN0284232	8	10	30	3	8	11
FBGN0004908	594	969	846	1050	949	793
FBGN0051151	17833	18324	20207	12447	12146	11713
FBGN0037222	76	140	95	141	95	92
FBGN0004876	7750	8781	9486	6657	6178	5596
FBGN0038292	26	30	28	24	14	18
FBGN0038343	11	0	7	14	7	31
FBGN0039091	103	82	43	92	36	48
FBGN0051516	10	7	6	18	20	12
FBGN0001296	169	234	227	403	449	415
FBGN0286507	26	25	44	11	22	26
FBGN0039816	25	18	39	27	19	12
FBGN0038819	30	16	25	10	33	25
FBGN0086253	1819	2249	2591	2859	2805	2443
FBGN0039464	295	332	282	456	538	349
FBGN0038640	2203	2443	2120	2195	2202	1798
FBGN0039178	93	100	50	208	276	204
FBGN0243512	1772	2150	1986	2215	2209	1919
FBGN0041105	72	32	33	26	41	46
FBGN0039019	2835	3202	3236	3262	3303	2861
FBGN0039170	223	197	191	231	213	197
FBGN0039017	839	803	925	923	1021	993
FBGN0051538	1744	1644	1874	931	774	807
FBGN0037878	4678	4857	5398	4525	4629	4193
FBGN0037465	2066	2345	2412	2474	2269	2140
FBGN0038371	444	502	616	504	490	466
FBGN0039726	1126	1600	1744	2034	1976	1775
FBGN0039833	46	46	39	112	35	39
FBGN0037372	2498	2719	2721	3117	2581	2340
FBGN0051249	1244	1621	1581	1518	1616	1453
FBGN0005649	14176	15855	16792	10225	9765	9577
FBGN0027338	20514	22807	23149	22595	21506	19659
FBGN0011020	4991	4763	5310	4126	3756	3568
FBGN0039420	98	37	12	61	26	10
FBGN0045443	46	27	23	15	26	42
FBGN0038619	332	369	360	385	426	401
FBGN0266418	11010	11426	11689	8461	7530	6940
FBGN0002622	76804	83350	95104	41462	40467	35804
FBGN0259990	1919	1962	1812	1973	1874	1835
FBGN0004842	43	23	9	23	58	32
FBGN0011225	29744	35587	33614	29202	27854	26148
FBGN0261837	3462	3878	3656	3295	3264	2655
FBGN0037239	1668	1842	1775	1120	1281	1083
FBGN0026400	2875	3606	3492	3406	3426	3125
FBGN0260634	22163	23660	23045	18966	18742	16865
FBGN0038437	377	432	538	750	618	410
FBGN0051205	15	0	2	10	4	36
FBGN0014879	14512	16903	16529	16360	16846	15519
FBGN0038484	30	12	4	18	12	0
FBGN0051016	43	23	22	18	47	30
FBGN0086917	146	25	28	23	23	6
FBGN0003002	3377	3408	3900	2729	2260	2308
FBGN0037429	37	22	48	21	12	37
FBGN0038973	41	34	56	35	32	38
FBGN0037678	85	49	30	36	35	47
FBGN0000032	1892	1866	1992	1784	1657	1709
FBGN0038071	6857	8076	7718	7758	7203	6512
FBGN0038326	1818	1849	2178	2233	2104	2002
FBGN0028396	96	156	111	567	383	406
FBGN0003482	178	96	107	81	85	100
FBGN0003889	19	12	10	29	22	33
FBGN0250831	0	0	2	8	4	2
FBGN0028968	10187	11415	11807	10227	9249	9181
FBGN0038309	28	14	8	28	13	48
FBGN0038252	24	10	19	46	38	9
FBGN0262024	15	0	3	16	58	15
FBGN0038723	2755	3216	3133	3561	3340	3168
FBGN0038766	530	431	371	461	356	351
FBGN0261380	2361	2682	2892	3139	2932	2546
FBGN0051525	13	12	8	18	18	29
FBGN0037855	3288	3426	3971	2980	2909	2765
FBGN0004780	58	20	19	25	30	36
FBGN0261649	9650	11073	9820	5074	5438	5064
FBGN0000278	12	10	10	10	4	4
FBGN0039859	216	250	234	214	212	174
FBGN0051231	94	61	27	94	104	63
FBGN0039530	84	100	41	66	59	54
FBGN0051431	12	18	31	37	48	31
FBGN0038706	24	37	20	5	22	10
FBGN0038146	6232	7091	7716	7844	6959	6210
FBGN0037743	1038	1383	1055	1044	1066	1243
FBGN0263863	1554	2254	2475	2950	2449	2128
FBGN0024558	2834	3241	3323	3856	4007	3611
FBGN0083949	91	111	141	123	93	104
FBGN0005696	2042	1990	2086	2008	1991	1694
FBGN0039520	39	7	11	51	6	22
FBGN0011774	1246	1175	1508	4815	4581	4567
FBGN0037633	2645	2947	3048	2672	2585	2370
FBGN0027578	172	143	98	1256	1114	980
FBGN0039469	33	12	11	11	39	20
FBGN0015795	4572	5598	4678	6238	6578	5594
FBGN0039020	469	304	429	460	389	336
FBGN0058198	29	41	24	39	20	29
FBGN0039430	675	677	689	281	177	267
FBGN0260942	120	151	174	258	157	168
FBGN0038880	66	27	18	16	58	39
FBGN0013812	827	494	628	661	748	833
FBGN0039068	453	324	663	326	365	287
FBGN0038774	71	72	31	124	159	71
FBGN0051064	3240	3157	3223	2819	2443	2267
FBGN0000723	9224	9962	9962	7087	7009	6240
FBGN0263979	16483	17587	19468	16339	15664	13767
FBGN0263738	1643	1620	1522	1704	1612	1486
FBGN0039585	61	26	24	7	16	10
FBGN0259222	122	113	67	64	79	113
FBGN0039226	349	322	327	169	137	131
FBGN0261434	14	9	9	19	51	7
FBGN0003334	8238	8611	8396	6966	7021	6201
FBGN0039297	40	37	19	0	49	16
FBGN0039688	22235	24934	24205	16673	16383	15316
FBGN0038332	258	390	328	368	461	334
FBGN0085405	2677	2970	2715	2717	2275	2214
FBGN0038568	14	0	1	22	2	6
FBGN0039444	2	1	2	2	4	2
FBGN0285911	1847	2248	2369	2369	2417	2149
FBGN0038454	1803	1749	1811	1820	1862	1491
FBGN0038984	4308	5066	5030	6138	5534	5378
FBGN0038839	32	2	6	1	17	13
FBGN0041186	3179	3421	3656	3393	3522	2804
FBGN0051139	34	24	6	11	20	35
FBGN0011273	3	11	2	17	3	4
FBGN0038273	251	258	267	430	339	299
FBGN0038183	2561	2988	3114	4072	3921	3191
FBGN0042213	656	681	690	754	578	553
FBGN0039038	60	20	12	63	19	29
FBGN0037736	106	101	70	91	83	58
FBGN0051146	270	257	350	389	280	332
FBGN0039482	224	96	149	410	394	389
FBGN0039051	14	11	22	34	52	26
FBGN0027494	16	2	5	5	11	6
FBGN0037960	2843	3900	3611	3135	3540	3372
FBGN0039440	39	29	7	17	17	36
FBGN0037464	37	35	26	29	67	48
FBGN0039486	47	10	9	38	28	28
FBGN0038630	25	30	41	16	8	16
FBGN0263621	4	5	4	5	4	8
FBGN0038381	4021	4311	3985	3468	3418	2888
FBGN0039244	3325	3798	4163	4061	3675	3380
FBGN0086359	2209	2346	2712	1609	1653	1552
FBGN0026576	823	609	933	734	604	666
FBGN0037634	1061	1084	1048	966	1169	1002
FBGN0263025	345	376	439	558	408	390
FBGN0038653	64	32	43	74	32	60
FBGN0037421	20	2	4	18	12	13
FBGN0024326	4151	4691	4429	4628	4725	4335
FBGN0010403	3	2	1	20	3	6
FBGN0039628	4	12	17	12	7	13
FBGN0037561	1793	2215	2322	2421	2096	1972
FBGN0003227	2079	2047	2598	1767	1442	1473
FBGN0038610	6746	7742	7556	6189	5923	5652
FBGN0037571	2	8	0	13	2	6
FBGN0041711	500	561	570	1184	842	741
FBGN0039597	28	0	2	4	2	2
FBGN0038189	20	19	32	8	21	20
FBGN0037576	1	13	16	19	18	12
FBGN0010039	1188	1441	1427	2653	3013	2432
FBGN0037533	22751	25540	26590	21521	20730	19807
FBGN0037801	100	212	85	1595	1196	1074
FBGN0266539	181	207	179	308	263	188
FBGN0037379	3991	4473	4364	2900	3528	2774
FBGN0038376	2962	2925	2664	3361	2614	2564
FBGN0019936	67022	77330	82002	61602	56923	49915
FBGN0266917	9347	9730	9308	9475	8692	7694
FBGN0038763	1270	1421	1684	1098	997	874
FBGN0026314	16	20	19	4	17	48
FBGN0039294	145	244	357	137	171	110
FBGN0053547	352	234	156	224	269	213
FBGN0038853	6270	6673	6628	4372	4156	3901
FBGN0037999	1120	1473	1279	1137	1031	1023
FBGN0261714	43	22	17	68	58	51
FBGN0038808	1202	1429	1446	1964	1758	1624
FBGN0037877	1606	1782	2114	1708	1714	1357
FBGN0261680	259	311	324	413	259	324
FBGN0038673	691	852	941	1106	924	962
FBGN0261575	237	197	235	177	205	177
FBGN0001215	15855	17638	17061	25580	23414	21516
FBGN0051281	5	4	7	4	2	8
FBGN0027378	3467	4027	3610	4463	4751	3628
FBGN0003720	17	2	28	39	26	15
FBGN0051439	15689	19753	16703	13154	10350	11273
FBGN0000147	1908	1608	2187	1665	1442	1245
FBGN0039112	1496	1407	1560	1788	1583	1553
FBGN0039629	19	22	17	24	44	10
FBGN0017577	7640	8851	9143	7593	6819	6303
FBGN0037469	366	381	490	355	392	300
FBGN0003870	18725	19973	21333	15121	15316	14188
FBGN0265201	11	4	8	6	10	1
FBGN0037431	17	10	17	0	5	9
FBGN0039086	31	20	46	37	36	27
FBGN0051014	65	10	28	38	12	16
FBGN0010877	5913	6930	6163	4908	4691	4139
FBGN0038315	58	16	0	26	6	31
FBGN0039501	165	181	204	196	50	116
FBGN0262899	8	1	0	2	0	9
FBGN0000063	2825	2773	2679	2829	2527	2384
FBGN0020647	4663	5038	5278	3458	3045	3278
FBGN0051436	40	27	82	134	83	117
FBGN0053093	32	15	10	56	41	45
FBGN0038272	3627	3347	3643	3428	3720	2895
FBGN0038225	28	10	4	18	5	7
FBGN0038218	16	6	4	30	38	11
FBGN0024329	12518	14011	13320	11149	10487	9369
FBGN0002962	17	14	7	40	11	15
FBGN0000303	39	17	16	65	17	19
FBGN0027841	2858	3202	3056	2608	2638	2357
FBGN0039329	998	1014	1207	895	854	977
FBGN0039260	5865	6406	6029	5279	4981	4521
FBGN0039249	1356	1543	1529	931	904	888
FBGN0051414	73	156	102	246	107	65
FBGN0051176	263	293	219	139	138	166
FBGN0262538	16	6	5	2	11	16
FBGN0003011	28	41	1	13	37	45
FBGN0039564	31	28	10	20	46	18
FBGN0037899	8010	8526	9676	8756	8197	7229
FBGN0038063	34	30	32	47	88	50
FBGN0037993	24	22	13	13	31	18
FBGN0038806	1249	1659	1727	1377	1341	1371
FBGN0024841	1385	1865	2021	2152	1987	1460
FBGN0015589	10755	11548	12666	8745	8013	7535
FBGN0053099	309	332	363	244	220	257
FBGN0039471	85	12	23	68	26	41
FBGN0027598	6007	7706	6846	6060	5588	5745
FBGN0083963	49	69	21	50	70	81
FBGN0286828	3623	4309	4242	2864	2672	2575
FBGN0051549	1093	1130	1338	2173	1947	1885
FBGN0039427	892	1049	1172	1273	1136	1064
FBGN0004652	18467	15260	16503	8055	7784	6626
FBGN0039836	274	341	189	433	324	269
FBGN0039676	38	15	42	44	22	33
FBGN0067628	450	394	359	591	506	450
FBGN0039611	57	17	35	197	78	97
FBGN0038750	15	48	9	34	38	34
FBGN0026207	4526	6050	6060	6304	5451	4931
FBGN0041225	36	28	49	97	88	102
FBGN0039551	18	11	15	2	26	0
FBGN0038115	501	498	539	416	563	442
FBGN0051343	55	37	9	64	31	43
FBGN0039710	3366	3769	3677	3081	3238	2801
FBGN0261262	120	84	141	97	84	50
FBGN0028471	5157	5398	5696	4521	4483	3986
FBGN0028984	6208	7437	7639	7178	6547	5889
FBGN0263750	1903	1967	1846	2370	2076	1886
FBGN0039132	1512	1882	1897	1998	1994	1978
FBGN0243586	24	10	6	8	28	16
FBGN0037409	468	587	554	373	280	381
FBGN0038593	3114	3307	3164	2677	2509	2023
FBGN0014931	70	35	47	133	90	66
FBGN0037405	38	34	21	29	34	26
FBGN0086687	9531	9329	10289	12083	11250	10100
FBGN0039332	332	305	286	191	220	252
FBGN0005659	987	1123	1189	591	727	601
FBGN0014863	895	1047	765	669	665	545
FBGN0038579	22	4	12	6	17	5
FBGN0038280	5	9	4	29	12	7
FBGN0051546	18	3	19	10	18	12
FBGN0037317	1004	1005	1217	1089	970	859
FBGN0037924	6269	6954	6736	7691	7469	6192
FBGN0013278	9608	12976	9567	18420	23785	30512
FBGN0000206	75	32	29	38	72	61
FBGN0051524	35	11	25	17	12	32
FBGN0038300	2409	2608	3006	2422	2356	2412
FBGN0027524	1489	1928	2172	2130	1679	1744
FBGN0010041	6	13	0	28	46	16
FBGN0038213	10	10	0	0	15	31
FBGN0015765	948	1239	1021	1009	945	755
FBGN0086371	1959	2051	2253	2595	2448	2143
FBGN0039228	2	7	18	10	19	13
FBGN0011289	5232	6273	6187	5610	5445	4690
FBGN0037724	119	79	693	2644	2439	1946
FBGN0270927	2693	3112	2984	2216	2075	2177
FBGN0039049	1522	1509	1536	1826	1620	1304
FBGN0037385	16	11	31	0	11	11
FBGN0038930	12	5	3	16	4	12
FBGN0037255	8789	9915	9778	7490	7411	6539
FBGN0004237	28671	34113	33697	25916	25303	21780
FBGN0051472	2493	2867	3035	3362	3002	2406
FBGN0038626	27	3	3	8	2	14
FBGN0039124	6	10	63	16	7	17
FBGN0051216	547	716	445	469	489	354
FBGN0037573	7830	7892	8276	7964	7547	6264
FBGN0037556	1734	1805	1813	1659	1809	1544
FBGN0037574	570	642	822	651	581	550
FBGN0002578	7	6	14	19	14	10
FBGN0051030	203	184	176	141	124	122
FBGN0261641	21251	23910	23687	17619	17247	15369
FBGN0262871	5735	6142	6471	5241	5323	4608
FBGN0038168	4102	4262	4536	3570	3357	3023
FBGN0039759	42	53	44	22	23	28
FBGN0039654	5667	6009	5914	5856	5384	4744
FBGN0262613	12	4	0	5	3	16
FBGN0039532	1488	1638	1823	1721	2011	1431
FBGN0027518	1703	1624	1919	1507	1355	1161
FBGN0037750	39	16	49	45	50	54
FBGN0010772	9912	11374	10817	8913	8793	8203
FBGN0038945	32	26	2	33	3	14
FBGN0024833	4501	5098	4460	4641	4481	4086
FBGN0037922	1773	1945	1907	1781	1413	1191
FBGN0025680	54	3	32	32	45	24
FBGN0037539	2047	2178	2173	1962	1758	1731
FBGN0266719	2485	3086	2594	3180	3026	2635
FBGN0039277	44	67	29	37	64	42
FBGN0039421	4	36	1	18	36	13
FBGN0266177	0	0	0	0	0	0
FBGN0043455	1282	1553	1643	2255	1926	1702
FBGN0003567	12729	14877	14056	13354	13764	12123
FBGN0261291	10	2	1	13	2	8
FBGN0039674	1112	1294	1399	1080	965	892
FBGN0038915	11	0	1	21	0	14
FBGN0039818	56	52	25	50	38	40
FBGN0038286	3668	4006	4362	3099	2716	2723
FBGN0263597	1	0	0	5	2	7
FBGN0010113	89365	82429	86050	40343	39285	34061
FBGN0037298	4018	4410	5019	4867	4523	4046
FBGN0051220	27	15	22	37	27	3
FBGN0040687	0	0	6	13	2	2
FBGN0039163	2600	3230	2864	4238	4298	3575
FBGN0260741	802	922	895	890	608	863
FBGN0026059	11199	11830	11699	8269	8150	7623
FBGN0051300	20	15	10	27	18	22
FBGN0051406	10	17	7	28	36	13
FBGN0045843	12	26	68	26	44	13
FBGN0051459	23	2	4	1715	1745	1370
FBGN0051368	8638	9500	9562	8430	8521	7726
FBGN0266673	3505	3948	3399	3628	3888	3501
FBGN0010313	16690	16624	19975	11797	11538	10485
FBGN0262587	43	30	20	64	58	99
FBGN0038355	18	11	23	40	25	21
FBGN0037460	13	14	22	11	19	13
FBGN0085307	10	10	21	16	27	15
FBGN0039182	9307	10444	10949	11156	10475	9133
FBGN0038339	150	154	149	51	89	65
FBGN0040257	17	34	9	77	66	81
FBGN0039378	72	19	10	21	29	10
FBGN0051370	18	13	26	44	34	57
FBGN0083950	80	51	35	67	40	58
FBGN0011668	0	0	0	10	13	2
FBGN0265083	151	141	156	493	467	413
FBGN0038108	29044	30981	33683	21345	19801	18601
FBGN0037827	39	19	1	25	30	15
FBGN0015622	19175	21253	19659	17690	19405	17117
FBGN0037662	31	26	7	26	41	22
FBGN0037879	80	98	31	55	12	36
FBGN0038857	2023	2096	2062	1781	1887	1688
FBGN0051388	1358	1365	1594	927	980	963
FBGN0038100	2119	2609	2145	2601	2858	2558
FBGN0039175	4184	4508	4749	5501	5477	4808
FBGN0039120	28629	30398	31826	28811	27243	25650
FBGN0262023	1	30	4	3304	3504	3139
FBGN0039722	5	2	5	2	6	0
FBGN0266443	24	30	21	18	34	12
FBGN0013767	17	10	10	12	7	2
FBGN0038401	484	672	548	632	464	371
FBGN0086695	1218	1147	1347	916	932	971
FBGN0037760	13877	14860	14714	10501	10574	9762
FBGN0262541	5	7	4	0	5	3
FBGN0038274	3223	3442	4049	3697	3356	3102
FBGN0003510	261	418	289	365	303	251
FBGN0004573	31	33	32	58	25	31
FBGN0001180	63	53	48	37	25	59
FBGN0038206	1718	1718	2008	2042	1963	1754
FBGN0010222	1769	1897	1779	2443	2109	2114
FBGN0027583	634	783	892	636	572	425
FBGN0266721	8	10	29	4	32	13
FBGN0038744	184	137	139	94	107	145
FBGN0011474	9541	10901	10987	8564	7852	7203
FBGN0038917	719	662	599	579	467	551
FBGN0038239	6	2	11	6	1	11
FBGN0083967	684	637	864	1100	871	919
FBGN0039830	24371	30129	30645	32636	27685	27433
FBGN0039404	1389	1439	1522	2043	1660	1346
FBGN0040588	4	9	0	3	0	8
FBGN0039125	4025	4774	4391	5779	5357	4429
FBGN0038632	892	1204	1184	852	807	674
FBGN0267648	0	0	0	0	0	0
FBGN0086372	9136	10223	9517	8565	8921	7801
FBGN0043069	138	185	60	632	598	550
FBGN0028684	11156	13504	12686	11772	11532	9981
FBGN0051207	36	34	12	21	14	13
FBGN0066101	4257	4656	4908	2838	2578	2384
FBGN0283535	4568	4970	5018	4792	4331	3925
FBGN0037261	7472	7394	8543	5385	5659	5114
FBGN0039576	2	0	5	7	2	5
FBGN0039190	6	8	14	0	17	10
FBGN0284226	318	284	380	259	233	213
FBGN0000071	9957	11735	11907	11821	11904	10725
FBGN0037632	31762	35637	35746	30470	29282	27228
FBGN0039630	61	27	24	30	52	13
FBGN0037498	19	23	11	29	66	46
FBGN0039126	813	931	925	879	927	730
FBGN0039092	54	46	34	21	54	47
FBGN0038474	1289	1525	1321	2098	1880	1834
FBGN0022338	2837	2866	3010	2173	1852	1697
FBGN0286977	37	19	0	26	47	31
FBGN0039707	26	9	16	3	1	1
FBGN0038170	145	117	168	128	175	120
FBGN0037860	16	8	16	25	40	9
FBGN0039666	12	6	1	14	9	0
FBGN0260990	4688	5215	5446	3621	3498	3200
FBGN0052855	287	338	263	322	323	210
FBGN0001230	1707	2559	1738	2292	2642	3490
FBGN0039296	743	914	937	722	731	759
FBGN0285938	0	0	0	0	6	2
FBGN0039022	43	20	27	48	95	57
FBGN0086134	9125	10853	10258	9831	9235	8033
FBGN0038005	30	8	2	13	6	18
FBGN0039711	1176	1393	1457	1579	1692	1274
FBGN0085330	8	10	16	28	20	13
FBGN0028671	5159	5901	6048	5442	4486	4645
FBGN0051323	10	6	2	10	19	10
FBGN0039839	55	28	15	37	28	39
FBGN0037652	2130	2835	2426	4546	4060	3777
FBGN0085438	135	146	67	106	105	102
FBGN0037763	2	37	6	8	3	6
FBGN0264829	0	7	4	0	2	0
FBGN0082831	19936	22630	21907	17523	17928	16242
FBGN0037646	91	75	67	17	31	38
FBGN0037622	2888	2727	3233	2906	2972	2616
FBGN0038700	13	19	21	17	15	24
FBGN0038585	2737	3312	3587	4221	3554	3252
FBGN0038453	2417	2838	2689	3256	3075	2647
FBGN0040259	2120	2021	2250	7028	6293	5753
FBGN0039136	2641	3058	2972	2628	2483	2196
FBGN0263041	39	21	1	0	15	30
FBGN0266756	40427	43365	43283	29417	28073	25529
FBGN0038965	1775	2130	1947	2019	1982	1756
FBGN0051515	8	9	0	2	39	1
FBGN0038666	2714	3369	3443	2841	2671	2217
FBGN0039735	11709	12901	12749	16815	15820	14209
FBGN0038319	1520	1498	1737	1791	1877	1511
FBGN0039873	39	30	18	27	57	25
FBGN0038125	14	10	13	13	2	4
FBGN0039639	210	242	201	375	378	332
FBGN0266465	4460	4555	4999	4219	3794	3447
FBGN0037619	357	315	422	434	411	306
FBGN0039783	74	20	36	31	43	17
FBGN0038564	459	511	428	444	495	407
FBGN0038056	747	861	733	691	645	580
FBGN0015571	382	458	462	649	551	401
FBGN0039454	30	0	0	15	21	19
FBGN0037312	2487	3305	3408	3025	2906	2612
FBGN0038682	333	328	405	451	360	318
FBGN0039079	19	10	5	12	48	27
FBGN0039683	33	23	17	36	52	29
FBGN0038181	184	199	81	182	180	169
FBGN0042207	56	58	10	79	70	28
FBGN0039648	24	1	4	8	11	6
FBGN0037341	657	768	940	600	800	632
FBGN0026417	1017	1137	1033	1205	971	918
FBGN0039205	145	108	260	208	226	196
FBGN0000166	75	19	16	43	23	35
FBGN0000576	5794	6174	6768	5495	5186	4998
FBGN0037777	515	541	569	474	536	401
FBGN0037470	9147	10474	10374	11391	10934	10109
FBGN0039568	10	0	0	24	0	10
FBGN0010421	1894	2485	2437	2513	2575	2501
FBGN0003375	401	3747	351	946	905	832
FBGN0037888	37	34	29	72	8	25
FBGN0039258	1618	1788	2106	1855	1698	1639
FBGN0038889	3502	3982	3685	3683	3338	2937
FBGN0038304	3069	3453	3807	3027	3058	2820
FBGN0086472	58144	67917	63347	70910	73515	64313
FBGN0037295	199	293	253	188	103	137
FBGN0039141	2052	2443	2208	2005	1921	1552
FBGN0037875	2312	2681	2856	2564	2367	2499
FBGN0262537	6	2	10	6	8	4
FBGN0086608	118	141	294	144	131	111
FBGN0038007	8	17	17	6	28	29
FBGN0012344	24	5	27	66	22	10
FBGN0038296	2239	2463	2571	1998	1791	1714
FBGN0039199	80	33	16	4	17	40
FBGN0039487	938	1008	984	1282	1083	1019
FBGN0037422	8	0	23	17	14	1
FBGN0051559	397	674	554	272	211	255
FBGN0038157	26	6	0	10	4	9
FBGN0038680	117	48	81	87	36	63
FBGN0038647	16	3	29	2	3	20
FBGN0039642	2746	3316	3261	2876	2932	2630
FBGN0267650	0	0	0	0	0	0
FBGN0053110	14	14	42	33	21	18
FBGN0039799	5	6	8	0	3	6
FBGN0263316	311	324	302	403	397	481
FBGN0037630	41	67	56	44	52	71
FBGN0040684	5	4	3	5	2	0
FBGN0015520	3968	4830	4351	3900	3903	3358
FBGN0038548	1086	1094	1195	1138	1072	985
FBGN0015270	1895	2052	2322	2109	1737	1684
FBGN0039760	58	6	21	24	6	47
FBGN0039640	84	66	143	36	46	63
FBGN0038536	972	987	1112	1156	1322	1053
FBGN0003248	32	12	42	15	25	8
FBGN0038266	42	25	14	3	2	11
FBGN0039667	36	27	8	119	39	16
FBGN0262873	1	10	0	14	6	2
FBGN0015778	46898	50167	53722	40953	37794	36036
FBGN0038073	87	102	35	84	71	41
FBGN0038133	16	25	11	26	15	6
FBGN0000094	0	3	0	0	7	1
FBGN0260969	9	0	8	13	16	2
FBGN0003312	441	137	235	152	103	174
FBGN0038827	4438	4814	4721	4556	4375	4220
FBGN0039156	1465	1570	1444	1315	1286	1110
FBGN0038755	1857	2227	2697	1381	1185	1174
FBGN0037979	2590	2989	3205	3080	2760	2137
FBGN0038049	2063	2229	2432	2314	2343	2261
FBGN0038258	49	12	16	22	31	23
FBGN0038860	948	1224	1238	1072	1116	1008
FBGN0015591	22	13	34	12	12	24
FBGN0039743	6844	6999	8085	6410	5826	5137
FBGN0037661	228	242	165	325	290	335
FBGN0051423	41	21	12	18	44	9
FBGN0039617	33	45	19	21	46	32
FBGN0000014	130	72	106	191	226	269
FBGN0040532	34	34	18	433	321	267
FBGN0038294	452	264	278	735	823	610
FBGN0000276	8	2	4	6	8	0
FBGN0086378	1731	2338	1802	2901	2812	2976
FBGN0051245	127	156	60	183	111	104
FBGN0040600	23	8	17	22	0	22
FBGN0039033	36	14	0	56	8	17
FBGN0038334	4	11	8	0	33	18
FBGN0004855	1655	2286	1724	2581	2400	2117
FBGN0039274	1263	1528	1588	2076	2191	1740
FBGN0039246	22	10	3	15	10	22
FBGN0038065	4197	4689	4839	3925	3792	3595
FBGN0265317	0	1	0	2	0	7
FBGN0038353	23	49	42	30	90	80
FBGN0261988	3844	4076	4193	3377	3360	3086
FBGN0015576	52	21	6	46	82	57
FBGN0037660	2722	3008	2986	2156	2145	2328
FBGN0010750	5915	6604	7076	5977	5298	4442
FBGN0267376	1282	1443	1372	1441	1421	1373
FBGN0039403	900	984	971	1180	1211	871
FBGN0037540	1237	1403	1504	1426	1335	1186
FBGN0053494	17	3	12	285	202	203
FBGN0037428	16	18	15	5	15	17
FBGN0051183	103	123	61	260	195	187
FBGN0015513	11252	13613	13495	10364	10368	8468
FBGN0005585	104914	119721	116382	97669	93711	84663
FBGN0085334	62	57	59	71	66	52
FBGN0038009	5	24	20	87	140	89
FBGN0037591	9	17	10	15	22	4
FBGN0265998	34999	36213	31479	26529	25783	24035
FBGN0262527	23498	25033	22912	20723	19111	17347
FBGN0038567	20	24	9	5	14	13
FBGN0039088	8	0	2	0	14	29
FBGN0038092	29	37	30	16	17	23
FBGN0039053	14	6	20	44	32	8
FBGN0037413	22	10	12	0	3	4
FBGN0038617	617	679	762	530	638	517
FBGN0004575	60	52	19	16	63	26
FBGN0008646	3589	3453	3712	3394	3216	2842
FBGN0261704	4	0	3	0	8	7
FBGN0039167	1507	1436	1670	1035	801	641
FBGN0039229	17480	19965	19355	16713	16441	14578
FBGN0037244	940	1277	1292	1134	1144	1029
FBGN0037935	4	21	18	58	54	73
FBGN0037263	154	128	157	310	172	144
FBGN0262869	167	45	63	72	63	123
FBGN0261995	698	797	937	965	838	886
FBGN0040565	52	282	12	231	188	147
FBGN0259731	13	21	12	67	50	101
FBGN0037359	1440	1749	1565	1803	1927	1504
FBGN0037443	5159	5580	5389	4025	4030	3825
FBGN0038727	498	335	518	529	571	440
FBGN0051547	108	183	147	430	362	259
FBGN0039877	3508	4171	4077	3860	3484	3464
FBGN0069242	5101	5481	5916	4915	4585	4914
FBGN0004783	49	14	7	26	31	54
FBGN0037716	2626	2910	3307	3038	2876	2255
FBGN0263117	30	15	77	16	27	20
FBGN0039768	22	7	20	28	24	12
FBGN0039696	2407	2392	2526	2667	2553	2128
FBGN0039673	30	47	0	16	30	39
FBGN0038166	1745	1664	1697	1536	1220	1127
FBGN0051391	96	101	111	75	73	56
FBGN0038926	54	82	63	76	41	76
FBGN0263236	3781	5483	4254	6331	5471	5366
FBGN0039379	4149	4983	4846	4459	4389	3698
FBGN0263047	269	384	332	520	530	412
FBGN0010926	5660	6360	6308	6945	6778	6116
FBGN0038201	35	19	1	10	36	6
FBGN0039782	18	26	14	35	23	19
FBGN0038109	18	0	22	24	5	17
FBGN0266722	218	282	303	376	434	284
FBGN0037356	730	820	1052	931	831	559
FBGN0039152	93	130	99	205	229	157
FBGN0039857	107364	118593	128951	88864	84882	78881
FBGN0039529	8	55	9	35	34	21
FBGN0260466	50	57	40	51	58	55
FBGN0037696	471	715	601	717	857	606
FBGN0038153	20	17	31	27	48	19
FBGN0038527	13	1	23	2	28	11
FBGN0038143	77	38	67	52	41	30
FBGN0064912	18	20	5	0	33	12
FBGN0051344	1038	975	994	1320	1107	928
FBGN0038531	45	51	18	12	1	16
FBGN0038197	2765	2952	3002	2383	2155	2047
FBGN0039203	15	10	10	7	20	16
FBGN0285925	14299	14381	14838	11697	10971	10011
FBGN0037686	117592	136833	136608	106777	94652	83492
FBGN0039820	39	19	10	1	12	15
FBGN0025879	156	207	197	261	289	248
FBGN0039757	133106	127168	156724	109996	108882	91795
FBGN0040571	7	6	0	11	3	3
FBGN0259721	481	478	472	667	581	647
FBGN0038838	5	14	6	1	17	6
FBGN0053631	17	0	5	1	7	10
FBGN0011282	30	5	11	5	24	17
FBGN0039528	5023	6000	6458	4384	4066	4190
FBGN0038524	985	1212	1201	1061	1016	830
FBGN0051118	144	166	190	207	145	136
FBGN0038418	3165	3649	3703	2767	2768	2309
FBGN0039476	12	11	18	18	24	12
FBGN0040575	15	24	61	69	108	60
FBGN0051131	9	36	11	27	55	61
FBGN0039183	5844	6913	6821	6986	6912	6316
FBGN0265271	21	27	0	4	25	5
FBGN0039796	15	11	2	15	18	6
FBGN0038733	53	28	28	4	30	20
FBGN0028647	2016	2130	2474	2362	2396	2020
FBGN0038693	635	565	570	313	325	258
FBGN0266411	29273	29436	31350	20588	22110	19988
FBGN0263231	35498	40175	42338	31369	31514	29290
FBGN0085413	125	83	49	105	100	127
FBGN0039459	756	963	651	1165	931	789
FBGN0053721	8	9	8	6	18	6
FBGN0051065	38	6	5	17	13	9
FBGN0263983	15	8	2	0	7	4
FBGN0037549	6396	7027	6900	7185	6485	5804
FBGN0267337	29146	28383	27925	20352	19503	17593
FBGN0039380	22	9	8	16	4	1
FBGN0000283	31617	34930	33768	30099	29151	25687
FBGN0038676	650	529	661	394	394	497
FBGN0038345	15	0	8	17	8	17
FBGN0038431	18	15	27	5	14	19
FBGN0038485	7	2	3	12	66	40
FBGN0039488	2129	2402	2116	2359	2511	2129
FBGN0038113	12	13	1	39	21	17
FBGN0038491	384	556	518	406	450	512
FBGN0243511	5110	5905	6618	5807	5173	4677
FBGN0038892	42	25	56	24	27	19
FBGN0027526	2546	2936	3046	2533	2502	2206
FBGN0003118	5429	6293	5420	4498	4267	3907
FBGN0001077	41	37	30	3	32	13
FBGN0051244	227	330	188	131	146	133
FBGN0037518	348	308	336	278	318	298
FBGN0004359	1970	2324	2441	1848	1903	1702
FBGN0039622	34	15	2	11	16	28
FBGN0037447	126	111	37	90	150	97
FBGN0011768	10881	11584	13785	10017	8935	8004
FBGN0051313	43	49	54	127	63	67
FBGN0038578	3490	4436	4280	3485	3153	3128
FBGN0037834	9673	11452	10628	11743	11002	9303
FBGN0039744	2	0	0	14	5	10
FBGN0051453	4805	5528	5566	5505	5334	4315
FBGN0038603	5354	5701	6420	4570	4004	3995
FBGN0038830	1507	2201	1960	2987	2895	2270
FBGN0020280	42	6	32	45	71	22
FBGN0051363	9796	11126	11204	8533	9599	8273
FBGN0039473	0	7	11	20	8	15
FBGN0266538	163	186	148	182	269	176
FBGN0038068	35	26	18	9	9	35
FBGN0266672	6394	6540	6908	5726	5239	5031
FBGN0038545	2042	2479	2817	3333	3062	2586
FBGN0037519	8	32	17	37	52	28
FBGN0287225	5734	6311	6678	6384	6249	5791
FBGN0051266	19	10	0	31	23	11
FBGN0015402	5045	5177	6179	3497	3636	3320
FBGN0038788	1179	1358	1579	1162	1083	1083
FBGN0003525	14833	15001	18351	10793	10563	9184
FBGN0259823	42	84	65	64	46	56
FBGN0264740	11	14	10	27	10	22
FBGN0039521	6	4	0	18	0	4
FBGN0039737	11727	12721	12476	7190	7186	6374
FBGN0037529	2963	3533	3408	3489	3175	2992
FBGN0051097	19	6	0	18	7	8
FBGN0037728	13606	15670	16334	17418	18339	15325
FBGN0039802	2405	3372	2886	3531	4041	3631
FBGN0038240	1	41	22	35	10	2
FBGN0038147	11	19	18	110	95	139
FBGN0286874	11	10	0	1	10	5
FBGN0039266	3383	3438	3106	3308	3148	2931
FBGN0051262	125	205	108	125	81	106
FBGN0026315	14	48	52	38	68	41
FBGN0038547	266	304	253	341	369	301
FBGN0043900	7785	8757	8171	6623	6134	5540
FBGN0038606	49	26	7	31	9	12
FBGN0037978	906	1130	1563	1205	1204	1039
FBGN0038810	7800	9061	8983	8930	8404	7328
FBGN0046887	4	23	26	48	20	11
FBGN0052945	37	5	11	0	13	16
FBGN0038269	6097	7274	7248	7345	7314	6238
FBGN0039714	630	849	718	643	629	587
FBGN0037410	502	551	780	151	181	180
FBGN0020399	48	47	46	42	71	19
FBGN0051361	195	107	109	103	77	76
FBGN0039023	41	44	16	73	84	46
FBGN0037637	1061	1370	1360	4319	4265	3786
FBGN0000158	16	100	44	188	81	80
FBGN0085318	0	0	2	0	4	3
FBGN0039207	4761	5840	5523	6198	6018	5500
FBGN0266801	1665	2060	2087	1388	1101	1314
FBGN0038732	20	17	3	24	35	24
FBGN0039861	3232	3474	3094	2765	3137	2482
FBGN0039180	10	17	38	24	30	24
FBGN0039238	384	170	141	253	216	183
FBGN0038655	37	3	0	0	2	13
FBGN0038016	9843	9985	10393	9855	8933	7804
FBGN0037364	1558	1559	1917	1107	1093	1012
FBGN0037884	2151	2238	2446	1841	1890	1612
FBGN0262009	2	3	5	0	1	4
FBGN0250845	6	10	1	0	17	14
FBGN0264907	81	72	37	104	47	90
FBGN0039752	28	10	30	48	30	48
FBGN0038236	1	12	5	8	21	5
FBGN0038139	101	34	66	172	111	173
FBGN0029155	2449	1827	1989	1504	1519	1508
FBGN0085329	8	6	12	9	46	13
FBGN0004173	4	8	7	0	2	2
FBGN0051347	3	6	0	0	0	3
FBGN0037377	2877	3756	3566	3292	3700	3134
FBGN0037482	1807	1682	1829	1768	1472	1433
FBGN0015279	8471	9284	9436	7280	7030	6209
FBGN0039809	185	200	129	171	127	160
FBGN0051357	2732	3029	3460	2674	2666	2299
FBGN0037601	38	20	31	54	75	56
FBGN0265158	0	12	3	0	0	3
FBGN0051198	79	28	22	70	97	78
FBGN0039328	777	710	682	2504	2354	2132
FBGN0037411	19	6	13	43	16	17
FBGN0039863	23734	25773	24040	19256	19168	16728
FBGN0086362	1532	1548	1650	1793	1640	1398
FBGN0016650	89	45	39	52	46	20
FBGN0038186	4	4	0	10	6	6
FBGN0039765	569	593	665	664	653	570
FBGN0002863	1	3	0	10	6	8
FBGN0038595	43	8	33	47	39	16
FBGN0038581	658	684	626	750	861	731
FBGN0038803	1950	1923	2617	1333	1411	1149
FBGN0087005	140	83	148	64	67	97
FBGN0039691	2637	2861	3162	3700	3327	2977
FBGN0027889	9167	10151	10481	9869	9689	8383
FBGN0039732	352	582	430	856	843	822
FBGN0262801	6573	8489	8686	7013	6826	6240
FBGN0037807	54	71	43	71	75	71
FBGN0038079	92	118	102	202	90	144
FBGN0263024	0	6	3	13	9	3
FBGN0010042	3	6	6	18	5	8
FBGN0263353	102	43	61	28	22	38
FBGN0260243	3814	4279	4319	3429	3527	2682
FBGN0039694	23	12	23	18	30	12
FBGN0051145	176	135	108	255	118	199
FBGN0039848	286	213	236	129	124	131
FBGN0053773	23	6	0	6	3	0
FBGN0051248	25	41	27	17	54	68
FBGN0087021	1362	1614	1407	1742	1473	1255
FBGN0037934	31	30	18	77	33	29
FBGN0037998	2668	2733	2767	2892	2593	2145
FBGN0263402	10	5	17	6	6	9
FBGN0039010	41	24	12	48	83	48
FBGN0038034	243	255	298	457	569	359
FBGN0015240	1738	1859	1826	1492	1201	1026
FBGN0038470	1236	1421	1096	3751	3218	2890
FBGN0069923	197	324	141	738	661	596
FBGN0002772	547	461	288	400	433	378
FBGN0038110	2344	2900	2833	3190	3212	3023
FBGN0003267	12	22	42	22	23	18
FBGN0285963	11067	10758	11095	10263	9757	9506
FBGN0259237	40	54	17	15	66	25
FBGN0083965	43	14	7	7	18	34
FBGN0038725	108	108	112	93	114	84
FBGN0260463	20189	21351	22827	15634	14569	13724
FBGN0016123	37	11	10	22	22	29
FBGN0038695	94	29	15	63	37	56
FBGN0037602	116	256	197	275	204	160
FBGN0037841	75	128	61	58	92	77
FBGN0038006	31	29	8	1	23	19
FBGN0053329	124	144	62	102	81	98
FBGN0027376	74	75	68	83	107	55
FBGN0038804	979	963	924	776	546	519
FBGN0039846	2116	2551	2624	2193	1967	1991
FBGN0039050	30	59	17	89	105	126
FBGN0085319	6	3	0	19	12	4
FBGN0085331	9	0	0	4	13	10
FBGN0037326	35	13	17	38	28	36
FBGN0037320	480	407	379	286	220	295
FBGN0037923	388	329	333	496	461	414
FBGN0037812	44	44	5	26	40	30
FBGN0037731	848	879	594	1097	1391	1004
FBGN0003480	251	136	307	171	141	98
FBGN0004395	9844	9815	9628	9836	9677	8362
FBGN0039805	70	20	42	29	39	47
FBGN0000439	81	31	51	37	51	46
FBGN0037853	1075	1027	1359	639	807	724
FBGN0020910	194998	218264	234564	172242	157506	141679
FBGN0053654	6	11	0	33	1	5
FBGN0037547	26	12	10	21	23	25
FBGN0052856	908	1058	932	816	835	816
FBGN0037546	66	74	71	87	72	52
FBGN0051005	798	484	576	486	396	314
FBGN0039728	12562	12819	14301	10324	9753	9450
FBGN0086370	736	713	818	880	894	729
FBGN0038123	0	12	4	11	14	5
FBGN0039326	28	5	23	4	7	14
FBGN0267435	596	770	858	629	543	559
FBGN0037288	23	12	7	11	6	8
FBGN0039026	9406	10106	10254	7589	7215	6829
FBGN0037937	29	2	11	20	14	10
FBGN0038862	2778	3396	3483	2679	2317	2188
FBGN0039733	2692	2644	2853	2263	2104	1872
FBGN0015269	12031	13120	11831	8925	8559	7962
FBGN0027785	2408	2748	3332	4287	4197	3563
FBGN0002932	1742	1863	2097	1455	1218	1314
FBGN0038675	854	1152	1195	1383	1342	1303
FBGN0083953	326	376	339	484	404	359
FBGN0038734	46	26	23	41	20	40
FBGN0085391	49	31	43	40	53	38
FBGN0027497	5267	5780	6085	5058	4427	3964
FBGN0038432	633	677	712	605	591	560
FBGN0086704	83	176	129	128	109	154
FBGN0037972	2711	3143	3261	7011	6265	5317
FBGN0039441	5	18	1	7	25	23
FBGN0039788	24	28	14	53	25	47
FBGN0263757	927	1148	1042	1345	1060	805
FBGN0000244	1975	2142	2225	1757	1668	1733
FBGN0038977	20	57	15	22	24	19
FBGN0038205	16	5	10	40	18	10
FBGN0261086	175	57	63	77	43	47
FBGN0053340	27	25	0	4	14	8
FBGN0027865	1633	2251	1877	1947	1845	1626
FBGN0039338	18577	20953	20735	18128	16912	15170
FBGN0267336	1845	1821	1898	2825	2291	2258
FBGN0037313	2747	2949	2774	3399	2562	2682
FBGN0037276	52	73	70	64	67	51
FBGN0259178	2083	1998	1995	1550	1744	1476
FBGN0038127	5	5	16	0	9	2
FBGN0261550	6418	7115	7092	4643	4396	3858
FBGN0039479	1294	1696	1876	1210	1108	1073
FBGN0038577	2343	2923	2458	3021	2607	2472
FBGN0039855	35	99	69	69	50	25
FBGN0040623	3138	3599	3807	3803	4117	3513
FBGN0038250	62	25	68	92	58	75
FBGN0038129	2220	2483	2782	2405	2409	2047
FBGN0037870	4	2	2	5	2	1
FBGN0051550	8427	8272	8256	6619	6752	6309
FBGN0037396	29	103	29	1024	695	679
FBGN0038629	1509	1679	1971	3189	3280	2695
FBGN0039113	13342	14766	15531	14520	13823	13068
FBGN0051465	50	55	27	72	74	78
FBGN0015577	66	94	53	167	176	154
FBGN0037856	2701	2996	2916	2776	2584	2327
FBGN0037718	5187	6289	6738	6001	5319	5205
FBGN0038320	11369	12260	13726	10784	10233	9434
FBGN0039864	602	905	860	847	1018	661
FBGN0051204	49	37	2	81	45	38
FBGN0037615	259	315	273	187	367	207
FBGN0004841	58	22	84	21	34	34
FBGN0038188	51	18	9	18	32	29
FBGN0038095	26	14	45	67	18	30
FBGN0051072	1742	1816	2107	1382	1322	1201
FBGN0038912	878	1135	1125	829	861	757
FBGN0001297	8160	9211	8961	10370	8574	8390
FBGN0022981	1072	1230	1213	2167	2244	1981
FBGN0038466	103	19	32	6	26	44
FBGN0038768	3819	4440	4881	4097	3937	3550
FBGN0038235	864	1158	779	1431	1324	1116
FBGN0037378	1277	1653	1347	1991	1571	1367
FBGN0051221	17	41	16	56	18	18
FBGN0051191	33	39	48	96	80	68
FBGN0038098	96	14	41	17	31	28
FBGN0040551	279	282	144	685	764	532
FBGN0051294	3	11	21	9	4	1
FBGN0039777	87	15	8	28	31	20
FBGN0039407	1109	1205	1385	1445	1689	1335
FBGN0038826	69898	83192	75104	61613	62080	58089
FBGN0038972	224	224	286	531	480	422
FBGN0038525	8	28	14	18	10	19
FBGN0027950	3124	3170	3586	3046	2648	2297
FBGN0038540	5	8	8	1	5	5
FBGN0266615	5	8	4	5	13	6
FBGN0000492	12658	12775	14357	9860	9208	8539
FBGN0003319	6345	8027	7242	4971	5111	4806
FBGN0024289	19	43	29	77	22	36
FBGN0037772	73	42	17	60	40	34
FBGN0260229	228	271	194	305	249	190
FBGN0038943	275	579	314	931	789	698
FBGN0023178	6	24	0	6	7	11
FBGN0038662	519	445	515	407	439	338
FBGN0038427	3009	3551	3740	3255	2917	2858
FBGN0003882	3287	4147	4003	3647	3740	3051
FBGN0039040	40	26	11	62	56	16
FBGN0259917	4	12	0	0	0	26
FBGN0039634	3491	3561	4113	3309	3304	3024
FBGN0001197	22815	26438	27247	21774	22659	20306
FBGN0026634	2230	2623	2846	2497	2280	2388
FBGN0038438	967	1247	1082	1065	1084	1124
FBGN0037368	551	675	447	1163	943	772
FBGN0261113	25365	26875	25291	75216	66191	60999
FBGN0019940	14	4	5	35	16	20
FBGN0039355	598	978	698	969	1059	929
FBGN0039346	41	4	10	1	34	7
FBGN0038038	1482	1591	1455	1274	1261	1147
FBGN0039562	50405	54405	55967	40757	39698	36814
FBGN0261049	848	1296	870	1173	1053	940
FBGN0004618	48	61	156	44	64	18
FBGN0038569	2033	2161	2409	2034	1803	1497
FBGN0037436	11	2	1	6	0	19
FBGN0039045	62	37	59	36	30	26
FBGN0042106	25	26	21	25	21	46
FBGN0002937	52	16	18	46	12	29
FBGN0038961	1818	2254	1629	2303	1965	1749
FBGN0027527	26	17	15	15	21	22
FBGN0038873	74	32	4	39	56	44
FBGN0265048	339	345	340	586	518	434
FBGN0037419	7	0	8	1	13	12
FBGN0038504	5430	6376	5930	5086	4102	4042
FBGN0037835	13	9	8	42	19	16
FBGN0037351	101508	104743	121450	103608	101060	92336
FBGN0003358	18	32	0	23	22	13
FBGN0288835	0	0	0	3	0	1
FBGN0014949	5	0	0	3	13	11
FBGN0264776	16	5	0	14	23	9
FBGN0000504	4201	3897	4283	2550	2115	2277
FBGN0037440	2432	2688	2683	1748	1420	1386
FBGN0016061	377	299	265	459	366	378
FBGN0038498	34	11	26	36	15	17
FBGN0042103	35	1	4	18	32	5
FBGN0051111	444	420	407	486	423	383
FBGN0262588	12	5	23	26	38	36
FBGN0263594	48619	56548	58212	56092	56596	49256
FBGN0051495	419	469	607	725	580	602
FBGN0039713	130234	140613	162485	119099	110965	97866
FBGN0037702	9572	10332	10389	8647	8327	7540
FBGN0038422	77	124	59	56	114	99
FBGN0038850	30	51	23	45	10	19
FBGN0039769	50	44	18	36	40	33
FBGN0260744	1237	1438	1407	2273	1800	1632
FBGN0039742	26	34	56	27	23	26
FBGN0038923	598	685	720	776	639	544
FBGN0038967	57	79	22	40	64	93
FBGN0038649	599	699	1004	789	679	665
FBGN0037478	1195	1314	1365	1275	1081	1198
FBGN0051296	0	12	1	30	39	22
FBGN0039042	30	6	2	19	2	3
FBGN0037332	3604	4156	4019	2919	2699	2656
FBGN0051133	906	880	795	964	936	783
FBGN0039232	17	25	3	0	31	21
FBGN0039135	1084	1491	1484	1867	1491	1664
FBGN0261261	3349	3284	3736	2692	2464	2113
FBGN0039083	10	9	16	19	3	23
FBGN0038380	13	3	14	29	2	3
FBGN0004878	79	92	80	92	60	73
FBGN0003886	69	169	102	137	82	46
FBGN0259233	101	60	82	131	107	118
FBGN0038858	612	752	604	1064	879	877
FBGN0037383	476	393	565	649	424	487
FBGN0020018	2332	2587	2768	2012	2104	1861
FBGN0026064	5052	4749	5099	4166	4005	3825
FBGN0037445	7438	8401	8779	6059	5844	5650
FBGN0038208	70	26	28	46	33	71
FBGN0001217	1365	1464	1580	1516	1293	1184
FBGN0038481	6	13	10	0	2	0
FBGN0038674	96	88	158	175	104	106
FBGN0038659	2727	3143	3406	2234	2229	1929
FBGN0040250	48	5	20	1	8	9
FBGN0039214	31540	32778	33934	22020	20763	19901
FBGN0039797	7	6	4	23	4	0
FBGN0011739	9030	9447	9736	6547	6174	5816
FBGN0266734	1	2	0	2	0	2
FBGN0051161	61	55	33	43	56	71
FBGN0038740	140	158	96	93	101	98
FBGN0037883	195	203	227	268	225	215
FBGN0015572	49	54	57	42	81	41
FBGN0039239	35	30	18	220	233	238
FBGN0038528	4	7	31	21	25	11
FBGN0003885	18711	19345	21466	16892	16625	15301
FBGN0038358	13	16	17	14	10	28
FBGN0035235	3776	4351	4189	3788	3278	3266
FBGN0004574	5721	5661	6500	5247	4970	4686
FBGN0035346	1773	2128	2366	1375	1467	1208
FBGN0036278	53	58	29	8	33	17
FBGN0037061	405	523	494	863	738	606
FBGN0036222	14	13	62	11	7	43
FBGN0036926	399	281	316	458	455	325
FBGN0036873	48	44	32	61	51	88
FBGN0052281	506	586	640	986	735	555
FBGN0035543	30	28	7	37	39	29
FBGN0035839	187	257	158	320	303	221
FBGN0045476	158	143	97	760	766	795
FBGN0264746	149	142	89	205	286	137
FBGN0037087	1437	1529	1671	2062	1671	1639
FBGN0036059	3476	4127	4227	3827	3807	3246
FBGN0011288	62	48	41	1194	1250	1160
FBGN0036595	114	190	207	185	140	89
FBGN0036773	3545	3563	3780	2355	2418	2002
FBGN0035964	2713	3146	3246	3585	3051	2995
FBGN0014848	0	0	10	0	3	5
FBGN0035997	6479	7371	7817	4467	4608	4330
FBGN0264006	143	75	135	104	178	136
FBGN0035620	21	33	63	18	7	44
FBGN0042138	2059	2345	2409	2167	2413	2003
FBGN0052269	14	16	1	27	10	10
FBGN0036806	34	61	29	163	50	122
FBGN0040817	408	495	421	531	527	454
FBGN0020392	7627	7897	7910	8061	7730	6846
FBGN0028980	1892	2391	1953	1957	1735	1665
FBGN0264486	46	62	24	42	65	44
FBGN0026179	7356	7365	8172	4854	4611	4387
FBGN0036442	117	101	101	62	55	55
FBGN0036188	1261	1517	1530	1870	1556	1416
FBGN0035677	61	48	10	26	68	16
FBGN0036439	36	10	7	6	12	6
FBGN0035120	2148	2726	2229	2895	2780	2342
FBGN0262530	1	3	2	11	1	4
FBGN0263108	9907	10005	11710	6467	6788	6725
FBGN0286940	182	236	196	122	49	47
FBGN0019662	1586	1524	1633	1864	1716	1469
FBGN0052448	413	371	466	506	556	524
FBGN0028402	2128	2361	2351	2192	2313	1789
FBGN0052220	11	8	16	19	22	8
FBGN0052053	55	38	9	29	18	38
FBGN0035109	335	446	519	518	573	454
FBGN0035234	11	38	39	18	14	15
FBGN0062517	65	18	57	70	5	18
FBGN0262593	168	67	91	81	117	77
FBGN0264487	0	2	0	0	0	0
FBGN0035286	54	74	62	24	22	20
FBGN0052487	29	16	8	0	1	14
FBGN0036016	92	77	54	147	106	129
FBGN0002526	91226	98331	99983	72235	67376	63827
FBGN0035210	797	984	994	1059	1048	966
FBGN0036008	2098	2152	2330	2249	2016	2077
FBGN0036781	174	78	82	106	80	76
FBGN0036402	5359	5045	5821	3907	3932	3379
FBGN0020277	3	12	1	0	12	0
FBGN0035630	29799	33167	33680	39713	40166	35810
FBGN0263247	5	3	0	0	0	1
FBGN0260461	13	16	16	33	24	17
FBGN0053263	16	0	8	22	18	12
FBGN0036895	59	44	28	87	59	39
FBGN0036608	29	2	11	8	1	4
FBGN0035943	37	16	19	32	17	10
FBGN0036494	53	26	55	23	73	54
FBGN0028415	4	12	6	1	6	10
FBGN0036376	4083	4445	4429	4150	3665	3489
FBGN0052181	7	45	28	25	39	38
FBGN0036988	847	902	759	1050	921	966
FBGN0036362	34	18	20	4	34	8
FBGN0036948	48	27	1	15	23	10
FBGN0035982	38	18	2	0	5	5
FBGN0052319	14	16	2	0	1	24
FBGN0052364	438	418	284	1742	1562	1438
FBGN0047334	3	8	4	38	1	1
FBGN0014075	19586	22602	22869	19823	17850	16050
FBGN0015075	4957	5598	5717	4786	4337	3887
FBGN0036786	29	5	17	2	13	7
FBGN0052267	703	1055	840	1197	1212	988
FBGN0036984	66	70	37	28	25	25
FBGN0035558	2487	3064	2809	2277	2215	1903
FBGN0283681	877	1033	905	1421	1298	1113
FBGN0052196	14	3	11	20	19	3
FBGN0002573	543	589	565	382	348	402
FBGN0262509	2900	3450	2839	1478	1563	1288
FBGN0036922	195	250	317	392	413	325
FBGN0259824	2795	2905	3572	2978	2502	2453
FBGN0052104	2666	3229	3170	3427	3454	3080
FBGN0036363	6	16	20	11	6	24
FBGN0259203	811	990	852	1124	942	900
FBGN0043458	4219	4803	4861	4535	3965	3582
FBGN0035896	692	702	668	763	664	596
FBGN0027082	460	728	672	712	648	558
FBGN0035415	592	778	634	770	952	777
FBGN0037139	4	5	0	1	2	7
FBGN0035518	1652	1856	1592	1735	1384	1321
FBGN0044051	13	9	8	1	1	7
FBGN0036476	3964	3828	3621	3232	3219	2709
FBGN0052121	23	63	26	53	36	32
FBGN0036311	44	57	60	41	40	76
FBGN0035158	2025	2164	2235	2102	1852	1629
FBGN0262544	14	28	5	33	7	4
FBGN0259986	4599	5177	4882	2909	3007	2595
FBGN0024187	4588	4742	4511	3804	3800	3198
FBGN0035423	7028	9404	9380	12388	12620	10886
FBGN0013751	108	91	111	61	114	77
FBGN0053160	8	13	0	9	10	30
FBGN0052446	1080	1350	1554	1219	1198	1095
FBGN0020660	12177	15651	13072	19208	20618	17234
FBGN0036774	1788	1934	2250	2148	1901	1778
FBGN0085274	0	6	0	7	5	10
FBGN0052255	45	35	71	404	272	282
FBGN0035468	70	29	24	21	9	20
FBGN0036715	18155	19672	20281	13605	13474	13447
FBGN0035697	4	4	16	18	17	20
FBGN0052437	15	24	34	30	10	12
FBGN0036551	19	27	25	200	123	112
FBGN0085288	7	40	4	16	20	17
FBGN0052214	11	3	16	77	57	47
FBGN0035692	4256	4549	4441	5954	5848	5170
FBGN0035865	880	985	1069	462	527	366
FBGN0043783	42	66	40	128	79	68
FBGN0029091	103	49	113	74	65	67
FBGN0035944	1061	1145	897	1306	1282	1246
FBGN0027945	876	1035	1048	1383	1373	1214
FBGN0001134	40	39	21	15	65	62
FBGN0040636	19	28	10	45	6	16
FBGN0036809	13	17	23	8	10	13
FBGN0004390	12639	12639	13078	10543	9987	9329
FBGN0270926	830	1346	1254	1179	1099	783
FBGN0014007	13516	15321	14811	11987	12085	11043
FBGN0035955	75	73	26	90	7	28
FBGN0036876	22	16	16	46	21	16
FBGN0036549	570	682	815	672	609	536
FBGN0027594	7337	7913	8161	6238	6057	5470
FBGN0262528	1	9	6	1	4	1
FBGN0052213	18	23	43	42	47	28
FBGN0036397	977	1194	1036	895	826	737
FBGN0020643	2093	540	1587	284	230	220
FBGN0085294	33	22	63	27	81	24
FBGN0027567	36526	42288	42127	37625	36229	31760
FBGN0035508	227	171	166	101	143	106
FBGN0035753	62789	76056	81316	59443	53061	45980
FBGN0052227	144	72	190	124	148	160
FBGN0053062	131	196	166	314	371	305
FBGN0011284	87249	99696	108474	96577	91884	81851
FBGN0001223	445	582	410	553	666	694
FBGN0000356	13	8	2	19	7	0
FBGN0036327	16	0	11	10	10	13
FBGN0036783	6	0	1	4	22	4
FBGN0036877	25	10	11	76	63	44
FBGN0035526	7731	8265	8470	7300	6421	6317
FBGN0052413	13	13	4	10	3	12
FBGN0029514	882	967	843	867	922	727
FBGN0011361	3219	3394	3672	3724	3499	2555
FBGN0002283	1703	2268	1982	1867	1778	1680
FBGN0052450	14	5	16	19	6	7
FBGN0035524	3570	4371	4510	5715	5364	4938
FBGN0266591	13	0	0	13	14	2
FBGN0004244	52	62	61	61	45	43
FBGN0035486	87	88	66	663	468	460
FBGN0035547	39	43	40	71	27	36
FBGN0268063	8180	8185	8338	4681	4363	4908
FBGN0036405	1249	1262	1502	1357	1520	1361
FBGN0035193	152	146	171	215	130	183
FBGN0037082	1310	1578	1320	2286	2517	1953
FBGN0036250	37	17	19	32	14	14
FBGN0036463	2664	3562	2945	3426	3036	2846
FBGN0262890	18	29	23	35	25	24
FBGN0035164	855	1060	951	1469	1413	1211
FBGN0052423	6372	7488	7007	5506	5286	5124
FBGN0266977	0	5	0	5	0	3
FBGN0036853	1273	1130	1420	1263	1318	1123
FBGN0036277	1107	1281	1381	2414	2263	1940
FBGN0287183	1429	1979	1248	2016	2195	2020
FBGN0036159	14	7	8	1	18	8
FBGN0035273	31	42	33	42	17	10
FBGN0265574	9747	10597	11150	10592	10621	8704
FBGN0052022	690	751	718	880	961	764
FBGN0036039	1406	1610	1409	1284	1267	1165
FBGN0043865	65	21	33	44	32	49
FBGN0036335	950	1139	1074	1711	1469	1329
FBGN0053767	7	5	26	0	1	0
FBGN0036496	37	7	8	15	1	0
FBGN0035854	944	1196	1127	1132	1298	1103
FBGN0261555	13202	13658	14513	11354	11989	10619
FBGN0035849	1263	947	1015	1163	982	884
FBGN0035414	1392	1535	1603	1760	1911	1522
FBGN0036619	70	82	17	51	42	43
FBGN0052081	33	19	9	40	23	29
FBGN0035724	77	66	47	47	69	52
FBGN0036959	211	314	307	394	462	282
FBGN0035689	3612	3551	4020	3597	3267	3030
FBGN0003459	4073	4621	5007	3237	3256	2988
FBGN0037188	4769	5133	5343	3901	3535	3271
FBGN0259973	1	3	6	9	1	3
FBGN0000551	28	7	30	34	6	16
FBGN0003373	45389	451695	20716	62362	67799	49038
FBGN0262057	5902	6900	7466	4509	5181	4331
FBGN0037027	9163	10048	10256	8806	8519	7553
FBGN0024889	4038	4612	4588	4940	4543	4022
FBGN0036666	6465	7246	7059	7651	7732	6356
FBGN0085455	15	0	2	60	37	53
FBGN0259239	34	16	40	22	26	28
FBGN0035229	3450	3850	3771	3004	2737	2695
FBGN0052442	470	557	585	590	582	500
FBGN0025558	455	468	433	546	588	605
FBGN0005564	101	126	126	109	112	99
FBGN0036566	3922	4801	5099	4310	4385	3985
FBGN0053690	9	4	12	15	21	8
FBGN0036711	3	7	10	22	6	16
FBGN0029121	349	500	447	767	547	451
FBGN0035237	15587	17166	18021	11042	10799	9971
FBGN0035588	912	829	1122	1021	822	818
FBGN0262894	2	14	2	0	0	4
FBGN0022936	1810	1931	1816	2117	2228	1826
FBGN0036545	464	473	558	357	535	436
FBGN0037197	22	6	10	13	4	21
FBGN0286213	24506	28698	28990	22418	21404	18740
FBGN0085599	217	177	166	203	221	294
FBGN0035781	40	18	53	28	50	16
FBGN0014343	14181	15730	15808	9984	9372	8892
FBGN0035886	74	34	30	8	87	60
FBGN0000100	135683	148539	164697	160826	150942	131595
FBGN0036205	51	61	45	127	95	65
FBGN0037183	26	24	12	26	24	10
FBGN0035257	58	42	83	34	64	16
FBGN0035260	202	324	350	195	135	94
FBGN0052176	3110	3279	3597	3731	3781	3398
FBGN0035850	3185	2863	3440	2961	2798	2194
FBGN0036768	48	32	11	118	83	49
FBGN0035198	22	6	13	5	15	6
FBGN0052074	49	18	14	8	10	9
FBGN0037171	6	17	2	8	26	11
FBGN0003683	28	23	19	39	17	17
FBGN0036717	18477	10182	13532	40557	33052	28088
FBGN0036468	13	6	4	0	19	11
FBGN0035601	4920	5513	5111	6859	6319	5738
FBGN0036350	29	5	3	14	7	23
FBGN0035603	1625	1767	1733	1882	1757	1805
FBGN0036028	1165	1425	1650	1570	1418	1281
FBGN0284221	10201	11397	12447	7415	7095	6513
FBGN0052333	102	58	119	67	102	80
FBGN0052202	556	758	522	777	844	558
FBGN0035858	9	37	59	450	403	371
FBGN0052283	2	0	1	10	6	8
FBGN0036395	516	564	702	503	557	535
FBGN0036160	17	16	10	12	30	1
FBGN0041096	14118	15870	15690	11391	10579	10263
FBGN0035430	1324	1691	1927	2653	2225	2221
FBGN0036480	5879	6832	6649	5620	5489	4381
FBGN0036828	5174	6172	6593	5355	5139	4656
FBGN0035978	4126	4468	4234	4058	4031	3613
FBGN0041625	25	9	2	11	27	8
FBGN0036575	23	33	18	0	30	2
FBGN0037165	72	44	32	55	55	48
FBGN0000543	3981	5209	4920	3970	3905	3441
FBGN0053702	0	3	0	5	7	3
FBGN0011205	2096	2295	2013	2239	1965	1910
FBGN0052412	186	143	106	154	142	114
FBGN0259970	0	4	0	0	0	0
FBGN0053052	1493	1709	1646	1240	1564	1267
FBGN0053270	33	18	20	28	6	4
FBGN0036875	71	59	110	181	284	253
FBGN0015618	1868	1873	1652	1991	2052	1356
FBGN0035539	4226	3991	4778	2691	2725	2635
FBGN0052137	2004	2417	2292	1987	1889	1806
FBGN0053061	2	0	11	14	13	9
FBGN0036479	82	19	19	68	60	37
FBGN0260049	8615	10597	11020	10178	8644	7883
FBGN0036328	26	10	10	31	45	6
FBGN0027569	3164	3032	3336	2855	2912	2738
FBGN0036214	36	11	2	14	14	12
FBGN0085457	11	8	13	6	3	23
FBGN0035807	4268	4741	4570	3510	3331	3208
FBGN0261602	124969	135180	150722	110342	101706	94549
FBGN0087039	1734	2191	1862	2856	3067	2471
FBGN0028418	7	3	9	12	10	24
FBGN0287423	26	16	22	41	26	50
FBGN0040056	1309	1578	1472	1834	1876	1722
FBGN0041232	48	18	26	16	20	23
FBGN0052240	11	14	2	18	12	2
FBGN0036173	685	845	888	1097	1108	810
FBGN0004514	36	32	11	43	33	30
FBGN0036492	36	13	9	17	40	21
FBGN0035825	1768	1692	1656	1636	1428	1408
FBGN0053217	4326	5310	4670	6253	6734	5856
FBGN0036916	1949	2013	1754	2737	2679	2212
FBGN0036833	86	18	12	15	30	15
FBGN0036980	4581	4857	5295	3657	3747	3076
FBGN0003388	177	265	254	156	146	85
FBGN0036248	1750	2266	2308	2732	2817	2568
FBGN0053265	398	319	83	108	263	160
FBGN0052351	63	31	12	48	49	13
FBGN0286872	1	0	0	0	2	2
FBGN0086254	5838	6677	6185	4625	4192	3558
FBGN0085482	94	32	59	63	82	24
FBGN0037025	12357	13614	12707	11646	11694	9904
FBGN0035589	930	925	684	926	987	792
FBGN0037057	78	56	105	145	205	124
FBGN0053556	4031	4171	3822	2398	2430	2398
FBGN0004592	1422	13835	946	2348	4412	2965
FBGN0025874	1439	1721	1742	1589	1567	1339
FBGN0035147	1479	2146	1892	1674	1447	1213
FBGN0036892	4701	5571	5628	8943	9134	7834
FBGN0035932	21	1	12	22	15	14
FBGN0035236	5642	6666	6508	5700	6156	5513
FBGN0037044	785	989	1242	660	620	497
FBGN0015359	2822	3339	3225	2849	2829	2607
FBGN0035934	70	73	53	93	72	91
FBGN0052350	2925	3558	2740	4363	4427	3729
FBGN0036567	20	36	18	6	16	10
FBGN0039977	3005	3566	3291	4694	5303	4575
FBGN0259932	1205	1423	1229	1792	1657	1398
FBGN0053764	9	20	4	8	20	5
FBGN0001104	8374	9156	9466	7078	6777	6575
FBGN0015298	1149	1568	1501	1941	1870	1722
FBGN0035497	1408	1683	1479	1234	1185	980
FBGN0036106	63	52	102	60	76	66
FBGN0036157	50	12	7	27	4	26
FBGN0036212	333	385	383	536	326	408
FBGN0260756	181	335	514	264	190	204
FBGN0035400	1528	1610	1593	1458	1338	1370
FBGN0035469	1559	1957	1555	2256	2205	1853
FBGN0035830	7698	7878	8916	9756	9883	8132
FBGN0036144	301	127	108	568	480	390
FBGN0035343	28	34	60	30	18	23
FBGN0052225	28	7	43	10	8	27
FBGN0027111	4274	4609	4008	4122	3877	3285
FBGN0053490	49	27	5	27	47	21
FBGN0036032	7260	7510	7795	5464	5566	4868
FBGN0036183	5	0	7	4	11	20
FBGN0037022	1346	1677	1561	1766	1528	1525
FBGN0017579	48349	57467	60116	51319	49228	42191
FBGN0014849	15	14	14	2	9	3
FBGN0263456	48	86	40	57	77	71
FBGN0261634	2	3	1	8	16	20
FBGN0036510	1686	1859	2089	2215	2256	1730
FBGN0086906	14219	13850	13646	10300	9225	8058
FBGN0035205	12462	13933	13976	10417	10033	8739
FBGN0036227	40	4	261	70	28	36
FBGN0035145	9831	10933	10913	9576	8003	7156
FBGN0035168	165	322	226	179	178	163
FBGN0263930	21903	24323	24666	22312	20570	19260
FBGN0036612	190	128	147	76	110	94
FBGN0083992	813	912	1083	1599	1145	1065
FBGN0036761	3353	4318	4036	3394	3369	3063
FBGN0035673	30	3	0	6	18	27
FBGN0260026	251	257	241	240	303	249
FBGN0041630	8046	9313	9966	7807	6968	6372
FBGN0036141	4513	5047	5056	5354	5200	4991
FBGN0035428	70	39	29	42	17	19
FBGN0053169	272	335	246	204	311	180
FBGN0035688	13012	14561	14088	14060	12647	11402
FBGN0259676	2670	2716	3252	2137	1960	1906
FBGN0036819	246	200	197	331	218	218
FBGN0035445	100	54	78	76	47	82
FBGN0028648	1044	1124	1408	1600	1714	1201
FBGN0010408	49919	54582	62584	37666	37113	33400
FBGN0037067	24	14	6	16	16	25
FBGN0035359	34	17	8	23	31	5
FBGN0036932	1671	1577	1623	2036	1992	1682
FBGN0036349	45	2	0	1	7	24
FBGN0036416	511	659	522	499	474	671
FBGN0010223	62	39	37	30	30	33
FBGN0036661	8195	8518	8656	10451	10674	9283
FBGN0022702	9003	10430	11391	8730	8591	7745
FBGN0001078	3973	2844	2644	1218	1024	844
FBGN0036921	11554	13530	12771	16432	17202	13268
FBGN0036814	10026	11922	9825	9545	8615	8039
FBGN0037028	935	1060	903	1255	1491	1253
FBGN0036723	49	8	32	23	24	22
FBGN0004396	7642	8494	7903	7298	7013	6738
FBGN0052263	28	1	0	0	26	14
FBGN0035906	5248	5790	5808	6023	5981	5374
FBGN0000261	16639	20900	19345	19473	18056	17194
FBGN0035983	2069	2321	2605	1913	1910	1704
FBGN0036834	57	30	20	49	44	46
FBGN0260862	434	456	644	460	457	383
FBGN0064766	3601	3895	3952	3691	3307	3083
FBGN0036082	22	19	4	16	11	16
FBGN0001323	1643	1789	1718	1746	1660	1584
FBGN0036320	6	8	12	9	16	19
FBGN0035604	83	50	28	62	43	31
FBGN0266099	62	21	19	12	38	49
FBGN0035931	28	12	5	6	50	24
FBGN0037046	395	747	594	907	759	701
FBGN0053272	23	9	15	0	3	1
FBGN0283503	4980	5235	5518	4385	4097	3708
FBGN0035644	1622	1951	1998	1623	1225	1229
FBGN0016694	1004	959	899	734	733	573
FBGN0037102	2455	2489	2555	3423	3929	3381
FBGN0035575	21	46	38	54	18	17
FBGN0261872	12451	13634	13272	12105	12191	10451
FBGN0035986	5190	5494	5711	4380	3949	4136
FBGN0011204	2594	2729	2703	1998	1848	1507
FBGN0285951	653	1022	771	1008	1157	835
FBGN0036239	7641	7770	8762	6847	7177	6420
FBGN0035150	2265	2041	2253	2400	2318	1956
FBGN0036187	2371	2987	2623	3532	3480	3011
FBGN0020887	8164	8531	9018	7125	6835	6010
FBGN0037100	56	34	30	5	53	18
FBGN0028664	125	175	182	346	352	309
FBGN0035420	5846	6816	6698	5348	5150	4844
FBGN0036609	4	21	3	1	7	11
FBGN0036740	2023	2360	2250	2751	2917	2454
FBGN0036911	864	1044	847	1217	1136	1061
FBGN0035138	16	9	22	7	5	25
FBGN0036648	3039	4571	4780	3215	3142	2648
FBGN0046793	22	4	22	10	15	8
FBGN0003124	18264	19879	19774	17362	17802	15260
FBGN0052428	1566	1832	1825	1434	1609	1478
FBGN0011836	6459	7103	6702	7587	7013	6031
FBGN0036638	12	2	3	2	16	14
FBGN0037015	24	7	6	44	15	30
FBGN0261722	2663	2945	2699	2886	2303	2335
FBGN0025702	256	275	254	232	277	228
FBGN0036044	43	40	35	49	35	35
FBGN0036835	36	24	10	21	11	12
FBGN0036260	15	21	8	24	28	25
FBGN0035398	5370	4902	5679	2808	2631	2431
FBGN0000489	1471	1502	1434	1165	1334	1146
FBGN0036505	2393	2504	2398	2449	1933	1999
FBGN0028379	23	17	24	9	13	19
FBGN0036203	185	126	141	88	110	39
FBGN0054056	2075	2575	2625	1953	2035	1840
FBGN0036571	2017	2098	2583	2321	2755	1919
FBGN0053271	39	8	1	11	2	0
FBGN0035251	8936	9877	11083	8638	8452	6718
FBGN0036324	10	4	8	17	0	4
FBGN0052133	35455	35039	34070	25837	24753	21789
FBGN0036848	2287	2343	2499	2248	2156	1878
FBGN0014850	4	0	0	0	0	4
FBGN0036563	90	52	58	43	63	56
FBGN0036406	637	1019	918	811	825	642
FBGN0027903	2142	2370	2439	1917	1909	1637
FBGN0035845	99	74	67	110	97	102
FBGN0261401	26	27	21	36	40	25
FBGN0003744	3669	4551	4611	4310	4149	3411
FBGN0035101	2396	2503	2566	2391	2059	1976
FBGN0035581	259	211	130	170	258	177
FBGN0023000	5214	5961	5382	6464	5858	5779
FBGN0037129	21	0	4	19	31	2
FBGN0035852	17	6	0	17	19	17
FBGN0036078	21	9	19	24	8	10
FBGN0263131	195	92	75	95	131	142
FBGN0036624	13474	13971	13990	12197	11069	10204
FBGN0046301	1531	1255	1633	1469	1331	1151
FBGN0036240	1033	806	1095	1239	1379	1098
FBGN0053500	10	3	0	6	7	20
FBGN0035333	2881	3561	3696	3392	3036	2927
FBGN0016756	25193	25719	27878	21202	20296	19191
FBGN0035842	3315	3613	3712	2965	2930	2775
FBGN0037178	3	11	11	24	6	11
FBGN0035208	26	24	5	36	13	24
FBGN0024945	1767	1728	1742	1958	1787	1730
FBGN0053289	26	11	18	12	25	25
FBGN0262008	42	22	10	42	31	6
FBGN0262893	18	17	10	23	10	20
FBGN0035815	92	47	139	43	108	76
FBGN0267390	14079	15834	15749	11086	10737	9769
FBGN0011706	555	569	406	817	1043	861
FBGN0035511	10	1	9	11	1	11
FBGN0260967	15	4	5	4	3	3
FBGN0287586	166	239	228	583	508	559
FBGN0265296	278	129	225	153	194	124
FBGN0035255	8	8	26	27	60	26
FBGN0036111	9523	10230	10785	8327	8544	7208
FBGN0003295	47	50	70	37	41	31
FBGN0287594	1324	1478	1249	1168	1376	1112
FBGN0263776	48	16	25	54	43	54
FBGN0261682	11	8	0	1	0	9
FBGN0259140	518	160	633	172	142	94
FBGN0036334	4038	5070	5081	5872	5473	4431
FBGN0052119	47	16	13	30	37	31
FBGN0015550	4	7	10	17	3	4
FBGN0044419	311	260	562	335	287	329
FBGN0250815	460	370	848	322	250	215
FBGN0036493	135	120	119	481	360	356
FBGN0040795	6	15	5	4	3	2
FBGN0010747	6183	7039	7111	7832	7486	6873
FBGN0024814	4948	6662	6530	7312	6539	6406
FBGN0053689	18	7	13	18	2	21
FBGN0036925	40	12	13	12	36	10
FBGN0036958	28412	30192	30890	22144	22175	18850
FBGN0085289	9	14	10	11	8	17
FBGN0035167	364	312	353	412	254	263
FBGN0035661	36	14	22	13	40	7
FBGN0265455	16	6	0	0	0	7
FBGN0083976	1406	1317	1216	1549	1361	1233
FBGN0086348	10	39	49	39	16	10
FBGN0036824	5767	6718	6844	2630	2303	2180
FBGN0260857	560	812	575	791	725	577
FBGN0262508	194	221	76	306	315	180
FBGN0035643	62	58	43	12	41	56
FBGN0035993	4441	4630	4778	5017	5095	4519
FBGN0021768	4522	5025	5212	7323	7271	6182
FBGN0036897	3382	3415	3898	2695	2597	2427
FBGN0261953	59	137	382	45	91	77
FBGN0286979	46	5	31	30	69	41
FBGN0036437	14	43	9	15	0	6
FBGN0036553	10	11	2	732	510	464
FBGN0036709	38	13	16	25	7	21
FBGN0035587	33	15	13	7	3	50
FBGN0005658	64	19	36	35	45	25
FBGN0265959	71	33	29	82	48	34
FBGN0035440	1958	2295	2287	2296	2054	2065
FBGN0284421	6377	7681	7401	6608	6523	6246
FBGN0036565	3533	4053	3730	3585	3856	3225
FBGN0028667	10	9	15	10	6	16
FBGN0036035	4859	5164	5147	7536	7953	6581
FBGN0036134	21528	24032	23243	19147	17514	16046
FBGN0035357	23109	24948	24218	17600	16523	14894
FBGN0264699	60	12	14	54	82	51
FBGN0036552	24	19	24	12	22	6
FBGN0036454	359	316	490	1311	1055	899
FBGN0036584	36	10	21	2	21	9
FBGN0036992	40	11	17	22	23	23
FBGN0025725	17956	20886	21811	18310	17155	16337
FBGN0052066	1554	1725	1994	1568	1494	1390
FBGN0029094	3787	3957	4395	3066	2986	2583
FBGN0036978	55	22	58	63	55	34
FBGN0035248	173	114	88	235	217	283
FBGN0036641	3914	4765	4808	3565	3874	3784
FBGN0036414	75	40	84	48	26	46
FBGN0036110	7	13	1	17	12	5
FBGN0035139	79	74	138	37	25	58
FBGN0262482	64	100	98	90	47	34
FBGN0263035	0	27	2	23	6	33
FBGN0052447	8458	10063	8773	9772	9347	8571
FBGN0024179	6064	6405	6914	4066	4146	4049
FBGN0036592	43	32	26	54	95	31
FBGN0053766	34	17	0	1	7	9
FBGN0036208	44	3	16	6	32	18
FBGN0036733	2799	3022	2855	3368	3059	2839
FBGN0052409	4174	5039	5082	6801	7014	5824
FBGN0037176	2	1	2	28	9	43
FBGN0037039	6	8	6	11	2	16
FBGN0035666	27	10	0	14	14	38
FBGN0036426	21	4	3	0	3	4
FBGN0035323	640	760	793	1062	820	721
FBGN0260856	1159	1220	1243	1004	1199	927
FBGN0264711	7454	8308	7549	7947	6782	6844
FBGN0004880	107	84	241	64	44	60
FBGN0000017	14704	15524	15893	15524	14135	14036
FBGN0016070	6039	6535	6455	4860	4568	4171
FBGN0000358	32	6	36	28	28	13
FBGN0036805	2013	2764	2793	2677	2306	2354
FBGN0036469	6	8	1	6	33	5
FBGN0052037	39	12	10	7	40	7
FBGN0004372	20	13	10	22	43	19
FBGN0052279	5	4	0	17	8	19
FBGN0035111	6290	6578	6358	6315	6218	5443
FBGN0052304	23	14	9	16	19	0
FBGN0036727	6	12	23	58	32	33
FBGN0036153	33	25	10	21	12	22
FBGN0036956	27	22	19	30	21	33
FBGN0026371	4716	5187	4823	4684	4747	4519
FBGN0036319	69	41	50	55	73	51
FBGN0036836	103	138	120	130	137	153
FBGN0036746	7881	8227	7903	6825	6192	5424
FBGN0045479	354	436	266	2310	2187	1698
FBGN0261381	2547	2601	3236	4230	3936	3500
FBGN0036851	69	99	76	78	61	68
FBGN0036316	3805	5063	4591	4710	4000	4112
FBGN0000592	65	7	32	21	32	22
FBGN0036757	30	31	34	11	45	14
FBGN0037174	11	12	18	54	8	59
FBGN0027615	1664	1641	1871	1870	1375	1595
FBGN0035358	5	7	11	0	8	17
FBGN0036116	82	42	22	74	30	71
FBGN0262361	10	1	0	7	10	7
FBGN0035435	228	258	304	201	263	340
FBGN0053969	798	852	931	1241	1029	904
FBGN0028699	52	36	15	17	41	29
FBGN0036438	11	1	0	0	3	3
FBGN0035321	719	781	949	948	884	803
FBGN0086900	20	42	23	45	36	17
FBGN0262732	5967	6143	6550	9930	9157	7886
FBGN0010348	23809	26884	23468	30459	31521	29508
FBGN0035970	21	5	20	9	9	28
FBGN0002564	11329	12840	5753	24257	23016	19128
FBGN0023174	11582	14481	14676	15567	14815	12366
FBGN0024177	7	10	8	8	8	13
FBGN0010387	1	3	3	14	11	14
FBGN0004591	18	27	5	1	0	17
FBGN0036271	1065	1145	1135	1460	1236	1060
FBGN0028577	9609	10348	11891	8317	7504	7951
FBGN0288810	10	17	5	32	31	16
FBGN0262737	11273	13734	13568	10419	10116	9324
FBGN0028978	5452	5836	6272	7910	7476	6105
FBGN0001324	16904	18707	18733	13682	12790	11381
FBGN0264566	3	0	0	12	2	0
FBGN0011787	2903	3277	2914	4480	3876	3267
FBGN0053769	3	2	22	7	4	12
FBGN0037105	1688	1746	1539	1772	1617	1628
FBGN0035645	27	16	16	6	21	18
FBGN0036118	228	281	172	275	325	196
FBGN0036529	175	105	216	112	74	94
FBGN0036581	938	1221	1082	1683	1575	1499
FBGN0036655	40	14	9	1	10	17
FBGN0035426	10	12	1	47	3	18
FBGN0005633	13	23	1	0	8	7
FBGN0036236	9	3	2	30	14	5
FBGN0250816	65	91	108	302	289	242
FBGN0262021	23	5	3	7	6	1
FBGN0025820	527	562	635	486	531	443
FBGN0053284	0	16	19	5	4	8
FBGN0036255	242	298	241	312	315	314
FBGN0035461	335	339	396	276	349	258
FBGN0015793	668	585	710	702	854	581
FBGN0035542	1710	1623	1902	1253	1137	972
FBGN0000451	143	156	123	72	181	138
FBGN0036813	2798	3014	3152	3162	3002	3084
FBGN0028416	4	10	6	1	6	7
FBGN0036759	29	11	18	112	100	66
FBGN0004108	5976	7134	7518	4826	4859	4578
FBGN0003943	149781	195054	191748	155658	147006	136897
FBGN0044452	6097	6833	6735	6485	6465	5422
FBGN0260874	271	289	179	389	380	308
FBGN0036497	34	16	0	0	18	4
FBGN0260644	0	5	2	13	1	2
FBGN0035787	29	36	16	37	15	15
FBGN0035122	1464	1461	1612	1414	1469	1154
FBGN0003410	2591	2728	3104	2321	2229	2150
FBGN0036945	17	4	14	36	34	16
FBGN0036557	2645	2857	2844	2681	2831	2458
FBGN0027055	3822	3972	4015	5006	4779	3921
FBGN0086680	48128	50098	51724	40104	37784	34453
FBGN0010786	1710	2090	2024	1402	1452	1392
FBGN0036229	79	41	36	26	57	17
FBGN0022935	7855	8384	8732	6398	6293	5291
FBGN0052847	96	68	49	49	97	85
FBGN0035471	4119	4371	4440	4008	4008	3583
FBGN0045823	24883	26237	24045	32028	28242	26576
FBGN0036179	47	18	2	42	14	19
FBGN0035254	908	958	980	933	900	949
FBGN0005626	152	400	198	1227	1319	1281
FBGN0036656	9	3	0	0	2	3
FBGN0259748	12	13	6	10	0	12
FBGN0036102	18	16	2	9	27	15
FBGN0036861	41	48	53	22	8	36
FBGN0087035	127524	128149	123490	150508	154067	134562
FBGN0035695	115	58	32	77	61	86
FBGN0035980	252	398	430	389	394	390
FBGN0041094	20734	24142	23025	15672	16274	14016
FBGN0036953	17	8	4	22	12	19
FBGN0035989	1507	1871	1835	1304	1252	1170
FBGN0035857	19	15	4	16	32	28
FBGN0036337	1825	1937	2453	2620	2424	1933
FBGN0283500	3459	3530	3844	4124	3658	3421
FBGN0264748	32	24	16	48	99	38
FBGN0035711	26	22	2	24	18	36
FBGN0036321	115	45	112	32	77	97
FBGN0264725	5	0	17	0	4	5
FBGN0035504	43	25	24	12	14	31
FBGN0052187	55	41	9	53	44	26
FBGN0022709	170	167	139	138	183	149
FBGN0283724	11738	12737	12897	9894	9513	8911
FBGN0035532	1918	1984	1726	2380	1973	1846
FBGN0053286	45	26	22	65	58	71
FBGN0262937	1314	1437	1658	1432	1254	1202
FBGN0035510	1945	2003	2154	1561	1533	1461
FBGN0261353	680	1085	1163	1551	1414	1315
FBGN0002842	25	19	12	10	14	6
FBGN0017430	1987	2389	2236	1912	1896	1386
FBGN0035957	144	91	72	196	204	200
FBGN0037018	618	651	472	625	671	634
FBGN0016036	106	58	62	60	35	66
FBGN0036354	4962	4928	5694	4015	3915	3293
FBGN0036986	21	32	0	18	24	23
FBGN0053965	21	15	4	37	22	11
FBGN0000404	10821	13108	12027	10354	10031	8888
FBGN0026376	3203	3667	3583	3150	2804	2313
FBGN0035476	26	18	5	8	33	12
FBGN0035777	145	107	66	53	71	37
FBGN0262788	8	14	0	2	3	9
FBGN0036769	603	528	413	559	457	464
FBGN0037020	2445	2844	2980	3695	3607	3240
FBGN0052484	3644	4460	4661	3693	3119	3388
FBGN0011335	2215	2283	2260	2688	2514	2092
FBGN0052476	68	36	32	121	36	61
FBGN0035767	1001	1468	1474	1106	1001	884
FBGN0036290	4069	5020	4623	15736	13646	12720
FBGN0035545	10	34	12	29	36	24
FBGN0000115	2748	2896	3284	3110	3094	2674
FBGN0013342	38	32	34	37	54	35
FBGN0036580	2169	3115	2662	3590	3694	2780
FBGN0036822	38	22	10	0	29	17
FBGN0035713	25530	27100	28055	20583	19604	18285
FBGN0025682	2998	3675	3974	3259	3054	2598
FBGN0041623	55	26	18	9	41	20
FBGN0036176	13	15	0	15	5	5
FBGN0036696	440	677	489	683	623	569
FBGN0010452	11348	11829	13042	10023	9396	8995
FBGN0020509	4	3	0	0	4	9
FBGN0052150	189	258	294	138	216	229
FBGN0020640	10	3	1	0	3	12
FBGN0052141	424	485	421	476	402	395
FBGN0265268	38	24	80	4	39	33
FBGN0035570	2	1	3	18	5	3
FBGN0004516	22	27	4	7	26	23
FBGN0035192	28	37	23	26	24	30
FBGN0027790	11289	12014	10843	10578	11301	9351
FBGN0035928	16	11	18	20	48	48
FBGN0036152	1392	1661	1475	1332	1179	1025
FBGN0040060	137	68	312	117	127	92
FBGN0054025	6	27	9	3	20	24
FBGN0020765	5	10	8	17	1	14
FBGN0052405	10	8	7	10	4	12
FBGN0040828	14	4	10	0	1	0
FBGN0262592	2	12	11	24	3	15
FBGN0036680	4	11	20	53	26	40
FBGN0053234	43	10	14	25	50	21
FBGN0015829	2191	2550	2489	2176	2264	1968
FBGN0040696	22	18	17	46	14	27
FBGN0041160	778	913	952	699	712	486
FBGN0020645	7	11	0	0	3	3
FBGN0262984	0	4	0	2	18	5
FBGN0036516	4472	4865	5034	6032	5390	5060
FBGN0263603	11025	12853	13318	10779	10616	9610
FBGN0052344	6632	7687	7838	9161	8235	7247
FBGN0036640	1867	2236	2112	2553	2572	2218
FBGN0040816	0	6	3	2	7	6
FBGN0036145	44	10	4	53	45	18
FBGN0041164	7105	7586	7871	7203	7022	5978
FBGN0028668	31	9	0	13	1	2
FBGN0264693	19828	22037	21742	15609	15321	14547
FBGN0061515	5082	6158	5479	6494	6326	5484
FBGN0035355	164	135	241	244	175	208
FBGN0015585	0	5	5	0	8	13
FBGN0035766	8977	9661	9373	8290	8558	6950
FBGN0036665	172	288	290	166	225	150
FBGN0262842	5	0	0	8	6	0
FBGN0036820	430	532	352	737	776	607
FBGN0052082	4448	4219	4839	2321	2267	1950
FBGN0004380	1774	1777	1862	2096	1932	1674
FBGN0035203	2089	1957	1937	2884	2361	2217
FBGN0263106	8103	9379	8253	7228	8172	6897
FBGN0052069	640	687	720	446	543	559
FBGN0036910	10	21	48	30	12	18
FBGN0020641	12	32	18	10	3	8
FBGN0260008	1151	1770	1113	2704	2154	1922
FBGN0036323	25	15	35	31	5	21
FBGN0036602	59	62	53	64	49	35
FBGN0028504	1186	1384	1255	1349	1292	1163
FBGN0042712	4290	4909	5088	8083	7559	6412
FBGN0266456	39	40	40	44	87	39
FBGN0085273	12	8	8	13	3	18
FBGN0052195	178	198	294	184	146	179
FBGN0023001	8681	8571	8965	6925	6747	6037
FBGN0260431	139	220	191	168	205	159
FBGN0035719	75	36	105	66	20	67
FBGN0036015	7	0	24	21	4	5
FBGN0035110	2514	2672	3160	3025	2950	2562
FBGN0264000	76	58	34	50	38	37
FBGN0035805	865	1097	927	2501	1724	1616
FBGN0036950	24	13	2	18	6	13
FBGN0045477	92	62	115	573	599	435
FBGN0036747	117	48	46	34	45	92
FBGN0052270	8	4	6	1	12	25
FBGN0035702	316	229	477	308	271	272
FBGN0035769	4967	5483	5724	4208	4518	3721
FBGN0036685	9455	9925	10286	9398	9008	8004
FBGN0036340	16863	18529	20243	13281	13016	12408
FBGN0052365	750	964	873	822	775	746
FBGN0004427	70	74	131	56	33	41
FBGN0026418	26416	29430	28970	26322	27155	23899
FBGN0036156	24	23	4	20	6	4
FBGN0037175	8	5	5	0	2	22
FBGN0263601	6516	7648	7641	5741	5503	5256
FBGN0036920	704	1139	942	1126	1018	1031
FBGN0040507	76	28	46	47	86	63
FBGN0020251	2482	3174	3514	2433	2489	2009
FBGN0003041	9202	10230	10891	8371	7961	7153
FBGN0042630	61	34	30	26	44	59
FBGN0037207	609	716	722	603	447	535
FBGN0036766	8	20	0	2	32	22
FBGN0036887	966	967	1057	1493	1199	1226
FBGN0266136	4936	5867	5693	3701	4094	3469
FBGN0036461	57	48	53	438	385	262
FBGN0036403	56	6	42	20	61	33
FBGN0035968	101	109	43	142	218	98
FBGN0036998	965	1198	1336	880	1154	919
FBGN0004593	5	11	0	11	6	3
FBGN0035736	10	8	0	6	7	4
FBGN0004167	75847	81619	80370	55357	52513	49850
FBGN0052182	20	48	13	34	6	39
FBGN0005198	6800	7244	7944	5537	5718	5337
FBGN0036112	18	6	2	12	2	11
FBGN0036979	46	122	66	79	63	54
FBGN0035103	8432	8549	8258	8065	8190	7111
FBGN0037138	7208	7806	8032	6796	5620	5174
FBGN0085282	18	46	9	140	204	199
FBGN0036785	46	21	59	22	32	19
FBGN0010246	5143	5699	5810	5094	4733	4567
FBGN0036544	41	24	97	70	64	51
FBGN0052438	5958	6743	6219	7374	7178	6713
FBGN0037200	1432	1884	1481	1537	1763	1331
FBGN0259703	24	3	30	9	22	38
FBGN0263761	2	7	0	0	5	2
FBGN0037141	2767	2718	2997	3446	3292	2773
FBGN0035455	40	14	13	16	3	12
FBGN0052079	8	15	14	35	28	10
FBGN0052392	108	66	166	74	69	59
FBGN0005386	12298	13470	12437	9973	9039	8386
FBGN0260430	63	8	62	47	26	34
FBGN0036576	14123	13809	14367	12405	11531	9967
FBGN0016013	104	86	34	88	120	37
FBGN0000629	4361	4810	5598	4234	4029	3597
FBGN0058160	3717	4466	4354	5671	4863	4042
FBGN0035371	6088	7255	8335	6173	5655	5266
FBGN0035585	5	3	15	2	15	30
FBGN0016696	12639	14305	14697	12372	12232	10907
FBGN0024804	12346	15257	11804	19872	18836	18052
FBGN0035397	12885	13305	14035	9655	9049	8955
FBGN0263607	391	415	360	274	312	316
FBGN0052425	5291	5246	5683	4625	4074	3844
FBGN0052113	6682	7835	6923	6486	6391	5621
FBGN0035768	117	95	104	78	62	33
FBGN0035985	578	290	376	908	783	607
FBGN0052040	16	24	28	3	24	16
FBGN0261816	19	8	3	0	22	6
FBGN0052462	13	9	17	17	5	12
FBGN0036677	981	1534	973	1480	1466	1102
FBGN0261997	12	0	4	1	7	16
FBGN0037092	2614	3127	2818	3165	2680	2455
FBGN0053057	312	205	355	232	314	224
FBGN0262870	251	168	190	385	334	225
FBGN0042178	14708	16126	16968	16209	15141	13481
FBGN0003292	2759	2949	3396	1570	1649	1693
FBGN0036451	26034	26614	28112	19600	18236	16653
FBGN0036202	38	15	63	18	15	33
FBGN0052072	12	5	12	20	36	17
FBGN0036593	93	22	5	42	60	40
FBGN0041709	38	14	13	23	15	24
FBGN0052102	7	11	0	4	8	2
FBGN0266540	68	153	87	173	130	92
FBGN0260653	12459	13727	14915	15728	15330	13819
FBGN0025455	12741	14665	13948	10886	9680	8943
FBGN0052278	935	1154	994	1764	1592	1188
FBGN0052452	3311	3677	3558	3470	3696	2960
FBGN0020224	4185	4268	4919	2968	3408	2948
FBGN0037191	9	14	21	18	24	11
FBGN0024194	1303	1243	1522	1661	1458	1392
FBGN0025776	16	21	15	48	17	22
FBGN0036780	29	12	1	16	27	7
FBGN0036838	2825	2934	2802	3127	2978	2557
FBGN0037144	80	123	45	72	51	106
FBGN0036654	51	22	25	30	33	38
FBGN0035608	15	16	12	8	16	19
FBGN0016081	13571	15044	14161	11412	11149	10223
FBGN0035594	24	13	0	24	28	14
FBGN0053971	644	582	709	644	487	477
FBGN0036142	166	203	153	310	168	197
FBGN0035176	32	22	26	40	51	60
FBGN0035360	44	10	48	64	58	25
FBGN0052302	24	19	9	0	1	24
FBGN0004414	5	3	8	1	7	6
FBGN0026061	236	415	145	292	252	350
FBGN0085371	51	41	10	27	18	29
FBGN0037117	1415	1508	1453	1495	1688	1274
FBGN0040805	2	6	14	15	33	17
FBGN0037013	17	17	24	15	14	18
FBGN0035949	4	12	1	10	16	14
FBGN0035239	65	26	32	65	24	18
FBGN0036893	411	609	596	866	717	692
FBGN0052054	50	38	15	22	20	14
FBGN0027500	10088	9663	11294	7638	7413	6363
FBGN0053985	2	6	20	11	0	17
FBGN0058002	2006	2883	2185	5133	4078	4157
FBGN0260388	3357	2961	3260	2451	2948	2111
FBGN0036964	1223	1428	1621	1889	2088	1783
FBGN0017572	4260	5162	5440	4534	4519	4104
FBGN0036343	38	0	10	26	13	18
FBGN0035953	2448	2322	2581	2268	2107	1882
FBGN0052264	19545	22269	22064	14689	13177	12279
FBGN0036670	22	48	12	172	117	82
FBGN0035813	263	306	274	469	571	560
FBGN0086916	29	53	29	23	38	41
FBGN0001248	28528	32408	33915	26891	25859	23527
FBGN0035496	26	29	5	53	60	68
FBGN0003076	1862	1774	1997	2389	2077	1681
FBGN0000045	25	27	5	25	28	38
FBGN0263248	2	7	0	9	0	2
FBGN0262518	3731	4153	3961	3547	3467	3161
FBGN0015321	2981	2661	2951	3071	2973	2663
FBGN0037000	708	790	746	1105	1014	1093
FBGN0264001	108	40	66	47	52	97
FBGN0036485	28	52	39	7	52	37
FBGN0264489	616	670	522	966	1019	816
FBGN0035657	2	14	5	39	8	7
FBGN0042201	1	3	0	27	16	3
FBGN0036713	4	5	7	11	3	10
FBGN0036393	1	0	13	8	3	37
FBGN0035909	12853	15722	15503	14047	15027	12982
FBGN0036031	45	27	20	119	34	77
FBGN0035313	18	39	24	4	28	2
FBGN0002872	5638	6557	6175	5193	5413	4392
FBGN0035300	100	45	85	230	183	187
FBGN0036784	32	24	28	28	35	8
FBGN0052246	49	7	54	51	29	30
FBGN0052845	12	28	13	32	41	23
FBGN0037204	15	26	27	8	14	6
FBGN0036057	138	94	102	124	129	121
FBGN0035933	23	7	22	0	22	7
FBGN0053262	24	5	2	8	0	17
FBGN0263911	2181	2842	2955	2955	2904	2682
FBGN0264848	3561	3608	3682	5240	5341	4729
FBGN0027085	1347	1749	1874	2144	2154	1664
FBGN0035520	1291	1586	1530	1579	1431	1219
FBGN0036489	1500	2052	2019	2076	1942	1714
FBGN0035479	0	9	8	4	1	4
FBGN0036262	148	172	72	687	673	457
FBGN0262519	62454	71510	72471	58038	55650	49401
FBGN0015218	15071	16745	16949	18992	18629	16280
FBGN0035283	1338	1409	1302	969	851	899
FBGN0260660	1511	1753	1863	1173	1126	1117
FBGN0085480	45	24	9	22	23	12
FBGN0035817	154	122	135	45	81	89
FBGN0025866	1834	2445	2088	3619	3559	3157
FBGN0260859	819	993	1101	1115	1090	925
FBGN0085267	21	10	9	22	18	5
FBGN0035567	11	13	12	24	24	4
FBGN0036846	2021	3114	2649	3193	2726	2778
FBGN0024887	1615	1847	1807	2082	2069	1721
FBGN0036818	800	1113	920	995	834	684
FBGN0263251	2755	3198	3522	3573	3293	3359
FBGN0052354	272	332	238	264	243	139
FBGN0035622	3337	4423	3996	4189	3792	3564
FBGN0001259	3607	3726	4513	2849	2614	2210
FBGN0036520	38	21	0	22	16	16
FBGN0028697	47724	58111	53505	57714	58784	48520
FBGN0035348	52	58	20	511	392	356
FBGN0004619	84	22	21	67	43	22
FBGN0085295	1	11	9	0	0	0
FBGN0035669	10	5	3	0	6	21
FBGN0037151	195	195	193	435	303	345
FBGN0036790	34	32	25	38	19	38
FBGN0026409	11548	12429	13918	10743	10351	9377
FBGN0262580	84	32	5	25	1	21
FBGN0035262	955	1169	932	969	877	870
FBGN0283479	121	80	168	389	223	335
FBGN0047178	427	524	547	844	783	591
FBGN0036708	3	7	2	29	8	6
FBGN0036194	2183	2435	1958	2318	2031	2073
FBGN0261109	1891	2118	2638	2301	2206	1785
FBGN0035385	59	30	50	47	29	14
FBGN0262987	479	501	500	648	781	594
FBGN0016031	1832	1995	2039	4976	4603	4356
FBGN0284236	2	14	0	7	2	7
FBGN0036832	20	6	9	1	27	23
FBGN0261507	6	1	4	6	10	13
FBGN0036888	5889	6852	6384	6871	6258	5958
FBGN0052206	64	45	55	141	67	27
FBGN0262535	9	5	0	11	3	14
FBGN0029113	25014	28938	29764	26966	26085	23366
FBGN0260481	222	205	279	87	96	78
FBGN0037093	16195	17277	18386	13990	14381	12871
FBGN0035648	16	7	23	0	39	8
FBGN0082598	12213	12901	13687	10049	10355	9456
FBGN0052064	20	9	20	33	39	37
FBGN0264605	1303	1482	1438	1141	1200	992
FBGN0036501	429	447	352	436	437	377
FBGN0260393	10	11	4	21	4	0
FBGN0035337	1198	1561	1452	1890	1846	1657
FBGN0037064	20	18	19	19	7	3
FBGN0040634	40	68	45	84	87	57
FBGN0011591	14707	17516	17288	12083	12078	11243
FBGN0035554	9	4	8	18	8	4
FBGN0036600	25	30	24	52	22	23
FBGN0053489	24	17	12	0	38	21
FBGN0036837	2526	2670	2808	2528	2144	1885
FBGN0035952	42	41	49	55	20	32
FBGN0036361	13	0	6	35	16	26
FBGN0036121	243	389	344	560	637	568
FBGN0042177	19941	21766	22567	22175	21186	18406
FBGN0035267	8152	8932	9850	5959	5753	5770
FBGN0063667	30	14	39	59	45	44
FBGN0035244	1371	1711	1404	1580	1763	1469
FBGN0036083	60	11	36	15	26	11
FBGN0010350	1624	1937	1855	1719	1652	1481
FBGN0284444	8	4	11	7	10	3
FBGN0261536	19	2	0	5	20	0
FBGN0036716	65	38	27	54	44	43
FBGN0035211	790	832	666	660	787	817
FBGN0040797	11	17	11	7	38	13
FBGN0259200	1317	1343	1154	942	908	844
FBGN0052075	1350	1680	1386	2357	2490	2099
FBGN0036091	5	6	17	7	21	0
FBGN0266437	213	138	116	168	134	101
FBGN0036913	5200	5946	5878	4248	3821	3819
FBGN0015360	1562	1469	1694	1226	1343	1006
FBGN0035965	845	967	871	1126	1262	1073
FBGN0035833	407	632	565	393	197	260
FBGN0052068	301	485	270	605	549	503
FBGN0029152	5662	6422	6577	4393	4700	4560
FBGN0013718	11701	12309	12912	9915	9213	8434
FBGN0036364	32	47	55	34	99	73
FBGN0035522	4831	7069	5541	6059	5911	5942
FBGN0263199	846	856	1032	1141	1089	1048
FBGN0262516	2119	2312	2502	1934	1978	1857
FBGN0052318	1784	1967	2127	2071	1573	1536
FBGN0036778	66	22	31	94	70	57
FBGN0036643	175	248	250	158	352	199
FBGN0037037	116	18	46	85	90	102
FBGN0036874	24	13	16	68	23	6
FBGN0040799	19	6	8	59	19	33
FBGN0010909	31791	35293	35765	22913	22361	21420
FBGN0036756	41	49	27	172	77	110
FBGN0035557	363	362	384	209	244	220
FBGN0045770	30	25	11	16	15	28
FBGN0013717	3779	4538	4597	4331	4148	4026
FBGN0036133	1136	1439	1587	1652	1638	1596
FBGN0036367	14	17	0	0	3	5
FBGN0261556	11752	12460	11871	11483	11355	10311
FBGN0036686	8246	8988	9025	10562	10422	8202
FBGN0036951	45	23	26	11	1	12
FBGN0035552	96	67	192	192	128	283
FBGN0043550	84	2	40	121	145	158
FBGN0036787	31	43	31	150	140	128
FBGN0037069	30	11	2	6	20	17
FBGN0262139	6483	6440	6756	4810	4468	4311
FBGN0036734	7417	7675	8609	5829	5513	5568
FBGN0035926	7	8	4	0	8	2
FBGN0020412	9877	11808	11225	8033	8295	7967
FBGN0035143	27	18	3	4	10	41
FBGN0035763	2068	2195	2271	2557	2359	2172
FBGN0037081	4293	4783	4676	5430	5633	5122
FBGN0037128	288	296	270	510	431	433
FBGN0036502	336	256	256	462	372	413
FBGN0053260	1065	1142	1062	1201	1007	855
FBGN0036560	44	18	21	38	29	22
FBGN0036782	53	78	60	173	165	210
FBGN0035161	6	5	0	2	0	10
FBGN0037122	12	17	16	16	23	8
FBGN0036139	51	16	22	22	21	28
FBGN0261258	21702	24200	23547	18094	18319	16335
FBGN0035280	19	10	11	11	34	29
FBGN0036018	3449	4289	4379	6058	5453	4827
FBGN0036346	21	15	15	44	22	12
FBGN0036155	6005	5833	6536	4572	5213	4352
FBGN0037184	645	850	803	992	783	745
FBGN0037137	28469	32219	32187	27026	24930	21709
FBGN0036931	120	196	87	181	173	169
FBGN0036550	23	6	24	52	76	135
FBGN0035999	642	742	747	800	785	587
FBGN0035799	93	39	19	71	34	67
FBGN0262099	4	0	0	0	8	2
FBGN0035640	1744	2196	2068	2122	1701	1409
FBGN0266667	2201	2040	2315	2603	2401	2240
FBGN0036899	5188	5152	4740	5599	5588	4841
FBGN0035921	6	8	10	20	54	14
FBGN0036372	5460	6621	7311	6333	6539	5700
FBGN0036274	46	12	12	58	6	37
FBGN0036536	289	388	231	313	280	325
FBGN0005640	5689	7206	6480	6353	6158	5436
FBGN0026252	23985	25923	28071	29980	26832	23761
FBGN0052221	258	510	571	542	434	394
FBGN0035316	18	15	2	26	18	27
FBGN0052445	4	7	19	35	2	14
FBGN0036056	80	47	73	46	75	100
FBGN0035427	370	464	455	456	711	621
FBGN0036607	11	19	11	14	10	38
FBGN0036710	3795	4007	3966	4327	4451	3946
FBGN0016715	213	258	268	861	675	525
FBGN0260458	121	69	216	146	61	89
FBGN0035795	30	51	23	5	10	27
FBGN0035887	12	7	14	1	22	6
FBGN0002945	25046	27822	27545	22369	19689	18892
FBGN0036482	60	67	78	43	48	74
FBGN0036352	34	14	38	24	12	12
FBGN0036257	8488	9000	8953	9854	9135	8609
FBGN0035848	1005	1009	1131	1126	889	838
FBGN0004910	52	73	39	161	135	112
FBGN0052199	43	44	17	26	36	44
FBGN0260397	4109	4705	5017	3644	3996	3234
FBGN0261530	1655	1847	1988	3197	2597	2645
FBGN0037078	25	2	25	4	7	17
FBGN0036192	372	429	249	503	403	310
FBGN0053993	1411	1496	1627	1214	1291	1360
FBGN0036938	18	12	1	2	6	0
FBGN0035951	1980	2658	2587	2490	2380	2305
FBGN0036947	14	15	56	23	26	8
FBGN0020644	2099	545	1595	274	241	221
FBGN0052091	832	816	863	773	649	673
FBGN0011762	1008	1203	1111	1236	1334	1109
FBGN0267348	31026	33365	34582	21614	21180	19971
FBGN0036704	22	16	12	14	1	8
FBGN0026404	3624	4712	3765	8334	8505	8014
FBGN0036419	600	858	666	621	610	447
FBGN0036689	368	551	560	274	302	415
FBGN0261526	798	1157	937	557	508	542
FBGN0036879	30	23	7	4	4	2
FBGN0037115	315	233	279	372	337	303
FBGN0053926	4	22	9	54	48	86
FBGN0035372	1491	1725	1832	1711	1745	1689
FBGN0036177	4	11	7	0	2	1
FBGN0266757	103	101	89	83	98	91
FBGN0036831	35	11	15	28	32	15
FBGN0036538	1736	2141	2168	2254	2597	2382
FBGN0015805	26883	29415	28459	21629	23188	20034
FBGN0035923	1954	2340	2245	2631	2297	1965
FBGN0036799	12	13	12	37	2	13
FBGN0085290	156	273	158	236	254	184
FBGN0086611	25	13	37	19	11	11
FBGN0000212	35797	38416	38161	31444	29011	27158
FBGN0052232	61	66	29	27	29	32
FBGN0085456	40	3	14	3	4	12
FBGN0054057	112	119	77	80	102	82
FBGN0035704	2064	2198	1988	2007	1887	1729
FBGN0260657	90	77	26	76	68	48
FBGN0036094	10	32	5	26	1	15
FBGN0040291	2	3	13	5	5	22
FBGN0052179	691	926	892	1037	745	750
FBGN0035772	7957	9586	8577	10825	10615	9941
FBGN0020388	4957	5717	6022	13582	12015	10904
FBGN0035173	112	144	86	264	65	163
FBGN0000568	37848	40619	38874	30999	29328	28238
FBGN0036974	10619	13754	13073	15972	15224	13731
FBGN0015239	6730	7241	7569	7474	6829	6200
FBGN0035462	1805	1948	1838	1996	2023	1795
FBGN0035157	771	693	809	524	619	431
FBGN0035148	928	1038	1094	1348	1327	1164
FBGN0001224	19053	24794	19679	38619	35352	32279
FBGN0085297	5	6	4	14	12	1
FBGN0004888	9513	11313	10613	8606	7394	7003
FBGN0037140	92	59	13	90	73	37
FBGN0041194	71	53	22	569	434	336
FBGN0260646	3	15	9	11	14	6
FBGN0036891	319	425	346	419	420	395
FBGN0010825	41247	44992	46263	26979	27561	23821
FBGN0052391	50	9	23	13	16	11
FBGN0263606	282	264	229	264	431	341
FBGN0083068	35	30	55	59	81	72
FBGN0035945	3407	3763	4298	2788	2955	2575
FBGN0037164	1973	1930	2879	2009	1844	1868
FBGN0040074	18	2	13	12	13	12
FBGN0015904	10251	11872	12494	8770	8069	7769
FBGN0035233	362	441	295	359	303	307
FBGN0035954	1678	1726	1994	1286	1393	1179
FBGN0036258	18154	20413	21143	20352	19204	16888
FBGN0286893	3	1	4	0	7	11
FBGN0040475	4368	4259	4886	4933	4453	4199
FBGN0037107	26	17	27	19	22	26
FBGN0011653	12260	12016	11515	9651	9337	8082
FBGN0002778	1351	1745	1465	2248	1871	1829
FBGN0052376	25	15	5	0	12	7
FBGN0010235	6728	8188	7503	7459	7475	6442
FBGN0053983	8	30	3	4	1	29
FBGN0035607	156	60	86	171	108	82
FBGN0035844	31609	36432	33979	22709	23283	21104
FBGN0036801	3024	3381	3676	2261	2186	2034
FBGN0052407	24	23	6	100	87	90
FBGN0036687	65	28	69	26	45	33
FBGN0035831	731	677	637	807	707	715
FBGN0028999	72	14	74	33	30	12
FBGN0035256	38	22	28	17	11	44
FBGN0053710	11	1	3	7	3	1
FBGN0036286	3133	3249	3088	3019	2972	2616
FBGN0036391	77	55	84	59	37	31
FBGN0040322	192	148	141	314	322	338
FBGN0035529	430	417	356	661	550	435
FBGN0036591	13	17	32	28	3	19
FBGN0037001	4677	5294	5983	5946	5259	4854
FBGN0261635	9	4	0	8	2	1
FBGN0036342	677	635	595	907	974	825
FBGN0037076	172	312	319	149	187	157
FBGN0036498	9	8	7	7	25	17
FBGN0037008	552	637	503	654	583	746
FBGN0020637	65	28	44	39	16	22
FBGN0260965	5539	6547	5667	5313	5079	4880
FBGN0040298	1017	1469	1301	1371	1205	1018
FBGN0036366	849	991	1079	1075	656	704
FBGN0020638	60	30	29	38	18	17
FBGN0000541	68595	78783	70008	59575	60645	54285
FBGN0036263	2077	2251	2375	2637	2624	2093
FBGN0036085	9	6	6	11	9	5
FBGN0035551	151	87	53	2343	1897	1533
FBGN0053523	2993	3107	3208	3109	3089	2415
FBGN0035577	38	71	9	106	42	48
FBGN0035656	128	115	145	112	78	80
FBGN0036629	462	348	304	368	361	275
FBGN0259163	5336	5089	5453	3671	3369	3549
FBGN0036639	23	15	0	14	7	4
FBGN0035413	10	10	2	1	18	9
FBGN0036518	8706	9631	10383	6607	6406	6048
FBGN0052039	116	173	107	246	236	179
FBGN0052198	5	19	1	11	2	4
FBGN0035383	2568	3205	3395	2722	2687	2493
FBGN0027080	6266	7444	8010	6794	6163	5751
FBGN0035889	2888	2837	2842	3104	3405	2922
FBGN0000357	13	13	15	15	24	1
FBGN0036411	29	2	24	7	14	5
FBGN0036024	26	2	23	4	6	22
FBGN0035685	0	1	3	4	2	8
FBGN0052163	258	312	366	492	469	562
FBGN0011509	2435	2860	2723	2907	2550	2478
FBGN0015946	1	2	11	4	5	2
FBGN0263599	30446	32654	34200	39672	37302	33505
FBGN0035209	543	810	688	699	626	609
FBGN0035686	5	23	26	40	30	13
FBGN0036909	1067	1146	1022	1317	1393	1123
FBGN0035483	357	499	415	399	535	433
FBGN0036273	710	805	832	538	571	552
FBGN0261360	4969	5898	5704	3726	4112	3492
FBGN0036999	613	872	593	985	776	709
FBGN0266124	367	439	432	661	624	467
FBGN0010352	13872	15541	16099	13867	13087	11787
FBGN0036504	24	4	11	34	31	13
FBGN0036622	16	6	17	26	0	13
FBGN0261283	14415	14323	15976	11100	10713	9457
FBGN0036020	2314	2373	2608	2939	2985	2315
FBGN0035947	8216	8844	9295	9893	9654	8821
FBGN0261799	524	527	430	396	533	503
FBGN0036940	6	11	6	14	15	9
FBGN0040809	8	0	7	5	0	7
FBGN0010830	2324	2608	2382	2372	2283	1929
FBGN0264307	627	610	629	612	485	485
FBGN0040230	6518	7496	8114	4669	4436	4206
FBGN0036522	13490	16082	15509	12821	12523	10817
FBGN0035437	6906	7771	7986	6882	6247	5594
FBGN0036872	55	21	18	61	61	73
FBGN0262484	24	4	2	2	19	3
FBGN0259785	42833	46050	47164	34958	32560	28606
FBGN0260643	2	0	0	7	0	2
FBGN0261723	60	32	33	47	77	35
FBGN0035380	4	6	4	12	31	22
FBGN0035636	52	78	74	85	73	123
FBGN0035553	446	1098	527	1395	1819	1499
FBGN0037185	529	689	525	458	406	345
FBGN0035583	30	25	0	15	46	22
FBGN0020642	3	8	4	6	6	38
FBGN0036574	5250	6206	6400	5095	4017	4008
FBGN0035791	8	15	5	59	56	34
FBGN0262351	7	10	1	16	0	5
FBGN0250814	6643	8107	8571	8566	7224	6839
FBGN0036000	2913	3362	3137	2726	3007	2499
FBGN0036218	40	31	26	87	7	22
FBGN0020294	14478	16001	15873	11805	11415	9994
FBGN0035824	1009	1297	1419	1021	875	825
FBGN0037195	15	8	33	2	7	17
FBGN0036942	49	20	23	18	33	38
FBGN0035988	554	609	530	348	252	283
FBGN0052260	90	19	60	41	50	37
FBGN0267429	19	8	35	28	18	16
FBGN0262100	35	24	26	3	24	21
FBGN0035453	59	33	32	76	27	39
FBGN0036360	58	54	6	7	33	17
FBGN0037068	0	11	3	0	4	9
FBGN0052432	124	108	67	53	118	74
FBGN0037031	1003	855	1190	829	900	722
FBGN0263605	2086	2613	2688	2978	3102	2504
FBGN0035335	830	783	906	1096	903	903
FBGN0036935	54	19	16	12	18	38
FBGN0040697	4	11	22	0	23	7
FBGN0036793	27	4	27	25	13	14
FBGN0260635	14496	16673	16640	16860	16237	14731
FBGN0035152	342	419	291	409	430	373
FBGN0017429	1477	1236	1581	1265	1393	1287
FBGN0052112	619	737	708	618	543	473
FBGN0036962	22	5	9	22	63	46
FBGN0003206	2035	1974	2555	1903	1761	1568
FBGN0035665	189	122	300	277	172	196
FBGN0263988	77	69	28	30	93	20
FBGN0035785	9	34	10	39	49	47
FBGN0035625	7057	12647	7013	13776	12159	13032
FBGN0035521	5	1	7	4	0	7
FBGN0004425	73	40	91	31	19	44
FBGN0036096	4544	5369	5541	6984	6628	5441
FBGN0052117	16	0	19	6	28	12
FBGN0035238	1374	1361	1392	1128	1157	880
FBGN0016794	3968	4916	4871	3818	3671	3017
FBGN0041775	36234	38736	39504	33345	32945	29283
FBGN0259481	3759	4011	3385	3998	3549	3333
FBGN0267849	2243	2822	2584	2967	2311	2066
FBGN0042131	44	50	12	22	16	45
FBGN0036590	12	21	30	22	14	9
FBGN0053278	8	6	12	19	9	9
FBGN0260941	4286	4125	3981	3220	2619	2672
FBGN0261574	57248	68286	59621	56123	55427	51883
FBGN0001108	6696	8038	8188	7714	6735	6856
FBGN0035312	25	0	1	98	48	38
FBGN0001253	32637	48012	33325	55167	55647	55787
FBGN0260968	10	7	0	11	5	6
FBGN0036170	11	23	8	0	22	33
FBGN0036014	399	322	289	301	287	298
FBGN0036684	5472	5772	5684	3574	3358	3184
FBGN0027660	7831	8342	8951	7581	6310	5914
FBGN0052371	14	30	31	20	8	9
FBGN0035272	1406	1473	1595	1735	1643	1424
FBGN0035153	203	316	159	242	265	279
FBGN0266696	32396	34326	34602	24262	23732	21799
FBGN0035240	35	106	103	39	42	51
FBGN0264707	6359	7593	6973	5500	5757	5112
FBGN0001256	46	86	54	53	24	100
FBGN0063670	623	719	578	1074	1189	982
FBGN0261294	19	4	20	3	10	4
FBGN0263034	6	17	5	10	5	8
FBGN0035888	52	51	14	55	32	25
FBGN0041171	14612	16069	16416	12570	11516	11367
FBGN0003462	5920	7111	7760	7728	8022	6512
FBGN0036279	7642	8900	9267	6758	6146	5989
FBGN0004635	337	296	412	306	428	257
FBGN0036750	100	54	10	65	43	78
FBGN0036729	20	18	0	0	25	6
FBGN0052266	6	15	14	4	22	7
FBGN0260936	14078	16279	15372	13826	13537	12416
FBGN0035743	19	15	59	8	0	6
FBGN0266101	8267	8098	8217	5757	5713	4983
FBGN0011693	9	12	12	23	2	31
FBGN0036410	123	113	33	1315	1074	955
FBGN0047000	13	10	5	9	19	2
FBGN0052457	38	1	9	4	27	30
FBGN0036382	239	284	254	250	156	200
FBGN0035523	6154	7028	6802	7263	6135	5812
FBGN0035563	19	0	0	11	7	4
FBGN0036417	29	111	49	109	145	126
FBGN0037199	1231	1268	1353	2139	1716	1530
FBGN0083952	192	253	265	283	352	341
FBGN0036199	679	699	756	708	629	613
FBGN0040796	99	188	88	327	253	296
FBGN0036221	27	8	15	4	15	11
FBGN0263647	0	16	19	4	16	18
FBGN0052190	15069	17899	16436	18455	18061	16120
FBGN0010215	14963	17401	15688	18406	18423	16925
FBGN0035179	72	42	26	21	63	57
FBGN0264516	28	5	12	16	20	5
FBGN0036859	28	38	54	83	58	41
FBGN0035867	851	986	938	1403	1116	991
FBGN0036433	2135	2865	1989	3100	2852	2743
FBGN0036598	8	3	17	2	1	6
FBGN0035969	57	34	24	28	28	46
FBGN0035750	18	4	10	0	5	2
FBGN0036225	0	14	17	22	33	11
FBGN0035687	48	37	21	47	58	10
FBGN0036705	3	2	8	0	1	10
FBGN0036918	1915	2249	2657	2692	2660	2347
FBGN0036547	7299	7777	8612	5589	5114	4351
FBGN0261858	53	78	70	134	108	114
FBGN0036466	2	11	0	4	7	6
FBGN0052277	0	8	1	17	13	1
FBGN0035228	4099	4904	5666	3725	3815	3284
FBGN0261952	5	5	23	0	5	8
FBGN0036826	219	369	342	343	262	190
FBGN0035533	9435	10974	9653	8515	7832	7866
FBGN0037206	254	278	327	316	226	248
FBGN0260987	5935	6969	5672	7168	7137	6287
FBGN0035793	13766	14755	15310	11033	9780	9235
FBGN0266084	4973	5480	5369	4215	4280	4034
FBGN0004381	862	1116	1113	859	731	689
FBGN0028429	2159	2593	2487	2621	2832	2419
FBGN0036952	30	18	64	25	13	5
FBGN0004449	49617	51894	53528	34914	32799	30718
FBGN0042119	31	28	3	14	7	3
FBGN0036487	3267	4216	4351	5426	4925	4220
FBGN0052249	1081	544	1013	653	597	695
FBGN0260396	5	8	12	0	7	1
FBGN0014011	2035	1964	2273	1692	1626	1395
FBGN0040801	605	708	965	741	651	443
FBGN0027554	2562	3069	2575	3002	2795	2600
FBGN0052192	8	2	0	0	4	5
FBGN0037036	12	5	11	26	8	5
FBGN0262896	0	2	0	14	0	0
FBGN0036556	3557	4005	3701	2962	3146	2821
FBGN0000116	45833	50412	53631	47621	46315	43319
FBGN0036381	46	114	51	641	571	468
FBGN0036191	2449	2374	2711	2628	2120	2192
FBGN0037005	131	169	227	204	227	181
FBGN0036217	19	10	3	14	6	7
FBGN0052238	22	12	11	0	13	13
FBGN0036610	2	24	29	2	5	4
FBGN0035432	3576	4043	3897	3640	3931	3629
FBGN0036195	41	22	15	24	25	28
FBGN0266441	5143	4976	5260	4075	3877	3741
FBGN0036596	33	51	38	58	42	33
FBGN0286833	132	101	77	144	123	71
FBGN0037203	50	40	44	155	94	83
FBGN0037071	576	602	515	801	543	671
FBGN0041100	502	761	641	642	641	562
FBGN0029117	590	834	894	865	859	833
FBGN0052203	59	61	43	32	12	29
FBGN0053170	457	533	469	1027	838	630
FBGN0026570	449	539	390	485	358	382
FBGN0265084	36	55	95	17	34	41
FBGN0036730	24	6	20	40	43	41
FBGN0053060	6	20	3	31	8	17
FBGN0261059	2	1	6	14	16	26
FBGN0035586	682	678	751	695	719	699
FBGN0285896	716	779	870	873	747	573
FBGN0035393	1122	1476	895	2228	2170	1784
FBGN0288310	6158	6239	6252	4971	4683	4145
FBGN0036259	41	2	5	27	19	14
FBGN0052479	37871	40442	41276	29722	26927	24479
FBGN0035776	20	30	16	21	15	12
FBGN0036752	121	87	94	103	121	132
FBGN0052320	90	32	25	35	27	32
FBGN0036058	4292	4533	5127	4236	3964	3766
FBGN0036053	2814	2983	3061	3460	3524	3024
FBGN0036178	2	19	4	7	0	11
FBGN0037106	2364	2805	2844	2799	2450	2264
FBGN0035268	3441	3365	4127	3360	3351	3019
FBGN0035216	57	0	6	16	26	12
FBGN0037181	1716	1759	4129	12760	11289	10723
FBGN0035876	372	412	259	318	379	294
FBGN0035788	33	18	16	43	15	55
FBGN0035675	376	431	470	1172	801	694
FBGN0086694	17698	19113	19682	14565	14181	13252
FBGN0036029	25	5	46	2	2	3
FBGN0035294	3921	3941	4118	3345	3365	2895
FBGN0023129	343	590	283	191	145	205
FBGN0011828	1141	978	797	2267	1799	1685
FBGN0261402	63	35	30	34	31	25
FBGN0036881	61	69	26	62	44	49
FBGN0035574	5484	5867	5811	3997	4032	3462
FBGN0037011	724	1007	1154	2841	2576	2440
FBGN0058470	20	49	49	95	80	108
FBGN0085485	21	10	13	20	8	9
FBGN0013303	1794	1684	1806	2364	2254	2022
FBGN0036220	18	10	14	32	0	12
FBGN0035741	14	21	12	20	30	35
FBGN0000121	43	70	33	21	24	16
FBGN0028695	21435	24088	25000	21179	20301	18805
FBGN0035694	13	2	0	0	9	11
FBGN0035370	30828	33366	33309	33422	34831	30155
FBGN0052100	1270	1691	1447	1343	1022	1011
FBGN0037120	2022	2231	2235	1637	1544	1423
FBGN0035444	230	300	310	300	330	218
FBGN0259175	3612	3664	3580	2334	2015	1932
FBGN0016034	126	146	105	158	198	133
FBGN0053796	40	13	12	2	54	18
FBGN0036810	35	12	19	2	10	32
FBGN0035742	10	4	15	3	16	4
FBGN0035409	13	0	27	11	12	19
FBGN0036621	8371	9117	9112	7309	6787	6040
FBGN0020655	5406	5975	6302	4562	4445	4185
FBGN0001227	5199	7113	6297	9640	9174	8648
FBGN0035166	1105	1033	1096	1350	1300	1029
FBGN0042185	1165	1460	1322	1317	1025	1073
FBGN0004870	165	274	271	170	140	114
FBGN0036421	32	6	4	0	6	0
FBGN0028789	1625	1820	2404	1472	1453	1424
FBGN0036742	116	46	75	40	69	68
FBGN0036131	25	34	0	6	9	19
FBGN0015283	9983	11254	10961	11195	11233	9792
FBGN0035422	86007	99847	104272	76884	87647	74875
FBGN0262030	7	9	0	0	10	4
FBGN0085298	25	6	5	0	1	15
FBGN0085458	30	4	5	11	11	1
FBGN0036804	967	1113	1162	1189	1414	1086
FBGN0036663	14281	14449	16215	11199	10316	9098
FBGN0013753	4564	4561	5115	3632	3578	3053
FBGN0037024	3057	3351	3960	2989	3160	2569
FBGN0264305	2838	3081	3513	2600	2347	2044
FBGN0036040	413	419	382	434	344	303
FBGN0036681	27	2	9	16	6	18
FBGN0035517	678	850	883	913	856	836
FBGN0052219	27	5	4	19	9	4
FBGN0035550	80	104	729	28	104	89
FBGN0052284	40	12	15	5	13	19
FBGN0250848	16374	18110	20163	17041	15002	13408
FBGN0036614	1994	2258	2025	2039	1571	1711
FBGN0037146	75	108	114	867	646	616
FBGN0052241	541	164	318	173	106	95
FBGN0263600	5180	5982	5807	5777	5602	4444
FBGN0036448	16791	18414	17954	16435	15506	13743
FBGN0052271	15	16	4	12	6	2
FBGN0016983	20905	23336	23007	21840	21047	18780
FBGN0028484	4162	4165	4482	3404	3402	3038
FBGN0047038	1262	1578	1696	1820	1551	1269
FBGN0052374	34	4	23	34	35	20
FBGN0035299	26	6	37	40	49	24
FBGN0026738	2070	2670	2495	3554	4108	3259
FBGN0027547	3277	3541	3529	3324	3711	3370
FBGN0037085	7	5	25	16	23	7
FBGN0264747	15	19	18	31	10	33
FBGN0004926	18456	21798	19434	32378	34312	28275
FBGN0035464	9824	10941	10445	10871	10398	8691
FBGN0013799	4715	4904	5051	3548	3645	3410
FBGN0014163	80460	87904	92268	71302	74053	68210
FBGN0035434	12	54	57	508	395	374
FBGN0263602	775	941	951	678	787	544
FBGN0035513	88	86	71	74	47	83
FBGN0036569	994	1357	1397	1069	999	959
FBGN0026259	23708	27370	26438	25465	25930	23783
FBGN0027552	805	810	738	690	696	511
FBGN0001320	2971	2830	3242	2603	1994	1924
FBGN0014037	17305	17889	17503	13248	12993	12473
FBGN0001168	3841	4409	5304	2707	2650	2388
FBGN0036390	0	2	4	11	3	4
FBGN0085280	7	17	3	18	15	16
FBGN0037182	7318	8147	8778	8825	8048	7869
FBGN0283472	7437	7816	8274	6901	6805	6029
FBGN0036310	20	20	25	29	27	21
FBGN0036287	883	1242	915	857	714	569
FBGN0035388	7242	8018	8478	5447	5690	5276
FBGN0261633	0	2	8	1	10	1
FBGN0011206	200	168	162	193	279	196
FBGN0036588	26	8	2	13	3	12
FBGN0262022	0	0	0	15	28	19
FBGN0035593	2909	3454	3436	3984	3483	3457
FBGN0027843	105	55	138	542	382	367
FBGN0043806	11	21	11	11	22	20
FBGN0036089	15	4	22	11	22	13
FBGN0040296	318	374	313	229	172	166
FBGN0035663	8	15	0	11	2	15
FBGN0035478	8	0	9	17	20	11
FBGN0035375	2313	2847	2800	2492	2106	2253
FBGN0052177	1597	1712	2112	1345	1579	1344
FBGN0266709	138	125	175	41	61	69
FBGN0036124	7240	8758	8561	9064	9266	7865
FBGN0262007	13	14	26	32	36	19
FBGN0020389	2409	2409	2461	2065	1949	1929
FBGN0040694	2	1	6	3	6	10
FBGN0052243	2537	3224	2651	4104	3713	3415
FBGN0087007	26898	30692	28291	20861	19743	18190
FBGN0266918	1612	1598	1846	1290	1271	1244
FBGN0004373	16293	18048	16639	14090	12602	11755
FBGN0261832	0	6	11	6	31	12
FBGN0021760	12339	14354	14822	11626	12091	10052
FBGN0036181	321	546	415	293	866	261
FBGN0000109	150	237	202	299	262	220
FBGN0020300	595	714	583	540	592	406
FBGN0053703	0	6	0	8	2	6
FBGN0036905	15	0	10	19	3	8
FBGN0004895	7	8	13	26	47	16
FBGN0035756	153	67	15	79	91	42
FBGN0053287	58	50	30	64	37	64
FBGN0035649	48	21	12	33	35	34
FBGN0035382	33	16	5	14	15	2
FBGN0286933	4	3	3	3	0	4
FBGN0040794	0	1	12	18	1	7
FBGN0035907	725	828	814	1206	833	773
FBGN0036659	41	21	32	320	331	380
FBGN0003741	1161	1319	1084	1705	1654	1276
FBGN0020639	19	1	0	18	6	4
FBGN0010762	24423	24093	25867	16351	17162	15549
FBGN0036206	98	29	39	32	62	106
FBGN0261112	1378	1810	1740	2417	2615	2008
FBGN0035674	949	1055	835	903	779	743
FBGN0004179	7418	7217	8754	5347	5111	4991
FBGN0052343	1920	2243	2309	2307	2018	1834
FBGN0010741	3865	4338	3881	5942	5892	5199
FBGN0053986	17	3	3	19	9	4
FBGN0003377	125	1640	135	780	738	691
FBGN0085285	37	21	45	18	37	22
FBGN0086690	12787	13948	12943	10208	9549	9081
FBGN0037050	183	160	162	90	77	97
FBGN0250849	1	0	1	0	7	4
FBGN0260960	1577	1586	1789	1610	1594	1473
FBGN0083978	2241	2901	2892	2526	2598	2293
FBGN0036671	3040	3421	3536	3039	3000	2701
FBGN0036731	14	23	0	13	0	1
FBGN0035384	10	3	4	14	8	2
FBGN0035786	8	3	0	9	10	13
FBGN0036449	246	198	210	209	160	192
FBGN0036298	3573	4304	4227	4995	4499	4121
FBGN0013469	7176	8603	7928	5260	4749	4775
FBGN0035112	11	1	20	24	11	9
FBGN0259164	62	61	50	50	73	54
FBGN0036712	28	39	19	10	50	52
FBGN0263392	139184	143307	149310	92707	89156	81746
FBGN0025592	1770	2029	1867	1822	1920	1718
FBGN0037014	80	64	73	60	44	84
FBGN0036509	3044	3756	3683	3977	3673	3321
FBGN0036679	7	0	4	28	0	4
FBGN0035631	5210	6268	5526	6741	6238	5419
FBGN0025676	1755	2337	1995	1873	1972	1698
FBGN0036356	452	570	775	701	608	434
FBGN0036474	106	82	94	101	109	138
FBGN0000560	142	181	160	165	150	69
FBGN0035868	63	55	79	128	140	128
FBGN0037009	774	1431	1016	1310	1236	1272
FBGN0035679	882	949	1165	809	879	804
FBGN0036754	1899	2436	1993	3532	2883	2601
FBGN0003415	25910	28862	27150	22960	21588	20170
FBGN0036441	3	1	0	0	9	4
FBGN0037109	13755	14578	15920	11714	11099	10349
FBGN0035771	10366	11632	12232	10303	8841	8639
FBGN0036789	99	253	326	156	122	118
FBGN0052056	3894	4651	4678	3903	3814	3311
FBGN0036829	46	71	17	31	41	11
FBGN0260459	8	6	7	1	35	17
FBGN0036707	60	19	44	45	69	41
FBGN0035780	4	15	13	15	9	4
FBGN0011455	3029	3756	3536	4145	3776	3205
FBGN0261674	1730	1554	1812	1027	1094	865
FBGN0037116	3888	4077	4356	3516	3152	3139
FBGN0036732	6447	6998	8145	5625	5693	5622
FBGN0011769	530	555	407	850	785	722
FBGN0040239	355	428	346	566	549	506
FBGN0017578	2438	2760	2339	3298	3303	2848
FBGN0036154	40	9	4	12	19	16
FBGN0085736	1920	2786	2178	4909	3926	3865
FBGN0287590	367	518	439	1672	1706	1413
FBGN0036023	17	21	35	0	8	13
FBGN0266452	8398	10240	10347	10325	9362	8219
FBGN0035996	286	373	372	1592	1590	1355
FBGN0262581	8	5	0	5	4	1
FBGN0036862	1668	1528	1888	1228	932	1002
FBGN0020248	20	17	40	21	63	38
FBGN0052058	59	13	16	19	27	15
FBGN0264606	118	56	77	56	39	102
FBGN0287186	138	73	13	57	65	63
FBGN0036519	1119	1225	1096	1143	1266	950
FBGN0035149	1336	1320	1414	1231	1373	1167
FBGN0036336	1040	1159	935	1134	867	822
FBGN0259916	149	198	212	207	183	191
FBGN0052212	31	22	14	22	43	24
FBGN0264561	13477	15140	15509	12448	11359	10051
FBGN0036667	689	828	542	1559	1126	1146
FBGN0036603	8	9	7	10	11	23
FBGN0261562	3028	2836	3065	2653	2532	2076
FBGN0259971	7	3	0	5	2	3
FBGN0036929	3813	4714	3971	4929	5551	4979
FBGN0004401	51774	55870	57058	50075	49361	47038
FBGN0036184	1326	1379	1605	1881	1763	1635
FBGN0035197	23	13	3	4	13	8
FBGN0027364	10	38	16	3	27	5
FBGN0035617	12943	15147	13219	12458	13443	11517
FBGN0040798	6	8	3	2	10	10
FBGN0035134	24	15	27	21	20	26
FBGN0035871	3882	4217	3874	6251	6534	6061
FBGN0036868	36	3	5	38	25	15
FBGN0002284	10833	12270	12335	11531	10821	9652
FBGN0036770	609	674	556	376	347	404
FBGN0023197	32	2	6	21	32	31
FBGN0287585	2651	2825	3709	3256	2802	2625
FBGN0263036	13	29	2	47	9	30
FBGN0035678	193	256	170	198	188	199
FBGN0036698	332	453	274	433	358	290
FBGN0035287	132	76	143	18	73	30
FBGN0053771	0	0	10	0	16	10
FBGN0035847	36	26	26	36	17	12
FBGN0052071	20	1	4	18	6	9
FBGN0004590	26	18	2	10	21	45
FBGN0036996	111	34	216	34	23	31
FBGN0028427	2571	2591	2681	3405	2845	2624
FBGN0035816	598	505	641	225	239	215
FBGN0001226	54598	70932	60266	85051	85661	81666
FBGN0053688	7	6	11	6	18	5
FBGN0035477	61	32	55	63	33	40
FBGN0004513	142	121	137	188	132	97
FBGN0036099	3498	3814	4161	2674	3262	2734
FBGN0036136	2246	2527	2675	2898	3041	2652
FBGN0022774	231	422	265	1236	943	874
FBGN0035853	4587	4731	4825	6035	5662	5264
FBGN0036052	2288	2578	2663	2103	1998	1701
FBGN0035481	27	12	74	26	26	31
FBGN0287696	1872	2025	2080	1938	2037	1603
FBGN0054039	442	551	487	721	795	788
FBGN0014073	1390	1313	1466	1072	1149	1087
FBGN0262035	51	109	30	199	156	227
FBGN0036985	2504	1379	2775	4389	4066	3576
FBGN0036908	6101	7314	6774	7726	7703	6332
FBGN0037045	251	220	221	223	220	280
FBGN0035612	22987	26280	20883	35504	31647	31865
FBGN0052453	24	9	38	18	4	7
FBGN0035318	3295	3331	3569	3073	3207	2964
FBGN0052087	66	18	26	14	64	29
FBGN0004852	94	64	115	152	116	116
FBGN0040832	9	13	32	8	19	12
FBGN0010417	4384	4739	5447	4287	4109	3772
FBGN0261934	43292	47057	44108	38909	37841	33572
FBGN0044050	29	2	0	11	0	1
FBGN0262855	11	2	4	8	2	17
FBGN0036266	748	862	724	1079	1095	989
FBGN0025582	18022	20076	20878	21777	20263	17936
FBGN0035866	977	1007	865	1008	1067	826
FBGN0036821	578	700	540	961	902	877
FBGN0259720	1384	1407	1538	1585	1577	1528
FBGN0036760	434	630	557	756	760	765
FBGN0023479	586	451	287	1535	1581	1423
FBGN0037172	1	5	1	3	4	2
FBGN0063485	14304	15740	15501	13442	13535	11348
FBGN0035737	494	571	501	248	296	357
FBGN0052103	4670	5344	5382	4173	4384	4212
FBGN0261090	54	32	34	21	31	5
FBGN0035823	0	31	17	4	20	15
FBGN0036941	19	29	21	21	16	13
FBGN0037065	21	16	12	44	60	26
FBGN0036579	726	710	827	922	828	800
FBGN0259969	2	0	1	0	4	14
FBGN0001216	44	33	7	20	21	13
FBGN0036500	2428	2997	2410	3651	3384	2947
FBGN0035779	33	10	6	19	18	11
FBGN0000594	37	34	50	118	188	144
FBGN0263831	1442	1500	1415	1339	1310	1201
FBGN0037163	31	27	5	36	22	32
FBGN0011327	7127	9090	8331	8846	8123	7552
FBGN0036811	1930	2299	2785	2246	2343	1999
FBGN0026320	5536	6350	6712	7059	6756	5505
FBGN0036994	1939	2072	2337	1915	1756	1600
FBGN0261445	3702	4058	3459	3355	3312	3200
FBGN0005533	121680	138819	140395	85580	83684	73626
FBGN0035942	994	1214	1065	974	904	824
FBGN0259739	16	12	7	17	15	15
FBGN0043025	41	38	4	29	28	14
FBGN0261565	7997	9337	8466	6462	5988	5430
FBGN0259174	8110	8597	8786	8270	7018	6843
FBGN0052436	130	82	108	123	132	62
FBGN0036237	4058	4985	4772	5077	4966	4710
FBGN0004589	4	6	4	4	0	39
FBGN0036377	20	26	8	27	16	24
FBGN0262719	15564	16161	17204	13293	12456	11457
FBGN0035936	1101	1066	1179	683	660	671
FBGN0003089	3240	3203	3114	2249	2060	2041
FBGN0027339	29281	28918	31421	19181	17772	15749
FBGN0036022	15	4	14	2	5	15
FBGN0003710	73	36	39	15	20	27
FBGN0037150	2288	3235	3122	2265	2498	2126
FBGN0035861	20	21	4	12	28	41
FBGN0011569	107	38	17	70	42	44
FBGN0264696	3	4	3	0	0	3
FBGN0262813	11	6	6	0	0	0
FBGN0036915	7533	8707	9331	6335	6422	5466
FBGN0052095	1134	1080	1118	1044	979	798
FBGN0052152	2177	2205	1430	1938	1677	1598
FBGN0035285	1695	1716	1728	1631	1570	1551
FBGN0026263	9489	11143	9752	13698	13487	12502
FBGN0259243	3677	4091	3999	3565	2938	2755
FBGN0052301	4	32	12	139	37	70
FBGN0005694	4688	5002	4898	4843	4719	3932
FBGN0001228	15	32	13	46	18	49
FBGN0035916	1425	1447	1562	1361	1198	1211
FBGN0263241	528	545	771	2099	1950	1560
FBGN0035720	36465	39648	40555	26885	24599	23699
FBGN0036490	2	3	19	0	5	3
FBGN0085277	13	11	30	24	3	12
FBGN0287184	230	181	154	625	721	710
FBGN0036924	7	11	1	10	55	13
FBGN0035263	26	6	2	31	11	11
FBGN0266962	5	1	0	6	0	0
FBGN0035762	2042	2554	2455	2051	2099	1788
FBGN0036668	16487	18050	17250	16904	15419	14305
FBGN0036527	32	23	39	19	21	74
FBGN0035800	39	9	30	27	29	17
FBGN0286941	13	4	9	0	2	0
FBGN0040020	823	1427	1118	1490	1629	1268
FBGN0036775	3036	3045	3217	3139	3303	2878
FBGN0001254	203864	273076	214609	181025	170662	174059
FBGN0036676	106	79	56	173	75	93
FBGN0262524	260	291	338	2360	1942	1512
FBGN0263352	15642	17234	15107	12556	11611	10649
FBGN0052085	28	15	42	65	21	27
FBGN0035246	61	56	158	81	18	23
FBGN0035187	15	20	33	43	12	33
FBGN0035470	1101	1362	1165	1210	1284	1315
FBGN0041231	18	4	20	28	29	9
FBGN0262986	11	2	0	12	6	15
FBGN0052311	12953	11889	13056	9287	9189	7274
FBGN0053159	11	9	8	0	18	18
FBGN0035918	3156	3075	3588	2785	2500	2229
FBGN0036977	10	14	21	28	34	14
FBGN0035584	10	10	4	3	6	11
FBGN0037179	24	3	24	6	6	2
FBGN0036856	1261	1462	1472	1651	1271	1418
FBGN0035690	3766	3821	4325	3099	2886	2540
FBGN0036436	4604	6594	5519	4896	4901	4819
FBGN0015919	12343	13724	15673	8844	8818	8312
FBGN0036332	382	439	522	705	530	398
FBGN0004228	6	3	0	2	0	6
FBGN0263973	142	49	70	503	434	331
FBGN0052208	31	43	48	79	96	55
FBGN0052228	65	16	36	13	62	61
FBGN0035227	6629	7115	6874	6076	5870	5427
FBGN0037127	875	614	824	589	710	565
FBGN0036368	116	51	174	111	71	88
FBGN0052406	38	10	29	38	29	16
FBGN0035975	111	135	65	125	141	90
FBGN0036816	3766	4231	3620	3478	3172	2863
FBGN0035097	44	14	4	30	5	26
FBGN0052029	978	1001	1162	512	604	641
FBGN0053912	30	1	2	39	18	3
FBGN0000565	1982	2059	2084	2300	1976	1885
FBGN0001085	13940	15060	15546	12956	11325	10471
FBGN0035253	20021	21955	22364	20331	18897	16699
FBGN0035281	27	11	17	48	18	17
FBGN0036764	1448	1296	1700	1946	1796	1515
FBGN0035856	25	11	8	51	64	22
FBGN0029002	24017	29636	26449	26891	28522	24267
FBGN0036777	305	339	348	389	376	375
FBGN0036512	2344	2904	2727	2476	2675	2425
FBGN0036075	20	9	15	2	15	4
FBGN0267796	1508	1507	1383	1802	1416	1576
FBGN0035196	27	5	14	0	9	20
FBGN0004569	1206	1400	1305	819	916	819
FBGN0037017	396	417	318	639	755	524
FBGN0052262	164	105	80	77	84	103
FBGN0036396	648	936	758	706	725	614
FBGN0036186	367	279	319	415	286	307
FBGN0036795	112	87	75	53	46	73
FBGN0036428	554	862	511	430	623	494
FBGN0054002	79	106	56	102	119	145
FBGN0036900	1369	1397	1501	1697	1588	1449
FBGN0025525	5716	6209	6510	3446	3523	3063
FBGN0042179	16	31	11	21	8	29
FBGN0035875	21	23	2	38	8	16
FBGN0035491	2	4	3	7	0	7
FBGN0011016	5954	6384	6912	7342	6816	6723
FBGN0264492	7092	9047	7071	12943	12980	12299
FBGN0035760	185	304	264	365	218	177
FBGN0035890	717	919	963	1348	865	903
FBGN0036389	11475	12020	12037	10457	11297	10022
FBGN0035499	7883	7608	8709	7034	7053	5298
FBGN0035344	58	28	40	30	26	15
FBGN0035710	6219	5899	6815	4582	4226	4264
FBGN0264552	11	1	4	4	25	13
FBGN0035851	3541	4295	3947	4541	4225	3647
FBGN0036488	683	738	733	1128	915	738
FBGN0035642	98	70	50	41	28	65
FBGN0035995	2021	2521	2770	2135	2358	1943
FBGN0036870	34	20	19	22	23	47
FBGN0035217	7	35	39	12	35	11
FBGN0035626	41	35	15	7	12	14
FBGN0036827	2548	2682	2667	3586	3672	3107
FBGN0085481	63	5	0	24	33	15
FBGN0047330	1	11	2	0	4	0
FBGN0085284	633	824	681	1054	896	848
FBGN0010280	25141	27082	26839	20925	20445	18260
FBGN0037147	36	58	4	8	12	23
FBGN0036606	25	66	27	124	86	61
FBGN0036706	6	9	14	3	9	2
FBGN0036484	2079	2466	2384	2230	2111	1789
FBGN0025712	7	4	3	19	2	8
FBGN0036537	2584	3347	3483	3691	3773	3114
FBGN0036254	3493	4424	3671	5620	5380	4837
FBGN0262891	3	1	6	15	12	16
FBGN0028567	10	2	3	11	0	10
FBGN0259791	1512	1506	1640	1166	1318	864
FBGN0085271	97	46	57	184	127	53
FBGN0015033	23	26	12	11	14	17
FBGN0037063	539	674	909	746	618	731
FBGN0035541	3321	4310	3897	4866	5027	4207
FBGN0004430	93	37	35	41	35	21
FBGN0259794	18	65	18	19	39	28
FBGN0035165	8858	9056	9513	14709	13386	11586
FBGN0004379	9077	9544	9736	8831	9075	8229
FBGN0036063	591	644	762	726	430	471
FBGN0043577	3	8	8	8	16	47
FBGN0086706	16264	18777	19834	16285	14759	13061
FBGN0003149	853	625	519	709	787	535
FBGN0025807	966	1323	995	1233	1304	1067
FBGN0036090	584	766	696	885	953	816
FBGN0260755	633	430	573	1322	1050	1021
FBGN0036147	3167	3710	3981	3319	3325	3273
FBGN0260985	5471	5816	6698	9807	9394	7643
FBGN0035624	1460	1456	1380	1654	2014	1550
FBGN0015766	39548	42766	43130	31959	31217	28556
FBGN0286051	4156	4180	4654	4973	4673	4278
FBGN0037019	1209	1333	1341	1529	1293	1289
FBGN0000414	12907	13481	14599	9372	8315	7993
FBGN0014143	33	3	72	6	5	10
FBGN0035703	862	886	766	879	982	751
FBGN0036224	14	14	9	4	8	11
FBGN0053288	56	37	118	58	63	65
FBGN0260795	2892	3189	3539	4465	4045	3804
FBGN0020633	11817	11670	12209	9844	10091	8811
FBGN0036309	2680	3260	3081	3175	3252	2920
FBGN0023094	3814	3955	4112	2912	2808	2398
FBGN0035917	422	353	194	814	980	908
FBGN0287182	37011	44028	36635	39927	41444	36523
FBGN0036486	9085	10038	10155	7614	7571	6473
FBGN0004552	5	44	18	0	10	5
FBGN0044028	5536	5513	5574	3623	3368	2975
FBGN0250789	73159	79428	84445	48608	46545	44115
FBGN0036246	12	8	3	3	8	3
FBGN0265089	2	7	14	3	26	7
FBGN0035154	52	5	5	0	50	8
FBGN0036066	21	3	22	22	14	12
FBGN0286567	6899	7611	7616	7165	6673	5932
FBGN0035900	2098	2345	2541	1499	1658	1686
FBGN0264478	4	13	0	4	0	0
FBGN0029167	2021	1670	1613	3795	3247	2917
FBGN0035231	65	16	73	26	49	33
FBGN0035515	2533	3023	2601	2180	2076	2118
FBGN0010333	5668	5481	6529	5181	4791	4705
FBGN0044049	2	0	21	8	3	15
FBGN0035880	331	433	421	479	358	440
FBGN0266347	53	46	30	69	66	87
FBGN0035141	903	1222	1195	1354	1003	1015
FBGN0005536	16828	18653	17864	14994	14919	13251
FBGN0028500	3596	4240	4525	4091	3503	3617
FBGN0035121	44930	52042	51130	40675	41547	36833
FBGN0262529	10	12	1	44	18	0
FBGN0053269	7	7	5	0	8	2
FBGN0053647	11	3	0	28	2	3
FBGN0036107	513	807	497	1224	1280	1106
FBGN0263387	11	0	1	1	8	0
FBGN0010894	2878	3568	3452	4565	4008	3566
FBGN0035169	569	887	818	702	657	676
FBGN0035872	18098	18068	20088	13144	13088	12601
FBGN0085411	303	308	379	307	264	215
FBGN0261361	2114	2306	2491	1917	1976	1852
FBGN0035641	75	166	104	80	104	87
FBGN0035726	3956	5311	4887	4622	3886	3952
FBGN0260442	22839	24953	26376	19473	18067	17059
FBGN0085447	244	147	163	222	200	193
FBGN0003378	230	1819	169	414	332	321
FBGN0036850	898	1177	1116	1103	925	1029
FBGN0028663	630	843	996	1314	1056	955
FBGN0036282	31	64	90	87	142	114
FBGN0004052	7	8	1	3	4	5
FBGN0036462	2339	2784	3229	3166	2738	2654
FBGN0052396	142	190	72	61	113	67
FBGN0036007	3577	4658	4324	7076	6657	5877
FBGN0052259	2	8	14	23	3	16
FBGN0037186	157	117	152	285	219	233
FBGN0036300	583	552	560	657	585	590
FBGN0036583	31	16	36	35	47	19
FBGN0052073	35	1	5	4	2	4
FBGN0000411	53	42	41	13	32	9
FBGN0035140	545	498	604	492	565	448
FBGN0003042	3066	3622	3643	3061	3119	2563
FBGN0085300	6	1	0	13	2	2
FBGN0035458	144	272	125	158	123	134
FBGN0035812	3315	4127	3732	4857	4891	4800
FBGN0041147	2230	2276	1811	2128	2051	1669
FBGN0035293	106	129	161	108	116	100
FBGN0053285	525	552	554	554	379	444
FBGN0262623	2	0	0	0	2	1
FBGN0052109	440	414	555	916	1025	844
FBGN0036072	26	19	5	23	30	7
FBGN0004623	20	7	16	24	39	4
FBGN0052305	89	36	48	39	29	49
FBGN0035827	811	985	646	1257	1173	1195
FBGN0035708	65	34	3	63	70	90
FBGN0036161	0	9	14	4	13	6
FBGN0036825	52587	60389	61700	53602	49288	43757
FBGN0036969	10	6	6	19	19	34
FBGN0036534	19249	20636	20836	18960	19750	16884
FBGN0046296	650	742	848	1007	973	779
FBGN0035879	4389	4343	4980	3740	3720	3112
FBGN0045759	48	32	13	20	13	23
FBGN0035727	48	26	12	44	18	27
FBGN0037124	17	3	3	31	5	20
FBGN0036294	51	15	15	24	27	12
FBGN0036353	878	862	931	1135	971	1005
FBGN0035733	26	16	6	50	23	16
FBGN0052110	244	367	332	234	314	266
FBGN0035449	1158	1201	1207	833	1077	982
FBGN0003250	29	15	7	35	22	10
FBGN0035181	2146	2481	2450	2512	2621	2118
FBGN0266417	16	30	10	38	13	39
FBGN0283649	2287	2554	2651	2648	2443	2029
FBGN0260655	5295	5779	5807	4796	4451	3835
FBGN0004636	3918	4722	4891	4382	4597	4125
FBGN0035488	2770	3620	3053	3442	3168	2778
FBGN0037121	1783	2133	1769	2538	2731	2166
FBGN0037073	9689	11849	11623	9859	10016	8493
FBGN0035512	22	9	39	14	70	12
FBGN0035568	26	18	7	0	14	4
FBGN0052026	3055	4106	3497	3507	3447	3271
FBGN0040512	2647	3353	3651	3223	3651	3261
FBGN0263219	4008	4075	4167	3961	4106	3700
FBGN0026189	19410	20095	20101	17978	17488	15562
FBGN0040814	7	0	0	0	2	5
FBGN0052461	40	43	3	10	22	27
FBGN0003486	8	28	18	6	4	28
FBGN0052383	8	10	4	25	0	17
FBGN0029114	21255	22725	24097	17572	16965	16058
FBGN0052441	2103	2303	2122	2153	2287	2059
FBGN0026593	19	3	17	8	18	17
FBGN0035718	21	4	26	57	21	4
FBGN0052373	2084	2201	2283	1565	1391	1462
FBGN0036460	3024	3418	3229	4482	4579	3909
FBGN0035537	219	272	139	290	338	281
FBGN0053258	92	69	55	29	54	15
FBGN0036528	39	15	18	38	14	14
FBGN0053795	9	28	28	0	13	19
FBGN0035792	12	22	4	0	14	14
FBGN0037135	27136	29522	34269	29866	29556	26919
FBGN0026160	32153	35051	35008	22453	21276	20121
FBGN0066365	43	23	14	54	24	31
FBGN0040323	4030	5017	5127	4487	4045	3486
FBGN0036093	7	14	0	3	26	13
FBGN0035722	641	753	876	1043	806	768
FBGN0259933	400	466	400	534	421	483
FBGN0036043	2994	3199	2871	2656	2475	2276
FBGN0260480	100	124	65	116	122	139
FBGN0037074	7510	8049	8033	7336	7205	6712
FBGN0260434	15	0	10	19	3	8
FBGN0015278	11020	11581	11936	9417	9430	8560
FBGN0035104	377	288	376	204	198	191
FBGN0035873	12	4	16	9	24	22
FBGN0035241	116	144	135	115	84	126
FBGN0035696	3476	4838	4409	3729	3364	3082
FBGN0053257	8	2	7	2	9	9
FBGN0035405	2446	2533	2838	2702	2335	1990
FBGN0036228	27	2	27	8	10	6
FBGN0035693	378	427	496	265	295	202
FBGN0287592	17	34	24	40	30	40
FBGN0262787	5	4	0	4	0	18
FBGN0036923	25	54	25	54	19	23
FBGN0037003	412	608	399	444	572	499
FBGN0035639	2274	2350	2507	2712	2421	2241
FBGN0036005	832	1216	1024	1181	1106	1172
FBGN0263249	3	2	4	1	0	2
FBGN0037202	2053	2312	2975	2356	1993	1778
FBGN0036990	1885	2222	2549	2811	2917	2464
FBGN0035282	21	3	8	0	13	19
FBGN0036735	8046	9362	9425	11512	11074	9365
FBGN0036896	10552	11431	11020	8120	7759	7371
FBGN0261341	25902	26101	31309	21718	20743	19735
FBGN0052250	895	962	1089	842	800	631
FBGN0013563	1289	1202	1231	1254	1319	1002
FBGN0087040	20	23	39	42	14	15
FBGN0262517	10066	11662	10896	11310	11863	10487
FBGN0035482	1227	1377	1299	1295	1338	1127
FBGN0036423	300	351	369	396	229	296
FBGN0288470	6131	6651	6335	5331	5469	5131
FBGN0052105	31	42	5	24	15	63
FBGN0037169	20	3	13	4	9	14
FBGN0036108	136	75	189	52	56	72
FBGN0040318	37	33	7	41	31	39
FBGN0035315	1	0	2	6	13	0
FBGN0035436	2358	2240	2466	1930	2139	1824
FBGN0036695	393	667	491	670	568	575
FBGN0036728	3582	3815	4675	4935	4657	3972
FBGN0040281	37	29	48	0	27	18
FBGN0036080	60	22	0	10	16	15
FBGN0036697	796	1000	903	974	863	895
FBGN0036329	52	17	23	66	20	48
FBGN0052061	17	1	3	1	18	8
FBGN0026630	2440	2334	2569	2856	2731	2842
FBGN0000355	5	5	8	6	6	2
FBGN0036703	12	0	16	8	3	0
FBGN0037051	12448	14009	15096	16771	15699	15057
FBGN0262366	17	24	18	136	154	99
FBGN0035647	102	26	51	81	19	33
FBGN0037090	36	12	35	32	37	36
FBGN0013811	488	359	355	396	235	335
FBGN0036365	10131	10937	11361	7697	7541	6675
FBGN0036662	1314	1441	1458	1338	1348	1019
FBGN0036993	51	10	30	73	29	57
FBGN0035252	1993	2454	2328	2307	2062	1764
FBGN0052451	9539	11078	10476	6960	7237	6720
FBGN0037016	1421	1669	2121	1586	1491	1275
FBGN0085483	51	67	41	70	34	44
FBGN0036599	860	834	1247	1241	970	1013
FBGN0002775	3667	4040	3829	3177	3133	2608
FBGN0036857	76	89	26	405	322	219
FBGN0262854	165	189	93	316	342	260
FBGN0035407	610	614	516	576	607	426
FBGN0010424	208	189	181	437	419	468
FBGN0036503	4	0	2	9	11	5
FBGN0024236	6067	6463	7879	6478	5911	5243
FBGN0035247	1020	1138	1021	1361	1375	1330
FBGN0013755	11	7	2	0	4	6
FBGN0250833	1	11	0	7	29	5
FBGN0010317	10	37	21	22	11	25
FBGN0261111	829	943	937	844	763	580
FBGN0040290	4019	3742	4054	3675	3390	3041
FBGN0002466	23068	24629	25708	23407	22104	19536
FBGN0019644	7973	8542	9804	8369	8116	7532
FBGN0011293	21	3	0	6	10	2
FBGN0001233	186118	219244	217873	198768	193212	177056
FBGN0037059	17	10	7	40	21	12
FBGN0001179	4328	5118	4990	6064	5777	4723
FBGN0036849	23	12	50	55	46	28
FBGN0042134	60490	64683	69050	51348	48791	43094
FBGN0035162	32847	36403	38356	32174	30194	28220
FBGN0010431	45	45	46	72	29	31
FBGN0036532	0	5	3	0	2	4
FBGN0011279	5	9	19	10	25	9
FBGN0036882	451	445	292	146	148	123
FBGN0036117	596	539	525	630	638	505
FBGN0052062	12959	13386	15282	8314	7917	7190
FBGN0035356	186	228	220	271	284	284
FBGN0035213	5475	6426	5760	6837	6997	6733
FBGN0002638	13110	14568	14241	14804	14687	12535
FBGN0042641	1419	1337	1734	1240	1020	1140
FBGN0036345	6	2	10	1	3	9
FBGN0001208	150	148	89	462	364	297
FBGN0035431	70	182	135	90	123	56
FBGN0036605	126	52	108	332	199	281
FBGN0036230	72	41	6	12	34	27
FBGN0035412	22	28	0	91	73	64
FBGN0085287	4	3	3	0	9	10
FBGN0040786	124	133	126	196	189	173
FBGN0052106	91	47	23	50	69	64
FBGN0052170	824	1023	651	620	553	463
FBGN0037060	135	104	181	60	137	123
FBGN0263326	8	0	1	3	4	1
FBGN0260997	225	214	192	246	257	319
FBGN0035976	357	515	507	742	529	503
FBGN0263763	7	1	0	0	0	0
FBGN0263239	3182	3583	3470	2186	2416	2019
FBGN0036817	27	22	2	29	17	4
FBGN0036830	8	20	1	23	14	27
FBGN0260945	3735	4297	4129	3247	3228	2872
FBGN0288748	15	13	8	18	3	11
FBGN0035555	40	2	24	8	30	37
FBGN0026372	198332	212074	235111	179122	166440	144007
FBGN0036890	12	0	0	23	11	21
FBGN0036467	92	252	23	68	50	93
FBGN0036019	36	26	30	71	31	33
FBGN0036878	15	0	1	0	19	1
FBGN0037156	1074	1098	1189	1295	997	968
FBGN0015296	3011	3193	3172	3364	3255	2625
FBGN0052459	18	4	2	10	40	31
FBGN0261537	8	5	0	5	17	4
FBGN0052274	10	1	0	0	7	2
FBGN0037099	1548	1466	1390	1405	1451	1317
FBGN0263832	4833	4866	4932	5367	5052	4367
FBGN0036146	0	0	7	8	10	1
FBGN0035107	4172	4998	5000	3584	3437	2991
FBGN0053233	6	30	12	60	35	39
FBGN0036109	124	113	135	189	78	128
FBGN0263110	6336	6335	6325	5456	5388	5273
FBGN0262624	653	672	725	576	603	569
FBGN0036427	62	29	29	15	15	52
FBGN0037012	125	131	120	91	114	110
FBGN0037023	12	28	4	6	20	23
FBGN0036158	28	23	8	6	5	12
FBGN0063923	40	15	25	66	36	39
FBGN0035730	54	9	0	10	12	19
FBGN0037149	1532	1155	1632	1135	1219	1136
FBGN0035295	3038	3331	3536	2766	2749	2609
FBGN0265714	6	8	4	31	4	8
FBGN0036623	4864	6104	5833	5038	5166	4263
FBGN0036004	27805	30662	30223	19121	18622	16748
FBGN0036620	29	16	13	50	69	37
FBGN0037205	60	44	46	56	28	52
FBGN0037134	359	357	405	370	302	382
FBGN0266582	3242	3370	3670	3614	3319	3125
FBGN0053230	884	954	929	1480	895	1026
FBGN0250791	2608	3386	3337	3621	3346	3010
FBGN0261553	10289	10573	11516	6893	6584	6000
FBGN0036196	90	48	78	102	99	77
FBGN0037170	23	16	14	3	14	18
FBGN0036618	9	22	36	30	34	22
FBGN0036299	15083	16475	17214	16783	15411	14387
FBGN0035802	6942	6789	7189	6857	6918	6352
FBGN0029158	840	811	920	918	903	737
FBGN0029118	3922	4591	4509	4225	4268	3722
FBGN0036481	443	670	781	380	460	488
FBGN0053768	7	4	6	4	0	13
FBGN0036627	14	16	11	3	35	0
FBGN0035270	1963	1803	1985	1701	1522	1438
FBGN0036975	228	184	208	448	326	363
FBGN0036380	43	3	22	28	12	17
FBGN0052191	63	41	46	41	47	101
FBGN0037108	2438	3228	2827	3232	3203	2671
FBGN0263841	12	0	5	0	0	3
FBGN0035232	7200	7552	7945	3701	3728	3210
FBGN0085491	45	8	9	50	20	4
FBGN0036906	275	365	321	262	476	363
FBGN0052161	82	66	66	105	27	77
FBGN0035855	13	26	3	124	80	51
FBGN0035715	4426	4918	4982	5640	4862	4484
FBGN0263232	928	877	1080	1038	966	1016
FBGN0052201	24	15	2	50	11	19
FBGN0264303	3342	3205	3490	3608	3632	3418
FBGN0265469	0	3	3	4	0	8
FBGN0261985	7300	7490	7976	5340	5319	5041
FBGN0036291	190	174	272	336	271	263
FBGN0037035	12	7	29	55	22	36
FBGN0035131	2115	2395	2318	2366	2300	2215
FBGN0035331	48	30	1	17	8	11
FBGN0035204	889	828	959	923	839	855
FBGN0259972	9	2	4	2	0	4
FBGN0053267	54	66	85	60	64	59
FBGN0264472	18	3	2	3	1	1
FBGN0036860	3	0	7	18	14	1
FBGN0036330	451	403	394	558	468	458
FBGN0035170	20	19	14	61	20	18
FBGN0052099	437	535	506	560	658	480
FBGN0010105	735	909	821	656	440	382
FBGN0052382	21	16	14	23	4	11
FBGN0052440	1	5	2	3	6	7
FBGN0036815	3131	3239	3689	2665	2409	2165
FBGN0036936	32	10	16	20	19	15
FBGN0035266	1755	1903	2049	1257	1303	1294
FBGN0264574	3000	3613	3464	2754	2716	2545
FBGN0041342	3312	3297	3642	2552	2612	2554
FBGN0035102	1012	1222	1123	1266	1197	1206
FBGN0027565	3047	3000	3076	2988	3429	2946
FBGN0052174	531	671	816	603	526	518
FBGN0035829	1528	2008	2018	2239	2533	2318
FBGN0044324	20773	23234	22465	21795	19791	17911
FBGN0035770	1192	1303	1258	1535	1432	1357
FBGN0024806	13934	15699	14357	13627	13733	11756
FBGN0010905	5465	6714	6609	4503	5109	4377
FBGN0085484	818	814	714	862	1007	833
FBGN0035540	642	803	738	527	616	482
FBGN0036105	296	388	298	376	483	361
FBGN0035279	17	20	16	0	0	4
FBGN0041156	74	25	17	64	10	12
FBGN0035632	850	802	818	842	580	529
FBGN0035621	17	10	43	8	62	21
FBGN0035709	28	17	40	7	11	3
FBGN0036162	17	12	28	12	12	3
FBGN0036987	868	1021	965	970	898	853
FBGN0036471	28	42	0	72	43	39
FBGN0262714	8166	10061	9430	6970	6353	6095
FBGN0025355	1960	2526	2370	2355	2259	2073
FBGN0000216	655	936	869	1199	874	853
FBGN0035598	49	28	40	20	66	46
FBGN0035811	9041	9417	10207	7652	6574	5907
FBGN0035582	106	50	96	150	100	91
FBGN0035218	11	9	7	19	15	9
FBGN0004429	19	9	1	10	16	12
FBGN0036447	39	58	32	31	13	37
FBGN0035099	2040	2053	1973	2476	2009	1807
FBGN0036249	646	796	768	942	756	621
FBGN0002440	221	28	251	186	131	150
FBGN0011723	56	11	76	49	33	19
FBGN0024542	1817	1930	2186	1946	2217	1978
FBGN0022699	4618	4867	5046	3883	3765	3384
FBGN0035948	7	53	24	19	35	8
FBGN0040812	1	1	0	5	0	4
FBGN0053493	82	112	57	188	148	166
FBGN0036289	812	730	666	348	401	305
FBGN0035859	402	478	738	3334	3221	2743
FBGN0036531	3	7	6	16	2	0
FBGN0036483	4310	5097	5191	4745	4706	4079
FBGN0035627	1244	1523	1427	1564	1494	1328
FBGN0085292	6	11	7	5	20	19
FBGN0036398	63915	66767	66831	43193	42355	37301
FBGN0035334	1224	1601	1249	1374	1246	1175
FBGN0036009	36	44	24	46	31	69
FBGN0035534	960	830	920	1298	1103	1150
FBGN0036318	2797	2577	2626	2927	2272	2281
FBGN0052404	35	2	14	0	2	16
FBGN0035473	2875	3348	3834	3319	3336	3168
FBGN0036763	2098	2201	2427	1890	1771	1455
FBGN0037153	10021	11450	11704	7904	7123	7076
FBGN0027088	12950	15021	14758	16902	14581	14169
FBGN0036138	33	47	19	20	42	6
FBGN0262733	3420	3641	4129	2683	2521	2331
FBGN0053276	382	592	485	977	974	906
FBGN0035106	29401	32326	30506	22184	22095	20204
FBGN0035401	1153	1466	1368	1579	1596	1626
FBGN0036839	70	76	124	76	67	52
FBGN0036858	10	10	27	26	22	6
FBGN0052086	22	4	50	10	29	9
FBGN0035142	35645	36478	35944	23464	20953	20993
FBGN0036690	13	8	9	244	262	212
FBGN0036143	69	46	50	28	46	45
FBGN0045474	31	9	29	36	35	28
FBGN0035956	2197	2177	2407	1617	1753	1571
FBGN0036180	3471	3852	3892	3039	2933	2831
FBGN0027086	12914	15589	15101	17564	16267	15312
FBGN0036070	20	2	4	2	0	14
FBGN0052088	209	159	180	119	155	137
FBGN0035189	28	55	13	84	96	84
FBGN0024277	33785	36456	37450	25386	23969	21640
FBGN0035159	903	879	653	541	602	585
FBGN0261801	3605	4031	4150	2908	2898	2785
FBGN0036235	132	56	48	69	99	72
FBGN0023076	71	50	49	45	72	43
FBGN0264002	27	11	21	17	17	13
FBGN0004594	17	0	0	7	5	6
FBGN0261506	38	5	5	4	11	16
FBGN0052248	72	12	15	27	36	51
FBGN0052475	1	2	0	0	0	0
FBGN0052230	2351	3265	2528	5005	5525	4743
FBGN0028573	50	95	39	73	74	89
FBGN0035755	1572	1698	1764	1439	1585	1353
FBGN0001247	5620	7229	6959	7581	7480	6914
FBGN0036997	23	24	7	20	31	28
FBGN0035981	3678	4789	4210	4020	3681	3370
FBGN0260776	18	18	28	16	34	27
FBGN0037101	24	6	27	19	39	16
FBGN0035670	40	63	72	22	50	56
FBGN0052189	5	8	22	17	12	18
FBGN0266669	2464	3114	2987	2742	2575	2257
FBGN0035592	796	783	979	1252	1446	970
FBGN0036807	3	6	4	4	18	16
FBGN0053772	15	0	6	23	0	17
FBGN0286980	35	5	5	10	42	6
FBGN0086915	11	0	0	2	9	0
FBGN0052380	1533	1430	1395	1648	1546	1380
FBGN0035325	15	20	1	22	10	9
FBGN0262679	0	0	0	0	0	0
FBGN0042118	29	42	22	45	26	21
FBGN0035877	1424	1569	1495	1340	1371	1095
FBGN0052483	22	10	16	7	17	39
FBGN0035243	907	894	877	1122	1068	750
FBGN0261998	55	57	46	91	74	67
FBGN0022959	52959	57887	61096	54497	51409	45105
FBGN0036847	1510	1514	1858	1256	1486	1315
FBGN0000639	12877	31095	7571	150991	127153	119486
FBGN0035544	227	47	38	36	62	93
FBGN0000625	3043	3748	4586	2490	2427	2152
FBGN0035402	9795	10515	10754	9237	8594	7937
FBGN0286818	87230	104675	102716	86585	85850	75632
FBGN0053966	10	16	14	16	12	12
FBGN0053051	858	1083	1102	1705	1509	1331
FBGN0266100	96	24	11	28	35	69
FBGN0035439	102	88	79	75	114	114
FBGN0036871	65	38	27	61	66	95
FBGN0036369	368	464	545	467	527	515
FBGN0036499	5	10	4	10	17	4
FBGN0037126	117	102	168	259	256	204
FBGN0035903	82	29	42	106	49	40
FBGN0052023	6	10	16	6	16	17
FBGN0054012	6	4	0	3	4	9
FBGN0260777	20	13	6	19	28	36
FBGN0052488	59	20	1	4	3	25
FBGN0035699	4018	5265	5123	4295	4032	3811
FBGN0037166	38	62	105	96	46	51
FBGN0036919	5964	7597	6569	6593	5907	5759
FBGN0265102	3454	3677	3764	3930	3843	3462
FBGN0259236	17	50	16	56	105	52
FBGN0024510	2467	3039	2851	2181	1973	2096
FBGN0259199	525	527	449	568	541	510
FBGN0035410	292	285	231	226	168	223
FBGN0259173	3238	3367	3653	2376	2459	1999
FBGN0035186	10	3	9	0	8	15
FBGN0014851	4	4	2	15	4	1
FBGN0036691	661	719	677	762	666	746
FBGN0288469	3000	3520	3841	2496	2592	2378
FBGN0035538	15	16	9	20	10	21
FBGN0035915	79	36	1	26	39	9
FBGN0036589	86	32	25	160	152	129
FBGN0035971	29	5	10	0	15	14
FBGN0042137	18	28	0	7	11	10
FBGN0036351	65	49	95	107	81	71
FBGN0036886	3684	3788	4370	4650	4673	3924
FBGN0035714	1728	1655	1691	5147	4786	3813
FBGN0027549	6402	7182	7545	6933	6435	5646
FBGN0035914	9	4	35	19	28	19
FBGN0036348	83	58	66	93	82	103
FBGN0037030	140	85	54	98	112	87
FBGN0035298	1399	1617	1595	1787	1618	1381
FBGN0035789	19	23	59	60	32	49
FBGN0053514	62	31	23	19	52	24
FBGN0040793	4283	4640	4716	6142	6279	5267
FBGN0040827	32	32	35	90	28	38
FBGN0036796	47	32	41	64	35	24
FBGN0043578	23	6	6	36	51	11
FBGN0035137	2266	2381	2599	1733	1871	1835
FBGN0053229	4135	5129	4357	3542	3227	2926
FBGN0054001	202	284	234	415	320	254
FBGN0040823	34	21	6	617	433	333
FBGN0035309	207	138	122	82	128	64
FBGN0052237	239	132	16	48	53	149
FBGN0036104	5392	6208	6372	5916	5829	5116
FBGN0040688	10	39	12	24	6	11
FBGN0036597	5	17	19	22	15	31
FBGN0035206	2861	3465	3502	3362	3608	2872
FBGN0047338	2	9	0	1	3	0
FBGN0036726	1119	1345	1300	1506	1460	1264
FBGN0028962	2026	2239	2608	1934	2088	1709
FBGN0035336	2186	2668	2405	3355	3454	2968
FBGN0036272	1963	1897	1923	1448	1373	1073
FBGN0036738	28	11	1	7	14	24
FBGN0052298	14	7	0	6	21	10
FBGN0002183	31944	33965	36451	29977	30538	27131
FBGN0036443	27	16	13	20	7	5
FBGN0035878	4493	5677	5507	6482	5974	5382
FBGN0028399	2088	2487	2450	3695	3367	3304
FBGN0011692	12686	13480	14172	12009	12102	10419
FBGN0035249	1530	1665	1554	1685	1826	1514
FBGN0036062	416	362	432	667	498	549
FBGN0035290	63	33	36	325	208	126
FBGN0036678	2885	3788	3120	3834	3889	3903
FBGN0035421	3446	3616	3664	3382	3538	2976
FBGN0259702	30	0	13	9	16	12
FBGN0010406	1531	1810	1762	1875	1808	1614
FBGN0035424	27331	28685	30958	20487	19345	17915
FBGN0036440	105	34	56	44	80	51
FBGN0035146	818	492	618	355	432	376
FBGN0029172	27	7	0	26	18	18
FBGN0037180	6	17	5	8	13	5
FBGN0052204	23	30	17	23	22	25
FBGN0261274	1285	1449	1396	1590	1044	1028
FBGN0036767	4	10	5	5	11	4
FBGN0035132	3454	3852	3967	3354	3450	3098
FBGN0023095	7366	8150	8561	7160	6757	5445
FBGN0000575	14198	15508	17152	12651	12491	11831
FBGN0037110	375	623	748	917	669	636
FBGN0036927	116	79	84	109	140	116
FBGN0013263	34041	36528	35977	31631	32449	28122
FBGN0035390	5739	6450	7269	4224	4307	3817
FBGN0036010	21	37	50	1	31	14
FBGN0035798	54	82	59	124	58	108
FBGN0035528	1016	1403	1376	2270	2091	1583
FBGN0036317	3646	3746	3542	3784	3450	2901
FBGN0000038	26	33	29	63	72	29
FBGN0035911	1078	1342	1329	1400	1231	1087
FBGN0061469	5872	6238	6315	6266	5985	5511
FBGN0036036	927	942	890	920	880	886
FBGN0287185	43	21	8	39	38	24
FBGN0001257	1012	1398	1403	2926	2961	2907
FBGN0035443	880	673	762	1012	799	795
FBGN0053158	4235	4817	4488	7915	7095	6803
FBGN0250836	14	16	4	3	1	6
FBGN0035265	47	73	13	17	25	23
FBGN0036301	3527	4328	3764	4954	4795	4144
FBGN0264908	120	68	73	39	57	98
FBGN0035484	542	704	569	766	717	617
FBGN0035332	55	41	10	24	26	22
FBGN0035761	5363	5679	5762	5668	5255	4407
FBGN0028377	7	20	6	24	7	9
FBGN0035600	4466	4465	5521	5986	5744	5027
FBGN0035548	37	19	26	14	47	72
FBGN0052282	0	0	0	3	9	11
FBGN0037007	3777	4130	4364	4084	3536	3366
FBGN0035977	10	15	17	20	22	11
FBGN0028693	3852	4208	4419	4842	4156	4292
FBGN0035271	439	632	611	951	866	695
FBGN0035751	10	1	1	4	9	6
FBGN0037130	35	77	30	94	63	47
FBGN0036333	6647	8198	7492	7934	7994	6595
FBGN0259935	82	41	47	35	6	25
FBGN0002899	2468	2986	2883	2283	2272	2176
FBGN0261243	5781	6494	7130	5720	5669	5019
FBGN0026432	3860	3989	3780	3496	3033	3166
FBGN0035901	2346	3093	3255	3470	3288	2803
FBGN0037040	64	40	24	57	62	62
FBGN0052296	19579	21331	20262	14777	14041	12853
FBGN0036939	42	35	80	44	63	43
FBGN0037162	15	8	16	17	18	2
FBGN0035870	75	61	29	54	22	53
FBGN0003984	5529	5899	5609	4995	5124	4750
FBGN0036762	7707	7705	9069	8151	8074	7120
FBGN0058045	5787	6553	6621	8105	9155	7490
FBGN0035328	2	1	23	19	1	26
FBGN0086785	1286	1529	1536	1637	1380	1221
FBGN0035571	22	23	37	38	25	52
FBGN0035490	42	16	0	160	138	204
FBGN0261933	3817	4454	4556	4739	4350	3204
FBGN0035501	1081	1227	1169	2174	1903	1921
FBGN0287187	7411	9236	7616	12864	12994	10774
FBGN0037114	595	575	626	1590	1151	1149
FBGN0036751	46	12	19	15	13	50
FBGN0054030	38	29	9	24	18	21
FBGN0035425	4323	4780	4823	4855	4058	3480
FBGN0002909	4137	4468	4557	4097	4057	3509
FBGN0035734	21	17	3	24	25	14
FBGN0035438	4917	5554	5503	6966	6818	5443
FBGN0036128	12	3	2	10	18	14
FBGN0042112	326	323	480	566	426	517
FBGN0016797	28696	30304	31569	21010	19347	18458
FBGN0035929	20	15	9	21	18	24
FBGN0035590	443	663	520	833	760	662
FBGN0261681	10	5	0	1	3	4
FBGN0011573	6701	8069	7444	7638	7621	6337
FBGN0264272	349	461	505	220	354	328
FBGN0259148	7	1	1	8	13	10
FBGN0036168	107	163	154	85	134	106
FBGN0004865	1977	2596	2197	2326	2538	2348
FBGN0036491	17	34	33	10	47	29
FBGN0285958	305	380	422	283	273	212
FBGN0036302	4329	4717	4818	4400	4419	4373
FBGN0040022	10405	10970	10243	9448	10615	9904
FBGN0035498	4915	5428	5492	4494	3640	3549
FBGN0035735	3	7	0	6	6	1
FBGN0052280	923	1042	1096	1016	1095	895
FBGN0036394	27	203	11	9	75	59
FBGN0036937	48	31	4	54	61	22
FBGN0263004	6	2	4	0	10	4
FBGN0001229	51	95	67	514	391	480
FBGN0040699	12	9	3	0	5	4
FBGN0036745	1908	2432	2306	2201	1981	1874
FBGN0035611	38	15	4	11	8	34
FBGN0035572	78	102	116	106	29	32
FBGN0035151	724	752	667	910	802	660
FBGN0035160	1629	1806	1986	2563	2031	1905
FBGN0261631	7	7	3	7	0	6
FBGN0015586	29	8	9	29	6	14
FBGN0262579	9907	10727	9696	10151	8774	8239
FBGN0035667	14	8	2	6	28	16
FBGN0027587	5816	7198	6351	7182	6888	5587
FBGN0086913	81	13	11	53	63	20
FBGN0037098	26077	28076	26905	24670	22993	19802
FBGN0035452	4472	5376	5322	4820	4311	4063
FBGN0035610	37	26	39	83	33	30
FBGN0036568	22	9	12	19	47	24
FBGN0011817	7527	9159	8179	8142	7878	7704
FBGN0036038	2161	2510	2553	2478	2167	2273
FBGN0052076	2875	3465	3697	3618	3217	2894
FBGN0035392	296	268	362	328	360	376
FBGN0263762	24	92	4	16	58	17
FBGN0262985	13	43	28	24	78	60
FBGN0035429	127	229	121	94	140	106
FBGN0035113	248	131	246	106	82	123
FBGN0035258	18	4	0	14	15	10
FBGN0001225	16470	22047	15337	19264	22827	21261
FBGN0004588	13	2	1	4	18	85
FBGN0040637	1	4	1	3	3	22
FBGN0085279	80	183	168	278	233	216
FBGN0035782	16	1	11	10	5	2
FBGN0052369	3304	3292	3275	3614	3179	3216
FBGN0052268	3	8	8	13	6	8
FBGN0042199	108	97	101	73	49	63
FBGN0036470	25	1	4	2	4	1
FBGN0036126	397	635	505	3541	2913	2394
FBGN0052055	324	500	277	261	182	148
FBGN0024921	12156	14419	13591	11325	10529	10007
FBGN0052313	7	3	14	4	32	10
FBGN0036495	9	1	8	4	0	2
FBGN0035960	270	329	284	405	238	342
FBGN0052024	30	3	4	21	5	9
FBGN0035194	645	1014	790	814	940	804
FBGN0085385	105	83	69	86	107	77
FBGN0259224	51	65	103	214	172	248
FBGN0035519	2162	2588	2277	2500	2641	2118
FBGN0036204	0	21	27	13	39	30
FBGN0035495	16	19	6	9	15	7
FBGN0037123	39	10	5	15	11	12
FBGN0036210	280	374	315	296	322	224
FBGN0053777	3	8	0	0	4	2
FBGN0037026	3293	4223	4064	3339	3229	2691
FBGN0037094	7353	8779	8418	7248	6263	6137
FBGN0036135	2170	1990	2733	2439	2159	2027
FBGN0004556	1414	2230	1555	2166	2447	1870
FBGN0005775	106	146	75	191	118	129
FBGN0001120	19	9	4	22	4	12
FBGN0036219	30	13	26	10	10	10
FBGN0036422	100	97	57	81	68	95
FBGN0015828	2431	2381	2986	2619	2282	1947
FBGN0040487	12	0	0	0	0	7
FBGN0041624	31	35	4	37	34	33
FBGN0037125	22	9	1	8	9	10
FBGN0035591	1734	2029	2130	1840	1974	1591
FBGN0027375	3669	3875	3967	3545	3462	3081
FBGN0036193	137	356	260	457	536	436
FBGN0004465	1565	1514	1834	1926	1823	1533
FBGN0026592	0	4	19	8	24	6
FBGN0053687	25	30	8	9	40	41
FBGN0003034	0	0	3	0	0	0
FBGN0052299	4	1	0	16	26	6
FBGN0012058	5173	5951	6356	5932	4792	4031
FBGN0035569	29	8	0	0	14	11
FBGN0035171	80	48	36	90	80	14
FBGN0014388	5760	6212	6585	5445	5194	4666
FBGN0036967	2390	2367	2211	2651	2328	2440
FBGN0036880	32	82	100	33	48	17
FBGN0036465	16	13	0	14	15	1
FBGN0035754	739	922	1226	900	945	773
FBGN0058298	22	23	9	8	0	5
FBGN0283461	13	56	8	296	238	208
FBGN0044048	20	2	4	6	21	18
FBGN0036843	1649	1875	2292	1366	1633	1589
FBGN0036741	1199	1164	1332	1330	1257	1104
FBGN0037177	24	7	38	24	4	16
FBGN0036601	15	12	0	12	4	16
FBGN0036791	42	18	20	13	19	19
FBGN0011802	2793	3092	2508	2869	2773	2612
FBGN0259099	64	15	75	62	54	52
FBGN0040305	2062	2354	2225	2067	2020	1777
FBGN0027057	5174	6081	5948	6253	5340	4972
FBGN0036046	9	10	3	18	8	9
FBGN0250825	0	2	2	0	12	5
FBGN0040843	7	6	2	3	9	16
FBGN0035941	19	7	21	8	19	6
FBGN0052418	2203	2548	2620	2858	2823	2496
FBGN0036515	2801	3336	3208	4427	3730	3517
FBGN0035725	481	515	474	613	641	557
FBGN0036928	3540	4292	4046	6039	5735	4602
FBGN0035806	6	12	12	43	14	46
FBGN0053696	49	19	39	31	34	26
FBGN0036285	2842	3628	3578	2538	2768	2352
FBGN0035623	64	61	44	100	192	92
FBGN0003515	92	110	93	135	123	128
FBGN0035317	72	55	36	73	42	60
FBGN0036702	6959	7639	8723	12399	11706	10745
FBGN0052485	219	112	105	140	75	104
FBGN0020386	11662	13962	12652	12599	12727	11733
FBGN0028582	4862	5994	5733	5391	4953	4790
FBGN0000567	13632	12521	13951	7671	7593	6456
FBGN0266436	46	18	12	40	9	19
FBGN0001316	63173	69903	69246	48643	45208	41901
FBGN0035207	6317	7052	7501	6097	5954	5379
FBGN0001258	319	540	280	965	1059	1028
FBGN0263608	28	15	2	49	11	1
FBGN0085276	43	60	8	31	20	50
FBGN0052036	6	8	9	5	19	5
FBGN0035902	273	306	269	402	333	217
FBGN0011640	9545	10478	11489	9115	9207	7906
FBGN0036617	27	30	5	24	64	39
FBGN0267487	11154	11442	12195	9302	9378	8192
FBGN0036594	23	2	16	19	43	40
FBGN0035374	1671	1692	1660	1724	1797	1594
FBGN0052185	165	222	213	265	254	136
FBGN0053770	6	0	0	43	8	12
FBGN0053290	15	10	3	19	14	14
FBGN0045478	101	113	121	581	633	499
FBGN0036577	43	73	40	39	50	75
FBGN0002926	104	72	56	143	103	125
FBGN0035199	1501	1364	1614	931	765	657
FBGN0035155	286	279	336	269	250	181
FBGN0085420	37	28	28	50	27	36
FBGN0013997	30711	36379	35509	27634	25983	24742
FBGN0035691	731	620	613	633	662	491
FBGN0036749	5	2	4	6	35	8
FBGN0036995	55	106	50	62	49	49
FBGN0024150	186	111	95	107	179	160
FBGN0037131	16	19	28	31	15	41
FBGN0035721	433	479	521	515	651	570
FBGN0036198	3252	3787	3225	4502	4471	4041
FBGN0027532	5258	6044	6293	4885	4412	4496
FBGN0036514	3623	4449	3897	4898	4645	3858
FBGN0036652	38	47	51	2	20	30
FBGN0036889	828	1149	1111	1164	1072	942
FBGN0036585	15	5	5	8	12	9
FBGN0028380	396	435	405	578	505	400
FBGN0040308	3886	4524	4597	4414	4572	4038
FBGN0036459	65	45	27	47	25	38
FBGN0036242	121	173	99	81	25	32
FBGN0029148	5358	6204	6506	6309	6252	5850
FBGN0035124	215	134	218	276	142	178
FBGN0036446	3093	3268	3216	2188	2204	2181
FBGN0036808	38	3	43	55	18	12
FBGN0266724	279	303	347	342	378	253
FBGN0036374	11809	13067	13674	9006	8488	7652
FBGN0035379	125	263	188	162	194	133
FBGN0036150	149	92	106	122	57	84
FBGN0259701	40	5	9	8	3	7
FBGN0012034	269	241	373	353	381	254
FBGN0035959	1385	1358	1379	1287	1294	1131
FBGN0086708	3566	3571	4273	2647	2543	2462
FBGN0035245	42	31	21	81	29	67
FBGN0036973	1772	1852	2234	2446	2549	2260
FBGN0250911	3154	2693	2489	2245	1860	1841
FBGN0264302	6738	7959	7889	10169	9501	7777
FBGN0036359	7	0	2	20	10	8
FBGN0036325	18	22	14	20	33	16
FBGN0036305	6135	7345	6766	6900	6624	5558
FBGN0044328	74	21	17	22	17	19
FBGN0027786	4756	5352	5612	6388	5962	5252
FBGN0004875	22775	23158	23658	15856	14896	14273
FBGN0037021	7244	7946	8041	5638	5428	5153
FBGN0036306	1000	993	913	1383	1306	1339
FBGN0040321	10160	12722	13302	9003	8821	7963
FBGN0052115	34	37	57	76	134	148
FBGN0035619	11	30	4	8	3	19
FBGN0054031	12	5	17	14	7	16
FBGN0024733	59081	70414	70663	78990	77229	67909
FBGN0036934	23	48	33	33	17	26
FBGN0036264	34	126	86	91	113	149
FBGN0040842	37	31	50	38	61	46
FBGN0053725	11	16	10	15	5	19
FBGN0003997	7943	7862	7800	11878	10899	9903
FBGN0052057	37	33	32	8	31	48
FBGN0036586	9	7	2	1	2	2
FBGN0262716	6133	6410	7046	7380	6479	6394
FBGN0041622	61	30	5	28	45	39
FBGN0035924	10	23	5	9	16	14
FBGN0035308	1739	1871	1687	1191	877	967
FBGN0002901	1305	1665	1586	1629	1694	1545
FBGN0037142	5576	6129	6317	5005	4474	4477
FBGN0036842	6347	6284	7290	3896	4362	3839
FBGN0264488	71	114	329	91	67	102
FBGN0037133	2	0	3	4	2	6
FBGN0023395	2100	1971	2370	1846	1783	1723
FBGN0037004	411	493	507	473	516	409
FBGN0259167	742	696	770	684	721	507
FBGN0037167	29	15	21	108	71	43
FBGN0035797	71	24	22	47	45	37
FBGN0064227	102	62	50	47	88	84
FBGN0036970	44	11	4	23	32	34
FBGN0040075	8468	9531	10116	9699	9062	8569
FBGN0052107	71	42	10	64	31	16
FBGN0052188	10	11	27	13	14	16
FBGN0035475	277	250	381	254	276	308
FBGN0036772	1617	1762	2068	2157	2304	1973
FBGN0036688	2096	2211	2859	2316	2196	1855
FBGN0027616	14738	15494	17655	11934	12167	10871
FBGN0053056	324	229	259	273	296	189
FBGN0036373	10407	9899	11131	7951	8138	6896
FBGN0002565	8133	13586	5223	68291	56626	51841
FBGN0260943	61	74	95	48	105	65
FBGN0036292	821	1158	970	1025	1027	702
FBGN0036211	2639	3158	3275	2588	2510	2529
FBGN0035790	23	10	16	15	12	17
FBGN0011771	5597	7724	6910	6804	6376	6227
FBGN0036765	316	367	287	229	223	178
FBGN0035838	1162	1160	1420	1419	1320	1130
FBGN0036415	456	504	423	422	348	304
FBGN0036587	88	211	91	480	384	465
FBGN0040837	3	21	9	52	40	15
FBGN0035546	76	40	15	47	37	52
FBGN0037086	24	4	34	0	4	12
FBGN0036314	4206	4186	4403	4716	4544	4064
FBGN0047135	3372	4541	3846	6012	6582	5837
FBGN0052251	10078	11268	9199	8698	9308	7654
FBGN0036725	92	72	36	64	110	76
FBGN0036213	34892	41329	43748	37854	35089	31684
FBGN0036288	54	27	56	69	51	100
FBGN0041604	10413	12459	11206	11411	10513	9891
FBGN0036101	3987	5254	4248	5841	6158	5186
FBGN0061492	2511	3010	2733	2887	2775	2402
FBGN0035922	16	58	0	17	15	27
FBGN0052846	25	8	10	33	21	12
FBGN0053700	4	1	6	4	20	18
FBGN0261547	12294	12830	13509	14639	13757	12254
FBGN0052183	37	4	15	42	26	33
FBGN0004428	21	14	24	6	11	18
FBGN0035638	59	9	43	43	41	34
FBGN0036714	3178	4041	3626	3160	2886	2778
FBGN0037070	842	922	788	1235	1040	891
FBGN0261797	65621	69079	70614	51588	49239	46211
FBGN0035480	311	401	284	636	657	484
FBGN0036030	10622	11485	11589	10849	10643	8820
FBGN0036844	3168	3270	3658	3287	3147	3145
FBGN0035578	25	16	20	11	18	21
FBGN0035144	3	35	15	85	21	29
FBGN0036570	2372	2591	2596	3067	2899	2672
FBGN0014368	182	169	93	157	147	141
FBGN0036386	2162	2662	2721	2583	2731	2275
FBGN0263246	0	2	0	9	16	10
FBGN0067864	3707	4514	4894	4203	4111	3407
FBGN0036341	1773	1749	2192	1397	1246	1178
FBGN0000449	125	105	132	187	149	95
FBGN0036226	26	10	34	2	21	1
FBGN0036207	1605	1609	1500	2159	2217	1915
FBGN0267795	12030	13007	13001	9351	9046	8599
FBGN0036450	6628	7658	7225	6736	6694	5499
FBGN0036949	72	52	42	62	31	30
FBGN0004378	17358	18975	20092	14571	13949	12779
FBGN0035264	4723	4995	5312	4263	3717	3722
FBGN0260233	4473	4927	5022	3651	3229	3075
FBGN0262020	27	47	13	15	4	2
FBGN0052379	11	4	10	37	11	6
FBGN0036991	2547	2223	2265	2202	2536	2346
FBGN0260027	73	57	37	84	66	115
FBGN0036232	27	9	15	15	20	34
FBGN0035904	5401	5735	5936	6861	6335	5846
FBGN0036812	896	1122	1242	1485	1417	1106
FBGN0035676	156	154	61	185	81	103
FBGN0262531	50	36	23	11	10	15
FBGN0261788	1103	928	1235	798	553	845
FBGN0037042	18	40	47	7	37	9
FBGN0036165	2866	2780	3027	2769	2329	2308
FBGN0035505	25	10	23	18	27	8
FBGN0085296	26	54	74	21	14	50
FBGN0035998	761	1146	978	1211	1210	963
FBGN0036771	733	670	995	983	731	818
FBGN0015025	424	459	630	535	467	455
FBGN0004431	9	16	0	32	26	18
FBGN0037038	0	4	17	27	5	12
FBGN0053054	182	275	303	564	538	413
FBGN0001099	489	679	608	707	727	664
FBGN0026238	5857	6505	5765	7506	7613	6687
FBGN0033669	2982	3562	3398	4493	4174	3732
FBGN0034785	1179	1698	1448	1076	1122	949
FBGN0033458	39	43	44	92	113	153
FBGN0265188	6	3	1	8	2	7
FBGN0005695	904	1107	1086	592	641	590
FBGN0034558	24	55	54	28	36	68
FBGN0033564	724	1014	836	936	869	735
FBGN0034776	42	4	0	27	7	1
FBGN0050467	2370	3126	2597	3069	2757	2372
FBGN0050463	4122	4494	4282	3711	3900	3937
FBGN0033056	68	43	62	20	54	29
FBGN0034165	7	8	0	4	14	14
FBGN0050443	1988	1965	1906	1931	2088	1919
FBGN0011554	34	32	3	10	14	8
FBGN0028408	187	96	149	123	61	34
FBGN0284083	0	0	1	0	1	1
FBGN0035016	4995	5145	5905	4311	4189	3976
FBGN0033121	1464	1273	1710	949	1036	1036
FBGN0034730	42	19	42	10	50	35
FBGN0041174	188	198	237	163	163	194
FBGN0034755	11	5	21	20	9	0
FBGN0261686	11	8	22	1	10	2
FBGN0026389	19	50	20	20	31	11
FBGN0034068	8634	8780	8960	7823	8157	7257
FBGN0033392	876	632	966	635	604	659
FBGN0261612	37	25	27	82	83	52
FBGN0033592	3	4	12	18	8	1
FBGN0034468	206	394	407	383	390	359
FBGN0015277	1269	1775	1677	1474	1189	1211
FBGN0003460	1371	1281	1681	1162	851	658
FBGN0265194	4048	4037	3608	3115	2863	2660
FBGN0086784	2895	2962	3374	2828	2543	2359
FBGN0033555	4086	4519	5195	4647	4518	4123
FBGN0034217	444	729	605	833	716	628
FBGN0022224	230	395	399	477	426	426
FBGN0033050	3584	4030	4241	3547	3698	3139
FBGN0033851	11	3	6	2	3	5
FBGN0034441	31	36	17	41	77	44
FBGN0053136	26	26	17	31	23	16
FBGN0034152	10	5	2	13	5	3
FBGN0050496	1947	2278	2202	1960	2016	1709
FBGN0033446	6542	6733	8982	5167	5200	4869
FBGN0034065	1272	1390	1336	1990	1778	1563
FBGN0010531	510	623	476	674	625	592
FBGN0262170	4	10	9	12	7	0
FBGN0034940	438	644	761	816	814	575
FBGN0033326	22	21	37	16	33	17
FBGN0011659	1505	1630	1806	1409	1170	897
FBGN0034756	289	234	204	2468	2408	1992
FBGN0034066	2117	2134	2460	2196	2421	2079
FBGN0033512	5	3	0	0	6	2
FBGN0010388	7	6	0	27	2	11
FBGN0043471	15	8	8	13	3	11
FBGN0262569	7	4	0	0	12	5
FBGN0035028	1651	1781	1718	1739	1506	1636
FBGN0050122	42531	45985	47068	43345	41107	38268
FBGN0041243	56	61	48	26	52	34
FBGN0085475	2	0	13	25	11	8
FBGN0010339	4962	5149	5395	7432	7097	6386
FBGN0034835	12	0	16	37	7	8
FBGN0034499	26	63	25	35	7	30
FBGN0029508	5589	5224	5444	4524	4327	4368
FBGN0024698	5903	6733	6376	6617	6070	5461
FBGN0262513	34	11	2	2	9	4
FBGN0033942	552	551	912	410	433	340
FBGN0033781	599	703	790	1170	1016	895
FBGN0033979	30	28	23	14	23	9
FBGN0033051	564	680	698	344	219	203
FBGN0033042	13	0	0	14	22	0
FBGN0000662	10804	12132	13362	9271	9309	7815
FBGN0034005	66	150	77	116	131	91
FBGN0050339	5	19	9	2	34	20
FBGN0034623	26	171	10	72	50	47
FBGN0023175	8782	10369	10167	9147	8488	7733
FBGN0033190	221	165	222	146	170	90
FBGN0050293	30	8	53	13	16	12
FBGN0033289	138	180	191	228	221	183
FBGN0086908	8565	9905	9954	9783	9473	8007
FBGN0033817	43	24	17	18	15	5
FBGN0043530	17	10	0	1	0	21
FBGN0034206	6	4	2	16	10	17
FBGN0085419	46	33	27	47	39	21
FBGN0033178	1860	2065	2396	1745	1727	1708
FBGN0034483	29	21	12	12	18	48
FBGN0034081	527	443	593	475	554	426
FBGN0000996	7706	8009	8839	6139	5693	4792
FBGN0033234	35	19	16	119	38	33
FBGN0027581	2978	2600	2613	1948	1928	1572
FBGN0033869	21	11	25	1	19	14
FBGN0028743	23	24	8	46	38	21
FBGN0034740	116	48	55	132	89	75
FBGN0025790	5321	6156	6083	5119	4820	4315
FBGN0034031	63	63	43	92	73	60
FBGN0033203	8	1	4	32	16	26
FBGN0034879	1389	1388	1559	2305	1993	2018
FBGN0033108	41	20	36	54	68	52
FBGN0034360	412	427	434	360	556	399
FBGN0050222	34	12	12	20	57	22
FBGN0040465	5	8	29	40	31	10
FBGN0016032	44	46	32	55	39	28
FBGN0263655	218	159	174	257	207	120
FBGN0033848	45	42	23	8	26	36
FBGN0034631	1819	2049	2316	2216	1923	1880
FBGN0033265	2424	2757	2055	2796	2863	2510
FBGN0050159	2292	2492	2757	2655	2208	1884
FBGN0003687	2352	2528	2627	2025	2280	1913
FBGN0259878	5581	6208	6497	4319	3932	3565
FBGN0034307	1195	1692	1683	1448	1357	1287
FBGN0033918	4313	4704	4640	5692	4883	4482
FBGN0013726	17611	19259	20756	17333	16142	15097
FBGN0033215	15	30	4	53	36	11
FBGN0033739	4006	3838	4003	3099	2769	2828
FBGN0034070	68	124	198	70	115	51
FBGN0033846	6870	6808	7161	5618	5784	4893
FBGN0034219	3178	3393	3305	3995	3632	3149
FBGN0033376	3148	3569	3738	3018	2641	2484
FBGN0053503	44	22	20	293	172	171
FBGN0262595	13	0	12	4	10	15
FBGN0004181	74	47	11	6	13	17
FBGN0014184	13100	14723	15564	13095	12766	11281
FBGN0024294	6745	9324	7445	14131	12498	11975
FBGN0033542	17	82	41	52	46	23
FBGN0034160	51	12	24	10	21	19
FBGN0000037	35	22	61	32	45	24
FBGN0261270	8874	9963	11292	12563	10819	10224
FBGN0033915	5078	5946	5809	4758	4904	4466
FBGN0085237	15	15	0	3	11	2
FBGN0050432	14	4	4	8	3	4
FBGN0034681	8	13	2	8	21	9
FBGN0265512	824	853	883	786	600	608
FBGN0264540	36	4	6	8	2	23
FBGN0024732	1079	1134	1470	824	784	598
FBGN0265632	1	0	4	5	14	3
FBGN0034770	7	4	11	4	15	8
FBGN0050106	43	20	27	27	51	23
FBGN0261554	3705	3533	3575	2871	2606	2639
FBGN0260007	26	7	5	13	66	29
FBGN0001122	2144	2664	2489	1801	1840	1762
FBGN0033381	3039	3468	3340	2889	2734	1954
FBGN0085444	10536	11523	11527	9148	9008	8501
FBGN0067102	739	682	1004	744	509	604
FBGN0042086	149	186	329	110	155	164
FBGN0050178	20	0	14	0	0	11
FBGN0008636	49	24	25	32	40	34
FBGN0016697	6496	6739	7547	7258	6726	6261
FBGN0259737	70	97	87	49	83	95
FBGN0262836	0	0	0	1	0	1
FBGN0034110	1819	2170	1862	1590	1690	1491
FBGN0259795	56	70	23	65	49	36
FBGN0033982	20	23	37	37	26	20
FBGN0262843	18	10	2	20	9	4
FBGN0085460	31	76	18	72	72	42
FBGN0033879	9542	10476	11209	9232	8420	7404
FBGN0033921	64	107	66	49	75	43
FBGN0046880	9	3	0	7	8	5
FBGN0050160	121	132	290	106	133	142
FBGN0025186	2931	3328	2918	2462	2497	1946
FBGN0053459	35	12	1	74	57	54
FBGN0034352	7	26	18	5	11	5
FBGN0029501	31	40	13	46	48	46
FBGN0033987	21307	23007	24013	14274	14227	12566
FBGN0034950	129	52	51	14	20	50
FBGN0033089	1338	1614	1674	1569	1375	1282
FBGN0265623	5631	6201	6064	4627	4406	4100
FBGN0034261	1994	2153	2231	1922	1505	1476
FBGN0034735	1305	1387	1228	1174	1094	990
FBGN0034867	0	12	1	4	1	3
FBGN0034498	8841	9524	9631	8034	7210	6664
FBGN0041702	1273	1821	1637	1135	1227	989
FBGN0033651	15	39	28	33	22	21
FBGN0034224	47	68	64	46	20	20
FBGN0085224	621	523	609	762	557	481
FBGN0286939	1	0	4	9	1	4
FBGN0003900	2477	2746	3309	1948	1598	1581
FBGN0259708	173	121	136	412	402	406
FBGN0033043	6	10	2	60	8	21
FBGN0028956	4550	5112	4570	6299	5608	5468
FBGN0033272	1799	2055	2321	1950	1943	1686
FBGN0040729	19	3	0	5	0	1
FBGN0034356	372	609	362	969	897	819
FBGN0050039	0	3	11	18	2	26
FBGN0265052	64	60	85	48	69	64
FBGN0034281	90	136	71	152	177	170
FBGN0040505	715	957	886	373	495	456
FBGN0033010	4939	5858	4602	6306	6466	6169
FBGN0033468	829	773	676	1035	1003	836
FBGN0033917	76	146	176	168	180	143
FBGN0262572	4	2	20	0	14	5
FBGN0034073	2518	3570	2907	3792	4029	3296
FBGN0040747	0	0	0	0	0	11
FBGN0035027	2412	2293	2545	2282	2175	2018
FBGN0033060	463	390	466	663	635	461
FBGN0050380	17	29	30	22	11	4
FBGN0034202	34	1	2	0	11	35
FBGN0033408	87	94	111	48	50	60
FBGN0046253	136	126	167	389	379	306
FBGN0285943	46	10	33	37	47	22
FBGN0034797	13067	13936	13372	11812	10591	10470
FBGN0002069	12760	13526	14396	15838	15489	13387
FBGN0040764	24	0	0	19	4	4
FBGN0033597	2	16	15	19	11	5
FBGN0033958	19	14	1	26	35	35
FBGN0022029	4352	4900	5009	6355	5879	5115
FBGN0034232	1192	1011	1060	1560	1565	1566
FBGN0034035	1304	1848	1736	1818	1552	1717
FBGN0034627	329	438	319	345	409	412
FBGN0053792	9	12	14	14	0	5
FBGN0028988	63	44	25	89	103	102
FBGN0259978	5609	5503	5274	6620	6334	5647
FBGN0040780	147	104	175	260	233	203
FBGN0034061	820	1060	1180	1199	1162	1045
FBGN0041236	8	15	0	2	21	2
FBGN0033236	1823	2223	2429	1252	1314	1168
FBGN0033374	28	3	28	50	26	10
FBGN0033249	16	6	0	8	2	12
FBGN0033233	1553	1995	1978	1723	1928	1508
FBGN0050338	572	547	616	461	443	429
FBGN0033127	1228	1518	1440	1409	1358	1274
FBGN0010053	507	605	671	240	205	178
FBGN0054029	15	0	3	0	6	6
FBGN0034567	21	7	28	10	34	56
FBGN0033260	7442	7629	7156	6473	6329	5946
FBGN0000253	25695	29446	28014	29578	28907	25234
FBGN0020767	7933	7761	9349	5864	5594	5210
FBGN0050177	6	6	0	18	5	21
FBGN0035088	2415	2557	2453	2831	2954	2651
FBGN0085233	4	1	3	14	1	1
FBGN0035049	2350	2853	2431	5484	4647	4707
FBGN0050401	4	20	23	4	17	32
FBGN0015903	1849	1702	1903	1285	1382	1034
FBGN0040726	40	43	34	94	76	53
FBGN0034023	43	15	42	60	74	21
FBGN0262141	8	2	2	0	6	9
FBGN0003701	4261	5020	5077	3591	3981	3180
FBGN0003062	8749	9702	10696	9151	7760	7224
FBGN0264962	16193	19001	18244	14124	13983	12088
FBGN0034687	51	70	55	26	41	17
FBGN0050010	364	453	360	373	325	371
FBGN0005613	11345	12521	12316	10558	10037	9587
FBGN0010078	77669	92147	92979	101091	100744	87402
FBGN0040752	22532	25163	25237	14541	14417	13350
FBGN0260390	1385	1252	1376	1351	1455	1266
FBGN0033451	1682	2047	2073	1812	1676	1405
FBGN0000658	19287	21191	23926	13884	13051	12433
FBGN0028963	28	11	22	23	27	30
FBGN0262816	11	16	6	20	17	25
FBGN0053467	9	3	7	0	8	5
FBGN0034876	5331	5450	5809	4647	4651	4043
FBGN0033623	4	2	4	28	19	25
FBGN0085399	48	48	57	58	51	44
FBGN0041237	5	7	37	16	5	43
FBGN0033500	36	29	8	22	41	22
FBGN0033341	2224	2252	2061	1624	1881	1598
FBGN0034276	35	42	36	83	113	127
FBGN0034795	8245	9724	9050	9103	8612	7791
FBGN0034878	5430	5583	6225	4583	4516	4034
FBGN0033720	53	54	42	53	66	66
FBGN0033377	4373	5121	5256	5258	5279	4909
FBGN0062449	1752	1839	1755	1775	1603	1418
FBGN0034519	244	132	128	247	207	187
FBGN0003892	12355	13739	13484	8899	8738	7847
FBGN0034184	1706	1905	1858	2793	2833	2325
FBGN0033806	2517	2787	2499	2894	2784	2387
FBGN0066292	138	196	178	81	142	137
FBGN0023143	51664	58019	58481	58290	53209	49739
FBGN0085344	8	14	7	9	33	13
FBGN0001285	30	21	0	2	23	7
FBGN0040063	9	2	7	3	4	7
FBGN0015040	2526	2842	3082	2414	2474	2219
FBGN0034718	9135	9505	11092	6023	6427	5502
FBGN0034568	158	262	239	160	128	168
FBGN0085512	4	4	0	5	13	2
FBGN0000044	2276	2120	1503	2179	2297	2053
FBGN0026619	1405	1717	1920	1046	1139	1091
FBGN0266711	2817	2945	2890	3092	3352	2667
FBGN0015522	67	101	60	44	41	49
FBGN0033744	57	74	35	70	77	54
FBGN0050428	1224	1379	1186	1886	2044	1791
FBGN0033097	11	28	3	3	17	28
FBGN0053453	12	8	1	3	4	14
FBGN0033266	905	1026	1189	745	647	667
FBGN0003326	5826	7252	6711	4777	4465	3867
FBGN0050099	50	34	95	35	38	43
FBGN0260477	56	135	153	170	95	108
FBGN0034684	38	18	15	23	24	23
FBGN0063498	0	14	1	0	20	18
FBGN0033000	1387	1835	1542	2851	2658	2327
FBGN0033579	88	40	24	64	30	41
FBGN0040658	418	479	497	431	417	397
FBGN0034565	4	12	0	4	4	5
FBGN0034278	15	14	5	0	0	1
FBGN0027589	78	44	28	57	43	48
FBGN0034335	373	509	490	1538	1501	1139
FBGN0033640	4	16	2	0	14	8
FBGN0034994	37	27	40	3	26	12
FBGN0033945	102	148	106	589	588	522
FBGN0085228	0	0	17	30	30	7
FBGN0033883	1237	1424	1906	1375	1370	1043
FBGN0262948	1	9	0	6	7	2
FBGN0053137	29	46	4	36	59	18
FBGN0010357	48	18	54	48	88	29
FBGN0034723	3602	3950	4123	3194	3301	2654
FBGN0040005	2942	3755	3044	4370	4433	4085
FBGN0033029	20880	23609	22769	21661	21874	18632
FBGN0034617	2171	2659	2689	2500	2517	2093
FBGN0033865	28	11	25	14	15	26
FBGN0033235	4818	4598	5557	4958	4499	4188
FBGN0002791	2763	3026	3122	3169	3065	3052
FBGN0033244	3039	3358	3839	2958	2691	2474
FBGN0050016	24	55	13	50	54	33
FBGN0262114	11318	11631	12082	10535	9769	8882
FBGN0025827	10	1	0	8	9	6
FBGN0050398	45	63	16	14	6	26
FBGN0035068	18	14	18	10	1	22
FBGN0262845	3	6	1	16	16	15
FBGN0017558	714	996	752	1362	1461	1307
FBGN0034454	39	4	0	7	27	13
FBGN0033113	57	68	68	109	101	97
FBGN0034135	39	22	9	35	27	36
FBGN0028744	7399	8155	8449	9098	8495	7895
FBGN0050360	89	88	112	184	98	142
FBGN0262571	17	1	0	0	22	2
FBGN0034457	51	36	28	65	37	23
FBGN0033760	33	22	25	46	41	42
FBGN0033241	6603	6893	7554	6325	5569	4669
FBGN0050371	38	27	14	122	72	83
FBGN0265297	188986	207422	216577	186613	182081	164522
FBGN0020257	20439	20144	24159	13921	14262	13163
FBGN0033608	2082	2543	2071	3101	3341	2541
FBGN0283666	1140	1472	1176	1474	1623	1075
FBGN0266377	3324	3857	3620	1993	2145	1782
FBGN0285950	50908	64294	57262	84865	73154	65596
FBGN0003435	868	1413	840	2353	1965	2106
FBGN0034920	15	18	5	39	36	41
FBGN0050265	21	10	14	18	34	12
FBGN0034961	2034	2186	1647	2156	1717	1749
FBGN0033021	9526	11249	9032	14255	15104	12774
FBGN0260770	102	32	10	35	58	30
FBGN0050011	8623	9349	9047	9090	8278	7531
FBGN0034093	1196	959	1232	1113	1001	1050
FBGN0053505	1485	2169	1840	2097	2217	1991
FBGN0034946	3915	4132	4720	3143	3230	2966
FBGN0262547	6	0	7	14	5	2
FBGN0033885	46	12	35	11	39	17
FBGN0001291	2693	3260	2933	3201	2835	2603
FBGN0004240	15	1	3	6	3	0
FBGN0040273	9164	10355	10198	9640	8787	7716
FBGN0034501	40	56	35	251	266	198
FBGN0003140	14	20	10	10	0	3
FBGN0034092	2	26	2	0	6	10
FBGN0033750	1007	1353	1345	1191	1209	1125
FBGN0041235	6	9	29	4	6	12
FBGN0261823	15527	16753	16440	12315	11582	10627
FBGN0033814	3510	3646	4362	2987	2814	2761
FBGN0025885	5878	7279	7233	4451	4177	3811
FBGN0045482	23	3	0	11	30	6
FBGN0263032	0	3	5	15	13	8
FBGN0050413	4	1	8	4	12	7
FBGN0029147	133	119	45	267	285	244
FBGN0033323	32	29	53	39	45	62
FBGN0085257	150	183	108	328	423	366
FBGN0028407	32	5	1	4	25	29
FBGN0033353	11	36	17	15	30	15
FBGN0033422	27	15	59	29	26	27
FBGN0284252	7922	8341	8615	6746	6234	6015
FBGN0262882	14	6	7	11	18	1
FBGN0267861	3351	3883	3651	5088	4409	3947
FBGN0085218	2	11	0	2	4	3
FBGN0034363	2	8	4	3	2	17
FBGN0035014	14	18	0	12	5	11
FBGN0022987	7156	7223	6821	5699	6093	5280
FBGN0033355	21	0	0	33	40	39
FBGN0033138	38	6	4	22	12	6
FBGN0262103	7389	6931	7431	5181	5266	4366
FBGN0034697	3421	4021	3925	3589	3549	3106
FBGN0284231	97	122	109	101	94	112
FBGN0013764	9727	10106	11507	8382	8691	7186
FBGN0034968	67613	76704	83371	72351	66208	56823
FBGN0011227	215	330	237	391	317	229
FBGN0028496	221	105	102	112	95	93
FBGN0033473	1966	2443	2364	2448	2466	2134
FBGN0034504	13422	16165	15862	11411	10650	9937
FBGN0034548	48	27	34	6	20	8
FBGN0033663	69721	79930	79163	56292	54322	50902
FBGN0033170	25	54	73	137	101	71
FBGN0033990	816	1012	812	922	1001	856
FBGN0050403	626	783	856	324	494	483
FBGN0033679	99	95	44	134	124	203
FBGN0040763	117	136	54	37	106	50
FBGN0034387	91	34	1	20	32	59
FBGN0050021	70	62	88	61	71	47
FBGN0250868	875	920	764	1918	1713	1370
FBGN0033713	2197	2398	2633	2355	1923	1905
FBGN0028426	1750	1912	1978	3374	2985	2807
FBGN0053465	56	28	31	146	214	160
FBGN0284436	27239	27888	30275	31122	29288	25937
FBGN0033867	25	45	42	29	10	31
FBGN0010470	3728	4982	4286	5970	5111	5198
FBGN0050065	0	4	9	16	1	9
FBGN0033137	98	154	94	448	397	348
FBGN0034346	4579	5197	4885	5416	4203	4199
FBGN0033122	3914	3852	4777	3172	3059	2891
FBGN0010482	164	140	170	200	256	278
FBGN0263250	5	10	3	0	2	2
FBGN0034103	0	0	8	0	2	3
FBGN0040730	0	1	0	3	6	1
FBGN0034638	43	18	32	48	79	75
FBGN0034199	0	10	1	64	38	30
FBGN0050103	22	22	27	13	29	48
FBGN0034709	301	255	292	263	187	226
FBGN0033315	653	570	922	945	707	771
FBGN0003396	35773	38710	36163	29323	27407	24522
FBGN0034902	1714	1273	1933	2342	2200	1955
FBGN0034957	56	25	19	27	26	26
FBGN0035090	101	141	140	645	510	512
FBGN0034769	7	12	11	12	4	17
FBGN0034025	3731	3804	4228	3120	3173	2372
FBGN0025720	2960	3753	3822	4408	4416	3529
FBGN0033788	27	2	18	139	127	166
FBGN0266487	553	591	516	585	540	688
FBGN0000633	85	64	37	52	48	60
FBGN0034528	3254	3416	3041	5194	5324	4778
FBGN0033362	207	158	237	123	74	76
FBGN0287212	9	11	14	26	0	13
FBGN0004907	54519	65076	59438	67573	64030	57104
FBGN0033810	1076	1126	1262	1346	1366	1200
FBGN0265833	4	0	3	3	16	4
FBGN0050340	13	12	57	12	47	35
FBGN0263376	58	13	18	31	44	46
FBGN0034173	15	0	18	7	29	21
FBGN0002643	22988	26096	25143	17346	15970	14820
FBGN0033363	35	28	35	7	37	29
FBGN0034182	438	397	439	349	250	356
FBGN0286932	31	62	32	58	66	74
FBGN0085261	45	17	47	110	113	108
FBGN0034988	386	478	505	447	515	377
FBGN0263020	4	6	5	5	5	4
FBGN0266083	15675	16988	16711	14616	13818	12620
FBGN0004581	122	94	86	106	118	94
FBGN0053140	761	1044	883	869	785	651
FBGN0034731	20	19	22	13	31	22
FBGN0050349	6881	7598	7681	9018	8472	7178
FBGN0033397	41	18	20	12	18	22
FBGN0050382	14204	17598	17300	23374	21576	18336
FBGN0004055	2328	2882	2856	4272	3854	3716
FBGN0003067	5030	3689	4814	5117	5121	5014
FBGN0033815	38	9	22	51	14	21
FBGN0033730	872	990	1172	1506	1437	1220
FBGN0026402	1765	2020	2374	2202	2141	1673
FBGN0034665	13	23	3	29	29	26
FBGN0034883	128	156	170	192	187	137
FBGN0265429	4	6	0	13	2	0
FBGN0085244	3	6	8	1	3	0
FBGN0033467	124	91	69	299	276	216
FBGN0085241	24	0	0	13	3	3
FBGN0015295	4476	4498	4960	3903	3704	3324
FBGN0033450	359	396	384	320	272	270
FBGN0033861	5	9	1	0	6	5
FBGN0033687	3	6	6	0	2	2
FBGN0033925	1255	1224	1448	1244	1465	1160
FBGN0035006	23	35	25	14	17	15
FBGN0034461	6	0	6	4	0	5
FBGN0034063	1505	1691	1491	1430	1469	1411
FBGN0034566	53	29	20	50	35	29
FBGN0033791	55	36	30	64	47	27
FBGN0034114	2363	2490	2183	2571	2563	2182
FBGN0050031	318	179	578	329	344	306
FBGN0034705	505	686	741	947	882	1018
FBGN0034195	16	14	12	24	9	14
FBGN0053632	5	3	6	14	11	5
FBGN0034647	17	49	8	56	27	29
FBGN0033354	4432	5001	4900	4549	4666	3992
FBGN0054040	36	27	10	36	12	26
FBGN0028382	1344	1458	1359	1672	1626	1516
FBGN0034062	803	694	1042	750	892	689
FBGN0040754	487	834	650	1342	1196	1116
FBGN0003130	457	492	388	567	510	504
FBGN0034002	2288	2919	2782	2083	2130	2096
FBGN0266186	1666	2179	2297	2745	2690	2306
FBGN0263114	3	13	4	9	35	5
FBGN0050391	6	3	6	8	8	3
FBGN0044020	456	669	640	1219	1251	1120
FBGN0033264	8475	9092	9860	8830	8023	7244
FBGN0085488	6	8	21	22	13	6
FBGN0260995	5	10	3	27	18	7
FBGN0034391	386	457	378	212	202	175
FBGN0085213	25	22	8	2	20	16
FBGN0034105	2	2	0	3	20	5
FBGN0025583	6	13	0	0	2	2
FBGN0250824	135	208	216	17	25	13
FBGN0041205	3303	2815	3326	3431	3131	2849
FBGN0033033	4132	4018	4026	3831	3746	2994
FBGN0262889	3	3	0	7	0	7
FBGN0265180	1400	1683	984	1032	1535	1213
FBGN0035085	620	523	787	533	325	276
FBGN0265342	10	6	12	34	15	41
FBGN0033524	43	48	7	13	21	40
FBGN0034899	40	1	1	5	16	10
FBGN0266433	21	7	29	0	14	8
FBGN0035089	5726	7266	7135	7513	7006	5781
FBGN0259209	145	177	68	160	163	191
FBGN0034272	65	11	47	52	49	18
FBGN0260799	12200	14635	11708	15011	16398	13989
FBGN0034139	43	15	12	64	95	86
FBGN0034008	368	505	435	438	470	466
FBGN0035019	22	9	36	57	46	21
FBGN0000448	731	1541	680	1657	1815	2131
FBGN0034198	14	25	14	69	17	21
FBGN0033960	1242	1415	1513	1353	1197	946
FBGN0040733	0	3	5	4	11	0
FBGN0033980	31	32	41	383	396	224
FBGN0014865	2	0	1	0	0	2
FBGN0261587	14	2	4	10	22	3
FBGN0050389	13307	13318	14091	10019	10376	9126
FBGN0012042	6	7	0	42	13	38
FBGN0262840	5	0	0	6	7	0
FBGN0033225	3303	3494	3549	3850	3301	3110
FBGN0034657	13081	12549	13595	11572	10526	10131
FBGN0033038	2258	2339	2177	2712	2287	2000
FBGN0033516	3	1	17	37	8	13
FBGN0033104	784	1091	882	1170	1355	1162
FBGN0027872	616	750	823	498	569	285
FBGN0033261	930	1051	1195	1199	1291	1147
FBGN0033686	423	352	329	490	545	578
FBGN0034774	5	6	2	2	3	7
FBGN0033658	138	110	275	134	89	97
FBGN0050169	1628	1878	1764	1757	1730	1529
FBGN0263395	5140	5843	5812	4122	4034	3909
FBGN0035084	19	45	137	41	40	65
FBGN0035091	65	126	57	504	373	331
FBGN0086656	5676	6914	6356	8293	8066	7125
FBGN0034722	7427	8363	7901	7883	8051	6983
FBGN0034098	1268	1658	1436	2023	2116	1484
FBGN0267002	2024	2079	2147	1651	1728	1608
FBGN0034365	205	197	112	152	115	116
FBGN0033648	26	22	16	33	25	27
FBGN0034389	122	42	64	34	29	48
FBGN0262837	0	1	0	4	0	1
FBGN0035073	3115	3962	4035	3936	3565	3052
FBGN0005778	12	13	25	49	24	10
FBGN0035065	709	905	684	615	685	599
FBGN0033628	27	18	33	11	42	22
FBGN0061356	19	8	4	104	72	186
FBGN0034866	8	33	6	13	2	10
FBGN0005654	1040	1138	1105	1426	1096	1224
FBGN0035001	26344	29236	29307	20301	19549	17655
FBGN0034542	2276	2934	2876	2253	1992	1963
FBGN0033661	33756	38381	36737	39576	38673	35618
FBGN0005655	14045	15448	16382	15523	15886	12810
FBGN0033897	9826	10972	10389	10972	10357	9243
FBGN0264089	36360	40132	40831	24877	24098	23146
FBGN0033499	9	3	0	21	19	22
FBGN0033382	1426	1344	1753	780	908	709
FBGN0034745	52	61	35	72	23	39
FBGN0034470	132	277	120	18365	13531	11904
FBGN0033274	33	100	70	121	56	38
FBGN0034763	803	848	971	751	765	706
FBGN0034263	27	5	8	18	1	8
FBGN0034540	1217	1345	1284	1004	1070	1110
FBGN0005586	13	21	11	20	12	8
FBGN0283450	5370	5816	6955	7059	7400	6549
FBGN0262791	0	6	0	4	4	1
FBGN0260456	3645	4537	4905	5835	6157	4948
FBGN0015561	20	80	90	74	94	65
FBGN0261990	28	13	19	52	93	76
FBGN0050364	8	14	8	31	2	4
FBGN0033483	566	681	664	1239	1206	1077
FBGN0050342	2561	3005	2870	2640	2872	2254
FBGN0028687	11618	13569	13682	14970	13691	11983
FBGN0263697	2101	2582	2196	2805	2949	2680
FBGN0034560	13	22	8	0	3	7
FBGN0263849	68	33	44	69	27	32
FBGN0259977	67	40	69	55	83	60
FBGN0265046	32	1	13	0	4	17
FBGN0033968	1860	2705	2910	2551	2350	2059
FBGN0029084	344	382	276	592	428	386
FBGN0261989	74	65	23	763	590	423
FBGN0033347	56	89	84	50	113	54
FBGN0259710	5	2	13	27	11	12
FBGN0033028	4148	4897	4432	5313	5387	4679
FBGN0034442	440	587	501	492	432	374
FBGN0061361	1054	1103	1564	1532	1320	1045
FBGN0034573	2162	2535	3087	2534	2078	2024
FBGN0010516	4899	5531	6156	5472	4830	4442
FBGN0040759	0	11	0	2	13	20
FBGN0034368	5080	6111	5739	6196	5488	4904
FBGN0265313	21	26	25	55	17	14
FBGN0033850	35	6	16	32	20	28
FBGN0050015	14145	15047	15495	10378	9944	8290
FBGN0050272	14	10	29	26	20	23
FBGN0050355	19	0	0	1	1	6
FBGN0034840	30	19	8	5	23	19
FBGN0040666	731	734	894	963	899	890
FBGN0033871	362	372	261	400	321	334
FBGN0034191	323	263	230	238	225	253
FBGN0034670	37	8	31	35	66	54
FBGN0053012	74	71	23	148	103	77
FBGN0050395	68	51	19	54	49	43
FBGN0033309	3164	3374	3962	2662	2896	2404
FBGN0033437	36	72	38	125	176	194
FBGN0016078	1672	1682	1694	2366	2213	1989
FBGN0026401	24890	27925	24457	29932	31037	27821
FBGN0003891	34475	37153	35635	30085	29327	26808
FBGN0034974	8736	10154	9254	6869	6609	6001
FBGN0034464	32	5	15	45	7	28
FBGN0034744	1284	1217	1347	1531	1414	1219
FBGN0004168	32	46	37	68	35	64
FBGN0261625	219	123	225	533	433	340
FBGN0043536	9	18	1	7	10	13
FBGN0034033	499	332	376	543	503	426
FBGN0000057	1645	1851	2040	1612	1456	1546
FBGN0015544	3209	3346	3506	3975	3949	3370
FBGN0033884	682	888	750	805	683	572
FBGN0033550	241	263	312	342	224	289
FBGN0040503	24	31	26	42	39	53
FBGN0250851	1071	1168	1145	987	1089	938
FBGN0033558	57	55	15	35	34	44
FBGN0035007	51	8	8	36	13	6
FBGN0025692	15	15	33	49	39	39
FBGN0053349	19	6	21	23	10	17
FBGN0085638	1489	2328	1800	2364	2253	1819
FBGN0004919	63	63	35	64	120	93
FBGN0033248	16	9	8	20	1	4
FBGN0050056	70	173	116	215	100	103
FBGN0263667	4538	4719	5089	3750	3598	3356
FBGN0020764	2290	2817	3070	2843	3158	2622
FBGN0261373	388	471	499	530	619	476
FBGN0034629	221	145	156	35	75	69
FBGN0033602	37	32	32	57	67	41
FBGN0033603	77	55	71	43	70	30
FBGN0035008	0	4	6	8	2	0
FBGN0033827	20	32	4	21	9	9
FBGN0034712	31	17	7	453	383	420
FBGN0262728	13	46	24	33	13	8
FBGN0264294	2709	3344	2960	4545	4660	3841
FBGN0033715	1115	1450	1492	1316	1323	1083
FBGN0034371	1129	1194	1382	1104	1163	923
FBGN0005619	79	72	42	83	74	68
FBGN0260764	61	82	82	40	42	71
FBGN0261456	5223	5982	5899	6101	5377	5024
FBGN0029154	11	13	24	41	28	23
FBGN0286783	3856	4393	5029	3828	3755	3055
FBGN0033696	11	8	22	13	77	66
FBGN0034366	1330	1264	1225	1707	1748	1392
FBGN0033485	3990	4502	4573	5825	5961	5205
FBGN0034286	51	16	19	10	35	6
FBGN0260762	8	0	0	7	1	2
FBGN0034175	102	65	107	258	127	151
FBGN0002174	1980	2312	2779	2212	2263	1969
FBGN0034214	1462	1463	1468	2498	2111	1697
FBGN0050369	1	3	0	3	9	4
FBGN0033252	249	163	180	184	131	103
FBGN0001133	1575	1920	2101	1709	1753	1464
FBGN0085249	4286	4373	3163	4534	3662	3694
FBGN0263083	4	0	6	11	5	0
FBGN0265184	1121	1072	1021	1030	928	844
FBGN0260429	37	31	23	55	46	29
FBGN0034506	41	22	40	37	29	20
FBGN0035036	2444	2928	2862	2529	2536	2255
FBGN0034611	1481	1726	1641	2666	2046	1990
FBGN0027507	4449	4939	4432	6593	6719	6018
FBGN0033140	15	7	4	0	29	9
FBGN0260775	261	289	359	378	196	245
FBGN0259876	16234	16895	17503	15978	15085	13007
FBGN0034758	7	19	36	156	172	132
FBGN0263934	17526	17815	18854	7617	7935	7463
FBGN0033600	16	14	25	265	207	106
FBGN0266723	745	1139	864	1121	1205	979
FBGN0034181	20368	22457	21666	21358	20208	18588
FBGN0034935	13	5	17	18	14	23
FBGN0067903	7	2	0	7	12	4
FBGN0063496	16	4	0	9	22	5
FBGN0013305	3072	4261	3668	4203	3622	3538
FBGN0260474	16	30	24	113	75	67
FBGN0259937	26255	30412	30672	31472	29130	26276
FBGN0034513	55	12	5	22	27	47
FBGN0034618	892	779	774	784	689	639
FBGN0001187	20	65	9	34	39	53
FBGN0259202	714	705	861	1171	942	829
FBGN0050037	53	28	12	40	30	0
FBGN0010621	31288	33196	37784	34500	32572	29556
FBGN0286834	30	35	21	13	14	18
FBGN0011592	18273	21641	19469	20162	18692	18608
FBGN0033950	17	16	0	1	12	11
FBGN0034720	99	88	150	95	76	103
FBGN0034012	56	17	34	23	18	34
FBGN0263109	6653	6663	6565	3667	3328	3401
FBGN0033717	3814	3967	4108	4705	4183	3774
FBGN0033756	121	89	57	42	42	52
FBGN0034715	151	53	83	78	122	89
FBGN0286931	14	8	0	25	9	30
FBGN0028683	1035	1202	1022	1586	1547	1374
FBGN0083941	0	0	4	4	2	0
FBGN0034141	1659	1725	1916	1803	1464	1569
FBGN0034936	2169	2389	2574	3247	3014	2599
FBGN0034279	76	49	82	24	46	24
FBGN0033186	795	915	925	884	803	655
FBGN0083936	7	1	8	0	2	4
FBGN0085234	60	12	17	56	21	27
FBGN0082585	670	728	772	531	638	609
FBGN0034700	19	32	44	63	53	59
FBGN0053156	1327	1713	1766	1064	945	1029
FBGN0015372	569	674	712	592	501	494
FBGN0261016	89	90	49	97	138	100
FBGN0034168	40	4	22	18	34	21
FBGN0285949	72054	81705	79276	91346	87413	76001
FBGN0040734	5	2	0	0	3	3
FBGN0265576	61	77	45	125	99	116
FBGN0033952	25	11	16	25	23	6
FBGN0010638	3267	4395	3871	4656	4010	3837
FBGN0033464	137	117	90	8	49	60
FBGN0035059	1444	1340	1295	1269	1196	947
FBGN0005612	3263	3765	3654	4301	3938	3527
FBGN0016726	20851	28626	26653	30148	25825	21681
FBGN0262574	4	4	4	49	29	12
FBGN0033665	483	394	535	432	460	352
FBGN0033221	32	38	26	76	71	33
FBGN0267351	4195	4086	4431	3697	2853	3105
FBGN0014469	520	621	763	2975	2650	2600
FBGN0033624	4818	5677	5777	6366	4792	4224
FBGN0034179	2521	3072	3092	2743	2871	2328
FBGN0002571	48	4	25	11	16	21
FBGN0034817	1615	1696	2028	1755	1896	1621
FBGN0288856	611	638	623	795	676	472
FBGN0023081	10579	11846	11433	9459	9686	8507
FBGN0261394	13704	16490	16651	13644	13135	11345
FBGN0263240	6024	6108	6339	5075	4689	4476
FBGN0034299	1690	1773	1672	2372	2648	2137
FBGN0034071	7575	8471	8352	6969	7007	6564
FBGN0034154	2	5	2	7	4	19
FBGN0035040	19	11	17	39	27	10
FBGN0034097	13	2	16	23	7	7
FBGN0085243	29	12	19	19	49	26
FBGN0034626	832	786	828	869	625	665
FBGN0261975	1529	1988	1897	3122	2359	2276
FBGN0260475	851	729	739	2909	2618	2657
FBGN0025335	1355	1406	1725	1249	1269	1221
FBGN0043576	45	10	9	2	48	26
FBGN0011695	96	34	75	35	48	54
FBGN0035056	490	478	462	372	410	266
FBGN0034860	442	655	698	864	724	653
FBGN0034262	48	34	46	41	24	16
FBGN0033538	504	609	572	596	491	477
FBGN0010238	13067	15261	15819	14656	13721	12714
FBGN0064237	34	26	8	75	44	38
FBGN0000405	16768	18297	19053	15382	14546	13544
FBGN0040491	39	30	17	20	21	34
FBGN0033820	18	64	32	36	22	19
FBGN0033702	94	133	115	118	91	64
FBGN0288686	11992	13105	13401	12175	11254	11147
FBGN0034580	11	5	33	71	34	43
FBGN0027558	2996	3614	3484	3243	3085	3038
FBGN0034265	990	933	814	1033	1098	859
FBGN0027529	4966	5786	5997	4816	4635	4264
FBGN0033136	18	23	17	16	13	49
FBGN0033860	48	19	48	27	37	40
FBGN0028689	10430	11836	11982	13883	12866	11587
FBGN0053468	11	10	19	27	47	28
FBGN0286788	3733	3946	4460	3171	2967	2596
FBGN0267398	4627	5742	4301	8048	8350	7617
FBGN0259727	476	409	590	405	422	373
FBGN0034739	40	10	1	8	17	5
FBGN0033194	22870	24293	22522	18830	18569	17146
FBGN0020279	101091	110738	111708	89225	84066	76251
FBGN0034266	752	791	917	1814	1649	1308
FBGN0034419	1102	1367	1385	1601	1300	1155
FBGN0034599	759	880	1212	846	952	784
FBGN0034459	47	24	31	57	35	31
FBGN0085227	10	5	17	3	0	5
FBGN0034455	821	1068	997	990	754	694
FBGN0034500	1816	2089	1760	2016	2159	1936
FBGN0034543	791	936	843	1236	1444	1161
FBGN0259742	1907	1765	1843	1952	2153	1778
FBGN0034853	4493	4503	5745	4060	4036	3522
FBGN0034325	14	9	4	10	18	27
FBGN0085264	10	16	12	0	14	32
FBGN0053463	182	216	116	172	184	175
FBGN0034493	572	640	427	926	730	724
FBGN0034563	7	0	7	11	5	12
FBGN0033657	24	61	37	84	36	32
FBGN0041234	14	13	2	63	45	35
FBGN0034377	160	167	98	155	143	139
FBGN0003977	10289	10611	11278	8580	8035	7358
FBGN0000337	21	3	30	23	16	13
FBGN0260012	11024	11847	12517	10822	10460	9393
FBGN0265626	18	66	76	28	40	34
FBGN0266525	384	464	406	470	383	276
FBGN0034196	7	26	4	36	0	0
FBGN0260455	15	12	28	3	3	5
FBGN0034474	18	10	0	26	3	6
FBGN0050385	522	752	643	523	660	606
FBGN0020370	18902	21333	21230	14493	14574	13749
FBGN0285917	58557	61506	63137	36617	34252	32815
FBGN0034725	826	1209	1177	1332	1094	964
FBGN0034475	0	17	3	14	6	4
FBGN0027091	4434	5293	4670	5569	5264	4502
FBGN0033753	304	244	352	210	197	267
FBGN0027619	4961	5431	5324	7111	6841	6548
FBGN0011824	3068	3693	3208	4537	3745	3023
FBGN0023172	35389	38089	36987	27953	27066	24987
FBGN0259718	99	181	129	344	299	365
FBGN0032997	1952	2195	2189	2856	3129	3190
FBGN0040477	645	731	932	505	513	389
FBGN0033286	32	33	14	18	33	19
FBGN0034748	1435	1758	1649	1737	1725	1506
FBGN0011297	933	984	1058	842	978	812
FBGN0033491	1546	1783	1955	1598	1663	1393
FBGN0034839	4	9	4	1	13	3
FBGN0033587	10	0	5	0	15	13
FBGN0288433	279	164	193	357	336	253
FBGN0033943	101	24	26	55	66	72
FBGN0035082	1011	1230	1049	1224	1265	1262
FBGN0033984	3308	3535	3805	3032	3135	2873
FBGN0050051	287	305	288	432	352	362
FBGN0085250	36	22	2	82	75	33
FBGN0053919	84	28	64	19	31	54
FBGN0033356	1232	1333	1298	1106	963	869
FBGN0004638	3894	4425	3698	4153	4057	3609
FBGN0034229	88	50	59	287	211	200
FBGN0034180	5675	5723	5966	4669	4235	3726
FBGN0004463	4377	5594	5511	5945	5073	4701
FBGN0262619	4668	4887	5103	4559	4633	3999
FBGN0033652	5215	6673	6938	4773	4536	4056
FBGN0260991	24285	25700	26997	18526	18961	16304
FBGN0034176	4129	5018	5001	5127	5148	4379
FBGN0085236	16	7	0	8	21	7
FBGN0050020	10743	11378	11255	9026	8840	7843
FBGN0000426	4147	4333	3950	5835	6938	5950
FBGN0050357	314	319	361	246	289	280
FBGN0025519	2234	2504	2934	4011	3884	3703
FBGN0053470	18	36	11	112	115	133
FBGN0033698	12253	13254	13904	10191	10519	9163
FBGN0050280	29	23	0	17	22	28
FBGN0033578	62	32	64	63	36	36
FBGN0265178	4650	5344	5233	5653	5042	4479
FBGN0050354	79	58	50	69	97	69
FBGN0053554	37283	42851	35592	40826	39912	36620
FBGN0050049	105	50	81	50	55	56
FBGN0261276	8808	9082	9714	9528	8911	8184
FBGN0033101	2050	2250	2395	3437	3245	3319
FBGN0054021	4	0	0	2	19	13
FBGN0033734	640	957	978	1284	1162	1220
FBGN0020377	20	10	18	14	24	19
FBGN0034392	583	875	966	876	828	779
FBGN0261705	302	412	486	224	252	208
FBGN0034402	330	400	459	303	318	252
FBGN0004003	2855	3612	3480	4930	3948	3662
FBGN0013770	9280	10410	10363	8535	8064	7075
FBGN0287478	9383	9671	9862	7388	7077	6117
FBGN0028738	178	160	174	183	160	183
FBGN0034259	3774	4840	5169	6533	6283	5587
FBGN0050058	21	18	13	13	26	16
FBGN0050147	5199	4925	4956	3746	3795	3547
FBGN0034471	2	1	2	27	19	11
FBGN0085239	3	12	6	1	10	3
FBGN0033821	5	7	2	31	26	39
FBGN0050472	12	6	1	14	0	18
FBGN0041582	2887	3200	3629	2403	2090	1726
FBGN0000566	4142	4584	4684	4659	4319	3658
FBGN0035043	16	26	1	41	48	20
FBGN0034322	47	20	2	36	13	20
FBGN0069056	36	47	28	52	62	35
FBGN0015714	336	366	375	633	497	477
FBGN0040007	7674	9567	8520	17415	19266	17237
FBGN0000615	132	129	106	75	108	118
FBGN0050457	226	170	115	141	134	146
FBGN0033199	925	928	1193	1126	890	861
FBGN0034800	506	491	506	1216	1213	1115
FBGN0033301	4	11	13	1	0	5
FBGN0010620	14670	14883	16038	11385	11465	9771
FBGN0033327	66	9	9	17	49	35
FBGN0004435	3653	4698	4224	4141	4192	3541
FBGN0034158	3309	3829	3631	2751	2540	2487
FBGN0033543	377	368	485	504	277	338
FBGN0050053	54	44	9	34	42	0
FBGN0033426	1225	1381	1445	990	1127	1001
FBGN0259221	3478	3836	3549	2600	2492	2310
FBGN0034870	21	6	0	18	2	15
FBGN0033395	36	26	11	44	6	23
FBGN0020930	1766	1517	1968	1571	1569	1385
FBGN0034849	483	545	463	528	570	437
FBGN0033599	32	11	15	34	44	23
FBGN0033697	56	11	15	22	26	10
FBGN0034277	20369	24319	22614	21453	22049	19629
FBGN0050022	832	1123	817	901	984	931
FBGN0016762	394	507	348	678	484	386
FBGN0261293	15	6	13	17	2	6
FBGN0033627	3727	4087	4320	3199	2808	2429
FBGN0034331	34	27	8	0	15	5
FBGN0050381	416	426	488	345	310	352
FBGN0034240	19468	22228	22339	17217	17262	15266
FBGN0003162	463	763	619	1068	834	794
FBGN0050089	6524	6483	6551	5762	5592	4844
FBGN0010501	3533	3665	4022	3219	2976	2871
FBGN0266432	13	30	26	15	61	20
FBGN0020391	256	373	451	246	100	170
FBGN0021979	9047	9578	11142	7605	7904	7280
FBGN0050154	13	15	34	23	49	30
FBGN0034535	290	473	352	314	367	349
FBGN0050377	410	348	440	302	192	216
FBGN0085421	286	286	254	191	163	123
FBGN0287873	120982	144000	131339	123739	119885	111173
FBGN0034710	53	2	16	1622	1312	1174
FBGN0033278	5	6	3	28	4	11
FBGN0033742	88	83	51	173	160	115
FBGN0034514	5	0	5	0	0	0
FBGN0003008	637	737	669	1203	1012	814
FBGN0262812	3	0	8	19	19	1
FBGN0033183	7994	8414	9542	7727	7715	6250
FBGN0033528	2072	2421	2298	2889	2802	2397
FBGN0034478	46	0	3	3	8	7
FBGN0013733	88604	97618	92819	67031	62367	61067
FBGN0041238	34	14	3	9	38	11
FBGN0034417	66	55	15	39	22	34
FBGN0033929	5259	5463	5866	5040	4959	4792
FBGN0053155	734	992	919	914	869	809
FBGN0053798	6	6	20	14	24	4
FBGN0263743	16	14	0	8	23	13
FBGN0033767	38	23	10	7	24	37
FBGN0034753	47394	53509	60632	45908	45865	44057
FBGN0003317	4465	4796	4981	3771	3761	3415
FBGN0034458	26	18	12	18	39	14
FBGN0020236	14626	15565	16623	15817	14975	13339
FBGN0034971	3158	3442	3187	3648	3531	3025
FBGN0002569	54	4	4	58	16	49
FBGN0034871	23	9	2	11	11	40
FBGN0034117	96	124	41	286	393	261
FBGN0034532	95	108	143	160	96	157
FBGN0033573	8	5	1	0	2	9
FBGN0033735	1362	1476	1703	1519	1386	1124
FBGN0264273	16510	18597	18221	13465	13475	12156
FBGN0034966	40	72	62	78	98	60
FBGN0041706	387	505	593	127	151	115
FBGN0017414	537	800	832	979	873	679
FBGN0010504	1815	2148	1887	1423	1453	1248
FBGN0033763	65	11	9	34	12	13
FBGN0033712	645	915	945	1057	1004	995
FBGN0287767	4516	5070	4894	5959	5477	5143
FBGN0050098	14	26	12	6	7	14
FBGN0033828	6	0	0	23	3	5
FBGN0033187	3198	3581	3861	4038	3555	3548
FBGN0033364	19	6	36	4	3	11
FBGN0033090	400	496	607	517	406	414
FBGN0004360	1912	2158	2330	1490	1422	1306
FBGN0053143	50	38	28	25	44	41
FBGN0027607	3948	4254	4420	3668	3563	3547
FBGN0011746	5429	4946	5352	3596	2878	2815
FBGN0035009	1	13	3	11	15	13
FBGN0034903	3629	3338	3612	3265	3031	2848
FBGN0265836	6	0	0	8	10	0
FBGN0263033	30	20	18	13	17	28
FBGN0283625	19	13	5	34	26	18
FBGN0035033	6316	7017	7285	4478	5127	4657
FBGN0034898	10	11	4	0	10	5
FBGN0028562	80	79	27	52	39	44
FBGN0034689	1267	1223	1412	1232	1392	1116
FBGN0034327	204	460	199	181	231	205
FBGN0033755	3975	4734	4264	4890	4944	4325
FBGN0033740	2469	2890	2622	2685	2147	2137
FBGN0050192	8	0	2	3	9	11
FBGN0010651	2439	2731	2976	3043	3207	3012
FBGN0061197	16	12	19	56	32	55
FBGN0033174	483	500	498	501	472	449
FBGN0005638	51	45	33	100	114	88
FBGN0015037	48	22	35	27	47	27
FBGN0033320	25	32	31	145	127	102
FBGN0026385	4	13	14	10	15	29
FBGN0035022	32	33	51	21	30	27
FBGN0033906	5787	6783	6472	7126	6932	5898
FBGN0034704	2288	2614	2362	2026	2163	1900
FBGN0034914	19501	22525	21882	19365	19287	17293
FBGN0033179	6964	7438	8502	7301	7449	6548
FBGN0050047	88	136	148	102	150	98
FBGN0034900	12	0	8	4	14	6
FBGN0265935	7537	7914	8453	6957	6662	6211
FBGN0267791	14049	15359	14799	13827	12037	10810
FBGN0260499	27	15	8	9	19	5
FBGN0034893	586	681	760	725	653	496
FBGN0033191	2096	2606	2856	2772	2519	2261
FBGN0243516	4761	4904	5100	4354	3921	3604
FBGN0050001	604	833	815	900	890	926
FBGN0264329	4	0	2	8	6	7
FBGN0050008	22	18	33	17	20	29
FBGN0050286	5	21	0	35	22	40
FBGN0003975	14119	14854	16015	10463	8754	8515
FBGN0033139	22	14	15	15	25	16
FBGN0033205	200	294	289	1423	1285	1147
FBGN0050269	93	28	53	190	132	136
FBGN0050421	4269	5055	4361	4174	4187	3735
FBGN0033919	10118	9002	10809	6578	6069	4760
FBGN0033375	662	872	800	1052	948	900
FBGN0033862	50	58	24	78	54	16
FBGN0033605	387	572	400	414	524	428
FBGN0034382	10	1	11	23	3	14
FBGN0259183	49	6	11	2	28	22
FBGN0033728	0	23	23	0	7	16
FBGN0259226	495	400	515	138	159	108
FBGN0034964	10252	11961	12078	10281	9667	8528
FBGN0034323	35	45	24	2	16	16
FBGN0033866	1840	1409	1936	599	716	482
FBGN0050277	26	41	26	82	44	73
FBGN0033636	81370	89724	86269	62739	59380	55616
FBGN0028411	1417	1910	1900	3279	3000	2463
FBGN0033283	667	651	498	384	275	314
FBGN0034882	36	2	8	10	4	7
FBGN0050101	61	53	18	43	55	30
FBGN0033893	245	301	140	137	113	155
FBGN0033989	1306	1306	1436	1295	1138	924
FBGN0033569	2907	3145	3461	2998	2368	2333
FBGN0050344	619	748	764	776	805	733
FBGN0033349	7293	8068	9645	6228	5566	4793
FBGN0033088	586	708	558	776	799	689
FBGN0003401	1056	1137	1369	1225	1133	967
FBGN0015801	866	981	1124	1209	1083	789
FBGN0033842	1158	1302	1374	1996	1756	1491
FBGN0034511	0	12	12	4	10	14
FBGN0033155	7273	7429	8396	4621	4521	4306
FBGN0034821	21	5	0	22	8	6
FBGN0034418	5059	5308	5840	4745	3835	3723
FBGN0033783	3182	3277	3410	3129	2573	2406
FBGN0040849	68	34	22	51	68	82
FBGN0033238	5	14	2	0	0	1
FBGN0035087	1778	2031	2022	1869	1734	1483
FBGN0001263	77	57	46	42	21	24
FBGN0033673	907	1330	1170	1201	1130	1144
FBGN0034253	6122	7893	7422	7377	7349	6515
FBGN0267978	18527	21778	21123	16605	15245	14575
FBGN0042135	3136	3207	3025	2363	2307	2309
FBGN0033932	57	38	20	29	27	59
FBGN0034308	6407	7205	7866	5922	5983	5298
FBGN0001147	38	55	66	31	14	22
FBGN0016970	352	522	430	510	527	361
FBGN0034645	1458	1799	1660	2361	2335	2044
FBGN0033115	425	629	623	13	29	14
FBGN0263197	21731	23681	23613	15741	15796	14183
FBGN0034109	1651	1803	1936	1927	1577	1421
FBGN0050156	575	607	539	477	455	324
FBGN0261119	7737	7975	8427	7615	7409	6644
FBGN0033699	77118	84424	90364	89999	86528	75894
FBGN0033556	1462	1906	1798	2188	2023	1860
FBGN0035031	57	140	84	115	92	97
FBGN0043532	17	20	17	24	2	11
FBGN0260222	838	671	813	1306	1524	1348
FBGN0022764	73377	77201	77911	58219	53795	49855
FBGN0033069	9	9	33	9	9	0
FBGN0041712	243	268	189	76	109	78
FBGN0033141	2	7	19	40	16	27
FBGN0034247	11	10	0	44	17	30
FBGN0034671	4	7	8	18	1	8
FBGN0066084	33551	49590	31377	64927	56238	50621
FBGN0261363	120	150	125	48	59	48
FBGN0085414	54	27	31	28	33	29
FBGN0033112	6	1	12	3	28	23
FBGN0033607	3223	3376	3259	3583	3143	2337
FBGN0050411	15	7	6	5	20	8
FBGN0025709	163	75	55	51	80	28
FBGN0034451	1889	2120	2151	1581	1581	1561
FBGN0050025	356	164	586	317	290	303
FBGN0034067	4342	4833	5442	4513	4279	3893
FBGN0003520	13216	14447	15358	12233	11990	10931
FBGN0015584	15	2	0	5	0	4
FBGN0034166	18	16	23	6	6	20
FBGN0034782	26	21	0	36	35	10
FBGN0026384	8	19	28	25	29	12
FBGN0034910	20	11	9	0	32	5
FBGN0015602	5002	6687	6218	6041	5662	4888
FBGN0033294	28	6	47	12	8	16
FBGN0287831	22	15	5	57	57	37
FBGN0033888	55	10	29	31	12	15
FBGN0034691	4648	4814	4700	4077	3641	3253
FBGN0033544	1804	1639	1681	1939	1707	1603
FBGN0029093	6148	7199	7802	9369	8229	7093
FBGN0262512	1173	1687	1495	1877	1586	1590
FBGN0034291	17	30	4	8	23	27
FBGN0033271	9	25	0	24	29	21
FBGN0087011	924	1112	684	886	775	891
FBGN0050274	14	16	19	10	6	6
FBGN0034485	38	15	21	31	15	26
FBGN0027356	2867	3246	2744	2981	3309	2445
FBGN0001124	5577	7007	7266	7851	6408	6308
FBGN0033184	1604	1673	1904	1817	1680	1657
FBGN0016701	2645	2494	2773	2360	2390	1967
FBGN0263707	0	1	6	0	0	6
FBGN0034127	59	14	20	30	60	37
FBGN0033160	10066	11464	12292	10979	10182	9509
FBGN0033798	6	16	2	0	13	9
FBGN0041241	82	118	45	124	99	137
FBGN0085428	4944	5497	5634	3177	3469	2770
FBGN0266811	5	3	0	12	3	1
FBGN0022097	2439	2825	2917	2836	2402	2192
FBGN0033421	900	1082	1078	649	537	564
FBGN0034906	9	22	3	17	32	7
FBGN0034267	113	57	31	35	36	62
FBGN0035064	1005	965	1039	910	1064	725
FBGN0034086	2607	2800	2398	3627	3726	2976
FBGN0267823	1034	1121	1281	1331	1206	1044
FBGN0260972	2133	2142	2451	2307	1870	1810
FBGN0265003	6203	7610	7144	7661	6828	6435
FBGN0034539	7	14	4	43	22	7
FBGN0033807	7	16	11	3	8	4
FBGN0034049	8304	9469	9483	6460	6344	5592
FBGN0026176	6	37	0	14	11	29
FBGN0033770	3	0	5	8	7	9
FBGN0023180	490	687	607	511	626	514
FBGN0050365	39	11	0	21	19	6
FBGN0034654	11729	13631	15392	12947	11991	10415
FBGN0053680	26	23	8	21	21	18
FBGN0034132	10	8	9	11	38	38
FBGN0050018	15	9	16	21	14	12
FBGN0001222	8246	8397	8101	6678	7343	5889
FBGN0033876	36	24	14	49	28	43
FBGN0033005	5860	8054	6345	9472	8882	8422
FBGN0033659	26	21	7	87	92	77
FBGN0027535	2870	3201	3292	2983	2798	2034
FBGN0262480	20	5	3	58	7	14
FBGN0034052	8	1	6	6	20	7
FBGN0034246	12970	14097	15093	14833	14231	12730
FBGN0266129	104	43	73	46	46	112
FBGN0021825	4785	5408	5258	4710	4784	4067
FBGN0050263	234	112	71	113	120	110
FBGN0039993	3843	4323	3883	5320	5679	4792
FBGN0034415	4	10	15	4	21	13
FBGN0034579	920	1141	905	1431	1373	1100
FBGN0020307	9593	8789	9617	5690	5667	5174
FBGN0010359	358	189	603	333	307	321
FBGN0034407	0	8	5	4	6	10
FBGN0015038	55	8	0	20	39	32
FBGN0024319	49	4	21	34	20	9
FBGN0085240	0	1	5	3	7	6
FBGN0265272	82	76	80	72	65	86
FBGN0033818	32	19	17	81	29	34
FBGN0034692	19	13	24	34	1	16
FBGN0015371	15222	15125	16896	9876	9131	8118
FBGN0069913	31	13	28	38	33	19
FBGN0033449	1080	1268	1170	1132	1282	1080
FBGN0010590	5085	5873	5696	7436	6760	5764
FBGN0034413	16	10	3	22	0	20
FBGN0034724	2145	2587	2402	3031	3248	2817
FBGN0033063	65	17	23	39	12	36
FBGN0050376	15	6	7	3	9	1
FBGN0050185	1111	1419	1419	1335	1324	1314
FBGN0034022	7125	6876	7904	6230	5244	4730
FBGN0001269	7978	7786	8511	6143	5276	5026
FBGN0263850	41	77	36	29	17	26
FBGN0067905	2	0	0	0	1	6
FBGN0085246	3	3	15	3	12	5
FBGN0262821	18	30	18	6	14	19
FBGN0033226	1301	1194	1329	2813	2179	2149
FBGN0050082	18	2	14	12	11	5
FBGN0033250	31	37	23	32	16	39
FBGN0013762	957	974	1311	860	930	1002
FBGN0046999	20	4	0	12	19	6
FBGN0034380	2183	2467	2457	2128	2161	1641
FBGN0034885	48	36	23	144	138	94
FBGN0034200	86	88	41	345	338	313
FBGN0046294	27	3	6	68	58	59
FBGN0020617	76	52	27	23	51	41
FBGN0058263	1251	1453	1033	1566	1298	1261
FBGN0011704	9462	9839	10789	7064	7732	6608
FBGN0034405	10897	11135	11571	14086	12979	11770
FBGN0034275	14	21	19	54	22	51
FBGN0002552	5860	6289	7099	5633	5200	4529
FBGN0085231	21	7	12	32	14	18
FBGN0023170	10120	14925	11871	18575	15790	10820
FBGN0050281	30	8	9	6	3	11
FBGN0042098	24	22	6	0	11	6
FBGN0033554	47	43	127	163	112	97
FBGN0033775	30	15	4	85	47	24
FBGN0034948	1963	2331	2366	2094	2466	1958
FBGN0033802	7112	7684	7624	4053	4080	4072
FBGN0033748	1502	1243	1418	1769	1391	1417
FBGN0013765	9167	9586	9658	8814	8812	7982
FBGN0034242	3103	3258	2976	4363	3942	3432
FBGN0054033	0	0	0	8	1	7
FBGN0040653	8	7	3	4	5	3
FBGN0034372	3855	4569	4581	4907	5129	4858
FBGN0050259	55	31	11	17	29	21
FBGN0033963	77	68	24	50	17	14
FBGN0053225	24	42	16	14	18	6
FBGN0034828	27	18	45	28	29	23
FBGN0050157	279	212	292	183	115	242
FBGN0033515	21	21	39	9	21	9
FBGN0262838	1	8	12	1	7	9
FBGN0050469	26	29	18	3	33	28
FBGN0033996	1551	1655	1544	1870	1870	1547
FBGN0034183	24	21	18	8	14	14
FBGN0015838	7706	8830	8476	7632	7778	7178
FBGN0034197	25	51	42	11	24	21
FBGN0033703	0	12	9	7	5	16
FBGN0263855	15205	16060	16499	13537	12849	11981
FBGN0033853	2340	2852	2737	2135	2135	1736
FBGN0034137	45	18	24	31	73	28
FBGN0262098	0	10	0	0	2	0
FBGN0021795	5593	6587	7293	9738	8562	8425
FBGN0050503	372	297	297	404	312	213
FBGN0016059	24236	27812	26416	18728	18518	16742
FBGN0086356	8402	8461	9579	6433	6240	5484
FBGN0010356	2023	2276	2576	2292	1914	1843
FBGN0283508	102423	101555	111256	92707	89795	83306
FBGN0033826	21	37	7	22	11	1
FBGN0033995	1070	1315	1224	1569	1607	1318
FBGN0263593	6162	6687	7191	4708	4041	3762
FBGN0034837	79	58	85	137	106	132
FBGN0025373	5197	5371	5363	4577	5335	4550
FBGN0263864	5311	5852	5732	7104	6721	6278
FBGN0034480	13	2	17	24	3	2
FBGN0264541	18	0	1	9	7	4
FBGN0033520	225	119	167	307	211	320
FBGN0033688	53788	58599	57553	50160	47424	43428
FBGN0033631	7970	9150	9760	5080	4999	4695
FBGN0034304	1872	2307	2614	1998	1587	1396
FBGN0034963	1102	1579	1131	1704	1477	1325
FBGN0034585	5067	5440	5815	5039	4928	4187
FBGN0034894	384	419	411	436	350	400
FBGN0033202	0	6	11	32	56	16
FBGN0034919	561	683	568	1105	1109	859
FBGN0033357	815	1110	840	1608	1475	1433
FBGN0033153	420	448	379	2282	1798	1739
FBGN0033508	4	8	8	28	13	5
FBGN0004839	5138	6065	6153	3781	3911	3529
FBGN0026326	5504	5539	5251	5733	5586	4749
FBGN0026316	3181	3275	3289	3572	3187	3053
FBGN0035025	2086	2384	2317	2542	2601	2312
FBGN0000043	56774	65854	62459	56102	53626	48274
FBGN0265187	219	280	367	353	367	359
FBGN0034001	651	611	513	893	728	734
FBGN0034642	15	18	13	27	26	40
FBGN0003748	3141	2774	3103	3028	2680	2196
FBGN0034136	74	35	19	45	17	63
FBGN0034694	1301	1305	1478	1337	1166	1058
FBGN0033188	5068	5475	7050	3754	3712	3657
FBGN0086895	5118	6103	6005	5358	5657	4853
FBGN0016047	89	52	82	131	65	60
FBGN0033754	635	718	715	1264	1410	1015
FBGN0034057	1732	2025	1849	2676	2159	2064
FBGN0043535	16	0	0	7	4	4
FBGN0034425	1128	1169	1279	1315	1149	1279
FBGN0033280	6	8	3	1	1	5
FBGN0085468	1033	1418	945	1725	1745	1536
FBGN0034144	35	18	11	31	11	29
FBGN0034999	114	163	112	566	504	466
FBGN0050043	60	40	51	55	46	50
FBGN0033259	2385	2630	3023	2758	2659	2392
FBGN0050446	68	31	12	13	46	10
FBGN0052834	44	4	16	44	54	27
FBGN0085265	7	0	0	3	8	13
FBGN0027360	2354	2382	2354	2889	2923	2510
FBGN0034432	4896	6007	5581	5821	5749	5060
FBGN0034976	8828	10020	9549	8059	7446	6971
FBGN0034296	45	96	47	96	33	55
FBGN0013763	643	714	668	1037	871	840
FBGN0265625	25	20	18	14	69	24
FBGN0050044	23	11	9	21	21	8
FBGN0050046	86	63	16	323	212	211
FBGN0034713	11	2	11	12	16	16
FBGN0011743	43	10	6	8	11	7
FBGN0033774	33	46	16	3	19	23
FBGN0043575	30	4	1	2	45	28
FBGN0034330	2	4	0	0	3	3
FBGN0050288	24	17	17	41	16	39
FBGN0034933	2439	2613	2392	2723	2845	2336
FBGN0050110	13	10	12	17	55	21
FBGN0000562	9108	9771	10387	7109	6537	6226
FBGN0000119	31029	33080	33520	23137	21384	19886
FBGN0034013	5409	5737	6161	4637	4430	3828
FBGN0010385	7	8	23	20	20	10
FBGN0061435	5	1	1	0	7	14
FBGN0053474	66	51	3	3	0	12
FBGN0027073	109	214	147	157	152	120
FBGN0033834	74	61	42	42	82	49
FBGN0033926	10029	11443	13124	168499	151895	130736
FBGN0022288	4937	5431	5478	8103	6741	6207
FBGN0041239	26	26	6	5	18	16
FBGN0262566	12	13	8	8	10	19
FBGN0262115	4770	5371	4913	6386	6345	5932
FBGN0053199	174	282	231	227	281	170
FBGN0014009	2801	2912	2928	2803	2708	2244
FBGN0034301	201	176	180	539	401	299
FBGN0010591	2306	2483	2892	2823	2944	2480
FBGN0034283	20	8	35	3	21	41
FBGN0266488	227	213	150	286	256	323
FBGN0284245	655533	729174	792770	679400	652253	584626
FBGN0034489	72	14	15	31	16	17
FBGN0029134	8381	9366	9819	11051	10599	9246
FBGN0050424	36	16	32	94	40	98
FBGN0000352	7938	8613	9336	6831	6888	6003
FBGN0034923	2932	3090	3561	3388	3114	2499
FBGN0034884	6	26	11	25	2	26
FBGN0034270	432	356	339	579	417	522
FBGN0024836	28828	33310	30811	20155	19726	18478
FBGN0010425	19	19	45	27	24	48
FBGN0034399	1414	1483	1582	2000	2431	1803
FBGN0033580	4	36	0	58	33	10
FBGN0010226	20017	21165	22371	15029	15907	14441
FBGN0034328	3	9	36	1	19	12
FBGN0053460	49	17	34	57	48	29
FBGN0053462	13	2	2	5	15	2
FBGN0033731	486	677	572	1488	1649	1324
FBGN0034447	3254	3716	3429	3818	3933	3593
FBGN0003612	13976	14322	15452	11788	11519	10261
FBGN0259707	278	147	252	293	160	133
FBGN0033614	28	3	28	8	8	10
FBGN0033716	1796	1825	2305	1924	1530	1314
FBGN0034255	77	105	54	67	84	81
FBGN0263270	0	23	9	3	0	25
FBGN0033638	7091	7686	7283	6084	6139	5361
FBGN0261588	7790	8914	8781	5353	4764	4730
FBGN0050072	13	7	0	16	38	4
FBGN0033052	7562	7786	8054	6179	5787	5169
FBGN0003074	7721	7997	8688	7175	6798	5946
FBGN0010435	9270	10099	10106	8445	7798	6960
FBGN0026386	16	6	27	12	3	16
FBGN0033339	18399	19066	18155	15677	14017	12639
FBGN0034649	2514	2583	2505	2900	2512	2145
FBGN0262360	2	0	1	5	5	9
FBGN0023167	6109	7597	7052	8553	7843	6672
FBGN0033207	2	1	0	25	19	3
FBGN0033206	1526	1911	2029	1590	1579	1269
FBGN0042085	20538	20880	21007	16881	16243	14013
FBGN0033085	221	264	331	263	250	265
FBGN0033874	50	24	8	7	28	8
FBGN0265605	591	535	652	297	458	372
FBGN0034058	555	504	762	491	716	563
FBGN0035000	19	37	20	7	21	40
FBGN0050419	44	4	6	3	29	25
FBGN0034083	12365	13171	13718	9901	9549	9174
FBGN0011260	23196	26554	24430	21793	20697	19508
FBGN0040778	252	245	204	345	267	298
FBGN0015034	40	37	36	55	24	44
FBGN0061359	5644	6587	7117	6339	5776	4823
FBGN0035026	4492	4902	5358	3648	3712	3187
FBGN0050441	7	9	2	19	42	9
FBGN0050495	85	98	75	69	104	63
FBGN0266671	2025	2192	2409	2292	2632	2041
FBGN0262867	367	323	368	283	215	197
FBGN0024188	2977	3652	3325	4838	4983	4271
FBGN0034661	105	152	264	240	287	194
FBGN0262988	31	6	12	4	23	4
FBGN0283494	8388	8449	10194	7522	6798	6264
FBGN0003382	146	159	118	73	105	107
FBGN0033799	114	165	216	198	165	163
FBGN0022382	1508	1551	1709	1140	1180	869
FBGN0033899	1492	1625	1513	1836	1322	1506
FBGN0034911	99	97	22	36	74	66
FBGN0041581	11	12	11	33	5	31
FBGN0261584	36	33	40	33	70	61
FBGN0050161	42	0	2	8	11	6
FBGN0033751	4475	4923	5279	4416	3935	3809
FBGN0021814	2176	2701	2762	3230	2970	2702
FBGN0034317	18	0	0	0	10	8
FBGN0013750	2966	3792	3374	3817	3876	3510
FBGN0033571	3435	3856	4476	4004	3570	3524
FBGN0262594	0	4	7	20	9	15
FBGN0034460	9	4	9	2	12	11
FBGN0050109	343	310	418	421	347	237
FBGN0035060	9971	11655	12900	9142	9252	8423
FBGN0085229	527	651	368	1250	1027	740
FBGN0260763	166	200	155	78	84	61
FBGN0034314	511	696	683	745	714	639
FBGN0034546	9	7	8	22	47	14
FBGN0033471	2177	2756	2586	3718	3352	2670
FBGN0033403	57	111	34	98	105	47
FBGN0015477	13884	15648	14736	13586	12460	11957
FBGN0250830	5461	6385	5399	7301	7401	6828
FBGN0050273	32	36	29	120	96	118
FBGN0033794	32	30	24	6	43	29
FBGN0262817	12	1	0	0	0	1
FBGN0035035	736	745	1094	543	529	480
FBGN0265631	4	0	0	16	2	0
FBGN0004101	6943	6475	7357	4470	4811	4208
FBGN0034354	2208	2588	2714	3341	3056	2782
FBGN0266047	52	107	67	44	38	37
FBGN0050067	2	11	23	8	30	15
FBGN0034205	74	21	15	2	6	12
FBGN0003731	37032	40983	42229	28557	26534	24400
FBGN0086408	146	119	158	30	47	60
FBGN0043533	10	3	0	25	3	4
FBGN0033901	8489	10023	10367	10833	10322	8937
FBGN0005631	11671	11786	11837	8085	7738	6918
FBGN0053558	13848	13638	13314	8265	7340	6869
FBGN0028836	4259	4793	4788	5267	4701	4383
FBGN0029092	5725	6588	6341	5363	5274	4528
FBGN0286782	255	254	244	147	142	137
FBGN0033413	958	1141	1248	1305	1091	1235
FBGN0040660	9426	10301	10866	9673	9477	8052
FBGN0262966	1	0	8	0	3	0
FBGN0010241	94	48	26	36	74	54
FBGN0033062	20301	23293	21512	22630	21721	19856
FBGN0027504	10614	11337	11125	9159	8840	8307
FBGN0033988	3921	4173	4761	3473	3431	3222
FBGN0033154	106	49	83	68	82	80
FBGN0033502	19	10	22	30	9	25
FBGN0033268	38	35	33	29	50	42
FBGN0033313	52501	57946	57104	42973	38833	37412
FBGN0261580	11	0	13	0	0	12
FBGN0034938	949	1363	1218	1218	1019	1033
FBGN0034452	1284	1293	1279	1148	1202	1163
FBGN0034379	1200	1423	1412	1139	954	881
FBGN0286873	7	0	0	6	1	1
FBGN0286876	1	1	4	22	2	8
FBGN0034518	283	414	376	365	256	280
FBGN0283509	5402	5917	5971	5534	5445	4264
FBGN0265185	22	12	24	45	17	26
FBGN0010434	50297	53263	55258	31131	29511	26926
FBGN0086129	10002	11923	11249	9226	9534	8386
FBGN0050486	40	28	49	48	55	41
FBGN0034131	12	13	8	96	49	50
FBGN0034646	3475	4056	4140	5462	4680	3855
FBGN0259738	29	36	27	68	28	30
FBGN0034636	2041	1963	2158	1244	1126	1176
FBGN0033369	27	12	31	5	17	19
FBGN0050104	55	108	44	227	182	192
FBGN0034106	63	10	9	96	65	50
FBGN0265177	383	671	644	1166	987	874
FBGN0053627	45	2	0	4	4	7
FBGN0010213	3702	3972	4572	4137	3818	3097
FBGN0033296	26	4	2	50	39	34
FBGN0034793	1280	1308	1559	2572	2359	1870
FBGN0033667	79	102	160	251	111	128
FBGN0263077	1219	956	961	1077	1048	950
FBGN0033440	39	43	6	69	56	70
FBGN0085486	21	2	24	6	6	17
FBGN0004921	3170	3254	3412	3106	3282	2751
FBGN0015721	3	17	60	19	16	43
FBGN0033961	1591	1705	1516	1566	1606	1373
FBGN0033257	61	45	27	11	36	23
FBGN0034394	50	17	5	37	49	26
FBGN0265538	0	0	0	3	0	0
FBGN0033738	4573	5169	5142	4294	4332	3585
FBGN0261545	1897	2418	2425	1526	1745	1551
FBGN0034706	5821	6054	7523	4302	4097	3433
FBGN0028371	32406	33402	35558	24147	23529	21459
FBGN0011604	21304	22689	23890	21468	20730	18118
FBGN0062440	994	998	784	1112	1079	890
FBGN0033644	39	6	0	35	34	21
FBGN0027054	4170	4345	5043	4389	4239	3680
FBGN0262819	4	5	2	2	6	27
FBGN0000326	1316	1213	1421	2123	1918	1586
FBGN0085223	19	0	27	14	2	13
FBGN0261786	3936	4050	4001	3250	3107	2860
FBGN0033081	6453	6087	6909	5764	5369	4403
FBGN0053198	648	780	733	750	795	748
FBGN0033279	9	6	2	0	1	3
FBGN0033177	1917	1943	2280	1707	1606	1448
FBGN0024232	116	90	136	151	87	72
FBGN0033210	2942	3279	3406	3181	2687	2391
FBGN0050187	275	359	510	434	519	516
FBGN0035024	5413	5464	5385	5200	5100	4469
FBGN0034329	16	2	12	0	0	8
FBGN0040777	6896	8938	8498	6174	6084	5424
FBGN0263084	9	10	0	20	5	5
FBGN0025352	9389	11220	11416	9285	8705	7678
FBGN0262476	89	57	22	34	32	51
FBGN0034403	1638	2145	1979	2636	2274	1949
FBGN0050158	8	15	14	22	10	6
FBGN0050383	183	264	260	479	370	370
FBGN0034487	32	29	22	4	40	25
FBGN0022986	6781	7549	7514	6954	7559	6232
FBGN0034515	15	38	4	3	13	8
FBGN0034973	0	2	0	4	6	10
FBGN0033135	21	22	6	21	15	8
FBGN0034021	2943	3167	3399	1583	1447	1452
FBGN0033766	9913	10836	10551	9660	9458	8919
FBGN0050120	34	70	36	45	45	74
FBGN0041579	7	7	14	8	24	22
FBGN0004580	36	37	1	7	17	29
FBGN0033055	2654	3228	3274	3651	3114	2904
FBGN0259678	47	78	37	82	69	71
FBGN0261853	0	5	0	0	0	6
FBGN0035003	12	18	4	37	10	14
FBGN0262570	35	35	27	71	101	65
FBGN0013467	12	10	0	12	26	11
FBGN0259985	1427	1505	1619	1148	1010	789
FBGN0033443	307	326	396	468	517	410
FBGN0050356	57	12	18	25	39	16
FBGN0034096	7	10	2	3	6	5
FBGN0010549	1161	1252	1099	3396	2865	2767
FBGN0259211	47211	48501	49644	36471	35540	31979
FBGN0034577	5707	6354	5851	5636	6377	5106
FBGN0053964	882	925	860	1138	1067	716
FBGN0033484	75	61	73	50	29	29
FBGN0033970	9	41	24	25	25	28
FBGN0050083	23	37	7	0	20	24
FBGN0261854	9540	10696	10425	9084	10263	9127
FBGN0085408	25050	25969	27386	17644	17162	15446
FBGN0033351	3778	4324	4303	3507	3876	3488
FBGN0033789	4	5	0	18	0	0
FBGN0033785	3796	4698	4397	3880	3657	3597
FBGN0033905	284	229	326	597	555	605
FBGN0034844	53	28	40	49	60	41
FBGN0003091	115	145	93	78	53	48
FBGN0028561	40	45	50	48	38	43
FBGN0022027	878	962	967	1405	1256	1038
FBGN0027495	7122	7318	7727	8517	7986	7251
FBGN0002567	614	846	876	958	967	984
FBGN0050392	756	780	657	786	702	553
FBGN0034545	23	6	2	6	12	44
FBGN0033724	146	94	88	391	360	433
FBGN0085425	25	40	29	52	90	45
FBGN0033886	9934	11491	12182	10011	9627	9173
FBGN0028424	36	2	46	584	509	429
FBGN0033168	0	1	1	3	7	6
FBGN0034351	1673	1796	1706	2356	2051	1581
FBGN0261596	49306	57295	55572	58035	55940	47403
FBGN0034032	1209	1154	1364	1479	983	1011
FBGN0034605	196	173	168	144	105	102
FBGN0046692	1430	1897	1446	2373	2607	2252
FBGN0250822	3	0	1	2	9	6
FBGN0020312	4943	6062	6572	5214	4782	4393
FBGN0005648	8131	10684	9658	12814	12855	11625
FBGN0050287	25	18	16	35	21	31
FBGN0010052	30	42	36	19	61	31
FBGN0063497	52	146	51	139	192	104
FBGN0034624	11	11	5	30	27	20
FBGN0259728	321	327	359	344	431	339
FBGN0033708	62	47	62	302	274	143
FBGN0033566	2815	2872	2722	2981	2649	2375
FBGN0003527	25	1	35	13	57	11
FBGN0263116	42	16	4	54	34	22
FBGN0035023	1233	1219	1130	796	1030	950
FBGN0041240	17	3	2	19	10	6
FBGN0263076	61	49	31	59	47	26
FBGN0033769	377	579	562	696	591	681
FBGN0035039	868	1082	982	1168	1199	928
FBGN0033557	3675	4517	4683	5123	5280	4454
FBGN0033402	2590	3468	2870	2431	2240	1925
FBGN0033969	22	14	6	34	8	14
FBGN0033887	12	11	2	22	19	37
FBGN0034717	41	31	73	62	96	72
FBGN0034639	43	35	41	115	64	50
FBGN0042180	806	789	892	865	726	615
FBGN0029105	36	52	29	14	30	23
FBGN0034324	11	11	19	6	6	7
FBGN0053458	6	8	3	7	26	17
FBGN0034072	16129	17455	17153	13083	12664	11700
FBGN0033340	570	700	651	1129	1117	1003
FBGN0034650	2168	2003	2059	1986	1755	1445
FBGN0034664	10	3	16	16	8	7
FBGN0259682	75	94	104	403	377	374
FBGN0005636	960	1171	1317	662	660	695
FBGN0259709	46	99	49	275	220	308
FBGN0039969	1508	2060	1697	2578	2816	2677
FBGN0033507	1342	1710	1669	2544	2480	2044
FBGN0263848	31	8	0	9	16	5
FBGN0050343	62	99	86	158	201	100
FBGN0033479	606	643	665	662	443	430
FBGN0040732	25	88	64	519	464	468
FBGN0015247	2557	2441	2860	2249	2334	1996
FBGN0034510	0	6	7	0	7	0
FBGN0010488	66917	76646	75766	61914	60049	53402
FBGN0033792	44	30	40	61	50	34
FBGN0014870	16107	17973	18682	15233	14570	13566
FBGN0034479	164	105	140	199	169	154
FBGN0050285	34	14	21	18	30	50
FBGN0033391	2927	3331	3470	3536	3385	2869
FBGN0026136	19	8	18	4	2	8
FBGN0050172	3	15	0	4	0	2
FBGN0034060	5327	5838	6189	4518	4387	4155
FBGN0085426	48	18	32	51	18	12
FBGN0034908	2266	2415	2183	2734	2744	2279
FBGN0035021	1973	2179	1948	1883	1838	1563
FBGN0058191	4102	5462	4981	5483	6115	5388
FBGN0033222	20	20	11	21	14	16
FBGN0050418	1932	2077	2303	1612	1301	1278
FBGN0050461	6	28	5	5	7	3
FBGN0050476	286	422	271	451	412	428
FBGN0259210	103	88	43	49	110	75
FBGN0034364	31	17	16	133	51	72
FBGN0040736	15	0	16	9	5	2
FBGN0034602	5	38	8	44	12	22
FBGN0033032	5360	6692	5512	8881	9266	8320
FBGN0033875	1107	1638	1543	660	580	611
FBGN0034439	53	30	28	54	39	43
FBGN0004795	75	34	74	63	27	47
FBGN0004362	68505	72776	73357	55699	61835	52587
FBGN0033204	39	28	15	55	61	47
FBGN0262583	76	57	18	16	37	14
FBGN0033591	21	4	24	1	5	5
FBGN0034420	2868	3354	3376	3310	3295	2931
FBGN0259187	18	36	27	18	26	24
FBGN0287775	20111	22449	24114	16187	15145	14376
FBGN0267792	553	516	454	715	721	670
FBGN0033701	2	6	0	0	0	0
FBGN0000715	2	5	14	0	7	35
FBGN0034982	4558	5377	5747	4036	4329	3504
FBGN0034918	2103	2054	2585	1800	1752	1770
FBGN0028955	82	102	90	53	55	44
FBGN0028372	1070	1117	951	1106	886	759
FBGN0021847	2174	1895	2096	1941	1742	1487
FBGN0033523	658	912	754	933	1027	933
FBGN0033727	1	11	14	22	7	11
FBGN0033427	1870	2258	2282	2772	2834	2222
FBGN0016984	7391	7896	8285	7161	6345	5706
FBGN0034582	16	14	17	12	13	6
FBGN0035083	5694	6125	6714	3755	3714	3507
FBGN0026403	94	70	48	137	167	63
FBGN0033372	1684	1646	1666	1401	1337	1373
FBGN0050073	39	0	23	14	0	4
FBGN0262026	1532	1446	1753	1720	1825	1482
FBGN0034683	21	24	8	20	11	22
FBGN0033547	366	365	440	346	566	525
FBGN0010228	25966	33312	32693	24898	27713	22807
FBGN0050075	7	5	9	1	11	9
FBGN0033307	7	17	7	0	15	4
FBGN0053998	10	1	0	4	3	6
FBGN0033998	29374	31237	33343	25096	25193	21329
FBGN0086358	4003	4346	4254	3089	2712	2562
FBGN0004400	242	410	329	404	361	338
FBGN0033629	31	13	21	7	20	10
FBGN0050076	58	6	8	23	8	11
FBGN0013771	27	22	22	8	48	36
FBGN0264330	9	3	0	5	3	6
FBGN0033490	93	87	159	67	32	62
FBGN0034854	7799	9410	8691	7055	6398	6001
FBGN0033726	4	16	8	5	9	22
FBGN0042198	5	1	0	5	2	2
FBGN0053147	53	21	14	16	27	43
FBGN0033723	0	5	4	20	8	8
FBGN0034743	68381	74584	83859	63234	61205	51516
FBGN0034429	12	15	4	20	11	0
FBGN0013954	16137	16443	17722	18667	18790	16488
FBGN0026721	193	254	247	640	714	725
FBGN0034204	67	75	59	109	56	113
FBGN0001276	764	858	906	969	832	696
FBGN0033448	22	71	89	49	27	33
FBGN0033935	1017	1116	1087	1266	1204	871
FBGN0021872	13594	14751	16005	14497	14873	12994
FBGN0260932	78	154	141	368	310	290
FBGN0034231	1189	1381	1187	1440	1498	1216
FBGN0085452	19	9	11	26	39	20
FBGN0260761	4	0	12	7	11	2
FBGN0033165	1	5	14	0	0	11
FBGN0010342	19725	22188	23281	21302	21267	18530
FBGN0259968	2	11	0	0	1	4
FBGN0028737	33435	36806	39650	39017	37529	33475
FBGN0259246	184	157	274	162	137	133
FBGN0033224	9197	9608	10591	6138	5702	5341
FBGN0033615	1273	1680	1610	1782	1744	1483
FBGN0085214	10	11	11	8	15	7
FBGN0266420	10486	10464	12133	9428	9156	7604
FBGN0033214	13	7	8	0	15	37
FBGN0033292	46	14	7	38	74	29
FBGN0050093	3	0	0	0	0	0
FBGN0033868	21	6	35	24	15	11
FBGN0003660	6686	7692	7166	7899	8061	6857
FBGN0263144	10575	12163	12428	10028	8757	8493
FBGN0034422	2213	2517	2186	3299	3300	2823
FBGN0086757	1378	1479	1567	1412	1239	1162
FBGN0033368	88	22	15	52	111	45
FBGN0034786	2304	2778	2971	2204	2056	2151
FBGN0050268	18	18	55	104	85	69
FBGN0004512	4119	4469	4609	3932	3779	3355
FBGN0050372	6111	6631	7326	4726	4578	4252
FBGN0033902	14523	16213	17503	13661	12934	10543
FBGN0034721	8	10	6	9	5	4
FBGN0000473	33	24	49	6	29	38
FBGN0284249	5228	6173	6011	4250	4283	4166
FBGN0035044	639	655	507	800	735	575
FBGN0000546	23140	20580	21152	11743	11509	11057
FBGN0033110	82	40	35	50	54	44
FBGN0011300	6393	6916	7314	5232	5231	4437
FBGN0033933	19	15	26	38	25	8
FBGN0050468	66	24	15	0	8	23
FBGN0264377	4	0	10	9	1	0
FBGN0034406	112	59	39	71	108	59
FBGN0033782	95	72	81	86	126	69
FBGN0260223	684	877	656	1067	1127	946
FBGN0001220	13840	14734	15111	14004	13034	11637
FBGN0026533	20531	22718	22103	23176	22790	20547
FBGN0022984	7580	8696	9013	8510	8789	7696
FBGN0034913	1799	1921	1988	2590	2150	1968
FBGN0026261	1313	1642	1748	2503	1886	1543
FBGN0027783	13245	14146	14813	12608	11250	10236
FBGN0026582	1038	1046	1215	1034	925	825
FBGN0034053	31	18	29	66	20	34
FBGN0034509	12	5	1	10	1	3
FBGN0027580	5131	4705	5756	5541	4674	4591
FBGN0033428	3094	3807	3678	4644	4313	4033
FBGN0259726	561	580	484	538	561	364
FBGN0050081	115	66	105	32	50	22
FBGN0011674	507	488	684	1250	1133	1021
FBGN0003174	14406	12565	14608	10125	9648	8256
FBGN0034736	21	12	53	63	32	41
FBGN0033677	943	1076	1202	1555	1264	1179
FBGN0033429	176	205	209	492	364	385
FBGN0003071	6474	6243	6852	7553	7004	6071
FBGN0050096	415	556	421	439	582	435
FBGN0033540	3524	3606	3866	4356	4178	3916
FBGN0085442	12838	13797	13599	13175	12629	11861
FBGN0054038	249	340	274	264	264	165
FBGN0035011	3	5	4	5	13	18
FBGN0034612	85	59	14	523	361	363
FBGN0025830	3137	3202	3572	2840	2755	2095
FBGN0034271	2181	2552	2329	2133	2181	1936
FBGN0025454	71	149	101	776	789	742
FBGN0033389	136	133	233	252	238	109
FBGN0262481	0	4	0	0	11	7
FBGN0261538	35	17	36	180	129	157
FBGN0033469	30	11	7	29	8	2
FBGN0050045	5	8	6	4	3	6
FBGN0034962	4006	4342	5136	4636	4477	3817
FBGN0035086	73	56	92	14	76	82
FBGN0034345	10664	12070	12212	10959	11120	9660
FBGN0053144	6038	5619	6218	3101	3123	3266
FBGN0261611	71	43	21	46	26	29
FBGN0265877	1237	256	452	726	852	531
FBGN0261067	1113	1228	1521	1169	1018	1022
FBGN0033809	80	94	90	101	156	112
FBGN0034622	96	84	95	42	58	40
FBGN0261269	7462	7760	7696	8828	9342	8052
FBGN0263120	8107	9357	8709	7158	6772	6378
FBGN0026369	5882	7167	6873	6410	6553	5665
FBGN0050404	2539	2611	3083	2616	2415	2004
FBGN0033836	708	607	606	3087	2904	3014
FBGN0063495	131	79	113	316	253	213
FBGN0050054	886	1121	928	573	541	532
FBGN0034674	2491	2353	2439	2208	2199	1947
FBGN0034051	8213	10282	10059	8081	7771	6896
FBGN0000577	9127	8899	9821	4618	4969	4295
FBGN0261698	135	117	131	121	144	163
FBGN0025716	7355	8200	8641	8687	8025	7017
FBGN0034925	631	982	889	712	689	647
FBGN0033645	15	23	6	25	23	15
FBGN0033610	113	131	137	100	75	47
FBGN0001148	39	64	29	34	30	32
FBGN0034484	49	11	19	17	6	43
FBGN0033258	931	846	858	770	911	680
FBGN0260964	32	20	4	39	38	45
FBGN0050088	11	18	3	1	22	28
FBGN0053530	6	29	9	9	13	14
FBGN0050203	36	26	8	24	87	10
FBGN0033725	7036	12259	5568	26706	25331	24014
FBGN0033047	69	16	12	228	213	256
FBGN0033482	10535	12148	11760	12235	11712	11361
FBGN0263397	128	147	76	296	266	255
FBGN0050077	504	691	653	800	881	795
FBGN0019928	0	21	1	18	13	25
FBGN0283437	639	523	582	837	822	908
FBGN0261850	3089	3285	3581	2525	2802	2557
FBGN0033275	6	24	23	13	14	18
FBGN0033130	102	144	79	46	27	43
FBGN0050410	3894	4347	4915	3978	3637	3475
FBGN0034172	718	924	784	902	979	760
FBGN0034218	8	4	6	8	1	0
FBGN0034942	16	22	1	24	12	20
FBGN0265186	77	35	24	51	17	45
FBGN0033404	7	15	10	35	8	17
FBGN0033737	3720	4512	5323	4297	3811	3280
FBGN0265192	2163	2783	2809	2702	2849	2468
FBGN0033993	879	901	799	1079	1004	884
FBGN0034838	4	12	1	16	0	6
FBGN0050114	8	5	6	4	11	9
FBGN0050085	8824	9820	10367	6711	6524	5562
FBGN0034321	29	17	13	0	33	14
FBGN0035041	38	25	6	52	77	36
FBGN0034095	122	80	188	98	121	105
FBGN0034583	2152	2733	3003	1695	1426	1289
FBGN0002930	99	207	115	319	250	266
FBGN0263006	25049	29097	28169	23866	21594	20941
FBGN0033736	21	56	112	63	40	22
FBGN0034326	19	21	11	9	6	19
FBGN0053626	0	7	12	3	0	18
FBGN0033609	5225	5172	5264	4009	4000	3246
FBGN0034641	13463	13836	14303	14664	13714	12207
FBGN0033438	3672	4733	4317	3828	4165	3877
FBGN0034194	1610	1400	1825	1246	1032	960
FBGN0260767	8	10	26	3	12	17
FBGN0004698	15486	17817	17473	25348	25892	22314
FBGN0033527	1006	1056	881	1264	1166	937
FBGN0033439	25	53	13	219	261	224
FBGN0034295	66	12	4	41	13	28
FBGN0259185	42	32	48	56	41	15
FBGN0034742	8550	10207	9042	7926	7483	7038
FBGN0034915	5755	6948	6913	17893	15311	13646
FBGN0262166	1861	2107	1999	1830	1709	1719
FBGN0085400	9751	10949	11362	7548	7374	6715
FBGN0266438	897	1170	889	925	887	803
FBGN0263029	4	6	12	24	23	11
FBGN0024315	51	65	45	117	101	113
FBGN0034869	50	2	2	26	15	9
FBGN0034534	1121	1529	1264	1998	1926	1737
FBGN0085256	301	290	210	1685	1231	840
FBGN0033574	604	621	439	175	157	90
FBGN0033752	1466	1616	1880	2362	2049	1767
FBGN0022160	555	659	613	414	280	328
FBGN0016687	13139	14183	14470	17509	16703	14460
FBGN0045063	4740	4771	4809	3583	3554	3250
FBGN0085245	18	16	15	18	10	10
FBGN0034292	20	9	47	21	18	6
FBGN0085473	14	14	15	21	15	2
FBGN0033232	1129	1321	1218	1276	1339	1252
FBGN0034210	1259	1557	1474	1619	1527	1499
FBGN0010660	22621	25005	24787	23111	21838	19277
FBGN0033813	325	528	360	707	500	551
FBGN0034186	1712	1939	1887	1942	2006	1732
FBGN0003082	2749	3479	3267	6379	7069	5444
FBGN0033692	1609	1514	1773	1789	1583	1307
FBGN0053988	81	107	128	79	95	99
FBGN0034827	34	4	11	47	14	37
FBGN0050183	6960	7132	7843	4215	4108	3521
FBGN0053544	25	6	5	7	17	9
FBGN0034264	3222	3317	3871	3806	3919	3265
FBGN0034606	16500	17576	18036	10746	11135	10363
FBGN0015582	1589	1600	1493	1146	1135	991
FBGN0263998	19884	22276	23813	17535	16343	14863
FBGN0027079	8606	9261	9380	10007	9588	9077
FBGN0283521	65730	70977	68962	47986	46710	42410
FBGN0053348	25	2	0	46	6	5
FBGN0085436	67295	73094	73356	65687	62126	57983
FBGN0028560	49	5	10	17	3	37
FBGN0033031	32	14	13	30	14	38
FBGN0034861	71	144	136	77	58	95
FBGN0260392	1129	1269	1295	1504	1467	1347
FBGN0263271	9	0	0	0	6	0
FBGN0050438	164	120	132	138	197	200
FBGN0033358	10	4	5	0	13	11
FBGN0050485	82	15	14	53	44	21
FBGN0263021	3	11	36	14	43	9
FBGN0011763	11231	12259	11277	8183	8662	7955
FBGN0000079	34	54	48	0	6	34
FBGN0026722	5746	5925	6356	4481	4646	4325
FBGN0033086	321	318	399	368	242	351
FBGN0013307	65	25	33	47	91	62
FBGN0014028	5173	5957	6179	6533	5838	4914
FBGN0033134	48	64	40	194	256	132
FBGN0034427	17	2	2	18	2	20
FBGN0033761	1140	1227	1372	1584	1602	1491
FBGN0004133	11686	10964	12912	8890	9028	8216
FBGN0034784	9	7	15	14	36	15
FBGN0000241	66	39	72	210	150	199
FBGN0033863	103	39	69	82	62	62
FBGN0033302	16	34	31	153	199	111
FBGN0022985	4169	4365	4859	3439	3169	3483
FBGN0034400	9158	10394	9678	8594	8356	7767
FBGN0034822	13	4	8	0	10	2
FBGN0033074	291	374	225	307	345	326
FBGN0033124	71	30	62	45	26	44
FBGN0033344	46	24	23	32	20	8
FBGN0040674	5	3	4	0	2	0
FBGN0033889	8719	9296	8929	1040	1300	985
FBGN0014269	4290	4641	5186	3432	3763	3050
FBGN0034707	2452	2669	2935	2636	2379	2408
FBGN0026427	30685	35167	31551	31940	30571	28278
FBGN0035047	1963	2193	2286	1735	1715	1613
FBGN0034502	49	23	16	40	38	27
FBGN0284235	693	819	620	928	871	781
FBGN0003090	10698	10847	11267	7974	7619	6912
FBGN0265011	14126	15199	13015	8028	7219	6959
FBGN0287825	4631	4994	5295	4392	3904	3571
FBGN0040294	7060	7022	7299	7492	7134	6912
FBGN0033903	325	331	399	206	194	226
FBGN0033405	114	93	107	126	109	54
FBGN0033149	1032	1047	829	1052	780	771
FBGN0024249	8	8	33	22	19	14
FBGN0085453	467	418	552	526	475	522
FBGN0034985	15896	18198	21237	8249	7806	7277
FBGN0033705	34	4	20	15	17	7
FBGN0053752	166	197	173	208	210	245
FBGN0034921	3195	3562	4133	3776	3553	3159
FBGN0020521	19503	24153	22252	22288	21352	21768
FBGN0027513	1343	1362	1557	1108	959	844
FBGN0027506	4505	4586	4077	3362	3387	2957
FBGN0034538	40	36	3	16	18	17
FBGN0263121	14200	17691	17168	23330	21473	18316
FBGN0086604	84	36	55	57	52	96
FBGN0052843	629	785	667	738	459	591
FBGN0033912	53193	62937	63241	57144	52515	47028
FBGN0034924	166	125	124	113	186	125
FBGN0016053	7	0	9	15	0	2
FBGN0050000	1765	2235	2021	4002	3365	3227
FBGN0033133	70	170	81	620	508	288
FBGN0033635	147	133	114	297	287	364
FBGN0026309	5238	5451	5697	5564	4911	4431
FBGN0034085	88	211	100	362	279	395
FBGN0033672	2299	2512	2486	1903	1888	1660
FBGN0050181	10	33	25	27	22	52
FBGN0033475	1529	1653	1526	1847	1820	1641
FBGN0033100	1722	1725	1629	2599	2574	2225
FBGN0034820	8	12	0	4	15	2
FBGN0267824	4911	4788	6602	2850	2882	2562
FBGN0040513	620	691	746	548	593	490
FBGN0033911	643	561	359	737	579	450
FBGN0085397	11971	13255	13118	10511	9930	9196
FBGN0033400	2200	3048	2769	3051	2924	2646
FBGN0262124	9086	10838	9028	11085	10827	10038
FBGN0063491	20	7	4	25	16	25
FBGN0041242	10	3	13	11	22	18
FBGN0005614	51	53	54	58	48	93
FBGN0050033	0	8	3	5	12	0
FBGN0050197	117	114	94	226	143	81
FBGN0033504	2255	1764	2361	1280	1380	1088
FBGN0054054	38	18	66	26	7	12
FBGN0033683	792	863	688	980	1048	1035
FBGN0050125	35	18	28	26	25	36
FBGN0013348	12	13	8	12	2	7
FBGN0050366	8	9	2	8	4	10
FBGN0040743	56	32	5	17	11	12
FBGN0002533	6043	2627	6472	4523	4798	4008
FBGN0050373	430	559	404	976	768	558
FBGN0034094	207	174	130	63	103	62
FBGN0284257	4385	4921	5204	4118	4020	3632
FBGN0033460	11171	11375	12389	9689	9401	8557
FBGN0263980	206	232	129	128	196	126
FBGN0085259	27	50	61	68	22	9
FBGN0050291	2688	2789	3045	3559	3582	2945
FBGN0028579	2630	2927	2886	2033	2294	1816
FBGN0053182	5336	5466	5404	3599	3276	2894
FBGN0019938	9486	11141	11482	12379	12270	10679
FBGN0050488	0	21	6	32	50	20
FBGN0037084	829	672	780	757	868	700
FBGN0034904	31	26	15	34	25	31
FBGN0034258	54970	60763	65373	46328	44779	40276
FBGN0034789	61	76	47	112	41	64
FBGN0050035	265	322	199	944	578	579
FBGN0033521	125	67	118	173	136	224
FBGN0003044	12037	13432	13625	9770	9672	8214
FBGN0050148	40	14	41	36	41	35
FBGN0033017	3219	4208	3957	4536	4494	4291
FBGN0260401	922	887	1011	1294	1401	1266
FBGN0033501	23	33	9	27	12	28
FBGN0050052	32	13	41	6	5	30
FBGN0261387	6483	8085	7053	7593	7361	6601
FBGN0050048	64	24	69	40	32	60
FBGN0263000	100	18	19	2	39	24
FBGN0035069	0	0	0	3	3	5
FBGN0033159	10877	11600	11388	8179	7732	7358
FBGN0033844	2899	3392	3388	3354	2974	2578
FBGN0033196	34	39	15	69	56	36
FBGN0261385	34409	35235	37002	26651	25312	22754
FBGN0063494	7	18	36	3444	3067	2604
FBGN0287774	3718	4446	4512	4536	4837	3934
FBGN0042173	3030	3406	3458	5178	4712	3988
FBGN0033812	1877	2097	2419	2050	2028	1852
FBGN0016131	3812	4602	4299	3896	3981	3260
FBGN0003545	2757	3588	3098	3062	2864	2472
FBGN0033916	2896	3165	3204	2846	2581	2549
FBGN0033388	25	19	11	20	43	50
FBGN0011660	3998	4611	4514	3483	3172	2977
FBGN0025469	514	496	503	567	524	492
FBGN0050350	164	153	99	112	68	97
FBGN0027596	9251	9672	11025	6283	5635	4790
FBGN0010278	18717	20139	20946	28379	26436	23647
FBGN0034390	3522	3456	4043	3126	2298	1963
FBGN0033054	18	18	12	42	13	14
FBGN0010114	60	52	70	37	47	59
FBGN0033873	10	24	24	28	5	21
FBGN0034808	312	327	234	292	253	199
FBGN0033243	26	11	19	28	42	22
FBGN0261673	162	180	155	384	336	315
FBGN0034667	46	25	19	25	39	18
FBGN0033891	505	399	436	528	510	379
FBGN0033690	463	600	715	695	756	493
FBGN0085263	127	134	86	77	84	105
FBGN0013772	38	8	14	11	24	7
FBGN0265191	4134	4073	4246	2950	2893	2468
FBGN0023441	10716	11061	11775	7147	6837	6600
FBGN0013325	45913	48281	56912	48302	46884	43243
FBGN0034488	4559	5618	5443	5567	4612	4482
FBGN0003256	6820	8123	6446	8214	8456	7580
FBGN0262739	21870	24114	25127	15667	15199	13812
FBGN0053519	347	254	341	367	313	207
FBGN0034997	2964	3200	3266	5073	4750	4142
FBGN0013548	3958	4007	3984	2797	2883	2211
FBGN0050278	24	5	17	4	17	18
FBGN0011236	4740	4316	5079	3123	3003	2489
FBGN0033653	831	1038	973	1130	936	734
FBGN0033778	72	16	32	14	8	42
FBGN0034728	5368	5514	5265	9875	9110	8131
FBGN0033787	68	13	62	83	84	76
FBGN0050094	372	453	375	509	491	504
FBGN0034462	3939	4685	4278	5364	4865	4134
FBGN0053527	0	0	1	0	3	11
FBGN0034225	99	126	56	620	457	468
FBGN0050359	386	461	452	1510	1324	1251
FBGN0263102	48614	48642	51055	34354	32397	28564
FBGN0033317	4595	5402	5115	7115	6248	5910
FBGN0033304	27	34	0	32	29	30
FBGN0033185	1431	2044	2148	1917	1847	1595
FBGN0013732	3669	4247	4322	3449	3265	2983
FBGN0034537	4613	5242	5052	5621	5278	4740
FBGN0015949	19234	21185	20731	18354	17304	15339
FBGN0050375	33	20	8	47	101	65
FBGN0262820	9	6	7	16	30	2
FBGN0283480	6	40	7	34	10	23
FBGN0034907	16	0	4	5	9	14
FBGN0027548	12537	14064	14452	12189	11123	10424
FBGN0034113	3415	3506	3325	5114	5183	4722
FBGN0259729	8	11	30	7	30	7
FBGN0033784	3531	3954	3959	1302	1390	1313
FBGN0261439	9785	11034	11740	10621	10089	9007
FBGN0020506	40	20	4	24	15	34
FBGN0033601	7	0	3	22	10	1
FBGN0033132	56	50	36	94	80	50
FBGN0034530	508	630	733	369	484	371
FBGN0034803	602	781	615	645	652	589
FBGN0022740	41	12	12	5	20	11
FBGN0053476	2	9	2	72	1	9
FBGN0053757	20	17	5	16	2	1
FBGN0034490	17	33	12	85	130	56
FBGN0260798	6438	8509	6607	7593	8568	7520
FBGN0028497	2314	2506	2711	2398	2314	2234
FBGN0034288	6	11	41	10	14	16
FBGN0033733	54	9	6	42	33	40
FBGN0053506	1277	1773	1413	1745	1892	1553
FBGN0034069	11	13	13	14	0	45
FBGN0034552	27	20	10	50	17	51
FBGN0026602	468	449	614	937	840	681
FBGN0033316	2381	2675	2459	2568	2387	2224
FBGN0034010	54	64	35	230	133	101
FBGN0022960	4846	4454	4698	4268	3964	3522
FBGN0003353	1156	1583	1461	850	1105	884
FBGN0286784	46568	52903	55895	45771	41289	39283
FBGN0034243	9853	11718	11772	10860	10631	9908
FBGN0286813	19948	21417	21121	19706	19666	17291
FBGN0027525	5755	5985	6401	6292	5579	5333
FBGN0035004	8	0	15	0	10	13
FBGN0033594	8	19	0	21	21	11
FBGN0026393	377	406	236	259	289	279
FBGN0034054	938	1220	967	1124	950	967
FBGN0034576	2206	2188	2190	2591	2368	2201
FBGN0033041	17	20	23	6	15	6
FBGN0033229	3698	3743	3876	4338	3918	3444
FBGN0040502	2	23	5	14	20	20
FBGN0085390	62	103	68	41	74	84
FBGN0284246	3228	3282	3605	3984	4062	3823
FBGN0050005	316	501	319	515	596	380
FBGN0033654	581	715	821	729	715	723
FBGN0034249	7857	8455	8666	5912	5759	5335
FBGN0025334	15	4	7	4	18	19
FBGN0263113	236	233	127	131	205	155
FBGN0033729	26	17	22	0	13	5
FBGN0027585	18174	19154	20322	11434	10739	9717
FBGN0050108	282	239	270	201	203	208
FBGN0035046	1308	1437	1429	1517	1459	1218
FBGN0034435	39	39	33	53	32	23
FBGN0053200	33	38	26	54	62	53
FBGN0275436	1198	1218	1224	1233	1064	1030
FBGN0034433	2202	2703	2847	1772	1878	1620
FBGN0010316	4103	4132	4753	3683	3895	3619
FBGN0261041	140	66	48	149	141	176
FBGN0033582	14	21	5	37	8	17
FBGN0033277	11	4	4	8	17	23
FBGN0023477	7227	7506	8545	9137	8684	7267
FBGN0262807	0	0	0	0	1	0
FBGN0034290	37	64	57	274	274	227
FBGN0033350	1183	953	1119	1150	1125	1043
FBGN0033983	41	37	27	16	59	20
FBGN0035070	6	13	19	0	5	13
FBGN0034248	549	558	591	731	795	734
FBGN0011296	151	155	96	204	187	122
FBGN0260959	7706	8552	8464	6331	6206	5875
FBGN0033985	42	4	22	0	29	9
FBGN0034662	164	91	118	60	102	122
FBGN0002534	2201	609	1672	242	348	208
FBGN0263999	31	49	27	5	27	18
FBGN0034659	30	3	14	12	23	12
FBGN0053145	1707	2110	2038	1706	1916	1601
FBGN0028669	69	29	64	167	96	164
FBGN0034880	627	509	661	290	255	260
FBGN0034423	21	20	25	18	20	25
FBGN0033973	469	516	543	363	365	317
FBGN0003391	62126	68164	69604	55523	51913	46906
FBGN0026378	1387	1483	1361	1721	1604	1413
FBGN0001091	15778	17928	19844	16148	16427	13817
FBGN0033872	8	0	3	38	7	10
FBGN0288232	16	14	32	43	44	17
FBGN0034481	10	4	2	6	14	0
FBGN0050325	72	58	60	47	48	33
FBGN0033366	80	38	20	234	255	216
FBGN0265762	9	4	3	24	0	5
FBGN0025578	46	10	42	11	29	10
FBGN0033079	55	132	114	72	100	84
FBGN0033129	12	3	20	15	13	14
FBGN0016641	6559	7704	8021	6063	6199	5139
FBGN0034816	136	238	267	488	475	339
FBGN0015872	349	519	479	633	690	667
FBGN0034783	38	23	25	39	52	32
FBGN0033216	21	15	3	34	35	36
FBGN0264560	9491	11352	11474	9839	8810	8787
FBGN0026754	38	54	8	44	23	31
FBGN0034842	20	15	16	12	27	0
FBGN0061198	447	773	455	740	806	671
FBGN0034313	6777	7586	7360	6942	6705	6276
FBGN0001319	3246	3483	3925	2500	2352	2259
FBGN0033650	60	29	11	9	19	21
FBGN0033453	1293	1585	1362	1126	1460	1200
FBGN0035057	1590	1913	1966	1278	1054	1082
FBGN0035032	9082	9673	10513	10189	12024	9850
FBGN0034928	485	346	536	360	347	392
FBGN0034989	3644	3840	4368	3714	3594	3260
FBGN0041233	12	8	1	6	15	25
FBGN0034703	1726	2026	2092	2085	2147	1804
FBGN0033948	764	531	695	658	682	534
FBGN0054005	8	11	8	0	8	16
FBGN0033212	11522	13449	12414	9973	8871	8733
FBGN0033067	16	16	33	21	4	23
FBGN0086519	13	17	4	0	11	22
FBGN0050379	25	32	11	14	18	0
FBGN0033373	385	422	389	429	308	186
FBGN0262116	743	958	788	1887	1687	1323
FBGN0033128	10	11	37	30	15	20
FBGN0050042	6	6	18	0	3	17
FBGN0000008	3382	3775	4238	4145	3924	3500
FBGN0034142	9181	10203	10543	8838	8055	7717
FBGN0033931	10	3	20	1	21	6
FBGN0033649	1492	1853	1653	1504	1136	1085
FBGN0033072	49	71	51	22	89	62
FBGN0034788	10	7	67	20	8	23
FBGN0261397	6837	7220	7136	5230	5249	5023
FBGN0034688	605	972	855	967	978	1000
FBGN0034099	13	5	21	15	34	3
FBGN0033169	2365	3175	2957	3603	3562	3167
FBGN0000581	30932	31584	32198	22418	21521	19876
FBGN0035077	8	11	14	9	2	11
FBGN0085248	7	7	1	7	2	7
FBGN0003274	67163	67242	77068	75375	73099	67553
FBGN0034859	2073	2266	2410	2277	1947	1877
FBGN0033685	19	6	42	43	12	10
FBGN0033593	15	24	21	232	259	201
FBGN0034477	26	24	12	66	43	45
FBGN0034958	2077	2322	2476	2884	2983	2511
FBGN0033167	0	5	0	0	11	1
FBGN0050484	31	24	36	53	36	37
FBGN0033020	38	9	9	0	3	10
FBGN0259238	1974	2343	1686	2895	3169	2326
FBGN0034143	270	326	307	568	563	637
FBGN0086677	43	45	32	32	39	26
FBGN0264298	38	11	2	0	15	13
FBGN0028563	2811	2631	3126	2236	1950	1780
FBGN0262515	5002	5520	6561	5713	5099	4607
FBGN0266439	403	357	347	410	382	336
FBGN0033584	87	138	107	66	49	65
FBGN0033015	4868	5511	5318	5804	5419	4826
FBGN0034634	886	895	907	573	629	549
FBGN0040091	534	560	636	587	392	320
FBGN0034572	5756	5629	5703	4341	4642	4041
FBGN0040751	269	236	273	285	195	257
FBGN0043792	157	128	229	137	113	71
FBGN0003009	3	13	44	22	27	17
FBGN0262567	13	25	28	17	14	4
FBGN0034138	52685	63072	62982	56719	57952	51438
FBGN0034521	1158	1205	1419	1163	1159	1072
FBGN0010423	27	45	7	43	31	34
FBGN0033442	13	2	4	24	10	5
FBGN0024196	1691	1709	1701	2109	1957	1844
FBGN0085220	758	844	878	1015	761	757
FBGN0033680	20	0	0	0	4	1
FBGN0085415	33	27	5	4	29	25
FBGN0033431	455	613	547	679	488	508
FBGN0011286	363	328	293	301	370	251
FBGN0034819	7	2	3	116	60	41
FBGN0262824	22	0	2	0	24	4
FBGN0267728	2172	2390	2900	1802	1631	1498
FBGN0033166	5535	6178	6167	4629	4438	3921
FBGN0000181	57068	60728	67038	51794	54944	46952
FBGN0263391	28874	30598	29276	26674	25405	22669
FBGN0011589	130	89	63	63	55	72
FBGN0034007	83	105	91	89	74	85
FBGN0026361	1879	2149	2418	1941	1745	1480
FBGN0053469	20	12	6	30	91	30
FBGN0034939	2863	3221	3171	3535	3035	2681
FBGN0034237	64617	70557	74282	60522	61527	54577
FBGN0265174	706	874	797	833	1014	781
FBGN0265045	2180	2565	1989	2467	1885	1766
FBGN0034865	20	7	0	16	50	14
FBGN0020372	6	20	31	47	64	50
FBGN0034578	111	208	212	283	281	242
FBGN0002787	9817	11321	11327	12137	10514	9736
FBGN0050296	78	73	42	128	54	54
FBGN0034590	9310	10340	10119	7843	8155	7532
FBGN0085219	10	8	1	0	1	5
FBGN0033447	93	39	22	38	23	43
FBGN0041087	318	220	190	425	417	340
FBGN0040735	0	3	8	5	2	0
FBGN0033541	25	16	40	13	49	25
FBGN0034569	2949	2937	3261	2910	2893	2650
FBGN0033721	23	26	6	8	17	30
FBGN0002531	9032	4067	10548	11031	10478	8961
FBGN0023171	1253	1542	1238	1415	1406	1360
FBGN0034411	46	24	22	97	109	70
FBGN0261501	1	0	1	0	5	3
FBGN0024234	13423	14670	15925	14015	14872	13344
FBGN0029006	13155	14224	14399	13151	12618	11358
FBGN0033434	2875	3140	3237	3362	3208	2722
FBGN0033971	1529	1850	1995	1493	1606	1193
FBGN0034975	20834	22497	22346	18127	16945	15511
FBGN0011726	29624	34151	30560	34927	36410	32105
FBGN0033934	3024	3366	3646	3789	3955	3203
FBGN0033949	53	125	84	168	205	184
FBGN0288447	21	42	10	113	110	140
FBGN0033494	79	93	61	131	124	139
FBGN0034529	3607	3992	3676	3860	3456	3155
FBGN0033732	17	18	31	27	30	26
FBGN0033955	25	37	23	43	29	68
FBGN0033095	1846	1508	1549	924	834	854
FBGN0014020	16201	17739	16388	22867	25827	22842
FBGN0053475	2	14	2	18	2	8
FBGN0028741	8063	9049	8070	8540	8431	7112
FBGN0028991	4110	4418	4675	2481	2554	2346
FBGN0033819	66	17	31	31	26	10
FBGN0020306	118954	129340	135117	98984	98209	89478
FBGN0034523	1534	1673	1434	2143	2062	2121
FBGN0085341	11	33	8	8	13	15
FBGN0034716	49	63	48	76	56	34
FBGN0261807	13	4	3	28	3	1
FBGN0050087	8	21	50	28	23	5
FBGN0033117	1543	1652	1781	1667	1588	1268
FBGN0261292	6	2	6	0	0	23
FBGN0034759	19	7	2	17	20	16
FBGN0085487	21	6	0	20	22	13
FBGN0005624	14731	15956	15565	10454	10112	9626
FBGN0033572	21	30	24	52	21	10
FBGN0034592	136	123	150	32	27	11
FBGN0050431	44	24	10	52	32	54
FBGN0033693	505	796	556	692	472	511
FBGN0025360	1052	1333	1164	452	665	726
FBGN0034151	8	6	10	14	4	10
FBGN0002736	6524	7420	7166	6945	7248	5486
FBGN0033423	5	3	22	34	27	16
FBGN0040092	82	156	141	46	84	37
FBGN0050394	2628	3110	3056	2593	2607	2278
FBGN0027788	76	18	2	0	23	17
FBGN0034315	3520	3929	4166	5148	4316	4021
FBGN0002715	992	1109	1098	954	1098	846
FBGN0033830	10	10	0	14	25	7
FBGN0033474	2017	2052	2157	2069	1894	1702
FBGN0061362	321	412	357	376	406	363
FBGN0022238	3617	4182	4374	4531	3916	3800
FBGN0085254	14	1	1	6	1	6
FBGN0033589	20	6	11	0	24	19
FBGN0050502	23	15	1	23	14	12
FBGN0033287	365	493	397	208	233	195
FBGN0263780	260	314	353	417	542	439
FBGN0034467	28	14	7	39	37	18
FBGN0033864	73	9	117	113	74	81
FBGN0033459	349	399	372	494	574	450
FBGN0033247	2175	2345	2951	2420	2533	1934
FBGN0053774	178	223	113	393	398	283
FBGN0265577	20	52	40	28	17	7
FBGN0262568	7	8	20	10	7	10
FBGN0033379	4657	5266	4866	6503	6374	5999
FBGN0054045	2	3	2	11	5	15
FBGN0034901	79	59	11	48	32	10
FBGN0034495	1017	697	1064	785	798	698
FBGN0013272	70006	75849	76175	72852	67880	61849
FBGN0263742	4	14	23	25	16	4
FBGN0286070	9875	9691	10929	9143	9096	7764
FBGN0085472	19	17	6	77	14	8
FBGN0035050	41	12	45	14	52	27
FBGN0033273	1116	1236	1439	1161	970	914
FBGN0050105	302	470	352	546	516	449
FBGN0034598	13032	13905	14479	10858	10303	9536
FBGN0034397	38	17	18	27	8	3
FBGN0034491	3382	3942	4121	3728	3513	3032
FBGN0250838	3897	4384	4429	4683	3924	3532
FBGN0034564	1400	1766	1423	1575	1663	1279
FBGN0010551	10616	12683	12451	14955	13293	12112
FBGN0034588	48	27	31	18	9	25
FBGN0035094	121	55	26	158	242	102
FBGN0034401	7499	8645	9148	9282	7907	7292
FBGN0261862	3613	4017	4766	3449	3015	2930
FBGN0050163	38	22	38	42	9	12
FBGN0033777	1645	1770	1335	4497	4175	3259
FBGN0265373	4	3	0	0	10	10
FBGN0026761	5147	5129	5240	5028	4997	4041
FBGN0265137	3003	3006	3070	3276	3187	3188
FBGN0013725	322	363	360	297	258	293
FBGN0034761	6	17	48	164	121	133
FBGN0034943	31	4	13	130	86	49
FBGN0025573	26	11	10	20	13	13
FBGN0034729	76	137	88	127	107	88
FBGN0034512	55	80	4	332	177	222
FBGN0034494	780	1015	696	1103	1028	771
FBGN0034009	4106	4180	4133	3675	3917	3457
FBGN0050430	2	4	0	6	0	7
FBGN0015929	15627	16666	17848	13108	12587	11154
FBGN0050489	56	27	23	265	164	208
FBGN0034956	681	737	815	582	840	678
FBGN0013756	51580	56752	56327	40458	39718	35782
FBGN0085225	5	0	5	0	17	9
FBGN0033978	34	29	24	52	74	49
FBGN0086350	2645	3336	2837	2922	2829	2568
FBGN0033816	2029	2202	2011	2110	2144	1719
FBGN0023181	1931	1992	2012	1759	1642	1505
FBGN0010414	206	155	176	107	181	86
FBGN0034666	38	30	26	16	32	23
FBGN0259966	6	7	8	6	11	8
FBGN0050464	34	32	30	16	35	29
FBGN0034792	5535	6261	6711	6275	5094	5008
FBGN0050095	21	10	4	6	22	17
FBGN0033401	2060	2463	2325	2187	2309	1922
FBGN0020620	3489	3577	3474	3129	3226	2867
FBGN0053138	4338	4637	5203	3674	3675	3235
FBGN0034846	17	1	2	5	12	2
FBGN0033312	34	37	10	60	19	30
FBGN0033706	12	8	4	53	10	10
FBGN0264299	13	47	2	0	16	19
FBGN0034430	1959	2715	2620	2593	2455	2265
FBGN0015925	3047	3220	3348	3820	3407	3036
FBGN0046879	2	1	0	1	16	6
FBGN0263510	4836	5895	5793	7322	6863	6039
FBGN0013435	778	894	907	1474	1468	1130
FBGN0033757	1464	1435	1594	1382	1267	1148
FBGN0033065	54	27	42	55	11	22
FBGN0284237	227	593	227	875	685	990
FBGN0045483	27	13	2	14	29	1
FBGN0034486	38	19	15	27	10	12
FBGN0034177	403	768	611	764	622	574
FBGN0015001	57	2	1	16	10	27
FBGN0266486	825	889	725	1028	1287	1062
FBGN0266708	19	12	21	35	10	3
FBGN0016684	100	48	65	362	335	311
FBGN0286511	5974	6466	6043	4126	4031	3803
FBGN0033741	11474	14400	12844	19621	18514	16416
FBGN0050284	7	3	26	0	31	8
FBGN0033058	60	28	27	19	31	39
FBGN0041585	4400	5053	5140	4001	3505	2956
FBGN0028552	651	780	824	1222	1183	883
FBGN0034426	26	11	0	1	10	8
FBGN0284243	254231	271202	278316	271843	255852	232436
FBGN0050414	85	164	74	232	223	171
FBGN0034497	8	30	7	18	34	8
FBGN0034651	18	25	24	10	6	11
FBGN0043010	1668	1770	2238	1809	1565	1303
FBGN0029079	3121	3281	3455	4178	4319	3511
FBGN0002716	525	635	491	559	445	377
FBGN0034833	16	1	1	6	21	2
FBGN0053461	19	28	6	8	15	21
FBGN0034416	25	23	10	19	29	29
FBGN0261403	11398	13671	12380	11808	11354	11716
FBGN0034693	1163	945	1161	429	609	453
FBGN0053704	8	8	0	4	0	0
FBGN0050100	574	655	793	1483	1307	1114
FBGN0034996	157	77	105	54	95	63
FBGN0053017	103	86	101	140	74	53
FBGN0259184	16	24	13	21	6	30
FBGN0050289	37	6	0	5	13	25
FBGN0011211	41353	43350	48403	40417	36346	34365
FBGN0033598	45	20	10	47	20	36
FBGN0034162	50	58	115	89	139	90
FBGN0086655	23952	26299	24765	19449	19246	18500
FBGN0286778	4018	3297	4171	3417	3466	3110
FBGN0085398	84	56	50	67	35	35
FBGN0034091	1788	1913	1430	1480	1231	1286
FBGN0260934	34108	36932	35461	27476	26460	23844
FBGN0262478	7	9	15	32	16	2
FBGN0035042	10	11	7	12	27	9
FBGN0034965	238	350	287	309	263	203
FBGN0034156	44	32	34	49	34	54
FBGN0033551	3363	3355	3406	3336	3537	3311
FBGN0261614	5	0	0	11	0	2
FBGN0033518	212	60	167	277	283	263
FBGN0034986	670	804	595	1097	828	810
FBGN0085232	1	6	3	3	7	0
FBGN0034011	40	32	16	30	48	67
FBGN0011555	8	22	12	26	30	12
FBGN0086898	4947	5823	5861	5030	4183	3972
FBGN0035005	18	14	0	16	13	20
FBGN0033529	4739	5212	4855	5055	4908	4271
FBGN0003175	14247	15469	15187	10127	9346	9309
FBGN0033539	4627	4874	5127	4164	3976	3515
FBGN0002570	70	35	26	36	10	14
FBGN0027836	3327	3085	3744	3817	3976	3380
FBGN0026741	511	700	901	1251	1274	1116
FBGN0053958	36	33	14	61	78	53
FBGN0262790	5	3	0	0	0	2
FBGN0034381	48	18	42	30	52	22
FBGN0035076	116	104	111	212	237	242
FBGN0034951	311	349	274	332	261	308
FBGN0035010	46	101	62	63	36	57
FBGN0034829	43	30	24	21	29	41
FBGN0020440	4562	5669	5246	4618	4431	4037
FBGN0022700	16	46	15	32	12	34
FBGN0033164	24	8	2	6	7	19
FBGN0015614	1626	1846	2095	1867	2047	1845
FBGN0002535	2890	1470	2474	2524	2471	2231
FBGN0034076	34	17	2	71	39	35
FBGN0034047	28	32	34	35	30	27
FBGN0033371	69	30	54	28	84	43
FBGN0034897	156	207	241	220	237	183
FBGN0013773	38	9	8	36	32	24
FBGN0265487	30289	31890	30453	22202	20530	17979
FBGN0034082	30	6	14	56	8	0
FBGN0033019	1390	1532	1531	2371	2338	2061
FBGN0034863	10	5	5	22	23	2
FBGN0003742	2991	3607	3826	3020	2635	2432
FBGN0265835	2	2	0	0	1	0
FBGN0034476	22615	24041	26258	20042	18767	17238
FBGN0033285	4	1	0	3	0	6
FBGN0083951	13	1	0	2	3	5
FBGN0010622	1769	1784	2003	2207	1862	1559
FBGN0050195	73	69	37	49	19	38
FBGN0286203	4226	5046	5380	5641	5096	4631
FBGN0034027	653	659	754	923	865	723
FBGN0033048	16	39	15	14	16	27
FBGN0034383	21	2	8	9	1	8
FBGN0034000	1266	1356	1241	1389	1597	1274
FBGN0000606	41	41	12	33	24	20
FBGN0015754	4956	6223	6352	6159	5932	5288
FBGN0033454	3689	4310	4594	4354	3759	3442
FBGN0034970	6253	6524	7688	5360	5322	4652
FBGN0263760	18	17	15	5	16	15
FBGN0264714	22	3	9	5	5	21
FBGN0050393	15	2	5	3	11	21
FBGN0050466	209	212	217	339	377	222
FBGN0000289	22279	22740	25036	17189	15559	14843
FBGN0028740	95	33	77	14	41	51
FBGN0053758	0	8	2	10	5	17
FBGN0003114	18	5	0	28	24	21
FBGN0033581	7515	9560	9600	8601	8088	7098
FBGN0287864	4993	6316	5514	4064	3677	3549
FBGN0034655	25	21	6	5	11	36
FBGN0050050	0	2	0	19	1	1
FBGN0050115	3460	3763	3778	3955	3552	3260
FBGN0034230	3653	3613	3279	3140	2957	2705
FBGN0262961	29	11	2	2	0	11
FBGN0260768	31	27	13	64	59	43
FBGN0034129	12	16	18	0	4	8
FBGN0034251	637	668	632	661	533	531
FBGN0050275	47	41	16	65	71	42
FBGN0050429	45	27	41	23	6	18
FBGN0034215	2990	2871	2944	3301	3363	2398
FBGN0287213	0	7	3	1	13	9
FBGN0034398	3763	4556	4912	9076	8220	7728
FBGN0034245	409	585	567	685	787	592
FBGN0261794	563	546	604	599	464	501
FBGN0034087	17944	18445	19610	16393	15134	14015
FBGN0262881	12	6	26	8	15	12
FBGN0063492	117	104	147	415	307	228
FBGN0033348	1720	1746	1544	1465	1657	1333
FBGN0033208	811	1042	788	1204	1186	947
FBGN0034766	20	2	5	0	4	6
FBGN0010548	7415	7428	8402	8087	7689	6760
FBGN0027835	60471	69331	70897	55894	51395	47917
FBGN0085260	82	106	100	101	162	109
FBGN0003254	26	13	6	44	29	10
FBGN0025832	2104	2669	2372	2568	2539	2218
FBGN0264753	139	136	155	116	161	127
FBGN0050491	549	556	575	636	551	524
FBGN0034284	14	3	7	14	2	2
FBGN0259483	5659	6756	6345	5291	4878	4962
FBGN0033808	487	585	468	779	703	429
FBGN0033773	58	46	38	58	72	76
FBGN0050295	1615	1453	1589	1271	1201	924
FBGN0034643	7393	8612	8527	6736	6490	5700
FBGN0033953	23	4	5	16	25	15
FBGN0034128	3	31	10	4	15	4
FBGN0033092	2203	2058	2487	2125	2396	2208
FBGN0034446	59	39	62	54	67	51
FBGN0050026	51	61	54	67	52	34
FBGN0046706	4878	5808	5326	7618	7862	6851
FBGN0266518	3962	3851	4614	5303	4967	4118
FBGN0262117	6460	7517	6023	8031	8283	7170
FBGN0086712	2729	2407	2235	3085	2587	2272
FBGN0085217	8	12	1	16	2	12
FBGN0004896	26	13	21	25	17	27
FBGN0050440	16311	18182	15521	15251	15025	14333
FBGN0034456	20	47	5	2	72	29
FBGN0033498	38	41	12	27	55	17
FBGN0035012	1	0	3	2	4	11
FBGN0033061	193	247	278	107	150	89
FBGN0063493	26	12	22	201	155	132
FBGN0034269	1275	1416	1623	1404	1344	1149
FBGN0033192	88	55	71	152	88	59
FBGN0034443	501	732	565	1276	1053	881
FBGN0033936	95	287	103	283	341	231
FBGN0050091	30	41	24	155	33	95
FBGN0034601	4	10	2	1	8	2
FBGN0285892	5541	5629	5254	5147	5672	5193
FBGN0034595	17	3	3	23	2	7
FBGN0264297	24	21	18	20	23	7
FBGN0027590	4846	5107	5579	5951	5902	4837
FBGN0050390	763	761	618	800	599	622
FBGN0265193	1687	1824	1963	1351	1715	1236
FBGN0050416	35	30	20	4	23	24
FBGN0034187	83	10	54	43	43	20
FBGN0033928	139	242	219	2146	1543	1368
FBGN0050460	1145	1119	1105	1040	941	828
FBGN0034350	272	305	292	295	191	304
FBGN0033762	2118	2406	2357	2479	2175	2102
FBGN0287632	10	15	5	5	37	37
FBGN0050324	27	8	38	13	6	3
FBGN0021895	10305	9033	11687	7469	7030	6177
FBGN0050196	13	15	67	130	33	71
FBGN0050184	2	13	22	19	2	7
FBGN0053477	9	1	16	8	4	3
FBGN0264339	70	41	42	93	77	34
FBGN0050074	7	15	0	6	23	6
FBGN0034658	11	0	9	10	2	1
FBGN0010397	2446	2478	2964	1776	1620	1555
FBGN0033588	3	2	4	22	9	10
FBGN0283510	9327	9734	10979	9564	9274	8193
FBGN0027538	829	822	788	806	704	803
FBGN0033856	15	12	24	7	20	25
FBGN0050458	38	25	50	67	44	16
FBGN0010415	15270	17127	16622	14126	13449	12324
FBGN0034734	10411	11764	12127	11915	11391	9659
FBGN0027561	3825	4350	4371	4057	3621	3493
FBGN0050487	1	0	5	8	30	12
FBGN0034140	298	184	347	770	587	565
FBGN0034312	596	597	376	2840	2524	2334
FBGN0261564	4494	4648	4862	5793	5454	4517
FBGN0034826	29	0	42	12	20	16
FBGN0034030	1000	852	1195	512	362	314
FBGN0034104	0	8	1	16	13	10
FBGN0034318	9	11	10	4	4	14
FBGN0050036	10	29	23	20	17	11
FBGN0034310	5498	6040	6731	5808	5069	4795
FBGN0034804	232	207	256	196	178	153
FBGN0050345	33	41	46	1572	1562	1448
FBGN0033093	245	267	300	835	778	692
FBGN0023214	492	360	509	473	498	393
FBGN0033330	28	19	10	11	21	21
FBGN0010411	57176	62463	73335	63030	60239	53632
FBGN0034437	92	24	18	20	71	38
FBGN0027599	2032	2584	2160	2651	2717	2156
FBGN0033308	49	12	18	8	16	12
FBGN0250842	37	1	0	24	8	28
FBGN0040737	7	0	1	4	9	6
FBGN0040093	18	7	9	4	3	10
FBGN0033951	1601	2086	1876	2165	2201	2152
FBGN0034120	27	6	4	4	3	10
FBGN0014877	1860	2014	1854	2119	2024	1751
FBGN0034361	663	847	767	908	912	813
FBGN0265974	4830	4719	4671	3601	3203	3287
FBGN0034990	30	19	21	30	22	22
FBGN0033195	482	538	556	608	529	481
FBGN0035078	81	111	28	47	40	73
FBGN0027572	2030	2113	1918	1295	937	1071
FBGN0033999	29	19	3	31	0	8
FBGN0034660	60	2	6	50	44	27
FBGN0033859	4692	5265	5747	5532	4944	4645
FBGN0024754	3697	3701	3980	3519	3133	3013
FBGN0053914	2	3	0	10	3	6
FBGN0259745	3503	3846	4065	2506	2381	2268
FBGN0034503	1793	1856	2132	2200	2068	1558
FBGN0034153	5	5	1	8	7	8
FBGN0265834	14	0	22	0	9	8
FBGN0034850	19	24	24	12	18	9
FBGN0086676	5589	6524	6407	5788	5216	4720
FBGN0034824	45	37	15	14	34	19
FBGN0083977	1245	1216	1069	1049	909	783
FBGN0034505	15	11	1	6	26	11
FBGN0034708	10077	11435	11703	10230	10012	9089
FBGN0019968	18584	20618	19452	14443	14090	12976
FBGN0034201	22	2	10	7	10	16
FBGN0033324	57	26	30	46	42	18
FBGN0034825	3	19	11	0	4	25
FBGN0053087	40260	45849	44421	32121	29089	28569
FBGN0043470	35	0	2	26	1	4
FBGN0028622	6738	7202	7720	6815	6922	6100
FBGN0017482	319	377	407	348	430	297
FBGN0034959	1993	2058	2132	1524	1470	1418
FBGN0050471	92	57	98	66	48	97
FBGN0033457	1030	1137	1158	1372	1242	1118
FBGN0050151	8	13	12	10	7	9
FBGN0262479	1	0	6	0	3	0
FBGN0050323	292	395	323	397	290	232
FBGN0033691	3786	5065	4137	6691	6592	5331
FBGN0034050	570	888	838	677	793	646
FBGN0020908	16	9	28	23	0	4
FBGN0085235	35	61	19	48	81	53
FBGN0011656	4848	6119	6584	3497	3634	3203
FBGN0261477	2720	3138	3086	2468	2657	2430
FBGN0034807	52	17	1	16	2	35
FBGN0034841	2	2	4	0	4	10
FBGN0034274	50	15	19	4	32	10
FBGN0028494	2845	2835	2933	3646	3244	3105
FBGN0015268	37712	39551	42351	40875	39119	34113
FBGN0035020	3267	3430	3589	3171	3081	2781
FBGN0000157	7273	8029	8170	5076	4846	4503
FBGN0033972	2261	2464	2496	2892	2784	2444
FBGN0085459	17	2	5	10	8	12
FBGN0263324	25	1	5	0	15	5
FBGN0034737	5	8	12	0	8	23
FBGN0266580	35910	38870	36769	39026	37286	33721
FBGN0033855	28	59	39	54	103	61
FBGN0060296	5484	6713	6648	5496	4784	5105
FBGN0034554	24	26	27	24	15	21
FBGN0011694	3	3	5	0	0	0
FBGN0033337	587	696	700	604	568	541
FBGN0069969	25	9	21	5	4	6
FBGN0266489	195	123	124	198	192	152
FBGN0033352	12449	13530	14533	11264	10255	9643
FBGN0085474	228	172	196	126	187	108
FBGN0034221	54	38	44	163	177	185
FBGN0029175	945	1162	931	1198	1060	877
FBGN0042083	1360	1871	1771	1519	1357	1311
FBGN0034663	36	5	0	6	6	10
FBGN0028434	676	693	651	1058	1058	1027
FBGN0034998	58	15	31	6	24	25
FBGN0265356	217	238	190	243	363	295
FBGN0033924	2853	3187	3224	3246	2703	2442
FBGN0033096	20	17	11	18	42	21
FBGN0029131	2131	2004	2451	2017	1411	1480
FBGN0260866	1633	1874	1950	1309	1146	1181
FBGN0284080	786	1020	735	2009	1936	1829
FBGN0034937	200	178	110	136	154	173
FBGN0000078	69	51	26	7	26	38
FBGN0040765	2348	2624	2495	1878	2080	1765
FBGN0034293	0	10	14	4	0	11
FBGN0262169	7881	8785	9073	7036	7135	6025
FBGN0033246	11164	12186	12091	9406	8834	7833
FBGN0040755	1	2	20	23	1	10
FBGN0063499	4	6	1	3	12	1
FBGN0262736	7894	8326	8325	11171	10002	9039
FBGN0000578	12179	13463	12697	9746	9845	8901
FBGN0039970	1611	2103	1640	2208	2414	2343
FBGN0086904	59852	66890	73116	51832	49548	43527
FBGN0033710	26	45	18	85	160	114
FBGN0050493	185	297	368	253	333	310
FBGN0034084	1398	1766	1840	1699	2004	1717
FBGN0033570	1349	1710	1737	2127	1873	1680
FBGN0029506	10146	11470	11226	10394	11154	9957
FBGN0043534	0	1	19	0	0	3
FBGN0003863	155	67	154	112	91	106
FBGN0033526	2935	3681	3540	2924	3112	2534
FBGN0013308	25	13	1	33	24	27
FBGN0263030	6	0	8	1	22	10
FBGN0034814	1015	1011	1423	1162	1325	1161
FBGN0025185	1352	1485	1591	1464	1354	1302
FBGN0034768	15	2	14	6	2	4
FBGN0000395	3545	3957	3882	3842	3533	3467
FBGN0034750	2155	2492	2902	2996	3286	2645
FBGN0039994	5101	6602	5611	6633	7384	6971
FBGN0287631	61	38	36	126	110	101
FBGN0033904	93	85	46	49	57	60
FBGN0004132	2531	2805	2658	2426	2381	2128
FBGN0085230	28	46	14	15	12	17
FBGN0015509	20216	20817	21989	18266	17759	16304
FBGN0050479	0	0	0	19	0	13
FBGN0250827	15	4	4	4	2	7
FBGN0010611	1697	1772	2005	2601	2582	2177
FBGN0085253	3	16	0	20	8	12
FBGN0085569	11	41	0	37	6	0
FBGN0033367	1309	1132	943	1675	1691	1338
FBGN0034463	33	8	26	25	3	16
FBGN0033749	2056	2019	2168	1738	1434	1643
FBGN0259219	26	66	20	88	76	67
FBGN0034972	71	42	67	60	54	25
FBGN0028953	10620	11108	10949	10608	9643	8538
FBGN0043070	2202	2622	2309	1844	1416	1722
FBGN0033240	697	1054	912	990	996	883
FBGN0033548	1004	1420	1271	1387	1142	903
FBGN0021875	1696	1954	1669	2273	2073	2090
FBGN0286785	3051	3726	3350	3712	3905	3817
FBGN0033907	936	1437	1333	1548	1490	1379
FBGN0033793	1	1	7	1	14	2
FBGN0250850	12102	12387	12792	9554	9121	8362
FBGN0263741	14	22	14	28	7	22
FBGN0263260	984	1264	1024	944	984	1094
FBGN0050447	1	2	14	2	7	9
FBGN0034059	636	626	505	1261	780	788
FBGN0050290	850	1152	967	1565	1340	1183
FBGN0034223	4893	5225	5678	5419	4876	4150
FBGN0033668	342	363	320	357	305	508
FBGN0034727	2506	2769	3122	2589	2442	2403
FBGN0034157	64	33	7	9	22	41
FBGN0015300	27	0	14	28	6	23
FBGN0085252	28	12	13	26	11	15
FBGN0033633	94	98	77	31	83	53
FBGN0259967	21	0	5	3	2	8
FBGN0021995	7390	8324	9115	9176	10078	8699
FBGN0034362	413	525	389	703	743	550
FBGN0022343	10331	12641	12322	14344	14107	12159
FBGN0035092	140	93	267	168	114	112
FBGN0033387	55	43	30	43	25	20
FBGN0034122	12	4	1	8	9	9
FBGN0261267	251	323	336	214	157	204
FBGN0033913	10602	10992	12377	7562	7634	6995
FBGN0034436	7538	9289	8468	8109	8063	7087
FBGN0260398	3787	3772	4389	4514	4367	3839
FBGN0033481	34	10	26	21	21	11
FBGN0034428	6	13	8	25	7	8
FBGN0034570	14474	15536	15726	10761	10177	10132
FBGN0285952	25899	32176	28677	33777	34833	31406
FBGN0020269	133	77	78	45	56	55
FBGN0266346	129	110	126	119	111	75
FBGN0083983	214	423	240	561	433	335
FBGN0263233	3	17	3	16	4	7
FBGN0050417	24	12	4	2	10	19
FBGN0033322	5	34	5	0	1	11
FBGN0085242	284	270	286	340	393	312
FBGN0264911	60	47	41	475	568	494
FBGN0033880	29	18	20	16	9	10
FBGN0034408	14286	15774	17047	9697	9676	9157
FBGN0050462	83	46	66	30	51	64
FBGN0033900	1336	1446	1602	1531	1571	1309
FBGN0034541	10	1	6	8	14	9
FBGN0024293	30	18	24	43	37	84
FBGN0033480	604	775	840	1167	1126	892
FBGN0010409	78886	90538	96883	86893	79810	67474
FBGN0034628	1406	1570	1607	540	466	508
FBGN0050412	9	6	2	0	2	10
FBGN0010109	2484	2147	2730	1253	1161	839
FBGN0034473	51	9	3	0	16	6
FBGN0050363	12	8	4	0	3	6
FBGN0034726	567	640	587	785	672	638
FBGN0033158	134	32	61	23	55	67
FBGN0024556	6420	7916	8185	8655	8255	7028
FBGN0034472	9	6	0	14	14	5
FBGN0025336	2252	2134	2518	2790	2488	2072
FBGN0033463	6368	6927	6950	6482	6238	5613
FBGN0034945	615	874	664	854	1015	736
FBGN0267428	48	12	27	19	45	22
FBGN0050361	56	35	32	72	76	46
FBGN0284254	4311	4333	5186	4004	3505	3475
FBGN0025693	524	544	489	606	479	602
FBGN0029153	88	40	0	35	31	33
FBGN0050271	54	13	12	21	22	23
FBGN0034802	91381	91781	107835	74794	76044	67882
FBGN0085222	12	28	36	22	27	37
FBGN0033027	24	4	4	8	24	2
FBGN0033497	24	106	27	42	52	88
FBGN0034294	139	103	36	10	30	35
FBGN0044011	41	16	26	12	20	28
FBGN0034507	39	10	0	6	5	2
FBGN0034520	90	125	157	107	176	129
FBGN0262560	2755	3452	3316	3415	3382	2863
FBGN0034145	653	825	662	647	546	537
FBGN0034856	181	186	168	394	368	290
FBGN0020621	14171	16044	15586	11612	10520	10586
FBGN0019949	1478	1846	2092	1802	1548	1444
FBGN0035063	2923	3402	3140	2959	3353	2842
FBGN0261581	5	0	5	0	0	1
FBGN0260436	14	26	0	0	4	7
FBGN0033476	4856	5784	5097	5870	5656	4948
FBGN0034614	3568	4291	3814	3955	3927	3189
FBGN0017556	19	3	4	3	5	13
FBGN0265991	26489	27906	26254	17081	16285	14150
FBGN0027066	19450	21601	21619	21181	21281	18602
FBGN0050384	797	1098	756	863	793	752
FBGN0033209	1131	1107	1216	1964	1773	1698
FBGN0033380	1329	1597	1458	1380	1270	1207
FBGN0002774	7138	8391	7931	7063	6518	6116
FBGN0033590	2	2	3	4	13	11
FBGN0034909	984	1128	1328	1163	1031	870
FBGN0034517	150	172	167	408	393	415
FBGN0264959	24783	27248	26707	24116	24492	21989
FBGN0263774	60	28	51	33	31	65
FBGN0034877	7167	7732	8710	8417	8565	7477
FBGN0050090	14	16	0	40	16	23
FBGN0013983	759	1008	990	917	858	685
FBGN0050481	2351	2685	3080	2650	2373	2132
FBGN0050480	35	30	18	50	26	42
FBGN0086532	2347	2798	2601	3598	3612	3107
FBGN0034741	10	13	3	85	84	54
FBGN0026573	9131	9577	9591	7250	7870	7126
FBGN0050080	15	19	3	6	16	3
FBGN0034159	4	10	6	12	17	14
FBGN0034644	6179	6590	7759	4559	4366	4099
FBGN0034126	120	148	124	242	168	144
FBGN0034733	91	94	92	167	134	100
FBGN0034121	42	23	39	49	49	48
FBGN0034045	204	162	294	222	213	238
FBGN0085489	10	15	6	23	12	9
FBGN0262954	671	864	673	1833	1689	1510
FBGN0025833	58	36	6	53	25	44
FBGN0262563	4	6	3	0	17	9
FBGN0034978	34	7	25	10	21	18
FBGN0034858	6434	6835	6597	7227	6554	6119
FBGN0027499	12359	14152	14664	11902	11242	10220
FBGN0001325	84	24	24	126	93	83
FBGN0001123	8688	10537	9326	9034	9540	8279
FBGN0259145	232	202	241	69	101	66
FBGN0010220	2402	2636	2312	2916	2904	2568
FBGN0050145	8	1	9	12	4	1
FBGN0259711	270	404	350	1422	1229	937
FBGN0034791	1932	2221	2068	2335	2599	2029
FBGN0034046	865	928	1181	643	644	672
FBGN0034282	18145	18312	17294	19767	20833	18707
FBGN0265627	39	14	24	42	28	41
FBGN0025878	59	54	37	31	38	34
FBGN0033461	22	6	2	0	10	0
FBGN0034527	1960	1914	2098	3017	2744	2139
FBGN0033412	20	6	1	21	28	27
FBGN0034440	49	27	43	26	83	55
FBGN0053775	18	3	10	10	21	16
FBGN0066293	165	135	124	135	58	30
FBGN0011556	28	10	2	13	18	20
FBGN0033890	2773	3000	3453	2170	2109	1855
FBGN0050334	7	19	5	2	28	15
FBGN0264817	0	0	0	0	0	0
FBGN0053454	12	12	10	6	18	18
FBGN0035034	76	27	18	1	13	21
FBGN0015039	49	29	12	106	146	76
FBGN0040775	4	3	0	1	2	9
FBGN0033087	1793	2197	2171	1633	1709	1460
FBGN0001308	16182	18608	19399	13708	13425	12620
FBGN0033616	1196	1368	1518	1223	1067	912
FBGN0034551	22	17	8	39	16	21
FBGN0034887	18	31	10	21	11	15
FBGN0002789	368	267	241	281	186	176
FBGN0050499	2339	2664	2960	3003	2780	2364
FBGN0050423	1074	1287	1160	2024	2020	1490
FBGN0033321	54	48	48	54	36	11
FBGN0263656	74	20	21	96	36	45
FBGN0034396	208	166	263	130	73	94
FBGN0034796	1796	1880	2247	1663	1645	1607
FBGN0034553	53	35	6	70	10	15
FBGN0034118	5628	6017	5829	7012	6730	5639
FBGN0033297	19	6	17	30	22	26
FBGN0259179	68	14	27	12	27	20
FBGN0050378	0	0	6	6	22	1
FBGN0061360	1781	1909	1713	1984	1663	1891
FBGN0034289	66	17	51	8	27	40
FBGN0034834	18	16	14	39	21	21
FBGN0052833	11	4	3	4	8	10
FBGN0033656	1544	1881	1920	1612	1864	1391
FBGN0010358	335	185	619	381	405	349
FBGN0004784	28	27	26	31	51	15
FBGN0028983	1426	1606	1818	1637	1402	1239
FBGN0003733	158	114	49	78	27	60
FBGN0024956	3160	3797	4330	4221	3997	3767
FBGN0002891	3619	4334	4497	10835	10004	8944
FBGN0040773	1058	1036	908	1739	1506	1300
FBGN0028473	37823	40735	46160	34804	31968	27986
FBGN0262123	134	174	98	185	190	113
FBGN0085471	33	6	15	37	33	15
FBGN0262102	11	7	0	1	4	9
FBGN0034300	10814	11571	10351	9451	8728	8053
FBGN0033994	589	680	596	798	688	759
FBGN0033145	6	7	10	3	3	17
FBGN0263046	117	153	124	114	153	115
FBGN0033365	688	983	850	300	437	529
FBGN0033954	5	1	6	29	17	19
FBGN0034029	1913	2278	2173	2405	2322	2108
FBGN0029507	29	46	13	750	650	556
FBGN0012051	2940	3615	3251	4444	3989	3705
FBGN0033076	3	3	7	8	9	3
FBGN0033639	1998	2100	1985	2016	1963	1886
FBGN0263031	203	197	268	266	191	163
FBGN0050069	139348	147191	126977	102621	99928	98011
FBGN0266111	4913	5005	5556	5071	4666	3986
FBGN0034438	4528	5423	4781	7987	7392	7130
FBGN0034931	1735	1853	2133	1425	1356	1524
FBGN0033378	3236	4114	4224	3518	3311	2792
FBGN0015524	15	22	45	23	24	21
FBGN0050062	94	100	106	134	78	97
FBGN0259832	110	201	137	322	394	289
FBGN0024189	3468	3528	3326	2381	2413	2210
FBGN0033549	454	716	760	579	516	399
FBGN0259725	594	568	581	526	570	366
FBGN0265182	200	139	160	179	158	130
FBGN0033845	9906	9962	10326	7741	7592	6540
FBGN0050362	65	12	32	0	5	13
FBGN0033486	5330	5803	6218	4707	4383	4051
FBGN0033519	5	5	36	14	15	32
FBGN0026388	121	112	42	41	69	49
FBGN0034075	172	137	158	245	169	301
FBGN0085434	4248	4778	4862	6076	5545	5262
FBGN0029843	335	331	434	384	272	351
FBGN0029913	264	375	400	369	388	390
FBGN0030340	53	26	79	131	75	68
FBGN0029993	10	6	19	41	48	18
FBGN0261615	0	8	12	6	10	2
FBGN0002562	5468	5608	3016	10585	9466	8474
FBGN0030973	2715	3450	3576	2849	2814	2430
FBGN0030555	1615	1846	2252	1235	1121	1191
FBGN0052694	554	444	328	208	217	215
FBGN0029897	83275	90787	102695	81193	78090	69838
FBGN0030434	2293	2886	2967	1813	2087	1829
FBGN0030545	1802	2121	2392	3401	2921	2356
FBGN0040467	311	479	619	455	454	474
FBGN0052774	169	90	131	203	274	175
FBGN0030645	209	342	291	345	361	282
FBGN0029791	7118	6838	7998	9731	9247	8897
FBGN0031053	8775	9209	10391	7823	6675	6283
FBGN0039966	817	849	803	823	576	502
FBGN0002579	42895	50349	53052	40648	40850	36207
FBGN0265725	4	16	19	47	21	9
FBGN0030966	1617	1547	1949	1631	1661	1466
FBGN0029647	4	0	0	1	0	4
FBGN0030207	19	32	31	3	38	18
FBGN0030251	2405	2983	3027	1978	1891	1672
FBGN0283434	2263	1914	2351	1700	1917	1893
FBGN0052736	470	555	572	512	463	404
FBGN0016976	44	39	80	43	40	27
FBGN0030242	3641	3514	3752	3336	3230	3175
FBGN0011566	1003	907	1161	1024	812	790
FBGN0015527	9922	10678	11592	12403	11200	10339
FBGN0029706	4634	5099	5106	4474	4355	3818
FBGN0023537	6579	7822	8064	5177	5154	5019
FBGN0025643	476	295	551	451	512	505
FBGN0030438	152	110	70	57	78	57
FBGN0023530	366	392	460	400	472	522
FBGN0030775	22	8	16	11	17	3
FBGN0052590	406	487	498	706	624	365
FBGN0263257	123	122	59	87	68	77
FBGN0043796	2068	2193	2214	1783	1703	1396
FBGN0029925	788	856	798	1388	1065	1004
FBGN0004432	42775	47628	50258	54298	51127	47762
FBGN0017566	8867	9261	10017	8421	7321	6739
FBGN0040066	5528	5995	6630	5848	6627	5447
FBGN0030937	26	12	0	29	20	37
FBGN0030385	5	9	28	100	145	69
FBGN0030793	1741	1865	1886	2308	1966	1673
FBGN0025641	6427	7541	7169	6077	6879	5771
FBGN0052548	37	53	21	20	4	10
FBGN0041626	52	50	24	72	16	45
FBGN0040395	3397	3517	3415	2587	2452	2251
FBGN0000173	5516	6370	7326	5404	4936	4521
FBGN0030721	35	14	26	8	42	36
FBGN0011741	2908	3099	3514	3763	3693	3167
FBGN0008635	16055	17978	19084	14649	14470	13321
FBGN0029723	36	102	73	66	63	73
FBGN0040384	1859	2452	1982	2196	2138	1877
FBGN0030505	11663	12226	12507	9406	8285	7611
FBGN0010412	48395	52028	60044	51346	49857	46376
FBGN0030109	6191	6652	6427	5892	5875	5497
FBGN0030763	5675	5843	6156	2842	2944	2071
FBGN0030747	105	45	61	83	79	85
FBGN0027093	6060	5930	6005	7491	7522	6362
FBGN0005390	134	78	43	139	93	70
FBGN0052708	995	1017	1026	1737	1542	1334
FBGN0025743	6317	6975	7433	5137	4667	4242
FBGN0029810	34	72	12	33	32	15
FBGN0027793	29	26	18	66	28	37
FBGN0040361	2	6	20	5	1	19
FBGN0283476	195	146	83	173	124	166
FBGN0031142	123	217	135	104	99	57
FBGN0030529	9157	10130	9971	9973	9799	8209
FBGN0004143	34	4	10	8	20	4
FBGN0026268	0	22	18	13	16	4
FBGN0031148	5089	5857	6547	5156	5381	4767
FBGN0030098	26	8	12	5	16	2
FBGN0040371	13	18	15	3	5	9
FBGN0030872	1262	1129	1375	863	795	689
FBGN0030208	20077	23077	23626	21518	20540	18269
FBGN0083956	1856	1588	2240	1240	1178	1097
FBGN0064117	2111	2650	2535	2769	3411	2739
FBGN0085430	34348	35151	37635	25591	23101	22637
FBGN0030940	276	251	286	475	530	403
FBGN0265464	3200	3114	3339	2326	2229	1811
FBGN0260970	19048	20594	21374	17625	15581	15046
FBGN0029714	1464	1371	1442	1354	1416	1404
FBGN0029831	1038	1051	1018	1691	1447	1155
FBGN0030653	1568	1904	1943	1512	1251	1222
FBGN0066304	2627	3125	3153	3669	3455	3188
FBGN0026879	4195	5234	4898	4773	4828	4186
FBGN0052806	90	110	133	55	56	52
FBGN0030683	548	638	600	662	585	557
FBGN0028686	11929	13757	14360	12341	12746	10849
FBGN0288741	2	0	2	6	2	0
FBGN0003132	1	2	2	0	9	6
FBGN0030743	627	823	767	819	1111	992
FBGN0053080	81	64	108	140	99	144
FBGN0052693	36	2	71	0	29	10
FBGN0260867	0	0	10	0	0	3
FBGN0031001	1804	1280	1956	692	711	690
FBGN0030361	466	508	362	460	458	411
FBGN0029003	13665	14951	17155	13240	11748	11214
FBGN0030798	1223	1169	1234	929	1149	814
FBGN0263987	11746	13523	14162	10714	10679	9132
FBGN0025627	327	353	442	366	350	314
FBGN0031164	31	13	11	5	10	1
FBGN0261284	2193	2743	2869	3762	4030	3678
FBGN0029730	13	6	19	0	11	9
FBGN0030889	42	28	20	63	24	48
FBGN0030858	3745	3568	4625	3636	3536	3198
FBGN0288739	2	0	0	21	3	6
FBGN0003996	46	70	112	66	46	63
FBGN0287645	16	23	4	4	5	3
FBGN0025839	796	841	911	1099	977	966
FBGN0011742	4207	5211	4938	4650	4122	3977
FBGN0052668	31	16	13	71	29	51
FBGN0040648	5	0	7	2	2	6
FBGN0030808	7063	7326	7355	4947	4341	4226
FBGN0267042	2	2	7	18	13	8
FBGN0001189	6234	6864	6956	5180	5475	4709
FBGN0263705	22007	24396	25015	14891	13519	13867
FBGN0030262	31	31	22	64	45	69
FBGN0002933	31	6	16	3	36	3
FBGN0029941	21162	22941	23544	22192	21964	18801
FBGN0029961	14	15	10	40	19	31
FBGN0283680	2650	3411	3505	2138	2181	2031
FBGN0023522	2569	3025	2944	2886	2811	2355
FBGN0027601	8441	9118	11302	5864	5176	4949
FBGN0262611	3	3	1	8	19	6
FBGN0030692	7071	7396	7706	7881	7718	6903
FBGN0085478	9018	9402	9371	6412	6387	6185
FBGN0030877	2062	2115	2394	1447	1596	1374
FBGN0029807	43	17	22	24	75	29
FBGN0004856	7424	7939	8922	8067	7587	6941
FBGN0030313	21	4	4	25	50	31
FBGN0031061	2393	2345	2242	2089	2254	1975
FBGN0052698	98	104	124	264	243	156
FBGN0085446	61011	63988	58998	41781	40088	35324
FBGN0047095	93	107	67	90	89	126
FBGN0052602	580	132	298	489	273	250
FBGN0030824	22	6	0	16	34	13
FBGN0052726	3	0	0	9	1	0
FBGN0265265	6	0	1	13	0	10
FBGN0030537	114	24	7	30	91	125
FBGN0029882	3364	4143	4050	4438	4459	3890
FBGN0030224	14	7	3	13	3	4
FBGN0264090	11301	11022	13008	7710	7165	6626
FBGN0085359	0	4	2	0	0	4
FBGN0267350	6692	7427	8512	6842	6861	6059
FBGN0025640	525	609	821	696	611	582
FBGN0052643	2	2	2	0	7	9
FBGN0031106	929	1071	1062	644	586	583
FBGN0028982	27826	28972	29907	26322	25483	23036
FBGN0040362	16	29	2	8	24	3
FBGN0040899	542	963	806	1224	969	771
FBGN0030884	1109	1090	1058	839	720	657
FBGN0029756	1018	1141	1503	890	829	872
FBGN0052598	11	17	21	9	18	6
FBGN0052676	10645	11834	12513	7882	7048	7056
FBGN0030078	13	16	32	21	16	6
FBGN0031126	2857	3010	3801	2345	1893	1895
FBGN0040337	1193	1111	1166	1409	1403	1197
FBGN0026174	32	4	10	4	6	13
FBGN0030338	7	6	24	0	9	18
FBGN0261444	17459	17890	18446	12315	11419	10294
FBGN0266000	15543	16290	16867	16186	15345	13977
FBGN0052713	22	1	1	6	5	1
FBGN0030244	21	3	13	8	19	29
FBGN0030963	548	694	740	646	575	508
FBGN0053548	44	23	29	39	35	36
FBGN0052655	12	24	29	6	6	11
FBGN0259228	6796	6987	7255	4866	4612	4358
FBGN0288700	102	50	55	74	52	71
FBGN0000810	3426	3108	3254	3381	3977	3364
FBGN0030616	42049	46066	53799	46785	45959	40026
FBGN0020381	2894	2608	3151	2778	2887	2498
FBGN0003950	183	315	220	273	225	214
FBGN0028581	798	882	744	789	685	627
FBGN0030964	287	295	279	138	187	231
FBGN0004456	15242	17260	17955	10679	10306	9847
FBGN0286222	11641	13242	15040	12572	11418	10816
FBGN0030829	20	4	2	7	0	15
FBGN0029727	21	0	8	13	4	11
FBGN0288737	6	0	0	6	5	0
FBGN0040235	2028	2559	2567	2304	2386	2109
FBGN0028331	9855	10624	10288	11453	10230	9823
FBGN0030037	1620	1590	2225	1534	1501	1380
FBGN0011710	10114	11030	12409	10340	9886	8279
FBGN0028685	8838	10289	10399	10281	10069	8375
FBGN0053180	6273	7199	6752	6397	6553	6167
FBGN0040234	2495	2772	3412	2183	2021	2022
FBGN0029522	754	1037	1017	1150	877	750
FBGN0031070	4179	4394	4872	3597	3772	3347
FBGN0052817	481	788	710	454	656	455
FBGN0030752	2154	2274	2345	2000	1848	1766
FBGN0260771	2803	3420	3912	3024	3123	2559
FBGN0030850	2243	2364	2332	1886	2046	1687
FBGN0030729	48	7	12	8	4	5
FBGN0030951	5	8	6	7	0	8
FBGN0030512	2727	2695	3527	2602	2508	2323
FBGN0001404	1494	1825	1730	1493	1469	1408
FBGN0031037	3560	4637	4400	3332	3647	2604
FBGN0023515	5843	6178	6436	4560	4655	4034
FBGN0026192	3324	3675	3567	3748	3869	3395
FBGN0030943	3161	3062	3440	3820	3655	2766
FBGN0259143	2967	3227	2821	2568	2639	1927
FBGN0259834	619	910	768	508	587	564
FBGN0003411	3	10	0	2	15	3
FBGN0029693	3117	3347	3317	2979	2873	2654
FBGN0030631	7586	7794	8385	6156	6193	5856
FBGN0030320	8701	10286	9842	9994	8949	8524
FBGN0052639	379	304	249	196	213	109
FBGN0259189	50	40	2	34	1	31
FBGN0261710	119332	125747	132989	88662	83171	79343
FBGN0025645	37	2	0	3	14	4
FBGN0263220	90	120	68	108	68	74
FBGN0040367	21	65	79	41	37	13
FBGN0010294	25	3	20	0	26	16
FBGN0029525	5041	5578	5805	7009	6534	6147
FBGN0026375	18228	20271	19914	15102	14585	13900
FBGN0031118	20777	21284	23382	15181	13178	12483
FBGN0061196	15	22	21	13	24	7
FBGN0052544	0	10	4	9	7	8
FBGN0041252	7	2	0	11	5	5
FBGN0288736	4	4	0	4	0	0
FBGN0031010	26	27	12	17	70	54
FBGN0023177	4504	5288	5448	4882	4668	4092
FBGN0053242	0	0	0	0	0	0
FBGN0030403	2487	3063	3162	2389	2115	2103
FBGN0030740	2633	2674	3068	4518	3752	3220
FBGN0030237	32	12	96	24	17	5
FBGN0040339	1394	1635	1700	2192	1937	1511
FBGN0030716	2443	2503	2678	4195	3910	3491
FBGN0039965	1655	1789	1743	1632	1596	1314
FBGN0001145	633	635	970	1452	1596	1398
FBGN0260971	101	58	48	84	63	71
FBGN0026086	5216	5681	4850	4542	4337	4309
FBGN0023509	11115	12003	13303	9747	9218	8034
FBGN0030662	3798	3782	4043	2457	2369	2221
FBGN0027107	26	0	5	28	29	14
FBGN0052816	103	134	167	111	122	131
FBGN0029529	522	666	616	712	538	552
FBGN0029868	2714	3514	3855	3355	3450	2991
FBGN0031055	52	57	34	99	66	108
FBGN0027259	1787	2071	2069	2909	2744	2445
FBGN0262536	0	1	12	3	0	2
FBGN0030543	41	19	18	31	19	31
FBGN0029713	1666	1846	1948	1456	1527	1235
FBGN0029705	22	33	9	21	40	14
FBGN0000092	41	60	53	54	25	48
FBGN0053223	17	2	1	6	0	7
FBGN0030642	19	46	34	14	42	25
FBGN0259722	295	415	200	584	524	457
FBGN0004646	21935	24764	25947	25143	24475	23777
FBGN0260938	23577	24754	25306	17902	18351	16249
FBGN0029580	26	32	12	20	14	10
FBGN0052601	2	12	17	5	16	12
FBGN0029751	118	62	39	36	78	47
FBGN0030474	2092	1946	1964	1888	2014	1637
FBGN0003965	4	22	11	24	36	53
FBGN0031041	829	983	1065	1008	1194	842
FBGN0083228	12	34	4	44	29	11
FBGN0030830	40	6	12	35	11	8
FBGN0085367	7	3	3	0	1	7
FBGN0284435	3344	4486	3762	2558	2403	2506
FBGN0029643	18	5	9	35	23	7
FBGN0031082	2	6	0	21	5	19
FBGN0030323	692	894	809	619	554	492
FBGN0031030	29184	30637	32594	22750	22673	20645
FBGN0030410	351	599	431	490	526	451
FBGN0004959	323	114	134	239	311	219
FBGN0021764	34051	36922	36374	31116	29175	27147
FBGN0031049	2836	3632	3459	3917	4323	3452
FBGN0263994	181	97	46	138	124	61
FBGN0030595	2	10	6	9	24	22
FBGN0000316	2419	3233	3229	4015	3749	3484
FBGN0021742	32	27	13	32	11	28
FBGN0010303	9298	9512	9995	7072	7460	6984
FBGN0030321	13039	15731	14528	21570	21140	18890
FBGN0040892	6	2	1	5	0	4
FBGN0025631	499	606	617	422	407	290
FBGN0029940	13	4	1	10	12	9
FBGN0284233	17	0	6	10	4	7
FBGN0085479	282	298	257	161	181	169
FBGN0260868	0	2	12	0	0	2
FBGN0030998	24	29	33	28	41	25
FBGN0052649	1133	1333	1574	1563	1361	1319
FBGN0031181	26	40	16	18	0	21
FBGN0030108	10	15	21	26	37	53
FBGN0028360	2266	2550	2565	1934	2161	1808
FBGN0030437	42	18	12	45	58	39
FBGN0029866	738	674	983	617	449	505
FBGN0030905	7	15	18	21	17	9
FBGN0031168	75	86	105	18	33	51
FBGN0065032	27	26	7	32	54	63
FBGN0030222	42	40	31	36	27	59
FBGN0040363	31	14	5	24	35	31
FBGN0030661	11	24	35	25	35	19
FBGN0029666	3688	4170	4308	3615	3589	3263
FBGN0267050	0	2	4	0	0	0
FBGN0030384	15	20	9	11	21	20
FBGN0031129	29	11	2	27	24	12
FBGN0030343	1962	2192	2632	2544	2320	2003
FBGN0028583	22	0	24	0	35	7
FBGN0030409	23	4	10	34	8	19
FBGN0030521	5033	5615	5574	6051	5785	5266
FBGN0003116	71	125	184	239	270	215
FBGN0288735	4	0	0	6	4	0
FBGN0283657	40419	43610	41869	34160	33435	30344
FBGN0053236	0	1	0	0	1	0
FBGN0025633	15663	17815	18081	12083	11877	10513
FBGN0261085	68	12	11	37	21	12
FBGN0262874	6	5	6	0	1	0
FBGN0030374	0	0	0	0	0	7
FBGN0085352	0	1	0	6	8	10
FBGN0003514	7023	8335	8134	10227	9106	8107
FBGN0030647	14	28	8	22	10	54
FBGN0030675	305	457	367	337	381	370
FBGN0052651	4	8	14	8	12	23
FBGN0030334	94	43	31	389	215	320
FBGN0264738	14	22	5	4	19	10
FBGN0261573	15058	15756	17437	10480	10324	9051
FBGN0260238	11	14	10	33	15	24
FBGN0000644	117	110	37	88	75	74
FBGN0031101	64	15	4	0	6	18
FBGN0030981	5	6	17	15	12	6
FBGN0040370	53	23	10	13	38	15
FBGN0040342	4	27	16	0	6	8
FBGN0030156	9	16	42	20	26	25
FBGN0030975	25	11	0	28	21	23
FBGN0287595	1	9	0	2	0	0
FBGN0027296	558	444	641	327	442	431
FBGN0030039	499	577	616	616	564	488
FBGN0029765	3	0	13	4	14	2
FBGN0262487	26	11	17	11	11	27
FBGN0024996	2001	2003	2149	2688	2315	2164
FBGN0015245	22807	26802	29833	23833	21646	20248
FBGN0086674	4955	5781	5031	4367	4256	4185
FBGN0288744	2	2	0	2	0	0
FBGN0030745	255	255	431	362	350	222
FBGN0053639	13	11	1	11	22	51
FBGN0003028	28703	28884	31432	20772	19868	18842
FBGN0030177	4546	5223	5045	5749	6763	5513
FBGN0031103	1	2	0	0	3	1
FBGN0029834	130	93	128	113	193	121
FBGN0030899	8	6	0	5	4	8
FBGN0052533	2330	2627	3167	2356	2307	2074
FBGN0030483	12	7	9	7	0	1
FBGN0014024	6735	8162	8078	5809	5706	5006
FBGN0029785	57407	67310	66159	64659	61481	52632
FBGN0025630	1658	2013	2208	1716	1798	1698
FBGN0259171	2585	2588	2665	2361	2150	2014
FBGN0264270	22116	23620	24479	23117	22614	20979
FBGN0265597	84	101	37	155	112	112
FBGN0030055	1503	1647	1563	1493	1109	1171
FBGN0030067	4562	5229	5136	6333	5717	5344
FBGN0030664	0	16	3	10	9	5
FBGN0029658	29	5	11	6	6	7
FBGN0004654	4886	5178	5830	3785	3606	3287
FBGN0031115	2430	2768	2374	4747	4910	4093
FBGN0040918	2529	2802	2884	2686	2588	2431
FBGN0267047	3	2	2	21	17	28
FBGN0029997	1932	1922	2565	1152	1491	1253
FBGN0030370	17	23	1	6	5	1
FBGN0030881	2	13	1	23	9	17
FBGN0030828	7	33	10	32	31	26
FBGN0085353	87	9	55	20	69	69
FBGN0029690	26	16	115	112	33	21
FBGN0029816	0	0	11	18	9	9
FBGN0023512	3351	3947	4260	4142	4027	3768
FBGN0030562	3	7	14	26	14	9
FBGN0027358	577	567	538	487	512	461
FBGN0026874	60	41	53	18	11	38
FBGN0029820	1958	2105	1926	2038	2026	1681
FBGN0030274	3528	3753	4403	3076	2947	2556
FBGN0023541	51	55	93	56	29	38
FBGN0029977	11	28	12	39	20	14
FBGN0001105	8729	10049	10303	9735	8879	8552
FBGN0031183	1136	1339	1386	1432	1453	1205
FBGN0030091	5661	6099	6549	5455	4670	4786
FBGN0014411	5367	6247	6421	6343	5548	5331
FBGN0000709	5079	5475	6287	4716	4605	4086
FBGN0040340	9634	10534	11080	11214	10185	9382
FBGN0262608	0	0	13	3	0	0
FBGN0260450	4672	4799	5581	4480	4154	3788
FBGN0052579	868	1064	1025	1545	1312	1146
FBGN0030733	2298	2438	2094	2603	2755	2590
FBGN0262740	4600	4941	4706	3092	3273	2672
FBGN0053497	2676	2455	3447	2183	1978	2042
FBGN0004924	21944	24970	24127	22157	21614	18532
FBGN0030100	707	611	577	778	671	645
FBGN0004643	4314	5212	5029	4769	3815	3408
FBGN0267001	46878	51198	52741	33226	29704	29449
FBGN0261803	170	424	352	430	323	297
FBGN0031012	11	30	12	57	56	102
FBGN0259166	2600	2350	2835	1630	1703	1538
FBGN0001079	2686	2356	3010	2428	2033	1989
FBGN0029686	4091	3918	3674	4028	4296	4117
FBGN0030573	120	190	105	182	112	170
FBGN0003053	703	1109	1339	1316	1087	1061
FBGN0266572	8009	9190	10075	7774	6933	6261
FBGN0014340	4241	4955	4784	4145	4260	3734
FBGN0001341	9415	10690	10252	9927	9635	8658
FBGN0263072	170	108	119	131	137	97
FBGN0030578	15	0	20	7	13	12
FBGN0004860	33439	32756	37532	22807	19886	18618
FBGN0010329	39	47	42	32	50	40
FBGN0030052	1631	1912	2064	1041	1056	966
FBGN0030788	1977	1802	2290	2319	2529	2394
FBGN0053245	2	1	0	0	0	0
FBGN0030003	2289	2624	2724	3290	2325	2465
FBGN0003964	4882	4551	5446	3859	3736	3501
FBGN0030928	1	10	0	5	2	29
FBGN0267045	4	5	3	24	21	20
FBGN0024361	24	21	9	48	2	10
FBGN0025629	1701	1791	1973	2110	1908	1700
FBGN0031108	9	7	8	0	2	17
FBGN0011770	1917	1948	2045	1774	1981	1914
FBGN0029771	422	282	653	480	356	225
FBGN0030412	4786	5178	4834	4038	3967	3615
FBGN0052554	214	277	230	334	380	184
FBGN0262609	0	0	0	12	0	0
FBGN0261570	13442	14141	14109	10246	9569	9074
FBGN0027528	11557	11684	11672	9407	9123	8223
FBGN0020909	2008	2418	2275	2886	2772	2744
FBGN0030344	7424	8355	8306	8623	8548	7486
FBGN0031062	3201	4024	4166	4410	3920	3531
FBGN0030809	22099	22904	23830	21467	18964	18998
FBGN0263111	348	235	174	414	417	361
FBGN0004367	5185	5749	5612	6131	5826	5317
FBGN0030056	2476	2763	2569	2111	2272	2023
FBGN0030955	9148	10449	11392	12718	11184	10580
FBGN0029133	7203	7337	8084	11147	11041	9172
FBGN0030514	3804	3929	4389	4055	3868	3588
FBGN0003159	1113	1098	953	1391	1432	1402
FBGN0030038	4733	4951	5219	4815	4650	4388
FBGN0003638	20478	21404	23022	15843	15544	14638
FBGN0003390	10223	11115	11309	7002	7438	6543
FBGN0031195	1141	1444	1480	1014	1076	1049
FBGN0030013	434	562	510	366	469	303
FBGN0086448	1003	1236	1066	1225	1363	1378
FBGN0040923	0	20	17	6	3	7
FBGN0031077	4698	4797	5601	3401	3573	3137
FBGN0003086	44	36	19	14	67	35
FBGN0029944	4646	4936	4838	4171	3968	3945
FBGN0030757	3315	3810	3830	2319	2768	2623
FBGN0029596	57	57	59	30	63	38
FBGN0011277	26	14	2	8	8	8
FBGN0031023	18893	18882	20454	12265	11611	11325
FBGN0030706	102	68	80	111	68	56
FBGN0262980	0	0	2	0	0	0
FBGN0020272	1644	1881	1884	1603	1730	1594
FBGN0030695	1744	1844	1919	2486	2505	2090
FBGN0030468	3870	4125	4353	4870	4846	4590
FBGN0030524	12	6	4	86	103	68
FBGN0030421	161	79	139	10	26	12
FBGN0040649	1	0	6	5	7	0
FBGN0029518	27	33	0	27	15	20
FBGN0026575	53659	57024	57200	39535	38223	35390
FBGN0031051	7060	7560	8548	5697	5613	5238
FBGN0259190	16	18	15	20	43	23
FBGN0266435	42	26	15	43	49	12
FBGN0003559	5983	6115	6418	6674	7108	6209
FBGN0283741	1851	2002	2140	2366	2183	2138
FBGN0030164	30	11	16	10	18	13
FBGN0052820	171	52	68	84	135	97
FBGN0053667	48	49	72	43	57	38
FBGN0052507	3	5	3	9	17	12
FBGN0004957	1047	1182	1285	1410	1236	1260
FBGN0030994	33	14	2	37	14	15
FBGN0029890	497	625	909	544	654	571
FBGN0266647	3	0	4	10	3	6
FBGN0288730	0	3	0	6	0	25
FBGN0026060	1426	1861	1737	1690	1518	1528
FBGN0031047	7784	8344	9306	7639	7064	6381
FBGN0263748	21	20	26	23	12	23
FBGN0052811	35	16	30	29	40	22
FBGN0262607	18	8	17	0	12	11
FBGN0031176	7	0	0	0	6	3
FBGN0285954	7988	9995	8106	11377	9248	8405
FBGN0262486	13	10	0	5	15	6
FBGN0030949	30	8	15	42	14	4
FBGN0041210	5159	5401	5873	3697	3871	3588
FBGN0024983	2490	2813	3235	2977	3015	2523
FBGN0003392	12372	13112	13727	10198	9755	9318
FBGN0030696	791	920	835	653	721	563
FBGN0030970	1072	1180	1567	929	884	952
FBGN0027087	4335	5012	4814	5040	4758	4620
FBGN0250904	64	48	30	30	25	29
FBGN0022942	11092	11638	12603	10108	9342	8524
FBGN0030028	24	23	15	134	86	100
FBGN0052792	36	48	16	40	38	41
FBGN0025644	80	25	13	41	19	27
FBGN0030599	8	13	3	11	11	12
FBGN0030892	2396	2576	3085	2573	2241	1951
FBGN0029950	52	64	72	13	62	57
FBGN0030739	1825	1806	1913	1800	1534	1480
FBGN0052536	1359	1755	2079	1093	1105	1091
FBGN0029645	45	8	19	8	23	41
FBGN0030999	50	12	80	435	232	251
FBGN0085356	12	41	14	9	20	23
FBGN0267163	57	105	144	157	104	64
FBGN0029888	1976	2164	2440	2092	1880	1627
FBGN0085387	82	14	32	22	31	71
FBGN0288745	0	4	0	5	3	3
FBGN0029755	4681	5159	5641	6376	6067	5561
FBGN0029853	346	380	474	507	473	537
FBGN0053664	9	32	14	19	37	28
FBGN0029894	2112	2162	2702	1701	1404	1450
FBGN0031032	68	102	94	182	87	129
FBGN0030065	2953	3927	3753	2589	2178	2181
FBGN0030407	471	454	389	350	388	316
FBGN0014464	2	14	28	37	33	20
FBGN0053557	1	2	0	4	15	6
FBGN0030668	331	192	261	280	347	206
FBGN0000520	2061	2203	2423	1540	1644	1507
FBGN0031134	23	13	8	12	2	8
FBGN0029539	13	5	15	42	11	10
FBGN0030641	2914	3138	3059	2439	2617	2262
FBGN0029857	2348	2277	2969	1944	2085	1824
FBGN0023521	924	1109	1187	1647	1499	1219
FBGN0029892	351	455	451	608	501	491
FBGN0284442	9089	9712	11675	7551	7187	6604
FBGN0040319	1127	1457	1526	3103	2474	2449
FBGN0030097	48	52	32	3	17	53
FBGN0000617	2532	2457	2708	2536	2723	2396
FBGN0260873	7	6	0	0	8	3
FBGN0085437	5984	6257	6549	5749	4747	4778
FBGN0064116	5453	6598	7052	6529	6260	5721
FBGN0030628	616	769	776	1019	901	685
FBGN0030780	31	18	16	36	37	22
FBGN0030961	75	124	85	127	162	88
FBGN0030894	2872	3343	3173	2766	2396	2242
FBGN0000536	3235	3466	3780	2964	2751	2822
FBGN0030508	50	27	11	36	23	43
FBGN0030027	1733	2111	2181	1221	1264	1010
FBGN0030394	43	54	33	21	22	29
FBGN0259734	1861	1773	1697	1333	995	818
FBGN0029955	29	10	29	21	39	15
FBGN0262686	0	0	1	0	3	1
FBGN0011280	17	4	4	0	3	9
FBGN0028342	7889	9239	9171	10669	12312	9872
FBGN0040368	15	8	31	24	17	41
FBGN0040347	1278	1311	1593	1373	1231	1136
FBGN0027287	3214	3292	3951	2208	2204	2228
FBGN0015288	119537	128701	150453	88999	80274	73311
FBGN0030624	10	5	1	1	6	11
FBGN0030016	40	7	13	34	16	20
FBGN0029963	17	10	13	1	40	9
FBGN0022768	10546	10604	10748	7883	8008	7465
FBGN0052529	19010	19921	19842	13565	13370	12652
FBGN0031099	860	1009	1315	826	731	579
FBGN0030163	16	18	4	9	25	16
FBGN0030834	2212	2058	2802	2346	2350	1906
FBGN0030693	8375	10021	10890	11162	10836	10007
FBGN0029724	39	8	14	6	4	17
FBGN0029703	32	12	21	30	35	22
FBGN0030396	671	823	703	877	761	765
FBGN0264542	248	234	228	163	239	179
FBGN0285944	231	177	139	235	291	240
FBGN0030878	3471	3675	4345	6079	5995	5371
FBGN0000084	691	958	1167	951	914	779
FBGN0040389	654	953	884	1435	1203	832
FBGN0052573	48	63	7	125	108	44
FBGN0000377	4367	4958	5148	5915	5012	4733
FBGN0030010	689	539	581	480	393	438
FBGN0029873	2850	3048	3141	4303	3878	3873
FBGN0031114	3857	4916	4999	6018	6487	5485
FBGN0030634	6	16	6	14	17	21
FBGN0030484	1140	901	1337	614	478	644
FBGN0260658	52	51	17	104	43	24
FBGN0052686	27	37	44	31	23	42
FBGN0003079	3563	3676	3827	3399	3062	2834
FBGN0023216	2950	3268	3745	3170	2980	2465
FBGN0030613	235	78	56	157	92	101
FBGN0286508	1683	1918	1911	1432	1443	1326
FBGN0266848	4351	5288	5395	4070	4194	4165
FBGN0011576	66	135	61	115	57	96
FBGN0013432	864	958	842	1959	1994	1613
FBGN0052495	6524	6680	7542	6999	6448	6122
FBGN0011826	8872	9447	10808	7531	6813	6277
FBGN0030259	12	11	2	14	12	7
FBGN0025838	0	6	2	35	1	10
FBGN0266050	84	87	56	95	63	65
FBGN0052499	16889	15316	18488	17937	17092	15527
FBGN0021738	11	14	13	36	38	27
FBGN0030625	2027	1919	2147	2518	1963	1814
FBGN0040396	1840	1995	1916	2327	2676	2033
FBGN0010194	10206	11359	11530	8187	8275	7544
FBGN0024998	2951	3209	3380	3576	3755	3042
FBGN0031043	1478	1776	1782	1943	1896	1564
FBGN0029642	7	20	0	20	27	17
FBGN0052591	30	9	5	26	40	27
FBGN0031020	12674	14932	16333	13361	12771	11604
FBGN0029887	5264	5084	5344	4521	4224	4189
FBGN0030674	75056	77070	79693	49891	47571	44568
FBGN0030847	1793	1984	1822	1370	1587	1329
FBGN0053517	60	15	7	44	38	33
FBGN0029952	10	2	0	0	1	0
FBGN0030049	15484	16558	17224	12881	12239	11277
FBGN0052681	48	61	58	61	102	35
FBGN0030063	2047	2674	2736	2806	2969	2201
FBGN0003277	41606	46917	45910	51663	48404	45496
FBGN0030018	7000	7554	7471	6903	6337	5949
FBGN0030191	10	1	16	5	20	29
FBGN0040028	164	59	73	100	164	134
FBGN0029903	18903	21534	21997	16852	16081	15073
FBGN0022710	1786	1968	2108	1723	1492	1392
FBGN0014032	1367	1373	1541	1644	1490	1263
FBGN0259789	60387	59196	61505	44394	38777	35670
FBGN0030938	14	17	21	20	23	31
FBGN0030663	4	8	14	0	4	0
FBGN0030724	2019	2253	1812	2590	2082	2009
FBGN0025383	8	21	13	40	6	13
FBGN0259700	4022	4252	4062	3500	3389	3069
FBGN0030574	83	34	29	43	68	39
FBGN0017418	3589	3728	3360	3026	3048	3033
FBGN0023508	3132	3683	3729	2114	2498	2157
FBGN0052654	23208	27035	26927	18658	17807	17265
FBGN0262900	105	70	36	54	47	45
FBGN0030761	1107	1270	1421	1154	1203	1086
FBGN0052793	21	46	34	75	29	34
FBGN0053665	43	15	74	42	63	32
FBGN0040784	0	0	4	0	0	6
FBGN0040350	43	24	49	167	204	109
FBGN0267046	5	0	1	7	4	1
FBGN0004598	16310	19199	18288	14236	13563	12956
FBGN0001330	3555	4428	3571	4301	4031	3508
FBGN0052803	843	1125	1162	1462	1102	1106
FBGN0030598	699	929	851	967	851	890
FBGN0026411	29	76	127	2	21	4
FBGN0030151	10565	12077	12971	9541	8756	7646
FBGN0000163	9600	10369	11245	7447	7191	6359
FBGN0028325	5134	6178	5879	5821	5887	5200
FBGN0286809	5913	6119	6474	5080	4681	4253
FBGN0030823	27	10	0	29	34	5
FBGN0283433	1332	1092	1322	1084	1162	1141
FBGN0261834	20	0	9	10	18	10
FBGN0030449	165	239	105	117	101	62
FBGN0030268	17670	18683	20739	15692	15423	13568
FBGN0030509	4	6	18	47	10	12
FBGN0285879	1281	1629	2167	887	1038	795
FBGN0030985	14	37	29	14	32	21
FBGN0030791	2866	3495	3653	3106	3092	2761
FBGN0029740	36	9	0	16	13	14
FBGN0030291	554	765	660	1057	1007	838
FBGN0030510	165	152	208	203	193	126
FBGN0029719	79	71	61	29	54	53
FBGN0040031	53	38	19	47	23	25
FBGN0040348	26	21	49	57	42	19
FBGN0029689	423	627	624	519	508	401
FBGN0027864	297	473	424	450	550	451
FBGN0016038	1803	2115	2028	2016	1999	1871
FBGN0030048	331	303	429	412	508	428
FBGN0030366	16434	19241	19438	15751	14147	12671
FBGN0029789	1321	1365	1358	1231	1061	966
FBGN0030278	4	0	0	0	17	7
FBGN0027291	8368	8205	9424	7084	6804	6187
FBGN0040346	1679	1732	1737	1961	1699	1526
FBGN0259699	6554	6242	6214	4945	4928	4442
FBGN0030318	6320	6688	7596	8955	8517	7697
FBGN0052640	4584	5715	5239	12973	11735	9853
FBGN0044872	59	9	9	57	25	41
FBGN0029863	1369	1929	1186	1692	1449	1441
FBGN0031065	13	16	13	10	29	17
FBGN0029594	956	1498	1191	1453	1296	1130
FBGN0030556	5420	6312	6232	6607	6232	5344
FBGN0030499	1654	1922	2284	1546	1497	1172
FBGN0027588	39317	42228	46195	34889	33677	30512
FBGN0029648	592	654	800	790	832	715
FBGN0040069	45	12	7	6	15	6
FBGN0029939	1522	2038	1977	1008	1144	945
FBGN0040345	20	20	0	10	2	3
FBGN0264562	14218	23741	9098	30292	27982	32508
FBGN0261955	5059	5893	6425	5427	5230	4660
FBGN0062565	56	35	34	74	22	17
FBGN0030913	15	14	9	14	14	6
FBGN0028369	898	796	911	758	535	619
FBGN0014395	33	18	25	39	51	14
FBGN0030648	10428	12034	11448	10196	8841	8751
FBGN0029813	20	16	30	79	33	47
FBGN0053244	2	1	0	0	0	0
FBGN0030519	3763	4041	4634	3645	3201	2983
FBGN0030528	344	340	583	442	397	368
FBGN0000499	5329	5965	6778	4802	4507	3805
FBGN0031187	6689	7610	6603	6532	6270	5385
FBGN0000330	2498	2990	3053	3094	3063	2516
FBGN0040377	14	3	13	8	35	31
FBGN0040650	89	81	125	122	92	114
FBGN0010380	10935	13585	13871	10789	10770	9265
FBGN0011834	4	11	0	27	17	3
FBGN0261930	67	67	36	50	65	44
FBGN0030162	12	12	0	6	7	22
FBGN0014031	45	31	45	192	188	156
FBGN0030612	425	406	477	355	345	301
FBGN0024997	37	19	19	18	30	18
FBGN0030863	2052	2191	2196	2749	2733	2400
FBGN0266490	696	782	695	1092	1131	917
FBGN0262699	1922	1923	2328	1649	1636	1587
FBGN0030358	49	31	31	39	89	33
FBGN0030525	35	10	23	41	11	6
FBGN0052641	4892	6040	5429	13717	12725	10598
FBGN0052712	17	22	26	16	10	16
FBGN0045502	18	4	3	40	14	26
FBGN0259101	113	76	123	65	114	74
FBGN0030196	671	806	671	450	674	416
FBGN0003463	5619	5968	6159	5953	5333	5281
FBGN0003416	2880	3501	3244	3617	3108	3055
FBGN0030605	1567	1565	1789	1627	1730	1499
FBGN0004045	44	16	4	26	37	32
FBGN0261244	1968	1949	2163	1416	1291	1252
FBGN0052808	339	230	413	145	131	140
FBGN0030587	13	40	14	32	11	35
FBGN0029656	63	2	29	28	8	20
FBGN0267049	0	2	7	0	0	0
FBGN0031104	2	8	4	0	0	0
FBGN0010019	44	43	23	78	83	43
FBGN0014903	384	622	461	438	455	443
FBGN0030654	234	180	365	136	210	161
FBGN0264502	101	156	173	144	117	138
FBGN0029659	47	24	25	26	16	21
FBGN0002709	3859	4441	4477	3338	3213	2897
FBGN0030247	24	5	8	4	6	26
FBGN0002577	155	233	206	117	177	139
FBGN0003285	5465	6224	6822	4165	3857	3344
FBGN0001612	5164	6527	6169	5598	5733	5107
FBGN0040357	6	0	7	12	22	12
FBGN0030328	27036	28336	28388	25794	24411	21771
FBGN0023524	69	65	34	14	39	51
FBGN0004511	159	212	196	189	80	111
FBGN0030004	802	1140	1257	646	821	697
FBGN0085451	27466	28645	30542	23082	19753	19906
FBGN0052755	16	25	57	25	14	25
FBGN0026374	4811	4852	4799	3670	3727	3356
FBGN0031189	963	1326	1382	1209	1014	920
FBGN0003204	10097	11115	11934	9539	8263	8138
FBGN0030500	2649	2675	2858	2255	2030	1701
FBGN0044047	28	62	53	127	109	173
FBGN0029833	3648	3464	3228	3695	3427	2832
FBGN0030871	2285	2583	2706	2738	2888	2430
FBGN0031127	38	57	41	61	31	40
FBGN0030349	5451	5764	6432	5271	4351	4232
FBGN0030141	4275	4359	5181	4260	4050	3713
FBGN0013720	4917	5300	5860	5021	5444	4754
FBGN0052704	36	26	2	20	41	43
FBGN0027106	109	70	94	86	120	86
FBGN0000233	52	126	443	42	38	37
FBGN0030012	1045	1116	1089	667	882	797
FBGN0053246	2	0	0	0	1	0
FBGN0052791	306	332	285	627	628	577
FBGN0024360	1215	1195	1329	1134	1146	944
FBGN0029860	436	461	518	516	737	609
FBGN0043001	3082	2962	3891	3013	2754	2476
FBGN0026149	3403	3852	4324	3034	2906	2621
FBGN0031033	44	36	10	32	60	25
FBGN0030398	19	14	11	39	44	29
FBGN0024973	4151	4761	5454	6026	5437	4761
FBGN0052669	448	553	703	564	436	377
FBGN0030359	263	215	230	130	139	99
FBGN0025382	881	711	1072	631	765	411
FBGN0030457	1988	2532	2394	2714	2492	2132
FBGN0030836	72	23	29	11	43	30
FBGN0030753	4189	4485	4926	4230	3958	3626
FBGN0061200	41334	43949	44603	35507	33639	31474
FBGN0000117	62784	70226	72337	51970	49724	45876
FBGN0030477	40	23	14	27	9	21
FBGN0030200	5	6	2	0	16	0
FBGN0029649	16	2	5	20	0	17
FBGN0029702	32	17	10	17	15	30
FBGN0029733	15	38	2	14	24	33
FBGN0031169	45	51	40	45	82	36
FBGN0031097	5135	4987	6049	5685	5809	5069
FBGN0003300	15	14	26	10	24	25
FBGN0030257	13	0	30	19	3	4
FBGN0028550	1841	1277	1611	911	777	721
FBGN0040375	618	522	844	530	481	385
FBGN0030300	147	153	166	95	185	153
FBGN0030996	3311	3815	3756	3633	3149	2904
FBGN0040089	244	150	167	242	214	258
FBGN0023511	4103	5146	4747	3855	3834	3592
FBGN0030610	860	750	877	1137	1236	934
FBGN0261703	90	74	98	132	218	160
FBGN0287725	24510	26639	26165	19457	19190	17613
FBGN0030719	19389	19931	19123	22350	22207	20332
FBGN0040385	29	12	18	20	37	8
FBGN0087008	31992	33667	36607	22456	22149	20803
FBGN0028421	4018	4437	4237	4178	3908	3583
FBGN0030342	2111	2604	3056	2716	2807	2458
FBGN0031059	1018	1034	1281	887	999	718
FBGN0003380	150	106	58	111	93	83
FBGN0267977	1469	1398	1305	1208	1121	1064
FBGN0259926	78	4	14	10	26	14
FBGN0029809	71	90	58	127	75	27
FBGN0030347	11	24	13	22	21	21
FBGN0029608	12	26	34	2	18	27
FBGN0052568	6	14	17	10	19	3
FBGN0030286	4712	5192	5636	4261	4123	3826
FBGN0031146	24	35	19	0	4	16
FBGN0029729	11	5	6	0	15	3
FBGN0030429	199	157	117	120	117	122
FBGN0030158	0	4	0	2	11	15
FBGN0030925	853	1265	1154	1035	972	806
FBGN0052679	6	20	11	21	12	10
FBGN0015336	58	38	35	37	58	34
FBGN0044817	4	9	0	14	8	22
FBGN0030991	3521	3913	3948	4239	3981	3537
FBGN0029830	1538	2106	2002	1773	1645	1464
FBGN0030640	3030	3144	3766	2077	1846	1781
FBGN0031201	40	18	19	44	22	23
FBGN0030887	42	27	33	62	70	30
FBGN0024807	14436	15299	14951	12956	12777	11462
FBGN0025463	13066	14527	15624	14048	14078	11987
FBGN0030838	3110	3745	3943	4065	3489	3306
FBGN0086782	28	0	0	27	29	18
FBGN0029697	47	50	75	182	105	116
FBGN0054026	0	1	0	0	7	7
FBGN0031174	5170	5361	5619	3829	4099	3764
FBGN0027621	3974	4407	4769	3386	3364	2803
FBGN0030326	193	763	127	1107	900	1063
FBGN0000542	58403	59717	60642	33566	31994	30415
FBGN0031058	13	10	0	38	27	13
FBGN0263993	34940	35441	34832	25556	25953	23951
FBGN0261549	2844	3041	2980	2163	2106	1815
FBGN0260747	1752	1829	2313	2207	2260	1913
FBGN0029590	2	17	10	9	39	7
FBGN0052772	4547	5054	5398	3325	2981	2796
FBGN0031074	3	8	1	6	4	3
FBGN0259242	356	349	531	446	373	335
FBGN0283473	2714	2311	2747	2227	2097	1903
FBGN0025632	415	471	378	226	268	224
FBGN0030204	12	38	13	43	36	25
FBGN0029840	7536	7857	8911	5746	5158	5311
FBGN0261675	33	32	21	27	86	22
FBGN0030425	51	27	30	37	28	30
FBGN0030206	2199	2707	2945	2214	2221	1980
FBGN0025679	17	6	15	38	8	6
FBGN0024366	1693	1541	1763	2364	1780	1732
FBGN0030583	10	11	27	5	0	8
FBGN0023549	137	141	79	689	687	577
FBGN0030266	25333	27296	29174	17994	16777	15663
FBGN0029976	2621	3311	3235	7879	7588	6778
FBGN0029928	1616	1357	1836	1322	1307	1142
FBGN0085464	12	9	0	0	13	8
FBGN0030577	29	0	22	0	2	15
FBGN0027602	6884	8106	8464	7480	7334	6565
FBGN0262485	4	0	8	5	14	8
FBGN0031190	2783	3083	3023	2307	2176	2151
FBGN0002576	66	45	158	68	50	31
FBGN0029795	15	20	23	21	11	23
FBGN0030801	726	747	860	931	634	618
FBGN0030077	4385	5087	5390	2481	2522	2395
FBGN0052574	28	24	12	36	50	16
FBGN0030572	506	828	720	996	967	843
FBGN0030482	2023	1982	2362	916	849	866
FBGN0030350	743	985	904	974	1191	858
FBGN0039943	3004	2967	3151	2962	2903	2572
FBGN0052600	31	27	6	16	46	9
FBGN0052683	87	23	28	29	33	43
FBGN0267044	3	2	6	17	5	1
FBGN0264386	249	137	114	265	191	157
FBGN0040341	6	8	7	26	8	8
FBGN0029644	20	2	11	16	21	6
FBGN0010341	9976	10373	11366	8301	7850	7208
FBGN0030092	439	449	450	578	538	375
FBGN0030904	45	37	7	40	74	20
FBGN0052703	83	26	37	51	18	83
FBGN0005427	4581	5388	5040	5081	4579	4131
FBGN0263997	33	11	33	37	18	17
FBGN0025390	698	454	429	564	652	757
FBGN0039941	181	99	126	126	102	141
FBGN0069938	5	7	4	10	0	5
FBGN0030792	2218	3137	3141	3311	2595	2520
FBGN0014455	12104	13109	15657	15437	13699	12116
FBGN0053178	26	27	14	14	7	24
FBGN0052857	2552	2807	2772	2873	3202	2335
FBGN0026144	14798	17145	15264	15177	15388	13810
FBGN0040514	15	43	0	24	44	27
FBGN0030354	8924	9656	11166	7635	6679	6233
FBGN0031107	23991	26223	28529	17796	17141	16191
FBGN0025388	7115	7194	6730	5776	5567	4751
FBGN0287828	235	127	141	254	169	107
FBGN0029826	303	531	410	584	456	490
FBGN0030759	323	277	147	369	348	338
FBGN0028327	18580	21133	20825	16704	16564	14826
FBGN0024989	11079	11766	13597	11836	10884	10094
FBGN0040355	13	4	65	29	10	12
FBGN0053513	169	88	70	106	79	71
FBGN0030459	103	101	45	28	60	63
FBGN0023525	26	39	22	52	46	53
FBGN0027108	50451	53404	56860	58086	54796	50531
FBGN0005411	7994	9022	9394	9298	9025	7583
FBGN0030930	4715	5594	5618	4752	3461	3546
FBGN0029736	3358	3531	4144	3171	3065	2716
FBGN0030622	3	6	12	18	17	3
FBGN0030864	4146	3756	3846	4093	3920	3679
FBGN0031045	18	44	70	6	29	17
FBGN0010416	6264	6366	7034	7324	6959	6266
FBGN0026080	2202	1938	2223	2150	1982	1831
FBGN0284227	392	515	337	548	489	520
FBGN0030090	876	860	651	565	530	455
FBGN0040236	3611	3802	4545	5844	5096	4672
FBGN0266570	6705	7319	7638	7903	8395	7566
FBGN0053181	1211	1311	973	1052	1093	907
FBGN0031157	18	33	6	10	0	60
FBGN0030997	26	22	29	42	10	24
FBGN0083979	20	16	13	13	16	8
FBGN0030352	547	921	797	850	964	765
FBGN0264449	3046	3781	3339	2452	2073	2074
FBGN0015615	11280	11930	12552	10221	9631	8309
FBGN0027564	545	654	584	552	558	498
FBGN0030833	2291	2653	2476	1866	2094	1648
FBGN0023529	30304	34869	33205	32467	31361	28660
FBGN0030554	746	963	1308	707	1074	718
FBGN0025637	11759	13491	13740	12416	12670	10243
FBGN0000022	1528	1547	1811	1638	1632	1206
FBGN0052823	1089	937	1271	882	885	938
FBGN0023526	3036	2873	2926	2061	1817	1835
FBGN0030081	2179	2841	2582	2679	2868	2341
FBGN0003210	7167	8414	7798	6899	6955	6159
FBGN0029708	92	92	82	67	74	46
FBGN0029524	572	668	859	535	623	499
FBGN0029951	20	44	51	3	29	28
FBGN0052706	230	311	384	422	390	221
FBGN0030518	909	964	1089	1283	1072	844
FBGN0023535	30	63	74	29	50	67
FBGN0052762	14	6	4	17	16	140
FBGN0030748	27	7	16	73	54	45
FBGN0031016	17663	19195	20085	11517	10793	10955
FBGN0030215	83	70	126	40	55	44
FBGN0030744	2362	2799	2849	2553	2305	1989
FBGN0052675	1317	1419	1218	1321	1337	1127
FBGN0052603	134	93	99	151	49	46
FBGN0029878	4458	4717	5059	4424	3765	3734
FBGN0030701	7662	8737	9653	7361	6357	6464
FBGN0030672	13098	15002	16392	13528	13323	12119
FBGN0030493	127	301	189	367	307	307
FBGN0031060	1352	1466	1805	1042	972	942
FBGN0004170	2521	2817	2933	2646	2398	2196
FBGN0030969	4202	4207	4476	4451	4594	3856
FBGN0259741	199	109	89	60	46	77
FBGN0052551	0	2	0	8	0	0
FBGN0003714	2529	2514	2772	3048	3138	2620
FBGN0260400	2713	2903	3467	2047	1948	1921
FBGN0003023	61	33	42	63	54	68
FBGN0004648	14341	15343	16127	12767	12757	11795
FBGN0004832	3493	3016	3811	3365	3471	2901
FBGN0025626	7011	6568	7710	5895	5254	4902
FBGN0024251	4614	5201	5139	4825	4930	4406
FBGN0026083	30671	31246	33041	22359	20993	19734
FBGN0030735	4467	5377	4727	4302	4101	3873
FBGN0014391	3387	4431	4108	6787	5802	5260
FBGN0040365	13	9	0	5	0	1
FBGN0030611	898	1128	1203	1916	1859	1770
FBGN0040397	6264	6942	7034	5513	5859	5153
FBGN0288833	2225	2759	2771	3790	3306	2777
FBGN0040906	75	48	72	45	55	41
FBGN0030725	67	16	48	25	35	42
FBGN0027521	6230	7028	6910	6170	5735	5098
FBGN0031188	1004	1191	1439	1135	1104	1099
FBGN0261624	1	3	1	16	5	2
FBGN0023215	10487	12759	10533	11087	10986	9956
FBGN0004861	42397	42911	48794	30756	26215	24957
FBGN0000719	1387	1712	1965	1544	1337	1274
FBGN0040383	241	165	231	371	224	217
FBGN0030670	1132	1161	952	1200	1208	988
FBGN0266098	30291	31050	31627	23853	21423	20325
FBGN0030676	215	222	194	281	234	188
FBGN0029893	15655	16649	19163	10404	10892	9430
FBGN0031078	18689	19310	21967	16395	14811	13712
FBGN0030773	12	12	4	4	15	5
FBGN0004656	52314	52109	56520	35180	33645	32337
FBGN0031150	1330	1600	1486	1214	1079	1162
FBGN0267048	2	0	10	0	0	0
FBGN0039945	5824	6232	6554	5400	4814	4395
FBGN0029657	28	5	21	10	31	7
FBGN0030921	27	16	0	10	5	2
FBGN0029660	304	252	333	198	261	220
FBGN0054015	261	204	271	382	366	343
FBGN0265610	0	13	0	8	10	0
FBGN0030439	17	10	27	39	5	14
FBGN0285926	9019	8795	9162	6917	6338	5720
FBGN0262685	13	14	56	50	58	17
FBGN0030336	5698	6185	6490	4911	4658	4273
FBGN0030926	47	18	24	42	55	67
FBGN0001491	1798	2400	2069	2464	1987	1876
FBGN0031155	44	34	5	21	27	41
FBGN0030195	429	520	383	226	255	195
FBGN0262866	2195	2639	2645	2112	2270	1807
FBGN0041629	129	127	124	484	363	445
FBGN0000618	1281	1393	1432	1559	1745	1575
FBGN0261811	14134	14763	15942	11165	10931	10004
FBGN0260482	11	4	9	16	4	6
FBGN0030296	20	10	20	32	16	28
FBGN0024362	5332	6104	6201	6131	5683	4877
FBGN0029812	18	19	32	41	15	16
FBGN0030558	91	64	139	234	118	85
FBGN0052564	51	24	52	33	24	47
FBGN0042146	10	27	7	7	14	19
FBGN0010296	1	0	2	5	9	0
FBGN0030395	83	42	10	10	37	18
FBGN0028343	9035	9799	10384	8574	8003	6746
FBGN0030589	15	18	2	48	30	36
FBGN0030883	433	442	588	503	507	408
FBGN0030121	2594	2564	2843	2431	2230	2096
FBGN0260753	61	26	36	59	52	29
FBGN0030389	9	15	8	8	0	0
FBGN0022355	695	584	1422	1263	1355	1165
FBGN0030691	68	64	47	62	88	67
FBGN0030017	809	940	970	642	525	514
FBGN0029823	8572	9550	10433	9169	8718	8602
FBGN0031018	43	40	22	36	41	11
FBGN0030749	5047	5630	5934	7734	7767	6605
FBGN0030504	10534	10681	11359	10504	9747	8506
FBGN0052695	9	0	0	58	24	42
FBGN0000611	14288	16589	16351	15253	14517	13084
FBGN0025624	431	330	489	430	545	356
FBGN0026433	2543	2921	2991	2866	2303	2310
FBGN0011586	2710	2973	3074	3460	3687	3415
FBGN0003360	50164	55718	59929	65616	63881	55726
FBGN0025393	23	65	86	51	31	51
FBGN0030807	11	8	2	6	4	0
FBGN0260871	2	2	4	6	3	2
FBGN0265575	148	315	167	263	353	291
FBGN0030088	509	456	423	441	359	381
FBGN0030431	641	740	694	724	655	547
FBGN0030563	8	26	3	12	0	1
FBGN0026088	839	1265	1204	822	1009	905
FBGN0029828	5	21	16	67	49	58
FBGN0052813	213	315	328	82	181	220
FBGN0000359	11	11	0	2	5	8
FBGN0262610	5	22	4	15	11	8
FBGN0025111	585	685	739	636	675	538
FBGN0030329	7053	7683	8100	7291	7697	6694
FBGN0001087	6934	8114	7554	5970	5769	5556
FBGN0260789	9716	10872	10321	8570	7222	7110
FBGN0030931	20	29	68	24	47	66
FBGN0030814	32	40	58	39	29	8
FBGN0003447	8619	10238	11256	9640	9066	8721
FBGN0030657	1035	963	1030	1075	1014	888
FBGN0278608	31754	35050	35628	27939	28331	24894
FBGN0288733	0	0	0	11	6	0
FBGN0025381	2043	2084	2819	1626	1770	1484
FBGN0052702	2642	2806	3226	2349	2112	2022
FBGN0027084	13875	14717	16328	15730	15100	12751
FBGN0029959	524	815	800	534	469	523
FBGN0030805	2079	2582	2582	3581	3513	3456
FBGN0288738	1	0	0	15	3	6
FBGN0040942	1261	1121	1308	689	932	663
FBGN0030665	224	374	380	191	207	227
FBGN0025835	31	49	54	60	89	72
FBGN0030006	422	676	482	594	516	564
FBGN0260484	26502	30550	31652	28046	25494	22843
FBGN0000152	1502	1740	1682	1431	1391	1314
FBGN0259108	4122	4555	4989	2706	2482	2811
FBGN0040353	24	60	38	14	36	12
FBGN0261277	1860	1942	2104	1999	1931	1662
FBGN0000928	65	65	40	31	44	38
FBGN0030766	2614	2586	3046	2609	2463	2141
FBGN0027359	1824	1884	1935	2723	2287	2189
FBGN0031066	8617	9222	9836	9674	10335	8410
FBGN0031116	84	46	24	58	58	59
FBGN0288747	0	3	0	5	3	3
FBGN0027556	992	1350	1213	673	684	838
FBGN0025809	1643	1977	1929	2477	2349	2486
FBGN0030956	7031	7471	7502	7000	6853	6130
FBGN0030859	10	33	36	42	48	67
FBGN0040931	579	592	708	838	824	681
FBGN0265767	190	177	141	135	98	111
FBGN0002948	2751	3229	3431	2390	2318	2290
FBGN0030443	49	107	41	64	62	98
FBGN0023517	2563	2533	2792	2931	2893	2555
FBGN0003969	6330	8386	7396	6977	6522	6096
FBGN0052594	2778	2888	3302	2096	2204	2126
FBGN0001206	5709	6085	5695	4637	4130	3922
FBGN0028397	79	42	32	56	52	68
FBGN0001186	6976	6570	7298	7649	6596	6201
FBGN0052523	2	9	5	17	1	15
FBGN0029922	97	126	173	85	101	123
FBGN0029851	27	49	26	37	46	43
FBGN0031091	1227	1133	1388	986	967	791
FBGN0030813	544	605	567	478	575	469
FBGN0026679	3848	4118	4447	2845	3052	3016
FBGN0000459	478	473	609	228	281	290
FBGN0263830	0	4	31	7	23	12
FBGN0052707	2136	2139	2172	1911	1678	1789
FBGN0030623	16	2	28	1	0	3
FBGN0052588	6	3	2	5	4	1
FBGN0288743	2	0	2	0	0	0
FBGN0025628	4753	4792	5946	5695	5322	4389
FBGN0031081	64	88	57	317	144	216
FBGN0031144	2231	2385	2869	2216	2120	1832
FBGN0030597	45	26	4	38	66	65
FBGN0066114	911	1259	962	998	946	991
FBGN0026749	1259	1265	1019	1276	1423	1160
FBGN0029665	762	825	872	1111	1274	980
FBGN0265630	5880	5788	6141	6510	5959	5417
FBGN0085440	38	57	32	112	73	80
FBGN0031086	17	15	21	30	18	10
FBGN0031011	2986	2621	2705	2217	1860	1854
FBGN0261793	18568	20349	20226	15147	15287	13629
FBGN0031098	4155	4877	5806	4077	3510	3266
FBGN0030221	10	3	10	9	20	11
FBGN0052521	1818	1973	2550	1447	1347	1134
FBGN0030051	335	394	321	551	498	456
FBGN0003371	18815	18915	19496	22400	22609	20362
FBGN0000108	69	77	262	180	117	107
FBGN0029937	3782	3571	3836	2917	3108	2768
FBGN0052650	17	4	9	24	1	18
FBGN0264954	73	51	29	73	70	117
FBGN0085357	49	34	26	124	106	94
FBGN0029931	14	0	8	12	6	23
FBGN0027498	1653	1807	1929	1931	1604	1625
FBGN0011822	11	7	1	0	0	23
FBGN0029966	51	6	6	97	26	42
FBGN0031119	2388	2444	2675	2179	2104	1965
FBGN0030629	955	1104	960	1744	1996	1628
FBGN0024980	37	26	11	31	12	24
FBGN0030167	88	45	52	26	28	33
FBGN0000524	12835	13386	14815	10344	9045	8334
FBGN0030638	477	526	578	551	492	379
FBGN0030841	132	130	73	160	124	107
FBGN0052783	3208	3007	2701	3312	3315	2868
FBGN0000927	12	8	21	4	24	10
FBGN0030304	41	6	21	47	32	39
FBGN0000137	149	111	109	93	158	127
FBGN0029737	1381	1513	1720	1255	1293	1403
FBGN0052797	11	2	11	23	45	8
FBGN0030893	970	737	994	873	774	656
FBGN0030968	353	404	478	396	445	327
FBGN0265535	534	513	391	509	443	335
FBGN0022786	4221	4247	4944	4084	3568	3705
FBGN0261954	39195	44211	44260	29505	28545	26617
FBGN0040351	22	8	21	11	32	16
FBGN0015558	415	446	559	244	265	204
FBGN0030734	5965	6682	6971	6772	6207	5273
FBGN0014026	115224	128782	142030	109855	106369	95849
FBGN0031170	1394	1326	1441	942	1102	885
FBGN0044046	11	2	3	0	9	2
FBGN0010292	3208	3918	4189	4320	4345	3778
FBGN0029712	36	53	11	21	70	57
FBGN0030157	37	26	16	136	95	103
FBGN0029770	0	4	5	4	13	67
FBGN0069973	9	4	0	19	22	11
FBGN0030886	24	40	16	16	44	24
FBGN0085362	118	47	50	102	133	96
FBGN0030360	2585	2699	2935	2316	2095	1863
FBGN0003423	6746	8391	8283	5894	5339	5324
FBGN0026313	3574	3676	4065	3436	3147	2881
FBGN0029685	2180	2570	2543	2415	2114	1772
FBGN0029825	2711	3055	3704	4172	3917	3476
FBGN0265416	86	43	25	54	54	69
FBGN0030375	19	6	4	7	2	2
FBGN0030855	3391	4153	3671	5437	4768	4265
FBGN0030607	287	164	253	496	428	355
FBGN0030816	285	263	262	109	115	126
FBGN0029935	757	755	879	664	665	565
FBGN0015794	1201	1249	1509	1397	1432	1345
FBGN0030025	1853	1985	1938	2178	2208	1788
FBGN0027342	3246	3739	4181	3342	3510	2866
FBGN0030364	4495	5044	4661	5759	5096	4119
FBGN0029874	1095	1125	1370	1158	1225	983
FBGN0030479	3515	3526	3061	3790	3570	3120
FBGN0004828	20269	22547	24681	22895	23429	21603
FBGN0053669	6	9	5	11	33	16
FBGN0260855	1938	2281	2465	2993	2838	2451
FBGN0004403	50862	57213	62427	66975	63386	57665
FBGN0284408	31206	34054	35075	24521	21973	21470
FBGN0028474	13250	13160	14911	10728	10513	9337
FBGN0053239	0	0	0	0	1	0
FBGN0262976	69	65	63	206	97	135
FBGN0259168	10458	11842	11997	9509	9662	8650
FBGN0259196	26	8	1	31	23	22
FBGN0030245	3007	3236	3643	3441	3180	3047
FBGN0259231	49	55	48	14	7	37
FBGN0052549	1378	1561	1421	5959	5794	5333
FBGN0026428	5030	5642	5839	4471	3813	3491
FBGN0026079	4864	5616	5775	6009	5319	5294
FBGN0030868	12	5	0	0	13	1
FBGN0264503	130	131	93	102	63	67
FBGN0021767	47	15	53	12	50	18
FBGN0030093	23097	23122	27605	17514	17333	15799
FBGN0030082	4503	5344	5925	5673	5374	4694
FBGN0025621	4174	3853	4761	4534	4386	3845
FBGN0024182	2121	2405	2629	2102	1913	1675
FBGN0000808	117	33	45	107	146	112
FBGN0250862	89	82	95	41	19	16
FBGN0031042	62	61	38	142	36	55
FBGN0030840	56	42	16	33	21	27
FBGN0003656	4120	3821	4426	3441	3296	3041
FBGN0030507	985	1156	1046	1142	1023	721
FBGN0031130	1	1	0	8	10	4
FBGN0031132	24	5	10	8	0	3
FBGN0026175	44	13	4	4	2	5
FBGN0030001	33	14	21	28	36	11
FBGN0023536	883	863	856	922	804	597
FBGN0265413	1136	1330	1096	1214	1249	1224
FBGN0026872	325	205	300	178	278	180
FBGN0024975	782	928	1019	792	805	698
FBGN0266434	17	24	18	67	38	28
FBGN0030495	33	51	20	21	44	37
FBGN0031069	2731	2653	3004	2205	2013	1963
FBGN0004102	50	87	150	91	25	63
FBGN0030590	36	42	16	37	33	40
FBGN0287454	1362	1240	1576	1201	1023	914
FBGN0025391	23	25	9	6	22	21
FBGN0030029	10	57	24	22	13	22
FBGN0260812	31	23	33	15	30	45
FBGN0002878	6554	6895	6782	4909	4735	4095
FBGN0029688	19586	21593	21482	14853	13904	13640
FBGN0052576	392	490	462	801	630	671
FBGN0250788	69966	71735	78944	46485	44260	40237
FBGN0027330	6254	6635	7434	7609	7460	6874
FBGN0030704	673	765	922	600	647	683
FBGN0025815	10785	11866	12845	10269	10041	8865
FBGN0030071	5	1	8	11	2	0
FBGN0029521	49	22	16	41	23	46
FBGN0030218	194	277	291	206	162	168
FBGN0004050	8681	8873	9340	6973	6744	6155
FBGN0040349	9	10	9	18	45	23
FBGN0030522	363	374	538	592	458	420
FBGN0052815	66	45	61	32	45	40
FBGN0030311	2931	3021	3457	2655	2884	2331
FBGN0052625	17	13	9	224	213	172
FBGN0259204	162	156	189	140	177	134
FBGN0030480	537	686	697	843	872	717
FBGN0025625	98	110	216	165	131	84
FBGN0029747	10	34	11	57	20	8
FBGN0003374	8491	76564	4767	24167	27576	25185
FBGN0031093	1691	2280	2283	1614	2002	1792
FBGN0266431	0	1	2	0	15	0
FBGN0031022	867	1028	1151	1151	1193	1012
FBGN0030576	44	15	2	57	30	40
FBGN0030659	2139	2290	1988	1652	1779	1675
FBGN0259677	123	111	84	79	58	83
FBGN0040651	0	2	2	12	0	2
FBGN0261873	16708	17667	17748	12936	12356	11429
FBGN0040285	5083	4867	5130	4883	4095	4168
FBGN0265598	2823	3233	2814	1942	1737	1517
FBGN0086558	84122	99284	101306	87595	89347	80942
FBGN0011606	16682	17868	19838	15454	13523	12858
FBGN0004368	8425	8778	8740	6435	5907	5521
FBGN0030596	20	21	7	24	22	39
FBGN0029752	0	8	19	4	9	0
FBGN0030435	1160	1449	1340	1638	1388	1258
FBGN0026876	3948	4021	4388	2895	2731	2530
FBGN0029864	173	224	173	183	108	91
FBGN0260858	1803	1799	1902	2127	2134	1727
FBGN0028491	143	189	242	650	481	423
FBGN0025549	1886	2219	2013	1720	1686	1315
FBGN0031036	1847	1766	2182	1566	1443	1464
FBGN0029898	1813	2377	2168	2548	2327	2386
FBGN0029587	7	5	10	34	54	5
FBGN0025638	8063	8747	9970	7112	7738	6684
FBGN0030316	1253	1115	1239	1080	1066	997
FBGN0263511	27	11	66	31	44	5
FBGN0052557	35	11	14	14	12	18
FBGN0030314	2528	2799	3071	2157	1845	1603
FBGN0030007	4018	4543	4670	5426	4877	4273
FBGN0266429	40	49	8	26	29	29
FBGN0030307	202	288	122	150	239	209
FBGN0003747	33	24	72	42	21	40
FBGN0053172	988	875	963	1204	1173	1016
FBGN0030411	167	225	220	237	251	240
FBGN0029924	2256	3641	2981	1947	2117	2106
FBGN0003345	35777	38963	36530	32241	31014	29036
FBGN0052563	27	17	5	0	10	8
FBGN0261524	2620	3407	3577	2513	2409	2057
FBGN0030228	2258	2318	3031	1863	1780	1693
FBGN0030246	3577	3620	3295	7605	6885	6185
FBGN0260870	0	0	3	0	4	0
FBGN0029980	689	771	1093	1041	860	736
FBGN0029885	1456	1739	2202	2335	2106	1939
FBGN0039946	1077	1042	1402	1047	1130	851
FBGN0052671	5	9	5	19	35	12
FBGN0031141	7	4	0	8	15	9
FBGN0030346	751	865	953	753	662	612
FBGN0030376	103	28	53	13	62	85
FBGN0031182	52	32	58	33	16	26
FBGN0029726	8	8	0	8	9	1
FBGN0030289	3686	4003	4272	3816	3092	3112
FBGN0023518	17290	18543	19266	12186	11511	10317
FBGN0030451	1876	2177	2370	2519	2321	2013
FBGN0030377	19	8	23	16	8	15
FBGN0030406	1179	1400	1853	1694	1482	1257
FBGN0030034	32207	34310	39129	21261	19747	19130
FBGN0027553	1852	2327	2292	1814	1684	1822
FBGN0285910	2061	2641	2412	2827	2563	2450
FBGN0287210	3731	4345	3660	4125	4026	3583
FBGN0031191	2397	2640	2843	1707	2093	1788
FBGN0026089	1570	1679	1585	1604	1739	1682
FBGN0029716	44	13	47	37	66	43
FBGN0004066	9407	10497	10706	12005	11354	10434
FBGN0052699	2400	2534	2567	2261	2236	2295
FBGN0031034	64	13	34	51	43	16
FBGN0004047	39	35	25	42	57	31
FBGN0010383	130	158	108	406	336	330
FBGN0030738	7464	7839	8245	6842	6385	5811
FBGN0024986	970	1016	1373	933	974	881
FBGN0029946	0	4	0	0	3	0
FBGN0030927	571	712	725	652	535	590
FBGN0030544	16	103	11	131	118	108
FBGN0029896	1504	1750	1916	5231	4813	4004
FBGN0023545	2293	2112	2455	2613	2563	2277
FBGN0030030	1199	1115	1385	1179	1172	1105
FBGN0053177	19	35	4	9	16	5
FBGN0029969	4685	5207	6233	4182	4239	3539
FBGN0029718	2569	2905	2769	4857	5089	4452
FBGN0030890	2051	2365	2224	1651	1782	1441
FBGN0030891	3667	3719	4261	3452	3170	2837
FBGN0011754	4773	4572	4772	3587	3309	2950
FBGN0030391	1551	1433	1480	918	987	933
FBGN0052750	22	35	33	41	1	8
FBGN0030536	17	22	0	16	17	2
FBGN0029964	9	1	2	0	4	2
FBGN0030041	62	97	22	390	333	349
FBGN0261446	2021	2380	2343	2548	2099	2213
FBGN0030058	31	12	27	20	7	13
FBGN0029783	334	299	452	415	334	385
FBGN0029962	21	27	12	22	20	8
FBGN0029811	10	2	2	3	4	2
FBGN0030776	7	7	7	30	12	21
FBGN0030183	225	279	246	411	251	362
FBGN0030292	597	705	980	824	841	859
FBGN0029835	173	175	171	192	238	185
FBGN0030467	628	656	716	441	501	440
FBGN0024941	56	53	36	20	43	41
FBGN0283432	1168	1007	1321	956	977	1024
FBGN0029915	2987	3216	3467	4250	3981	3533
FBGN0030552	2180	2156	2628	2182	2017	1938
FBGN0029804	551	618	643	437	485	452
FBGN0264078	1959	2133	2456	1536	1465	1545
FBGN0015799	9063	9429	10293	10236	9033	8445
FBGN0265726	188	206	157	490	420	431
FBGN0004034	65	44	20	274	239	224
FBGN0029725	7	2	0	9	74	13
FBGN0286877	17	43	52	12	45	21
FBGN0004657	16163	17848	18134	14091	13402	12659
FBGN0030710	3434	3834	3893	3436	3290	3162
FBGN0029750	91	74	82	78	72	38
FBGN0029817	19	21	45	14	15	17
FBGN0052814	27	32	55	24	41	22
FBGN0025635	1568	1610	2025	1276	1410	1220
FBGN0052638	865	802	924	773	762	510
FBGN0025836	26552	26620	27710	21782	21004	19629
FBGN0052767	18668	18650	18709	14028	12932	11896
FBGN0030777	5	4	16	0	12	4
FBGN0284228	1475	1802	1461	2577	1894	1898
FBGN0029905	3443	3428	3996	2966	2932	2445
FBGN0262730	7987	8660	8382	6841	6599	5738
FBGN0259162	51	10	17	16	26	36
FBGN0021765	5535	5921	6658	4574	4208	4206
FBGN0030447	921	775	1068	868	828	659
FBGN0015773	1273	1683	1373	687	567	668
FBGN0029568	13	26	1	14	20	28
FBGN0014465	38	17	20	29	29	28
FBGN0029943	1391	1325	1435	1666	1230	1325
FBGN0027791	789	908	960	653	745	755
FBGN0000257	1257	1500	1528	1223	1116	813
FBGN0031048	1696	1691	2391	1516	1338	1216
FBGN0011758	629	864	1050	492	596	539
FBGN0030952	1	12	27	0	28	0
FBGN0053666	33	18	70	27	65	27
FBGN0029839	17	5	29	6	4	10
FBGN0031052	16912	18127	18931	13593	12907	12699
FBGN0264975	41637	42915	45006	31822	30679	28612
FBGN0288742	3	0	2	0	2	1
FBGN0024364	6103	6349	6869	6421	6444	5708
FBGN0026878	10	9	14	16	17	32
FBGN0053238	0	0	0	0	1	0
FBGN0052633	12	7	15	32	34	22
FBGN0030832	12	0	1	16	10	10
FBGN0029881	5248	4696	5855	3616	3344	2911
FBGN0011761	2	0	0	4	0	2
FBGN0030057	2190	2555	2482	2525	2639	1938
FBGN0029987	8	2	23	29	12	3
FBGN0025613	8	0	12	14	9	18
FBGN0030367	2	28	32	6	48	21
FBGN0029801	1249	949	1291	918	875	722
FBGN0264691	1952	2241	2337	3891	3288	3234
FBGN0031088	43	27	24	11	35	49
FBGN0030181	54	100	45	75	50	11
FBGN0030898	8	18	2	6	3	11
FBGN0029975	51	93	80	87	81	95
FBGN0285947	44786	48859	55964	45047	41518	37532
FBGN0030769	10	3	2	0	1	7
FBGN0031031	54	59	42	47	37	47
FBGN0030746	78	41	15	29	61	61
FBGN0029932	82	195	42	174	166	129
FBGN0045073	4912	5686	4718	5194	5069	4741
FBGN0259994	74	47	67	62	104	54
FBGN0024993	1142	1314	1040	1149	1312	1095
FBGN0029856	4068	4110	5036	3754	4068	3494
FBGN0265523	84973	89575	88144	54434	50818	49294
FBGN0030774	7	4	0	0	2	7
FBGN0029957	3713	3419	3915	3186	3464	3011
FBGN0000427	193	70	157	84	45	60
FBGN0030983	3	13	0	0	13	10
FBGN0052571	29	2	17	10	16	17
FBGN0025642	8	26	12	7	1	6
FBGN0040877	2	0	0	8	9	3
FBGN0030844	27	49	34	44	53	53
FBGN0030400	9833	9749	11665	5777	6048	5379
FBGN0067052	34	10	6	25	22	4
FBGN0040922	14	6	15	6	1	7
FBGN0030348	15	4	21	7	18	41
FBGN0052673	12	19	10	16	11	11
FBGN0265608	5	6	7	4	0	0
FBGN0030731	5374	5999	6794	4828	4364	4110
FBGN0030331	23	5	10	26	21	22
FBGN0001092	30458	31371	35303	29193	29517	24460
FBGN0262612	0	0	1	0	0	2
FBGN0030787	1751	1612	1806	1688	1324	1470
FBGN0025387	2589	2712	2266	1824	1878	1557
FBGN0010198	28978	32028	35974	30339	28468	25543
FBGN0030240	3901	3825	4547	3017	3046	2667
FBGN0002917	157	27	115	116	165	135
FBGN0052670	3	8	0	0	2	14
FBGN0086693	70	26	27	15	63	65
FBGN0261849	0	3	0	8	0	9
FBGN0030506	796	783	938	1609	1575	1611
FBGN0259110	133	78	88	91	102	93
FBGN0264393	8	7	5	2	10	3
FBGN0030365	2931	3667	3633	3238	2873	2888
FBGN0029799	103	122	108	196	152	132
FBGN0260748	6974	7430	7859	5499	5402	4652
FBGN0004370	16429	17860	19100	13789	13179	12015
FBGN0030711	844	984	800	1184	1130	1232
FBGN0029552	16	4	7	4	7	7
FBGN0030722	20	6	38	28	4	5
FBGN0288740	3	0	0	21	5	6
FBGN0030241	17473	18650	21153	20765	19275	17600
FBGN0030946	4458	4804	5451	5089	4907	4487
FBGN0283451	215076	230653	216150	170669	155865	151760
FBGN0030795	359	352	281	405	238	284
FBGN0030317	25	42	71	33	85	45
FBGN0266354	48	38	55	54	106	32
FBGN0001218	63966	74012	68726	67516	63756	61482
FBGN0261245	44	22	16	57	47	13
FBGN0024995	7	2	11	37	10	56
FBGN0029606	26	6	22	22	15	12
FBGN0030900	459	581	541	334	335	278
FBGN0027795	197	272	224	259	296	234
FBGN0029990	561	1244	337	6899	6120	5591
FBGN0029814	3925	4269	3890	2611	2664	2534
FBGN0267043	6	0	4	17	17	1
FBGN0052631	8	23	16	3	5	17
FBGN0263216	83	24	56	58	18	54
FBGN0030502	3382	3320	3860	3015	2688	2822
FBGN0030159	2275	2873	2354	4608	4013	3935
FBGN0267384	2263	2501	2856	2693	2774	2699
FBGN0030817	72	34	74	35	53	54
FBGN0031194	5785	5858	6551	6173	5582	5145
FBGN0283545	4	25	4	0	2	4
FBGN0265362	232	228	159	337	378	347
FBGN0262734	17065	18540	19606	16655	15763	13298
FBGN0030099	920	965	1014	900	1106	842
FBGN0030060	3949	3881	4267	3933	3420	3231
FBGN0030990	3820	4256	4232	3911	3504	3622
FBGN0259918	3	2	0	0	5	2
FBGN0040382	6938	7120	8119	5129	5186	4337
FBGN0004057	1883	1989	2368	1403	1277	1046
FBGN0026430	4664	5395	6115	4866	4692	4194
FBGN0030806	3208	3200	3580	2352	2539	2439
FBGN0052786	3356	3130	2841	3343	3433	3008
FBGN0030136	38352	48083	44209	46875	41951	33770
FBGN0030465	2305	2502	2801	1992	1861	1714
FBGN0030571	741	802	978	798	727	698
FBGN0261617	61486	62685	65190	36994	35531	34938
FBGN0030230	53	27	22	84	38	28
FBGN0030418	1039	1386	1263	1278	1540	1373
FBGN0263772	193	204	164	121	162	121
FBGN0266710	61	94	74	86	24	26
FBGN0052644	106	65	49	174	149	108
FBGN0030040	8	92	23	50	89	39
FBGN0053499	2578	2204	2944	2006	2048	1980
FBGN0029895	1937	2083	2267	1453	1445	1333
FBGN0030608	30729	31519	34948	24633	23071	21750
FBGN0025837	29	38	82	162	78	65
FBGN0030305	4940	6043	6017	6518	5935	5633
FBGN0002707	2212	2702	2463	3571	3177	2719
FBGN0000382	8778	8614	8939	6211	6297	5965
FBGN0040929	431	327	383	525	597	335
FBGN0030929	65	69	105	30	31	38
FBGN0264739	5	10	2	2	0	5
FBGN0030280	24	5	5	1	3	10
FBGN0030620	19	14	21	3	32	5
FBGN0053237	16	0	0	0	1	0
FBGN0029858	913	938	1226	691	781	669
FBGN0262101	4	2	4	47	21	13
FBGN0030540	31	13	0	12	15	18
FBGN0052647	40	24	12	54	53	38
FBGN0264077	69	36	21	34	43	49
FBGN0031094	2105	2349	2342	2824	2564	2241
FBGN0029664	588	848	723	722	814	562
FBGN0027537	12929	13761	15196	14868	14952	12968
FBGN0029914	1533	1825	1745	1703	1573	1636
FBGN0053240	0	0	0	0	1	0
FBGN0001624	21161	22260	23503	15872	15438	14321
FBGN0030936	17	4	9	20	12	30
FBGN0030786	2612	2762	2915	2653	2595	2118
FBGN0004650	85	60	30	67	58	59
FBGN0250869	1152	943	1069	767	841	772
FBGN0052547	31	37	45	67	47	16
FBGN0029821	52	72	83	116	106	84
FBGN0085366	11	0	7	0	8	3
FBGN0030699	2918	2954	2600	3543	3136	2670
FBGN0040309	8493	8020	8799	12535	12288	10984
FBGN0030309	1219	1284	1203	919	929	832
FBGN0052685	24753	27017	27156	19629	18859	16703
FBGN0004647	108762	115213	118164	74254	72851	67490
FBGN0030742	8	12	18	53	11	13
FBGN0030239	1033	1333	1154	1067	964	806
FBGN0029911	976	1266	1113	682	687	675
FBGN0054028	8	10	30	0	24	8
FBGN0026873	1341	1338	1388	2147	1729	1455
FBGN0030351	147	185	156	289	312	232
FBGN0029531	83	70	19	82	72	49
FBGN0288734	4	4	0	20	2	0
FBGN0263005	3178	3250	4026	1816	1659	1719
FBGN0003048	14284	16419	15249	11842	11324	11044
FBGN0025378	4	0	2	8	15	21
FBGN0040372	15484	17527	16158	13978	14614	12510
FBGN0030009	1	4	0	1	2	4
FBGN0000479	1638	1564	1331	951	761	828
FBGN0040334	683	700	910	842	829	768
FBGN0029701	16	11	10	18	10	6
FBGN0030770	21	15	61	24	13	18
FBGN0030011	65	106	104	23	53	40
FBGN0030096	3999	4389	4612	4650	4272	3839
FBGN0029679	2294	2290	2032	1929	1664	1485
FBGN0025612	17	7	2	24	6	16
FBGN0031038	95	84	64	73	106	58
FBGN0040343	18	26	9	19	17	15
FBGN0029669	5	37	37	18	19	15
FBGN0029930	40	42	11	16	32	24
FBGN0028341	7697	8301	8491	7035	6246	5702
FBGN0259098	5	0	18	24	27	25
FBGN0030260	3	6	0	0	14	4
FBGN0030720	6099	8736	8145	8993	8707	8073
FBGN0001083	4325	4697	4497	3377	2955	2694
FBGN0029646	48	20	11	18	8	28
FBGN0026713	8964	9540	10791	7179	7203	6751
FBGN0030161	15	2	14	9	10	5
FBGN0030234	149	99	149	141	139	84
FBGN0029768	78	47	21	39	74	5
FBGN0031068	1272	1297	1566	1963	2022	1728
FBGN0020653	21926	23224	26590	26642	25731	23739
FBGN0083981	74	50	13	62	25	28
FBGN0029696	12	3	14	20	0	8
FBGN0283471	641	478	271	615	656	511
FBGN0030790	2454	2664	2921	1914	1838	1444
FBGN0029827	57	38	35	25	1	18
FBGN0015036	7	24	13	66	18	23
FBGN0029762	59	29	46	66	28	55
FBGN0262111	2017	1469	1526	1091	1105	1031
FBGN0030283	12	1	0	14	9	2
FBGN0030794	513	693	655	693	681	437
FBGN0003575	8901	10477	11190	7299	7019	6381
FBGN0030261	43	12	39	14	4	11
FBGN0030054	15236	16429	16758	11436	11913	10735
FBGN0083940	5892	6608	5788	5451	4797	4633
FBGN0085358	0	0	0	6	0	6
FBGN0030102	49	102	10	109	76	117
FBGN0263968	12729	14523	14884	9732	8950	8571
FBGN0030918	18	14	26	0	33	37
FBGN0259241	33	25	35	49	22	34
FBGN0029681	12	19	21	22	52	10
FBGN0030880	11	29	0	7	2	2
FBGN0029709	4118	5165	4953	4922	4422	4316
FBGN0029861	3574	3892	4380	2923	2786	2323
FBGN0002641	1437	2135	1829	3361	2895	2296
FBGN0030420	1386	1781	1521	1383	1472	1110
FBGN0030160	2948	3082	3758	3974	3496	3062
FBGN0040373	2591	2776	3046	3759	3542	3202
FBGN0003057	4	6	24	8	15	8
FBGN0024991	3915	4245	4906	2972	3232	2929
FBGN0030455	110	39	46	42	89	146
FBGN0024943	77	19	23	43	38	27
FBGN0030520	14788	15969	18644	11400	10822	10649
FBGN0023514	3116	2932	3343	3531	3640	3171
FBGN0052687	56	56	30	118	106	82
FBGN0029979	14304	16318	16586	10868	10538	10361
FBGN0030015	22	10	17	16	20	11
FBGN0030941	2611	2827	3259	2042	1640	1438
FBGN0029971	2082	2118	2101	1838	1705	1335
FBGN0030298	29	69	12	26	37	34
FBGN0031002	33	20	19	39	43	49
FBGN0029629	13770	14703	17122	12829	12205	10566
FBGN0052666	4542	5460	5229	4995	4371	4007
FBGN0030104	8	2	0	0	2	3
FBGN0022770	173	165	211	124	146	117
FBGN0027546	2128	2301	2224	2568	2520	2223
FBGN0030441	4	2	2	9	0	3
FBGN0267033	4837	5302	4120	3100	2828	3002
FBGN0030802	1723	2196	2192	2613	2324	2456
FBGN0040394	9398	10021	10475	8836	8750	7775
FBGN0030694	867	851	913	659	887	684
FBGN0030592	36	31	37	34	43	31
FBGN0029877	72	51	5	30	49	43
FBGN0025739	5437	6218	6355	4444	4133	3697
FBGN0000179	32050	33894	30361	25665	22484	21417
FBGN0001250	7061	7368	7675	7547	7186	6679
FBGN0259245	22	36	29	26	27	42
FBGN0010269	2069	2412	2627	2113	1853	1804
FBGN0020369	9445	10698	9736	10713	10126	9238
FBGN0030992	11	21	30	32	13	21
FBGN0015519	44	35	37	38	64	46
FBGN0030440	5	7	5	13	1	2
FBGN0053502	2481	2782	2662	2793	3133	2255
FBGN0086367	1107	1403	1290	3676	3397	3339
FBGN0030105	13	90	24	494	356	353
FBGN0052580	1623	1477	1058	727	1037	811
FBGN0014133	34236	35751	40260	21498	21077	20040
FBGN0262656	31896	32632	36194	29397	26924	24808
FBGN0028480	3438	3912	3939	2994	2718	2683
FBGN0030804	15	1	16	27	12	7
FBGN0030643	0	9	4	0	8	11
FBGN0029687	14972	16432	15462	17721	17352	15560
FBGN0030853	2330	2635	2605	3204	2752	2470
FBGN0267253	17	6	5	0	9	2
FBGN0003366	266	142	334	260	334	225
FBGN0030327	2156	2504	2726	2270	2034	1904
FBGN0002590	105733	116552	135756	113264	108476	94796
FBGN0030593	44	14	23	96	68	61
FBGN0015926	2387	2808	3255	2046	2209	1923
FBGN0040336	222	214	376	233	191	219
FBGN0030369	20	5	8	27	34	31
FBGN0030839	362	383	586	667	414	435
FBGN0004649	60	33	19	57	76	54
FBGN0030538	0	0	3	0	0	8
FBGN0004404	34603	37417	43146	39117	36599	34282
FBGN0024987	9973	11011	10267	9572	8014	7664
FBGN0031006	10366	10596	11430	8131	6904	6820
FBGN0040376	16	14	5	21	5	13
FBGN0014868	15300	16547	18108	15120	14712	13279
FBGN0030789	2133	2074	1984	2403	2713	2301
FBGN0026084	27236	34851	31814	40299	34218	30231
FBGN0030756	48	36	16	45	19	31
FBGN0030073	696	827	463	975	979	771
FBGN0029974	37	21	23	13	9	8
FBGN0030982	9	4	4	28	1	13
FBGN0031090	2354	2504	2498	2304	2120	2092
FBGN0004198	6845	7712	8060	5945	5201	5179
FBGN0000077	509	646	721	706	712	568
FBGN0030271	17	4	29	25	14	6
FBGN0052512	367	353	230	511	369	482
FBGN0031161	2046	2210	2416	2845	2542	2561
FBGN0029818	3646	4072	4343	3856	3654	3401
FBGN0029947	33	1	3	0	3	13
FBGN0004227	15603	20281	16469	14295	14362	13220
FBGN0030851	970	1270	1099	1536	1539	1245
FBGN0029859	45	28	22	28	65	30
FBGN0029753	17	7	12	15	1	22
FBGN0030874	982	764	929	921	736	718
FBGN0020378	150	306	927	111	156	175
FBGN0029722	71	40	15	16	17	12
FBGN0020513	5270	6330	6380	6888	6137	5714
FBGN0053243	2	0	0	0	0	0
FBGN0030687	4170	4474	5186	4000	4187	3978
FBGN0030432	128	77	86	70	39	75
FBGN0066303	1460	1441	1844	2138	1955	1811
FBGN0024897	53	59	86	44	56	57
FBGN0023516	1496	1594	1962	1803	1720	1325
FBGN0030667	74	81	22	132	75	110
FBGN0027603	22907	26204	24837	20291	19369	17544
FBGN0023550	6	59	53	20	55	18
FBGN0030107	107	121	94	594	596	547
FBGN0026751	2739	3160	3435	3900	3777	3072
FBGN0023520	925	814	981	1049	1058	826
FBGN0029694	17	0	5	0	7	10
FBGN0026058	57	23	13	12	31	14
FBGN0029945	348	240	334	299	228	241
FBGN0030103	22	4	0	0	4	2
FBGN0029504	6607	7078	6481	4793	4711	4100
FBGN0000394	2235	2103	2110	1986	2162	1626
FBGN0260869	5	0	3	1	0	1
FBGN0263747	300	213	296	228	267	269
FBGN0030217	565	514	481	374	459	431
FBGN0004397	6875	7581	7937	5100	4769	4293
FBGN0025634	3800	3828	4846	4584	4465	3494
FBGN0029870	4876	5653	5922	5725	4625	4707
FBGN0030566	50	4	6	11	20	4
FBGN0003449	5649	6599	6644	7955	8032	6829
FBGN0030837	19	25	21	34	12	26
FBGN0030494	2173	2602	2499	4509	3294	3304
FBGN0030600	455	583	380	393	370	297
FBGN0003139	2875	3557	3524	3524	3593	3127
FBGN0023528	5884	6278	6654	4734	4631	4524
FBGN0029912	3643	3818	4636	3055	2938	2725
FBGN0023513	2909	2979	3253	2670	2142	2027
FBGN0029763	8753	10409	10174	9180	8266	7992
FBGN0030293	11802	13177	13245	9131	8608	8037
FBGN0265139	20	28	42	7	6	37
FBGN0030481	696	611	864	629	648	620
FBGN0030559	14	4	8	55	17	11
FBGN0263829	83	96	84	20	35	36
FBGN0030678	892	1002	959	922	866	939
FBGN0029965	41	19	21	42	35	13
FBGN0024365	2700	2601	3238	3174	2491	2537
FBGN0030685	4210	4858	5133	4647	4485	4309
FBGN0023130	2554	2563	3133	1899	1495	1514
FBGN0026085	548	596	679	863	659	637
FBGN0030485	1535	1995	1723	1782	1625	1346
FBGN0015286	2812	2811	2985	2286	2589	2363
FBGN0030980	4	4	11	6	10	2
FBGN0261383	7006	7573	8619	5662	4978	4996
FBGN0029994	20	20	6	26	6	12
FBGN0085354	96	145	110	195	135	141
FBGN0052537	936	832	783	945	744	605
FBGN0030671	1232	1377	1441	1267	1127	1002
FBGN0030486	12459	12744	13935	9623	9255	8650
FBGN0265267	14	43	16	3	8	14
FBGN0030666	2404	2319	3144	1891	2007	1849
FBGN0010240	45	28	12	24	35	53
FBGN0029710	830	1247	807	1239	1521	1037
FBGN0030460	621	648	534	1142	1058	839
FBGN0031005	60	31	48	12	9	27
FBGN0020508	84	42	1	0	15	32
FBGN0031039	789	974	971	1141	1260	1040
FBGN0067861	807	719	884	716	635	658
FBGN0029936	1557	1796	1884	1328	1313	1316
FBGN0030492	6	18	7	8	13	24
FBGN0052645	157	102	112	136	131	145
FBGN0259927	60	44	28	74	54	54
FBGN0029837	44	6	33	13	35	45
FBGN0053252	23	4	8	0	0	13
FBGN0030330	2604	2633	2704	2349	2288	2047
FBGN0011837	13101	13407	13488	7704	8222	7340
FBGN0285970	2632	2861	2892	2960	3277	2412
FBGN0030869	5452	5891	5833	4635	4378	4022
FBGN0040366	706	825	719	442	487	456
FBGN0030272	30	11	30	17	7	9
FBGN0039942	519	524	769	492	460	380
FBGN0283469	5157	5540	6105	5377	4738	4113
FBGN0000826	49	60	33	64	63	60
FBGN0004687	7681	8271	8901	7827	8400	7372
FBGN0030932	401	256	383	356	385	337
FBGN0031008	1327	1540	1691	1547	1728	1324
FBGN0028746	190	155	150	179	172	179
FBGN0040904	3	1	6	0	2	3
FBGN0013987	8472	8346	9160	10628	10678	9774
FBGN0023519	2195	2232	2315	1982	2260	1958
FBGN0030174	97	84	60	119	102	130
FBGN0085360	30	61	41	153	84	92
FBGN0030530	6483	7564	8012	7633	7115	6346
FBGN0031184	73	73	91	61	73	70
FBGN0030341	1898	2222	2179	2196	2105	1884
FBGN0030684	32	9	47	34	42	30
FBGN0015789	1844	2176	2019	1984	1853	1872
FBGN0052642	37	25	34	53	43	22
FBGN0030276	6850	7251	7740	6001	6163	5350
FBGN0052656	145	268	1926	465	350	376
FBGN0030122	2953	2866	3487	3959	3310	3210
FBGN0003301	11626	12285	12636	7477	7074	7210
FBGN0029662	4334	4330	4889	4320	4414	3962
FBGN0030947	45	13	15	11	7	19
FBGN0266284	4661	5587	5903	5802	5649	4826
FBGN0040356	6	7	9	22	16	7
FBGN0261616	5	9	2	20	16	5
FBGN0025394	6088	6024	6406	4751	5105	4399
FBGN0266569	243	262	297	278	219	307
FBGN0030669	865	731	691	925	953	914
FBGN0023531	2850	2817	2622	2030	1779	1791
FBGN0030290	29	6	24	7	7	14
FBGN0023527	2813	3545	3649	3881	4120	3727
FBGN0030466	12575	13707	13902	10156	9564	8174
FBGN0030954	540	586	637	542	443	355
FBGN0030087	6731	6804	7170	6077	4758	4955
FBGN0040393	3	11	14	16	7	12
FBGN0264395	14	3	26	3	6	13
FBGN0003321	5594	7066	7032	6361	6066	5622
FBGN0031109	10	4	6	20	5	6
FBGN0283712	4594	4872	5188	3537	3389	3187
FBGN0029819	2470	2929	3237	2020	2370	1962
FBGN0030658	1892	1855	1860	2426	2152	2215
FBGN0029949	26	0	5	21	9	3
FBGN0004655	13606	14472	16019	9964	9950	9088
FBGN0031128	59	39	24	28	28	6
FBGN0024184	72	69	146	19	38	37
FBGN0015818	7969	8332	9000	5995	6599	5869
FBGN0027794	4595	4576	5271	3886	3432	3464
FBGN0040207	3019	3265	3244	2747	3091	2567
FBGN0030178	1060	970	873	977	957	894
FBGN0288690	1339	1412	1505	1198	1288	1294
FBGN0001090	60632	61373	66094	33596	36904	30644
FBGN0029715	5896	6881	7408	8634	8688	7423
FBGN0029535	0	0	0	0	14	4
FBGN0029909	4	20	6	35	4	42
FBGN0260780	97	115	140	115	67	74
FBGN0052672	6180	6676	7200	6610	7282	5835
FBGN0053668	42	24	39	25	33	26
FBGN0053542	113	79	69	235	262	216
FBGN0030984	59	28	14	18	16	27
FBGN0261461	4477	5998	5882	4888	4849	4641
FBGN0267967	69	128	85	244	180	151
FBGN0029728	171	61	79	79	117	85
FBGN0267912	6330	7080	7719	5647	4990	4499
FBGN0029906	974	1062	1059	1233	1066	1004
FBGN0030575	11	40	2	39	8	53
FBGN0030186	17	33	32	34	33	44
FBGN0029879	112	64	76	94	37	25
FBGN0025814	3365	3348	3543	2488	2621	2197
FBGN0029532	69	82	36	68	95	80
FBGN0040907	424	562	553	881	637	527
FBGN0030584	972	1029	1167	1362	1244	961
FBGN0030812	10449	10741	11565	8296	7681	7023
FBGN0029798	2676	2816	3049	2079	2226	2097
FBGN0029970	4699	4925	5526	4140	4081	3760
FBGN0031054	1104	1185	1342	1044	1011	999
FBGN0261610	3045	2901	3411	2077	1946	1755
FBGN0000360	38	4	28	0	14	0
FBGN0010391	11200	13154	13011	11903	11410	10265
FBGN0030005	177	194	165	104	104	103
FBGN0003865	7	1	0	3	18	15
FBGN0030796	224	306	343	556	471	370
FBGN0005391	7	14	17	3	28	58
FBGN0030408	16	5	25	12	12	14
FBGN0019929	21	6	9	12	6	3
FBGN0284222	79	132	40	85	64	85
FBGN0052732	3045	3534	3852	3185	2929	2614
FBGN0022724	1436	1524	1748	1831	1517	1383
FBGN0030120	262	223	293	224	131	223
FBGN0030433	680	760	798	1014	726	671
FBGN0062413	729	1111	926	688	637	598
FBGN0030066	288	331	356	341	379	427
FBGN0014466	24	6	8	32	32	10
FBGN0030137	266	387	372	362	289	355
FBGN0065035	448	580	618	792	870	793
FBGN0030357	48	56	51	139	171	197
FBGN0288731	0	0	2	6	2	8
FBGN0040388	14536	15837	16635	13579	12422	10957
FBGN0029661	178	164	233	164	241	183
FBGN0015024	11022	12308	12167	11124	11437	10920
FBGN0030615	77	19	4	6	58	23
FBGN0029838	89	26	10	91	16	15
FBGN0263258	15359	16068	17224	10849	10467	9731
FBGN0000221	396	325	426	354	299	316
FBGN0030008	1471	1120	1375	817	804	671
FBGN0030050	9	42	6	10	12	4
FBGN0052569	21	24	35	1	12	5
FBGN0020261	15994	18024	19322	14014	13427	11931
FBGN0266019	10355	11224	11519	9392	8563	7709
FBGN0030614	2	8	5	10	0	1
FBGN0250874	4142	5141	5267	4539	4610	3572
FBGN0030270	23	10	12	14	10	3
FBGN0029836	2	21	7	10	20	1
FBGN0026702	1785	2115	2265	2364	2194	2170
FBGN0029667	8	14	64	30	36	25
FBGN0025800	7455	7966	8206	6634	5800	5202
FBGN0031117	757	889	1026	1194	1020	1047
FBGN0030297	24	3	8	6	10	6
FBGN0029989	24	22	12	46	12	3
FBGN0015379	4417	4724	5690	4182	4115	3813
FBGN0029769	38	8	34	6	17	2
FBGN0027280	3435	3221	3415	2777	2690	2496
FBGN0030053	1849	2263	2284	2494	2135	2240
FBGN0031178	8	13	0	33	33	38
FBGN0031057	12988	13846	15903	11139	10106	9526
FBGN0043903	17841	17747	20022	14638	13608	12832
FBGN0030803	1404	1590	1631	1711	1565	1419
FBGN0262534	56	0	29	0	6	4
FBGN0261791	2557	3413	3048	4544	3548	3080
FBGN0031021	2125	1919	2121	2700	2344	2104
FBGN0029745	289	350	438	300	252	224
FBGN0030974	11195	12910	14255	9836	9691	8555
FBGN0029676	26890	30780	32296	28288	25940	23618
FBGN0053247	2	0	0	0	1	0
FBGN0040398	207	214	152	1004	912	815
FBGN0030539	192	298	401	38	81	73
FBGN0030697	57	20	43	34	46	24
FBGN0030588	179	111	113	114	132	133
FBGN0263706	21666	24868	25347	16231	16187	15187
FBGN0003654	10822	10159	11845	9729	9325	8488
FBGN0040068	5088	4718	5364	3643	3426	3365
FBGN0028292	1161	1401	1431	1009	1319	862
FBGN0010295	5	15	5	11	0	3
FBGN0029999	2717	3305	3515	3677	4074	3672
FBGN0025639	24822	27187	26499	18990	18581	16471
FBGN0003218	944	900	704	407	497	439
FBGN0030542	14	60	96	54	52	49
FBGN0002561	52	17	25	13	21	2
FBGN0029995	8	16	15	19	10	18
FBGN0030703	5622	6735	6077	8031	7828	7439
FBGN0030332	28	9	11	21	25	29
FBGN0003655	14	19	18	16	19	26
FBGN0029573	0	11	2	20	6	2
FBGN0030187	22	14	22	28	16	11
FBGN0040392	118	140	152	141	183	86
FBGN0023523	172	209	145	131	131	136
FBGN0040941	24	29	6	75	42	38
FBGN0030269	2757	2661	3502	2200	2294	2083
FBGN0044030	959	1218	1137	1196	1367	1218
FBGN0023169	4728	5188	5689	4008	3786	3428
FBGN0030345	628	774	870	593	650	499
FBGN0085521	0	21	5	0	5	5
FBGN0030700	291	266	281	299	229	168
FBGN0265784	3026	3110	3350	3141	2771	2467
FBGN0040850	5	4	3	10	17	15
FBGN0030456	4162	4844	5111	5196	4514	4052
FBGN0040087	4062	4382	4589	4096	3707	3251
FBGN0042132	2165	2492	2630	1645	1437	1439
FBGN0085693	0	2	0	5	3	3
FBGN0259170	5131	5717	5886	4073	4011	3351
FBGN0030912	227	238	253	169	197	135
FBGN0086778	125	61	68	69	49	78
FBGN0259150	82	85	67	60	62	57
FBGN0264389	919	1063	993	969	852	742
FBGN0025616	67	10	8	0	26	19
FBGN0030686	2281	2577	2412	2732	2407	2232
FBGN0023458	22512	22655	24759	14994	14390	13725
FBGN0261848	8	17	18	10	6	32
FBGN0040871	9	0	11	0	1	1
FBGN0024238	5967	6712	7295	5885	4999	4947
FBGN0085350	2	19	1	0	0	4
FBGN0030114	7150	8154	9082	6907	6631	5656
FBGN0030319	24	9	20	9	14	9
FBGN0052718	26	5	12	11	6	6
FBGN0027329	26848	27535	31448	28890	27711	24511
FBGN0029986	15	34	9	23	55	29
FBGN0261592	166874	181130	193466	138384	136470	118767
FBGN0030945	2242	2011	2467	1563	1670	1550
FBGN0260006	121	74	138	702	340	373
FBGN0031064	73	34	52	37	44	62
FBGN0086368	6213	6761	7095	5739	5740	5204
FBGN0263512	30	41	30	54	31	29
FBGN0029996	2154	2233	2255	2651	2637	2434
FBGN0040153	523	733	657	767	755	700
FBGN0052720	46	9	4	2	18	13
FBGN0023506	1371	1604	1624	1781	1416	1142
FBGN0031085	10	13	21	14	9	11
FBGN0030373	7	10	17	9	1	14
FBGN0027334	1304	1949	1781	1850	1591	1554
FBGN0052570	1	16	4	9	7	11
FBGN0030570	8	11	2	20	6	5
FBGN0259149	21	36	11	38	19	11
FBGN0030680	3814	3837	4340	3172	2990	2732
FBGN0030390	47	19	25	24	30	21
FBGN0030800	1148	1301	1513	1269	1292	1042
FBGN0000667	20396	19968	21462	15300	14055	13322
FBGN0040360	27	10	10	20	18	12
FBGN0030074	14	0	3	5	1	6
FBGN0030933	16	8	6	14	13	11
FBGN0000042	190626	213256	235903	193239	180315	165152
FBGN0263132	29009	30303	27599	26236	24754	21968
FBGN0030085	152	247	289	363	346	171
FBGN0260986	3560	3413	3702	2860	2768	2459
FBGN0026666	153	233	219	334	214	230
FBGN0052758	1921	2164	2318	1639	1754	1428
FBGN0086384	3963	4355	4659	3377	3540	2861
FBGN0029711	1888	1688	1873	1406	1345	1337
FBGN0288732	0	0	2	11	10	8
FBGN0030089	9705	10353	11445	7983	7249	6997
FBGN0030301	9881	11019	9866	9168	9478	8035
FBGN0250871	31827	33701	38622	23617	22020	20852
FBGN0030306	6532	7499	7800	8583	7801	7347
FBGN0004391	9208	9618	10629	8586	7628	7307
FBGN0046687	1045	1296	1263	989	1133	1034
FBGN0029891	3639	3834	4875	3246	2910	2681
FBGN0030826	36	2	0	0	4	0
FBGN0010315	4555	5106	4983	4918	5251	4515
FBGN0040900	24	10	9	37	44	38
FBGN0004956	572	546	481	653	650	555
FBGN0030630	4097	5526	5368	5277	4527	4402
FBGN0053082	385	379	289	339	395	301
FBGN0029824	331	342	328	341	435	353
FBGN0030263	4853	4741	5648	10321	9309	8557
FBGN0265417	10	38	5	14	17	6
FBGN0024985	3309	3748	3765	2693	2675	2608
FBGN0030603	748	854	1060	518	363	402
FBGN0029929	2331	2562	2998	2547	2336	2044
FBGN0263237	1923	2399	2300	2588	2849	2456
FBGN0029754	35	46	29	25	102	25
FBGN0040364	21	20	12	26	45	6
FBGN0259923	63	68	100	47	50	57
FBGN0030707	30	12	14	17	7	19
FBGN0052719	108	29	27	43	41	33
FBGN0083167	1962	2578	2828	4123	3279	2938
FBGN0085351	15	3	1	0	3	5
FBGN0025615	4153	4617	5048	5220	4797	4110
FBGN0023507	454	525	461	239	247	269
FBGN0024984	23	70	60	199	79	117
FBGN0003068	80	113	101	96	73	87
FBGN0020255	30060	33157	33890	38194	42339	36388
FBGN0052506	60	19	26	29	18	42
FBGN0030452	622	474	619	273	299	361
FBGN0052626	3460	4082	3623	3616	3826	3341
FBGN0040905	8	4	0	3	6	11
FBGN0030764	396	363	288	366	327	269
FBGN0030243	13924	15472	16549	9149	9839	8613
FBGN0030854	9051	10779	9980	8644	8802	7443
FBGN0029968	33	17	21	28	17	34
FBGN0030000	3438	3377	3844	4175	3974	3163
FBGN0031026	20	11	2	0	7	15
FBGN0001565	5644	6197	6736	5693	5640	5115
FBGN0086675	21	36	20	20	32	26
FBGN0030688	12	14	0	1	49	14
FBGN0029761	135	111	73	69	73	116
FBGN0031004	20	2	11	38	17	40
FBGN0052528	1625	1885	2018	1728	1830	1581
FBGN0015010	2	31	22	75	12	7
FBGN0030718	2517	2823	2802	3816	3281	3112
FBGN0030362	1663	2163	1439	3927	3363	3001
FBGN0030417	37	32	50	52	53	32
FBGN0052756	3056	3242	3651	4433	4172	3555
FBGN0030511	406	488	392	521	603	471
FBGN0030569	1775	1005	1394	1793	1541	1418
FBGN0288729	0	21	5	2	8	4
FBGN0023540	2223	2205	2564	1745	1679	1692
FBGN0030202	17	5	15	18	6	5
FBGN0266430	1	0	0	0	8	3
FBGN0000028	53	30	17	35	27	17
FBGN0039944	4381	4999	5101	4350	4100	3873
FBGN0030897	11	15	13	14	29	37
FBGN0030061	6754	7873	8005	8027	7863	6195
FBGN0262738	6898	7924	6907	5583	5190	4845
FBGN0031111	0	13	0	0	3	0
FBGN0030503	1121	1057	1363	1091	1044	996
FBGN0001150	196	152	127	107	130	208
FBGN0030993	85	96	49	242	135	251
FBGN0025620	50	56	10	122	86	60
FBGN0030768	1807	1840	2078	2363	2503	2025
FBGN0030979	19	35	10	20	21	22
FBGN0040890	403	416	538	794	602	460
FBGN0031003	2325	2308	2406	2533	2434	2052
FBGN0085361	2	4	12	1	0	2
FBGN0026090	1062	1197	1368	764	906	973
FBGN0025864	15479	15807	17209	12537	11893	11820
FBGN0000346	1227	1383	1452	1105	1224	1213
FBGN0030846	431	383	249	173	204	206
FBGN0030581	633	767	674	391	554	420
FBGN0040333	12	12	39	8	50	35
FBGN0262811	0	2	0	7	0	3
FBGN0029663	47	22	70	58	67	49
FBGN0262810	1	22	29	16	21	6
FBGN0030339	53	52	19	66	24	32
FBGN0264309	0	2	1	0	0	0
FBGN0010014	13	4	10	23	21	14
FBGN0031143	2004	2320	2682	2536	2829	2492
FBGN0030876	278	302	256	1148	884	817
FBGN0000711	2546	2639	2852	2392	2515	2421
FBGN0030959	7870	8248	8488	7968	7506	6443
FBGN0052667	0	16	1	16	12	5
FBGN0040359	126	184	174	211	170	172
FBGN0003464	10479	10211	11677	6153	6514	6248
FBGN0029720	104	82	85	117	21	68
FBGN0029880	594	600	609	490	508	339
FBGN0029639	62	30	9	62	31	37
FBGN0030895	33	29	8	2	19	16
FBGN0004864	6142	6584	6786	5253	4564	4190
FBGN0011661	51105	54820	59107	42572	42199	37796
FBGN0017561	27	17	34	38	26	44
FBGN0016041	4021	4098	4607	5275	5115	4348
FBGN0027279	7167	7333	7341	6374	5832	5711
FBGN0024250	13905	14022	15446	10709	10284	8753
FBGN0000259	11384	12804	12173	15085	15521	14450
FBGN0261260	50437	53754	54038	31323	29465	29105
FBGN0031110	1	1	0	4	0	4
FBGN0052751	5	18	1	35	34	28
FBGN0030258	0	8	6	3	25	15
FBGN0023534	170	190	274	144	106	172
FBGN0030277	8	6	6	21	2	8
FBGN0040344	6002	6579	6239	4673	4653	4286
FBGN0016975	90	78	55	64	27	65
FBGN0024992	2623	2949	2863	2671	2197	2084
FBGN0030873	2130	2159	2223	2044	1852	1622
FBGN0085443	9774	11077	9819	8809	8303	7138
FBGN0029992	7463	8424	8801	7028	6791	6477
FBGN0030148	51	47	39	39	49	52
FBGN0029717	16	0	2	15	7	11
FBGN0026181	18465	20265	21792	13843	13188	11912
FBGN0030026	519	753	698	953	1124	855
FBGN0031145	6102	6939	6671	8620	8471	7096
FBGN0029700	1	7	5	3	5	2
FBGN0031000	100	45	35	32	29	22
FBGN0030944	3318	3238	3731	2292	2585	2063
FBGN0030797	315	400	324	250	227	206
FBGN0030101	808	554	843	472	562	547
FBGN0262575	2	10	7	6	13	18
FBGN0029067	1493	1632	1694	1404	1187	1172
FBGN0026415	9014	10066	11247	9772	8769	7756
FBGN0029854	619	741	777	809	533	545
FBGN0031092	4216	4721	5130	4161	3986	3812
FBGN0029589	8	4	3	38	8	19
FBGN0029942	610	680	681	1239	1407	1204
FBGN0030870	11023	11500	12869	9662	9763	9147
FBGN0031100	20	28	12	4	4	17
FBGN0040338	0	10	2	0	0	4
FBGN0030035	2930	3828	3838	3600	3383	3202
FBGN0011276	48	14	21	5	25	6
FBGN0029746	640	734	576	542	544	504
FBGN0259198	8	10	0	0	7	9
FBGN0003302	687	979	908	1026	1041	895
FBGN0030386	0	8	6	29	4	12
FBGN0029672	3811	4130	3688	4241	4143	3931
FBGN0030960	755	766	871	594	584	494
FBGN0264598	167	154	206	216	259	136
FBGN0040358	56	71	20	60	40	48
FBGN0030717	772	892	1063	1031	1134	1020
FBGN0052581	6647	8124	8534	8507	8351	7630
FBGN0023542	4001	4233	4510	5104	4982	4495
FBGN0030014	23	22	16	12	19	14
FBGN0030310	142	170	178	141	145	158
FBGN0004854	1014	1340	1761	1053	826	898
FBGN0000319	53283	60208	61133	51002	48276	44666
FBGN0265629	163	182	172	136	124	148
FBGN0002723	1734	1683	1864	1450	1317	1296
FBGN0030223	8	18	9	58	22	52
FBGN0265595	97	27	62	50	66	66
FBGN0030655	2305	2472	2831	2129	2263	1921
FBGN0026015	5779	6564	6537	5342	4834	4535
FBGN0040354	40	60	33	32	37	45
FBGN0030915	1079	1205	1002	940	1016	880
FBGN0040391	41	34	72	42	36	14
FBGN0030551	7	13	4	10	10	11
FBGN0023510	5216	5451	5093	4122	3859	3738
FBGN0029849	532	671	660	656	522	380
FBGN0031196	24	17	48	72	66	45
FBGN0000482	4155	4373	4617	3522	3634	3161
FBGN0040352	39	24	2	23	17	17
FBGN0085377	709	657	693	555	613	645
FBGN0026323	3892	4612	5119	3796	3350	3155
FBGN0000635	19062	19535	20683	17152	17174	16306
FBGN0029958	1566	1814	2068	1843	1631	1542
FBGN0029848	12	17	9	16	19	18
FBGN0030462	0	13	0	2	7	1
FBGN0052677	128	139	293	137	129	166
FBGN0030541	116	88	36	67	91	79
FBGN0026076	4473	5059	4318	5228	5404	4513
FBGN0262827	12	5	3	15	14	13
FBGN0030086	24097	25418	28569	24967	24493	21938
FBGN0029800	1163	1306	1275	815	1092	1118
FBGN0027343	4925	5964	7153	4654	4210	4086
FBGN0030799	1071	1461	1449	1185	1156	1104
FBGN0030723	60	30	36	68	25	40
FBGN0005670	91	146	17	447	352	362
FBGN0031040	717	1356	1322	1223	1300	1206
FBGN0029502	796	993	938	1028	860	820
FBGN0030594	142	320	55	836	569	648
FBGN0052819	181	49	68	84	121	95
FBGN0029822	4812	4640	4942	3310	2969	3019
FBGN0029867	3654	4183	4228	3405	3751	3075
FBGN0031080	54	0	17	7	10	55
FBGN0030586	99	240	58	151	168	216
FBGN0031149	15696	17920	16710	21881	19880	18279
FBGN0031050	1431	1402	1515	1168	1177	1144
FBGN0028969	6949	7845	8387	7094	6245	6128
FBGN0030582	5464	5448	6087	4283	4131	3781
FBGN0053241	2	0	0	0	1	0
FBGN0031089	176	109	62	65	90	83
FBGN0030914	32	11	22	26	13	13
FBGN0002873	30616	39329	34222	30797	27011	25726
FBGN0259195	40	1	17	33	16	21
FBGN0086450	54	16	19	67	22	37
FBGN0030995	364	241	397	289	326	195
FBGN0030189	258	155	171	1099	1196	973
FBGN0029766	1852	2104	2372	28387	25142	23189
FBGN0015774	3822	3883	3511	3131	2711	2834
FBGN0261609	13829	16142	16511	16236	14963	13081
FBGN0031197	8	4	18	14	12	27
FBGN0030501	1872	1885	1952	2054	2037	1706
FBGN0029948	4	2	9	0	13	14
FBGN0026206	10195	10600	10764	7309	7312	6861
FBGN0030660	717	785	676	575	628	590
FBGN0029603	8	2	4	13	8	0
FBGN0030679	1317	1267	1493	1714	1486	1449
FBGN0052532	34	29	27	57	26	42
FBGN0002914	13718	15791	15937	13452	13611	11894
FBGN0030882	6899	7109	7929	7193	6682	6341
FBGN0259223	10	14	1	36	21	14
FBGN0031171	85	62	27	93	132	59
FBGN0031139	40	3	46	12	8	2
FBGN0259188	74	15	30	10	31	15
FBGN0027335	7781	8631	8778	6800	6163	5728
FBGN0030033	62	16	80	42	42	19
FBGN0030976	25	38	16	18	36	26
FBGN0003517	138294	141527	163864	124970	114715	100024
FBGN0029907	64	32	54	57	53	17
FBGN0031044	964	1009	1173	1015	958	739
FBGN0030815	76	63	90	96	69	70
FBGN0000376	4833	5071	5171	3145	3414	3087
FBGN0052572	28	7	27	44	65	34
FBGN0288746	0	3	0	0	0	7
FBGN0029778	2331	2165	2750	2157	2121	2194
FBGN0026143	3042	2947	3508	2144	2444	2096
FBGN0003189	18183	20324	21832	17615	15872	14666
FBGN0261931	4648	5129	6149	4225	4192	3683
FBGN0030715	8	10	7	25	19	14
FBGN0011760	41564	47398	43125	49116	52242	44971
FBGN0004169	920	1088	553	1483	1426	1159
FBGN0024994	1021	1129	1146	963	964	819
FBGN0052801	61	62	36	51	78	19
FBGN0000535	131	81	68	142	66	71
FBGN0030617	978	831	869	1097	791	736
FBGN0030478	6650	7406	8339	6382	5916	5554
FBGN0030778	75	60	58	180	117	135
FBGN0030989	46	18	17	16	15	46
FBGN0030673	645	816	576	694	586	532
FBGN0032171	422	510	733	554	643	597
FBGN0031304	1703	1708	1834	1687	1560	1367
FBGN0267828	2279	1837	2026	1391	1433	1450
FBGN0026150	5434	6780	6627	7652	7188	6555
FBGN0053895	10	13	12	7	18	9
FBGN0015756	24943	33472	32692	33652	25926	26586
FBGN0031813	1431	1655	1850	1524	1375	1274
FBGN0032582	32	27	55	20	25	36
FBGN0283651	136	73	76	54	64	49
FBGN0032725	1412	1840	1630	2021	2046	1822
FBGN0083961	1240	1454	1376	1127	1223	974
FBGN0027597	989	1183	1422	1838	1230	1317
FBGN0032709	0	4	5	3	5	14
FBGN0032615	52	22	14	35	33	43
FBGN0261523	5	9	10	12	6	16
FBGN0031857	270	152	213	191	147	155
FBGN0032781	4214	5432	5475	7810	7526	7068
FBGN0053511	28	24	33	153	78	68
FBGN0032587	688	541	398	1677	1545	1436
FBGN0031786	0	8	2	4	10	9
FBGN0024230	1229	1481	1450	1560	1384	1263
FBGN0031373	17	0	15	0	6	1
FBGN0028899	542	513	371	236	321	302
FBGN0026479	9598	10538	10751	10031	8831	8043
FBGN0032822	262	329	316	421	416	457
FBGN0000640	1309	3241	1157	19743	15909	13671
FBGN0051642	983	1109	825	537	495	420
FBGN0025777	4149	4439	4691	4243	4502	4203
FBGN0031609	1826	2144	2235	1537	1482	1150
FBGN0032670	32	9	43	13	7	22
FBGN0032940	8403	9209	8746	8133	7565	6608
FBGN0015381	46	38	17	36	38	17
FBGN0041627	1085	1199	1157	6558	6024	5339
FBGN0032285	47	76	51	53	66	70
FBGN0051648	394	463	470	674	604	530
FBGN0032402	175	110	160	334	238	188
FBGN0032110	18	5	10	36	9	26
FBGN0086681	69	37	38	54	52	41
FBGN0031634	102	72	59	58	43	69
FBGN0032782	88	104	80	143	102	110
FBGN0032018	3290	3807	3442	3269	3309	3403
FBGN0053642	8	6	19	13	9	0
FBGN0032683	4616	5185	5495	3275	3305	3453
FBGN0028532	86	153	34	52	89	71
FBGN0032474	959	1128	1469	1822	1862	1728
FBGN0031461	291	366	361	480	497	504
FBGN0031764	2876	2962	3035	4367	4435	3535
FBGN0001089	224	146	95	856	711	689
FBGN0032284	62	82	64	190	68	137
FBGN0265785	12	0	0	0	2	12
FBGN0283440	37	31	34	4	29	37
FBGN0032671	1362	1578	1643	1896	1736	1618
FBGN0005672	8037	8936	8844	7743	7810	7295
FBGN0053303	16106	17357	17248	18276	17242	15917
FBGN0051632	54	51	66	143	59	71
FBGN0259715	12	31	43	52	46	28
FBGN0031224	1697	1922	1891	1968	2042	1464
FBGN0032955	511	476	393	807	762	674
FBGN0028479	14889	18634	18642	14481	14337	12905
FBGN0032503	9	6	20	56	11	5
FBGN0032453	7231	9123	9355	10165	8851	8426
FBGN0053830	20	36	10	38	13	22
FBGN0051729	8208	8667	8619	7185	7265	6812
FBGN0028704	79	85	66	118	84	85
FBGN0020371	9	15	8	5	0	0
FBGN0024314	7619	9390	8851	8566	8085	7428
FBGN0045500	18	34	0	31	29	15
FBGN0017457	4525	5120	4895	4715	4178	3814
FBGN0005593	114632	128694	143083	105254	98699	88831
FBGN0032246	4111	4577	4886	5629	5098	4542
FBGN0032867	6	28	10	8	39	9
FBGN0083942	10	4	3	4	10	2
FBGN0032620	2673	3827	3181	4885	4962	4635
FBGN0031360	1137	1174	1135	1172	1130	840
FBGN0031379	4609	4559	4794	4751	4416	3461
FBGN0000153	55	80	46	157	136	156
FBGN0260953	25	23	39	18	76	61
FBGN0032701	5113	5848	6301	6023	6916	5299
FBGN0026255	59	29	106	93	48	83
FBGN0264855	11027	12100	11468	9467	9245	8368
FBGN0032525	26	7	40	20	20	16
FBGN0032166	2264	2224	2496	2358	1946	1735
FBGN0032420	1940	2388	2432	3261	2854	2720
FBGN0031217	2064	2809	2372	2887	2705	2670
FBGN0085395	104	72	36	38	119	81
FBGN0032378	4748	5615	6165	4372	4083	3758
FBGN0032080	14	18	27	22	22	18
FBGN0051915	756	843	859	863	740	744
FBGN0032069	78	68	29	26	28	30
FBGN0051601	58	30	19	52	25	13
FBGN0263086	0	0	2	0	0	3
FBGN0031347	47	24	29	14	41	39
FBGN0031831	12	47	64	58	29	36
FBGN0032491	6	26	0	7	31	12
FBGN0259998	17	0	5	16	9	6
FBGN0031331	0	18	0	8	0	13
FBGN0265087	14	1	0	1	0	3
FBGN0051646	54	21	14	2	23	36
FBGN0051675	12	0	3	4	16	1
FBGN0003372	2765	8783	1212	3538	6038	4006
FBGN0086711	326	280	256	260	127	146
FBGN0000579	33311	34193	39519	28095	27422	23947
FBGN0032294	0	5	13	24	9	0
FBGN0032230	4434	5263	5262	9122	9036	8246
FBGN0267821	14806	14733	17240	12251	12073	10644
FBGN0285948	65763	76285	75211	73239	71629	62681
FBGN0259201	66	45	50	207	213	121
FBGN0053552	380	360	307	332	377	327
FBGN0262647	10037	10829	11039	10917	11259	9727
FBGN0261568	2	11	3	3	6	0
FBGN0032231	749	1015	1046	1104	987	988
FBGN0051658	221	207	153	229	141	134
FBGN0025109	847	970	813	1012	742	751
FBGN0053723	36	5	18	5	2	7
FBGN0031837	27	16	22	16	9	21
FBGN0027363	4703	5755	5589	5939	5151	5087
FBGN0031384	855	1220	1094	793	865	847
FBGN0031775	4	16	30	12	10	24
FBGN0032818	742	973	1204	1238	965	957
FBGN0264672	2871	2833	2836	2052	1963	1774
FBGN0051739	9802	10249	10439	10453	9811	8321
FBGN0259951	4	6	3	0	0	9
FBGN0024320	7850	8849	8401	7440	6957	6063
FBGN0015320	6252	5993	7175	6021	5993	5306
FBGN0031573	1273	1362	1549	1444	1559	1146
FBGN0032881	438	634	566	669	535	450
FBGN0040719	0	6	0	16	11	3
FBGN0031628	784	782	1046	520	623	515
FBGN0261630	2	2	1	9	4	16
FBGN0260228	77	103	84	432	388	422
FBGN0003046	43	141	18	587	419	413
FBGN0028387	4559	5134	4785	5407	5416	5023
FBGN0028941	3	11	5	7	32	28
FBGN0032283	104	37	24	124	86	75
FBGN0040261	28	35	23	3	21	18
FBGN0016076	8160	7456	7319	5352	4756	4378
FBGN0032973	37	16	6	36	31	30
FBGN0032530	234	199	195	279	319	252
FBGN0024183	20315	22525	21927	19270	18222	16023
FBGN0045486	30	15	8	34	18	14
FBGN0261976	374	481	485	676	446	445
FBGN0011603	153	140	71	103	142	81
FBGN0032646	2997	3270	3751	3364	3336	2894
FBGN0085369	59	33	31	32	48	13
FBGN0083962	7321	7530	8003	6056	5754	5373
FBGN0027844	251	343	428	537	501	511
FBGN0051613	11	10	2	10	0	5
FBGN0032175	79	58	20	92	66	46
FBGN0015924	840	1158	1110	1695	1292	1361
FBGN0032193	927	801	860	711	717	682
FBGN0032512	3350	3996	4438	3641	4214	3240
FBGN0032654	5	0	5	0	17	0
FBGN0053673	13	3	9	18	6	0
FBGN0264989	0	12	4	3	0	10
FBGN0262002	65	22	6	23	23	37
FBGN0032299	6	11	0	19	7	4
FBGN0025700	8140	9653	9332	8524	7875	7070
FBGN0053644	12	15	0	0	6	14
FBGN0284251	6700	7916	7492	9234	8242	8044
FBGN0085199	1	0	4	17	3	1
FBGN0032329	1305	1513	1376	1864	1785	1429
FBGN0262880	1	7	0	7	2	1
FBGN0053194	114	69	46	120	101	88
FBGN0051860	42	42	13	26	53	45
FBGN0032169	1225	1341	1609	1338	1388	1116
FBGN0032337	33	23	13	16	21	20
FBGN0051687	1506	2118	2306	1927	1888	1776
FBGN0031903	78	121	164	56	74	53
FBGN0031638	3021	3072	3314	3302	3330	2707
FBGN0243486	3540	4104	4159	1786	1740	1518
FBGN0085195	855	1968	660	13914	11666	11584
FBGN0264301	17	11	18	15	37	13
FBGN0031547	60	29	28	179	98	126
FBGN0028926	2030	2200	2289	1833	1788	1665
FBGN0051851	27	0	7	9	27	16
FBGN0032788	33	14	25	14	32	25
FBGN0259953	4	10	0	0	2	0
FBGN0031466	16	34	28	36	38	58
FBGN0000053	9503	10963	10759	12069	11035	10013
FBGN0032699	562	649	748	826	478	482
FBGN0032296	2375	2377	2400	2043	2134	1968
FBGN0267726	0	0	0	6	0	0
FBGN0031836	1152	1198	1503	1032	963	956
FBGN0032749	81	73	28	52	31	26
FBGN0032372	11	10	5	8	8	50
FBGN0015316	104	87	71	135	143	123
FBGN0032780	21	33	46	93	54	24
FBGN0032700	353	449	419	443	411	359
FBGN0051718	23	8	21	68	20	30
FBGN0051848	7	8	2	21	12	0
FBGN0263933	6992	8068	7370	6879	6351	5653
FBGN0031947	8014	8630	8118	8023	8447	7080
FBGN0032303	52	2	16	18	17	9
FBGN0085191	12	12	50	26	29	16
FBGN0054043	6	10	31	21	7	18
FBGN0032111	0	12	2	11	0	0
FBGN0053840	0	7	6	10	0	5
FBGN0032987	61909	72972	70998	90048	83126	70160
FBGN0032176	53	16	45	38	35	37
FBGN0261068	1913	2189	2472	2408	2160	1961
FBGN0265968	659	709	624	744	846	769
FBGN0028986	11	44	4	45	22	23
FBGN0031753	1	0	6	0	14	18
FBGN0003961	5	18	12	233	138	129
FBGN0053832	0	0	0	5	3	1
FBGN0031497	12026	12943	13111	15475	15205	13266
FBGN0031558	28	19	4	201	154	107
FBGN0023091	23	42	40	6	7	9
FBGN0032858	1398	1659	1416	1433	1289	1132
FBGN0051797	59	74	106	133	167	92
FBGN0042126	38	48	27	20	30	40
FBGN0016978	8743	9528	10421	7285	7270	6446
FBGN0031289	18	5	20	13	15	13
FBGN0085343	186	235	166	326	209	162
FBGN0011272	80598	91993	101776	82525	76796	69219
FBGN0262621	0	1	1	4	5	10
FBGN0031608	1466	1731	1578	924	1175	1146
FBGN0051611	41	21	18	21	31	6
FBGN0043854	54	41	47	20	72	74
FBGN0032821	12256	13148	13366	9699	9102	8171
FBGN0053817	0	0	0	0	0	0
FBGN0053866	1	1	0	4	3	0
FBGN0051949	13	4	2	11	2	4
FBGN0031785	92	44	44	29	52	30
FBGN0263051	737	1056	1188	492	577	373
FBGN0032612	38	17	31	48	44	12
FBGN0031470	41	38	19	0	41	12
FBGN0085204	4	15	8	6	3	8
FBGN0086657	3489	3927	3874	3889	3822	3197
FBGN0032374	32	18	1	3	3	1
FBGN0051798	38	14	24	53	45	4
FBGN0031260	4072	5340	5208	5781	6460	5648
FBGN0040509	49	49	21	64	76	56
FBGN0032217	6736	7427	6846	8248	7675	6992
FBGN0051682	10	8	36	2	19	1
FBGN0031784	3	12	23	10	22	5
FBGN0051720	57	39	59	54	21	45
FBGN0031317	1737	1827	1894	2055	2051	1561
FBGN0025115	1	0	5	0	0	3
FBGN0031284	414	640	340	701	765	649
FBGN0243513	149	133	70	220	191	134
FBGN0032338	23	0	10	2	39	8
FBGN0031398	1354	1287	1562	1368	1392	1203
FBGN0031562	17	1	18	54	21	20
FBGN0031752	3672	3702	3682	3510	3539	3306
FBGN0053908	1	3	0	25	0	3
FBGN0031910	8	6	0	10	10	24
FBGN0032225	118	77	138	21	9	17
FBGN0026148	870	1111	1186	1255	1005	1153
FBGN0032315	7	1	1	14	0	0
FBGN0032470	32	12	13	10	28	22
FBGN0031885	7774	9009	8479	6651	6537	6403
FBGN0263916	10922	11655	12101	10580	10391	8675
FBGN0051973	2272	1747	1516	2242	2168	1903
FBGN0259749	2404	2861	3225	2295	2230	1992
FBGN0265257	0	1	0	0	1	0
FBGN0031282	240	307	248	232	264	248
FBGN0069354	88	89	76	67	93	51
FBGN0028871	161	137	161	273	182	197
FBGN0032084	77	85	69	55	57	58
FBGN0087041	1440	1675	1343	1384	1418	1333
FBGN0263078	34	24	43	10	10	14
FBGN0016698	2038	2209	2113	2141	2006	2144
FBGN0032234	694	634	658	998	937	896
FBGN0032666	6379	7416	6939	5136	4895	4775
FBGN0004858	6852	7289	6911	6464	6108	5714
FBGN0261804	91	41	51	83	27	112
FBGN0002939	20	42	21	2	23	16
FBGN0031374	6846	7870	7878	6664	5835	5845
FBGN0031332	22	3	0	9	0	17
FBGN0264750	1	5	24	4	20	6
FBGN0031697	46	11	12	61	15	15
FBGN0041182	2784	3306	2723	5360	4703	4445
FBGN0032787	344	433	391	578	525	348
FBGN0031865	48	47	62	136	69	131
FBGN0031515	98	62	34	128	88	43
FBGN0031457	701	797	937	941	847	701
FBGN0004363	28169	31069	32522	30500	28176	24854
FBGN0261054	0	0	0	0	0	0
FBGN0010323	70	22	25	37	28	9
FBGN0032042	752	679	840	543	594	522
FBGN0032067	36	48	59	54	73	11
FBGN0262352	14	24	4	58	4	16
FBGN0032833	6898	8540	9201	9705	9318	8681
FBGN0032586	13591	15877	16666	20677	20283	17606
FBGN0259717	372	484	353	607	411	384
FBGN0028546	2838	2846	2956	2241	2629	2197
FBGN0002936	26	5	12	11	2	3
FBGN0053865	27	0	1	18	20	10
FBGN0004406	1378	1457	1637	1275	1144	954
FBGN0028410	37	29	23	26	6	17
FBGN0261983	2961	3230	2845	2721	2737	2426
FBGN0051816	13	13	0	7	15	18
FBGN0031281	1927	2245	2196	1746	1981	1638
FBGN0016660	144	202	375	126	148	68
FBGN0019932	1159	1362	1060	1942	1486	1497
FBGN0031513	24	25	28	53	15	29
FBGN0032626	1	9	2	3	3	16
FBGN0032923	3756	4150	3923	6204	5893	5442
FBGN0032259	688	608	555	640	856	645
FBGN0031580	5	9	0	0	27	3
FBGN0085476	6	17	17	36	23	39
FBGN0051950	152	288	282	306	412	349
FBGN0031874	204	373	238	412	264	420
FBGN0051802	1	4	0	0	1	22
FBGN0051659	20	6	0	41	19	10
FBGN0041181	4615	4470	4390	3175	2971	2838
FBGN0286875	2	2	0	5	1	3
FBGN0001990	1670	2009	1818	1342	1652	1547
FBGN0031673	4356	4861	4790	4076	4284	3514
FBGN0004915	4022	4342	3914	5109	4860	4399
FBGN0263198	21598	24491	24169	17621	18116	15925
FBGN0032597	791	970	1043	2804	2468	2269
FBGN0028864	5	4	42	48	92	103
FBGN0031663	2315	2050	2520	1291	1334	1237
FBGN0031436	2175	2326	2445	2115	1735	1685
FBGN0032485	2020	2460	2705	1774	1654	1629
FBGN0053526	12322	13477	13523	12790	12062	11081
FBGN0032734	22	22	8	20	43	17
FBGN0250906	12151	12919	14216	12125	11303	10604
FBGN0027505	1731	2011	2098	2657	2396	2003
FBGN0005771	10547	12023	12043	8766	7536	7001
FBGN0032140	122	187	239	247	192	252
FBGN0053822	995	1590	1088	1907	1920	1663
FBGN0265669	6	0	0	18	3	23
FBGN0031564	1	7	15	0	12	16
FBGN0028850	12	4	0	9	17	3
FBGN0032752	50	63	73	48	63	48
FBGN0005683	912	1040	1019	1272	1316	939
FBGN0028526	74	5	16	11	30	7
FBGN0262001	6	2	4	3	18	16
FBGN0283525	1072	1204	1134	1055	1096	728
FBGN0025595	30	15	12	43	49	34
FBGN0261058	5	1	14	0	2	10
FBGN0032859	5879	7174	6627	7853	7601	6796
FBGN0085342	337	320	430	296	304	283
FBGN0259111	136	120	96	238	169	211
FBGN0028970	485	517	647	597	548	539
FBGN0028902	36	9	0	41	41	2
FBGN0025697	49	48	34	385	313	304
FBGN0053881	0	0	0	48	0	9
FBGN0032404	5023	5556	5273	6276	6171	5434
FBGN0002044	12647	14529	14958	10927	10257	8914
FBGN0043539	2	8	0	0	0	4
FBGN0032385	8	2	0	6	16	10
FBGN0031971	1505	1420	1943	1119	1039	846
FBGN0015621	1648	1654	1893	2128	1875	1592
FBGN0259176	30752	32842	31803	22107	20079	18984
FBGN0263081	19	14	18	8	27	7
FBGN0023388	5614	6860	5954	4876	5087	4488
FBGN0028525	28	41	13	24	44	29
FBGN0032221	272	273	284	222	307	268
FBGN0031453	54808	56451	57917	53936	55904	52414
FBGN0086347	7066	7854	7441	5094	5614	5039
FBGN0031992	327	531	379	966	865	804
FBGN0263322	0	9	9	2	0	0
FBGN0002023	124	52	24	29	45	45
FBGN0085202	4	2	0	2	1	3
FBGN0031957	808	549	903	1149	888	1012
FBGN0031814	2033	2214	2154	1499	1635	1415
FBGN0032149	1133	1003	1051	1604	1476	1318
FBGN0263773	632	1095	1052	1067	1061	972
FBGN0032032	396	232	306	298	309	304
FBGN0001961	5010	5769	6103	6039	5220	5316
FBGN0259989	3	6	0	2	4	7
FBGN0031492	5942	6205	6457	6590	5652	5181
FBGN0032129	152	79	80	115	130	164
FBGN0267689	37	8	23	12	8	31
FBGN0053129	15685	17674	18439	16038	14869	13679
FBGN0031403	1211	1134	1080	1863	2010	1788
FBGN0028481	31	28	33	90	26	37
FBGN0262878	0	0	4	7	2	6
FBGN0028838	11	3	20	0	21	11
FBGN0031756	100	52	56	138	113	129
FBGN0065108	21	23	29	105	50	70
FBGN0025608	4131	4180	4781	3857	3787	3666
FBGN0085470	3999	4266	4459	4173	4125	3520
FBGN0032774	2071	2493	3062	1411	1320	1187
FBGN0028863	81	81	33	97	68	59
FBGN0032964	97	99	81	52	23	40
FBGN0250844	0	19	10	17	6	11
FBGN0031321	892	792	1019	602	662	631
FBGN0025678	13774	14328	15850	15297	13505	12584
FBGN0032894	4	13	4	2	6	6
FBGN0010583	3572	3704	4013	2946	2907	2671
FBGN0284244	3332	4023	4042	9965	9264	8256
FBGN0028938	34	23	66	44	58	55
FBGN0031235	26	34	29	40	34	24
FBGN0031719	1	11	3	3	9	12
FBGN0032618	1109	1036	1185	996	844	756
FBGN0262876	1	4	5	7	7	10
FBGN0032946	26	13	27	38	28	21
FBGN0260407	962	998	784	1078	1168	964
FBGN0053837	0	7	6	10	0	5
FBGN0031351	587	634	505	653	727	694
FBGN0062978	15	44	2	22	40	22
FBGN0032638	60	62	16	210	190	129
FBGN0032523	15	2	0	2	0	6
FBGN0260861	476	605	553	877	748	602
FBGN0032845	288	398	379	458	373	407
FBGN0032988	4513	5323	4860	6536	6255	5297
FBGN0032751	829	726	943	1075	816	966
FBGN0054011	2	2	0	21	11	24
FBGN0053635	295	505	481	585	498	474
FBGN0051635	10174	11134	10421	7443	7709	6276
FBGN0032335	53	117	75	30	28	20
FBGN0027348	72	43	59	85	55	120
FBGN0031315	552	765	584	870	817	749
FBGN0032705	3941	4561	4757	4269	3698	3497
FBGN0262598	59	59	67	73	18	53
FBGN0083970	113	161	97	164	118	112
FBGN0032408	3496	4471	4410	5694	4963	4130
FBGN0031653	43	3	16	21	44	38
FBGN0032123	3813	3895	4037	3935	3981	3832
FBGN0264894	1117	1114	961	1578	1609	1296
FBGN0261683	9	2	4	24	6	22
FBGN0032717	14321	15029	13464	12553	12652	11216
FBGN0032444	19771	23052	23498	26722	25245	23196
FBGN0051712	4897	5377	4697	4071	4041	4156
FBGN0086707	16869	19387	17792	20535	19590	18230
FBGN0028879	178	128	74	33	74	57
FBGN0264810	14	9	0	17	12	13
FBGN0031715	29	18	24	9	4	16
FBGN0032721	9623	11517	11140	11880	11072	10113
FBGN0000056	6	14	7	13	23	27
FBGN0031724	23	9	8	9	15	19
FBGN0032966	3	9	2	3	3	11
FBGN0032013	3	8	9	37	12	28
FBGN0032910	429	472	445	649	579	517
FBGN0259713	5	3	2	16	6	0
FBGN0028947	11	10	19	0	28	3
FBGN0032198	16744	20434	17692	23218	22922	20223
FBGN0032382	275	231	379	671	435	443
FBGN0051832	20	12	18	0	3	22
FBGN0085190	3	8	0	1	8	0
FBGN0031264	2033	3503	2376	2867	2554	2534
FBGN0032549	19	27	1	61	15	39
FBGN0085370	4851	6594	6143	4362	4142	4304
FBGN0031925	14	21	10	9	17	25
FBGN0032167	984	994	1475	1073	896	696
FBGN0003979	6	8	16	13	13	8
FBGN0032445	817	801	808	981	839	745
FBGN0032095	98	52	34	23	84	45
FBGN0040519	0	2	7	2	10	3
FBGN0053883	0	3	3	1	7	4
FBGN0051988	44	10	1	6	12	9
FBGN0031830	2202	2457	2503	3453	3053	2561
FBGN0053824	20	40	10	38	13	22
FBGN0250835	4	5	4	7	11	0
FBGN0032482	1407	1259	1451	1408	1379	1235
FBGN0264979	46	91	6	250	152	151
FBGN0000229	3372	3848	3442	3792	3759	3545
FBGN0031700	6	6	1	19	4	6
FBGN0031707	24	26	15	28	10	37
FBGN0001941	2920	2823	2854	3122	2957	2727
FBGN0051710	1308	1521	1690	2008	1922	1790
FBGN0051961	763	919	905	1227	1155	1122
FBGN0031324	14	2	8	16	9	14
FBGN0051624	24	8	2	16	12	12
FBGN0032514	10687	11977	13016	10704	10383	9285
FBGN0031563	1	7	6	19	4	0
FBGN0261800	33323	35162	37573	23294	22393	20731
FBGN0051898	248	287	358	285	266	277
FBGN0051849	543	474	565	461	426	408
FBGN0053810	1647	2235	1797	2810	2778	2488
FBGN0032609	42	10	12	11	25	33
FBGN0031849	45	55	42	43	11	29
FBGN0053002	1690	1914	1663	1888	1963	1660
FBGN0284255	2279	3038	2920	3440	3074	2793
FBGN0032363	15718	18430	18084	14844	14282	12516
FBGN0028862	26	39	13	15	55	65
FBGN0032957	5478	6497	5913	4783	4511	4044
FBGN0016920	123	72	59	89	75	79
FBGN0000964	29	16	28	10	6	18
FBGN0031406	8	19	35	0	7	10
FBGN0031345	12	3	6	5	4	0
FBGN0032077	193	262	223	436	389	345
FBGN0005590	20	6	4	18	5	14
FBGN0086251	1791	1899	1878	1151	1336	1280
FBGN0031718	33	8	14	6	6	8
FBGN0000307	19323	21369	20580	16805	16443	14131
FBGN0287599	1	2	1	1	0	7
FBGN0032339	1562	1684	2018	1493	1462	1180
FBGN0025742	4183	4301	4907	4695	3947	3701
FBGN0032680	15	44	5	4	24	11
FBGN0261563	7888	9923	8433	5623	5429	5055
FBGN0046113	69	58	45	31	117	27
FBGN0267488	41866	44361	44654	35569	34188	31968
FBGN0031474	2827	3021	3025	2628	2575	2233
FBGN0051735	26	15	28	41	26	11
FBGN0001142	298	517	458	2381	2039	1871
FBGN0032629	397	615	501	363	372	301
FBGN0261020	1344	1572	1531	1513	1642	1407
FBGN0032424	42	19	18	21	19	4
FBGN0032292	1175	1156	1496	1653	1655	1711
FBGN0261057	1	0	0	0	0	0
FBGN0261822	6943	7791	7083	8451	8422	7764
FBGN0032078	2148	2160	2143	1514	1508	1582
FBGN0031239	1079	1185	956	720	763	687
FBGN0259922	20	0	0	29	11	11
FBGN0031848	548	658	553	832	724	590
FBGN0014189	25345	27021	28479	25140	24617	22392
FBGN0010398	721	716	766	824	661	541
FBGN0027560	51	96	14	179	205	115
FBGN0031868	7494	8570	8203	9304	9941	8593
FBGN0041337	28	26	12	32	23	13
FBGN0031941	14	8	9	2	14	11
FBGN0039958	3361	4204	3736	3410	3232	3096
FBGN0040079	2131	1919	2111	2016	1695	1391
FBGN0031320	494	434	762	1974	2052	1877
FBGN0032519	24	61	48	0	1	8
FBGN0032089	7	12	19	21	36	15
FBGN0260452	5	16	9	17	26	9
FBGN0010300	50242	51339	53513	38724	36302	32597
FBGN0027868	7329	8165	9370	6846	6480	6116
FBGN0003557	7993	8755	9594	6458	6893	5704
FBGN0020376	8	27	19	28	42	36
FBGN0051806	5	7	0	0	1	4
FBGN0002022	10163	11410	12084	10077	9623	8139
FBGN0262601	7200	8969	9230	6620	6062	5352
FBGN0051779	3	8	3	1	11	2
FBGN0032436	16	27	11	20	53	23
FBGN0031367	9	5	14	27	0	3
FBGN0259984	19224	21906	20381	16639	16547	15474
FBGN0262782	5163	5230	5763	6569	6133	5230
FBGN0032689	3933	4141	4320	4535	4210	4241
FBGN0001995	1393	1696	1582	1625	1348	1279
FBGN0051693	42	17	8	11	21	36
FBGN0032488	3635	4518	4248	4803	4509	3973
FBGN0020762	605	807	808	852	719	738
FBGN0032856	412	164	190	340	188	175
FBGN0032750	583	574	740	770	614	722
FBGN0031774	777	765	1010	884	667	592
FBGN0032224	1060	1051	908	1365	1433	1282
FBGN0051871	98	38	54	67	50	41
FBGN0027515	2317	2781	2863	2092	1862	1904
FBGN0031869	85	122	86	107	100	118
FBGN0264988	0	0	4	3	7	0
FBGN0031435	514	677	791	489	375	468
FBGN0261671	23825	28072	25729	20958	20369	18564
FBGN0004838	70139	73518	83353	56052	53692	49068
FBGN0028948	7	7	3	3	15	12
FBGN0032015	4989	6346	5530	6434	5891	4836
FBGN0263842	0	5	3	4	3	4
FBGN0031654	116	43	173	108	44	86
FBGN0032478	48	7	18	89	24	31
FBGN0261566	9	5	16	0	12	5
FBGN0031940	23	20	15	53	55	67
FBGN0040993	59	28	66	213	211	192
FBGN0031423	16	24	2	3	10	19
FBGN0031268	1922	2261	2345	2601	2306	2560
FBGN0028878	47	43	33	50	80	96
FBGN0053302	99	68	61	60	66	81
FBGN0003896	1755	2252	2336	1551	1555	1495
FBGN0032624	5	3	6	24	23	20
FBGN0051861	7	0	12	2	2	29
FBGN0053838	0	0	0	5	3	1
FBGN0026395	6	5	6	96	90	106
FBGN0031561	14	1	0	13	38	2
FBGN0032882	3106	3604	3741	3759	3742	3183
FBGN0032688	5294	6072	5783	5323	4938	4308
FBGN0031265	1997	1747	1913	2675	2420	1994
FBGN0001991	200	155	199	126	156	148
FBGN0260486	7278	8965	7553	7199	7434	6981
FBGN0040510	81	66	35	82	75	35
FBGN0031381	281	235	353	317	338	356
FBGN0028540	2842	2846	3036	3095	3034	2460
FBGN0262856	1	6	3	5	9	8
FBGN0032814	2100	2551	2402	1700	1851	1459
FBGN0028645	18	9	6	6	32	9
FBGN0032172	3941	4686	4234	3679	3888	3489
FBGN0031228	1000	1236	1027	1565	1717	1611
FBGN0042127	3063	3396	2951	4271	4097	3667
FBGN0031568	127	69	24	121	104	94
FBGN0003942	90266	106937	117090	71669	74274	60704
FBGN0283427	8031	8149	8735	3880	3582	3517
FBGN0032293	2447	2385	2543	3456	3240	2880
FBGN0032901	3121	3326	2997	2530	2362	2028
FBGN0032513	1261	1596	1331	1569	1518	1267
FBGN0032030	3147	3877	3359	4068	3572	2881
FBGN0032061	35	25	14	15	35	27
FBGN0051897	171	197	99	313	251	264
FBGN0005322	1884	2451	2209	2807	2388	2244
FBGN0053886	1	0	3	0	0	0
FBGN0032076	91	116	117	390	346	286
FBGN0031954	14	6	7	4	9	6
FBGN0003386	60	17	40	80	33	22
FBGN0004242	144	268	102	431	268	273
FBGN0031270	443	358	374	335	456	314
FBGN0040260	41	9	38	7	39	45
FBGN0032834	1	9	7	8	4	11
FBGN0051706	5	17	5	14	12	29
FBGN0032039	12	38	12	19	31	12
FBGN0053299	37	3	5	9	22	20
FBGN0051660	74	136	116	70	78	68
FBGN0027609	2790	2979	2936	2997	2723	2379
FBGN0031430	5	24	7	0	3	14
FBGN0032665	25	6	13	12	5	8
FBGN0003310	6220	7991	6966	4683	5037	4470
FBGN0031273	293	192	225	375	436	429
FBGN0051813	4	7	17	0	5	1
FBGN0260996	1	7	5	0	9	15
FBGN0003313	8	6	0	9	8	17
FBGN0032216	5408	6489	6181	6342	5688	5204
FBGN0032395	2807	3107	3316	2686	2468	2152
FBGN0264260	3	8	8	1	4	0
FBGN0031407	12	8	1	5	13	5
FBGN0051627	40	52	28	72	55	50
FBGN0040725	20	0	41	0	0	5
FBGN0000146	133	129	86	106	75	49
FBGN0031314	2062	2208	2451	2335	2092	2056
FBGN0002887	3098	3388	2547	4839	4584	4123
FBGN0031664	3439	3676	3695	3130	3179	2696
FBGN0040989	9	0	0	0	5	4
FBGN0031751	19	2	1	14	11	1
FBGN0051639	8	10	3	5	0	9
FBGN0000351	418	293	513	338	469	414
FBGN0031902	930	1346	1323	741	809	831
FBGN0020258	112	96	38	73	63	73
FBGN0031279	45	40	15	57	43	15
FBGN0031626	52	34	18	0	15	52
FBGN0011737	3982	3968	4514	3109	2915	2637
FBGN0017551	2820	3061	3294	2558	2606	2036
FBGN0263598	8262	9317	10100	7617	6978	6863
FBGN0031881	252	362	294	373	446	349
FBGN0051935	1124	1229	1436	1380	1143	1006
FBGN0085210	4	13	1	12	0	18
FBGN0260479	87	62	27	139	264	126
FBGN0261567	7	1	3	10	4	4
FBGN0053533	12	6	4	9	9	7
FBGN0263386	0	0	3	0	0	2
FBGN0051960	115	174	96	129	86	98
FBGN0000120	24	31	7	4	21	13
FBGN0000273	3927	3812	4470	2660	2517	2546
FBGN0267254	4	2	1	0	0	1
FBGN0024244	1522	1958	2102	1902	2040	1769
FBGN0032265	12	10	13	20	35	26
FBGN0260632	6128	6482	5992	4106	3766	3381
FBGN0032040	12	19	2	22	16	4
FBGN0031777	978	1241	920	1488	1044	1025
FBGN0032836	35	24	29	5	13	12
FBGN0040723	39	23	13	22	18	7
FBGN0261509	1524	1971	1710	2540	2228	2189
FBGN0015600	8061	8458	8632	5939	5945	5109
FBGN0053128	64	22	14	62	38	22
FBGN0051664	28	45	5	18	31	19
FBGN0032094	47	1	21	17	23	8
FBGN0026760	17	12	17	74	26	29
FBGN0031454	692	780	982	747	848	859
FBGN0031973	1428	1551	1556	1022	1044	1176
FBGN0028506	3314	3447	2698	4777	4442	4305
FBGN0031323	13	7	0	0	11	1
FBGN0032390	1834	2077	2438	3484	3119	2907
FBGN0085424	38060	41082	43271	36232	32692	30109
FBGN0015791	1594	1973	1909	1640	1765	1607
FBGN0028940	36	16	21	14	40	46
FBGN0000529	66	8	21	10	22	14
FBGN0031500	454	554	543	784	629	539
FBGN0053863	1	1	0	1	0	0
FBGN0032289	32	15	10	26	31	21
FBGN0283682	20650	23173	20939	25157	24053	21278
FBGN0032843	77	125	97	224	99	148
FBGN0267326	1838	1462	2284	2135	2162	2295
FBGN0031856	36	13	26	9	0	27
FBGN0032196	1252	1398	1353	1673	1543	1305
FBGN0250907	89533	112673	95294	127668	121559	118768
FBGN0031974	76	20	79	54	49	49
FBGN0041713	254	394	209	393	351	453
FBGN0051865	2411	2550	2632	2241	2254	1845
FBGN0085477	8	7	21	24	21	16
FBGN0001967	31	45	54	28	45	50
FBGN0001185	2595	3045	2630	2974	2838	2688
FBGN0053872	2	2	6	3	7	0
FBGN0032083	30	35	11	25	56	21
FBGN0032728	1459	1878	1461	1892	1995	1679
FBGN0024846	1499	1478	1852	1903	1727	1630
FBGN0015031	2127	2108	1977	2887	2441	2202
FBGN0015553	1934	2193	2264	1316	1507	1329
FBGN0031759	25111	27779	28391	21577	20585	18501
FBGN0046704	7859	8122	9039	5366	4950	4954
FBGN0259955	9	3	3	8	3	0
FBGN0032726	86	87	67	278	290	282
FBGN0040211	31	23	1	73	32	13
FBGN0051862	8	5	2	14	13	6
FBGN0031732	40	3	14	13	7	24
FBGN0022153	8153	9066	8397	7446	7847	6663
FBGN0046888	28	8	16	15	6	6
FBGN0052829	502	754	547	500	494	512
FBGN0053803	8	5	2	12	0	7
FBGN0040064	5628	6904	7797	5278	4786	4376
FBGN0031305	25	22	5	11	2	24
FBGN0031443	0	1	8	42	51	32
FBGN0032640	7743	9133	8866	8854	7740	7184
FBGN0003980	51	22	30	57	27	22
FBGN0031327	508	687	595	913	790	738
FBGN0032189	469	497	529	687	555	519
FBGN0031979	311	369	318	456	418	326
FBGN0262960	2	0	2	0	0	3
FBGN0028979	6261	6683	7205	4542	4739	3867
FBGN0032072	7	13	24	32	22	13
FBGN0031229	3659	5158	3986	6273	5605	4982
FBGN0086698	3366	3663	3953	3066	2813	2700
FBGN0031621	8	4	0	8	24	9
FBGN0021874	3473	3817	4002	3483	3581	3026
FBGN0051683	2098	1995	2019	2170	2197	1952
FBGN0032399	88	77	134	163	101	119
FBGN0032851	22	28	2	4	9	4
FBGN0032127	58	25	18	14	11	15
FBGN0067312	9	2	4	0	7	17
FBGN0053890	0	0	0	7	0	1
FBGN0032741	24	13	9	5	13	12
FBGN0026439	32	10	41	20	39	40
FBGN0032429	1766	2226	2135	2362	2396	2096
FBGN0053282	61	35	22	133	81	167
FBGN0032908	211	252	204	278	239	218
FBGN0031526	9	16	0	16	16	9
FBGN0032713	2240	2389	2820	2157	2281	2009
FBGN0032233	122	76	108	112	139	70
FBGN0051752	17	46	12	22	8	18
FBGN0031432	60	25	22	69	140	140
FBGN0032603	38	16	31	103	94	126
FBGN0032934	1675	2145	1945	1867	1712	1330
FBGN0261437	798	1387	1058	1442	1480	1369
FBGN0031681	6385	6784	6851	4880	4669	4398
FBGN0003145	50	40	33	14	11	28
FBGN0027779	3705	4571	4947	3700	3658	3688
FBGN0031643	4406	4965	4720	21024	21416	18614
FBGN0020443	20265	23073	22828	22938	22450	20893
FBGN0053858	62	98	107	220	168	223
FBGN0032345	11	8	8	56	33	30
FBGN0086446	698	943	964	2031	2021	1489
FBGN0259963	2	0	0	0	2	5
FBGN0031401	6265	6501	6789	5784	5341	4803
FBGN0086443	8663	9728	9984	11565	10795	10232
FBGN0031985	5795	7241	7340	6392	6212	5530
FBGN0000308	37697	39833	41025	54542	55180	46951
FBGN0024352	21241	22558	22200	25337	26068	22715
FBGN0051800	1038	1098	1155	1468	1446	1306
FBGN0250837	8667	9030	10463	9016	7977	7453
FBGN0029095	8892	9155	9893	6807	6860	6118
FBGN0266845	0	9	0	11	2	1
FBGN0053640	11	7	8	0	13	1
FBGN0051703	78	55	32	45	31	44
FBGN0032651	33	9	7	11	2	20
FBGN0031604	1713	1804	1930	1929	2036	1854
FBGN0032692	40	19	12	30	18	12
FBGN0032407	2844	3060	3574	2979	2954	2527
FBGN0015299	1050	1264	1068	1618	1607	1219
FBGN0026718	17	8	40	8	37	15
FBGN0032170	4987	4929	5601	4154	4157	3948
FBGN0032204	738	756	781	952	903	857
FBGN0267486	15	15	36	28	54	24
FBGN0031413	622	606	696	577	415	549
FBGN0032649	43	10	16	49	41	17
FBGN0032055	17	24	13	16	4	11
FBGN0284248	4781	5278	5300	5962	6277	5211
FBGN0028888	123	64	63	40	81	37
FBGN0052988	29	7	26	28	14	23
FBGN0288229	7701	7958	8504	9164	8446	7615
FBGN0031501	6	17	5	6	10	13
FBGN0032305	16892	17471	16855	15102	13952	13091
FBGN0032719	26	29	15	42	36	35
FBGN0032723	17176	18512	16505	6918	6494	6034
FBGN0026196	17822	20755	21950	20262	18236	16760
FBGN0027780	1072	1172	1157	1222	951	865
FBGN0027932	117904	132659	131230	130798	132350	116227
FBGN0014092	3139	3564	3351	3930	3810	3095
FBGN0028852	27	13	34	20	43	1
FBGN0053179	47	18	6	17	6	21
FBGN0028515	3729	4843	4176	4787	4140	3907
FBGN0031676	454	457	479	648	554	605
FBGN0032907	976	1001	969	932	823	776
FBGN0287695	36	71	80	56	40	40
FBGN0051928	18	25	4	15	39	23
FBGN0031256	4371	5460	5067	5166	4364	4078
FBGN0031701	4	6	0	7	3	4
FBGN0032268	259	128	150	117	74	98
FBGN0053820	0	0	0	0	0	0
FBGN0040268	3521	3812	3932	3193	3181	2586
FBGN0263996	196	189	111	143	194	175
FBGN0027490	1881	2025	2067	1557	1338	1488
FBGN0053516	27	13	18	51	36	22
FBGN0051778	11	54	28	205	149	193
FBGN0051644	20	0	2	34	7	5
FBGN0040996	3	0	3	3	6	3
FBGN0040973	146	156	50	66	88	68
FBGN0031942	37	18	10	31	19	22
FBGN0031529	2509	2737	3001	2992	2524	2522
FBGN0260439	22230	23523	24233	22811	20791	19169
FBGN0266666	7566	7906	8233	8486	8225	6219
FBGN0031209	76	63	26	60	43	44
FBGN0028700	3445	3350	3721	3105	2425	2383
FBGN0031531	5	3	4	0	20	4
FBGN0004611	4980	5667	5191	3836	3571	3300
FBGN0032456	8814	9465	8705	38947	34035	32794
FBGN0032873	1985	2186	2042	2349	2273	2002
FBGN0053833	2	0	0	4	0	1
FBGN0031905	36	23	11	20	24	36
FBGN0031397	106	100	66	113	49	45
FBGN0032219	23	33	18	49	48	23
FBGN0284223	13	15	11	4	15	11
FBGN0053853	9	0	0	0	4	2
FBGN0264443	649	530	618	354	407	364
FBGN0261790	3010	3475	3221	4087	4127	3538
FBGN0028430	72	51	18	243	118	160
FBGN0053873	0	1	0	17	27	24
FBGN0261055	8	2	0	5	2	13
FBGN0028894	327	476	387	427	365	348
FBGN0053871	0	1	0	33	27	27
FBGN0032243	1186	1436	1263	1630	1542	1282
FBGN0031694	7	34	2	83	17	19
FBGN0031248	64	61	65	17	40	26
FBGN0002563	10659	13634	6766	39747	32446	28411
FBGN0051913	46	76	35	2	14	13
FBGN0010288	4816	5760	5626	5170	4909	4162
FBGN0053296	31	40	34	100	83	54
FBGN0032979	9347	10781	11156	10053	8983	8269
FBGN0032707	31	7	26	28	44	29
FBGN0263355	9274	9010	10175	7973	6645	6483
FBGN0051609	7	3	4	11	5	1
FBGN0032625	11	10	12	4	17	1
FBGN0262857	9	7	4	0	8	14
FBGN0032848	5628	6004	5986	5970	6037	4917
FBGN0031970	28	16	46	20	31	27
FBGN0032291	89	80	84	86	73	104
FBGN0031930	38	16	6	25	16	19
FBGN0053003	78	57	42	38	30	45
FBGN0032229	3295	3847	4042	4572	4625	3727
FBGN0032136	325	252	200	267	336	251
FBGN0032472	22	0	0	6	7	3
FBGN0053117	0	0	0	0	11	3
FBGN0040009	1831	2327	2017	2238	2404	2283
FBGN0032422	65	82	73	67	83	63
FBGN0259683	45	45	44	201	192	241
FBGN0083938	13	60	1	26	45	34
FBGN0032647	54	31	20	105	52	53
FBGN0051901	32	63	133	112	128	16
FBGN0051815	844	999	747	1043	914	1039
FBGN0031799	7122	7231	7600	5354	5455	4937
FBGN0032360	12	1	7	5	11	6
FBGN0031377	7491	7852	7628	4737	4930	4977
FBGN0032511	738	869	915	941	890	852
FBGN0053827	20	36	10	38	13	22
FBGN0011239	11	2	9	0	6	1
FBGN0001992	21	18	7	16	35	32
FBGN0032642	441	541	640	772	650	488
FBGN0042133	38	78	28	71	65	46
FBGN0264544	8	0	0	0	2	11
FBGN0032029	1140	1033	1136	1124	1097	896
FBGN0041247	27	23	49	11	26	18
FBGN0032047	253	191	265	459	361	383
FBGN0031333	14	24	16	20	20	5
FBGN0266363	15	1	6	0	10	7
FBGN0261560	238	317	239	539	484	429
FBGN0026438	79	19	38	21	44	35
FBGN0032075	65	25	10	261	156	132
FBGN0051676	12	8	55	57	14	20
FBGN0040011	6858	8817	7286	9769	9875	8692
FBGN0040099	25	4	37	99	51	103
FBGN0053894	0	0	0	7	0	1
FBGN0016122	109	159	229	160	142	116
FBGN0002543	29671	33928	34529	24606	24555	22201
FBGN0031808	38	35	35	18	26	36
FBGN0032051	4394	5032	5001	5574	5273	4787
FBGN0028853	22	21	0	5	9	6
FBGN0032631	105	57	56	62	20	47
FBGN0031361	403	435	530	568	626	532
FBGN0031455	776	689	846	725	749	588
FBGN0032965	18	9	14	17	27	17
FBGN0004583	47770	50884	51220	40145	38944	35378
FBGN0031820	23726	26455	25620	18809	19146	16441
FBGN0032729	577	605	618	647	480	425
FBGN0261628	12	17	7	71	16	53
FBGN0031702	70	89	25	177	215	133
FBGN0031548	54	20	21	56	65	32
FBGN0031765	36	37	48	49	38	29
FBGN0053309	60	22	4	19	34	27
FBGN0051974	36	28	9	28	43	34
FBGN0026398	33	3	13	32	37	48
FBGN0051956	14	22	15	20	28	21
FBGN0262356	4	1	10	0	4	0
FBGN0260954	764	1392	425	14041	10750	10513
FBGN0283442	70	46	16	45	30	42
FBGN0032524	795	785	806	1040	1113	834
FBGN0032596	3953	5188	4298	6350	5637	5291
FBGN0021944	2468	2814	2676	2919	2558	2190
FBGN0051742	128	69	53	32	37	39
FBGN0259896	265	289	209	468	301	231
FBGN0031873	761	1107	1035	1111	1059	833
FBGN0043362	3816	4122	4476	3458	3210	2767
FBGN0053829	0	0	0	0	0	0
FBGN0032209	15	12	39	6	0	17
FBGN0031245	2018	2277	2474	1359	1456	1326
FBGN0026319	814	1146	1104	2031	1696	1679
FBGN0032387	42	32	16	28	39	58
FBGN0031824	333	494	532	609	670	582
FBGN0015521	16628	18841	19394	35831	34665	29125
FBGN0031535	1110	1285	1325	1271	1097	955
FBGN0032228	8	35	32	23	22	13
FBGN0023416	781	732	859	1442	1322	1329
FBGN0000251	29	21	2	62	55	45
FBGN0032125	0	17	6	8	41	23
FBGN0053878	0	0	0	0	0	0
FBGN0032188	46	10	12	27	34	25
FBGN0010309	1627	1877	1944	1382	1269	1073
FBGN0032972	3	11	2	0	3	5
FBGN0032264	60	36	36	65	26	58
FBGN0020305	2971	3556	3522	3912	3898	3533
FBGN0284220	63646	70678	70055	58438	57131	51364
FBGN0032684	66	73	28	175	82	120
FBGN0027070	27	25	22	86	42	40
FBGN0031467	27	4	4	8	0	21
FBGN0001987	16771	19370	19704	15651	15155	13977
FBGN0261648	29793	33106	32708	20575	20320	18140
FBGN0032538	2921	2743	2999	5847	5310	4577
FBGN0023496	19	12	8	77	84	75
FBGN0031646	86	26	19	10	31	20
FBGN0032105	5496	5568	6914	3743	3527	2983
FBGN0032811	282	344	253	265	347	310
FBGN0010407	104	45	53	50	75	74
FBGN0287596	7	0	22	9	4	3
FBGN0032484	62	27	20	24	41	27
FBGN0031851	2218	2760	2798	3313	3419	3010
FBGN0028412	3	31	17	17	19	10
FBGN0262875	0	0	0	0	0	7
FBGN0031479	1194	1392	1177	1578	1585	1336
FBGN0032415	23	10	9	40	2	11
FBGN0259959	7	3	6	0	8	15
FBGN0015663	346	526	446	416	413	423
FBGN0032733	40	18	20	6	37	23
FBGN0031214	313	261	309	355	335	315
FBGN0031620	26	29	3	71	37	20
FBGN0028572	103	39	77	204	112	160
FBGN0011638	19285	21052	23524	27704	27552	24592
FBGN0001137	38	59	56	78	38	19
FBGN0031512	2	19	0	18	21	16
FBGN0000442	53	13	37	48	16	45
FBGN0263873	7096	8904	8188	5187	5102	5013
FBGN0032613	60	18	52	36	38	32
FBGN0032535	93	69	82	37	30	13
FBGN0015777	9713	11451	10958	6952	7055	6028
FBGN0032768	8	4	15	6	2	3
FBGN0031518	65	92	64	69	51	75
FBGN0004837	2281	2538	2376	2025	2167	2068
FBGN0031733	32	17	21	6	36	16
FBGN0086265	71	52	78	110	77	40
FBGN0032362	66	61	29	76	42	63
FBGN0028513	52	42	17	39	14	35
FBGN0031815	1212	1639	1610	1546	1600	1349
FBGN0031998	222	230	219	196	137	127
FBGN0028523	99	147	189	127	144	116
FBGN0031391	1060	1531	1459	1451	1587	1214
FBGN0003346	13086	15583	14374	18595	18904	16470
FBGN0027496	2760	3258	3747	2502	2255	2315
FBGN0052986	18	3	3	8	8	15
FBGN0028856	20	1	13	11	8	8
FBGN0260955	10	8	0	101	47	22
FBGN0031410	13	13	9	9	10	11
FBGN0263038	1242	1280	1075	1492	1245	1103
FBGN0042186	3	15	4	20	10	10
FBGN0032793	571	735	758	1074	1187	989
FBGN0021800	1426	1376	1527	797	1081	892
FBGN0032643	16332	18057	19039	13994	14486	12698
FBGN0053812	6	17	4	2	0	4
FBGN0261458	14582	17280	16658	15035	13831	12323
FBGN0032197	3578	4480	3866	4588	5057	4338
FBGN0031219	8	5	0	0	7	4
FBGN0031600	680	895	854	1437	1151	1099
FBGN0032754	76	18	4	14	28	31
FBGN0032494	24	0	15	10	8	18
FBGN0031372	36	18	10	27	15	22
FBGN0045501	19	4	8	0	21	15
FBGN0263027	145	138	91	53	101	72
FBGN0053806	8	16	2	5	0	5
FBGN0031504	16	13	20	11	9	9
FBGN0086451	10810	12405	13241	10629	10224	9518
FBGN0051697	87	162	128	155	96	88
FBGN0053856	9	0	0	0	4	2
FBGN0026373	2836	3647	3928	3330	3156	2882
FBGN0027550	25	13	58	26	33	17
FBGN0000114	75	65	66	128	75	89
FBGN0031559	10	3	2	2	7	0
FBGN0032200	3751	4123	3641	4790	5621	4741
FBGN0031909	2085	2348	2289	2392	2250	2079
FBGN0261278	15330	17700	18651	13977	13292	12469
FBGN0032130	575	785	728	604	443	468
FBGN0028945	16	4	10	6	13	3
FBGN0032911	39	52	45	51	48	49
FBGN0039972	258	184	196	481	440	422
FBGN0010473	15932	16436	16908	9728	9972	9014
FBGN0262467	1372	1439	1314	1893	2071	1530
FBGN0026390	21	31	7	19	30	14
FBGN0031585	21	11	24	51	16	14
FBGN0000370	32297	37632	35816	52700	48314	43969
FBGN0031860	13	15	3	22	0	0
FBGN0015609	5751	7608	7163	6339	6151	5440
FBGN0031652	233	298	344	282	231	224
FBGN0040228	471	455	538	748	752	736
FBGN0028530	820	704	1069	978	843	843
FBGN0032223	5542	6236	5980	5847	6054	5098
FBGN0259952	5	0	1	3	5	6
FBGN0032008	6	4	0	0	5	11
FBGN0032401	318	352	481	296	329	360
FBGN0032120	14396	15487	15659	10498	9985	9131
FBGN0031434	1065	1181	1271	1015	800	764
FBGN0262018	106	69	63	131	89	64
FBGN0051759	804	857	734	1266	845	863
FBGN0027509	6124	6734	6857	6370	6121	5839
FBGN0020304	7343	7920	8359	7787	7147	6817
FBGN0011708	3837	4152	4310	4532	4272	3866
FBGN0032214	3210	3324	3880	3341	3190	2946
FBGN0024285	12643	13965	14282	13878	11962	11121
FBGN0051677	16	9	2	0	9	0
FBGN0283728	24	14	12	9	0	7
FBGN0000339	1234	1160	1253	1768	1671	1422
FBGN0260454	14	8	33	7	14	16
FBGN0266364	11	5	2	0	5	19
FBGN0028965	3474	3737	3331	3460	3418	3144
FBGN0263235	30	10	17	0	31	14
FBGN0032132	3954	4531	4353	1312	1278	1095
FBGN0031734	96	100	70	90	170	102
FBGN0031782	1659	1902	2027	1984	1627	1564
FBGN0032536	45	79	18	62	40	60
FBGN0031426	95	102	42	79	88	60
FBGN0010382	5374	5782	6080	6038	6301	5646
FBGN0261938	2687	3169	3160	2627	2643	2497
FBGN0051741	28	22	39	9	39	24
FBGN0051665	26	57	40	56	62	27
FBGN0032116	94	89	69	91	74	83
FBGN0032057	55	26	17	38	46	15
FBGN0031418	2393	2923	2709	4412	4332	3875
FBGN0266459	8	4	1	0	1	9
FBGN0032393	2756	3461	3713	9834	9013	7865
FBGN0032368	25	7	12	25	6	13
FBGN0051636	28	33	6	59	48	75
FBGN0031473	24	29	55	12	22	32
FBGN0284224	2	3	0	3	2	2
FBGN0263971	5	1	23	1	3	2
FBGN0264494	211	277	129	562	453	536
FBGN0031301	23	50	24	91	72	37
FBGN0054010	18	17	14	22	7	8
FBGN0086909	824	871	892	1431	1291	1063
FBGN0032658	165	19	22	26	50	15
FBGN0032414	16948	19437	17954	20421	18847	17315
FBGN0032475	13286	13854	14585	11029	10217	9165
FBGN0016926	1734	1993	2100	1751	1620	1449
FBGN0031802	37	34	13	14	32	45
FBGN0053301	6	5	7	34	6	13
FBGN0031255	121	166	193	198	277	245
FBGN0031668	1685	1962	2300	1803	2100	1688
FBGN0032935	480	468	408	463	564	396
FBGN0045485	36	12	4	2	8	19
FBGN0045498	62	24	7	46	21	16
FBGN0032162	238	400	329	236	270	286
FBGN0053877	0	0	0	48	0	9
FBGN0015380	12347	12611	13302	11532	10538	10212
FBGN0015776	3331	4230	3686	2759	2857	2393
FBGN0002985	1411	1277	1533	793	1182	772
FBGN0031574	3625	3369	3536	2820	3386	2596
FBGN0031550	24	36	5	2	36	12
FBGN0264695	1993	1629	999	1165	1284	1067
FBGN0263852	2410	2971	2496	3415	3227	2930
FBGN0032921	456	484	555	990	763	600
FBGN0032400	6213	8771	6706	8494	7767	7415
FBGN0026756	38	11	30	3	17	8
FBGN0053995	1758	2266	2618	1878	1977	1971
FBGN0032450	1876	2151	2257	2517	1805	1756
FBGN0032803	1036	1527	1410	1369	1353	1316
FBGN0051803	32	14	17	20	22	42
FBGN0027491	73	53	6	62	104	41
FBGN0261266	284	265	338	513	399	389
FBGN0266670	3047	3084	3570	2927	2978	2442
FBGN0005779	62	7	7	3	11	4
FBGN0028942	10	6	0	2	0	6
FBGN0031871	1515	1764	1387	1603	1438	1415
FBGN0032815	3099	3448	3132	3942	3769	3135
FBGN0031395	1732	2017	1974	1805	1837	1295
FBGN0053821	20	40	10	34	13	21
FBGN0051674	39	52	26	35	57	20
FBGN0053828	27	9	22	33	36	52
FBGN0032913	35	13	6	319	258	365
FBGN0031514	57	55	19	27	27	58
FBGN0261268	10885	11302	11779	11231	10837	9845
FBGN0032314	28	41	22	49	32	49
FBGN0028539	10720	12817	12815	11964	10500	10182
FBGN0032025	267	226	236	270	284	284
FBGN0031670	4504	4538	4738	4992	5365	4470
FBGN0000636	43939	47012	49204	40007	37186	34094
FBGN0265263	0	11	0	0	6	7
FBGN0020445	1246	1413	1118	1714	1616	1677
FBGN0032813	41	90	39	65	37	55
FBGN0250834	3	15	0	0	1	1
FBGN0031897	2009	2669	2509	1984	1658	1538
FBGN0032369	64	36	55	50	67	49
FBGN0053922	5	5	0	2	14	3
FBGN0016919	94	37	34	62	47	58
FBGN0031560	16	16	6	24	6	21
FBGN0041249	28	10	5	38	29	9
FBGN0032507	19	4	33	6	2	12
FBGN0020414	152	173	73	525	427	368
FBGN0032748	8641	8775	9388	6835	6644	6155
FBGN0031542	90	104	132	156	210	151
FBGN0263846	144	149	87	139	146	136
FBGN0043825	1	4	8	7	22	7
FBGN0031657	1795	2012	2119	2326	1975	2125
FBGN0026778	478	457	698	527	323	435
FBGN0032633	3298	4014	3862	2604	2682	2317
FBGN0031689	150	90	69	212	137	153
FBGN0028543	105	100	56	423	338	255
FBGN0031441	8	7	5	11	3	0
FBGN0041004	3150	3316	3138	3694	3539	3123
FBGN0259961	8	10	0	1	2	4
FBGN0260011	15	4	21	20	16	11
FBGN0016977	186850	210089	189282	148424	143789	134002
FBGN0031213	2529	2935	2601	2685	2646	2221
FBGN0032218	124	110	148	483	242	209
FBGN0086444	3990	4085	4432	4211	4009	3449
FBGN0032820	2495	2939	2904	2182	1793	1612
FBGN0031266	12422	14531	15113	12871	12358	10610
FBGN0083141	34	25	11	0	16	16
FBGN0028847	63	3	22	18	17	26
FBGN0085205	20	8	12	29	0	5
FBGN0032763	637	709	780	618	553	671
FBGN0031822	1318	1564	1776	1887	1876	1560
FBGN0002973	8845	9685	9934	8010	7716	7102
FBGN0028844	12	1	2	21	2	8
FBGN0032210	2190	2478	2022	2641	2589	2740
FBGN0032598	26	32	16	19	36	26
FBGN0000318	5169	5785	5196	6112	6252	5787
FBGN0259964	5	2	4	10	0	4
FBGN0000287	19842	21520	22629	17072	17079	16705
FBGN0031904	2921	3404	2982	3495	3476	3369
FBGN0041245	29	5	14	24	14	10
FBGN0011722	955	1148	802	1564	1421	1207
FBGN0267964	38	57	50	52	68	30
FBGN0051821	9	17	8	2	18	24
FBGN0025684	1049	1214	1158	1390	1430	1043
FBGN0031726	44	17	7	25	19	8
FBGN0032551	11	19	15	12	12	4
FBGN0264253	9	25	5	5	6	10
FBGN0259818	1073	1020	1172	633	550	426
FBGN0031491	698	888	876	1175	1039	836
FBGN0026379	3137	3468	3193	3315	3430	3186
FBGN0051709	4	1	18	6	6	18
FBGN0031549	6208	7020	6985	5844	5467	4774
FBGN0260428	9	3	0	14	1	0
FBGN0001075	99751	110144	110352	78146	73256	70479
FBGN0287720	43543	46534	49281	41056	38791	34687
FBGN0031987	782	731	1039	1036	853	614
FBGN0028943	92	139	146	152	108	128
FBGN0250867	3180	3863	3753	2237	2423	2266
FBGN0032377	66	92	72	52	47	93
FBGN0031945	25	11	24	4	2	19
FBGN0003448	31	52	14	19	32	21
FBGN0045842	1903	2116	2190	904	813	592
FBGN0027949	5810	6442	7099	5314	5077	4743
FBGN0051858	104	215	178	95	122	154
FBGN0000299	8163	9182	10463	6296	5776	5359
FBGN0040297	1085	1489	1361	1419	1454	1316
FBGN0010395	14	80	50	59	71	72
FBGN0260750	1374	1577	1621	1823	1661	1453
FBGN0032924	2669	3147	3229	3480	3288	2778
FBGN0043364	2588	2329	2451	3099	2817	2339
FBGN0032163	34	3	46	17	26	12
FBGN0031977	1755	2677	1787	3816	3584	3374
FBGN0051864	1487	1605	1674	6001	5603	5045
FBGN0053875	0	0	0	0	0	0
FBGN0051875	14	24	73	9	14	25
FBGN0032517	3941	4439	4275	3850	3549	3515
FBGN0032455	10056	10729	10744	14006	13840	11067
FBGN0032840	53	22	11	14	2	7
FBGN0266491	15	3	1	23	20	7
FBGN0001114	1401	1578	1068	6246	5365	5283
FBGN0032261	879	1100	974	1305	1378	1201
FBGN0260451	7	0	9	4	5	16
FBGN0031948	60	24	13	45	55	95
FBGN0000422	174	381	141	877	719	855
FBGN0053679	5	9	13	4	7	12
FBGN0032184	21	5	7	7	0	3
FBGN0015583	7	0	6	0	7	12
FBGN0031635	1596	1948	1883	1677	1545	1493
FBGN0032124	53	22	28	28	39	36
FBGN0028855	494	835	556	3119	2803	2630
FBGN0013746	6939	7977	7405	8101	7078	6578
FBGN0001965	12521	12828	13445	8945	8550	7706
FBGN0028531	215	227	113	92	101	87
FBGN0031695	51	21	1	79	39	15
FBGN0031698	34414	37451	36806	23880	22937	20933
FBGN0028916	1673	1738	1769	1290	1332	1206
FBGN0051827	10	16	13	7	17	5
FBGN0032746	1535	1757	1778	2574	2588	2168
FBGN0032476	1522	1542	1613	1477	1522	1199
FBGN0031632	949	1148	989	731	641	643
FBGN0013301	9	7	10	14	5	10
FBGN0032693	1763	1746	1951	538	451	409
FBGN0261514	71	43	12	91	53	65
FBGN0032772	0	10	2	11	24	51
FBGN0053645	6	1	1	32	7	13
FBGN0032487	1178	1351	1455	1511	1267	1391
FBGN0015271	1614	1799	1899	1710	1697	1281
FBGN0002121	26615	30280	27201	22464	21243	19478
FBGN0262000	71	49	46	71	55	37
FBGN0002031	9714	9439	10676	9903	9232	8825
FBGN0266450	19013	17687	19609	11717	11917	10437
FBGN0032895	61	25	62	11	12	4
FBGN0051909	7	13	2	15	2	11
FBGN0250841	4	8	9	21	0	4
FBGN0028394	1119	1207	1280	1298	1230	1211
FBGN0264556	81	136	127	69	123	106
FBGN0011559	94	6	23	91	96	45
FBGN0032698	1299	1306	1304	908	1011	742
FBGN0003983	11	31	8	0	1	19
FBGN0032914	3	9	12	19	28	30
FBGN0000721	8428	9102	9446	8544	7790	6835
FBGN0031627	17	19	42	26	33	23
FBGN0264296	5	7	0	0	3	3
FBGN0031493	8441	9323	9501	9812	9733	8167
FBGN0260749	6349	7266	7173	6793	6413	6249
FBGN0045852	127	76	58	158	95	93
FBGN0032819	1829	2057	2201	2811	2564	2440
FBGN0031449	80	59	70	115	113	106
FBGN0053804	1139	1802	1313	1958	1980	1714
FBGN0032286	78	22	70	86	77	52
FBGN0032949	8760	10672	9163	15297	15053	13046
FBGN0032409	1851	2387	2103	1801	1642	1605
FBGN0031399	2921	2757	3057	2608	2479	2333
FBGN0053643	7	8	8	4	6	10
FBGN0032785	54	47	59	312	293	216
FBGN0085198	11	3	2	0	13	3
FBGN0032365	6	4	3	15	10	0
FBGN0028554	6044	6592	6710	4679	5105	4734
FBGN0020616	7231	7903	8196	7235	6485	6409
FBGN0032144	9	12	15	42	11	18
FBGN0031693	132	56	90	47	56	108
FBGN0028517	10	16	13	7	17	5
FBGN0260000	2	4	6	4	7	2
FBGN0028931	527	450	631	453	452	353
FBGN0000559	315227	342760	377081	399120	382227	348157
FBGN0031762	94	67	92	48	60	50
FBGN0053904	1	0	0	18	0	2
FBGN0024227	3661	4059	4223	3614	3202	2967
FBGN0266449	4706	5157	4911	5404	5224	5346
FBGN0263206	29	27	22	12	9	13
FBGN0051680	5	0	5	16	16	8
FBGN0086445	909	785	1079	1168	1217	971
FBGN0031232	39	14	15	21	10	14
FBGN0051804	21	0	16	9	7	18
FBGN0051715	1496	2151	1423	2726	2963	2375
FBGN0000228	5041	5374	5878	4345	4112	4029
FBGN0032236	1756	2138	1752	3216	3224	2749
FBGN0031875	2231	2713	2442	2249	2116	1742
FBGN0260648	1156	1343	1475	1638	1702	1280
FBGN0284256	11141	12785	13548	11917	11161	10113
FBGN0261992	3	0	8	0	7	6
FBGN0032405	181	142	135	498	381	342
FBGN0004374	3685	4142	4399	3123	3141	2745
FBGN0032720	650	696	648	767	718	778
FBGN0028936	1	17	14	50	19	13
FBGN0032115	9	1	3	18	0	10
FBGN0031546	20	30	32	110	74	73
FBGN0061209	1	3	0	19	0	3
FBGN0051872	87	32	51	88	35	33
FBGN0053896	1	3	0	9	0	1
FBGN0020622	4894	5654	5957	4123	4441	3689
FBGN0031650	14	24	1	6	6	21
FBGN0051805	31	33	11	63	4	35
FBGN0032652	36	15	6	146	185	158
FBGN0031818	2466	2527	2671	2065	2123	2270
FBGN0032477	338	407	444	585	533	641
FBGN0053859	9	0	0	0	4	2
FBGN0262359	5	12	1	3	0	9
FBGN0262150	14	15	4	5	4	11
FBGN0026755	25	45	29	28	23	15
FBGN0086758	2256	1651	1743	1011	1144	895
FBGN0003087	1917	2056	1799	1630	1520	1446
FBGN0032034	678	878	904	721	879	513
FBGN0266557	264548	288640	266651	207257	196344	188645
FBGN0032883	3099	3342	3125	2919	2658	2577
FBGN0031739	1054	784	907	695	840	679
FBGN0028880	3	6	0	0	2	1
FBGN0031659	2160	2362	2331	2067	1768	1958
FBGN0051681	2	0	31	19	16	4
FBGN0054049	10	13	5	12	6	8
FBGN0053322	38	15	36	25	19	21
FBGN0287630	15	8	37	46	32	14
FBGN0044323	12467	12610	14285	8146	8395	7286
FBGN0031417	19	6	18	35	17	5
FBGN0283467	1822	2104	1923	1933	2012	1507
FBGN0032916	2310	2651	3240	2645	2690	2054
FBGN0031459	4572	4892	5309	4902	5067	4483
FBGN0010100	21671	24300	25803	21362	19738	18810
FBGN0259712	30	31	30	57	35	32
FBGN0031801	18	5	3	30	12	5
FBGN0031887	19	28	13	18	47	23
FBGN0001084	891	1135	889	1496	1086	1258
FBGN0084001	5	15	18	24	16	25
FBGN0001174	19	0	0	0	7	1
FBGN0028868	27	14	5	3	4	23
FBGN0260639	5608	6282	6669	6589	6204	5806
FBGN0032827	58	27	21	54	39	47
FBGN0053902	1	4	0	2	0	0
FBGN0031708	1190	1162	1235	1553	1515	1317
FBGN0053825	35	9	22	38	36	52
FBGN0053306	8	23	24	2	1	14
FBGN0045497	13	20	14	4	19	13
FBGN0015391	19578	21115	20381	17041	17908	15370
FBGN0032847	1180	1287	1168	1453	1361	1093
FBGN0028872	82	37	54	16	46	29
FBGN0003716	24129	26686	27703	18276	18332	17176
FBGN0040096	21	2	2	0	15	6
FBGN0032783	619	553	619	756	707	723
FBGN0003231	5997	6063	6465	8238	7727	6893
FBGN0051787	10	0	6	36	5	1
FBGN0085380	27	3	8	21	30	19
FBGN0032430	2141	2543	2269	2790	2625	2205
FBGN0086442	4051	4324	4594	3873	3404	3287
FBGN0003941	48322	52079	56557	52602	52217	45957
FBGN0032354	1060	1135	1147	1114	1117	1013
FBGN0262160	14787	15151	17781	8240	7395	6280
FBGN0000490	4508	5048	5336	4357	4741	3612
FBGN0031579	0	2	5	1	4	3
FBGN0053910	0	3	0	7	0	3
FBGN0051678	5519	6400	6058	4837	4570	4341
FBGN0051769	20	16	10	31	18	24
FBGN0014396	82	100	54	106	66	55
FBGN0085201	6	1	0	9	5	1
FBGN0031722	12	10	7	3	21	2
FBGN0284253	7741	9480	9134	8869	8554	7747
FBGN0032967	67	18	22	29	21	14
FBGN0031683	1198	921	1229	938	900	690
FBGN0032058	34	25	10	6	47	38
FBGN0031452	3436	3440	3405	3872	3808	3435
FBGN0031285	3691	3731	4456	3088	3134	2799
FBGN0051869	3487	3944	4122	5435	4982	5021
FBGN0011283	7	5	1	0	11	9
FBGN0051952	7	2	9	1	14	5
FBGN0031456	2751	3136	3177	2355	2362	2221
FBGN0032886	1310	1209	1382	1161	974	779
FBGN0032804	3	33	2	53	60	38
FBGN0086357	22168	25310	27224	24540	23827	21156
FBGN0041184	4740	5029	5987	5329	5021	4414
FBGN0031959	1570	2362	1830	2177	2039	1660
FBGN0032727	252	247	262	298	474	315
FBGN0031651	1614	1497	1645	1984	2065	1783
FBGN0259982	538	772	612	704	663	736
FBGN0031437	3485	3378	3633	3461	3336	2978
FBGN0051882	20	0	0	7	5	1
FBGN0042187	6	5	25	29	19	7
FBGN0266163	6	0	6	0	3	0
FBGN0040098	11	6	6	0	0	13
FBGN0028406	1020	1535	1512	1111	1258	1118
FBGN0029123	215	77	111	158	213	227
FBGN0032938	7413	7860	8352	6465	6740	5854
FBGN0031861	19	28	29	28	8	1
FBGN0032968	12	8	2	10	10	11
FBGN0031276	9	1	37	6	15	7
FBGN0015905	2349	2708	2598	2408	2707	2361
FBGN0051721	1726	2133	1998	1397	1180	1215
FBGN0283531	8607	9271	9448	7599	7378	6862
FBGN0031950	3029	3540	3431	2905	2663	2210
FBGN0031888	942	1299	998	2508	2223	2062
FBGN0014859	98	74	120	80	87	68
FBGN0011584	4354	5263	4707	5241	5129	4711
FBGN0031247	656	872	784	1003	945	837
FBGN0250826	68	103	43	61	58	41
FBGN0001986	5292	6367	6168	6840	6422	6149
FBGN0259714	67	51	76	144	92	73
FBGN0031832	3022	3937	3345	3215	2917	2786
FBGN0264344	0	7	5	0	10	1
FBGN0010197	60	73	79	129	75	51
FBGN0027074	18	23	17	26	25	10
FBGN0261806	3	5	0	8	1	5
FBGN0263050	1332	1167	1480	1500	1366	1136
FBGN0032085	5	4	1	1	11	0
FBGN0043841	1993	2246	2408	2287	1917	1715
FBGN0031976	83	88	116	148	143	115
FBGN0032744	554	749	575	2029	2094	1558
FBGN0031723	38	7	21	16	3	11
FBGN0031746	17	0	7	0	8	2
FBGN0031688	155	196	221	205	274	180
FBGN0027052	1738	1937	2180	2353	2326	1947
FBGN0267972	1330	1636	1551	2124	1951	1724
FBGN0040985	843	1211	1077	1429	1281	1181
FBGN0015546	5044	5725	6126	5157	4917	4210
FBGN0031878	11683	12290	12250	11605	11794	10076
FBGN0053823	0	0	0	0	0	0
FBGN0032636	20	9	2	10	6	21
FBGN0010314	1695	1721	1880	1620	1664	1482
FBGN0032602	10	19	5	47	22	37
FBGN0032082	65	17	24	8	32	44
FBGN0086673	1130	1165	1391	1434	1476	1400
FBGN0032870	899	1094	1044	1082	1077	1105
FBGN0031356	3329	3815	3820	3588	3627	3036
FBGN0262036	18	19	3	37	51	39
FBGN0031760	870	1171	1173	1176	1133	905
FBGN0028919	1062	1162	1315	1245	1190	1135
FBGN0005278	17422	18246	19381	17339	16907	14922
FBGN0032663	17	8	8	0	15	18
FBGN0042125	3545	3897	3758	5030	4754	4269
FBGN0053843	0	7	6	10	0	5
FBGN0265578	186	188	148	104	162	137
FBGN0010453	699	806	551	703	641	565
FBGN0031516	1029	1265	1613	936	931	884
FBGN0040104	18	16	1	4	16	0
FBGN0285971	1528	1624	1648	1589	1293	1377
FBGN0004177	22677	24630	25479	25813	24215	22261
FBGN0053847	0	0	0	0	0	0
FBGN0259962	1	2	0	2	2	7
FBGN0031240	23	17	57	18	34	14
FBGN0031393	104	123	78	114	72	21
FBGN0045827	13	14	18	9	1	8
FBGN0265349	3	1	3	0	4	0
FBGN0028520	19	13	0	17	7	29
FBGN0028514	107	56	15	166	135	94
FBGN0042189	12	15	11	14	7	6
FBGN0262126	20251	21429	22709	18120	17224	15832
FBGN0032433	105	67	58	90	67	74
FBGN0031803	0	44	23	24	43	48
FBGN0031914	419	545	682	641	511	468
FBGN0053880	0	0	0	0	0	0
FBGN0031886	1335	1473	1360	1624	1915	1675
FBGN0051957	440	524	382	579	657	521
FBGN0032248	1937	2329	2393	2828	2662	2286
FBGN0032897	132	82	138	432	419	315
FBGN0051812	168	255	237	195	182	208
FBGN0022893	89902	103039	99841	116323	111022	99529
FBGN0031528	44	22	30	45	52	25
FBGN0051784	34	23	14	27	36	6
FBGN0046302	44	39	72	74	74	67
FBGN0086266	7	20	5	14	7	1
FBGN0010520	826	1088	946	1030	1085	785
FBGN0019982	832	999	1048	881	850	589
FBGN0031607	2147	2274	3124	2151	2361	2036
FBGN0028509	2942	3226	2972	2816	2542	2430
FBGN0001983	46	62	38	16	81	41
FBGN0031364	30	5	3	28	0	13
FBGN0085211	5	8	18	0	0	12
FBGN0032480	2962	3634	3495	2733	2539	2355
FBGN0262017	0	2	10	2	35	7
FBGN0032810	18	14	13	6	8	15
FBGN0052983	33	4	0	49	0	13
FBGN0003444	6967	8956	8375	7254	6764	6055
FBGN0032505	15	6	0	9	10	20
FBGN0028935	4	8	20	21	24	9
FBGN0053887	0	0	0	0	0	0
FBGN0051619	92	115	44	350	367	255
FBGN0015376	2577	2894	2513	2274	2237	2145
FBGN0031811	1	6	0	6	5	8
FBGN0003278	4281	5557	4962	6275	6373	5401
FBGN0004914	3482	4055	3525	2037	2487	2298
FBGN0051954	23	12	1	2	30	17
FBGN0032090	21	10	25	14	3	9
FBGN0031640	1534	1769	1878	1684	1690	1495
FBGN0261534	275	283	306	442	431	433
FBGN0032499	2027	1918	2059	1443	1654	1447
FBGN0051907	10	14	11	22	6	14
FBGN0031763	17	41	23	16	11	15
FBGN0032191	1725	2035	2182	2097	1741	1654
FBGN0011232	2394	2467	2561	2103	2083	2049
FBGN0014454	61	21	14	12	2	43
FBGN0032922	414	466	541	385	480	433
FBGN0051826	16	15	3	10	29	22
FBGN0051755	482	581	583	454	232	254
FBGN0032251	462	519	507	712	682	628
FBGN0031589	1288	1724	1584	1594	1495	1331
FBGN0022213	18358	21186	19921	23155	20852	18359
FBGN0040262	38	9	16	11	36	12
FBGN0015000	1411	1893	1669	1800	1723	1537
FBGN0259192	84	61	49	68	88	35
FBGN0053901	20	14	7	4	19	7
FBGN0262475	545	499	455	305	353	311
FBGN0053836	0	0	0	0	0	0
FBGN0013300	2	15	6	5	5	4
FBGN0284225	194	110	92	77	51	63
FBGN0032869	48	88	40	144	167	198
FBGN0031893	2604	3482	3142	4167	3876	3569
FBGN0031227	840	1251	981	1719	1739	1472
FBGN0031800	28	7	22	11	14	19
FBGN0042627	125	126	71	152	106	60
FBGN0010287	646	721	1020	1197	1037	919
FBGN0032139	37	33	9	44	44	10
FBGN0032258	2526	3125	3164	3035	3343	2874
FBGN0031312	1614	1837	2159	1629	1538	1286
FBGN0031263	2202	2306	2582	2636	2477	2222
FBGN0031908	327	220	209	431	567	497
FBGN0031675	239	315	303	98	86	97
FBGN0032287	27	52	22	70	169	58
FBGN0032049	57	8	2	24	10	44
FBGN0085396	65	11	18	38	27	18
FBGN0053848	0	0	0	0	0	0
FBGN0053839	0	0	0	0	0	0
FBGN0015664	8984	9512	10699	8564	8210	7357
FBGN0015399	6998	8086	8714	8932	8402	7590
FBGN0031896	2732	3357	3218	3694	3066	2951
FBGN0259956	9	2	3	9	2	0
FBGN0032208	37306	42366	40675	36259	34661	32347
FBGN0031835	90	62	57	77	78	70
FBGN0032702	2184	2281	2446	1712	1578	1427
FBGN0032298	1903	2324	2642	3437	2767	2569
FBGN0259230	7	0	7	18	19	6
FBGN0032143	24	12	0	110	129	156
FBGN0015623	7655	8160	9064	6018	5321	5249
FBGN0031357	981	983	1084	1181	1234	939
FBGN0267378	5825	6082	5586	7023	7276	6271
FBGN0031677	10	39	23	14	3	8
FBGN0032088	14	10	1	22	4	6
FBGN0032256	1468	1204	1239	1402	1345	1033
FBGN0032585	18	20	16	23	57	51
FBGN0045487	54	12	9	0	19	10
FBGN0261608	33806	43653	42416	34565	30436	26256
FBGN0031805	38	58	28	92	56	56
FBGN0053885	0	0	0	0	0	0
FBGN0041246	23	22	9	7	44	57
FBGN0032637	36	39	36	134	176	153
FBGN0031365	13	2	21	12	25	20
FBGN0004892	3656	4910	4942	2658	2632	2691
FBGN0031883	11913	12030	13384	9215	8842	8672
FBGN0040959	16	16	19	22	20	6
FBGN0053879	0	0	0	48	0	9
FBGN0032001	254	263	258	357	268	318
FBGN0028949	12	13	10	8	23	13
FBGN0032656	7147	7751	7412	6344	5766	5480
FBGN0051717	324	448	457	601	554	481
FBGN0263982	4	2	3	0	0	0
FBGN0000406	31	34	22	103	24	85
FBGN0024245	3704	4527	4387	3850	3902	3370
FBGN0011676	72	70	67	169	130	86
FBGN0032446	413	463	554	543	618	457
FBGN0260470	10	2	2	12	11	7
FBGN0032490	11	6	10	7	16	13
FBGN0053808	8	9	6	29	15	19
FBGN0031623	34	57	57	126	137	98
FBGN0004584	23335	26906	25622	26147	25472	22635
FBGN0260758	154	169	140	115	151	143
FBGN0031918	94	95	167	26	61	38
FBGN0051807	5	1	19	16	31	13
FBGN0032516	798	958	886	1262	1372	1184
FBGN0040718	759	939	1428	2487	1873	1496
FBGN0263654	4	6	0	5	1	4
FBGN0031302	17	18	6	2	15	8
FBGN0083968	116	357	233	473	431	366
FBGN0053127	149	119	95	99	84	73
FBGN0031946	9	15	1	3	9	3
FBGN0261582	2	0	22	6	3	12
FBGN0085423	8624	10285	9731	6006	5885	4891
FBGN0011648	6284	7120	7489	7320	6689	5675
FBGN0031773	784	983	803	895	870	761
FBGN0086691	46	54	39	143	168	137
FBGN0032036	1686	1863	1732	1783	1739	1605
FBGN0032282	16	14	23	10	30	16
FBGN0259482	731	976	842	996	1197	1060
FBGN0266492	33	13	22	65	64	38
FBGN0264953	9196	9194	9437	6516	6454	5762
FBGN0000227	7	14	15	12	0	6
FBGN0032732	548	549	558	844	1255	873
FBGN0000384	4550	5255	4706	5137	5481	4714
FBGN0031895	1544	1382	1622	1331	1130	1041
FBGN0028644	40	9	7	29	42	18
FBGN0051976	18	19	5	5	5	12
FBGN0053905	19	16	7	1	24	9
FBGN0032797	93	50	63	51	109	52
FBGN0053869	0	0	0	64	26	24
FBGN0031488	6327	6677	6367	4609	4865	4082
FBGN0032023	23	25	33	24	9	28
FBGN0028467	2602	3042	3305	3262	3123	2787
FBGN0031490	97	44	36	30	93	39
FBGN0032447	193	319	274	421	269	282
FBGN0052971	9	12	30	12	50	41
FBGN0032247	551	737	701	697	736	724
FBGN0054051	15	16	4	26	10	12
FBGN0053819	995	1590	1088	1907	1919	1663
FBGN0031804	24	4	0	32	13	19
FBGN0283478	15676	16672	17807	14696	14063	12627
FBGN0028952	1233	1266	981	1442	1337	1216
FBGN0041248	50	49	10	56	26	40
FBGN0031359	1347	1447	1746	926	915	743
FBGN0001977	3551	4406	4749	8780	8581	7463
FBGN0031462	19	42	5	21	3	1
FBGN0265579	10	2	0	0	1	3
FBGN0031254	103	61	128	57	49	90
FBGN0027453	973	951	1028	1170	1012	899
FBGN0031538	39	59	47	148	102	77
FBGN0264364	7	3	19	9	1	2
FBGN0031238	2200	2213	2043	2289	2108	1830
FBGN0005616	2343	2637	2614	1539	1781	1435
FBGN0031980	56219	67470	72990	40001	39324	31472
FBGN0045064	251	143	125	257	235	244
FBGN0032448	3	13	0	1	7	11
FBGN0031725	13	13	10	14	19	23
FBGN0032691	2473	2656	2597	2651	2779	2517
FBGN0031690	94	38	102	54	58	36
FBGN0051618	4	27	13	10	6	12
FBGN0028895	485	595	596	849	701	576
FBGN0041195	89	42	37	60	10	69
FBGN0261802	45283	50768	49837	33648	32159	30072
FBGN0032079	84	36	26	38	82	42
FBGN0032297	177	162	150	121	123	140
FBGN0032650	6	4	0	9	17	9
FBGN0020270	2776	3043	3281	11309	10333	9441
FBGN0031540	2308	2284	2304	1920	1767	1684
FBGN0031554	31	37	29	23	30	36
FBGN0025681	5830	5928	6546	4850	3873	4080
FBGN0032685	6063	5332	7174	2632	2640	1805
FBGN0015338	1949	1927	2102	2267	2066	2129
FBGN0032492	6	0	4	4	24	5
FBGN0031711	4253	4900	4705	5236	5386	4879
FBGN0027611	10289	11907	11177	7182	6523	5621
FBGN0264442	24010	22761	22845	11571	11830	11504
FBGN0031741	376	488	450	470	366	434
FBGN0063368	18	2	13	4	7	0
FBGN0262683	8	15	3	12	34	3
FBGN0032554	66	13	9	15	33	16
FBGN0262357	3	7	0	14	0	10
FBGN0028538	5700	6406	6155	5395	5149	4658
FBGN0031484	2566	2941	3188	3697	3336	2797
FBGN0032891	578	608	627	1345	1304	846
FBGN0262353	121	117	132	405	433	300
FBGN0250903	786	861	781	758	787	733
FBGN0264342	84	43	12	72	57	34
FBGN0051910	20	9	2	18	22	12
FBGN0019809	90	39	13	49	33	49
FBGN0031267	919	1145	1096	1372	1187	964
FBGN0024689	2243	2579	2709	2313	2128	2046
FBGN0031252	1630	1710	1688	1770	1482	1197
FBGN0288834	4837	4937	5383	6657	6216	5391
FBGN0052832	24	0	16	4	2	13
FBGN0032481	6884	7236	7427	5830	5556	5375
FBGN0085203	494	729	553	833	1156	874
FBGN0032156	133	199	179	240	221	164
FBGN0259958	0	8	0	2	18	4
FBGN0031319	4816	5132	5090	3272	3415	2623
FBGN0040233	8491	9239	9653	6271	6309	5351
FBGN0032371	15	0	24	10	11	15
FBGN0261089	36	9	22	9	16	33
FBGN0262029	34025	36444	40165	27980	24936	22751
FBGN0032343	107	63	112	72	36	79
FBGN0263320	3	2	3	0	5	4
FBGN0002524	3279	3773	3992	3212	3030	2532
FBGN0031735	573	939	641	393	401	334
FBGN0022023	23756	25647	28197	22446	22573	19703
FBGN0032373	41	34	46	24	107	40
FBGN0045038	10	21	11	2	0	5
FBGN0032816	454	558	671	858	793	800
FBGN0028875	98	25	27	73	67	45
FBGN0054007	7	3	4	13	1	0
FBGN0011570	8384	9055	9009	8025	8383	7343
FBGN0032791	66	166	57	185	221	148
FBGN0028694	8655	9228	9942	9701	9964	8383
FBGN0031816	827	1013	1278	381	313	320
FBGN0031378	254	311	451	368	304	408
FBGN0032157	4794	5216	5044	4488	4186	3782
FBGN0025366	15909	18476	19270	16993	17371	14670
FBGN0028507	1860	1865	1710	1575	1710	1466
FBGN0032004	39	25	14	26	15	60
FBGN0042092	970	946	974	1412	1541	1330
FBGN0023096	213	117	131	217	185	204
FBGN0085450	12787	14709	13652	11671	10877	10589
FBGN0020545	1248	1134	1307	1852	1691	1621
FBGN0032945	97	74	66	39	43	44
FBGN0261064	1291	1612	1475	1854	1464	1394
FBGN0032439	15	32	1	3	16	1
FBGN0031872	23897	27356	27457	26759	24491	22148
FBGN0031644	34	22	0	8	9	5
FBGN0031446	30	24	13	3	12	8
FBGN0053125	62	27	28	36	56	46
FBGN0051776	41	37	22	66	15	45
FBGN0032249	195	321	233	145	231	148
FBGN0032943	1660	1825	1907	1979	1710	1643
FBGN0032066	37	11	28	56	53	38
FBGN0053641	4	15	14	14	0	1
FBGN0085427	21100	22837	21931	15063	13741	13397
FBGN0041150	71	44	76	61	61	35
FBGN0085410	92	29	23	54	44	52
FBGN0031682	1062	917	1248	939	1152	1026
FBGN0031999	35	37	42	116	43	50
FBGN0261529	151	62	190	142	91	102
FBGN0032020	1221	1607	1391	1714	1590	1464
FBGN0051777	48	51	24	66	82	54
FBGN0032341	4914	5430	5857	4786	4022	3902
FBGN0032003	14	50	10	5	7	10
FBGN0262721	5	2	11	27	10	0
FBGN0032479	18236	19757	20761	15620	14291	13670
FBGN0032899	117	105	162	152	178	178
FBGN0031601	940	1091	1006	1061	1190	1002
FBGN0031463	110	97	49	22	60	47
FBGN0031968	288	384	293	234	240	186
FBGN0032660	14	2	18	25	47	21
FBGN0028893	48	8	18	8	27	24
FBGN0032138	20546	22176	24276	21257	20689	17702
FBGN0032986	2295	2790	2719	3735	3745	3329
FBGN0053849	29	12	10	36	44	50
FBGN0031858	19	26	22	46	5	36
FBGN0051773	90	14	27	43	15	8
FBGN0028518	66	35	19	98	71	33
FBGN0031465	314	371	420	467	258	289
FBGN0003978	2162	2191	2390	2605	2129	2002
FBGN0031639	818	1046	974	1129	1107	1159
FBGN0031854	56	22	14	33	82	47
FBGN0051606	0	5	18	9	18	9
FBGN0261999	114	98	132	163	142	92
FBGN0051661	4	11	4	0	26	4
FBGN0085212	334	432	383	601	645	619
FBGN0051708	56	12	10	41	28	49
FBGN0264546	4	4	0	11	18	1
FBGN0051823	10	10	11	24	39	15
FBGN0032151	90	45	47	356	452	423
FBGN0259213	91	32	91	60	77	46
FBGN0263321	6	14	14	12	32	7
FBGN0083945	51	37	14	43	34	31
FBGN0031590	6720	7962	8212	7564	7292	6630
FBGN0085193	51	70	55	161	157	164
FBGN0032849	742	863	855	1359	1201	975
FBGN0040106	43	73	30	32	33	28
FBGN0031523	71	26	5	99	77	52
FBGN0020416	48	14	8	280	225	176
FBGN0028541	3627	4109	3447	4070	3847	3766
FBGN0021796	14071	16598	15779	14646	13920	12307
FBGN0028527	2524	2572	2819	3687	3116	2960
FBGN0010497	1072	986	1107	922	924	852
FBGN0266369	3735	4430	4510	3339	3518	3096
FBGN0040107	25	0	30	12	0	10
FBGN0028841	31	5	6	3	7	18
FBGN0032052	1732	2003	1770	2315	2189	2079
FBGN0032050	15694	18105	18558	20672	19179	16743
FBGN0032668	30	30	15	1	16	26
FBGN0014906	2410	2428	2531	2160	2395	2190
FBGN0031619	168	153	139	172	182	129
FBGN0031855	43	35	20	62	9	13
FBGN0028946	21	5	15	0	16	27
FBGN0261535	2195	2508	2649	3102	3477	2998
FBGN0053850	0	0	0	0	0	0
FBGN0031749	25	6	4	19	7	7
FBGN0032266	66	5	21	15	30	25
FBGN0028569	0	5	11	0	0	0
FBGN0040984	12	8	4	16	3	5
FBGN0032798	51	91	45	27	62	72
FBGN0031233	2727	2633	2888	2771	2271	2285
FBGN0085374	50	9	0	21	24	6
FBGN0000392	694	928	786	593	617	452
FBGN0032664	12	28	14	18	35	20
FBGN0263278	778	1006	889	720	803	563
FBGN0259735	27440	30920	31441	24645	22467	21282
FBGN0028886	179	166	160	130	116	137
FBGN0053835	0	0	0	5	3	1
FBGN0053870	3	0	9	0	0	0
FBGN0028920	119	82	100	19	46	44
FBGN0000239	7151	8394	8091	6641	6406	6272
FBGN0085409	6580	8023	8405	5312	5265	4597
FBGN0053813	6863	9934	7571	12284	12130	10813
FBGN0032031	706	865	825	838	578	545
FBGN0023407	7875	8716	8472	8716	9187	7895
FBGN0053807	1137	1811	1326	1974	1994	1715
FBGN0260817	3381	3860	3398	3319	3120	2387
FBGN0032358	655	942	806	989	784	815
FBGN0032690	5575	6697	6126	5864	5968	5512
FBGN0031534	3309	3713	4268	4096	3837	3626
FBGN0031649	99	61	29	43	88	71
FBGN0045495	80	59	82	49	45	71
FBGN0032773	333	254	268	1451	1246	1135
FBGN0052987	17	32	1	11	7	21
FBGN0031717	3475	4809	4372	3786	3928	3443
FBGN0053900	1	4	0	2	0	0
FBGN0053844	0	0	0	0	0	0
FBGN0032506	105	47	55	39	61	50
FBGN0014000	24	14	24	38	33	37
FBGN0026141	6	0	0	3	13	4
FBGN0000256	9196	9674	10286	7873	6934	6264
FBGN0284230	447	544	584	628	470	523
FBGN0004868	19353	21927	23209	21950	20719	18500
FBGN0028932	1781	1925	2019	1993	1910	1587
FBGN0032431	23	54	48	68	20	32
FBGN0032801	149	176	193	156	230	176
FBGN0032213	9025	10779	10740	8798	8069	7035
FBGN0264545	8	0	0	0	2	11
FBGN0261787	3843	3950	4091	3783	3731	3472
FBGN0085194	23	22	41	100	118	76
FBGN0051809	164	117	261	232	146	161
FBGN0032100	114	124	80	36	62	60
FBGN0053862	27	0	0	27	18	12
FBGN0023090	258	177	141	217	353	289
FBGN0261925	18	8	1	0	7	6
FBGN0053892	0	0	0	7	0	1
FBGN0032464	28	29	45	16	23	15
FBGN0051814	41	55	45	69	50	47
FBGN0051633	283	214	296	377	308	280
FBGN0032769	3	17	2	18	11	31
FBGN0000097	10426	11457	11905	8952	8477	8298
FBGN0032375	8	6	2	8	0	33
FBGN0031468	217	362	309	285	229	223
FBGN0031617	348	116	104	468	441	522
FBGN0032252	93	62	82	105	71	39
FBGN0051855	607	750	861	1070	671	781
FBGN0032350	6987	8806	8150	8365	8720	8725
FBGN0032021	26	2	50	29	14	23
FBGN0003866	20579	23387	22876	17992	17571	16008
FBGN0032593	69	54	73	62	78	27
FBGN0001128	1105	877	925	1024	944	889
FBGN0032074	30	26	15	25	40	22
FBGN0004106	5490	6710	6110	7557	7527	6936
FBGN0031598	1896	2159	2310	2047	2169	2156
FBGN0028848	34	12	2	28	30	18
FBGN0264341	15	0	10	0	0	0
FBGN0028884	16	9	19	18	0	23
FBGN0051874	2	23	9	38	32	15
FBGN0031611	966	891	1081	972	769	709
FBGN0032135	500	640	626	730	753	574
FBGN0032454	18238	21151	18999	19700	19168	16911
FBGN0032888	17	24	26	39	25	13
FBGN0032634	1286	1502	1547	2072	1690	1525
FBGN0040717	394	74	209	414	341	327
FBGN0028944	8	4	1	1	2	9
FBGN0261396	11166	11900	11841	13127	12190	10904
FBGN0032639	27	41	46	155	122	158
FBGN0031343	18	37	51	44	18	19
FBGN0032956	5669	6744	5761	17131	16547	14830
FBGN0264361	0	0	3	4	2	4
FBGN0053126	51	27	30	316	252	289
FBGN0267347	1198	1666	1301	1461	1347	1153
FBGN0000183	7063	7588	7126	6657	6791	6137
FBGN0028892	7	4	28	36	11	27
FBGN0032775	5361	4885	5011	3509	3135	3156
FBGN0032451	948	964	1028	971	1026	879
FBGN0032161	397	347	305	371	362	334
FBGN0053801	1434	1873	1914	784	813	789
FBGN0031335	9	0	14	4	7	16
FBGN0031575	2358	2385	2354	1831	2168	1921
FBGN0265298	4639	4612	5311	5623	5706	4995
FBGN0051835	26	27	39	18	77	56
FBGN0002855	22	3	7	12	12	32
FBGN0051922	274	316	298	286	308	256
FBGN0032900	38	34	26	39	32	52
FBGN0031645	628	668	722	1745	1444	1459
FBGN0001970	1373	1973	1766	1585	1477	1233
FBGN0000250	8340	9811	9555	10893	10299	8872
FBGN0051698	15	22	0	4	18	5
FBGN0014019	29	56	17	64	64	37
FBGN0053826	0	0	0	0	0	0
FBGN0032533	2	3	2	4	10	1
FBGN0284247	111134	121970	120226	95461	89859	83261
FBGN0083972	4	6	10	26	13	35
FBGN0032005	3800	4302	4783	4486	4017	3811
FBGN0032119	36	30	37	39	17	14
FBGN0026391	18	16	8	20	7	19
FBGN0283658	4112	5307	4470	4884	4637	3915
FBGN0032771	12	17	22	0	9	13
FBGN0032800	81	53	26	92	46	65
FBGN0032449	190	139	144	126	124	131
FBGN0032971	30	48	16	1	14	19
FBGN0286929	2	1	8	0	0	3
FBGN0000018	894	961	784	873	762	649
FBGN0003255	363	405	379	571	405	432
FBGN0013323	7	17	0	0	6	20
FBGN0051780	5	4	42	48	92	103
FBGN0031309	1347	1382	1470	1133	1073	961
FBGN0011244	36	18	31	70	19	19
FBGN0032462	35	46	10	36	106	45
FBGN0261831	97	110	72	76	60	103
FBGN0031231	1220	1192	1195	1562	1413	1191
FBGN0031296	22	25	20	9	16	1
FBGN0032434	38	14	12	14	50	42
FBGN0028570	9	8	0	0	10	0
FBGN0026396	40	18	11	47	21	20
FBGN0028370	60	21	35	12	29	66
FBGN0032677	57	24	23	63	25	9
FBGN0051638	4537	4859	5107	3722	3639	3072
FBGN0031258	131	82	51	242	300	215
FBGN0031472	14	0	36	0	19	17
FBGN0265269	21	0	17	17	20	11
FBGN0031738	3550	4230	3880	2688	2883	2573
FBGN0024371	2633	2855	2728	2901	3120	2950
FBGN0026431	1567	1893	1839	2330	2297	2305
FBGN0031771	4472	4677	5474	4745	4244	3943
FBGN0040972	3	7	0	4	0	7
FBGN0005677	2314	3085	4769	1906	1915	1674
FBGN0028939	81	216	120	2027	1400	1610
FBGN0024947	1609	1642	1999	1502	1904	1672
FBGN0053532	4	13	25	2	1	10
FBGN0264295	9	3	12	0	7	0
FBGN0032755	9	2	4	4	0	12
FBGN0043456	19694	21677	21869	21651	20124	18307
FBGN0031981	13189	13794	14174	10942	9889	9645
FBGN0032860	2	17	11	7	18	13
FBGN0040705	8	4	17	0	19	0
FBGN0264087	89	67	57	80	78	85
FBGN0086447	165	201	278	587	669	474
FBGN0020309	64134	68078	72832	46569	43233	41241
FBGN0261871	35	22	14	42	35	39
FBGN0032253	182	99	96	333	465	383
FBGN0040963	2	17	0	1	4	5
FBGN0031275	90	81	42	139	80	81
FBGN0287204	938	1160	1172	1510	1247	1143
FBGN0031375	71	44	54	26	32	24
FBGN0032059	1259	1518	1419	1523	1372	1179
FBGN0032635	4360	4706	4647	3980	3960	3152
FBGN0031257	49	23	40	5	61	17
FBGN0052982	6905	7710	7467	5819	5083	5006
FBGN0067311	18	12	14	22	2	11
FBGN0032262	31	30	75	27	29	34
FBGN0026787	770	954	909	1121	1028	966
FBGN0260933	540	659	441	388	287	238
FBGN0041183	143	128	40	682	622	550
FBGN0003502	12065	12803	12424	13434	12417	11897
FBGN0027582	8304	9627	9030	10412	9901	8874
FBGN0025674	4783	5233	5581	6680	6703	6201
FBGN0032694	1277	1756	1690	1342	1573	1502
FBGN0031935	87	21	54	57	67	54
FBGN0261571	92	105	59	62	76	96
FBGN0014076	19	10	5	7	7	8
FBGN0028913	7	0	12	9	0	13
FBGN0031277	0	9	18	0	6	12
FBGN0032295	8469	8267	9737	6297	5968	5069
FBGN0085200	1015	1023	1043	1158	890	822
FBGN0014417	261	383	320	469	361	334
FBGN0265256	6	18	2	5	18	5
FBGN0287768	6941	6394	7167	5982	5505	4919
FBGN0053898	1	3	0	2	0	0
FBGN0031866	96	166	42	50	108	86
FBGN0053861	47	82	103	121	76	143
FBGN0031322	2132	2421	2353	2179	2161	2024
FBGN0031412	0	3	6	30	28	4
FBGN0011829	133	193	86	157	109	87
FBGN0014179	28	34	19	31	29	20
FBGN0032397	4497	4896	5033	3633	3913	3150
FBGN0261805	0	5	0	0	5	11
FBGN0032812	2038	2380	2423	1807	1769	1753
FBGN0261963	890	742	1216	839	695	457
FBGN0040964	606	852	891	958	955	773
FBGN0031250	1920	2287	2097	2210	2198	1834
FBGN0250843	9772	10633	11416	15266	14870	13188
FBGN0021906	3496	3914	4859	4638	4412	3952
FBGN0032770	22	5	10	12	33	41
FBGN0032601	566	535	432	501	300	332
FBGN0265670	2	0	2	0	3	6
FBGN0032321	2881	2981	3043	3392	3015	2572
FBGN0053120	62	66	38	182	111	71
FBGN0261881	749	913	919	831	829	695
FBGN0264081	3	32	2	1	9	10
FBGN0003016	5220	5767	5911	4157	3967	3579
FBGN0031495	839	1335	1174	1096	879	882
FBGN0010602	17215	17571	19772	13550	14434	12332
FBGN0040506	66	29	23	71	44	66
FBGN0002036	331	376	464	308	298	231
FBGN0031420	4465	4990	5074	4370	3987	3251
FBGN0031713	2478	2391	2624	2388	2421	2015
FBGN0002931	1937	2087	2016	1690	1493	1324
FBGN0051948	30	3	0	15	9	33
FBGN0032054	1886	1764	2065	1905	2050	1657
FBGN0031253	513	647	545	763	856	642
FBGN0031545	26	33	41	38	13	8
FBGN0032876	3464	4425	4134	3865	3532	3170
FBGN0263037	358	281	135	250	422	229
FBGN0031937	114	53	26	133	107	133
FBGN0085188	4019	4418	4455	4748	4144	3457
FBGN0032805	92	118	218	189	277	210
FBGN0013433	74	11	35	12	20	18
FBGN0064115	384	530	567	629	523	451
FBGN0032160	3437	4584	4005	3516	3353	3069
FBGN0032648	14	39	16	18	48	28
FBGN0085206	7	27	0	9	10	2
FBGN0053906	1	3	0	25	0	3
FBGN0031306	38	22	28	5	32	15
FBGN0032473	49	52	43	70	70	62
FBGN0023489	31	20	10	0	29	10
FBGN0051774	79	107	70	139	62	57
FBGN0085208	1092	1101	1093	942	861	671
FBGN0032195	988	989	1039	1236	1318	1065
FBGN0026324	1367	1626	1456	1492	1417	1374
FBGN0011703	20051	20237	20943	29381	28553	25645
FBGN0265001	61	10	38	41	66	38
FBGN0031287	914	998	1077	1170	1036	981
FBGN0040715	269	308	326	274	263	319
FBGN0053897	10	13	12	7	18	9
FBGN0026394	19	23	46	23	35	31
FBGN0032435	61	26	19	30	37	50
FBGN0031637	4648	4812	4602	3716	3382	3250
FBGN0264815	161	202	148	140	125	129
FBGN0003751	23	29	38	4	19	24
FBGN0261991	6	0	0	5	8	8
FBGN0028900	14	10	13	30	35	16
FBGN0032150	669	716	777	680	572	566
FBGN0053923	5	4	1	21	12	7
FBGN0042129	7	6	3	5	6	13
FBGN0032394	1078	1329	1300	1189	1084	1025
FBGN0011305	9247	9561	10971	7772	8465	7656
FBGN0085207	5	0	1	8	10	2
FBGN0024191	1980	2428	2372	2180	1979	1598
FBGN0032391	1360	1487	1787	3516	3120	2469
FBGN0031519	442	624	491	674	795	643
FBGN0002989	1311	1656	1635	1407	1439	1180
FBGN0032366	16	16	11	14	2	26
FBGN0031859	20	7	8	8	30	11
FBGN0263087	21	12	0	56	65	68
FBGN0031678	5628	5771	5746	10338	9846	8413
FBGN0032331	63	22	16	15	9	34
FBGN0040299	85	73	121	170	99	90
FBGN0031745	664	836	961	229	193	231
FBGN0052985	63	10	40	18	54	39
FBGN0032846	562	366	511	495	379	436
FBGN0032878	35	26	12	13	9	23
FBGN0031424	51	29	20	82	76	48
FBGN0032520	65	42	18	55	46	29
FBGN0031292	111	41	115	86	79	71
FBGN0029174	6896	8300	8061	10524	10174	8745
FBGN0003475	735	809	980	616	616	603
FBGN0053889	0	3	3	1	7	4
FBGN0032024	27	48	9	29	9	7
FBGN0032014	820	1041	1086	1276	1223	1014
FBGN0031251	18	44	78	120	112	84
FBGN0031388	46	9	1	1	19	9
FBGN0032483	6	33	38	4	28	40
FBGN0001978	7039	7684	8070	11255	10272	9970
FBGN0031844	25	24	7	27	24	11
FBGN0040949	13	0	16	4	7	1
FBGN0021856	2144	2462	2461	3203	3086	2693
FBGN0031520	15	28	38	29	36	60
FBGN0053928	20	53	33	19	20	28
FBGN0028987	1	16	5	18	7	21
FBGN0032202	641	665	538	876	654	608
FBGN0001125	7820	8807	9888	8023	7129	6447
FBGN0051760	66	44	21	46	45	65
FBGN0031975	94	85	82	168	57	68
FBGN0026392	43	15	17	20	6	21
FBGN0032187	32	40	38	43	29	31
FBGN0032096	48	4	9	40	7	17
FBGN0265264	69	91	68	71	55	64
FBGN0040992	119	208	67	742	560	515
FBGN0259949	0	0	4	3	16	10
FBGN0086856	1353	1838	1581	2653	2894	2332
FBGN0051820	5	4	0	0	1	3
FBGN0002856	3	7	3	0	1	7
FBGN0263585	0	0	0	0	0	1
FBGN0031879	80593	80547	88766	50814	47013	43863
FBGN0265002	229	87	42	126	100	73
FBGN0031458	1055	1350	1079	1789	1805	1487
FBGN0004394	6389	6336	6643	5615	4867	4778
FBGN0051617	6739	9883	7460	11854	11755	10454
FBGN0052831	1510	1706	2316	1842	1579	1500
FBGN0085209	5	1	2	0	13	3
FBGN0031696	7094	7117	6988	6290	6602	5517
FBGN0032168	845	1016	885	1048	1016	884
FBGN0032442	46	28	21	142	146	75
FBGN0004419	16821	19868	17184	22108	22808	19221
FBGN0028857	19	12	18	12	57	1
FBGN0261358	0	2	0	95	48	111
FBGN0283659	472	609	526	708	709	617
FBGN0041789	5637	6014	6507	6028	5987	4711
FBGN0032010	308	333	252	361	342	276
FBGN0011202	6451	6425	7397	5541	5304	4881
FBGN0031392	3713	4288	3657	4816	4154	3974
FBGN0267976	4491	5643	4407	8814	8664	7520
FBGN0261349	64	34	54	34	22	18
FBGN0032509	4387	4487	4423	5823	5395	4404
FBGN0261357	8	12	0	4	24	2
FBGN0051702	100	53	33	53	31	41
FBGN0032065	14	22	0	22	18	11
FBGN0032824	50	15	4	20	65	5
FBGN0032348	12411	12626	13292	10264	10561	9893
FBGN0031660	1204	1797	1909	2110	2020	1699
FBGN0031444	15	2	32	38	10	16
FBGN0031757	23	3	3	22	0	10
FBGN0011259	5072	6095	5666	3705	3454	3218
FBGN0041092	22827	25460	24466	18147	17749	17223
FBGN0040232	20779	23288	22965	18463	18518	16588
FBGN0040968	11	10	0	44	45	42
FBGN0032281	121	21	30	103	84	89
FBGN0011705	698	820	699	781	824	697
FBGN0051668	34	38	15	60	41	35
FBGN0032126	4	0	8	6	26	3
FBGN0004797	1818	2201	1957	2232	2026	1645
FBGN0032242	13824	16298	15355	16351	16208	14805
FBGN0031318	9341	10634	9770	7791	7848	6712
FBGN0032590	1925	2547	1935	2139	2435	2448
FBGN0003187	59	65	70	157	79	38
FBGN0085196	7	4	1	10	1	6
FBGN0032269	44	9	36	56	29	35
FBGN0026147	3540	4244	4230	3699	3589	3341
FBGN0032153	155	137	190	418	252	203
FBGN0028533	152	126	219	193	106	99
FBGN0032553	23	4	1	10	5	6
FBGN0032452	50	17	24	22	96	103
FBGN0051793	1125	899	1007	1816	1689	1328
FBGN0000464	10184	11105	11212	7159	6762	6234
FBGN0051852	4266	4380	4191	5151	5272	4184
FBGN0032131	27	19	10	21	23	19
FBGN0032304	15	13	4	16	9	2
FBGN0016075	5048	5490	6555	3635	3315	3211
FBGN0053508	62	23	14	8258	8149	7356
FBGN0286027	1338	2014	1594	2108	1827	1567
FBGN0051933	19	17	16	11	40	22
FBGN0286723	59	71	48	127	192	135
FBGN0010265	69579	80799	82762	79338	73555	66602
FBGN0031758	23	23	3	15	34	11
FBGN0031478	1712	1752	1993	1309	1258	1329
FBGN0031900	92	53	29	48	34	58
FBGN0032000	1108	1497	1530	2112	1906	1614
FBGN0027094	23452	27304	27154	36180	31646	29880
FBGN0270924	13872	16344	16897	13489	14271	11678
FBGN0032398	3876	5281	4559	3869	3714	3355
FBGN0264922	26349	29834	28567	27838	29289	24910
FBGN0031655	1119	1386	1285	1181	1290	1040
FBGN0041097	63	64	67	75	78	54
FBGN0284084	5544	6249	5865	4545	4419	4004
FBGN0027929	44	13	23	58	48	63
FBGN0019830	3729	3551	4639	4027	3880	3254
FBGN0040950	206	260	1049	292	131	44
FBGN0261697	44	65	11	24	24	37
FBGN0032799	2020	2545	2164	2450	2669	2427
FBGN0031894	1662	1850	1722	1851	1885	1753
FBGN0032087	9	9	3	1	21	10
FBGN0001994	14214	14225	15512	10450	11098	9873
FBGN0053852	43	18	15	54	66	75
FBGN0031469	39	4	9	16	35	19
FBGN0085339	698	1024	880	1246	946	1117
FBGN0031631	734	702	809	854	908	952
FBGN0053899	10	13	12	7	18	9
FBGN0032154	865	1022	1148	894	732	743
FBGN0028990	11682	14262	15227	8309	7202	6398
FBGN0032645	5	13	11	31	11	9
FBGN0053814	2	2	1	0	2	1
FBGN0027592	7271	7650	7819	6022	5661	4858
FBGN0015797	3220	3599	3874	3824	3804	2970
FBGN0032346	1416	1441	1503	1821	1614	1348
FBGN0002525	49775	51296	55250	53405	50845	45200
FBGN0053121	45	12	16	43	42	60
FBGN0053816	987	1590	1088	1902	1919	1663
FBGN0032421	1536	1722	1937	1768	1472	1526
FBGN0015772	6449	7749	6764	5685	4880	4898
FBGN0264742	1451	1709	1741	1739	1835	1618
FBGN0265262	168	272	237	246	226	195
FBGN0031952	5701	6340	6159	3716	3845	3469
FBGN0031703	171	116	144	25	27	24
FBGN0264340	227	202	347	258	298	277
FBGN0053882	1	0	3	0	0	0
FBGN0266521	14910	18184	17135	13942	13922	12703
FBGN0031969	1224	1219	1459	1249	1149	1081
FBGN0032194	2778	3170	2847	3805	3254	2758
FBGN0031684	896	1244	1073	1218	1207	937
FBGN0031389	28	12	14	136	52	53
FBGN0032493	17	4	9	18	10	8
FBGN0031596	8	0	0	28	9	12
FBGN0051785	2	27	0	24	16	18
FBGN0051719	70	56	46	10	43	26
FBGN0031476	28	57	8	19	21	8
FBGN0032857	23	42	17	23	13	19
FBGN0005660	89	60	101	141	118	142
FBGN0028375	1785	1740	1707	1997	1787	1626
FBGN0041103	16	0	0	0	4	12
FBGN0051921	22	46	52	71	25	40
FBGN0086907	6	4	0	2	2	4
FBGN0011832	0	0	8	3	2	4
FBGN0031613	57	55	102	122	111	92
FBGN0032086	9	6	3	25	16	8
FBGN0051679	21	23	6	1	24	13
FBGN0053857	0	0	0	0	0	0
FBGN0264086	59	39	64	32	59	57
FBGN0051810	149	98	223	214	98	130
FBGN0031431	10	17	16	4	7	10
FBGN0051989	1887	2081	2502	1753	1564	1357
FBGN0026577	34624	37685	34322	28230	28469	26477
FBGN0031850	4765	5814	5898	4196	3763	3690
FBGN0031710	1594	2315	2368	2179	2125	1665
FBGN0053884	1	0	3	0	0	0
FBGN0001202	2035	2536	2057	2505	2094	2122
FBGN0053307	15	31	1	37	20	25
FBGN0032863	3422	4131	4506	3823	3651	3337
FBGN0261647	5141	6237	6302	6355	5752	5496
FBGN0031630	22	31	60	59	71	61
FBGN0032974	6171	6358	6558	7463	6509	6244
FBGN0032730	333	237	212	149	182	239
FBGN0031729	6	1	0	7	16	3
FBGN0040070	3466	3919	4059	4063	3862	3871
FBGN0024248	5376	5654	5583	5085	4549	4504
FBGN0058439	946	1194	874	2521	2324	2249
FBGN0284082	4	4	6	0	1	12
FBGN0031442	38	9	4	103	81	48
FBGN0031295	24	5	5	0	2	0
FBGN0051955	5	4	16	18	34	17
FBGN0051690	30	35	54	41	67	54
FBGN0262354	13	5	20	18	0	12
FBGN0032122	129	192	111	209	165	161
FBGN0024920	2340	2817	3112	2798	3017	2422
FBGN0004893	36840	41701	42206	33431	30297	27338
FBGN0031610	453	445	594	592	640	709
FBGN0031996	5472	6641	6564	5772	4840	5009
FBGN0015808	3165	3770	3674	3728	3486	3142
FBGN0259965	26	2	0	0	6	1
FBGN0004407	2291	2583	2224	3203	2707	2292
FBGN0053300	2395	1850	602	2546	1693	1184
FBGN0011230	70019	79058	78317	72433	68066	63724
FBGN0051876	11	3	17	46	15	20
FBGN0031544	4176	4805	4815	4796	4968	4392
FBGN0040010	1655	2284	2037	3641	3357	2752
FBGN0031299	36	34	14	66	93	63
FBGN0025686	74	32	166	15	17	49
FBGN0032681	2258	2770	2502	2986	2447	2399
FBGN0264895	4336	4594	4944	3460	3376	3025
FBGN0032235	128	113	102	299	310	286
FBGN0012036	1095	837	829	872	617	704
FBGN0031450	5504	6173	6344	5685	5535	4990
FBGN0053834	95	147	150	302	238	302
FBGN0032896	21	7	1	10	35	21
FBGN0032068	62	30	15	32	38	19
FBGN0031936	66	36	16	29	46	70
FBGN0024734	4628	5866	4897	5265	5287	4906
FBGN0032981	34	28	41	14	18	24
FBGN0004507	15559	14327	17106	12061	10683	9565
FBGN0263026	0	6	0	2	3	3
FBGN0020880	33	20	45	55	2	18
FBGN0053860	1	1	0	1	0	0
FBGN0015400	70	59	124	34	82	72
FBGN0032318	9	3	11	4	9	16
FBGN0262877	0	0	4	4	7	1
FBGN0032682	3979	3965	3905	3666	3585	2940
FBGN0031244	406	426	535	573	548	469
FBGN0032211	45	18	8	50	36	15
FBGN0019890	10061	11655	11476	9675	8629	7700
FBGN0016930	6131	6891	7204	7927	7585	7035
FBGN0051789	28	20	37	24	19	20
FBGN0032669	30	5	22	234	136	166
FBGN0031566	1868	1929	1898	2099	1986	2045
FBGN0031997	735	720	895	777	730	614
FBGN0028887	111	34	62	10	94	79
FBGN0016054	428	385	414	1442	1272	1156
FBGN0032117	421	363	249	451	450	452
FBGN0031494	332	433	355	723	716	567
FBGN0261531	11	0	3	0	4	1
FBGN0032313	6	23	20	29	1	13
FBGN0015803	4482	4843	4630	4788	4673	4107
FBGN0086130	1170	1164	1406	1173	1142	1071
FBGN0031288	39	2	0	7	3	13
FBGN0010612	3650	4751	4415	6381	5610	5240
FBGN0051792	82	78	51	78	139	133
FBGN0262872	10818	12439	13519	11129	10098	9624
FBGN0000052	6162	6356	7386	7511	6817	6438
FBGN0041250	14	30	7	75	30	28
FBGN0032178	23	4	31	26	17	16
FBGN0053116	2287	2104	2197	2427	1825	1567
FBGN0259960	8	3	10	7	4	9
FBGN0263234	15	18	2	18	12	12
FBGN0001301	11790	11872	12454	9015	8249	8035
FBGN0265607	28	22	18	18	19	23
FBGN0067779	6788	7787	7049	6649	6686	5790
FBGN0032522	42	20	14	11	11	3
FBGN0032465	2231	1990	2311	3119	2499	2605
FBGN0263256	1168	1063	1256	1468	1255	1280
FBGN0031419	279	127	100	219	273	152
FBGN0000588	1379	1801	2027	1345	1215	1023
FBGN0032017	664	689	789	799	955	815
FBGN0051716	14816	17961	16517	15406	15133	13310
FBGN0032048	20	11	2	7	13	3
FBGN0028534	122	239	231	136	110	112
FBGN0051730	18	2	18	17	6	5
FBGN0031409	19	4	25	14	16	3
FBGN0262814	0	0	1	0	0	1
FBGN0031428	426	550	632	580	599	557
FBGN0028903	26	13	19	8	26	10
FBGN0011207	2564	2767	3088	2800	2533	2313
FBGN0051637	1876	1811	2255	1364	1406	1439
FBGN0031283	12	4	0	32	15	7
FBGN0032614	69	69	63	90	89	61
FBGN0267327	4	0	3	7	7	4
FBGN0262743	20900	23230	25278	22237	19137	17667
FBGN0032889	3377	4370	4582	4689	4359	3403
FBGN0003141	1666	2111	2042	2280	2221	1959
FBGN0054003	32	18	3	56	31	25
FBGN0041781	4964	5511	5712	4229	4343	3900
FBGN0031530	473	634	591	822	724	830
FBGN0032376	32	16	36	20	28	10
FBGN0000320	1794	2009	2410	1629	1453	1351
FBGN0032563	47	10	4	12	33	10
FBGN0032205	334	246	273	606	421	473
FBGN0025724	12143	14736	13989	14077	12569	12099
FBGN0264743	2593	2744	2798	2937	3048	2649
FBGN0032364	54	19	30	24	19	37
FBGN0028950	2	5	13	9	6	16
FBGN0032877	686	696	793	640	1025	868
FBGN0031220	92	79	53	583	375	447
FBGN0032471	90	81	46	56	87	57
FBGN0032588	15	4	15	17	12	13
FBGN0051870	4	0	4	0	21	3
FBGN0264990	0	12	4	3	0	15
FBGN0005664	31	29	23	16	26	14
FBGN0264432	3	2	8	7	0	8
FBGN0051867	23	4	11	24	9	7
FBGN0264543	0	1	0	14	4	0
FBGN0053113	22367	24425	25245	21552	19800	17977
FBGN0028858	27	7	0	17	4	17
FBGN0262599	19	15	19	12	20	36
FBGN0031422	428	366	449	497	343	435
FBGN0032715	1602	1793	1968	1889	1695	1475
FBGN0053510	14	21	22	131	144	94
FBGN0004872	132	141	52	134	121	63
FBGN0031294	104	93	89	126	62	47
FBGN0032370	12	8	31	12	5	13
FBGN0086683	3286	3760	3585	4798	4529	4154
FBGN0031505	839	992	1008	1490	1124	1118
FBGN0028901	92	43	26	55	23	68
FBGN0032260	27	90	18	10	52	19
FBGN0028896	7	33	56	6	18	15
FBGN0083973	527	684	648	366	296	289
FBGN0051924	17	6	5	5	2	6
FBGN0263133	2165	2642	2887	2645	2766	2231
FBGN0053509	13	18	9	4361	4026	3811
FBGN0058006	1713	2118	1589	1261	1356	1312
FBGN0031779	1515	2024	2332	1440	1586	1386
FBGN0031876	675	538	546	760	619	549
FBGN0002593	61802	64130	77016	59705	53440	47248
FBGN0259957	5	3	1	14	7	2
FBGN0042175	2084	2038	2094	2293	2282	2072
FBGN0012037	20489	28951	32247	18815	17567	15000
FBGN0031522	14	26	19	239	132	185
FBGN0031602	70	44	51	78	39	56
FBGN0041723	137	46	84	83	86	110
FBGN0031768	1978	1989	2294	1900	1999	1829
FBGN0040508	61	12	36	50	39	47
FBGN0283652	1117	1126	1441	1919	1736	1773
FBGN0031451	55	38	42	22	19	28
FBGN0003209	6117	6813	5939	5599	5497	4712
FBGN0262358	1	5	11	0	3	6
FBGN0053907	20	1	5	8	37	9
FBGN0003430	36	17	16	5	17	22
FBGN0024740	34	14	4	27	43	22
FBGN0011818	2711	2969	3071	3118	3090	2518
FBGN0032731	1179	1505	1490	1381	1259	990
FBGN0031286	885	793	663	795	627	812
FBGN0032290	1334	1853	1629	1143	1425	1250
FBGN0031737	59	67	46	51	47	55
FBGN0027568	13014	14258	14553	13797	13657	12202
FBGN0031721	10	11	11	8	17	2
FBGN0032884	4162	4850	5038	5158	5005	4240
FBGN0028707	429	292	337	312	251	354
FBGN0028542	28	12	27	132	120	99
FBGN0032809	18	24	8	1	17	8
FBGN0032336	4	4	0	0	13	7
FBGN0032790	663	564	521	603	768	584
FBGN0028658	562	628	611	528	402	430
FBGN0031817	382	502	437	429	372	426
FBGN0001942	83152	93190	101301	80631	76301	69415
FBGN0027600	6437	6341	7832	4608	4528	3790
FBGN0031592	11	5	16	12	9	7
FBGN0031728	30	36	9	21	11	33
FBGN0024291	8073	9026	8577	7340	7546	6421
FBGN0031414	85	101	81	157	95	116
FBGN0053124	28	12	13	69	41	17
FBGN0085422	38	33	24	14	22	40
FBGN0015834	18702	20598	22403	13032	12399	11570
FBGN0028870	4	12	19	22	0	28
FBGN0283678	24	11	1	0	3	5
FBGN0086779	6415	6686	6105	6851	6614	5684
FBGN0051902	47	45	34	28	28	34
FBGN0031920	70	4	13	30	13	23
FBGN0028866	5	5	10	13	9	7
FBGN0028482	108	81	123	38	43	54
FBGN0031913	77	98	64	789	718	689
FBGN0032330	12572	13866	13446	10393	9802	9359
FBGN0020429	55	31	3	28	41	83
FBGN0053831	19	9	22	28	36	52
FBGN0032600	8880	9740	10185	8540	8089	7458
FBGN0053903	38	26	10	0	23	8
FBGN0031483	1702	1575	1626	1048	1274	1194
FBGN0040967	5	7	0	1	11	0
FBGN0031926	1070	1152	1150	953	888	706
FBGN0004811	2947	2922	2936	2881	3166	2750
FBGN0031766	157	117	181	134	203	161
FBGN0031769	18169	21311	23021	18760	17795	15613
FBGN0032929	4052	4975	4096	3524	3794	3133
FBGN0263354	86	60	25	24	29	49
FBGN0032835	47	21	30	35	26	37
FBGN0010263	290	195	173	270	204	183
FBGN0013531	1041	1174	1352	1301	1459	1133
FBGN0259950	8	83	0	44	67	140
FBGN0032280	136	33	68	127	80	82
FBGN0032486	476	384	496	404	478	400
FBGN0032428	40	47	65	30	29	30
FBGN0052463	28	7	24	40	34	10
FBGN0286781	16386	18195	17496	17611	16513	14612
FBGN0043002	1218	1206	1226	1566	1595	1600
FBGN0044811	9	0	5	1	15	23
FBGN0031310	2336	2484	2889	2992	2856	2536
FBGN0053893	10	13	12	7	18	9
FBGN0031661	3517	4090	3915	3546	3540	3376
FBGN0004620	74	81	65	78	70	68
FBGN0053851	0	0	0	0	0	0
FBGN0032706	46	14	113	26	35	8
FBGN0020906	48	78	112	115	60	90
FBGN0053648	3	7	2	18	5	9
FBGN0031877	397	396	381	299	259	186
FBGN0032457	27	14	55	4	33	12
FBGN0261597	108109	125629	128930	116991	111566	96849
FBGN0032388	10842	13799	13240	14825	14703	12077
FBGN0020497	18974	21746	21538	19513	17749	16505
FBGN0032311	6	6	0	2	3	17
FBGN0028516	43	22	20	117	77	52
FBGN0032925	9382	10978	10195	12842	12335	10452
FBGN0053841	0	0	0	5	3	1
FBGN0032489	39	10	17	11	2	16
FBGN0250785	15958	18373	17647	12750	11539	11222
FBGN0263080	27	4	5	6	8	4
FBGN0263314	0	9	6	5	9	0
FBGN0053310	64	42	32	85	56	32
FBGN0032703	1187	1394	1092	1888	1921	1778
FBGN0032101	2287	2796	2291	3321	3178	3029
FBGN0261830	56	80	28	56	73	102
FBGN0250847	41	12	18	3	8	23
FBGN0031853	29	49	36	38	26	33
FBGN0031307	5445	6589	7078	7090	6655	6359
FBGN0010422	5510	6349	5960	6400	6057	5352
FBGN0031986	50	10	14	36	48	28
FBGN0267252	31	30	13	2	20	36
FBGN0031536	1627	1883	2081	1599	1512	1312
FBGN0000075	963	911	967	2317	2321	1996
FBGN0002938	313	342	318	236	170	166
FBGN0031736	3734	4289	3988	3536	3512	3060
FBGN0053864	18	29	36	25	16	11
FBGN0051740	15	11	0	155	88	119
FBGN0000286	4180	4494	4567	3681	3644	3324
FBGN0028897	460	541	462	529	437	392
FBGN0051626	105	74	50	165	68	97
FBGN0026397	42	8	28	44	55	23
FBGN0014127	8250	9351	9106	9439	9579	8339
FBGN0261239	12300	14460	12683	12558	12402	11736
FBGN0264744	732	671	983	769	658	560
FBGN0011294	18	1	0	9	15	7
FBGN0005617	10249	11789	10311	10202	10019	8517
FBGN0053876	0	6	0	9	13	0
FBGN0260453	2	3	15	19	14	14
FBGN0032312	19	3	8	0	9	2
FBGN0031882	387	453	528	393	419	427
FBGN0053281	17	17	32	12	22	28
FBGN0051926	34	23	10	4	22	38
FBGN0267330	4067	4712	4340	5128	5242	4796
FBGN0032322	67	40	35	145	128	83
FBGN0028703	2911	3056	3178	2589	2310	2233
FBGN0032244	2500	2670	2620	3371	2951	2421
FBGN0019686	3414	3655	3789	2966	2770	2526
FBGN0032853	23	22	13	72	30	39
FBGN0032919	7197	8091	8837	9803	9192	8349
FBGN0015035	89	32	37	18	20	22
FBGN0032250	1395	1494	1270	1883	1965	1633
FBGN0014857	8041	8138	9982	8147	7537	7294
FBGN0040102	30	33	74	220	180	205
FBGN0031716	12	23	18	39	10	17
FBGN0286786	4480	5171	5750	6065	6037	5351
FBGN0032864	14887	16741	17880	15845	16075	13863
FBGN0021761	13973	16240	15051	17121	16918	15069
FBGN0032740	5	7	0	0	5	0
FBGN0028490	1405	1331	1650	1549	1623	1277
FBGN0020503	8403	9906	8539	5899	6151	5090
FBGN0287724	106	108	67	65	86	92
FBGN0031990	10734	11829	11939	9831	9477	9404
FBGN0032033	443	309	328	338	407	243
FBGN0020415	122	135	96	385	235	230
FBGN0032644	633	899	771	793	760	662
FBGN0032796	5306	6534	6333	5077	4057	4023
FBGN0065109	12	6	16	26	71	16
FBGN0032109	52	21	31	39	52	21
FBGN0053846	14	6	5	18	22	25
FBGN0031261	150	117	104	271	177	193
FBGN0053855	95	148	141	338	273	313
FBGN0051673	832	997	1039	1416	1288	953
FBGN0053868	6867	8701	7759	4453	4634	4025
FBGN0085197	2	4	3	0	4	0
FBGN0000317	12684	14107	13559	10887	11226	9926
FBGN0259229	68	31	18	65	29	38
FBGN0031603	618	866	802	1224	1178	962
FBGN0032053	751	1210	1211	995	983	887
FBGN0002566	5329	6192	5266	7843	7846	7557
FBGN0051643	729	858	840	776	1038	753
FBGN0051663	85	55	35	123	48	143
FBGN0004567	22	41	51	61	36	37
FBGN0031485	1032	1250	1123	1861	1413	1454
FBGN0031496	18	68	70	172	104	75
FBGN0028544	2407	1718	2028	4182	4097	3671
FBGN0051612	224	242	354	282	256	331
FBGN0031390	16470	18546	18327	15422	14609	14399
FBGN0051788	3	2	7	8	3	4
FBGN0031972	619	701	730	794	720	629
FBGN0001170	337	447	433	188	261	288
FBGN0267365	1649	1982	1429	1996	2091	1715
FBGN0286898	11785	13864	12941	10806	10027	9757
FBGN0032416	28	15	20	10	4	9
FBGN0265138	64	29	13	18	48	19
FBGN0260446	60	49	48	71	43	34
FBGN0032779	181	181	203	212	185	200
FBGN0287218	0	0	3	0	10	5
FBGN0032595	272	251	273	354	312	459
FBGN0262140	0	4	0	0	0	1
FBGN0029161	1847	2020	2211	2445	2373	2221
FBGN0003607	19369	21557	20922	23804	25339	22006
FBGN0031460	13	1	6	6	3	13
FBGN0029137	60	48	94	34	85	52
FBGN0264308	120	69	84	12	37	38
FBGN0262786	6	5	6	14	8	5
FBGN0011291	1038	1411	1069	1391	1251	1162
FBGN0032419	30	13	0	13	3	12
FBGN0031337	16	11	12	32	10	20
FBGN0001989	1720	2297	2505	1932	1859	1676
FBGN0040958	0	6	0	7	5	0
FBGN0031770	14	25	11	41	17	41
FBGN0032147	1260	1125	1374	883	896	852
FBGN0031622	37	30	18	0	26	18
FBGN0053809	5	17	2	1	0	4
FBGN0028398	1964	2156	2188	2469	2732	2194
FBGN0031939	171	128	37	419	582	338
FBGN0032850	18	10	3	47	8	14
FBGN0031571	30413	33046	30413	24541	23010	21077
FBGN0031533	23	25	14	29	46	29
FBGN0264433	8	0	6	20	54	42
FBGN0000547	77695	86118	88692	53614	52836	48926
FBGN0003270	2	1	3	0	2	0
FBGN0264362	5	10	0	3	7	0
FBGN0031216	15182	16251	14618	13215	13397	12310
FBGN0032577	2	9	8	2	3	5
FBGN0004867	67056	72362	78765	68273	62521	54595
FBGN0002673	776	868	793	615	620	535
FBGN0263094	1	5	7	0	11	5
FBGN0032495	253	190	303	400	371	295
FBGN0086855	6162	7043	7122	6439	6090	5436
FBGN0032104	26	67	68	27	51	24
FBGN0032026	5485	5908	5923	7806	7422	6738
FBGN0263200	797	982	955	728	511	643
FBGN0053888	1	0	3	0	0	0
FBGN0051908	6657	6726	7993	7034	6616	5847
FBGN0287234	758	676	930	1786	1835	1609
FBGN0031747	73	39	2	34	24	28
FBGN0032518	36777	42964	46496	34832	29448	24735
FBGN0032002	72	79	69	56	61	67
FBGN0031498	268	160	193	212	211	207
FBGN0031517	29	51	33	185	185	164
FBGN0031995	3388	3799	3965	4160	3782	3717
FBGN0000182	89	46	10	69	22	15
FBGN0263079	69	38	58	89	39	23
FBGN0083960	92	90	150	151	80	92
FBGN0053815	1	9	2	3	0	0
FBGN0032632	53	10	0	40	27	8
FBGN0000055	295	338	189	1354	1109	1000
FBGN0031791	69	111	88	433	330	429
FBGN0051634	51	34	3	57	78	43
FBGN0031489	28	42	14	59	111	66
FBGN0032839	24	9	2	26	8	12
FBGN0031834	16	12	10	279	314	332
FBGN0053196	251791	235855	224601	165706	157277	143756
FBGN0013810	256	207	200	218	235	155
FBGN0031440	12	8	0	0	8	6
FBGN0064225	92995	111758	109352	123042	110177	94029
FBGN0031692	12	10	11	32	4	4
FBGN0002021	1393	1417	1366	1736	1783	1544
FBGN0023415	16	10	0	0	11	11
FBGN0032880	7813	9137	8259	9257	8467	8526
FBGN0032515	3691	3679	4262	2968	2736	2377
FBGN0031720	5	3	15	0	29	6
FBGN0021967	1901	1831	1866	2492	2525	2288
FBGN0032753	25	8	62	13	3	22
FBGN0261627	3	14	0	0	0	13
FBGN0053818	20	41	10	34	13	21
FBGN0053891	10	13	12	7	18	9
FBGN0032381	25	22	22	31	25	15
FBGN0032016	1802	2063	2180	2255	2395	2016
FBGN0031740	3530	3933	4178	4128	3752	3273
FBGN0032879	100	68	66	39	44	88
FBGN0040097	1	4	2	2	9	6
FBGN0263082	0	1	0	5	0	2
FBGN0032222	1052	1481	1471	1830	1470	1278
FBGN0031662	1716	2283	1895	2237	2236	2280
FBGN0053531	913	1018	783	431	439	473
FBGN0014033	327	364	150	443	320	391
FBGN0011274	507	495	447	2130	2469	1839
FBGN0032022	252	261	244	258	181	184
FBGN0031829	118	145	89	39	59	57
FBGN0028537	780	1336	424	13332	10262	9966
FBGN0040496	1611	1428	1712	2610	2321	2046
FBGN0031826	58	44	30	11	20	10
FBGN0032961	5479	6247	6076	8773	8512	7793
FBGN0031249	16	4	5	25	8	10
FBGN0067622	422	487	291	492	581	572
FBGN0032406	34	2	3	2	19	18
FBGN0000061	4128	4760	4359	3728	2946	3057
FBGN0032871	117	82	59	164	151	122
FBGN0001086	9102	9960	10453	7927	7157	6849
FBGN0259151	122	114	121	97	105	144
FBGN0031951	1549	1926	1870	2629	2911	2517
FBGN0264363	4	1	7	10	0	2
FBGN0053854	0	0	0	0	0	0
FBGN0259716	72	114	79	520	316	272
FBGN0031298	2147	2434	2459	2070	1963	2016
FBGN0031929	12	1	34	41	17	13
FBGN0027586	14	24	66	5	5	9
FBGN0032467	10724	12556	12679	10473	9993	9056
FBGN0051866	2667	2986	2919	2704	2719	2234
FBGN0250786	20630	21794	21918	15856	15706	13831
FBGN0259954	7	3	1	4	19	8
FBGN0031988	3229	3885	3987	3385	3345	3268
FBGN0032868	13	15	7	6	6	1
FBGN0287788	362	368	412	541	365	503
FBGN0261836	706685	755050	648322	378960	368200	351066
FBGN0010097	38	46	52	8	36	26
FBGN0031633	1821	2022	2130	3074	2746	2702
FBGN0053874	1	4	3	6	10	0
FBGN0041111	10434	12056	11732	7315	7209	6378
FBGN0051975	16	64	36	94	30	53
FBGN0031730	35	12	19	10	46	31
FBGN0032006	1849	2038	1514	5220	4713	4466
FBGN0041180	11246	13038	12739	16573	14573	13319
FBGN0031772	741	719	767	1371	1101	1004
FBGN0032521	7058	8069	8019	6979	6836	6007
FBGN0085192	398	731	370	854	710	602
FBGN0286198	462	780	753	853	593	713
FBGN0262999	10	0	4	3	0	6
FBGN0032704	5077	5658	5488	5912	5650	5003
FBGN0031792	31	28	1	21	11	8
FBGN0032271	55	31	14	7	6	34
FBGN0032240	1326	1975	1655	2927	2637	2539
FBGN0031961	3090	3399	2882	3233	2864	2664
FBGN0031313	16	63	27	93	55	40
FBGN0032181	3	7	2	4	3	0
FBGN0031731	16	7	24	38	32	35
FBGN0031906	54	54	27	30	27	17
FBGN0031597	1390	1479	1430	1508	1300	1083
FBGN0031344	552	483	607	558	451	461
FBGN0032969	33	14	30	8	41	66
FBGN0032817	19730	21920	22068	15105	14478	13171
FBGN0086710	46574	52449	55215	57166	51336	43111
FBGN0022069	8751	9958	9940	11266	10289	9482
FBGN0031606	4456	4909	5083	3905	3897	3280
FBGN0053543	42	9	8	46	11	24
FBGN0027081	16335	17940	18645	15747	15371	13358
FBGN0010607	1805	1860	1653	2001	1902	1678
FBGN0031776	2441	3190	2902	4634	4353	3577
FBGN0032192	661	741	722	770	799	674
FBGN0031907	27	60	31	235	191	320
FBGN0053845	0	0	0	0	0	0
FBGN0264978	4037	4042	4542	4284	3743	3688
FBGN0028675	160	140	163	188	167	228
FBGN0020618	110996	120397	131755	88989	79850	71069
FBGN0028425	3060	3776	3731	4774	4586	4118
FBGN0053842	0	1	0	1	0	0
FBGN0032724	1937	2104	2319	1862	1555	1540
FBGN0086912	4449	4987	4534	5393	5565	4385
FBGN0031636	24	26	25	54	49	30
FBGN0266445	234	193	86	202	197	135
FBGN0052984	54	14	9	22	26	32
FBGN0032789	23	8	2	60	52	36
FBGN0265668	1	0	0	7	8	0
FBGN0265778	14317	14673	15126	10564	10529	9397
FBGN0051694	5566	6655	6897	10592	9702	8534
FBGN0031471	20	13	10	0	13	27
FBGN0085407	383	334	351	531	583	556
FBGN0003963	6376	7644	7270	5807	5797	5138
FBGN0014010	6211	7160	6874	7055	6919	6739
FBGN0016675	11	3	4	14	4	6
FBGN0065110	67	9	26	16	35	12
FBGN0267255	14	7	4	0	9	3
FBGN0000180	9551	11625	11754	6811	6248	6298
FBGN0053909	41	21	18	21	32	6
FBGN0264343	4	1	6	0	2	4
FBGN0031955	102	44	20	51	81	26
FBGN0051704	10	1	1	0	4	4
FBGN0267489	28	2	0	0	1	1
FBGN0046697	0	2	3	0	5	0
FBGN0001313	5	15	9	8	24	12
FBGN0267592	32	0	12	0	0	10
FBGN0267432	42	23	10	8	7	33
FBGN0046698	1	0	0	14	0	0
FBGN0267903	2	2	0	0	0	0
FBGN0267490	37	0	0	0	9	0
FBGN0267412	14	0	0	0	0	0
FBGN0265047	3557	4132	4001	4569	4643	3941
FBGN0261399	14	0	0	14	0	0
FBGN0058064	0	0	5	0	0	0
FBGN0267904	6	2	6	0	0	0
FBGN0267411	35	0	0	0	0	0
FBGN0267413	24	0	0	0	3	0
FBGN0267449	15	1	3	3	3	8
FBGN0267492	0	0	0	0	0	0
FBGN0267905	0	0	6	0	2	0
FBGN0267433	52	15	23	21	30	19
FBGN0046323	6	1	7	0	0	2
FBGN0267417	0	0	0	0	0	0
FBGN0267491	21	0	7	0	0	0
FBGN0267493	0	0	0	0	0	0
FBGN0039925	71	13	41	47	38	26
FBGN0042696	148	58	36	105	42	77
FBGN0039929	4202	5252	5378	7050	6874	5766
FBGN0002521	6819	7561	6445	8920	9549	8406
FBGN0005558	91	70	54	82	37	67
FBGN0028996	115	67	146	220	194	232
FBGN0287597	1284	1499	1307	1682	1879	1660
FBGN0004607	120329	133853	120625	118821	118533	108155
FBGN0263112	6926	8173	6517	8494	7984	7261
FBGN0052000	15633	17553	15447	16070	16466	16336
FBGN0039923	12873	16511	13868	14729	15270	13916
FBGN0039937	33	15	0	66	63	33
FBGN0259216	193	90	71	90	84	107
FBGN0039915	186	96	84	74	181	157
FBGN0039889	2205	2878	2045	3021	3038	3075
FBGN0039897	758	650	696	931	740	860
FBGN0010217	34804	39933	38586	41701	39287	34819
FBGN0004859	53520	62845	55719	54356	55003	48932
FBGN0039924	4055	5002	4653	5349	5213	5097
FBGN0019985	112	73	81	55	97	79
FBGN0022361	2026	2617	2153	2461	2094	2497
FBGN0053978	35248	39854	32417	37126	38287	35118
FBGN0016126	4355	5902	4736	5968	5313	4751
FBGN0019650	85	30	101	16	23	12
FBGN0023213	74611	85990	75431	88300	90859	82401
FBGN0005561	191	91	135	81	131	92
FBGN0039909	5402	6170	5829	7788	7607	7191
FBGN0027101	8604	11239	8860	11914	11318	10992
FBGN0039920	9163	10766	9386	11146	10711	9795
FBGN0039900	61	34	18	50	34	36
FBGN0087002	2952	3517	1477	18517	15358	15383
FBGN0025741	47500	53343	46307	53106	54732	51035
FBGN0053481	59	22	22	5	15	27
FBGN0051998	22529	25758	22838	25256	25298	23504
FBGN0262636	131	92	94	104	123	97
FBGN0039932	122	40	47	111	96	68
FBGN0024728	7687	9431	7943	8333	7743	7380
FBGN0052016	11854	13894	12352	12755	12973	11597
FBGN0040324	7978	9800	8308	7674	8025	7800
FBGN0039896	38	89	22	71	124	49
FBGN0026777	9651	11158	9964	12007	12848	10215
FBGN0025740	36975	41750	34381	32559	32516	30264
FBGN0259214	34484	41348	35179	41484	40419	37149
FBGN0052017	100	54	46	132	107	95
FBGN0267363	59	32	61	75	15	51
FBGN0024811	4686	5943	4866	6337	6733	6137
FBGN0262731	896	995	850	1251	1260	1198
FBGN0085432	11109	12480	10626	11581	11290	9917
FBGN0051992	37201	42413	39002	36776	36074	34224
FBGN0053653	202	118	105	319	292	291
FBGN0039911	198	121	88	168	200	124
FBGN0051999	943	1034	965	1966	1714	1590
FBGN0017545	55413	69382	62971	80439	83552	72035
FBGN0026262	16124	19688	16316	16355	16728	15475
FBGN0039908	4486	5393	4678	4533	4509	4370
FBGN0264607	5863	7449	6397	8955	8877	7707
FBGN0011747	22812	26952	23857	25867	25208	23723
FBGN0039928	13308	15139	13330	14572	15467	13749
FBGN0039904	23608	25868	24465	23535	22672	20891
FBGN0039936	24825	27791	25937	25869	24133	22227
FBGN0039927	273	187	205	278	284	154
FBGN0039930	213	238	449	624	482	388
FBGN0026869	28681	29865	27803	23341	24451	21600
FBGN0039890	5878	7528	6620	7405	7645	7387
FBGN0051997	4574	5545	4880	7820	7574	7050
FBGN0024913	104	48	44	42	41	48
FBGN0039907	16666	18803	17726	17322	16624	15249
FBGN0039916	160	96	87	72	116	66
FBGN0011642	6082	7023	5994	6804	7633	6473
FBGN0250819	148	81	56	76	160	75
FBGN0052850	468	450	392	805	721	748
FBGN0039902	2715	3425	3109	3745	3874	3599
FBGN0039938	2028	2377	2563	1685	1623	1437
FBGN0005666	2323	1772	999	2118	1756	1767
FBGN0025726	31404	37711	28642	200309	187029	174684
FBGN0052006	68	26	68	62	26	26
FBGN0013749	2639	3390	2747	5025	4768	4902
FBGN0026199	4164	5669	4199	4627	4695	4779
FBGN0025936	19111	22916	19363	18150	18453	15742
FBGN0039914	8768	9759	8460	9978	10845	9936
FBGN0013680	0	0	0	0	0	0
FBGN0013676	0	0	0	0	0	0
FBGN0013681	0	0	0	0	0	0
FBGN0013678	0	0	0	0	0	0
FBGN0013672	0	0	0	0	0	0
FBGN0013674	0	0	0	0	0	0
FBGN0262952	0	0	0	0	0	0
FBGN0013684	0	0	0	0	0	0
FBGN0013679	0	0	0	0	0	0
FBGN0013685	0	0	0	0	0	0
FBGN0013673	0	0	0	0	0	0
FBGN0013675	0	0	0	0	0	0
FBGN0013683	0	0	0	0	0	0
FBGN0261386	0	0	0	0	0	0
FBGN0040038	0	0	0	0	0	0
FBGN0085692	0	0	0	0	0	0
FBGN0259817	0	0	0	0	0	0
FBGN0085506	0	0	0	0	0	0
