Geneid	RpS12_A_Ribo	RpS12_B_Ribo	RpS12_C_Ribo	Xrp1_A_Ribo	Xrp1_B_Ribo	Xrp1_C_Ribo
FBGN0038542	0	0	0	0	0	0
FBGN0039592	0	0	0	0	0	1
FBGN0038067	0	0	0	0	0	0
FBGN0039602	27	20	55	37	54	55
FBGN0264897	0	0	0	0	0	0
FBGN0038565	0	0	0	0	0	0
FBGN0039331	0	0	0	0	0	0
FBGN0019972	124	70	108	178	229	195
FBGN0046873	0	0	0	0	0	0
FBGN0038756	0	0	0	0	0	4
FBGN0039627	52	38	38	50	66	74
FBGN0039436	0	0	0	0	0	0
FBGN0051092	255	283	228	253	341	359
FBGN0039089	0	0	0	0	7	0
FBGN0064119	0	0	0	0	0	0
FBGN0250820	43	54	41	41	85	60
FBGN0284229	0	0	0	0	0	0
FBGN0038886	0	0	0	0	0	0
FBGN0038243	2	0	0	2	1	3
FBGN0283468	100	96	137	172	220	181
FBGN0038598	0	0	0	0	1	0
FBGN0038407	5	1	2	6	7	6
FBGN0038627	6	3	5	10	17	21
FBGN0027654	0	2	0	2	0	0
FBGN0037236	72	110	104	127	163	145
FBGN0003890	11	35	4	56	164	158
FBGN0000463	334	253	268	445	673	651
FBGN0039761	0	0	0	0	0	0
FBGN0051415	0	0	0	0	0	0
FBGN0037970	0	0	0	0	0	0
FBGN0051463	0	0	0	0	0	0
FBGN0051077	0	0	0	0	0	0
FBGN0037723	123	76	62	71	134	106
FBGN0028374	0	0	0	0	0	0
FBGN0004622	0	0	0	0	0	0
FBGN0053207	24	15	21	17	36	19
FBGN0038890	28	23	41	34	57	40
FBGN0010770	89	38	97	89	106	128
FBGN0046763	195	225	154	214	293	279
FBGN0038465	9	3	7	2	3	4
FBGN0038402	0	0	0	0	0	0
FBGN0261108	73	81	62	81	118	91
FBGN0039087	0	0	0	0	0	0
FBGN0262605	0	0	0	0	0	0
FBGN0263040	0	0	0	0	0	0
FBGN0020907	0	1	0	0	0	0
FBGN0038903	4	12	21	13	22	26
FBGN0037472	94	39	56	64	106	87
FBGN0263977	260	406	242	350	418	340
FBGN0261060	0	0	0	0	0	0
FBGN0015568	0	0	0	0	0	1
FBGN0011270	0	0	0	0	0	0
FBGN0051116	0	0	1	0	0	1
FBGN0262577	0	5	0	0	0	0
FBGN0039030	0	0	0	0	0	0
FBGN0053105	0	0	0	0	0	0
FBGN0037516	0	0	0	0	0	0
FBGN0051265	0	0	0	0	0	0
FBGN0051163	197	198	172	280	334	293
FBGN0039189	37	17	27	27	61	31
FBGN0039858	70	53	56	112	171	137
FBGN0261561	1	1	2	6	5	21
FBGN0002905	91	49	76	155	196	188
FBGN0003676	884	760	718	1051	1597	1508
FBGN0040629	0	0	0	0	0	0
FBGN0038246	0	0	2	0	0	0
FBGN0043005	0	0	0	0	0	0
FBGN0038815	22	36	14	25	46	22
FBGN0015569	5	5	7	2	13	11
FBGN0038960	0	0	0	0	0	0
FBGN0067317	0	0	0	0	0	0
FBGN0039544	19	49	26	22	33	25
FBGN0038356	0	0	0	0	0	0
FBGN0051437	0	0	0	0	0	0
FBGN0028400	0	0	0	0	0	1
FBGN0039233	65	27	51	66	95	103
FBGN0288631	84	73	67	164	189	182
FBGN0039225	0	0	0	0	0	0
FBGN0051327	0	0	0	0	0	0
FBGN0261290	0	0	0	0	0	0
FBGN0002609	20	8	16	17	54	31
FBGN0051013	0	0	0	0	0	0
FBGN0037898	6	0	8	6	13	7
FBGN0051206	0	0	0	0	0	0
FBGN0038037	3	0	0	2	0	0
FBGN0037449	0	0	0	0	0	0
FBGN0002924	200	196	215	260	345	370
FBGN0037623	34	16	26	25	34	29
FBGN0038989	89	156	119	137	159	184
FBGN0038526	0	0	0	0	0	0
FBGN0038203	0	0	0	0	0	0
FBGN0037608	58	54	43	52	86	75
FBGN0260713	0	0	0	0	0	0
FBGN0037483	0	0	0	0	0	0
FBGN0028476	48	70	66	99	110	93
FBGN0038046	254	238	167	215	322	340
FBGN0051202	0	0	0	0	0	0
FBGN0039147	0	0	0	0	0	0
FBGN0038349	106	77	58	92	94	126
FBGN0010441	39	34	24	33	77	80
FBGN0039402	120	82	111	95	141	123
FBGN0037715	3	0	0	6	13	7
FBGN0010399	0	0	0	0	0	0
FBGN0267975	106	96	93	120	143	147
FBGN0015331	72	80	35	76	93	117
FBGN0027948	702	617	620	829	1108	1074
FBGN0011655	79	73	72	114	138	149
FBGN0266758	12	17	17	9	8	9
FBGN0004781	0	0	0	0	0	0
FBGN0085346	4	3	5	1	2	2
FBGN0039075	0	0	0	0	0	0
FBGN0000274	0	0	0	0	0	1
FBGN0039448	0	0	0	0	0	0
FBGN0003356	0	0	0	0	1	0
FBGN0039094	0	0	3	7	2	3
FBGN0010044	0	0	0	0	0	0
FBGN0051223	34	21	20	54	57	42
FBGN0263490	103	47	91	104	174	157
FBGN0250910	0	0	0	0	0	0
FBGN0262617	33	50	49	77	97	93
FBGN0038360	52	13	46	60	73	88
FBGN0051352	2	6	4	6	16	7
FBGN0037290	0	2	1	0	0	0
FBGN0038069	0	0	0	0	0	0
FBGN0037262	52	29	23	29	68	71
FBGN0045473	0	0	0	0	0	0
FBGN0039840	0	0	0	0	0	0
FBGN0037679	13	11	4	5	10	11
FBGN0039282	0	0	0	0	0	0
FBGN0037896	0	0	0	0	0	0
FBGN0266668	80	86	88	101	127	115
FBGN0037363	49	36	60	87	130	126
FBGN0014018	72	109	69	72	130	131
FBGN0037552	58	19	44	43	30	26
FBGN0037488	0	0	0	0	0	0
FBGN0038597	169	152	162	172	262	268
FBGN0082582	195	145	179	196	310	305
FBGN0040279	15	7	30	19	22	28
FBGN0261844	10	3	15	17	29	31
FBGN0002868	0	0	4	0	0	0
FBGN0037589	0	0	0	0	0	0
FBGN0038468	0	0	0	0	0	0
FBGN0010389	42	66	38	37	85	57
FBGN0039371	2	0	0	0	0	0
FBGN0259152	99	107	85	112	141	133
FBGN0051560	0	0	0	0	0	0
FBGN0037782	0	0	0	0	0	0
FBGN0039347	0	0	0	0	0	0
FBGN0037668	0	0	0	0	0	0
FBGN0038881	153	157	133	259	288	273
FBGN0011669	0	0	0	0	0	0
FBGN0038796	0	0	0	0	0	0
FBGN0038014	0	0	0	0	0	0
FBGN0038210	0	0	0	0	0	0
FBGN0041621	0	0	0	0	0	0
FBGN0037911	7	4	7	7	25	11
FBGN0037685	0	0	0	0	0	0
FBGN0039015	0	0	0	0	0	0
FBGN0037254	0	0	0	0	0	0
FBGN0266137	0	0	0	0	0	0
FBGN0053337	0	0	0	0	0	0
FBGN0038460	0	0	0	0	0	0
FBGN0261053	171	120	162	204	287	267
FBGN0037375	0	0	2	0	1	0
FBGN0014930	5	2	5	7	11	5
FBGN0037626	0	0	0	0	0	0
FBGN0051051	1	0	0	0	2	0
FBGN0286204	1	0	0	1	2	0
FBGN0045035	179	91	117	122	177	182
FBGN0037754	0	0	2	0	0	0
FBGN0051017	0	0	0	0	0	0
FBGN0039795	105	196	24	390	692	552
FBGN0038476	641	631	689	960	1290	1187
FBGN0037461	0	0	0	0	0	0
FBGN0051407	0	0	0	0	0	0
FBGN0039003	36	20	36	51	82	44
FBGN0039731	47	35	24	27	47	22
FBGN0038003	0	0	0	0	0	0
FBGN0087013	1240	1058	1141	1318	1721	1711
FBGN0259733	0	0	0	0	2	1
FBGN0266176	0	0	0	0	0	0
FBGN0038302	22	34	21	23	14	9
FBGN0263596	0	0	0	0	0	0
FBGN0037424	0	0	0	0	0	0
FBGN0051076	0	0	0	3	2	2
FBGN0002735	3	0	3	3	6	12
FBGN0038462	27	56	21	20	33	37
FBGN0039584	0	0	0	0	0	0
FBGN0028487	1	0	4	1	2	5
FBGN0044511	29	24	13	29	36	40
FBGN0039522	0	0	0	0	0	0
FBGN0051542	0	0	0	0	0	0
FBGN0085328	0	0	0	0	0	0
FBGN0038447	0	0	0	0	0	0
FBGN0037822	16	3	19	10	11	31
FBGN0037504	83	99	66	114	143	131
FBGN0037963	658	616	546	892	996	957
FBGN0039368	0	0	0	0	0	0
FBGN0042102	0	1	0	0	0	1
FBGN0037677	0	0	0	0	0	0
FBGN0038499	91	49	68	105	112	110
FBGN0037572	0	0	0	0	0	0
FBGN0266916	93	77	65	102	143	117
FBGN0038887	0	0	0	0	0	0
FBGN0040227	746	533	603	832	1255	1413
FBGN0039312	0	5	0	1	0	0
FBGN0039599	0	0	0	0	0	0
FBGN0037688	21	26	18	59	51	34
FBGN0044823	7	8	1	9	3	4
FBGN0013813	0	8	0	0	0	0
FBGN0039081	0	0	0	0	0	0
FBGN0263400	0	0	0	0	0	0
FBGN0038331	19	7	14	13	23	15
FBGN0038515	26	23	11	36	59	46
FBGN0039108	0	0	0	1	0	0
FBGN0025574	96	101	77	107	192	142
FBGN0039298	0	0	0	0	0	0
FBGN0038914	0	0	0	0	0	0
FBGN0038760	138	67	114	133	200	194
FBGN0014861	343	235	358	405	540	626
FBGN0037892	14	38	8	14	16	20
FBGN0010803	88	91	85	144	150	160
FBGN0051122	87	99	95	131	153	161
FBGN0286199	0	0	0	0	0	0
FBGN0038173	0	0	4	0	0	0
FBGN0038354	0	0	0	0	0	0
FBGN0004779	0	0	0	0	0	0
FBGN0004118	0	0	0	0	0	0
FBGN0037995	0	0	0	0	0	0
FBGN0027512	76	69	69	97	122	114
FBGN0051106	0	0	0	0	0	0
FBGN0286506	35	21	30	42	41	37
FBGN0039439	0	0	0	0	0	0
FBGN0037964	0	0	0	0	0	0
FBGN0039625	28	15	17	9	15	12
FBGN0039723	0	0	0	0	0	0
FBGN0262955	541	533	549	697	869	804
FBGN0039613	0	0	2	1	1	0
FBGN0051103	1	3	7	2	1	3
FBGN0039807	6	0	4	7	3	8
FBGN0051493	0	0	0	0	0	0
FBGN0038868	17	5	23	26	42	42
FBGN0038787	35	39	35	39	84	68
FBGN0039154	0	0	0	2	1	6
FBGN0051158	93	123	123	147	220	215
FBGN0039600	361	369	324	417	528	523
FBGN0038219	0	0	0	0	0	0
FBGN0262473	119	113	101	194	242	236
FBGN0083984	2	7	2	6	1	6
FBGN0038878	0	0	0	3	0	0
FBGN0039523	0	0	0	0	0	0
FBGN0004389	0	0	0	0	0	0
FBGN0038877	17	21	21	21	57	40
FBGN0039356	8	13	17	8	12	12
FBGN0037455	0	0	0	0	0	0
FBGN0039264	0	0	0	0	0	0
FBGN0287211	0	0	0	0	0	0
FBGN0037994	0	0	0	0	0	0
FBGN0004885	619	459	529	781	1059	958
FBGN0038136	0	0	0	0	0	0
FBGN0051390	74	69	73	119	149	143
FBGN0038948	37	25	43	32	77	60
FBGN0038601	130	98	122	97	167	144
FBGN0264836	0	0	0	0	0	0
FBGN0000277	0	0	0	0	0	0
FBGN0038751	0	0	0	0	0	0
FBGN0266172	0	0	0	0	0	0
FBGN0264326	143	89	99	107	166	167
FBGN0051088	0	0	0	0	0	0
FBGN0039188	37	75	44	49	78	76
FBGN0266448	0	0	0	0	0	0
FBGN0025456	6	30	43	7	18	20
FBGN0040602	0	0	0	0	0	0
FBGN0037386	0	0	0	0	0	0
FBGN0051156	24	20	23	40	57	35
FBGN0037265	2	7	13	4	7	15
FBGN0004197	457	414	385	558	846	779
FBGN0085305	0	0	0	0	0	0
FBGN0037857	0	0	0	0	0	0
FBGN0044810	0	0	0	0	0	0
FBGN0037955	85	66	69	107	149	129
FBGN0037270	265	231	273	298	582	506
FBGN0264899	0	0	0	0	0	0
FBGN0039139	67	48	47	68	89	101
FBGN0041229	0	0	0	0	0	0
FBGN0039286	0	1	3	5	1	5
FBGN0037251	10	13	7	8	8	11
FBGN0051050	0	0	0	0	0	0
FBGN0037719	47	33	40	52	87	63
FBGN0039093	0	0	0	0	0	0
FBGN0016685	1081	942	833	1183	1551	1563
FBGN0038584	25	5	24	18	27	27
FBGN0051337	1	0	0	0	7	0
FBGN0028692	1164	975	900	1273	1798	1833
FBGN0037727	0	0	0	0	0	0
FBGN0002734	12	28	21	20	30	21
FBGN0037563	0	0	0	0	0	105
FBGN0053100	29	6	26	20	44	23
FBGN0038089	0	0	0	0	0	0
FBGN0022800	47	31	27	59	91	88
FBGN0051086	0	0	0	0	0	0
FBGN0042105	0	0	0	0	0	0
FBGN0038575	0	0	0	0	0	0
FBGN0045442	0	0	0	0	0	0
FBGN0051404	0	0	0	0	0	0
FBGN0027657	9	0	5	3	13	2
FBGN0262823	0	0	0	0	0	0
FBGN0039240	43	48	53	97	124	101
FBGN0037792	89	85	65	86	132	122
FBGN0261840	5	0	0	3	6	0
FBGN0039505	9	7	15	7	24	26
FBGN0039790	99	68	78	115	144	139
FBGN0010173	488	323	476	504	693	718
FBGN0039527	43	57	33	116	159	125
FBGN0015570	0	0	0	0	0	0
FBGN0051015	0	0	0	0	0	3
FBGN0037617	30	33	20	15	48	28
FBGN0039748	0	0	0	0	2	0
FBGN0028422	0	0	0	0	0	0
FBGN0038731	0	0	0	0	0	0
FBGN0038043	144	121	104	140	176	181
FBGN0004777	0	0	2	0	0	0
FBGN0037293	57	44	33	57	63	53
FBGN0039009	0	0	0	0	0	0
FBGN0039766	2	1	1	4	4	4
FBGN0039283	0	0	2	7	0	3
FBGN0037818	0	0	0	0	0	0
FBGN0037492	6	13	6	5	14	6
FBGN0039668	41	23	67	91	174	150
FBGN0014427	257	209	151	357	509	395
FBGN0261286	181	125	119	180	218	272
FBGN0038282	0	0	0	0	0	0
FBGN0038473	224	157	171	197	200	257
FBGN0039016	91	88	96	120	144	129
FBGN0039067	34	12	29	47	54	34
FBGN0087012	0	0	0	0	0	0
FBGN0039555	72	40	61	95	149	136
FBGN0053970	25	29	21	61	91	61
FBGN0085326	0	0	0	0	0	0
FBGN0037538	155	128	107	141	202	171
FBGN0086768	15	1	11	20	41	27
FBGN0038722	100	65	81	93	197	164
FBGN0259244	108	120	110	110	175	226
FBGN0037481	26	19	16	15	39	33
FBGN0039810	0	0	0	0	0	0
FBGN0040534	119	114	105	192	184	158
FBGN0014135	0	1	0	0	7	3
FBGN0039058	0	0	0	0	0	0
FBGN0085308	0	1	0	1	0	0
FBGN0051119	0	0	0	0	0	0
FBGN0037625	0	0	0	0	0	0
FBGN0262559	145	103	100	117	212	186
FBGN0051528	0	0	0	0	0	0
FBGN0278600	0	0	0	0	0	0
FBGN0038369	81	55	51	97	157	158
FBGN0039483	0	0	0	0	0	0
FBGN0040679	0	0	0	0	0	0
FBGN0039663	15	22	12	5	19	1
FBGN0046332	0	0	0	0	0	0
FBGN0046214	432	339	360	511	689	714
FBGN0037655	74	89	56	79	118	97
FBGN0038692	52	27	37	51	70	44
FBGN0263401	0	0	0	0	0	0
FBGN0000036	0	0	0	0	7	7
FBGN0038397	0	0	0	0	0	0
FBGN0037467	60	50	44	90	101	92
FBGN0039778	0	0	0	0	0	0
FBGN0039169	51	28	33	54	71	78
FBGN0000015	0	0	0	0	0	0
FBGN0010247	294	331	279	212	197	170
FBGN0037607	1043	708	906	1199	1791	1764
FBGN0261847	2	3	0	0	0	0
FBGN0039449	25	23	15	27	45	38
FBGN0037798	0	0	0	0	0	0
FBGN0261789	135	164	85	124	185	183
FBGN0002542	207	209	151	247	375	345
FBGN0015790	130	270	163	240	313	328
FBGN0053339	0	0	0	0	0	0
FBGN0043799	12	4	3	12	22	21
FBGN0038450	0	0	1	0	0	0
FBGN0086613	112	79	115	157	182	173
FBGN0259975	0	0	0	0	0	0
FBGN0086355	118	116	134	205	297	294
FBGN0037489	123	111	108	140	220	217
FBGN0051098	9	4	5	7	10	19
FBGN0037399	0	0	0	0	0	0
FBGN0014869	59	87	49	78	119	106
FBGN0003884	5432	4797	4699	6056	10011	10347
FBGN0042206	0	0	0	5	0	0
FBGN0029503	69	27	38	79	87	79
FBGN0037322	0	0	0	0	0	0
FBGN0039806	0	0	0	0	0	0
FBGN0051533	0	0	0	0	0	0
FBGN0027866	173	164	190	157	250	296
FBGN0039835	29	12	19	55	70	58
FBGN0037703	36	38	48	63	62	71
FBGN0038952	1	0	0	0	0	0
FBGN0039085	0	0	0	0	0	0
FBGN0026399	0	0	0	0	0	0
FBGN0037609	27	26	15	32	42	27
FBGN0010015	0	0	0	0	0	0
FBGN0037304	0	0	0	0	0	0
FBGN0263782	48	41	48	47	113	102
FBGN0026563	0	0	0	0	0	0
FBGN0051100	0	7	1	1	6	1
FBGN0046247	3	4	22	21	14	32
FBGN0037739	25	41	16	42	79	40
FBGN0039671	0	0	0	4	1	118
FBGN0086610	0	0	0	0	0	0
FBGN0039157	6	7	2	3	8	6
FBGN0037291	0	0	0	0	0	0
FBGN0039437	0	0	0	0	0	0
FBGN0039118	2	14	1	0	6	14
FBGN0038404	1	8	0	0	1	8
FBGN0043043	0	0	0	0	0	0
FBGN0039862	0	0	1	0	0	0
FBGN0039367	0	0	0	0	0	0
FBGN0261860	0	0	0	0	0	0
FBGN0015781	30	17	18	29	48	37
FBGN0039158	23	38	30	27	58	34
FBGN0004107	60	64	63	75	101	95
FBGN0039193	0	0	0	0	0	0
FBGN0039251	0	0	0	1	1	2
FBGN0039854	6	1	5	12	19	12
FBGN0051141	0	0	0	0	0	0
FBGN0038388	8	12	11	7	18	12
FBGN0039313	0	12	0	0	0	0
FBGN0042710	0	0	0	0	0	0
FBGN0037342	60	66	46	73	97	82
FBGN0038592	0	0	0	0	0	3
FBGN0039354	0	0	0	0	0	0
FBGN0024963	0	0	2	0	0	0
FBGN0083971	0	0	0	0	0	0
FBGN0038102	0	0	0	0	0	0
FBGN0038535	701	642	566	904	1591	1249
FBGN0264357	86	97	90	135	147	155
FBGN0027492	375	284	304	403	590	478
FBGN0039194	0	0	0	0	0	0
FBGN0026380	336	198	250	376	599	431
FBGN0038042	0	2	0	0	0	0
FBGN0004595	0	0	6	1	4	0
FBGN0038651	194	122	145	167	235	184
FBGN0038571	26	15	41	51	32	59
FBGN0020385	69	50	50	91	135	146
FBGN0037761	0	0	1	0	0	0
FBGN0037876	11	29	24	13	26	17
FBGN0003861	0	0	0	0	0	0
FBGN0260462	378	310	343	434	696	621
FBGN0001281	0	0	0	0	0	0
FBGN0024912	13	28	22	20	17	34
FBGN0039467	0	0	3	0	0	0
FBGN0259831	0	0	0	0	0	0
FBGN0026250	184	201	164	255	301	256
FBGN0038893	20	11	19	23	17	21
FBGN0037448	0	0	0	1	0	0
FBGN0262982	0	0	0	0	0	0
FBGN0038436	0	0	0	0	0	0
FBGN0038979	0	0	0	0	0	0
FBGN0025781	97	97	82	124	162	134
FBGN0262010	0	0	0	0	0	0
FBGN0038845	0	0	0	0	0	0
FBGN0004510	30	31	35	57	53	60
FBGN0039581	241	216	194	253	342	308
FBGN0264563	0	0	0	0	0	0
FBGN0266173	0	0	0	0	0	0
FBGN0037720	52	79	26	51	77	73
FBGN0051081	0	0	0	0	0	0
FBGN0262582	315	310	247	354	445	391
FBGN0038114	0	0	3	0	0	0
FBGN0037713	5	5	6	15	13	20
FBGN0039187	62	42	49	57	92	84
FBGN0005671	175	226	165	261	484	428
FBGN0267385	407	358	409	435	709	780
FBGN0039043	80	39	46	51	126	114
FBGN0039215	61	40	47	38	65	68
FBGN0038953	113	76	62	75	100	102
FBGN0039670	0	0	2	11	10	441
FBGN0266579	0	0	1	0	0	0
FBGN0024555	462	400	431	632	882	906
FBGN0038611	0	0	0	0	0	0
FBGN0037814	13	44	8	29	31	46
FBGN0037900	3	36	3	4	12	11
FBGN0038643	0	0	1	9	2	216
FBGN0002441	69	75	84	141	160	135
FBGN0038053	51	46	22	67	80	72
FBGN0023212	42	20	17	28	75	29
FBGN0261838	3	4	1	5	3	10
FBGN0038820	0	0	0	0	0	0
FBGN0019828	0	0	0	0	0	0
FBGN0039336	10	3	12	7	10	18
FBGN0063649	0	9	0	0	0	1
FBGN0038421	33	32	25	28	21	35
FBGN0039261	201	244	184	278	377	373
FBGN0051029	0	0	0	0	2	0
FBGN0039577	0	0	0	0	0	0
FBGN0038377	0	0	0	0	0	0
FBGN0261808	8	7	9	7	14	7
FBGN0039366	0	0	0	0	0	0
FBGN0037647	32	27	34	54	51	57
FBGN0039210	57	71	58	73	60	70
FBGN0039213	205	203	162	294	423	367
FBGN0038002	1	0	0	1	0	1
FBGN0039832	0	0	0	0	0	0
FBGN0037433	118	175	100	122	210	215
FBGN0266064	209	204	150	234	280	272
FBGN0038821	0	0	0	0	0	0
FBGN0261287	0	0	0	0	0	0
FBGN0010225	20	39	29	13	10	15
FBGN0039099	0	0	0	0	0	0
FBGN0037675	0	0	0	0	0	0
FBGN0038686	38	39	29	50	71	44
FBGN0039655	0	0	0	0	0	0
FBGN0027562	0	0	0	0	0	0
FBGN0038159	0	0	0	0	0	0
FBGN0037828	0	0	0	0	0	0
FBGN0037454	0	0	0	0	0	0
FBGN0260386	18	11	7	17	19	36
FBGN0004172	0	0	0	0	0	0
FBGN0038510	0	0	0	0	0	0
FBGN0039704	307	232	210	512	768	700
FBGN0037949	8	13	28	24	44	48
FBGN0039594	111	129	123	117	182	214
FBGN0262005	0	0	0	0	0	0
FBGN0260935	22	25	44	61	56	47
FBGN0266454	0	0	0	0	0	0
FBGN0053783	0	0	0	0	0	0
FBGN0037920	21	16	15	14	21	40
FBGN0260940	29	31	30	31	65	31
FBGN0039269	59	64	58	54	78	66
FBGN0037746	136	110	121	161	210	227
FBGN0039712	24	38	26	19	43	35
FBGN0262362	2	1	0	0	0	0
FBGN0039337	34	23	37	35	60	50
FBGN0038486	0	0	0	0	0	0
FBGN0259215	0	0	0	0	0	0
FBGN0267408	0	0	0	3	1	0
FBGN0000047	7	10	10	4	29	14
FBGN0039343	0	0	0	0	0	0
FBGN0038196	93	125	90	85	86	82
FBGN0250846	0	0	0	0	0	0
FBGN0039727	61	51	58	91	117	90
FBGN0040608	0	0	0	0	0	0
FBGN0267652	0	0	0	0	0	0
FBGN0052939	0	0	0	0	0	0
FBGN0038028	0	0	0	0	0	0
FBGN0003117	39	35	39	51	94	66
FBGN0051140	0	0	6	0	6	1
FBGN0037224	0	0	0	0	0	0
FBGN0004913	151	133	150	193	232	282
FBGN0037297	29	21	15	29	47	37
FBGN0039626	61	87	75	52	72	114
FBGN0263118	0	0	0	3	0	0
FBGN0038275	48	130	46	46	75	94
FBGN0039475	0	1	0	0	0	0
FBGN0039304	38	53	28	48	63	50
FBGN0038167	9	7	23	23	32	22
FBGN0038922	47	69	74	61	136	123
FBGN0037838	24	40	15	31	40	36
FBGN0051019	0	0	0	0	0	0
FBGN0051004	0	0	0	0	0	4
FBGN0037689	40	27	19	50	71	64
FBGN0037974	0	0	0	0	0	0
FBGN0039153	12	6	19	18	13	9
FBGN0038057	35	33	35	28	37	44
FBGN0051157	0	0	1	0	0	0
FBGN0046886	0	0	0	0	0	0
FBGN0038968	229	166	231	236	285	321
FBGN0039342	0	0	0	0	0	0
FBGN0045469	0	0	0	0	0	0
FBGN0051321	0	0	0	0	0	0
FBGN0037670	47	98	58	66	82	93
FBGN0039064	0	0	3	0	5	1
FBGN0016754	26	13	14	18	40	46
FBGN0039490	0	0	0	0	0	0
FBGN0003065	0	0	4	0	0	0
FBGN0038131	0	0	0	0	0	0
FBGN0259212	322	222	293	381	559	534
FBGN0053333	3	23	330	0	0	0
FBGN0038359	0	0	0	0	0	0
FBGN0083969	46	91	59	40	82	79
FBGN0001255	261	418	169	358	601	409
FBGN0039200	0	0	0	0	0	0
FBGN0039466	154	118	107	169	173	207
FBGN0262483	0	0	3	0	0	0
FBGN0039740	45	41	31	30	65	59
FBGN0051523	50	65	46	81	97	105
FBGN0037912	36	35	36	48	88	75
FBGN0039234	169	108	131	179	239	261
FBGN0039128	15	10	15	7	21	23
FBGN0039510	0	0	0	0	0	0
FBGN0288846	152	153	182	203	240	220
FBGN0039348	109	89	104	147	203	235
FBGN0039680	428	289	398	411	506	602
FBGN0038200	0	0	0	0	1	0
FBGN0039424	0	0	0	0	0	0
FBGN0037415	0	0	0	0	0	0
FBGN0037506	0	0	0	0	0	0
FBGN0266178	0	0	0	0	0	0
FBGN0085382	0	0	0	0	0	0
FBGN0051288	0	0	0	0	0	0
FBGN0039792	0	0	0	0	0	0
FBGN0037755	91	72	73	83	135	105
FBGN0039411	17	18	22	27	30	28
FBGN0053512	0	0	0	0	0	0
FBGN0260226	4	66	25	16	29	15
FBGN0038160	0	0	4	0	0	0
FBGN0038869	27	37	38	36	66	46
FBGN0037981	45	30	33	34	36	46
FBGN0051373	1	2	0	0	1	0
FBGN0037358	27	16	17	21	31	31
FBGN0039771	0	0	0	0	0	0
FBGN0286071	118	154	44	115	182	126
FBGN0042104	0	0	0	0	0	0
FBGN0037555	32	44	50	49	67	82
FBGN0262143	0	0	0	0	0	0
FBGN0287589	11	20	21	16	11	13
FBGN0040607	0	0	0	0	0	0
FBGN0038248	0	3	0	0	0	0
FBGN0000455	62	33	46	41	106	96
FBGN0038737	12	9	10	9	13	15
FBGN0003944	7	0	8	4	4	7
FBGN0263289	483	380	475	528	889	755
FBGN0037873	85	57	61	131	176	131
FBGN0044871	36	11	16	35	54	27
FBGN0039808	0	0	3	0	0	0
FBGN0039259	21	23	23	25	43	49
FBGN0000246	1	6	2	3	7	7
FBGN0038078	0	0	0	0	0	0
FBGN0039002	0	0	0	0	0	0
FBGN0051342	64	59	61	81	121	79
FBGN0038683	31	30	31	47	52	68
FBGN0083986	18	42	5	15	9	9
FBGN0037456	0	0	0	0	0	0
FBGN0038951	24	15	13	22	20	10
FBGN0037894	343	288	322	381	528	569
FBGN0261583	0	0	0	0	0	0
FBGN0039601	70	33	47	88	120	147
FBGN0286075	25	6	13	14	22	13
FBGN0028499	16	5	10	14	21	21
FBGN0051418	0	0	0	0	0	0
FBGN0004901	114	89	101	120	176	177
FBGN0051450	28	27	28	40	49	45
FBGN0037753	2	2	0	0	3	3
FBGN0013972	0	0	0	0	0	0
FBGN0263929	57	84	48	85	136	112
FBGN0038641	0	0	2	0	0	0
FBGN0051002	0	0	0	0	0	0
FBGN0001280	83	75	61	104	118	108
FBGN0039543	14	14	19	24	25	32
FBGN0038400	19	18	29	48	67	59
FBGN0022344	79	46	53	82	103	114
FBGN0285912	0	0	0	0	0	0
FBGN0261993	0	0	0	0	0	0
FBGN0027620	279	225	292	246	388	376
FBGN0037895	0	0	0	0	0	0
FBGN0038479	0	0	0	0	0	0
FBGN0051287	0	0	0	1	0	3
FBGN0037819	0	0	0	0	0	0
FBGN0004897	0	0	0	0	0	0
FBGN0261885	689	463	548	864	1226	1195
FBGN0038389	25	15	31	12	22	20
FBGN0260003	483	378	402	587	794	703
FBGN0003511	34	22	33	28	49	58
FBGN0019637	151	147	151	156	162	184
FBGN0038299	0	0	0	0	3	0
FBGN0037280	0	0	0	0	0	0
FBGN0026566	24	16	18	31	68	37
FBGN0262539	0	0	0	0	0	0
FBGN0039800	0	0	2	3	0	0
FBGN0020510	60	65	54	77	138	125
FBGN0038921	0	0	0	0	0	0
FBGN0028833	29	25	8	13	41	23
FBGN0013576	124	112	123	122	151	157
FBGN0039465	103	101	91	96	169	194
FBGN0264324	17	18	15	23	18	30
FBGN0040252	0	0	0	0	0	0
FBGN0038132	0	0	0	0	0	0
FBGN0037913	79	54	106	201	285	215
FBGN0283438	97	71	77	101	158	155
FBGN0037408	0	0	0	0	0	0
FBGN0039481	5	0	1	3	1	3
FBGN0028734	452	467	395	525	741	735
FBGN0037862	0	0	0	0	0	0
FBGN0039080	0	0	0	0	0	0
FBGN0039073	2	0	4	0	0	2
FBGN0039227	311	322	260	339	502	376
FBGN0000046	40	69	68	39	77	60
FBGN0037402	0	0	0	0	0	0
FBGN0038492	3	0	10	10	11	4
FBGN0028837	112	134	146	154	230	218
FBGN0039480	3	1	3	1	6	1
FBGN0265042	93	70	60	77	101	81
FBGN0260440	5	0	4	6	11	9
FBGN0038586	16	10	2	7	5	3
FBGN0038784	0	1	0	0	2	0
FBGN0037676	0	0	0	0	0	0
FBGN0037432	0	0	0	0	0	0
FBGN0051272	0	0	0	0	2	0
FBGN0037442	21	22	19	42	55	45
FBGN0027508	56	47	60	83	131	106
FBGN0039690	59	83	51	106	174	163
FBGN0039675	0	0	0	0	0	0
FBGN0039812	0	0	0	0	0	0
FBGN0002629	28	12	9	21	33	35
FBGN0038161	0	0	0	0	0	0
FBGN0039462	26	19	12	27	29	14
FBGN0004049	145	187	167	249	337	315
FBGN0262004	0	4	0	0	0	0
FBGN0083985	1	0	2	9	3	3
FBGN0051184	79	103	69	117	116	108
FBGN0038964	362	365	276	320	474	512
FBGN0085303	0	0	0	0	0	0
FBGN0015575	0	0	0	2	9	0
FBGN0020379	15	11	7	14	18	7
FBGN0003165	253	224	240	330	563	505
FBGN0051109	33	35	16	37	19	20
FBGN0027539	15	23	17	32	64	37
FBGN0053092	0	0	0	0	0	0
FBGN0038142	0	0	0	0	0	0
FBGN0051365	54	58	37	62	69	62
FBGN0037371	141	101	118	224	187	208
FBGN0037526	7	3	10	8	17	16
FBGN0037874	551	543	456	452	902	781
FBGN0011281	0	0	0	0	0	0
FBGN0039955	140	124	127	98	156	159
FBGN0038386	0	0	0	0	0	0
FBGN0004054	0	0	0	0	0	0
FBGN0039697	153	190	108	160	247	236
FBGN0037569	60	85	74	83	152	144
FBGN0085327	0	0	0	0	0	0
FBGN0040670	0	0	0	0	1	0
FBGN0039730	22	17	8	31	51	26
FBGN0013981	1106	1098	926	1150	1563	1560
FBGN0051475	16	24	14	16	18	24
FBGN0267790	853	713	788	889	1272	1353
FBGN0004898	3	7	3	0	0	0
FBGN0040077	65	34	58	62	75	48
FBGN0037734	33	10	14	42	41	35
FBGN0243514	2	1	3	2	9	2
FBGN0038741	25	7	23	18	22	12
FBGN0038583	16	43	25	21	29	27
FBGN0037612	0	0	0	0	1	0
FBGN0051008	0	0	0	0	0	0
FBGN0026077	160	84	131	175	380	367
FBGN0038412	8	19	7	12	35	20
FBGN0011278	0	0	0	0	0	0
FBGN0016693	103	133	139	189	273	331
FBGN0051496	0	0	0	0	0	0
FBGN0039538	2	1	2	7	2	4
FBGN0051268	0	0	0	0	0	0
FBGN0037275	0	0	0	0	0	0
FBGN0051201	0	0	0	0	0	0
FBGN0051482	0	0	0	0	0	0
FBGN0037307	0	0	0	0	0	0
FBGN0039151	0	0	1	2	3	0
FBGN0039114	2	22	12	14	25	6
FBGN0259730	0	0	3	0	0	0
FBGN0038714	0	0	0	0	0	0
FBGN0038721	21	13	7	40	19	10
FBGN0266195	7	18	19	13	30	11
FBGN0039747	0	0	0	0	0	0
FBGN0262127	40	29	73	75	125	109
FBGN0037810	218	142	156	248	335	246
FBGN0038202	0	0	3	2	1	0
FBGN0037669	66	39	29	76	61	85
FBGN0039644	3	7	9	14	13	6
FBGN0085313	0	0	0	0	0	0
FBGN0037764	0	0	0	0	0	0
FBGN0260944	118	103	82	91	143	134
FBGN0001311	331	242	311	559	748	808
FBGN0000039	0	0	0	0	0	0
FBGN0264775	0	0	0	0	0	2
FBGN0053107	2	2	4	4	8	4
FBGN0261599	430	421	380	519	915	686
FBGN0037757	34	66	34	61	76	64
FBGN0039749	0	0	0	0	6	2
FBGN0039664	6	6	13	24	22	37
FBGN0038694	2	1	0	0	0	0
FBGN0026190	0	0	0	0	0	1
FBGN0004863	12	10	5	13	12	19
FBGN0046874	0	0	0	3	0	2
FBGN0038471	41	41	33	64	80	63
FBGN0024432	85	84	92	91	124	113
FBGN0004175	0	0	0	0	0	0
FBGN0039381	41	31	31	59	103	80
FBGN0039881	0	0	0	0	1	1
FBGN0037788	1	0	3	0	0	5
FBGN0039224	0	0	0	0	0	0
FBGN0038058	47	18	50	53	62	66
FBGN0039406	160	146	144	215	335	319
FBGN0264427	0	0	0	0	0	0
FBGN0037234	57	52	39	58	60	84
FBGN0038047	4	8	8	6	6	4
FBGN0038959	0	0	0	0	0	0
FBGN0038934	0	0	0	3	8	0
FBGN0002522	0	0	0	0	0	1
FBGN0039621	0	0	0	0	0	0
FBGN0039686	0	6	0	0	0	0
FBGN0025825	52	21	50	50	61	71
FBGN0038211	0	0	0	0	0	0
FBGN0039223	1	0	0	0	5	9
FBGN0085322	6	2	6	4	7	12
FBGN0038405	16	2	25	5	1	7
FBGN0039631	15	23	18	13	24	22
FBGN0039741	6	1	8	6	9	16
FBGN0003719	127	114	120	129	175	192
FBGN0037382	92	81	75	98	142	159
FBGN0039558	82	83	71	110	109	134
FBGN0038678	26	15	24	30	26	13
FBGN0023179	0	0	1	0	0	0
FBGN0037229	0	0	0	0	0	0
FBGN0029512	350	300	312	366	548	637
FBGN0037338	20	11	28	41	54	47
FBGN0267649	0	0	0	0	0	0
FBGN0264291	57	43	42	51	49	56
FBGN0038798	0	0	0	0	0	0
FBGN0053096	72	76	71	100	146	111
FBGN0051454	0	0	0	0	0	0
FBGN0038925	18	40	30	36	73	50
FBGN0259705	12	6	7	10	20	9
FBGN0004110	0	0	0	0	0	0
FBGN0085386	0	0	0	0	0	0
FBGN0002306	700	703	655	913	1233	1112
FBGN0015396	272	219	276	283	401	401
FBGN0045471	0	0	0	0	0	0
FBGN0051457	7	7	15	13	13	14
FBGN0051159	16	15	10	16	11	21
FBGN0086346	279	199	248	280	472	443
FBGN0038541	0	0	0	0	0	0
FBGN0037475	0	0	0	0	0	0
FBGN0039425	0	0	0	0	0	0
FBGN0015282	497	448	393	694	988	970
FBGN0038909	0	0	0	0	0	0
FBGN0037684	1	0	0	0	2	0
FBGN0039212	31	25	29	9	48	53
FBGN0029088	49	69	60	72	107	91
FBGN0038242	7	47	5	0	0	0
FBGN0038702	0	0	0	0	0	0
FBGN0039071	0	0	0	0	0	0
FBGN0038290	0	0	1	0	0	0
FBGN0051174	0	0	0	0	0	0
FBGN0039559	139	111	113	159	238	202
FBGN0037235	47	34	31	48	47	44
FBGN0008651	2	0	6	0	0	0
FBGN0024273	15	14	21	31	27	47
FBGN0038840	0	0	0	0	0	0
FBGN0037881	19	11	42	35	34	39
FBGN0039776	25	28	31	72	106	109
FBGN0262365	0	0	0	0	0	0
FBGN0039773	22	31	34	33	51	44
FBGN0039202	0	0	0	0	2	0
FBGN0039398	0	0	0	0	0	0
FBGN0037926	251	122	191	201	295	270
FBGN0025457	201	192	245	246	394	325
FBGN0264830	0	0	0	0	0	0
FBGN0051286	0	0	0	0	0	0
FBGN0260745	518	325	399	475	630	747
FBGN0038238	1	0	0	0	0	0
FBGN0013953	0	0	3	0	0	3
FBGN0002631	0	0	1	0	0	1
FBGN0250823	188	161	126	200	257	233
FBGN0037975	0	0	3	2	9	1
FBGN0028381	2	0	0	0	0	8
FBGN0053191	0	0	0	0	0	0
FBGN0039687	36	95	26	34	51	58
FBGN0037749	48	25	32	36	73	68
FBGN0038223	75	41	39	60	120	94
FBGN0026056	45	62	24	46	54	65
FBGN0037842	16	16	13	18	37	17
FBGN0004903	52	35	60	74	83	114
FBGN0039647	0	0	0	0	0	0
FBGN0022349	513	507	477	555	753	713
FBGN0037414	0	0	0	0	1	0
FBGN0039273	28	24	18	29	27	32
FBGN0039709	224	192	201	267	377	400
FBGN0013276	0	0	0	0	0	0
FBGN0004053	0	0	0	0	0	0
FBGN0039756	2	0	0	0	0	0
FBGN0261004	81	106	75	69	114	116
FBGN0038128	13	10	22	24	19	36
FBGN0038311	0	0	0	0	0	0
FBGN0053920	0	0	0	0	0	0
FBGN0037918	123	88	113	172	224	250
FBGN0038874	0	0	0	0	0	0
FBGN0265190	100	100	92	88	155	128
FBGN0051413	0	0	0	0	0	0
FBGN0250754	642	577	665	755	950	957
FBGN0053109	0	0	0	0	0	0
FBGN0013973	0	0	0	0	0	0
FBGN0037848	33	11	16	32	62	46
FBGN0054027	0	0	0	0	0	0
FBGN0023495	0	0	0	0	0	0
FBGN0037654	7	0	4	0	4	2
FBGN0039868	78	74	60	60	70	75
FBGN0037395	1	0	0	0	0	0
FBGN0039044	29	27	30	29	61	34
FBGN0037215	103	104	115	207	232	199
FBGN0260444	30	21	21	42	46	79
FBGN0038775	0	0	0	0	0	0
FBGN0045761	22	10	13	6	12	2
FBGN0003867	16	26	13	49	67	41
FBGN0039257	784	1035	460	1223	1886	1411
FBGN0038440	0	0	0	0	0	0
FBGN0051028	123	109	129	87	168	150
FBGN0037950	0	0	0	0	0	1
FBGN0037296	0	0	0	0	0	0
FBGN0083966	0	0	0	0	0	0
FBGN0051561	0	0	0	0	0	0
FBGN0013269	965	866	792	809	1188	1206
FBGN0038789	0	0	0	0	0	0
FBGN0051189	0	0	0	0	0	0
FBGN0037942	11	9	10	11	31	29
FBGN0053630	0	0	0	0	0	0
FBGN0270928	0	0	0	0	0	0
FBGN0038478	87	61	82	149	172	140
FBGN0037852	9	0	7	4	9	8
FBGN0027544	0	0	0	0	0	0
FBGN0037292	0	0	0	0	0	0
FBGN0085466	0	0	0	0	2	0
FBGN0038588	11	10	16	14	25	17
FBGN0039078	37	16	26	45	73	63
FBGN0038316	26	50	33	24	48	36
FBGN0039419	0	0	1	0	0	0
FBGN0043457	40	68	44	69	107	91
FBGN0000447	116	118	124	161	188	154
FBGN0039500	0	0	0	0	0	0
FBGN0045470	0	0	0	0	0	0
FBGN0262146	0	0	0	0	0	0
FBGN0051195	555	543	494	780	1083	1040
FBGN0020238	2690	2395	2358	2931	4542	4231
FBGN0037463	0	0	0	0	0	0
FBGN0039764	24	15	20	22	21	16
FBGN0039698	51	19	19	59	69	65
FBGN0039272	9	11	5	5	9	6
FBGN0037329	13	4	22	15	42	22
FBGN0260004	0	0	0	0	0	0
FBGN0262794	0	0	0	0	0	0
FBGN0040076	0	0	0	0	0	0
FBGN0039635	115	72	133	173	248	263
FBGN0038865	0	0	0	0	0	0
FBGN0028662	55	26	69	67	120	135
FBGN0039270	21	19	16	14	22	29
FBGN0085376	18	29	28	42	54	46
FBGN0051105	0	0	0	0	0	0
FBGN0040208	99	61	92	127	132	155
FBGN0023023	5	2	5	1	12	11
FBGN0002780	1211	1357	905	1233	1442	1495
FBGN0038719	6	3	0	0	0	0
FBGN0037756	82	83	88	151	217	170
FBGN0085324	0	0	0	0	0	0
FBGN0037485	0	0	0	0	0	0
FBGN0039609	0	8	0	0	0	0
FBGN0037773	4	1	7	3	6	14
FBGN0015222	158	87	147	272	392	355
FBGN0000552	0	0	0	0	0	0
FBGN0262104	0	0	0	0	0	0
FBGN0040253	0	0	0	0	0	0
FBGN0037889	0	0	0	0	0	0
FBGN0038834	604	629	530	729	972	1066
FBGN0037644	84	73	95	122	154	156
FBGN0051148	0	0	0	0	0	0
FBGN0039396	0	0	1	0	0	3
FBGN0264493	82	60	68	90	106	107
FBGN0037248	89	109	116	80	158	133
FBGN0038150	42	6	16	8	20	29
FBGN0037501	0	0	0	0	0	0
FBGN0037548	54	39	24	58	64	77
FBGN0000533	0	2	0	1	10	11
FBGN0037700	147	79	124	152	214	232
FBGN0037902	0	0	2	0	0	2
FBGN0038924	43	79	56	51	72	88
FBGN0039503	0	0	0	0	0	0
FBGN0038931	0	0	0	0	0	0
FBGN0039165	30	16	14	28	35	36
FBGN0038861	16	12	32	20	25	28
FBGN0264325	17	15	14	29	22	35
FBGN0037324	0	0	0	0	0	0
FBGN0260234	0	0	0	0	0	0
FBGN0039870	24	20	8	11	14	23
FBGN0002940	0	0	0	0	0	0
FBGN0038602	0	0	0	0	0	0
FBGN0051301	65	37	46	53	115	106
FBGN0261289	0	0	0	0	0	0
FBGN0039360	21	4	23	48	47	34
FBGN0039150	27	20	39	46	48	38
FBGN0037973	44	11	35	42	79	74
FBGN0262514	0	0	0	0	0	0
FBGN0039324	0	0	0	0	0	0
FBGN0037580	575	574	490	618	968	999
FBGN0051278	2	11	10	11	16	15
FBGN0038295	0	0	0	0	0	0
FBGN0038847	0	0	0	0	0	0
FBGN0085317	0	0	0	0	0	0
FBGN0020407	52	27	37	38	52	87
FBGN0003495	4	0	2	1	3	3
FBGN0264785	18	20	19	26	35	26
FBGN0053341	0	0	0	0	0	0
FBGN0260231	0	0	0	0	0	0
FBGN0019624	253	240	243	275	412	444
FBGN0038589	0	0	0	0	0	0
FBGN0038656	0	0	0	0	0	0
FBGN0040493	381	307	260	428	564	541
FBGN0038947	210	253	159	311	424	368
FBGN0039507	43	66	37	52	70	76
FBGN0039415	3	0	13	0	1	1
FBGN0085302	0	0	0	0	0	0
FBGN0037376	167	133	135	146	244	246
FBGN0037941	0	0	0	0	0	0
FBGN0038279	166	185	126	103	121	107
FBGN0039004	245	142	195	272	355	416
FBGN0038752	0	0	0	0	0	0
FBGN0038978	0	0	0	0	0	0
FBGN0267709	0	0	0	0	0	0
FBGN0261996	0	0	0	0	0	0
FBGN0037809	9	11	7	8	9	8
FBGN0038530	0	0	0	0	0	0
FBGN0051522	67	55	36	15	35	29
FBGN0286930	0	0	0	0	0	0
FBGN0037427	0	0	0	0	0	0
FBGN0039218	105	77	78	98	91	107
FBGN0011596	3	0	0	0	0	0
FBGN0039217	10	0	8	4	13	10
FBGN0053203	0	0	0	0	0	0
FBGN0038472	23	22	29	25	38	35
FBGN0038357	0	0	0	0	0	0
FBGN0260659	36	28	36	67	108	103
FBGN0037890	56	18	48	66	56	57
FBGN0038769	11	17	27	33	35	42
FBGN0037242	77	65	77	77	104	118
FBGN0038958	0	2	0	8	1	0
FBGN0037487	7	0	6	12	13	14
FBGN0024222	24	6	19	24	48	61
FBGN0261928	0	0	0	0	0	0
FBGN0039293	93	86	85	71	94	95
FBGN0015625	110	78	88	159	188	251
FBGN0037512	0	0	0	0	0	0
FBGN0038088	16	32	6	23	24	30
FBGN0040238	43	54	16	50	39	38
FBGN0039160	42	86	69	70	113	92
FBGN0037650	0	0	0	0	0	0
FBGN0037891	212	173	183	247	414	357
FBGN0040609	0	0	0	0	0	0
FBGN0037541	196	303	215	331	395	395
FBGN0046258	125	172	95	210	341	301
FBGN0039110	262	105	209	212	300	299
FBGN0037590	0	0	0	0	0	0
FBGN0261845	6	4	1	2	2	9
FBGN0039593	0	0	1	7	1	0
FBGN0039582	0	0	0	0	0	0
FBGN0039784	0	0	0	0	0	0
FBGN0002732	99	46	59	95	128	105
FBGN0265041	0	0	0	0	0	0
FBGN0051464	0	0	0	0	0	12
FBGN0011581	0	0	3	0	0	0
FBGN0260746	0	3	3	24	21	18
FBGN0266446	0	0	0	0	0	0
FBGN0038753	0	0	0	0	0	0
FBGN0039387	0	0	1	0	0	0
FBGN0038224	117	87	64	89	153	146
FBGN0038783	0	0	0	4	0	0
FBGN0039525	0	0	0	0	0	0
FBGN0039536	0	0	0	0	0	0
FBGN0003169	165	106	138	164	275	245
FBGN0019960	151	86	235	173	269	301
FBGN0261842	0	0	0	0	1	0
FBGN0038458	0	0	0	0	0	0
FBGN0259732	0	0	0	0	0	0
FBGN0037917	24	10	15	9	51	30
FBGN0039107	0	0	0	0	0	0
FBGN0054034	0	0	0	0	0	3
FBGN0039116	61	42	55	42	59	71
FBGN0037697	2	0	3	1	8	1
FBGN0001235	241	287	209	313	472	341
FBGN0038765	19	4	8	25	14	7
FBGN0038613	0	0	1	0	0	0
FBGN0054008	13	8	3	1	3	8
FBGN0039417	52	44	42	45	45	57
FBGN0039385	94	77	63	80	95	105
FBGN0027574	24	43	36	53	52	55
FBGN0039137	84	54	71	82	110	124
FBGN0027930	116	94	114	183	261	285
FBGN0038488	19	13	18	27	48	61
FBGN0038017	28	29	9	21	29	70
FBGN0039265	105	85	96	117	202	180
FBGN0038916	0	0	0	0	0	0
FBGN0037680	130	137	118	126	211	203
FBGN0002865	0	0	0	0	0	0
FBGN0010051	145	107	102	211	277	262
FBGN0039065	27	20	28	40	35	71
FBGN0027784	18	30	31	21	63	22
FBGN0003507	3	1	2	3	6	2
FBGN0263986	0	0	0	0	0	0
FBGN0285955	125	112	85	127	194	167
FBGN0051279	0	0	1	0	0	0
FBGN0027579	25	43	33	28	64	67
FBGN0038385	14	17	18	27	57	48
FBGN0015351	19	3	9	13	15	12
FBGN0038324	26	38	24	44	62	52
FBGN0259146	0	0	0	0	0	0
FBGN0004606	33	33	20	74	99	61
FBGN0037553	3	1	2	0	3	1
FBGN0038467	165	70	136	152	223	229
FBGN0037939	0	0	0	0	0	0
FBGN0003279	1216	1097	1087	1503	2880	3006
FBGN0004597	24	18	31	49	56	45
FBGN0011715	142	123	126	150	225	228
FBGN0039290	1	0	1	1	1	0
FBGN0039373	0	0	0	0	0	0
FBGN0003862	404	390	328	537	672	627
FBGN0051551	0	0	0	0	0	0
FBGN0037614	2	0	0	3	0	6
FBGN0026616	9	44	14	15	44	26
FBGN0051155	71	59	46	58	82	96
FBGN0003134	42	51	51	69	126	62
FBGN0038805	115	70	87	112	161	178
FBGN0039055	69	60	53	87	124	96
FBGN0039755	0	0	2	0	0	0
FBGN0039620	4	11	4	6	1	2
FBGN0021776	11	13	10	0	2	0
FBGN0039616	0	0	0	0	0	0
FBGN0267383	0	0	0	0	0	0
FBGN0015230	0	0	0	0	0	0
FBGN0039511	0	0	0	0	0	0
FBGN0037566	45	41	51	48	100	59
FBGN0038811	38	24	41	53	57	71
FBGN0038321	2	3	3	4	15	10
FBGN0051274	0	0	0	0	0	0
FBGN0037220	168	139	181	194	310	265
FBGN0037705	90	75	72	118	205	175
FBGN0039798	0	0	0	1	0	1
FBGN0039531	25	12	16	25	25	36
FBGN0037279	68	49	64	77	116	113
FBGN0037621	137	117	111	173	223	250
FBGN0000024	0	0	3	0	1	1
FBGN0264712	9	0	8	6	7	16
FBGN0011785	238	233	211	304	363	338
FBGN0038956	0	0	0	0	0	0
FBGN0039838	0	0	0	0	0	0
FBGN0037921	5	1	10	4	11	21
FBGN0267339	0	0	0	0	0	0
FBGN0266566	0	0	3	1	0	2
FBGN0053189	0	0	0	0	0	0
FBGN0038894	0	0	0	1	1	0
FBGN0039491	0	0	0	0	0	0
FBGN0014006	114	82	93	108	154	123
FBGN0015770	0	0	0	0	0	0
FBGN0037708	20	12	20	15	28	24
FBGN0000412	819	917	754	1034	1300	1224
FBGN0002922	1	0	0	4	1	0
FBGN0038156	18	10	11	23	29	16
FBGN0038330	0	0	1	4	3	3
FBGN0038941	0	0	1	0	1	0
FBGN0039054	0	0	2	0	1	0
FBGN0039650	11	13	8	4	11	28
FBGN0041224	0	0	0	0	0	0
FBGN0038660	115	98	88	150	240	232
FBGN0038718	0	0	0	0	0	0
FBGN0037687	19	9	24	22	24	13
FBGN0043012	71	73	67	83	119	114
FBGN0266170	0	0	0	0	0	0
FBGN0037786	0	0	0	0	0	0
FBGN0278604	54	41	44	63	67	68
FBGN0038303	33	30	45	73	71	69
FBGN0266175	0	0	0	0	0	0
FBGN0265063	0	0	0	0	0	0
FBGN0040628	0	0	0	0	0	0
FBGN0023083	140	59	132	133	190	206
FBGN0051200	0	0	0	0	0	0
FBGN0038214	0	1	0	0	3	0
FBGN0267105	0	0	0	0	0	0
FBGN0265606	0	0	0	0	0	0
FBGN0041605	0	0	0	0	0	0
FBGN0027095	205	220	205	390	522	535
FBGN0039195	0	0	0	0	0	0
FBGN0086679	17	7	20	21	24	19
FBGN0037325	0	0	0	0	0	0
FBGN0262844	0	0	0	0	0	0
FBGN0015032	0	0	2	0	0	0
FBGN0037260	0	0	0	0	0	0
FBGN0042182	0	0	0	0	0	0
FBGN0266409	19	21	22	20	49	34
FBGN0039780	0	0	0	0	0	0
FBGN0051360	28	27	18	27	36	19
FBGN0041710	1	1	1	4	5	8
FBGN0051125	2	6	1	16	11	2
FBGN0038130	7	11	10	4	2	4
FBGN0038012	0	0	0	0	0	0
FBGN0039025	24	10	12	20	43	20
FBGN0039339	9	19	5	20	18	6
FBGN0038446	44	14	22	45	50	42
FBGN0262846	0	0	0	0	0	0
FBGN0038337	0	0	0	0	1	0
FBGN0266598	23	21	12	17	40	26
FBGN0005632	455	360	409	550	690	621
FBGN0037933	22	11	18	36	39	22
FBGN0037747	4	7	8	7	9	9
FBGN0037826	0	0	0	0	0	0
FBGN0011701	4	0	0	1	0	0
FBGN0039869	59	44	47	55	98	74
FBGN0038505	0	0	0	0	0	0
FBGN0038829	123	122	141	186	318	236
FBGN0038938	0	0	0	0	2	0
FBGN0039084	0	1	0	1	1	4
FBGN0014029	247	274	237	300	486	418
FBGN0037665	61	127	25	100	169	121
FBGN0027503	45	48	77	69	120	99
FBGN0039879	0	0	0	0	0	0
FBGN0041780	0	0	0	0	0	0
FBGN0262006	0	0	0	0	0	0
FBGN0038032	0	0	0	0	0	0
FBGN0038771	245	223	277	294	397	408
FBGN0259113	229	218	206	151	148	157
FBGN0000557	34	103	28	80	104	74
FBGN0263777	0	0	0	0	0	0
FBGN0039376	0	0	0	0	0	0
FBGN0010038	0	0	0	1	0	0
FBGN0037227	0	0	0	0	0	0
FBGN0039636	21	8	17	12	28	41
FBGN0037490	7	5	4	3	9	8
FBGN0002773	18	8	13	9	18	6
FBGN0039316	0	0	0	0	1	0
FBGN0037915	0	0	0	0	0	0
FBGN0039560	73	65	60	64	123	103
FBGN0037398	0	0	0	0	0	0
FBGN0039101	0	0	0	0	0	0
FBGN0038974	16	20	26	11	15	18
FBGN0038257	0	0	1	0	0	0
FBGN0267366	0	1	0	0	0	0
FBGN0039007	0	0	0	0	0	0
FBGN0038099	0	0	0	0	0	0
FBGN0024321	12	2	13	5	12	21
FBGN0042693	170	195	162	249	321	340
FBGN0027951	215	214	225	289	342	379
FBGN0017550	193	101	144	200	287	281
FBGN0286516	102	77	94	118	191	197
FBGN0266053	163	96	138	195	292	267
FBGN0261279	180	125	151	176	263	245
FBGN0040251	65	39	59	76	94	87
FBGN0038681	1	1	3	0	0	0
FBGN0260005	0	0	1	0	1	5
FBGN0000659	0	0	0	0	0	0
FBGN0037620	4	11	8	5	11	7
FBGN0038190	0	0	0	0	0	0
FBGN0038966	7	1	3	3	11	7
FBGN0037765	0	0	0	0	0	0
FBGN0037985	0	0	0	0	0	0
FBGN0024330	44	32	36	51	79	95
FBGN0039098	0	0	0	1	5	0
FBGN0037369	49	49	69	73	91	69
FBGN0011224	1008	662	894	1136	1589	1570
FBGN0002354	9	7	7	5	14	4
FBGN0041191	78	43	43	54	58	48
FBGN0261987	0	0	0	0	0	5
FBGN0037759	1	0	0	0	0	0
FBGN0038463	26	24	14	24	47	51
FBGN0014022	14	31	27	30	31	29
FBGN0042711	0	0	0	0	0	0
FBGN0040080	81	111	83	117	155	172
FBGN0039452	0	0	0	0	0	0
FBGN0046689	0	0	1	0	0	0
FBGN0039192	0	0	0	0	0	0
FBGN0038529	0	0	0	0	0	0
FBGN0038552	11	23	27	18	30	32
FBGN0039856	0	0	0	0	0	0
FBGN0005674	701	467	614	774	1051	1059
FBGN0037849	0	0	0	0	0	0
FBGN0264694	110	82	100	109	156	152
FBGN0039024	0	0	0	0	0	0
FBGN0004087	33	9	21	48	67	87
FBGN0067782	0	0	0	0	0	0
FBGN0026239	190	137	147	212	327	297
FBGN0037491	15	9	9	27	27	15
FBGN0037710	27	24	15	22	46	41
FBGN0000477	0	2	2	0	0	0
FBGN0037781	7	1	9	13	13	5
FBGN0262858	0	0	2	0	0	0
FBGN0038107	2	2	2	4	5	4
FBGN0039059	0	0	0	0	0	0
FBGN0038697	0	0	0	0	0	0
FBGN0038539	0	0	0	0	0	0
FBGN0039374	0	0	0	0	0	0
FBGN0267698	83	81	81	127	163	122
FBGN0039066	48	20	25	33	66	47
FBGN0062412	0	0	0	0	0	2
FBGN0027090	244	202	229	324	457	385
FBGN0028717	67	36	60	76	126	113
FBGN0039470	0	0	0	0	0	1
FBGN0003261	1383	884	1327	1237	1938	2136
FBGN0037843	171	130	121	193	239	210
FBGN0038730	0	0	0	0	0	0
FBGN0037618	0	0	0	0	0	0
FBGN0010282	150	142	167	168	177	194
FBGN0038738	287	364	250	350	527	476
FBGN0003499	18	46	18	31	52	41
FBGN0262839	0	0	0	0	0	0
FBGN0039817	0	0	0	0	0	0
FBGN0039612	0	0	0	0	0	0
FBGN0260779	26	8	8	11	19	17
FBGN0029157	42	39	53	57	105	60
FBGN0020278	58	31	51	80	114	118
FBGN0024288	10	10	0	16	6	9
FBGN0038946	0	0	0	0	0	0
FBGN0083943	0	0	0	0	0	0
FBGN0051053	6	0	0	0	0	0
FBGN0027655	76	36	62	112	184	207
FBGN0039435	0	0	0	0	0	0
FBGN0261015	48	50	54	79	105	87
FBGN0013995	0	0	0	0	0	0
FBGN0002906	49	24	36	44	44	64
FBGN0038039	60	36	68	73	80	93
FBGN0262962	3	6	2	9	3	12
FBGN0038394	0	0	0	0	0	0
FBGN0037992	5	0	1	7	6	1
FBGN0015221	291	265	290	445	620	654
FBGN0038261	0	0	0	0	0	0
FBGN0038720	9	25	4	1	4	11
FBGN0042205	9	1	4	15	26	10
FBGN0028436	28	47	13	40	38	26
FBGN0259821	0	0	0	0	0	0
FBGN0038872	132	108	135	187	235	273
FBGN0039443	0	3	0	0	0	0
FBGN0039131	55	65	69	63	123	92
FBGN0039831	46	36	15	43	75	59
FBGN0038950	21	5	10	20	48	67
FBGN0039565	3	0	7	3	13	3
FBGN0037579	0	0	0	0	0	0
FBGN0001139	296	293	256	368	652	603
FBGN0039434	9	1	17	1	0	0
FBGN0046876	0	3	0	0	0	0
FBGN0037797	0	0	0	0	0	0
FBGN0003268	347	239	319	258	254	249
FBGN0037987	0	0	0	0	0	0
FBGN0039641	5	2	3	4	2	3
FBGN0037462	0	0	0	0	0	0
FBGN0014366	229	164	176	209	320	299
FBGN0051358	0	0	0	0	0	0
FBGN0051075	366	399	268	362	470	523
FBGN0038852	0	0	1	1	0	1
FBGN0085384	12	6	9	27	25	30
FBGN0026317	67	17	40	57	83	74
FBGN0039590	100	88	71	161	243	176
FBGN0038717	0	0	0	0	0	0
FBGN0038461	13	29	8	24	18	23
FBGN0264832	0	0	0	0	0	0
FBGN0027053	127	155	116	119	233	200
FBGN0004889	335	293	271	338	511	517
FBGN0047199	0	0	0	0	0	0
FBGN0261679	11	28	5	10	12	17
FBGN0038745	120	68	110	152	174	186
FBGN0038608	55	79	81	67	103	116
FBGN0266261	0	7	0	0	0	0
FBGN0039288	0	0	0	0	0	0
FBGN0037656	22	33	13	44	29	42
FBGN0037305	64	21	52	58	54	70
FBGN0250755	5	8	4	14	21	30
FBGN0037535	10	3	3	3	10	4
FBGN0038118	152	62	131	135	172	183
FBGN0040466	27	17	9	49	74	48
FBGN0038217	0	0	0	0	0	0
FBGN0038391	0	0	0	0	2	2
FBGN0262003	0	0	0	0	0	0
FBGN0010433	1	0	2	2	3	10
FBGN0037712	1	0	0	0	1	0
FBGN0039678	9	20	29	0	1	1
FBGN0266720	30	19	20	38	48	32
FBGN0011481	244	194	189	230	379	317
FBGN0287844	0	0	0	0	0	0
FBGN0038532	25	13	18	23	32	37
FBGN0039303	94	67	61	98	158	148
FBGN0046875	2	5	0	21	32	35
FBGN0025865	311	348	210	340	472	478
FBGN0028691	371	318	310	435	675	586
FBGN0259736	2	23	1	0	0	0
FBGN0085462	0	0	0	0	0	0
FBGN0039767	42	41	56	76	121	106
FBGN0038576	41	31	58	59	71	97
FBGN0037648	39	48	36	53	89	81
FBGN0261552	41	37	31	45	62	79
FBGN0013759	53	56	41	82	104	86
FBGN0037730	0	2	1	1	0	1
FBGN0037232	29	26	26	34	45	38
FBGN0037310	0	0	0	0	0	0
FBGN0259227	94	84	51	67	100	112
FBGN0038487	0	0	0	0	0	0
FBGN0037709	33	18	20	26	24	32
FBGN0039705	18	11	26	33	37	54
FBGN0038342	0	0	0	0	0	0
FBGN0039509	13	22	8	15	9	16
FBGN0260468	4	14	9	12	24	9
FBGN0037503	34	5	49	55	75	65
FBGN0260230	0	0	0	0	0	0
FBGN0264491	128	132	131	225	339	335
FBGN0265197	0	0	0	0	0	0
FBGN0037976	0	0	0	0	0	0
FBGN0037930	55	93	51	46	62	54
FBGN0083946	0	0	0	0	0	0
FBGN0003339	2	0	0	0	0	0
FBGN0037231	29	33	46	31	68	62
FBGN0039787	0	2	0	0	0	0
FBGN0010438	68	45	43	90	103	179
FBGN0037241	51	61	58	76	124	113
FBGN0038426	16	23	6	13	21	30
FBGN0004882	0	0	0	0	0	0
FBGN0020626	65	17	56	62	113	148
FBGN0037439	163	179	142	159	176	198
FBGN0038165	0	0	1	0	0	0
FBGN0037299	74	88	56	65	72	123
FBGN0051080	0	0	0	0	0	0
FBGN0037657	93	68	90	93	127	125
FBGN0038415	0	0	0	0	0	0
FBGN0039595	0	0	0	0	0	0
FBGN0037370	99	117	97	136	208	183
FBGN0039702	12	19	30	51	30	29
FBGN0039039	0	0	0	0	0	0
FBGN0039408	0	0	0	0	0	0
FBGN0038842	156	209	137	253	361	318
FBGN0038799	0	2	0	0	0	0
FBGN0038198	2	0	21	0	0	4
FBGN0038596	0	0	0	0	0	0
FBGN0054041	0	0	0	0	0	0
FBGN0039308	0	0	0	0	0	0
FBGN0014023	64	51	41	60	79	69
FBGN0038902	0	0	0	0	0	0
FBGN0002719	25	33	22	45	69	56
FBGN0046225	35	6	36	20	57	54
FBGN0010258	0	0	1	2	0	0
FBGN0027584	0	0	0	0	0	0
FBGN0024509	182	142	135	192	319	263
FBGN0044826	100	123	117	136	189	178
FBGN0037659	143	109	157	210	194	248
FBGN0263404	0	0	0	0	0	0
FBGN0038582	9	8	4	15	17	9
FBGN0039860	1	8	5	7	12	20
FBGN0037882	12	10	23	21	18	23
FBGN0261843	10	17	9	14	22	16
FBGN0037766	0	0	0	0	0	0
FBGN0038325	38	19	14	27	36	23
FBGN0037283	0	0	0	0	0	0
FBGN0000454	152	122	122	191	261	267
FBGN0038435	0	0	0	0	1	0
FBGN0039186	160	98	136	237	310	308
FBGN0038361	0	0	0	0	0	0
FBGN0038469	0	0	0	0	0	0
FBGN0051224	89	125	104	142	232	195
FBGN0037570	0	0	0	0	0	0
FBGN0027575	1	0	2	0	0	0
FBGN0037391	18	60	20	38	33	34
FBGN0037466	81	82	40	57	71	86
FBGN0003512	69	78	58	57	100	97
FBGN0051036	0	0	0	0	0	0
FBGN0038986	0	0	0	0	0	0
FBGN0261859	8	9	3	8	25	10
FBGN0037880	9	4	1	13	19	12
FBGN0038072	0	0	0	0	0	0
FBGN0027493	115	150	115	135	189	218
FBGN0010768	29	25	29	44	75	57
FBGN0039852	178	173	163	227	250	240
FBGN0266171	0	0	0	0	0	0
FBGN0037794	34	34	25	35	47	25
FBGN0027083	29	9	11	15	32	40
FBGN0039518	0	0	0	0	0	0
FBGN0051226	0	0	0	0	0	0
FBGN0038090	0	0	0	0	0	0
FBGN0038897	0	0	0	0	0	0
FBGN0038080	50	55	33	59	74	79
FBGN0037796	178	188	169	223	261	296
FBGN0038749	0	0	0	0	0	0
FBGN0047351	0	0	0	0	0	0
FBGN0013277	0	0	0	0	0	0
FBGN0051093	0	0	0	0	0	0
FBGN0037845	0	0	0	0	0	0
FBGN0038832	0	5	0	0	0	1
FBGN0040601	0	0	1	0	0	1
FBGN0051438	0	0	0	0	0	0
FBGN0038708	0	0	0	0	0	0
FBGN0037783	0	0	0	0	0	0
FBGN0285913	52	46	56	45	123	105
FBGN0085321	0	0	0	0	0	0
FBGN0039056	67	75	61	101	149	121
FBGN0037513	1	0	0	0	0	0
FBGN0040524	0	0	0	0	0	3
FBGN0051320	47	39	48	76	73	78
FBGN0038306	107	85	116	113	162	152
FBGN0037473	14	32	7	17	17	16
FBGN0038928	13	11	24	15	23	21
FBGN0039438	0	0	0	0	0	0
FBGN0250732	241	162	160	242	300	290
FBGN0000140	241	216	236	284	419	391
FBGN0039254	5	26	8	8	13	18
FBGN0039237	0	0	0	0	0	0
FBGN0038621	0	0	0	0	0	0
FBGN0004644	55	78	62	99	145	157
FBGN0002645	1169	1026	988	1335	1640	1510
FBGN0010043	0	0	0	0	0	0
FBGN0250839	52	33	7	31	38	27
FBGN0263143	63	30	43	46	36	28
FBGN0038735	11	18	22	27	35	26
FBGN0051102	0	0	0	0	0	0
FBGN0038097	0	0	0	0	0	0
FBGN0037525	1	8	11	8	3	4
FBGN0017590	0	0	0	0	0	0
FBGN0039198	0	0	0	0	0	0
FBGN0038607	0	0	0	0	0	0
FBGN0053111	41	17	28	23	74	43
FBGN0259992	0	1	0	0	0	0
FBGN0266282	56	6	31	46	51	57
FBGN0019990	51	44	56	49	67	68
FBGN0037936	0	1	0	0	0	2
FBGN0083975	0	0	0	0	0	0
FBGN0038199	0	0	0	0	0	0
FBGN0038307	30	31	39	47	65	40
FBGN0039492	67	37	37	71	94	81
FBGN0037897	13	20	8	4	22	17
FBGN0037811	0	0	0	6	13	4
FBGN0037980	36	12	19	40	37	55
FBGN0038151	60	66	57	56	85	79
FBGN0039829	26	38	15	21	30	29
FBGN0039052	0	0	0	0	0	0
FBGN0039013	17	12	24	16	37	29
FBGN0026737	33	9	14	14	12	19
FBGN0262363	0	0	0	0	0	0
FBGN0085404	0	0	0	0	0	0
FBGN0038135	6	1	8	2	6	3
FBGN0263023	0	0	0	0	0	0
FBGN0266410	106	115	88	94	151	119
FBGN0051087	0	0	0	0	0	1
FBGN0038373	0	0	0	0	0	0
FBGN0085465	0	0	0	3	0	0
FBGN0003060	0	0	0	0	0	0
FBGN0037354	33	54	39	57	96	99
FBGN0027514	47	38	29	61	85	83
FBGN0039849	67	50	58	76	134	149
FBGN0038172	0	0	0	0	0	0
FBGN0037217	0	0	0	0	1	3
FBGN0019952	0	5	0	6	3	5
FBGN0259740	135	119	81	179	148	137
FBGN0038439	0	0	0	0	0	0
FBGN0038645	0	0	0	3	2	539
FBGN0037824	0	0	0	0	0	0
FBGN0051199	0	0	0	0	0	0
FBGN0053658	0	0	0	0	0	0
FBGN0085316	0	0	0	0	0	0
FBGN0039204	18	46	11	18	35	18
FBGN0038631	0	0	0	0	0	0
FBGN0037584	0	0	0	0	0	0
FBGN0263346	60	45	37	103	179	122
FBGN0040256	0	0	0	0	0	0
FBGN0038638	101	116	79	117	197	204
FBGN0016917	359	277	322	441	632	521
FBGN0038519	145	118	127	152	233	197
FBGN0000247	56	50	67	41	53	56
FBGN0038665	0	0	0	0	0	0
FBGN0038207	0	0	0	0	0	0
FBGN0037885	3	7	3	6	10	2
FBGN0051007	0	0	0	0	0	0
FBGN0020912	0	0	0	0	0	0
FBGN0037846	2	11	4	14	17	10
FBGN0266174	0	0	0	0	0	0
FBGN0051419	0	0	0	0	0	0
FBGN0039882	26	14	15	22	44	33
FBGN0085306	0	0	0	0	0	0
FBGN0261839	21	0	5	9	6	5
FBGN0037360	215	159	175	268	396	409
FBGN0051473	0	0	0	0	0	0
FBGN0263396	948	1099	954	920	1336	1316
FBGN0003598	222	230	170	242	357	411
FBGN0037543	33	28	20	37	62	65
FBGN0038008	0	0	0	0	0	0
FBGN0287209	752	631	731	864	1145	1124
FBGN0038398	0	0	0	0	0	0
FBGN0037544	7	11	4	1	9	12
FBGN0265082	142	167	138	204	274	287
FBGN0051010	0	0	0	0	0	0
FBGN0266268	90	80	91	110	129	116
FBGN0046685	49	63	48	71	76	89
FBGN0039774	36	27	40	51	88	66
FBGN0038772	21	35	34	24	33	38
FBGN0085310	0	0	0	0	0	0
FBGN0002431	645	539	586	738	1002	920
FBGN0053784	0	0	0	0	0	0
FBGN0038076	0	0	0	0	0	4
FBGN0028688	440	387	354	544	801	718
FBGN0026257	9	14	12	18	24	15
FBGN0263755	29	30	44	39	61	52
FBGN0039323	0	0	0	1	0	0
FBGN0037301	118	81	93	133	175	178
FBGN0039145	23	21	12	26	28	18
FBGN0051164	0	0	0	0	0	0
FBGN0038277	1	4	1	1	0	0
FBGN0037958	75	38	65	80	109	99
FBGN0039828	65	85	65	87	130	111
FBGN0037282	10	8	14	19	35	46
FBGN0250821	0	0	0	0	0	0
FBGN0039580	114	66	107	170	250	276
FBGN0038980	0	0	1	0	0	0
FBGN0262125	434	304	343	486	759	698
FBGN0265199	0	0	0	0	0	0
FBGN0037578	64	63	32	54	53	54
FBGN0038281	0	0	0	0	0	0
FBGN0037330	76	65	58	66	94	101
FBGN0003483	18	28	5	18	38	19
FBGN0038145	821	756	615	743	1142	1208
FBGN0037627	0	0	0	0	0	0
FBGN0053095	5	24	23	18	17	18
FBGN0053325	0	0	0	0	0	0
FBGN0039196	0	0	0	0	0	0
FBGN0085336	0	0	0	0	0	0
FBGN0051267	0	0	0	0	0	0
FBGN0038590	16	25	18	17	53	44
FBGN0039311	0	1	0	0	0	0
FBGN0051251	16	1	12	42	38	37
FBGN0039453	0	0	0	0	0	8
FBGN0250908	0	0	0	0	0	0
FBGN0085320	0	0	0	6	2	0
FBGN0039489	5	7	5	6	3	7
FBGN0040606	0	0	0	0	0	0
FBGN0039159	18	26	16	24	27	32
FBGN0039519	0	0	0	0	0	0
FBGN0002783	721	777	688	871	1307	1292
FBGN0261792	43	30	43	68	133	123
FBGN0038195	56	24	53	62	75	85
FBGN0053346	0	0	0	0	0	0
FBGN0026597	53	30	30	34	84	50
FBGN0038570	102	100	101	138	206	196
FBGN0038658	0	0	0	0	0	0
FBGN0260793	0	1	0	0	0	0
FBGN0004666	0	0	2	0	0	0
FBGN0264751	7	1	6	6	26	13
FBGN0039302	1316	1163	1199	1581	1978	2132
FBGN0037327	140	106	135	137	173	222
FBGN0038262	0	0	0	0	0	0
FBGN0037943	49	43	64	75	97	100
FBGN0002592	26	44	16	47	64	53
FBGN0063261	0	0	0	0	0	0
FBGN0039758	0	0	0	0	4	2
FBGN0051424	0	0	0	0	0	0
FBGN0261508	0	0	0	0	0	0
FBGN0266717	488	509	359	517	720	666
FBGN0010401	1	0	0	3	0	0
FBGN0039252	92	112	85	102	155	149
FBGN0028646	69	31	58	65	124	106
FBGN0039734	0	0	2	0	0	0
FBGN0038363	20	0	18	16	12	17
FBGN0039504	0	0	0	0	1	0
FBGN0002921	1414	1377	1351	2086	2882	2822
FBGN0038221	2	0	2	0	0	0
FBGN0038944	0	0	0	0	0	1
FBGN0020235	320	235	300	399	711	639
FBGN0261986	54	37	43	79	91	101
FBGN0037940	0	0	0	0	0	0
FBGN0028992	138	136	145	171	184	197
FBGN0039623	34	14	48	41	71	68
FBGN0000083	845	634	633	659	909	869
FBGN0039827	4	3	6	17	7	2
FBGN0039844	456	356	345	681	1008	771
FBGN0013279	0	0	0	0	0	6
FBGN0039682	0	6	2	0	1	3
FBGN0037831	23	49	7	18	42	39
FBGN0038209	0	0	0	0	0	0
FBGN0037683	0	1	0	0	0	0
FBGN0051089	0	0	0	0	0	0
FBGN0038773	0	0	0	0	0	0
FBGN0040255	0	0	0	0	0	0
FBGN0038612	0	0	0	0	0	0
FBGN0051041	0	0	0	0	0	0
FBGN0042094	33	6	18	28	16	38
FBGN0037638	91	42	74	76	98	127
FBGN0039632	98	80	74	112	133	150
FBGN0038448	0	0	0	0	0	0
FBGN0261436	55	48	43	109	96	89
FBGN0038234	29	23	28	36	32	47
FBGN0005777	160	98	125	155	196	204
FBGN0038301	35	37	47	23	41	30
FBGN0259704	72	76	62	89	95	127
FBGN0039155	146	139	106	181	310	318
FBGN0037603	5	1	1	0	11	6
FBGN0085315	0	0	0	0	0	0
FBGN0037611	2	1	2	3	4	3
FBGN0005642	79	29	61	94	116	129
FBGN0037446	80	119	76	117	148	150
FBGN0039306	106	32	103	133	149	161
FBGN0051445	0	0	0	0	0	0
FBGN0038083	0	2	1	0	0	4
FBGN0266259	0	0	0	0	0	0
FBGN0042101	0	0	0	0	0	0
FBGN0015008	0	0	0	0	0	0
FBGN0062442	122	130	133	131	240	221
FBGN0041588	71	52	46	52	91	81
FBGN0037910	0	0	0	0	0	0
FBGN0039235	0	0	0	0	0	0
FBGN0010774	221	248	261	304	486	505
FBGN0037594	0	0	0	0	0	0
FBGN0011336	636	588	599	845	1289	1163
FBGN0052944	0	0	0	0	0	0
FBGN0040553	0	0	0	0	0	0
FBGN0262364	0	0	0	0	0	0
FBGN0039325	0	0	0	0	0	0
FBGN0039111	3	0	2	3	5	4
FBGN0037252	82	79	101	122	185	169
FBGN0038387	11	10	10	19	5	17
FBGN0039310	0	0	0	0	0	0
FBGN0038180	217	242	172	318	419	330
FBGN0039300	232	223	173	241	501	432
FBGN0039344	0	0	0	0	0	0
FBGN0038191	0	0	1	0	4	6
FBGN0038074	0	0	1	0	0	1
FBGN0266599	6314	4405	4954	5979	8092	10030
FBGN0039850	0	0	0	0	0	0
FBGN0023097	184	178	139	210	295	291
FBGN0040078	359	267	299	369	422	431
FBGN0038523	0	38	4	0	0	2
FBGN0037762	0	0	0	0	0	0
FBGN0038455	5	15	1	2	9	2
FBGN0039429	0	0	0	0	0	0
FBGN0029176	1567	1262	1411	1484	2710	2485
FBGN0261618	578	422	492	619	1047	1064
FBGN0038344	131	87	100	133	161	179
FBGN0260645	0	0	0	0	0	0
FBGN0038416	0	0	0	0	0	0
FBGN0261019	3	0	0	2	4	11
FBGN0002869	0	0	0	0	0	0
FBGN0038652	28	58	31	58	70	102
FBGN0011766	101	64	75	150	280	234
FBGN0039886	1	0	3	4	2	9
FBGN0037412	0	0	0	0	0	0
FBGN0262983	0	0	0	0	0	0
FBGN0039867	57	68	58	56	97	95
FBGN0039738	3	0	2	6	2	3
FBGN0039552	0	0	0	0	0	0
FBGN0051345	0	0	0	0	0	0
FBGN0051217	119	125	65	119	175	175
FBGN0038366	0	4	0	3	2	5
FBGN0037435	20	32	16	28	44	35
FBGN0020496	672	777	689	914	1368	1314
FBGN0019957	150	117	175	172	245	257
FBGN0265140	104	49	65	127	159	162
FBGN0037653	44	45	32	38	66	79
FBGN0039405	0	0	0	5	5	4
FBGN0037667	62	42	43	45	59	58
FBGN0064126	47	82	40	87	114	85
FBGN0266674	81	61	89	116	140	127
FBGN0011217	360	359	316	425	815	615
FBGN0020299	86	117	76	98	151	116
FBGN0037802	7	3	4	12	7	4
FBGN0039305	77	66	60	101	88	98
FBGN0037294	0	0	0	0	0	0
FBGN0067629	33	22	17	24	38	30
FBGN0013343	26	18	21	43	84	79
FBGN0051108	10	3	11	16	27	19
FBGN0037581	13	7	15	11	15	18
FBGN0038268	3	0	5	5	3	8
FBGN0039883	1	3	1	4	6	0
FBGN0038739	31	27	27	34	45	50
FBGN0038790	0	0	0	0	0	0
FBGN0038508	0	0	19	0	0	0
FBGN0039413	0	0	0	0	0	0
FBGN0051460	76	76	42	71	100	81
FBGN0038747	41	71	45	66	99	98
FBGN0011740	158	65	149	223	263	282
FBGN0262477	0	0	0	0	0	0
FBGN0037339	33	31	22	45	57	29
FBGN0039461	1	3	0	0	1	2
FBGN0039028	0	0	0	0	0	0
FBGN0038494	0	0	2	6	8	10
FBGN0017448	0	0	0	0	0	0
FBGN0039651	0	0	0	0	3	1
FBGN0037816	13	16	15	26	22	23
FBGN0085312	0	0	0	0	0	0
FBGN0038507	0	0	0	0	0	0
FBGN0040531	0	0	0	0	0	0
FBGN0037672	0	0	0	0	0	0
FBGN0038551	76	44	63	73	86	127
FBGN0264005	0	0	0	0	1	0
FBGN0026565	0	0	0	0	0	0
FBGN0037989	1	8	3	2	13	7
FBGN0003015	0	0	0	0	1	0
FBGN0266442	0	0	0	0	0	0
FBGN0037996	0	0	0	0	0	0
FBGN0039358	99	59	62	86	145	129
FBGN0003721	374	452	367	498	596	520
FBGN0045980	0	0	0	0	0	0
FBGN0038846	0	0	0	0	0	0
FBGN0038854	56	14	73	84	96	70
FBGN0259139	906	730	653	859	990	1133
FBGN0040528	0	0	0	0	0	1
FBGN0039779	0	0	0	0	0	0
FBGN0039472	0	0	0	0	0	0
FBGN0085412	171	167	111	174	294	273
FBGN0051230	0	0	0	0	0	0
FBGN0053202	0	0	0	0	0	0
FBGN0038642	0	2	0	0	1	0
FBGN0039463	0	0	0	0	0	0
FBGN0038685	0	0	0	0	0	0
FBGN0039821	0	0	0	0	0	2
FBGN0038247	0	0	0	1	0	2
FBGN0004103	415	376	401	514	833	861
FBGN0038149	524	537	442	648	1146	909
FBGN0027563	0	0	0	0	0	0
FBGN0039357	5	4	4	4	12	4
FBGN0037956	232	268	226	369	511	576
FBGN0261061	0	0	0	0	0	0
FBGN0028475	146	138	120	153	243	192
FBGN0038646	0	0	0	13	4	715
FBGN0051099	0	0	0	0	0	0
FBGN0043884	1039	1058	983	1298	1889	1769
FBGN0010340	37	23	22	27	44	22
FBGN0264075	187	123	156	203	339	287
FBGN0259938	35	22	33	45	51	61
FBGN0264426	0	0	0	0	0	0
FBGN0259193	0	0	0	0	0	0
FBGN0038816	22	26	33	43	58	30
FBGN0019925	129	112	121	219	316	219
FBGN0037714	0	0	0	0	0	0
FBGN0038837	0	0	3	0	0	0
FBGN0085337	0	0	0	0	0	0
FBGN0085454	0	0	0	0	0	0
FBGN0265266	5	1	0	0	2	0
FBGN0038929	0	0	0	0	0	0
FBGN0038233	31	10	12	15	19	17
FBGN0037550	46	30	34	66	92	99
FBGN0261841	5	1	0	0	1	1
FBGN0051025	0	0	0	0	0	0
FBGN0051225	0	0	0	0	0	0
FBGN0039566	359	283	300	359	570	644
FBGN0022943	68	29	36	56	86	109
FBGN0262081	86	123	86	98	169	152
FBGN0037610	5	9	8	11	10	18
FBGN0265274	1517	1429	1317	1999	2636	2345
FBGN0067783	0	7	2	0	9	2
FBGN0051233	0	0	0	0	0	0
FBGN0013275	0	0	0	0	0	0
FBGN0037213	268	234	237	324	539	485
FBGN0037616	0	0	0	0	0	0
FBGN0038533	53	59	50	66	99	80
FBGN0037418	0	0	0	0	0	0
FBGN0264991	0	0	0	0	0	0
FBGN0015737	369	331	334	473	798	691
FBGN0038148	0	0	0	0	0	0
FBGN0037901	17	21	14	24	35	18
FBGN0267690	0	0	0	0	0	0
FBGN0037837	0	0	0	0	0	0
FBGN0039341	85	69	76	118	182	170
FBGN0037986	0	0	0	0	0	0
FBGN0267104	0	0	0	0	0	0
FBGN0037250	66	42	34	46	80	65
FBGN0039197	0	0	0	0	0	0
FBGN0038566	0	0	0	0	0	0
FBGN0051481	0	0	0	0	0	0
FBGN0037817	1	4	0	0	0	5
FBGN0266464	154	71	111	165	229	221
FBGN0038424	45	39	43	52	62	51
FBGN0051229	13	13	22	28	40	34
FBGN0038691	0	0	0	0	0	0
FBGN0039069	0	0	0	0	2	0
FBGN0037829	0	0	0	0	0	0
FBGN0016120	342	306	264	494	590	617
FBGN0005596	52	41	39	54	95	97
FBGN0038179	23	28	5	28	41	22
FBGN0262540	0	0	0	0	0	0
FBGN0040071	141	132	199	277	420	401
FBGN0038423	0	0	0	0	0	0
FBGN0045862	104	101	95	146	199	200
FBGN0051259	0	0	0	0	0	0
FBGN0038251	57	33	58	60	96	119
FBGN0038797	0	0	0	0	0	0
FBGN0053483	0	0	0	0	0	0
FBGN0039140	51	40	51	78	94	119
FBGN0038428	27	37	15	29	38	29
FBGN0037770	326	256	229	334	450	509
FBGN0259194	0	0	0	0	0	0
FBGN0085417	13	5	6	4	5	15
FBGN0083991	0	0	0	0	0	0
FBGN0003093	8	3	11	8	13	16
FBGN0045866	137	149	113	221	323	257
FBGN0028468	25	17	46	57	46	67
FBGN0037908	0	0	0	0	0	0
FBGN0039754	33	52	30	35	50	52
FBGN0038919	52	32	57	37	54	79
FBGN0038105	0	0	0	0	0	0
FBGN0003479	44	42	55	57	41	38
FBGN0051371	0	0	0	0	0	0
FBGN0038244	69	50	63	80	83	77
FBGN0037249	1128	968	979	1333	1719	1779
FBGN0039041	0	0	0	0	0	0
FBGN0038084	0	0	0	0	0	0
FBGN0024957	251	191	217	356	457	444
FBGN0286741	0	0	0	0	0	0
FBGN0026620	363	288	270	399	456	417
FBGN0051213	0	0	0	0	0	0
FBGN0085431	0	0	0	0	0	0
FBGN0263995	2	0	0	7	3	2
FBGN0011290	27	26	18	12	30	20
FBGN0037521	0	0	0	0	0	0
FBGN0037347	35	27	33	32	26	30
FBGN0022359	0	1	3	3	6	5
FBGN0265189	32	74	38	75	85	120
FBGN0053108	14	14	21	7	23	4
FBGN0038013	90	94	64	44	105	98
FBGN0051091	0	0	0	0	0	0
FBGN0264495	97	122	90	142	248	181
FBGN0038558	0	0	0	0	0	0
FBGN0014342	21	20	12	24	26	23
FBGN0086686	115	86	69	147	200	170
FBGN0003357	0	0	0	0	1	0
FBGN0039508	38	45	40	40	72	63
FBGN0016119	125	108	102	158	172	208
FBGN0263403	0	0	0	0	0	0
FBGN0264903	0	0	0	0	0	0
FBGN0039645	0	0	0	0	0	0
FBGN0039209	23	35	29	33	43	40
FBGN0016691	271	241	198	311	374	383
FBGN0038550	0	0	0	0	0	0
FBGN0053293	0	0	0	0	0	0
FBGN0038767	36	14	21	33	48	57
FBGN0039739	0	0	0	0	0	0
FBGN0039349	37	63	41	48	44	62
FBGN0038414	0	0	0	0	0	0
FBGN0004629	1	6	3	7	1	13
FBGN0011582	0	0	1	0	0	0
FBGN0037562	0	0	0	0	0	0
FBGN0042110	0	0	0	0	0	0
FBGN0039681	0	0	0	0	1	0
FBGN0038705	0	0	0	0	0	0
FBGN0051211	58	57	42	51	104	84
FBGN0038690	0	0	0	0	0	0
FBGN0040529	176	171	134	192	304	310
FBGN0039027	0	0	0	0	0	0
FBGN0285937	247	235	207	335	425	343
FBGN0039656	0	0	0	0	0	0
FBGN0014380	5	3	3	7	16	13
FBGN0037664	27	46	9	87	142	93
FBGN0004436	96	63	59	91	139	80
FBGN0001149	1336	1008	1135	1648	2416	2395
FBGN0037635	0	0	0	0	1	0
FBGN0004554	10	2	6	1	1	5
FBGN0038851	0	0	0	0	0	0
FBGN0039172	229	204	216	404	702	641
FBGN0000416	1217	1082	1110	1442	1963	1896
FBGN0003330	90	64	79	85	115	99
FBGN0004782	0	0	0	0	0	0
FBGN0037502	0	0	0	0	0	0
FBGN0038134	0	0	0	0	0	0
FBGN0283536	68	95	49	58	91	67
FBGN0038285	0	0	0	0	0	0
FBGN0038871	6	6	5	6	13	9
FBGN0037780	53	49	58	62	70	83
FBGN0038516	0	0	0	1	1	1
FBGN0038509	3	51	96	0	0	1
FBGN0037534	0	0	0	2	7	0
FBGN0039451	30	8	18	47	48	66
FBGN0039770	0	0	1	0	0	0
FBGN0263740	433	345	360	420	691	639
FBGN0001138	108	125	102	128	255	206
FBGN0261929	0	0	0	0	0	0
FBGN0039684	0	0	0	0	0	0
FBGN0039280	21	33	17	21	25	23
FBGN0051410	0	0	0	2	0	0
FBGN0003257	136	74	117	174	227	227
FBGN0001169	64	69	64	103	165	138
FBGN0038993	0	0	0	0	0	0
FBGN0038054	0	0	0	0	0	0
FBGN0053192	0	0	0	0	0	0
FBGN0037721	74	35	29	84	172	104
FBGN0086361	96	109	115	110	171	191
FBGN0037779	13	20	19	31	33	61
FBGN0260743	23	25	31	32	53	50
FBGN0002941	0	0	2	0	0	0
FBGN0037742	9	0	7	8	10	3
FBGN0037997	0	0	0	0	0	0
FBGN0025821	0	0	0	0	0	0
FBGN0051038	50	26	29	51	79	67
FBGN0039689	9	3	3	5	17	10
FBGN0039554	102	75	58	81	143	127
FBGN0039250	258	320	234	336	402	381
FBGN0037592	7	5	22	18	42	47
FBGN0028997	14	11	11	23	16	22
FBGN0011666	134	135	138	156	308	256
FBGN0037500	0	0	0	0	0	0
FBGN0284081	0	0	0	0	0	0
FBGN0262975	202	207	169	268	364	339
FBGN0262167	71	31	56	64	95	101
FBGN0000064	271	229	281	283	519	394
FBGN0038163	0	0	0	0	0	0
FBGN0039149	21	30	7	18	3	17
FBGN0027109	0	0	0	0	0	0
FBGN0038425	12	19	11	2	8	9
FBGN0038482	0	0	0	0	0	0
FBGN0250832	0	0	0	0	0	0
FBGN0037643	238	309	227	387	470	513
FBGN0267236	0	0	0	0	0	0
FBGN0038140	0	0	0	0	0	0
FBGN0061476	77	57	93	98	128	117
FBGN0038122	0	0	0	0	0	0
FBGN0029170	3	11	3	7	12	7
FBGN0003450	0	0	0	0	0	0
FBGN0039596	0	0	0	0	0	0
FBGN0038490	0	4	2	4	2	3
FBGN0039106	0	0	0	0	0	0
FBGN0039335	32	27	27	38	55	39
FBGN0038879	0	0	0	0	0	0
FBGN0037336	78	108	68	97	139	125
FBGN0003651	6	0	6	22	26	32
FBGN0037690	0	0	0	0	0	0
FBGN0038106	52	35	36	40	64	53
FBGN0001321	139	156	101	160	181	185
FBGN0037225	0	0	0	0	0	0
FBGN0038082	0	0	0	0	0	0
FBGN0005355	74	21	52	68	130	144
FBGN0000150	1550	1263	1264	1728	2770	2619
FBGN0037577	0	0	0	0	0	0
FBGN0038866	1	0	0	0	0	1
FBGN0038429	31	31	17	25	55	59
FBGN0038981	45	46	55	70	113	95
FBGN0262144	0	0	0	0	0	0
FBGN0038654	0	0	0	0	0	0
FBGN0039789	0	0	0	0	0	7
FBGN0039589	36	36	28	37	46	53
FBGN0039591	0	0	0	0	0	0
FBGN0039718	0	0	0	0	0	0
FBGN0038241	0	30	0	0	0	0
FBGN0038018	0	0	0	0	0	0
FBGN0038715	0	0	0	0	0	0
FBGN0039478	0	0	0	0	0	0
FBGN0004117	2	0	1	6	2	0
FBGN0028708	22	26	21	45	53	58
FBGN0046222	91	76	74	109	146	149
FBGN0039637	19	29	18	31	55	40
FBGN0283477	423	357	398	640	704	675
FBGN0039370	0	0	0	0	0	0
FBGN0038126	31	42	22	42	61	60
FBGN0265101	53	46	42	50	43	43
FBGN0015019	704	555	658	881	1310	1274
FBGN0051068	0	0	0	0	0	0
FBGN0037218	97	51	78	152	157	170
FBGN0011670	0	0	0	0	0	0
FBGN0000527	0	0	1	0	0	0
FBGN0037613	8	3	10	9	18	10
FBGN0027608	0	0	0	1	1	4
FBGN0051477	0	3	3	6	7	2
FBGN0267431	0	0	2	0	0	0
FBGN0039563	55	37	59	90	99	104
FBGN0261046	0	0	1	0	0	0
FBGN0263398	33	49	31	31	44	34
FBGN0046885	0	0	0	0	0	0
FBGN0004577	6	3	6	3	7	6
FBGN0003308	0	12	0	0	5	5
FBGN0038818	0	0	0	0	0	0
FBGN0039736	0	0	0	0	0	0
FBGN0037531	13	7	10	16	20	19
FBGN0266405	0	0	0	0	0	0
FBGN0013949	0	0	0	4	0	0
FBGN0044809	0	0	0	0	0	0
FBGN0262614	717	705	642	950	1316	1293
FBGN0051115	0	0	0	0	0	0
FBGN0260962	582	420	471	481	737	699
FBGN0037606	11	25	14	12	15	12
FBGN0038976	105	59	80	149	154	174
FBGN0037517	0	0	0	0	0	0
FBGN0051326	0	0	0	0	0	0
FBGN0039309	0	0	0	0	0	0
FBGN0021750	48	36	42	43	49	63
FBGN0002862	0	0	0	0	0	0
FBGN0260399	49	19	25	54	72	69
FBGN0261994	0	0	0	0	0	0
FBGN0039677	0	0	0	0	0	0
FBGN0037387	0	0	0	0	0	0
FBGN0038313	30	24	20	30	38	55
FBGN0039369	0	0	0	0	0	0
FBGN0037238	0	0	0	0	0	0
FBGN0025808	12	14	17	18	30	23
FBGN0260759	3	5	5	6	7	2
FBGN0039115	22	31	14	19	23	27
FBGN0037737	63	61	39	51	44	38
FBGN0037350	0	6	0	5	2	2
FBGN0037515	8	3	3	9	8	5
FBGN0037340	36	11	25	32	43	49
FBGN0038849	0	0	0	0	1	0
FBGN0261932	0	1	0	0	0	0
FBGN0001112	23	25	23	32	31	23
FBGN0039875	106	92	77	136	183	197
FBGN0037365	0	0	0	0	0	0
FBGN0039811	0	0	0	0	0	0
FBGN0053213	3	5	12	10	14	12
FBGN0037962	0	0	0	0	1	0
FBGN0003429	0	0	0	0	0	0
FBGN0011725	185	125	193	242	275	300
FBGN0263399	0	0	0	0	0	0
FBGN0051121	88	106	109	185	333	305
FBGN0062411	0	0	0	0	0	0
FBGN0051354	0	1	0	0	0	8
FBGN0264816	58	22	38	79	62	62
FBGN0037758	36	54	33	94	98	99
FBGN0037916	0	0	0	0	0	0
FBGN0038055	28	13	24	51	39	23
FBGN0026598	109	101	105	122	132	144
FBGN0262808	0	0	0	0	0	0
FBGN0038546	51	17	54	59	71	90
FBGN0011745	263	295	178	278	354	337
FBGN0037406	0	0	0	0	1	0
FBGN0039034	0	0	0	0	0	0
FBGN0004369	247	155	189	293	396	368
FBGN0039598	0	0	0	0	0	0
FBGN0266581	256	214	253	283	375	425
FBGN0261393	0	0	0	0	0	2
FBGN0085345	0	0	0	0	0	0
FBGN0039161	2	3	0	2	9	1
FBGN0000591	7	3	13	15	39	27
FBGN0039494	9	4	1	46	84	81
FBGN0260794	484	336	387	649	970	734
FBGN0039031	1	0	0	3	0	0
FBGN0014141	599	477	477	590	862	791
FBGN0262562	1	0	1	2	3	1
FBGN0003275	114	117	99	105	114	142
FBGN0270925	0	0	0	0	0	0
FBGN0083974	0	0	0	0	0	0
FBGN0260237	5	0	2	4	8	0
FBGN0026063	1	0	0	1	0	0
FBGN0038158	0	0	0	0	0	0
FBGN0013347	88	61	96	134	144	117
FBGN0051269	0	0	0	0	0	0
FBGN0037844	2	1	5	1	0	0
FBGN0040271	116	160	91	186	179	171
FBGN0039495	0	0	0	0	0	0
FBGN0038124	0	0	0	0	0	0
FBGN0039431	36	32	38	43	69	54
FBGN0025571	192	248	181	268	354	439
FBGN0037554	36	40	21	40	50	56
FBGN0037284	0	0	0	0	0	0
FBGN0022787	81	108	73	86	115	111
FBGN0038795	0	0	0	0	0	0
FBGN0015011	10	1	1	1	2	3
FBGN0042111	28	19	17	20	48	44
FBGN0003129	0	0	0	0	0	1
FBGN0038511	71	112	51	103	139	106
FBGN0037536	28	30	30	42	51	63
FBGN0037931	12	9	17	15	23	32
FBGN0038855	45	44	36	34	43	66
FBGN0039359	750	644	649	969	1426	1165
FBGN0000564	0	0	0	0	0	0
FBGN0026441	52	43	29	41	95	52
FBGN0038237	0	0	0	0	0	0
FBGN0037514	0	0	0	0	0	0
FBGN0038033	0	0	0	0	0	0
FBGN0039319	0	0	0	0	0	0
FBGN0039395	0	0	0	0	0	0
FBGN0265351	19	6	16	29	27	42
FBGN0262576	0	0	0	0	0	0
FBGN0085311	0	0	1	5	5	518
FBGN0004174	0	0	0	0	0	0
FBGN0039291	13	17	15	33	25	5
FBGN0051021	0	0	0	0	0	0
FBGN0037583	85	102	78	103	91	90
FBGN0051441	4	12	8	5	7	1
FBGN0051374	0	1	1	2	2	0
FBGN0039102	0	9	0	0	6	1
FBGN0039638	99	19	98	98	103	111
FBGN0025802	52	39	49	74	96	92
FBGN0037344	274	327	288	397	565	522
FBGN0053193	32	38	22	26	51	43
FBGN0037751	0	0	0	0	0	0
FBGN0026562	118	100	108	114	153	126
FBGN0039703	0	0	0	0	0	0
FBGN0038348	0	0	1	0	0	0
FBGN0010808	53	32	37	49	66	63
FBGN0038942	0	0	0	0	0	0
FBGN0264741	1	2	0	0	0	0
FBGN0039219	95	70	95	103	173	141
FBGN0037850	0	0	0	0	0	0
FBGN0039008	0	0	0	0	0	0
FBGN0037468	232	89	154	220	260	261
FBGN0037420	1	0	1	0	0	0
FBGN0250753	995	856	821	1000	1101	1259
FBGN0015831	0	16	0	0	1	0
FBGN0039719	0	0	0	0	0	0
FBGN0259685	869	696	703	802	957	1070
FBGN0003249	0	0	0	0	0	0
FBGN0000139	106	106	85	105	102	94
FBGN0017567	65	28	43	42	78	67
FBGN0261285	11	1	4	8	12	7
FBGN0037230	0	0	0	0	0	0
FBGN0045468	0	0	0	0	0	0
FBGN0003513	24	20	16	25	45	46
FBGN0053927	0	0	0	0	0	0
FBGN0024944	0	0	1	0	0	0
FBGN0037707	190	171	139	148	249	248
FBGN0267106	0	0	0	0	0	0
FBGN0038395	1	0	0	0	1	0
FBGN0287598	3	0	0	0	0	0
FBGN0038001	0	0	0	0	0	0
FBGN0037671	160	152	186	181	424	311
FBGN0039665	40	18	37	68	139	73
FBGN0039006	24	10	29	42	61	66
FBGN0037228	1	4	4	2	0	0
FBGN0038709	0	0	0	0	0	0
FBGN0010328	827	659	852	921	1238	1401
FBGN0038746	60	82	49	45	76	53
FBGN0037717	0	0	0	0	0	0
FBGN0038983	8	15	19	36	72	55
FBGN0044812	0	0	0	0	0	0
FBGN0038020	47	11	38	46	33	37
FBGN0037836	0	0	0	0	0	0
FBGN0086365	77	60	61	81	116	149
FBGN0016672	1	1	2	4	6	3
FBGN0004387	70	61	42	81	133	131
FBGN0024491	97	121	106	152	172	178
FBGN0037537	294	256	279	370	441	457
FBGN0261532	43	21	58	73	73	74
FBGN0010040	0	0	0	0	0	0
FBGN0037323	12	17	20	18	27	28
FBGN0262112	0	4	8	2	3	1
FBGN0039474	0	1	0	0	0	0
FBGN0004587	777	684	633	893	1321	1380
FBGN0038051	0	0	0	0	0	0
FBGN0038396	28	18	40	54	50	39
FBGN0000279	0	0	0	0	0	0
FBGN0038918	0	0	0	0	0	0
FBGN0039350	82	107	90	77	155	111
FBGN0261502	0	0	0	0	0	0
FBGN0002633	24	6	18	15	13	23
FBGN0041102	0	0	0	0	0	0
FBGN0051324	2	0	0	0	1	0
FBGN0250757	2	3	1	0	0	0
FBGN0020249	43	41	41	47	87	75
FBGN0039321	0	0	1	0	0	0
FBGN0039804	44	43	20	36	63	40
FBGN0003205	93	103	97	137	201	197
FBGN0002413	153	96	184	220	386	355
FBGN0085309	0	0	0	0	0	0
FBGN0038011	0	0	0	1	0	0
FBGN0038194	0	0	1	0	0	0
FBGN0261238	129	159	105	149	309	249
FBGN0086605	56	103	59	86	115	109
FBGN0037430	0	0	0	0	0	0
FBGN0039659	0	0	0	0	0	0
FBGN0037384	38	14	19	21	41	22
FBGN0038419	0	0	0	0	0	1
FBGN0038975	0	0	1	0	0	0
FBGN0038000	0	0	0	0	0	0
FBGN0037815	75	86	52	60	93	111
FBGN0038927	54	66	94	98	181	123
FBGN0284234	0	0	0	0	0	0
FBGN0038318	46	27	45	74	114	131
FBGN0039679	0	0	0	0	0	0
FBGN0051380	0	0	0	0	0	0
FBGN0037486	0	0	0	0	0	0
FBGN0039588	25	8	25	19	29	36
FBGN0085433	16	10	21	15	55	28
FBGN0038876	7	5	6	9	9	7
FBGN0038144	0	0	0	1	0	0
FBGN0024909	73	51	60	52	64	77
FBGN0038451	0	0	0	0	0	0
FBGN0037778	24	23	16	26	41	32
FBGN0038901	0	0	0	0	0	0
FBGN0267651	0	0	0	0	0	0
FBGN0004778	0	0	0	0	0	0
FBGN0015229	46	17	17	31	73	49
FBGN0051501	0	0	0	0	0	0
FBGN0027873	93	80	91	138	137	141
FBGN0283499	48	104	64	157	190	152
FBGN0038512	0	0	0	0	0	0
FBGN0027617	46	20	28	44	57	68
FBGN0085325	1	0	0	0	1	14
FBGN0039887	0	0	0	0	0	0
FBGN0038704	108	82	78	109	133	109
FBGN0039498	0	0	0	0	0	0
FBGN0002838	0	0	0	0	0	0
FBGN0259991	2	0	5	3	6	0
FBGN0037520	0	0	0	0	0	0
FBGN0038888	0	0	0	0	0	0
FBGN0286852	0	0	0	0	0	0
FBGN0041707	0	0	5	0	0	2
FBGN0000500	0	0	0	0	0	0
FBGN0038045	2	0	0	0	0	0
FBGN0039271	12	15	9	12	24	28
FBGN0039117	141	84	125	153	166	150
FBGN0038506	0	0	0	0	0	0
FBGN0263048	1	0	0	0	0	5
FBGN0004171	0	0	0	0	0	0
FBGN0038957	0	0	0	0	1	0
FBGN0053098	0	0	0	0	0	0
FBGN0038350	1	13	0	0	2	5
FBGN0017581	509	455	455	450	641	696
FBGN0039557	42	51	64	70	64	73
FBGN0024958	155	138	107	153	197	192
FBGN0039872	0	1	0	0	0	0
FBGN0002632	3	0	2	2	3	8
FBGN0039428	0	0	0	0	0	0
FBGN0266455	0	0	0	0	0	0
FBGN0039130	199	223	187	221	320	270
FBGN0037388	0	0	0	0	0	0
FBGN0051253	0	0	0	0	0	0
FBGN0261984	51	53	56	92	124	88
FBGN0051469	0	0	0	2	0	0
FBGN0038761	8	0	0	0	0	1
FBGN0039048	0	0	0	0	0	0
FBGN0265146	0	0	0	0	0	0
FBGN0043791	0	0	0	0	0	0
FBGN0260642	35	27	25	34	66	48
FBGN0038365	11	32	18	24	34	32
FBGN0038029	0	0	0	0	0	0
FBGN0002626	857	915	731	898	1528	1440
FBGN0267430	0	0	0	0	0	0
FBGN0264490	0	0	5	0	0	0
FBGN0037374	14	48	25	32	20	21
FBGN0266534	0	0	0	0	0	0
FBGN0037988	0	0	0	0	0	0
FBGN0028690	626	608	509	629	845	756
FBGN0051055	0	0	0	0	0	0
FBGN0038420	5	6	0	6	7	4
FBGN0051467	0	0	0	0	0	0
FBGN0250746	384	322	366	557	796	772
FBGN0263390	0	11	0	0	0	0
FBGN0015574	0	0	0	0	0	0
FBGN0046114	24	30	24	23	41	44
FBGN0039299	0	9	11	0	3	0
FBGN0260464	9	27	18	23	32	39
FBGN0051104	0	0	0	0	0	0
FBGN0261395	0	0	0	0	0	0
FBGN0039241	274	163	211	245	349	419
FBGN0053977	25	19	9	42	65	35
FBGN0040582	0	0	0	0	0	0
FBGN0051126	28	22	5	20	21	20
FBGN0039386	0	0	0	0	0	0
FBGN0038087	0	0	0	0	0	0
FBGN0002781	371	367	352	431	678	633
FBGN0001098	460	280	418	576	992	974
FBGN0038672	17	22	20	13	13	8
FBGN0260224	31	21	11	26	29	20
FBGN0038814	0	0	1	0	0	0
FBGN0004509	87	58	77	109	164	170
FBGN0038256	9	1	10	14	19	10
FBGN0286976	0	0	0	0	0	0
FBGN0038070	2	15	0	0	1	0
FBGN0037624	705	839	603	856	1115	1183
FBGN0004862	0	0	0	0	0	0
FBGN0038260	2	1	0	1	4	3
FBGN0017456	0	0	0	0	0	0
FBGN0038701	0	0	0	0	0	0
FBGN0037551	60	56	29	54	102	80
FBGN0037906	0	0	0	0	0	0
FBGN0037240	1355	1036	1165	1605	2039	1939
FBGN0053094	76	58	82	106	174	164
FBGN0037944	28	18	33	16	53	26
FBGN0002733	48	110	65	77	113	136
FBGN0039801	0	0	0	2	0	0
FBGN0052473	256	174	221	276	467	511
FBGN0260742	295	284	233	283	371	377
FBGN0038271	274	150	254	344	516	519
FBGN0020493	81	99	63	103	198	154
FBGN0053208	126	115	114	170	221	184
FBGN0039201	0	0	0	0	0	0
FBGN0039070	0	0	0	0	0	0
FBGN0039077	0	0	0	0	0	0
FBGN0037530	176	176	193	240	380	401
FBGN0263974	8	11	4	1	2	4
FBGN0051446	0	0	0	0	0	0
FBGN0039633	121	102	65	136	233	197
FBGN0051128	0	0	0	0	0	0
FBGN0260760	4	0	1	3	5	6
FBGN0037832	0	0	0	0	0	0
FBGN0260860	15	9	8	20	24	30
FBGN0038609	71	86	78	85	103	113
FBGN0039669	0	0	0	0	0	0
FBGN0038859	0	0	0	0	0	0
FBGN0038742	129	80	71	107	187	160
FBGN0039315	0	0	0	0	0	0
FBGN0038327	96	121	82	99	91	99
FBGN0261479	48	40	44	33	68	48
FBGN0013334	61	54	45	83	80	71
FBGN0028670	146	97	170	195	235	266
FBGN0027570	103	112	100	247	395	353
FBGN0266745	0	0	0	0	1	0
FBGN0263351	125	119	126	199	219	257
FBGN0040212	13	1	16	12	23	21
FBGN0039184	0	0	0	0	0	0
FBGN0003137	1324	1234	1056	1605	2551	2075
FBGN0261356	0	0	0	0	2	0
FBGN0046878	0	0	0	0	0	0
FBGN0037741	75	33	40	59	82	84
FBGN0038475	11	17	8	16	20	8
FBGN0051219	0	0	0	0	0	0
FBGN0038312	8	2	6	9	13	11
FBGN0038549	9	17	3	10	15	6
FBGN0011672	40	36	40	63	93	84
FBGN0038204	0	0	0	0	0	0
FBGN0039537	165	171	124	275	452	460
FBGN0283439	0	0	0	0	0	0
FBGN0039485	0	0	0	0	0	0
FBGN0039876	23	26	13	20	23	22
FBGN0038870	279	244	187	254	375	335
FBGN0038390	78	67	75	79	93	108
FBGN0010379	225	207	169	265	306	304
FBGN0266451	0	0	0	2	2	0
FBGN0085332	0	0	0	0	0	0
FBGN0037477	0	0	0	0	0	0
FBGN0038716	0	0	0	0	0	0
FBGN0038833	0	0	0	0	0	0
FBGN0039685	63	281	246	265	68	70
FBGN0039109	0	0	0	0	0	0
FBGN0039029	0	0	0	0	0	0
FBGN0037416	3	1	2	0	0	0
FBGN0039751	16	25	4	6	17	17
FBGN0265276	165	106	117	203	332	274
FBGN0051040	45	75	52	76	73	87
FBGN0263022	0	0	0	0	0	0
FBGN0039301	62	54	67	62	137	118
FBGN0261065	126	162	127	143	190	182
FBGN0287587	0	0	0	0	0	0
FBGN0260766	0	0	0	3	1	0
FBGN0039561	41	43	41	39	59	40
FBGN0039104	0	0	0	0	0	0
FBGN0038679	152	114	116	135	163	207
FBGN0038445	0	0	0	0	0	0
FBGN0047114	31	19	29	22	26	23
FBGN0038449	0	0	4	0	0	0
FBGN0039129	3	0	1	2	2	2
FBGN0038809	78	84	94	110	189	146
FBGN0011476	8	4	6	9	6	6
FBGN0261817	0	0	0	0	0	0
FBGN0027610	0	0	0	0	4	2
FBGN0037345	7	7	1	0	8	4
FBGN0039851	52	64	44	110	159	180
FBGN0010355	221	251	165	337	413	350
FBGN0051548	35	36	22	32	53	50
FBGN0260487	0	0	0	0	0	0
FBGN0262717	70	45	66	134	153	175
FBGN0287588	0	0	0	0	0	0
FBGN0051510	73	71	51	63	90	103
FBGN0037722	6	4	8	13	22	17
FBGN0037328	514	382	428	545	845	756
FBGN0037565	0	0	0	0	0	0
FBGN0037698	0	0	1	0	0	0
FBGN0260467	10	5	15	16	36	23
FBGN0085461	0	0	0	0	0	0
FBGN0041188	354	320	324	500	770	785
FBGN0037315	42	14	21	39	31	44
FBGN0040283	285	318	269	292	307	319
FBGN0259974	0	0	0	0	0	0
FBGN0040682	0	0	0	0	1	0
FBGN0085383	0	0	0	0	0	0
FBGN0038291	0	0	0	2	0	0
FBGN0038828	0	0	0	0	0	0
FBGN0040206	126	140	95	145	183	173
FBGN0038452	0	0	0	0	0	0
FBGN0284232	0	0	0	0	0	0
FBGN0004908	43	30	48	23	50	48
FBGN0051151	127	115	91	109	188	171
FBGN0037222	2	0	3	0	1	2
FBGN0004876	76	74	83	104	101	148
FBGN0038292	0	0	0	0	0	2
FBGN0038343	0	0	0	0	0	0
FBGN0039091	0	0	0	0	0	0
FBGN0051516	0	0	0	0	0	0
FBGN0001296	1	0	0	0	0	0
FBGN0286507	0	0	0	0	0	0
FBGN0039816	0	0	1	0	0	0
FBGN0038819	0	0	0	0	0	0
FBGN0086253	137	122	124	145	184	172
FBGN0039464	13	21	26	8	9	20
FBGN0038640	46	56	29	54	62	65
FBGN0039178	0	22	3	3	3	3
FBGN0243512	45	54	23	43	75	80
FBGN0041105	0	0	0	0	0	0
FBGN0039019	101	112	72	158	174	181
FBGN0039170	2	2	4	7	0	1
FBGN0039017	27	29	19	18	18	10
FBGN0051538	1	0	0	0	1	2
FBGN0037878	119	127	108	181	256	198
FBGN0037465	60	61	62	85	115	116
FBGN0038371	15	21	13	14	19	6
FBGN0039726	39	48	42	54	68	88
FBGN0039833	0	0	0	0	0	0
FBGN0037372	72	69	69	137	159	173
FBGN0051249	39	64	22	35	57	76
FBGN0005649	316	214	251	344	489	487
FBGN0027338	576	345	494	670	1104	959
FBGN0011020	75	71	72	86	127	133
FBGN0039420	0	0	0	0	0	0
FBGN0045443	0	0	0	0	0	0
FBGN0038619	14	17	13	10	21	23
FBGN0266418	74	89	47	87	135	121
FBGN0002622	1726	1652	1646	1831	2503	2795
FBGN0259990	17	5	13	15	15	15
FBGN0004842	0	0	0	0	0	0
FBGN0011225	524	627	415	707	1155	1101
FBGN0261837	73	96	52	77	93	91
FBGN0037239	32	27	23	24	70	44
FBGN0026400	67	96	42	36	113	68
FBGN0260634	59	70	45	71	122	114
FBGN0038437	12	8	5	22	14	44
FBGN0051205	0	0	0	0	0	0
FBGN0014879	444	398	432	489	501	538
FBGN0038484	0	0	0	0	0	0
FBGN0051016	0	0	0	0	0	0
FBGN0086917	0	0	0	0	0	0
FBGN0003002	17	43	28	47	63	49
FBGN0037429	0	0	0	0	0	0
FBGN0038973	0	0	0	0	0	0
FBGN0037678	3	11	0	0	0	0
FBGN0000032	30	38	30	78	107	89
FBGN0038071	238	257	139	287	378	385
FBGN0038326	63	33	61	101	133	138
FBGN0028396	5	20	18	17	4	9
FBGN0003482	0	0	6	7	1	5
FBGN0003889	0	9	0	0	1	4
FBGN0250831	0	0	0	0	0	0
FBGN0028968	340	302	331	506	791	683
FBGN0038309	0	0	0	0	0	0
FBGN0038252	0	0	0	0	0	0
FBGN0262024	0	0	2	0	0	0
FBGN0038723	88	113	92	143	180	152
FBGN0038766	11	4	6	7	7	14
FBGN0261380	71	51	56	78	102	99
FBGN0051525	0	0	0	0	0	0
FBGN0037855	51	40	40	46	59	57
FBGN0004780	0	0	0	0	0	0
FBGN0261649	80	78	69	72	124	96
FBGN0000278	0	0	0	0	0	0
FBGN0039859	7	0	13	3	15	8
FBGN0051231	0	0	0	0	0	2
FBGN0039530	0	0	0	0	0	0
FBGN0051431	0	0	0	0	0	0
FBGN0038706	0	0	0	0	0	0
FBGN0038146	183	125	129	164	198	249
FBGN0037743	9	27	15	18	31	42
FBGN0263863	62	76	55	92	145	118
FBGN0024558	28	51	41	52	106	75
FBGN0083949	0	0	0	0	0	0
FBGN0005696	59	48	58	77	77	101
FBGN0039520	0	0	0	0	0	0
FBGN0011774	41	25	17	25	52	32
FBGN0037633	56	22	29	42	55	66
FBGN0027578	0	15	1	2	2	1
FBGN0039469	0	0	0	0	0	0
FBGN0015795	176	133	135	208	227	278
FBGN0039020	25	4	15	14	24	17
FBGN0058198	0	0	1	0	0	0
FBGN0039430	2	6	2	12	7	16
FBGN0260942	12	4	10	6	6	16
FBGN0038880	0	0	0	0	0	0
FBGN0013812	0	0	6	2	3	6
FBGN0039068	11	8	12	6	20	17
FBGN0038774	0	0	0	0	1	0
FBGN0051064	35	29	25	32	60	43
FBGN0000723	133	141	126	201	265	262
FBGN0263979	497	465	429	603	811	884
FBGN0263738	8	25	8	14	16	26
FBGN0039585	0	0	0	0	0	0
FBGN0259222	0	0	2	1	0	0
FBGN0039226	0	6	8	1	13	17
FBGN0261434	0	0	0	0	0	0
FBGN0003334	39	71	63	96	146	103
FBGN0039297	0	0	0	0	0	2
FBGN0039688	115	75	106	141	168	158
FBGN0038332	31	12	19	21	19	34
FBGN0085405	19	30	15	33	34	13
FBGN0038568	0	0	0	0	0	0
FBGN0039444	0	0	0	0	0	0
FBGN0285911	81	90	69	82	83	105
FBGN0038454	30	17	21	27	44	27
FBGN0038984	106	109	76	119	172	167
FBGN0038839	0	0	0	0	0	0
FBGN0041186	53	48	53	104	105	69
FBGN0051139	0	0	0	0	1	0
FBGN0011273	0	0	0	0	0	0
FBGN0038273	5	4	2	9	2	5
FBGN0038183	93	94	101	122	102	152
FBGN0042213	5	7	6	15	20	17
FBGN0039038	0	0	0	0	0	0
FBGN0037736	0	0	1	0	0	0
FBGN0051146	1	2	1	9	4	4
FBGN0039482	3	4	8	0	2	3
FBGN0039051	0	0	0	0	0	0
FBGN0027494	0	0	0	0	0	1
FBGN0037960	102	119	61	113	168	159
FBGN0039440	0	0	0	0	0	0
FBGN0037464	0	0	0	0	0	0
FBGN0039486	0	0	0	0	0	4
FBGN0038630	0	0	0	0	0	0
FBGN0263621	0	0	0	0	0	0
FBGN0038381	43	72	76	61	144	130
FBGN0039244	162	78	68	139	272	245
FBGN0086359	22	20	22	43	50	45
FBGN0026576	18	15	24	11	24	22
FBGN0037634	28	16	27	34	49	36
FBGN0263025	3	6	4	3	7	8
FBGN0038653	0	0	2	0	0	0
FBGN0037421	0	0	0	0	0	0
FBGN0024326	64	56	66	65	95	117
FBGN0010403	0	0	0	0	0	0
FBGN0039628	0	0	0	0	0	0
FBGN0037561	36	53	39	38	60	55
FBGN0003227	24	42	23	39	48	76
FBGN0038610	225	251	149	309	628	469
FBGN0037571	0	0	0	0	0	0
FBGN0041711	21	9	35	23	20	36
FBGN0039597	0	0	0	0	0	0
FBGN0038189	0	0	0	0	0	0
FBGN0037576	0	0	0	0	0	0
FBGN0010039	4	0	1	79	102	115
FBGN0037533	602	660	497	952	1391	1260
FBGN0037801	0	8	6	10	2	0
FBGN0266539	4	0	11	12	5	15
FBGN0037379	61	46	50	59	94	80
FBGN0038376	43	76	78	74	122	99
FBGN0019936	343	412	340	513	725	805
FBGN0266917	255	309	250	299	389	344
FBGN0038763	9	7	7	14	16	16
FBGN0026314	0	0	0	3	0	0
FBGN0039294	2	0	0	4	3	4
FBGN0053547	0	0	0	0	0	0
FBGN0038853	37	52	34	52	77	86
FBGN0037999	6	8	28	21	29	20
FBGN0261714	0	0	0	0	0	0
FBGN0038808	47	42	22	59	66	66
FBGN0037877	27	10	13	29	13	25
FBGN0261680	0	0	0	0	0	0
FBGN0038673	42	52	31	54	55	60
FBGN0261575	0	0	0	0	2	0
FBGN0001215	642	548	638	743	917	1003
FBGN0051281	0	0	0	0	0	0
FBGN0027378	77	104	64	106	142	134
FBGN0003720	0	0	0	0	0	0
FBGN0051439	1	0	0	58	12	2367
FBGN0000147	74	49	49	71	101	81
FBGN0039112	81	49	58	87	100	113
FBGN0039629	0	0	0	0	0	5
FBGN0017577	332	264	275	356	482	530
FBGN0037469	27	6	3	15	11	9
FBGN0003870	191	195	197	292	466	455
FBGN0265201	0	0	0	0	0	0
FBGN0037431	0	0	0	0	0	0
FBGN0039086	0	0	0	0	0	0
FBGN0051014	0	0	0	0	0	0
FBGN0010877	53	59	80	79	97	128
FBGN0038315	0	0	0	0	0	0
FBGN0039501	1	7	0	0	1	0
FBGN0262899	0	0	0	0	0	0
FBGN0000063	35	4	37	42	49	42
FBGN0020647	43	30	33	69	111	86
FBGN0051436	2	0	0	0	0	4
FBGN0053093	0	0	0	0	0	0
FBGN0038272	95	33	61	96	116	126
FBGN0038225	0	0	0	0	0	0
FBGN0038218	0	0	0	0	0	0
FBGN0024329	140	110	155	165	268	228
FBGN0002962	0	0	0	0	0	0
FBGN0000303	0	0	0	0	0	0
FBGN0027841	87	55	92	114	196	184
FBGN0039329	4	1	5	17	14	26
FBGN0039260	77	98	70	60	79	94
FBGN0039249	3	1	1	1	7	2
FBGN0051414	3	4	1	2	12	1
FBGN0051176	0	0	0	6	6	9
FBGN0262538	0	0	0	0	0	0
FBGN0003011	0	0	0	0	0	0
FBGN0039564	0	0	0	0	1	0
FBGN0037899	117	187	148	139	191	235
FBGN0038063	0	0	0	0	0	0
FBGN0037993	0	0	0	0	0	0
FBGN0038806	48	38	36	22	52	46
FBGN0024841	38	32	29	27	51	40
FBGN0015589	65	33	72	83	142	128
FBGN0053099	0	0	0	8	12	22
FBGN0039471	0	2	0	0	0	0
FBGN0027598	69	101	31	110	130	146
FBGN0083963	0	0	0	0	0	0
FBGN0286828	26	11	27	52	64	68
FBGN0051549	73	65	59	55	56	58
FBGN0039427	11	13	29	33	32	32
FBGN0004652	146	75	169	73	131	165
FBGN0039836	4	10	9	7	11	12
FBGN0039676	0	0	0	0	0	0
FBGN0067628	7	6	6	15	18	35
FBGN0039611	0	0	0	0	2	1
FBGN0038750	0	0	0	0	0	1
FBGN0026207	207	168	171	245	351	305
FBGN0041225	0	0	0	0	0	0
FBGN0039551	0	0	0	0	0	0
FBGN0038115	14	25	24	34	50	34
FBGN0051343	0	0	0	0	0	0
FBGN0039710	92	40	53	94	137	110
FBGN0261262	0	0	1	0	0	0
FBGN0028471	72	66	56	74	87	92
FBGN0028984	320	218	254	445	756	730
FBGN0263750	0	0	0	0	0	0
FBGN0039132	32	16	27	33	53	60
FBGN0243586	0	0	0	0	0	0
FBGN0037409	3	1	7	4	7	10
FBGN0038593	26	51	38	50	62	55
FBGN0014931	1	0	3	0	0	0
FBGN0037405	0	0	0	0	0	0
FBGN0086687	470	403	503	554	804	764
FBGN0039332	0	0	1	0	0	0
FBGN0005659	0	12	4	2	9	5
FBGN0014863	0	0	0	0	0	0
FBGN0038579	0	0	0	0	0	0
FBGN0038280	0	0	0	0	0	0
FBGN0051546	0	0	0	0	0	0
FBGN0037317	29	11	17	33	44	39
FBGN0037924	96	42	78	105	131	123
FBGN0013278	0	0	0	0	0	0
FBGN0000206	0	0	0	0	0	0
FBGN0051524	0	0	0	0	0	0
FBGN0038300	51	40	40	81	88	73
FBGN0027524	104	88	94	120	168	144
FBGN0010041	0	0	0	0	0	0
FBGN0038213	0	0	0	0	0	0
FBGN0015765	6	4	8	11	15	8
FBGN0086371	84	100	63	78	98	100
FBGN0039228	0	0	0	0	0	0
FBGN0011289	89	50	91	94	134	125
FBGN0037724	6	39	10	4	0	0
FBGN0270927	96	59	58	116	117	117
FBGN0039049	59	34	63	78	101	79
FBGN0037385	0	0	0	0	0	0
FBGN0038930	0	0	0	0	0	0
FBGN0037255	223	185	174	204	343	299
FBGN0004237	1015	871	812	1083	1533	1431
FBGN0051472	46	54	71	90	123	88
FBGN0038626	0	0	0	0	0	0
FBGN0039124	0	0	0	0	0	0
FBGN0051216	11	2	11	3	13	9
FBGN0037573	213	162	223	322	481	462
FBGN0037556	29	42	37	43	68	55
FBGN0037574	4	1	11	21	7	7
FBGN0002578	0	0	0	2	0	147
FBGN0051030	0	0	0	0	0	0
FBGN0261641	305	419	269	335	466	403
FBGN0262871	57	59	75	72	123	86
FBGN0038168	54	39	58	64	101	85
FBGN0039759	2	0	4	3	3	4
FBGN0039654	113	152	72	77	152	156
FBGN0262613	0	0	0	0	0	0
FBGN0039532	25	4	38	24	28	27
FBGN0027518	13	16	20	31	56	34
FBGN0037750	0	0	0	0	0	0
FBGN0010772	51	20	48	40	95	47
FBGN0038945	0	0	0	0	0	0
FBGN0024833	87	60	75	74	139	112
FBGN0037922	8	28	17	16	31	38
FBGN0025680	0	0	0	0	0	0
FBGN0037539	6	5	9	20	22	21
FBGN0266719	53	28	34	86	81	99
FBGN0039277	0	0	0	0	1	0
FBGN0039421	0	0	0	0	0	0
FBGN0266177	0	0	0	0	0	0
FBGN0043455	15	22	19	55	68	63
FBGN0003567	198	225	193	265	372	306
FBGN0261291	0	0	0	0	0	0
FBGN0039674	9	32	25	34	43	44
FBGN0038915	0	0	0	0	0	0
FBGN0039818	0	0	0	0	0	4
FBGN0038286	72	42	51	86	150	142
FBGN0263597	0	0	0	0	0	0
FBGN0010113	610	375	587	635	945	960
FBGN0037298	70	43	62	61	98	78
FBGN0051220	0	0	0	0	0	0
FBGN0040687	0	0	0	0	0	0
FBGN0039163	123	116	81	92	175	155
FBGN0260741	7	9	13	14	21	16
FBGN0026059	111	113	75	114	180	170
FBGN0051300	0	0	0	0	0	0
FBGN0051406	0	0	0	0	0	0
FBGN0045843	0	0	0	0	0	0
FBGN0051459	0	0	0	0	0	0
FBGN0051368	273	180	184	237	318	393
FBGN0266673	142	97	99	130	168	136
FBGN0010313	45	30	30	45	111	71
FBGN0262587	0	12	5	2	4	0
FBGN0038355	0	0	0	0	0	0
FBGN0037460	0	0	0	0	0	0
FBGN0085307	0	0	0	0	0	0
FBGN0039182	227	176	209	266	278	341
FBGN0038339	8	0	0	3	4	0
FBGN0040257	0	2	0	0	0	0
FBGN0039378	0	0	0	0	0	0
FBGN0051370	0	0	0	1	0	0
FBGN0083950	0	0	5	0	0	0
FBGN0011668	0	0	0	0	0	0
FBGN0265083	18	3	9	2	6	5
FBGN0038108	224	184	174	276	459	423
FBGN0037827	0	0	0	0	0	0
FBGN0015622	379	457	315	434	825	769
FBGN0037662	0	0	0	0	0	0
FBGN0037879	0	0	0	0	0	0
FBGN0038857	49	61	41	81	54	60
FBGN0051388	7	5	5	2	11	1
FBGN0038100	27	26	37	37	46	45
FBGN0039175	221	180	162	233	294	298
FBGN0039120	487	489	422	570	814	796
FBGN0262023	0	7	11	0	1	0
FBGN0039722	0	0	0	0	0	0
FBGN0266443	0	0	0	0	0	0
FBGN0013767	0	0	0	0	0	0
FBGN0038401	3	0	1	3	5	10
FBGN0086695	21	2	30	20	35	38
FBGN0037760	163	179	186	246	362	339
FBGN0262541	0	0	0	0	0	0
FBGN0038274	132	85	104	142	162	179
FBGN0003510	1	0	1	0	0	0
FBGN0004573	0	0	0	0	0	0
FBGN0001180	0	0	0	0	2	1
FBGN0038206	41	24	17	40	76	51
FBGN0010222	59	20	49	59	88	107
FBGN0027583	23	27	16	30	46	61
FBGN0266721	1	0	1	0	0	0
FBGN0038744	0	0	0	0	1	1
FBGN0011474	82	123	93	165	235	221
FBGN0038917	11	1	8	5	10	7
FBGN0038239	1	23	1	0	0	0
FBGN0083967	12	9	8	5	23	23
FBGN0039830	662	569	526	724	1114	1004
FBGN0039404	49	44	38	32	55	61
FBGN0040588	0	0	0	0	0	0
FBGN0039125	169	120	152	230	288	232
FBGN0038632	40	11	50	32	35	53
FBGN0267648	0	0	0	0	0	0
FBGN0086372	148	112	124	208	257	253
FBGN0043069	0	0	0	0	0	0
FBGN0028684	339	294	238	352	594	546
FBGN0051207	0	0	0	0	0	0
FBGN0066101	65	107	66	68	106	133
FBGN0283535	119	170	117	127	178	154
FBGN0037261	167	118	156	124	203	212
FBGN0039576	0	0	0	0	0	0
FBGN0039190	0	0	0	0	0	0
FBGN0284226	6	3	1	1	3	8
FBGN0000071	372	354	376	516	655	598
FBGN0037632	1054	885	956	1306	1778	1803
FBGN0039630	0	0	0	2	4	2
FBGN0037498	1	0	0	0	0	0
FBGN0039126	8	13	13	8	22	24
FBGN0039092	0	0	0	0	0	0
FBGN0038474	52	22	41	50	55	50
FBGN0022338	60	37	51	90	107	105
FBGN0286977	0	0	0	0	0	0
FBGN0039707	0	0	0	0	0	0
FBGN0038170	0	0	0	0	0	0
FBGN0037860	0	0	0	0	0	0
FBGN0039666	0	0	0	0	0	0
FBGN0260990	35	113	24	50	98	69
FBGN0052855	0	0	0	0	0	0
FBGN0001230	11	22	7	17	13	194
FBGN0039296	11	12	25	21	39	16
FBGN0285938	0	0	0	0	0	0
FBGN0039022	0	0	1	10	0	0
FBGN0086134	268	290	224	282	452	460
FBGN0038005	0	0	0	0	0	0
FBGN0039711	17	22	18	26	14	30
FBGN0085330	0	0	0	0	0	0
FBGN0028671	173	139	157	179	206	232
FBGN0051323	0	0	0	0	0	0
FBGN0039839	0	0	0	0	0	0
FBGN0037652	149	94	123	126	218	182
FBGN0085438	0	0	0	0	0	0
FBGN0037763	0	0	0	0	0	0
FBGN0264829	0	0	0	0	0	0
FBGN0082831	121	156	111	129	221	193
FBGN0037646	2	0	0	1	2	0
FBGN0037622	58	104	43	91	54	84
FBGN0038700	0	0	0	0	0	0
FBGN0038585	122	108	104	114	167	177
FBGN0038453	63	85	69	85	132	151
FBGN0040259	144	70	96	195	190	164
FBGN0039136	32	16	23	35	66	54
FBGN0263041	0	0	0	0	0	0
FBGN0266756	266	271	273	309	412	416
FBGN0038965	56	46	38	52	94	49
FBGN0051515	0	0	0	0	0	0
FBGN0038666	93	52	80	91	201	147
FBGN0039735	222	267	177	260	263	233
FBGN0038319	40	13	20	47	46	62
FBGN0039873	0	0	0	0	0	0
FBGN0038125	0	0	0	0	0	0
FBGN0039639	2	10	10	19	14	13
FBGN0266465	103	87	61	93	166	133
FBGN0037619	1	0	3	2	6	5
FBGN0039783	0	0	0	0	0	0
FBGN0038564	22	8	11	15	23	30
FBGN0038056	3	10	3	4	5	4
FBGN0015571	10	2	11	12	9	9
FBGN0039454	0	0	0	0	0	7
FBGN0037312	45	59	50	79	113	130
FBGN0038682	4	6	5	7	20	13
FBGN0039079	0	0	0	0	0	0
FBGN0039683	1	0	1	0	0	0
FBGN0038181	1	0	0	0	2	0
FBGN0042207	0	0	0	0	0	0
FBGN0039648	0	0	0	0	0	0
FBGN0037341	8	4	10	10	22	13
FBGN0026417	11	4	7	28	31	34
FBGN0039205	0	1	0	6	7	9
FBGN0000166	0	0	0	0	0	0
FBGN0000576	72	63	62	115	176	152
FBGN0037777	7	9	10	8	17	8
FBGN0037470	160	141	124	193	212	267
FBGN0039568	0	0	0	0	0	0
FBGN0010421	82	83	57	74	102	110
FBGN0003375	11	215	4	9	1	4
FBGN0037888	0	0	0	0	0	0
FBGN0039258	26	24	22	31	53	24
FBGN0038889	21	41	18	32	26	18
FBGN0038304	35	30	29	27	61	57
FBGN0086472	410	556	368	552	832	712
FBGN0037295	1	7	1	0	2	0
FBGN0039141	13	22	21	27	32	30
FBGN0037875	41	28	37	67	149	99
FBGN0262537	0	0	0	0	0	0
FBGN0086608	5	13	4	8	7	7
FBGN0038007	0	0	1	0	0	0
FBGN0012344	0	0	2	0	0	0
FBGN0038296	16	4	10	11	16	8
FBGN0039199	0	0	0	0	0	0
FBGN0039487	11	16	7	6	35	16
FBGN0037422	0	0	0	0	0	0
FBGN0051559	4	8	3	7	10	11
FBGN0038157	0	0	0	0	0	0
FBGN0038680	3	0	5	0	0	3
FBGN0038647	0	0	3	0	0	0
FBGN0039642	120	146	107	73	84	94
FBGN0267650	0	0	0	0	0	0
FBGN0053110	0	0	0	0	2	0
FBGN0039799	0	0	0	0	0	0
FBGN0263316	0	2	5	7	9	14
FBGN0037630	0	0	0	4	1	1
FBGN0040684	0	0	0	0	0	0
FBGN0015520	34	52	55	58	70	79
FBGN0038548	6	30	5	5	9	4
FBGN0015270	39	20	27	52	55	78
FBGN0039760	0	0	0	0	0	7
FBGN0039640	0	0	4	2	2	0
FBGN0038536	88	63	61	98	185	205
FBGN0003248	0	0	0	0	0	0
FBGN0038266	0	0	0	0	0	0
FBGN0039667	0	0	0	0	0	0
FBGN0262873	0	0	0	0	0	0
FBGN0015778	930	860	809	1023	1699	1861
FBGN0038073	0	0	0	0	0	0
FBGN0038133	0	0	0	0	0	0
FBGN0000094	0	0	0	0	0	0
FBGN0260969	0	0	0	0	0	0
FBGN0003312	2	0	0	2	0	5
FBGN0038827	136	62	105	124	158	174
FBGN0039156	40	16	39	55	61	45
FBGN0038755	25	14	18	29	38	40
FBGN0037979	62	28	48	49	50	86
FBGN0038049	95	70	78	109	136	144
FBGN0038258	0	0	0	0	0	0
FBGN0038860	7	14	14	14	22	24
FBGN0015591	0	0	0	0	0	0
FBGN0039743	247	233	214	231	293	351
FBGN0037661	18	11	16	9	8	9
FBGN0051423	0	0	0	0	0	0
FBGN0039617	0	0	0	0	0	0
FBGN0000014	0	3	0	5	1	2
FBGN0040532	0	0	4	1	4	0
FBGN0038294	0	1	0	1	0	1
FBGN0000276	0	0	0	0	0	0
FBGN0086378	123	129	91	130	141	144
FBGN0051245	0	0	0	0	0	0
FBGN0040600	0	0	0	0	0	1
FBGN0039033	0	0	0	0	0	0
FBGN0038334	0	0	0	0	0	0
FBGN0004855	64	55	58	65	118	124
FBGN0039274	49	48	48	54	106	90
FBGN0039246	0	0	0	0	0	0
FBGN0038065	52	83	65	65	130	75
FBGN0265317	0	0	0	0	0	0
FBGN0038353	0	8	1	4	5	27
FBGN0261988	49	25	58	44	133	117
FBGN0015576	2	0	2	0	0	0
FBGN0037660	58	45	49	66	66	91
FBGN0010750	85	79	79	112	169	152
FBGN0267376	15	22	14	7	30	12
FBGN0039403	26	24	50	30	38	40
FBGN0037540	24	18	15	29	23	48
FBGN0053494	2	0	0	0	0	1
FBGN0037428	0	0	0	0	0	0
FBGN0051183	0	0	0	0	0	0
FBGN0015513	118	110	103	199	179	232
FBGN0005585	3964	3739	3163	5566	7470	7683
FBGN0085334	2	6	1	6	3	7
FBGN0038009	3	0	1	3	5	2
FBGN0037591	0	0	0	0	0	0
FBGN0265998	107	100	109	178	265	250
FBGN0262527	147	181	141	179	249	264
FBGN0038567	0	0	0	0	0	0
FBGN0039088	0	0	0	0	0	0
FBGN0038092	0	0	0	0	0	0
FBGN0039053	0	0	0	0	0	0
FBGN0037413	0	0	0	0	0	0
FBGN0038617	2	5	4	1	26	20
FBGN0004575	0	0	1	0	0	0
FBGN0008646	30	21	12	13	41	17
FBGN0261704	0	0	0	0	0	0
FBGN0039167	3	0	1	1	4	4
FBGN0039229	402	376	311	448	621	714
FBGN0037244	31	43	29	36	46	56
FBGN0037935	0	0	0	0	0	0
FBGN0037263	1	0	1	1	0	2
FBGN0262869	0	0	0	0	0	0
FBGN0261995	30	59	35	20	31	31
FBGN0040565	2	10	0	0	0	0
FBGN0259731	2	0	0	2	0	1
FBGN0037359	45	50	42	42	80	92
FBGN0037443	18	23	42	55	78	85
FBGN0038727	9	10	8	11	14	10
FBGN0051547	1	0	1	0	0	1
FBGN0039877	179	142	109	212	248	248
FBGN0069242	23	6	13	30	28	23
FBGN0004783	0	0	0	0	0	0
FBGN0037716	38	34	34	47	43	34
FBGN0263117	0	0	0	0	0	0
FBGN0039768	0	0	0	0	0	0
FBGN0039696	25	16	39	59	70	87
FBGN0039673	0	0	0	0	0	0
FBGN0038166	25	17	24	18	49	29
FBGN0051391	0	0	0	0	0	0
FBGN0038926	0	0	1	0	0	0
FBGN0263236	148	197	72	294	459	332
FBGN0039379	89	75	77	105	131	163
FBGN0263047	3	4	13	9	3	13
FBGN0010926	152	147	189	169	220	259
FBGN0038201	0	0	0	0	0	0
FBGN0039782	0	0	0	0	0	0
FBGN0038109	0	0	0	0	0	0
FBGN0266722	14	1	3	13	17	22
FBGN0037356	13	11	15	10	22	33
FBGN0039152	1	0	0	3	0	0
FBGN0039857	1497	1186	1287	1510	2472	2537
FBGN0039529	0	0	0	1	1	0
FBGN0260466	0	0	0	0	0	0
FBGN0037696	36	18	35	64	49	61
FBGN0038153	0	0	0	0	0	0
FBGN0038527	0	0	0	0	0	0
FBGN0038143	0	0	0	1	0	0
FBGN0064912	0	0	0	0	0	0
FBGN0051344	8	9	8	15	21	22
FBGN0038531	0	0	0	0	0	0
FBGN0038197	32	60	33	48	85	90
FBGN0039203	0	0	0	0	2	0
FBGN0285925	470	446	507	666	902	760
FBGN0037686	600	713	544	678	992	1005
FBGN0039820	0	0	0	0	0	0
FBGN0025879	6	5	7	3	8	6
FBGN0039757	878	913	811	1090	1736	1626
FBGN0040571	0	0	0	0	0	0
FBGN0259721	14	8	9	9	11	1
FBGN0038838	0	0	0	0	0	0
FBGN0053631	0	0	0	0	0	0
FBGN0011282	0	0	0	0	0	0
FBGN0039528	44	34	26	59	89	78
FBGN0038524	13	5	5	5	12	9
FBGN0051118	0	0	0	0	0	0
FBGN0038418	39	10	23	39	51	36
FBGN0039476	0	1	0	1	0	0
FBGN0040575	11	8	5	9	14	2
FBGN0051131	0	0	0	0	0	0
FBGN0039183	210	212	215	233	366	298
FBGN0265271	0	0	0	0	0	0
FBGN0039796	0	0	0	0	0	0
FBGN0038733	0	0	0	0	0	0
FBGN0028647	33	21	21	37	44	24
FBGN0038693	0	0	0	0	0	0
FBGN0266411	327	283	264	433	671	685
FBGN0263231	908	805	826	1108	1388	1571
FBGN0085413	0	0	0	0	0	0
FBGN0039459	13	17	13	11	15	24
FBGN0053721	0	0	0	0	0	0
FBGN0051065	0	0	0	0	0	0
FBGN0263983	0	0	0	0	0	0
FBGN0037549	238	204	200	237	288	332
FBGN0267337	133	145	123	122	234	218
FBGN0039380	0	0	0	0	0	0
FBGN0000283	527	528	528	628	763	769
FBGN0038676	15	6	6	9	10	6
FBGN0038345	0	0	0	0	0	0
FBGN0038431	0	0	0	6	0	34
FBGN0038485	0	4	1	0	0	2
FBGN0039488	42	61	31	48	34	64
FBGN0038113	0	0	0	0	0	0
FBGN0038491	8	1	5	7	10	15
FBGN0243511	121	132	107	132	213	214
FBGN0038892	0	0	0	0	0	0
FBGN0027526	38	48	58	58	89	96
FBGN0003118	40	36	38	60	96	77
FBGN0001077	0	0	0	0	0	0
FBGN0051244	0	0	0	0	0	0
FBGN0037518	0	0	0	2	9	10
FBGN0004359	21	34	15	33	44	39
FBGN0039622	0	0	0	0	0	1
FBGN0037447	0	0	0	2	0	0
FBGN0011768	353	367	295	406	592	556
FBGN0051313	0	0	1	4	0	2
FBGN0038578	103	35	75	108	158	105
FBGN0037834	373	312	272	418	518	579
FBGN0039744	0	0	0	1	0	0
FBGN0051453	248	185	139	243	347	375
FBGN0038603	57	53	53	53	144	115
FBGN0038830	48	62	53	65	124	103
FBGN0020280	0	0	0	0	0	0
FBGN0051363	187	206	214	274	362	357
FBGN0039473	0	0	0	0	0	0
FBGN0266538	4	4	1	2	3	2
FBGN0038068	0	0	0	0	0	0
FBGN0266672	71	32	63	99	90	133
FBGN0038545	104	56	62	77	150	120
FBGN0037519	0	0	0	0	0	0
FBGN0287225	133	98	97	93	160	199
FBGN0051266	0	0	0	0	0	0
FBGN0015402	33	42	19	39	51	35
FBGN0038788	17	9	4	20	41	19
FBGN0003525	73	89	74	129	181	163
FBGN0259823	0	0	0	0	2	0
FBGN0264740	0	0	0	0	0	0
FBGN0039521	0	0	0	0	0	0
FBGN0039737	213	147	254	310	488	424
FBGN0037529	87	73	64	82	104	107
FBGN0051097	0	0	0	0	0	0
FBGN0037728	440	488	327	429	463	528
FBGN0039802	103	85	54	115	170	184
FBGN0038240	0	0	0	0	0	0
FBGN0038147	0	0	0	0	0	0
FBGN0286874	0	0	0	0	0	0
FBGN0039266	4	6	3	5	12	15
FBGN0051262	0	0	3	0	8	10
FBGN0026315	1	1	1	3	1	0
FBGN0038547	0	0	0	1	2	4
FBGN0043900	78	53	83	114	131	138
FBGN0038606	0	0	0	0	0	0
FBGN0037978	28	4	14	39	43	50
FBGN0038810	169	216	150	266	368	402
FBGN0046887	0	0	0	0	0	0
FBGN0052945	0	0	0	0	0	0
FBGN0038269	137	133	137	189	244	231
FBGN0039714	13	4	10	24	34	37
FBGN0037410	5	0	4	5	6	7
FBGN0020399	0	0	0	0	0	0
FBGN0051361	0	0	0	3	1	0
FBGN0039023	0	1	0	0	0	0
FBGN0037637	33	23	34	61	59	50
FBGN0000158	0	0	0	1	0	0
FBGN0085318	0	0	0	0	0	0
FBGN0039207	64	63	61	80	148	147
FBGN0266801	7	3	1	19	15	8
FBGN0038732	0	0	0	0	0	0
FBGN0039861	41	19	18	32	42	40
FBGN0039180	0	0	0	0	0	0
FBGN0039238	3	0	3	10	1	2
FBGN0038655	0	0	0	0	0	0
FBGN0038016	167	172	116	210	219	267
FBGN0037364	20	24	21	13	39	16
FBGN0037884	27	13	24	32	54	53
FBGN0262009	0	0	0	0	0	0
FBGN0250845	0	0	0	0	0	0
FBGN0264907	0	0	0	1	0	0
FBGN0039752	0	0	0	0	0	0
FBGN0038236	0	0	0	0	0	0
FBGN0038139	0	0	0	0	0	0
FBGN0029155	63	33	59	33	77	79
FBGN0085329	0	0	0	0	0	0
FBGN0004173	0	0	0	0	0	0
FBGN0051347	0	0	0	0	0	0
FBGN0037377	102	56	88	124	141	161
FBGN0037482	41	12	21	28	46	45
FBGN0015279	78	54	63	85	154	122
FBGN0039809	0	0	0	0	0	0
FBGN0051357	73	85	68	105	149	115
FBGN0037601	0	0	0	0	0	0
FBGN0265158	0	0	0	0	0	0
FBGN0051198	0	0	0	0	0	0
FBGN0039328	18	10	15	29	45	29
FBGN0037411	0	0	0	0	0	0
FBGN0039863	184	149	192	263	371	288
FBGN0086362	20	38	27	37	66	58
FBGN0016650	0	0	0	0	0	0
FBGN0038186	0	0	0	0	0	0
FBGN0039765	22	37	28	60	82	87
FBGN0002863	0	0	0	0	0	0
FBGN0038595	0	0	0	0	2	0
FBGN0038581	18	8	5	19	30	24
FBGN0038803	23	15	21	13	27	19
FBGN0087005	0	0	0	0	1	0
FBGN0039691	43	54	58	82	101	94
FBGN0027889	118	98	114	149	232	207
FBGN0039732	34	39	15	31	48	40
FBGN0262801	132	122	113	187	245	220
FBGN0037807	1	3	2	0	0	2
FBGN0038079	4	9	0	1	1	6
FBGN0263024	0	0	0	0	0	0
FBGN0010042	0	0	0	0	0	0
FBGN0263353	1	0	0	0	0	2
FBGN0260243	48	45	39	33	33	29
FBGN0039694	0	0	0	0	0	0
FBGN0051145	0	0	4	1	2	0
FBGN0039848	0	0	0	0	0	0
FBGN0053773	0	0	0	0	0	0
FBGN0051248	0	0	0	0	0	0
FBGN0087021	45	80	62	51	64	41
FBGN0037934	0	0	0	0	0	0
FBGN0037998	73	62	72	74	120	123
FBGN0263402	0	0	0	0	0	0
FBGN0039010	0	0	0	0	0	0
FBGN0038034	1	0	0	0	0	1
FBGN0015240	15	15	15	6	15	16
FBGN0038470	24	34	17	24	27	38
FBGN0069923	270	230	121	189	98	157
FBGN0002772	1	15	0	1	1	4
FBGN0038110	90	123	90	136	179	183
FBGN0003267	0	0	1	0	0	0
FBGN0285963	233	181	257	275	404	366
FBGN0259237	0	0	0	0	0	0
FBGN0083965	0	0	0	0	0	0
FBGN0038725	5	0	3	0	1	0
FBGN0260463	0	0	0	0	1	1
FBGN0016123	0	0	0	0	0	0
FBGN0038695	0	1	0	4	0	1
FBGN0037602	5	10	8	13	11	16
FBGN0037841	2	0	0	6	1	0
FBGN0038006	0	0	1	0	0	0
FBGN0053329	0	0	0	3	1	3
FBGN0027376	0	0	0	0	0	0
FBGN0038804	15	24	15	35	54	39
FBGN0039846	32	43	52	61	70	51
FBGN0039050	0	0	0	0	0	0
FBGN0085319	0	0	0	0	0	0
FBGN0085331	0	0	0	0	0	0
FBGN0037326	0	0	0	0	0	0
FBGN0037320	0	0	0	0	0	0
FBGN0037923	6	22	4	7	10	8
FBGN0037812	0	0	0	0	0	0
FBGN0037731	0	0	0	0	0	0
FBGN0003480	0	0	0	0	4	3
FBGN0004395	157	157	134	201	284	289
FBGN0039805	0	0	0	0	0	0
FBGN0000439	0	0	0	0	0	0
FBGN0037853	15	3	6	27	45	31
FBGN0020910	2967	2645	2770	3327	5255	5510
FBGN0053654	0	0	0	0	0	0
FBGN0037547	0	0	1	0	0	0
FBGN0052856	30	19	12	16	27	32
FBGN0037546	0	0	0	0	0	0
FBGN0051005	4	3	10	2	11	7
FBGN0039728	317	266	255	438	699	619
FBGN0086370	4	3	8	5	15	9
FBGN0038123	0	0	0	0	0	0
FBGN0039326	0	0	0	0	0	0
FBGN0267435	1	0	0	0	1	1
FBGN0037288	0	0	0	0	0	0
FBGN0039026	68	90	71	86	114	102
FBGN0037937	0	0	0	0	0	0
FBGN0038862	61	50	45	32	78	71
FBGN0039733	11	14	20	28	59	42
FBGN0015269	53	26	55	56	96	99
FBGN0027785	28	59	36	48	86	87
FBGN0002932	17	6	10	16	31	22
FBGN0038675	26	33	14	18	27	35
FBGN0083953	16	13	17	23	22	22
FBGN0038734	0	0	0	0	0	0
FBGN0085391	0	0	0	0	0	0
FBGN0027497	47	36	35	61	92	105
FBGN0038432	8	22	2	16	24	4
FBGN0086704	0	0	0	0	1	0
FBGN0037972	43	54	30	70	111	134
FBGN0039441	0	0	0	0	0	0
FBGN0039788	0	0	0	1	0	0
FBGN0263757	9	13	27	30	50	41
FBGN0000244	54	41	40	45	98	44
FBGN0038977	0	0	0	0	0	0
FBGN0038205	0	0	0	0	0	0
FBGN0261086	5	0	0	1	0	0
FBGN0053340	0	0	0	0	0	0
FBGN0027865	36	6	42	49	82	60
FBGN0039338	267	199	224	350	403	382
FBGN0267336	4	5	5	12	7	14
FBGN0037313	112	90	90	150	226	193
FBGN0037276	0	0	0	0	0	0
FBGN0259178	35	15	13	9	17	10
FBGN0038127	0	0	0	0	0	0
FBGN0261550	55	56	57	83	87	100
FBGN0039479	21	15	8	23	91	44
FBGN0038577	102	89	85	127	211	162
FBGN0039855	0	0	0	0	0	0
FBGN0040623	87	88	60	95	151	100
FBGN0038250	1	1	1	0	1	1
FBGN0038129	29	32	27	50	54	72
FBGN0037870	0	0	0	0	0	0
FBGN0051550	107	69	77	105	157	140
FBGN0037396	0	15	2	2	4	2
FBGN0038629	42	42	52	41	54	45
FBGN0039113	474	431	364	600	808	758
FBGN0051465	0	0	0	0	0	0
FBGN0015577	0	3	1	0	2	1
FBGN0037856	20	17	20	31	62	43
FBGN0037718	64	73	59	115	180	162
FBGN0038320	211	195	170	242	359	358
FBGN0039864	30	19	40	26	40	28
FBGN0051204	0	0	0	0	0	0
FBGN0037615	0	0	0	0	0	0
FBGN0004841	0	0	0	0	0	0
FBGN0038188	0	0	0	0	0	0
FBGN0038095	0	0	0	0	0	0
FBGN0051072	17	16	6	20	31	32
FBGN0038912	27	9	16	22	35	29
FBGN0001297	117	76	79	109	187	162
FBGN0022981	12	29	12	23	22	43
FBGN0038466	0	0	0	0	0	2
FBGN0038768	128	111	93	84	155	133
FBGN0038235	27	16	16	39	27	22
FBGN0037378	58	43	38	70	76	62
FBGN0051221	0	0	1	0	0	0
FBGN0051191	0	0	0	0	0	0
FBGN0038098	0	0	0	0	0	0
FBGN0040551	22	1	20	31	40	27
FBGN0051294	0	0	0	0	0	0
FBGN0039777	0	0	0	0	0	0
FBGN0039407	52	21	29	52	49	73
FBGN0038826	800	779	609	1129	1459	1216
FBGN0038972	20	12	10	13	4	8
FBGN0038525	0	0	0	0	0	0
FBGN0027950	35	14	19	39	72	91
FBGN0038540	5	0	4	0	1	0
FBGN0266615	0	0	0	0	0	0
FBGN0000492	97	40	77	120	187	161
FBGN0003319	38	26	34	80	135	95
FBGN0024289	0	0	5	0	0	0
FBGN0037772	0	0	0	0	0	0
FBGN0260229	8	4	7	8	12	15
FBGN0038943	1	0	5	4	9	1
FBGN0023178	0	0	0	0	0	0
FBGN0038662	0	0	5	5	7	9
FBGN0038427	77	25	60	82	102	85
FBGN0003882	35	18	43	46	45	47
FBGN0039040	0	0	0	4	0	0
FBGN0259917	0	0	0	0	0	0
FBGN0039634	47	74	46	59	105	76
FBGN0001197	433	389	360	456	547	456
FBGN0026634	45	33	56	50	66	82
FBGN0038438	13	17	9	18	38	35
FBGN0037368	4	21	5	9	4	12
FBGN0261113	146	89	184	138	239	175
FBGN0019940	0	0	0	0	0	0
FBGN0039355	10	3	8	19	11	14
FBGN0039346	0	0	0	0	0	1
FBGN0038038	43	51	32	49	69	84
FBGN0039562	1830	1634	1540	2208	3049	3006
FBGN0261049	31	22	15	30	40	26
FBGN0004618	0	0	0	0	0	0
FBGN0038569	34	37	28	41	66	39
FBGN0037436	0	0	0	0	0	0
FBGN0039045	0	2	0	0	0	1
FBGN0042106	0	0	0	0	0	0
FBGN0002937	0	0	0	0	0	0
FBGN0038961	36	46	44	47	89	67
FBGN0027527	0	0	0	0	0	0
FBGN0038873	0	0	0	0	0	0
FBGN0265048	0	2	2	9	7	5
FBGN0037419	0	0	0	0	0	0
FBGN0038504	32	11	32	44	67	63
FBGN0037835	0	0	0	3	2	0
FBGN0037351	921	820	870	1026	2240	2100
FBGN0003358	0	0	0	0	0	0
FBGN0288835	0	0	0	0	0	0
FBGN0014949	0	0	0	0	0	0
FBGN0264776	0	0	0	0	0	0
FBGN0000504	18	19	14	12	14	14
FBGN0037440	97	56	73	69	99	58
FBGN0016061	0	7	5	7	4	6
FBGN0038498	1	0	0	0	0	0
FBGN0042103	0	0	0	0	0	0
FBGN0051111	21	28	15	39	30	26
FBGN0262588	0	0	0	0	0	0
FBGN0263594	657	563	547	699	812	880
FBGN0051495	15	21	15	23	32	35
FBGN0039713	746	787	592	844	1327	1330
FBGN0037702	88	86	72	113	129	182
FBGN0038422	0	0	1	0	3	0
FBGN0038850	0	0	0	0	0	0
FBGN0039769	0	0	0	0	0	0
FBGN0260744	96	114	81	115	182	174
FBGN0039742	0	0	1	0	4	0
FBGN0038923	14	25	29	19	21	28
FBGN0038967	0	0	0	0	0	1
FBGN0038649	6	10	16	4	21	9
FBGN0037478	48	31	54	68	73	77
FBGN0051296	0	0	0	0	0	0
FBGN0039042	0	0	0	0	0	0
FBGN0037332	29	28	20	20	49	41
FBGN0051133	23	28	9	37	34	35
FBGN0039232	0	0	0	0	0	0
FBGN0039135	18	10	16	32	31	35
FBGN0261261	43	18	38	45	53	68
FBGN0039083	0	0	0	0	0	0
FBGN0038380	0	0	0	0	0	0
FBGN0004878	0	0	2	0	0	1
FBGN0003886	5	0	5	6	8	7
FBGN0259233	1	0	0	0	1	0
FBGN0038858	8	8	10	20	31	22
FBGN0037383	6	13	8	10	11	22
FBGN0020018	38	47	25	34	45	76
FBGN0026064	37	35	23	43	86	74
FBGN0037445	30	33	42	23	53	33
FBGN0038208	0	0	0	0	0	0
FBGN0001217	3	5	2	1	2	1
FBGN0038481	0	0	0	0	0	0
FBGN0038674	0	0	1	0	0	0
FBGN0038659	42	24	44	29	34	32
FBGN0040250	0	0	0	0	0	0
FBGN0039214	308	221	266	320	507	423
FBGN0039797	0	0	0	0	0	0
FBGN0011739	51	52	40	75	90	74
FBGN0266734	0	0	0	0	0	0
FBGN0051161	0	0	0	0	0	0
FBGN0038740	3	0	0	2	2	0
FBGN0037883	5	2	4	6	4	4
FBGN0015572	0	0	0	0	0	0
FBGN0039239	0	10	2	0	0	1
FBGN0038528	0	0	0	0	0	0
FBGN0003885	346	449	312	468	842	717
FBGN0038358	0	0	0	0	0	0
FBGN0035235	45	67	38	81	64	74
FBGN0004574	147	159	146	244	284	275
FBGN0035346	22	32	15	23	55	43
FBGN0036278	0	0	0	0	0	0
FBGN0037061	23	30	38	26	47	51
FBGN0036222	0	0	0	0	0	0
FBGN0036926	1	2	8	2	4	2
FBGN0036873	0	0	0	0	0	0
FBGN0052281	13	5	12	14	12	17
FBGN0035543	0	0	0	0	0	0
FBGN0035839	5	13	4	12	12	15
FBGN0045476	0	0	0	0	0	0
FBGN0264746	7	1	0	0	11	3
FBGN0037087	55	39	36	87	113	104
FBGN0036059	65	40	61	52	97	81
FBGN0011288	0	0	0	0	0	0
FBGN0036595	1	0	3	6	15	6
FBGN0036773	14	22	34	37	50	67
FBGN0035964	84	86	57	121	149	122
FBGN0014848	0	0	0	0	0	0
FBGN0035997	56	107	79	96	155	128
FBGN0264006	0	0	0	0	0	0
FBGN0035620	0	0	0	0	0	0
FBGN0042138	51	69	33	44	74	74
FBGN0052269	0	0	0	0	0	0
FBGN0036806	0	1	2	0	0	0
FBGN0040817	16	12	1	22	25	26
FBGN0020392	311	244	236	313	433	461
FBGN0028980	5	19	8	14	28	26
FBGN0264486	0	0	0	0	0	0
FBGN0026179	55	82	65	76	125	122
FBGN0036442	0	0	0	0	0	0
FBGN0036188	23	25	15	12	15	28
FBGN0035677	0	0	2	0	0	0
FBGN0036439	0	0	0	0	0	0
FBGN0035120	52	59	53	95	91	96
FBGN0262530	0	0	0	0	0	0
FBGN0263108	67	75	80	88	143	138
FBGN0286940	0	0	0	2	4	1
FBGN0019662	19	4	18	29	40	43
FBGN0052448	7	4	3	5	12	2
FBGN0028402	23	38	32	39	48	66
FBGN0052220	0	0	0	0	0	0
FBGN0052053	0	0	0	0	0	0
FBGN0035109	13	1	15	18	11	15
FBGN0035234	0	0	0	0	0	0
FBGN0062517	0	0	0	0	0	0
FBGN0262593	0	0	0	0	0	0
FBGN0264487	0	0	0	0	0	0
FBGN0035286	0	0	0	0	1	0
FBGN0052487	0	0	0	0	0	0
FBGN0036016	0	0	0	0	2	0
FBGN0002526	1281	1103	1320	1972	2515	2533
FBGN0035210	56	21	20	34	47	76
FBGN0036008	21	66	29	28	78	73
FBGN0036781	0	0	2	1	4	1
FBGN0036402	75	79	75	108	173	175
FBGN0020277	0	0	0	0	0	0
FBGN0035630	966	846	784	1063	1278	1406
FBGN0263247	0	0	0	0	0	0
FBGN0260461	0	0	0	0	0	0
FBGN0053263	0	0	0	0	0	0
FBGN0036895	0	0	0	0	0	0
FBGN0036608	0	0	0	0	0	0
FBGN0035943	0	0	0	0	0	0
FBGN0036494	0	0	1	0	0	0
FBGN0028415	0	0	0	0	0	0
FBGN0036376	46	14	50	52	70	54
FBGN0052181	0	0	0	0	0	0
FBGN0036988	18	21	15	22	30	42
FBGN0036362	0	0	0	0	0	210
FBGN0036948	0	0	0	6	2	265
FBGN0035982	0	0	0	0	0	0
FBGN0052319	0	0	0	0	0	0
FBGN0052364	2	1	1	1	6	7
FBGN0047334	0	0	0	0	0	0
FBGN0014075	617	662	561	860	1161	1298
FBGN0015075	221	121	122	203	292	308
FBGN0036786	0	0	0	0	0	0
FBGN0052267	93	103	66	72	85	74
FBGN0036984	0	0	1	0	0	0
FBGN0035558	19	14	21	16	28	21
FBGN0283681	51	59	48	63	56	50
FBGN0052196	5	0	0	0	0	2
FBGN0002573	5	11	0	8	27	11
FBGN0262509	4	0	5	13	14	15
FBGN0036922	13	17	20	32	19	42
FBGN0259824	17	13	19	25	29	33
FBGN0052104	97	69	83	64	114	94
FBGN0036363	0	0	0	0	1	44
FBGN0259203	7	18	8	9	17	14
FBGN0043458	62	109	88	130	196	176
FBGN0035896	17	12	23	15	33	15
FBGN0027082	31	5	15	26	31	52
FBGN0035415	3	1	7	0	10	3
FBGN0037139	0	0	0	0	0	0
FBGN0035518	24	12	39	46	29	35
FBGN0044051	0	0	0	0	0	0
FBGN0036476	19	30	31	43	51	41
FBGN0052121	0	0	0	0	0	0
FBGN0036311	0	0	0	0	0	0
FBGN0035158	22	16	15	20	36	24
FBGN0262544	0	0	0	0	0	0
FBGN0259986	45	29	54	49	101	106
FBGN0024187	28	51	28	34	50	37
FBGN0035423	345	286	238	311	390	316
FBGN0013751	4	9	1	1	3	0
FBGN0053160	0	0	0	0	0	0
FBGN0052446	19	18	9	13	25	16
FBGN0020660	10	6	4	6	3	0
FBGN0036774	49	49	43	48	54	42
FBGN0085274	0	0	0	0	0	0
FBGN0052255	0	0	0	0	1	0
FBGN0035468	0	0	0	0	0	0
FBGN0036715	335	264	328	562	698	733
FBGN0035697	0	0	0	0	0	0
FBGN0052437	0	0	0	0	0	0
FBGN0036551	0	0	0	0	0	0
FBGN0085288	0	0	0	0	0	0
FBGN0052214	0	0	0	0	0	0
FBGN0035692	49	29	28	38	67	65
FBGN0035865	11	2	6	22	39	22
FBGN0043783	4	0	0	0	4	1
FBGN0029091	0	0	0	0	0	9
FBGN0035944	15	27	15	25	44	37
FBGN0027945	16	11	5	15	10	15
FBGN0001134	0	0	0	0	0	0
FBGN0040636	0	0	0	0	0	0
FBGN0036809	0	0	0	0	1	0
FBGN0004390	147	114	185	198	302	345
FBGN0270926	14	12	14	37	70	55
FBGN0014007	214	212	209	295	260	234
FBGN0035955	0	0	0	0	0	0
FBGN0036876	0	0	3	0	0	0
FBGN0036549	12	2	8	8	22	15
FBGN0027594	102	110	117	166	287	247
FBGN0262528	0	0	0	0	0	0
FBGN0052213	0	0	0	0	0	0
FBGN0036397	19	14	21	14	30	38
FBGN0020643	0	0	0	0	0	0
FBGN0085294	0	0	0	0	0	0
FBGN0027567	811	783	736	727	1000	960
FBGN0035508	0	0	1	0	5	1
FBGN0035753	656	611	600	894	1483	1589
FBGN0052227	0	0	3	2	0	0
FBGN0053062	2	0	7	1	0	1
FBGN0011284	2134	1998	1939	2295	3640	3367
FBGN0001223	3	21	2	4	10	43
FBGN0000356	0	0	0	0	0	0
FBGN0036327	0	0	0	0	0	0
FBGN0036783	0	0	0	0	0	0
FBGN0036877	0	0	0	0	0	0
FBGN0035526	219	194	180	275	336	306
FBGN0052413	0	0	0	0	0	0
FBGN0029514	18	16	15	26	19	26
FBGN0011361	83	79	85	143	153	140
FBGN0002283	7	7	5	4	21	20
FBGN0052450	0	0	0	0	0	0
FBGN0035524	95	131	124	148	183	221
FBGN0266591	0	0	0	0	0	0
FBGN0004244	0	0	1	0	0	0
FBGN0035486	0	0	0	0	1	0
FBGN0035547	0	0	0	0	0	1
FBGN0268063	192	181	171	393	583	501
FBGN0036405	15	19	29	16	23	21
FBGN0035193	14	13	9	14	6	11
FBGN0037082	14	6	15	32	28	20
FBGN0036250	0	0	0	0	0	0
FBGN0036463	27	30	28	40	58	44
FBGN0262890	0	0	0	0	0	0
FBGN0035164	33	44	47	30	49	33
FBGN0052423	80	83	54	86	129	131
FBGN0266977	0	0	0	0	0	0
FBGN0036853	38	16	22	18	40	38
FBGN0036277	67	21	66	76	123	126
FBGN0287183	7	1	7	14	23	21
FBGN0036159	0	0	0	0	0	0
FBGN0035273	0	0	0	0	0	0
FBGN0265574	133	92	105	153	223	237
FBGN0052022	38	31	32	45	52	43
FBGN0036039	7	11	0	12	26	8
FBGN0043865	0	0	0	0	0	0
FBGN0036335	70	37	47	88	78	111
FBGN0053767	0	0	0	0	0	0
FBGN0036496	0	0	0	0	2	0
FBGN0035854	40	23	24	39	60	35
FBGN0261555	102	119	105	129	192	205
FBGN0035849	10	5	14	10	35	18
FBGN0035414	52	58	36	47	44	40
FBGN0036619	0	0	0	0	0	0
FBGN0052081	0	0	0	0	0	0
FBGN0035724	0	0	0	0	0	0
FBGN0036959	6	27	7	7	14	10
FBGN0035689	29	27	19	44	71	73
FBGN0003459	99	78	55	91	103	145
FBGN0037188	42	49	56	54	87	90
FBGN0259973	0	0	0	0	0	0
FBGN0000551	0	0	0	0	0	0
FBGN0003373	19	255	14	7	0	5
FBGN0262057	179	124	135	274	402	337
FBGN0037027	138	169	141	141	205	178
FBGN0024889	72	31	86	75	132	100
FBGN0036666	144	192	107	161	262	289
FBGN0085455	0	0	0	0	0	0
FBGN0259239	0	0	0	0	0	0
FBGN0035229	12	12	8	18	27	17
FBGN0052442	14	29	9	16	18	18
FBGN0025558	14	15	10	18	23	34
FBGN0005564	0	0	0	2	0	0
FBGN0036566	81	111	86	116	186	184
FBGN0053690	0	0	0	0	0	0
FBGN0036711	0	0	0	0	0	0
FBGN0029121	13	47	8	22	34	11
FBGN0035237	95	66	112	125	182	168
FBGN0035588	26	27	25	54	58	50
FBGN0262894	0	0	0	0	0	0
FBGN0022936	44	41	35	36	44	44
FBGN0036545	3	11	4	8	25	15
FBGN0037197	0	0	0	0	0	2
FBGN0286213	697	773	570	517	691	567
FBGN0085599	0	0	0	0	0	0
FBGN0035781	0	0	3	0	0	2
FBGN0014343	153	148	144	180	299	296
FBGN0035886	0	0	0	0	0	0
FBGN0000100	1615	1432	1388	1652	2892	2587
FBGN0036205	0	0	0	0	0	1
FBGN0037183	0	0	0	0	0	0
FBGN0035257	0	0	0	0	0	0
FBGN0035260	2	0	0	0	1	7
FBGN0052176	48	46	45	53	72	70
FBGN0035850	48	84	45	74	119	98
FBGN0036768	0	0	0	0	0	0
FBGN0035198	0	0	0	0	0	0
FBGN0052074	0	0	0	0	0	0
FBGN0037171	0	0	0	0	0	0
FBGN0003683	0	0	0	0	0	0
FBGN0036717	6	10	5	8	17	20
FBGN0036468	0	0	0	0	0	0
FBGN0035601	160	104	118	158	189	168
FBGN0036350	0	0	0	0	0	0
FBGN0035603	121	122	92	111	146	123
FBGN0036028	16	10	4	6	23	9
FBGN0284221	285	228	213	382	631	546
FBGN0052333	0	0	0	0	0	0
FBGN0052202	7	12	7	24	15	6
FBGN0035858	0	0	0	0	0	0
FBGN0052283	0	0	0	0	0	0
FBGN0036395	19	17	8	15	17	14
FBGN0036160	0	0	0	0	0	0
FBGN0041096	136	163	128	216	323	282
FBGN0035430	130	91	47	81	82	54
FBGN0036480	86	59	85	90	151	129
FBGN0036828	92	116	122	151	245	215
FBGN0035978	139	160	98	156	262	251
FBGN0041625	0	0	0	0	0	0
FBGN0036575	0	0	0	0	0	0
FBGN0037165	0	0	0	0	0	0
FBGN0000543	146	147	101	130	204	177
FBGN0053702	0	0	0	0	0	0
FBGN0011205	44	24	50	56	74	69
FBGN0052412	5	4	9	6	8	9
FBGN0259970	0	0	0	0	0	0
FBGN0053052	30	21	27	18	27	33
FBGN0053270	0	0	0	0	0	0
FBGN0036875	1	0	3	0	1	0
FBGN0015618	53	65	58	66	102	88
FBGN0035539	80	89	45	97	139	160
FBGN0052137	52	32	38	32	29	50
FBGN0053061	0	0	0	0	0	0
FBGN0036479	0	0	0	0	0	0
FBGN0260049	200	215	227	372	447	537
FBGN0036328	0	0	0	0	0	0
FBGN0027569	45	44	53	59	87	91
FBGN0036214	0	0	0	0	0	0
FBGN0085457	0	0	0	0	0	0
FBGN0035807	19	6	25	27	40	51
FBGN0261602	1902	2045	1848	2116	3065	2825
FBGN0087039	20	17	20	19	27	29
FBGN0028418	0	0	0	0	0	0
FBGN0287423	1	0	3	8	3	2
FBGN0040056	20	106	26	39	18	26
FBGN0041232	0	0	0	0	0	0
FBGN0052240	0	0	0	0	0	0
FBGN0036173	15	10	20	31	38	32
FBGN0004514	0	0	0	0	0	0
FBGN0036492	0	0	0	0	0	0
FBGN0035825	21	5	26	19	46	25
FBGN0053217	41	118	34	40	58	52
FBGN0036916	102	63	69	102	137	135
FBGN0036833	0	0	0	0	0	0
FBGN0036980	61	80	55	76	146	123
FBGN0003388	0	9	2	0	2	0
FBGN0036248	85	72	75	89	98	136
FBGN0053265	0	0	0	0	0	0
FBGN0052351	0	0	0	0	0	0
FBGN0286872	0	0	0	0	0	0
FBGN0086254	225	128	198	217	302	285
FBGN0085482	0	0	0	0	0	1
FBGN0037025	175	91	118	129	214	202
FBGN0035589	20	28	28	20	27	19
FBGN0037057	0	0	2	9	5	1
FBGN0053556	19	26	27	33	65	70
FBGN0004592	5	48	5	8	2	6
FBGN0025874	12	25	14	14	24	26
FBGN0035147	13	9	12	13	29	29
FBGN0036892	177	122	131	237	261	260
FBGN0035932	0	0	0	0	0	0
FBGN0035236	95	69	107	189	243	207
FBGN0037044	3	2	3	9	22	11
FBGN0015359	47	83	37	51	84	83
FBGN0035934	0	0	0	0	1	0
FBGN0052350	84	99	80	93	91	74
FBGN0036567	0	0	0	0	0	0
FBGN0039977	69	58	64	85	60	78
FBGN0259932	16	3	7	8	14	7
FBGN0053764	0	0	0	0	0	0
FBGN0001104	230	310	247	312	446	342
FBGN0015298	60	78	56	120	125	81
FBGN0035497	17	19	7	15	18	21
FBGN0036106	0	0	0	0	0	0
FBGN0036157	0	0	1	0	0	0
FBGN0036212	0	0	1	2	2	1
FBGN0260756	7	6	4	11	14	6
FBGN0035400	18	29	37	65	75	71
FBGN0035469	17	38	24	35	28	25
FBGN0035830	176	174	186	229	373	333
FBGN0036144	0	19	0	3	3	2
FBGN0035343	0	0	0	0	0	0
FBGN0052225	0	0	0	0	0	0
FBGN0027111	109	92	93	123	149	139
FBGN0053490	0	0	0	0	0	0
FBGN0036032	13	8	11	16	33	12
FBGN0036183	0	0	0	0	0	0
FBGN0037022	29	33	40	40	48	38
FBGN0017579	757	808	618	851	1195	1213
FBGN0014849	0	0	0	0	0	0
FBGN0263456	0	0	0	0	0	0
FBGN0261634	0	0	0	0	0	0
FBGN0036510	65	53	65	60	98	116
FBGN0086906	19	69	28	26	72	56
FBGN0035205	181	199	222	212	285	303
FBGN0036227	1	0	0	5	4	266
FBGN0035145	221	133	165	215	301	300
FBGN0035168	0	4	0	0	0	0
FBGN0263930	558	529	447	635	932	900
FBGN0036612	2	6	2	4	9	13
FBGN0083992	3	1	6	2	6	3
FBGN0036761	15	18	19	26	43	40
FBGN0035673	0	0	0	0	0	0
FBGN0260026	0	0	0	0	2	0
FBGN0041630	211	176	182	293	412	416
FBGN0036141	229	263	257	359	503	446
FBGN0035428	2	0	0	0	2	0
FBGN0053169	16	5	5	24	10	13
FBGN0035688	305	274	262	313	433	492
FBGN0259676	68	39	71	60	99	124
FBGN0036819	0	3	0	8	10	2
FBGN0035445	0	0	0	0	3	0
FBGN0028648	31	31	19	25	61	46
FBGN0010408	1421	1442	1202	1375	2180	2354
FBGN0037067	0	0	0	0	5	0
FBGN0035359	0	0	0	0	0	0
FBGN0036932	53	36	32	56	54	46
FBGN0036349	0	0	0	0	0	0
FBGN0036416	7	2	3	20	49	38
FBGN0010223	0	0	0	0	0	2
FBGN0036661	142	93	125	140	206	168
FBGN0022702	178	221	207	263	449	410
FBGN0001078	26	8	38	22	28	47
FBGN0036921	311	229	314	316	358	412
FBGN0036814	55	49	66	89	149	113
FBGN0037028	10	10	8	10	15	9
FBGN0036723	0	0	0	0	0	0
FBGN0004396	83	100	60	137	255	191
FBGN0052263	0	0	0	0	0	0
FBGN0035906	241	135	183	246	294	320
FBGN0000261	601	540	374	841	1298	1251
FBGN0035983	26	37	31	41	72	68
FBGN0036834	0	0	0	0	0	0
FBGN0260862	1	9	7	5	14	4
FBGN0064766	44	39	52	54	61	64
FBGN0036082	0	0	0	0	0	0
FBGN0001323	27	8	15	40	28	45
FBGN0036320	0	0	0	0	0	0
FBGN0035604	0	0	0	0	0	0
FBGN0266099	0	0	0	0	0	0
FBGN0035931	0	0	0	0	0	0
FBGN0037046	17	22	5	16	33	36
FBGN0053272	0	0	0	0	0	0
FBGN0283503	37	18	50	51	60	71
FBGN0035644	32	25	36	53	76	56
FBGN0016694	4	9	16	5	20	19
FBGN0037102	103	53	69	61	82	102
FBGN0035575	0	0	0	0	0	0
FBGN0261872	73	82	108	110	154	153
FBGN0035986	61	37	60	55	70	76
FBGN0011204	32	14	39	52	72	56
FBGN0285951	37	29	35	25	49	46
FBGN0036239	140	72	85	173	286	277
FBGN0035150	47	54	56	68	73	56
FBGN0036187	64	25	53	55	65	73
FBGN0020887	100	49	77	112	173	204
FBGN0037100	0	0	0	0	0	0
FBGN0028664	1	13	2	5	4	3
FBGN0035420	41	72	34	49	78	96
FBGN0036609	0	0	0	0	0	0
FBGN0036740	70	46	60	64	116	86
FBGN0036911	15	18	8	22	39	29
FBGN0035138	0	0	0	0	0	0
FBGN0036648	23	43	22	27	66	41
FBGN0046793	0	0	0	0	0	0
FBGN0003124	591	538	519	747	1001	922
FBGN0052428	20	14	26	15	22	18
FBGN0011836	162	167	148	151	199	215
FBGN0036638	0	0	0	0	0	0
FBGN0037015	0	0	0	0	0	0
FBGN0261722	129	108	85	161	217	179
FBGN0025702	0	0	2	0	1	0
FBGN0036044	0	0	0	0	0	0
FBGN0036835	0	0	0	0	0	0
FBGN0036260	0	0	0	0	0	0
FBGN0035398	194	79	160	161	206	219
FBGN0000489	8	18	11	26	33	28
FBGN0036505	40	17	48	33	57	59
FBGN0028379	0	0	0	0	0	0
FBGN0036203	0	0	0	0	0	0
FBGN0054056	22	20	10	12	24	37
FBGN0036571	45	51	56	49	62	71
FBGN0053271	0	0	0	0	0	0
FBGN0035251	154	146	121	166	246	263
FBGN0036324	0	0	0	0	0	0
FBGN0052133	194	119	163	204	258	266
FBGN0036848	20	15	19	34	66	45
FBGN0014850	0	0	0	0	0	0
FBGN0036563	0	0	0	0	0	0
FBGN0036406	27	2	5	20	11	24
FBGN0027903	54	58	61	82	120	128
FBGN0035845	0	0	0	0	1	0
FBGN0261401	0	0	0	0	0	0
FBGN0003744	62	49	58	84	128	105
FBGN0035101	31	31	26	20	45	36
FBGN0035581	0	0	0	0	0	0
FBGN0023000	90	73	94	105	129	147
FBGN0037129	0	0	0	0	0	0
FBGN0035852	0	0	0	0	0	0
FBGN0036078	0	0	0	0	0	0
FBGN0263131	0	0	0	0	0	0
FBGN0036624	247	147	225	327	379	362
FBGN0046301	34	21	10	21	32	35
FBGN0036240	31	14	13	52	87	72
FBGN0053500	0	0	0	0	0	0
FBGN0035333	105	87	124	104	143	145
FBGN0016756	243	162	237	307	435	399
FBGN0035842	36	34	40	31	36	47
FBGN0037178	0	0	0	0	0	0
FBGN0035208	0	0	1	0	0	0
FBGN0024945	50	28	14	52	49	60
FBGN0053289	0	0	0	0	0	0
FBGN0262008	0	0	0	0	0	0
FBGN0262893	0	0	0	0	0	0
FBGN0035815	1	0	0	1	0	0
FBGN0267390	82	89	54	98	131	146
FBGN0011706	0	3	11	11	12	5
FBGN0035511	0	0	0	0	0	0
FBGN0260967	0	0	0	0	0	0
FBGN0287586	0	1	1	2	3	1
FBGN0265296	0	5	7	0	0	0
FBGN0035255	0	0	0	0	0	0
FBGN0036111	35	36	30	40	74	35
FBGN0003295	0	0	0	0	3	0
FBGN0287594	13	2	3	13	14	9
FBGN0263776	0	0	2	0	0	0
FBGN0261682	0	0	0	4	0	5
FBGN0259140	1	5	0	2	0	11
FBGN0036334	148	81	106	117	189	158
FBGN0052119	0	0	0	0	0	0
FBGN0015550	0	0	5	0	0	0
FBGN0044419	9	7	14	8	25	13
FBGN0250815	1	3	16	3	1	8
FBGN0036493	8	7	7	5	1	7
FBGN0040795	0	0	0	0	1	1
FBGN0010747	216	121	169	270	344	373
FBGN0024814	211	288	178	214	320	289
FBGN0053689	0	0	0	0	0	0
FBGN0036925	0	0	0	0	0	0
FBGN0036958	179	136	161	242	296	274
FBGN0085289	0	0	0	0	0	0
FBGN0035167	0	3	0	0	1	0
FBGN0035661	0	0	0	0	0	0
FBGN0265455	0	0	0	0	0	0
FBGN0083976	19	25	14	31	21	28
FBGN0086348	0	0	0	0	2	0
FBGN0036824	119	94	109	96	208	186
FBGN0260857	6	39	9	16	15	28
FBGN0262508	0	0	0	0	0	0
FBGN0035643	0	0	0	0	0	0
FBGN0035993	9	10	10	27	36	24
FBGN0021768	211	136	191	234	231	232
FBGN0036897	43	31	31	29	50	55
FBGN0261953	8	0	1	0	2	0
FBGN0286979	0	0	0	0	0	0
FBGN0036437	0	0	0	0	0	0
FBGN0036553	0	0	0	0	0	0
FBGN0036709	0	0	0	0	0	0
FBGN0035587	0	0	0	0	0	0
FBGN0005658	0	0	0	0	0	1
FBGN0265959	0	0	0	0	0	0
FBGN0035440	41	28	20	35	74	37
FBGN0284421	82	75	78	113	187	193
FBGN0036565	119	86	86	115	139	128
FBGN0028667	0	0	0	0	0	0
FBGN0036035	116	143	86	165	239	209
FBGN0036134	166	198	190	230	355	361
FBGN0035357	393	312	282	422	542	480
FBGN0264699	0	0	0	0	0	0
FBGN0036552	0	0	0	0	0	0
FBGN0036454	0	7	4	0	0	1
FBGN0036584	0	0	0	0	0	0
FBGN0036992	0	0	0	0	0	0
FBGN0025725	712	534	546	780	1197	1176
FBGN0052066	27	36	29	36	66	44
FBGN0029094	82	94	86	107	112	91
FBGN0036978	0	0	0	3	0	1
FBGN0035248	7	0	5	3	6	6
FBGN0036641	87	143	76	95	132	108
FBGN0036414	0	0	0	0	0	0
FBGN0036110	0	0	0	0	1	0
FBGN0035139	0	0	0	0	0	0
FBGN0262482	0	0	0	0	0	0
FBGN0263035	0	0	0	0	0	0
FBGN0052447	56	42	52	121	179	130
FBGN0024179	58	83	49	87	128	116
FBGN0036592	0	0	0	0	0	0
FBGN0053766	0	0	0	0	0	0
FBGN0036208	0	0	3	0	0	0
FBGN0036733	49	29	55	57	106	103
FBGN0052409	152	113	111	135	190	215
FBGN0037176	0	0	0	0	0	0
FBGN0037039	0	0	0	0	0	0
FBGN0035666	0	0	0	0	0	0
FBGN0036426	0	0	0	0	0	0
FBGN0035323	42	23	31	30	48	54
FBGN0260856	26	13	19	19	33	33
FBGN0264711	75	81	64	122	128	144
FBGN0004880	0	0	3	1	0	0
FBGN0000017	102	120	75	134	183	172
FBGN0016070	18	45	27	67	66	59
FBGN0000358	0	0	0	0	0	0
FBGN0036805	64	42	38	59	110	109
FBGN0036469	0	10	0	0	0	0
FBGN0052037	0	0	0	0	0	0
FBGN0004372	0	0	0	0	0	0
FBGN0052279	0	0	0	0	0	1
FBGN0035111	100	110	99	125	134	170
FBGN0052304	0	0	0	0	2	16
FBGN0036727	0	0	0	0	0	0
FBGN0036153	0	0	0	0	0	0
FBGN0036956	0	0	0	0	0	0
FBGN0026371	133	89	92	120	155	155
FBGN0036319	0	1	1	0	0	0
FBGN0036836	0	0	0	0	0	0
FBGN0036746	74	64	78	112	164	155
FBGN0045479	0	0	0	0	0	0
FBGN0261381	10	0	9	9	6	25
FBGN0036851	0	0	0	1	2	0
FBGN0036316	110	156	94	214	367	272
FBGN0000592	0	0	0	0	0	0
FBGN0036757	0	0	0	0	0	0
FBGN0037174	0	0	0	0	0	0
FBGN0027615	53	32	26	51	63	61
FBGN0035358	0	0	0	0	0	0
FBGN0036116	2	11	0	1	4	3
FBGN0262361	0	0	0	0	0	0
FBGN0035435	8	10	6	12	8	10
FBGN0053969	8	2	10	8	8	14
FBGN0028699	0	0	0	0	0	0
FBGN0036438	0	0	0	0	0	0
FBGN0035321	9	15	15	19	32	36
FBGN0086900	0	0	0	0	0	0
FBGN0262732	159	147	122	182	265	257
FBGN0010348	701	727	657	801	943	841
FBGN0035970	0	0	0	0	0	0
FBGN0002564	221	248	521	724	116	117
FBGN0023174	435	302	337	437	572	639
FBGN0024177	0	0	0	0	0	0
FBGN0010387	0	0	1	0	0	0
FBGN0004591	0	0	0	0	1	0
FBGN0036271	33	41	39	58	54	68
FBGN0028577	178	160	131	198	329	318
FBGN0288810	0	0	0	0	0	0
FBGN0262737	204	174	182	257	405	369
FBGN0028978	81	67	69	69	102	130
FBGN0001324	211	184	222	265	330	351
FBGN0264566	0	0	0	0	0	0
FBGN0011787	84	44	65	106	121	129
FBGN0053769	0	0	0	0	0	0
FBGN0037105	22	22	9	11	19	11
FBGN0035645	2	0	0	0	0	0
FBGN0036118	25	25	13	24	19	35
FBGN0036529	1	0	5	5	3	9
FBGN0036581	80	71	63	112	99	143
FBGN0036655	0	0	0	0	0	0
FBGN0035426	0	0	0	0	0	0
FBGN0005633	0	0	0	0	0	0
FBGN0036236	0	0	0	0	0	0
FBGN0250816	0	16	3	0	0	1
FBGN0262021	0	0	0	0	0	0
FBGN0025820	12	20	6	18	23	22
FBGN0053284	0	0	0	0	0	0
FBGN0036255	6	1	4	2	14	24
FBGN0035461	5	5	2	15	8	6
FBGN0015793	3	0	8	5	13	7
FBGN0035542	19	4	29	24	28	19
FBGN0000451	1	5	0	4	4	8
FBGN0036813	88	94	63	76	93	112
FBGN0028416	0	0	0	0	0	0
FBGN0036759	0	0	0	0	0	1
FBGN0004108	154	121	120	323	475	417
FBGN0003943	119	71	117	149	314	242
FBGN0044452	86	58	72	130	167	172
FBGN0260874	0	0	0	2	0	3
FBGN0036497	0	0	0	0	0	0
FBGN0260644	0	0	0	0	0	0
FBGN0035787	0	0	0	0	0	0
FBGN0035122	31	28	16	56	75	68
FBGN0003410	38	18	32	39	83	72
FBGN0036945	0	6	0	0	0	6
FBGN0036557	32	41	31	51	51	48
FBGN0027055	72	44	65	85	117	97
FBGN0086680	317	253	322	419	792	675
FBGN0010786	20	31	28	31	56	38
FBGN0036229	0	0	0	0	0	0
FBGN0022935	126	111	93	154	194	241
FBGN0052847	0	0	0	0	0	0
FBGN0035471	170	169	141	236	292	337
FBGN0045823	155	148	117	200	402	276
FBGN0036179	0	0	0	0	0	0
FBGN0035254	25	7	18	11	21	27
FBGN0005626	0	3	0	2	0	4
FBGN0036656	0	0	0	0	0	0
FBGN0259748	0	0	0	0	0	0
FBGN0036102	0	0	0	0	0	0
FBGN0036861	0	0	0	0	0	0
FBGN0087035	1045	772	802	1027	1300	1247
FBGN0035695	0	0	0	0	0	0
FBGN0035980	8	19	5	20	22	28
FBGN0041094	341	244	232	412	634	462
FBGN0036953	0	0	0	0	0	0
FBGN0035989	13	21	14	29	28	35
FBGN0035857	0	0	0	0	0	0
FBGN0036337	67	57	44	72	86	72
FBGN0283500	54	27	72	62	99	92
FBGN0264748	0	0	0	0	0	2
FBGN0035711	0	0	0	0	0	0
FBGN0036321	0	0	0	0	0	0
FBGN0264725	0	0	0	0	0	0
FBGN0035504	0	0	2	0	0	0
FBGN0052187	0	0	0	0	0	1
FBGN0022709	1	0	1	0	4	0
FBGN0283724	126	130	87	230	201	192
FBGN0035532	58	42	70	38	55	80
FBGN0053286	0	0	0	0	0	0
FBGN0262937	28	29	31	37	60	47
FBGN0035510	33	17	36	27	73	92
FBGN0261353	24	5	9	15	26	22
FBGN0002842	0	0	0	0	0	0
FBGN0017430	78	51	41	54	62	81
FBGN0035957	7	0	0	2	6	2
FBGN0037018	7	5	9	26	20	16
FBGN0016036	0	0	0	0	0	0
FBGN0036354	133	79	103	149	181	175
FBGN0036986	0	4	0	0	0	0
FBGN0053965	0	0	0	0	0	0
FBGN0000404	320	221	272	387	590	535
FBGN0026376	24	13	31	17	44	47
FBGN0035476	0	0	0	0	0	0
FBGN0035777	5	12	1	1	2	1
FBGN0262788	0	0	0	0	0	0
FBGN0036769	9	2	8	17	18	10
FBGN0037020	71	49	74	82	111	98
FBGN0052484	26	23	23	47	41	32
FBGN0011335	63	33	38	57	93	64
FBGN0052476	0	1	0	0	0	0
FBGN0035767	26	48	34	37	50	43
FBGN0036290	248	223	145	228	320	266
FBGN0035545	0	0	0	0	0	0
FBGN0000115	77	37	50	70	114	93
FBGN0013342	0	0	1	0	0	0
FBGN0036580	92	40	35	50	75	87
FBGN0036822	0	0	0	0	0	0
FBGN0035713	185	139	186	240	329	354
FBGN0025682	95	80	80	120	187	117
FBGN0041623	0	0	0	0	0	0
FBGN0036176	0	0	0	0	0	0
FBGN0036696	17	10	20	20	27	23
FBGN0010452	322	265	362	401	489	571
FBGN0020509	0	0	0	0	0	0
FBGN0052150	5	0	0	4	3	8
FBGN0020640	0	0	4	0	0	0
FBGN0052141	0	0	0	0	1	0
FBGN0265268	0	0	0	0	0	1
FBGN0035570	0	0	0	0	0	0
FBGN0004516	0	0	3	0	0	0
FBGN0035192	0	0	0	0	0	0
FBGN0027790	157	235	139	267	334	313
FBGN0035928	0	0	0	0	0	0
FBGN0036152	2	0	13	4	12	3
FBGN0040060	1	0	1	0	0	0
FBGN0054025	0	0	0	0	0	0
FBGN0020765	0	0	0	0	0	0
FBGN0052405	0	0	0	2	0	0
FBGN0040828	0	0	0	0	0	0
FBGN0262592	0	0	0	0	0	0
FBGN0036680	0	0	0	1	0	0
FBGN0053234	0	0	0	0	0	0
FBGN0015829	38	37	28	39	49	66
FBGN0040696	0	0	0	1	0	0
FBGN0041160	26	15	7	11	20	27
FBGN0020645	0	0	0	0	0	0
FBGN0262984	0	0	0	0	0	0
FBGN0036516	84	51	62	77	117	83
FBGN0263603	188	160	139	182	268	365
FBGN0052344	131	102	131	146	185	198
FBGN0036640	62	46	47	42	61	61
FBGN0040816	0	0	0	0	0	0
FBGN0036145	0	0	0	0	0	0
FBGN0041164	108	77	87	87	127	130
FBGN0028668	0	0	0	0	0	0
FBGN0264693	220	189	179	252	427	310
FBGN0061515	99	97	88	100	206	165
FBGN0035355	11	6	2	6	3	8
FBGN0015585	0	0	0	0	0	0
FBGN0035766	59	53	51	44	97	66
FBGN0036665	6	0	1	2	6	6
FBGN0262842	0	0	0	0	0	0
FBGN0036820	27	10	20	4	29	11
FBGN0052082	96	69	84	49	74	75
FBGN0004380	12	24	12	22	26	19
FBGN0035203	88	76	55	58	102	75
FBGN0263106	243	193	164	184	209	364
FBGN0052069	13	34	19	26	25	29
FBGN0036910	0	0	1	0	0	0
FBGN0020641	1	0	1	2	5	1
FBGN0260008	213	212	167	331	265	238
FBGN0036323	0	0	0	0	0	3
FBGN0036602	0	0	0	0	0	0
FBGN0028504	25	20	24	32	55	27
FBGN0042712	117	189	81	115	175	149
FBGN0266456	0	0	0	0	0	0
FBGN0085273	0	0	0	0	0	0
FBGN0052195	4	1	1	3	1	5
FBGN0023001	73	91	60	82	137	142
FBGN0260431	1	0	2	0	1	7
FBGN0035719	0	7	1	0	0	0
FBGN0036015	0	0	0	0	0	0
FBGN0035110	63	94	45	77	75	92
FBGN0264000	0	0	1	0	0	0
FBGN0035805	37	24	34	27	44	33
FBGN0036950	0	0	0	0	0	0
FBGN0045477	0	0	0	0	0	0
FBGN0036747	0	0	0	0	0	0
FBGN0052270	0	0	0	0	0	0
FBGN0035702	2	0	6	11	12	2
FBGN0035769	75	83	109	142	140	142
FBGN0036685	110	89	75	104	164	143
FBGN0036340	275	258	216	322	447	366
FBGN0052365	15	25	13	10	10	6
FBGN0004427	0	0	0	0	0	0
FBGN0026418	1121	780	958	1177	1624	1782
FBGN0036156	0	0	0	0	0	0
FBGN0037175	0	0	0	0	0	0
FBGN0263601	185	163	118	197	246	225
FBGN0036920	30	40	27	32	42	54
FBGN0040507	0	0	1	0	0	0
FBGN0020251	25	22	18	35	43	51
FBGN0003041	180	183	150	192	230	261
FBGN0042630	0	0	0	0	0	0
FBGN0037207	11	11	10	6	27	18
FBGN0036766	1	0	0	1	0	231
FBGN0036887	44	22	23	28	47	37
FBGN0266136	0	0	0	0	0	0
FBGN0036461	1	0	1	0	0	0
FBGN0036403	0	0	0	0	0	0
FBGN0035968	0	6	5	0	0	0
FBGN0036998	18	11	11	19	23	11
FBGN0004593	0	0	0	0	0	0
FBGN0035736	0	0	0	0	0	0
FBGN0004167	483	519	426	700	1084	786
FBGN0052182	0	0	0	0	0	1
FBGN0005198	101	59	112	119	167	204
FBGN0036112	0	0	0	0	0	0
FBGN0036979	0	0	0	0	1	0
FBGN0035103	83	118	72	106	162	161
FBGN0037138	205	155	195	201	281	270
FBGN0085282	0	0	2	0	1	0
FBGN0036785	0	0	0	0	0	0
FBGN0010246	135	95	83	98	180	183
FBGN0036544	0	0	1	0	0	0
FBGN0052438	111	57	101	136	143	111
FBGN0037200	34	25	24	27	49	51
FBGN0259703	0	0	0	0	0	0
FBGN0263761	0	0	0	0	0	0
FBGN0037141	29	25	35	33	44	43
FBGN0035455	0	0	0	0	0	0
FBGN0052079	0	0	0	0	0	0
FBGN0052392	0	0	0	2	2	2
FBGN0005386	69	57	65	70	109	89
FBGN0260430	0	0	0	0	4	0
FBGN0036576	78	68	71	95	170	202
FBGN0016013	4	2	0	5	5	3
FBGN0000629	98	98	96	133	153	139
FBGN0058160	148	135	151	158	184	182
FBGN0035371	168	144	168	150	245	222
FBGN0035585	0	0	0	0	0	0
FBGN0016696	129	74	102	92	137	141
FBGN0024804	429	368	259	342	427	375
FBGN0035397	183	181	151	209	361	289
FBGN0263607	2	0	8	7	6	6
FBGN0052425	73	46	41	91	112	105
FBGN0052113	67	41	45	78	91	78
FBGN0035768	0	0	0	0	0	0
FBGN0035985	1	9	9	5	0	5
FBGN0052040	0	0	0	0	0	0
FBGN0261816	0	0	0	0	0	0
FBGN0052462	0	0	0	0	0	0
FBGN0036677	24	42	24	89	113	63
FBGN0261997	0	0	0	0	0	0
FBGN0037092	47	50	81	89	177	130
FBGN0053057	0	3	2	5	2	2
FBGN0262870	0	0	3	0	1	0
FBGN0042178	6	3	24	10	0	2
FBGN0003292	15	35	20	55	122	89
FBGN0036451	262	269	244	344	538	474
FBGN0036202	0	0	0	0	1	0
FBGN0052072	0	0	0	0	0	0
FBGN0036593	0	0	0	0	0	0
FBGN0041709	0	0	0	0	0	0
FBGN0052102	0	0	0	0	0	0
FBGN0266540	0	0	0	0	0	0
FBGN0260653	474	414	371	453	699	665
FBGN0025455	118	80	97	121	198	170
FBGN0052278	3	19	3	12	19	15
FBGN0052452	14	9	18	17	26	19
FBGN0020224	57	85	39	48	92	87
FBGN0037191	0	0	0	0	0	0
FBGN0024194	44	85	30	45	39	34
FBGN0025776	0	0	0	0	0	0
FBGN0036780	0	0	0	0	0	0
FBGN0036838	80	121	70	91	109	126
FBGN0037144	1	0	0	0	0	0
FBGN0036654	0	0	0	0	0	0
FBGN0035608	3	0	0	1	0	0
FBGN0016081	151	150	178	258	335	311
FBGN0035594	0	0	0	0	0	0
FBGN0053971	0	0	0	0	1	1
FBGN0036142	13	7	11	2	10	4
FBGN0035176	0	0	0	0	0	0
FBGN0035360	0	0	0	0	0	1
FBGN0052302	0	0	1	2	0	299
FBGN0004414	0	0	0	0	0	0
FBGN0026061	12	4	9	26	36	21
FBGN0085371	0	0	0	0	0	0
FBGN0037117	10	21	18	9	17	24
FBGN0040805	0	0	0	0	0	0
FBGN0037013	0	0	0	0	0	0
FBGN0035949	0	0	0	0	0	0
FBGN0035239	0	0	0	0	0	0
FBGN0036893	6	20	10	10	14	19
FBGN0052054	0	0	0	0	0	0
FBGN0027500	112	90	104	158	206	186
FBGN0053985	1	0	0	0	0	31
FBGN0058002	1	0	0	0	0	0
FBGN0260388	41	50	69	57	81	113
FBGN0036964	69	49	68	103	80	72
FBGN0017572	166	133	78	175	337	252
FBGN0036343	0	0	0	0	0	0
FBGN0035953	46	48	45	65	67	78
FBGN0052264	156	244	122	177	275	219
FBGN0036670	3	0	1	2	0	0
FBGN0035813	1	0	1	0	1	4
FBGN0086916	0	0	0	0	0	0
FBGN0001248	893	976	784	1123	1728	1599
FBGN0035496	0	10	0	0	2	1
FBGN0003076	50	27	33	47	85	59
FBGN0000045	12	119	8	10	4	5
FBGN0263248	0	0	0	0	0	0
FBGN0262518	60	39	40	53	120	83
FBGN0015321	77	121	46	68	111	90
FBGN0037000	34	14	15	65	80	61
FBGN0264001	0	0	1	0	0	0
FBGN0036485	0	0	0	0	0	0
FBGN0264489	6	2	3	2	1	4
FBGN0035657	0	0	0	0	0	0
FBGN0042201	0	0	0	0	0	0
FBGN0036713	0	0	0	0	0	0
FBGN0036393	0	4	0	0	0	0
FBGN0035909	304	340	267	398	621	629
FBGN0036031	0	0	0	0	0	0
FBGN0035313	0	0	0	0	0	7
FBGN0002872	76	65	39	57	63	69
FBGN0035300	0	7	0	0	0	1
FBGN0036784	0	0	0	0	0	0
FBGN0052246	0	0	0	0	0	0
FBGN0052845	0	0	0	0	0	0
FBGN0037204	0	0	0	0	0	0
FBGN0036057	0	0	0	0	0	0
FBGN0035933	0	0	0	0	0	0
FBGN0053262	0	0	0	0	0	0
FBGN0263911	115	92	59	75	85	123
FBGN0264848	109	103	104	169	200	170
FBGN0027085	22	33	34	41	52	57
FBGN0035520	26	18	27	29	48	25
FBGN0036489	20	29	36	30	65	40
FBGN0035479	0	0	0	0	0	0
FBGN0036262	4	23	15	7	2	5
FBGN0262519	1560	1211	1233	1448	2009	2061
FBGN0015218	236	200	233	248	402	411
FBGN0035283	9	26	8	15	40	29
FBGN0260660	25	37	18	34	37	31
FBGN0085480	0	0	0	0	0	0
FBGN0035817	0	0	0	0	0	0
FBGN0025866	134	105	102	77	101	88
FBGN0260859	52	40	42	36	55	70
FBGN0085267	0	0	0	0	0	0
FBGN0035567	0	0	0	0	0	0
FBGN0036846	110	100	109	133	136	155
FBGN0024887	61	46	35	77	82	107
FBGN0036818	7	2	2	2	13	8
FBGN0263251	66	78	73	59	135	91
FBGN0052354	4	10	6	11	13	21
FBGN0035622	124	117	125	208	299	245
FBGN0001259	34	23	26	49	69	75
FBGN0036520	0	0	0	0	0	0
FBGN0028697	1619	1414	1319	1620	2074	2068
FBGN0035348	0	0	1	2	5	0
FBGN0004619	0	0	1	0	0	0
FBGN0085295	0	0	0	0	0	0
FBGN0035669	0	0	0	0	0	0
FBGN0037151	12	3	3	8	10	2
FBGN0036790	0	0	0	0	0	0
FBGN0026409	405	315	325	385	564	542
FBGN0262580	0	0	0	0	0	0
FBGN0035262	0	1	2	1	2	1
FBGN0283479	0	17	3	1	0	4
FBGN0047178	14	15	12	20	12	6
FBGN0036708	0	0	0	0	0	0
FBGN0036194	59	52	42	61	86	126
FBGN0261109	41	19	24	47	65	36
FBGN0035385	0	0	0	0	0	0
FBGN0262987	9	21	11	27	20	17
FBGN0016031	10	12	7	27	11	15
FBGN0284236	0	0	0	0	0	0
FBGN0036832	0	0	0	0	0	0
FBGN0261507	0	0	0	0	0	0
FBGN0036888	145	120	118	130	211	258
FBGN0052206	0	0	0	0	0	0
FBGN0262535	0	0	0	0	0	0
FBGN0029113	864	797	829	843	1326	1297
FBGN0260481	0	0	0	0	1	0
FBGN0037093	141	78	132	137	157	173
FBGN0035648	0	0	0	0	0	0
FBGN0082598	257	188	216	239	402	300
FBGN0052064	0	0	0	0	0	0
FBGN0264605	0	0	0	0	0	3
FBGN0036501	18	35	9	12	13	16
FBGN0260393	0	1	0	0	0	37
FBGN0035337	36	6	25	20	30	36
FBGN0037064	0	0	0	0	0	0
FBGN0040634	2	0	1	0	3	0
FBGN0011591	163	146	97	189	230	240
FBGN0035554	0	0	0	0	0	0
FBGN0036600	0	0	0	0	2	0
FBGN0053489	0	0	0	0	0	0
FBGN0036837	52	23	41	40	36	52
FBGN0035952	0	0	0	0	0	0
FBGN0036361	0	0	0	0	0	25
FBGN0036121	31	23	10	14	9	11
FBGN0042177	73	105	74	115	94	151
FBGN0035267	52	82	60	89	138	159
FBGN0063667	0	0	0	0	0	0
FBGN0035244	53	28	39	43	54	56
FBGN0036083	0	0	0	0	0	0
FBGN0010350	37	40	37	71	77	80
FBGN0284444	0	0	0	0	0	0
FBGN0261536	0	0	0	0	0	0
FBGN0036716	1	0	0	0	1	0
FBGN0035211	25	23	39	30	38	27
FBGN0040797	0	0	0	0	0	0
FBGN0259200	0	0	0	0	0	1
FBGN0052075	43	37	51	66	94	71
FBGN0036091	0	0	0	0	0	0
FBGN0266437	0	0	0	0	0	0
FBGN0036913	36	50	45	46	52	60
FBGN0015360	11	10	4	9	8	15
FBGN0035965	21	20	14	28	36	35
FBGN0035833	36	32	12	9	6	2
FBGN0052068	33	20	21	26	31	15
FBGN0029152	111	127	54	96	166	149
FBGN0013718	161	126	108	162	260	249
FBGN0036364	0	0	0	0	0	0
FBGN0035522	57	83	22	171	227	150
FBGN0263199	5	34	3	14	11	17
FBGN0262516	0	0	0	0	0	0
FBGN0052318	0	0	0	0	0	0
FBGN0036778	0	0	0	0	0	0
FBGN0036643	10	13	8	3	6	11
FBGN0037037	0	0	0	0	0	0
FBGN0036874	0	0	0	0	0	0
FBGN0040799	0	0	0	0	0	0
FBGN0010909	397	338	248	483	766	681
FBGN0036756	0	0	0	0	0	0
FBGN0035557	7	10	10	13	6	10
FBGN0045770	0	0	0	0	1	0
FBGN0013717	35	29	52	50	73	87
FBGN0036133	49	32	38	53	96	74
FBGN0036367	0	0	0	0	0	0
FBGN0261556	55	57	70	104	111	85
FBGN0036686	203	218	196	207	230	224
FBGN0036951	0	2	4	28	12	1508
FBGN0035552	0	0	3	0	0	0
FBGN0043550	3	0	0	0	0	1
FBGN0036787	2	0	0	1	2	1
FBGN0037069	0	0	0	0	0	0
FBGN0262139	66	72	53	63	134	99
FBGN0036734	133	186	129	127	240	232
FBGN0035926	0	0	0	0	0	0
FBGN0020412	151	172	134	141	253	254
FBGN0035143	0	0	0	0	0	0
FBGN0035763	85	68	58	123	166	144
FBGN0037081	59	40	42	71	97	68
FBGN0037128	14	13	3	5	17	13
FBGN0036502	0	2	2	6	4	1
FBGN0053260	19	8	14	11	25	21
FBGN0036560	0	0	2	0	0	0
FBGN0036782	1	2	0	0	0	0
FBGN0035161	0	0	0	0	0	0
FBGN0037122	0	0	0	0	0	0
FBGN0036139	0	0	0	0	0	0
FBGN0261258	667	591	580	596	703	743
FBGN0035280	0	0	0	0	0	0
FBGN0036018	60	83	51	107	102	123
FBGN0036346	0	0	0	0	0	2
FBGN0036155	61	32	50	61	69	90
FBGN0037184	16	18	7	16	14	7
FBGN0037137	493	392	415	471	763	758
FBGN0036931	5	18	2	10	1	0
FBGN0036550	0	3	0	0	0	0
FBGN0035999	8	15	10	7	12	12
FBGN0035799	0	0	0	0	0	0
FBGN0262099	0	0	0	0	0	0
FBGN0035640	72	77	65	94	105	115
FBGN0266667	77	116	45	101	106	96
FBGN0036899	27	10	17	28	60	60
FBGN0035921	0	0	0	0	0	1
FBGN0036372	140	171	88	117	193	139
FBGN0036274	0	0	0	0	0	0
FBGN0036536	2	0	3	5	4	6
FBGN0005640	61	48	56	110	118	117
FBGN0026252	777	548	545	795	901	895
FBGN0052221	3	0	2	2	5	4
FBGN0035316	0	0	0	0	0	0
FBGN0052445	0	0	0	0	0	0
FBGN0036056	0	0	0	0	0	0
FBGN0035427	3	5	3	3	1	8
FBGN0036607	0	0	0	0	0	0
FBGN0036710	174	184	160	213	269	249
FBGN0016715	11	10	9	5	10	11
FBGN0260458	0	0	0	2	0	0
FBGN0035795	0	0	0	0	0	0
FBGN0035887	0	0	0	0	0	0
FBGN0002945	163	175	191	293	442	385
FBGN0036482	0	0	0	0	0	0
FBGN0036352	0	0	0	0	0	0
FBGN0036257	34	34	50	48	87	77
FBGN0035848	9	3	18	12	17	10
FBGN0004910	0	0	0	0	0	1
FBGN0052199	0	0	0	0	0	0
FBGN0260397	56	46	38	73	112	103
FBGN0261530	27	26	19	45	78	58
FBGN0037078	0	0	0	0	0	0
FBGN0036192	3	18	3	10	11	15
FBGN0053993	5	7	5	16	26	30
FBGN0036938	0	0	0	0	0	0
FBGN0035951	59	34	45	88	89	93
FBGN0036947	0	0	1	0	0	33
FBGN0020644	0	0	0	0	0	0
FBGN0052091	27	19	30	26	20	31
FBGN0011762	56	31	40	38	66	65
FBGN0267348	726	662	763	948	1435	1326
FBGN0036704	0	0	0	0	0	0
FBGN0026404	109	130	62	126	179	169
FBGN0036419	0	0	0	0	1	0
FBGN0036689	15	3	9	6	9	5
FBGN0261526	4	4	10	50	48	31
FBGN0036879	0	0	0	0	0	0
FBGN0037115	4	0	0	1	0	0
FBGN0053926	0	0	0	0	3	0
FBGN0035372	63	61	44	52	48	73
FBGN0036177	0	0	0	0	0	0
FBGN0266757	0	0	0	0	0	0
FBGN0036831	0	0	0	0	0	7
FBGN0036538	24	14	24	20	16	22
FBGN0015805	614	588	524	708	954	1065
FBGN0035923	42	23	31	41	38	26
FBGN0036799	0	0	0	0	0	0
FBGN0085290	3	5	6	18	6	14
FBGN0086611	0	0	0	0	0	0
FBGN0000212	804	819	687	863	979	1157
FBGN0052232	0	0	0	0	0	0
FBGN0085456	0	0	0	0	0	0
FBGN0054057	0	0	0	0	0	0
FBGN0035704	28	52	12	42	40	49
FBGN0260657	0	0	0	0	0	0
FBGN0036094	0	7	1	0	0	0
FBGN0040291	0	0	0	0	0	0
FBGN0052179	15	0	6	4	19	20
FBGN0035772	325	349	226	327	470	387
FBGN0020388	115	77	109	146	199	193
FBGN0035173	1	0	5	1	6	3
FBGN0000568	308	251	222	487	838	695
FBGN0036974	420	333	337	525	566	532
FBGN0015239	139	41	79	128	161	176
FBGN0035462	33	77	65	73	105	63
FBGN0035157	7	6	8	11	12	21
FBGN0035148	48	27	29	45	58	63
FBGN0001224	3886	2977	2816	2772	2215	2338
FBGN0085297	0	0	0	0	0	0
FBGN0004888	216	188	187	258	395	332
FBGN0037140	0	0	0	0	0	0
FBGN0041194	3	2	7	5	3	0
FBGN0260646	0	0	0	0	0	0
FBGN0036891	14	25	16	8	11	15
FBGN0010825	289	129	223	336	590	506
FBGN0052391	0	0	0	0	0	0
FBGN0263606	0	9	1	5	8	6
FBGN0083068	0	2	2	0	0	0
FBGN0035945	21	30	10	18	41	45
FBGN0037164	43	48	35	40	133	140
FBGN0040074	0	0	0	0	0	0
FBGN0015904	152	119	109	119	201	165
FBGN0035233	4	6	4	6	7	2
FBGN0035954	19	18	23	48	57	65
FBGN0036258	700	594	682	895	1353	1292
FBGN0286893	0	0	0	0	0	0
FBGN0040475	105	69	84	121	149	138
FBGN0037107	0	0	1	0	0	0
FBGN0011653	281	289	251	349	509	489
FBGN0002778	77	110	53	127	178	206
FBGN0052376	0	0	0	0	0	0
FBGN0010235	230	230	182	232	284	326
FBGN0053983	0	0	0	0	0	48
FBGN0035607	0	0	4	0	0	0
FBGN0035844	414	558	339	655	961	1011
FBGN0036801	14	5	4	18	27	23
FBGN0052407	0	0	3	0	0	1
FBGN0036687	0	0	0	0	0	1
FBGN0035831	30	17	27	40	27	37
FBGN0028999	0	0	0	0	0	0
FBGN0035256	0	0	0	0	0	0
FBGN0053710	0	0	0	0	0	0
FBGN0036286	78	76	40	87	109	126
FBGN0036391	0	0	2	0	1	0
FBGN0040322	4	16	12	4	11	8
FBGN0035529	15	14	8	12	24	25
FBGN0036591	0	0	0	0	1	0
FBGN0037001	88	88	109	140	184	187
FBGN0261635	0	0	0	0	0	0
FBGN0036342	8	3	9	16	18	15
FBGN0037076	8	1	7	3	3	12
FBGN0036498	0	0	0	0	0	0
FBGN0037008	22	31	23	36	36	40
FBGN0020637	0	0	0	0	0	0
FBGN0260965	40	22	31	62	81	75
FBGN0040298	18	14	29	36	41	34
FBGN0036366	1	0	3	3	15	14
FBGN0020638	0	0	0	0	0	0
FBGN0000541	675	584	544	722	921	956
FBGN0036263	84	55	94	81	134	144
FBGN0036085	0	0	0	0	0	0
FBGN0035551	0	0	197	1	0	1
FBGN0053523	12	12	11	14	31	6
FBGN0035577	0	0	0	0	0	0
FBGN0035656	0	1	2	0	1	0
FBGN0036629	24	9	6	14	15	15
FBGN0259163	35	61	25	51	85	70
FBGN0036639	0	0	0	0	0	0
FBGN0035413	0	0	0	0	0	0
FBGN0036518	132	140	95	122	191	141
FBGN0052039	6	0	2	20	11	11
FBGN0052198	0	44	2	0	0	0
FBGN0035383	88	37	49	66	117	101
FBGN0027080	208	157	165	248	282	304
FBGN0035889	51	34	41	40	42	35
FBGN0000357	0	0	0	0	0	0
FBGN0036411	0	0	0	0	0	0
FBGN0036024	0	0	0	0	1	0
FBGN0035685	0	0	0	0	0	0
FBGN0052163	16	2	1	3	8	14
FBGN0011509	74	37	47	68	129	124
FBGN0015946	0	0	0	0	0	0
FBGN0263599	818	672	726	895	1321	1325
FBGN0035209	36	17	18	31	54	31
FBGN0035686	0	0	0	0	0	0
FBGN0036909	44	32	36	42	31	34
FBGN0035483	14	4	5	6	11	8
FBGN0036273	0	0	1	0	0	0
FBGN0261360	0	0	0	0	0	0
FBGN0036999	17	0	22	23	27	29
FBGN0266124	32	11	6	26	27	33
FBGN0010352	332	231	283	418	651	634
FBGN0036504	0	0	0	0	0	0
FBGN0036622	0	0	0	0	3	0
FBGN0261283	270	190	245	317	473	404
FBGN0036020	13	30	7	28	22	29
FBGN0035947	194	164	170	285	346	295
FBGN0261799	16	9	10	16	15	14
FBGN0036940	2	2	0	3	5	349
FBGN0040809	0	0	0	0	0	0
FBGN0010830	25	41	18	39	66	52
FBGN0264307	1	0	1	2	3	0
FBGN0040230	61	63	59	111	141	128
FBGN0036522	173	103	159	201	263	208
FBGN0035437	99	91	121	162	239	221
FBGN0036872	0	0	0	0	0	0
FBGN0262484	0	0	0	0	0	0
FBGN0259785	780	690	731	906	1194	1264
FBGN0260643	0	0	0	0	0	0
FBGN0261723	0	0	0	0	0	0
FBGN0035380	0	0	0	0	0	0
FBGN0035636	0	0	1	4	6	7
FBGN0035553	2	2	6	2	3	6
FBGN0037185	7	0	4	7	10	2
FBGN0035583	0	0	0	1	0	5
FBGN0020642	0	0	0	0	0	0
FBGN0036574	29	29	32	42	60	54
FBGN0035791	0	0	0	0	3	0
FBGN0262351	0	0	0	0	0	0
FBGN0250814	134	114	129	179	295	353
FBGN0036000	50	39	17	66	60	96
FBGN0036218	0	0	0	0	0	0
FBGN0020294	196	181	187	212	264	320
FBGN0035824	1	0	6	7	12	7
FBGN0037195	0	0	0	0	0	0
FBGN0036942	0	0	0	1	0	0
FBGN0035988	0	0	0	1	0	0
FBGN0052260	0	0	0	0	1	0
FBGN0267429	0	0	0	0	0	0
FBGN0262100	0	0	0	0	0	0
FBGN0035453	0	0	0	0	0	0
FBGN0036360	0	0	0	0	1	0
FBGN0037068	0	0	0	0	0	0
FBGN0052432	0	0	0	0	0	0
FBGN0037031	9	10	7	14	20	28
FBGN0263605	95	70	74	92	111	138
FBGN0035335	31	5	32	44	59	60
FBGN0036935	0	0	0	0	0	0
FBGN0040697	0	0	0	0	0	0
FBGN0036793	0	0	0	0	0	0
FBGN0260635	330	348	280	452	847	677
FBGN0035152	2	0	2	3	4	7
FBGN0017429	10	9	13	17	17	7
FBGN0052112	5	9	3	5	7	10
FBGN0036962	0	2	0	0	0	0
FBGN0003206	44	26	28	44	73	48
FBGN0035665	0	1	3	2	2	0
FBGN0263988	0	0	0	0	0	0
FBGN0035785	0	0	0	0	0	0
FBGN0035625	113	111	32	154	296	214
FBGN0035521	0	0	1	0	0	0
FBGN0004425	0	0	0	0	0	0
FBGN0036096	138	203	136	211	276	241
FBGN0052117	0	0	0	0	0	0
FBGN0035238	18	13	11	21	34	34
FBGN0016794	52	70	51	53	117	85
FBGN0041775	494	538	471	629	849	924
FBGN0259481	9	22	16	23	15	39
FBGN0267849	30	28	34	28	43	38
FBGN0042131	0	0	0	0	0	0
FBGN0036590	0	0	0	1	0	2
FBGN0053278	0	0	0	0	0	0
FBGN0260941	33	15	22	50	36	65
FBGN0261574	696	551	590	813	1116	1077
FBGN0001108	173	172	185	207	312	313
FBGN0035312	0	0	0	2	1	0
FBGN0001253	930	1060	406	1636	2558	1982
FBGN0260968	0	0	0	0	0	0
FBGN0036170	0	0	0	0	0	0
FBGN0036014	0	0	0	0	1	0
FBGN0036684	36	44	30	35	50	62
FBGN0027660	160	127	124	137	231	189
FBGN0052371	0	0	0	0	0	0
FBGN0035272	21	12	27	37	40	49
FBGN0035153	11	5	2	1	1	0
FBGN0266696	218	207	209	221	327	249
FBGN0035240	0	0	0	0	0	0
FBGN0264707	55	37	29	50	62	83
FBGN0001256	0	0	0	5	16	4
FBGN0063670	48	60	36	46	33	38
FBGN0261294	0	0	0	0	0	0
FBGN0263034	0	0	0	0	0	0
FBGN0035888	0	0	0	0	0	0
FBGN0041171	203	201	136	250	475	419
FBGN0003462	325	177	247	364	467	535
FBGN0036279	211	174	143	166	236	208
FBGN0004635	0	1	1	3	3	4
FBGN0036750	0	0	0	3	0	1
FBGN0036729	0	0	0	0	0	0
FBGN0052266	0	0	0	0	0	0
FBGN0260936	171	184	163	192	277	246
FBGN0035743	0	0	0	0	0	0
FBGN0266101	52	24	48	53	83	77
FBGN0011693	0	0	0	0	0	0
FBGN0036410	0	5	0	2	0	1
FBGN0047000	0	0	0	0	0	0
FBGN0052457	0	0	0	0	0	0
FBGN0036382	2	0	1	11	7	1
FBGN0035523	325	245	238	410	536	499
FBGN0035563	0	0	0	0	0	0
FBGN0036417	0	0	0	0	4	0
FBGN0037199	118	60	71	101	140	155
FBGN0083952	15	6	1	5	11	10
FBGN0036199	9	13	1	5	7	8
FBGN0040796	2	0	4	25	60	34
FBGN0036221	0	0	0	0	0	0
FBGN0263647	0	0	0	0	0	0
FBGN0052190	291	276	214	281	469	414
FBGN0010215	458	449	462	524	558	583
FBGN0035179	0	0	1	0	2	0
FBGN0264516	0	0	0	0	0	0
FBGN0036859	0	0	0	0	0	0
FBGN0035867	36	10	43	24	43	44
FBGN0036433	56	38	27	104	258	142
FBGN0036598	0	0	0	0	0	0
FBGN0035969	0	0	3	0	0	0
FBGN0035750	0	0	0	0	0	0
FBGN0036225	0	0	0	0	0	11
FBGN0035687	0	0	0	0	0	0
FBGN0036705	0	0	0	0	0	0
FBGN0036918	118	93	78	146	110	154
FBGN0036547	107	155	160	163	226	220
FBGN0261858	0	0	0	0	0	0
FBGN0036466	0	0	0	0	0	0
FBGN0052277	0	0	0	0	0	0
FBGN0035228	53	87	49	55	98	92
FBGN0261952	0	0	0	0	0	0
FBGN0036826	5	14	2	5	6	8
FBGN0035533	117	166	112	176	247	204
FBGN0037206	0	0	0	1	0	0
FBGN0260987	206	134	192	234	246	210
FBGN0035793	237	131	218	257	448	394
FBGN0266084	47	26	47	86	100	102
FBGN0004381	5	6	6	13	5	6
FBGN0028429	37	31	32	29	25	53
FBGN0036952	0	0	0	21	5	590
FBGN0004449	791	647	642	998	1512	1495
FBGN0042119	0	0	0	0	0	0
FBGN0036487	80	90	69	117	155	103
FBGN0052249	2	2	1	1	4	1
FBGN0260396	0	0	0	0	0	0
FBGN0014011	42	32	35	57	104	97
FBGN0040801	7	7	3	27	63	52
FBGN0027554	64	63	45	67	97	78
FBGN0052192	0	0	0	0	0	0
FBGN0037036	0	0	0	0	0	0
FBGN0262896	0	0	0	0	0	0
FBGN0036556	51	80	56	71	101	92
FBGN0000116	1009	832	772	1164	1825	1710
FBGN0036381	1	0	0	1	6	3
FBGN0036191	39	39	41	86	121	90
FBGN0037005	0	0	0	0	0	0
FBGN0036217	0	0	0	0	0	0
FBGN0052238	0	0	0	0	0	0
FBGN0036610	0	0	0	0	0	0
FBGN0035432	44	60	47	87	155	144
FBGN0036195	0	0	0	0	0	0
FBGN0266441	45	9	40	66	85	69
FBGN0036596	7	6	6	1	3	6
FBGN0286833	1	0	0	1	6	2
FBGN0037203	1	0	0	0	1	0
FBGN0037071	10	3	9	4	30	22
FBGN0041100	23	17	17	22	31	27
FBGN0029117	20	14	8	21	22	20
FBGN0052203	0	0	0	0	0	0
FBGN0053170	31	27	14	23	35	17
FBGN0026570	23	9	26	4	13	13
FBGN0265084	0	0	0	0	0	0
FBGN0036730	0	0	0	0	1	0
FBGN0053060	0	0	0	0	0	0
FBGN0261059	2	0	0	0	0	0
FBGN0035586	17	8	20	23	23	25
FBGN0285896	23	12	27	27	41	51
FBGN0035393	27	38	20	49	48	38
FBGN0288310	40	40	41	56	62	58
FBGN0036259	0	0	0	0	0	0
FBGN0052479	286	341	307	439	587	569
FBGN0035776	0	0	0	0	0	0
FBGN0036752	0	0	1	5	5	6
FBGN0052320	0	0	0	0	0	0
FBGN0036058	62	37	82	128	211	170
FBGN0036053	127	78	111	101	183	145
FBGN0036178	0	0	0	0	0	0
FBGN0037106	49	18	36	51	74	52
FBGN0035268	32	31	29	33	47	54
FBGN0035216	0	0	0	0	0	0
FBGN0037181	222	120	120	30	50	68
FBGN0035876	8	1	10	7	15	11
FBGN0035788	0	0	0	0	0	0
FBGN0035675	57	25	39	47	91	70
FBGN0086694	237	173	182	233	329	310
FBGN0036029	0	0	0	0	0	0
FBGN0035294	77	83	56	64	84	60
FBGN0023129	0	0	4	6	24	21
FBGN0011828	6	14	13	18	37	37
FBGN0261402	0	0	0	0	0	0
FBGN0036881	0	0	0	0	0	0
FBGN0035574	43	46	38	42	75	43
FBGN0037011	41	45	33	46	46	58
FBGN0058470	0	2	4	0	0	1
FBGN0085485	0	0	0	0	0	0
FBGN0013303	12	48	30	32	26	16
FBGN0036220	0	0	0	0	0	0
FBGN0035741	0	0	0	0	0	0
FBGN0000121	0	0	1	0	0	0
FBGN0028695	838	714	720	916	1492	1456
FBGN0035694	0	0	0	0	0	0
FBGN0035370	630	655	560	531	782	706
FBGN0052100	12	28	5	15	21	25
FBGN0037120	3	2	1	3	7	6
FBGN0035444	9	1	3	8	15	19
FBGN0259175	85	48	76	113	145	129
FBGN0016034	5	6	2	0	1	2
FBGN0053796	0	0	0	0	0	0
FBGN0036810	0	0	0	0	0	0
FBGN0035742	0	0	0	0	0	0
FBGN0035409	1	4	0	0	1	0
FBGN0036621	47	24	11	38	67	51
FBGN0020655	37	33	41	76	118	144
FBGN0001227	381	341	245	239	319	289
FBGN0035166	9	10	2	9	14	18
FBGN0042185	19	19	18	23	30	17
FBGN0004870	0	3	0	0	2	1
FBGN0036421	0	0	0	0	0	0
FBGN0028789	59	72	42	55	97	71
FBGN0036742	0	6	0	0	6	6
FBGN0036131	0	0	0	0	0	0
FBGN0015283	319	254	282	371	503	520
FBGN0035422	511	426	392	450	780	656
FBGN0262030	0	0	0	0	0	0
FBGN0085298	0	0	0	0	0	0
FBGN0085458	0	0	0	0	0	0
FBGN0036804	18	16	6	5	10	12
FBGN0036663	396	231	329	443	569	559
FBGN0013753	95	85	82	86	124	133
FBGN0037024	107	58	62	104	158	129
FBGN0264305	40	42	33	54	91	65
FBGN0036040	4	1	2	13	16	18
FBGN0036681	0	0	0	0	0	0
FBGN0035517	25	23	7	17	36	20
FBGN0052219	0	0	0	0	0	0
FBGN0035550	0	0	0	5	1	0
FBGN0052284	1	0	0	0	0	0
FBGN0250848	743	667	720	1175	1586	1403
FBGN0036614	16	38	23	15	38	19
FBGN0037146	0	0	0	4	4	3
FBGN0052241	0	0	0	0	0	0
FBGN0263600	134	66	110	143	150	181
FBGN0036448	300	262	273	337	457	468
FBGN0052271	0	0	0	0	0	0
FBGN0016983	524	507	533	567	774	841
FBGN0028484	56	27	52	51	88	101
FBGN0047038	47	55	32	50	68	62
FBGN0052374	0	0	0	0	0	0
FBGN0035299	0	0	0	0	0	0
FBGN0026738	23	10	29	16	65	44
FBGN0027547	54	106	73	75	167	116
FBGN0037085	0	0	0	0	0	0
FBGN0264747	0	0	0	0	0	0
FBGN0004926	306	366	306	419	542	653
FBGN0035464	189	284	224	288	470	380
FBGN0013799	40	62	33	53	111	109
FBGN0014163	2516	2514	2237	3042	4747	4392
FBGN0035434	0	0	0	0	2	0
FBGN0263602	7	0	14	4	14	9
FBGN0035513	1	2	0	0	5	0
FBGN0036569	28	15	13	41	35	20
FBGN0026259	483	387	454	525	773	850
FBGN0027552	6	6	8	11	20	30
FBGN0001320	46	22	30	64	108	77
FBGN0014037	119	63	95	152	174	168
FBGN0001168	55	67	57	59	109	115
FBGN0036390	0	0	0	0	0	0
FBGN0085280	0	0	0	0	0	10
FBGN0037182	150	90	118	132	208	165
FBGN0283472	91	85	93	101	142	116
FBGN0036310	0	0	0	0	0	0
FBGN0036287	21	18	15	28	26	29
FBGN0035388	41	71	27	43	92	105
FBGN0261633	0	0	0	0	0	0
FBGN0011206	0	0	6	4	5	5
FBGN0036588	0	0	0	0	0	0
FBGN0262022	0	0	0	0	0	0
FBGN0035593	78	68	100	98	121	116
FBGN0027843	5	3	0	1	1	0
FBGN0043806	0	0	1	0	0	0
FBGN0036089	0	0	0	0	0	0
FBGN0040296	28	4	10	9	21	18
FBGN0035663	0	0	0	0	0	0
FBGN0035478	0	0	0	0	0	0
FBGN0035375	48	48	32	75	69	68
FBGN0052177	14	8	32	35	58	44
FBGN0266709	0	0	0	0	3	1
FBGN0036124	226	201	265	221	236	297
FBGN0262007	0	0	0	0	0	0
FBGN0020389	46	23	38	61	111	77
FBGN0040694	0	0	0	0	0	0
FBGN0052243	87	92	79	131	128	103
FBGN0087007	274	268	155	370	486	389
FBGN0266918	59	61	53	37	66	40
FBGN0004373	143	147	114	179	215	192
FBGN0261832	0	0	0	0	0	0
FBGN0021760	233	173	155	231	332	259
FBGN0036181	5	111	2	0	0	0
FBGN0000109	6	7	8	4	10	11
FBGN0020300	12	9	12	15	22	37
FBGN0053703	0	0	0	0	0	0
FBGN0036905	0	0	0	0	0	0
FBGN0004895	0	0	0	0	0	0
FBGN0035756	0	0	1	0	0	0
FBGN0053287	0	0	0	0	0	0
FBGN0035649	0	0	0	0	0	0
FBGN0035382	0	0	0	0	0	0
FBGN0286933	0	0	0	0	0	0
FBGN0040794	0	0	0	0	0	0
FBGN0035907	16	16	16	20	17	31
FBGN0036659	0	0	4	0	0	3
FBGN0003741	12	12	26	24	22	23
FBGN0020639	1	0	0	0	0	0
FBGN0010762	165	119	128	230	381	298
FBGN0036206	1	0	0	0	3	1
FBGN0261112	76	62	41	49	71	54
FBGN0035674	2	1	1	4	3	3
FBGN0004179	84	59	91	107	206	153
FBGN0052343	58	39	42	63	81	91
FBGN0010741	85	81	45	61	102	82
FBGN0053986	0	0	0	0	0	3
FBGN0003377	20	323	0	5	1	6
FBGN0085285	0	0	0	0	0	0
FBGN0086690	160	108	133	169	180	152
FBGN0037050	1	3	1	6	4	3
FBGN0250849	0	0	0	0	0	0
FBGN0260960	26	12	49	28	86	75
FBGN0083978	44	49	40	49	124	73
FBGN0036671	46	20	41	41	36	52
FBGN0036731	0	0	0	0	0	0
FBGN0035384	0	0	0	0	0	0
FBGN0035786	0	0	0	0	0	0
FBGN0036449	2	0	0	5	1	1
FBGN0036298	136	90	98	107	190	164
FBGN0013469	91	61	56	93	178	118
FBGN0035112	0	0	0	0	0	0
FBGN0259164	1	3	2	0	1	2
FBGN0036712	0	0	0	0	0	0
FBGN0263392	641	654	707	891	1332	1405
FBGN0025592	36	25	25	58	80	75
FBGN0037014	0	0	0	0	0	0
FBGN0036509	111	65	106	190	197	150
FBGN0036679	0	0	0	0	0	0
FBGN0035631	184	204	202	311	381	354
FBGN0025676	37	4	22	27	18	15
FBGN0036356	15	14	12	21	20	28
FBGN0036474	0	0	0	0	0	0
FBGN0000560	0	7	3	0	1	2
FBGN0035868	6	0	5	3	0	2
FBGN0037009	24	14	24	34	50	40
FBGN0035679	12	32	32	9	25	16
FBGN0036754	53	28	37	50	60	68
FBGN0003415	210	286	204	247	439	326
FBGN0036441	0	0	0	0	0	0
FBGN0037109	161	228	175	183	249	237
FBGN0035771	199	203	198	277	449	413
FBGN0036789	0	0	0	3	1	1
FBGN0052056	26	30	21	59	124	76
FBGN0036829	0	0	0	0	0	0
FBGN0260459	0	0	0	0	0	0
FBGN0036707	0	0	0	0	0	0
FBGN0035780	0	0	0	0	0	0
FBGN0011455	84	105	106	165	189	202
FBGN0261674	21	12	1	19	24	31
FBGN0037116	39	14	19	23	42	39
FBGN0036732	155	158	145	232	379	284
FBGN0011769	12	3	11	4	26	15
FBGN0040239	9	0	0	0	8	6
FBGN0017578	40	35	38	57	67	49
FBGN0036154	0	3	1	0	0	0
FBGN0085736	0	0	0	0	1	0
FBGN0287590	1	1	0	7	11	1
FBGN0036023	0	0	0	0	0	0
FBGN0266452	351	181	270	351	432	439
FBGN0035996	12	5	10	11	16	17
FBGN0262581	0	0	0	0	0	0
FBGN0036862	3	11	6	5	13	7
FBGN0020248	0	0	0	0	0	0
FBGN0052058	0	0	0	0	0	0
FBGN0264606	0	0	0	0	0	0
FBGN0287186	0	0	6	0	0	0
FBGN0036519	25	33	16	40	33	23
FBGN0035149	54	41	39	51	88	70
FBGN0036336	17	15	19	21	58	45
FBGN0259916	1	0	0	7	4	0
FBGN0052212	0	0	0	0	0	0
FBGN0264561	272	225	255	289	493	433
FBGN0036667	72	55	53	101	114	131
FBGN0036603	0	0	0	1	0	0
FBGN0261562	20	20	20	27	45	51
FBGN0259971	0	0	0	0	0	0
FBGN0036929	142	84	67	133	121	161
FBGN0004401	1440	1318	1228	1497	2076	2263
FBGN0036184	78	100	67	70	92	120
FBGN0035197	0	0	0	0	0	0
FBGN0027364	0	0	0	0	0	0
FBGN0035617	91	53	103	125	183	161
FBGN0040798	0	0	0	0	0	0
FBGN0035134	0	0	0	0	0	0
FBGN0035871	184	173	156	212	310	298
FBGN0036868	0	0	0	0	0	0
FBGN0002284	220	191	175	294	484	426
FBGN0036770	2	0	10	10	19	10
FBGN0023197	0	0	0	0	0	0
FBGN0287585	53	33	50	69	99	88
FBGN0263036	0	0	0	0	0	0
FBGN0035678	0	0	0	0	0	0
FBGN0036698	4	4	6	9	12	26
FBGN0035287	0	0	0	0	0	0
FBGN0053771	0	0	0	0	0	0
FBGN0035847	0	0	0	0	0	0
FBGN0052071	0	0	0	0	0	0
FBGN0004590	0	0	0	0	0	0
FBGN0036996	0	1	1	1	0	0
FBGN0028427	111	89	100	110	148	151
FBGN0035816	0	0	0	0	2	0
FBGN0001226	3098	2889	2358	4971	7132	6128
FBGN0053688	0	0	0	0	0	0
FBGN0035477	0	0	1	0	0	0
FBGN0004513	0	0	1	0	0	1
FBGN0036099	26	22	21	43	79	59
FBGN0036136	60	90	46	86	151	130
FBGN0022774	1	10	9	13	7	2
FBGN0035853	92	72	81	125	134	125
FBGN0036052	34	13	21	29	42	30
FBGN0035481	0	0	1	0	0	0
FBGN0287696	22	24	6	26	41	39
FBGN0054039	20	20	24	22	26	27
FBGN0014073	15	25	21	31	21	32
FBGN0262035	0	0	2	0	1	0
FBGN0036985	0	3	2	2	0	18
FBGN0036908	220	238	171	234	382	326
FBGN0037045	6	0	2	0	2	8
FBGN0035612	403	445	269	664	1095	806
FBGN0052453	0	0	0	0	0	0
FBGN0035318	53	46	49	82	94	102
FBGN0052087	0	0	0	0	0	0
FBGN0004852	0	0	1	0	0	0
FBGN0040832	0	0	0	0	1	2
FBGN0010417	80	25	78	90	137	171
FBGN0261934	141	186	168	199	290	317
FBGN0044050	0	0	0	0	0	0
FBGN0262855	0	0	0	0	0	0
FBGN0036266	7	19	3	12	13	18
FBGN0025582	614	634	497	719	1071	952
FBGN0035866	18	41	13	36	38	54
FBGN0036821	16	4	14	16	15	40
FBGN0259720	14	20	22	21	21	41
FBGN0036760	7	8	8	11	11	24
FBGN0023479	5	25	9	2	9	7
FBGN0037172	0	0	0	0	0	0
FBGN0063485	92	104	90	120	225	195
FBGN0035737	10	0	10	14	17	29
FBGN0052103	45	36	44	26	75	57
FBGN0261090	0	0	3	0	0	0
FBGN0035823	0	0	0	0	0	0
FBGN0036941	0	0	0	0	0	0
FBGN0037065	0	1	0	0	0	1
FBGN0036579	14	9	24	18	20	19
FBGN0259969	0	0	0	0	0	0
FBGN0001216	0	0	0	0	0	0
FBGN0036500	108	101	86	152	178	232
FBGN0035779	0	0	0	0	1	0
FBGN0000594	0	3	1	0	0	0
FBGN0263831	27	12	10	20	14	18
FBGN0037163	0	0	0	0	0	0
FBGN0011327	231	253	223	280	377	316
FBGN0036811	36	45	61	47	86	70
FBGN0026320	72	80	62	99	136	131
FBGN0036994	24	38	26	25	49	40
FBGN0261445	77	65	53	93	143	136
FBGN0005533	566	425	463	650	982	921
FBGN0035942	19	2	24	10	25	40
FBGN0259739	0	0	0	0	0	0
FBGN0043025	0	0	0	0	0	0
FBGN0261565	90	76	66	68	108	137
FBGN0259174	105	92	122	192	216	229
FBGN0052436	0	1	1	4	0	0
FBGN0036237	93	68	38	67	104	94
FBGN0004589	0	0	0	0	0	0
FBGN0036377	0	0	0	0	0	0
FBGN0262719	152	196	143	202	303	294
FBGN0035936	29	21	18	47	54	56
FBGN0003089	32	58	25	76	92	82
FBGN0027339	200	248	177	290	432	386
FBGN0036022	0	0	0	0	0	0
FBGN0003710	0	0	0	0	0	0
FBGN0037150	38	34	27	36	73	72
FBGN0035861	0	0	0	0	0	0
FBGN0011569	0	0	0	0	0	0
FBGN0264696	0	0	0	0	0	0
FBGN0262813	0	0	0	0	0	0
FBGN0036915	84	83	102	105	143	125
FBGN0052095	21	29	20	35	65	46
FBGN0052152	0	0	0	0	0	0
FBGN0035285	10	21	9	17	21	20
FBGN0026263	76	112	81	189	212	162
FBGN0259243	76	63	49	68	128	100
FBGN0052301	0	0	0	0	0	0
FBGN0005694	19	22	20	37	49	58
FBGN0001228	0	0	0	0	2	0
FBGN0035916	24	45	33	31	31	41
FBGN0263241	20	3	11	10	12	14
FBGN0035720	654	267	494	441	821	600
FBGN0036490	0	0	0	0	0	0
FBGN0085277	0	0	0	0	0	0
FBGN0287184	0	2	71	3	4	7
FBGN0036924	0	0	0	0	0	0
FBGN0035263	0	0	0	0	0	0
FBGN0266962	0	0	0	0	0	0
FBGN0035762	49	57	36	36	57	88
FBGN0036668	143	146	119	148	220	214
FBGN0036527	0	0	0	0	0	0
FBGN0035800	0	0	0	0	0	0
FBGN0286941	0	0	0	0	0	0
FBGN0040020	50	62	54	75	89	93
FBGN0036775	29	22	39	30	34	35
FBGN0001254	5510	6644	2886	12599	17418	14553
FBGN0036676	0	0	0	0	3	0
FBGN0262524	4	2	4	7	5	1
FBGN0263352	158	68	101	175	288	203
FBGN0052085	0	0	0	0	0	0
FBGN0035246	0	1	4	0	0	0
FBGN0035187	0	0	2	0	0	0
FBGN0035470	27	18	22	33	52	62
FBGN0041231	0	0	0	0	0	0
FBGN0262986	0	0	0	0	0	0
FBGN0052311	68	64	70	70	59	73
FBGN0053159	0	0	0	0	0	0
FBGN0035918	38	22	33	31	74	70
FBGN0036977	0	0	0	0	0	0
FBGN0035584	0	0	0	0	0	0
FBGN0037179	0	0	0	0	0	0
FBGN0036856	13	21	18	15	30	17
FBGN0035690	29	20	28	40	73	35
FBGN0036436	186	243	84	287	416	393
FBGN0015919	92	88	74	139	181	174
FBGN0036332	12	6	3	13	22	12
FBGN0004228	0	0	0	0	0	0
FBGN0263973	0	0	0	0	0	0
FBGN0052208	0	0	0	0	0	0
FBGN0052228	0	0	0	0	0	0
FBGN0035227	47	46	54	67	87	92
FBGN0037127	41	10	50	16	26	22
FBGN0036368	0	0	1	0	0	0
FBGN0052406	0	0	0	0	0	0
FBGN0035975	0	0	0	0	0	0
FBGN0036816	165	194	185	245	357	303
FBGN0035097	0	0	0	0	0	0
FBGN0052029	35	35	28	64	57	66
FBGN0053912	0	0	0	0	0	0
FBGN0000565	57	39	60	73	80	92
FBGN0001085	121	123	161	209	348	295
FBGN0035253	224	197	201	208	241	258
FBGN0035281	0	0	0	1	0	0
FBGN0036764	41	19	43	68	106	94
FBGN0035856	5	0	0	0	0	0
FBGN0029002	687	886	509	926	1170	998
FBGN0036777	5	8	1	8	6	4
FBGN0036512	114	47	84	128	153	146
FBGN0036075	0	0	0	0	0	0
FBGN0267796	0	0	1	1	1	0
FBGN0035196	0	0	0	0	0	0
FBGN0004569	12	26	19	16	43	37
FBGN0037017	17	10	12	24	23	13
FBGN0052262	0	0	0	0	0	0
FBGN0036396	10	6	3	3	22	10
FBGN0036186	0	0	0	0	0	0
FBGN0036795	0	0	0	0	0	0
FBGN0036428	6	2	7	12	8	10
FBGN0054002	0	0	0	0	0	0
FBGN0036900	2	7	4	9	20	7
FBGN0025525	45	98	47	89	178	112
FBGN0042179	0	0	0	0	0	0
FBGN0035875	0	0	0	0	0	0
FBGN0035491	0	0	0	0	0	0
FBGN0011016	311	312	262	410	566	569
FBGN0264492	444	378	352	528	539	521
FBGN0035760	9	2	11	8	46	10
FBGN0035890	25	7	22	14	28	32
FBGN0036389	77	56	67	99	152	146
FBGN0035499	157	119	153	196	298	343
FBGN0035344	1	3	0	0	1	0
FBGN0035710	233	196	280	185	283	304
FBGN0264552	0	0	0	0	0	0
FBGN0035851	85	83	106	119	133	118
FBGN0036488	37	29	10	24	35	40
FBGN0035642	0	0	0	4	0	1
FBGN0035995	46	32	31	67	92	63
FBGN0036870	0	0	0	0	0	1
FBGN0035217	0	0	0	0	0	0
FBGN0035626	0	0	0	0	0	0
FBGN0036827	46	67	46	45	49	69
FBGN0085481	0	0	0	0	0	0
FBGN0047330	0	0	0	0	0	0
FBGN0085284	17	3	13	8	17	21
FBGN0010280	85	145	110	131	202	168
FBGN0037147	0	0	0	0	0	0
FBGN0036606	0	0	1	0	0	1
FBGN0036706	0	0	0	0	0	0
FBGN0036484	70	50	59	94	102	103
FBGN0025712	0	0	0	0	0	0
FBGN0036537	43	56	46	59	68	47
FBGN0036254	96	74	77	95	101	111
FBGN0262891	0	0	0	0	0	0
FBGN0028567	0	0	0	0	0	0
FBGN0259791	15	32	20	14	33	30
FBGN0085271	3	0	1	0	2	1
FBGN0015033	0	0	0	0	0	0
FBGN0037063	25	27	23	20	40	15
FBGN0035541	117	164	94	128	145	150
FBGN0004430	2	0	0	0	0	0
FBGN0259794	0	0	0	0	0	0
FBGN0035165	199	152	122	234	369	341
FBGN0004379	249	163	203	230	273	313
FBGN0036063	4	3	9	21	11	14
FBGN0043577	0	0	0	0	0	0
FBGN0086706	210	221	231	229	360	399
FBGN0003149	1	2	0	1	4	4
FBGN0025807	10	25	31	13	26	26
FBGN0036090	18	29	7	9	7	15
FBGN0260755	15	18	12	11	24	17
FBGN0036147	118	101	127	147	181	180
FBGN0260985	179	93	176	176	207	227
FBGN0035624	45	11	15	22	35	43
FBGN0015766	1021	813	861	1353	2086	1871
FBGN0286051	112	45	83	127	160	153
FBGN0037019	39	43	51	49	53	79
FBGN0000414	79	25	28	86	85	90
FBGN0014143	0	0	0	0	0	0
FBGN0035703	26	34	27	43	34	53
FBGN0036224	1	0	0	0	3	0
FBGN0053288	0	0	0	0	0	0
FBGN0260795	50	12	36	36	66	66
FBGN0020633	518	478	401	552	717	786
FBGN0036309	34	21	32	38	47	44
FBGN0023094	47	43	19	34	79	53
FBGN0035917	0	12	0	0	3	0
FBGN0287182	733	550	535	691	774	680
FBGN0036486	118	90	114	163	269	236
FBGN0004552	0	0	0	0	0	0
FBGN0044028	51	109	55	79	139	132
FBGN0250789	1581	1218	1408	1823	2720	2463
FBGN0036246	0	0	0	0	0	0
FBGN0265089	0	0	0	0	0	0
FBGN0035154	0	3	0	0	1	2
FBGN0036066	0	0	0	0	0	0
FBGN0286567	49	41	64	70	121	84
FBGN0035900	16	18	10	26	47	30
FBGN0264478	0	0	0	1	0	1
FBGN0029167	49	35	55	34	55	60
FBGN0035231	0	0	0	0	0	0
FBGN0035515	129	47	95	95	107	96
FBGN0010333	75	151	54	96	148	128
FBGN0044049	0	0	0	0	0	0
FBGN0035880	1	0	0	2	0	0
FBGN0266347	4	0	1	0	0	0
FBGN0035141	74	60	70	46	79	85
FBGN0005536	209	176	156	246	275	290
FBGN0028500	44	52	24	51	81	76
FBGN0035121	1482	1244	1168	1717	2444	2516
FBGN0262529	0	0	0	1	0	0
FBGN0053269	0	0	0	0	0	0
FBGN0053647	0	0	0	0	0	0
FBGN0036107	54	48	20	38	60	55
FBGN0263387	0	0	0	0	0	0
FBGN0010894	241	206	171	205	271	258
FBGN0035169	11	3	12	8	10	17
FBGN0035872	245	268	250	310	524	461
FBGN0085411	5	13	7	0	1	1
FBGN0261361	0	0	0	0	0	0
FBGN0035641	0	0	0	5	1	3
FBGN0035726	168	119	166	278	375	360
FBGN0260442	371	232	297	441	547	534
FBGN0085447	0	0	1	0	0	0
FBGN0003378	1	66	1	1	0	3
FBGN0036850	30	70	27	30	42	63
FBGN0028663	13	27	11	32	32	32
FBGN0036282	0	0	0	4	4	1
FBGN0004052	0	0	0	0	0	0
FBGN0036462	64	69	72	93	118	106
FBGN0052396	0	0	0	0	0	0
FBGN0036007	186	339	147	281	401	383
FBGN0052259	0	0	0	0	0	0
FBGN0037186	2	0	5	2	0	4
FBGN0036300	31	35	13	40	70	42
FBGN0036583	0	0	0	0	0	0
FBGN0052073	0	0	0	0	0	0
FBGN0000411	0	0	0	0	0	0
FBGN0035140	3	12	2	5	5	10
FBGN0003042	34	16	36	31	59	45
FBGN0085300	0	0	5	0	0	0
FBGN0035458	0	0	0	0	0	0
FBGN0035812	23	21	14	31	45	26
FBGN0041147	70	58	69	82	84	84
FBGN0035293	1	13	2	7	6	3
FBGN0053285	0	0	0	0	0	0
FBGN0262623	0	0	0	0	0	0
FBGN0052109	32	32	19	23	25	30
FBGN0036072	0	0	0	0	0	0
FBGN0004623	0	0	0	0	0	0
FBGN0052305	0	0	0	0	0	0
FBGN0035827	42	43	29	31	63	51
FBGN0035708	0	0	0	0	0	1
FBGN0036161	0	0	0	0	0	0
FBGN0036825	1194	1170	995	1315	2248	2037
FBGN0036969	0	0	0	0	0	0
FBGN0036534	235	183	219	236	415	344
FBGN0046296	13	14	18	18	32	18
FBGN0035879	68	66	65	113	109	93
FBGN0045759	0	0	0	0	0	0
FBGN0035727	0	0	0	0	0	0
FBGN0037124	0	0	0	0	0	0
FBGN0036294	0	0	0	0	0	0
FBGN0036353	32	32	22	13	37	50
FBGN0035733	0	0	0	0	0	0
FBGN0052110	0	0	0	0	2	0
FBGN0035449	15	26	15	14	23	34
FBGN0003250	0	0	0	0	0	0
FBGN0035181	16	20	15	25	55	33
FBGN0266417	2	0	1	2	1	0
FBGN0283649	52	33	44	67	85	79
FBGN0260655	111	58	47	97	111	115
FBGN0004636	119	137	107	141	174	127
FBGN0035488	40	54	22	46	73	57
FBGN0037121	111	108	79	137	159	180
FBGN0037073	267	241	191	259	343	395
FBGN0035512	0	22	0	3	1	2
FBGN0035568	0	0	0	0	0	0
FBGN0052026	0	0	0	0	0	0
FBGN0040512	199	163	180	228	280	250
FBGN0263219	0	0	1	26	51	33
FBGN0026189	199	187	184	252	361	379
FBGN0040814	0	0	0	0	0	0
FBGN0052461	0	0	0	0	0	0
FBGN0003486	0	0	0	0	0	0
FBGN0052383	0	0	0	0	0	0
FBGN0029114	420	335	317	499	650	692
FBGN0052441	147	189	116	190	273	202
FBGN0026593	0	0	0	0	0	0
FBGN0035718	0	0	0	0	0	0
FBGN0052373	1	2	3	34	57	59
FBGN0036460	116	125	116	105	134	179
FBGN0035537	2	10	7	12	17	12
FBGN0053258	0	0	0	0	0	0
FBGN0036528	0	0	0	0	0	0
FBGN0053795	0	0	0	0	0	0
FBGN0035792	0	0	0	0	0	0
FBGN0037135	129	60	87	108	166	190
FBGN0026160	406	340	300	619	883	923
FBGN0066365	0	0	0	0	2	1
FBGN0040323	118	77	81	135	192	177
FBGN0036093	0	0	0	0	0	0
FBGN0035722	12	8	13	26	28	33
FBGN0259933	13	0	0	9	6	5
FBGN0036043	59	47	65	84	98	91
FBGN0260480	0	0	0	0	0	0
FBGN0037074	131	105	136	150	229	195
FBGN0260434	0	0	0	0	0	0
FBGN0015278	121	52	84	114	210	195
FBGN0035104	0	0	1	0	3	3
FBGN0035873	0	0	0	0	0	0
FBGN0035241	0	0	0	0	0	0
FBGN0035696	80	57	42	61	70	74
FBGN0053257	0	0	0	0	0	0
FBGN0035405	54	24	50	50	80	89
FBGN0036228	0	0	0	2	0	40
FBGN0035693	0	0	0	0	0	0
FBGN0287592	0	0	0	0	0	0
FBGN0262787	0	0	0	0	0	0
FBGN0036923	0	0	0	0	0	0
FBGN0037003	1	0	0	0	1	0
FBGN0035639	10	11	8	12	28	23
FBGN0036005	15	23	32	32	51	66
FBGN0263249	0	0	0	0	0	0
FBGN0037202	55	35	47	73	105	102
FBGN0036990	50	40	44	64	112	139
FBGN0035282	0	0	0	0	0	0
FBGN0036735	111	72	64	105	139	146
FBGN0036896	127	93	107	167	195	215
FBGN0261341	596	711	525	751	1350	1252
FBGN0052250	13	3	10	17	14	15
FBGN0013563	22	21	22	30	45	28
FBGN0087040	0	0	0	0	0	2
FBGN0262517	198	250	190	251	333	281
FBGN0035482	25	29	29	39	38	29
FBGN0036423	6	4	5	1	10	9
FBGN0288470	60	49	82	45	115	115
FBGN0052105	0	0	0	0	0	0
FBGN0037169	0	0	0	0	0	0
FBGN0036108	1	13	0	1	2	6
FBGN0040318	0	0	0	0	0	0
FBGN0035315	0	0	0	0	0	0
FBGN0035436	30	11	12	13	46	35
FBGN0036695	8	9	20	9	15	13
FBGN0036728	43	30	30	58	84	83
FBGN0040281	0	0	5	0	0	0
FBGN0036080	0	0	0	0	0	0
FBGN0036697	23	8	5	17	19	17
FBGN0036329	0	0	0	0	0	0
FBGN0052061	0	0	0	0	0	0
FBGN0026630	67	71	75	112	75	106
FBGN0000355	0	0	0	0	0	0
FBGN0036703	0	0	0	0	0	0
FBGN0037051	198	162	162	180	288	267
FBGN0262366	0	1	0	0	2	1
FBGN0035647	0	0	0	0	0	0
FBGN0037090	0	0	0	0	0	0
FBGN0013811	0	0	0	0	0	0
FBGN0036365	90	77	104	126	147	129
FBGN0036662	23	34	19	37	40	63
FBGN0036993	0	0	0	0	0	0
FBGN0035252	38	66	39	77	121	107
FBGN0052451	82	89	111	79	169	148
FBGN0037016	31	17	38	58	51	63
FBGN0085483	0	0	0	0	4	0
FBGN0036599	109	81	106	47	60	65
FBGN0002775	91	50	68	97	109	110
FBGN0036857	0	10	4	1	1	0
FBGN0262854	0	0	0	0	0	0
FBGN0035407	4	1	18	10	7	8
FBGN0010424	1	9	0	3	9	0
FBGN0036503	0	0	0	0	0	0
FBGN0024236	124	96	88	120	162	153
FBGN0035247	32	29	29	29	36	30
FBGN0013755	0	0	0	0	0	0
FBGN0250833	0	0	0	0	0	0
FBGN0010317	0	0	0	0	0	0
FBGN0261111	24	31	22	8	33	30
FBGN0040290	44	44	54	53	84	68
FBGN0002466	548	477	486	438	597	573
FBGN0019644	345	279	262	380	610	601
FBGN0011293	0	0	0	0	0	0
FBGN0001233	5637	5049	4152	5680	8200	11485
FBGN0037059	0	0	0	0	0	0
FBGN0001179	88	89	80	122	129	165
FBGN0036849	0	0	0	0	1	0
FBGN0042134	758	438	665	774	1268	1302
FBGN0035162	425	394	411	533	802	813
FBGN0010431	0	0	0	0	0	0
FBGN0036532	0	0	0	0	0	0
FBGN0011279	0	0	0	0	0	0
FBGN0036882	0	0	1	0	1	1
FBGN0036117	19	20	2	10	16	17
FBGN0052062	58	65	78	84	163	122
FBGN0035356	10	21	6	16	14	14
FBGN0035213	88	94	93	97	150	177
FBGN0002638	193	171	172	200	237	335
FBGN0042641	2	7	7	9	26	33
FBGN0036345	0	0	0	0	0	0
FBGN0001208	0	16	3	5	2	0
FBGN0035431	0	0	0	0	1	6
FBGN0036605	3	6	17	3	2	3
FBGN0036230	0	0	0	0	0	0
FBGN0035412	26	25	19	4	0	0
FBGN0085287	0	0	0	0	0	0
FBGN0040786	8	9	12	31	30	25
FBGN0052106	0	0	0	0	0	0
FBGN0052170	0	1	0	0	1	0
FBGN0037060	0	0	1	0	1	3
FBGN0263326	0	0	0	0	0	0
FBGN0260997	0	0	1	0	0	0
FBGN0035976	1	0	0	2	7	20
FBGN0263763	0	0	0	0	0	0
FBGN0263239	18	23	26	37	42	42
FBGN0036817	0	0	0	0	0	0
FBGN0036830	0	0	0	0	0	0
FBGN0260945	55	54	33	86	105	134
FBGN0288748	0	0	0	0	0	0
FBGN0035555	0	0	0	0	0	0
FBGN0026372	1383	1393	1236	1567	2379	2456
FBGN0036890	0	0	0	0	0	0
FBGN0036467	0	94	4	3	0	0
FBGN0036019	0	0	0	0	0	0
FBGN0036878	0	0	0	0	0	0
FBGN0037156	6	0	9	11	11	7
FBGN0015296	28	8	24	49	60	50
FBGN0052459	0	0	0	0	0	0
FBGN0261537	0	0	0	0	0	0
FBGN0052274	0	0	0	0	0	0
FBGN0037099	34	17	17	39	67	43
FBGN0263832	96	51	71	125	163	150
FBGN0036146	0	0	0	0	0	0
FBGN0035107	62	44	47	93	122	121
FBGN0053233	0	0	0	0	0	0
FBGN0036109	0	0	2	2	11	7
FBGN0263110	68	70	43	74	111	72
FBGN0262624	12	0	6	25	51	27
FBGN0036427	0	0	0	0	0	0
FBGN0037012	1	0	2	0	4	3
FBGN0037023	0	0	0	0	0	0
FBGN0036158	0	0	0	0	0	0
FBGN0063923	0	0	1	0	0	2
FBGN0035730	0	0	0	0	0	0
FBGN0037149	2	11	6	9	12	9
FBGN0035295	21	10	35	40	44	39
FBGN0265714	0	0	0	0	0	0
FBGN0036623	252	190	224	357	379	380
FBGN0036004	203	150	151	220	338	303
FBGN0036620	0	3	0	0	0	0
FBGN0037205	4	0	2	0	1	0
FBGN0037134	11	0	4	19	13	6
FBGN0266582	74	35	75	81	148	139
FBGN0053230	16	1	16	9	17	13
FBGN0250791	64	59	59	69	109	132
FBGN0261553	59	59	57	82	91	95
FBGN0036196	1	14	0	0	6	2
FBGN0037170	0	0	0	0	0	0
FBGN0036618	0	2	2	1	0	0
FBGN0036299	499	517	429	589	826	903
FBGN0035802	74	83	78	69	126	110
FBGN0029158	28	24	14	37	33	40
FBGN0029118	112	116	106	147	221	228
FBGN0036481	4	0	5	4	24	11
FBGN0053768	0	0	0	0	0	0
FBGN0036627	0	0	0	0	0	0
FBGN0035270	10	4	8	16	20	22
FBGN0036975	0	17	5	4	7	1
FBGN0036380	0	0	0	0	0	0
FBGN0052191	0	0	1	0	0	0
FBGN0037108	30	43	37	52	54	55
FBGN0263841	0	0	0	0	0	0
FBGN0035232	23	6	25	52	63	96
FBGN0085491	0	0	0	0	0	0
FBGN0036906	12	9	16	15	9	11
FBGN0052161	0	0	0	0	0	0
FBGN0035855	0	0	0	0	0	0
FBGN0035715	114	88	77	85	156	119
FBGN0263232	10	0	0	7	6	3
FBGN0052201	0	0	0	0	0	0
FBGN0264303	6	29	16	25	22	21
FBGN0265469	0	0	0	0	0	0
FBGN0261985	73	89	96	118	140	145
FBGN0036291	11	0	8	4	4	8
FBGN0037035	0	0	0	0	0	0
FBGN0035131	76	38	58	79	101	112
FBGN0035331	0	0	0	0	0	0
FBGN0035204	6	4	4	13	27	18
FBGN0259972	0	0	0	0	0	0
FBGN0053267	0	16	0	0	0	0
FBGN0264472	0	0	0	0	0	0
FBGN0036860	0	0	0	0	0	0
FBGN0036330	0	0	0	6	5	3
FBGN0035170	0	0	0	0	0	0
FBGN0052099	5	20	9	11	9	15
FBGN0010105	5	16	12	18	32	15
FBGN0052382	0	0	0	0	0	0
FBGN0052440	0	0	0	0	0	0
FBGN0036815	4	4	3	20	4	6
FBGN0036936	0	0	0	0	0	0
FBGN0035266	8	3	5	8	12	17
FBGN0264574	25	30	23	44	65	70
FBGN0041342	73	25	48	64	101	103
FBGN0035102	41	70	48	63	124	96
FBGN0027565	84	97	76	80	102	77
FBGN0052174	17	9	10	9	20	27
FBGN0035829	32	50	31	29	43	40
FBGN0044324	355	271	317	401	548	569
FBGN0035770	0	2	1	48	57	69
FBGN0024806	260	207	195	276	326	317
FBGN0010905	22	21	18	23	55	26
FBGN0085484	13	8	9	11	16	22
FBGN0035540	23	7	4	17	21	16
FBGN0036105	15	13	13	28	18	37
FBGN0035279	0	0	0	0	0	0
FBGN0041156	0	0	0	0	0	1
FBGN0035632	17	10	13	19	18	22
FBGN0035621	0	0	0	0	0	0
FBGN0035709	0	0	0	0	0	0
FBGN0036162	0	0	0	0	0	0
FBGN0036987	27	48	35	17	37	40
FBGN0036471	1	118	7	0	1	0
FBGN0262714	129	131	116	175	228	217
FBGN0025355	13	18	11	19	18	29
FBGN0000216	11	13	15	13	17	1
FBGN0035598	0	0	0	0	0	0
FBGN0035811	359	351	322	446	575	496
FBGN0035582	0	0	0	0	0	0
FBGN0035218	0	0	0	0	0	0
FBGN0004429	0	29	0	0	0	0
FBGN0036447	0	0	0	0	0	0
FBGN0035099	3	0	7	9	10	7
FBGN0036249	14	29	22	22	27	34
FBGN0002440	0	0	2	0	0	0
FBGN0011723	0	0	0	0	0	0
FBGN0024542	39	46	21	49	57	46
FBGN0022699	84	72	60	86	158	130
FBGN0035948	0	0	0	0	0	0
FBGN0040812	0	0	0	0	0	0
FBGN0053493	0	0	0	0	2	0
FBGN0036289	11	23	4	31	24	17
FBGN0035859	32	2	12	20	26	44
FBGN0036531	0	0	0	0	0	0
FBGN0036483	14	27	28	31	53	43
FBGN0035627	12	6	26	14	23	32
FBGN0085292	0	0	0	0	0	0
FBGN0036398	295	264	288	349	509	478
FBGN0035334	29	9	30	40	58	74
FBGN0036009	0	0	1	0	0	0
FBGN0035534	27	10	12	21	58	36
FBGN0036318	53	42	40	65	95	105
FBGN0052404	0	0	0	0	0	0
FBGN0035473	44	33	24	51	69	42
FBGN0036763	21	45	25	34	65	62
FBGN0037153	197	196	159	265	407	337
FBGN0027088	440	438	341	518	799	741
FBGN0036138	0	0	0	0	0	0
FBGN0262733	72	73	50	97	133	155
FBGN0053276	60	38	39	52	53	51
FBGN0035106	134	164	113	159	234	188
FBGN0035401	41	58	36	43	54	74
FBGN0036839	0	0	0	0	0	0
FBGN0036858	0	0	0	0	0	0
FBGN0052086	0	0	0	0	0	0
FBGN0035142	235	226	188	321	615	559
FBGN0036690	0	0	0	0	0	0
FBGN0036143	0	0	0	0	0	0
FBGN0045474	0	0	0	0	0	0
FBGN0035956	32	83	26	45	62	55
FBGN0036180	30	26	42	55	112	81
FBGN0027086	413	401	422	509	613	642
FBGN0036070	0	0	0	0	0	0
FBGN0052088	5	0	0	0	1	0
FBGN0035189	2	0	0	0	0	0
FBGN0024277	353	235	278	428	660	472
FBGN0035159	18	12	12	3	7	14
FBGN0261801	28	20	32	51	46	60
FBGN0036235	0	0	0	0	0	0
FBGN0023076	0	0	0	0	0	0
FBGN0264002	0	0	0	0	0	0
FBGN0004594	0	0	0	0	0	0
FBGN0261506	0	0	0	0	0	0
FBGN0052248	2	0	1	0	0	0
FBGN0052475	0	0	0	0	0	0
FBGN0052230	202	185	238	280	329	363
FBGN0028573	0	0	0	0	0	0
FBGN0035755	22	21	26	26	33	26
FBGN0001247	94	150	100	169	196	197
FBGN0036997	0	0	0	0	0	0
FBGN0035981	122	117	51	93	142	146
FBGN0260776	0	0	0	0	0	0
FBGN0037101	0	0	0	0	0	0
FBGN0035670	0	0	0	0	0	0
FBGN0052189	0	0	0	0	0	0
FBGN0266669	97	94	67	98	158	115
FBGN0035592	38	31	38	44	56	48
FBGN0036807	0	0	0	0	0	0
FBGN0053772	0	0	0	0	0	0
FBGN0286980	0	1	0	0	0	0
FBGN0086915	0	0	0	0	0	0
FBGN0052380	22	15	29	52	54	57
FBGN0035325	0	0	0	0	0	23
FBGN0262679	0	0	0	0	0	0
FBGN0042118	0	0	0	0	0	0
FBGN0035877	27	37	26	53	80	54
FBGN0052483	0	0	0	0	0	0
FBGN0035243	16	14	23	27	30	32
FBGN0261998	0	0	1	0	0	0
FBGN0022959	329	252	280	393	689	658
FBGN0036847	60	59	69	63	100	65
FBGN0000639	323	1896	699	713	274	184
FBGN0035544	0	0	0	1	0	0
FBGN0000625	23	9	30	41	65	65
FBGN0035402	301	197	270	327	515	520
FBGN0286818	1855	2143	1623	2971	4298	3840
FBGN0053966	0	0	0	0	0	0
FBGN0053051	22	14	7	31	24	14
FBGN0266100	0	0	1	0	0	0
FBGN0035439	1	0	0	0	0	0
FBGN0036871	0	0	0	0	0	0
FBGN0036369	2	5	4	0	1	0
FBGN0036499	0	0	0	0	0	0
FBGN0037126	3	13	0	14	11	16
FBGN0035903	0	0	0	0	0	0
FBGN0052023	0	0	0	0	0	0
FBGN0054012	0	0	0	0	0	0
FBGN0260777	0	0	0	0	0	0
FBGN0052488	0	0	0	0	0	0
FBGN0035699	18	23	19	34	85	40
FBGN0037166	1	0	2	6	0	2
FBGN0036919	86	163	90	150	246	228
FBGN0265102	40	91	55	54	81	96
FBGN0259236	0	0	0	0	0	0
FBGN0024510	17	23	29	34	52	53
FBGN0259199	33	17	14	21	28	30
FBGN0035410	1	0	0	0	1	3
FBGN0259173	48	48	33	48	81	67
FBGN0035186	5	0	0	0	0	0
FBGN0014851	0	0	0	0	0	0
FBGN0036691	13	20	8	28	46	22
FBGN0288469	18	27	17	22	22	32
FBGN0035538	0	0	0	0	0	0
FBGN0035915	0	0	0	0	0	0
FBGN0036589	13	0	6	2	2	1
FBGN0035971	0	0	0	0	0	0
FBGN0042137	0	0	0	0	0	0
FBGN0036351	1	1	0	0	0	0
FBGN0036886	126	123	103	116	185	183
FBGN0035714	41	44	56	52	69	67
FBGN0027549	164	152	141	210	288	253
FBGN0035914	0	0	0	0	0	0
FBGN0036348	0	0	0	0	0	0
FBGN0037030	0	0	0	0	0	0
FBGN0035298	33	28	33	34	62	80
FBGN0035789	0	0	0	0	0	0
FBGN0053514	0	0	0	0	0	0
FBGN0040793	161	124	163	211	342	337
FBGN0040827	1	0	0	0	1	0
FBGN0036796	0	0	0	0	0	0
FBGN0043578	0	0	0	0	0	0
FBGN0035137	3	2	6	3	2	12
FBGN0053229	5	9	3	8	21	16
FBGN0054001	18	15	8	11	4	10
FBGN0040823	0	0	0	0	0	0
FBGN0035309	0	0	2	1	4	3
FBGN0052237	0	0	0	0	0	0
FBGN0036104	168	191	146	156	196	223
FBGN0040688	0	0	0	0	0	0
FBGN0036597	1	1	1	0	0	4
FBGN0035206	20	35	25	45	118	96
FBGN0047338	0	0	0	0	0	0
FBGN0036726	18	20	19	47	45	45
FBGN0028962	43	31	47	38	55	33
FBGN0035336	82	51	46	60	94	78
FBGN0036272	7	5	21	33	30	16
FBGN0036738	0	0	0	0	0	0
FBGN0052298	0	0	0	0	0	0
FBGN0002183	717	601	673	714	883	992
FBGN0036443	0	0	0	0	0	0
FBGN0035878	124	126	125	169	189	270
FBGN0028399	177	157	106	252	285	269
FBGN0011692	396	326	392	409	541	597
FBGN0035249	15	30	31	47	56	21
FBGN0036062	10	13	5	9	9	15
FBGN0035290	0	0	0	0	0	1
FBGN0036678	74	75	44	159	233	239
FBGN0035421	39	15	35	36	49	54
FBGN0259702	0	0	0	0	0	0
FBGN0010406	98	76	76	88	134	151
FBGN0035424	210	181	209	263	372	449
FBGN0036440	0	0	0	0	0	0
FBGN0035146	1	8	7	4	19	11
FBGN0029172	0	0	0	0	0	0
FBGN0037180	0	0	0	0	0	0
FBGN0052204	0	0	2	0	0	0
FBGN0261274	42	13	5	39	52	42
FBGN0036767	0	0	0	0	0	0
FBGN0035132	51	41	58	80	117	126
FBGN0023095	60	53	64	117	189	182
FBGN0000575	283	255	296	355	583	507
FBGN0037110	10	16	18	22	21	8
FBGN0036927	2	0	5	0	1	0
FBGN0013263	337	362	282	398	608	603
FBGN0035390	157	145	138	210	305	243
FBGN0036010	0	0	0	0	0	0
FBGN0035798	0	0	0	0	0	0
FBGN0035528	107	137	107	151	157	143
FBGN0036317	12	31	24	34	22	38
FBGN0000038	0	0	5	0	0	0
FBGN0035911	34	28	26	48	56	49
FBGN0061469	104	62	70	119	149	168
FBGN0036036	5	26	5	21	32	24
FBGN0287185	1	0	0	0	0	0
FBGN0001257	13	24	12	4	10	20
FBGN0035443	23	7	18	33	25	41
FBGN0053158	105	115	93	125	171	142
FBGN0250836	0	0	0	0	0	0
FBGN0035265	0	0	0	0	0	0
FBGN0036301	118	87	106	112	164	194
FBGN0264908	0	0	0	0	0	0
FBGN0035484	0	10	1	3	10	24
FBGN0035332	0	0	0	0	0	0
FBGN0035761	99	61	117	129	167	170
FBGN0028377	0	0	0	0	0	0
FBGN0035600	110	82	98	94	154	153
FBGN0035548	0	0	0	0	0	0
FBGN0052282	0	0	1	0	0	0
FBGN0037007	64	89	45	116	174	151
FBGN0035977	0	0	0	0	0	0
FBGN0028693	232	201	249	362	466	431
FBGN0035271	61	34	48	52	55	83
FBGN0035751	0	0	0	0	0	0
FBGN0037130	2	0	3	0	0	4
FBGN0036333	128	152	105	146	141	142
FBGN0259935	0	0	1	0	0	0
FBGN0002899	24	17	10	25	39	43
FBGN0261243	120	139	142	145	218	211
FBGN0026432	53	11	24	52	61	59
FBGN0035901	72	54	52	80	115	79
FBGN0037040	0	0	0	0	0	0
FBGN0052296	164	118	116	162	261	234
FBGN0036939	0	2	1	0	2	0
FBGN0037162	0	0	0	0	0	0
FBGN0035870	0	0	0	0	0	0
FBGN0003984	31	12	25	58	59	53
FBGN0036762	303	228	299	343	495	555
FBGN0058045	138	118	124	100	138	175
FBGN0035328	0	0	0	0	0	0
FBGN0086785	32	40	29	32	70	61
FBGN0035571	0	0	0	0	0	0
FBGN0035490	0	0	0	0	0	1
FBGN0261933	170	101	139	186	258	311
FBGN0035501	22	7	13	36	47	40
FBGN0287187	39	83	17	35	40	25
FBGN0037114	23	67	20	84	140	163
FBGN0036751	0	0	0	0	0	0
FBGN0054030	0	0	0	0	0	0
FBGN0035425	100	54	71	95	128	134
FBGN0002909	18	18	11	22	23	17
FBGN0035734	0	0	0	0	0	0
FBGN0035438	279	296	224	405	555	524
FBGN0036128	0	0	0	0	0	0
FBGN0042112	33	18	20	35	52	52
FBGN0016797	452	471	521	689	1094	1034
FBGN0035929	0	0	0	0	0	0
FBGN0035590	27	24	22	19	55	34
FBGN0261681	0	0	0	0	0	4
FBGN0011573	306	339	306	319	440	498
FBGN0264272	6	5	9	1	6	2
FBGN0259148	0	0	0	0	0	0
FBGN0036168	5	1	0	0	1	4
FBGN0004865	7	22	13	43	61	40
FBGN0036491	0	0	0	0	0	0
FBGN0285958	4	6	10	4	7	34
FBGN0036302	84	70	66	74	142	127
FBGN0040022	92	100	112	140	143	95
FBGN0035498	137	104	114	166	219	226
FBGN0035735	0	0	0	0	0	0
FBGN0052280	36	52	28	40	79	47
FBGN0036394	1	0	0	1	1	0
FBGN0036937	0	0	0	0	0	0
FBGN0263004	0	0	0	0	0	0
FBGN0001229	0	1	4	2	3	4
FBGN0040699	0	0	0	0	0	0
FBGN0036745	71	88	55	99	173	172
FBGN0035611	0	0	0	0	0	0
FBGN0035572	0	0	0	0	0	0
FBGN0035151	8	0	1	4	3	2
FBGN0035160	58	67	29	32	75	39
FBGN0261631	0	0	0	0	0	0
FBGN0015586	0	0	0	0	0	0
FBGN0262579	78	97	87	114	161	142
FBGN0035667	0	0	0	0	0	0
FBGN0027587	77	73	63	71	67	77
FBGN0086913	0	0	0	0	0	0
FBGN0037098	111	88	73	116	166	148
FBGN0035452	111	147	108	239	313	301
FBGN0035610	0	0	0	0	0	0
FBGN0036568	0	0	0	0	0	0
FBGN0011817	132	126	103	185	335	274
FBGN0036038	66	65	87	99	164	99
FBGN0052076	27	70	48	59	55	74
FBGN0035392	0	0	0	2	5	0
FBGN0263762	1	15	0	0	0	0
FBGN0262985	0	0	3	0	0	0
FBGN0035429	1	0	3	3	4	4
FBGN0035113	0	0	0	5	0	3
FBGN0035258	0	0	0	0	0	0
FBGN0001225	423	522	291	1016	1666	1666
FBGN0004588	0	0	0	0	0	0
FBGN0040637	0	0	0	0	0	0
FBGN0085279	4	8	2	4	4	11
FBGN0035782	0	0	0	0	0	0
FBGN0052369	24	16	24	49	44	65
FBGN0052268	0	0	0	0	0	0
FBGN0042199	0	0	0	0	0	0
FBGN0036470	0	0	0	0	0	0
FBGN0036126	25	35	17	27	28	48
FBGN0052055	2	8	0	1	12	7
FBGN0024921	405	279	275	307	557	539
FBGN0052313	0	0	0	2	0	0
FBGN0036495	0	0	0	0	0	0
FBGN0035960	3	28	2	4	4	9
FBGN0052024	0	0	0	0	0	0
FBGN0035194	17	27	16	20	21	21
FBGN0085385	0	0	0	0	0	0
FBGN0259224	0	0	2	0	0	0
FBGN0035519	82	65	94	125	218	198
FBGN0036204	0	0	0	0	0	0
FBGN0035495	0	0	0	0	0	0
FBGN0037123	0	0	0	0	0	0
FBGN0036210	14	0	6	7	4	6
FBGN0053777	0	0	0	0	0	0
FBGN0037026	78	59	75	111	155	127
FBGN0037094	108	157	90	159	221	262
FBGN0036135	50	56	42	86	93	114
FBGN0004556	57	19	62	74	105	92
FBGN0005775	4	2	9	7	14	8
FBGN0001120	0	0	0	0	0	0
FBGN0036219	0	0	0	0	0	0
FBGN0036422	1	0	1	2	2	2
FBGN0015828	18	7	9	12	32	16
FBGN0040487	0	0	0	0	0	0
FBGN0041624	0	0	0	0	0	0
FBGN0037125	0	0	0	0	0	0
FBGN0035591	23	23	23	37	73	62
FBGN0027375	28	41	38	60	38	52
FBGN0036193	3	3	11	9	11	17
FBGN0004465	54	55	44	58	56	46
FBGN0026592	0	0	0	0	0	0
FBGN0053687	0	0	0	0	1	0
FBGN0003034	0	0	0	0	0	0
FBGN0052299	0	0	0	0	0	0
FBGN0012058	92	51	98	83	144	109
FBGN0035569	0	0	0	0	0	0
FBGN0035171	0	0	0	0	0	0
FBGN0014388	29	23	18	33	74	51
FBGN0036967	31	36	28	39	58	45
FBGN0036880	0	0	0	0	0	1
FBGN0036465	0	0	0	0	0	0
FBGN0035754	16	16	14	36	31	39
FBGN0058298	0	0	0	0	0	0
FBGN0283461	0	0	1	1	4	0
FBGN0044048	0	0	0	0	0	0
FBGN0036843	38	47	28	56	86	54
FBGN0036741	13	9	10	11	18	19
FBGN0037177	0	0	0	0	0	0
FBGN0036601	0	0	0	0	0	0
FBGN0036791	0	0	0	0	0	0
FBGN0011802	49	54	42	54	48	75
FBGN0259099	0	0	0	0	0	0
FBGN0040305	6	0	6	3	20	8
FBGN0027057	160	111	134	179	213	185
FBGN0036046	0	0	2	0	0	0
FBGN0250825	0	0	0	0	0	0
FBGN0040843	0	0	0	0	0	0
FBGN0035941	0	0	0	0	0	0
FBGN0052418	36	31	39	69	54	54
FBGN0036515	211	207	126	206	243	210
FBGN0035725	30	23	15	22	21	23
FBGN0036928	129	115	102	154	219	197
FBGN0035806	0	0	0	0	0	1
FBGN0053696	0	0	0	0	0	0
FBGN0036285	7	8	7	7	17	24
FBGN0035623	0	2	0	1	1	3
FBGN0003515	0	0	0	0	2	0
FBGN0035317	0	0	0	0	0	0
FBGN0036702	137	134	114	124	223	222
FBGN0052485	0	0	0	0	9	0
FBGN0020386	78	121	93	167	245	229
FBGN0028582	138	146	114	167	238	195
FBGN0000567	78	56	86	77	102	138
FBGN0266436	0	0	0	0	0	0
FBGN0001316	510	594	409	615	1013	921
FBGN0035207	46	62	65	62	152	97
FBGN0001258	17	19	20	17	50	23
FBGN0263608	0	0	0	0	0	0
FBGN0085276	3	0	2	9	9	8
FBGN0052036	0	0	0	0	0	0
FBGN0035902	4	15	7	6	14	7
FBGN0011640	263	254	209	357	512	491
FBGN0036617	2	6	0	2	0	0
FBGN0267487	212	221	178	291	405	402
FBGN0036594	0	0	0	0	0	0
FBGN0035374	32	31	35	39	63	54
FBGN0052185	0	0	0	0	2	0
FBGN0053770	0	0	0	0	0	0
FBGN0053290	0	0	0	0	0	0
FBGN0045478	0	0	0	0	0	1
FBGN0036577	0	0	0	0	0	0
FBGN0002926	0	0	0	0	0	0
FBGN0035199	11	26	21	28	45	38
FBGN0035155	9	1	7	7	9	8
FBGN0085420	0	0	1	0	0	0
FBGN0013997	1072	1007	963	1468	2035	1923
FBGN0035691	7	0	15	11	4	18
FBGN0036749	0	0	0	0	0	0
FBGN0036995	0	0	0	0	1	0
FBGN0024150	0	0	0	0	0	0
FBGN0037131	1	0	0	1	0	0
FBGN0035721	10	21	13	16	22	3
FBGN0036198	175	99	114	127	200	159
FBGN0027532	49	43	46	77	72	91
FBGN0036514	97	84	90	87	99	112
FBGN0036652	0	0	0	0	0	0
FBGN0036889	30	34	15	31	46	56
FBGN0036585	0	0	0	0	0	0
FBGN0028380	7	11	2	9	13	8
FBGN0040308	147	142	150	239	334	283
FBGN0036459	0	0	0	0	0	0
FBGN0036242	0	0	0	4	1	0
FBGN0029148	206	154	157	307	294	268
FBGN0035124	0	0	0	0	0	0
FBGN0036446	16	43	18	45	41	45
FBGN0036808	0	0	0	0	0	0
FBGN0266724	19	6	11	10	20	12
FBGN0036374	48	21	23	34	76	74
FBGN0035379	8	21	14	6	0	3
FBGN0036150	0	0	1	3	0	0
FBGN0259701	0	0	0	0	0	0
FBGN0012034	14	3	7	4	8	5
FBGN0035959	12	8	12	21	22	24
FBGN0086708	28	26	18	41	64	81
FBGN0035245	0	0	0	0	0	0
FBGN0036973	43	40	34	55	55	76
FBGN0250911	15	17	6	18	30	19
FBGN0264302	143	143	106	129	187	136
FBGN0036359	0	0	0	0	0	0
FBGN0036325	0	0	0	0	0	0
FBGN0036305	120	93	98	141	162	196
FBGN0044328	0	0	0	0	0	0
FBGN0027786	83	121	102	105	197	176
FBGN0004875	161	116	126	180	291	260
FBGN0037021	76	53	77	116	177	142
FBGN0036306	59	18	27	60	59	50
FBGN0040321	392	511	409	727	989	987
FBGN0052115	0	0	0	0	0	0
FBGN0035619	0	0	0	0	0	0
FBGN0054031	0	0	0	0	0	0
FBGN0024733	1575	1435	1540	1775	2345	2268
FBGN0036934	0	0	0	0	0	0
FBGN0036264	0	0	0	0	0	0
FBGN0040842	1	3	1	6	4	0
FBGN0053725	0	0	0	0	0	0
FBGN0003997	19	46	27	48	73	59
FBGN0052057	0	0	0	0	2	0
FBGN0036586	0	0	0	0	0	0
FBGN0262716	198	182	167	226	392	367
FBGN0041622	0	0	0	0	0	0
FBGN0035924	0	0	0	0	0	0
FBGN0035308	5	4	4	8	1	20
FBGN0002901	20	10	24	27	22	20
FBGN0037142	96	72	57	115	176	127
FBGN0036842	62	60	67	87	95	77
FBGN0264488	0	1	1	11	0	447
FBGN0037133	0	0	0	0	0	0
FBGN0023395	42	31	18	26	37	28
FBGN0037004	0	0	0	0	0	0
FBGN0259167	29	9	22	8	17	28
FBGN0037167	0	0	0	0	0	0
FBGN0035797	0	0	0	1	0	0
FBGN0064227	0	0	0	0	0	0
FBGN0036970	0	0	0	0	0	0
FBGN0040075	326	239	264	400	543	569
FBGN0052107	0	0	0	0	0	0
FBGN0052188	0	0	0	0	0	0
FBGN0035475	1	0	2	0	0	0
FBGN0036772	75	67	52	78	95	123
FBGN0036688	28	19	25	42	86	43
FBGN0027616	130	111	116	152	211	208
FBGN0053056	0	2	11	2	8	4
FBGN0036373	54	69	67	90	192	185
FBGN0002565	170	735	508	463	161	151
FBGN0260943	0	0	3	0	1	0
FBGN0036292	40	48	28	47	67	46
FBGN0036211	50	37	31	43	67	69
FBGN0035790	0	0	0	0	0	0
FBGN0011771	238	234	215	272	340	351
FBGN0036765	8	3	1	13	6	6
FBGN0035838	39	30	34	48	54	55
FBGN0036415	0	0	0	0	0	0
FBGN0036587	0	5	0	10	9	10
FBGN0040837	0	0	0	0	0	0
FBGN0035546	0	0	0	0	0	0
FBGN0037086	0	0	0	0	0	0
FBGN0036314	113	91	95	101	163	136
FBGN0047135	98	104	57	141	153	128
FBGN0052251	107	96	136	137	170	187
FBGN0036725	0	0	0	0	0	0
FBGN0036213	1141	1034	950	1259	1660	1599
FBGN0036288	0	0	0	1	0	0
FBGN0041604	265	190	210	296	416	393
FBGN0036101	147	171	91	180	214	183
FBGN0061492	81	69	60	65	108	91
FBGN0035922	0	0	1	0	0	0
FBGN0052846	0	0	0	0	0	0
FBGN0053700	0	0	0	0	0	0
FBGN0261547	51	52	33	52	126	61
FBGN0052183	0	0	0	0	0	0
FBGN0004428	0	0	0	1	0	0
FBGN0035638	0	0	0	0	0	0
FBGN0036714	75	44	61	66	73	113
FBGN0037070	27	11	15	13	32	40
FBGN0261797	1457	1010	1232	1515	2057	1880
FBGN0035480	37	1	9	18	19	24
FBGN0036030	228	168	177	183	281	261
FBGN0036844	50	21	33	68	73	78
FBGN0035578	0	0	0	0	0	0
FBGN0035144	0	0	0	3	0	0
FBGN0036570	98	42	61	80	127	121
FBGN0014368	0	0	1	1	0	0
FBGN0036386	33	40	44	38	36	42
FBGN0263246	0	0	0	0	0	0
FBGN0067864	70	23	88	97	126	164
FBGN0036341	13	23	21	20	25	28
FBGN0000449	1	0	1	1	8	5
FBGN0036226	0	0	0	3	0	72
FBGN0036207	59	30	31	52	43	49
FBGN0267795	118	89	123	159	138	152
FBGN0036450	94	63	96	132	165	141
FBGN0036949	0	3	0	0	0	0
FBGN0004378	464	343	323	477	602	615
FBGN0035264	81	123	72	107	190	151
FBGN0260233	0	0	1	1	0	5
FBGN0262020	0	0	0	0	0	0
FBGN0052379	0	0	0	0	0	0
FBGN0036991	10	22	16	36	31	44
FBGN0260027	5	0	5	7	6	4
FBGN0036232	0	0	0	0	0	0
FBGN0035904	280	346	286	455	709	752
FBGN0036812	4	2	8	9	27	15
FBGN0035676	1	0	0	0	0	0
FBGN0262531	4	0	9	5	0	0
FBGN0261788	2	0	23	0	0	0
FBGN0037042	0	0	0	2	0	0
FBGN0036165	30	25	33	31	85	80
FBGN0035505	0	0	0	0	0	0
FBGN0085296	0	0	0	0	0	0
FBGN0035998	19	16	19	9	15	10
FBGN0036771	31	22	46	25	32	28
FBGN0015025	17	7	15	19	18	17
FBGN0004431	0	0	0	0	0	0
FBGN0037038	0	0	0	0	0	0
FBGN0053054	17	5	16	13	19	22
FBGN0001099	1	15	4	5	20	8
FBGN0026238	190	92	96	140	183	213
FBGN0033669	82	88	60	69	135	99
FBGN0034785	12	30	9	39	53	43
FBGN0033458	0	0	0	0	0	0
FBGN0265188	0	0	0	0	0	0
FBGN0005695	8	27	15	28	43	35
FBGN0034558	0	0	0	0	0	0
FBGN0033564	23	11	14	26	26	19
FBGN0034776	0	0	0	0	0	0
FBGN0050467	50	75	57	72	89	86
FBGN0050463	41	86	35	71	168	139
FBGN0033056	0	0	0	0	0	0
FBGN0034165	0	0	0	0	0	0
FBGN0050443	22	25	37	21	44	41
FBGN0011554	0	0	0	0	0	0
FBGN0028408	0	0	0	0	1	1
FBGN0284083	0	0	0	0	0	0
FBGN0035016	75	70	74	113	203	167
FBGN0033121	10	0	9	17	20	25
FBGN0034730	0	0	0	1	0	0
FBGN0041174	1	4	1	6	5	7
FBGN0034755	0	0	0	0	0	0
FBGN0261686	0	0	0	0	0	0
FBGN0026389	0	0	0	0	0	0
FBGN0034068	148	149	137	190	257	235
FBGN0033392	1	6	4	3	1	3
FBGN0261612	0	0	0	0	0	0
FBGN0033592	0	0	0	0	0	0
FBGN0034468	20	15	35	28	56	33
FBGN0015277	23	11	29	27	41	63
FBGN0003460	5	6	5	8	26	16
FBGN0265194	29	32	31	22	34	48
FBGN0086784	35	51	31	50	65	76
FBGN0033555	59	45	51	57	100	68
FBGN0034217	10	18	10	16	28	12
FBGN0022224	61	56	52	49	68	52
FBGN0033050	84	54	96	91	110	96
FBGN0033851	0	0	0	0	0	0
FBGN0034441	0	0	0	0	0	0
FBGN0053136	0	0	0	0	0	0
FBGN0034152	0	0	0	0	0	0
FBGN0050496	69	67	49	50	79	96
FBGN0033446	78	58	111	99	128	169
FBGN0034065	52	56	38	69	81	86
FBGN0010531	23	32	20	45	19	40
FBGN0262170	0	0	0	0	0	0
FBGN0034940	17	8	13	7	17	11
FBGN0033326	0	0	0	0	0	0
FBGN0011659	6	21	22	17	27	25
FBGN0034756	3	8	4	6	18	22
FBGN0034066	79	51	63	147	166	161
FBGN0033512	0	0	0	0	0	0
FBGN0010388	0	0	0	0	0	0
FBGN0043471	0	0	0	0	0	0
FBGN0262569	0	0	0	0	0	0
FBGN0035028	54	35	41	47	51	60
FBGN0050122	708	656	620	774	1076	953
FBGN0041243	0	0	0	0	0	0
FBGN0085475	0	0	0	0	1	0
FBGN0010339	161	187	138	205	307	315
FBGN0034835	0	0	0	0	0	0
FBGN0034499	4	0	0	3	3	6
FBGN0029508	5	2	6	1	11	10
FBGN0024698	168	122	132	188	223	217
FBGN0262513	0	0	0	0	0	0
FBGN0033942	48	41	38	62	79	45
FBGN0033781	39	47	20	38	53	46
FBGN0033979	0	0	0	0	0	0
FBGN0033051	8	12	3	16	10	6
FBGN0033042	0	0	0	0	0	0
FBGN0000662	96	82	64	115	140	141
FBGN0034005	0	0	0	0	0	0
FBGN0050339	0	0	0	0	0	0
FBGN0034623	0	0	0	0	3	0
FBGN0023175	370	318	284	448	556	534
FBGN0033190	0	0	0	0	0	0
FBGN0050293	0	0	0	0	0	0
FBGN0033289	0	3	0	4	6	9
FBGN0086908	213	185	190	204	265	221
FBGN0033817	0	0	0	0	0	0
FBGN0043530	0	0	0	0	0	0
FBGN0034206	0	0	0	0	0	0
FBGN0085419	0	0	0	0	0	0
FBGN0033178	74	86	51	93	119	105
FBGN0034483	0	0	0	0	0	0
FBGN0034081	11	10	7	32	9	13
FBGN0000996	93	84	103	172	217	199
FBGN0033234	0	0	0	0	0	0
FBGN0027581	12	22	15	34	39	44
FBGN0033869	0	0	0	0	0	0
FBGN0028743	0	0	0	0	0	0
FBGN0034740	0	1	2	1	2	0
FBGN0025790	104	119	108	89	116	155
FBGN0034031	0	0	0	0	0	0
FBGN0033203	0	0	0	0	0	0
FBGN0034879	19	18	24	15	42	37
FBGN0033108	0	0	2	0	0	0
FBGN0034360	7	10	9	15	15	14
FBGN0050222	0	0	0	0	0	0
FBGN0040465	0	0	3	0	0	0
FBGN0016032	0	0	2	2	0	0
FBGN0263655	0	0	0	0	0	0
FBGN0033848	0	0	0	0	0	0
FBGN0034631	45	23	36	38	46	35
FBGN0033265	81	38	69	69	74	82
FBGN0050159	69	36	74	53	96	64
FBGN0003687	55	21	60	63	75	83
FBGN0259878	25	23	26	38	60	68
FBGN0034307	42	39	25	24	54	38
FBGN0033918	45	41	47	50	84	65
FBGN0013726	363	263	312	396	700	573
FBGN0033215	0	0	0	0	0	0
FBGN0033739	65	41	51	53	96	73
FBGN0034070	0	0	6	0	0	1
FBGN0033846	105	155	108	95	134	161
FBGN0034219	17	16	23	20	24	21
FBGN0033376	99	49	94	95	173	113
FBGN0053503	0	0	0	0	0	0
FBGN0262595	0	0	0	0	0	0
FBGN0004181	0	0	0	0	0	0
FBGN0014184	290	251	258	342	368	335
FBGN0024294	601	675	340	739	1092	729
FBGN0033542	0	0	0	0	0	0
FBGN0034160	0	0	0	0	0	0
FBGN0000037	0	0	0	0	0	0
FBGN0261270	622	493	551	610	985	1022
FBGN0033915	44	17	29	28	60	36
FBGN0085237	0	0	0	0	0	0
FBGN0050432	0	0	0	0	0	0
FBGN0034681	0	0	0	0	0	0
FBGN0265512	17	14	25	15	22	32
FBGN0264540	0	0	0	0	0	0
FBGN0024732	21	2	3	9	31	11
FBGN0265632	0	0	0	0	0	0
FBGN0034770	0	0	0	0	0	0
FBGN0050106	0	0	0	0	0	0
FBGN0261554	75	46	48	69	114	55
FBGN0260007	0	0	0	0	0	0
FBGN0001122	48	30	38	59	104	80
FBGN0033381	124	171	104	132	197	126
FBGN0085444	77	98	85	108	148	143
FBGN0067102	28	13	24	23	33	33
FBGN0042086	0	0	0	0	0	0
FBGN0050178	0	0	0	0	0	0
FBGN0008636	0	0	0	0	0	0
FBGN0016697	336	249	225	318	458	465
FBGN0259737	0	0	0	0	0	0
FBGN0262836	0	0	0	0	0	0
FBGN0034110	34	47	38	70	82	71
FBGN0259795	0	0	0	0	0	0
FBGN0033982	0	0	0	0	0	2
FBGN0262843	0	0	0	0	0	0
FBGN0085460	0	0	0	0	0	0
FBGN0033879	153	108	135	189	332	240
FBGN0033921	1	0	0	0	0	0
FBGN0046880	0	0	0	0	0	0
FBGN0050160	0	0	0	0	0	0
FBGN0025186	43	55	22	37	70	66
FBGN0053459	0	0	0	0	0	1
FBGN0034352	0	0	0	0	0	0
FBGN0029501	0	0	0	0	0	0
FBGN0033987	204	235	236	300	377	407
FBGN0034950	0	0	0	0	0	0
FBGN0033089	47	28	36	46	87	97
FBGN0265623	63	20	30	31	85	67
FBGN0034261	5	6	19	11	15	16
FBGN0034735	9	6	13	5	17	17
FBGN0034867	0	0	0	0	0	0
FBGN0034498	76	110	88	156	220	188
FBGN0041702	29	49	50	35	67	50
FBGN0033651	0	0	0	0	0	0
FBGN0034224	0	0	0	0	0	0
FBGN0085224	15	31	4	15	20	17
FBGN0286939	1	0	0	0	0	0
FBGN0003900	27	43	14	29	67	37
FBGN0259708	2	3	0	2	3	2
FBGN0033043	0	0	0	0	0	0
FBGN0028956	136	71	128	146	125	149
FBGN0033272	41	33	34	41	35	48
FBGN0040729	0	0	0	0	0	0
FBGN0034356	0	0	4	2	13	8
FBGN0050039	0	0	0	0	0	0
FBGN0265052	0	0	3	0	0	1
FBGN0034281	0	9	0	0	0	0
FBGN0040505	8	5	13	15	15	14
FBGN0033010	74	83	56	72	98	57
FBGN0033468	13	25	13	18	23	14
FBGN0033917	0	0	1	2	10	2
FBGN0262572	0	0	0	0	0	0
FBGN0034073	34	55	25	60	60	60
FBGN0040747	0	0	0	0	0	0
FBGN0035027	52	23	67	52	73	74
FBGN0033060	10	10	15	10	9	29
FBGN0050380	0	0	0	0	2	2
FBGN0034202	0	0	0	0	0	0
FBGN0033408	0	0	0	0	0	0
FBGN0046253	0	5	0	2	8	1
FBGN0285943	0	0	0	0	0	0
FBGN0034797	179	210	128	245	324	374
FBGN0002069	325	291	278	410	529	442
FBGN0040764	0	0	0	0	0	0
FBGN0033597	0	0	0	0	0	0
FBGN0033958	0	0	2	0	0	0
FBGN0022029	73	103	88	93	143	137
FBGN0034232	53	27	39	40	84	88
FBGN0034035	69	54	45	68	88	93
FBGN0034627	5	16	5	3	8	7
FBGN0053792	0	0	0	0	0	0
FBGN0028988	0	0	0	1	0	0
FBGN0259978	96	48	90	96	133	103
FBGN0040780	0	0	0	3	2	0
FBGN0034061	45	31	34	45	45	55
FBGN0041236	0	0	0	0	0	0
FBGN0033236	10	0	6	19	23	31
FBGN0033374	0	0	0	0	0	0
FBGN0033249	0	0	0	0	0	0
FBGN0033233	29	29	30	25	36	45
FBGN0050338	8	3	1	5	12	5
FBGN0033127	33	29	29	28	71	36
FBGN0010053	16	5	20	33	36	13
FBGN0054029	0	0	0	0	0	0
FBGN0034567	0	0	0	0	0	0
FBGN0033260	190	133	144	206	270	246
FBGN0000253	520	466	474	485	757	692
FBGN0020767	25	20	5	30	43	31
FBGN0050177	0	0	0	0	0	0
FBGN0035088	29	19	38	33	56	43
FBGN0085233	0	0	0	0	0	0
FBGN0035049	73	45	47	58	128	124
FBGN0050401	0	0	0	0	0	0
FBGN0015903	28	23	29	36	50	39
FBGN0040726	0	0	1	1	0	1
FBGN0034023	0	0	0	0	0	0
FBGN0262141	1	0	0	0	3	0
FBGN0003701	82	93	73	80	82	84
FBGN0003062	351	296	282	384	478	645
FBGN0264962	122	135	156	183	217	236
FBGN0034687	0	0	0	0	0	0
FBGN0050010	5	3	2	10	8	11
FBGN0005613	116	84	129	105	164	166
FBGN0010078	1042	929	590	981	1240	1185
FBGN0040752	273	171	235	315	533	494
FBGN0260390	13	2	6	11	18	6
FBGN0033451	92	79	48	108	121	115
FBGN0000658	209	220	219	271	459	424
FBGN0028963	0	0	0	0	0	0
FBGN0262816	0	0	0	0	0	0
FBGN0053467	0	0	0	0	0	0
FBGN0034876	108	45	93	106	170	162
FBGN0033623	0	0	0	0	0	0
FBGN0085399	0	1	1	0	0	0
FBGN0041237	0	0	0	0	0	0
FBGN0033500	0	0	0	0	0	0
FBGN0033341	13	29	10	10	23	20
FBGN0034276	0	4	1	0	0	0
FBGN0034795	203	177	153	166	249	263
FBGN0034878	128	115	123	150	207	167
FBGN0033720	0	0	0	0	0	0
FBGN0033377	83	42	73	103	134	125
FBGN0062449	24	22	25	46	48	38
FBGN0034519	9	0	8	1	2	2
FBGN0003892	169	185	182	245	338	355
FBGN0034184	19	17	10	21	18	8
FBGN0033806	44	23	19	37	45	46
FBGN0066292	0	0	0	0	0	0
FBGN0023143	1646	1130	1325	1754	2587	2447
FBGN0085344	0	0	0	0	0	0
FBGN0001285	0	0	0	0	0	0
FBGN0040063	0	0	0	0	0	0
FBGN0015040	37	45	34	48	66	58
FBGN0034718	140	145	174	185	266	201
FBGN0034568	0	0	3	0	0	0
FBGN0085512	0	0	0	0	0	0
FBGN0000044	25	85	20	45	33	34
FBGN0026619	44	15	28	44	43	55
FBGN0266711	95	33	64	57	85	78
FBGN0015522	2	0	0	0	0	2
FBGN0033744	0	0	0	0	0	0
FBGN0050428	7	34	9	20	13	17
FBGN0033097	0	0	0	0	0	0
FBGN0053453	0	0	0	0	0	0
FBGN0033266	4	1	1	2	16	7
FBGN0003326	90	111	103	136	168	170
FBGN0050099	0	0	0	0	0	0
FBGN0260477	0	1	1	2	2	1
FBGN0034684	0	0	0	0	0	0
FBGN0063498	0	0	0	0	0	0
FBGN0033000	159	217	103	114	89	126
FBGN0033579	0	0	0	0	2	0
FBGN0040658	5	2	6	3	7	8
FBGN0034565	0	0	0	2	0	0
FBGN0034278	0	0	0	0	0	0
FBGN0027589	0	0	0	0	0	0
FBGN0034335	21	39	30	21	35	34
FBGN0033640	0	0	0	0	0	0
FBGN0034994	0	0	0	0	0	0
FBGN0033945	8	9	5	8	6	4
FBGN0085228	0	0	0	0	0	0
FBGN0033883	54	40	39	43	86	59
FBGN0262948	0	0	0	0	0	0
FBGN0053137	0	0	0	0	0	0
FBGN0010357	0	0	0	0	0	2
FBGN0034723	80	77	84	84	139	140
FBGN0040005	32	32	25	45	38	44
FBGN0033029	388	375	344	461	527	526
FBGN0034617	14	26	41	54	49	32
FBGN0033865	0	0	0	0	0	0
FBGN0033235	60	57	77	97	105	123
FBGN0002791	86	54	60	80	96	66
FBGN0033244	11	22	12	20	24	27
FBGN0050016	1	0	0	0	3	3
FBGN0262114	189	112	106	159	211	184
FBGN0025827	0	0	0	0	0	0
FBGN0050398	0	0	0	0	0	0
FBGN0035068	0	0	0	0	0	0
FBGN0262845	0	0	0	0	0	0
FBGN0017558	25	29	26	19	23	16
FBGN0034454	0	0	0	0	0	0
FBGN0033113	1	0	4	2	0	1
FBGN0034135	0	0	0	0	0	0
FBGN0028744	271	242	170	208	292	342
FBGN0050360	0	5	0	3	0	0
FBGN0262571	0	0	0	0	0	0
FBGN0034457	0	0	0	0	0	0
FBGN0033760	0	0	0	0	0	0
FBGN0033241	155	136	124	140	194	202
FBGN0050371	1	7	1	0	0	0
FBGN0265297	1088	743	880	905	1520	1499
FBGN0020257	194	142	181	262	441	396
FBGN0033608	106	142	99	202	269	220
FBGN0283666	56	103	67	84	85	94
FBGN0266377	12	13	12	16	17	21
FBGN0285950	1367	1433	1216	1614	2229	2059
FBGN0003435	7	18	8	30	54	25
FBGN0034920	0	0	0	1	0	0
FBGN0050265	0	0	0	0	0	0
FBGN0034961	44	25	56	51	84	77
FBGN0033021	312	313	271	403	389	377
FBGN0260770	0	0	0	0	0	0
FBGN0050011	60	30	35	59	66	53
FBGN0034093	14	11	18	15	33	34
FBGN0053505	53	73	38	48	71	77
FBGN0034946	26	14	34	32	53	45
FBGN0262547	0	0	0	0	0	0
FBGN0033885	0	0	0	0	0	0
FBGN0001291	72	53	42	75	103	84
FBGN0004240	0	0	0	0	0	0
FBGN0040273	235	252	193	297	406	320
FBGN0034501	0	0	0	0	0	0
FBGN0003140	0	0	0	0	0	0
FBGN0034092	0	0	0	0	0	0
FBGN0033750	31	6	22	29	35	33
FBGN0041235	0	0	0	0	0	0
FBGN0261823	66	68	76	125	128	131
FBGN0033814	108	73	68	101	181	168
FBGN0025885	223	157	159	275	412	364
FBGN0045482	0	0	0	0	0	0
FBGN0263032	0	0	0	0	0	0
FBGN0050413	0	0	0	1	0	1
FBGN0029147	6	5	3	6	10	3
FBGN0033323	0	0	0	0	0	0
FBGN0085257	13	9	8	17	19	27
FBGN0028407	0	0	0	0	0	0
FBGN0033353	0	0	0	0	0	0
FBGN0033422	0	0	0	0	0	0
FBGN0284252	102	89	67	155	184	220
FBGN0262882	0	0	0	0	0	0
FBGN0267861	32	62	41	47	65	59
FBGN0085218	0	0	0	0	0	0
FBGN0034363	0	0	0	0	0	0
FBGN0035014	0	0	0	0	0	0
FBGN0022987	53	120	47	73	83	82
FBGN0033355	0	0	0	0	0	0
FBGN0033138	0	0	0	0	0	0
FBGN0262103	58	6	52	63	91	81
FBGN0034697	48	47	42	76	87	87
FBGN0284231	0	0	1	0	2	0
FBGN0013764	75	127	109	119	173	174
FBGN0034968	726	735	712	898	1334	1252
FBGN0011227	39	29	38	48	49	46
FBGN0028496	0	0	2	0	0	0
FBGN0033473	32	7	24	42	70	42
FBGN0034504	105	104	130	128	227	207
FBGN0034548	0	0	0	0	0	0
FBGN0033663	2044	2158	1990	3249	4684	4629
FBGN0033170	0	0	0	5	0	0
FBGN0033990	14	8	15	16	18	34
FBGN0050403	8	23	13	12	10	13
FBGN0033679	2	9	0	0	3	0
FBGN0040763	0	0	1	0	0	0
FBGN0034387	0	0	0	0	0	0
FBGN0050021	0	0	1	0	0	0
FBGN0250868	96	36	63	85	79	66
FBGN0033713	40	20	36	42	75	61
FBGN0028426	59	55	30	57	66	65
FBGN0053465	0	0	0	1	1	0
FBGN0284436	852	696	850	1011	1622	1630
FBGN0033867	0	0	0	0	0	0
FBGN0010470	171	195	93	256	387	329
FBGN0050065	0	0	0	0	0	0
FBGN0033137	2	16	2	3	4	0
FBGN0034346	100	75	78	109	170	191
FBGN0033122	36	21	32	35	61	57
FBGN0010482	0	3	0	2	0	0
FBGN0263250	0	0	0	0	0	0
FBGN0034103	0	0	0	0	0	0
FBGN0040730	0	0	0	0	0	0
FBGN0034638	0	10	1	0	1	0
FBGN0034199	0	0	0	0	0	0
FBGN0050103	0	0	0	0	0	0
FBGN0034709	12	4	5	5	11	8
FBGN0033315	23	13	10	14	23	28
FBGN0003396	254	270	195	292	438	483
FBGN0034902	165	160	160	255	327	312
FBGN0034957	0	0	0	0	0	0
FBGN0035090	2	5	3	3	3	2
FBGN0034769	0	0	0	0	0	0
FBGN0034025	70	52	22	75	83	65
FBGN0025720	33	28	52	31	42	46
FBGN0033788	0	0	0	0	0	0
FBGN0266487	0	1	0	1	0	0
FBGN0000633	0	2	1	0	2	0
FBGN0034528	87	100	70	71	91	64
FBGN0033362	1	0	3	5	8	9
FBGN0287212	0	0	0	0	0	0
FBGN0004907	901	1014	746	944	1329	1210
FBGN0033810	25	2	18	29	33	38
FBGN0265833	0	0	0	0	0	0
FBGN0050340	0	0	0	0	0	0
FBGN0263376	0	0	0	0	0	0
FBGN0034173	0	0	0	0	0	0
FBGN0002643	128	69	91	149	248	181
FBGN0033363	0	0	0	0	0	0
FBGN0034182	0	0	0	0	1	0
FBGN0286932	0	0	0	0	2	0
FBGN0085261	0	0	1	0	0	0
FBGN0034988	15	4	29	21	25	27
FBGN0263020	0	0	0	0	0	0
FBGN0266083	159	100	133	183	211	224
FBGN0004581	1	0	0	0	1	0
FBGN0053140	0	0	0	1	0	0
FBGN0034731	0	0	0	0	0	0
FBGN0050349	156	93	128	213	226	292
FBGN0033397	0	0	0	0	0	0
FBGN0050382	0	0	0	0	0	0
FBGN0004055	102	67	99	142	190	165
FBGN0003067	73	95	74	74	108	117
FBGN0033815	0	0	1	0	0	0
FBGN0033730	56	34	27	60	51	30
FBGN0026402	31	12	46	31	50	41
FBGN0034665	0	0	0	0	0	0
FBGN0034883	10	0	2	0	2	4
FBGN0265429	0	0	0	0	0	0
FBGN0085244	0	0	0	5	0	0
FBGN0033467	7	0	4	2	2	8
FBGN0085241	0	0	0	0	0	0
FBGN0015295	55	29	77	68	112	99
FBGN0033450	4	4	16	12	13	15
FBGN0033861	0	0	0	0	0	0
FBGN0033687	0	0	0	0	0	0
FBGN0033925	24	12	19	31	38	23
FBGN0035006	0	0	0	0	0	0
FBGN0034461	0	0	0	0	0	0
FBGN0034063	5	4	2	7	12	17
FBGN0034566	0	0	0	0	3	0
FBGN0033791	0	0	0	0	0	0
FBGN0034114	40	50	29	45	50	53
FBGN0050031	0	0	0	0	0	0
FBGN0034705	5	0	2	2	3	7
FBGN0034195	0	0	0	0	0	0
FBGN0053632	0	0	0	0	0	0
FBGN0034647	0	0	0	0	0	0
FBGN0033354	95	60	125	85	126	142
FBGN0054040	0	0	0	0	0	0
FBGN0028382	58	49	56	62	58	60
FBGN0034062	6	6	11	18	22	30
FBGN0040754	50	82	27	49	69	50
FBGN0003130	13	5	6	6	14	9
FBGN0034002	19	9	18	23	47	34
FBGN0266186	20	4	24	19	32	24
FBGN0263114	0	0	0	0	0	0
FBGN0050391	0	0	0	0	0	0
FBGN0044020	53	51	41	60	79	48
FBGN0033264	227	205	180	216	306	358
FBGN0085488	0	0	0	0	0	0
FBGN0260995	0	0	0	0	0	0
FBGN0034391	3	0	2	1	0	1
FBGN0085213	0	0	0	0	0	0
FBGN0034105	0	0	0	0	0	0
FBGN0025583	0	0	0	0	0	0
FBGN0250824	0	0	0	0	0	0
FBGN0041205	94	45	95	88	152	101
FBGN0033033	127	166	133	160	230	264
FBGN0262889	0	0	0	0	0	0
FBGN0265180	6	18	11	6	11	13
FBGN0035085	9	2	1	6	6	14
FBGN0265342	0	0	0	0	0	0
FBGN0033524	0	0	0	0	0	0
FBGN0034899	0	0	0	0	0	0
FBGN0266433	0	0	0	0	0	0
FBGN0035089	189	113	125	193	353	227
FBGN0259209	1	3	5	2	2	3
FBGN0034272	0	0	0	0	0	0
FBGN0260799	255	234	229	317	327	309
FBGN0034139	0	0	2	0	2	1
FBGN0034008	3	10	7	6	2	4
FBGN0035019	0	0	0	0	0	0
FBGN0000448	11	40	2	24	48	30
FBGN0034198	1	2	0	0	0	1
FBGN0033960	2	13	7	16	19	31
FBGN0040733	0	0	0	0	0	0
FBGN0033980	1	0	0	4	0	1
FBGN0014865	0	9	0	0	0	0
FBGN0261587	0	0	0	0	0	0
FBGN0050389	154	111	132	158	240	171
FBGN0012042	0	0	0	0	0	0
FBGN0262840	0	0	0	0	0	0
FBGN0033225	96	83	91	135	141	124
FBGN0034657	308	298	291	407	547	532
FBGN0033038	61	45	63	57	83	88
FBGN0033516	0	0	0	0	0	0
FBGN0033104	41	25	40	65	37	46
FBGN0027872	2	0	2	7	8	1
FBGN0033261	14	24	15	19	27	24
FBGN0033686	11	12	21	12	20	18
FBGN0034774	0	0	0	0	0	0
FBGN0033658	6	0	8	3	13	10
FBGN0050169	3	13	5	10	5	8
FBGN0263395	67	34	72	97	140	122
FBGN0035084	0	0	0	1	0	1
FBGN0035091	1	0	0	2	0	4
FBGN0086656	127	147	110	145	169	144
FBGN0034722	205	164	165	194	257	213
FBGN0034098	61	49	38	24	21	16
FBGN0267002	24	22	27	20	44	32
FBGN0034365	0	0	0	0	0	2
FBGN0033648	0	0	0	0	0	0
FBGN0034389	0	0	0	0	1	1
FBGN0262837	0	0	0	0	0	0
FBGN0035073	55	79	42	57	88	61
FBGN0005778	0	0	0	0	0	0
FBGN0035065	11	35	16	17	12	20
FBGN0033628	0	0	0	0	0	0
FBGN0061356	0	4	0	1	0	0
FBGN0034866	0	0	0	0	0	0
FBGN0005654	34	24	29	35	45	43
FBGN0035001	337	295	293	436	563	554
FBGN0034542	27	32	17	44	59	43
FBGN0033661	411	309	317	321	482	536
FBGN0005655	710	711	628	861	1047	1243
FBGN0033897	156	148	184	266	316	303
FBGN0264089	365	409	440	645	991	952
FBGN0033499	0	0	0	0	0	0
FBGN0033382	10	6	6	9	28	24
FBGN0034745	0	0	0	0	0	0
FBGN0034470	5	74	169	2	0	0
FBGN0033274	1	0	0	1	0	4
FBGN0034763	14	1	2	5	16	7
FBGN0034263	0	0	0	0	0	0
FBGN0034540	21	17	17	30	33	45
FBGN0005586	0	0	0	0	0	0
FBGN0283450	204	215	145	195	259	298
FBGN0262791	0	0	0	0	0	0
FBGN0260456	128	82	99	102	148	161
FBGN0015561	0	0	0	2	2	0
FBGN0261990	0	2	0	2	0	0
FBGN0050364	0	0	0	0	0	0
FBGN0033483	13	10	13	32	21	25
FBGN0050342	47	40	29	59	76	106
FBGN0028687	498	413	460	645	932	809
FBGN0263697	75	90	71	88	128	121
FBGN0034560	0	0	0	0	0	0
FBGN0263849	0	0	0	0	0	0
FBGN0259977	2	1	1	3	0	0
FBGN0265046	0	0	0	0	0	0
FBGN0033968	75	40	49	101	150	155
FBGN0029084	2	0	0	0	3	0
FBGN0261989	5	13	2	1	0	0
FBGN0033347	0	0	0	1	0	0
FBGN0259710	0	0	0	0	0	0
FBGN0033028	71	58	94	124	191	179
FBGN0034442	7	2	6	23	23	21
FBGN0061361	3	0	2	6	10	23
FBGN0034573	31	28	41	64	118	96
FBGN0010516	144	99	105	183	279	258
FBGN0040759	0	0	0	0	0	0
FBGN0034368	189	135	127	182	233	211
FBGN0265313	0	0	0	0	0	0
FBGN0033850	0	0	0	0	0	0
FBGN0050015	81	68	65	93	198	184
FBGN0050272	0	0	0	0	0	0
FBGN0050355	0	0	0	0	0	0
FBGN0034840	0	0	0	0	0	0
FBGN0040666	27	22	16	20	38	18
FBGN0033871	4	1	2	2	1	9
FBGN0034191	5	0	7	4	6	8
FBGN0034670	0	0	0	0	0	0
FBGN0053012	0	0	0	0	0	0
FBGN0050395	0	0	0	0	0	0
FBGN0033309	45	52	46	53	82	65
FBGN0033437	0	1	0	0	0	0
FBGN0016078	22	27	23	62	71	57
FBGN0026401	324	241	303	345	306	345
FBGN0003891	99	69	101	150	191	136
FBGN0034974	62	56	36	182	252	217
FBGN0034464	0	0	0	0	0	0
FBGN0034744	18	32	14	14	42	27
FBGN0004168	0	0	0	0	0	0
FBGN0261625	3	14	0	1	2	13
FBGN0043536	0	0	0	0	0	0
FBGN0034033	19	38	7	15	21	14
FBGN0000057	20	10	23	25	25	24
FBGN0015544	59	43	55	86	91	115
FBGN0033884	15	5	2	8	12	37
FBGN0033550	2	1	0	2	4	2
FBGN0040503	0	0	3	0	0	0
FBGN0250851	8	9	7	8	11	18
FBGN0033558	0	1	0	0	0	0
FBGN0035007	0	0	0	0	0	0
FBGN0025692	0	2	0	0	0	0
FBGN0053349	0	0	0	0	0	0
FBGN0085638	49	36	59	58	45	39
FBGN0004919	0	0	0	1	0	0
FBGN0033248	0	0	0	0	0	0
FBGN0050056	0	0	0	0	0	0
FBGN0263667	67	78	57	72	91	82
FBGN0020764	67	41	45	60	84	120
FBGN0261373	7	14	7	12	7	8
FBGN0034629	0	0	0	0	0	0
FBGN0033602	4	6	0	3	1	2
FBGN0033603	0	0	0	0	0	0
FBGN0035008	0	0	0	0	0	0
FBGN0033827	0	0	0	0	0	0
FBGN0034712	0	0	0	0	0	0
FBGN0262728	0	0	2	0	0	4
FBGN0264294	128	128	71	129	160	190
FBGN0033715	17	16	18	9	23	22
FBGN0034371	9	34	21	30	68	47
FBGN0005619	0	0	0	0	0	0
FBGN0260764	0	0	0	0	0	0
FBGN0261456	139	57	83	182	217	209
FBGN0029154	0	0	0	0	0	0
FBGN0286783	119	104	98	163	245	209
FBGN0033696	0	0	0	0	0	0
FBGN0034366	41	44	41	60	82	59
FBGN0033485	135	161	142	160	200	208
FBGN0034286	0	0	0	0	0	0
FBGN0260762	0	0	0	0	0	0
FBGN0034175	0	0	0	0	0	0
FBGN0002174	65	70	32	37	40	71
FBGN0034214	52	41	36	55	47	69
FBGN0050369	0	0	0	0	0	0
FBGN0033252	0	0	0	0	1	2
FBGN0001133	46	35	26	46	56	57
FBGN0085249	0	0	1	1	5	2
FBGN0263083	0	0	0	0	0	0
FBGN0265184	9	4	7	5	9	3
FBGN0260429	0	0	0	0	0	0
FBGN0034506	0	0	0	0	0	0
FBGN0035036	20	43	33	18	38	37
FBGN0034611	57	74	45	55	81	89
FBGN0027507	131	91	81	111	145	126
FBGN0033140	0	0	0	0	0	0
FBGN0260775	0	10	1	0	3	1
FBGN0259876	267	237	283	386	457	459
FBGN0034758	1	3	0	0	0	1
FBGN0263934	74	74	45	77	125	121
FBGN0033600	7	0	0	2	0	4
FBGN0266723	38	65	30	34	50	63
FBGN0034181	460	378	342	458	704	616
FBGN0034935	0	0	0	0	0	0
FBGN0067903	0	0	0	0	0	0
FBGN0063496	0	0	0	0	0	0
FBGN0013305	103	92	80	157	219	209
FBGN0260474	0	0	0	0	0	0
FBGN0259937	809	721	650	751	1053	1095
FBGN0034513	0	0	0	0	0	0
FBGN0034618	11	4	17	12	34	15
FBGN0001187	0	0	0	0	0	0
FBGN0259202	13	4	5	16	15	12
FBGN0050037	0	0	0	0	0	0
FBGN0010621	1159	1153	1018	1345	1946	2113
FBGN0286834	0	0	0	0	0	0
FBGN0011592	377	425	297	618	875	736
FBGN0033950	0	0	0	0	0	0
FBGN0034720	0	0	0	0	0	0
FBGN0034012	0	0	0	0	0	0
FBGN0263109	79	84	81	202	293	219
FBGN0033717	60	76	76	124	185	134
FBGN0033756	0	1	0	0	1	1
FBGN0034715	0	0	0	0	0	0
FBGN0286931	0	0	0	0	0	0
FBGN0028683	34	42	15	39	25	27
FBGN0083941	0	0	0	0	0	0
FBGN0034141	23	6	23	22	37	45
FBGN0034936	103	54	61	104	130	123
FBGN0034279	0	0	0	0	0	0
FBGN0033186	3	2	3	4	10	24
FBGN0083936	0	0	0	0	0	0
FBGN0085234	0	0	0	0	0	0
FBGN0082585	2	5	0	1	0	4
FBGN0034700	0	0	0	0	0	0
FBGN0053156	8	4	9	10	24	22
FBGN0015372	9	14	7	5	19	13
FBGN0261016	0	0	0	0	0	0
FBGN0034168	0	0	0	0	0	0
FBGN0285949	671	665	599	772	1080	1392
FBGN0040734	0	0	0	0	0	0
FBGN0265576	0	0	0	0	1	0
FBGN0033952	0	0	0	0	0	0
FBGN0010638	128	179	111	197	247	226
FBGN0033464	11	1	5	1	5	2
FBGN0035059	15	0	12	20	30	12
FBGN0005612	43	13	32	49	100	90
FBGN0016726	188	267	156	300	415	403
FBGN0262574	1	10	0	0	0	0
FBGN0033665	7	16	3	17	21	17
FBGN0033221	0	0	0	0	0	4
FBGN0267351	62	48	56	58	82	106
FBGN0014469	36	42	26	35	22	23
FBGN0033624	260	216	150	222	340	371
FBGN0034179	31	35	44	60	132	116
FBGN0002571	0	0	0	0	0	0
FBGN0034817	36	41	27	37	58	69
FBGN0288856	26	23	25	26	36	26
FBGN0023081	170	160	132	212	257	252
FBGN0261394	313	325	258	337	548	445
FBGN0263240	75	74	102	124	158	178
FBGN0034299	29	11	17	44	38	35
FBGN0034071	108	80	93	141	172	213
FBGN0034154	0	0	0	0	0	0
FBGN0035040	0	0	0	0	0	0
FBGN0034097	0	0	0	0	0	0
FBGN0085243	0	0	0	0	0	0
FBGN0034626	18	2	11	17	26	21
FBGN0261975	89	36	52	98	75	99
FBGN0260475	5	1	5	1	7	0
FBGN0025335	15	24	14	31	41	36
FBGN0043576	0	0	0	0	0	0
FBGN0011695	2	0	3	1	4	1
FBGN0035056	20	26	5	41	39	34
FBGN0034860	11	3	10	6	38	22
FBGN0034262	0	0	0	0	0	0
FBGN0033538	3	1	9	6	1	5
FBGN0010238	392	551	410	603	930	807
FBGN0064237	1	6	7	0	0	0
FBGN0000405	418	311	371	511	801	846
FBGN0040491	0	0	0	0	0	0
FBGN0033820	1	5	7	1	0	3
FBGN0033702	0	2	0	0	1	0
FBGN0288686	165	256	148	269	476	407
FBGN0034580	0	0	0	0	0	0
FBGN0027558	62	94	62	59	71	93
FBGN0034265	22	11	22	21	41	23
FBGN0027529	67	28	29	55	67	67
FBGN0033136	0	0	0	0	0	0
FBGN0033860	0	0	0	0	0	0
FBGN0028689	497	429	385	565	706	644
FBGN0053468	0	0	0	0	0	0
FBGN0286788	67	48	56	67	100	101
FBGN0267398	163	244	122	188	175	183
FBGN0259727	9	0	3	5	7	7
FBGN0034739	0	0	0	0	0	0
FBGN0033194	345	319	325	360	539	476
FBGN0020279	1437	1085	1224	1619	2156	2454
FBGN0034266	25	42	16	29	37	31
FBGN0034419	11	18	7	18	12	16
FBGN0034599	9	7	16	15	28	27
FBGN0034459	0	0	0	0	0	0
FBGN0085227	0	0	0	0	0	0
FBGN0034455	7	24	10	5	26	16
FBGN0034500	77	27	70	47	82	68
FBGN0034543	23	6	6	11	16	14
FBGN0259742	15	26	32	29	21	31
FBGN0034853	44	15	36	57	59	39
FBGN0034325	0	0	0	0	0	0
FBGN0085264	0	0	0	0	0	0
FBGN0053463	0	0	0	0	0	0
FBGN0034493	0	0	0	0	0	1
FBGN0034563	0	0	0	0	0	0
FBGN0033657	0	0	0	0	0	0
FBGN0041234	0	0	0	0	0	0
FBGN0034377	0	0	0	0	0	0
FBGN0003977	261	148	179	268	365	355
FBGN0000337	0	0	0	0	0	0
FBGN0260012	200	146	219	257	318	299
FBGN0265626	0	0	0	0	0	0
FBGN0266525	6	3	2	9	7	11
FBGN0034196	0	0	0	0	0	0
FBGN0260455	0	0	0	0	0	0
FBGN0034474	0	0	0	0	0	0
FBGN0050385	0	0	0	0	0	0
FBGN0020370	678	488	561	634	1011	969
FBGN0285917	356	356	288	483	738	717
FBGN0034725	29	41	23	33	75	71
FBGN0034475	0	0	0	0	0	0
FBGN0027091	165	141	148	217	207	247
FBGN0033753	6	8	6	15	12	11
FBGN0027619	85	95	63	79	95	120
FBGN0011824	423	359	307	353	407	467
FBGN0023172	246	217	251	409	506	411
FBGN0259718	12	4	3	11	14	13
FBGN0032997	113	107	96	99	116	118
FBGN0040477	8	1	16	10	23	17
FBGN0033286	0	0	0	0	0	0
FBGN0034748	41	15	27	52	43	46
FBGN0011297	10	18	17	9	36	23
FBGN0033491	27	17	20	16	27	25
FBGN0034839	0	0	0	0	0	0
FBGN0033587	0	0	0	0	0	0
FBGN0288433	0	0	3	0	7	2
FBGN0033943	0	0	0	0	0	0
FBGN0035082	10	15	7	5	11	5
FBGN0033984	13	10	26	28	43	49
FBGN0050051	10	8	8	14	28	16
FBGN0085250	0	0	0	0	2	0
FBGN0053919	0	0	0	0	0	0
FBGN0033356	1	0	3	0	7	2
FBGN0004638	123	124	121	144	192	189
FBGN0034229	0	0	4	0	0	2
FBGN0034180	42	47	38	68	84	84
FBGN0004463	181	104	136	174	184	193
FBGN0262619	135	86	103	172	187	227
FBGN0033652	41	35	15	33	25	31
FBGN0260991	291	240	265	284	402	430
FBGN0034176	176	243	172	228	321	386
FBGN0085236	0	0	0	0	0	0
FBGN0050020	100	126	100	109	171	157
FBGN0000426	104	127	90	143	199	159
FBGN0050357	1	0	0	0	0	0
FBGN0025519	28	11	37	46	55	65
FBGN0053470	0	0	0	0	0	0
FBGN0033698	322	286	308	374	472	475
FBGN0050280	0	0	0	0	0	0
FBGN0033578	0	0	0	0	0	0
FBGN0265178	77	91	79	97	151	127
FBGN0050354	0	0	0	0	0	0
FBGN0053554	628	406	483	722	681	599
FBGN0050049	0	0	0	0	0	0
FBGN0261276	161	184	180	201	270	269
FBGN0033101	41	12	43	62	80	116
FBGN0054021	0	0	0	0	0	0
FBGN0033734	4	2	7	5	13	12
FBGN0020377	0	0	0	0	0	0
FBGN0034392	4	13	8	6	30	19
FBGN0261705	2	0	0	1	0	1
FBGN0034402	5	16	12	10	14	14
FBGN0004003	108	142	50	188	295	188
FBGN0013770	356	356	324	442	642	636
FBGN0287478	18	20	18	15	34	23
FBGN0028738	7	0	2	1	0	3
FBGN0034259	300	244	203	359	412	441
FBGN0050058	0	0	0	0	0	0
FBGN0050147	61	73	48	59	73	85
FBGN0034471	0	0	0	0	0	0
FBGN0085239	0	0	0	0	0	0
FBGN0033821	0	0	0	0	0	0
FBGN0050472	0	0	0	0	0	0
FBGN0041582	26	11	12	48	60	59
FBGN0000566	171	91	147	204	250	291
FBGN0035043	0	0	0	0	0	0
FBGN0034322	0	0	0	0	0	0
FBGN0069056	0	2	0	0	0	0
FBGN0015714	8	0	4	11	15	10
FBGN0040007	505	361	449	534	580	427
FBGN0000615	0	14	0	1	1	1
FBGN0050457	0	0	0	3	6	7
FBGN0033199	12	6	8	6	21	15
FBGN0034800	12	2	10	8	3	10
FBGN0033301	0	0	0	0	0	0
FBGN0010620	409	377	373	455	581	582
FBGN0033327	0	0	0	0	0	0
FBGN0004435	52	63	53	73	98	89
FBGN0034158	19	12	30	36	63	47
FBGN0033543	0	0	2	1	2	9
FBGN0050053	0	0	0	0	0	0
FBGN0033426	6	5	3	13	17	12
FBGN0259221	34	30	25	23	64	41
FBGN0034870	0	0	0	0	0	0
FBGN0033395	0	0	0	2	0	0
FBGN0020930	13	8	10	6	29	26
FBGN0034849	8	17	9	13	27	19
FBGN0033599	0	0	0	0	0	0
FBGN0033697	2	0	0	0	0	0
FBGN0034277	621	673	615	917	1249	1230
FBGN0050022	11	12	9	15	28	18
FBGN0016762	1	1	2	0	12	3
FBGN0261293	0	0	0	0	0	0
FBGN0033627	72	46	50	100	97	101
FBGN0034331	0	0	0	0	0	1
FBGN0050381	9	11	15	4	14	13
FBGN0034240	144	114	117	178	215	184
FBGN0003162	4	10	11	10	15	20
FBGN0050089	32	17	20	29	53	71
FBGN0010501	53	58	60	74	130	111
FBGN0266432	0	0	0	0	0	0
FBGN0020391	1	0	5	0	0	0
FBGN0021979	279	254	231	361	590	501
FBGN0050154	0	0	0	0	1	0
FBGN0034535	0	4	0	0	1	6
FBGN0050377	18	5	13	8	18	17
FBGN0085421	0	0	0	0	2	3
FBGN0287873	2831	2607	2092	3323	4459	4131
FBGN0034710	0	0	0	0	0	0
FBGN0033278	0	0	0	0	0	0
FBGN0033742	0	0	0	0	0	0
FBGN0034514	0	0	0	0	0	1
FBGN0003008	45	63	38	63	87	80
FBGN0262812	0	0	0	0	0	0
FBGN0033183	133	81	101	113	177	154
FBGN0033528	195	146	125	187	250	332
FBGN0034478	0	0	0	0	0	0
FBGN0013733	411	399	327	417	778	596
FBGN0041238	0	0	0	0	0	0
FBGN0034417	0	0	0	1	1	0
FBGN0033929	31	40	36	30	64	47
FBGN0053155	1	0	0	0	2	0
FBGN0053798	0	0	0	0	0	0
FBGN0263743	0	0	0	0	0	0
FBGN0033767	1	0	1	0	0	0
FBGN0034753	952	915	835	1259	1843	1462
FBGN0003317	96	143	102	178	227	224
FBGN0034458	0	0	0	0	0	0
FBGN0020236	518	428	422	570	872	894
FBGN0034971	63	65	49	71	109	112
FBGN0002569	0	0	0	0	0	0
FBGN0034871	0	0	0	0	0	0
FBGN0034117	0	2	2	2	6	5
FBGN0034532	0	0	0	0	0	0
FBGN0033573	0	0	0	0	0	0
FBGN0033735	37	38	25	46	67	56
FBGN0264273	355	335	258	483	709	762
FBGN0034966	0	0	0	0	0	0
FBGN0041706	7	2	0	2	6	6
FBGN0017414	8	31	6	4	6	13
FBGN0010504	30	28	17	23	38	47
FBGN0033763	0	0	0	0	0	0
FBGN0033712	15	21	22	40	43	40
FBGN0287767	247	193	179	223	302	282
FBGN0050098	0	0	0	0	0	0
FBGN0033828	0	0	0	0	0	0
FBGN0033187	83	83	78	94	102	100
FBGN0033364	0	0	0	0	0	0
FBGN0033090	0	0	0	0	0	0
FBGN0004360	11	4	7	12	30	33
FBGN0053143	0	0	0	0	0	0
FBGN0027607	72	76	51	98	122	118
FBGN0011746	102	94	90	141	169	162
FBGN0035009	0	0	0	0	0	0
FBGN0034903	39	23	25	48	65	56
FBGN0265836	0	0	0	0	0	0
FBGN0263033	0	0	0	0	0	0
FBGN0283625	1	0	0	0	0	0
FBGN0035033	91	66	84	99	171	150
FBGN0034898	0	0	0	0	0	0
FBGN0028562	0	0	0	0	1	2
FBGN0034689	19	13	16	25	34	25
FBGN0034327	0	0	0	0	0	0
FBGN0033755	162	93	127	174	217	275
FBGN0033740	75	58	41	39	65	82
FBGN0050192	0	0	0	0	0	0
FBGN0010651	61	53	59	97	119	75
FBGN0061197	0	0	0	0	0	0
FBGN0033174	13	0	10	6	6	16
FBGN0005638	0	0	0	0	0	1
FBGN0015037	0	0	0	0	0	0
FBGN0033320	0	0	0	0	3	0
FBGN0026385	0	0	0	0	0	0
FBGN0035022	0	0	0	0	0	0
FBGN0033906	295	276	213	348	491	407
FBGN0034704	62	19	34	53	71	80
FBGN0034914	466	507	391	493	721	721
FBGN0033179	178	144	152	197	258	307
FBGN0050047	2	0	0	0	0	0
FBGN0034900	0	0	0	0	0	0
FBGN0265935	164	202	181	226	315	378
FBGN0267791	524	492	411	591	746	784
FBGN0260499	0	0	0	0	0	0
FBGN0034893	24	29	17	33	39	52
FBGN0033191	101	35	79	71	80	118
FBGN0243516	38	65	31	59	87	63
FBGN0050001	32	20	41	37	27	54
FBGN0264329	0	0	0	0	0	0
FBGN0050008	0	0	0	0	0	0
FBGN0050286	0	0	0	0	0	0
FBGN0003975	81	128	97	155	234	199
FBGN0033139	0	0	0	0	0	0
FBGN0033205	26	5	16	10	25	23
FBGN0050269	0	0	0	0	0	0
FBGN0050421	60	45	56	58	78	68
FBGN0033919	127	101	138	126	192	171
FBGN0033375	30	23	23	24	32	21
FBGN0033862	0	0	0	0	0	0
FBGN0033605	19	9	13	9	26	30
FBGN0034382	3	0	0	0	0	0
FBGN0259183	0	0	0	0	0	0
FBGN0033728	0	0	0	0	0	0
FBGN0259226	1	0	10	13	15	21
FBGN0034964	187	128	159	201	274	289
FBGN0034323	0	0	0	0	0	0
FBGN0033866	25	36	19	36	39	38
FBGN0050277	0	0	0	0	0	0
FBGN0033636	720	456	525	834	1092	854
FBGN0028411	64	64	59	67	74	76
FBGN0033283	0	0	0	0	0	0
FBGN0034882	0	0	0	0	0	0
FBGN0050101	1	0	0	0	1	0
FBGN0033893	0	0	0	0	0	0
FBGN0033989	17	23	27	27	49	47
FBGN0033569	33	25	35	27	55	51
FBGN0050344	20	34	15	31	33	27
FBGN0033349	93	49	86	142	215	231
FBGN0033088	19	7	16	11	28	16
FBGN0003401	33	46	12	19	36	32
FBGN0015801	25	9	18	43	73	42
FBGN0033842	57	55	44	53	93	71
FBGN0034511	0	0	0	0	0	0
FBGN0033155	79	29	68	72	127	118
FBGN0034821	0	0	0	0	0	0
FBGN0034418	69	93	52	51	106	78
FBGN0033783	21	13	9	21	25	31
FBGN0040849	0	0	0	0	0	0
FBGN0033238	0	0	0	0	0	0
FBGN0035087	4	2	14	25	40	31
FBGN0001263	0	0	0	0	0	0
FBGN0033673	14	6	5	22	16	16
FBGN0034253	172	181	107	216	280	261
FBGN0267978	178	162	151	282	332	342
FBGN0042135	48	61	30	53	117	98
FBGN0033932	0	0	0	0	0	0
FBGN0034308	69	87	61	61	142	69
FBGN0001147	0	0	1	0	1	0
FBGN0016970	18	0	9	6	18	4
FBGN0034645	92	61	84	79	96	112
FBGN0033115	5	3	5	8	13	11
FBGN0263197	135	143	156	206	284	253
FBGN0034109	62	27	45	45	65	86
FBGN0050156	1	0	0	0	0	1
FBGN0261119	203	155	180	275	436	405
FBGN0033699	464	375	371	529	791	648
FBGN0033556	62	84	43	98	126	106
FBGN0035031	0	0	0	0	0	0
FBGN0043532	0	0	0	0	0	0
FBGN0260222	4	0	3	4	8	12
FBGN0022764	652	644	645	849	1373	1190
FBGN0033069	0	0	0	0	0	0
FBGN0041712	1	0	4	4	14	6
FBGN0033141	0	0	0	0	0	0
FBGN0034247	0	0	0	0	0	0
FBGN0034671	0	0	0	0	0	0
FBGN0066084	788	812	477	788	1149	866
FBGN0261363	2	4	0	6	7	2
FBGN0085414	0	0	0	0	0	0
FBGN0033112	0	0	0	0	0	0
FBGN0033607	65	97	63	69	137	98
FBGN0050411	1	0	0	0	0	0
FBGN0025709	0	1	0	0	2	1
FBGN0034451	112	101	80	58	90	92
FBGN0050025	0	0	0	0	0	0
FBGN0034067	115	89	115	165	272	249
FBGN0003520	48	53	53	66	77	87
FBGN0015584	0	0	0	0	0	0
FBGN0034166	0	0	0	0	0	0
FBGN0034782	0	0	0	0	0	0
FBGN0026384	0	0	0	0	0	0
FBGN0034910	0	0	0	0	0	0
FBGN0015602	190	78	150	186	165	206
FBGN0033294	0	0	0	0	0	0
FBGN0287831	0	0	1	0	0	1
FBGN0033888	0	0	0	0	0	0
FBGN0034691	78	44	34	45	76	88
FBGN0033544	11	0	6	12	12	29
FBGN0029093	396	410	419	519	732	774
FBGN0262512	36	30	25	61	61	49
FBGN0034291	0	0	2	0	0	0
FBGN0033271	1	0	0	0	0	0
FBGN0087011	12	29	17	29	27	12
FBGN0050274	0	0	0	0	0	0
FBGN0034485	0	0	0	0	0	0
FBGN0027356	55	66	52	92	88	88
FBGN0001124	134	141	115	156	224	216
FBGN0033184	22	7	11	11	23	16
FBGN0016701	70	12	53	66	65	80
FBGN0263707	0	0	0	0	0	0
FBGN0034127	0	0	0	0	0	0
FBGN0033160	286	208	274	315	430	461
FBGN0033798	0	0	0	0	0	0
FBGN0041241	0	0	0	0	0	0
FBGN0085428	105	108	79	57	85	123
FBGN0266811	0	0	0	0	0	0
FBGN0022097	87	27	66	104	159	111
FBGN0033421	15	16	10	12	30	12
FBGN0034906	0	0	0	0	0	0
FBGN0034267	0	0	0	0	0	0
FBGN0035064	20	35	12	15	20	26
FBGN0034086	30	38	33	51	53	53
FBGN0267823	30	11	30	20	50	45
FBGN0260972	25	29	31	46	71	90
FBGN0265003	152	120	111	177	214	244
FBGN0034539	0	0	0	0	0	0
FBGN0033807	0	0	0	0	0	0
FBGN0034049	116	158	88	103	124	118
FBGN0026176	0	0	3	0	0	0
FBGN0033770	0	0	0	0	0	0
FBGN0023180	13	13	14	21	20	30
FBGN0050365	0	0	0	0	0	0
FBGN0034654	261	217	219	358	559	441
FBGN0053680	0	0	0	0	0	0
FBGN0034132	0	0	0	0	0	0
FBGN0050018	0	0	0	0	0	0
FBGN0001222	125	130	108	136	184	224
FBGN0033876	0	0	0	0	0	0
FBGN0033005	130	151	100	137	173	166
FBGN0033659	0	0	0	0	0	2
FBGN0027535	60	53	33	46	92	92
FBGN0262480	0	0	0	0	0	0
FBGN0034052	0	0	0	0	0	0
FBGN0034246	379	301	264	317	354	345
FBGN0266129	0	0	0	0	0	0
FBGN0021825	165	151	167	159	224	218
FBGN0050263	0	0	0	0	0	0
FBGN0039993	184	140	121	133	158	119
FBGN0034415	0	0	0	0	0	0
FBGN0034579	18	7	8	24	28	13
FBGN0020307	89	130	105	140	216	195
FBGN0010359	0	0	0	0	0	0
FBGN0034407	0	0	0	0	0	0
FBGN0015038	0	0	0	0	0	0
FBGN0024319	0	0	0	0	0	0
FBGN0085240	0	0	0	0	0	0
FBGN0265272	0	0	0	0	0	0
FBGN0033818	0	0	0	0	0	0
FBGN0034692	0	0	0	0	0	0
FBGN0015371	189	118	154	179	237	281
FBGN0069913	0	0	0	0	0	0
FBGN0033449	24	18	19	21	31	15
FBGN0010590	269	266	184	307	475	484
FBGN0034413	0	0	0	0	0	0
FBGN0034724	84	109	102	105	189	163
FBGN0033063	0	0	0	0	0	0
FBGN0050376	0	0	0	0	0	0
FBGN0050185	52	16	36	43	59	54
FBGN0034022	142	142	117	158	208	215
FBGN0001269	46	35	41	41	67	82
FBGN0263850	0	0	0	0	0	0
FBGN0067905	0	0	0	0	0	0
FBGN0085246	0	0	0	0	0	0
FBGN0262821	0	0	0	0	0	0
FBGN0033226	10	7	7	19	28	24
FBGN0050082	0	0	0	0	0	0
FBGN0033250	0	0	3	0	0	0
FBGN0013762	31	23	26	29	72	41
FBGN0046999	0	0	0	0	0	0
FBGN0034380	55	62	47	74	96	67
FBGN0034885	0	0	0	1	1	2
FBGN0034200	0	15	4	3	0	3
FBGN0046294	0	0	0	0	0	1
FBGN0020617	0	0	0	0	0	0
FBGN0058263	56	45	25	39	33	20
FBGN0011704	310	245	253	446	616	742
FBGN0034405	425	427	463	547	790	637
FBGN0034275	0	1	0	0	0	0
FBGN0002552	43	65	87	96	128	140
FBGN0085231	0	0	0	0	0	0
FBGN0023170	210	161	84	194	275	235
FBGN0050281	0	0	0	0	0	0
FBGN0042098	0	0	0	0	0	0
FBGN0033554	4	0	0	2	1	2
FBGN0033775	0	0	0	0	0	0
FBGN0034948	9	9	17	11	17	24
FBGN0033802	16	13	21	14	33	31
FBGN0033748	1	5	1	0	0	0
FBGN0013765	238	161	157	196	286	311
FBGN0034242	90	96	73	77	115	103
FBGN0054033	0	0	0	0	0	0
FBGN0040653	0	0	0	0	0	0
FBGN0034372	33	34	28	45	60	56
FBGN0050259	0	0	0	0	0	0
FBGN0033963	0	0	0	0	0	0
FBGN0053225	0	0	0	0	0	1
FBGN0034828	0	0	0	0	0	0
FBGN0050157	1	0	3	3	3	2
FBGN0033515	0	0	0	0	0	0
FBGN0262838	0	0	0	0	0	0
FBGN0050469	0	0	0	0	0	0
FBGN0033996	11	3	8	19	36	34
FBGN0034183	0	0	0	0	0	0
FBGN0015838	64	82	66	113	155	155
FBGN0034197	0	0	0	0	0	52
FBGN0033703	0	0	0	0	0	0
FBGN0263855	372	273	333	360	484	519
FBGN0033853	36	38	34	35	94	66
FBGN0034137	0	0	0	0	0	0
FBGN0262098	0	0	0	0	0	0
FBGN0021795	210	282	161	227	396	306
FBGN0050503	0	0	0	0	0	0
FBGN0016059	322	444	368	543	882	872
FBGN0086356	200	156	228	248	355	336
FBGN0010356	112	70	84	124	136	138
FBGN0283508	2239	1981	2209	2351	3630	3772
FBGN0033826	0	0	0	0	0	0
FBGN0033995	27	15	30	32	50	37
FBGN0263593	74	28	86	53	82	76
FBGN0034837	0	0	2	2	3	2
FBGN0025373	115	123	99	138	223	174
FBGN0263864	69	37	47	79	114	99
FBGN0034480	0	0	0	0	0	0
FBGN0264541	0	0	0	0	0	0
FBGN0033520	0	0	0	0	0	0
FBGN0033688	888	756	863	1031	1462	1501
FBGN0033631	283	337	291	443	579	579
FBGN0034304	26	9	34	30	61	47
FBGN0034963	52	30	49	40	65	79
FBGN0034585	60	43	36	69	96	101
FBGN0034894	11	7	7	5	4	13
FBGN0033202	0	0	0	0	0	0
FBGN0034919	12	23	11	28	30	43
FBGN0033357	162	170	77	181	166	143
FBGN0033153	10	31	10	14	24	23
FBGN0033508	0	0	0	0	0	0
FBGN0004839	147	132	146	155	319	270
FBGN0026326	156	130	118	193	269	253
FBGN0026316	37	55	61	78	85	95
FBGN0035025	74	59	60	49	49	63
FBGN0000043	2815	2542	2143	3156	5083	4486
FBGN0265187	19	42	11	5	18	15
FBGN0034001	23	26	29	31	46	62
FBGN0034642	0	0	0	0	0	0
FBGN0003748	76	69	70	86	77	105
FBGN0034136	0	0	0	0	0	0
FBGN0034694	7	21	17	10	21	17
FBGN0033188	131	144	116	167	354	349
FBGN0086895	115	103	106	139	195	163
FBGN0016047	0	0	0	0	0	0
FBGN0033754	37	46	56	46	39	50
FBGN0034057	3	1	6	4	11	1
FBGN0043535	0	0	0	0	0	0
FBGN0034425	16	17	9	20	27	12
FBGN0033280	0	0	0	0	0	0
FBGN0085468	94	85	83	93	103	110
FBGN0034144	0	0	0	0	0	0
FBGN0034999	2	0	1	6	1	4
FBGN0050043	0	0	0	0	0	0
FBGN0033259	53	94	49	133	158	145
FBGN0050446	0	0	0	0	0	0
FBGN0052834	0	0	0	0	0	0
FBGN0085265	0	0	0	0	0	0
FBGN0027360	18	30	13	11	17	12
FBGN0034432	187	196	173	222	286	229
FBGN0034976	86	76	67	116	148	151
FBGN0034296	0	4	0	0	0	0
FBGN0013763	34	18	49	42	25	43
FBGN0265625	0	0	0	0	0	0
FBGN0050044	0	0	0	0	0	0
FBGN0050046	0	0	2	0	1	0
FBGN0034713	0	0	0	0	0	0
FBGN0011743	2	1	0	0	0	1
FBGN0033774	0	0	0	0	0	0
FBGN0043575	0	0	0	0	0	0
FBGN0034330	0	0	0	0	0	0
FBGN0050288	0	4	0	1	0	0
FBGN0034933	62	52	51	53	79	94
FBGN0050110	0	0	0	0	0	0
FBGN0000562	116	110	74	141	255	218
FBGN0000119	418	439	419	655	863	807
FBGN0034013	66	50	71	104	132	138
FBGN0010385	0	0	0	1	0	1
FBGN0061435	0	0	0	0	0	0
FBGN0053474	0	0	0	0	0	0
FBGN0027073	0	0	0	0	0	0
FBGN0033834	0	0	0	0	0	0
FBGN0033926	4	20	1	1	2	1
FBGN0022288	104	139	155	173	187	219
FBGN0041239	0	0	0	0	0	0
FBGN0262566	0	0	0	0	0	0
FBGN0262115	118	129	117	134	152	168
FBGN0053199	0	0	0	0	0	0
FBGN0014009	101	100	93	173	212	250
FBGN0034301	0	0	6	0	0	1
FBGN0010591	33	40	43	53	85	80
FBGN0034283	0	0	0	0	0	0
FBGN0266488	7	8	0	7	3	1
FBGN0284245	17708	13680	16128	18107	25573	25607
FBGN0034489	0	0	0	0	0	0
FBGN0029134	364	295	314	442	655	704
FBGN0050424	0	0	0	0	0	0
FBGN0000352	93	63	83	117	169	128
FBGN0034923	92	28	59	77	119	106
FBGN0034884	0	0	0	0	0	1
FBGN0034270	10	3	8	13	16	2
FBGN0024836	497	520	479	674	962	861
FBGN0010425	0	7	5	0	0	1
FBGN0034399	72	28	76	72	76	66
FBGN0033580	0	0	0	0	0	1
FBGN0010226	250	285	230	275	668	612
FBGN0034328	0	0	0	0	0	0
FBGN0053460	0	0	0	0	1	2
FBGN0053462	0	0	0	0	0	0
FBGN0033731	10	12	33	8	6	11
FBGN0034447	81	63	58	78	148	105
FBGN0003612	93	95	87	150	215	131
FBGN0259707	0	0	0	0	0	0
FBGN0033614	0	0	0	0	0	0
FBGN0033716	34	12	16	27	52	39
FBGN0034255	0	0	0	0	0	0
FBGN0263270	0	0	0	0	0	0
FBGN0033638	32	27	15	45	63	73
FBGN0261588	33	56	51	39	81	66
FBGN0050072	0	0	0	0	0	0
FBGN0033052	90	113	67	109	146	128
FBGN0003074	167	144	170	223	343	316
FBGN0010435	277	309	244	406	600	627
FBGN0026386	0	0	0	0	0	0
FBGN0033339	391	300	300	462	684	724
FBGN0034649	7	4	13	9	17	8
FBGN0262360	0	0	0	0	0	0
FBGN0023167	203	216	158	217	385	396
FBGN0033207	0	0	0	0	0	0
FBGN0033206	36	53	38	70	59	56
FBGN0042085	248	179	234	265	396	417
FBGN0033085	4	13	9	10	10	14
FBGN0033874	0	0	0	0	0	0
FBGN0265605	7	1	3	6	2	4
FBGN0034058	41	14	36	24	22	28
FBGN0035000	0	0	0	0	1	0
FBGN0050419	0	0	0	0	0	0
FBGN0034083	123	122	100	155	218	198
FBGN0011260	977	810	814	1337	1659	1625
FBGN0040778	7	0	0	1	6	2
FBGN0015034	1	0	0	0	0	0
FBGN0061359	29	74	50	50	65	101
FBGN0035026	96	86	78	113	160	182
FBGN0050441	0	0	1	0	0	0
FBGN0050495	0	0	0	1	0	0
FBGN0266671	32	40	37	66	104	98
FBGN0262867	0	7	1	4	8	8
FBGN0024188	158	107	80	152	173	209
FBGN0034661	14	25	3	0	13	14
FBGN0262988	0	0	0	0	0	0
FBGN0283494	89	30	71	86	119	108
FBGN0003382	0	0	0	0	0	0
FBGN0033799	4	14	3	4	11	6
FBGN0022382	16	11	13	18	38	27
FBGN0033899	21	29	27	36	45	52
FBGN0034911	0	0	0	0	0	0
FBGN0041581	0	0	0	0	0	0
FBGN0261584	0	0	0	0	0	0
FBGN0050161	0	0	0	0	0	0
FBGN0033751	21	16	10	8	32	29
FBGN0021814	72	80	63	114	171	148
FBGN0034317	0	0	0	0	0	0
FBGN0013750	33	33	28	49	79	44
FBGN0033571	174	104	98	130	178	207
FBGN0262594	0	0	0	0	0	0
FBGN0034460	0	0	0	0	0	0
FBGN0050109	2	4	5	3	8	6
FBGN0035060	148	104	123	149	252	258
FBGN0085229	28	23	39	66	76	55
FBGN0260763	0	0	0	0	0	0
FBGN0034314	10	7	10	11	13	9
FBGN0034546	0	0	0	0	0	0
FBGN0033471	52	30	46	60	85	96
FBGN0033403	0	0	2	0	0	0
FBGN0015477	250	153	180	254	382	390
FBGN0250830	137	102	111	144	138	168
FBGN0050273	0	0	0	0	0	0
FBGN0033794	0	0	0	0	0	0
FBGN0262817	0	0	0	0	0	0
FBGN0035035	17	13	8	7	8	11
FBGN0265631	0	0	0	0	0	0
FBGN0004101	65	33	30	94	166	110
FBGN0034354	99	100	112	135	223	202
FBGN0266047	0	0	0	0	0	0
FBGN0050067	0	0	0	0	0	0
FBGN0034205	0	0	0	0	0	0
FBGN0003731	606	587	520	822	1290	1222
FBGN0086408	4	0	2	0	2	6
FBGN0043533	0	0	0	0	0	0
FBGN0033901	427	401	399	501	621	695
FBGN0005631	191	137	133	218	315	256
FBGN0053558	84	26	78	114	164	167
FBGN0028836	90	151	97	169	204	161
FBGN0029092	49	31	32	64	106	86
FBGN0286782	0	0	0	1	2	1
FBGN0033413	2	4	2	4	21	26
FBGN0040660	156	242	199	310	366	429
FBGN0262966	0	0	0	0	0	0
FBGN0010241	0	0	0	0	0	0
FBGN0033062	390	246	314	443	527	480
FBGN0027504	100	90	105	153	170	178
FBGN0033988	110	109	95	121	166	146
FBGN0033154	1	0	0	0	2	1
FBGN0033502	0	0	0	0	0	0
FBGN0033268	1	1	101	0	0	0
FBGN0033313	266	202	204	450	549	460
FBGN0261580	0	0	0	0	0	0
FBGN0034938	25	12	30	49	35	39
FBGN0034452	5	6	8	3	11	7
FBGN0034379	10	18	8	4	15	18
FBGN0286873	0	0	0	0	0	0
FBGN0286876	0	0	0	0	0	0
FBGN0034518	0	0	0	0	0	0
FBGN0283509	62	73	86	133	198	172
FBGN0265185	0	0	0	0	0	1
FBGN0010434	1085	879	889	1186	1563	1675
FBGN0086129	125	84	110	148	220	162
FBGN0050486	0	0	0	0	0	0
FBGN0034131	0	0	0	0	0	0
FBGN0034646	66	38	62	77	97	114
FBGN0259738	0	0	0	0	0	0
FBGN0034636	22	30	19	47	54	69
FBGN0033369	0	0	0	0	0	0
FBGN0050104	0	0	3	0	0	1
FBGN0034106	0	0	0	0	0	0
FBGN0265177	14	6	21	21	36	27
FBGN0053627	0	0	0	0	0	0
FBGN0010213	124	124	91	143	212	179
FBGN0033296	0	0	0	0	0	0
FBGN0034793	37	36	39	41	62	42
FBGN0033667	0	0	0	0	2	1
FBGN0263077	2	4	0	5	3	4
FBGN0033440	0	0	0	0	0	0
FBGN0085486	0	0	0	0	0	0
FBGN0004921	63	65	54	69	108	88
FBGN0015721	2	0	0	3	0	0
FBGN0033961	84	55	70	66	81	87
FBGN0033257	0	0	0	0	0	0
FBGN0034394	0	0	0	0	0	0
FBGN0265538	0	0	0	0	0	0
FBGN0033738	88	51	86	119	151	136
FBGN0261545	32	22	18	28	55	48
FBGN0034706	124	105	132	107	214	235
FBGN0028371	248	256	236	360	496	470
FBGN0011604	694	522	605	677	858	848
FBGN0062440	42	45	73	39	37	59
FBGN0033644	0	1	0	0	0	0
FBGN0027054	94	69	86	92	132	122
FBGN0262819	0	0	0	0	0	0
FBGN0000326	30	20	33	31	36	27
FBGN0085223	0	0	0	0	0	0
FBGN0261786	42	43	52	59	71	95
FBGN0033081	144	141	136	163	190	202
FBGN0053198	17	32	9	26	40	30
FBGN0033279	0	0	0	0	0	0
FBGN0033177	13	13	14	26	49	29
FBGN0024232	0	3	0	2	0	0
FBGN0033210	84	51	38	96	123	150
FBGN0050187	1	0	0	0	0	0
FBGN0035024	59	52	61	58	119	109
FBGN0034329	0	0	0	0	0	0
FBGN0040777	118	115	135	236	359	325
FBGN0263084	0	0	0	0	0	0
FBGN0025352	275	182	253	398	566	512
FBGN0262476	0	0	6	1	0	0
FBGN0034403	67	110	73	103	163	115
FBGN0050158	0	0	0	0	0	0
FBGN0050383	5	0	0	5	1	4
FBGN0034487	0	0	0	0	0	0
FBGN0022986	206	132	163	164	300	270
FBGN0034515	0	0	0	0	0	0
FBGN0034973	0	0	0	0	0	0
FBGN0033135	0	0	0	0	0	0
FBGN0034021	23	60	30	36	50	47
FBGN0033766	232	162	210	270	338	317
FBGN0050120	0	0	0	0	0	0
FBGN0041579	0	0	0	3	0	0
FBGN0004580	0	0	4	0	0	0
FBGN0033055	63	126	77	102	159	155
FBGN0259678	0	0	0	0	2	1
FBGN0261853	0	0	0	0	0	0
FBGN0035003	0	0	0	0	0	0
FBGN0262570	0	0	0	0	0	0
FBGN0013467	0	0	0	0	0	0
FBGN0259985	8	11	4	4	8	12
FBGN0033443	23	10	21	26	28	27
FBGN0050356	0	0	0	1	0	0
FBGN0034096	0	0	0	0	0	0
FBGN0010549	24	9	20	17	16	14
FBGN0259211	480	418	421	773	1004	896
FBGN0034577	113	141	112	136	217	202
FBGN0053964	4	12	15	7	11	15
FBGN0033484	0	0	8	0	1	0
FBGN0033970	0	4	0	0	1	0
FBGN0050083	0	0	0	0	0	0
FBGN0261854	170	212	181	244	335	404
FBGN0085408	125	105	120	134	260	160
FBGN0033351	70	65	62	77	84	72
FBGN0033789	0	0	0	2	0	3
FBGN0033785	54	30	39	97	131	101
FBGN0033905	0	3	0	1	4	2
FBGN0034844	0	0	0	0	0	0
FBGN0003091	0	0	0	3	2	3
FBGN0028561	0	0	0	0	0	0
FBGN0022027	7	15	13	15	20	22
FBGN0027495	208	176	159	158	289	334
FBGN0002567	1	5	11	14	24	6
FBGN0050392	13	0	8	18	32	20
FBGN0034545	0	0	0	0	0	0
FBGN0033724	3	10	4	6	5	1
FBGN0085425	0	0	0	0	0	0
FBGN0033886	318	386	363	374	574	558
FBGN0028424	1	0	4	0	0	1
FBGN0033168	0	0	0	0	0	0
FBGN0034351	38	33	41	53	79	75
FBGN0261596	961	874	802	1157	1482	1579
FBGN0034032	5	11	6	17	35	16
FBGN0034605	0	0	0	0	0	0
FBGN0046692	31	34	61	60	50	47
FBGN0250822	0	0	0	0	0	0
FBGN0020312	48	33	32	59	81	69
FBGN0005648	285	285	279	329	400	424
FBGN0050287	0	0	0	0	0	0
FBGN0010052	0	0	0	0	0	0
FBGN0063497	1	0	6	5	3	8
FBGN0034624	0	0	0	0	0	0
FBGN0259728	9	24	17	11	14	15
FBGN0033708	1	0	0	0	0	0
FBGN0033566	30	53	44	38	57	70
FBGN0003527	0	0	0	0	0	0
FBGN0263116	0	0	0	0	0	0
FBGN0035023	15	3	16	20	22	13
FBGN0041240	0	0	0	0	0	0
FBGN0263076	0	0	0	0	0	0
FBGN0033769	4	5	9	12	20	5
FBGN0035039	12	0	7	13	32	23
FBGN0033557	160	184	115	156	160	207
FBGN0033402	31	20	21	39	61	37
FBGN0033969	0	0	0	0	0	0
FBGN0033887	0	0	0	0	0	0
FBGN0034717	0	0	0	0	0	1
FBGN0034639	0	0	0	0	0	1
FBGN0042180	4	2	5	12	18	12
FBGN0029105	0	0	0	0	0	0
FBGN0034324	0	0	0	0	0	0
FBGN0053458	0	0	0	0	0	0
FBGN0034072	364	332	353	610	620	587
FBGN0033340	36	35	15	45	46	36
FBGN0034650	17	25	26	30	72	52
FBGN0034664	0	0	0	0	0	0
FBGN0259682	12	0	2	1	4	4
FBGN0005636	11	5	1	3	3	10
FBGN0259709	0	0	0	2	0	1
FBGN0039969	98	42	80	95	106	88
FBGN0033507	30	51	34	57	50	50
FBGN0263848	0	0	0	0	0	0
FBGN0050343	0	1	1	0	0	8
FBGN0033479	21	9	12	22	24	34
FBGN0040732	0	2	6	1	1	2
FBGN0015247	10	42	8	14	31	46
FBGN0034510	0	0	0	0	0	0
FBGN0010488	824	636	710	984	1355	1251
FBGN0033792	0	0	0	0	0	0
FBGN0014870	506	389	386	431	600	616
FBGN0034479	6	0	5	0	3	0
FBGN0050285	0	0	0	0	1	0
FBGN0033391	9	18	10	21	33	34
FBGN0026136	0	0	0	0	0	0
FBGN0050172	0	0	0	0	0	0
FBGN0034060	72	89	56	94	174	139
FBGN0085426	0	0	0	0	0	0
FBGN0034908	66	54	30	54	91	81
FBGN0035021	54	33	53	51	85	78
FBGN0058191	101	87	57	82	134	120
FBGN0033222	0	0	1	0	0	0
FBGN0050418	47	33	53	56	92	117
FBGN0050461	0	0	0	0	0	0
FBGN0050476	5	11	15	19	21	24
FBGN0259210	0	0	0	0	0	0
FBGN0034364	1	13	0	0	1	0
FBGN0040736	0	0	0	0	0	0
FBGN0034602	0	0	0	0	0	0
FBGN0033032	359	375	274	506	651	482
FBGN0033875	67	101	36	110	113	142
FBGN0034439	0	0	0	0	0	16
FBGN0004795	0	0	1	0	0	0
FBGN0004362	2507	2228	1783	2368	3283	3098
FBGN0033204	0	0	0	0	0	0
FBGN0262583	0	0	0	0	0	0
FBGN0033591	0	0	0	0	0	0
FBGN0034420	54	54	45	40	90	64
FBGN0259187	0	0	0	0	0	0
FBGN0287775	332	332	307	566	729	693
FBGN0267792	5	0	0	3	4	0
FBGN0033701	0	0	0	0	0	0
FBGN0000715	0	0	4	0	0	0
FBGN0034982	101	74	98	111	145	182
FBGN0034918	32	30	33	17	42	41
FBGN0028955	0	0	8	0	2	0
FBGN0028372	1	2	4	1	5	8
FBGN0021847	54	45	47	59	88	76
FBGN0033523	19	43	44	44	84	52
FBGN0033727	0	0	0	0	0	0
FBGN0033427	57	54	54	50	76	76
FBGN0016984	66	42	81	88	139	130
FBGN0034582	0	0	0	0	0	0
FBGN0035083	138	168	115	164	258	203
FBGN0026403	1	0	0	0	0	0
FBGN0033372	41	25	18	34	32	54
FBGN0050073	0	0	0	0	0	0
FBGN0262026	23	3	10	13	18	20
FBGN0034683	0	0	0	0	0	0
FBGN0033547	6	10	15	6	10	26
FBGN0010228	455	614	457	628	924	683
FBGN0050075	0	0	0	0	0	0
FBGN0033307	0	0	0	0	0	0
FBGN0053998	0	0	0	0	0	0
FBGN0033998	511	469	568	654	911	870
FBGN0086358	39	23	28	32	69	52
FBGN0004400	0	0	0	0	0	0
FBGN0033629	0	0	0	0	0	0
FBGN0050076	0	0	0	0	0	0
FBGN0013771	0	0	0	0	0	3
FBGN0264330	0	0	0	0	0	0
FBGN0033490	0	0	0	0	0	0
FBGN0034854	112	90	67	121	157	130
FBGN0033726	0	0	0	0	0	0
FBGN0042198	0	0	0	0	0	0
FBGN0053147	0	0	0	0	0	0
FBGN0033723	0	0	0	0	0	0
FBGN0034743	577	431	545	724	1073	1001
FBGN0034429	0	0	0	0	0	0
FBGN0013954	632	566	540	775	1243	1214
FBGN0026721	5	4	7	8	15	13
FBGN0034204	0	0	0	0	0	0
FBGN0001276	50	26	34	52	75	65
FBGN0033448	0	0	3	2	0	1
FBGN0033935	12	11	17	22	22	29
FBGN0021872	69	74	50	91	159	141
FBGN0260932	8	8	7	10	5	20
FBGN0034231	29	4	13	13	19	19
FBGN0085452	0	0	0	2	0	0
FBGN0260761	0	0	0	0	0	0
FBGN0033165	0	0	0	0	0	0
FBGN0010342	347	353	289	433	557	501
FBGN0259968	0	0	0	0	0	0
FBGN0028737	859	727	706	750	1212	1016
FBGN0259246	0	0	1	0	0	0
FBGN0033224	178	235	150	236	300	311
FBGN0033615	47	51	30	48	66	57
FBGN0085214	0	0	0	0	0	0
FBGN0266420	139	135	133	153	267	251
FBGN0033214	0	0	0	0	0	0
FBGN0033292	0	0	0	0	0	0
FBGN0050093	0	0	0	0	0	0
FBGN0033868	0	0	0	0	0	0
FBGN0003660	266	264	197	269	317	283
FBGN0263144	100	87	110	113	122	124
FBGN0034422	77	55	50	80	76	95
FBGN0086757	6	10	12	6	16	21
FBGN0033368	0	0	0	0	0	0
FBGN0034786	38	9	13	15	36	19
FBGN0050268	0	0	0	0	0	0
FBGN0004512	118	111	52	75	128	120
FBGN0050372	77	47	71	82	106	77
FBGN0033902	353	296	283	393	697	641
FBGN0034721	0	0	0	0	0	0
FBGN0000473	0	0	0	0	0	0
FBGN0284249	122	124	74	135	142	107
FBGN0035044	25	27	20	36	39	32
FBGN0000546	258	135	260	199	331	323
FBGN0033110	0	0	0	0	0	0
FBGN0011300	74	48	59	83	161	145
FBGN0033933	0	0	0	0	0	0
FBGN0050468	0	0	0	0	0	0
FBGN0264377	0	0	0	0	0	0
FBGN0034406	0	0	3	0	3	1
FBGN0033782	0	0	6	0	0	0
FBGN0260223	12	28	7	5	18	8
FBGN0001220	543	385	430	544	675	800
FBGN0026533	589	558	446	491	578	671
FBGN0022984	71	108	81	106	184	188
FBGN0034913	49	111	41	72	87	80
FBGN0026261	40	18	42	40	29	29
FBGN0027783	351	280	352	326	440	519
FBGN0026582	13	7	13	19	20	38
FBGN0034053	0	0	0	0	0	0
FBGN0034509	0	0	0	0	0	0
FBGN0027580	146	73	154	156	163	195
FBGN0033428	160	129	149	136	277	260
FBGN0259726	0	2	0	0	1	3
FBGN0050081	0	0	0	0	0	0
FBGN0011674	2	1	8	1	12	5
FBGN0003174	183	149	170	209	247	273
FBGN0034736	0	1	0	0	0	0
FBGN0033677	22	12	28	19	42	34
FBGN0033429	20	3	6	7	5	13
FBGN0003071	185	161	174	248	304	323
FBGN0050096	16	12	16	7	11	5
FBGN0033540	201	92	125	130	182	188
FBGN0085442	41	44	53	71	106	109
FBGN0054038	21	25	7	17	20	19
FBGN0035011	0	0	0	0	0	0
FBGN0034612	0	0	0	0	0	0
FBGN0025830	96	92	67	79	114	84
FBGN0034271	27	66	13	20	34	41
FBGN0025454	2	12	8	0	1	0
FBGN0033389	5	0	2	3	6	5
FBGN0262481	0	0	0	0	0	0
FBGN0261538	1	1	1	2	0	8
FBGN0033469	0	0	0	0	0	0
FBGN0050045	0	0	0	0	0	0
FBGN0034962	99	41	45	70	119	135
FBGN0035086	0	0	0	0	2	2
FBGN0034345	157	106	122	188	242	206
FBGN0053144	46	40	23	32	43	38
FBGN0261611	0	0	0	0	0	0
FBGN0265877	0	0	0	0	0	0
FBGN0261067	42	25	33	49	61	53
FBGN0033809	0	0	0	1	1	6
FBGN0034622	0	0	0	0	0	0
FBGN0261269	140	87	111	156	243	192
FBGN0263120	234	183	176	298	390	350
FBGN0026369	77	70	48	91	112	80
FBGN0050404	72	49	52	110	125	140
FBGN0033836	0	0	0	0	1	0
FBGN0063495	6	0	4	8	8	9
FBGN0050054	0	0	0	3	4	1
FBGN0034674	26	33	43	46	58	69
FBGN0034051	199	145	171	249	309	291
FBGN0000577	71	93	64	144	205	184
FBGN0261698	0	0	2	0	0	0
FBGN0025716	152	131	131	177	224	201
FBGN0034925	1	2	1	5	2	6
FBGN0033645	0	0	0	0	0	0
FBGN0033610	0	0	0	0	0	0
FBGN0001148	0	0	0	0	0	0
FBGN0034484	0	0	0	0	0	0
FBGN0033258	25	22	17	13	18	15
FBGN0260964	0	0	0	0	0	0
FBGN0050088	0	0	0	0	0	3
FBGN0053530	0	0	0	0	0	0
FBGN0050203	0	0	0	0	0	0
FBGN0033725	232	362	121	412	634	431
FBGN0033047	0	0	0	0	0	0
FBGN0033482	304	248	291	347	476	495
FBGN0263397	0	0	0	2	0	2
FBGN0050077	21	19	7	26	33	25
FBGN0019928	0	0	0	0	0	0
FBGN0283437	20	13	18	8	36	13
FBGN0261850	109	90	69	71	163	135
FBGN0033275	0	0	0	0	0	0
FBGN0033130	0	0	0	2	7	2
FBGN0050410	75	60	56	58	139	156
FBGN0034172	27	28	29	38	60	53
FBGN0034218	0	0	0	0	0	0
FBGN0034942	0	0	0	0	0	0
FBGN0265186	0	0	0	0	0	0
FBGN0033404	0	0	0	0	0	0
FBGN0033737	104	54	60	71	98	129
FBGN0265192	40	75	57	54	66	90
FBGN0033993	25	22	20	25	32	23
FBGN0034838	0	0	0	0	0	0
FBGN0050114	0	0	0	0	0	0
FBGN0050085	160	137	157	198	232	270
FBGN0034321	0	0	0	0	0	0
FBGN0035041	0	0	0	0	0	0
FBGN0034095	0	0	0	4	4	0
FBGN0034583	114	43	85	104	149	154
FBGN0002930	4	0	9	7	9	2
FBGN0263006	693	546	581	821	1356	1248
FBGN0033736	0	0	0	0	0	0
FBGN0034326	0	0	0	0	0	0
FBGN0053626	0	0	0	0	0	0
FBGN0033609	85	93	79	118	170	166
FBGN0034641	203	226	216	279	306	303
FBGN0033438	74	137	65	123	200	191
FBGN0034194	23	32	37	18	44	32
FBGN0260767	2	0	0	0	1	6
FBGN0004698	104	79	83	74	121	95
FBGN0033527	50	26	27	38	91	55
FBGN0033439	0	10	0	0	0	0
FBGN0034295	0	0	1	0	0	0
FBGN0259185	0	0	0	0	0	0
FBGN0034742	68	40	49	66	55	51
FBGN0034915	131	168	114	117	230	222
FBGN0262166	36	21	31	28	59	39
FBGN0085400	138	132	137	232	310	284
FBGN0266438	12	15	7	9	21	15
FBGN0263029	0	0	0	0	0	0
FBGN0024315	1	0	6	4	1	0
FBGN0034869	0	0	0	0	0	0
FBGN0034534	106	23	57	74	79	87
FBGN0085256	9	87	14	23	14	8
FBGN0033574	8	22	8	10	21	15
FBGN0033752	36	55	27	36	51	52
FBGN0022160	30	5	18	20	18	15
FBGN0016687	272	233	248	316	502	428
FBGN0045063	66	37	66	107	126	109
FBGN0085245	0	0	0	0	0	0
FBGN0034292	0	0	0	0	0	0
FBGN0085473	0	0	0	0	0	0
FBGN0033232	43	25	30	42	63	54
FBGN0034210	15	12	16	24	27	39
FBGN0010660	423	292	367	452	659	569
FBGN0033813	17	9	6	9	17	16
FBGN0034186	36	30	28	58	65	75
FBGN0003082	30	4	43	29	32	26
FBGN0033692	18	7	17	15	20	22
FBGN0053988	0	0	1	0	0	0
FBGN0034827	2	0	0	0	0	0
FBGN0050183	28	51	36	45	71	73
FBGN0053544	0	0	0	0	0	0
FBGN0034264	44	46	40	49	70	58
FBGN0034606	61	71	59	73	120	89
FBGN0015582	16	19	21	28	31	43
FBGN0263998	289	248	237	341	457	489
FBGN0027079	298	306	292	402	541	678
FBGN0283521	558	489	503	589	899	775
FBGN0053348	0	0	0	0	0	0
FBGN0085436	642	562	605	842	1101	1120
FBGN0028560	0	0	0	0	0	0
FBGN0033031	0	0	1	0	0	0
FBGN0034861	0	0	0	0	5	3
FBGN0260392	3	1	4	6	11	2
FBGN0263271	0	0	0	0	0	0
FBGN0050438	1	2	0	1	4	1
FBGN0033358	0	0	0	0	0	0
FBGN0050485	0	0	0	0	0	0
FBGN0263021	0	0	0	0	0	0
FBGN0011763	243	199	219	289	368	373
FBGN0000079	0	0	1	0	0	0
FBGN0026722	46	39	68	81	111	91
FBGN0033086	7	0	1	2	6	5
FBGN0013307	0	0	0	0	6	0
FBGN0014028	74	80	77	103	199	167
FBGN0033134	2	0	1	0	1	0
FBGN0034427	0	0	0	0	0	0
FBGN0033761	46	68	31	57	79	54
FBGN0004133	85	56	55	77	119	96
FBGN0034784	0	0	0	0	0	0
FBGN0000241	0	13	0	0	0	0
FBGN0033863	0	0	0	0	0	0
FBGN0033302	0	0	4	0	0	0
FBGN0022985	60	57	49	63	101	67
FBGN0034400	102	59	66	104	173	178
FBGN0034822	0	0	0	0	0	0
FBGN0033074	0	0	0	0	0	0
FBGN0033124	0	1	0	0	0	0
FBGN0033344	0	0	0	0	0	0
FBGN0040674	0	0	0	0	0	0
FBGN0033889	155	126	134	169	300	323
FBGN0014269	64	72	76	108	128	122
FBGN0034707	70	37	48	78	109	114
FBGN0026427	233	181	164	256	330	290
FBGN0035047	12	15	17	17	19	23
FBGN0034502	0	0	0	0	0	0
FBGN0284235	2	13	8	11	12	4
FBGN0003090	68	38	56	92	153	130
FBGN0265011	105	114	88	162	278	207
FBGN0287825	82	122	60	96	125	127
FBGN0040294	72	71	58	93	116	145
FBGN0033903	2	0	0	0	0	1
FBGN0033405	2	0	2	0	0	2
FBGN0033149	0	0	0	0	0	0
FBGN0024249	1	1	1	1	1	0
FBGN0085453	5	0	3	4	2	1
FBGN0034985	69	79	61	151	259	232
FBGN0033705	0	0	0	0	0	0
FBGN0053752	0	0	0	0	0	0
FBGN0034921	101	73	64	81	120	148
FBGN0020521	458	589	377	859	1270	1080
FBGN0027513	34	51	40	27	52	58
FBGN0027506	56	33	43	41	105	108
FBGN0034538	0	0	0	0	3	0
FBGN0263121	0	0	0	0	0	0
FBGN0086604	0	0	2	0	0	0
FBGN0052843	3	6	4	5	11	13
FBGN0033912	1090	918	986	1111	1411	1268
FBGN0034924	0	0	0	0	0	0
FBGN0016053	0	0	0	0	0	0
FBGN0050000	70	51	57	81	118	111
FBGN0033133	1	15	1	1	3	2
FBGN0033635	3	12	3	8	13	1
FBGN0026309	180	166	137	180	226	274
FBGN0034085	0	8	0	0	0	1
FBGN0033672	31	43	31	39	64	60
FBGN0050181	0	0	0	0	0	0
FBGN0033475	93	43	47	62	79	84
FBGN0033100	63	77	80	69	85	123
FBGN0034820	0	0	0	0	0	0
FBGN0267824	104	103	122	102	178	177
FBGN0040513	22	23	14	22	41	34
FBGN0033911	0	0	0	0	1	0
FBGN0085397	210	276	212	341	412	406
FBGN0033400	39	44	64	68	88	71
FBGN0262124	112	132	125	167	193	226
FBGN0063491	0	0	0	0	0	0
FBGN0041242	0	0	0	0	0	0
FBGN0005614	0	0	0	0	0	0
FBGN0050033	0	0	0	0	0	0
FBGN0050197	2	0	0	5	4	1
FBGN0033504	4	0	2	18	11	8
FBGN0054054	0	0	0	0	0	0
FBGN0033683	14	8	8	10	20	16
FBGN0050125	0	0	0	0	0	0
FBGN0013348	0	0	0	0	0	0
FBGN0050366	0	0	0	0	0	0
FBGN0040743	0	0	0	0	0	0
FBGN0002533	6	48	4	16	7	11
FBGN0050373	14	24	10	36	37	30
FBGN0034094	6	0	3	4	8	3
FBGN0284257	65	48	69	64	77	58
FBGN0033460	194	163	186	226	302	329
FBGN0263980	0	0	0	0	0	0
FBGN0085259	0	0	0	0	0	0
FBGN0050291	75	56	66	91	124	138
FBGN0028579	29	25	28	40	44	28
FBGN0053182	31	46	76	61	87	58
FBGN0019938	315	190	251	357	378	413
FBGN0050488	0	0	0	0	0	0
FBGN0037084	3	0	1	4	4	8
FBGN0034904	0	0	0	0	0	0
FBGN0034258	1396	1296	1169	1415	2109	2238
FBGN0034789	0	0	0	0	0	0
FBGN0050035	3	10	4	3	5	3
FBGN0033521	0	0	1	1	0	0
FBGN0003044	134	111	92	150	219	192
FBGN0050148	0	0	0	1	1	1
FBGN0033017	92	98	88	170	130	128
FBGN0260401	44	23	34	34	50	34
FBGN0033501	0	0	0	1	0	0
FBGN0050052	0	0	0	0	0	0
FBGN0261387	193	145	151	215	222	236
FBGN0050048	0	0	0	0	0	0
FBGN0263000	0	0	0	0	0	0
FBGN0035069	0	0	0	0	0	0
FBGN0033159	278	175	241	318	422	357
FBGN0033844	43	55	40	88	128	106
FBGN0033196	0	0	3	2	0	0
FBGN0261385	514	375	410	564	730	640
FBGN0063494	1	0	1	0	2	1
FBGN0287774	92	36	65	103	139	160
FBGN0042173	0	0	0	0	0	0
FBGN0033812	46	72	46	77	104	90
FBGN0016131	54	61	47	102	160	142
FBGN0003545	120	119	99	126	165	201
FBGN0033916	45	53	64	34	52	67
FBGN0033388	0	0	1	0	0	3
FBGN0011660	58	46	44	50	57	61
FBGN0025469	6	8	12	7	13	13
FBGN0050350	0	0	0	0	0	0
FBGN0027596	63	67	96	60	95	109
FBGN0010278	481	362	459	493	576	643
FBGN0034390	192	103	189	130	162	158
FBGN0033054	0	0	0	1	0	0
FBGN0010114	0	0	0	0	0	0
FBGN0033873	0	0	1	0	0	0
FBGN0034808	10	4	4	11	9	7
FBGN0033243	0	0	0	0	0	0
FBGN0261673	1	0	1	13	21	16
FBGN0034667	0	0	0	0	0	0
FBGN0033891	12	27	10	7	19	16
FBGN0033690	1	12	14	7	13	9
FBGN0085263	0	0	0	0	0	0
FBGN0013772	0	0	0	0	0	0
FBGN0265191	93	46	58	102	153	159
FBGN0023441	86	50	87	112	196	215
FBGN0013325	983	915	957	1150	1626	1708
FBGN0034488	245	167	256	268	355	352
FBGN0003256	78	28	35	68	78	62
FBGN0262739	315	313	366	425	692	595
FBGN0053519	6	0	0	0	4	0
FBGN0034997	44	31	48	62	99	106
FBGN0013548	50	58	61	65	112	111
FBGN0050278	0	0	0	0	0	0
FBGN0011236	52	37	46	44	62	75
FBGN0033653	28	24	31	32	42	38
FBGN0033778	0	0	0	0	0	0
FBGN0034728	131	85	81	110	122	147
FBGN0033787	0	0	1	1	0	1
FBGN0050094	17	16	4	1	15	6
FBGN0034462	118	180	79	150	198	152
FBGN0053527	0	0	0	0	0	0
FBGN0034225	11	37	1	0	1	1
FBGN0050359	16	19	19	19	22	14
FBGN0263102	406	413	333	519	704	714
FBGN0033317	164	153	138	175	188	209
FBGN0033304	0	0	0	1	1	1
FBGN0033185	37	58	45	69	69	61
FBGN0013732	46	30	46	80	117	102
FBGN0034537	100	105	74	93	164	144
FBGN0015949	150	172	145	214	312	282
FBGN0050375	0	1	0	0	0	0
FBGN0262820	0	0	0	0	0	0
FBGN0283480	0	0	0	0	0	0
FBGN0034907	0	0	0	0	0	0
FBGN0027548	353	427	314	410	615	629
FBGN0034113	53	63	37	49	53	88
FBGN0259729	0	0	0	0	0	0
FBGN0033784	9	10	4	9	13	12
FBGN0261439	261	182	249	316	484	579
FBGN0020506	0	0	0	0	0	0
FBGN0033601	0	0	0	0	0	0
FBGN0033132	0	12	1	0	0	0
FBGN0034530	4	1	11	17	14	6
FBGN0034803	4	0	8	0	6	5
FBGN0022740	0	0	0	0	0	0
FBGN0053476	0	0	0	0	0	0
FBGN0053757	0	0	0	0	0	0
FBGN0034490	1	0	0	2	2	1
FBGN0260798	128	240	135	139	158	139
FBGN0028497	44	28	21	51	73	56
FBGN0034288	0	0	0	18	10	568
FBGN0033733	0	0	0	0	0	0
FBGN0053506	58	38	40	70	85	98
FBGN0034069	0	0	0	0	0	0
FBGN0034552	0	0	0	0	0	0
FBGN0026602	7	0	5	6	13	7
FBGN0033316	56	49	57	66	98	79
FBGN0034010	3	22	7	13	6	0
FBGN0022960	98	116	95	125	188	192
FBGN0003353	24	7	18	13	12	6
FBGN0286784	1293	1109	1202	1662	2483	2480
FBGN0034243	212	231	194	241	326	364
FBGN0286813	259	205	161	220	328	336
FBGN0027525	153	118	99	103	163	145
FBGN0035004	0	0	0	0	0	0
FBGN0033594	0	0	0	0	0	0
FBGN0026393	0	0	0	0	0	0
FBGN0034054	34	25	22	19	21	34
FBGN0034576	44	40	25	37	52	61
FBGN0033041	0	0	0	0	0	0
FBGN0033229	7	3	16	13	23	12
FBGN0040502	0	0	0	0	0	0
FBGN0085390	0	0	0	0	0	0
FBGN0284246	84	67	96	96	127	142
FBGN0050005	5	4	4	9	5	3
FBGN0033654	4	0	3	10	8	12
FBGN0034249	110	51	81	104	162	174
FBGN0025334	0	0	0	0	0	0
FBGN0263113	0	0	0	0	1	0
FBGN0033729	0	0	0	0	0	0
FBGN0027585	117	80	148	177	231	207
FBGN0050108	15	1	8	7	6	14
FBGN0035046	30	50	32	50	66	59
FBGN0034435	0	0	0	0	0	0
FBGN0053200	0	0	0	0	0	0
FBGN0275436	19	12	17	20	28	37
FBGN0034433	45	73	42	91	134	123
FBGN0010316	61	73	52	68	90	100
FBGN0261041	0	0	0	0	0	0
FBGN0033582	0	0	0	0	0	0
FBGN0033277	0	0	0	0	0	0
FBGN0023477	281	255	221	289	413	400
FBGN0262807	0	0	0	0	0	0
FBGN0034290	3	8	0	4	3	0
FBGN0033350	33	19	25	36	53	58
FBGN0033983	0	0	0	0	0	0
FBGN0035070	0	0	0	0	0	0
FBGN0034248	13	13	22	12	18	14
FBGN0011296	2	10	1	2	3	1
FBGN0260959	52	41	65	73	93	66
FBGN0033985	0	0	0	0	0	0
FBGN0034662	0	0	0	0	0	0
FBGN0002534	12	15	5	16	3	18
FBGN0263999	0	0	0	0	0	0
FBGN0034659	0	0	0	1	2	0
FBGN0053145	8	4	10	15	9	22
FBGN0028669	0	0	0	0	0	0
FBGN0034880	1	0	0	0	3	0
FBGN0034423	0	0	0	0	0	0
FBGN0033973	11	6	11	21	25	29
FBGN0003391	1390	1147	1110	1756	2433	2318
FBGN0026378	44	20	36	65	75	62
FBGN0001091	355	350	286	483	685	772
FBGN0033872	0	0	0	0	1	0
FBGN0288232	0	0	0	0	0	0
FBGN0034481	0	0	0	0	0	0
FBGN0050325	0	0	0	0	0	0
FBGN0033366	0	0	0	0	0	3
FBGN0265762	0	0	0	0	0	0
FBGN0025578	2	0	4	4	0	0
FBGN0033079	0	0	0	0	1	0
FBGN0033129	0	0	0	0	0	0
FBGN0016641	7	12	16	12	25	21
FBGN0034816	7	2	6	6	5	10
FBGN0015872	25	30	24	22	25	36
FBGN0034783	0	0	0	0	0	0
FBGN0033216	0	0	0	0	0	0
FBGN0264560	138	138	113	137	196	248
FBGN0026754	0	0	0	0	0	0
FBGN0034842	0	0	0	0	0	0
FBGN0061198	51	43	65	78	87	97
FBGN0034313	105	61	84	95	188	162
FBGN0001319	10	5	14	28	48	46
FBGN0033650	0	0	0	0	0	0
FBGN0033453	24	42	24	28	33	45
FBGN0035057	16	13	14	18	37	26
FBGN0035032	181	200	162	275	428	380
FBGN0034928	4	4	3	8	6	4
FBGN0034989	76	64	65	94	121	103
FBGN0041233	0	0	0	0	0	0
FBGN0034703	63	40	47	49	56	63
FBGN0033948	3	0	7	8	10	6
FBGN0054005	0	0	0	0	0	0
FBGN0033212	136	117	156	178	279	287
FBGN0033067	0	0	0	0	0	0
FBGN0086519	0	0	0	0	0	0
FBGN0050379	0	1	0	0	0	0
FBGN0033373	0	0	1	5	9	7
FBGN0262116	169	130	125	181	153	172
FBGN0033128	0	3	0	0	0	0
FBGN0050042	0	0	0	0	0	0
FBGN0000008	30	13	30	29	47	58
FBGN0034142	346	258	322	418	623	576
FBGN0033931	0	0	0	0	0	0
FBGN0033649	6	7	8	7	18	9
FBGN0033072	0	0	0	0	0	0
FBGN0034788	0	0	0	0	0	0
FBGN0261397	66	45	39	73	77	76
FBGN0034688	25	16	14	34	33	27
FBGN0034099	0	0	0	0	0	0
FBGN0033169	73	72	76	76	130	114
FBGN0000581	116	81	108	107	181	123
FBGN0035077	0	0	0	0	0	0
FBGN0085248	0	0	0	0	0	0
FBGN0003274	1019	1032	1058	1029	1382	1537
FBGN0034859	45	55	43	47	65	54
FBGN0033685	0	0	0	0	0	0
FBGN0033593	0	4	0	1	0	0
FBGN0034477	0	0	0	0	0	0
FBGN0034958	34	32	22	26	29	23
FBGN0033167	0	0	0	0	0	0
FBGN0050484	0	0	0	0	0	0
FBGN0033020	0	0	0	0	0	0
FBGN0259238	85	62	48	66	67	61
FBGN0034143	8	2	11	4	9	8
FBGN0086677	0	0	0	0	0	0
FBGN0264298	0	0	0	0	0	0
FBGN0028563	104	84	71	99	124	130
FBGN0262515	120	129	96	114	242	199
FBGN0266439	0	0	0	0	0	0
FBGN0033584	0	0	0	6	5	2
FBGN0033015	106	87	127	113	146	124
FBGN0034634	10	2	15	4	8	13
FBGN0040091	15	21	16	21	37	35
FBGN0034572	84	87	75	88	172	135
FBGN0040751	7	12	9	9	5	7
FBGN0043792	0	0	0	7	2	3
FBGN0003009	0	0	0	0	0	0
FBGN0262567	0	0	0	0	0	0
FBGN0034138	979	1024	959	1083	1404	1375
FBGN0034521	16	5	9	14	8	10
FBGN0010423	0	0	0	0	0	0
FBGN0033442	0	0	0	0	0	0
FBGN0024196	71	73	50	54	79	98
FBGN0085220	71	82	45	90	103	100
FBGN0033680	0	0	0	0	0	0
FBGN0085415	0	0	0	0	0	0
FBGN0033431	21	24	43	22	22	24
FBGN0011286	0	0	0	1	0	0
FBGN0034819	0	0	0	0	0	0
FBGN0262824	0	0	0	0	0	0
FBGN0267728	43	27	29	35	63	53
FBGN0033166	34	23	12	36	45	72
FBGN0000181	629	594	543	631	1049	1076
FBGN0263391	639	440	519	696	972	1028
FBGN0011589	0	0	0	0	0	0
FBGN0034007	0	0	0	0	0	0
FBGN0026361	35	57	25	22	51	51
FBGN0053469	0	7	0	2	0	0
FBGN0034939	142	100	116	128	162	145
FBGN0034237	1036	863	831	1229	1701	1624
FBGN0265174	5	10	9	3	7	19
FBGN0265045	8	4	9	17	12	16
FBGN0034865	0	0	0	0	0	0
FBGN0020372	0	0	0	2	0	0
FBGN0034578	13	1	5	5	7	7
FBGN0002787	342	313	315	386	582	513
FBGN0050296	0	0	0	0	0	0
FBGN0034590	66	66	98	118	206	162
FBGN0085219	0	0	0	0	0	0
FBGN0033447	0	0	4	0	0	0
FBGN0041087	4	5	0	8	9	3
FBGN0040735	0	7	0	0	0	0
FBGN0033541	0	1	0	18	10	991
FBGN0034569	75	23	58	75	88	60
FBGN0033721	0	0	0	0	0	0
FBGN0002531	21	119	39	39	21	33
FBGN0023171	13	15	24	18	41	29
FBGN0034411	0	0	3	0	1	0
FBGN0261501	0	0	0	0	0	0
FBGN0024234	247	228	243	371	550	513
FBGN0029006	110	93	84	143	173	156
FBGN0033434	126	107	134	136	159	202
FBGN0033971	14	32	14	13	24	33
FBGN0034975	211	135	233	217	351	294
FBGN0011726	942	791	682	1127	1478	1419
FBGN0033934	16	20	10	10	18	22
FBGN0033949	0	2	0	6	6	6
FBGN0288447	0	0	0	0	0	0
FBGN0033494	0	0	0	0	0	0
FBGN0034529	45	40	29	35	50	43
FBGN0033732	0	0	0	0	0	0
FBGN0033955	0	0	0	0	0	0
FBGN0033095	2	9	10	15	39	13
FBGN0014020	367	350	309	389	526	476
FBGN0053475	0	0	0	0	0	0
FBGN0028741	51	23	37	42	62	59
FBGN0028991	27	8	33	11	26	18
FBGN0033819	0	0	0	0	0	0
FBGN0020306	292	316	296	409	561	524
FBGN0034523	79	37	43	55	70	65
FBGN0085341	0	0	0	0	0	0
FBGN0034716	0	0	1	0	0	0
FBGN0261807	0	0	0	0	0	0
FBGN0050087	0	0	0	0	0	0
FBGN0033117	34	51	45	54	67	62
FBGN0261292	0	0	0	0	0	0
FBGN0034759	0	0	0	0	0	0
FBGN0085487	0	0	0	0	0	0
FBGN0005624	115	103	99	163	248	231
FBGN0033572	0	0	0	0	0	0
FBGN0034592	0	0	0	0	0	0
FBGN0050431	0	0	0	0	0	0
FBGN0033693	16	7	7	14	7	8
FBGN0025360	4	18	9	6	22	6
FBGN0034151	0	0	0	0	0	0
FBGN0002736	169	180	106	176	318	273
FBGN0033423	0	0	0	2	0	0
FBGN0040092	0	0	0	0	0	0
FBGN0050394	39	22	21	40	54	49
FBGN0027788	0	0	0	0	0	2
FBGN0034315	136	54	90	126	171	184
FBGN0002715	30	18	22	24	21	39
FBGN0033830	0	0	0	0	0	0
FBGN0033474	57	54	51	90	120	109
FBGN0061362	7	8	4	9	12	7
FBGN0022238	52	47	44	89	100	66
FBGN0085254	0	0	0	0	0	0
FBGN0033589	0	0	0	0	0	0
FBGN0050502	0	0	0	0	0	0
FBGN0033287	0	0	0	0	0	0
FBGN0263780	14	4	4	7	11	6
FBGN0034467	0	0	0	0	0	0
FBGN0033864	0	0	0	0	0	0
FBGN0033459	9	13	14	12	9	15
FBGN0033247	53	43	54	65	122	155
FBGN0053774	40	27	35	42	56	50
FBGN0265577	1	0	1	0	1	0
FBGN0262568	0	0	0	0	0	0
FBGN0033379	187	155	125	192	275	292
FBGN0054045	0	0	0	0	0	0
FBGN0034901	0	38	8	2	0	0
FBGN0034495	30	14	19	37	32	30
FBGN0013272	2964	2614	2622	3718	4875	4828
FBGN0263742	0	0	0	0	0	0
FBGN0286070	65	76	57	78	112	86
FBGN0085472	0	0	0	0	0	0
FBGN0035050	0	0	0	0	0	0
FBGN0033273	41	28	19	41	41	42
FBGN0050105	17	3	13	16	27	14
FBGN0034598	199	205	154	209	346	294
FBGN0034397	0	0	0	0	0	0
FBGN0034491	52	53	60	66	72	75
FBGN0250838	123	167	119	191	269	269
FBGN0034564	88	74	64	67	116	102
FBGN0010551	452	414	371	527	819	785
FBGN0034588	0	0	0	0	0	0
FBGN0035094	2	0	0	0	0	2
FBGN0034401	236	195	197	310	398	370
FBGN0261862	89	76	90	169	221	231
FBGN0050163	0	2	0	0	0	0
FBGN0033777	4	11	20	35	42	45
FBGN0265373	0	0	0	0	0	0
FBGN0026761	107	60	101	116	148	162
FBGN0265137	41	44	51	44	84	94
FBGN0013725	3	0	2	3	4	2
FBGN0034761	0	10	1	1	1	1
FBGN0034943	0	0	1	0	0	1
FBGN0025573	0	0	0	0	0	0
FBGN0034729	4	11	1	1	2	5
FBGN0034512	1	8	0	2	0	3
FBGN0034494	28	26	12	31	29	37
FBGN0034009	33	40	18	18	31	21
FBGN0050430	0	0	0	0	0	0
FBGN0015929	383	408	404	507	690	760
FBGN0050489	0	0	0	0	0	0
FBGN0034956	16	5	22	6	30	32
FBGN0013756	1112	950	912	1311	1651	1570
FBGN0085225	0	0	0	0	0	0
FBGN0033978	0	0	0	0	0	0
FBGN0086350	13	4	2	10	9	7
FBGN0033816	87	49	58	64	80	106
FBGN0023181	31	41	22	44	49	55
FBGN0010414	0	0	1	0	0	1
FBGN0034666	0	0	0	0	0	0
FBGN0259966	0	0	0	0	0	0
FBGN0050464	0	0	0	0	0	0
FBGN0034792	165	103	132	159	222	222
FBGN0050095	0	0	0	0	0	0
FBGN0033401	73	82	37	96	115	100
FBGN0020620	35	6	19	54	80	63
FBGN0053138	98	101	116	159	284	245
FBGN0034846	0	0	0	0	0	0
FBGN0033312	0	0	0	0	0	0
FBGN0033706	0	0	0	0	0	0
FBGN0264299	0	0	0	0	0	0
FBGN0034430	51	43	30	57	51	64
FBGN0015925	83	72	84	96	107	119
FBGN0046879	0	0	0	0	0	0
FBGN0263510	215	164	170	194	332	328
FBGN0013435	42	41	27	44	50	40
FBGN0033757	33	28	42	45	37	53
FBGN0033065	0	0	0	0	0	0
FBGN0284237	0	5	0	0	0	1
FBGN0045483	0	0	0	0	0	0
FBGN0034486	0	0	0	0	0	0
FBGN0034177	36	0	23	17	27	43
FBGN0015001	0	0	0	0	0	0
FBGN0266486	0	0	0	0	0	1
FBGN0266708	0	0	6	0	0	0
FBGN0016684	0	1	0	0	0	0
FBGN0286511	13	27	11	29	29	39
FBGN0033741	345	307	320	394	480	416
FBGN0050284	0	0	0	0	0	0
FBGN0033058	0	0	0	0	0	0
FBGN0041585	33	39	20	37	57	23
FBGN0028552	43	15	30	53	67	63
FBGN0034426	0	0	0	0	0	0
FBGN0284243	7419	6128	6780	8466	14498	13855
FBGN0050414	1	0	3	1	0	1
FBGN0034497	0	0	0	0	0	2
FBGN0034651	0	0	0	0	0	0
FBGN0043010	3	0	6	4	17	9
FBGN0029079	241	207	161	249	227	240
FBGN0002716	0	0	0	0	0	0
FBGN0034833	0	0	0	0	0	0
FBGN0053461	0	0	0	0	0	0
FBGN0034416	0	0	0	1	0	0
FBGN0261403	255	278	224	305	315	382
FBGN0034693	5	3	11	25	21	15
FBGN0053704	0	0	0	0	0	0
FBGN0050100	2	0	7	4	7	2
FBGN0034996	0	0	0	0	0	0
FBGN0053017	0	0	0	0	0	0
FBGN0259184	0	0	0	0	0	0
FBGN0050289	0	0	0	0	0	0
FBGN0011211	1406	1181	1275	1856	2896	3052
FBGN0033598	0	3	1	1	0	2
FBGN0034162	1	14	4	5	5	8
FBGN0086655	152	131	117	225	291	284
FBGN0286778	19	22	35	32	43	48
FBGN0085398	0	0	0	0	0	0
FBGN0034091	27	32	26	44	70	38
FBGN0260934	241	281	285	324	464	476
FBGN0262478	0	0	0	0	0	0
FBGN0035042	0	0	0	0	0	0
FBGN0034965	2	0	1	0	2	0
FBGN0034156	0	0	0	0	0	0
FBGN0033551	61	35	49	54	80	88
FBGN0261614	0	0	0	0	0	0
FBGN0033518	1	0	0	1	1	3
FBGN0034986	48	20	46	62	85	77
FBGN0085232	0	0	0	0	0	0
FBGN0034011	0	0	2	2	1	0
FBGN0011555	0	9	0	0	0	0
FBGN0086898	41	26	19	20	29	25
FBGN0035005	0	0	0	0	0	0
FBGN0033529	142	108	125	202	241	246
FBGN0003175	117	79	75	106	185	138
FBGN0033539	94	59	75	113	139	168
FBGN0002570	0	0	0	0	0	0
FBGN0027836	41	45	48	74	111	114
FBGN0026741	16	12	10	25	22	23
FBGN0053958	0	3	0	0	0	0
FBGN0262790	0	0	0	0	0	0
FBGN0034381	0	0	1	0	0	0
FBGN0035076	2	18	2	6	2	0
FBGN0034951	3	6	5	11	4	6
FBGN0035010	0	0	0	0	0	0
FBGN0034829	0	0	0	0	0	0
FBGN0020440	50	43	62	73	74	77
FBGN0022700	0	0	0	0	0	1
FBGN0033164	0	0	0	0	0	0
FBGN0015614	20	37	27	28	73	31
FBGN0002535	13	35	25	24	17	28
FBGN0034076	0	0	0	0	0	0
FBGN0034047	0	0	0	0	0	0
FBGN0033371	0	0	0	0	0	0
FBGN0034897	6	0	2	0	4	0
FBGN0013773	0	2	0	0	0	0
FBGN0265487	118	150	183	195	264	283
FBGN0034082	0	0	0	0	0	0
FBGN0033019	50	59	37	67	48	35
FBGN0034863	0	0	0	0	0	0
FBGN0003742	18	13	19	22	43	22
FBGN0265835	0	0	0	0	0	0
FBGN0034476	388	395	352	448	625	557
FBGN0033285	0	0	0	0	0	0
FBGN0083951	0	0	0	0	0	0
FBGN0010622	58	57	46	82	79	71
FBGN0050195	0	0	3	0	1	0
FBGN0286203	118	149	78	123	154	129
FBGN0034027	26	10	8	14	31	16
FBGN0033048	0	0	0	0	0	0
FBGN0034383	0	0	0	0	0	0
FBGN0034000	17	18	23	27	32	24
FBGN0000606	0	0	0	0	0	0
FBGN0015754	190	150	180	224	277	270
FBGN0033454	141	58	90	156	268	262
FBGN0034970	28	31	49	56	92	69
FBGN0263760	0	0	0	0	0	0
FBGN0264714	0	0	0	0	0	0
FBGN0050393	0	0	0	0	0	0
FBGN0050466	10	14	3	4	13	4
FBGN0000289	235	271	289	344	492	471
FBGN0028740	0	0	0	0	0	0
FBGN0053758	0	0	0	0	0	0
FBGN0003114	0	0	0	0	0	0
FBGN0033581	240	237	249	241	358	368
FBGN0287864	139	105	117	248	362	324
FBGN0034655	0	0	0	0	0	0
FBGN0050050	0	0	0	0	0	0
FBGN0050115	39	56	37	44	86	72
FBGN0034230	16	1	11	11	32	18
FBGN0262961	0	0	0	0	0	0
FBGN0260768	0	0	0	1	1	1
FBGN0034129	0	0	0	0	0	0
FBGN0034251	1	0	0	0	6	0
FBGN0050275	0	0	0	0	0	0
FBGN0050429	0	0	0	0	0	0
FBGN0034215	36	27	48	76	79	73
FBGN0287213	0	0	0	0	0	0
FBGN0034398	265	310	291	331	492	354
FBGN0034245	54	38	34	59	44	69
FBGN0261794	18	15	15	9	17	15
FBGN0034087	400	322	367	504	722	736
FBGN0262881	2	0	1	3	3	3
FBGN0063492	3	0	7	3	2	3
FBGN0033348	48	49	54	93	76	95
FBGN0033208	26	20	27	26	44	38
FBGN0034766	0	0	0	0	0	0
FBGN0010548	171	132	134	228	264	304
FBGN0027835	1503	1259	1130	1702	2445	2364
FBGN0085260	0	0	0	3	5	2
FBGN0003254	0	0	0	0	0	0
FBGN0025832	79	78	90	68	136	145
FBGN0264753	0	0	0	0	0	0
FBGN0050491	12	14	9	6	21	24
FBGN0034284	0	0	0	0	0	0
FBGN0259483	39	32	38	27	91	58
FBGN0033808	3	6	1	4	16	5
FBGN0033773	0	0	0	0	0	0
FBGN0050295	12	29	7	6	19	12
FBGN0034643	66	85	77	99	112	143
FBGN0033953	0	0	0	0	0	0
FBGN0034128	0	0	0	0	0	0
FBGN0033092	33	39	24	39	76	62
FBGN0034446	0	0	0	0	0	0
FBGN0050026	0	0	0	0	0	0
FBGN0046706	154	87	109	114	152	123
FBGN0266518	84	59	87	88	132	140
FBGN0262117	177	107	116	133	148	151
FBGN0086712	56	71	64	78	108	101
FBGN0085217	0	0	0	0	0	0
FBGN0004896	0	0	1	0	0	0
FBGN0050440	193	110	160	163	201	170
FBGN0034456	0	0	0	0	0	0
FBGN0033498	0	0	0	0	0	0
FBGN0035012	0	0	0	0	0	0
FBGN0033061	0	0	0	0	0	0
FBGN0063493	0	0	0	3	0	0
FBGN0034269	14	27	16	13	33	23
FBGN0033192	0	0	0	0	0	0
FBGN0034443	23	8	35	40	30	25
FBGN0033936	1	0	0	0	3	0
FBGN0050091	2	2	3	0	0	0
FBGN0034601	0	0	0	0	0	0
FBGN0285892	71	36	29	64	51	61
FBGN0034595	0	0	0	0	0	0
FBGN0264297	0	0	0	0	0	0
FBGN0027590	131	78	100	163	288	209
FBGN0050390	22	47	20	51	36	47
FBGN0265193	0	0	4	6	16	6
FBGN0050416	0	0	0	0	0	0
FBGN0034187	0	0	0	0	0	0
FBGN0033928	8	1	8	6	14	3
FBGN0050460	10	9	1	4	18	13
FBGN0034350	8	0	8	10	19	22
FBGN0033762	42	21	34	45	45	56
FBGN0287632	0	0	0	0	0	0
FBGN0050324	0	0	0	0	0	0
FBGN0021895	38	73	40	43	55	32
FBGN0050196	0	0	3	0	1	0
FBGN0050184	0	0	0	0	0	0
FBGN0053477	0	0	0	0	0	0
FBGN0264339	0	0	0	0	0	0
FBGN0050074	0	0	0	0	0	0
FBGN0034658	0	0	0	0	0	0
FBGN0010397	115	62	77	101	158	122
FBGN0033588	0	0	0	0	0	0
FBGN0283510	151	157	164	209	386	342
FBGN0027538	0	1	1	1	1	6
FBGN0033856	0	0	0	0	0	0
FBGN0050458	0	0	0	1	4	0
FBGN0010415	395	411	433	600	792	688
FBGN0034734	201	174	169	203	268	278
FBGN0027561	17	5	25	20	54	41
FBGN0050487	0	0	0	0	0	0
FBGN0034140	6	7	5	4	9	6
FBGN0034312	13	12	6	9	23	19
FBGN0261564	34	42	52	44	47	36
FBGN0034826	0	0	0	0	0	0
FBGN0034030	0	0	0	7	13	13
FBGN0034104	0	0	0	0	0	0
FBGN0034318	0	0	0	0	0	0
FBGN0050036	0	0	0	0	0	0
FBGN0034310	197	144	175	223	255	307
FBGN0034804	2	6	0	4	2	3
FBGN0050345	6	11	6	1	0	0
FBGN0033093	1	0	1	0	0	3
FBGN0023214	7	3	3	6	14	19
FBGN0033330	0	0	0	0	0	0
FBGN0010411	925	858	812	1270	2023	1872
FBGN0034437	0	0	0	0	0	0
FBGN0027599	37	45	39	53	60	52
FBGN0033308	0	0	0	0	0	0
FBGN0250842	0	0	0	0	0	0
FBGN0040737	0	0	0	0	0	1
FBGN0040093	0	0	0	0	0	0
FBGN0033951	58	57	67	54	135	91
FBGN0034120	0	0	0	0	0	0
FBGN0014877	74	38	37	50	80	82
FBGN0034361	16	14	15	18	33	42
FBGN0265974	22	27	38	57	70	63
FBGN0034990	0	0	0	0	0	0
FBGN0033195	2	0	4	5	7	6
FBGN0035078	0	0	0	0	0	0
FBGN0027572	63	48	54	91	110	64
FBGN0033999	0	0	0	0	0	0
FBGN0034660	0	0	0	0	0	0
FBGN0033859	181	126	115	129	143	182
FBGN0024754	73	61	90	113	186	170
FBGN0053914	0	0	0	0	0	0
FBGN0259745	26	32	48	49	59	66
FBGN0034503	56	87	74	91	134	132
FBGN0034153	0	0	0	0	0	0
FBGN0265834	0	0	0	0	0	0
FBGN0034850	0	0	0	0	0	0
FBGN0086676	148	151	127	197	294	249
FBGN0034824	0	0	0	0	0	0
FBGN0083977	0	0	0	3	0	0
FBGN0034505	0	0	0	0	0	0
FBGN0034708	338	282	257	282	449	402
FBGN0019968	197	147	161	270	359	337
FBGN0034201	0	0	0	0	0	0
FBGN0033324	0	0	0	0	0	0
FBGN0034825	0	0	0	0	0	0
FBGN0053087	531	530	492	769	1141	971
FBGN0043470	0	0	0	0	0	0
FBGN0028622	285	248	214	281	431	424
FBGN0017482	22	1	17	11	21	18
FBGN0034959	15	18	10	16	14	10
FBGN0050471	1	0	1	2	2	1
FBGN0033457	19	29	7	28	34	20
FBGN0050151	0	0	0	0	0	0
FBGN0262479	0	0	0	0	0	0
FBGN0050323	0	0	0	0	0	0
FBGN0033691	198	137	147	265	394	335
FBGN0034050	26	26	27	45	70	63
FBGN0020908	0	0	0	0	0	0
FBGN0085235	0	0	0	0	0	0
FBGN0011656	62	49	61	52	127	79
FBGN0261477	45	97	33	57	134	114
FBGN0034807	0	0	0	0	0	0
FBGN0034841	0	0	0	0	0	0
FBGN0034274	0	0	0	0	0	0
FBGN0028494	6	2	4	10	12	13
FBGN0015268	725	767	598	799	935	1006
FBGN0035020	29	42	19	50	72	51
FBGN0000157	77	61	70	128	160	177
FBGN0033972	82	45	53	75	82	82
FBGN0085459	0	0	0	0	0	0
FBGN0263324	0	0	0	0	0	0
FBGN0034737	0	0	0	0	0	0
FBGN0266580	862	706	739	1167	1383	1279
FBGN0033855	0	0	0	0	0	0
FBGN0060296	67	54	31	111	140	128
FBGN0034554	0	0	0	0	0	0
FBGN0011694	0	0	0	0	0	0
FBGN0033337	3	11	5	11	6	7
FBGN0069969	0	0	1	0	0	0
FBGN0266489	0	0	0	0	0	0
FBGN0033352	194	232	152	256	327	327
FBGN0085474	5	5	2	8	3	6
FBGN0034221	1	0	0	0	0	3
FBGN0029175	15	31	20	14	33	24
FBGN0042083	37	40	21	36	68	51
FBGN0034663	0	0	0	0	0	0
FBGN0028434	10	46	17	27	49	33
FBGN0034998	0	0	0	0	0	0
FBGN0265356	3	1	0	0	0	0
FBGN0033924	74	30	51	78	110	100
FBGN0033096	0	0	0	0	0	0
FBGN0029131	2	14	15	12	23	10
FBGN0260866	14	24	20	26	40	30
FBGN0284080	0	0	0	0	0	0
FBGN0034937	0	0	0	0	0	0
FBGN0000078	0	0	0	0	0	0
FBGN0040765	20	29	11	24	30	47
FBGN0034293	0	0	0	0	0	0
FBGN0262169	239	209	206	218	343	322
FBGN0033246	252	188	204	292	389	344
FBGN0040755	0	0	0	0	0	0
FBGN0063499	0	0	0	0	0	0
FBGN0262736	321	235	242	297	458	436
FBGN0000578	132	110	110	227	328	288
FBGN0039970	39	56	19	47	62	41
FBGN0086904	894	956	805	1021	1354	1328
FBGN0033710	0	0	1	0	0	0
FBGN0050493	10	0	12	6	7	12
FBGN0034084	33	29	23	34	54	54
FBGN0033570	52	39	40	49	57	61
FBGN0029506	821	712	618	1019	1260	1245
FBGN0043534	0	0	0	0	0	0
FBGN0003863	0	0	0	0	0	0
FBGN0033526	87	52	73	85	104	122
FBGN0013308	0	0	0	0	0	0
FBGN0263030	0	0	0	0	0	0
FBGN0034814	25	13	28	21	32	57
FBGN0025185	15	14	19	39	42	36
FBGN0034768	0	0	0	0	0	0
FBGN0000395	56	20	35	70	91	76
FBGN0034750	33	10	20	30	31	30
FBGN0039994	118	133	98	105	121	103
FBGN0287631	0	0	6	0	1	5
FBGN0033904	0	0	0	0	0	1
FBGN0004132	67	60	33	66	82	87
FBGN0085230	0	0	0	0	0	0
FBGN0015509	461	377	373	519	686	679
FBGN0050479	0	0	0	0	0	0
FBGN0250827	0	0	0	0	0	0
FBGN0010611	52	46	41	44	82	67
FBGN0085253	0	0	0	0	0	0
FBGN0085569	0	0	0	0	0	0
FBGN0033367	20	60	46	31	49	17
FBGN0034463	0	0	0	0	0	0
FBGN0033749	6	2	2	2	9	3
FBGN0259219	0	0	0	0	0	0
FBGN0034972	0	0	0	0	0	0
FBGN0028953	157	130	126	160	345	214
FBGN0043070	25	15	14	16	23	26
FBGN0033240	13	6	4	8	24	16
FBGN0033548	103	133	91	154	162	183
FBGN0021875	31	33	25	38	42	57
FBGN0286785	62	109	36	105	193	167
FBGN0033907	41	26	33	50	44	73
FBGN0033793	0	0	1	0	0	0
FBGN0250850	166	81	112	208	246	248
FBGN0263741	0	0	0	0	0	0
FBGN0263260	37	79	18	49	62	51
FBGN0050447	0	0	0	0	0	0
FBGN0034059	41	62	23	33	67	55
FBGN0050290	12	13	0	1	8	7
FBGN0034223	77	76	48	62	105	87
FBGN0033668	4	4	2	5	14	4
FBGN0034727	73	52	64	80	121	124
FBGN0034157	0	0	0	0	0	0
FBGN0015300	0	0	0	0	0	0
FBGN0085252	0	0	0	0	0	0
FBGN0033633	0	0	1	0	0	0
FBGN0259967	0	0	0	0	0	0
FBGN0021995	166	121	157	184	231	243
FBGN0034362	15	23	20	26	34	41
FBGN0022343	190	275	203	235	319	301
FBGN0035092	0	8	4	1	4	3
FBGN0033387	0	0	0	0	0	0
FBGN0034122	0	0	0	0	0	0
FBGN0261267	0	0	0	0	0	0
FBGN0033913	246	244	285	367	513	534
FBGN0034436	140	133	125	214	338	284
FBGN0260398	6	10	11	13	15	7
FBGN0033481	0	0	0	0	0	0
FBGN0034428	0	0	0	0	0	0
FBGN0034570	94	80	107	134	187	172
FBGN0285952	1119	1381	952	1267	1507	1356
FBGN0020269	3	0	1	0	0	6
FBGN0266346	0	9	4	0	1	3
FBGN0083983	26	33	36	31	53	57
FBGN0263233	0	0	0	0	0	0
FBGN0050417	0	0	0	0	0	0
FBGN0033322	0	0	0	0	0	0
FBGN0085242	4	3	3	4	8	8
FBGN0264911	0	1	0	0	0	0
FBGN0033880	0	0	0	0	0	0
FBGN0034408	60	81	45	60	138	107
FBGN0050462	0	0	0	0	0	0
FBGN0033900	40	15	25	33	42	35
FBGN0034541	0	0	0	0	0	0
FBGN0024293	1	1	0	0	0	0
FBGN0033480	17	8	24	15	27	14
FBGN0010409	938	1204	731	1134	1806	1606
FBGN0034628	20	1	20	24	46	29
FBGN0050412	0	0	0	0	0	0
FBGN0010109	26	42	43	21	49	53
FBGN0034473	0	0	0	0	0	0
FBGN0050363	0	0	0	0	0	0
FBGN0034726	16	16	15	25	12	18
FBGN0033158	2	1	5	0	1	0
FBGN0024556	223	160	246	290	308	345
FBGN0034472	0	0	0	0	0	0
FBGN0025336	52	34	36	60	67	48
FBGN0033463	92	71	70	87	116	113
FBGN0034945	18	23	14	21	35	28
FBGN0267428	0	0	0	0	0	0
FBGN0050361	0	0	0	0	0	0
FBGN0284254	69	64	56	48	112	66
FBGN0025693	3	5	0	2	10	2
FBGN0029153	0	0	0	0	0	0
FBGN0050271	0	0	0	0	0	0
FBGN0034802	690	621	673	682	1407	957
FBGN0085222	0	0	1	0	2	0
FBGN0033027	0	0	0	0	0	0
FBGN0033497	0	0	0	0	0	0
FBGN0034294	0	0	0	0	0	0
FBGN0044011	0	0	0	0	0	0
FBGN0034507	0	0	0	0	0	0
FBGN0034520	3	0	1	3	6	4
FBGN0262560	42	88	59	80	103	99
FBGN0034145	12	22	5	26	44	16
FBGN0034856	0	0	13	0	1	0
FBGN0020621	271	296	229	327	571	498
FBGN0019949	35	34	28	51	61	68
FBGN0035063	17	23	19	46	51	61
FBGN0261581	0	0	0	0	0	0
FBGN0260436	0	0	0	0	0	0
FBGN0033476	77	91	97	138	157	131
FBGN0034614	131	104	113	144	193	212
FBGN0017556	0	1	0	1	0	0
FBGN0265991	234	151	246	315	493	456
FBGN0027066	431	339	334	409	618	569
FBGN0050384	0	0	0	0	0	0
FBGN0033209	31	41	16	39	55	78
FBGN0033380	12	16	32	26	47	36
FBGN0002774	158	150	96	212	213	212
FBGN0033590	0	0	0	0	0	0
FBGN0034909	28	14	28	28	63	48
FBGN0034517	0	13	2	4	5	9
FBGN0264959	372	307	212	381	622	461
FBGN0263774	0	0	0	0	0	0
FBGN0034877	360	269	220	415	572	603
FBGN0050090	0	0	0	0	0	0
FBGN0013983	24	20	10	36	27	28
FBGN0050481	49	28	33	49	46	62
FBGN0050480	0	0	0	0	0	0
FBGN0086532	73	103	66	78	131	115
FBGN0034741	0	2	1	0	0	0
FBGN0026573	145	68	108	152	205	192
FBGN0050080	0	0	0	0	0	0
FBGN0034159	0	0	0	0	0	0
FBGN0034644	57	23	47	44	84	74
FBGN0034126	0	1	1	1	0	0
FBGN0034733	0	0	2	3	6	3
FBGN0034121	0	0	0	0	0	0
FBGN0034045	2	3	3	7	16	5
FBGN0085489	0	0	0	0	0	0
FBGN0262954	64	53	51	61	62	72
FBGN0025833	0	0	0	0	0	0
FBGN0262563	1	12	5	2	0	0
FBGN0034978	0	0	0	0	0	0
FBGN0034858	144	74	104	121	185	194
FBGN0027499	259	242	230	260	385	270
FBGN0001325	0	1	1	0	0	0
FBGN0001123	121	128	86	148	186	162
FBGN0259145	0	0	0	0	0	0
FBGN0010220	49	49	38	60	60	64
FBGN0050145	0	0	0	0	0	0
FBGN0259711	1	0	2	4	5	3
FBGN0034791	82	27	64	90	127	117
FBGN0034046	4	19	4	18	23	32
FBGN0034282	454	421	430	500	541	484
FBGN0265627	0	0	0	0	0	0
FBGN0025878	5	0	2	0	5	2
FBGN0033461	0	0	0	0	0	0
FBGN0034527	23	41	18	29	39	32
FBGN0033412	0	0	0	0	0	0
FBGN0034440	0	0	0	0	0	0
FBGN0053775	0	0	0	0	0	0
FBGN0066293	0	0	0	0	0	0
FBGN0011556	0	0	0	0	0	0
FBGN0033890	100	63	90	138	189	222
FBGN0050334	0	0	0	0	0	0
FBGN0264817	0	0	0	0	0	0
FBGN0053454	0	0	0	0	0	0
FBGN0035034	0	0	0	0	0	0
FBGN0015039	0	0	1	0	1	2
FBGN0040775	0	0	0	0	0	0
FBGN0033087	20	5	17	17	38	29
FBGN0001308	398	273	284	438	565	613
FBGN0033616	35	6	27	28	40	29
FBGN0034551	0	0	0	0	0	0
FBGN0034887	0	0	0	0	0	0
FBGN0002789	1	3	1	2	3	5
FBGN0050499	52	90	46	51	87	66
FBGN0050423	127	112	84	153	202	194
FBGN0033321	0	0	0	0	2	2
FBGN0263656	0	0	0	0	0	0
FBGN0034396	0	0	0	0	0	2
FBGN0034796	0	4	1	1	0	0
FBGN0034553	0	0	0	0	0	0
FBGN0034118	75	70	115	135	197	185
FBGN0033297	0	0	0	0	0	0
FBGN0259179	0	0	0	0	0	0
FBGN0050378	0	0	0	0	0	0
FBGN0061360	38	37	51	39	37	51
FBGN0034289	0	0	0	1	0	5
FBGN0034834	0	0	0	0	0	0
FBGN0052833	0	0	0	0	0	0
FBGN0033656	7	2	13	26	30	15
FBGN0010358	0	0	0	0	0	0
FBGN0004784	0	0	0	0	0	0
FBGN0028983	8	9	9	29	29	35
FBGN0003733	0	0	1	1	1	0
FBGN0024956	22	30	31	27	50	51
FBGN0002891	17	54	17	18	17	7
FBGN0040773	98	132	102	178	219	189
FBGN0028473	470	443	445	419	745	693
FBGN0262123	1	0	0	4	0	1
FBGN0085471	0	0	0	0	0	0
FBGN0262102	0	0	0	0	0	0
FBGN0034300	59	34	46	77	82	87
FBGN0033994	14	25	29	12	10	15
FBGN0033145	0	0	0	0	0	0
FBGN0263046	3	0	0	0	2	2
FBGN0033365	10	6	11	9	15	15
FBGN0033954	0	0	0	0	0	0
FBGN0034029	58	41	46	71	82	72
FBGN0029507	0	0	0	3	3	1
FBGN0012051	85	42	76	116	142	117
FBGN0033076	0	0	0	0	0	0
FBGN0033639	15	16	7	25	31	32
FBGN0263031	0	0	0	0	0	0
FBGN0050069	286	493	202	308	548	460
FBGN0266111	99	87	115	93	122	96
FBGN0034438	123	132	84	60	42	44
FBGN0034931	43	25	31	60	62	80
FBGN0033378	132	120	88	140	136	159
FBGN0015524	0	0	0	0	0	0
FBGN0050062	0	0	0	0	0	0
FBGN0259832	5	1	4	3	3	0
FBGN0024189	29	3	9	34	46	52
FBGN0033549	23	18	14	14	30	45
FBGN0259725	0	5	1	4	4	5
FBGN0265182	1	0	0	0	1	0
FBGN0033845	130	71	129	128	165	215
FBGN0050362	0	0	0	0	0	0
FBGN0033486	63	17	51	70	109	98
FBGN0033519	0	0	0	1	0	0
FBGN0026388	0	0	0	0	0	0
FBGN0034075	0	2	3	4	5	1
FBGN0085434	4	0	8	0	8	1
FBGN0029843	8	11	8	13	14	8
FBGN0029913	9	7	7	12	11	12
FBGN0030340	0	0	0	0	0	0
FBGN0029993	0	0	0	0	0	0
FBGN0261615	0	0	0	0	0	0
FBGN0002562	170	88	299	573	83	35
FBGN0030973	59	48	34	88	115	97
FBGN0030555	5	6	7	14	13	16
FBGN0052694	10	0	14	10	12	6
FBGN0029897	706	714	621	857	1219	1202
FBGN0030434	44	38	36	45	41	48
FBGN0030545	58	48	32	32	26	46
FBGN0040467	16	16	12	18	13	22
FBGN0052774	0	0	0	0	0	0
FBGN0030645	4	0	5	5	7	11
FBGN0029791	33	8	42	48	66	87
FBGN0031053	27	21	27	37	55	40
FBGN0039966	3	21	1	7	8	3
FBGN0002579	568	499	459	587	903	759
FBGN0265725	2	0	4	0	0	0
FBGN0030966	39	38	34	22	44	58
FBGN0029647	0	0	0	0	0	0
FBGN0030207	1	0	0	1	0	2
FBGN0030251	83	44	57	71	123	94
FBGN0283434	0	0	0	0	0	0
FBGN0052736	3	4	0	1	5	5
FBGN0016976	0	0	1	0	0	0
FBGN0030242	57	40	54	63	81	105
FBGN0011566	13	8	19	23	43	36
FBGN0015527	296	238	261	271	373	408
FBGN0029706	98	63	82	127	144	127
FBGN0023537	165	100	148	190	304	268
FBGN0025643	0	0	8	0	8	1
FBGN0030438	0	0	0	0	0	0
FBGN0023530	8	4	4	10	26	8
FBGN0030775	0	0	0	0	0	0
FBGN0052590	25	48	13	21	15	26
FBGN0263257	0	0	1	0	0	0
FBGN0043796	26	27	29	30	28	31
FBGN0029925	10	15	13	22	33	26
FBGN0004432	1840	1267	1506	2011	3053	3202
FBGN0017566	224	158	181	227	335	304
FBGN0040066	104	92	111	116	186	166
FBGN0030937	0	0	0	0	0	0
FBGN0030385	0	0	0	0	0	0
FBGN0030793	52	24	22	23	43	25
FBGN0025641	72	52	40	75	110	86
FBGN0052548	0	0	0	0	0	0
FBGN0041626	0	0	0	0	0	0
FBGN0040395	49	69	48	88	107	110
FBGN0000173	176	196	168	211	347	294
FBGN0030721	0	0	0	0	0	0
FBGN0011741	70	44	51	41	56	59
FBGN0008635	510	433	470	635	949	935
FBGN0029723	4	0	1	0	0	0
FBGN0040384	34	58	38	50	83	64
FBGN0030505	113	47	69	129	161	135
FBGN0010412	1004	977	945	1291	1931	1985
FBGN0030109	122	147	123	158	225	270
FBGN0030763	66	61	68	80	123	148
FBGN0030747	0	0	0	0	0	0
FBGN0027093	303	244	260	374	408	378
FBGN0005390	0	0	0	0	0	0
FBGN0052708	44	15	14	45	57	33
FBGN0025743	74	42	69	98	122	123
FBGN0029810	0	0	2	0	0	0
FBGN0027793	0	0	4	0	0	0
FBGN0040361	0	0	0	0	0	0
FBGN0283476	0	0	0	0	0	0
FBGN0031142	0	0	0	0	6	0
FBGN0030529	196	138	171	202	342	251
FBGN0004143	0	0	0	0	0	0
FBGN0026268	0	0	0	0	0	0
FBGN0031148	185	126	164	192	257	320
FBGN0030098	0	0	0	0	0	0
FBGN0040371	0	0	0	0	0	0
FBGN0030872	5	1	6	6	8	18
FBGN0030208	593	432	487	703	885	738
FBGN0083956	13	3	22	40	49	43
FBGN0064117	32	73	24	45	56	45
FBGN0085430	192	219	183	256	408	357
FBGN0030940	0	0	0	0	0	0
FBGN0265464	18	10	18	17	31	29
FBGN0260970	254	231	210	316	413	391
FBGN0029714	31	25	27	39	57	61
FBGN0029831	39	15	25	42	59	41
FBGN0030653	25	32	17	62	116	93
FBGN0066304	31	16	17	19	26	13
FBGN0026879	121	85	69	101	91	80
FBGN0052806	0	0	0	0	0	0
FBGN0030683	35	19	9	13	42	22
FBGN0028686	399	351	330	428	624	627
FBGN0288741	0	0	0	0	0	0
FBGN0003132	1	1	1	0	0	0
FBGN0030743	32	31	30	38	58	69
FBGN0053080	1	3	0	0	0	0
FBGN0052693	0	0	0	0	0	0
FBGN0260867	0	0	0	0	0	0
FBGN0031001	29	4	6	12	10	23
FBGN0030361	3	4	3	1	4	5
FBGN0029003	196	136	173	257	465	398
FBGN0030798	10	31	18	16	20	23
FBGN0263987	321	301	259	331	420	393
FBGN0025627	0	0	0	2	2	1
FBGN0031164	0	0	0	0	0	0
FBGN0261284	87	96	70	87	141	165
FBGN0029730	0	0	0	0	0	0
FBGN0030889	0	0	0	0	0	0
FBGN0030858	61	32	59	87	127	129
FBGN0288739	0	0	0	0	0	0
FBGN0003996	0	0	0	0	0	0
FBGN0287645	0	0	0	0	0	0
FBGN0025839	30	16	19	35	41	44
FBGN0011742	208	133	152	190	272	262
FBGN0052668	0	0	0	0	0	0
FBGN0040648	0	0	0	0	0	0
FBGN0030808	49	56	40	62	133	107
FBGN0267042	0	0	0	0	0	0
FBGN0001189	26	44	30	40	41	54
FBGN0263705	240	228	177	297	565	429
FBGN0030262	0	4	0	0	0	0
FBGN0002933	0	0	0	0	0	0
FBGN0029941	283	305	281	377	551	477
FBGN0029961	0	0	0	0	0	0
FBGN0283680	7	4	7	16	44	24
FBGN0023522	28	14	21	50	45	44
FBGN0027601	170	131	165	272	480	419
FBGN0262611	0	0	0	0	0	0
FBGN0030692	178	136	174	196	290	326
FBGN0085478	34	76	46	67	104	114
FBGN0030877	19	16	8	17	25	40
FBGN0029807	0	2	2	0	0	1
FBGN0004856	153	82	157	162	233	276
FBGN0030313	0	0	0	0	0	0
FBGN0031061	35	17	19	33	61	32
FBGN0052698	0	0	3	0	0	1
FBGN0085446	314	361	282	409	678	469
FBGN0047095	1	0	1	2	1	0
FBGN0052602	0	0	0	0	0	0
FBGN0030824	0	0	0	0	0	0
FBGN0052726	0	0	0	0	0	0
FBGN0265265	0	0	0	0	0	0
FBGN0030537	0	0	0	0	0	0
FBGN0029882	227	165	207	197	247	348
FBGN0030224	0	0	0	0	0	0
FBGN0264090	141	101	103	170	252	202
FBGN0085359	0	0	0	0	0	0
FBGN0267350	62	51	41	60	94	114
FBGN0025640	3	0	6	8	5	3
FBGN0052643	0	0	0	0	0	0
FBGN0031106	18	14	10	8	13	28
FBGN0028982	537	445	394	580	657	652
FBGN0040362	0	0	0	0	0	0
FBGN0040899	11	21	15	26	23	16
FBGN0030884	11	1	21	22	34	25
FBGN0029756	16	11	10	22	20	22
FBGN0052598	0	0	0	0	0	0
FBGN0052676	138	81	126	135	242	242
FBGN0030078	0	0	0	0	0	0
FBGN0031126	20	6	16	46	45	31
FBGN0040337	1	1	8	3	12	7
FBGN0026174	0	0	0	0	0	0
FBGN0030338	0	0	0	0	0	0
FBGN0261444	92	26	62	70	135	143
FBGN0266000	92	64	75	123	204	203
FBGN0052713	0	0	0	0	0	0
FBGN0030244	1	0	0	0	0	0
FBGN0030963	17	0	10	5	10	5
FBGN0053548	0	0	0	0	0	0
FBGN0052655	0	0	0	0	0	0
FBGN0259228	87	44	52	81	94	79
FBGN0288700	0	0	0	0	1	0
FBGN0000810	46	44	31	49	65	85
FBGN0030616	563	494	450	607	779	780
FBGN0020381	17	14	28	31	60	74
FBGN0003950	11	0	0	7	2	4
FBGN0028581	15	4	7	12	10	17
FBGN0030964	9	4	3	19	10	22
FBGN0004456	382	321	353	464	718	559
FBGN0286222	269	165	184	256	434	375
FBGN0030829	0	0	0	0	0	0
FBGN0029727	0	0	0	0	0	0
FBGN0288737	0	0	0	0	0	0
FBGN0040235	96	75	66	110	109	122
FBGN0028331	208	163	202	225	329	376
FBGN0030037	20	0	13	38	23	44
FBGN0011710	367	264	274	460	577	497
FBGN0028685	392	280	342	598	739	741
FBGN0053180	163	137	131	156	192	178
FBGN0040234	18	0	14	19	30	37
FBGN0029522	33	42	17	20	31	20
FBGN0031070	132	138	121	159	223	213
FBGN0052817	0	0	2	2	1	3
FBGN0030752	72	24	37	51	96	93
FBGN0260771	54	31	56	51	91	88
FBGN0030850	13	21	10	24	28	33
FBGN0030729	0	0	0	0	0	0
FBGN0030951	0	0	0	0	0	0
FBGN0030512	73	62	54	99	139	164
FBGN0001404	22	42	37	47	76	60
FBGN0031037	92	76	85	103	168	188
FBGN0023515	57	96	88	106	128	131
FBGN0026192	49	74	60	48	123	99
FBGN0030943	54	83	41	74	83	118
FBGN0259143	50	11	20	27	27	41
FBGN0259834	4	14	10	9	27	29
FBGN0003411	0	0	0	0	0	0
FBGN0029693	48	29	42	75	90	69
FBGN0030631	95	91	114	125	190	249
FBGN0030320	227	213	162	258	314	312
FBGN0052639	0	0	0	0	0	0
FBGN0259189	0	0	0	0	0	0
FBGN0261710	1175	888	1057	1515	1970	1943
FBGN0025645	0	0	0	0	0	0
FBGN0263220	0	0	0	0	0	0
FBGN0040367	0	0	1	0	0	0
FBGN0010294	0	0	0	0	0	0
FBGN0029525	131	110	99	154	139	190
FBGN0026375	281	225	225	350	437	506
FBGN0031118	107	105	96	132	221	163
FBGN0061196	0	0	0	0	0	0
FBGN0052544	0	0	0	0	0	0
FBGN0041252	0	0	0	0	0	0
FBGN0288736	0	0	0	0	0	0
FBGN0031010	0	0	0	0	0	0
FBGN0023177	112	139	102	165	266	214
FBGN0053242	0	0	0	0	0	0
FBGN0030403	12	31	17	27	43	40
FBGN0030740	55	62	62	81	108	94
FBGN0030237	0	1	0	0	0	1
FBGN0040339	40	47	30	35	35	29
FBGN0030716	8	12	7	2	7	3
FBGN0039965	59	26	45	55	81	66
FBGN0001145	40	39	33	16	36	72
FBGN0260971	2	0	0	0	0	0
FBGN0026086	31	48	22	32	53	56
FBGN0023509	250	200	183	234	298	344
FBGN0030662	27	39	52	57	94	95
FBGN0027107	0	0	0	0	0	0
FBGN0052816	2	0	1	6	1	2
FBGN0029529	33	19	16	34	38	38
FBGN0029868	75	85	61	81	112	86
FBGN0031055	0	0	0	0	0	0
FBGN0027259	26	21	37	60	46	89
FBGN0262536	0	0	0	0	0	0
FBGN0030543	0	0	0	0	0	0
FBGN0029713	72	46	59	90	103	116
FBGN0029705	0	0	0	0	0	0
FBGN0000092	0	0	0	0	0	0
FBGN0053223	0	0	0	0	0	0
FBGN0030642	0	13	0	0	0	0
FBGN0259722	15	39	25	17	13	8
FBGN0004646	400	411	339	605	1020	883
FBGN0260938	144	106	115	205	247	198
FBGN0029580	0	0	0	0	1	2
FBGN0052601	0	0	0	0	0	0
FBGN0029751	0	0	0	0	0	0
FBGN0030474	28	43	25	46	57	53
FBGN0003965	0	0	2	0	0	0
FBGN0031041	0	0	1	0	2	0
FBGN0083228	0	0	3	0	0	0
FBGN0030830	0	0	0	0	0	0
FBGN0085367	0	0	0	0	0	0
FBGN0284435	108	83	71	142	242	176
FBGN0029643	0	0	0	0	0	0
FBGN0031082	0	0	0	0	0	0
FBGN0030323	9	16	3	11	11	6
FBGN0031030	177	214	175	249	308	278
FBGN0030410	17	13	9	9	25	14
FBGN0004959	5	16	1	3	8	0
FBGN0021764	552	542	443	696	913	833
FBGN0031049	83	79	65	135	147	114
FBGN0263994	0	0	3	0	0	0
FBGN0030595	0	0	0	1	3	0
FBGN0000316	116	141	116	98	155	121
FBGN0021742	0	18	0	0	0	0
FBGN0010303	49	35	25	43	84	74
FBGN0030321	329	397	293	421	553	633
FBGN0040892	0	0	0	0	0	0
FBGN0025631	8	3	6	11	14	3
FBGN0029940	0	0	3	0	0	0
FBGN0284233	0	0	0	0	0	0
FBGN0085479	0	0	0	0	0	0
FBGN0260868	0	0	0	0	0	0
FBGN0030998	0	0	0	0	0	0
FBGN0052649	36	26	36	26	40	28
FBGN0031181	0	0	0	0	0	0
FBGN0030108	0	0	0	0	0	0
FBGN0028360	31	12	10	9	18	22
FBGN0030437	0	0	0	0	0	0
FBGN0029866	9	33	5	44	81	34
FBGN0030905	0	0	0	0	0	0
FBGN0031168	0	0	0	0	0	0
FBGN0065032	0	0	0	1	2	1
FBGN0030222	0	0	0	0	0	0
FBGN0040363	0	0	0	0	0	0
FBGN0030661	0	0	0	0	0	0
FBGN0029666	43	33	36	45	68	50
FBGN0267050	0	0	0	0	0	0
FBGN0030384	0	0	1	0	1	0
FBGN0031129	0	0	0	0	0	0
FBGN0030343	22	29	36	26	64	36
FBGN0028583	0	3	2	0	0	0
FBGN0030409	0	0	0	0	0	0
FBGN0030521	257	201	262	299	384	418
FBGN0003116	3	3	4	8	4	12
FBGN0288735	0	0	0	0	0	0
FBGN0283657	405	355	341	468	667	671
FBGN0053236	0	0	0	0	0	0
FBGN0025633	141	97	104	117	222	219
FBGN0261085	0	0	0	0	0	0
FBGN0262874	0	0	0	0	0	0
FBGN0030374	0	0	0	0	0	0
FBGN0085352	0	0	0	0	0	0
FBGN0003514	427	425	307	565	834	643
FBGN0030647	0	0	0	0	1	0
FBGN0030675	10	0	1	4	17	7
FBGN0052651	0	0	0	0	0	0
FBGN0030334	0	1	0	2	2	3
FBGN0264738	0	0	0	0	0	0
FBGN0261573	141	102	145	116	216	213
FBGN0260238	0	0	0	0	0	0
FBGN0000644	1	0	0	0	1	0
FBGN0031101	0	0	0	0	0	0
FBGN0030981	0	0	0	0	0	0
FBGN0040370	0	0	0	0	0	0
FBGN0040342	0	0	0	0	0	0
FBGN0030156	0	0	0	0	0	0
FBGN0030975	0	1	0	0	0	0
FBGN0287595	0	0	0	0	0	0
FBGN0027296	1	8	3	6	5	4
FBGN0030039	21	21	13	9	16	5
FBGN0029765	0	0	0	0	0	0
FBGN0262487	0	0	0	0	0	0
FBGN0024996	63	27	64	63	88	94
FBGN0015245	956	586	936	971	1588	1603
FBGN0086674	39	47	32	28	81	57
FBGN0288744	0	0	0	0	0	0
FBGN0030745	10	3	3	5	5	9
FBGN0053639	0	0	0	0	0	0
FBGN0003028	289	404	262	360	528	503
FBGN0030177	103	88	86	117	168	135
FBGN0031103	0	0	0	0	0	0
FBGN0029834	0	0	1	4	0	0
FBGN0030899	0	0	0	0	0	0
FBGN0052533	16	0	21	18	22	21
FBGN0030483	0	0	0	0	0	0
FBGN0014024	199	226	186	203	281	302
FBGN0029785	713	806	562	772	1322	1119
FBGN0025630	4	2	7	3	2	10
FBGN0259171	19	23	16	10	17	29
FBGN0264270	110	156	167	223	285	234
FBGN0265597	0	0	0	0	0	0
FBGN0030055	11	3	10	11	19	13
FBGN0030067	160	170	132	130	131	176
FBGN0030664	0	0	0	0	0	0
FBGN0029658	1	0	0	0	0	0
FBGN0004654	209	198	141	217	396	348
FBGN0031115	70	56	36	69	55	51
FBGN0040918	30	32	46	57	96	68
FBGN0267047	0	0	0	0	0	0
FBGN0029997	26	33	25	26	35	33
FBGN0030370	0	0	0	0	0	0
FBGN0030881	0	0	0	0	0	0
FBGN0030828	3	11	3	1	0	0
FBGN0085353	0	0	0	0	0	0
FBGN0029690	4	0	1	4	0	1
FBGN0029816	0	0	0	0	0	0
FBGN0023512	104	66	90	157	196	231
FBGN0030562	0	0	0	0	0	0
FBGN0027358	10	3	8	7	12	9
FBGN0026874	0	0	0	0	0	0
FBGN0029820	34	38	27	50	95	66
FBGN0030274	56	44	42	64	83	84
FBGN0023541	0	0	0	0	0	0
FBGN0029977	0	0	1	0	0	0
FBGN0001105	251	200	262	291	562	525
FBGN0031183	17	7	7	10	33	42
FBGN0030091	90	65	56	66	107	115
FBGN0014411	112	88	144	158	264	248
FBGN0000709	56	44	66	88	93	79
FBGN0040340	197	194	185	246	489	518
FBGN0262608	0	0	0	0	0	0
FBGN0260450	48	19	34	47	102	83
FBGN0052579	3	6	2	12	1	0
FBGN0030733	135	168	162	199	190	267
FBGN0262740	89	53	38	92	134	129
FBGN0053497	0	0	0	0	0	0
FBGN0004924	317	385	252	387	493	485
FBGN0030100	17	14	9	20	15	20
FBGN0004643	79	82	91	108	147	164
FBGN0267001	997	930	943	1269	1917	1730
FBGN0261803	11	0	7	9	10	16
FBGN0031012	0	0	1	0	0	1
FBGN0259166	13	8	19	27	17	24
FBGN0001079	65	86	78	99	130	162
FBGN0029686	12	14	7	16	21	15
FBGN0030573	2	5	2	6	8	5
FBGN0003053	11	12	6	11	14	22
FBGN0266572	76	68	70	114	176	156
FBGN0014340	78	90	84	96	127	130
FBGN0001341	343	299	239	314	384	471
FBGN0263072	1	0	0	2	0	1
FBGN0030578	0	0	0	0	0	0
FBGN0004860	64	49	72	87	104	124
FBGN0010329	0	0	0	0	0	0
FBGN0030052	33	21	35	30	40	39
FBGN0030788	30	6	31	30	48	39
FBGN0053245	0	0	0	0	0	0
FBGN0030003	61	22	59	62	78	68
FBGN0003964	53	31	41	46	97	94
FBGN0030928	0	0	0	0	2	2
FBGN0267045	0	0	0	0	0	0
FBGN0024361	0	0	0	0	0	2
FBGN0025629	35	23	26	38	40	42
FBGN0031108	0	0	0	0	0	0
FBGN0011770	36	40	48	46	55	73
FBGN0029771	1	0	8	1	7	8
FBGN0030412	33	35	44	33	55	45
FBGN0052554	10	6	4	10	13	20
FBGN0262609	0	0	0	0	0	0
FBGN0261570	121	102	74	116	197	177
FBGN0027528	259	228	246	381	549	455
FBGN0020909	52	45	66	91	98	79
FBGN0030344	260	286	233	271	366	380
FBGN0031062	35	62	58	83	105	101
FBGN0030809	479	335	435	545	783	833
FBGN0263111	2	0	0	2	2	0
FBGN0004367	37	62	26	72	63	45
FBGN0030056	13	17	16	13	21	41
FBGN0030955	214	227	172	238	397	304
FBGN0029133	196	137	181	202	293	292
FBGN0030514	57	93	43	94	137	118
FBGN0003159	27	3	9	15	16	22
FBGN0030038	122	181	120	166	308	237
FBGN0003638	103	120	100	144	190	163
FBGN0003390	217	170	210	368	411	440
FBGN0031195	7	8	3	17	20	15
FBGN0030013	18	9	13	18	18	27
FBGN0086448	9	36	15	22	26	24
FBGN0040923	0	0	0	0	0	0
FBGN0031077	66	30	49	72	72	87
FBGN0003086	0	5	0	0	0	0
FBGN0029944	69	48	59	51	102	81
FBGN0030757	0	3	0	3	4	4
FBGN0029596	0	0	0	0	0	3
FBGN0011277	0	0	0	0	0	0
FBGN0031023	62	149	53	84	131	118
FBGN0030706	0	0	0	0	0	0
FBGN0262980	0	0	0	0	0	0
FBGN0020272	62	49	40	56	79	66
FBGN0030695	14	22	19	19	31	41
FBGN0030468	74	87	82	82	87	126
FBGN0030524	2	0	0	0	0	0
FBGN0030421	0	0	0	0	0	0
FBGN0040649	0	0	0	0	0	0
FBGN0029518	0	0	0	0	0	0
FBGN0026575	415	451	406	507	717	608
FBGN0031051	177	136	127	193	308	289
FBGN0259190	0	0	0	0	0	0
FBGN0266435	0	0	0	0	0	0
FBGN0003559	147	182	118	157	218	181
FBGN0283741	16	7	24	23	22	21
FBGN0030164	0	0	0	0	0	0
FBGN0052820	0	0	0	0	0	0
FBGN0053667	0	0	0	0	0	0
FBGN0052507	0	0	0	0	0	0
FBGN0004957	36	12	13	14	31	20
FBGN0030994	0	0	0	1	0	1
FBGN0029890	0	0	0	0	0	0
FBGN0266647	0	0	0	0	0	0
FBGN0288730	0	0	0	0	0	0
FBGN0026060	24	13	12	15	29	24
FBGN0031047	135	96	151	122	254	194
FBGN0263748	0	0	0	0	0	0
FBGN0052811	0	0	0	0	0	0
FBGN0262607	0	0	0	0	0	0
FBGN0031176	0	0	0	0	0	0
FBGN0285954	823	671	755	874	1069	984
FBGN0262486	0	0	0	0	0	0
FBGN0030949	0	0	0	0	0	0
FBGN0041210	57	25	33	33	61	64
FBGN0024983	50	45	43	51	79	78
FBGN0003392	264	331	227	281	390	350
FBGN0030696	0	0	0	0	0	0
FBGN0030970	18	31	9	10	29	20
FBGN0027087	135	115	69	85	170	179
FBGN0250904	0	0	0	0	0	0
FBGN0022942	420	330	358	437	661	673
FBGN0030028	0	0	0	0	0	2
FBGN0052792	0	0	0	0	0	0
FBGN0025644	0	0	0	0	0	0
FBGN0030599	0	0	0	0	0	0
FBGN0030892	17	16	13	22	27	24
FBGN0029950	0	0	0	0	0	0
FBGN0030739	24	40	23	39	37	32
FBGN0052536	4	1	12	18	16	23
FBGN0029645	0	0	0	0	0	0
FBGN0030999	0	16	0	0	0	0
FBGN0085356	0	0	0	0	0	0
FBGN0267163	0	0	0	0	0	0
FBGN0029888	38	39	29	43	72	74
FBGN0085387	0	0	1	0	0	0
FBGN0288745	0	0	0	0	0	0
FBGN0029755	134	111	105	126	166	145
FBGN0029853	4	1	0	5	10	7
FBGN0053664	0	0	0	0	0	0
FBGN0029894	8	12	5	12	8	11
FBGN0031032	0	0	0	0	0	0
FBGN0030065	71	46	40	54	114	77
FBGN0030407	13	2	6	9	30	13
FBGN0014464	0	0	0	0	1	0
FBGN0053557	0	0	0	0	0	0
FBGN0030668	4	0	6	6	4	3
FBGN0000520	53	88	31	59	53	55
FBGN0031134	0	0	0	0	0	0
FBGN0029539	0	0	0	0	0	0
FBGN0030641	11	7	5	10	25	12
FBGN0029857	46	32	51	42	72	90
FBGN0023521	17	21	11	11	35	41
FBGN0029892	13	31	16	8	20	14
FBGN0284442	264	179	265	261	419	450
FBGN0040319	32	28	33	37	51	84
FBGN0030097	3	0	0	0	0	0
FBGN0000617	76	100	48	67	65	63
FBGN0260873	0	0	0	0	0	0
FBGN0085437	76	37	66	105	165	138
FBGN0064116	20	17	14	20	36	10
FBGN0030628	18	47	16	22	21	12
FBGN0030780	0	0	0	0	0	0
FBGN0030961	0	0	0	0	0	0
FBGN0030894	32	66	34	52	79	63
FBGN0000536	26	31	21	30	52	48
FBGN0030508	1	0	0	0	0	0
FBGN0030027	31	44	29	25	38	69
FBGN0030394	3	10	1	0	0	0
FBGN0259734	8	40	8	16	22	16
FBGN0029955	0	0	0	0	1	1
FBGN0262686	0	0	0	0	0	0
FBGN0011280	0	0	0	0	0	0
FBGN0028342	113	80	113	127	191	188
FBGN0040368	0	0	0	0	0	0
FBGN0040347	11	3	8	4	16	13
FBGN0027287	52	28	53	78	83	89
FBGN0015288	992	922	1028	1114	1687	1583
FBGN0030624	0	0	0	0	0	0
FBGN0030016	0	0	0	0	0	0
FBGN0029963	0	0	0	0	0	0
FBGN0022768	103	108	72	106	136	153
FBGN0052529	54	45	21	42	79	65
FBGN0031099	1	1	3	4	11	1
FBGN0030163	0	0	0	0	0	0
FBGN0030834	44	26	26	44	52	62
FBGN0030693	45	28	44	75	66	86
FBGN0029724	0	0	0	0	0	0
FBGN0029703	0	0	0	0	0	0
FBGN0030396	11	5	5	18	24	39
FBGN0264542	1	0	0	0	1	1
FBGN0285944	0	0	0	0	0	0
FBGN0030878	67	71	75	141	152	186
FBGN0000084	13	20	3	23	19	22
FBGN0040389	24	2	22	28	29	44
FBGN0052573	0	2	0	0	0	0
FBGN0000377	133	107	94	126	171	216
FBGN0030010	16	3	6	12	4	12
FBGN0029873	17	29	8	9	17	16
FBGN0031114	66	146	80	92	114	155
FBGN0030634	0	0	0	0	0	0
FBGN0030484	12	29	38	36	65	83
FBGN0260658	0	0	0	0	0	0
FBGN0052686	0	0	0	0	0	0
FBGN0003079	28	27	26	44	41	33
FBGN0023216	26	13	30	36	55	45
FBGN0030613	0	0	3	0	0	0
FBGN0286508	36	41	12	61	109	112
FBGN0266848	85	83	71	94	151	203
FBGN0011576	0	0	0	2	0	0
FBGN0013432	6	2	11	6	17	10
FBGN0052495	0	0	0	0	0	0
FBGN0011826	23	27	26	22	62	48
FBGN0030259	0	0	0	0	0	0
FBGN0025838	0	0	0	0	0	0
FBGN0266050	0	0	0	0	0	0
FBGN0052499	420	309	415	425	602	551
FBGN0021738	0	0	0	0	0	0
FBGN0030625	47	42	45	47	56	45
FBGN0040396	23	32	32	46	58	37
FBGN0010194	232	235	153	243	350	350
FBGN0024998	54	44	50	48	76	89
FBGN0031043	43	44	42	51	42	56
FBGN0029642	0	0	0	0	0	0
FBGN0052591	0	0	0	0	0	0
FBGN0031020	315	239	277	297	511	484
FBGN0029887	28	52	27	55	72	56
FBGN0030674	837	613	758	977	1392	1272
FBGN0030847	12	7	20	19	46	35
FBGN0053517	0	0	0	0	0	0
FBGN0029952	0	0	0	0	0	0
FBGN0030049	138	121	139	173	241	199
FBGN0052681	0	0	0	0	0	0
FBGN0030063	67	52	53	72	86	81
FBGN0003277	642	499	586	892	1236	1139
FBGN0030018	62	75	52	95	142	134
FBGN0030191	0	0	0	0	0	0
FBGN0040028	0	0	0	0	0	0
FBGN0029903	556	494	358	553	828	798
FBGN0022710	4	11	4	3	15	17
FBGN0014032	43	44	59	46	72	59
FBGN0259789	251	247	235	256	370	373
FBGN0030938	0	0	0	0	0	0
FBGN0030663	0	0	0	0	0	0
FBGN0030724	44	28	31	57	73	73
FBGN0025383	0	0	0	0	0	0
FBGN0259700	16	7	28	14	25	31
FBGN0030574	0	0	0	0	0	0
FBGN0017418	27	70	50	56	60	63
FBGN0023508	56	30	37	56	100	55
FBGN0052654	221	206	148	280	362	337
FBGN0262900	0	0	0	0	0	0
FBGN0030761	15	34	20	22	53	46
FBGN0052793	0	2	0	0	1	0
FBGN0053665	0	0	0	0	0	0
FBGN0040784	0	0	0	0	0	0
FBGN0040350	0	4	0	0	0	0
FBGN0267046	0	0	0	0	0	0
FBGN0004598	162	206	164	249	322	337
FBGN0001330	65	63	97	95	134	130
FBGN0052803	14	14	18	5	21	10
FBGN0030598	24	15	21	24	60	37
FBGN0026411	2	0	2	0	0	0
FBGN0030151	315	234	260	309	330	374
FBGN0000163	102	91	132	154	222	193
FBGN0028325	85	64	100	105	148	144
FBGN0286809	122	103	100	102	176	138
FBGN0030823	0	0	0	0	0	0
FBGN0283433	0	0	0	0	0	0
FBGN0261834	0	0	0	0	0	0
FBGN0030449	0	0	0	0	0	0
FBGN0030268	297	243	302	365	503	460
FBGN0030509	0	0	0	0	0	0
FBGN0285879	4	10	8	2	11	14
FBGN0030985	0	0	0	0	0	0
FBGN0030791	53	68	69	80	106	132
FBGN0029740	0	0	0	0	0	0
FBGN0030291	14	6	14	31	25	9
FBGN0030510	0	17	0	0	0	0
FBGN0029719	0	0	1	1	4	2
FBGN0040031	0	0	0	0	0	0
FBGN0040348	0	0	0	0	0	0
FBGN0029689	6	0	3	8	7	5
FBGN0027864	10	11	7	7	2	8
FBGN0016038	24	27	17	30	26	21
FBGN0030048	5	1	1	5	4	7
FBGN0030366	301	341	314	386	602	629
FBGN0029789	19	6	17	18	35	53
FBGN0030278	0	0	0	0	0	0
FBGN0027291	138	102	114	141	262	239
FBGN0040346	52	38	44	51	55	55
FBGN0259699	31	34	26	35	58	47
FBGN0030318	79	43	51	62	148	146
FBGN0052640	0	0	0	0	0	0
FBGN0044872	0	0	0	0	0	0
FBGN0029863	19	31	7	26	48	40
FBGN0031065	0	0	0	3	0	0
FBGN0029594	10	12	11	37	31	25
FBGN0030556	133	162	138	150	216	255
FBGN0030499	18	16	24	41	68	28
FBGN0027588	1110	921	921	1388	2127	2058
FBGN0029648	29	24	27	27	26	31
FBGN0040069	0	0	0	0	0	1
FBGN0029939	13	34	16	20	40	48
FBGN0040345	0	0	0	0	0	0
FBGN0264562	34	76	10	81	147	81
FBGN0261955	101	111	114	175	268	265
FBGN0062565	0	0	0	0	0	0
FBGN0030913	0	0	0	0	0	0
FBGN0028369	6	10	6	21	28	20
FBGN0014395	0	0	0	0	0	0
FBGN0030648	60	86	43	37	101	84
FBGN0029813	1	0	0	0	0	0
FBGN0053244	0	0	0	0	0	0
FBGN0030519	61	46	51	69	75	81
FBGN0030528	0	5	2	5	8	8
FBGN0000499	91	78	72	97	145	164
FBGN0031187	14	16	10	11	31	14
FBGN0000330	108	96	65	136	185	190
FBGN0040377	0	0	0	0	0	1
FBGN0040650	6	6	9	7	19	6
FBGN0010380	515	309	408	571	848	864
FBGN0011834	0	0	0	0	0	0
FBGN0261930	0	0	0	0	0	0
FBGN0030162	0	0	0	0	0	0
FBGN0014031	0	0	9	0	0	0
FBGN0030612	14	17	19	8	6	18
FBGN0024997	0	0	0	0	0	0
FBGN0030863	36	57	32	47	52	54
FBGN0266490	15	3	21	7	10	17
FBGN0262699	17	23	40	25	43	27
FBGN0030358	0	3	0	3	0	0
FBGN0030525	0	0	0	0	0	0
FBGN0052641	0	0	0	0	0	0
FBGN0052712	0	0	0	0	0	0
FBGN0045502	0	0	0	0	0	0
FBGN0259101	0	0	3	1	1	2
FBGN0030196	33	21	21	22	29	55
FBGN0003463	142	140	157	195	208	232
FBGN0003416	63	47	62	61	93	108
FBGN0030605	30	36	9	23	54	50
FBGN0004045	0	0	0	0	0	0
FBGN0261244	12	26	8	5	18	13
FBGN0052808	0	0	0	0	0	0
FBGN0030587	0	0	0	0	0	0
FBGN0029656	0	0	0	0	0	0
FBGN0267049	0	0	0	0	0	0
FBGN0031104	0	0	0	0	0	0
FBGN0010019	1	12	61	4	0	2
FBGN0014903	1	0	2	0	0	0
FBGN0030654	0	0	0	0	1	2
FBGN0264502	0	0	2	0	1	2
FBGN0029659	0	0	0	0	0	0
FBGN0002709	13	8	12	15	22	10
FBGN0030247	0	0	0	0	0	0
FBGN0002577	6	18	3	4	25	5
FBGN0003285	97	57	63	99	193	130
FBGN0001612	157	132	130	125	200	193
FBGN0040357	0	0	0	0	0	0
FBGN0030328	553	514	499	596	830	916
FBGN0023524	0	0	0	0	0	0
FBGN0004511	8	12	4	4	4	11
FBGN0030004	0	0	0	1	3	0
FBGN0085451	224	231	241	310	388	387
FBGN0052755	0	0	0	0	0	0
FBGN0026374	88	97	68	117	167	173
FBGN0031189	13	15	11	33	26	37
FBGN0003204	273	221	240	341	480	521
FBGN0030500	54	79	55	70	73	101
FBGN0044047	0	3	0	0	3	0
FBGN0029833	55	60	73	110	136	134
FBGN0030871	97	107	84	124	132	146
FBGN0031127	0	0	0	0	0	0
FBGN0030349	63	49	40	92	89	101
FBGN0030141	56	45	30	65	75	118
FBGN0013720	142	96	158	182	311	264
FBGN0052704	0	0	0	0	0	0
FBGN0027106	3	0	0	0	2	9
FBGN0000233	1	0	5	0	0	0
FBGN0030012	5	9	3	15	26	11
FBGN0053246	0	0	0	0	0	0
FBGN0052791	0	0	0	0	0	0
FBGN0024360	20	16	20	49	34	29
FBGN0029860	19	3	7	20	38	20
FBGN0043001	19	23	27	34	60	38
FBGN0026149	39	31	35	35	51	30
FBGN0031033	0	0	0	0	0	0
FBGN0030398	0	0	2	0	0	0
FBGN0024973	40	88	51	56	75	90
FBGN0052669	0	0	0	0	0	0
FBGN0030359	0	0	0	0	0	0
FBGN0025382	0	0	1	0	1	2
FBGN0030457	113	84	86	160	188	130
FBGN0030836	0	0	0	0	0	0
FBGN0030753	114	80	101	159	215	221
FBGN0061200	374	369	385	495	731	712
FBGN0000117	1629	1442	1396	1937	2715	2485
FBGN0030477	0	0	0	0	0	0
FBGN0030200	0	0	0	0	0	0
FBGN0029649	0	0	0	0	0	0
FBGN0029702	0	0	0	0	0	0
FBGN0029733	0	0	0	0	0	0
FBGN0031169	0	0	0	0	0	0
FBGN0031097	125	122	107	161	291	199
FBGN0003300	0	0	0	0	0	0
FBGN0030257	0	0	0	0	0	0
FBGN0028550	5	3	17	11	9	11
FBGN0040375	2	11	1	9	9	10
FBGN0030300	6	1	0	3	4	2
FBGN0030996	21	25	34	32	70	45
FBGN0040089	4	19	0	3	2	3
FBGN0023511	57	25	48	46	69	73
FBGN0030610	14	8	13	14	25	13
FBGN0261703	0	0	0	0	0	3
FBGN0287725	115	76	114	120	169	152
FBGN0030719	243	316	215	330	360	321
FBGN0040385	0	0	0	0	0	0
FBGN0087008	268	162	256	301	414	377
FBGN0028421	35	52	39	77	99	97
FBGN0030342	59	53	50	67	103	91
FBGN0031059	0	8	5	6	31	3
FBGN0003380	0	0	0	0	0	0
FBGN0267977	38	24	20	24	31	21
FBGN0259926	0	0	0	0	0	0
FBGN0029809	0	0	0	0	0	0
FBGN0030347	0	5	0	0	0	1
FBGN0029608	0	0	0	0	0	0
FBGN0052568	0	0	0	0	0	0
FBGN0030286	71	97	48	91	91	101
FBGN0031146	0	0	0	0	0	0
FBGN0029729	0	0	0	0	0	0
FBGN0030429	0	0	0	0	0	0
FBGN0030158	0	0	2	0	0	0
FBGN0030925	15	4	8	13	22	23
FBGN0052679	0	0	0	0	0	0
FBGN0015336	0	0	0	0	0	4
FBGN0044817	0	0	0	0	0	0
FBGN0030991	52	63	56	87	94	67
FBGN0029830	18	8	11	42	56	36
FBGN0030640	14	10	21	13	40	17
FBGN0031201	0	0	0	0	0	0
FBGN0030887	0	0	0	0	0	0
FBGN0024807	78	89	42	94	99	99
FBGN0025463	351	272	263	392	576	518
FBGN0030838	40	43	37	42	72	74
FBGN0086782	0	0	0	0	0	0
FBGN0029697	0	0	0	0	0	0
FBGN0054026	0	0	0	0	0	4
FBGN0031174	64	46	50	77	88	103
FBGN0027621	23	35	27	40	56	43
FBGN0030326	3	2	2	10	18	9
FBGN0000542	575	601	566	702	1027	998
FBGN0031058	0	0	0	0	0	0
FBGN0263993	133	168	125	226	334	257
FBGN0261549	28	3	9	5	11	9
FBGN0260747	83	79	76	137	178	150
FBGN0029590	0	0	0	0	0	0
FBGN0052772	23	64	37	38	68	56
FBGN0031074	0	0	0	0	0	0
FBGN0259242	4	0	4	0	2	8
FBGN0283473	21	5	8	12	14	20
FBGN0025632	2	0	0	0	1	2
FBGN0030204	0	0	0	0	0	0
FBGN0029840	93	121	94	161	205	278
FBGN0261675	0	0	0	0	0	0
FBGN0030425	0	1	0	0	0	1
FBGN0030206	32	4	26	27	41	46
FBGN0025679	0	0	0	0	0	0
FBGN0024366	10	11	8	22	39	26
FBGN0030583	0	0	0	0	0	0
FBGN0023549	4	2	2	7	2	9
FBGN0030266	74	96	89	114	179	157
FBGN0029976	7	13	7	0	13	16
FBGN0029928	22	23	26	21	26	38
FBGN0085464	0	0	0	0	0	0
FBGN0030577	0	0	0	0	0	0
FBGN0027602	144	116	146	128	194	271
FBGN0262485	0	0	0	0	0	0
FBGN0031190	44	31	66	70	99	96
FBGN0002576	0	0	3	0	0	0
FBGN0029795	0	0	0	0	0	0
FBGN0030801	16	27	24	31	25	35
FBGN0030077	15	19	22	21	67	32
FBGN0052574	0	0	0	0	0	0
FBGN0030572	72	54	46	73	120	97
FBGN0030482	77	50	46	78	88	83
FBGN0030350	18	45	31	18	38	46
FBGN0039943	59	32	89	77	83	119
FBGN0052600	0	0	0	0	0	0
FBGN0052683	0	0	1	0	0	0
FBGN0267044	0	0	0	0	0	0
FBGN0264386	0	0	0	0	0	0
FBGN0040341	0	0	0	0	0	0
FBGN0029644	0	0	0	0	0	0
FBGN0010341	240	279	198	294	412	412
FBGN0030092	8	7	8	9	16	25
FBGN0030904	0	0	0	0	0	0
FBGN0052703	0	0	0	0	0	0
FBGN0005427	17	3	15	9	27	24
FBGN0263997	0	0	0	0	0	0
FBGN0025390	0	0	0	0	0	0
FBGN0039941	0	0	0	1	6	4
FBGN0069938	0	0	0	0	0	0
FBGN0030792	29	27	41	45	78	50
FBGN0014455	174	146	129	169	255	325
FBGN0053178	1	1	2	0	0	0
FBGN0052857	0	0	0	0	0	0
FBGN0026144	205	184	163	340	375	319
FBGN0040514	0	0	0	0	0	0
FBGN0030354	228	125	178	220	344	331
FBGN0031107	94	83	96	110	149	188
FBGN0025388	42	28	23	32	69	53
FBGN0287828	0	0	0	0	0	0
FBGN0029826	0	0	0	3	2	0
FBGN0030759	4	3	0	4	14	14
FBGN0028327	397	479	330	471	922	719
FBGN0024989	411	348	326	320	416	403
FBGN0040355	0	0	0	0	0	0
FBGN0053513	0	0	0	0	0	0
FBGN0030459	1	0	0	0	0	0
FBGN0023525	0	0	0	0	1	0
FBGN0027108	1833	1775	1838	2569	3890	3543
FBGN0005411	275	262	180	273	342	348
FBGN0030930	122	121	98	162	301	290
FBGN0029736	32	22	25	28	51	38
FBGN0030622	0	0	0	0	0	0
FBGN0030864	244	203	146	150	173	242
FBGN0031045	0	0	0	0	0	0
FBGN0010416	112	139	102	114	160	192
FBGN0026080	50	51	49	40	87	66
FBGN0284227	1	0	0	2	7	8
FBGN0030090	10	5	6	6	23	8
FBGN0040236	45	34	38	67	93	74
FBGN0266570	161	196	141	221	248	261
FBGN0053181	8	2	2	9	14	8
FBGN0031157	1	0	0	1	1	2
FBGN0030997	0	0	0	0	0	0
FBGN0083979	0	0	0	0	0	0
FBGN0030352	10	42	8	21	21	4
FBGN0264449	13	4	7	13	28	18
FBGN0015615	197	133	153	220	269	260
FBGN0027564	4	13	10	4	30	5
FBGN0030833	33	27	33	53	62	50
FBGN0023529	614	646	482	785	1123	971
FBGN0030554	12	1	13	9	24	19
FBGN0025637	540	656	507	577	771	742
FBGN0000022	16	6	11	15	33	19
FBGN0052823	0	0	0	0	0	0
FBGN0023526	40	19	23	41	59	52
FBGN0030081	58	56	54	63	87	97
FBGN0003210	140	168	121	197	215	208
FBGN0029708	0	0	10	0	1	2
FBGN0029524	7	1	5	4	3	2
FBGN0029951	0	0	0	0	0	0
FBGN0052706	1	1	0	0	3	9
FBGN0030518	47	33	61	38	44	51
FBGN0023535	4	0	3	0	1	1
FBGN0052762	0	0	0	0	0	0
FBGN0030748	0	0	0	0	0	0
FBGN0031016	233	190	276	443	687	566
FBGN0030215	0	0	0	0	0	0
FBGN0030744	38	23	24	39	57	50
FBGN0052675	28	7	23	23	50	40
FBGN0052603	1	0	0	0	0	0
FBGN0029878	149	171	99	152	193	226
FBGN0030701	92	117	73	127	140	124
FBGN0030672	314	191	229	279	384	453
FBGN0030493	21	8	2	35	49	40
FBGN0031060	18	2	3	7	9	8
FBGN0004170	17	59	35	44	73	80
FBGN0030969	74	52	63	84	147	135
FBGN0259741	0	0	0	0	0	0
FBGN0052551	0	0	0	0	0	0
FBGN0003714	34	12	25	27	67	57
FBGN0260400	5	10	11	20	28	15
FBGN0003023	0	0	0	0	0	3
FBGN0004648	291	283	251	453	570	508
FBGN0004832	54	50	47	82	104	123
FBGN0025626	25	26	25	22	48	56
FBGN0024251	9	12	9	24	27	18
FBGN0026083	186	137	164	237	329	310
FBGN0030735	57	57	65	82	129	117
FBGN0014391	119	125	90	167	193	185
FBGN0040365	0	0	0	0	0	0
FBGN0030611	55	99	49	63	90	81
FBGN0040397	98	125	90	129	216	198
FBGN0288833	110	69	77	114	162	153
FBGN0040906	0	0	0	0	1	0
FBGN0030725	0	0	0	0	0	0
FBGN0027521	108	77	91	108	150	180
FBGN0031188	5	17	7	2	8	3
FBGN0261624	0	0	0	0	0	0
FBGN0023215	90	97	73	148	163	153
FBGN0004861	72	81	63	93	139	125
FBGN0000719	14	18	9	28	14	29
FBGN0040383	0	7	4	0	2	0
FBGN0030670	43	37	39	48	64	39
FBGN0266098	305	260	288	430	605	522
FBGN0030676	6	1	3	1	9	6
FBGN0029893	41	18	26	54	84	85
FBGN0031078	482	395	429	557	788	665
FBGN0030773	0	0	0	0	0	0
FBGN0004656	410	377	296	391	637	553
FBGN0031150	5	6	3	7	8	9
FBGN0267048	0	0	0	0	0	0
FBGN0039945	18	5	6	17	15	8
FBGN0029657	0	0	3	0	0	0
FBGN0030921	0	0	0	0	0	0
FBGN0029660	0	0	0	0	0	0
FBGN0054015	18	10	5	13	7	13
FBGN0265610	0	0	0	0	0	0
FBGN0030439	0	0	0	0	0	0
FBGN0285926	161	170	159	194	238	307
FBGN0262685	0	0	0	0	0	0
FBGN0030336	68	73	39	44	99	123
FBGN0030926	0	0	0	0	1	4
FBGN0001491	84	82	52	95	92	88
FBGN0031155	0	0	0	0	0	0
FBGN0030195	0	0	0	0	0	0
FBGN0262866	43	37	21	40	53	33
FBGN0041629	1	4	3	7	5	1
FBGN0000618	63	48	20	39	59	62
FBGN0261811	103	109	86	164	271	236
FBGN0260482	0	0	0	0	0	0
FBGN0030296	0	0	0	0	0	0
FBGN0024362	17	13	23	40	47	33
FBGN0029812	0	0	0	0	0	0
FBGN0030558	2	7	2	0	0	0
FBGN0052564	0	0	0	0	0	0
FBGN0042146	0	0	0	0	0	0
FBGN0010296	0	0	0	0	0	0
FBGN0030395	0	0	0	0	0	0
FBGN0028343	130	131	130	165	223	198
FBGN0030589	0	0	0	0	0	0
FBGN0030883	3	3	1	6	8	8
FBGN0030121	34	21	51	26	40	30
FBGN0260753	0	0	0	0	0	0
FBGN0030389	0	0	0	0	0	0
FBGN0022355	98	21	39	25	38	76
FBGN0030691	0	0	0	0	0	0
FBGN0030017	1	0	0	0	2	0
FBGN0029823	244	186	240	249	416	396
FBGN0031018	0	0	0	0	0	0
FBGN0030749	145	113	134	150	242	225
FBGN0030504	175	151	160	203	253	244
FBGN0052695	0	0	0	0	0	0
FBGN0000611	454	547	443	581	854	752
FBGN0025624	7	3	15	20	36	17
FBGN0026433	36	55	52	63	92	64
FBGN0011586	58	28	27	37	51	68
FBGN0003360	1088	1027	978	1398	2491	2191
FBGN0025393	0	0	3	3	1	1
FBGN0030807	0	0	0	0	0	0
FBGN0260871	0	0	0	0	0	0
FBGN0265575	1	1	1	10	9	16
FBGN0030088	5	2	9	12	12	6
FBGN0030431	3	9	5	4	16	11
FBGN0030563	0	0	0	0	0	0
FBGN0026088	21	15	25	28	27	21
FBGN0029828	0	0	0	0	0	0
FBGN0052813	0	0	0	0	0	1
FBGN0000359	0	0	0	0	0	0
FBGN0262610	0	0	0	0	0	0
FBGN0025111	1	0	0	1	5	0
FBGN0030329	197	220	196	300	456	433
FBGN0001087	102	125	148	160	252	211
FBGN0260789	101	64	71	88	141	113
FBGN0030931	1	0	0	0	0	1
FBGN0030814	0	0	0	0	0	0
FBGN0003447	290	316	252	438	652	531
FBGN0030657	11	17	13	16	30	19
FBGN0278608	603	739	556	760	935	980
FBGN0288733	0	0	0	0	0	0
FBGN0025381	23	3	26	27	46	36
FBGN0052702	1	0	0	1	7	40
FBGN0027084	275	218	321	339	494	440
FBGN0029959	14	31	13	17	20	23
FBGN0030805	54	43	51	85	163	125
FBGN0288738	0	0	0	0	0	0
FBGN0040942	13	10	13	36	31	35
FBGN0030665	0	0	0	0	1	0
FBGN0025835	0	0	0	0	0	0
FBGN0030006	19	19	7	20	21	21
FBGN0260484	3	0	5	0	5	5
FBGN0000152	13	5	9	18	22	19
FBGN0259108	5	1	16	5	12	8
FBGN0040353	2	4	0	0	0	1
FBGN0261277	33	32	35	35	74	56
FBGN0000928	0	0	1	1	1	3
FBGN0030766	37	23	32	55	75	61
FBGN0027359	63	162	52	95	112	127
FBGN0031066	156	174	132	177	260	255
FBGN0031116	0	0	0	0	0	0
FBGN0288747	0	0	0	0	0	0
FBGN0027556	31	52	29	53	86	58
FBGN0025809	47	32	41	44	67	72
FBGN0030956	12	20	20	35	13	36
FBGN0030859	0	0	0	0	0	0
FBGN0040931	51	36	32	57	76	74
FBGN0265767	4	3	2	1	7	6
FBGN0002948	45	31	48	79	72	103
FBGN0030443	0	1	0	1	0	0
FBGN0023517	32	51	27	66	66	67
FBGN0003969	143	91	125	154	218	237
FBGN0052594	25	12	36	49	75	63
FBGN0001206	54	25	43	52	76	56
FBGN0028397	0	0	0	0	0	0
FBGN0001186	131	130	128	147	286	194
FBGN0052523	0	0	0	0	0	0
FBGN0029922	6	0	0	4	4	2
FBGN0029851	0	0	0	0	0	0
FBGN0031091	17	24	11	20	24	40
FBGN0030813	10	18	15	15	11	18
FBGN0026679	104	104	75	114	147	131
FBGN0000459	7	4	10	8	21	15
FBGN0263830	0	0	0	0	0	0
FBGN0052707	28	35	34	56	65	81
FBGN0030623	0	0	0	0	0	0
FBGN0052588	0	0	0	0	0	0
FBGN0288743	0	0	0	0	0	0
FBGN0025628	168	147	128	131	180	144
FBGN0031081	2	0	0	1	4	4
FBGN0031144	28	49	29	37	38	46
FBGN0030597	0	0	1	0	0	0
FBGN0066114	19	26	12	26	24	32
FBGN0026749	27	20	20	25	30	7
FBGN0029665	13	22	17	15	29	19
FBGN0265630	76	98	104	87	110	148
FBGN0085440	0	0	0	0	0	0
FBGN0031086	0	0	0	0	0	0
FBGN0031011	92	40	109	102	190	141
FBGN0261793	57	67	47	57	88	84
FBGN0031098	113	70	105	155	213	211
FBGN0030221	0	0	0	0	0	0
FBGN0052521	53	67	50	42	77	53
FBGN0030051	2	17	1	7	15	7
FBGN0003371	281	253	300	418	575	578
FBGN0000108	0	0	20	0	2	1
FBGN0029937	19	24	19	22	26	19
FBGN0052650	0	0	0	0	0	0
FBGN0264954	0	0	0	0	0	0
FBGN0085357	0	0	0	0	0	0
FBGN0029931	0	0	0	0	0	0
FBGN0027498	47	37	31	32	65	55
FBGN0011822	0	0	0	0	0	0
FBGN0029966	0	0	0	0	0	0
FBGN0031119	45	61	48	69	74	83
FBGN0030629	5	0	4	5	6	3
FBGN0024980	0	0	0	0	0	0
FBGN0030167	0	0	0	0	0	0
FBGN0000524	72	88	86	112	141	131
FBGN0030638	9	14	8	18	23	31
FBGN0030841	2	2	1	6	7	9
FBGN0052783	0	0	0	0	0	0
FBGN0000927	0	0	0	0	0	0
FBGN0030304	0	0	6	0	0	0
FBGN0000137	2	0	1	2	5	4
FBGN0029737	29	31	25	52	59	49
FBGN0052797	0	0	0	0	0	0
FBGN0030893	1	0	0	1	0	0
FBGN0030968	4	6	1	2	3	0
FBGN0265535	0	0	0	0	0	0
FBGN0022786	40	29	33	55	89	58
FBGN0261954	390	304	330	412	580	495
FBGN0040351	0	0	0	0	0	0
FBGN0015558	4	1	2	2	1	0
FBGN0030734	241	203	191	320	408	410
FBGN0014026	1469	1270	1268	1490	2608	2400
FBGN0031170	14	16	8	7	10	24
FBGN0044046	0	0	0	0	0	0
FBGN0010292	129	116	118	124	197	200
FBGN0029712	0	0	1	0	1	4
FBGN0030157	0	0	0	0	0	1
FBGN0029770	0	0	0	0	0	0
FBGN0069973	0	0	0	0	0	0
FBGN0030886	0	0	0	0	0	0
FBGN0085362	0	0	0	0	0	0
FBGN0030360	23	13	11	17	32	20
FBGN0003423	173	120	102	195	245	212
FBGN0026313	18	24	32	36	41	32
FBGN0029685	8	45	10	14	20	16
FBGN0029825	4	12	2	1	8	4
FBGN0265416	0	0	1	0	0	0
FBGN0030375	0	0	0	0	0	0
FBGN0030855	69	75	87	88	131	122
FBGN0030607	1	1	2	6	13	2
FBGN0030816	19	8	13	13	20	15
FBGN0029935	3	8	0	0	9	8
FBGN0015794	52	41	47	45	111	75
FBGN0030025	24	23	30	31	37	35
FBGN0027342	49	101	58	86	127	146
FBGN0030364	42	54	48	43	87	84
FBGN0029874	18	9	13	9	15	19
FBGN0030479	65	70	56	65	155	143
FBGN0004828	1121	920	976	1413	1910	1924
FBGN0053669	0	0	0	0	0	0
FBGN0260855	20	22	21	19	36	34
FBGN0004403	178	234	174	194	370	365
FBGN0284408	1175	1086	1090	1280	1646	1525
FBGN0028474	172	186	146	199	272	264
FBGN0053239	0	0	0	0	0	0
FBGN0262976	4	0	0	0	3	0
FBGN0259168	89	107	83	179	257	259
FBGN0259196	0	0	0	0	0	0
FBGN0030245	87	75	88	139	207	166
FBGN0259231	0	0	0	0	0	0
FBGN0052549	22	38	5	30	70	46
FBGN0026428	79	94	90	129	174	210
FBGN0026079	150	123	174	185	335	282
FBGN0030868	0	0	0	0	0	0
FBGN0264503	0	0	0	0	0	0
FBGN0021767	0	0	0	0	0	0
FBGN0030093	311	244	334	368	589	608
FBGN0030082	187	126	95	168	263	233
FBGN0025621	41	27	48	43	92	58
FBGN0024182	23	11	13	23	28	16
FBGN0000808	0	0	0	0	0	0
FBGN0250862	6	0	3	0	0	1
FBGN0031042	0	0	0	0	0	0
FBGN0030840	0	0	0	0	0	0
FBGN0003656	38	47	25	71	79	72
FBGN0030507	31	39	32	38	69	84
FBGN0031130	0	0	0	0	0	0
FBGN0031132	0	0	0	0	0	0
FBGN0026175	0	0	0	0	0	0
FBGN0030001	0	0	0	0	0	1
FBGN0023536	10	13	20	17	31	22
FBGN0265413	166	78	113	212	318	310
FBGN0026872	1	0	2	0	1	0
FBGN0024975	6	23	14	16	14	10
FBGN0266434	0	0	0	0	0	0
FBGN0030495	0	0	0	0	0	0
FBGN0031069	75	45	49	72	82	90
FBGN0004102	0	0	2	0	0	0
FBGN0030590	0	0	0	0	0	0
FBGN0287454	16	6	15	15	28	24
FBGN0025391	0	0	0	0	0	0
FBGN0030029	0	0	0	0	0	0
FBGN0260812	0	0	0	0	0	0
FBGN0002878	97	89	100	138	166	208
FBGN0029688	130	140	158	190	284	279
FBGN0052576	15	3	24	14	28	22
FBGN0250788	855	808	691	1015	1576	1368
FBGN0027330	267	253	204	250	389	401
FBGN0030704	3	0	10	10	7	17
FBGN0025815	436	393	418	505	682	838
FBGN0030071	0	0	0	0	0	0
FBGN0029521	0	0	0	0	0	0
FBGN0030218	1	1	1	0	5	3
FBGN0004050	24	17	32	54	83	51
FBGN0040349	0	0	0	0	0	2
FBGN0030522	11	23	15	18	29	42
FBGN0052815	0	0	1	0	0	0
FBGN0030311	12	15	15	18	15	11
FBGN0052625	0	0	1	0	0	0
FBGN0259204	0	0	2	1	3	0
FBGN0030480	44	11	37	23	43	61
FBGN0025625	0	0	1	0	0	0
FBGN0029747	0	0	0	0	0	0
FBGN0003374	20	129	5	3	5	10
FBGN0031093	22	17	23	25	58	73
FBGN0266431	0	0	0	0	0	0
FBGN0031022	11	10	14	10	10	9
FBGN0030576	0	0	0	0	0	2
FBGN0030659	21	12	22	41	31	45
FBGN0259677	2	0	5	0	0	0
FBGN0040651	0	0	0	0	0	0
FBGN0261873	114	119	93	103	221	213
FBGN0040285	106	120	64	146	188	148
FBGN0265598	21	6	18	12	37	21
FBGN0086558	79	69	73	95	140	129
FBGN0011606	260	194	278	280	345	340
FBGN0004368	123	99	86	124	171	178
FBGN0030596	0	0	0	0	0	0
FBGN0029752	0	0	0	0	0	0
FBGN0030435	55	29	38	65	90	77
FBGN0026876	14	35	26	25	33	35
FBGN0029864	0	0	0	0	0	0
FBGN0260858	9	8	7	16	23	25
FBGN0028491	3	9	3	11	15	3
FBGN0025549	7	1	12	16	13	11
FBGN0031036	34	29	36	53	73	70
FBGN0029898	61	58	52	130	166	128
FBGN0029587	0	0	0	0	0	0
FBGN0025638	105	63	81	133	157	113
FBGN0030316	16	12	8	5	5	6
FBGN0263511	0	0	0	0	0	0
FBGN0052557	0	0	0	1	0	29
FBGN0030314	30	17	40	34	61	35
FBGN0030007	219	122	155	203	317	309
FBGN0266429	0	0	0	0	0	0
FBGN0030307	0	0	0	0	0	0
FBGN0003747	0	0	0	0	0	0
FBGN0053172	24	25	7	29	31	34
FBGN0030411	5	12	3	3	3	5
FBGN0029924	60	25	33	103	184	111
FBGN0003345	183	103	131	212	311	281
FBGN0052563	0	0	0	0	0	0
FBGN0261524	46	71	60	70	108	86
FBGN0030228	30	18	32	27	49	42
FBGN0030246	81	40	63	62	112	83
FBGN0260870	0	0	0	0	0	0
FBGN0029980	17	36	26	21	32	45
FBGN0029885	89	88	74	105	105	121
FBGN0039946	17	27	27	7	24	29
FBGN0052671	0	0	0	0	0	0
FBGN0031141	0	0	0	0	0	0
FBGN0030346	2	0	5	4	11	4
FBGN0030376	0	0	0	0	0	0
FBGN0031182	0	0	0	0	1	3
FBGN0029726	0	0	0	0	0	0
FBGN0030289	59	95	68	63	91	127
FBGN0023518	97	61	93	111	177	161
FBGN0030451	24	11	29	35	49	53
FBGN0030377	4	0	0	1	3	4
FBGN0030406	33	21	17	8	20	32
FBGN0030034	300	245	259	469	662	657
FBGN0027553	51	57	52	68	98	97
FBGN0285910	41	36	64	61	84	87
FBGN0287210	41	25	28	16	26	29
FBGN0031191	23	21	39	29	30	32
FBGN0026089	44	22	16	46	64	69
FBGN0029716	0	3	0	0	0	0
FBGN0004066	371	329	326	467	631	660
FBGN0052699	55	29	56	92	116	118
FBGN0031034	0	0	0	0	0	0
FBGN0004047	0	0	0	0	0	0
FBGN0010383	1	2	1	3	10	10
FBGN0030738	160	144	141	145	215	209
FBGN0024986	20	23	20	22	35	52
FBGN0029946	0	0	0	0	0	0
FBGN0030927	6	11	9	16	21	32
FBGN0030544	1	0	0	0	0	2
FBGN0029896	10	57	8	12	22	23
FBGN0023545	81	57	56	74	105	101
FBGN0030030	2	0	2	4	12	1
FBGN0053177	0	0	0	0	0	0
FBGN0029969	157	109	123	147	233	174
FBGN0029718	114	61	77	63	133	142
FBGN0030890	28	25	18	54	69	80
FBGN0030891	74	79	68	93	158	117
FBGN0011754	37	11	28	41	60	74
FBGN0030391	13	6	16	20	40	23
FBGN0052750	0	0	0	0	0	0
FBGN0030536	0	0	0	0	0	0
FBGN0029964	0	0	0	0	0	0
FBGN0030041	2	0	0	5	4	0
FBGN0261446	32	16	42	37	58	84
FBGN0030058	0	0	3	0	0	0
FBGN0029783	2	0	3	4	5	3
FBGN0029962	0	0	1	0	0	0
FBGN0029811	0	0	0	0	0	0
FBGN0030776	0	0	0	0	0	0
FBGN0030183	0	0	0	2	2	2
FBGN0030292	20	2	28	27	54	48
FBGN0029835	4	2	0	3	1	3
FBGN0030467	9	4	3	0	8	3
FBGN0024941	0	0	0	0	0	0
FBGN0283432	0	0	0	0	0	0
FBGN0029915	117	73	83	110	143	134
FBGN0030552	54	47	42	83	115	69
FBGN0029804	8	15	10	18	24	19
FBGN0264078	46	62	58	70	102	102
FBGN0015799	158	125	186	256	297	328
FBGN0265726	0	0	0	0	0	0
FBGN0004034	0	0	0	3	2	0
FBGN0029725	0	0	0	0	0	0
FBGN0286877	0	0	0	0	0	0
FBGN0004657	435	438	413	599	886	925
FBGN0030710	57	65	48	77	103	111
FBGN0029750	0	0	0	0	0	0
FBGN0029817	0	0	0	0	0	0
FBGN0052814	1	0	0	0	0	0
FBGN0025635	49	17	23	37	34	31
FBGN0052638	12	22	19	28	36	25
FBGN0025836	208	208	214	359	403	515
FBGN0052767	118	113	107	120	184	160
FBGN0030777	0	0	4	0	0	0
FBGN0284228	28	38	28	38	39	49
FBGN0029905	21	25	18	35	72	48
FBGN0262730	55	65	49	62	90	67
FBGN0259162	0	0	0	0	0	0
FBGN0021765	159	136	202	212	447	354
FBGN0030447	52	15	30	29	37	35
FBGN0015773	30	28	36	68	134	104
FBGN0029568	0	0	0	0	0	0
FBGN0014465	0	0	0	0	0	0
FBGN0029943	37	33	18	39	37	44
FBGN0027791	0	4	6	4	4	9
FBGN0000257	31	7	27	15	57	31
FBGN0031048	10	10	11	15	17	23
FBGN0011758	3	0	0	11	10	8
FBGN0030952	0	0	0	0	0	0
FBGN0053666	0	0	0	0	0	0
FBGN0029839	0	0	0	0	0	0
FBGN0031052	284	293	329	293	428	490
FBGN0264975	1156	996	1091	1453	2032	1971
FBGN0288742	0	0	0	0	0	0
FBGN0024364	126	97	62	112	158	125
FBGN0026878	0	2	0	0	0	0
FBGN0053238	0	0	0	0	0	0
FBGN0052633	0	0	0	0	0	6
FBGN0030832	0	0	0	0	0	0
FBGN0029881	53	13	39	37	51	61
FBGN0011761	0	0	0	0	0	0
FBGN0030057	97	70	85	126	180	178
FBGN0029987	0	0	0	0	0	0
FBGN0025613	0	0	0	0	0	0
FBGN0030367	0	0	0	0	0	0
FBGN0029801	7	10	15	12	34	27
FBGN0264691	35	27	38	61	88	91
FBGN0031088	0	0	0	2	0	0
FBGN0030181	0	0	0	0	0	0
FBGN0030898	0	0	0	0	0	0
FBGN0029975	2	0	3	2	4	8
FBGN0285947	789	752	724	949	1700	1667
FBGN0030769	0	0	0	0	0	0
FBGN0031031	1	0	0	2	2	2
FBGN0030746	0	0	0	0	0	0
FBGN0029932	0	2	0	2	3	3
FBGN0045073	143	138	161	228	315	289
FBGN0259994	0	0	7	0	0	1
FBGN0024993	13	1	8	14	19	17
FBGN0029856	0	0	0	2	0	4
FBGN0265523	332	279	266	382	609	529
FBGN0030774	0	0	0	0	0	0
FBGN0029957	53	74	50	57	94	60
FBGN0000427	0	0	0	0	0	0
FBGN0030983	0	0	0	0	0	0
FBGN0052571	0	0	0	0	0	0
FBGN0025642	0	0	0	0	0	0
FBGN0040877	0	0	0	0	0	0
FBGN0030844	0	0	0	0	0	0
FBGN0030400	96	116	101	133	205	242
FBGN0067052	0	0	0	0	0	0
FBGN0040922	0	0	0	0	0	0
FBGN0030348	0	0	0	0	0	0
FBGN0052673	0	0	0	0	0	0
FBGN0265608	0	0	0	0	0	0
FBGN0030731	153	199	145	225	327	378
FBGN0030331	0	0	0	0	0	0
FBGN0001092	1008	754	1053	1416	1845	1826
FBGN0262612	0	0	0	0	0	0
FBGN0030787	27	18	14	33	32	35
FBGN0025387	0	0	0	0	1	2
FBGN0010198	183	176	189	195	389	307
FBGN0030240	32	17	36	32	58	59
FBGN0002917	0	0	2	0	0	0
FBGN0052670	0	0	0	0	0	0
FBGN0086693	0	0	0	0	0	0
FBGN0261849	0	0	0	0	0	0
FBGN0030506	24	26	21	28	57	35
FBGN0259110	0	0	0	0	0	0
FBGN0264393	0	0	0	0	0	0
FBGN0030365	59	27	63	98	109	130
FBGN0029799	0	0	0	0	0	0
FBGN0260748	71	34	82	117	152	96
FBGN0004370	229	249	180	278	371	433
FBGN0030711	28	56	20	55	59	72
FBGN0029552	0	0	0	0	0	0
FBGN0030722	0	0	0	0	0	0
FBGN0288740	0	0	0	0	0	0
FBGN0030241	315	152	286	342	464	576
FBGN0030946	70	98	69	60	130	100
FBGN0283451	1046	1037	828	1643	3041	2486
FBGN0030795	0	0	0	0	0	0
FBGN0030317	0	0	0	0	0	0
FBGN0266354	0	0	0	0	0	0
FBGN0001218	2779	2735	2217	3782	5526	4933
FBGN0261245	0	0	0	0	0	0
FBGN0024995	0	0	0	0	0	0
FBGN0029606	0	0	0	0	0	0
FBGN0030900	7	5	9	14	13	3
FBGN0027795	0	0	0	0	0	0
FBGN0029990	20	70	30	17	16	12
FBGN0029814	47	68	41	93	123	187
FBGN0267043	0	0	0	0	0	0
FBGN0052631	0	0	0	0	0	0
FBGN0263216	0	0	0	0	1	0
FBGN0030502	11	19	20	27	35	37
FBGN0030159	78	136	47	99	100	67
FBGN0267384	11	10	12	25	53	22
FBGN0030817	0	0	0	0	0	0
FBGN0031194	116	112	92	166	226	169
FBGN0283545	0	0	0	0	0	0
FBGN0265362	12	1	6	9	22	10
FBGN0262734	482	504	517	685	985	952
FBGN0030099	27	6	18	28	60	48
FBGN0030060	124	71	88	142	176	220
FBGN0030990	49	30	48	60	84	84
FBGN0259918	0	0	0	0	0	0
FBGN0040382	101	82	80	134	301	233
FBGN0004057	25	52	49	36	75	72
FBGN0026430	181	87	129	172	245	193
FBGN0030806	85	109	41	94	156	145
FBGN0052786	0	0	0	0	0	0
FBGN0030136	385	275	250	341	452	483
FBGN0030465	28	36	15	40	54	61
FBGN0030571	28	3	20	27	15	16
FBGN0261617	419	433	414	543	724	680
FBGN0030230	0	0	0	0	0	0
FBGN0030418	39	57	48	43	73	64
FBGN0263772	0	0	0	0	1	0
FBGN0266710	1	0	0	0	0	0
FBGN0052644	0	0	0	0	0	0
FBGN0030040	0	0	0	0	0	4
FBGN0053499	0	0	0	0	0	0
FBGN0029895	33	25	31	27	44	50
FBGN0030608	608	665	531	761	1085	898
FBGN0025837	0	0	0	1	0	0
FBGN0030305	115	113	85	144	191	217
FBGN0002707	54	85	51	50	57	63
FBGN0000382	69	72	61	102	144	131
FBGN0040929	20	7	11	27	13	23
FBGN0030929	0	0	0	0	0	35
FBGN0264739	0	0	0	0	0	0
FBGN0030280	0	0	0	0	0	0
FBGN0030620	0	0	0	0	0	0
FBGN0053237	0	0	0	0	0	0
FBGN0029858	24	15	12	19	28	39
FBGN0262101	0	0	0	0	0	0
FBGN0030540	0	0	0	0	0	0
FBGN0052647	0	0	0	0	0	0
FBGN0264077	0	2	0	0	1	3
FBGN0031094	53	64	75	88	80	109
FBGN0029664	10	12	26	14	14	16
FBGN0027537	351	292	286	375	531	501
FBGN0029914	34	29	30	42	35	45
FBGN0053240	0	0	0	0	0	0
FBGN0001624	172	166	168	291	409	423
FBGN0030936	0	0	0	0	0	0
FBGN0030786	45	27	41	21	43	40
FBGN0004650	0	0	0	0	0	0
FBGN0250869	8	3	1	10	10	13
FBGN0052547	0	0	0	0	0	0
FBGN0029821	1	0	0	0	0	0
FBGN0085366	0	0	0	0	0	0
FBGN0030699	48	69	26	69	93	94
FBGN0040309	551	339	528	449	631	660
FBGN0030309	43	39	28	75	98	80
FBGN0052685	191	165	136	195	240	232
FBGN0004647	2245	2212	2048	2827	3911	3882
FBGN0030742	0	0	3	0	0	1
FBGN0030239	40	44	26	21	40	45
FBGN0029911	13	2	4	8	24	12
FBGN0054028	0	0	0	0	0	0
FBGN0026873	14	29	10	24	42	45
FBGN0030351	38	31	30	45	44	44
FBGN0029531	0	0	0	0	4	0
FBGN0288734	0	0	0	0	0	0
FBGN0263005	31	30	32	45	68	57
FBGN0003048	73	79	54	113	156	119
FBGN0025378	0	0	0	0	0	0
FBGN0040372	108	109	87	151	212	164
FBGN0030009	0	0	0	0	0	0
FBGN0000479	3	0	2	1	0	1
FBGN0040334	26	32	26	42	65	46
FBGN0029701	0	0	0	0	0	0
FBGN0030770	0	0	0	0	0	0
FBGN0030011	0	0	1	3	8	2
FBGN0030096	100	109	100	142	186	209
FBGN0029679	0	0	0	0	2	0
FBGN0025612	0	0	0	0	0	0
FBGN0031038	0	0	0	0	0	0
FBGN0040343	0	0	0	0	0	0
FBGN0029669	0	0	0	0	0	0
FBGN0029930	0	0	0	0	0	0
FBGN0028341	114	86	66	139	165	165
FBGN0259098	0	0	0	0	0	0
FBGN0030260	0	0	0	0	0	0
FBGN0030720	263	280	217	278	321	372
FBGN0001083	71	117	68	88	142	129
FBGN0029646	0	0	0	0	0	0
FBGN0026713	99	69	118	134	150	148
FBGN0030161	0	0	0	0	0	0
FBGN0030234	0	0	0	0	5	1
FBGN0029768	0	0	0	0	0	0
FBGN0031068	9	21	8	14	25	19
FBGN0020653	798	663	649	851	1329	1321
FBGN0083981	0	0	0	0	0	0
FBGN0029696	0	0	0	0	0	0
FBGN0283471	0	4	2	1	1	0
FBGN0030790	18	4	25	37	52	44
FBGN0029827	0	0	0	0	0	0
FBGN0015036	0	0	0	0	0	0
FBGN0029762	0	1	0	0	0	0
FBGN0262111	6	14	10	12	25	10
FBGN0030283	0	0	0	0	0	0
FBGN0030794	7	2	3	3	7	6
FBGN0003575	177	165	153	162	200	224
FBGN0030261	0	0	0	0	0	0
FBGN0030054	170	168	159	188	231	268
FBGN0083940	99	66	62	83	157	109
FBGN0085358	0	0	0	0	0	0
FBGN0030102	0	0	1	0	0	0
FBGN0263968	169	185	157	177	266	278
FBGN0030918	0	0	0	0	0	0
FBGN0259241	0	0	1	0	0	0
FBGN0029681	0	0	2	0	2	0
FBGN0030880	0	0	0	0	0	0
FBGN0029709	152	111	109	187	335	256
FBGN0029861	54	53	40	74	94	101
FBGN0002641	37	68	43	53	92	91
FBGN0030420	7	17	11	16	17	33
FBGN0030160	81	61	60	108	186	117
FBGN0040373	48	69	57	56	79	84
FBGN0003057	0	0	0	0	0	0
FBGN0024991	29	28	23	23	39	48
FBGN0030455	0	0	0	0	0	0
FBGN0024943	0	0	0	0	0	0
FBGN0030520	523	620	529	704	916	931
FBGN0023514	94	113	86	120	139	197
FBGN0052687	0	7	1	1	2	0
FBGN0029979	276	308	238	239	439	472
FBGN0030015	0	0	0	0	0	0
FBGN0030941	34	52	20	35	75	39
FBGN0029971	14	5	17	20	20	15
FBGN0030298	0	0	0	0	0	0
FBGN0031002	2	0	0	0	0	0
FBGN0029629	229	255	219	282	408	422
FBGN0052666	99	101	84	131	181	154
FBGN0030104	0	0	0	0	0	0
FBGN0022770	2	1	6	5	6	9
FBGN0027546	74	81	59	57	73	72
FBGN0030441	0	0	0	0	0	0
FBGN0267033	19	14	29	37	51	40
FBGN0030802	71	84	72	93	118	107
FBGN0040394	71	37	36	67	81	102
FBGN0030694	6	5	10	7	12	13
FBGN0030592	1	0	0	5	0	0
FBGN0029877	0	0	0	0	0	1
FBGN0025739	135	98	105	112	182	192
FBGN0000179	138	169	137	192	327	312
FBGN0001250	135	178	112	204	374	338
FBGN0259245	0	0	0	0	0	0
FBGN0010269	64	15	27	54	76	57
FBGN0020369	373	380	301	408	631	620
FBGN0030992	0	0	0	0	0	1
FBGN0015519	0	0	0	0	0	0
FBGN0030440	0	0	0	0	0	0
FBGN0053502	0	0	0	0	0	0
FBGN0086367	18	38	22	25	49	29
FBGN0030105	3	16	2	2	1	0
FBGN0052580	0	0	0	0	0	0
FBGN0014133	225	266	230	313	440	392
FBGN0262656	266	250	221	290	406	401
FBGN0028480	17	31	35	24	48	45
FBGN0030804	0	0	0	0	0	0
FBGN0030643	0	0	0	0	0	0
FBGN0029687	292	271	371	394	533	531
FBGN0030853	64	46	87	114	148	124
FBGN0267253	0	0	0	0	0	0
FBGN0003366	1	0	3	0	0	0
FBGN0030327	13	37	32	28	44	42
FBGN0002590	1239	1158	1232	1713	2482	2232
FBGN0030593	0	0	0	0	0	0
FBGN0015926	88	19	70	99	130	115
FBGN0040336	0	5	2	3	10	1
FBGN0030369	0	0	0	0	0	0
FBGN0030839	27	7	13	19	22	24
FBGN0004649	0	0	0	0	0	0
FBGN0030538	0	0	0	0	0	0
FBGN0004404	91	71	86	93	195	145
FBGN0024987	106	85	98	138	197	176
FBGN0031006	76	91	68	125	148	150
FBGN0040376	0	0	1	0	0	0
FBGN0014868	467	330	392	627	887	878
FBGN0030789	66	98	45	56	77	80
FBGN0026084	1091	1103	863	1463	1860	1776
FBGN0030756	0	0	0	0	1	0
FBGN0030073	3	10	0	2	9	7
FBGN0029974	0	0	0	0	0	0
FBGN0030982	0	0	0	0	0	0
FBGN0031090	30	13	13	26	68	44
FBGN0004198	65	61	51	87	116	101
FBGN0000077	6	0	8	22	24	35
FBGN0030271	0	0	0	0	0	0
FBGN0052512	12	11	4	9	6	3
FBGN0031161	65	77	68	64	79	94
FBGN0029818	89	80	102	136	157	183
FBGN0029947	0	0	0	0	0	0
FBGN0004227	529	506	367	483	659	691
FBGN0030851	26	23	27	38	49	66
FBGN0029859	0	0	0	0	0	0
FBGN0029753	0	0	0	0	0	0
FBGN0030874	8	32	5	16	22	20
FBGN0020378	3	1	7	0	9	0
FBGN0029722	0	0	0	0	0	0
FBGN0020513	153	159	144	167	259	264
FBGN0053243	0	0	0	0	0	0
FBGN0030687	102	54	96	128	120	123
FBGN0030432	0	0	0	0	0	2
FBGN0066303	5	0	1	2	1	7
FBGN0024897	4	0	0	0	0	0
FBGN0023516	50	45	45	24	68	72
FBGN0030667	0	0	0	0	0	1
FBGN0027603	152	155	133	205	276	237
FBGN0023550	0	1	5	0	0	0
FBGN0030107	0	0	3	0	0	2
FBGN0026751	33	64	39	52	58	45
FBGN0023520	22	15	18	30	46	35
FBGN0029694	0	0	0	0	0	0
FBGN0026058	0	0	0	0	0	0
FBGN0029945	0	0	0	0	0	0
FBGN0030103	0	0	0	0	0	0
FBGN0029504	33	29	32	65	64	76
FBGN0000394	25	12	25	42	43	50
FBGN0260869	0	0	0	0	0	0
FBGN0263747	2	0	0	0	1	0
FBGN0030217	17	31	18	17	30	13
FBGN0004397	196	223	143	231	319	288
FBGN0025634	65	39	49	63	77	77
FBGN0029870	136	97	97	131	202	196
FBGN0030566	0	0	0	0	0	0
FBGN0003449	232	186	181	230	330	292
FBGN0030837	0	0	1	0	0	0
FBGN0030494	62	101	48	126	187	211
FBGN0030600	0	1	5	3	0	1
FBGN0003139	53	50	34	47	85	64
FBGN0023528	78	58	65	73	143	131
FBGN0029912	55	48	25	49	47	53
FBGN0023513	63	62	69	80	73	134
FBGN0029763	138	61	99	143	190	183
FBGN0030293	189	185	140	206	345	259
FBGN0265139	0	0	0	0	0	0
FBGN0030481	1	1	2	3	4	4
FBGN0030559	0	0	0	0	0	0
FBGN0263829	5	2	0	1	0	0
FBGN0030678	21	22	12	38	33	42
FBGN0029965	0	0	0	0	0	0
FBGN0024365	95	65	72	90	159	144
FBGN0030685	70	58	76	96	92	108
FBGN0023130	2	15	5	12	5	7
FBGN0026085	31	14	31	31	27	41
FBGN0030485	40	39	50	52	94	81
FBGN0015286	66	15	30	45	58	52
FBGN0030980	0	0	0	0	0	0
FBGN0261383	79	74	51	66	127	109
FBGN0029994	0	0	0	0	0	0
FBGN0085354	1	1	8	1	3	2
FBGN0052537	0	0	0	0	2	0
FBGN0030671	11	5	6	0	12	6
FBGN0030486	59	35	60	82	110	98
FBGN0265267	0	0	0	0	0	0
FBGN0030666	2	8	11	17	16	17
FBGN0010240	0	0	0	0	0	0
FBGN0029710	27	38	43	70	76	60
FBGN0030460	16	11	21	16	36	32
FBGN0031005	0	0	0	0	0	0
FBGN0020508	0	0	0	0	0	2
FBGN0031039	5	6	10	11	20	20
FBGN0067861	0	0	0	0	0	0
FBGN0029936	26	24	26	38	36	30
FBGN0030492	0	0	0	0	0	0
FBGN0052645	0	7	9	3	9	11
FBGN0259927	0	0	1	0	0	0
FBGN0029837	1	0	0	0	0	0
FBGN0053252	0	0	0	0	0	0
FBGN0030330	13	30	30	53	67	51
FBGN0011837	124	151	140	169	272	297
FBGN0285970	0	0	0	0	0	0
FBGN0030869	4	7	19	14	24	24
FBGN0040366	9	1	11	18	9	13
FBGN0030272	0	0	0	0	0	0
FBGN0039942	3	6	0	9	1	5
FBGN0283469	118	93	107	165	266	245
FBGN0000826	0	0	1	2	0	0
FBGN0004687	248	220	175	321	386	355
FBGN0030932	2	5	0	3	2	10
FBGN0031008	2	2	15	13	15	16
FBGN0028746	8	6	1	1	15	7
FBGN0040904	0	0	0	0	0	0
FBGN0013987	199	115	162	211	352	281
FBGN0023519	107	48	78	91	111	167
FBGN0030174	0	0	0	0	0	0
FBGN0085360	3	0	1	0	2	0
FBGN0030530	74	24	73	70	146	95
FBGN0031184	1	0	0	0	0	0
FBGN0030341	103	118	59	143	154	122
FBGN0030684	0	0	0	0	0	0
FBGN0015789	48	21	27	52	64	54
FBGN0052642	0	0	0	0	0	0
FBGN0030276	131	114	94	121	203	239
FBGN0052656	12	90	0	0	0	0
FBGN0030122	88	115	74	121	159	184
FBGN0003301	63	54	40	111	132	84
FBGN0029662	70	52	36	55	123	68
FBGN0030947	0	0	0	0	0	0
FBGN0266284	165	139	140	190	262	255
FBGN0040356	0	0	0	0	0	0
FBGN0261616	0	0	0	0	0	0
FBGN0025394	29	11	23	34	69	47
FBGN0266569	0	0	5	0	0	0
FBGN0030669	8	1	1	7	7	2
FBGN0023531	1	1	3	2	12	4
FBGN0030290	0	0	0	1	1	0
FBGN0023527	80	59	64	85	116	132
FBGN0030466	94	118	86	168	181	201
FBGN0030954	0	0	1	7	5	10
FBGN0030087	77	45	55	63	114	101
FBGN0040393	0	28	0	0	0	0
FBGN0264395	0	0	0	0	0	0
FBGN0003321	102	115	103	130	188	184
FBGN0031109	0	0	0	0	0	0
FBGN0283712	69	58	57	92	90	84
FBGN0029819	25	17	7	22	34	23
FBGN0030658	50	31	47	63	92	100
FBGN0029949	0	0	0	0	0	0
FBGN0004655	116	58	90	174	211	216
FBGN0031128	0	0	0	0	0	0
FBGN0024184	0	0	0	0	0	0
FBGN0015818	59	33	47	89	168	117
FBGN0027794	79	35	49	88	138	129
FBGN0040207	61	56	50	61	136	144
FBGN0030178	14	11	11	11	39	18
FBGN0288690	25	37	29	34	51	51
FBGN0001090	1578	987	1490	1571	2612	2819
FBGN0029715	137	73	79	103	171	119
FBGN0029535	0	0	0	0	0	0
FBGN0029909	0	0	0	0	0	0
FBGN0260780	1	0	1	0	0	0
FBGN0052672	166	203	154	282	373	334
FBGN0053668	0	0	0	0	0	0
FBGN0053542	3	0	0	0	0	2
FBGN0030984	0	0	0	0	0	0
FBGN0261461	32	26	16	38	78	51
FBGN0267967	3	4	3	7	3	5
FBGN0029728	0	0	0	0	0	0
FBGN0267912	13	2	7	13	26	17
FBGN0029906	30	5	16	20	39	34
FBGN0030575	0	0	0	0	0	0
FBGN0030186	0	0	0	0	1	0
FBGN0029879	2	0	0	1	0	0
FBGN0025814	44	22	38	59	118	93
FBGN0029532	0	0	0	0	0	0
FBGN0040907	44	22	16	29	45	45
FBGN0030584	29	15	31	21	27	42
FBGN0030812	109	104	92	152	184	204
FBGN0029798	59	18	43	65	69	37
FBGN0029970	105	93	123	133	184	231
FBGN0031054	14	27	16	24	21	12
FBGN0261610	11	7	19	16	26	13
FBGN0000360	0	0	0	0	0	0
FBGN0010391	96	158	111	181	230	278
FBGN0030005	0	0	0	0	0	0
FBGN0003865	0	0	0	0	0	0
FBGN0030796	7	4	4	4	9	12
FBGN0005391	0	0	0	0	0	0
FBGN0030408	0	0	0	0	1	0
FBGN0019929	0	0	0	0	0	0
FBGN0284222	2	0	0	2	2	3
FBGN0052732	50	16	26	42	64	51
FBGN0022724	18	36	24	39	38	31
FBGN0030120	0	0	0	0	0	0
FBGN0030433	15	25	9	31	42	25
FBGN0062413	14	3	14	20	26	22
FBGN0030066	8	0	3	9	9	14
FBGN0014466	0	0	0	0	0	0
FBGN0030137	12	10	7	10	18	21
FBGN0065035	21	16	16	16	21	14
FBGN0030357	5	0	0	0	1	9
FBGN0288731	0	0	0	0	0	0
FBGN0040388	248	230	213	342	598	587
FBGN0029661	0	0	0	0	0	0
FBGN0015024	509	509	485	701	924	788
FBGN0030615	0	1	2	0	0	0
FBGN0029838	0	0	1	2	1	5
FBGN0263258	82	82	81	115	185	208
FBGN0000221	7	1	14	14	22	18
FBGN0030008	1	2	4	6	16	16
FBGN0030050	0	0	0	0	0	0
FBGN0052569	0	0	0	0	0	0
FBGN0020261	191	140	173	200	339	334
FBGN0266019	89	83	91	115	178	201
FBGN0030614	0	0	0	0	0	0
FBGN0250874	72	68	59	86	177	103
FBGN0030270	0	0	0	0	0	0
FBGN0029836	0	0	0	0	0	1
FBGN0026702	19	54	29	35	48	25
FBGN0029667	0	0	0	0	0	0
FBGN0025800	76	72	79	99	151	144
FBGN0031117	8	9	12	20	29	23
FBGN0030297	0	0	0	0	0	0
FBGN0029989	0	0	0	0	0	0
FBGN0015379	70	83	59	100	144	140
FBGN0029769	0	0	0	0	0	0
FBGN0027280	114	104	123	144	177	208
FBGN0030053	44	31	44	27	57	53
FBGN0031178	1	10	0	1	0	0
FBGN0031057	248	203	200	269	528	476
FBGN0043903	316	254	262	399	636	584
FBGN0030803	31	17	25	19	36	38
FBGN0262534	0	0	0	0	0	0
FBGN0261791	146	169	90	144	177	178
FBGN0031021	23	26	23	49	49	46
FBGN0029745	0	0	0	0	0	0
FBGN0030974	175	176	181	183	254	232
FBGN0029676	3	4	8	2	5	4
FBGN0053247	0	0	0	0	0	0
FBGN0040398	3	0	5	9	14	5
FBGN0030539	0	0	4	1	5	4
FBGN0030697	0	0	0	0	0	0
FBGN0030588	13	4	7	4	6	6
FBGN0263706	119	198	94	150	279	232
FBGN0003654	39	21	31	22	59	37
FBGN0040068	55	32	46	54	65	94
FBGN0028292	11	4	12	15	14	11
FBGN0010295	4	10	1	0	0	0
FBGN0029999	99	58	76	87	127	140
FBGN0025639	207	203	209	223	294	306
FBGN0003218	14	6	6	10	28	10
FBGN0030542	0	0	1	3	3	1
FBGN0002561	0	0	2	0	0	0
FBGN0029995	0	0	0	0	0	0
FBGN0030703	166	144	106	171	206	178
FBGN0030332	0	0	0	0	0	0
FBGN0003655	0	0	0	0	0	0
FBGN0029573	0	0	0	0	0	0
FBGN0030187	0	0	0	0	0	0
FBGN0040392	0	0	0	2	4	3
FBGN0023523	0	10	0	0	0	0
FBGN0040941	0	2	0	1	3	1
FBGN0030269	19	12	20	35	61	43
FBGN0044030	13	22	15	18	32	30
FBGN0023169	52	52	43	77	137	135
FBGN0030345	13	7	10	9	15	31
FBGN0085521	0	0	0	0	0	0
FBGN0030700	4	6	0	1	8	0
FBGN0265784	16	14	8	12	30	21
FBGN0040850	0	0	0	0	2	0
FBGN0030456	77	92	84	97	189	148
FBGN0040087	148	138	98	169	223	195
FBGN0042132	11	29	19	18	22	29
FBGN0085693	0	0	0	0	0	0
FBGN0259170	97	75	65	145	185	200
FBGN0030912	1	0	1	3	0	1
FBGN0086778	0	0	2	0	0	0
FBGN0259150	0	0	1	0	0	0
FBGN0264389	19	9	16	15	18	24
FBGN0025616	0	0	0	0	0	0
FBGN0030686	59	53	55	58	102	94
FBGN0023458	178	129	130	223	322	339
FBGN0261848	0	0	0	0	0	0
FBGN0040871	0	0	0	0	0	0
FBGN0024238	243	160	167	242	444	346
FBGN0085350	0	0	0	0	0	0
FBGN0030114	75	74	73	112	139	121
FBGN0030319	0	0	0	0	0	0
FBGN0052718	0	0	0	0	0	0
FBGN0027329	767	507	563	919	1468	1375
FBGN0029986	0	0	0	0	0	0
FBGN0261592	1133	960	1138	1296	1945	2009
FBGN0030945	17	21	33	25	42	31
FBGN0260006	7	3	5	4	5	4
FBGN0031064	0	0	1	0	0	0
FBGN0086368	119	143	105	175	222	225
FBGN0263512	0	0	0	0	0	0
FBGN0029996	13	47	15	37	52	29
FBGN0040153	5	2	12	14	30	35
FBGN0052720	0	0	0	0	0	0
FBGN0023506	11	8	30	21	30	39
FBGN0031085	0	0	0	0	0	0
FBGN0030373	0	9	0	0	0	0
FBGN0027334	54	21	30	60	89	99
FBGN0052570	0	0	0	0	0	0
FBGN0030570	0	0	0	0	0	0
FBGN0259149	0	0	0	0	0	0
FBGN0030680	63	59	38	93	119	98
FBGN0030390	0	0	0	0	0	0
FBGN0030800	8	4	10	14	19	14
FBGN0000667	226	190	222	302	399	429
FBGN0040360	0	0	0	0	0	0
FBGN0030074	0	0	0	0	0	0
FBGN0030933	0	0	0	0	0	0
FBGN0000042	8789	8012	6663	10017	17308	15830
FBGN0263132	328	276	230	394	586	498
FBGN0030085	1	0	0	0	1	0
FBGN0260986	47	75	45	39	49	47
FBGN0026666	8	17	7	9	14	5
FBGN0052758	42	41	28	46	67	57
FBGN0086384	21	28	27	16	43	46
FBGN0029711	2	0	1	1	2	3
FBGN0288732	0	0	0	0	0	0
FBGN0030089	231	155	150	237	377	372
FBGN0030301	151	115	94	121	192	214
FBGN0250871	819	728	764	997	1656	1558
FBGN0030306	299	288	206	366	540	492
FBGN0004391	158	153	166	164	235	225
FBGN0046687	14	7	12	5	24	37
FBGN0029891	28	52	27	54	74	72
FBGN0030826	0	0	0	0	0	0
FBGN0010315	64	57	57	81	122	126
FBGN0040900	0	4	0	0	0	0
FBGN0004956	6	4	7	8	12	11
FBGN0030630	74	65	71	70	123	100
FBGN0053082	4	5	5	5	2	4
FBGN0029824	6	8	5	4	15	5
FBGN0030263	161	143	142	225	311	286
FBGN0265417	0	0	0	0	0	0
FBGN0024985	50	55	44	49	76	71
FBGN0030603	2	4	1	0	4	2
FBGN0029929	37	44	27	43	44	57
FBGN0263237	46	36	23	36	56	66
FBGN0029754	0	0	0	0	1	1
FBGN0040364	0	0	0	0	0	0
FBGN0259923	0	4	0	0	1	0
FBGN0030707	0	0	0	0	0	0
FBGN0052719	0	0	0	0	0	0
FBGN0083167	41	41	24	38	62	72
FBGN0085351	0	0	0	0	0	0
FBGN0025615	170	138	160	187	275	309
FBGN0023507	12	3	8	9	14	13
FBGN0024984	2	0	0	0	0	0
FBGN0003068	0	0	1	0	0	0
FBGN0020255	934	727	814	1016	1281	1268
FBGN0052506	0	0	0	0	0	1
FBGN0030452	2	23	7	6	5	5
FBGN0052626	63	48	39	94	117	126
FBGN0040905	0	0	0	0	0	0
FBGN0030764	0	0	0	0	0	0
FBGN0030243	78	39	82	94	166	172
FBGN0030854	210	246	192	233	388	300
FBGN0029968	0	0	0	0	0	0
FBGN0030000	76	39	53	77	105	96
FBGN0031026	0	0	0	0	0	0
FBGN0001565	98	94	70	96	139	181
FBGN0086675	0	0	3	0	1	0
FBGN0030688	0	0	0	0	1	5
FBGN0029761	0	0	0	0	0	0
FBGN0031004	0	0	0	0	0	0
FBGN0052528	93	75	66	97	144	138
FBGN0015010	1	8	0	0	0	35
FBGN0030718	139	96	112	165	208	174
FBGN0030362	39	104	53	131	139	93
FBGN0030417	0	0	0	0	0	0
FBGN0052756	14	2	6	6	6	11
FBGN0030511	3	0	2	4	3	5
FBGN0030569	21	10	24	22	33	36
FBGN0288729	0	0	0	0	0	0
FBGN0023540	32	26	9	17	40	19
FBGN0030202	0	0	0	0	0	0
FBGN0266430	0	0	0	0	0	0
FBGN0000028	0	0	0	0	0	0
FBGN0039944	7	2	1	11	18	19
FBGN0030897	0	0	0	0	0	0
FBGN0030061	145	196	100	156	201	231
FBGN0262738	12	21	6	23	14	9
FBGN0031111	0	0	0	0	0	0
FBGN0030503	8	2	10	9	26	29
FBGN0001150	0	0	0	0	0	0
FBGN0030993	0	1	0	6	5	5
FBGN0025620	0	0	4	0	1	1
FBGN0030768	67	47	68	103	144	126
FBGN0030979	0	0	0	0	0	0
FBGN0040890	31	14	27	40	47	50
FBGN0031003	30	22	24	34	77	79
FBGN0085361	0	0	0	0	0	0
FBGN0026090	12	8	1	5	12	12
FBGN0025864	192	178	156	241	326	249
FBGN0000346	43	43	40	25	69	77
FBGN0030846	0	0	0	0	0	0
FBGN0030581	2	0	3	0	2	3
FBGN0040333	1	0	0	0	0	0
FBGN0262811	0	0	0	0	0	0
FBGN0029663	0	0	0	0	0	0
FBGN0262810	0	0	0	0	0	0
FBGN0030339	0	0	0	0	0	0
FBGN0264309	0	0	0	0	0	0
FBGN0010014	0	0	2	0	0	0
FBGN0031143	110	82	94	100	156	174
FBGN0030876	1	12	2	2	5	5
FBGN0000711	44	64	57	65	88	98
FBGN0030959	19	28	25	29	29	51
FBGN0052667	0	0	0	0	0	0
FBGN0040359	0	7	0	1	6	1
FBGN0003464	35	12	29	33	50	29
FBGN0029720	1	0	2	4	7	4
FBGN0029880	0	0	0	0	0	0
FBGN0029639	0	0	0	0	0	0
FBGN0030895	0	0	0	0	0	0
FBGN0004864	78	94	67	112	121	147
FBGN0011661	1521	1410	1380	1676	2359	2632
FBGN0017561	0	0	0	0	0	0
FBGN0016041	115	107	75	118	166	163
FBGN0027279	92	65	70	108	102	106
FBGN0024250	215	155	152	218	309	285
FBGN0000259	155	168	116	180	248	263
FBGN0261260	1103	1007	973	1439	2020	2040
FBGN0031110	0	0	0	0	0	0
FBGN0052751	0	0	0	0	0	0
FBGN0030258	0	0	0	0	0	0
FBGN0023534	0	4	2	0	1	0
FBGN0030277	0	0	0	0	0	0
FBGN0040344	43	19	37	70	64	53
FBGN0016975	0	0	1	0	0	0
FBGN0024992	49	40	45	43	70	65
FBGN0030873	25	17	14	23	27	35
FBGN0085443	65	76	66	89	159	153
FBGN0029992	114	99	122	169	186	170
FBGN0030148	0	0	0	0	0	0
FBGN0029717	0	0	0	0	0	0
FBGN0026181	156	148	171	242	353	384
FBGN0030026	8	7	10	14	17	10
FBGN0031145	87	57	59	72	125	107
FBGN0029700	0	0	0	0	0	0
FBGN0031000	0	0	3	0	0	0
FBGN0030944	62	64	62	128	189	148
FBGN0030797	1	0	3	1	8	4
FBGN0030101	3	9	15	9	29	20
FBGN0262575	0	0	0	0	0	0
FBGN0029067	17	28	29	44	69	35
FBGN0026415	418	428	394	598	679	557
FBGN0029854	30	33	24	23	37	43
FBGN0031092	218	99	153	276	375	359
FBGN0029589	0	0	0	0	0	0
FBGN0029942	1	1	0	4	16	3
FBGN0030870	191	224	200	267	556	453
FBGN0031100	0	0	0	0	0	0
FBGN0040338	0	0	0	0	0	0
FBGN0030035	125	130	109	125	157	184
FBGN0011276	0	0	0	0	0	0
FBGN0029746	2	0	4	0	2	4
FBGN0259198	0	0	0	0	0	0
FBGN0003302	27	42	21	29	34	24
FBGN0030386	0	0	0	0	0	0
FBGN0029672	130	108	104	125	161	200
FBGN0030960	14	10	14	10	16	22
FBGN0264598	1	0	2	1	0	0
FBGN0040358	0	0	0	0	0	0
FBGN0030717	33	46	28	34	59	41
FBGN0052581	6	12	1	6	1	9
FBGN0023542	115	91	117	132	172	239
FBGN0030014	0	0	0	0	0	0
FBGN0030310	8	5	10	1	9	8
FBGN0004854	8	7	7	10	18	12
FBGN0000319	1706	1327	1400	2152	2865	2837
FBGN0265629	0	0	0	0	0	0
FBGN0002723	18	21	20	26	35	34
FBGN0030223	0	0	0	0	0	0
FBGN0265595	0	0	0	0	0	0
FBGN0030655	41	42	40	47	91	73
FBGN0026015	118	58	96	100	146	153
FBGN0040354	0	0	0	0	0	0
FBGN0030915	22	30	33	29	39	30
FBGN0040391	0	0	0	0	0	0
FBGN0030551	0	0	0	0	0	0
FBGN0023510	36	108	34	96	144	116
FBGN0029849	6	10	13	24	28	11
FBGN0031196	0	0	0	0	0	2
FBGN0000482	83	38	64	69	118	129
FBGN0040352	0	0	0	0	0	0
FBGN0085377	10	11	5	13	22	14
FBGN0026323	64	46	49	63	101	71
FBGN0000635	624	640	592	831	1187	1119
FBGN0029958	19	23	26	32	39	52
FBGN0029848	0	0	0	0	0	0
FBGN0030462	0	0	0	0	0	0
FBGN0052677	0	0	3	1	1	0
FBGN0030541	0	0	0	0	0	0
FBGN0026076	39	75	28	57	71	45
FBGN0262827	0	0	0	0	0	0
FBGN0030086	658	607	596	774	1310	1189
FBGN0029800	25	26	13	19	25	36
FBGN0027343	48	24	29	75	91	94
FBGN0030799	17	32	11	50	72	41
FBGN0030723	0	0	2	0	0	0
FBGN0005670	0	0	6	5	0	0
FBGN0031040	27	37	28	44	45	41
FBGN0029502	18	6	19	13	21	21
FBGN0030594	0	13	10	3	1	0
FBGN0052819	0	0	0	0	0	0
FBGN0029822	34	27	31	32	65	38
FBGN0029867	132	134	121	124	174	160
FBGN0031080	0	0	0	0	0	0
FBGN0030586	0	0	0	1	1	2
FBGN0031149	424	366	444	546	790	720
FBGN0031050	43	34	53	42	86	45
FBGN0028969	253	242	204	199	359	348
FBGN0030582	45	31	45	65	101	83
FBGN0053241	0	0	0	0	0	0
FBGN0031089	0	2	9	0	3	3
FBGN0030914	0	0	0	0	0	0
FBGN0002873	437	327	368	375	457	475
FBGN0259195	2	0	0	0	0	0
FBGN0086450	0	0	0	0	0	0
FBGN0030995	3	17	1	15	12	10
FBGN0030189	1	0	2	0	2	3
FBGN0029766	23	32	12	39	28	30
FBGN0015774	75	54	47	117	115	116
FBGN0261609	409	419	349	521	625	657
FBGN0031197	0	0	0	0	0	0
FBGN0030501	5	29	19	12	20	12
FBGN0029948	0	0	0	0	0	0
FBGN0026206	33	7	38	39	42	46
FBGN0030660	23	15	11	32	32	20
FBGN0029603	0	0	0	0	0	0
FBGN0030679	6	0	6	1	9	6
FBGN0052532	0	0	0	0	0	0
FBGN0002914	174	172	167	223	317	265
FBGN0030882	0	0	0	0	0	0
FBGN0259223	0	0	0	0	0	0
FBGN0031171	0	0	0	0	0	0
FBGN0031139	0	0	0	0	0	0
FBGN0259188	0	0	0	0	0	0
FBGN0027335	125	101	67	139	186	183
FBGN0030033	0	0	0	0	0	0
FBGN0030976	0	0	0	0	0	0
FBGN0003517	777	738	756	878	1796	1692
FBGN0029907	0	0	0	0	0	0
FBGN0031044	7	1	2	2	7	5
FBGN0030815	0	0	0	0	0	0
FBGN0000376	31	20	32	28	56	43
FBGN0052572	0	0	0	0	0	0
FBGN0288746	0	0	0	0	0	0
FBGN0029778	15	0	33	16	34	27
FBGN0026143	29	15	32	27	51	52
FBGN0003189	604	488	518	607	963	983
FBGN0261931	19	13	18	26	28	29
FBGN0030715	0	0	0	0	0	0
FBGN0011760	270	242	209	257	228	246
FBGN0004169	5	35	8	2	1	6
FBGN0024994	39	38	40	46	100	76
FBGN0052801	0	0	0	0	1	0
FBGN0000535	0	0	0	0	0	0
FBGN0030617	45	15	39	29	43	35
FBGN0030478	185	147	190	213	272	357
FBGN0030778	0	7	0	3	1	3
FBGN0030989	0	0	0	0	0	0
FBGN0030673	7	9	7	14	29	18
FBGN0032171	14	2	16	22	19	25
FBGN0031304	24	16	39	33	38	41
FBGN0267828	40	31	43	41	76	54
FBGN0026150	263	246	228	305	404	432
FBGN0053895	0	0	0	0	0	0
FBGN0015756	968	945	853	1127	1580	1481
FBGN0031813	9	30	24	29	41	34
FBGN0032582	1	6	0	0	0	0
FBGN0283651	0	0	0	0	0	0
FBGN0032725	129	89	109	128	116	125
FBGN0083961	49	43	35	46	56	65
FBGN0027597	55	68	42	69	95	81
FBGN0032709	0	0	0	0	0	0
FBGN0032615	0	0	0	0	0	1
FBGN0261523	0	0	0	0	0	0
FBGN0031857	0	0	0	0	0	0
FBGN0032781	55	43	78	55	138	107
FBGN0053511	0	0	0	0	0	0
FBGN0032587	0	1	0	0	1	2
FBGN0031786	0	0	0	0	0	0
FBGN0024230	9	11	14	16	8	13
FBGN0031373	0	0	0	0	0	0
FBGN0028899	0	0	0	1	0	0
FBGN0026479	158	133	149	192	320	315
FBGN0032822	15	9	19	22	23	42
FBGN0000640	41	58	146	258	186	57
FBGN0051642	0	0	0	0	0	0
FBGN0025777	67	68	67	97	107	120
FBGN0031609	25	26	19	27	45	84
FBGN0032670	0	0	0	0	0	0
FBGN0032940	78	76	77	90	125	131
FBGN0015381	0	0	0	0	0	0
FBGN0041627	51	40	33	46	30	41
FBGN0032285	3	0	1	0	0	2
FBGN0051648	3	4	10	5	7	17
FBGN0032402	3	1	1	5	2	0
FBGN0032110	0	0	0	0	0	0
FBGN0086681	0	0	0	0	0	0
FBGN0031634	0	0	0	0	0	0
FBGN0032782	0	0	3	4	8	1
FBGN0032018	49	48	29	55	62	62
FBGN0053642	0	0	0	0	0	0
FBGN0032683	87	94	75	149	201	196
FBGN0028532	0	0	0	0	0	0
FBGN0032474	6	9	8	12	12	10
FBGN0031461	12	10	1	7	7	7
FBGN0031764	87	74	70	101	112	107
FBGN0001089	1	21	1	2	13	5
FBGN0032284	6	6	6	5	5	12
FBGN0265785	0	0	0	0	0	0
FBGN0283440	0	1	0	0	0	0
FBGN0032671	6	15	22	12	17	12
FBGN0005672	37	67	53	70	165	74
FBGN0053303	393	434	386	553	843	784
FBGN0051632	0	0	0	2	0	0
FBGN0259715	0	0	0	0	0	0
FBGN0031224	40	41	29	40	59	46
FBGN0032955	14	17	9	12	9	19
FBGN0028479	809	672	664	882	1328	1345
FBGN0032503	0	0	0	0	0	0
FBGN0032453	485	379	369	522	659	670
FBGN0053830	0	0	0	0	0	0
FBGN0051729	132	135	103	159	190	149
FBGN0028704	0	0	0	0	0	0
FBGN0020371	0	0	0	0	0	0
FBGN0024314	344	303	261	324	500	452
FBGN0045500	0	0	0	0	0	0
FBGN0017457	146	93	102	147	179	196
FBGN0005593	1142	1255	1203	1569	2418	2488
FBGN0032246	118	166	109	185	271	221
FBGN0032867	0	0	0	0	0	0
FBGN0083942	0	0	0	0	0	0
FBGN0032620	59	61	55	95	91	108
FBGN0031360	12	15	8	9	39	31
FBGN0031379	49	59	45	72	95	59
FBGN0000153	0	0	1	2	3	6
FBGN0260953	0	0	0	0	0	0
FBGN0032701	129	102	103	132	169	187
FBGN0026255	0	0	0	0	0	0
FBGN0264855	310	187	241	361	441	403
FBGN0032525	0	0	0	0	0	0
FBGN0032166	50	66	69	58	94	89
FBGN0032420	83	75	52	121	128	137
FBGN0031217	147	162	92	151	192	182
FBGN0085395	0	0	0	0	0	0
FBGN0032378	43	73	39	41	69	66
FBGN0032080	0	0	0	0	0	0
FBGN0051915	7	7	8	10	27	15
FBGN0032069	0	0	0	0	0	0
FBGN0051601	0	2	0	0	0	0
FBGN0263086	0	0	0	0	0	0
FBGN0031347	0	0	0	0	0	0
FBGN0031831	1	0	0	0	0	0
FBGN0032491	0	0	0	0	0	0
FBGN0259998	0	0	0	0	0	0
FBGN0031331	0	0	0	0	0	0
FBGN0265087	0	0	0	0	0	0
FBGN0051646	0	0	0	0	0	0
FBGN0051675	0	0	0	0	0	0
FBGN0003372	0	18	0	0	0	1
FBGN0086711	11	0	14	15	12	13
FBGN0000579	573	425	466	709	1067	1132
FBGN0032294	0	0	0	0	0	0
FBGN0032230	80	52	50	116	125	102
FBGN0267821	176	128	144	172	327	279
FBGN0285948	1245	1155	893	1289	2074	1758
FBGN0259201	0	0	0	0	0	0
FBGN0053552	0	0	0	1	0	0
FBGN0262647	317	333	279	404	499	518
FBGN0261568	0	0	0	0	0	0
FBGN0032231	27	54	27	35	51	40
FBGN0051658	6	0	5	5	3	2
FBGN0025109	0	8	3	2	14	1
FBGN0053723	0	0	0	0	0	0
FBGN0031837	0	0	0	0	0	0
FBGN0027363	116	112	102	179	230	218
FBGN0031384	6	12	6	14	12	18
FBGN0031775	0	0	0	0	0	0
FBGN0032818	3	3	16	11	24	12
FBGN0264672	8	0	9	30	22	19
FBGN0051739	237	208	155	224	275	274
FBGN0259951	0	0	0	0	0	0
FBGN0024320	182	136	151	277	342	348
FBGN0015320	44	21	36	82	103	88
FBGN0031573	4	7	11	15	26	18
FBGN0032881	30	54	18	28	34	24
FBGN0040719	0	0	0	0	0	0
FBGN0031628	7	12	8	2	3	6
FBGN0261630	0	0	0	0	0	0
FBGN0260228	0	0	0	0	0	0
FBGN0003046	0	0	2	0	0	4
FBGN0028387	52	106	44	52	69	72
FBGN0028941	0	0	0	0	0	0
FBGN0032283	6	7	0	9	6	14
FBGN0040261	0	0	0	0	0	0
FBGN0016076	99	50	106	112	153	174
FBGN0032973	0	0	0	0	0	0
FBGN0032530	0	0	0	0	0	0
FBGN0024183	342	324	300	431	514	630
FBGN0045486	0	0	0	0	0	0
FBGN0261976	22	35	17	35	21	18
FBGN0011603	0	0	0	0	0	0
FBGN0032646	51	45	28	56	89	115
FBGN0085369	0	0	0	0	0	0
FBGN0083962	36	11	55	46	94	78
FBGN0027844	8	26	19	10	25	11
FBGN0051613	0	0	0	0	0	0
FBGN0032175	0	0	0	0	0	0
FBGN0015924	19	27	18	35	28	16
FBGN0032193	18	35	18	45	30	45
FBGN0032512	32	29	29	41	61	64
FBGN0032654	0	0	0	0	0	0
FBGN0053673	0	0	0	0	0	0
FBGN0264989	0	0	0	0	0	0
FBGN0262002	0	0	0	0	0	0
FBGN0032299	0	0	0	0	0	1
FBGN0025700	303	206	220	378	586	568
FBGN0053644	0	0	0	0	0	0
FBGN0284251	200	153	196	211	259	256
FBGN0085199	0	0	0	0	0	0
FBGN0032329	60	82	54	68	75	102
FBGN0262880	0	0	0	0	0	0
FBGN0053194	0	0	0	0	0	0
FBGN0051860	0	0	0	0	0	0
FBGN0032169	20	24	20	16	19	19
FBGN0032337	0	0	0	0	0	0
FBGN0051687	0	0	0	0	0	0
FBGN0031903	0	0	1	0	0	0
FBGN0031638	52	16	50	50	93	73
FBGN0243486	60	78	66	105	157	153
FBGN0085195	58	256	229	148	62	31
FBGN0264301	0	0	0	0	0	0
FBGN0031547	1	0	1	2	0	0
FBGN0028926	29	50	46	58	57	60
FBGN0051851	0	0	0	0	0	0
FBGN0032788	0	0	0	0	0	0
FBGN0259953	0	0	0	0	0	0
FBGN0031466	0	0	0	0	1	0
FBGN0000053	251	212	190	288	340	360
FBGN0032699	13	0	10	10	30	10
FBGN0032296	48	93	38	70	76	86
FBGN0267726	0	0	0	0	0	0
FBGN0031836	19	18	19	14	43	43
FBGN0032749	1	0	0	0	0	0
FBGN0032372	0	0	0	0	0	0
FBGN0015316	0	0	0	0	0	0
FBGN0032780	0	0	0	0	1	0
FBGN0032700	5	0	11	7	21	9
FBGN0051718	0	0	0	0	0	0
FBGN0051848	0	0	0	0	0	0
FBGN0263933	160	167	126	202	261	262
FBGN0031947	127	148	111	144	162	166
FBGN0032303	0	0	0	0	0	0
FBGN0085191	0	0	0	0	0	0
FBGN0054043	0	0	0	0	0	0
FBGN0032111	0	0	0	0	0	0
FBGN0053840	0	0	0	0	0	0
FBGN0032987	948	910	767	931	1299	1101
FBGN0032176	0	0	0	0	0	0
FBGN0261068	90	54	54	68	85	102
FBGN0265968	21	35	20	18	24	21
FBGN0028986	0	0	0	0	0	0
FBGN0031753	0	0	0	0	0	0
FBGN0003961	0	7	1	0	0	0
FBGN0053832	0	0	0	0	0	0
FBGN0031497	544	449	502	610	951	859
FBGN0031558	0	3	13	6	0	1
FBGN0023091	0	0	0	0	0	0
FBGN0032858	20	6	24	28	38	31
FBGN0051797	0	0	0	0	0	0
FBGN0042126	0	0	0	0	0	0
FBGN0016978	80	98	77	127	119	137
FBGN0031289	0	0	0	0	0	0
FBGN0085343	14	9	2	8	7	8
FBGN0011272	829	694	757	973	1366	1230
FBGN0262621	0	0	0	0	0	0
FBGN0031608	21	2	12	12	16	26
FBGN0051611	0	0	0	0	0	0
FBGN0043854	0	0	0	0	0	0
FBGN0032821	68	36	74	117	148	148
FBGN0053817	0	0	0	0	0	0
FBGN0053866	0	0	0	0	0	0
FBGN0051949	0	0	0	0	0	0
FBGN0031785	0	0	0	0	0	0
FBGN0263051	6	9	5	20	19	16
FBGN0032612	1	0	0	0	1	0
FBGN0031470	0	0	0	0	0	0
FBGN0085204	0	0	0	0	0	0
FBGN0086657	76	51	52	104	124	100
FBGN0032374	0	0	0	0	0	0
FBGN0051798	0	0	0	0	0	0
FBGN0031260	198	189	215	270	519	442
FBGN0040509	0	0	0	0	0	0
FBGN0032217	316	322	328	439	501	488
FBGN0051682	0	0	0	0	0	0
FBGN0031784	0	0	0	0	0	0
FBGN0051720	0	0	0	0	0	0
FBGN0031317	30	28	16	19	43	24
FBGN0025115	0	0	0	0	0	0
FBGN0031284	3	0	4	3	8	7
FBGN0243513	2	1	1	4	3	3
FBGN0032338	0	0	0	0	0	0
FBGN0031398	16	6	23	20	46	15
FBGN0031562	0	0	5	0	0	0
FBGN0031752	57	43	28	48	74	63
FBGN0053908	0	0	0	0	0	0
FBGN0031910	0	1	0	0	0	122
FBGN0032225	0	0	0	0	0	0
FBGN0026148	22	39	39	25	42	57
FBGN0032315	0	0	0	0	0	0
FBGN0032470	0	0	0	0	0	0
FBGN0031885	90	100	72	97	131	136
FBGN0263916	268	203	239	357	567	558
FBGN0051973	12	12	16	13	40	21
FBGN0259749	23	47	42	34	65	42
FBGN0265257	0	0	0	0	0	0
FBGN0031282	7	0	2	7	10	10
FBGN0069354	0	0	0	2	0	1
FBGN0028871	3	0	1	0	0	3
FBGN0032084	0	7	4	0	3	0
FBGN0087041	8	16	11	3	14	13
FBGN0263078	0	0	0	0	0	0
FBGN0016698	34	36	52	69	89	77
FBGN0032234	17	23	10	19	20	10
FBGN0032666	131	216	116	283	366	311
FBGN0004858	68	83	60	111	124	117
FBGN0261804	0	0	0	0	0	0
FBGN0002939	0	0	0	0	0	0
FBGN0031374	77	92	62	116	171	175
FBGN0031332	0	0	0	0	0	0
FBGN0264750	0	0	0	0	0	0
FBGN0031697	0	0	0	0	0	0
FBGN0041182	86	69	71	159	137	103
FBGN0032787	15	41	2	15	10	18
FBGN0031865	1	8	0	0	0	1
FBGN0031515	0	0	0	1	0	0
FBGN0031457	4	13	2	9	35	23
FBGN0004363	794	655	725	1021	1543	1488
FBGN0261054	0	0	0	0	0	0
FBGN0010323	0	0	0	0	0	0
FBGN0032042	0	0	1	2	0	2
FBGN0032067	0	0	0	0	0	0
FBGN0262352	0	0	0	0	0	0
FBGN0032833	388	290	255	386	488	484
FBGN0032586	503	428	434	418	658	628
FBGN0259717	16	37	28	24	30	29
FBGN0028546	65	102	47	76	120	122
FBGN0002936	0	0	0	0	0	0
FBGN0053865	0	0	0	0	0	0
FBGN0004406	17	8	10	6	9	36
FBGN0028410	0	0	0	0	0	0
FBGN0261983	62	54	55	61	94	83
FBGN0051816	0	0	0	0	0	0
FBGN0031281	47	39	23	36	71	68
FBGN0016660	2	0	0	0	0	0
FBGN0019932	48	31	46	42	39	48
FBGN0031513	0	0	0	0	0	0
FBGN0032626	0	0	0	0	0	0
FBGN0032923	75	112	87	125	167	153
FBGN0032259	16	0	15	25	37	30
FBGN0031580	0	0	1	0	0	0
FBGN0085476	0	0	0	0	0	0
FBGN0051950	21	12	23	49	38	52
FBGN0031874	12	11	6	5	9	14
FBGN0051802	0	0	0	0	0	0
FBGN0051659	0	0	0	0	0	0
FBGN0041181	98	30	58	69	102	112
FBGN0286875	0	0	0	0	0	0
FBGN0001990	29	4	17	45	28	34
FBGN0031673	50	63	72	89	116	108
FBGN0004915	130	123	146	155	185	230
FBGN0263198	297	288	301	345	483	472
FBGN0032597	33	32	33	42	64	65
FBGN0028864	0	0	0	0	0	0
FBGN0031663	29	49	35	40	46	43
FBGN0031436	69	21	59	77	136	114
FBGN0032485	17	9	14	32	42	44
FBGN0053526	95	93	81	102	97	101
FBGN0032734	0	0	0	0	0	0
FBGN0250906	229	213	200	293	470	437
FBGN0027505	54	35	36	50	83	58
FBGN0005771	159	118	141	190	287	254
FBGN0032140	2	21	0	3	7	5
FBGN0053822	0	0	0	0	0	0
FBGN0265669	0	0	0	0	0	0
FBGN0031564	0	0	0	0	0	0
FBGN0028850	0	0	0	0	0	0
FBGN0032752	0	0	0	1	0	2
FBGN0005683	11	3	7	14	19	15
FBGN0028526	0	0	2	0	0	0
FBGN0262001	0	0	1	0	0	0
FBGN0283525	18	7	12	30	28	32
FBGN0025595	1	0	0	0	0	0
FBGN0261058	0	0	0	0	0	0
FBGN0032859	94	147	90	137	229	177
FBGN0085342	0	6	2	7	3	6
FBGN0259111	1	0	2	0	2	2
FBGN0028970	16	18	12	10	28	15
FBGN0028902	0	0	0	0	0	0
FBGN0025697	0	0	0	0	0	1
FBGN0053881	0	0	0	0	0	0
FBGN0032404	82	90	76	94	136	172
FBGN0002044	240	162	206	258	340	310
FBGN0043539	0	0	0	0	0	0
FBGN0032385	0	0	0	0	0	0
FBGN0031971	6	13	15	33	30	29
FBGN0015621	34	58	33	55	88	80
FBGN0259176	131	164	162	178	313	267
FBGN0263081	0	0	0	0	0	0
FBGN0023388	78	75	50	84	113	115
FBGN0028525	0	0	0	0	0	0
FBGN0032221	0	3	1	0	5	7
FBGN0031453	642	608	556	677	825	623
FBGN0086347	140	84	126	222	227	214
FBGN0031992	63	23	41	63	94	54
FBGN0263322	0	0	0	0	0	0
FBGN0002023	0	0	0	1	0	1
FBGN0085202	0	0	0	0	0	0
FBGN0031957	2	1	4	16	40	28
FBGN0031814	31	48	18	46	70	58
FBGN0032149	34	33	29	19	44	39
FBGN0263773	32	39	12	23	60	27
FBGN0032032	8	5	13	6	17	12
FBGN0001961	65	49	65	65	159	166
FBGN0259989	0	0	0	0	0	0
FBGN0031492	184	126	105	168	233	236
FBGN0032129	0	0	0	0	1	0
FBGN0267689	0	0	0	0	0	0
FBGN0053129	359	409	306	548	788	782
FBGN0031403	72	61	41	63	65	64
FBGN0028481	0	0	0	0	0	0
FBGN0262878	0	0	0	0	0	0
FBGN0028838	0	0	0	0	0	0
FBGN0031756	0	0	2	0	0	0
FBGN0065108	0	0	0	0	0	0
FBGN0025608	41	61	44	58	67	86
FBGN0085470	6	0	8	3	9	12
FBGN0032774	78	59	68	101	143	133
FBGN0028863	0	0	1	0	0	0
FBGN0032964	0	0	0	0	0	0
FBGN0250844	0	0	0	0	0	0
FBGN0031321	22	11	19	17	29	23
FBGN0025678	658	646	559	863	1441	1355
FBGN0032894	0	0	0	0	0	0
FBGN0010583	28	67	43	42	69	61
FBGN0284244	64	66	50	112	113	103
FBGN0028938	0	0	1	0	0	0
FBGN0031235	0	0	0	0	0	0
FBGN0031719	0	0	0	0	0	0
FBGN0032618	4	3	0	13	3	7
FBGN0262876	0	0	0	0	0	0
FBGN0032946	0	0	7	1	4	0
FBGN0260407	29	52	33	44	43	50
FBGN0053837	0	0	0	0	0	0
FBGN0031351	6	6	29	13	21	25
FBGN0062978	0	0	0	0	0	0
FBGN0032638	0	3	0	2	1	1
FBGN0032523	0	0	0	0	0	0
FBGN0260861	24	33	11	22	28	36
FBGN0032845	4	0	1	5	8	4
FBGN0032988	81	73	77	103	101	73
FBGN0032751	17	25	10	26	22	40
FBGN0054011	0	0	0	0	0	0
FBGN0053635	30	22	17	16	34	37
FBGN0051635	52	56	37	53	75	79
FBGN0032335	1	0	1	5	13	3
FBGN0027348	1	0	0	6	2	2
FBGN0031315	16	14	14	25	39	29
FBGN0032705	56	87	50	82	101	104
FBGN0262598	0	0	0	0	0	0
FBGN0083970	0	0	0	0	0	0
FBGN0032408	87	94	73	133	150	202
FBGN0031653	0	4	1	0	0	0
FBGN0032123	52	62	39	107	123	92
FBGN0264894	2	10	2	5	10	18
FBGN0261683	0	0	0	0	0	0
FBGN0032717	102	83	109	144	212	158
FBGN0032444	913	737	806	1085	1579	1627
FBGN0051712	32	24	33	31	32	30
FBGN0086707	192	220	198	235	239	244
FBGN0028879	1	0	0	0	3	0
FBGN0264810	0	0	0	0	0	1
FBGN0031715	0	0	0	0	0	0
FBGN0032721	393	406	423	494	599	637
FBGN0000056	0	0	0	0	0	0
FBGN0031724	0	0	0	0	0	0
FBGN0032966	0	0	0	0	0	0
FBGN0032013	0	0	0	0	0	0
FBGN0032910	9	5	10	15	17	19
FBGN0259713	0	0	0	0	0	0
FBGN0028947	0	0	0	0	0	0
FBGN0032198	800	682	574	776	889	818
FBGN0032382	3	4	0	11	11	20
FBGN0051832	0	0	0	0	0	0
FBGN0085190	0	0	0	0	0	0
FBGN0031264	32	52	32	39	88	70
FBGN0032549	0	0	0	0	0	0
FBGN0085370	47	89	63	70	95	74
FBGN0031925	0	0	0	0	0	0
FBGN0032167	22	12	22	28	47	31
FBGN0003979	0	0	0	0	0	0
FBGN0032445	26	37	35	33	56	35
FBGN0032095	0	0	0	0	0	0
FBGN0040519	0	0	0	0	0	0
FBGN0053883	0	0	0	0	0	0
FBGN0051988	0	0	0	0	0	0
FBGN0031830	166	138	142	177	209	192
FBGN0053824	0	0	0	0	0	0
FBGN0250835	0	0	0	0	0	0
FBGN0032482	31	19	34	22	38	28
FBGN0264979	2	10	0	0	0	7
FBGN0000229	83	106	94	125	173	137
FBGN0031700	0	0	0	0	0	0
FBGN0031707	0	0	0	0	0	0
FBGN0001941	59	23	57	59	113	100
FBGN0051710	25	29	6	12	23	18
FBGN0051961	34	44	23	29	71	21
FBGN0031324	0	0	0	0	0	0
FBGN0051624	0	0	0	0	0	0
FBGN0032514	149	109	159	249	382	240
FBGN0031563	0	0	0	0	0	0
FBGN0261800	1023	954	859	1178	1721	1609
FBGN0051898	2	0	0	0	1	4
FBGN0051849	2	0	0	6	1	1
FBGN0053810	0	0	0	0	0	0
FBGN0032609	0	0	0	0	0	0
FBGN0031849	0	0	0	0	0	0
FBGN0053002	32	37	33	54	72	94
FBGN0284255	92	131	91	125	206	161
FBGN0032363	210	149	157	272	334	311
FBGN0028862	0	0	0	0	0	0
FBGN0032957	23	42	32	48	68	53
FBGN0016920	0	0	1	0	0	0
FBGN0000964	0	0	0	0	0	0
FBGN0031406	0	0	0	0	0	0
FBGN0031345	0	0	0	0	0	0
FBGN0032077	11	5	8	5	5	3
FBGN0005590	0	0	0	0	0	0
FBGN0086251	28	14	25	16	17	14
FBGN0031718	0	0	0	0	0	0
FBGN0000307	118	71	97	133	190	172
FBGN0287599	0	0	0	0	0	0
FBGN0032339	18	8	18	19	30	37
FBGN0025742	74	87	93	82	154	138
FBGN0032680	0	0	1	0	1	0
FBGN0261563	135	141	94	139	233	223
FBGN0046113	0	0	0	0	0	0
FBGN0267488	1265	993	1117	1622	2130	2244
FBGN0031474	64	56	52	115	112	108
FBGN0051735	0	0	0	0	0	0
FBGN0001142	7	17	13	22	37	20
FBGN0032629	10	10	17	18	17	25
FBGN0261020	38	26	31	40	57	46
FBGN0032424	0	0	0	0	0	0
FBGN0032292	41	30	39	54	87	85
FBGN0261057	0	0	0	0	0	0
FBGN0261822	89	70	98	117	194	125
FBGN0032078	28	21	22	21	42	25
FBGN0031239	0	0	0	0	0	0
FBGN0259922	0	0	0	0	0	0
FBGN0031848	16	7	4	14	37	21
FBGN0014189	838	811	744	888	1414	1359
FBGN0010398	8	15	13	27	43	44
FBGN0027560	1	2	2	5	2	0
FBGN0031868	227	205	253	306	465	483
FBGN0041337	0	0	0	0	0	0
FBGN0031941	0	0	0	0	0	0
FBGN0039958	75	91	53	85	77	69
FBGN0040079	31	8	11	43	45	38
FBGN0031320	97	95	92	57	62	63
FBGN0032519	0	0	0	1	0	4
FBGN0032089	0	0	1	1	1	0
FBGN0260452	0	0	0	0	0	0
FBGN0010300	620	503	580	949	1297	1335
FBGN0027868	164	97	143	209	235	284
FBGN0003557	130	99	100	164	204	196
FBGN0020376	0	0	0	0	0	0
FBGN0051806	0	0	0	0	0	0
FBGN0002022	214	300	190	290	491	437
FBGN0262601	134	117	108	214	337	314
FBGN0051779	0	0	0	0	0	0
FBGN0032436	0	0	0	0	0	0
FBGN0031367	0	0	0	0	0	0
FBGN0259984	152	157	179	286	319	317
FBGN0262782	125	132	140	142	300	243
FBGN0032689	114	48	75	126	212	175
FBGN0001995	90	53	50	76	69	43
FBGN0051693	0	0	0	0	0	0
FBGN0032488	61	39	44	70	75	73
FBGN0020762	5	14	11	14	16	15
FBGN0032856	6	5	7	5	8	9
FBGN0032750	14	24	15	22	25	15
FBGN0031774	2	11	7	3	12	3
FBGN0032224	5	36	5	15	6	7
FBGN0051871	0	0	2	0	1	0
FBGN0027515	33	77	42	49	89	54
FBGN0031869	0	0	0	0	0	0
FBGN0264988	0	0	0	0	0	0
FBGN0031435	4	0	0	14	4	6
FBGN0261671	200	159	148	229	274	275
FBGN0004838	1197	1243	1003	1434	2359	2409
FBGN0028948	0	0	0	0	0	0
FBGN0032015	144	188	161	303	455	357
FBGN0263842	0	0	0	0	0	0
FBGN0031654	0	2	1	0	0	0
FBGN0032478	0	0	0	0	0	0
FBGN0261566	0	0	0	0	0	0
FBGN0031940	0	7	0	0	0	2
FBGN0040993	0	0	1	0	0	1
FBGN0031423	0	0	0	0	0	0
FBGN0031268	77	96	83	96	141	109
FBGN0028878	0	0	0	0	0	0
FBGN0053302	2	9	1	11	14	5
FBGN0003896	11	12	18	20	40	22
FBGN0032624	0	0	0	0	0	0
FBGN0051861	0	0	0	0	0	0
FBGN0053838	0	0	0	0	0	0
FBGN0026395	0	0	0	0	0	0
FBGN0031561	0	0	0	0	0	0
FBGN0032882	107	73	75	115	152	146
FBGN0032688	109	117	81	102	156	145
FBGN0031265	22	19	31	28	58	64
FBGN0001991	0	0	1	0	0	0
FBGN0260486	50	28	47	93	81	68
FBGN0040510	0	0	0	0	0	0
FBGN0031381	5	5	12	9	9	8
FBGN0028540	50	48	67	42	71	87
FBGN0262856	0	0	0	0	0	0
FBGN0032814	9	7	6	22	11	11
FBGN0028645	0	0	0	0	0	0
FBGN0032172	32	20	23	40	78	46
FBGN0031228	94	91	50	78	96	70
FBGN0042127	0	1	1	1	0	2
FBGN0031568	0	0	0	0	0	0
FBGN0003942	975	1178	785	982	1478	1267
FBGN0283427	418	153	332	242	301	239
FBGN0032293	25	29	26	34	69	50
FBGN0032901	26	38	20	33	44	36
FBGN0032513	11	3	11	32	27	33
FBGN0032030	98	78	106	162	199	192
FBGN0032061	0	0	0	0	1	0
FBGN0051897	0	0	0	0	0	0
FBGN0005322	78	100	62	91	157	148
FBGN0053886	0	0	0	0	0	0
FBGN0032076	2	1	2	6	0	0
FBGN0031954	0	0	0	0	0	0
FBGN0003386	0	0	0	0	0	0
FBGN0004242	1	9	11	5	2	2
FBGN0031270	13	29	15	21	17	26
FBGN0040260	0	0	0	0	0	2
FBGN0032834	0	0	0	0	0	0
FBGN0051706	0	0	1	0	0	0
FBGN0032039	0	0	0	0	0	0
FBGN0053299	0	0	0	0	0	0
FBGN0051660	0	1	1	0	3	0
FBGN0027609	47	40	30	43	75	74
FBGN0031430	0	0	0	0	0	0
FBGN0032665	0	0	0	0	0	0
FBGN0003310	81	89	62	130	192	144
FBGN0031273	7	5	1	0	3	2
FBGN0051813	0	0	0	0	0	0
FBGN0260996	0	0	0	0	0	0
FBGN0003313	0	0	0	0	0	0
FBGN0032216	278	268	188	319	417	352
FBGN0032395	31	23	22	41	51	31
FBGN0264260	0	0	0	0	0	0
FBGN0031407	0	0	0	0	0	0
FBGN0051627	0	0	0	0	0	0
FBGN0040725	0	0	0	0	0	0
FBGN0000146	0	0	2	3	3	0
FBGN0031314	52	49	18	71	77	84
FBGN0002887	28	10	32	34	36	26
FBGN0031664	61	58	85	108	101	140
FBGN0040989	0	0	0	0	0	0
FBGN0031751	0	0	0	0	0	0
FBGN0051639	0	0	0	0	0	0
FBGN0000351	0	0	0	0	0	1
FBGN0031902	14	23	15	17	57	21
FBGN0020258	0	0	1	0	2	2
FBGN0031279	0	0	0	0	0	0
FBGN0031626	0	0	0	0	0	0
FBGN0011737	76	92	70	66	92	90
FBGN0017551	27	18	25	20	47	43
FBGN0263598	408	269	312	409	578	628
FBGN0031881	6	0	0	3	4	4
FBGN0051935	42	24	25	27	49	44
FBGN0085210	0	0	0	0	0	0
FBGN0260479	0	0	0	0	0	0
FBGN0261567	0	0	0	0	0	0
FBGN0053533	0	0	0	0	0	0
FBGN0263386	0	0	0	0	0	0
FBGN0051960	0	0	0	0	0	0
FBGN0000120	0	0	0	0	0	0
FBGN0000273	78	69	75	82	125	117
FBGN0267254	0	0	0	0	0	0
FBGN0024244	42	26	35	49	90	45
FBGN0032265	0	0	0	0	0	0
FBGN0260632	48	40	36	45	93	83
FBGN0032040	0	0	0	0	0	0
FBGN0031777	39	33	25	46	53	53
FBGN0032836	0	0	0	0	0	0
FBGN0040723	0	0	0	0	0	0
FBGN0261509	25	25	8	28	43	43
FBGN0015600	42	38	43	74	85	89
FBGN0053128	2	68	4	0	0	0
FBGN0051664	0	0	2	0	0	0
FBGN0032094	0	0	0	0	0	0
FBGN0026760	0	0	0	0	0	2
FBGN0031454	1	7	3	10	12	5
FBGN0031973	30	26	36	57	106	91
FBGN0028506	186	172	132	182	247	252
FBGN0031323	0	0	0	0	0	0
FBGN0032390	29	44	32	33	65	52
FBGN0085424	210	211	181	300	479	348
FBGN0015791	44	30	20	55	94	90
FBGN0028940	0	0	0	0	0	0
FBGN0000529	0	0	0	0	0	0
FBGN0031500	25	3	17	20	37	22
FBGN0053863	0	0	0	0	0	0
FBGN0032289	0	0	0	0	0	0
FBGN0283682	413	340	312	465	638	517
FBGN0032843	0	0	0	0	0	0
FBGN0267326	122	119	130	75	38	63
FBGN0031856	0	0	0	0	0	0
FBGN0032196	28	40	10	22	35	19
FBGN0250907	2460	2209	1653	3156	3691	3175
FBGN0031974	4	0	2	0	1	3
FBGN0041713	19	17	23	10	7	22
FBGN0051865	0	0	0	0	0	0
FBGN0085477	0	0	0	0	0	0
FBGN0001967	0	9	1	1	2	0
FBGN0001185	10	13	21	6	21	19
FBGN0053872	0	0	0	0	0	0
FBGN0032083	0	0	0	0	0	0
FBGN0032728	41	33	25	35	57	49
FBGN0024846	73	81	56	54	97	108
FBGN0015031	89	75	75	157	204	124
FBGN0015553	21	18	31	23	42	27
FBGN0031759	405	309	297	446	629	613
FBGN0046704	69	51	60	65	122	100
FBGN0259955	0	0	0	0	0	0
FBGN0032726	0	4	1	0	7	2
FBGN0040211	0	0	0	0	0	0
FBGN0051862	0	0	0	0	0	0
FBGN0031732	0	0	0	0	0	0
FBGN0022153	77	66	77	92	110	148
FBGN0046888	0	0	0	0	0	0
FBGN0052829	6	8	4	6	13	5
FBGN0053803	0	0	0	0	0	0
FBGN0040064	290	218	214	325	480	465
FBGN0031305	0	0	0	0	0	0
FBGN0031443	0	0	0	0	0	0
FBGN0032640	245	177	218	232	352	345
FBGN0003980	0	0	0	0	0	0
FBGN0031327	41	27	18	29	55	34
FBGN0032189	18	18	15	17	30	15
FBGN0031979	0	1	1	5	8	11
FBGN0262960	0	0	0	0	0	0
FBGN0028979	35	43	18	45	45	49
FBGN0032072	0	0	0	0	0	0
FBGN0031229	145	83	82	131	172	134
FBGN0086698	31	27	20	40	53	61
FBGN0031621	0	0	0	0	0	0
FBGN0021874	82	67	54	88	128	150
FBGN0051683	0	0	0	0	0	0
FBGN0032399	0	0	0	0	0	0
FBGN0032851	0	0	0	0	0	0
FBGN0032127	0	0	0	0	0	0
FBGN0067312	0	0	0	0	0	0
FBGN0053890	0	0	0	0	0	0
FBGN0032741	0	0	0	0	0	0
FBGN0026439	0	0	4	0	0	1
FBGN0032429	112	122	94	96	125	121
FBGN0053282	0	0	0	0	0	0
FBGN0032908	0	0	3	0	0	0
FBGN0031526	0	0	0	0	0	0
FBGN0032713	29	62	43	54	138	105
FBGN0032233	0	0	1	0	5	1
FBGN0051752	0	0	0	0	0	0
FBGN0031432	0	0	0	0	0	0
FBGN0032603	3	0	0	0	0	1
FBGN0032934	12	5	7	8	24	14
FBGN0261437	82	84	86	141	123	110
FBGN0031681	135	172	133	176	307	234
FBGN0003145	0	0	0	0	0	0
FBGN0027779	132	75	119	100	225	244
FBGN0031643	98	93	90	100	148	152
FBGN0020443	438	381	394	498	738	612
FBGN0053858	0	0	0	0	0	0
FBGN0032345	0	0	0	0	2	0
FBGN0086446	60	75	51	40	42	37
FBGN0259963	0	0	0	0	0	0
FBGN0031401	70	43	48	168	202	228
FBGN0086443	365	362	352	379	518	503
FBGN0031985	133	89	127	171	208	187
FBGN0000308	388	301	292	456	698	479
FBGN0024352	689	547	601	699	942	944
FBGN0051800	12	23	7	23	26	10
FBGN0250837	419	272	361	479	560	639
FBGN0029095	195	214	171	225	366	429
FBGN0266845	0	0	0	0	0	0
FBGN0053640	0	0	0	0	0	0
FBGN0051703	0	0	0	0	0	0
FBGN0032651	0	0	0	0	0	0
FBGN0031604	111	80	60	84	108	105
FBGN0032692	0	0	0	0	0	0
FBGN0032407	76	84	87	105	158	161
FBGN0015299	58	54	43	57	57	55
FBGN0026718	0	0	0	0	0	1
FBGN0032170	64	64	54	93	126	158
FBGN0032204	25	29	20	33	50	44
FBGN0267486	0	0	0	0	0	0
FBGN0031413	2	0	4	1	11	8
FBGN0032649	0	0	0	0	0	0
FBGN0032055	0	0	0	0	0	0
FBGN0284248	101	59	57	85	77	72
FBGN0028888	0	0	0	0	0	0
FBGN0052988	0	0	0	0	0	0
FBGN0288229	268	199	258	353	450	441
FBGN0031501	0	0	0	0	0	0
FBGN0032305	135	111	105	189	183	193
FBGN0032719	0	0	0	0	0	0
FBGN0032723	84	65	59	107	150	119
FBGN0026196	398	337	372	475	682	607
FBGN0027780	11	11	4	7	11	22
FBGN0027932	2122	1959	1818	2749	3683	3463
FBGN0014092	69	67	92	95	132	117
FBGN0028852	0	0	0	0	0	0
FBGN0053179	0	0	0	0	0	0
FBGN0028515	174	127	191	196	424	372
FBGN0031676	15	8	10	16	28	34
FBGN0032907	12	15	10	23	39	27
FBGN0287695	0	5	0	0	4	5
FBGN0051928	0	0	0	0	0	0
FBGN0031256	87	116	44	109	211	179
FBGN0031701	0	0	0	0	0	0
FBGN0032268	0	0	0	0	0	0
FBGN0053820	0	0	0	0	0	0
FBGN0040268	50	22	35	44	33	55
FBGN0263996	3	0	0	0	0	0
FBGN0027490	10	14	13	15	25	17
FBGN0053516	0	0	0	0	0	0
FBGN0051778	0	1	0	0	1	0
FBGN0051644	0	0	0	0	0	0
FBGN0040996	0	0	0	0	0	0
FBGN0040973	2	0	0	0	1	0
FBGN0031942	0	0	0	0	0	0
FBGN0031529	96	79	80	101	148	192
FBGN0260439	1000	906	828	1224	1767	1791
FBGN0266666	174	204	90	190	178	163
FBGN0031209	0	0	0	0	0	0
FBGN0028700	94	79	86	131	170	188
FBGN0031531	0	0	0	0	0	0
FBGN0004611	38	37	35	33	86	94
FBGN0032456	117	120	78	130	157	173
FBGN0032873	60	71	61	52	58	76
FBGN0053833	0	0	0	0	0	0
FBGN0031905	0	0	0	0	0	0
FBGN0031397	0	0	0	0	0	0
FBGN0032219	0	0	0	0	1	0
FBGN0284223	0	0	0	0	0	0
FBGN0053853	0	0	0	0	0	0
FBGN0264443	4	6	0	9	12	19
FBGN0261790	172	182	104	176	186	238
FBGN0028430	8	2	1	1	10	3
FBGN0053873	0	0	0	0	0	0
FBGN0261055	0	0	0	0	0	0
FBGN0028894	19	19	15	23	24	31
FBGN0053871	0	0	0	0	0	0
FBGN0032243	15	24	19	31	27	42
FBGN0031694	0	0	0	0	0	0
FBGN0031248	0	0	0	0	2	0
FBGN0002563	161	50	180	458	62	55
FBGN0051913	0	0	0	0	0	0
FBGN0010288	233	183	247	249	304	362
FBGN0053296	0	0	0	0	0	0
FBGN0032979	181	120	126	217	268	279
FBGN0032707	0	0	0	0	0	0
FBGN0263355	7	14	25	13	49	29
FBGN0051609	0	0	0	0	0	0
FBGN0032625	0	0	0	0	0	0
FBGN0262857	0	0	0	0	0	0
FBGN0032848	249	189	240	326	419	397
FBGN0031970	0	0	0	0	0	0
FBGN0032291	0	0	0	0	0	0
FBGN0031930	0	0	0	0	0	0
FBGN0053003	0	0	0	0	0	0
FBGN0032229	61	43	69	60	101	96
FBGN0032136	1	0	1	12	4	4
FBGN0032472	0	0	0	0	0	0
FBGN0053117	0	0	0	0	0	0
FBGN0040009	53	78	55	78	88	89
FBGN0032422	1	8	2	2	3	6
FBGN0259683	0	0	1	0	1	0
FBGN0083938	0	0	0	0	0	0
FBGN0032647	0	0	0	0	0	0
FBGN0051901	0	0	0	0	0	4
FBGN0051815	0	0	0	0	0	0
FBGN0031799	95	65	62	116	139	115
FBGN0032360	0	0	0	0	0	0
FBGN0031377	85	87	63	104	140	107
FBGN0032511	70	75	42	82	62	82
FBGN0053827	0	0	0	0	0	0
FBGN0011239	0	0	0	0	0	0
FBGN0001992	0	0	0	0	0	0
FBGN0032642	14	24	18	21	34	23
FBGN0042133	0	0	0	0	0	0
FBGN0264544	0	0	0	0	0	0
FBGN0032029	25	20	10	12	31	22
FBGN0041247	0	0	0	0	0	0
FBGN0032047	11	19	8	4	10	18
FBGN0031333	0	0	0	0	0	0
FBGN0266363	0	0	0	0	0	0
FBGN0261560	8	8	4	10	15	6
FBGN0026438	0	0	0	0	0	0
FBGN0032075	0	5	1	0	0	9
FBGN0051676	0	0	1	1	0	0
FBGN0040011	165	155	129	163	162	182
FBGN0040099	0	0	0	0	0	0
FBGN0053894	0	0	0	0	0	0
FBGN0016122	4	1	8	1	4	7
FBGN0002543	467	499	507	591	1022	905
FBGN0031808	0	0	0	0	0	0
FBGN0032051	103	131	72	125	180	136
FBGN0028853	0	0	0	0	0	0
FBGN0032631	0	0	0	0	0	0
FBGN0031361	13	16	24	22	23	26
FBGN0031455	19	7	17	6	12	19
FBGN0032965	0	0	0	0	0	0
FBGN0004583	206	224	178	267	356	300
FBGN0031820	62	60	59	75	128	118
FBGN0032729	9	0	14	2	12	15
FBGN0261628	0	0	0	0	0	0
FBGN0031702	0	0	1	0	0	0
FBGN0031548	0	0	0	0	0	0
FBGN0031765	0	0	0	0	0	0
FBGN0053309	0	0	0	0	0	0
FBGN0051974	0	0	0	0	0	0
FBGN0026398	0	0	0	0	0	0
FBGN0051956	0	0	0	0	1	1
FBGN0262356	0	0	0	0	0	0
FBGN0260954	0	0	0	0	0	0
FBGN0283442	1	0	0	3	0	7
FBGN0032524	18	15	33	43	31	34
FBGN0032596	358	334	274	395	522	554
FBGN0021944	79	94	94	123	209	236
FBGN0051742	0	0	0	0	0	0
FBGN0259896	0	7	11	14	17	12
FBGN0031873	53	35	32	51	52	68
FBGN0043362	27	4	28	37	34	38
FBGN0053829	0	0	0	0	0	0
FBGN0032209	0	0	0	0	0	0
FBGN0031245	34	13	20	76	81	132
FBGN0026319	14	30	18	27	28	29
FBGN0032387	0	0	0	0	0	0
FBGN0031824	28	1	7	9	12	26
FBGN0015521	267	374	287	357	558	615
FBGN0031535	18	24	7	22	25	24
FBGN0032228	1	4	2	2	2	6
FBGN0023416	0	2	2	2	0	2
FBGN0000251	0	0	0	0	0	0
FBGN0032125	0	0	0	0	0	0
FBGN0053878	0	0	0	0	0	0
FBGN0032188	0	0	0	0	0	0
FBGN0010309	17	26	9	16	26	18
FBGN0032972	0	0	0	0	0	0
FBGN0032264	3	2	2	0	0	2
FBGN0020305	87	46	87	79	129	118
FBGN0284220	1806	1282	1667	1765	2346	2469
FBGN0032684	0	9	2	0	0	5
FBGN0027070	0	0	0	0	0	0
FBGN0031467	0	0	0	0	0	0
FBGN0001987	269	226	222	410	644	566
FBGN0261648	274	245	235	379	602	521
FBGN0032538	96	29	188	61	98	146
FBGN0023496	7	2	1	0	1	0
FBGN0031646	0	0	0	0	0	0
FBGN0032105	120	70	111	148	205	220
FBGN0032811	2	8	2	2	5	1
FBGN0010407	5	0	5	1	0	0
FBGN0287596	0	0	0	0	0	0
FBGN0032484	0	0	0	0	0	0
FBGN0031851	66	79	54	75	97	113
FBGN0028412	0	0	0	0	0	0
FBGN0262875	0	0	0	0	0	0
FBGN0031479	66	63	50	82	88	93
FBGN0032415	0	0	0	0	0	0
FBGN0259959	0	0	0	0	0	0
FBGN0015663	4	12	1	2	1	1
FBGN0032733	0	0	0	0	0	0
FBGN0031214	0	0	0	0	0	0
FBGN0031620	0	0	0	0	0	0
FBGN0028572	0	0	0	0	0	0
FBGN0011638	363	476	343	442	588	632
FBGN0001137	0	0	0	0	0	0
FBGN0031512	0	14	4	0	0	0
FBGN0000442	0	0	0	0	0	0
FBGN0263873	41	68	29	70	79	78
FBGN0032613	0	0	0	0	0	0
FBGN0032535	0	0	0	0	0	0
FBGN0015777	195	112	213	195	384	324
FBGN0032768	0	0	0	0	0	0
FBGN0031518	0	0	0	0	0	0
FBGN0004837	36	39	39	60	70	90
FBGN0031733	0	0	0	0	0	0
FBGN0086265	0	0	0	0	2	0
FBGN0032362	8	1	4	1	0	0
FBGN0028513	0	0	0	0	0	0
FBGN0031815	45	33	35	45	57	59
FBGN0031998	0	0	3	2	6	5
FBGN0028523	2	3	1	4	17	8
FBGN0031391	19	20	25	15	33	33
FBGN0003346	643	626	561	703	823	838
FBGN0027496	162	188	166	221	345	299
FBGN0052986	0	0	0	0	0	0
FBGN0028856	0	0	0	0	0	0
FBGN0260955	0	0	0	6	0	0
FBGN0031410	0	0	0	0	0	0
FBGN0263038	32	17	18	40	32	44
FBGN0042186	0	0	0	0	0	0
FBGN0032793	26	16	18	13	30	27
FBGN0021800	1	1	3	0	6	10
FBGN0032643	382	454	432	558	739	644
FBGN0053812	0	0	0	0	0	0
FBGN0261458	409	342	347	495	771	671
FBGN0032197	59	50	53	80	69	97
FBGN0031219	0	0	0	0	0	0
FBGN0031600	67	10	31	44	70	47
FBGN0032754	0	0	0	0	0	0
FBGN0032494	0	0	0	0	0	0
FBGN0031372	0	0	0	0	0	0
FBGN0045501	0	0	0	0	0	0
FBGN0263027	0	0	0	0	1	3
FBGN0053806	0	0	0	0	0	0
FBGN0031504	0	0	0	0	0	0
FBGN0086451	256	247	294	306	431	423
FBGN0051697	0	0	0	0	0	0
FBGN0053856	0	0	0	0	0	0
FBGN0026373	102	103	104	139	173	145
FBGN0027550	0	0	1	0	0	0
FBGN0000114	0	0	0	0	0	0
FBGN0031559	0	0	0	0	0	0
FBGN0032200	291	247	258	348	497	436
FBGN0031909	55	57	42	72	101	73
FBGN0261278	95	82	85	113	164	171
FBGN0032130	14	6	4	7	18	21
FBGN0028945	0	0	0	0	0	0
FBGN0032911	0	0	0	0	0	0
FBGN0039972	8	2	5	7	1	0
FBGN0010473	102	142	77	112	176	159
FBGN0262467	28	55	35	39	52	49
FBGN0026390	0	0	0	0	0	0
FBGN0031585	0	0	0	0	0	0
FBGN0000370	70	79	89	62	67	81
FBGN0031860	0	0	0	0	0	0
FBGN0015609	103	82	106	101	131	118
FBGN0031652	0	6	6	0	1	4
FBGN0040228	19	12	14	24	33	38
FBGN0028530	27	29	20	62	42	39
FBGN0032223	90	93	76	87	130	107
FBGN0259952	0	0	0	0	0	0
FBGN0032008	0	0	0	0	0	0
FBGN0032401	4	0	3	5	7	8
FBGN0032120	94	73	73	112	135	119
FBGN0031434	3	18	11	8	12	16
FBGN0262018	0	0	0	0	0	0
FBGN0051759	30	25	21	43	33	49
FBGN0027509	208	212	166	243	290	312
FBGN0020304	82	97	56	73	152	104
FBGN0011708	39	57	44	36	79	47
FBGN0032214	88	118	80	109	146	124
FBGN0024285	256	195	229	278	409	468
FBGN0051677	0	0	0	0	0	0
FBGN0283728	0	0	0	0	0	0
FBGN0000339	80	72	67	75	109	84
FBGN0260454	0	0	0	0	0	0
FBGN0266364	0	0	0	0	0	0
FBGN0028965	33	26	34	38	68	45
FBGN0263235	0	0	0	0	0	0
FBGN0032132	145	203	145	432	587	417
FBGN0031734	1	0	3	1	1	3
FBGN0031782	52	18	46	24	69	51
FBGN0032536	0	0	0	0	0	0
FBGN0031426	4	0	0	0	0	1
FBGN0010382	84	76	60	84	100	98
FBGN0261938	32	65	40	24	60	53
FBGN0051741	0	0	0	0	0	0
FBGN0051665	0	0	0	0	0	0
FBGN0032116	4	1	3	0	3	1
FBGN0032057	0	0	0	0	0	0
FBGN0031418	108	81	95	120	129	116
FBGN0266459	0	0	0	0	0	0
FBGN0032393	49	28	56	63	91	144
FBGN0032368	0	0	0	0	0	0
FBGN0051636	0	0	2	0	1	0
FBGN0031473	0	0	0	0	2	0
FBGN0284224	0	0	0	0	0	0
FBGN0263971	0	0	0	0	0	0
FBGN0264494	2	1	2	6	17	2
FBGN0031301	0	0	0	0	0	0
FBGN0054010	0	0	0	0	0	0
FBGN0086909	31	30	19	27	28	58
FBGN0032658	0	0	0	0	0	0
FBGN0032414	144	192	177	274	417	333
FBGN0032475	172	140	130	200	267	260
FBGN0016926	21	21	8	18	40	33
FBGN0031802	0	0	0	0	0	0
FBGN0053301	0	0	0	0	0	0
FBGN0031255	5	1	0	0	1	1
FBGN0031668	6	0	7	4	4	8
FBGN0032935	3	1	1	11	7	11
FBGN0045485	0	0	0	0	0	0
FBGN0045498	0	0	0	0	0	0
FBGN0032162	2	1	8	6	14	12
FBGN0053877	0	0	0	0	0	0
FBGN0015380	242	255	235	385	534	503
FBGN0015776	86	133	75	116	150	135
FBGN0002985	13	5	3	7	12	9
FBGN0031574	39	43	46	53	70	89
FBGN0031550	0	0	0	0	1	0
FBGN0264695	5	2	2	0	5	1
FBGN0263852	95	74	79	98	163	153
FBGN0032921	12	5	8	9	18	5
FBGN0032400	142	173	113	204	280	265
FBGN0026756	0	0	0	0	0	0
FBGN0053995	10	22	14	13	18	14
FBGN0032450	34	21	23	46	71	64
FBGN0032803	27	106	19	46	157	85
FBGN0051803	0	0	0	0	0	0
FBGN0027491	0	0	0	0	0	0
FBGN0261266	8	3	8	6	16	9
FBGN0266670	70	97	74	105	132	141
FBGN0005779	0	0	0	0	0	0
FBGN0028942	0	0	0	0	0	0
FBGN0031871	12	10	16	15	25	18
FBGN0032815	63	38	67	60	76	59
FBGN0031395	15	8	20	35	43	32
FBGN0053821	0	0	0	0	0	0
FBGN0051674	0	0	1	0	2	5
FBGN0053828	0	0	0	0	0	0
FBGN0032913	0	0	0	0	0	0
FBGN0031514	0	0	0	0	0	0
FBGN0261268	197	184	186	202	275	229
FBGN0032314	0	0	0	0	0	0
FBGN0028539	221	244	167	294	371	363
FBGN0032025	1	10	0	3	12	8
FBGN0031670	150	193	122	204	316	285
FBGN0000636	1085	952	1058	1471	2280	2318
FBGN0265263	0	0	0	0	0	0
FBGN0020445	12	3	6	9	26	12
FBGN0032813	0	9	1	0	0	0
FBGN0250834	0	0	0	0	0	0
FBGN0031897	14	3	4	15	15	8
FBGN0032369	0	0	0	0	0	0
FBGN0053922	0	0	0	0	0	0
FBGN0016919	0	0	0	0	0	0
FBGN0031560	0	0	7	0	0	0
FBGN0041249	0	0	0	0	0	0
FBGN0032507	0	0	0	0	0	0
FBGN0020414	7	6	27	7	1	3
FBGN0032748	77	71	112	90	167	175
FBGN0031542	5	0	2	0	1	5
FBGN0263846	0	0	0	0	0	0
FBGN0043825	0	0	0	0	0	0
FBGN0031657	59	43	42	81	80	104
FBGN0026778	3	0	12	7	10	7
FBGN0032633	36	39	31	38	45	28
FBGN0031689	0	4	1	1	0	4
FBGN0028543	0	5	6	5	1	1
FBGN0031441	2	0	0	0	0	0
FBGN0041004	17	7	6	7	15	3
FBGN0259961	0	0	0	0	0	0
FBGN0260011	0	0	0	0	0	0
FBGN0016977	562	425	451	606	900	732
FBGN0031213	42	63	40	42	79	67
FBGN0032218	3	0	0	0	0	1
FBGN0086444	90	60	65	121	120	145
FBGN0032820	52	89	65	96	151	170
FBGN0031266	407	286	310	468	583	493
FBGN0083141	0	0	0	0	0	0
FBGN0028847	0	0	0	0	0	0
FBGN0085205	0	0	0	0	0	0
FBGN0032763	11	2	0	8	12	19
FBGN0031822	124	74	83	132	109	111
FBGN0002973	152	133	149	199	345	292
FBGN0028844	0	0	0	0	0	0
FBGN0032210	37	50	61	54	57	66
FBGN0032598	0	0	0	0	0	0
FBGN0000318	131	125	119	151	156	225
FBGN0259964	0	0	0	0	0	0
FBGN0000287	69	65	42	109	144	123
FBGN0031904	97	96	93	131	204	142
FBGN0041245	0	0	0	0	0	0
FBGN0011722	19	4	37	36	21	16
FBGN0267964	0	0	0	0	0	0
FBGN0051821	0	0	0	0	0	0
FBGN0025684	7	0	3	9	13	4
FBGN0031726	0	0	0	0	0	0
FBGN0032551	0	0	0	0	0	0
FBGN0264253	0	0	0	0	0	0
FBGN0259818	0	0	3	3	1	1
FBGN0031491	14	6	6	3	13	5
FBGN0026379	66	91	44	62	71	61
FBGN0051709	0	0	0	0	0	0
FBGN0031549	193	175	119	159	219	188
FBGN0260428	0	0	0	0	0	0
FBGN0001075	1645	1576	1453	1930	2624	2669
FBGN0287720	1026	807	959	1154	1645	1541
FBGN0031987	19	14	20	14	31	55
FBGN0028943	0	0	0	0	0	0
FBGN0250867	9	1	1	5	17	8
FBGN0032377	0	0	0	0	0	0
FBGN0031945	0	0	0	0	0	0
FBGN0003448	1	0	0	0	0	0
FBGN0045842	12	14	5	21	16	10
FBGN0027949	196	196	164	197	354	329
FBGN0051858	0	0	0	0	0	0
FBGN0000299	191	151	213	151	247	164
FBGN0040297	17	0	10	4	13	15
FBGN0010395	0	0	0	0	0	0
FBGN0260750	24	23	31	22	50	37
FBGN0032924	37	24	50	51	86	97
FBGN0043364	15	27	25	22	49	33
FBGN0032163	0	0	0	0	0	0
FBGN0031977	267	256	213	260	340	295
FBGN0051864	2	0	0	0	1	0
FBGN0053875	0	0	0	0	0	0
FBGN0051875	0	0	0	2	0	0
FBGN0032517	76	62	73	61	90	103
FBGN0032455	129	104	104	103	155	147
FBGN0032840	0	0	2	0	0	0
FBGN0266491	0	0	0	0	0	0
FBGN0001114	23	70	38	56	69	69
FBGN0032261	25	2	18	11	37	39
FBGN0260451	0	0	0	0	0	0
FBGN0031948	0	0	0	4	0	0
FBGN0000422	0	4	2	8	12	10
FBGN0053679	0	0	0	0	0	0
FBGN0032184	0	0	0	0	0	0
FBGN0015583	0	0	0	0	0	0
FBGN0031635	16	8	24	22	42	45
FBGN0032124	1	0	0	1	1	1
FBGN0028855	53	27	35	112	102	138
FBGN0013746	195	111	137	233	281	215
FBGN0001965	83	110	63	83	159	118
FBGN0028531	0	0	0	0	0	0
FBGN0031695	0	0	0	0	0	0
FBGN0031698	165	103	124	164	267	260
FBGN0028916	18	9	18	3	29	17
FBGN0051827	0	0	0	0	0	0
FBGN0032746	44	76	43	65	92	86
FBGN0032476	17	9	29	13	41	26
FBGN0031632	15	16	13	14	34	17
FBGN0013301	0	0	0	0	0	0
FBGN0032693	119	41	112	119	113	115
FBGN0261514	3	0	2	0	0	1
FBGN0032772	0	0	0	0	0	0
FBGN0053645	0	0	0	0	0	0
FBGN0032487	26	33	36	51	80	83
FBGN0015271	55	31	59	35	75	73
FBGN0002121	401	367	413	538	532	546
FBGN0262000	0	0	0	0	0	0
FBGN0002031	330	199	246	318	488	466
FBGN0266450	171	134	173	251	354	357
FBGN0032895	0	0	5	0	0	0
FBGN0051909	0	0	0	0	0	0
FBGN0250841	0	0	0	0	0	0
FBGN0028394	12	20	5	19	31	7
FBGN0264556	0	6	0	0	1	0
FBGN0011559	0	0	0	0	0	0
FBGN0032698	24	15	16	26	20	32
FBGN0003983	0	0	0	0	0	0
FBGN0032914	0	0	0	0	0	0
FBGN0000721	96	135	81	119	167	156
FBGN0031627	1	0	0	0	0	2
FBGN0264296	0	0	0	0	0	0
FBGN0031493	195	165	141	191	275	298
FBGN0260749	72	114	59	110	153	163
FBGN0045852	0	0	4	1	1	0
FBGN0032819	69	39	60	80	81	75
FBGN0031449	0	0	0	2	0	4
FBGN0053804	0	0	0	0	0	0
FBGN0032286	0	0	0	0	0	0
FBGN0032949	467	409	414	602	815	722
FBGN0032409	55	55	47	66	117	78
FBGN0031399	27	37	31	44	79	73
FBGN0053643	0	0	0	0	0	0
FBGN0032785	0	0	0	0	1	0
FBGN0085198	0	0	0	0	0	0
FBGN0032365	0	0	0	0	0	0
FBGN0028554	169	194	123	156	247	311
FBGN0020616	272	199	177	272	333	310
FBGN0032144	0	0	0	0	0	0
FBGN0031693	2	0	0	0	0	0
FBGN0028517	0	0	0	0	0	0
FBGN0260000	0	0	0	0	0	0
FBGN0028931	3	0	11	5	5	4
FBGN0000559	7771	6377	6431	8277	12355	12397
FBGN0031762	0	0	1	0	0	0
FBGN0053904	0	0	0	0	0	0
FBGN0024227	187	178	147	159	258	290
FBGN0266449	204	192	144	212	370	319
FBGN0263206	0	0	0	0	0	0
FBGN0051680	0	0	0	0	0	0
FBGN0086445	29	42	12	23	21	28
FBGN0031232	0	0	0	0	0	0
FBGN0051804	0	0	0	0	0	0
FBGN0051715	80	68	66	101	111	94
FBGN0000228	101	94	68	133	147	124
FBGN0032236	44	49	45	93	105	76
FBGN0031875	109	57	97	116	166	130
FBGN0260648	77	57	53	102	105	109
FBGN0284256	355	244	251	351	497	518
FBGN0261992	0	0	0	0	0	0
FBGN0032405	4	0	5	6	10	10
FBGN0004374	82	58	79	132	150	157
FBGN0032720	36	15	28	41	33	40
FBGN0028936	0	0	1	0	0	0
FBGN0032115	0	0	0	0	0	0
FBGN0031546	0	0	0	0	0	0
FBGN0061209	0	0	0	0	0	0
FBGN0051872	0	0	0	0	0	0
FBGN0053896	0	0	0	0	0	0
FBGN0020622	110	59	88	97	183	185
FBGN0031650	0	0	0	0	0	0
FBGN0051805	0	0	0	0	0	0
FBGN0032652	0	2	0	0	0	1
FBGN0031818	24	14	29	33	57	51
FBGN0032477	34	18	10	16	21	25
FBGN0053859	0	0	0	0	0	0
FBGN0262359	0	0	0	0	0	0
FBGN0262150	0	0	0	0	0	0
FBGN0026755	0	0	0	0	0	0
FBGN0086758	7	2	3	3	3	4
FBGN0003087	41	43	60	69	90	96
FBGN0032034	11	14	14	15	35	19
FBGN0266557	1773	1602	1618	2113	3067	2572
FBGN0032883	73	21	31	56	64	50
FBGN0031739	1	2	4	4	9	15
FBGN0028880	0	0	0	0	0	0
FBGN0031659	38	33	14	39	50	58
FBGN0051681	0	0	0	0	0	0
FBGN0054049	0	0	0	0	0	0
FBGN0053322	0	0	0	0	0	0
FBGN0287630	0	0	0	0	0	0
FBGN0044323	263	200	268	325	502	483
FBGN0031417	0	0	0	0	0	0
FBGN0283467	22	35	21	36	56	42
FBGN0032916	46	14	50	58	76	96
FBGN0031459	128	80	82	122	191	165
FBGN0010100	605	549	534	683	1018	1009
FBGN0259712	0	0	0	0	0	0
FBGN0031801	0	0	0	0	0	0
FBGN0031887	0	0	0	0	0	0
FBGN0001084	29	29	26	35	49	50
FBGN0084001	0	0	0	0	0	0
FBGN0001174	0	0	0	0	0	0
FBGN0028868	0	0	0	0	0	0
FBGN0260639	191	189	191	280	345	369
FBGN0032827	0	0	0	0	0	0
FBGN0053902	0	0	0	0	0	0
FBGN0031708	18	7	26	40	37	29
FBGN0053825	0	0	0	0	0	0
FBGN0053306	0	1	0	0	0	0
FBGN0045497	0	0	0	0	0	0
FBGN0015391	353	248	274	299	320	444
FBGN0032847	45	26	41	35	65	91
FBGN0028872	1	12	0	0	0	0
FBGN0003716	546	405	536	751	1116	1051
FBGN0040096	0	0	0	0	0	0
FBGN0032783	17	7	13	13	25	51
FBGN0003231	156	178	127	177	313	251
FBGN0051787	0	0	0	0	2	0
FBGN0085380	0	0	0	0	0	0
FBGN0032430	61	55	49	51	109	91
FBGN0086442	85	95	62	80	124	120
FBGN0003941	516	600	347	509	831	715
FBGN0032354	24	5	17	31	30	37
FBGN0262160	177	134	139	183	242	184
FBGN0000490	26	33	30	42	66	64
FBGN0031579	0	0	0	0	0	0
FBGN0053910	0	0	0	0	0	0
FBGN0051678	40	23	32	62	78	111
FBGN0051769	0	0	0	0	0	0
FBGN0014396	0	0	0	0	0	0
FBGN0085201	0	0	0	0	0	0
FBGN0031722	0	0	0	0	0	0
FBGN0284253	321	250	260	361	500	461
FBGN0032967	0	0	0	0	0	0
FBGN0031683	30	20	35	30	34	25
FBGN0032058	0	0	0	8	0	0
FBGN0031452	50	44	41	80	85	71
FBGN0031285	119	102	91	143	197	216
FBGN0051869	88	118	93	92	165	144
FBGN0011283	0	0	0	0	0	0
FBGN0051952	0	0	0	0	0	0
FBGN0031456	52	62	58	82	79	104
FBGN0032886	36	21	17	23	21	37
FBGN0032804	0	0	0	1	3	0
FBGN0086357	1272	1324	1086	1842	2852	2658
FBGN0041184	51	39	48	80	101	99
FBGN0031959	17	27	13	20	35	24
FBGN0032727	7	3	2	16	21	20
FBGN0031651	64	41	31	75	95	93
FBGN0259982	15	27	11	29	32	43
FBGN0031437	53	96	54	87	109	106
FBGN0051882	0	0	0	0	0	0
FBGN0042187	0	0	0	0	0	0
FBGN0266163	0	0	0	0	0	0
FBGN0040098	0	0	0	0	0	0
FBGN0028406	31	10	15	14	31	30
FBGN0029123	0	0	2	0	2	1
FBGN0032938	82	109	75	106	122	100
FBGN0031861	0	0	0	0	0	0
FBGN0032968	0	0	0	0	0	0
FBGN0031276	0	0	0	0	0	0
FBGN0015905	49	24	56	78	61	52
FBGN0051721	20	6	4	23	38	26
FBGN0283531	176	134	176	259	323	284
FBGN0031950	36	46	42	53	82	74
FBGN0031888	34	43	23	47	40	42
FBGN0014859	0	0	0	0	0	1
FBGN0011584	212	180	138	237	322	276
FBGN0031247	3	1	0	0	7	3
FBGN0250826	0	0	0	0	0	0
FBGN0001986	127	123	173	179	226	288
FBGN0259714	1	0	0	1	2	0
FBGN0031832	79	60	42	84	106	132
FBGN0264344	0	0	0	0	0	0
FBGN0010197	0	0	1	0	0	0
FBGN0027074	0	0	0	0	0	0
FBGN0261806	0	0	0	0	0	0
FBGN0263050	11	19	9	5	6	12
FBGN0032085	0	0	0	0	0	0
FBGN0043841	105	128	70	179	214	169
FBGN0031976	11	5	9	5	8	13
FBGN0032744	12	31	16	15	23	34
FBGN0031723	0	0	0	0	0	0
FBGN0031746	0	0	0	0	0	0
FBGN0031688	0	0	2	0	0	0
FBGN0027052	45	73	58	88	56	43
FBGN0267972	53	33	39	42	82	58
FBGN0040985	60	37	59	72	96	64
FBGN0015546	241	144	264	249	367	391
FBGN0031878	317	328	292	341	476	392
FBGN0053823	0	0	0	0	0	0
FBGN0032636	0	0	0	0	0	0
FBGN0010314	99	37	66	72	76	111
FBGN0032602	0	0	0	0	0	0
FBGN0032082	0	0	0	0	0	1
FBGN0086673	14	15	15	17	31	24
FBGN0032870	19	9	20	11	13	14
FBGN0031356	98	72	132	97	157	165
FBGN0262036	0	0	0	0	0	0
FBGN0031760	15	14	14	13	35	27
FBGN0028919	20	26	24	38	40	24
FBGN0005278	468	388	414	490	641	609
FBGN0032663	0	0	0	0	0	9
FBGN0042125	5	0	1	0	6	8
FBGN0053843	0	0	0	0	0	0
FBGN0265578	0	0	0	0	0	0
FBGN0010453	5	4	11	16	7	20
FBGN0031516	8	1	5	7	8	7
FBGN0040104	0	0	0	0	0	0
FBGN0285971	49	46	37	46	58	60
FBGN0004177	496	443	479	703	1113	1127
FBGN0053847	0	0	0	0	0	0
FBGN0259962	0	0	0	0	0	0
FBGN0031240	0	0	0	0	0	0
FBGN0031393	0	0	0	0	0	0
FBGN0045827	0	0	0	0	0	0
FBGN0265349	0	0	0	0	0	0
FBGN0028520	0	0	0	0	0	0
FBGN0028514	0	0	0	0	0	0
FBGN0042189	0	0	0	0	0	0
FBGN0262126	458	394	339	550	812	792
FBGN0032433	0	0	0	0	0	0
FBGN0031803	0	0	0	0	0	0
FBGN0031914	5	3	5	3	10	14
FBGN0053880	0	0	0	0	0	0
FBGN0031886	37	23	39	40	57	58
FBGN0051957	24	11	4	24	13	17
FBGN0032248	6	8	12	18	26	14
FBGN0032897	26	10	21	3	7	5
FBGN0051812	6	2	4	4	8	8
FBGN0022893	3576	3952	2922	3456	4387	4042
FBGN0031528	0	0	0	0	0	0
FBGN0051784	0	0	0	0	0	0
FBGN0046302	0	1	0	0	3	2
FBGN0086266	0	0	0	0	0	0
FBGN0010520	40	31	26	56	58	65
FBGN0019982	7	22	9	3	14	24
FBGN0031607	121	154	96	125	209	182
FBGN0028509	46	19	40	23	69	53
FBGN0001983	1	0	3	0	2	4
FBGN0031364	0	0	0	0	0	0
FBGN0085211	0	0	0	0	0	0
FBGN0032480	66	67	52	75	133	90
FBGN0262017	0	0	0	0	0	0
FBGN0032810	0	0	0	0	0	0
FBGN0052983	0	0	0	0	0	0
FBGN0003444	135	171	156	196	217	264
FBGN0032505	0	0	0	0	0	0
FBGN0028935	0	0	0	0	0	0
FBGN0053887	0	0	0	0	0	0
FBGN0051619	0	0	3	0	0	0
FBGN0015376	51	44	36	63	65	101
FBGN0031811	0	0	0	0	0	0
FBGN0003278	146	115	152	181	210	269
FBGN0004914	29	10	29	58	26	48
FBGN0051954	1	0	0	0	0	0
FBGN0032090	0	0	0	0	0	0
FBGN0031640	25	19	19	35	40	22
FBGN0261534	20	6	10	23	35	32
FBGN0032499	26	16	16	34	43	37
FBGN0051907	0	0	0	0	0	0
FBGN0031763	0	0	0	0	0	0
FBGN0032191	8	6	3	9	14	18
FBGN0011232	14	31	33	21	32	20
FBGN0014454	0	0	0	0	0	0
FBGN0032922	15	9	15	11	15	8
FBGN0051826	0	0	0	0	0	0
FBGN0051755	32	15	11	7	6	4
FBGN0032251	36	19	20	14	38	28
FBGN0031589	39	10	44	50	53	53
FBGN0022213	688	514	610	739	947	1072
FBGN0040262	0	0	0	0	0	0
FBGN0015000	31	37	44	39	72	45
FBGN0259192	0	0	0	0	0	0
FBGN0053901	0	0	0	0	0	0
FBGN0262475	2	0	8	1	0	1
FBGN0053836	0	0	0	0	0	0
FBGN0013300	0	0	0	0	0	0
FBGN0284225	0	0	0	0	0	0
FBGN0032869	0	0	1	0	0	0
FBGN0031893	142	171	105	157	201	185
FBGN0031227	39	20	25	28	48	43
FBGN0031800	0	0	0	0	0	0
FBGN0042627	0	0	14	0	0	0
FBGN0010287	24	10	18	32	39	32
FBGN0032139	0	0	0	0	0	0
FBGN0032258	29	21	25	43	64	67
FBGN0031312	9	0	6	9	23	16
FBGN0031263	138	162	117	99	117	161
FBGN0031908	2	9	1	7	10	1
FBGN0031675	0	0	1	0	0	0
FBGN0032287	0	0	0	0	0	0
FBGN0032049	0	0	0	0	0	0
FBGN0085396	0	0	0	0	0	0
FBGN0053848	0	0	0	0	0	0
FBGN0053839	0	0	0	0	0	0
FBGN0015664	335	206	370	396	570	550
FBGN0015399	59	66	58	96	159	148
FBGN0031896	30	36	28	32	63	52
FBGN0259956	0	0	0	0	0	0
FBGN0032208	515	498	423	559	818	698
FBGN0031835	0	0	2	0	1	0
FBGN0032702	8	12	20	13	26	24
FBGN0032298	109	75	114	110	132	184
FBGN0259230	0	0	8	0	0	0
FBGN0032143	1	3	0	0	0	0
FBGN0015623	166	97	170	257	331	260
FBGN0031357	32	53	31	40	65	61
FBGN0267378	126	84	116	147	188	177
FBGN0031677	0	0	0	1	0	0
FBGN0032088	0	0	0	0	0	0
FBGN0032256	28	17	26	35	55	44
FBGN0032585	0	0	0	0	0	0
FBGN0045487	0	0	0	0	0	0
FBGN0261608	272	289	270	349	453	381
FBGN0031805	0	0	0	0	1	0
FBGN0053885	0	0	0	0	0	0
FBGN0041246	0	0	0	0	0	0
FBGN0032637	0	0	0	0	0	0
FBGN0031365	0	0	0	0	0	0
FBGN0004892	63	48	40	77	113	89
FBGN0031883	145	108	79	161	210	205
FBGN0040959	0	0	1	6	3	225
FBGN0053879	0	0	0	0	0	0
FBGN0032001	2	5	0	1	0	0
FBGN0028949	0	0	0	0	0	0
FBGN0032656	42	53	35	57	54	69
FBGN0051717	14	11	17	22	42	48
FBGN0263982	0	0	0	0	0	0
FBGN0000406	0	0	0	1	0	0
FBGN0024245	74	72	93	142	214	196
FBGN0011676	0	0	0	0	0	0
FBGN0032446	16	17	7	16	32	20
FBGN0260470	0	0	0	0	0	0
FBGN0032490	0	0	0	0	0	0
FBGN0053808	0	0	0	0	0	0
FBGN0031623	1	10	0	0	1	0
FBGN0004584	497	489	419	512	664	766
FBGN0260758	0	0	0	0	0	0
FBGN0031918	2	4	4	15	9	10
FBGN0051807	0	0	0	0	0	0
FBGN0032516	50	36	56	48	35	61
FBGN0040718	165	58	102	37	53	80
FBGN0263654	0	0	0	0	0	0
FBGN0031302	0	0	0	0	0	0
FBGN0083968	18	27	27	21	25	26
FBGN0053127	0	0	0	0	0	0
FBGN0031946	0	0	0	0	0	0
FBGN0261582	0	0	0	0	0	0
FBGN0085423	41	20	20	28	43	25
FBGN0011648	118	141	111	161	202	234
FBGN0031773	9	7	13	17	40	18
FBGN0086691	0	0	3	4	1	0
FBGN0032036	15	23	10	21	38	27
FBGN0032282	0	0	0	0	0	0
FBGN0259482	18	37	55	35	52	53
FBGN0266492	0	0	2	0	0	0
FBGN0264953	116	112	106	135	244	234
FBGN0000227	0	0	0	0	0	0
FBGN0032732	41	40	30	47	49	66
FBGN0000384	7	23	4	17	17	10
FBGN0031895	33	21	30	22	39	38
FBGN0028644	0	0	0	0	0	0
FBGN0051976	0	0	0	0	0	0
FBGN0053905	0	0	0	0	0	0
FBGN0032797	0	0	4	0	0	0
FBGN0053869	0	0	0	0	0	0
FBGN0031488	44	9	38	36	65	90
FBGN0032023	0	0	0	0	0	0
FBGN0028467	69	40	73	72	109	122
FBGN0031490	0	0	0	0	0	0
FBGN0032447	13	0	9	4	10	10
FBGN0052971	0	0	0	0	0	0
FBGN0032247	20	12	14	31	31	47
FBGN0054051	0	0	0	0	0	0
FBGN0053819	0	0	0	0	0	0
FBGN0031804	0	0	0	0	0	0
FBGN0283478	263	256	216	330	506	453
FBGN0028952	19	1	10	8	20	15
FBGN0041248	0	0	0	0	0	0
FBGN0031359	6	19	10	25	15	18
FBGN0001977	124	129	123	117	190	160
FBGN0031462	0	0	0	0	0	0
FBGN0265579	0	0	0	0	0	0
FBGN0031254	2	0	3	1	0	0
FBGN0027453	12	6	9	8	19	25
FBGN0031538	0	0	1	0	0	0
FBGN0264364	0	0	0	0	0	0
FBGN0031238	33	28	42	58	77	72
FBGN0005616	23	17	17	30	40	24
FBGN0031980	610	684	506	563	962	889
FBGN0045064	1	0	1	12	6	10
FBGN0032448	0	0	0	0	0	0
FBGN0031725	0	0	0	0	0	0
FBGN0032691	38	20	50	44	48	32
FBGN0031690	0	0	0	0	0	0
FBGN0051618	0	0	0	0	0	0
FBGN0028895	16	6	7	9	17	23
FBGN0041195	0	0	0	0	0	0
FBGN0261802	165	155	174	256	399	306
FBGN0032079	0	0	0	0	0	0
FBGN0032297	2	9	0	2	4	3
FBGN0032650	0	0	0	0	0	0
FBGN0020270	78	89	81	95	123	136
FBGN0031540	63	38	37	86	109	95
FBGN0031554	0	0	0	0	0	0
FBGN0025681	48	61	53	102	113	134
FBGN0032685	71	127	70	104	159	162
FBGN0015338	42	39	50	69	123	87
FBGN0032492	0	0	0	0	0	0
FBGN0031711	120	105	109	130	213	169
FBGN0027611	123	157	84	465	570	419
FBGN0264442	279	205	244	253	408	357
FBGN0031741	12	11	4	11	16	14
FBGN0063368	0	0	0	0	0	0
FBGN0262683	0	0	0	0	0	0
FBGN0032554	0	0	0	0	0	0
FBGN0262357	0	0	0	0	0	0
FBGN0028538	109	125	90	121	199	140
FBGN0031484	14	3	8	17	39	20
FBGN0032891	2	0	2	17	7	14
FBGN0262353	0	0	1	0	0	0
FBGN0250903	18	7	21	10	16	14
FBGN0264342	0	0	0	0	0	0
FBGN0051910	0	0	0	0	0	0
FBGN0019809	0	0	0	0	0	0
FBGN0031267	19	4	14	7	16	34
FBGN0024689	72	52	62	118	124	135
FBGN0031252	52	50	28	54	71	55
FBGN0288834	128	167	131	181	229	240
FBGN0052832	0	0	0	0	0	0
FBGN0032481	64	63	87	77	139	100
FBGN0085203	24	15	26	26	28	38
FBGN0032156	2	0	2	4	0	1
FBGN0259958	0	0	0	0	0	0
FBGN0031319	22	14	22	27	26	30
FBGN0040233	43	48	41	43	52	47
FBGN0032371	0	0	0	0	0	0
FBGN0261089	0	0	0	0	0	0
FBGN0262029	524	564	510	624	1039	936
FBGN0032343	1	4	2	1	2	0
FBGN0263320	0	0	0	0	0	0
FBGN0002524	109	128	88	169	175	158
FBGN0031735	0	0	3	1	3	1
FBGN0022023	361	417	348	379	740	705
FBGN0032373	0	0	0	0	0	0
FBGN0045038	0	0	0	0	0	0
FBGN0032816	44	40	35	13	29	40
FBGN0028875	0	0	0	0	0	0
FBGN0054007	0	0	0	0	0	0
FBGN0011570	186	145	131	224	328	290
FBGN0032791	4	0	0	5	1	9
FBGN0028694	407	358	349	502	604	653
FBGN0031816	3	3	4	6	6	7
FBGN0031378	0	0	5	8	9	8
FBGN0032157	110	83	97	99	131	160
FBGN0025366	134	225	138	151	256	254
FBGN0028507	12	11	24	21	45	30
FBGN0032004	0	0	0	0	0	0
FBGN0042092	11	27	7	14	30	21
FBGN0023096	0	0	0	0	0	0
FBGN0085450	111	87	99	167	184	187
FBGN0020545	5	9	14	17	12	24
FBGN0032945	3	0	5	5	0	0
FBGN0261064	21	33	24	37	26	33
FBGN0032439	0	0	0	0	0	0
FBGN0031872	335	284	267	443	591	573
FBGN0031644	0	0	0	0	0	0
FBGN0031446	0	0	0	0	0	0
FBGN0053125	0	0	0	0	0	0
FBGN0051776	0	0	0	0	0	0
FBGN0032249	2	0	3	1	6	0
FBGN0032943	55	73	44	54	107	72
FBGN0032066	0	0	0	0	0	0
FBGN0053641	0	0	0	0	0	0
FBGN0085427	100	163	81	106	214	165
FBGN0041150	0	0	1	1	0	2
FBGN0085410	0	0	1	0	0	0
FBGN0031682	16	24	13	14	20	25
FBGN0031999	0	0	0	0	0	0
FBGN0261529	0	0	0	0	0	0
FBGN0032020	13	48	21	32	48	45
FBGN0051777	0	0	0	1	2	1
FBGN0032341	57	29	44	60	95	97
FBGN0032003	0	0	0	0	0	0
FBGN0262721	0	0	0	0	0	0
FBGN0032479	185	90	148	165	203	253
FBGN0032899	16	2	5	4	15	12
FBGN0031601	22	61	46	55	74	72
FBGN0031463	0	0	0	0	0	0
FBGN0031968	3	17	7	14	10	8
FBGN0032660	0	0	0	0	0	0
FBGN0028893	0	0	0	0	0	0
FBGN0032138	382	409	300	435	556	555
FBGN0032986	22	17	15	20	25	37
FBGN0053849	0	0	0	0	0	0
FBGN0031858	0	0	0	0	0	0
FBGN0051773	0	0	0	0	0	0
FBGN0028518	0	0	0	0	0	4
FBGN0031465	0	0	0	0	0	0
FBGN0003978	34	40	27	49	71	55
FBGN0031639	41	25	35	49	78	65
FBGN0031854	0	0	0	0	0	0
FBGN0051606	0	0	0	0	0	0
FBGN0261999	0	0	0	2	0	2
FBGN0051661	0	0	0	0	0	0
FBGN0085212	24	5	11	16	8	22
FBGN0051708	0	0	0	0	0	0
FBGN0264546	0	0	0	0	0	0
FBGN0051823	0	0	0	0	0	0
FBGN0032151	0	0	0	0	0	0
FBGN0259213	0	0	0	0	0	0
FBGN0263321	0	0	0	0	0	0
FBGN0083945	0	0	0	0	0	0
FBGN0031590	201	202	176	290	374	361
FBGN0085193	0	0	0	0	0	0
FBGN0032849	12	12	21	11	22	13
FBGN0040106	0	0	0	0	0	0
FBGN0031523	0	0	0	0	0	0
FBGN0020416	1	4	4	1	0	1
FBGN0028541	123	92	115	144	188	164
FBGN0021796	297	241	245	357	504	545
FBGN0028527	21	13	24	42	44	29
FBGN0010497	18	26	10	26	52	35
FBGN0266369	128	108	115	189	286	243
FBGN0040107	0	0	0	0	0	0
FBGN0028841	0	0	0	0	0	0
FBGN0032052	58	72	58	76	152	96
FBGN0032050	698	614	549	614	754	831
FBGN0032668	0	0	0	0	0	0
FBGN0014906	43	58	30	53	67	70
FBGN0031619	8	11	4	10	15	6
FBGN0031855	0	0	0	0	0	0
FBGN0028946	0	0	0	0	0	0
FBGN0261535	55	48	63	80	97	93
FBGN0053850	0	0	0	0	0	0
FBGN0031749	0	0	0	0	0	0
FBGN0032266	0	0	0	0	0	0
FBGN0028569	0	0	0	0	0	0
FBGN0040984	0	0	0	0	0	0
FBGN0032798	0	0	3	0	0	0
FBGN0031233	65	74	61	77	89	109
FBGN0085374	0	0	0	0	0	0
FBGN0000392	10	0	4	6	6	10
FBGN0032664	0	0	0	0	0	0
FBGN0263278	4	2	3	1	3	7
FBGN0259735	159	152	147	266	428	320
FBGN0028886	2	6	4	4	2	5
FBGN0053835	0	0	0	0	0	0
FBGN0053870	0	0	0	0	0	0
FBGN0028920	0	0	0	1	2	2
FBGN0000239	167	116	138	218	265	296
FBGN0085409	159	172	141	172	245	216
FBGN0053813	0	0	0	0	0	0
FBGN0032031	27	15	24	23	31	32
FBGN0023407	69	32	53	62	98	77
FBGN0053807	0	0	0	0	0	0
FBGN0260817	32	13	34	33	66	49
FBGN0032358	43	67	29	18	42	31
FBGN0032690	279	237	231	282	321	337
FBGN0031534	101	94	123	106	179	136
FBGN0031649	0	0	1	0	0	0
FBGN0045495	0	0	0	0	0	0
FBGN0032773	10	5	11	22	7	4
FBGN0052987	0	0	0	0	0	0
FBGN0031717	113	106	72	160	201	177
FBGN0053900	0	0	0	0	0	0
FBGN0053844	0	0	0	0	0	0
FBGN0032506	0	0	0	0	0	0
FBGN0014000	2	0	1	0	0	0
FBGN0026141	1	0	3	2	0	0
FBGN0000256	78	37	43	72	134	105
FBGN0284230	0	22	1	4	2	7
FBGN0004868	1001	852	926	1178	1691	1504
FBGN0028932	27	42	38	38	30	33
FBGN0032431	0	0	0	0	0	0
FBGN0032801	1	0	0	0	7	2
FBGN0032213	564	526	553	669	934	796
FBGN0264545	0	0	0	0	0	0
FBGN0261787	24	16	35	27	43	38
FBGN0085194	0	2	1	0	1	1
FBGN0051809	0	3	0	0	0	1
FBGN0032100	0	0	0	0	0	0
FBGN0053862	0	0	0	0	0	0
FBGN0023090	0	0	0	0	0	0
FBGN0261925	0	0	0	0	0	0
FBGN0053892	0	0	0	0	0	0
FBGN0032464	0	0	0	0	0	0
FBGN0051814	0	0	0	0	0	0
FBGN0051633	3	2	3	15	9	9
FBGN0032769	0	0	0	0	0	0
FBGN0000097	148	116	141	165	353	286
FBGN0032375	0	0	0	0	0	0
FBGN0031468	0	0	0	4	6	5
FBGN0031617	0	0	0	0	0	0
FBGN0032252	0	0	0	0	1	0
FBGN0051855	30	25	35	54	60	52
FBGN0032350	238	321	177	280	500	362
FBGN0032021	0	9	2	0	0	0
FBGN0003866	193	152	154	217	311	324
FBGN0032593	0	0	0	0	0	0
FBGN0001128	2	20	26	11	33	12
FBGN0032074	0	0	0	0	0	1
FBGN0004106	301	220	234	372	439	448
FBGN0031598	54	76	60	84	98	121
FBGN0028848	0	0	0	0	0	0
FBGN0264341	0	0	0	0	0	0
FBGN0028884	0	0	0	0	0	0
FBGN0051874	0	0	0	0	0	0
FBGN0031611	21	25	11	21	24	33
FBGN0032135	11	9	7	5	15	13
FBGN0032454	380	401	323	487	663	718
FBGN0032888	0	0	0	0	0	0
FBGN0032634	114	92	92	168	176	158
FBGN0040717	80	13	31	19	6	37
FBGN0028944	0	0	0	0	0	0
FBGN0261396	334	286	280	427	510	545
FBGN0032639	0	0	5	2	1	0
FBGN0031343	0	0	0	0	0	0
FBGN0032956	121	151	121	147	170	196
FBGN0264361	0	0	0	0	0	0
FBGN0053126	2	0	0	1	0	0
FBGN0267347	6	6	8	5	8	7
FBGN0000183	167	96	105	141	200	187
FBGN0028892	0	0	0	0	0	0
FBGN0032775	130	102	138	156	255	240
FBGN0032451	44	45	23	31	62	49
FBGN0032161	10	18	10	17	31	36
FBGN0053801	0	0	0	15	15	37
FBGN0031335	0	0	0	0	0	0
FBGN0031575	34	4	26	33	36	38
FBGN0265298	298	249	251	221	426	388
FBGN0051835	0	0	0	0	0	0
FBGN0002855	0	0	0	0	0	0
FBGN0051922	16	16	11	12	24	29
FBGN0032900	0	0	0	0	0	0
FBGN0031645	52	76	33	62	107	84
FBGN0001970	37	29	26	31	65	48
FBGN0000250	207	196	168	277	385	336
FBGN0051698	0	11	0	0	0	0
FBGN0014019	0	0	0	0	0	0
FBGN0053826	0	0	0	0	0	0
FBGN0032533	0	0	0	0	0	0
FBGN0284247	1593	1531	1474	2072	2516	2606
FBGN0083972	0	0	0	0	0	0
FBGN0032005	103	122	100	157	200	185
FBGN0032119	0	0	0	0	0	0
FBGN0026391	0	0	0	0	0	0
FBGN0283658	103	96	82	117	170	171
FBGN0032771	0	0	0	0	0	0
FBGN0032800	0	0	0	0	0	0
FBGN0032449	3	0	0	9	10	10
FBGN0032971	0	0	0	0	0	0
FBGN0286929	0	0	0	0	0	0
FBGN0000018	7	7	16	15	11	15
FBGN0003255	1	0	0	0	0	2
FBGN0013323	0	0	0	0	0	0
FBGN0051780	0	0	0	0	0	0
FBGN0031309	10	12	16	17	22	22
FBGN0011244	0	0	0	0	0	0
FBGN0032462	0	0	0	0	0	0
FBGN0261831	0	0	0	0	0	0
FBGN0031231	39	58	23	57	40	51
FBGN0031296	0	0	0	0	0	0
FBGN0032434	0	0	0	0	0	0
FBGN0028570	0	0	0	0	0	0
FBGN0026396	0	0	0	0	0	0
FBGN0028370	0	0	3	0	0	0
FBGN0032677	0	0	0	0	0	0
FBGN0051638	113	98	85	129	157	137
FBGN0031258	0	0	0	0	0	0
FBGN0031472	0	0	0	0	0	0
FBGN0265269	0	0	0	0	0	0
FBGN0031738	41	13	37	51	100	73
FBGN0024371	81	56	61	66	102	112
FBGN0026431	99	50	60	81	110	85
FBGN0031771	159	147	161	241	348	298
FBGN0040972	0	0	0	0	0	0
FBGN0005677	34	16	39	39	58	53
FBGN0028939	3	7	4	6	3	4
FBGN0024947	60	45	45	78	120	116
FBGN0053532	0	0	0	0	0	0
FBGN0264295	0	0	0	0	0	0
FBGN0032755	0	0	0	0	0	0
FBGN0043456	693	607	630	893	1203	1115
FBGN0031981	132	104	68	143	180	176
FBGN0032860	0	0	0	0	0	0
FBGN0040705	0	0	0	0	0	0
FBGN0264087	0	0	0	0	0	0
FBGN0086447	44	17	26	41	42	38
FBGN0020309	506	476	522	624	1057	945
FBGN0261871	0	0	1	0	0	0
FBGN0032253	0	0	3	2	3	1
FBGN0040963	0	0	0	0	0	0
FBGN0031275	0	0	0	0	0	0
FBGN0287204	26	32	17	64	49	69
FBGN0031375	0	0	0	0	0	0
FBGN0032059	24	6	18	12	36	20
FBGN0032635	194	153	133	212	250	280
FBGN0031257	0	0	0	0	0	0
FBGN0052982	82	35	59	75	148	124
FBGN0067311	0	0	0	0	0	0
FBGN0032262	0	0	0	0	0	0
FBGN0026787	19	6	9	4	18	15
FBGN0260933	1	0	0	2	2	3
FBGN0041183	0	0	1	8	7	1
FBGN0003502	218	126	196	308	406	350
FBGN0027582	196	161	158	250	338	292
FBGN0025674	50	86	40	60	87	99
FBGN0032694	36	27	27	35	49	53
FBGN0031935	0	0	0	0	0	0
FBGN0261571	0	0	0	0	0	0
FBGN0014076	0	0	0	0	0	0
FBGN0028913	0	0	0	0	0	0
FBGN0031277	0	0	0	0	0	0
FBGN0032295	24	24	41	39	50	52
FBGN0085200	0	0	0	0	0	0
FBGN0014417	10	9	23	15	12	6
FBGN0265256	0	0	0	0	0	0
FBGN0287768	129	88	109	149	159	183
FBGN0053898	0	0	0	0	0	0
FBGN0031866	0	0	0	0	0	0
FBGN0053861	0	0	0	0	0	0
FBGN0031322	35	14	21	32	31	53
FBGN0031412	0	0	0	0	0	0
FBGN0011829	0	0	0	2	0	0
FBGN0014179	0	0	1	0	0	0
FBGN0032397	124	65	118	144	286	222
FBGN0261805	0	0	0	0	0	0
FBGN0032812	39	21	32	20	43	48
FBGN0261963	9	12	10	7	20	10
FBGN0040964	29	12	17	32	25	32
FBGN0031250	22	15	30	38	67	55
FBGN0250843	458	387	436	547	868	807
FBGN0021906	79	76	58	124	166	149
FBGN0032770	0	0	0	0	0	0
FBGN0032601	13	11	13	36	18	30
FBGN0265670	0	0	0	0	0	0
FBGN0032321	36	50	41	41	52	95
FBGN0053120	7	0	0	1	0	0
FBGN0261881	22	32	24	24	54	59
FBGN0264081	0	0	0	0	0	0
FBGN0003016	31	32	26	48	66	35
FBGN0031495	36	36	15	60	51	43
FBGN0010602	221	237	235	240	460	368
FBGN0040506	0	0	0	0	0	0
FBGN0002036	2	0	3	0	6	3
FBGN0031420	24	5	18	61	50	51
FBGN0031713	62	51	50	60	124	85
FBGN0002931	29	31	17	36	56	50
FBGN0051948	0	0	0	0	0	0
FBGN0032054	92	79	76	93	145	142
FBGN0031253	31	14	27	34	43	50
FBGN0031545	0	0	0	0	1	0
FBGN0032876	53	75	59	74	90	116
FBGN0263037	0	0	0	0	0	0
FBGN0031937	0	0	3	0	0	0
FBGN0085188	47	36	45	69	122	108
FBGN0032805	1	0	6	8	4	0
FBGN0013433	0	0	0	0	0	0
FBGN0064115	5	2	10	2	7	11
FBGN0032160	99	28	77	110	160	134
FBGN0032648	0	0	0	0	0	0
FBGN0085206	0	0	0	0	0	0
FBGN0053906	0	0	0	0	0	0
FBGN0031306	0	12	3	0	2	3
FBGN0032473	0	0	0	1	0	0
FBGN0023489	0	0	0	0	0	0
FBGN0051774	0	0	0	0	0	0
FBGN0085208	28	20	16	30	25	24
FBGN0032195	35	27	22	33	35	31
FBGN0026324	81	67	49	116	134	153
FBGN0011703	509	428	514	598	856	1004
FBGN0265001	0	0	0	0	0	0
FBGN0031287	37	15	23	34	28	38
FBGN0040715	1	0	3	2	2	5
FBGN0053897	0	0	0	0	0	0
FBGN0026394	0	0	0	0	0	0
FBGN0032435	0	0	0	0	0	0
FBGN0031637	21	17	22	21	41	66
FBGN0264815	1	0	0	2	1	0
FBGN0003751	0	1	0	0	0	0
FBGN0261991	0	0	0	0	0	0
FBGN0028900	0	0	0	0	0	0
FBGN0032150	14	6	2	12	19	26
FBGN0053923	0	0	0	0	0	0
FBGN0042129	0	0	0	0	0	0
FBGN0032394	58	55	36	50	85	52
FBGN0011305	250	221	159	291	419	328
FBGN0085207	0	0	0	0	0	0
FBGN0024191	63	69	55	87	97	86
FBGN0032391	30	25	26	28	54	21
FBGN0031519	2	5	7	21	13	19
FBGN0002989	37	5	29	27	49	35
FBGN0032366	0	0	0	0	0	0
FBGN0031859	0	0	0	0	0	0
FBGN0263087	0	0	0	0	0	0
FBGN0031678	139	103	161	190	237	267
FBGN0032331	0	0	0	0	0	0
FBGN0040299	5	0	0	0	0	1
FBGN0031745	6	0	2	9	15	14
FBGN0052985	0	0	0	0	0	0
FBGN0032846	11	12	5	14	18	4
FBGN0032878	0	0	0	0	0	0
FBGN0031424	0	0	0	0	0	0
FBGN0032520	0	0	1	0	0	0
FBGN0031292	0	0	0	0	0	0
FBGN0029174	447	448	377	465	617	516
FBGN0003475	9	2	5	8	19	15
FBGN0053889	0	0	0	0	0	0
FBGN0032024	0	0	0	1	5	15
FBGN0032014	17	26	11	14	19	29
FBGN0031251	0	0	0	0	0	0
FBGN0031388	0	0	0	0	0	0
FBGN0032483	0	0	0	0	0	0
FBGN0001978	58	57	43	79	95	94
FBGN0031844	0	0	0	0	0	0
FBGN0040949	0	0	0	0	0	0
FBGN0021856	76	48	64	89	124	110
FBGN0031520	0	5	0	0	0	0
FBGN0053928	0	0	0	0	0	0
FBGN0028987	0	0	0	0	0	0
FBGN0032202	19	39	24	56	40	61
FBGN0001125	201	131	178	258	354	369
FBGN0051760	0	0	0	0	0	0
FBGN0031975	3	0	6	2	3	3
FBGN0026392	0	0	0	0	0	0
FBGN0032187	1	0	0	0	0	1
FBGN0032096	0	0	0	0	0	0
FBGN0265264	0	0	0	0	0	0
FBGN0040992	0	7	0	0	1	0
FBGN0259949	0	0	0	0	0	0
FBGN0086856	91	41	52	81	126	129
FBGN0051820	0	0	0	0	0	0
FBGN0002856	0	0	0	0	0	0
FBGN0263585	0	0	0	0	0	0
FBGN0031879	1768	1485	1622	2092	3718	3290
FBGN0265002	0	0	0	0	0	0
FBGN0031458	69	71	56	83	125	128
FBGN0004394	24	20	19	38	69	61
FBGN0051617	0	0	0	0	0	0
FBGN0052831	29	12	18	35	35	44
FBGN0085209	0	0	0	0	0	0
FBGN0031696	43	51	50	35	81	43
FBGN0032168	24	29	18	35	27	16
FBGN0032442	0	0	1	0	0	0
FBGN0004419	761	637	579	769	1014	967
FBGN0028857	0	0	0	0	0	0
FBGN0261358	0	0	0	0	0	0
FBGN0283659	14	19	9	14	30	16
FBGN0041789	130	104	97	145	217	177
FBGN0032010	0	0	1	1	0	0
FBGN0011202	136	85	137	161	247	203
FBGN0031392	82	53	109	82	109	119
FBGN0267976	145	140	122	117	172	152
FBGN0261349	0	0	0	0	0	0
FBGN0032509	156	106	85	158	205	161
FBGN0261357	0	0	0	0	0	0
FBGN0051702	0	0	0	0	0	0
FBGN0032065	0	0	0	0	0	0
FBGN0032824	0	0	0	3	0	2
FBGN0032348	238	334	224	284	410	443
FBGN0031660	63	40	41	78	103	76
FBGN0031444	0	0	0	0	0	0
FBGN0031757	0	0	0	0	0	0
FBGN0011259	46	57	65	71	157	117
FBGN0041092	154	159	115	155	281	254
FBGN0040232	348	361	330	403	390	384
FBGN0040968	0	0	1	0	1	3
FBGN0032281	0	7	3	2	0	0
FBGN0011705	19	34	25	45	52	45
FBGN0051668	0	0	0	0	0	0
FBGN0032126	0	0	0	0	0	0
FBGN0004797	66	68	37	74	86	100
FBGN0032242	814	780	578	932	1069	1186
FBGN0031318	81	77	85	79	101	130
FBGN0032590	0	0	0	0	0	0
FBGN0003187	1	0	1	4	2	1
FBGN0085196	0	0	0	0	0	0
FBGN0032269	0	0	0	0	0	0
FBGN0026147	52	37	60	60	80	79
FBGN0032153	7	8	11	17	17	10
FBGN0028533	4	11	1	0	1	2
FBGN0032553	0	0	0	0	0	0
FBGN0032452	0	0	0	2	2	2
FBGN0051793	10	12	4	19	36	25
FBGN0000464	194	146	208	322	411	398
FBGN0051852	146	137	131	170	165	174
FBGN0032131	0	0	0	0	0	0
FBGN0032304	1	7	3	0	0	0
FBGN0016075	155	119	111	143	157	106
FBGN0053508	7	0	7	0	0	0
FBGN0286027	49	22	39	58	83	75
FBGN0051933	0	0	0	0	0	0
FBGN0286723	0	6	1	7	0	1
FBGN0010265	1006	918	853	1138	1772	1486
FBGN0031758	0	0	0	0	0	0
FBGN0031478	21	28	13	19	42	36
FBGN0031900	0	0	0	0	0	0
FBGN0032000	21	23	4	20	34	32
FBGN0027094	797	617	649	953	1177	1305
FBGN0270924	227	200	238	242	367	306
FBGN0032398	107	81	96	163	237	201
FBGN0264922	627	418	331	616	836	738
FBGN0031655	17	24	32	15	24	31
FBGN0041097	0	0	3	0	0	0
FBGN0284084	121	105	67	187	225	209
FBGN0027929	0	0	0	0	0	0
FBGN0019830	20	40	37	57	81	47
FBGN0040950	1	0	1	18	5	1082
FBGN0261697	0	0	0	0	0	0
FBGN0032799	81	70	85	79	131	94
FBGN0031894	61	77	50	44	63	68
FBGN0032087	0	0	0	0	0	0
FBGN0001994	276	193	256	371	528	489
FBGN0053852	0	0	0	0	0	0
FBGN0031469	0	0	0	0	0	0
FBGN0085339	7	22	3	2	4	9
FBGN0031631	19	22	14	44	37	39
FBGN0053899	0	0	0	0	0	0
FBGN0032154	12	5	9	1	9	6
FBGN0028990	232	266	191	361	498	443
FBGN0032645	0	0	0	0	0	0
FBGN0053814	0	0	0	0	0	0
FBGN0027592	100	87	112	128	205	149
FBGN0015797	57	78	33	66	112	64
FBGN0032346	27	9	38	27	40	60
FBGN0002525	1388	1079	1259	1768	2525	2710
FBGN0053121	0	0	0	0	0	0
FBGN0053816	0	0	0	0	0	0
FBGN0032421	86	94	88	110	169	178
FBGN0015772	42	30	22	42	77	83
FBGN0264742	28	4	20	26	27	29
FBGN0265262	0	2	2	1	4	2
FBGN0031952	36	29	36	59	86	55
FBGN0031703	4	0	4	15	3	11
FBGN0264340	0	0	0	0	0	0
FBGN0053882	0	0	0	0	0	0
FBGN0266521	595	607	479	825	837	790
FBGN0031969	6	20	10	7	18	28
FBGN0032194	58	41	33	39	58	61
FBGN0031684	31	44	30	61	96	75
FBGN0031389	0	0	0	1	0	5
FBGN0032493	0	0	0	0	0	0
FBGN0031596	0	0	0	0	0	0
FBGN0051785	0	0	0	0	0	0
FBGN0051719	0	0	0	0	0	1
FBGN0031476	0	0	0	0	0	0
FBGN0032857	0	0	0	0	0	0
FBGN0005660	1	0	0	1	1	0
FBGN0028375	38	19	24	39	99	87
FBGN0041103	0	0	0	0	0	0
FBGN0051921	0	0	0	0	0	0
FBGN0086907	0	0	0	0	0	0
FBGN0011832	0	0	0	0	0	0
FBGN0031613	0	0	0	0	0	0
FBGN0032086	0	0	0	0	0	0
FBGN0051679	0	0	0	0	0	0
FBGN0053857	0	0	0	0	0	0
FBGN0264086	0	0	0	0	0	0
FBGN0051810	0	0	0	0	0	0
FBGN0031431	0	0	0	0	0	0
FBGN0051989	33	34	27	42	60	54
FBGN0026577	166	293	183	237	367	301
FBGN0031850	145	205	155	219	370	350
FBGN0031710	43	13	34	48	64	47
FBGN0053884	0	0	0	0	0	0
FBGN0001202	68	17	42	50	91	83
FBGN0053307	2	1	2	2	0	0
FBGN0032863	22	28	31	37	47	59
FBGN0261647	79	54	77	79	97	109
FBGN0031630	1	6	3	1	3	4
FBGN0032974	41	31	39	43	93	56
FBGN0032730	11	0	1	9	6	0
FBGN0031729	0	0	0	0	0	0
FBGN0040070	214	197	221	294	321	306
FBGN0024248	104	85	50	101	141	134
FBGN0058439	2	8	1	0	0	0
FBGN0284082	0	0	0	0	0	0
FBGN0031442	0	0	0	0	0	0
FBGN0031295	0	0	0	0	0	0
FBGN0051955	3	2	2	0	0	1
FBGN0051690	0	0	0	0	0	0
FBGN0262354	0	0	0	0	0	0
FBGN0032122	0	0	0	0	0	0
FBGN0024920	130	96	126	145	241	275
FBGN0004893	631	663	482	817	1241	1078
FBGN0031610	5	0	7	1	8	3
FBGN0031996	116	128	76	148	202	173
FBGN0015808	88	46	95	124	179	164
FBGN0259965	0	0	0	0	0	0
FBGN0004407	11	14	16	7	16	23
FBGN0053300	0	0	0	0	0	0
FBGN0011230	1010	747	834	1131	1533	1349
FBGN0051876	0	0	0	0	0	0
FBGN0031544	136	127	118	123	232	198
FBGN0040010	144	111	110	129	181	108
FBGN0031299	0	0	0	0	0	0
FBGN0025686	0	0	0	0	0	8
FBGN0032681	17	32	12	21	40	25
FBGN0264895	52	36	54	73	112	77
FBGN0032235	0	0	0	0	0	5
FBGN0012036	68	16	67	42	32	40
FBGN0031450	107	103	104	151	205	205
FBGN0053834	0	0	0	0	3	1
FBGN0032896	0	0	1	0	0	0
FBGN0032068	0	0	0	0	0	1
FBGN0031936	0	0	0	0	0	0
FBGN0024734	82	108	58	79	127	83
FBGN0032981	0	0	0	0	0	0
FBGN0004507	324	224	289	308	590	554
FBGN0263026	0	0	0	0	0	0
FBGN0020880	0	0	0	0	1	0
FBGN0053860	0	0	0	0	0	0
FBGN0015400	0	7	4	1	0	0
FBGN0032318	0	0	0	0	0	0
FBGN0262877	0	0	0	0	0	0
FBGN0032682	68	98	67	84	174	155
FBGN0031244	4	4	2	10	22	18
FBGN0032211	0	0	0	0	0	0
FBGN0019890	210	130	228	209	293	284
FBGN0016930	119	121	109	230	260	225
FBGN0051789	0	0	0	0	0	0
FBGN0032669	0	0	0	0	3	0
FBGN0031566	34	15	33	45	53	59
FBGN0031997	29	16	27	33	43	42
FBGN0028887	0	0	0	0	0	0
FBGN0016054	33	37	32	8	3	3
FBGN0032117	16	0	1	4	7	11
FBGN0031494	22	28	23	36	46	37
FBGN0261531	0	0	0	0	0	0
FBGN0032313	0	0	0	0	0	0
FBGN0015803	34	19	20	41	60	67
FBGN0086130	32	40	35	30	49	35
FBGN0031288	0	0	0	0	0	0
FBGN0010612	194	225	163	210	327	308
FBGN0051792	0	0	0	0	0	0
FBGN0262872	95	80	75	84	175	204
FBGN0000052	181	212	196	168	245	292
FBGN0041250	0	0	0	0	0	0
FBGN0032178	0	0	0	0	0	0
FBGN0053116	38	27	33	46	85	76
FBGN0259960	0	0	0	0	0	0
FBGN0263234	0	0	0	0	0	1
FBGN0001301	108	104	78	113	141	142
FBGN0265607	0	0	0	0	0	0
FBGN0067779	62	60	76	72	132	104
FBGN0032522	0	0	0	0	0	0
FBGN0032465	88	86	64	91	128	121
FBGN0263256	59	34	50	22	47	46
FBGN0031419	7	5	11	8	9	8
FBGN0000588	23	30	11	16	32	34
FBGN0032017	25	25	24	39	24	23
FBGN0051716	187	257	184	248	358	343
FBGN0032048	0	0	0	0	0	0
FBGN0028534	3	0	0	0	0	0
FBGN0051730	0	0	0	0	0	0
FBGN0031409	0	0	0	0	0	0
FBGN0262814	0	0	0	0	0	0
FBGN0031428	5	0	5	3	10	12
FBGN0028903	0	0	0	0	0	0
FBGN0011207	48	27	27	38	45	50
FBGN0051637	18	37	22	20	52	39
FBGN0031283	0	0	0	0	0	0
FBGN0032614	1	7	0	0	2	0
FBGN0267327	0	0	0	0	0	0
FBGN0262743	851	594	682	821	1145	1140
FBGN0032889	146	140	127	228	377	278
FBGN0003141	20	60	22	59	80	64
FBGN0054003	0	0	0	2	0	1
FBGN0041781	43	53	49	64	102	74
FBGN0031530	10	16	6	6	21	26
FBGN0032376	0	0	0	0	0	0
FBGN0000320	24	6	11	37	86	43
FBGN0032563	0	0	0	0	0	0
FBGN0032205	9	16	4	4	4	10
FBGN0025724	517	431	395	585	782	730
FBGN0264743	8	7	5	16	23	20
FBGN0032364	0	0	0	0	0	0
FBGN0028950	0	0	0	0	0	0
FBGN0032877	4	10	13	4	8	8
FBGN0031220	0	0	5	0	2	0
FBGN0032471	0	0	0	0	0	0
FBGN0032588	0	0	0	0	0	0
FBGN0051870	0	0	0	0	0	0
FBGN0264990	0	0	0	0	0	0
FBGN0005664	0	0	0	0	0	0
FBGN0264432	0	0	0	0	0	0
FBGN0051867	0	0	0	0	0	0
FBGN0264543	0	0	0	0	0	0
FBGN0053113	429	488	371	598	959	712
FBGN0028858	0	0	0	0	0	0
FBGN0262599	0	0	0	0	0	0
FBGN0031422	17	5	14	24	19	20
FBGN0032715	48	47	29	31	50	26
FBGN0053510	0	0	0	0	0	1
FBGN0004872	5	0	2	3	3	11
FBGN0031294	0	0	5	0	0	0
FBGN0032370	0	0	0	0	0	0
FBGN0086683	112	104	98	128	170	161
FBGN0031505	69	87	63	103	121	87
FBGN0028901	0	0	0	0	0	0
FBGN0032260	0	0	0	0	0	0
FBGN0028896	0	0	0	0	0	1
FBGN0083973	0	0	0	0	0	0
FBGN0051924	0	0	0	0	0	0
FBGN0263133	78	72	60	93	88	117
FBGN0053509	0	0	0	0	0	0
FBGN0058006	8	22	14	22	22	43
FBGN0031779	7	28	18	34	49	61
FBGN0031876	12	20	10	15	18	15
FBGN0002593	597	701	504	563	1086	935
FBGN0259957	0	0	0	0	0	0
FBGN0042175	0	0	0	0	4	0
FBGN0012037	1038	887	1163	1376	1738	1299
FBGN0031522	0	0	0	0	0	0
FBGN0031602	0	0	0	0	0	0
FBGN0041723	0	5	1	2	0	0
FBGN0031768	15	24	22	25	42	25
FBGN0040508	0	0	0	0	0	0
FBGN0283652	55	27	39	48	70	62
FBGN0031451	0	1	1	6	0	0
FBGN0003209	45	57	29	51	100	86
FBGN0262358	0	0	0	0	0	0
FBGN0053907	0	0	0	0	0	0
FBGN0003430	0	0	0	0	0	0
FBGN0024740	0	0	0	0	0	0
FBGN0011818	43	127	63	57	76	100
FBGN0032731	27	23	24	47	41	41
FBGN0031286	12	11	14	22	16	26
FBGN0032290	22	18	19	42	72	76
FBGN0031737	0	0	1	0	0	1
FBGN0027568	454	355	403	535	628	668
FBGN0031721	0	0	0	0	0	0
FBGN0032884	152	119	158	186	266	261
FBGN0028707	8	3	14	13	11	30
FBGN0028542	0	0	3	1	1	2
FBGN0032809	0	0	0	0	0	0
FBGN0032336	0	0	1	0	0	0
FBGN0032790	8	15	12	17	14	28
FBGN0028658	16	1	5	9	9	11
FBGN0031817	3	0	5	6	10	7
FBGN0001942	2910	2635	2354	3037	3906	4349
FBGN0027600	181	157	203	257	382	354
FBGN0031592	0	0	0	0	0	0
FBGN0031728	0	0	0	4	1	0
FBGN0024291	175	238	164	183	254	338
FBGN0031414	0	0	3	0	0	0
FBGN0053124	0	0	0	0	0	0
FBGN0085422	0	0	0	0	0	0
FBGN0015834	270	344	298	387	620	531
FBGN0028870	0	0	0	0	0	0
FBGN0283678	0	0	0	0	0	0
FBGN0086779	21	28	32	46	45	53
FBGN0051902	0	0	0	0	0	0
FBGN0031920	0	0	0	0	0	0
FBGN0028866	0	0	0	0	0	0
FBGN0028482	3	0	2	0	0	1
FBGN0031913	1	5	3	4	2	3
FBGN0032330	118	75	73	156	192	147
FBGN0020429	0	0	0	0	0	0
FBGN0053831	0	0	0	0	0	0
FBGN0032600	93	67	94	126	179	148
FBGN0053903	0	0	0	0	0	0
FBGN0031483	24	42	9	23	24	30
FBGN0040967	0	0	0	0	0	0
FBGN0031926	25	19	43	36	59	37
FBGN0004811	58	83	58	72	121	119
FBGN0031766	3	7	1	2	10	13
FBGN0031769	613	595	543	825	1297	1223
FBGN0032929	61	43	44	90	77	85
FBGN0263354	0	0	0	0	0	0
FBGN0032835	0	0	0	0	0	0
FBGN0010263	0	3	1	0	0	0
FBGN0013531	52	49	36	76	103	99
FBGN0259950	1	16	0	0	0	0
FBGN0032280	6	24	11	7	0	0
FBGN0032486	9	5	7	7	18	10
FBGN0032428	2	0	1	0	0	3
FBGN0052463	0	0	0	0	0	0
FBGN0286781	314	312	277	349	427	378
FBGN0043002	58	51	47	64	86	96
FBGN0044811	0	0	0	0	0	0
FBGN0031310	50	60	48	47	86	69
FBGN0053893	0	0	0	0	0	0
FBGN0031661	48	66	92	72	135	118
FBGN0004620	0	0	0	0	0	0
FBGN0053851	0	0	0	0	0	0
FBGN0032706	0	9	0	0	0	0
FBGN0020906	0	2	0	1	0	1
FBGN0053648	0	0	0	0	0	0
FBGN0031877	6	5	7	9	20	34
FBGN0032457	0	0	0	0	0	0
FBGN0261597	391	404	449	561	871	791
FBGN0032388	175	225	147	171	262	221
FBGN0020497	715	570	661	830	1022	998
FBGN0032311	0	0	0	0	0	0
FBGN0028516	0	0	0	0	0	0
FBGN0032925	230	173	212	279	357	355
FBGN0053841	0	0	0	0	0	0
FBGN0032489	0	0	0	0	0	0
FBGN0250785	277	239	190	360	497	449
FBGN0263080	0	0	0	0	0	0
FBGN0263314	0	0	0	0	0	0
FBGN0053310	0	0	0	0	0	0
FBGN0032703	40	36	23	80	70	46
FBGN0032101	69	46	22	17	54	40
FBGN0261830	0	0	0	0	0	0
FBGN0250847	0	0	0	0	0	0
FBGN0031853	0	0	0	0	0	0
FBGN0031307	330	207	333	440	594	605
FBGN0010422	133	79	107	166	198	141
FBGN0031986	0	0	0	0	0	0
FBGN0267252	0	0	3	0	0	0
FBGN0031536	31	28	18	29	81	49
FBGN0000075	37	24	37	36	82	60
FBGN0002938	2	2	2	5	5	1
FBGN0031736	87	67	39	108	118	150
FBGN0053864	0	0	0	0	0	0
FBGN0051740	0	0	0	0	0	0
FBGN0000286	16	8	15	23	41	25
FBGN0028897	8	17	9	13	31	18
FBGN0051626	0	0	0	0	0	0
FBGN0026397	0	0	0	0	0	0
FBGN0014127	221	176	195	292	352	385
FBGN0261239	54	112	62	101	117	144
FBGN0264744	19	23	21	7	18	15
FBGN0011294	0	0	0	0	0	0
FBGN0005617	156	110	159	167	193	173
FBGN0053876	0	0	0	0	0	0
FBGN0260453	0	0	0	0	0	0
FBGN0032312	0	0	0	0	0	0
FBGN0031882	6	4	1	7	16	16
FBGN0053281	0	0	0	0	0	0
FBGN0051926	0	0	0	0	0	0
FBGN0267330	133	94	77	126	249	165
FBGN0032322	0	0	1	2	0	3
FBGN0028703	14	23	29	35	33	35
FBGN0032244	108	94	63	95	187	180
FBGN0019686	52	57	76	86	114	148
FBGN0032853	0	0	0	0	0	0
FBGN0032919	163	115	133	165	174	174
FBGN0015035	0	0	0	0	0	0
FBGN0032250	86	59	53	101	97	97
FBGN0014857	200	254	238	269	424	391
FBGN0040102	0	2	0	0	4	3
FBGN0031716	0	0	0	0	0	0
FBGN0286786	204	139	186	272	304	352
FBGN0032864	403	323	359	485	717	753
FBGN0021761	326	272	264	394	506	534
FBGN0032740	0	0	0	0	0	0
FBGN0028490	91	77	75	54	69	54
FBGN0020503	69	28	76	92	148	139
FBGN0287724	0	0	0	0	2	1
FBGN0031990	145	105	113	219	254	245
FBGN0032033	3	9	7	24	18	15
FBGN0020415	2	0	5	2	3	10
FBGN0032644	16	13	10	24	35	43
FBGN0032796	63	28	57	82	107	100
FBGN0065109	0	0	0	0	0	0
FBGN0032109	0	0	0	0	0	0
FBGN0053846	0	0	0	0	0	0
FBGN0031261	0	0	5	3	5	1
FBGN0053855	0	0	0	0	0	0
FBGN0051673	30	22	32	60	85	45
FBGN0053868	0	0	0	4	1	0
FBGN0085197	0	0	0	0	0	0
FBGN0000317	222	147	174	196	336	230
FBGN0259229	0	0	0	2	0	0
FBGN0031603	42	25	37	20	43	40
FBGN0032053	36	36	36	67	94	87
FBGN0002566	84	51	64	77	117	80
FBGN0051643	14	17	18	6	18	20
FBGN0051663	0	15	3	0	0	0
FBGN0004567	0	0	1	0	0	0
FBGN0031485	37	38	54	74	64	64
FBGN0031496	0	0	0	0	0	0
FBGN0028544	69	31	114	43	40	93
FBGN0051612	7	16	3	6	13	6
FBGN0031390	362	373	306	376	512	502
FBGN0051788	0	0	0	0	0	0
FBGN0031972	15	9	18	31	34	30
FBGN0001170	3	2	3	11	3	8
FBGN0267365	55	49	52	86	54	48
FBGN0286898	197	221	175	251	443	346
FBGN0032416	0	0	0	0	0	0
FBGN0265138	0	0	0	0	0	0
FBGN0260446	0	0	0	0	0	0
FBGN0032779	3	9	6	10	14	17
FBGN0287218	0	0	0	0	0	0
FBGN0032595	16	10	7	19	16	17
FBGN0262140	0	0	0	0	0	0
FBGN0029161	25	13	38	50	68	35
FBGN0003607	411	364	365	433	525	460
FBGN0031460	0	0	0	0	0	0
FBGN0029137	0	0	0	0	0	0
FBGN0264308	1	0	0	1	0	0
FBGN0262786	0	0	0	0	0	0
FBGN0011291	37	38	18	29	69	47
FBGN0032419	0	0	0	0	0	0
FBGN0031337	0	0	0	0	0	0
FBGN0001989	56	48	35	50	87	68
FBGN0040958	0	1	0	9	7	486
FBGN0031770	0	0	0	0	0	0
FBGN0032147	28	51	29	20	30	28
FBGN0031622	0	0	0	0	1	0
FBGN0053809	0	0	0	0	0	0
FBGN0028398	33	17	58	63	125	67
FBGN0031939	0	0	0	2	0	1
FBGN0032850	0	0	0	0	0	0
FBGN0031571	549	561	485	651	851	816
FBGN0031533	0	0	0	0	0	0
FBGN0264433	0	0	0	0	0	0
FBGN0000547	2034	1744	1545	2825	3680	3572
FBGN0003270	0	0	0	0	0	0
FBGN0264362	0	0	0	0	0	0
FBGN0031216	318	256	268	345	332	318
FBGN0032577	0	0	0	0	0	0
FBGN0004867	1043	907	998	1250	2321	1973
FBGN0002673	1	9	6	8	18	8
FBGN0263094	0	0	0	0	0	0
FBGN0032495	14	13	9	18	15	11
FBGN0086855	135	69	96	116	157	156
FBGN0032104	0	0	0	0	0	0
FBGN0032026	161	96	135	168	226	152
FBGN0263200	10	18	13	13	18	11
FBGN0053888	0	0	0	0	0	0
FBGN0051908	37	23	24	28	68	50
FBGN0287234	20	11	14	10	13	16
FBGN0031747	0	1	0	0	0	65
FBGN0032518	384	339	361	525	778	711
FBGN0032002	0	0	0	0	0	0
FBGN0031498	8	0	3	5	7	2
FBGN0031517	0	0	0	0	0	0
FBGN0031995	59	59	55	83	85	98
FBGN0000182	0	0	0	0	1	0
FBGN0263079	0	0	0	0	0	0
FBGN0083960	0	0	0	0	0	0
FBGN0053815	0	0	0	0	0	0
FBGN0032632	0	0	0	0	0	0
FBGN0000055	3	3	33	38	8	2
FBGN0031791	0	0	0	0	0	0
FBGN0051634	0	0	1	0	0	0
FBGN0031489	0	0	0	0	0	0
FBGN0032839	0	0	0	0	0	0
FBGN0031834	0	0	0	0	0	0
FBGN0053196	1959	1621	1633	1987	2991	2705
FBGN0013810	0	0	0	0	0	0
FBGN0031440	0	0	0	0	0	0
FBGN0064225	2850	2983	2405	3056	3823	4024
FBGN0031692	0	0	0	0	0	0
FBGN0002021	33	28	40	39	49	31
FBGN0023415	0	0	0	0	0	0
FBGN0032880	303	318	261	435	612	518
FBGN0032515	45	10	42	37	56	66
FBGN0031720	0	0	0	0	0	0
FBGN0021967	61	39	72	89	98	86
FBGN0032753	0	3	0	0	0	0
FBGN0261627	0	0	0	0	0	0
FBGN0053818	0	0	0	0	0	0
FBGN0053891	0	0	0	0	0	0
FBGN0032381	0	0	0	0	0	1
FBGN0032016	50	16	46	68	96	58
FBGN0031740	19	29	35	18	57	54
FBGN0032879	0	0	0	0	0	0
FBGN0040097	0	0	0	0	0	0
FBGN0263082	0	0	0	0	0	0
FBGN0032222	9	9	22	10	23	12
FBGN0031662	49	29	54	45	139	66
FBGN0053531	9	17	5	13	10	26
FBGN0014033	1	0	7	4	3	0
FBGN0011274	3	2	1	5	4	6
FBGN0032022	9	0	6	5	9	7
FBGN0031829	0	0	0	0	0	0
FBGN0028537	0	0	0	0	0	0
FBGN0040496	27	45	35	31	57	33
FBGN0031826	0	0	0	0	0	0
FBGN0032961	215	153	172	173	189	195
FBGN0031249	0	0	0	0	0	0
FBGN0067622	12	5	9	14	15	14
FBGN0032406	0	0	0	0	0	0
FBGN0000061	27	38	37	62	94	90
FBGN0032871	0	0	0	0	0	0
FBGN0001086	215	144	259	288	455	405
FBGN0259151	0	0	0	0	0	0
FBGN0031951	38	23	42	42	48	43
FBGN0264363	0	0	0	0	0	0
FBGN0053854	0	0	0	0	0	0
FBGN0259716	4	0	0	0	2	1
FBGN0031298	35	34	23	42	47	63
FBGN0031929	0	0	0	0	0	0
FBGN0027586	1	0	0	0	0	0
FBGN0032467	275	213	226	321	430	433
FBGN0051866	0	2	1	1	5	3
FBGN0250786	186	194	204	206	363	362
FBGN0259954	0	0	0	0	0	0
FBGN0031988	33	15	32	65	90	118
FBGN0032868	0	0	0	0	0	0
FBGN0287788	16	22	26	44	31	41
FBGN0261836	1484	1258	1124	1614	2374	1912
FBGN0010097	0	0	0	1	2	0
FBGN0031633	51	42	54	53	86	109
FBGN0053874	0	0	0	0	0	0
FBGN0041111	86	33	39	61	88	90
FBGN0051975	0	0	0	0	0	0
FBGN0031730	0	0	0	0	0	0
FBGN0032006	34	47	32	28	82	67
FBGN0041180	381	282	339	600	709	694
FBGN0031772	30	42	37	30	59	43
FBGN0032521	28	71	56	67	63	52
FBGN0085192	12	24	15	50	26	64
FBGN0286198	1	3	0	3	7	4
FBGN0262999	0	0	0	0	0	0
FBGN0032704	73	60	61	114	162	108
FBGN0031792	0	0	0	0	0	0
FBGN0032271	0	0	2	0	0	0
FBGN0032240	74	126	71	124	156	143
FBGN0031961	68	97	76	95	108	107
FBGN0031313	0	0	2	1	1	0
FBGN0032181	0	0	0	0	0	0
FBGN0031731	0	0	0	0	0	0
FBGN0031906	0	0	0	0	0	0
FBGN0031597	23	17	14	33	32	18
FBGN0031344	8	0	6	14	11	8
FBGN0032969	0	0	0	0	0	0
FBGN0032817	79	74	89	103	161	129
FBGN0086710	333	360	327	346	565	583
FBGN0022069	266	267	214	318	403	370
FBGN0031606	54	34	44	76	100	85
FBGN0053543	0	0	0	0	0	0
FBGN0027081	613	616	483	616	777	805
FBGN0010607	45	43	38	25	37	66
FBGN0031776	123	121	104	147	167	172
FBGN0032192	25	41	46	46	43	63
FBGN0031907	2	1	2	0	3	0
FBGN0053845	0	0	0	0	0	0
FBGN0264978	72	68	63	89	129	134
FBGN0028675	0	0	0	2	0	1
FBGN0020618	1860	1401	1729	2044	3567	3668
FBGN0028425	63	33	42	63	123	87
FBGN0053842	0	0	0	0	0	0
FBGN0032724	1	8	9	8	14	20
FBGN0086912	72	96	53	59	78	103
FBGN0031636	0	0	1	0	0	0
FBGN0266445	0	0	0	0	1	0
FBGN0052984	0	0	0	0	0	0
FBGN0032789	0	0	0	0	0	0
FBGN0265668	0	0	0	0	0	0
FBGN0265778	165	106	142	137	185	182
FBGN0051694	78	74	69	118	154	149
FBGN0031471	0	0	0	0	0	0
FBGN0085407	3	2	6	7	17	6
FBGN0003963	73	31	40	71	112	95
FBGN0014010	142	115	149	178	252	190
FBGN0016675	0	0	4	0	0	0
FBGN0065110	0	0	0	0	0	0
FBGN0267255	0	0	0	0	0	0
FBGN0000180	185	148	144	298	401	336
FBGN0053909	0	0	0	0	0	0
FBGN0264343	0	0	0	0	0	0
FBGN0031955	0	0	0	0	0	0
FBGN0051704	0	0	0	0	0	0
FBGN0267489	0	0	0	0	0	0
FBGN0046697	0	0	0	0	0	0
FBGN0001313	0	0	0	0	0	0
FBGN0267592	0	0	0	0	0	0
FBGN0267432	0	0	0	0	0	0
FBGN0046698	0	0	0	0	0	0
FBGN0267903	0	0	0	0	0	0
FBGN0267490	0	0	0	0	0	0
FBGN0267412	0	0	0	0	0	0
FBGN0265047	0	0	0	1	0	4
FBGN0261399	0	0	0	0	0	0
FBGN0058064	0	0	0	0	0	0
FBGN0267904	0	0	0	0	0	0
FBGN0267411	0	0	0	0	0	0
FBGN0267413	0	0	0	0	0	0
FBGN0267449	0	0	0	0	0	0
FBGN0267492	0	0	0	0	0	0
FBGN0267905	0	0	0	0	0	0
FBGN0267433	0	0	0	0	0	0
FBGN0046323	0	0	0	0	0	0
FBGN0267417	0	0	0	0	0	0
FBGN0267491	0	0	0	0	0	0
FBGN0267493	0	0	0	0	0	0
FBGN0039925	0	0	0	0	0	0
FBGN0042696	0	0	4	0	0	0
FBGN0039929	139	72	101	134	134	126
FBGN0002521	157	120	84	146	145	146
FBGN0005558	0	0	2	0	0	0
FBGN0028996	0	0	1	0	0	0
FBGN0287597	30	52	9	12	12	19
FBGN0004607	573	446	494	760	899	979
FBGN0263112	99	31	74	86	104	123
FBGN0052000	180	157	125	173	137	160
FBGN0039923	118	94	90	158	128	123
FBGN0039937	0	0	0	0	0	0
FBGN0259216	0	0	0	0	0	0
FBGN0039915	0	0	0	1	0	1
FBGN0039889	42	34	42	45	50	55
FBGN0039897	16	7	3	16	14	6
FBGN0010217	2299	1848	2069	2741	3337	3186
FBGN0004859	617	499	542	765	888	904
FBGN0039924	174	208	147	205	194	207
FBGN0019985	0	0	0	0	0	0
FBGN0022361	21	37	44	28	32	38
FBGN0053978	167	123	103	112	169	142
FBGN0016126	58	34	46	47	68	49
FBGN0019650	0	0	0	0	0	0
FBGN0023213	1634	1753	1354	1715	2176	1967
FBGN0005561	3	1	1	0	2	0
FBGN0039909	427	313	381	507	614	553
FBGN0027101	87	92	100	125	115	124
FBGN0039920	41	37	27	32	39	37
FBGN0039900	0	0	0	0	0	0
FBGN0087002	77	205	244	139	19	26
FBGN0025741	860	825	837	1078	1391	1245
FBGN0053481	0	0	2	0	0	0
FBGN0051998	345	298	293	461	505	400
FBGN0262636	0	0	2	0	0	0
FBGN0039932	0	0	0	0	0	0
FBGN0024728	103	76	72	88	78	108
FBGN0052016	160	155	134	256	232	211
FBGN0040324	87	105	93	104	127	153
FBGN0039896	0	0	3	2	0	0
FBGN0026777	321	205	234	295	324	344
FBGN0025740	169	134	158	231	216	200
FBGN0259214	1061	999	865	1251	1301	1354
FBGN0052017	2	3	1	0	2	1
FBGN0267363	0	0	0	0	0	0
FBGN0024811	116	93	86	112	123	125
FBGN0262731	26	29	17	32	17	16
FBGN0085432	105	110	94	85	141	118
FBGN0051992	597	428	461	746	876	830
FBGN0053653	9	0	11	0	1	0
FBGN0039911	0	0	1	0	0	0
FBGN0051999	67	18	50	44	39	14
FBGN0017545	2632	2534	2479	2893	3088	3167
FBGN0026262	193	125	133	166	223	212
FBGN0039908	28	11	31	29	63	40
FBGN0264607	52	27	55	52	55	36
FBGN0011747	545	429	393	522	648	606
FBGN0039928	453	340	355	502	511	605
FBGN0039904	516	423	440	564	680	654
FBGN0039936	334	283	305	383	462	423
FBGN0039927	4	6	4	0	2	0
FBGN0039930	18	28	18	11	34	23
FBGN0026869	219	154	194	244	357	333
FBGN0039890	123	182	126	218	228	228
FBGN0051997	336	371	273	508	572	519
FBGN0024913	0	0	0	0	0	0
FBGN0039907	138	194	116	204	227	251
FBGN0039916	1	0	0	0	0	0
FBGN0011642	78	63	87	82	94	62
FBGN0250819	0	0	0	0	3	0
FBGN0052850	15	15	16	24	19	21
FBGN0039902	54	64	50	92	101	88
FBGN0039938	12	30	17	21	24	15
FBGN0005666	0	0	2	7	6	3
FBGN0025726	57	29	40	69	121	59
FBGN0052006	0	0	0	0	0	0
FBGN0013749	186	193	252	306	348	283
FBGN0026199	67	39	39	87	96	63
FBGN0025936	319	254	246	359	416	368
FBGN0039914	59	42	55	58	67	51
FBGN0013680	0	0	0	0	0	0
FBGN0013676	0	0	0	0	0	0
FBGN0013681	0	0	0	0	0	0
FBGN0013678	0	0	0	0	0	0
FBGN0013672	0	0	0	0	0	0
FBGN0013674	0	0	0	0	0	0
FBGN0262952	0	0	0	0	0	0
FBGN0013684	0	0	0	0	0	0
FBGN0013679	0	0	0	0	0	0
FBGN0013685	0	0	0	0	0	0
FBGN0013673	0	0	0	0	0	0
FBGN0013675	0	0	0	0	0	0
FBGN0013683	0	0	0	0	0	0
FBGN0261386	0	0	0	0	0	0
FBGN0040038	0	0	0	0	0	0
FBGN0085692	0	0	0	0	0	0
FBGN0259817	0	0	0	0	0	0
FBGN0085506	0	0	0	0	0	0
