Geneid	RpS12_C_RNA	RpS12_B_RNA	RpS12_A_RNA	Xrp1_C_RNA	Xrp1_B_RNA	Xrp1_A_RNA
FBGN0038542	48	54	167	53	31	28
FBGN0039592	24	68	98	26	12	10
FBGN0038067	7	23	16	10	13	20
FBGN0039602	3272	3678	3883	3263	3389	3395
FBGN0264897	0	2	14	10	3	0
FBGN0038565	63	24	28	21	57	0
FBGN0039331	28	22	47	23	18	9
FBGN0019972	5369	6130	5617	5216	5512	5871
FBGN0046873	6	2	3	3	1	4
FBGN0038756	4	20	0	5	2	14
FBGN0039627	971	719	897	1070	1270	1171
FBGN0039436	7	69	0	49	23	16
FBGN0051092	21311	21291	21959	16696	17722	17266
FBGN0039089	14	17	25	19	37	25
FBGN0064119	43	76	11	43	13	63
FBGN0250820	2078	1861	2051	1852	2360	2298
FBGN0284229	0	4	0	0	0	0
FBGN0038886	43	10	26	75	17	17
FBGN0038243	49	35	96	62	53	84
FBGN0283468	8428	8313	8953	7205	8343	7814
FBGN0038598	57	79	90	159	148	197
FBGN0038407	261	107	316	231	102	156
FBGN0038627	351	500	452	641	635	551
FBGN0027654	43	56	123	45	67	132
FBGN0037236	3989	3705	4043	4445	4423	4514
FBGN0003890	483	475	757	2907	3156	3832
FBGN0000463	15455	17795	16245	13840	15518	14346
FBGN0039761	0	8	31	15	2	2
FBGN0051415	18	15	33	65	14	13
FBGN0037970	26	8	68	66	91	78
FBGN0051463	12	0	0	38	14	27
FBGN0051077	15	14	28	61	11	42
FBGN0037723	2269	2405	2363	2367	3070	2941
FBGN0028374	0	12	4	7	5	0
FBGN0004622	29	51	54	52	26	18
FBGN0053207	2270	2761	2214	1823	1933	2255
FBGN0038890	4005	3173	3887	3618	3985	3972
FBGN0010770	2669	2594	2366	3178	3764	3161
FBGN0046763	7152	6833	7089	8628	9942	8826
FBGN0038465	77	121	903	92	145	38
FBGN0038402	12	2	16	30	10	22
FBGN0261108	3678	3393	3103	3108	3513	3984
FBGN0039087	26	15	5	17	10	10
FBGN0262605	7	4	6	3	18	0
FBGN0263040	28	6	19	39	2	18
FBGN0020907	33	2	2	5	7	14
FBGN0038903	849	759	719	494	781	804
FBGN0037472	2378	2872	2298	1550	2030	1809
FBGN0263977	6096	5915	6627	5166	6280	5694
FBGN0261060	2	0	4	6	0	1
FBGN0015568	43	27	256	35	24	45
FBGN0011270	2	0	13	30	0	7
FBGN0051116	137	117	293	132	92	59
FBGN0262577	24	85	1099	19	16	12
FBGN0039030	10	16	18	19	11	8
FBGN0053105	8773	10522	9577	4933	5353	5730
FBGN0037516	0	0	8	2	7	1
FBGN0051265	1	7	40	34	12	0
FBGN0051163	24340	30861	27630	21494	23790	23948
FBGN0039189	2430	2602	2250	2140	2836	2305
FBGN0039858	33930	38859	38366	28249	32041	32491
FBGN0261561	427	369	298	592	500	520
FBGN0002905	6943	7853	7058	10755	12171	11882
FBGN0003676	18568	18421	17442	16956	20610	20742
FBGN0040629	24	15	1	1	8	6
FBGN0038246	26	21	12	26	24	23
FBGN0043005	86	33	40	73	16	7
FBGN0038815	3497	4100	2997	3175	2876	3485
FBGN0015569	239	348	397	327	290	232
FBGN0038960	29	29	20	8	15	10
FBGN0067317	20	23	4	7	8	2
FBGN0039544	3626	4216	3265	2949	3447	3160
FBGN0038356	4	0	0	4	2	4
FBGN0051437	13	1	39	31	28	30
FBGN0028400	82	68	54	15	2	32
FBGN0039233	1110	1125	1218	1368	1652	1662
FBGN0288631	5072	4985	5173	4061	4765	4776
FBGN0039225	45	30	89	43	58	34
FBGN0051327	46	21	55	51	30	35
FBGN0261290	6	0	5	12	5	6
FBGN0002609	2989	3659	3281	2345	2413	2604
FBGN0051013	8	9	38	31	13	12
FBGN0037898	130	186	242	49	174	121
FBGN0051206	4	1	0	45	18	2
FBGN0038037	353	760	4751	371	306	413
FBGN0037449	51	13	30	10	10	8
FBGN0002924	13124	11883	12603	12514	12496	14188
FBGN0037623	1211	1679	1666	915	933	1092
FBGN0038989	3941	3736	3440	3394	4125	4355
FBGN0038526	4	18	9	14	1	2
FBGN0038203	22	0	5	0	21	18
FBGN0037608	1948	1903	2075	1542	2028	2002
FBGN0260713	0	12	0	10	32	9
FBGN0037483	55	54	68	69	58	91
FBGN0028476	7028	7494	7380	6186	6681	6913
FBGN0038046	5022	5070	4341	3982	4182	4905
FBGN0051202	65	64	42	36	60	46
FBGN0039147	0	14	19	28	43	10
FBGN0038349	1448	1406	1587	1363	1568	1897
FBGN0010441	2971	2877	2386	1752	2284	2405
FBGN0039402	1810	2154	1730	1527	1651	1768
FBGN0037715	328	314	326	160	188	252
FBGN0010399	66	57	34	82	91	42
FBGN0267975	3755	4026	3684	2602	3922	3435
FBGN0015331	4922	4378	4732	3775	4602	4375
FBGN0027948	38438	40432	41050	38776	39971	40575
FBGN0011655	6311	7581	6670	6215	6346	7327
FBGN0266758	269	470	916	341	431	462
FBGN0004781	3	8	23	50	13	11
FBGN0085346	314	313	294	237	289	504
FBGN0039075	84	51	95	166	159	75
FBGN0000274	32	4	24	22	11	19
FBGN0039448	1	4	23	6	9	6
FBGN0003356	64	27	154	261	42	60
FBGN0039094	81	130	408	90	104	78
FBGN0010044	2	1	0	9	0	2
FBGN0051223	1049	1036	1397	792	973	1192
FBGN0263490	21285	23582	22034	18010	20067	19828
FBGN0250910	51	27	107	65	77	62
FBGN0262617	7345	7765	7329	6161	7098	6803
FBGN0038360	2116	2044	1944	1595	1847	1631
FBGN0051352	46667	51376	47966	21376	22511	24269
FBGN0037290	39	25	21	27	9	37
FBGN0038069	24	19	52	8	39	8
FBGN0037262	2922	3156	2999	2661	3357	3086
FBGN0045473	8	22	0	35	27	20
FBGN0039840	12	28	41	37	33	1
FBGN0037679	1518	1242	1526	1137	1008	1173
FBGN0039282	33	15	48	75	52	72
FBGN0037896	22	22	8	65	10	33
FBGN0266668	2235	2001	1959	1923	1985	1707
FBGN0037363	6192	6705	6177	5247	6043	6043
FBGN0014018	5447	5513	5230	4646	4775	5008
FBGN0037552	1083	881	1035	836	970	856
FBGN0037488	20	64	50	24	32	3
FBGN0038597	3175	2695	3039	3146	3423	4018
FBGN0082582	10490	10685	10357	8846	8981	9255
FBGN0040279	420	440	364	381	338	393
FBGN0261844	2399	2650	2170	1724	1456	2092
FBGN0002868	122	315	2985	26	33	57
FBGN0037589	61	36	23	53	30	76
FBGN0038468	61	54	31	70	31	57
FBGN0010389	1413	1749	1400	1131	1818	1791
FBGN0039371	9	0	22	9	7	3
FBGN0259152	5285	5539	5149	4480	5283	4593
FBGN0051560	5	14	14	24	7	1
FBGN0037782	0	127	1118	13	13	0
FBGN0039347	36	72	24	69	67	59
FBGN0037668	92	38	99	58	46	47
FBGN0038881	22476	25239	22911	19819	22147	21137
FBGN0011669	0	0	0	12	0	5
FBGN0038796	7	15	14	5	6	11
FBGN0038014	49	97	76	34	42	36
FBGN0038210	13	3	0	8	2	11
FBGN0041621	10	50	0	47	19	7
FBGN0037911	608	650	562	486	584	580
FBGN0037685	0	27	18	7	8	4
FBGN0039015	34	15	74	32	35	13
FBGN0037254	30	50	70	96	49	35
FBGN0266137	25	35	65	36	67	23
FBGN0053337	16	15	77	51	36	27
FBGN0038460	0	0	62	4	7	10
FBGN0261053	21350	24999	22711	17567	18617	18704
FBGN0037375	44	23	78	114	52	76
FBGN0014930	642	828	638	351	602	610
FBGN0037626	16	26	20	12	12	5
FBGN0051051	539	504	512	236	282	332
FBGN0286204	40	210	139	95	36	18
FBGN0045035	10282	10243	10879	9309	10804	10358
FBGN0037754	52	20	38	6	30	7
FBGN0051017	16	24	14	43	11	7
FBGN0039795	3890	7362	5975	3740	4850	3129
FBGN0038476	25298	24969	24286	21170	24324	23960
FBGN0037461	24	3	11	4	10	9
FBGN0051407	116	200	128	203	122	98
FBGN0039003	2514	2801	2287	2549	2570	2885
FBGN0039731	1844	1336	1551	1227	1569	1251
FBGN0038003	3	22	47	36	1	7
FBGN0087013	37547	38609	38702	27212	31748	32207
FBGN0259733	81	403	278	48	94	47
FBGN0266176	0	0	0	0	0	0
FBGN0038302	1019	940	918	322	492	380
FBGN0263596	1	0	0	4	5	0
FBGN0037424	1	6	13	16	18	45
FBGN0051076	60	134	202	78	62	28
FBGN0002735	533	671	506	393	306	344
FBGN0038462	4554	4375	3947	3293	4144	3719
FBGN0039584	5	19	23	28	13	17
FBGN0028487	623	762	1039	652	507	765
FBGN0044511	836	617	805	671	767	608
FBGN0039522	0	3	10	16	29	18
FBGN0051542	0	0	1	8	13	1
FBGN0085328	7	7	8	15	3	8
FBGN0038447	0	32	8	8	8	20
FBGN0037822	6042	6348	5795	3554	4106	4050
FBGN0037504	3542	3656	3414	4034	4843	4291
FBGN0037963	26528	29457	27412	19940	23439	20719
FBGN0039368	13	26	23	10	23	10
FBGN0042102	32	101	431	19	1	19
FBGN0037677	31	32	34	9	36	9
FBGN0038499	4744	4741	4523	3900	4009	4126
FBGN0037572	0	16	9	0	6	14
FBGN0266916	9544	9485	9326	8815	9235	8900
FBGN0038887	27	24	34	64	30	24
FBGN0040227	28962	31716	29002	30393	32212	35762
FBGN0039312	36	66	26	10	15	10
FBGN0039599	17	22	31	27	3	7
FBGN0037688	1807	2149	1909	1751	2069	1596
FBGN0044823	418	553	453	351	524	374
FBGN0013813	208	120	253	292	214	197
FBGN0039081	15	15	45	28	22	25
FBGN0263400	22	46	14	0	29	11
FBGN0038331	2162	2283	2248	1736	2176	2149
FBGN0038515	2281	2765	2516	2061	2250	2093
FBGN0039108	30	77	54	43	24	40
FBGN0025574	3825	4036	4050	3384	4029	3953
FBGN0039298	18	0	6	0	2	4
FBGN0038914	0	0	0	16	5	1
FBGN0038760	5938	6637	6010	5728	6504	6645
FBGN0014861	9305	9361	9573	9864	10518	10864
FBGN0037892	973	1316	1174	971	1058	1239
FBGN0010803	2638	2479	2662	2687	3361	3073
FBGN0051122	8334	8475	7541	7399	7430	8082
FBGN0286199	60	23	49	56	13	51
FBGN0038173	42	3	26	30	25	25
FBGN0038354	25	38	32	72	17	26
FBGN0004779	2	0	16	45	4	2
FBGN0004118	21	46	57	40	49	30
FBGN0037995	18	20	12	22	9	12
FBGN0027512	7179	7633	8225	6467	8014	7679
FBGN0051106	32	48	52	6	46	26
FBGN0286506	1377	1221	1448	1148	1482	1677
FBGN0039439	6	40	16	13	5	24
FBGN0037964	5	60	24	45	30	17
FBGN0039625	1159	1283	1143	1165	1376	1328
FBGN0039723	1	4	2	12	2	4
FBGN0262955	23868	25744	23664	18651	20792	20826
FBGN0039613	2	89	161	94	64	104
FBGN0051103	32	80	49	185	126	111
FBGN0039807	831	780	816	635	609	635
FBGN0051493	9	0	2	18	24	2
FBGN0038868	884	1059	1074	1077	1561	1062
FBGN0038787	6937	6860	7658	6294	6997	6987
FBGN0039154	32	65	125	41	43	37
FBGN0051158	16642	20259	17350	14932	16644	17211
FBGN0039600	19456	20483	19477	16604	18513	18021
FBGN0038219	11	30	9	2	8	1
FBGN0262473	6399	8046	6886	4015	5024	4860
FBGN0083984	175	58	192	137	183	125
FBGN0038878	18	19	99	30	11	5
FBGN0039523	79	56	69	38	33	40
FBGN0004389	21	0	10	16	18	11
FBGN0038877	2632	2720	3306	2522	2412	3053
FBGN0039356	142	123	108	75	106	106
FBGN0037455	25	0	2	24	12	4
FBGN0039264	11	0	22	29	12	23
FBGN0287211	7	0	0	7	3	4
FBGN0037994	6	3	20	26	12	30
FBGN0004885	30370	33595	32042	26014	27432	30758
FBGN0038136	16	58	64	15	28	8
FBGN0051390	1159	1087	1196	1264	1423	1208
FBGN0038948	4657	4227	4113	2647	3082	3625
FBGN0038601	5226	4628	4422	3391	4363	4091
FBGN0264836	7	0	4	9	0	2
FBGN0000277	7	0	5	6	0	2
FBGN0038751	3	4	12	15	14	16
FBGN0266172	0	0	0	0	0	0
FBGN0264326	6304	6777	7379	6868	7325	7939
FBGN0051088	0	0	0	5	3	0
FBGN0039188	1987	2163	2178	2003	2513	1815
FBGN0266448	22	35	13	46	25	29
FBGN0025456	246	514	1589	435	540	383
FBGN0040602	0	16	0	4	0	17
FBGN0037386	12	9	47	17	76	11
FBGN0051156	1780	1738	2201	1296	1446	1748
FBGN0037265	739	744	729	395	272	342
FBGN0004197	31392	35306	31777	28911	31202	32494
FBGN0085305	183	101	197	173	156	97
FBGN0037857	7	2	6	29	13	15
FBGN0044810	4	0	24	27	1	5
FBGN0037955	2450	1778	1817	1973	2514	2200
FBGN0037270	15084	16372	14803	13613	14353	17329
FBGN0264899	0	6	4	14	12	0
FBGN0039139	2922	2781	2248	2712	3070	3318
FBGN0041229	23	17	29	28	35	15
FBGN0039286	164	112	106	106	41	113
FBGN0037251	653	711	637	564	454	438
FBGN0051050	7	3	3	0	8	4
FBGN0037719	2185	2365	2204	1620	2022	2284
FBGN0039093	41	84	62	83	19	49
FBGN0016685	13704	15338	15147	16113	18186	16160
FBGN0038584	1368	1575	1522	1094	1410	1484
FBGN0051337	32	80	50	22	22	9
FBGN0028692	32061	34080	30868	27038	30533	31232
FBGN0037727	32	0	3	13	17	9
FBGN0002734	1239	1336	1358	941	847	1110
FBGN0037563	0	14	4	30	0	20
FBGN0053100	3089	4001	3792	3697	3946	3968
FBGN0038089	15	13	10	0	5	8
FBGN0022800	5173	5596	4761	4947	4884	5538
FBGN0051086	6	20	429	10	5	0
FBGN0042105	8	25	118	23	38	18
FBGN0038575	0	2	1	27	0	3
FBGN0045442	34	6	14	31	9	5
FBGN0051404	172	223	254	116	172	121
FBGN0027657	100	213	247	153	246	208
FBGN0262823	0	0	25	11	3	2
FBGN0039240	5365	5775	4299	3964	4286	4606
FBGN0037792	3540	3442	2923	3057	3164	3616
FBGN0261840	565	985	685	640	622	643
FBGN0039505	929	1190	1198	640	895	735
FBGN0039790	4621	5407	5123	5234	5344	5631
FBGN0010173	11756	11702	12140	11556	13128	13826
FBGN0039527	2999	4647	3077	1246	2058	1226
FBGN0015570	78	189	1917	18	28	25
FBGN0051015	16	99	490	6	7	13
FBGN0037617	1161	1343	1132	1000	935	1112
FBGN0039748	283	301	200	80	104	62
FBGN0028422	59	10	42	47	18	49
FBGN0038731	55	44	55	124	32	114
FBGN0038043	5219	5638	5158	3756	4231	4898
FBGN0004777	8	14	5	40	19	11
FBGN0037293	1834	1483	2059	1672	1891	2044
FBGN0039009	32	38	53	28	37	35
FBGN0039766	359	407	303	323	242	283
FBGN0039283	112	202	132	45	97	130
FBGN0037818	18	19	32	17	4	14
FBGN0037492	552	586	517	327	418	427
FBGN0039668	4267	5790	4342	4398	4480	4656
FBGN0014427	5778	5990	4951	3457	4711	4531
FBGN0261286	6189	6905	6212	6004	7472	6657
FBGN0038282	18	21	46	54	48	18
FBGN0038473	6052	5701	5946	6575	7656	8304
FBGN0039016	9830	9585	10691	8344	8665	8880
FBGN0039067	1645	1408	1661	1518	1511	1513
FBGN0087012	33	56	103	58	34	62
FBGN0039555	2858	2768	2430	2593	2747	3050
FBGN0053970	865	756	881	1017	1346	1575
FBGN0085326	11	10	20	16	23	9
FBGN0037538	3170	3796	3861	4087	4170	4748
FBGN0086768	2873	3632	3017	2865	3092	3166
FBGN0038722	4264	4238	4237	4079	4816	5075
FBGN0259244	11717	15721	12655	7084	7936	8419
FBGN0037481	507	459	554	755	818	928
FBGN0039810	0	0	3	1	6	0
FBGN0040534	760	515	649	735	911	666
FBGN0014135	962	1205	1151	732	873	932
FBGN0039058	22	24	10	11	10	1
FBGN0085308	5	15	178	8	87	22
FBGN0051119	13	0	5	10	18	0
FBGN0037625	6	0	9	30	16	51
FBGN0262559	6119	7334	9698	5348	5400	6336
FBGN0051528	20	17	5	9	21	10
FBGN0278600	0	0	0	0	2	0
FBGN0038369	2954	2810	2641	2542	2971	3087
FBGN0039483	12	11	9	17	12	4
FBGN0040679	0	0	1	5	3	1
FBGN0039663	2195	2710	2596	2032	2357	2037
FBGN0046332	88	52	76	27	38	52
FBGN0046214	48565	50819	48109	46441	51101	53419
FBGN0037655	5214	6119	5975	4892	5574	5959
FBGN0038692	2252	2091	2130	1860	2344	2128
FBGN0263401	3	0	13	3	7	0
FBGN0000036	44	84	49	257	202	203
FBGN0038397	33	70	98	139	105	83
FBGN0037467	4753	4996	4761	3944	4478	4452
FBGN0039778	29	37	2	40	11	6
FBGN0039169	5231	5353	4911	5632	5388	5271
FBGN0000015	39	32	78	84	38	59
FBGN0010247	9288	10677	10618	4911	5700	4563
FBGN0037607	34325	33524	34740	30402	34145	37018
FBGN0261847	0	21	286	12	4	8
FBGN0039449	1344	1490	1473	1362	1183	1441
FBGN0037798	21	1	0	19	5	12
FBGN0261789	4741	4198	4430	4262	4621	4798
FBGN0002542	11934	11915	11685	12948	15064	15014
FBGN0015790	11479	12577	12465	9826	12135	12186
FBGN0053339	1	6	0	29	5	16
FBGN0043799	983	932	982	966	1024	1110
FBGN0038450	52	36	96	20	17	12
FBGN0086613	10701	11303	11257	8366	9682	8673
FBGN0259975	0	0	0	10	0	2
FBGN0086355	6412	8193	8339	7436	7267	9073
FBGN0037489	5019	5257	5765	5734	6008	6242
FBGN0051098	111	94	154	151	202	247
FBGN0037399	8	18	16	32	18	19
FBGN0014869	4069	4889	5160	3966	3932	4698
FBGN0003884	247424	274834	242649	216768	222782	255902
FBGN0042206	15	20	178	49	22	29
FBGN0029503	2159	2105	1965	1582	1703	1756
FBGN0037322	4	24	8	34	16	8
FBGN0039806	25	86	93	46	18	36
FBGN0051533	18	5	24	28	15	46
FBGN0027866	16331	17521	16620	12160	13224	13933
FBGN0039835	714	647	752	857	858	828
FBGN0037703	3784	3807	3926	2862	3696	3247
FBGN0038952	165	234	78	116	126	70
FBGN0039085	6	22	55	50	25	10
FBGN0026399	28	20	12	30	23	8
FBGN0037609	1068	1060	963	807	1044	998
FBGN0010015	19	45	68	71	53	46
FBGN0037304	48	4	24	24	8	7
FBGN0263782	2051	2312	2323	1455	2091	1994
FBGN0026563	6	52	57	93	28	52
FBGN0051100	37	136	163	109	144	99
FBGN0046247	979	890	1011	1043	963	1056
FBGN0037739	2796	2997	2880	2673	2674	2753
FBGN0039671	26	5	7	37	20	11
FBGN0086610	2	0	3	9	10	1
FBGN0039157	3189	3120	3130	3162	2945	3165
FBGN0037291	32	37	40	17	21	20
FBGN0039437	2	51	22	35	15	11
FBGN0039118	51	96	206	302	330	284
FBGN0038404	80	131	150	173	126	203
FBGN0043043	12	58	17	37	33	18
FBGN0039862	616	728	650	173	204	197
FBGN0039367	2	0	16	27	1	21
FBGN0261860	0	0	32	6	0	2
FBGN0015781	1621	1727	1881	915	1218	1199
FBGN0039158	674	895	807	614	702	793
FBGN0004107	3976	3502	3474	3553	4663	4769
FBGN0039193	0	18	13	14	17	8
FBGN0039251	1	33	36	32	3	24
FBGN0039854	560	525	601	471	598	660
FBGN0051141	16	42	16	26	20	38
FBGN0038388	1090	1374	1242	947	1250	1237
FBGN0039313	82	86	72	6	19	0
FBGN0042710	21	0	4	25	20	1
FBGN0037342	1863	2123	1913	2044	2108	2159
FBGN0038592	43	36	45	18	31	19
FBGN0039354	14	12	19	36	41	79
FBGN0024963	21	40	89	72	64	91
FBGN0083971	5	28	14	14	4	11
FBGN0038102	5	0	10	14	18	2
FBGN0038535	52101	71585	57305	38907	49773	45077
FBGN0264357	11109	11943	12536	12853	12694	13825
FBGN0027492	20478	22123	21552	19264	22277	20621
FBGN0039194	13	4	32	15	6	7
FBGN0026380	6651	6313	5977	7195	8378	7559
FBGN0038042	1	7	22	17	1	31
FBGN0004595	154	427	519	157	248	166
FBGN0038651	12705	13366	13285	10250	11396	10410
FBGN0038571	1266	1042	1045	1082	1233	1044
FBGN0020385	3230	4111	5596	2686	3828	3488
FBGN0037761	5	10	24	9	23	8
FBGN0037876	1031	1253	1193	1023	1344	1124
FBGN0003861	53	37	117	65	78	51
FBGN0260462	17209	19550	18880	13707	15711	16935
FBGN0001281	30	52	60	44	15	34
FBGN0024912	142	118	133	199	268	207
FBGN0039467	74	57	63	56	77	19
FBGN0259831	16	0	11	18	21	2
FBGN0026250	12456	14627	13716	13070	15128	13476
FBGN0038893	643	428	583	447	414	507
FBGN0037448	141	117	152	60	74	52
FBGN0262982	4	4	7	8	2	1
FBGN0038436	32	1	21	36	22	16
FBGN0038979	2	5	9	12	4	8
FBGN0025781	3719	3256	3335	3213	3411	3243
FBGN0262010	0	5	12	0	13	9
FBGN0038845	36	3	20	15	32	10
FBGN0004510	2919	3110	2754	2468	2784	2573
FBGN0039581	14214	15605	14707	13013	14440	14965
FBGN0264563	7	0	0	6	2	1
FBGN0266173	0	0	0	0	0	0
FBGN0037720	4286	4906	5046	4024	4516	4769
FBGN0051081	0	0	7	8	19	5
FBGN0262582	73614	88411	82620	72242	74720	75388
FBGN0038114	10	32	60	6	50	42
FBGN0037713	431	445	383	580	749	632
FBGN0039187	6196	6988	6880	5220	5837	5231
FBGN0005671	8608	9580	10837	8362	8101	9682
FBGN0267385	12953	13572	13754	14113	15967	17375
FBGN0039043	1727	1849	1868	2133	2291	2341
FBGN0039215	12049	12895	12203	8698	9062	9792
FBGN0038953	3950	4009	4088	3615	4327	4184
FBGN0039670	23	20	83	21	3	42
FBGN0266579	141	99	118	83	99	63
FBGN0024555	24611	25021	25466	21571	23816	24901
FBGN0038611	11	24	78	105	25	36
FBGN0037814	3776	4896	3407	2954	3019	3304
FBGN0037900	597	643	753	568	582	619
FBGN0038643	22	38	400	1	2	79
FBGN0002441	9821	10210	9562	8429	8886	9274
FBGN0038053	1332	1372	1442	1272	1539	1442
FBGN0023212	2904	4288	3831	2879	3152	2916
FBGN0261838	402	457	453	376	313	343
FBGN0038820	6	8	1	40	16	16
FBGN0019828	47	0	11	7	14	34
FBGN0039336	818	736	534	700	728	700
FBGN0063649	23	67	118	84	51	91
FBGN0038421	2154	2185	2475	1299	1493	1183
FBGN0039261	13802	14390	14363	12354	14381	13474
FBGN0051029	68	179	58	142	92	107
FBGN0039577	4	7	2	24	10	1
FBGN0038377	34	0	27	4	1	0
FBGN0261808	656	751	750	567	520	605
FBGN0039366	2	0	3	7	16	8
FBGN0037647	961	1029	849	1053	1078	954
FBGN0039210	3595	3545	3706	3667	4224	4026
FBGN0039213	12388	13561	13367	10258	12159	12220
FBGN0038002	40	25	87	30	34	7
FBGN0039832	37	21	3	22	15	4
FBGN0037433	1946	1630	1838	1322	1517	1642
FBGN0266064	10800	10090	10385	8510	8643	9479
FBGN0038821	20	14	6	9	3	20
FBGN0261287	15	41	52	33	40	38
FBGN0010225	4471	5150	8952	2435	3221	2854
FBGN0039099	36	19	0	14	13	5
FBGN0037675	0	0	0	10	5	7
FBGN0038686	3051	2639	2801	2664	3146	2713
FBGN0039655	42	2	20	21	14	12
FBGN0027562	23	6	34	3	8	14
FBGN0038159	6	0	0	15	8	10
FBGN0037828	1	0	7	16	8	1
FBGN0037454	14	16	36	18	7	19
FBGN0260386	1245	1304	934	836	871	1013
FBGN0004172	25	2	0	15	0	13
FBGN0038510	4	3	4	12	8	7
FBGN0039704	10860	13679	12495	8091	10701	9935
FBGN0037949	3522	3457	3404	2821	3260	2983
FBGN0039594	3710	4130	4132	4186	3861	4705
FBGN0262005	0	38	39	0	19	0
FBGN0260935	2557	2921	2289	2195	2273	2458
FBGN0266454	4	4	20	7	0	5
FBGN0053783	14	10	14	25	7	7
FBGN0037920	1540	1887	1624	1153	1390	1521
FBGN0260940	1640	1504	1926	1472	1679	1411
FBGN0039269	1902	2612	2175	1392	1685	1865
FBGN0037746	6613	6609	6437	6977	7986	8294
FBGN0039712	3050	3479	3437	2325	2734	2689
FBGN0262362	30	0	108	6	7	12
FBGN0039337	1134	1345	1088	946	1131	1071
FBGN0038486	28	22	6	41	20	4
FBGN0259215	21	131	67	75	23	50
FBGN0267408	114	110	807	138	103	75
FBGN0000047	5	26	17	58	21	11
FBGN0039343	8	22	12	36	39	4
FBGN0038196	2595	2601	2515	2623	2908	2834
FBGN0250846	5	16	26	18	4	18
FBGN0039727	10223	10423	10638	10284	10924	10445
FBGN0040608	34	0	5	9	4	2
FBGN0267652	0	0	0	0	0	0
FBGN0052939	1040	1125	1295	795	853	529
FBGN0038028	2	19	22	8	17	9
FBGN0003117	5041	4797	4647	3113	5125	5279
FBGN0051140	826	1144	1023	1433	1593	1826
FBGN0037224	17	50	15	24	20	40
FBGN0004913	8650	9111	8609	9023	9846	10215
FBGN0037297	2244	2582	2211	2203	2226	2426
FBGN0039626	2967	2934	3028	2623	3182	3175
FBGN0263118	70	56	79	97	64	34
FBGN0038275	1640	1904	2152	1828	2439	2309
FBGN0039475	28	261	1697	16	53	24
FBGN0039304	1001	1027	1199	1044	1149	980
FBGN0038167	2819	2555	2841	1964	2509	2412
FBGN0038922	3759	3867	3493	3166	3798	3813
FBGN0037838	1083	1000	824	658	847	1013
FBGN0051019	0	0	54	26	46	18
FBGN0051004	90	318	712	158	78	97
FBGN0037689	2826	3387	3421	2753	2770	2887
FBGN0037974	190	347	510	112	132	219
FBGN0039153	1408	1237	1379	807	1131	1007
FBGN0038057	1236	1260	1142	1029	1146	1284
FBGN0051157	517	511	462	167	141	134
FBGN0046886	14	19	0	48	11	8
FBGN0038968	11780	10740	11432	10142	12289	11750
FBGN0039342	5	13	27	7	4	3
FBGN0045469	8	79	16	13	19	11
FBGN0051321	67	49	128	103	49	74
FBGN0037670	1966	1930	2034	2328	2307	2560
FBGN0039064	66	61	67	86	44	75
FBGN0016754	8628	10732	10313	8119	9573	9084
FBGN0039490	42	121	42	154	94	87
FBGN0003065	31	5	113	45	11	9
FBGN0038131	8	0	13	12	21	5
FBGN0259212	35220	36805	35899	27643	29406	29436
FBGN0053333	13	16	0	7	37	13
FBGN0038359	0	32	18	36	20	8
FBGN0083969	4559	4868	4823	3869	4101	4241
FBGN0001255	6713	9503	7561	3096	4868	3699
FBGN0039200	30	24	14	50	25	8
FBGN0039466	12836	13371	12787	10343	11358	12151
FBGN0262483	79	101	119	169	104	81
FBGN0039740	2201	2088	2487	1787	2051	2082
FBGN0051523	3178	3723	4074	3097	3752	3661
FBGN0037912	2709	3238	3243	2941	2961	3262
FBGN0039234	11889	12281	11685	11079	11842	12071
FBGN0039128	952	725	705	541	631	603
FBGN0039510	120	175	191	194	183	109
FBGN0288846	4438	5023	4762	2944	3484	3122
FBGN0039348	7492	7742	7622	7318	8220	8511
FBGN0039680	14888	15255	14416	13427	13755	15098
FBGN0038200	0	0	2	2	0	2
FBGN0039424	24	0	18	24	9	46
FBGN0037415	4	14	4	19	36	7
FBGN0037506	13	47	10	27	14	3
FBGN0266178	0	0	0	0	0	0
FBGN0085382	22	34	47	64	22	39
FBGN0051288	8	34	203	22	16	15
FBGN0039792	2	62	2	50	4	20
FBGN0037755	2001	2133	2264	2382	2423	2425
FBGN0039411	2032	2442	2459	1869	1985	2018
FBGN0053512	1	6	9	39	14	24
FBGN0260226	801	671	354	454	433	720
FBGN0038160	25	38	10	18	23	0
FBGN0038869	2378	1989	1927	1683	1515	2067
FBGN0037981	980	996	965	1164	1021	1345
FBGN0051373	61	103	44	44	87	58
FBGN0037358	662	914	800	578	716	820
FBGN0039771	0	21	15	11	11	5
FBGN0286071	11596	17571	12579	4799	6507	4703
FBGN0042104	43	18	177	27	24	8
FBGN0037555	4371	4647	4584	3406	3398	3479
FBGN0262143	0	4	2	8	8	0
FBGN0287589	929	1269	1031	645	796	845
FBGN0040607	0	4	5	8	19	7
FBGN0038248	92	23	35	36	42	32
FBGN0000455	1915	2062	2190	2222	2385	2460
FBGN0038737	604	583	680	448	629	534
FBGN0003944	597	788	558	326	534	763
FBGN0263289	58135	67264	64806	46680	47035	49362
FBGN0037873	2638	2576	2868	2314	2936	2705
FBGN0044871	952	1067	1072	633	923	884
FBGN0039808	52	65	92	59	54	38
FBGN0039259	1028	788	837	523	696	923
FBGN0000246	912	845	854	549	718	939
FBGN0038078	0	0	5	7	1	14
FBGN0039002	4	9	0	1	3	3
FBGN0051342	19360	21316	20389	16229	16547	18541
FBGN0038683	2155	1793	1788	1990	2553	2360
FBGN0083986	205	262	239	219	227	123
FBGN0037456	5	15	11	4	3	11
FBGN0038951	724	762	689	611	835	915
FBGN0037894	9516	10019	9688	10182	10523	11517
FBGN0261583	6	15	0	14	2	4
FBGN0039601	3428	3770	3555	3391	3656	3705
FBGN0286075	1106	1203	1428	878	1206	1301
FBGN0028499	1986	1764	1757	1082	1268	1491
FBGN0051418	1	1	9	18	10	13
FBGN0004901	4308	4672	4268	4392	4698	5111
FBGN0051450	799	650	467	518	624	718
FBGN0037753	1009	1292	923	663	683	536
FBGN0013972	0	22	15	32	24	15
FBGN0263929	13226	14809	14117	11272	12201	12100
FBGN0038641	26	14	44	49	23	21
FBGN0051002	12	24	21	16	2	13
FBGN0001280	4770	4708	4554	4248	4977	4380
FBGN0039543	1624	1667	3150	1271	1554	1390
FBGN0038400	5461	5139	4996	4544	5015	5884
FBGN0022344	2269	1797	1800	1231	1670	1765
FBGN0285912	43	32	58	19	32	32
FBGN0261993	12	7	15	17	8	49
FBGN0027620	14103	13700	13295	15370	16865	16134
FBGN0037895	31	14	81	25	29	32
FBGN0038479	9	0	20	37	12	2
FBGN0051287	4	3	0	549	530	474
FBGN0037819	0	41	510	23	25	16
FBGN0004897	16	28	8	85	49	82
FBGN0261885	106293	119552	113261	93562	92350	102707
FBGN0038389	1836	1795	1878	1258	1375	1504
FBGN0260003	63794	72241	69271	56090	63898	58620
FBGN0003511	3092	3140	2936	2341	2785	2517
FBGN0019637	9654	11107	10424	8507	8943	8686
FBGN0038299	11	81	376	40	44	8
FBGN0037280	2	21	13	5	13	8
FBGN0026566	2363	2252	2633	3562	3954	4353
FBGN0262539	2	0	5	18	0	18
FBGN0039800	41	171	1131	90	59	22
FBGN0020510	5709	6262	5572	4803	5086	5223
FBGN0038921	7	38	6	12	11	14
FBGN0028833	2112	2241	2696	1647	1819	1903
FBGN0013576	10370	10928	12397	11834	10579	12312
FBGN0039465	2050	2387	2181	1848	1898	2079
FBGN0264324	2598	3481	2699	2383	2623	2449
FBGN0040252	21	16	75	52	41	22
FBGN0038132	0	0	33	1	3	3
FBGN0037913	4254	4856	11721	7933	9148	8711
FBGN0283438	4932	5638	6500	5071	5408	5521
FBGN0037408	24	10	5	13	39	19
FBGN0039481	31	48	112	89	26	71
FBGN0028734	25788	28001	25959	24063	26216	25497
FBGN0037862	15	30	26	33	18	14
FBGN0039080	0	4	24	20	6	0
FBGN0039073	158	101	532	144	57	30
FBGN0039227	17675	17674	19057	17359	19428	18478
FBGN0000046	1804	2392	1853	1003	1201	1395
FBGN0037402	0	0	0	22	2	1
FBGN0038492	741	1577	1445	551	793	215
FBGN0028837	4315	4192	4377	3478	4037	4100
FBGN0039480	171	224	188	96	35	138
FBGN0265042	3588	3086	3007	2774	2840	3235
FBGN0260440	359	569	616	570	889	619
FBGN0038586	1390	923	973	930	1129	1097
FBGN0038784	40	20	75	262	279	213
FBGN0037676	8	6	4	11	13	12
FBGN0037432	13	0	2	8	6	2
FBGN0051272	19	20	68	45	31	25
FBGN0037442	2597	2923	2851	2386	2465	2697
FBGN0027508	8396	9566	7931	6172	7342	7030
FBGN0039690	2370	2606	2638	3553	4049	4033
FBGN0039675	47	42	18	59	28	59
FBGN0039812	20	21	20	49	45	38
FBGN0002629	2597	3017	2509	1891	2044	2382
FBGN0038161	9	0	2	0	12	13
FBGN0039462	681	518	464	324	414	380
FBGN0004049	12540	13346	13630	11313	11783	11589
FBGN0262004	13	95	837	14	18	0
FBGN0083985	195	344	236	134	246	158
FBGN0051184	1446	1173	867	924	1142	1192
FBGN0038964	14425	13327	12502	13320	15375	16264
FBGN0085303	9	13	8	2	18	11
FBGN0015575	75	225	1580	81	52	9
FBGN0020379	852	1058	1045	999	934	981
FBGN0003165	35762	43527	38895	33039	35993	36874
FBGN0051109	628	980	697	601	832	654
FBGN0027539	1186	1513	1505	1463	1375	1454
FBGN0053092	26	76	26	78	60	14
FBGN0038142	0	1	4	0	1	8
FBGN0051365	4191	4594	4052	3301	3558	3887
FBGN0037371	6459	6649	6638	5178	5814	6209
FBGN0037526	1151	995	891	821	1211	1002
FBGN0037874	86312	107853	96103	76453	81873	91843
FBGN0011281	17	11	15	19	25	6
FBGN0039955	8094	9406	8017	7857	9391	7967
FBGN0038386	10	37	12	37	13	11
FBGN0004054	6	2	31	12	0	1
FBGN0039697	9292	11515	10305	8842	9620	11487
FBGN0037569	1859	2038	1460	1502	1923	2345
FBGN0085327	9	4	19	4	27	4
FBGN0040670	1	0	12	8	7	9
FBGN0039730	1765	1775	1828	1931	2407	2002
FBGN0013981	14325	15388	14050	10186	12360	12639
FBGN0051475	1317	979	1061	1253	974	1227
FBGN0267790	26846	28638	26758	21368	23425	22669
FBGN0004898	42	126	8	55	85	153
FBGN0040077	1151	1003	1138	842	1099	989
FBGN0037734	2230	2222	2236	2042	2430	2555
FBGN0243514	1474	1979	2577	602	865	707
FBGN0038741	871	998	824	702	681	866
FBGN0038583	1572	1695	1520	1196	1303	1525
FBGN0037612	43	54	130	31	51	13
FBGN0051008	2	0	4	10	3	21
FBGN0026077	2565	3471	2877	6563	7152	7990
FBGN0038412	454	740	457	461	504	542
FBGN0011278	28	14	33	28	65	212
FBGN0016693	8088	9397	8491	6467	6995	7926
FBGN0051496	75	102	377	42	39	37
FBGN0039538	329	267	282	267	270	357
FBGN0051268	27	58	81	35	14	2
FBGN0037275	30	23	55	22	36	38
FBGN0051201	22	58	26	63	46	42
FBGN0051482	0	3	2	32	3	2
FBGN0037307	0	4	0	19	10	16
FBGN0039151	23	78	587	74	53	41
FBGN0039114	290	916	6089	662	1120	704
FBGN0259730	26	152	161	20	42	19
FBGN0038714	54	14	14	73	44	26
FBGN0038721	2034	1742	2174	2013	2397	2530
FBGN0266195	1966	1809	1750	1433	1725	1824
FBGN0039747	12	9	59	57	37	29
FBGN0262127	8036	9445	9189	5824	6576	6020
FBGN0037810	43847	44855	46580	43943	51289	50391
FBGN0038202	54	22	77	18	30	39
FBGN0037669	972	886	858	1496	1583	1480
FBGN0039644	752	788	737	730	634	772
FBGN0085313	9	0	0	0	8	0
FBGN0037764	11	12	20	8	8	23
FBGN0260944	3528	3157	3400	2792	3144	3276
FBGN0001311	26853	31804	28454	27591	30781	33811
FBGN0000039	43	22	67	68	14	19
FBGN0264775	2	18	19	8	8	2
FBGN0053107	546	387	342	456	412	472
FBGN0261599	21312	24844	26002	19811	21985	22097
FBGN0037757	7714	8205	8025	6524	7758	8272
FBGN0039749	198	178	118	218	166	183
FBGN0039664	883	1371	991	741	1007	1272
FBGN0038694	162	324	278	125	89	87
FBGN0026190	33	64	21	58	44	31
FBGN0004863	1259	1351	1149	947	1051	1244
FBGN0046874	6875	7631	7327	5190	6192	5875
FBGN0038471	1254	1398	1209	1251	1498	1269
FBGN0024432	5314	5486	5157	4033	4436	4637
FBGN0004175	3	0	0	11	13	3
FBGN0039381	3137	3706	3425	3353	3361	4016
FBGN0039881	23	12	25	53	73	80
FBGN0037788	62	103	370	57	68	21
FBGN0039224	7	0	34	11	10	12
FBGN0038058	1286	1327	1465	1545	1577	1618
FBGN0039406	6118	7722	7270	5865	7864	7114
FBGN0264427	0	9	0	0	3	1
FBGN0037234	5165	4834	4818	3927	5087	4931
FBGN0038047	360	238	324	251	229	135
FBGN0038959	40	21	32	15	17	19
FBGN0038934	4575	5750	5030	4143	5188	4494
FBGN0002522	85	165	140	85	68	65
FBGN0039621	16	10	14	1	5	15
FBGN0039686	31	84	35	56	38	7
FBGN0025825	4880	4537	4534	3344	3884	4389
FBGN0038211	13	17	29	49	24	7
FBGN0039223	532	769	640	719	827	686
FBGN0085322	181	244	244	169	329	198
FBGN0038405	124	308	294	258	172	239
FBGN0039631	1321	1251	1446	1311	1346	1395
FBGN0039741	1231	1089	1125	782	911	915
FBGN0003719	3980	3125	3763	3797	3469	4315
FBGN0037382	3393	3160	3209	2960	2954	2946
FBGN0039558	1537	1740	1760	1285	1587	1519
FBGN0038678	1028	1145	913	780	1005	1163
FBGN0023179	26	26	107	20	44	45
FBGN0037229	6	12	17	5	10	8
FBGN0029512	11353	11475	9813	10701	12202	12737
FBGN0037338	2120	2129	2063	2235	2187	2422
FBGN0267649	0	0	0	0	0	0
FBGN0264291	1635	1702	1530	970	1503	1317
FBGN0038798	17	22	10	13	11	39
FBGN0053096	3613	3887	3979	3656	4187	4429
FBGN0051454	46	84	22	14	72	8
FBGN0038925	3081	2503	2895	3261	3414	3400
FBGN0259705	290	512	343	469	395	393
FBGN0004110	43	49	17	39	57	32
FBGN0085386	32	93	166	147	90	104
FBGN0002306	36416	36765	39234	38278	37940	40871
FBGN0015396	13633	11485	12847	15310	15919	16456
FBGN0045471	8	0	20	43	5	0
FBGN0051457	975	902	1046	709	851	857
FBGN0051159	1015	1170	909	633	607	649
FBGN0086346	12203	14026	12310	11191	12350	13235
FBGN0038541	18	38	22	36	22	21
FBGN0037475	15	4	0	13	4	6
FBGN0039425	8	0	37	3	3	14
FBGN0015282	19431	21921	19888	18163	19030	21693
FBGN0038909	19	8	56	26	42	62
FBGN0037684	27	84	327	82	49	42
FBGN0039212	2592	2641	2550	2438	2742	3231
FBGN0029088	7882	8827	8713	8509	9561	9484
FBGN0038242	142	1249	15512	20	4	26
FBGN0038702	26	25	11	21	16	16
FBGN0039071	63	77	28	85	68	66
FBGN0038290	112	198	861	83	71	96
FBGN0051174	14	6	3	63	35	59
FBGN0039559	11924	12308	11814	10621	11746	12591
FBGN0037235	2956	2733	2771	1665	2459	1960
FBGN0008651	21	63	48	68	47	197
FBGN0024273	3844	3863	4051	3300	3571	3725
FBGN0038840	14	82	101	61	24	16
FBGN0037881	4495	4776	4160	3562	4021	4300
FBGN0039776	1949	2396	2213	2335	2711	2630
FBGN0262365	8	4	10	7	19	2
FBGN0039773	1564	1852	1714	1384	1422	1614
FBGN0039202	4	22	19	49	52	12
FBGN0039398	24	10	30	21	57	3
FBGN0037926	6515	6434	6018	5653	6119	6341
FBGN0025457	10476	10359	10573	10149	10774	11952
FBGN0264830	9	6	0	3	2	0
FBGN0051286	21	0	9	12	12	1
FBGN0260745	10430	12076	11119	9239	10023	11391
FBGN0038238	6	18	7	3	5	1
FBGN0013953	28	34	101	88	49	50
FBGN0002631	157	138	148	160	87	98
FBGN0250823	15927	17541	16750	13469	15963	14159
FBGN0037975	73	244	624	91	58	20
FBGN0028381	26	98	416	18	15	13
FBGN0053191	356	510	334	351	373	298
FBGN0039687	1074	1075	917	1173	992	1024
FBGN0037749	1854	1372	1488	1586	1866	2038
FBGN0038223	4200	4484	4917	4149	4476	4501
FBGN0026056	3785	4023	3887	3593	3625	3983
FBGN0037842	869	906	932	506	770	728
FBGN0004903	5873	5906	6394	4510	4736	5106
FBGN0039647	43	70	150	72	23	21
FBGN0022349	27551	28911	28674	25084	26376	25695
FBGN0037414	8	0	0	6	10	4
FBGN0039273	2298	2421	2084	1998	2036	2325
FBGN0039709	25511	29995	27350	21265	22282	21978
FBGN0013276	22290	45525	33363	12496	18318	10881
FBGN0004053	4	0	48	43	29	11
FBGN0039756	21	73	94	70	52	42
FBGN0261004	9028	9064	8720	7236	7903	7667
FBGN0038128	844	992	1081	1191	994	966
FBGN0038311	96	93	24	82	30	27
FBGN0053920	1	16	2	7	5	0
FBGN0037918	22262	23317	22673	17213	17755	17948
FBGN0038874	17	55	88	48	62	49
FBGN0265190	4028	4111	3514	2748	2660	3345
FBGN0051413	24	18	14	27	16	17
FBGN0250754	75473	79743	80964	71031	74999	72455
FBGN0053109	4	4	0	5	1	0
FBGN0013973	17	42	53	59	25	16
FBGN0037848	1496	1986	1554	1192	1468	1705
FBGN0054027	85	77	94	120	53	95
FBGN0023495	54	21	21	49	29	24
FBGN0037654	85	144	139	126	127	134
FBGN0039868	1744	1435	1799	1615	2107	2298
FBGN0037395	16	68	48	54	38	26
FBGN0039044	1212	1409	1339	738	1144	970
FBGN0037215	8679	9103	8978	7984	10204	9104
FBGN0260444	1847	1715	1430	1607	1729	1646
FBGN0038775	0	4	6	36	36	10
FBGN0045761	4434	5849	4938	1843	1973	1807
FBGN0003867	2789	2626	2634	2864	3085	2999
FBGN0039257	44993	79960	60621	21700	28833	23632
FBGN0038440	12	26	0	6	24	0
FBGN0051028	3816	2983	3751	4483	4142	4510
FBGN0037950	16	35	21	2	24	55
FBGN0037296	7	1	3	13	25	0
FBGN0083966	8	0	6	18	11	7
FBGN0051561	11	2	8	6	27	20
FBGN0013269	22724	24809	23798	18779	22148	22572
FBGN0038789	8	2	32	71	22	19
FBGN0051189	3	14	6	8	9	3
FBGN0037942	511	343	532	604	692	913
FBGN0053630	0	6	0	19	0	0
FBGN0270928	42	10	4	19	5	4
FBGN0038478	6441	7264	6085	6835	7851	7531
FBGN0037852	510	570	671	750	652	889
FBGN0027544	82	81	65	85	55	73
FBGN0037292	36	37	8	44	14	6
FBGN0085466	23	30	44	7	23	23
FBGN0038588	2022	1982	1997	1494	1619	1702
FBGN0039078	3304	4492	4166	2435	2409	2237
FBGN0038316	3392	3110	2675	2251	2491	2744
FBGN0039419	57	97	174	126	57	60
FBGN0043457	2557	2562	2441	2413	2865	2738
FBGN0000447	5979	6354	6191	4235	4663	4850
FBGN0039500	11	4	17	12	3	26
FBGN0045470	9	2	39	83	29	16
FBGN0262146	2	8	56	21	13	21
FBGN0051195	19617	22237	20017	22226	23301	23535
FBGN0020238	85930	93628	88741	76113	82849	85193
FBGN0037463	7	16	19	14	25	34
FBGN0039764	864	715	845	618	951	765
FBGN0039698	1263	1636	1539	1242	1121	1495
FBGN0039272	478	334	462	440	444	488
FBGN0037329	1549	1750	1865	1409	1522	1972
FBGN0260004	38	42	54	58	31	58
FBGN0262794	14	0	13	9	21	5
FBGN0040076	12	1	6	0	0	6
FBGN0039635	5795	6493	6121	5401	6210	6616
FBGN0038865	36	3	32	23	14	5
FBGN0028662	2477	2236	2564	1841	2098	2231
FBGN0039270	1056	1012	906	752	850	702
FBGN0085376	5956	7776	7477	4863	6291	5343
FBGN0051105	91	77	29	112	42	45
FBGN0040208	8111	10123	8804	7013	7540	7444
FBGN0023023	773	824	806	819	891	843
FBGN0002780	25264	23673	24398	24838	28864	27185
FBGN0038719	182	98	38	45	45	51
FBGN0037756	4592	5032	4734	3467	4485	3993
FBGN0085324	2	25	2	17	6	1
FBGN0037485	31	15	31	40	19	5
FBGN0039609	34	12	67	17	16	76
FBGN0037773	462	353	394	265	395	409
FBGN0015222	7190	8502	12067	5907	6590	7949
FBGN0000552	10	20	33	13	16	31
FBGN0262104	0	7	6	7	10	6
FBGN0040253	25	8	29	22	11	9
FBGN0037889	27	60	1	61	41	14
FBGN0038834	60441	56009	57076	47691	58795	58769
FBGN0037644	5462	6168	5876	4882	4922	4950
FBGN0051148	2	4	151	47	18	13
FBGN0039396	28	101	41	63	34	51
FBGN0264493	7842	9205	9496	7485	7589	6507
FBGN0037248	14535	14961	15336	13529	16681	15679
FBGN0038150	926	480	686	801	927	830
FBGN0037501	4	52	79	56	27	12
FBGN0037548	776	717	928	612	907	857
FBGN0000533	37	52	44	420	484	457
FBGN0037700	4593	4541	4507	3881	4655	4418
FBGN0037902	48	48	10	91	51	84
FBGN0038924	1527	1623	2220	1156	1144	1333
FBGN0039503	8	12	8	2	9	1
FBGN0038931	4	13	46	26	14	26
FBGN0039165	1210	1469	1299	1431	1549	1421
FBGN0038861	888	935	910	661	834	943
FBGN0264325	1142	1469	1560	898	1209	1258
FBGN0037324	14	18	37	51	32	32
FBGN0260234	1	0	1	6	4	3
FBGN0039870	897	709	875	805	879	782
FBGN0002940	2	35	12	20	35	20
FBGN0038602	4	19	10	47	14	20
FBGN0051301	5743	4843	5219	5415	6925	7028
FBGN0261289	20	6	23	8	5	24
FBGN0039360	1505	1296	1594	1266	1172	1224
FBGN0039150	2311	2783	2510	2223	2313	2170
FBGN0037973	1102	1373	1599	747	897	735
FBGN0262514	13	6	8	5	2	2
FBGN0039324	23	14	35	15	36	8
FBGN0037580	21497	23283	22307	19563	21128	22312
FBGN0051278	443	448	533	334	510	486
FBGN0038295	26	27	71	52	82	27
FBGN0038847	0	0	0	7	7	21
FBGN0085317	9	0	53	0	6	4
FBGN0020407	1783	1451	1607	1579	1585	1881
FBGN0003495	146	114	186	199	200	209
FBGN0264785	3989	3620	3748	3143	3151	3327
FBGN0053341	23	30	20	14	9	26
FBGN0260231	9	0	36	6	5	11
FBGN0019624	8204	10817	9927	9157	8893	9638
FBGN0038589	21	10	8	24	14	5
FBGN0038656	25	0	2	17	5	0
FBGN0040493	12505	12431	11597	10480	10944	10705
FBGN0038947	6199	7470	7492	5805	6861	6690
FBGN0039507	5237	6313	6180	4398	4686	4909
FBGN0039415	125	42	77	129	66	84
FBGN0085302	5	6	0	4	1	23
FBGN0037376	3304	3737	3334	3892	4539	4635
FBGN0037941	27	0	35	56	48	24
FBGN0038279	4184	3946	3865	2007	1961	2119
FBGN0039004	8699	8817	8229	8993	9425	10587
FBGN0038752	34	54	85	30	29	43
FBGN0038978	0	5	25	17	4	13
FBGN0267709	35	38	51	12	84	39
FBGN0261996	18	0	53	35	31	22
FBGN0037809	686	823	555	674	706	603
FBGN0038530	5	3	0	2	6	2
FBGN0051522	1935	2091	2352	1110	884	1084
FBGN0286930	0	8	0	1	8	4
FBGN0037427	38	18	47	46	47	56
FBGN0039218	576	509	573	468	581	351
FBGN0011596	686	521	772	583	708	622
FBGN0039217	644	402	406	384	459	496
FBGN0053203	37	26	50	83	51	101
FBGN0038472	1227	1276	1353	1071	1278	965
FBGN0038357	32	4	17	48	30	26
FBGN0260659	2077	1857	1808	2049	2629	2558
FBGN0037890	1805	1908	1590	1150	1424	1048
FBGN0038769	1720	1792	1692	1257	1435	1355
FBGN0037242	3493	3629	3318	2736	3216	3302
FBGN0038958	26	28	12	39	7	14
FBGN0037487	272	318	332	328	399	285
FBGN0024222	1906	2218	2046	2015	2265	2418
FBGN0261928	113	161	120	313	163	196
FBGN0039293	3022	3060	3160	1947	2359	2106
FBGN0015625	5566	5993	5774	6915	7311	7923
FBGN0037512	16	32	44	25	43	1
FBGN0038088	212	202	211	412	344	310
FBGN0040238	1776	2166	1965	1528	2048	2272
FBGN0039160	4186	4052	3676	2666	3262	3743
FBGN0037650	10	4	4	49	14	14
FBGN0037891	8566	9385	8739	8278	8706	9122
FBGN0040609	0	36	344	45	1	14
FBGN0037541	16095	18129	17275	13205	15415	13805
FBGN0046258	9522	13063	10634	7003	8275	8308
FBGN0039110	9592	11514	9994	8675	9167	9995
FBGN0037590	5	1	38	53	13	16
FBGN0261845	451	354	379	211	140	169
FBGN0039593	54	54	222	28	53	17
FBGN0039582	4	17	24	17	23	3
FBGN0039784	13	3	1	13	28	32
FBGN0002732	4169	5014	4234	3465	3963	3932
FBGN0265041	28	35	45	69	38	44
FBGN0051464	0	23	6	27	8	13
FBGN0011581	0	1	6	14	7	4
FBGN0260746	39	92	191	322	385	197
FBGN0266446	308	269	324	248	209	106
FBGN0038753	35	22	50	34	51	73
FBGN0039387	4	41	35	90	22	44
FBGN0038224	5429	5051	4926	4782	5349	5299
FBGN0038783	34	2	1	128	100	87
FBGN0039525	19	6	13	21	18	4
FBGN0039536	135	100	134	271	127	79
FBGN0003169	6370	6989	6952	6626	6830	7654
FBGN0019960	11453	12931	12260	9120	9463	10022
FBGN0261842	883	662	724	628	643	592
FBGN0038458	0	0	1	13	0	0
FBGN0259732	25	97	97	13	32	12
FBGN0037917	1273	1334	1578	1130	1027	1299
FBGN0039107	0	5	5	15	19	0
FBGN0054034	0	2	1	18	13	2
FBGN0039116	2598	2285	2251	2060	2047	1834
FBGN0037697	88	106	88	18	55	89
FBGN0001235	29909	34130	31436	23248	26283	24388
FBGN0038765	588	505	443	553	579	544
FBGN0038613	35	152	86	38	31	69
FBGN0054008	200	179	290	153	153	240
FBGN0039417	1267	881	870	879	1208	1220
FBGN0039385	2445	2628	2416	1778	2345	1965
FBGN0027574	3053	3629	3501	2578	2840	2445
FBGN0039137	3515	3625	3382	2720	3359	2984
FBGN0027930	3854	3807	3584	4158	5249	5181
FBGN0038488	3119	3280	3116	2396	2474	2661
FBGN0038017	357	441	617	350	318	438
FBGN0039265	6086	6587	6231	4685	5413	5679
FBGN0038916	10	0	12	0	0	14
FBGN0037680	2600	3024	2566	2905	3218	3093
FBGN0002865	56	14	45	66	58	12
FBGN0010051	17278	20429	19932	18408	18248	19179
FBGN0039065	1577	1615	1619	1845	2086	1864
FBGN0027784	822	1347	877	792	782	1081
FBGN0003507	594	864	1574	416	521	205
FBGN0263986	68	18	38	87	112	19
FBGN0285955	20946	23442	24840	18761	20771	20588
FBGN0051279	26	8	28	25	30	10
FBGN0027579	2910	3135	3619	3651	3701	3997
FBGN0038385	3486	4588	3971	3473	3586	3975
FBGN0015351	749	875	928	399	588	578
FBGN0038324	911	1034	1037	646	936	876
FBGN0259146	30	23	51	74	75	14
FBGN0004606	3865	4915	4242	2765	3221	3070
FBGN0037553	62	122	110	28	42	29
FBGN0038467	4145	4255	4283	2957	3402	3709
FBGN0037939	19	4	10	25	20	3
FBGN0003279	135051	159379	139667	128671	140333	160750
FBGN0004597	1076	1186	917	942	1227	1004
FBGN0011715	9058	8022	8249	7013	7427	7498
FBGN0039290	68	107	227	59	72	47
FBGN0039373	0	7	3	14	0	5
FBGN0003862	64362	68835	64192	56172	62938	61955
FBGN0051551	50	32	115	79	96	33
FBGN0037614	364	424	527	393	369	460
FBGN0026616	3658	4131	3559	3886	4373	3768
FBGN0051155	575	871	942	776	1081	910
FBGN0003134	3422	3976	3497	2725	3115	2989
FBGN0038805	5969	6175	6223	6083	6699	7118
FBGN0039055	5888	6863	6478	4428	4868	5024
FBGN0039755	3	19	43	43	27	20
FBGN0039620	223	228	365	111	132	132
FBGN0021776	740	982	827	675	629	792
FBGN0039616	14	34	32	86	69	43
FBGN0267383	8	6	2	5	5	0
FBGN0015230	34	13	7	59	23	23
FBGN0039511	0	19	11	51	0	12
FBGN0037566	1952	2217	1967	2529	2575	2824
FBGN0038811	1720	1957	1672	1721	2055	2217
FBGN0038321	177	400	272	360	419	393
FBGN0051274	124	349	1504	135	189	61
FBGN0037220	8028	7643	7966	7766	8243	9031
FBGN0037705	14585	16416	16183	20186	21902	21524
FBGN0039798	68	278	1630	67	65	35
FBGN0039531	766	694	640	614	691	550
FBGN0037279	2127	2592	2305	1857	2434	2073
FBGN0037621	4017	4079	4207	3641	4246	3917
FBGN0000024	65	61	156	62	35	39
FBGN0264712	1360	1416	1299	1331	1570	1416
FBGN0011785	29741	29797	29725	24921	27111	27037
FBGN0038956	4	24	25	5	5	5
FBGN0039838	6	14	59	17	16	31
FBGN0037921	458	547	464	441	409	334
FBGN0267339	9	18	74	56	13	24
FBGN0266566	164	247	238	159	143	47
FBGN0053189	161	282	250	189	191	119
FBGN0038894	15	0	3	12	48	23
FBGN0039491	74	49	53	85	49	18
FBGN0014006	10948	12241	10590	9431	9828	9699
FBGN0015770	34	16	27	87	34	24
FBGN0037708	709	474	560	722	817	703
FBGN0000412	67760	73996	70428	61022	69978	68432
FBGN0002922	99	24	30	50	63	35
FBGN0038156	1865	2179	2209	1529	1627	1602
FBGN0038330	42	15	24	466	628	552
FBGN0038941	37	34	105	29	44	69
FBGN0039054	52	63	132	98	150	104
FBGN0039650	242	230	316	324	328	278
FBGN0041224	11	11	8	21	16	17
FBGN0038660	3740	4383	4314	3299	3629	4450
FBGN0038718	29	71	31	44	25	19
FBGN0037687	932	1054	985	680	727	813
FBGN0043012	2235	2598	2426	1922	2147	1996
FBGN0266170	0	0	0	0	0	0
FBGN0037786	28	0	1	4	8	1
FBGN0278604	6785	7043	6780	6066	7234	6744
FBGN0038303	2966	2917	2624	1930	2373	2387
FBGN0266175	0	0	0	0	0	0
FBGN0265063	1	0	0	3	6	2
FBGN0040628	3	14	43	39	6	20
FBGN0023083	9451	9705	9445	7889	8729	8459
FBGN0051200	24	0	0	11	3	46
FBGN0038214	12	12	76	14	8	7
FBGN0267105	0	0	0	0	2	1
FBGN0265606	8	0	23	2	6	16
FBGN0041605	9	0	14	16	40	16
FBGN0027095	4977	5412	5143	4466	5700	5205
FBGN0039195	30	35	28	34	22	17
FBGN0086679	1792	1755	2100	1455	1617	1559
FBGN0037325	13	0	14	26	26	2
FBGN0262844	4	0	0	6	4	6
FBGN0015032	17	10	38	54	13	18
FBGN0037260	42	70	104	72	88	49
FBGN0042182	673	877	1015	841	668	925
FBGN0266409	1658	1997	2075	1742	2136	1942
FBGN0039780	7	15	6	12	28	17
FBGN0051360	425	288	323	330	277	307
FBGN0041710	148	164	474	76	133	66
FBGN0051125	1927	1641	2094	1989	1959	2330
FBGN0038130	193	145	181	73	100	109
FBGN0038012	19	0	64	48	21	14
FBGN0039025	1516	1828	1780	1596	1666	1790
FBGN0039339	1138	996	1418	1164	1356	1337
FBGN0038446	417	527	428	444	400	436
FBGN0262846	0	4	4	14	2	2
FBGN0038337	6	40	62	54	15	46
FBGN0266598	335	487	454	424	493	502
FBGN0005632	35297	38309	39654	35094	37416	36667
FBGN0037933	688	895	946	818	769	825
FBGN0037747	1581	1690	1553	1334	1328	1705
FBGN0037826	15	9	19	23	34	10
FBGN0011701	27	60	22	31	52	23
FBGN0039869	2647	3295	3130	3486	3913	3835
FBGN0038505	16	16	30	31	9	14
FBGN0038829	10429	12779	11853	8966	10799	11494
FBGN0038938	90	67	95	112	156	186
FBGN0039084	77	23	51	79	193	110
FBGN0014029	9254	10309	8730	8536	9668	9801
FBGN0037665	930	976	969	617	813	651
FBGN0027503	7805	7603	7762	7657	8210	8106
FBGN0039879	50	9	4	148	149	56
FBGN0041780	36	28	18	37	69	12
FBGN0262006	0	16	19	7	6	20
FBGN0038032	12	55	18	33	27	27
FBGN0038771	10652	10367	10569	9377	9207	11375
FBGN0259113	9535	8609	10224	6771	6999	6961
FBGN0000557	2601	4977	3753	1048	1710	1467
FBGN0263777	33	45	52	48	18	22
FBGN0039376	10	0	8	15	16	18
FBGN0010038	0	8	27	27	22	11
FBGN0037227	22	2	21	23	8	10
FBGN0039636	2326	2391	2437	2204	2267	2332
FBGN0037490	617	494	797	550	513	746
FBGN0002773	1085	1601	1826	1274	1095	1015
FBGN0039316	5	39	29	33	17	20
FBGN0037915	30	52	41	37	60	60
FBGN0039560	13853	12538	13309	14989	15797	15270
FBGN0037398	22	25	8	18	25	36
FBGN0039101	336	661	341	116	67	101
FBGN0038974	622	521	410	415	558	580
FBGN0038257	48	68	699	6	47	17
FBGN0267366	1	33	25	9	1	9
FBGN0039007	6	1	0	2	2	10
FBGN0038099	6	1	114	32	21	3
FBGN0024321	1994	2641	1905	1777	1884	2152
FBGN0042693	17484	17191	16282	16107	17355	16951
FBGN0027951	18811	18590	18527	16430	18361	17985
FBGN0017550	9694	9558	10339	8080	8865	9123
FBGN0286516	26025	30404	27469	22778	25623	24530
FBGN0266053	13843	13432	13095	12025	14030	13217
FBGN0261279	10385	11760	12453	8899	9960	9430
FBGN0040251	2877	3398	3415	1472	1638	1571
FBGN0038681	58	109	971	106	51	54
FBGN0260005	348	422	279	257	234	210
FBGN0000659	56	46	238	69	16	15
FBGN0037620	467	344	337	314	333	297
FBGN0038190	0	3	13	4	2	0
FBGN0038966	845	599	928	512	399	429
FBGN0037765	17	48	4	40	10	3
FBGN0037985	48	10	69	20	26	18
FBGN0024330	1974	1699	1677	2061	2321	2201
FBGN0039098	6	45	22	38	52	0
FBGN0037369	2052	1736	2234	2310	2747	2287
FBGN0011224	79485	82326	78969	67667	72718	73638
FBGN0002354	498	472	349	188	253	241
FBGN0041191	1995	2338	1935	1842	2149	1773
FBGN0261987	47	33	74	46	77	47
FBGN0037759	55	64	37	55	25	12
FBGN0038463	2464	2445	2361	1911	2209	2187
FBGN0014022	1755	1427	1732	1330	1545	1450
FBGN0042711	13	18	42	14	13	1
FBGN0040080	5222	5472	5637	4473	4873	5720
FBGN0039452	2	48	0	18	3	6
FBGN0046689	1	57	20	27	47	5
FBGN0039192	6	0	7	23	4	0
FBGN0038529	8	1	28	8	9	0
FBGN0038552	1642	2011	2251	1530	1917	2507
FBGN0039856	31	35	70	28	59	48
FBGN0005674	39879	41268	40170	32519	36436	37134
FBGN0037849	0	9	22	22	29	10
FBGN0264694	4900	4571	4369	3418	4135	4199
FBGN0039024	35	84	139	24	43	6
FBGN0004087	1591	1854	1615	2045	2213	2284
FBGN0067782	0	3	0	0	4	0
FBGN0026239	36122	44996	39265	27776	29077	28626
FBGN0037491	705	758	758	700	556	801
FBGN0037710	1095	1192	1158	1024	1253	1406
FBGN0000477	45	97	407	34	35	16
FBGN0037781	295	428	374	258	232	202
FBGN0262858	5	1	8	0	8	7
FBGN0038107	879	867	945	736	706	875
FBGN0039059	4	26	16	4	9	27
FBGN0038697	213	206	174	215	174	190
FBGN0038539	1	0	6	5	17	0
FBGN0039374	5	7	3	10	8	46
FBGN0267698	6816	8075	7812	6311	6526	6424
FBGN0039066	3150	3704	3634	2860	3214	3171
FBGN0062412	7	4	191	20	5	0
FBGN0027090	12128	12194	11748	10040	10406	11297
FBGN0028717	4598	5611	4976	4611	4541	5258
FBGN0039470	288	1625	14614	30	37	80
FBGN0003261	125870	133759	128760	83771	95635	93626
FBGN0037843	7499	7407	7304	5656	6599	7020
FBGN0038730	42	45	38	137	37	90
FBGN0037618	16	5	18	46	20	41
FBGN0010282	8970	8606	8827	8118	9308	9153
FBGN0038738	5156	6269	6664	6217	6723	6690
FBGN0003499	5778	5816	5232	3557	5303	4290
FBGN0262839	0	36	0	12	9	2
FBGN0039817	43	24	41	46	78	21
FBGN0039612	28	32	34	48	35	36
FBGN0260779	648	866	837	808	853	831
FBGN0029157	10171	10826	10321	8337	9468	9755
FBGN0020278	9198	10169	9959	7515	8426	8852
FBGN0024288	572	576	545	385	489	583
FBGN0038946	18	22	13	13	12	17
FBGN0083943	5	8	0	23	0	24
FBGN0051053	16	0	11	5	18	7
FBGN0027655	10572	12840	11181	12416	12940	14178
FBGN0039435	0	13	18	12	2	0
FBGN0261015	9099	12552	11123	7520	8426	9028
FBGN0013995	45	26	192	80	40	32
FBGN0002906	3731	3349	3891	4254	4954	4590
FBGN0038039	2212	2934	2567	1947	2421	1973
FBGN0262962	151	201	215	125	219	192
FBGN0038394	3	7	4	35	3	8
FBGN0037992	57	78	91	74	85	124
FBGN0015221	9644	10387	15291	8269	9631	10019
FBGN0038261	35	42	49	61	39	22
FBGN0038720	179	315	284	243	214	356
FBGN0042205	444	515	516	526	590	573
FBGN0028436	1287	966	896	875	962	1174
FBGN0259821	191	102	164	337	158	158
FBGN0038872	14692	17472	15484	14911	14484	14984
FBGN0039443	23	12	12	3	10	1
FBGN0039131	1234	947	1775	2718	2596	3109
FBGN0039831	9380	10164	9302	7171	8019	8413
FBGN0038950	1953	2041	2250	1421	1814	1740
FBGN0039565	788	910	904	677	742	1049
FBGN0037579	1	0	22	0	8	1
FBGN0001139	22739	22116	22522	22969	24423	26600
FBGN0039434	297	303	344	11	53	44
FBGN0046876	26	7	68	26	24	5
FBGN0037797	22	1	1	19	2	0
FBGN0003268	13959	13574	14634	9871	11475	11278
FBGN0037987	25	4	9	24	26	0
FBGN0039641	118	108	130	257	250	231
FBGN0037462	3	9	17	7	0	2
FBGN0014366	6096	5865	5586	5561	5671	5769
FBGN0051358	31	20	51	101	36	30
FBGN0051075	11134	11062	18782	7000	8480	8713
FBGN0038852	10	9	69	59	36	19
FBGN0085384	1144	1794	1233	683	700	899
FBGN0026317	5832	6383	6208	5135	5893	6077
FBGN0039590	12842	14424	13780	11585	12896	13488
FBGN0038717	68	227	49	16	29	39
FBGN0038461	4632	4370	4025	3200	4034	3979
FBGN0264832	3	31	15	4	1	1
FBGN0027053	3943	3451	3472	3102	4005	4145
FBGN0004889	16940	18562	17515	16607	18275	18871
FBGN0047199	8	9	0	0	0	0
FBGN0261679	1184	1272	1143	1029	952	951
FBGN0038745	4572	5347	5451	4287	4935	4895
FBGN0038608	2264	2094	2297	2327	2773	2834
FBGN0266261	14	135	1046	46	85	8
FBGN0039288	2	10	3	13	10	6
FBGN0037656	1153	1477	1113	1077	1197	1172
FBGN0037305	1448	1325	1471	1263	1612	1893
FBGN0250755	1133	1375	1327	1238	1433	1267
FBGN0037535	439	432	327	493	610	579
FBGN0038118	4839	5922	5508	5592	5971	6520
FBGN0040466	805	952	851	1307	1233	1367
FBGN0038217	15	7	11	2	7	11
FBGN0038391	84	108	517	63	69	81
FBGN0262003	0	22	49	5	0	6
FBGN0010433	34	85	31	119	61	154
FBGN0037712	344	384	299	135	150	141
FBGN0039678	146	230	508	96	118	129
FBGN0266720	1998	2256	1865	1521	1515	1724
FBGN0011481	12754	15651	14186	12220	13522	14766
FBGN0287844	202	182	251	223	106	137
FBGN0038532	4798	5188	5276	4150	4308	4170
FBGN0039303	4765	6210	5258	4550	5531	5665
FBGN0046875	118	128	86	371	490	588
FBGN0025865	12169	14725	12937	11358	13003	14060
FBGN0028691	10563	10158	9945	8549	9795	9879
FBGN0259736	363	665	479	336	251	183
FBGN0085462	12	9	6	5	14	0
FBGN0039767	6063	6010	6044	5370	4981	6199
FBGN0038576	3430	4044	3425	2984	3390	3685
FBGN0037648	1869	1635	1824	1361	1770	1929
FBGN0261552	5094	5045	5832	5715	5218	5202
FBGN0013759	7243	9030	8255	7721	8411	8168
FBGN0037730	110	127	646	90	71	62
FBGN0037232	1037	1543	1613	1129	1554	1154
FBGN0037310	0	19	41	31	12	28
FBGN0259227	5912	6976	6837	5404	6085	5800
FBGN0038487	2	0	14	10	38	16
FBGN0037709	840	861	735	773	815	855
FBGN0039705	3292	3454	3101	2654	3402	3195
FBGN0038342	8	34	47	14	15	0
FBGN0039509	1048	1196	1064	963	1051	976
FBGN0260468	1204	1162	962	807	1173	1066
FBGN0037503	1324	1610	1515	1060	1040	1234
FBGN0260230	1	0	4	10	7	0
FBGN0264491	11152	11790	10817	8646	10429	9464
FBGN0265197	0	2	0	1	2	0
FBGN0037976	12	4	0	31	3	13
FBGN0037930	1492	1619	1845	837	932	902
FBGN0083946	34	31	34	15	17	33
FBGN0003339	92	17	55	63	62	76
FBGN0037231	1860	1840	1776	1768	2044	1791
FBGN0039787	65	89	18	68	31	34
FBGN0010438	2568	2099	2076	2379	2549	2711
FBGN0037241	1897	2389	2091	1948	2080	1844
FBGN0038426	871	756	736	793	821	733
FBGN0004882	167	101	131	73	92	78
FBGN0020626	7569	8125	7911	5154	5603	5757
FBGN0037439	7016	6301	6734	5350	5972	6674
FBGN0038165	10	12	41	35	20	32
FBGN0037299	2553	3431	2555	2276	2770	2746
FBGN0051080	3	12	5	35	0	15
FBGN0037657	6185	7830	6054	5678	6645	6752
FBGN0038415	35	7	54	28	2	31
FBGN0039595	10	13	52	12	52	5
FBGN0037370	3791	3767	5276	3173	3939	3398
FBGN0039702	777	636	689	490	526	589
FBGN0039039	42	100	58	37	49	13
FBGN0039408	26	56	80	18	57	36
FBGN0038842	5041	5218	4767	6333	6768	6714
FBGN0038799	18	14	34	61	34	17
FBGN0038198	29	78	53	30	20	77
FBGN0038596	4	6	0	9	13	20
FBGN0054041	2	17	4	32	15	15
FBGN0039308	5	35	14	18	4	34
FBGN0014023	1700	1770	2082	1501	1901	1648
FBGN0038902	6	26	38	16	26	33
FBGN0002719	1329	1283	1514	2178	2257	2599
FBGN0046225	2576	2550	2680	2312	2484	2656
FBGN0010258	91	28	43	138	157	212
FBGN0027584	40	28	28	50	32	58
FBGN0024509	7812	9591	7889	7377	8139	8321
FBGN0044826	6476	7362	8013	6336	6143	6554
FBGN0037659	11829	11654	12072	11176	11571	11914
FBGN0263404	0	0	4	10	0	1
FBGN0038582	304	321	336	244	320	403
FBGN0039860	771	1212	1139	701	1027	981
FBGN0037882	762	711	830	565	724	595
FBGN0261843	1204	1133	1280	702	1080	1005
FBGN0037766	6	0	22	6	13	15
FBGN0038325	1785	2227	1658	1377	1507	1779
FBGN0037283	11	14	6	4	9	4
FBGN0000454	8112	7920	8647	6152	6578	6964
FBGN0038435	35	43	33	32	8	6
FBGN0039186	11896	13345	12176	11598	12525	12460
FBGN0038361	4	17	13	22	8	22
FBGN0038469	42	48	54	40	20	48
FBGN0051224	30269	32837	30926	20910	22752	22514
FBGN0037570	7	32	4	2	4	9
FBGN0027575	895	995	947	483	403	496
FBGN0037391	2565	2258	2276	2592	2516	3005
FBGN0037466	5789	5981	6624	3872	4967	4739
FBGN0003512	6706	6828	6539	3532	3747	3950
FBGN0051036	91	193	50	102	58	67
FBGN0038986	15	21	6	19	17	12
FBGN0261859	1357	1547	1745	1447	1583	1616
FBGN0037880	562	525	526	409	520	510
FBGN0038072	26	33	150	26	23	52
FBGN0027493	5555	5989	5886	4786	5326	5784
FBGN0010768	3456	3716	3709	3204	2895	3290
FBGN0039852	7076	7928	6689	3435	3475	3521
FBGN0266171	0	0	0	0	0	0
FBGN0037794	1727	1582	1495	1327	1688	1577
FBGN0027083	947	917	882	786	822	912
FBGN0039518	37	20	49	42	25	6
FBGN0051226	0	0	0	17	0	1
FBGN0038090	27	30	8	49	5	24
FBGN0038897	71	116	102	50	33	21
FBGN0038080	2447	3300	2852	2351	2286	2796
FBGN0037796	3916	4466	4094	4321	4081	4559
FBGN0038749	1	9	2	0	11	3
FBGN0047351	0	5	5	7	6	0
FBGN0013277	11397	29095	20844	4553	6059	4334
FBGN0051093	5	0	20	18	10	3
FBGN0037845	19	68	52	145	60	43
FBGN0038832	17	7	138	20	21	22
FBGN0040601	62	41	197	97	62	55
FBGN0051438	3	5	6	11	5	4
FBGN0038708	8	25	15	25	4	17
FBGN0037783	1	17	97	9	5	21
FBGN0285913	6288	6114	6398	4959	5588	5483
FBGN0085321	0	3	0	1	1	5
FBGN0039056	4967	5626	5608	4880	5311	5360
FBGN0037513	8	89	292	9	19	15
FBGN0040524	13	1	9	5	3	1
FBGN0051320	2120	1946	2200	1499	1629	1376
FBGN0038306	4628	4610	4890	4195	5360	5714
FBGN0037473	827	1089	912	776	893	889
FBGN0038928	699	600	613	457	527	467
FBGN0039438	18	35	2	5	0	24
FBGN0250732	10514	11594	11764	9297	8857	9761
FBGN0000140	16941	16138	17431	17410	18004	17994
FBGN0039254	653	433	759	461	535	440
FBGN0039237	10	0	16	33	1	0
FBGN0038621	452	690	431	400	550	381
FBGN0004644	6077	6471	6008	4538	5196	6018
FBGN0002645	52243	54715	52997	46788	54664	50613
FBGN0010043	2	0	0	18	0	19
FBGN0250839	1476	3374	932	457	584	562
FBGN0263143	2164	1586	1863	1120	986	1231
FBGN0038735	1269	1384	1453	1108	1039	928
FBGN0051102	41	24	136	11	52	23
FBGN0038097	3	0	0	22	5	2
FBGN0037525	1578	1670	1455	1030	1544	1261
FBGN0017590	6	25	28	48	51	24
FBGN0039198	7	19	23	20	18	44
FBGN0038607	10	36	23	92	23	54
FBGN0053111	6560	6098	5395	4852	5987	5956
FBGN0259992	0	2	12	9	7	22
FBGN0266282	3323	3286	3048	3377	3629	3792
FBGN0019990	8164	8664	8287	5582	5970	6127
FBGN0037936	6	44	433	67	0	4
FBGN0083975	57	65	46	117	74	79
FBGN0038199	14	13	9	46	15	22
FBGN0038307	1582	1415	1855	1467	1596	1461
FBGN0039492	5805	8027	7299	6272	6360	6152
FBGN0037897	4403	4964	5272	3975	4335	4021
FBGN0037811	16174	16414	17556	17754	20551	19870
FBGN0037980	1532	1504	1586	1246	1468	1476
FBGN0038151	1715	1757	1371	1141	1214	1248
FBGN0039829	1080	682	828	887	909	894
FBGN0039052	4	16	21	13	25	31
FBGN0039013	2817	2976	2896	2650	2876	2750
FBGN0026737	1496	1354	1401	1251	1450	1777
FBGN0262363	0	0	4	8	7	0
FBGN0085404	26	23	0	56	43	4
FBGN0038135	21	84	280	68	34	28
FBGN0263023	6	10	3	5	12	8
FBGN0266410	19242	21140	19946	13769	15027	14303
FBGN0051087	7	9	17	34	21	5
FBGN0038373	14	0	48	44	30	14
FBGN0085465	4	17	12	20	26	21
FBGN0003060	27	4	16	41	17	76
FBGN0037354	1402	1599	1729	1445	1480	1650
FBGN0027514	1897	2369	1951	1741	2168	1814
FBGN0039849	4621	4522	4341	4336	4745	4970
FBGN0038172	36	66	251	42	32	55
FBGN0037217	26	12	50	36	58	21
FBGN0019952	793	1023	1103	629	782	822
FBGN0259740	4261	3979	3939	3590	4188	3835
FBGN0038439	67	82	98	170	71	108
FBGN0038645	25	1	42	14	23	11
FBGN0037824	3	0	1	3	6	13
FBGN0051199	28	8	3	22	8	7
FBGN0053658	3	0	6	4	0	6
FBGN0085316	2	0	28	15	24	4
FBGN0039204	3150	3470	3292	2562	2727	2623
FBGN0038631	4	64	43	41	1	33
FBGN0037584	24	24	28	35	6	9
FBGN0263346	17040	19688	16820	13614	15754	13947
FBGN0040256	121	118	133	36	27	35
FBGN0038638	6040	6687	6000	5161	5474	6317
FBGN0016917	14485	15901	14903	14480	14729	15850
FBGN0038519	3489	3589	3526	3824	3949	4077
FBGN0000247	7611	8564	8890	6569	7094	6750
FBGN0038665	2	16	10	12	44	10
FBGN0038207	4	2	2	5	10	11
FBGN0037885	322	323	242	295	358	481
FBGN0051007	1	16	0	1	2	19
FBGN0020912	48	9	18	25	22	31
FBGN0037846	418	557	517	550	499	768
FBGN0266174	0	0	0	0	0	0
FBGN0051419	0	0	2	14	0	2
FBGN0039882	1154	1383	1492	922	1167	1015
FBGN0085306	16	4	22	26	30	14
FBGN0261839	1076	1062	1115	872	856	844
FBGN0037360	8052	8109	8505	6766	7961	8402
FBGN0051473	296	460	220	234	253	118
FBGN0263396	48789	53331	53004	41197	48717	46932
FBGN0003598	13232	14702	13685	13661	16104	15986
FBGN0037543	962	934	953	917	1143	886
FBGN0038008	16	16	10	20	23	10
FBGN0287209	31228	31979	31994	24713	26900	28137
FBGN0038398	25	12	16	29	30	1
FBGN0037544	418	258	345	230	271	324
FBGN0265082	24838	28357	27694	19733	23879	21347
FBGN0051010	4	1	22	11	8	14
FBGN0266268	3019	3049	2918	2892	2888	2773
FBGN0046685	4061	4670	4553	3415	3989	4061
FBGN0039774	1892	1901	1829	1557	1651	1672
FBGN0038772	1594	1517	1308	1158	1621	1658
FBGN0085310	3	2	1	1	20	9
FBGN0002431	47598	49722	50158	43125	48420	46457
FBGN0053784	12	10	5	0	3	6
FBGN0038076	58	44	107	40	6	8
FBGN0028688	10559	9741	9603	9754	11363	11867
FBGN0026257	1217	1169	1089	1176	1079	1222
FBGN0263755	2698	2569	2304	2391	2828	3282
FBGN0039323	61	65	86	46	35	20
FBGN0037301	5685	4540	5512	4692	5044	5581
FBGN0039145	635	867	900	658	811	756
FBGN0051164	23	20	8	49	19	8
FBGN0038277	42	18	9	37	18	57
FBGN0037958	2192	2053	2133	1966	2479	2475
FBGN0039828	5165	4313	4763	3924	4874	4462
FBGN0037282	6263	6773	5935	4962	5016	4945
FBGN0250821	3	5	8	18	24	1
FBGN0039580	7821	9083	8548	6301	7319	7998
FBGN0038980	33	15	30	15	27	32
FBGN0262125	18765	20219	18777	14751	16645	17440
FBGN0265199	11	0	5	8	6	0
FBGN0037578	1413	1449	1421	1477	1746	1631
FBGN0038281	16	9	15	12	6	1
FBGN0037330	2422	2101	1887	1764	2345	2452
FBGN0003483	380	480	503	917	1031	913
FBGN0038145	30583	33778	32928	23286	26994	27147
FBGN0037627	22	28	0	46	32	4
FBGN0053095	9233	10582	10268	7359	8598	7517
FBGN0053325	22	0	42	31	10	25
FBGN0039196	26	22	39	27	15	12
FBGN0085336	26	4	10	12	4	4
FBGN0051267	13	2	33	33	8	17
FBGN0038590	1009	959	1116	641	766	930
FBGN0039311	65	28	61	17	22	22
FBGN0051251	790	934	820	698	748	586
FBGN0039453	0	26	154	6	4	2
FBGN0250908	25	16	16	39	22	14
FBGN0085320	1	5	97	14	4	2
FBGN0039489	441	309	426	291	305	344
FBGN0040606	0	2	21	5	2	1
FBGN0039159	638	739	647	663	715	877
FBGN0039519	29	0	7	25	0	4
FBGN0002783	38847	40289	38936	32702	35804	37564
FBGN0261792	1893	1850	1642	2040	2411	2264
FBGN0038195	3227	3733	3502	2792	3184	2915
FBGN0053346	87	309	1865	38	9	24
FBGN0026597	7958	8717	8326	7548	7539	8786
FBGN0038570	5461	5609	5360	5507	5303	6583
FBGN0038658	0	27	72	12	5	0
FBGN0260793	51	64	68	88	91	41
FBGN0004666	30	12	23	47	35	32
FBGN0264751	383	669	490	390	374	506
FBGN0039302	105872	109553	108512	100245	110537	106397
FBGN0037327	11570	12197	12277	10269	10844	11237
FBGN0038262	33	30	30	51	18	30
FBGN0037943	2434	2093	2577	2583	3105	2608
FBGN0002592	4587	5210	5101	4237	4084	4857
FBGN0063261	0	0	1	21	1	5
FBGN0039758	16	17	76	165	105	148
FBGN0051424	4	13	18	42	35	18
FBGN0261508	0	9	0	0	0	7
FBGN0266717	56422	60120	61990	47211	51549	51624
FBGN0010401	130	309	312	100	81	82
FBGN0039252	4755	4798	4933	4057	4326	4484
FBGN0028646	2644	2326	2925	2714	2905	2817
FBGN0039734	23	118	59	48	37	56
FBGN0038363	624	581	900	325	498	458
FBGN0039504	62	126	108	160	91	110
FBGN0002921	41742	44310	42754	38317	42145	42597
FBGN0038221	301	279	377	346	441	441
FBGN0038944	10	7	1	17	1	0
FBGN0020235	11255	13491	11444	11693	12522	13451
FBGN0261986	5645	5940	5570	5521	6364	5890
FBGN0037940	2	2	5	19	1	4
FBGN0028992	3717	3435	3540	3209	3764	3583
FBGN0039623	3117	3140	4200	3355	3310	3299
FBGN0000083	18199	21721	19257	14132	15331	16430
FBGN0039827	870	963	1152	219	170	351
FBGN0039844	10498	12158	9950	11462	11789	13335
FBGN0013279	25353	61536	44209	9406	12939	9531
FBGN0039682	86	153	1159	27	109	26
FBGN0037831	4620	4855	5365	4881	5739	5741
FBGN0038209	21	0	1	16	16	4
FBGN0037683	12	16	29	34	46	50
FBGN0051089	11	0	14	33	10	25
FBGN0038773	22	25	17	102	8	22
FBGN0040255	21	24	0	40	22	12
FBGN0038612	18	22	19	36	2	21
FBGN0051041	18	20	0	22	22	1
FBGN0042094	802	981	1017	1049	1289	1098
FBGN0037638	3086	3370	3131	3108	3263	3022
FBGN0039632	5405	5692	5693	4219	4117	5082
FBGN0038448	49	83	50	62	54	31
FBGN0261436	3088	3259	3468	2259	2500	2752
FBGN0038234	834	960	751	721	568	719
FBGN0005777	4363	3953	4103	3753	4274	4362
FBGN0038301	1877	2103	1797	1330	1734	1755
FBGN0259704	2712	2729	2102	2096	2409	2368
FBGN0039155	5114	5577	5332	6915	7254	7679
FBGN0037603	523	380	434	437	443	507
FBGN0085315	2	1	6	0	0	7
FBGN0037611	186	333	175	154	221	182
FBGN0005642	6717	6912	6357	6510	6546	7056
FBGN0037446	4745	5515	4926	4339	5092	4926
FBGN0039306	2805	2812	2888	2984	3364	3111
FBGN0051445	38	28	35	53	32	46
FBGN0038083	42	106	1126	28	18	31
FBGN0266259	6	0	22	0	1	0
FBGN0042101	0	5	51	47	25	18
FBGN0015008	45	22	29	50	23	14
FBGN0062442	3295	2979	3017	3009	3793	3604
FBGN0041588	2968	2965	2910	2315	2597	2591
FBGN0037910	10	24	0	7	11	0
FBGN0039235	9	28	22	22	30	3
FBGN0010774	13961	16857	15736	13012	14514	15916
FBGN0037594	27	18	36	40	23	6
FBGN0011336	20771	24812	23009	19188	22792	20898
FBGN0052944	86	94	33	49	42	49
FBGN0040553	4	12	12	9	6	7
FBGN0262364	6	0	28	12	2	29
FBGN0039325	12	1	23	26	2	8
FBGN0039111	621	568	666	752	647	618
FBGN0037252	15251	17374	16060	14935	15903	15549
FBGN0038387	393	398	671	362	420	631
FBGN0039310	24	19	16	19	34	10
FBGN0038180	9670	11241	9308	5410	7441	7283
FBGN0039300	40640	46249	43575	35687	41141	41670
FBGN0039344	19	10	26	70	17	14
FBGN0038191	62	104	78	74	102	145
FBGN0038074	57	207	2921	36	21	42
FBGN0266599	361394	440917	397866	300243	316778	356735
FBGN0039850	6	12	30	22	22	19
FBGN0023097	17197	20274	17111	16561	17707	18435
FBGN0040078	7108	6290	6856	5681	7243	6685
FBGN0038523	76	361	2659	10	95	3
FBGN0037762	0	8	1	30	4	5
FBGN0038455	293	225	239	140	206	239
FBGN0039429	13	13	0	14	10	14
FBGN0029176	188226	236835	209788	164654	172969	202942
FBGN0261618	80282	87224	87166	86413	90386	87050
FBGN0038344	8672	9467	8907	8013	9086	9364
FBGN0260645	5	8	10	1	0	0
FBGN0038416	19	89	56	38	20	14
FBGN0261019	432	367	243	314	415	404
FBGN0002869	0	15	0	13	0	0
FBGN0038652	1460	1828	1963	1101	1176	1120
FBGN0011766	26950	28439	27629	22464	24457	25181
FBGN0039886	151	215	241	141	117	76
FBGN0037412	19	2	27	34	10	21
FBGN0262983	0	16	26	0	7	0
FBGN0039867	2039	2194	2252	2138	2082	2295
FBGN0039738	1842	2279	2028	2039	2119	2342
FBGN0039552	14	9	0	19	7	9
FBGN0051345	14	7	18	21	3	9
FBGN0051217	5855	6325	6396	5901	6327	7433
FBGN0038366	75	161	156	132	124	105
FBGN0037435	596	694	589	673	672	599
FBGN0020496	33874	40786	36081	29273	31882	34222
FBGN0019957	5160	4964	5355	3953	4768	4931
FBGN0265140	11358	16642	15386	7984	9072	8031
FBGN0037653	3338	3777	3811	2735	3557	3313
FBGN0039405	910	823	894	791	909	658
FBGN0037667	1209	1103	997	1208	1333	1218
FBGN0064126	3864	4225	3954	4323	4545	4969
FBGN0266674	3094	3687	3241	3007	3660	3218
FBGN0011217	20342	22065	22705	18973	23562	19384
FBGN0020299	6119	6401	6144	4725	5668	6547
FBGN0037802	364	474	304	442	369	497
FBGN0039305	3202	2776	3078	3188	3747	3425
FBGN0037294	22	39	56	42	84	22
FBGN0067629	1777	1863	1720	1798	2172	2296
FBGN0013343	4829	5158	5245	5873	6253	5464
FBGN0051108	2542	2485	2739	1851	2358	1978
FBGN0037581	1395	1812	1330	1172	1112	1455
FBGN0038268	642	973	787	312	538	496
FBGN0039883	851	709	860	1247	1349	1243
FBGN0038739	1137	1142	952	1008	1062	1237
FBGN0038790	5	0	18	3	2	10
FBGN0038508	8	0	6	49	20	9
FBGN0039413	4	14	56	21	5	4
FBGN0051460	1012	1352	1117	1294	1052	1077
FBGN0038747	3785	4628	4409	3573	3676	3993
FBGN0011740	9347	10202	10038	8441	9411	10307
FBGN0262477	31	36	30	43	13	25
FBGN0037339	2794	3076	3014	2438	2669	3006
FBGN0039461	350	292	268	267	255	265
FBGN0039028	21	4	6	23	30	12
FBGN0038494	55	126	56	140	182	211
FBGN0017448	35	30	60	80	29	31
FBGN0039651	8	68	0	63	21	30
FBGN0037816	732	685	592	550	455	572
FBGN0085312	26	2	0	10	7	0
FBGN0038507	43	8	12	33	32	8
FBGN0040531	20	1	0	0	5	0
FBGN0037672	94	116	375	60	94	67
FBGN0038551	3203	3626	3386	2694	3086	3317
FBGN0264005	13	33	49	95	22	69
FBGN0026565	62	39	252	11	13	29
FBGN0037989	1123	1437	1547	828	989	949
FBGN0003015	8	15	17	18	41	21
FBGN0266442	24	7	14	8	22	10
FBGN0037996	44	146	1200	26	20	35
FBGN0039358	3973	3660	3208	3300	3597	4212
FBGN0003721	31128	33467	33524	24980	29577	27795
FBGN0045980	12	42	187	80	23	5
FBGN0038846	7	2	22	18	7	7
FBGN0038854	4406	4858	3905	3875	3976	3997
FBGN0259139	35489	37548	33670	26484	29822	26495
FBGN0040528	670	831	685	822	748	871
FBGN0039779	15	72	170	38	16	1
FBGN0039472	0	2	13	6	19	56
FBGN0085412	38947	43229	40875	30804	33174	30927
FBGN0051230	64	91	62	38	59	50
FBGN0053202	25	7	88	26	26	25
FBGN0038642	141	206	98	128	75	81
FBGN0039463	52	14	16	35	7	6
FBGN0038685	5	36	8	36	23	23
FBGN0039821	12	28	33	82	35	43
FBGN0038247	153	118	119	113	73	101
FBGN0004103	24776	25927	26058	21404	23369	24561
FBGN0038149	19750	19958	17699	16636	19817	21262
FBGN0027563	8	44	40	1	34	0
FBGN0039357	310	502	490	324	412	441
FBGN0037956	8578	9717	9087	8407	8790	9556
FBGN0261061	3	6	11	13	0	1
FBGN0028475	5531	5594	5990	4174	4614	4784
FBGN0038646	19	76	196	13	99	254
FBGN0051099	18	6	14	7	8	7
FBGN0043884	138505	156562	146437	119648	130151	126207
FBGN0010340	642	616	597	465	568	592
FBGN0264075	8631	8754	7807	7533	8508	8547
FBGN0259938	4594	5390	4756	5219	5736	5536
FBGN0264426	166	78	94	133	104	92
FBGN0259193	25	22	7	14	21	18
FBGN0038816	4515	5124	5230	3590	4014	4068
FBGN0019925	4369	4226	5523	4457	5849	5804
FBGN0037714	5	16	12	12	17	12
FBGN0038837	13	14	29	50	50	37
FBGN0085337	69	72	100	77	146	174
FBGN0085454	20	30	50	1	9	11
FBGN0265266	48	132	0	14	17	30
FBGN0038929	41	53	35	37	53	51
FBGN0038233	931	563	849	665	764	684
FBGN0037550	1349	1242	1196	1091	1347	1321
FBGN0261841	1538	1492	1273	884	999	829
FBGN0051025	23	16	31	51	39	14
FBGN0051225	11	7	20	5	9	17
FBGN0039566	11000	11498	9949	9890	11966	11127
FBGN0022943	1349	1746	1428	1197	1755	1580
FBGN0262081	10142	12078	11273	8731	9487	9794
FBGN0037610	425	240	336	283	318	316
FBGN0265274	40127	40057	38722	30123	35978	35282
FBGN0067783	596	544	646	584	693	558
FBGN0051233	21	22	231	53	31	9
FBGN0013275	21700	45487	33323	12364	18023	10767
FBGN0037213	35298	40366	35054	28499	30010	31789
FBGN0037616	92	60	134	74	69	48
FBGN0038533	3496	3351	3300	2962	3313	3108
FBGN0037418	0	0	0	22	20	18
FBGN0264991	1	0	0	3	0	1
FBGN0015737	34188	37464	36947	30261	33808	30575
FBGN0038148	11	1	25	39	4	7
FBGN0037901	2180	1871	1743	1678	1641	1718
FBGN0267690	152	202	182	241	106	203
FBGN0037837	37	16	64	58	20	29
FBGN0039341	3931	4379	3853	3646	4485	4213
FBGN0037986	17	10	22	35	9	36
FBGN0267104	45	60	8	5	15	6
FBGN0037250	1568	1611	1347	1164	1589	1553
FBGN0039197	1	20	1	5	22	5
FBGN0038566	39	9	16	23	9	5
FBGN0051481	49	93	63	44	37	71
FBGN0037817	72	8	158	36	51	16
FBGN0266464	4897	5175	5232	4206	4865	4717
FBGN0038424	2301	2562	2453	1590	2019	2235
FBGN0051229	1330	1275	1023	1046	1147	1211
FBGN0038691	8	1	50	6	10	19
FBGN0039069	216	313	178	116	100	119
FBGN0037829	43	24	68	38	38	21
FBGN0016120	9770	9477	10060	10036	11101	11596
FBGN0005596	6884	7536	7256	6744	6948	7739
FBGN0038179	590	806	600	747	984	883
FBGN0262540	2	8	1	7	2	9
FBGN0040071	24320	25906	23896	21557	22379	23321
FBGN0038423	19	15	2	23	8	13
FBGN0045862	13985	14668	13966	10291	11728	12780
FBGN0051259	3	18	110	18	34	53
FBGN0038251	3003	3200	2860	3000	3460	3432
FBGN0038797	29	29	22	12	45	6
FBGN0053483	0	14	40	5	8	0
FBGN0039140	3800	4366	4173	3502	3646	3992
FBGN0038428	2213	2157	2220	1928	2618	2429
FBGN0037770	10597	9838	9714	9108	10441	10763
FBGN0259194	16	26	48	45	24	13
FBGN0085417	547	748	900	457	422	529
FBGN0083991	0	0	24	1	0	0
FBGN0003093	4589	4581	4528	4164	4155	4488
FBGN0045866	5014	5278	4713	3318	4834	4868
FBGN0028468	1080	1291	1326	1490	1518	1813
FBGN0037908	16	6	31	38	40	31
FBGN0039754	1872	1948	1862	927	1091	1444
FBGN0038919	641	792	918	1417	1455	1464
FBGN0038105	2	36	44	36	21	12
FBGN0003479	1114	1056	1213	871	927	1013
FBGN0051371	2	18	32	29	36	16
FBGN0038244	10547	11637	10320	9706	9969	11102
FBGN0037249	47292	54211	50925	45908	51267	55511
FBGN0039041	0	0	5	3	0	0
FBGN0038084	37	9	9	20	9	14
FBGN0024957	7006	7205	7164	5950	6813	7091
FBGN0286741	2	3	12	5	6	4
FBGN0026620	20236	21487	20834	20789	23149	23231
FBGN0051213	59	107	50	180	77	62
FBGN0085431	26	42	15	25	22	10
FBGN0263995	924	1081	1199	1023	1091	1069
FBGN0011290	2575	2273	2443	2224	2604	2278
FBGN0037521	27	52	66	11	14	16
FBGN0037347	1991	2099	1966	1176	1843	1570
FBGN0022359	16	139	546	23	24	39
FBGN0265189	2387	2272	1988	1993	2432	2653
FBGN0053108	530	444	445	298	476	459
FBGN0038013	2245	2104	1615	1834	2193	1666
FBGN0051091	28	27	23	11	2	22
FBGN0264495	26735	30236	27080	22738	24549	24467
FBGN0038558	26	0	5	3	7	12
FBGN0014342	1115	1000	1186	844	981	1100
FBGN0086686	26257	29200	27746	21113	21966	22952
FBGN0003357	110	102	119	334	31	58
FBGN0039508	5892	6646	5818	4511	5771	6042
FBGN0016119	2622	2798	2690	2435	2548	2809
FBGN0263403	0	0	10	0	0	1
FBGN0264903	5	9	0	0	0	8
FBGN0039645	51	67	58	49	70	34
FBGN0039209	3092	3096	3575	3487	3484	3517
FBGN0016691	9194	8766	8062	8794	9360	10844
FBGN0038550	12	28	8	3	5	15
FBGN0053293	42	152	68	108	47	71
FBGN0038767	1517	1498	1320	1193	1466	1100
FBGN0039739	0	5	11	16	7	4
FBGN0039349	2098	2319	2449	1815	2303	2281
FBGN0038414	21	9	49	42	18	14
FBGN0004629	128	179	1029	42	168	286
FBGN0011582	1	8	42	46	30	30
FBGN0037562	0	2	32	2	0	0
FBGN0042110	3	3	23	13	1	10
FBGN0039681	31	41	88	16	16	27
FBGN0038705	18	14	44	30	40	24
FBGN0051211	16846	20099	18782	14058	14772	14137
FBGN0038690	8	8	15	44	12	28
FBGN0040529	9796	10235	10084	10075	10425	10599
FBGN0039027	12	0	35	27	3	9
FBGN0285937	6954	7143	7928	5228	6763	6183
FBGN0039656	34	36	24	41	71	20
FBGN0014380	668	577	905	652	791	513
FBGN0037664	1543	2376	1566	1089	1146	1122
FBGN0004436	3768	3986	4147	3610	4320	3307
FBGN0001149	27277	26476	26048	24463	27946	28188
FBGN0037635	72	103	103	36	40	17
FBGN0004554	32	45	32	79	24	26
FBGN0038851	17	9	1	16	14	16
FBGN0039172	5456	6292	5962	4768	5462	5815
FBGN0000416	29768	35535	41219	23473	26020	26012
FBGN0003330	3001	3480	3325	2789	3149	3551
FBGN0004782	16	8	18	54	11	19
FBGN0037502	7	33	12	31	9	18
FBGN0038134	2	7	19	39	15	12
FBGN0283536	6611	7012	8002	4118	4384	5243
FBGN0038285	11	3	0	46	88	37
FBGN0038871	337	194	244	269	447	380
FBGN0037780	2260	2922	2621	1905	2291	2270
FBGN0038516	35	117	229	72	147	86
FBGN0038509	12	1	50	24	9	6
FBGN0037534	125	132	76	47	80	49
FBGN0039451	4712	5534	4476	3698	3938	4158
FBGN0039770	4	6	21	20	4	15
FBGN0263740	10350	10316	10187	9023	10552	10546
FBGN0001138	14254	19719	16134	11851	12333	13445
FBGN0261929	74	84	33	90	58	38
FBGN0039684	0	1	6	0	16	9
FBGN0039280	1162	1077	1269	811	987	762
FBGN0051410	0	34	185	0	29	0
FBGN0003257	5149	5627	5556	4076	4954	5559
FBGN0001169	17775	19813	18214	16652	18645	18645
FBGN0038993	12	8	81	19	52	27
FBGN0038054	49	166	58	66	78	92
FBGN0053192	0	0	46	11	3	0
FBGN0037721	3560	3508	3307	3975	4654	4829
FBGN0086361	11638	12388	13313	12304	12601	13303
FBGN0037779	1060	1103	1346	1318	1344	1471
FBGN0260743	1123	1311	1421	819	1052	1199
FBGN0002941	34	22	49	116	44	54
FBGN0037742	569	554	431	205	228	184
FBGN0037997	15	3	11	8	7	1
FBGN0025821	4	8	32	4	10	0
FBGN0051038	4635	5504	4158	4939	5308	5682
FBGN0039689	668	716	730	509	429	467
FBGN0039554	3600	3601	3647	3229	3734	3990
FBGN0039250	10075	10125	10341	10810	11290	11359
FBGN0037592	1251	1089	1448	1409	1381	1453
FBGN0028997	1220	1193	1222	1117	995	1083
FBGN0011666	13410	13891	13321	11584	12854	13071
FBGN0037500	11	9	0	6	15	0
FBGN0284081	4	0	0	3	3	10
FBGN0262975	13683	16103	17650	12819	13523	13544
FBGN0262167	11067	12692	11285	9924	10340	10699
FBGN0000064	19433	21296	22531	12241	13836	16654
FBGN0038163	39	57	43	36	34	10
FBGN0039149	938	1036	885	850	937	795
FBGN0027109	0	5	5	2	0	5
FBGN0038425	579	692	630	578	679	610
FBGN0038482	0	0	12	17	14	6
FBGN0250832	0	16	0	9	0	5
FBGN0037643	6051	5935	6034	6029	6532	7221
FBGN0267236	0	0	3	2	0	2
FBGN0038140	60	16	25	34	44	43
FBGN0061476	3525	3331	3197	2135	2593	2346
FBGN0038122	0	14	13	9	23	4
FBGN0029170	281	413	306	69	64	49
FBGN0003450	6	23	15	16	5	7
FBGN0039596	8	14	39	34	10	13
FBGN0038490	90	187	141	152	182	131
FBGN0039106	0	34	23	12	1	7
FBGN0039335	2074	1538	1667	1748	1681	1912
FBGN0038879	9	0	9	36	14	29
FBGN0037336	12025	12782	13090	9887	10764	10861
FBGN0003651	2962	3873	3449	1927	1853	2060
FBGN0037690	18	30	19	7	21	31
FBGN0038106	1331	1255	1473	1282	1251	1391
FBGN0001321	4798	5390	5195	3005	3665	3642
FBGN0037225	8	0	0	25	13	8
FBGN0038082	8	4	14	28	22	15
FBGN0005355	3370	3661	3669	2408	2608	2991
FBGN0000150	64288	67351	65147	64509	66158	77705
FBGN0037577	32	0	0	4	15	8
FBGN0038866	264	412	346	320	311	295
FBGN0038429	911	834	910	891	1117	1172
FBGN0038981	3030	3601	3564	2930	3180	3379
FBGN0262144	0	16	3	5	2	0
FBGN0038654	12	2	4	15	1	3
FBGN0039789	13	56	49	76	22	41
FBGN0039589	2053	2233	2068	1823	1753	1767
FBGN0039591	40	22	70	15	1	17
FBGN0039718	8	0	8	1	12	0
FBGN0038241	30	472	6369	0	21	8
FBGN0038018	12	30	3	21	19	11
FBGN0038715	6	2	46	37	34	16
FBGN0039478	43	18	42	33	13	43
FBGN0004117	403	546	870	406	482	213
FBGN0028708	2083	2126	1981	1427	1551	1818
FBGN0046222	6315	6200	6601	5598	6570	6979
FBGN0039637	1538	2018	1939	1705	1910	1932
FBGN0283477	13017	14556	14288	11286	13116	14035
FBGN0039370	3	11	0	9	0	5
FBGN0038126	3075	4741	3851	1246	1608	1350
FBGN0265101	3754	4320	4532	2439	2361	2462
FBGN0015019	32225	33788	32321	28685	31874	34129
FBGN0051068	55	12	51	28	43	20
FBGN0037218	9228	9519	9953	7588	8351	8235
FBGN0011670	4	0	7	1	19	2
FBGN0000527	58	695	681	38	147	127
FBGN0037613	361	315	547	196	331	307
FBGN0027608	90	61	92	55	95	54
FBGN0051477	78	50	116	103	101	58
FBGN0267431	35	18	92	112	79	122
FBGN0039563	3274	3612	3428	3469	3926	3855
FBGN0261046	84	85	107	155	101	120
FBGN0263398	2329	2561	2423	2448	2371	2792
FBGN0046885	22	5	0	57	9	39
FBGN0004577	117	262	181	403	198	321
FBGN0003308	321	277	360	679	588	838
FBGN0038818	75	35	18	60	39	28
FBGN0039736	44	36	210	72	30	41
FBGN0037531	1068	1216	1180	1099	862	818
FBGN0266405	9	34	49	7	14	15
FBGN0013949	12	53	487	39	36	53
FBGN0044809	0	0	30	13	27	18
FBGN0262614	78879	86123	83526	70644	76750	80480
FBGN0051115	9	26	8	26	10	4
FBGN0260962	17963	17617	18253	14610	16473	16938
FBGN0037606	1273	1190	1358	1097	1063	1146
FBGN0038976	4035	3846	4169	2923	3400	3740
FBGN0037517	7	5	153	48	13	26
FBGN0051326	32	6	25	32	36	12
FBGN0039309	1	22	1	50	10	7
FBGN0021750	2195	2394	2058	2241	2490	2863
FBGN0002862	1	8	0	7	0	0
FBGN0260399	3933	4284	3482	3751	3916	3998
FBGN0261994	36	1	0	12	8	0
FBGN0039677	36	10	40	26	24	40
FBGN0037387	2	73	155	20	21	21
FBGN0038313	1062	1120	1012	932	1252	1187
FBGN0039369	5	7	7	12	13	9
FBGN0037238	61	14	40	30	33	19
FBGN0025808	921	1232	796	878	1036	878
FBGN0260759	580	584	612	466	472	375
FBGN0039115	811	893	790	675	784	771
FBGN0037737	2426	2700	2422	1737	2248	2145
FBGN0037350	168	410	387	239	285	416
FBGN0037515	115	90	200	90	155	140
FBGN0037340	840	785	537	490	482	674
FBGN0038849	13	4	17	26	22	9
FBGN0261932	16	0	28	7	3	6
FBGN0001112	1954	1624	1783	523	650	635
FBGN0039875	3681	3823	4197	3868	3894	4036
FBGN0037365	0	8	14	10	11	20
FBGN0039811	0	0	0	20	2	0
FBGN0053213	842	803	808	679	874	1015
FBGN0037962	17	26	5	37	26	29
FBGN0003429	97	78	120	107	73	102
FBGN0011725	5720	5731	5476	5012	5737	5711
FBGN0263399	0	1	0	6	3	1
FBGN0051121	7303	8200	7438	6557	7073	8208
FBGN0062411	16	20	22	4	9	2
FBGN0051354	25450	62111	44386	9248	13009	9470
FBGN0264816	2842	3352	2754	2181	2328	2140
FBGN0037758	4393	5598	5154	3312	3776	3682
FBGN0037916	36	62	48	21	46	50
FBGN0038055	1419	1480	1294	1457	1634	1532
FBGN0026598	7040	7194	7006	5721	6021	6576
FBGN0262808	19	1	19	6	3	3
FBGN0038546	4084	5055	4669	3870	3489	3948
FBGN0011745	6141	6050	5665	4989	5653	5886
FBGN0037406	14	0	9	12	5	11
FBGN0039034	0	18	2	13	22	3
FBGN0004369	19616	21067	20775	15976	17230	16024
FBGN0039598	6	0	38	17	6	8
FBGN0266581	6980	7446	6585	6816	8165	7769
FBGN0261393	48	32	129	7	67	53
FBGN0085345	76	79	752	38	103	75
FBGN0039161	80	120	166	64	71	122
FBGN0000591	1548	1692	1468	1025	1415	1370
FBGN0039494	170	238	388	1841	1723	2159
FBGN0260794	103483	113006	107150	81159	90829	88978
FBGN0039031	62	77	609	18	40	12
FBGN0014141	46205	47765	47941	39729	42755	46012
FBGN0262562	363	336	463	586	477	559
FBGN0003275	5401	5854	4513	4601	5184	4937
FBGN0270925	40	31	75	67	80	63
FBGN0083974	2	25	2	30	11	4
FBGN0260237	689	660	704	566	720	769
FBGN0026063	4338	4338	4776	3984	3853	4079
FBGN0038158	0	4	0	3	4	39
FBGN0013347	5246	4877	4680	4809	5093	5097
FBGN0051269	1	8	11	13	10	12
FBGN0037844	124	173	161	15	48	64
FBGN0040271	8139	8753	8804	6828	7451	6562
FBGN0039495	13	6	14	11	8	8
FBGN0038124	10	0	2	20	12	0
FBGN0039431	9056	9840	9959	9156	10810	10300
FBGN0025571	23810	25004	22379	20615	22397	23594
FBGN0037554	2378	2262	2276	2004	2240	2418
FBGN0037284	9	0	2	1	1	0
FBGN0022787	12258	13067	12609	9962	11422	11704
FBGN0038795	21	0	50	12	10	8
FBGN0015011	147	112	217	79	135	60
FBGN0042111	7153	8241	7344	6846	7925	8351
FBGN0003129	22	28	21	29	56	4
FBGN0038511	1929	2065	2496	1248	1675	1186
FBGN0037536	5368	6036	4923	4174	4590	4974
FBGN0037931	1767	2074	1636	1583	1458	1940
FBGN0038855	3474	4165	3658	2458	2935	3415
FBGN0039359	66042	63334	60286	54931	65772	65748
FBGN0000564	6	4	6	19	5	0
FBGN0026441	6109	7169	7103	5942	6178	6349
FBGN0038237	35	26	129	119	33	51
FBGN0037514	0	16	14	20	24	8
FBGN0038033	22	57	50	40	38	21
FBGN0039319	21	20	118	14	23	6
FBGN0039395	46	8	7	8	15	22
FBGN0265351	277	333	409	434	494	408
FBGN0262576	16	2	6	20	8	6
FBGN0085311	0	27	308	9	4	84
FBGN0004174	7	0	1	13	6	4
FBGN0039291	335	371	401	370	332	341
FBGN0051021	18	15	31	66	29	22
FBGN0037583	3616	3466	3375	3197	3508	3265
FBGN0051441	361	216	422	343	377	322
FBGN0051374	473	409	456	285	267	208
FBGN0039102	59	303	375	115	103	124
FBGN0039638	2779	2727	2842	2407	2915	2919
FBGN0025802	5447	5842	5751	4700	5640	5216
FBGN0037344	45851	51428	49021	41151	43036	42963
FBGN0053193	4731	5084	5046	3883	4132	5110
FBGN0037751	45	94	24	30	18	21
FBGN0026562	2324	3028	3494	2276	2923	3394
FBGN0039703	17	12	9	2	22	10
FBGN0038348	20	75	75	96	50	114
FBGN0010808	2453	2555	2614	2422	2400	2483
FBGN0038942	10	0	5	4	9	8
FBGN0264741	49	30	71	17	0	3
FBGN0039219	3482	2885	3191	3217	4397	4107
FBGN0037850	10	0	6	8	18	6
FBGN0039008	24	13	28	12	20	1
FBGN0037468	22499	18497	19202	14849	17100	16852
FBGN0037420	44	23	99	10	5	1
FBGN0250753	44906	44224	47562	39400	50392	44768
FBGN0015831	6	16	21	19	23	21
FBGN0039719	2	25	22	7	11	7
FBGN0259685	40490	45481	44133	26387	28553	27396
FBGN0003249	5	6	51	21	10	0
FBGN0000139	3556	3995	3865	2767	3200	3269
FBGN0017567	2682	3043	2759	2404	2374	2568
FBGN0261285	813	839	716	1015	910	1184
FBGN0037230	31	51	14	18	24	46
FBGN0045468	4	16	22	10	6	13
FBGN0003513	5355	5829	4618	4115	5259	5320
FBGN0053927	0	5	0	1	12	9
FBGN0024944	45	37	44	54	26	54
FBGN0037707	6631	6715	5769	5268	6745	7093
FBGN0267106	0	6	2	1	9	0
FBGN0038395	301	292	313	414	519	420
FBGN0287598	150	271	244	102	130	45
FBGN0038001	5	1	1	3	2	40
FBGN0037671	7450	7206	8235	6515	6852	8068
FBGN0039665	2131	1866	1751	3025	3115	3595
FBGN0039006	447	489	656	467	595	772
FBGN0037228	92	104	56	43	78	62
FBGN0038709	12	20	14	17	2	1
FBGN0010328	53582	56303	56643	47072	50447	52065
FBGN0038746	3078	2671	2968	3352	3986	4063
FBGN0037717	17	12	19	40	31	32
FBGN0038983	989	752	780	1657	1724	2054
FBGN0044812	0	1	81	6	5	8
FBGN0038020	698	711	694	355	405	357
FBGN0037836	88	90	126	179	149	172
FBGN0086365	1836	1878	1669	2128	2553	2474
FBGN0016672	1720	1725	1716	1059	1160	1585
FBGN0004387	5524	6546	5797	5186	5721	5793
FBGN0024491	3087	3451	3049	2616	2733	2659
FBGN0037537	12685	14129	14024	10207	11873	11625
FBGN0261532	6988	8136	6895	6159	6129	6761
FBGN0010040	0	4	8	5	27	49
FBGN0037323	841	1471	698	369	564	429
FBGN0262112	112	142	176	133	180	98
FBGN0039474	67	521	5003	35	5	12
FBGN0004587	36476	36948	35688	32694	35997	37929
FBGN0038051	22	2	1	20	12	0
FBGN0038396	1201	1278	1412	1288	1326	1083
FBGN0000279	33	40	665	7	6	14
FBGN0038918	20	20	29	85	21	34
FBGN0039350	8579	9078	8895	7511	8414	8468
FBGN0261502	1	2	14	33	4	7
FBGN0002633	1235	1668	1218	887	774	979
FBGN0041102	21	7	18	13	6	0
FBGN0051324	119	167	195	44	64	40
FBGN0250757	354	403	421	253	92	111
FBGN0020249	2683	3557	3201	2801	3409	3500
FBGN0039321	2	6	51	49	25	15
FBGN0039804	4051	5871	4883	2002	2564	2762
FBGN0003205	5829	6097	5731	4751	5646	6066
FBGN0002413	7058	8080	7405	6165	6718	7144
FBGN0085309	4	4	1	3	2	0
FBGN0038011	25	81	8	69	32	50
FBGN0038194	13	212	1626	34	34	11
FBGN0261238	25976	29987	28133	25088	27363	26137
FBGN0086605	4462	4493	4378	3512	3780	3286
FBGN0037430	11	23	0	36	2	12
FBGN0039659	20	42	20	71	21	20
FBGN0037384	1545	1628	1671	1478	1532	1723
FBGN0038419	27	62	69	80	56	90
FBGN0038975	70	135	154	125	82	50
FBGN0038000	13	39	47	21	26	45
FBGN0037815	1356	1408	1254	1090	1172	1114
FBGN0038927	4739	5155	4862	4896	5056	5116
FBGN0284234	0	9	0	4	2	0
FBGN0038318	3103	3480	3231	3024	3231	3447
FBGN0039679	13	42	24	24	7	12
FBGN0051380	24	24	32	22	1	14
FBGN0037486	38	6	18	44	17	28
FBGN0039588	999	1111	1251	885	742	981
FBGN0085433	4660	5045	4962	4221	4841	5183
FBGN0038876	404	405	574	480	563	457
FBGN0038144	1	6	0	29	4	1
FBGN0024909	1919	1862	1872	1440	1469	1243
FBGN0038451	20	14	34	83	32	46
FBGN0037778	1030	1061	988	998	1128	1034
FBGN0038901	16	4	7	25	10	7
FBGN0267651	0	0	0	0	0	0
FBGN0004778	0	43	14	27	11	14
FBGN0015229	3577	4825	4438	2897	3585	3323
FBGN0051501	10	6	16	7	12	7
FBGN0027873	3582	3991	4060	3228	3358	3602
FBGN0283499	18156	18601	16135	17521	19659	17946
FBGN0038512	3	0	9	9	1	7
FBGN0027617	2311	2213	2271	2359	2685	2660
FBGN0085325	52	101	188	24	35	136
FBGN0039887	8	36	46	29	34	6
FBGN0038704	6612	7497	6971	4133	4796	4697
FBGN0039498	12	0	18	7	26	20
FBGN0002838	1	28	26	14	5	25
FBGN0259991	231	166	215	321	339	351
FBGN0037520	22	7	13	32	14	26
FBGN0038888	1	4	5	7	2	4
FBGN0286852	34	4	6	16	3	16
FBGN0041707	20	24	53	17	11	12
FBGN0000500	0	1	3	10	0	10
FBGN0038045	15	12	8	14	12	24
FBGN0039271	767	963	955	883	1004	809
FBGN0039117	5291	5209	5110	4594	5361	5144
FBGN0038506	3	23	23	20	2	1
FBGN0263048	3072	3216	3375	1967	2259	2044
FBGN0004171	10	4	31	34	31	10
FBGN0038957	55	38	46	83	31	59
FBGN0053098	20	14	1	4	18	20
FBGN0038350	65	25	16	135	33	29
FBGN0017581	60902	70552	67791	38949	40461	42396
FBGN0039557	1988	2100	2079	1547	1892	1958
FBGN0024958	4744	4929	4868	4084	4807	4832
FBGN0039872	56	61	27	49	47	53
FBGN0002632	272	302	340	118	182	235
FBGN0039428	7	28	10	16	11	19
FBGN0266455	0	13	8	3	10	2
FBGN0039130	5483	6270	5617	4235	4562	4722
FBGN0037388	1	31	9	16	10	8
FBGN0051253	30	0	34	12	42	12
FBGN0261984	4921	5489	5441	4470	4695	5095
FBGN0051469	100	80	55	40	78	42
FBGN0038761	16	35	162	32	14	19
FBGN0039048	13	35	145	89	53	25
FBGN0265146	0	0	0	0	2	17
FBGN0043791	18	16	22	14	22	12
FBGN0260642	5556	6191	5450	5280	6099	6807
FBGN0038365	544	728	571	612	744	873
FBGN0038029	9	11	0	7	1	4
FBGN0002626	45131	48859	47463	48234	57875	55692
FBGN0267430	36	82	75	57	103	57
FBGN0264490	127	158	158	90	88	110
FBGN0037374	2185	2145	2511	1663	1884	2171
FBGN0266534	33	38	22	42	41	50
FBGN0037988	8	35	17	9	17	27
FBGN0028690	17226	19283	19328	15917	18265	17109
FBGN0051055	0	21	49	31	13	14
FBGN0038420	87	56	195	50	80	78
FBGN0051467	372	391	424	412	286	364
FBGN0250746	10754	12212	11068	11119	12733	12756
FBGN0263390	16	83	129	126	77	57
FBGN0015574	26	17	23	26	7	26
FBGN0046114	1602	1573	1628	1379	1801	1786
FBGN0039299	398	365	154	589	303	438
FBGN0260464	1559	1790	1702	1335	1914	1721
FBGN0051104	3	48	479	8	19	4
FBGN0261395	6	1	22	12	11	0
FBGN0039241	6367	7232	9020	5027	6743	6342
FBGN0053977	568	532	712	279	503	448
FBGN0040582	22	1	0	13	12	5
FBGN0051126	669	661	629	542	665	820
FBGN0039386	62	54	60	53	20	36
FBGN0038087	0	8	7	24	7	1
FBGN0002781	55775	59520	54862	55113	57650	61517
FBGN0001098	23068	25841	26183	26321	26469	29669
FBGN0038672	736	695	493	496	416	425
FBGN0260224	643	661	611	497	574	506
FBGN0038814	20	43	47	50	45	36
FBGN0004509	7458	7880	8024	7570	7521	7622
FBGN0038256	656	683	619	677	606	669
FBGN0286976	10	7	31	17	2	10
FBGN0038070	49	57	61	79	32	38
FBGN0037624	25301	27921	26108	25229	29358	27762
FBGN0004862	44	30	41	47	21	15
FBGN0038260	56	111	81	63	135	94
FBGN0017456	2	0	6	6	6	3
FBGN0038701	24	14	18	25	29	14
FBGN0037551	2287	2670	2756	2454	2569	2822
FBGN0037906	17	33	100	46	38	25
FBGN0037240	50617	57059	52539	44656	49801	49207
FBGN0053094	4263	5485	5685	5482	6431	6305
FBGN0037944	6858	6873	7208	4198	4268	4637
FBGN0002733	3039	3698	3205	1979	2524	2554
FBGN0039801	0	9	148	9	2	0
FBGN0052473	12969	11979	12619	11754	13182	12885
FBGN0260742	11260	12512	10882	7035	7535	8017
FBGN0038271	15277	18127	15697	14331	13941	16907
FBGN0020493	11640	12678	12249	11835	13211	12863
FBGN0053208	22858	26467	25411	19706	21559	20888
FBGN0039201	20	91	0	24	20	57
FBGN0039070	14	78	12	49	26	5
FBGN0039077	6	0	19	16	23	3
FBGN0037530	8426	8620	7662	7672	8657	9213
FBGN0263974	752	640	922	347	291	281
FBGN0051446	5	6	0	28	3	8
FBGN0039633	67095	77851	76037	62684	64278	65774
FBGN0051128	0	2	4	26	6	1
FBGN0260760	687	605	611	453	486	602
FBGN0037832	2	8	0	14	15	4
FBGN0260860	806	880	838	750	937	775
FBGN0038609	3117	3771	3104	3349	4026	4197
FBGN0039669	0	6	2	6	14	0
FBGN0038859	2	6	0	5	1	5
FBGN0038742	4745	4784	4585	3409	4192	4166
FBGN0039315	6	12	80	23	9	21
FBGN0038327	2009	2198	2152	1602	1616	1824
FBGN0261479	2374	3291	2381	2689	2774	3049
FBGN0013334	4062	4155	3895	3352	3524	3552
FBGN0028670	7573	9077	9669	8136	8434	9667
FBGN0027570	6638	6465	5610	6503	8716	7409
FBGN0266745	32	54	51	26	16	32
FBGN0263351	5400	5794	5615	4372	4895	5378
FBGN0040212	804	705	967	893	928	1245
FBGN0039184	58	10	30	47	93	40
FBGN0003137	103785	131871	112966	60910	71353	61923
FBGN0261356	20	0	14	5	31	0
FBGN0046878	26	16	69	21	14	0
FBGN0037741	2667	2030	2224	2133	2553	2230
FBGN0038475	1373	1923	1344	1297	1470	1709
FBGN0051219	17	34	29	3	0	8
FBGN0038312	562	396	632	462	406	320
FBGN0038549	1031	1039	1481	1031	1338	1195
FBGN0011672	2047	2371	2452	2048	2159	2299
FBGN0038204	6	0	16	2	0	3
FBGN0039537	5669	5618	6083	6622	7013	8251
FBGN0283439	105	174	179	155	206	142
FBGN0039485	4	23	17	39	11	8
FBGN0039876	881	857	604	735	832	793
FBGN0038870	11217	11793	12236	8773	9511	9521
FBGN0038390	2641	2180	2679	2298	2768	2526
FBGN0010379	11253	10934	10378	9538	11281	11260
FBGN0266451	320	336	608	139	150	142
FBGN0085332	8	6	1	0	0	0
FBGN0037477	2	2	7	18	19	4
FBGN0038716	65	68	191	28	64	49
FBGN0038833	6	35	32	5	11	17
FBGN0039685	1482	6490	43310	1773	3005	1174
FBGN0039109	65	52	616	71	55	64
FBGN0039029	4	11	2	24	5	6
FBGN0037416	69	15	73	10	14	42
FBGN0039751	941	930	980	770	860	1003
FBGN0265276	19971	24462	22054	21229	21496	22510
FBGN0051040	2536	3198	3166	2083	2236	2482
FBGN0263022	3	0	31	27	8	3
FBGN0039301	1115	843	1144	1067	1217	1114
FBGN0261065	3748	4500	4104	3600	3766	4357
FBGN0287587	18	11	2	5	20	13
FBGN0260766	41	17	19	61	62	81
FBGN0039561	2723	2776	2800	2403	3187	2841
FBGN0039104	10	11	17	42	0	7
FBGN0038679	13396	13975	13480	11150	10833	11328
FBGN0038445	6	1	37	39	37	46
FBGN0047114	782	500	1109	720	959	831
FBGN0038449	34	60	20	38	18	25
FBGN0039129	140	52	55	25	42	59
FBGN0038809	4424	4414	4590	4948	5605	5037
FBGN0011476	308	218	212	192	148	225
FBGN0261817	7	4	6	10	8	1
FBGN0027610	347	528	435	669	620	766
FBGN0037345	331	253	428	329	313	214
FBGN0039851	2496	5273	3765	2345	2644	2722
FBGN0010355	20759	23972	22483	20457	23260	23170
FBGN0051548	921	968	946	1212	1067	1597
FBGN0260487	38	92	56	111	118	35
FBGN0262717	5986	7381	6991	8574	9646	9413
FBGN0287588	47	77	68	86	83	61
FBGN0051510	6024	6419	6672	5524	7106	5852
FBGN0037722	756	966	1016	1805	2198	1897
FBGN0037328	54413	57564	50730	46152	51763	61302
FBGN0037565	101	162	103	90	78	75
FBGN0037698	67	71	201	171	153	81
FBGN0260467	1180	1346	1485	1183	1402	1128
FBGN0085461	20	14	6	23	9	1
FBGN0041188	37674	41500	40728	32072	34301	37366
FBGN0037315	3089	2710	2876	2716	2360	2968
FBGN0040283	17909	18601	19489	15151	16498	15369
FBGN0259974	0	1	41	22	8	1
FBGN0040682	9	41	50	0	26	4
FBGN0085383	22	27	19	49	41	16
FBGN0038291	117	240	1029	83	130	94
FBGN0038828	8	43	32	31	11	13
FBGN0040206	5867	6640	6137	4502	5417	5016
FBGN0038452	26	11	63	27	24	14
FBGN0284232	32	4	16	8	10	30
FBGN0004908	832	750	771	594	969	846
FBGN0051151	16289	20968	19841	17833	18324	20207
FBGN0037222	141	138	122	76	140	95
FBGN0004876	9664	10770	9620	7750	8781	9486
FBGN0038292	21	79	267	26	30	28
FBGN0038343	7	10	15	11	0	7
FBGN0039091	75	119	767	103	82	43
FBGN0051516	1	0	22	10	7	6
FBGN0001296	1090	1566	1230	169	234	227
FBGN0286507	3	0	7	26	25	44
FBGN0039816	2	1	21	25	18	39
FBGN0038819	17	48	12	30	16	25
FBGN0086253	3121	3538	3040	1819	2249	2591
FBGN0039464	351	540	512	295	332	282
FBGN0038640	2750	2474	2096	2203	2443	2120
FBGN0039178	58	144	411	93	100	50
FBGN0243512	1986	2290	1975	1772	2150	1986
FBGN0041105	41	0	93	72	32	33
FBGN0039019	3073	3099	2904	2835	3202	3236
FBGN0039170	219	232	268	223	197	191
FBGN0039017	1686	1566	1532	839	803	925
FBGN0051538	1531	1510	1511	1744	1644	1874
FBGN0037878	4553	4686	4998	4678	4857	5398
FBGN0037465	2410	2830	2347	2066	2345	2412
FBGN0038371	673	733	616	444	502	616
FBGN0039726	1595	1652	1972	1126	1600	1744
FBGN0039833	26	24	26	46	46	39
FBGN0037372	2969	2126	2579	2498	2719	2721
FBGN0051249	1512	1685	1414	1244	1621	1581
FBGN0005649	15638	17011	15610	14176	15855	16792
FBGN0027338	22864	23770	23607	20514	22807	23149
FBGN0011020	5105	5644	5926	4991	4763	5310
FBGN0039420	21	16	26	98	37	12
FBGN0045443	9	41	50	46	27	23
FBGN0038619	259	407	467	332	369	360
FBGN0266418	10282	12113	10835	11010	11426	11689
FBGN0002622	87890	92853	87173	76804	83350	95104
FBGN0259990	2040	1896	1740	1919	1962	1812
FBGN0004842	28	0	37	43	23	9
FBGN0011225	36247	43237	37892	29744	35587	33614
FBGN0261837	3868	3661	3682	3462	3878	3656
FBGN0037239	1763	1729	1983	1668	1842	1775
FBGN0026400	2830	3034	2885	2875	3606	3492
FBGN0260634	22556	25387	24141	22163	23660	23045
FBGN0038437	446	248	286	377	432	538
FBGN0051205	0	5	14	15	0	2
FBGN0014879	15587	16758	15010	14512	16903	16529
FBGN0038484	8	48	224	30	12	4
FBGN0051016	45	51	53	43	23	22
FBGN0086917	20	2	6	146	25	28
FBGN0003002	3007	4142	4440	3377	3408	3900
FBGN0037429	8	0	8	37	22	48
FBGN0038973	210	1936	16288	41	34	56
FBGN0037678	117	80	36	85	49	30
FBGN0000032	1892	1933	2018	1892	1866	1992
FBGN0038071	6121	7016	6084	6857	8076	7718
FBGN0038326	1912	1858	1781	1818	1849	2178
FBGN0028396	218	660	6700	96	156	111
FBGN0003482	77	62	54	178	96	107
FBGN0003889	23	31	26	19	12	10
FBGN0250831	0	8	3	0	0	2
FBGN0028968	11874	13349	11473	10187	11415	11807
FBGN0038309	20	12	44	28	14	8
FBGN0038252	38	25	5	24	10	19
FBGN0262024	0	15	18	15	0	3
FBGN0038723	3323	3265	3053	2755	3216	3133
FBGN0038766	456	638	427	530	431	371
FBGN0261380	2314	2367	2393	2361	2682	2892
FBGN0051525	8	6	0	13	12	8
FBGN0037855	4560	4429	4323	3288	3426	3971
FBGN0004780	42	22	71	58	20	19
FBGN0261649	11112	13894	12687	9650	11073	9820
FBGN0000278	0	7	0	12	10	10
FBGN0039859	276	394	319	216	250	234
FBGN0051231	37	48	52	94	61	27
FBGN0039530	75	45	47	84	100	41
FBGN0051431	32	6	57	12	18	31
FBGN0038706	4	24	24	24	37	20
FBGN0038146	6594	6330	6386	6232	7091	7716
FBGN0037743	996	945	917	1038	1383	1055
FBGN0263863	2822	2876	2791	1554	2254	2475
FBGN0024558	3337	3058	3050	2834	3241	3323
FBGN0083949	188	185	229	91	111	141
FBGN0005696	1526	1635	1684	2042	1990	2086
FBGN0039520	13	34	1	39	7	11
FBGN0011774	1249	1184	1077	1246	1175	1508
FBGN0037633	3437	3050	3100	2645	2947	3048
FBGN0027578	86	403	1215	172	143	98
FBGN0039469	36	13	42	33	12	11
FBGN0015795	4971	5804	5731	4572	5598	4678
FBGN0039020	499	565	597	469	304	429
FBGN0058198	98	50	106	29	41	24
FBGN0039430	365	557	1763	675	677	689
FBGN0260942	175	160	136	120	151	174
FBGN0038880	23	48	13	66	27	18
FBGN0013812	652	647	787	827	494	628
FBGN0039068	548	341	591	453	324	663
FBGN0038774	65	43	133	71	72	31
FBGN0051064	2852	3435	3066	3240	3157	3223
FBGN0000723	11084	13228	10896	9224	9962	9962
FBGN0263979	17579	17493	18246	16483	17587	19468
FBGN0263738	1464	1493	1413	1643	1620	1522
FBGN0039585	4	2	0	61	26	24
FBGN0259222	198	134	261	122	113	67
FBGN0039226	114	80	173	349	322	327
FBGN0261434	13	2	61	14	9	9
FBGN0003334	8513	9018	9151	8238	8611	8396
FBGN0039297	5	67	142	40	37	19
FBGN0039688	23836	27453	25079	22235	24934	24205
FBGN0038332	432	419	486	258	390	328
FBGN0085405	3208	3494	3966	2677	2970	2715
FBGN0038568	3	6	3	14	0	1
FBGN0039444	2	3	1	2	1	2
FBGN0285911	2528	2795	2451	1847	2248	2369
FBGN0038454	1685	1949	1471	1803	1749	1811
FBGN0038984	5079	6026	6246	4308	5066	5030
FBGN0038839	4	28	73	32	2	6
FBGN0041186	2689	2291	2482	3179	3421	3656
FBGN0051139	18	50	31	34	24	6
FBGN0011273	10	7	5	3	11	2
FBGN0038273	312	286	322	251	258	267
FBGN0038183	2636	2825	2611	2561	2988	3114
FBGN0042213	277	300	211	656	681	690
FBGN0039038	14	3	37	60	20	12
FBGN0037736	124	73	82	106	101	70
FBGN0051146	597	928	792	270	257	350
FBGN0039482	126	138	119	224	96	149
FBGN0039051	30	23	203	14	11	22
FBGN0027494	23	0	8	16	2	5
FBGN0037960	3605	3630	4121	2843	3900	3611
FBGN0039440	43	42	25	39	29	7
FBGN0037464	7	20	77	37	35	26
FBGN0039486	18	36	46	47	10	9
FBGN0038630	11	21	22	25	30	41
FBGN0263621	4	2	33	4	5	4
FBGN0038381	3892	3325	3710	4021	4311	3985
FBGN0039244	2672	3031	3010	3325	3798	4163
FBGN0086359	2255	2989	2964	2209	2346	2712
FBGN0026576	719	741	984	823	609	933
FBGN0037634	1491	1188	1353	1061	1084	1048
FBGN0263025	284	478	342	345	376	439
FBGN0038653	28	36	36	64	32	43
FBGN0037421	4	7	13	20	2	4
FBGN0024326	4318	4489	4181	4151	4691	4429
FBGN0010403	0	0	0	3	2	1
FBGN0039628	21	0	8	4	12	17
FBGN0037561	2000	1809	1804	1793	2215	2322
FBGN0003227	2039	2205	2196	2079	2047	2598
FBGN0038610	8038	8585	8044	6746	7742	7556
FBGN0037571	4	1	6	2	8	0
FBGN0041711	652	736	632	500	561	570
FBGN0039597	0	0	3	28	0	2
FBGN0038189	26	16	35	20	19	32
FBGN0037576	0	4	1	1	13	16
FBGN0010039	21	30	62	1188	1441	1427
FBGN0037533	24065	26676	23499	22751	25540	26590
FBGN0037801	95	184	1168	100	212	85
FBGN0266539	260	140	227	181	207	179
FBGN0037379	4045	4463	4379	3991	4473	4364
FBGN0038376	2879	2557	2483	2962	2925	2664
FBGN0019936	88946	85561	83237	67022	77330	82002
FBGN0266917	9589	10254	9943	9347	9730	9308
FBGN0038763	1192	1447	1599	1270	1421	1684
FBGN0026314	6	4	8	16	20	19
FBGN0039294	215	136	201	145	244	357
FBGN0053547	190	222	217	352	234	156
FBGN0038853	6336	6292	6218	6270	6673	6628
FBGN0037999	1375	1285	1543	1120	1473	1279
FBGN0261714	6	44	26	43	22	17
FBGN0038808	1353	1263	1317	1202	1429	1446
FBGN0037877	1977	2254	1968	1606	1782	2114
FBGN0261680	356	331	470	259	311	324
FBGN0038673	589	613	903	691	852	941
FBGN0261575	232	265	406	237	197	235
FBGN0001215	27199	28909	28079	15855	17638	17061
FBGN0051281	12	5	10	5	4	7
FBGN0027378	4197	3948	3681	3467	4027	3610
FBGN0003720	1	13	2	17	2	28
FBGN0051439	13166	14312	16186	15689	19753	16703
FBGN0000147	1483	1452	1402	1908	1608	2187
FBGN0039112	1557	1599	1836	1496	1407	1560
FBGN0039629	1	16	25	19	22	17
FBGN0017577	7293	6635	7766	7640	8851	9143
FBGN0037469	389	241	503	366	381	490
FBGN0003870	25846	31083	25837	18725	19973	21333
FBGN0265201	8	10	6	11	4	8
FBGN0037431	25	3	7	17	10	17
FBGN0039086	9	15	48	31	20	46
FBGN0051014	11	20	71	65	10	28
FBGN0010877	6347	7541	6934	5913	6930	6163
FBGN0038315	15	31	6	58	16	0
FBGN0039501	624	491	548	165	181	204
FBGN0262899	0	0	3	8	1	0
FBGN0000063	2766	2519	2821	2825	2773	2679
FBGN0020647	4994	6241	5651	4663	5038	5278
FBGN0051436	2	18	97	40	27	82
FBGN0053093	11	0	70	32	15	10
FBGN0038272	2940	2993	3171	3627	3347	3643
FBGN0038225	8	0	2	28	10	4
FBGN0038218	0	73	4	16	6	4
FBGN0024329	14605	15089	14641	12518	14011	13320
FBGN0002962	34	40	21	17	14	7
FBGN0000303	71	42	47	39	17	16
FBGN0027841	2851	3091	2515	2858	3202	3056
FBGN0039329	1107	1293	1130	998	1014	1207
FBGN0039260	6456	6945	7216	5865	6406	6029
FBGN0039249	1758	1847	1799	1356	1543	1529
FBGN0051414	213	181	343	73	156	102
FBGN0051176	138	245	123	263	293	219
FBGN0262538	0	3	22	16	6	5
FBGN0003011	21	38	27	28	41	1
FBGN0039564	20	19	92	31	28	10
FBGN0037899	8019	9498	9185	8010	8526	9676
FBGN0038063	70	50	28	34	30	32
FBGN0037993	41	1	35	24	22	13
FBGN0038806	1403	1592	1717	1249	1659	1727
FBGN0024841	2462	2385	2563	1385	1865	2021
FBGN0015589	13252	15055	13112	10755	11548	12666
FBGN0053099	36	25	110	309	332	363
FBGN0039471	208	1290	11113	85	12	23
FBGN0027598	8363	9003	8385	6007	7706	6846
FBGN0083963	56	59	27	49	69	21
FBGN0286828	2884	3209	3185	3623	4309	4242
FBGN0051549	1723	1525	1827	1093	1130	1338
FBGN0039427	1322	1340	1423	892	1049	1172
FBGN0004652	9721	9461	13436	18467	15260	16503
FBGN0039836	360	299	350	274	341	189
FBGN0039676	64	26	12	38	15	42
FBGN0067628	410	526	300	450	394	359
FBGN0039611	1	86	352	57	17	35
FBGN0038750	4	37	32	15	48	9
FBGN0026207	5217	5724	5710	4526	6050	6060
FBGN0041225	18	61	25	36	28	49
FBGN0039551	20	10	0	18	11	15
FBGN0038115	596	895	1892	501	498	539
FBGN0051343	27	80	56	55	37	9
FBGN0039710	3521	3890	3160	3366	3769	3677
FBGN0261262	75	88	102	120	84	141
FBGN0028471	5584	5990	5267	5157	5398	5696
FBGN0028984	6732	6934	6293	6208	7437	7639
FBGN0263750	2305	2509	2156	1903	1967	1846
FBGN0039132	1636	1686	2239	1512	1882	1897
FBGN0243586	9	1	43	24	10	6
FBGN0037409	533	496	595	468	587	554
FBGN0038593	2401	2874	2502	3114	3307	3164
FBGN0014931	56	35	59	70	35	47
FBGN0037405	52	50	55	38	34	21
FBGN0086687	11673	12984	14947	9531	9329	10289
FBGN0039332	271	245	288	332	305	286
FBGN0005659	1120	1461	1172	987	1123	1189
FBGN0014863	1163	1183	1453	895	1047	765
FBGN0038579	28	0	23	22	4	12
FBGN0038280	10	4	23	5	9	4
FBGN0051546	29	9	50	18	3	19
FBGN0037317	1195	995	1070	1004	1005	1217
FBGN0037924	7515	7996	7160	6269	6954	6736
FBGN0013278	25520	62532	44686	9608	12976	9567
FBGN0000206	46	71	40	75	32	29
FBGN0051524	27	28	33	35	11	25
FBGN0038300	2621	2896	2224	2409	2608	3006
FBGN0027524	1837	1918	1849	1489	1928	2172
FBGN0010041	21	1	0	6	13	0
FBGN0038213	4	0	0	10	10	0
FBGN0015765	821	978	963	948	1239	1021
FBGN0086371	2830	2943	2655	1959	2051	2253
FBGN0039228	8	1	2	2	7	18
FBGN0011289	7000	7100	5769	5232	6273	6187
FBGN0037724	829	1520	9896	119	79	693
FBGN0270927	2772	2760	2707	2693	3112	2984
FBGN0039049	1700	1687	1695	1522	1509	1536
FBGN0037385	16	4	41	16	11	31
FBGN0038930	6	6	30	12	5	3
FBGN0037255	9587	11047	10935	8789	9915	9778
FBGN0004237	27667	30903	29141	28671	34113	33697
FBGN0051472	2007	2024	1656	2493	2867	3035
FBGN0038626	7	27	10	27	3	3
FBGN0039124	15	6	13	6	10	63
FBGN0051216	433	608	500	547	716	445
FBGN0037573	7951	8248	8166	7830	7892	8276
FBGN0037556	2040	2268	2379	1734	1805	1813
FBGN0037574	755	760	758	570	642	822
FBGN0002578	13	92	1056	7	6	14
FBGN0051030	151	211	252	203	184	176
FBGN0261641	28673	31679	29280	21251	23910	23687
FBGN0262871	7426	8328	8114	5735	6142	6471
FBGN0038168	4711	5036	5416	4102	4262	4536
FBGN0039759	115	197	135	42	53	44
FBGN0039654	5748	6501	6349	5667	6009	5914
FBGN0262613	17	38	311	12	4	0
FBGN0039532	1864	2158	1933	1488	1638	1823
FBGN0027518	1685	1768	1978	1703	1624	1919
FBGN0037750	33	104	281	39	16	49
FBGN0010772	11182	13214	12300	9912	11374	10817
FBGN0038945	10	4	6	32	26	2
FBGN0024833	5530	5170	5306	4501	5098	4460
FBGN0037922	1675	1978	1841	1773	1945	1907
FBGN0025680	22	10	39	54	3	32
FBGN0037539	2526	3043	2800	2047	2178	2173
FBGN0266719	3402	4139	3948	2485	3086	2594
FBGN0039277	63	24	128	44	67	29
FBGN0039421	2	22	7	4	36	1
FBGN0266177	0	0	0	0	0	0
FBGN0043455	694	695	716	1282	1553	1643
FBGN0003567	15150	16427	15527	12729	14877	14056
FBGN0261291	16	12	29	10	2	1
FBGN0039674	1015	1491	1548	1112	1294	1399
FBGN0038915	0	3	0	11	0	1
FBGN0039818	34	94	150	56	52	25
FBGN0038286	5221	5384	5685	3668	4006	4362
FBGN0263597	0	0	0	1	0	0
FBGN0010113	80955	79443	85471	89365	82429	86050
FBGN0037298	5133	6209	5355	4018	4410	5019
FBGN0051220	22	26	32	27	15	22
FBGN0040687	2	0	5	0	0	6
FBGN0039163	3318	3060	3463	2600	3230	2864
FBGN0260741	864	696	826	802	922	895
FBGN0026059	12042	13577	13596	11199	11830	11699
FBGN0051300	25	8	18	20	15	10
FBGN0051406	35	0	0	10	17	7
FBGN0045843	12	8	19	12	26	68
FBGN0051459	1	0	13	23	2	4
FBGN0051368	10510	11589	10807	8638	9500	9562
FBGN0266673	4123	3832	3560	3505	3948	3399
FBGN0010313	19474	25212	22729	16690	16624	19975
FBGN0262587	87	60	317	43	30	20
FBGN0038355	22	4	24	18	11	23
FBGN0037460	4	12	5	13	14	22
FBGN0085307	1	0	10	10	10	21
FBGN0039182	10429	11237	10802	9307	10444	10949
FBGN0038339	135	285	228	150	154	149
FBGN0040257	25	67	39	17	34	9
FBGN0039378	144	199	123	72	19	10
FBGN0051370	18	26	105	18	13	26
FBGN0083950	30	52	49	80	51	35
FBGN0011668	14	0	0	0	0	0
FBGN0265083	69	134	60	151	141	156
FBGN0038108	38470	44461	39950	29044	30981	33683
FBGN0037827	39	26	31	39	19	1
FBGN0015622	19648	22574	22386	19175	21253	19659
FBGN0037662	11	0	4	31	26	7
FBGN0037879	33	55	45	80	98	31
FBGN0038857	2336	2626	2187	2023	2096	2062
FBGN0051388	1300	1533	1530	1358	1365	1594
FBGN0038100	2909	2985	2843	2119	2609	2145
FBGN0039175	5162	4793	4973	4184	4508	4749
FBGN0039120	31086	30114	28534	28629	30398	31826
FBGN0262023	8	38	28	1	30	4
FBGN0039722	2	3	0	5	2	5
FBGN0266443	0	18	0	24	30	21
FBGN0013767	0	0	0	17	10	10
FBGN0038401	495	590	683	484	672	548
FBGN0086695	1254	1159	1258	1218	1147	1347
FBGN0037760	16090	18996	16599	13877	14860	14714
FBGN0262541	0	0	0	5	7	4
FBGN0038274	3955	3793	3842	3223	3442	4049
FBGN0003510	1138	927	1049	261	418	289
FBGN0004573	17	20	76	31	33	32
FBGN0001180	40	9	91	63	53	48
FBGN0038206	2771	3543	3274	1718	1718	2008
FBGN0010222	1849	1428	1799	1769	1897	1779
FBGN0027583	499	585	571	634	783	892
FBGN0266721	16	21	9	8	10	29
FBGN0038744	210	241	132	184	137	139
FBGN0011474	10103	10563	10108	9541	10901	10987
FBGN0038917	625	791	816	719	662	599
FBGN0038239	8	18	241	6	2	11
FBGN0083967	1165	984	1350	684	637	864
FBGN0039830	26582	26002	25645	24371	30129	30645
FBGN0039404	1624	1643	1843	1389	1439	1522
FBGN0040588	0	0	0	4	9	0
FBGN0039125	4598	4242	4208	4025	4774	4391
FBGN0038632	1136	1082	1143	892	1204	1184
FBGN0267648	0	0	0	0	0	0
FBGN0086372	9530	11464	11043	9136	10223	9517
FBGN0043069	126	343	1491	138	185	60
FBGN0028684	11283	11916	10569	11156	13504	12686
FBGN0051207	6	29	46	36	34	12
FBGN0066101	4215	4084	4705	4257	4656	4908
FBGN0283535	3901	4618	5477	4568	4970	5018
FBGN0037261	9137	11004	10209	7472	7394	8543
FBGN0039576	0	0	5	2	0	5
FBGN0039190	21	42	5	6	8	14
FBGN0284226	376	399	433	318	284	380
FBGN0000071	14143	15965	13279	9957	11735	11907
FBGN0037632	33084	36398	33722	31762	35637	35746
FBGN0039630	20	10	69	61	27	24
FBGN0037498	45	48	75	19	23	11
FBGN0039126	754	809	977	813	931	925
FBGN0039092	44	8	66	54	46	34
FBGN0038474	1554	1738	1925	1289	1525	1321
FBGN0022338	2415	2138	2036	2837	2866	3010
FBGN0286977	29	3	10	37	19	0
FBGN0039707	11	0	10	26	9	16
FBGN0038170	163	208	152	145	117	168
FBGN0037860	22	5	6	16	8	16
FBGN0039666	0	3	17	12	6	1
FBGN0260990	6164	6573	6782	4688	5215	5446
FBGN0052855	394	400	364	287	338	263
FBGN0001230	3037	5525	4632	1707	2559	1738
FBGN0039296	726	900	942	743	914	937
FBGN0285938	0	0	0	0	0	0
FBGN0039022	15	80	315	43	20	27
FBGN0086134	9680	10241	9589	9125	10853	10258
FBGN0038005	25	16	30	30	8	2
FBGN0039711	1708	1616	1380	1176	1393	1457
FBGN0085330	6	45	54	8	10	16
FBGN0028671	7477	8346	8796	5159	5901	6048
FBGN0051323	12	1	34	10	6	2
FBGN0039839	36	35	66	55	28	15
FBGN0037652	2439	2183	2552	2130	2835	2426
FBGN0085438	162	140	161	135	146	67
FBGN0037763	14	0	19	2	37	6
FBGN0264829	1	0	11	0	7	4
FBGN0082831	23871	25135	25493	19936	22630	21907
FBGN0037646	2	18	45	91	75	67
FBGN0037622	3654	3919	3842	2888	2727	3233
FBGN0038700	41	54	16	13	19	21
FBGN0038585	3646	2881	3103	2737	3312	3587
FBGN0038453	2545	2448	2126	2417	2838	2689
FBGN0040259	2384	2372	2476	2120	2021	2250
FBGN0039136	3169	3927	3615	2641	3058	2972
FBGN0263041	23	9	46	39	21	1
FBGN0266756	54577	59757	56008	40427	43365	43283
FBGN0038965	2040	2434	2313	1775	2130	1947
FBGN0051515	2	0	8	8	9	0
FBGN0038666	2670	2489	2501	2714	3369	3443
FBGN0039735	12780	12168	12480	11709	12901	12749
FBGN0038319	1494	1316	1614	1520	1498	1737
FBGN0039873	21	26	34	39	30	18
FBGN0038125	0	7	20	14	10	13
FBGN0039639	175	242	207	210	242	201
FBGN0266465	4889	5518	5530	4460	4555	4999
FBGN0037619	501	380	432	357	315	422
FBGN0039783	37	47	26	74	20	36
FBGN0038564	674	465	482	459	511	428
FBGN0038056	463	454	892	747	861	733
FBGN0015571	755	934	634	382	458	462
FBGN0039454	0	19	0	30	0	0
FBGN0037312	3180	3460	3474	2487	3305	3408
FBGN0038682	410	739	591	333	328	405
FBGN0039079	34	14	0	19	10	5
FBGN0039683	30	36	23	33	23	17
FBGN0038181	198	167	253	184	199	81
FBGN0042207	74	12	45	56	58	10
FBGN0039648	29	2	8	24	1	4
FBGN0037341	630	533	684	657	768	940
FBGN0026417	1288	1341	930	1017	1137	1033
FBGN0039205	132	114	225	145	108	260
FBGN0000166	67	63	54	75	19	16
FBGN0000576	7772	9601	7438	5794	6174	6768
FBGN0037777	463	530	490	515	541	569
FBGN0037470	8920	9951	9382	9147	10474	10374
FBGN0039568	41	0	19	10	0	0
FBGN0010421	2358	2245	2276	1894	2485	2437
FBGN0003375	120	694	3335	401	3747	351
FBGN0037888	24	70	19	37	34	29
FBGN0039258	1817	1717	1572	1618	1788	2106
FBGN0038889	3460	3635	3949	3502	3982	3685
FBGN0038304	3856	4119	3857	3069	3453	3807
FBGN0086472	60734	55281	54530	58144	67917	63347
FBGN0037295	397	284	269	199	293	253
FBGN0039141	2543	2728	2752	2052	2443	2208
FBGN0037875	2645	3148	2481	2312	2681	2856
FBGN0262537	0	0	6	6	2	10
FBGN0086608	95	173	263	118	141	294
FBGN0038007	7	42	27	8	17	17
FBGN0012344	10	26	44	24	5	27
FBGN0038296	2576	2671	2510	2239	2463	2571
FBGN0039199	28	20	43	80	33	16
FBGN0039487	720	458	625	938	1008	984
FBGN0037422	1	45	11	8	0	23
FBGN0051559	654	1033	719	397	674	554
FBGN0038157	6	4	6	26	6	0
FBGN0038680	53	118	379	117	48	81
FBGN0038647	95	428	3355	16	3	29
FBGN0039642	3271	3825	2877	2746	3316	3261
FBGN0267650	0	0	0	0	0	0
FBGN0053110	1	31	23	14	14	42
FBGN0039799	5	11	6	5	6	8
FBGN0263316	182	196	292	311	324	302
FBGN0037630	187	155	114	41	67	56
FBGN0040684	2	0	0	5	4	3
FBGN0015520	4996	4920	4387	3968	4830	4351
FBGN0038548	1219	1221	1162	1086	1094	1195
FBGN0015270	1571	1773	2011	1895	2052	2322
FBGN0039760	39	28	3	58	6	21
FBGN0039640	31	85	78	84	66	143
FBGN0038536	866	656	888	972	987	1112
FBGN0003248	26	22	32	32	12	42
FBGN0038266	4	15	39	42	25	14
FBGN0039667	11	8	53	36	27	8
FBGN0262873	5	8	9	1	10	0
FBGN0015778	58653	61035	56391	46898	50167	53722
FBGN0038073	124	226	92	87	102	35
FBGN0038133	1	35	38	16	25	11
FBGN0000094	0	0	0	0	3	0
FBGN0260969	1	15	43	9	0	8
FBGN0003312	215	328	273	441	137	235
FBGN0038827	3634	3787	3613	4438	4814	4721
FBGN0039156	1410	1872	2493	1465	1570	1444
FBGN0038755	2091	2888	2743	1857	2227	2697
FBGN0037979	3361	3002	3716	2590	2989	3205
FBGN0038049	2380	3205	2567	2063	2229	2432
FBGN0038258	19	24	36	49	12	16
FBGN0038860	830	1015	1152	948	1224	1238
FBGN0015591	18	7	28	22	13	34
FBGN0039743	8193	10096	8467	6844	6999	8085
FBGN0037661	281	358	396	228	242	165
FBGN0051423	33	0	0	41	21	12
FBGN0039617	26	12	17	33	45	19
FBGN0000014	222	85	194	130	72	106
FBGN0040532	3	76	605	34	34	18
FBGN0038294	352	550	838	452	264	278
FBGN0000276	1	0	3	8	2	4
FBGN0086378	2460	2122	2534	1731	2338	1802
FBGN0051245	143	207	144	127	156	60
FBGN0040600	5	6	5	23	8	17
FBGN0039033	11	6	3	36	14	0
FBGN0038334	25	0	28	4	11	8
FBGN0004855	2207	2139	2039	1655	2286	1724
FBGN0039274	1139	925	1280	1263	1528	1588
FBGN0039246	28	0	25	22	10	3
FBGN0038065	4115	4934	4771	4197	4689	4839
FBGN0265317	0	0	0	0	1	0
FBGN0038353	78	371	2909	23	49	42
FBGN0261988	4026	4612	4602	3844	4076	4193
FBGN0015576	39	92	461	52	21	6
FBGN0037660	2470	2878	2805	2722	3008	2986
FBGN0010750	6430	6891	6023	5915	6604	7076
FBGN0267376	2558	2475	2576	1282	1443	1372
FBGN0039403	932	953	964	900	984	971
FBGN0037540	1513	1487	1336	1237	1403	1504
FBGN0053494	38	17	74	17	3	12
FBGN0037428	10	30	2	16	18	15
FBGN0051183	128	138	278	103	123	61
FBGN0015513	15256	16451	15904	11252	13613	13495
FBGN0005585	104403	131086	119745	104914	119721	116382
FBGN0085334	33	0	18	62	57	59
FBGN0038009	48	55	14	5	24	20
FBGN0037591	47	13	20	9	17	10
FBGN0265998	35134	41717	38546	34999	36213	31479
FBGN0262527	24908	27038	27521	23498	25033	22912
FBGN0038567	17	11	18	20	24	9
FBGN0039088	4	2	5	8	0	2
FBGN0038092	1	40	2	29	37	30
FBGN0039053	30	19	17	14	6	20
FBGN0037413	11	10	3	22	10	12
FBGN0038617	755	842	885	617	679	762
FBGN0004575	61	68	132	60	52	19
FBGN0008646	4565	5895	4686	3589	3453	3712
FBGN0261704	0	2	6	4	0	3
FBGN0039167	1160	1339	1501	1507	1436	1670
FBGN0039229	22734	25599	23008	17480	19965	19355
FBGN0037244	1316	1556	1730	940	1277	1292
FBGN0037935	23	17	54	4	21	18
FBGN0037263	190	166	176	154	128	157
FBGN0262869	40	65	99	167	45	63
FBGN0261995	723	901	667	698	797	937
FBGN0040565	37	165	806	52	282	12
FBGN0259731	16	171	101	13	21	12
FBGN0037359	1513	1599	1817	1440	1749	1565
FBGN0037443	7076	8589	8415	5159	5580	5389
FBGN0038727	230	347	324	498	335	518
FBGN0051547	107	201	355	108	183	147
FBGN0039877	3583	4241	4147	3508	4171	4077
FBGN0069242	8416	9924	9107	5101	5481	5916
FBGN0004783	29	54	26	49	14	7
FBGN0037716	3404	3862	3797	2626	2910	3307
FBGN0263117	32	19	41	30	15	77
FBGN0039768	11	147	660	22	7	20
FBGN0039696	3454	3390	3425	2407	2392	2526
FBGN0039673	25	0	27	30	47	0
FBGN0038166	1536	1609	1574	1745	1664	1697
FBGN0051391	58	156	62	96	101	111
FBGN0038926	21	45	64	54	82	63
FBGN0263236	9778	14960	11022	3781	5483	4254
FBGN0039379	5101	5725	5425	4149	4983	4846
FBGN0263047	439	339	385	269	384	332
FBGN0010926	5684	5857	5913	5660	6360	6308
FBGN0038201	8	22	32	35	19	1
FBGN0039782	35	10	19	18	26	14
FBGN0038109	8	16	21	18	0	22
FBGN0266722	311	205	355	218	282	303
FBGN0037356	734	660	810	730	820	1052
FBGN0039152	181	403	2552	93	130	99
FBGN0039857	115324	126519	115235	107364	118593	128951
FBGN0039529	33	20	37	8	55	9
FBGN0260466	17	44	32	50	57	40
FBGN0037696	669	739	741	471	715	601
FBGN0038153	34	19	11	20	17	31
FBGN0038527	11	5	0	13	1	23
FBGN0038143	80	73	108	77	38	67
FBGN0064912	0	30	2	18	20	5
FBGN0051344	918	1064	1099	1038	975	994
FBGN0038531	26	0	6	45	51	18
FBGN0038197	3104	3459	3393	2765	2952	3002
FBGN0039203	10	20	3	15	10	10
FBGN0285925	14171	15201	14263	14299	14381	14838
FBGN0037686	124196	146743	136831	117592	136833	136608
FBGN0039820	13	23	3	39	19	10
FBGN0025879	354	299	224	156	207	197
FBGN0039757	131654	164584	148609	133106	127168	156724
FBGN0040571	6	14	8	7	6	0
FBGN0259721	607	508	405	481	478	472
FBGN0038838	0	4	5	5	14	6
FBGN0053631	6	0	7	17	0	5
FBGN0011282	9	21	9	30	5	11
FBGN0039528	5887	7129	6809	5023	6000	6458
FBGN0038524	1098	1141	1066	985	1212	1201
FBGN0051118	253	344	309	144	166	190
FBGN0038418	3791	3588	3594	3165	3649	3703
FBGN0039476	3	33	174	12	11	18
FBGN0040575	51	37	40	15	24	61
FBGN0051131	30	0	33	9	36	11
FBGN0039183	7521	7943	7829	5844	6913	6821
FBGN0265271	1	9	5	21	27	0
FBGN0039796	15	2	16	15	11	2
FBGN0038733	44	41	35	53	28	28
FBGN0028647	2760	2891	2794	2016	2130	2474
FBGN0038693	878	1250	1313	635	565	570
FBGN0266411	27742	31268	29199	29273	29436	31350
FBGN0263231	40758	42521	41403	35498	40175	42338
FBGN0085413	111	96	107	125	83	49
FBGN0039459	960	1055	834	756	963	651
FBGN0053721	10	26	17	8	9	8
FBGN0051065	28	28	36	38	6	5
FBGN0263983	0	0	0	15	8	2
FBGN0037549	7764	7860	7410	6396	7027	6900
FBGN0267337	30045	34339	33010	29146	28383	27925
FBGN0039380	14	18	15	22	9	8
FBGN0000283	34282	34856	33825	31617	34930	33768
FBGN0038676	610	642	759	650	529	661
FBGN0038345	38	5	5	15	0	8
FBGN0038431	12	13	4	18	15	27
FBGN0038485	5	74	7	7	2	3
FBGN0039488	2049	2506	2268	2129	2402	2116
FBGN0038113	1	6	17	12	13	1
FBGN0038491	598	714	555	384	556	518
FBGN0243511	6674	6755	7266	5110	5905	6618
FBGN0038892	18	11	15	42	25	56
FBGN0027526	2922	3537	3304	2546	2936	3046
FBGN0003118	5197	4854	5618	5429	6293	5420
FBGN0001077	4	47	25	41	37	30
FBGN0051244	238	266	340	227	330	188
FBGN0037518	180	102	178	348	308	336
FBGN0004359	1970	2950	2286	1970	2324	2441
FBGN0039622	4	32	1	34	15	2
FBGN0037447	255	103	242	126	111	37
FBGN0011768	12766	14644	13307	10881	11584	13785
FBGN0051313	53	51	348	43	49	54
FBGN0038578	4022	3770	3958	3490	4436	4280
FBGN0037834	8738	7917	8278	9673	11452	10628
FBGN0039744	4	1	8	2	0	0
FBGN0051453	5148	5474	5031	4805	5528	5566
FBGN0038603	6983	8014	7396	5354	5701	6420
FBGN0038830	2219	2075	1824	1507	2201	1960
FBGN0020280	20	15	32	42	6	32
FBGN0051363	11746	12534	10542	9796	11126	11204
FBGN0039473	9	21	52	0	7	11
FBGN0266538	114	161	112	163	186	148
FBGN0038068	13	0	40	35	26	18
FBGN0266672	6056	7031	6968	6394	6540	6908
FBGN0038545	2114	2494	2206	2042	2479	2817
FBGN0037519	9	16	55	8	32	17
FBGN0287225	7509	7400	7201	5734	6311	6678
FBGN0051266	0	0	33	19	10	0
FBGN0015402	6453	8106	7577	5045	5177	6179
FBGN0038788	1569	1872	1336	1179	1358	1579
FBGN0003525	11936	14268	15247	14833	15001	18351
FBGN0259823	67	52	50	42	84	65
FBGN0264740	36	15	27	11	14	10
FBGN0039521	1	2	49	6	4	0
FBGN0039737	11612	12372	13519	11727	12721	12476
FBGN0037529	4143	3752	3764	2963	3533	3408
FBGN0051097	8	17	3	19	6	0
FBGN0037728	16234	16462	16319	13606	15670	16334
FBGN0039802	2254	2115	2060	2405	3372	2886
FBGN0038240	0	43	24	1	41	22
FBGN0038147	32	59	619	11	19	18
FBGN0286874	1	0	6	11	10	0
FBGN0039266	2612	3042	2728	3383	3438	3106
FBGN0051262	53	90	89	125	205	108
FBGN0026315	35	96	259	14	48	52
FBGN0038547	513	566	327	266	304	253
FBGN0043900	8742	8480	8158	7785	8757	8171
FBGN0038606	30	75	34	49	26	7
FBGN0037978	1412	1223	1422	906	1130	1563
FBGN0038810	9439	10128	9357	7800	9061	8983
FBGN0046887	10	2	10	4	23	26
FBGN0052945	5	0	4	37	5	11
FBGN0038269	6574	6966	7024	6097	7274	7248
FBGN0039714	459	721	951	630	849	718
FBGN0037410	522	373	557	502	551	780
FBGN0020399	19	97	36	48	47	46
FBGN0051361	117	47	27	195	107	109
FBGN0039023	34	38	224	41	44	16
FBGN0037637	1106	1203	1159	1061	1370	1360
FBGN0000158	22	4	89	16	100	44
FBGN0085318	4	2	0	0	0	2
FBGN0039207	4440	4764	4632	4761	5840	5523
FBGN0266801	1552	1846	1620	1665	2060	2087
FBGN0038732	21	13	10	20	17	3
FBGN0039861	3427	3439	3013	3232	3474	3094
FBGN0039180	15	49	9	10	17	38
FBGN0039238	59	72	164	384	170	141
FBGN0038655	33	0	16	37	3	0
FBGN0038016	11168	10976	10867	9843	9985	10393
FBGN0037364	1759	2112	1756	1558	1559	1917
FBGN0037884	2027	2182	2078	2151	2238	2446
FBGN0262009	3	3	6	2	3	5
FBGN0250845	28	0	10	6	10	1
FBGN0264907	32	72	26	81	72	37
FBGN0039752	10	25	22	28	10	30
FBGN0038236	10	4	24	1	12	5
FBGN0038139	34	19	64	101	34	66
FBGN0029155	2760	3273	3524	2449	1827	1989
FBGN0085329	10	7	6	8	6	12
FBGN0004173	0	4	0	4	8	7
FBGN0051347	12	22	0	3	6	0
FBGN0037377	2424	1691	1967	2877	3756	3566
FBGN0037482	1322	1541	1579	1807	1682	1829
FBGN0015279	9122	9642	9824	8471	9284	9436
FBGN0039809	318	247	354	185	200	129
FBGN0051357	2535	2858	2917	2732	3029	3460
FBGN0037601	35	150	71	38	20	31
FBGN0265158	0	0	9	0	12	3
FBGN0051198	52	28	318	79	28	22
FBGN0039328	640	635	904	777	710	682
FBGN0037411	4	15	20	19	6	13
FBGN0039863	24580	27114	26894	23734	25773	24040
FBGN0086362	1645	1714	1527	1532	1548	1650
FBGN0016650	64	64	78	89	45	39
FBGN0038186	2	37	11	4	4	0
FBGN0039765	622	654	640	569	593	665
FBGN0002863	0	0	0	1	3	0
FBGN0038595	27	5	41	43	8	33
FBGN0038581	431	385	367	658	684	626
FBGN0038803	1758	1491	1660	1950	1923	2617
FBGN0087005	60	115	87	140	83	148
FBGN0039691	3241	3433	3203	2637	2861	3162
FBGN0027889	11326	9354	9880	9167	10151	10481
FBGN0039732	530	805	602	352	582	430
FBGN0262801	7708	9042	9149	6573	8489	8686
FBGN0037807	27	27	51	54	71	43
FBGN0038079	242	303	167	92	118	102
FBGN0263024	6	0	1	0	6	3
FBGN0010042	7	1	32	3	6	6
FBGN0263353	86	192	190	102	43	61
FBGN0260243	5651	5322	5529	3814	4279	4319
FBGN0039694	13	9	64	23	12	23
FBGN0051145	87	223	387	176	135	108
FBGN0039848	177	282	250	286	213	236
FBGN0053773	6	0	0	23	6	0
FBGN0051248	0	52	8	25	41	27
FBGN0087021	1100	1005	1155	1362	1614	1407
FBGN0037934	4	32	148	31	30	18
FBGN0037998	3302	2830	3529	2668	2733	2767
FBGN0263402	8	0	0	10	5	17
FBGN0039010	18	8	32	41	24	12
FBGN0038034	382	592	2033	243	255	298
FBGN0015240	1744	1839	2055	1738	1859	1826
FBGN0038470	1214	1572	1548	1236	1421	1096
FBGN0069923	238	357	423	197	324	141
FBGN0002772	212	478	491	547	461	288
FBGN0038110	3339	3530	3737	2344	2900	2833
FBGN0003267	23	8	11	12	22	42
FBGN0285963	8606	9421	9274	11067	10758	11095
FBGN0259237	19	22	49	40	54	17
FBGN0083965	3	0	22	43	14	7
FBGN0038725	202	94	162	108	108	112
FBGN0260463	46791	51157	47445	20189	21351	22827
FBGN0016123	20	26	32	37	11	10
FBGN0038695	27	56	89	94	29	15
FBGN0037602	152	103	102	116	256	197
FBGN0037841	72	102	35	75	128	61
FBGN0038006	15	18	42	31	29	8
FBGN0053329	14	34	74	124	144	62
FBGN0027376	50	38	116	74	75	68
FBGN0038804	491	664	450	979	963	924
FBGN0039846	2728	2916	2929	2116	2551	2624
FBGN0039050	26	32	55	30	59	17
FBGN0085319	8	31	137	6	3	0
FBGN0085331	2	20	0	9	0	0
FBGN0037326	35	18	12	35	13	17
FBGN0037320	577	607	394	480	407	379
FBGN0037923	524	472	409	388	329	333
FBGN0037812	38	12	31	44	44	5
FBGN0037731	1101	1203	1400	848	879	594
FBGN0003480	190	103	114	251	136	307
FBGN0004395	8554	8442	8513	9844	9815	9628
FBGN0039805	60	39	55	70	20	42
FBGN0000439	72	27	61	81	31	51
FBGN0037853	352	414	491	1075	1027	1359
FBGN0020910	224630	243177	228656	194998	218264	234564
FBGN0053654	0	11	5	6	11	0
FBGN0037547	2	9	48	26	12	10
FBGN0052856	1223	1294	1002	908	1058	932
FBGN0037546	75	73	106	66	74	71
FBGN0051005	905	894	845	798	484	576
FBGN0039728	13321	14412	13746	12562	12819	14301
FBGN0086370	1453	1368	1880	736	713	818
FBGN0038123	18	4	24	0	12	4
FBGN0039326	0	0	8	28	5	23
FBGN0267435	869	1206	1077	596	770	858
FBGN0037288	6	1	4	23	12	7
FBGN0039026	12553	14231	12896	9406	10106	10254
FBGN0037937	30	11	15	29	2	11
FBGN0038862	4150	3415	4237	2778	3396	3483
FBGN0039733	2459	2814	3042	2692	2644	2853
FBGN0015269	10564	11283	11944	12031	13120	11831
FBGN0027785	2880	3141	2974	2408	2748	3332
FBGN0002932	2179	2000	2183	1742	1863	2097
FBGN0038675	1262	1551	1348	854	1152	1195
FBGN0083953	263	420	336	326	376	339
FBGN0038734	31	8	72	46	26	23
FBGN0085391	10	34	51	49	31	43
FBGN0027497	6291	6717	6454	5267	5780	6085
FBGN0038432	735	739	587	633	677	712
FBGN0086704	370	455	468	83	176	129
FBGN0037972	2821	2870	2272	2711	3143	3261
FBGN0039441	54	72	14	5	18	1
FBGN0039788	10	25	4	24	28	14
FBGN0263757	1015	1156	1245	927	1148	1042
FBGN0000244	1891	2263	2204	1975	2142	2225
FBGN0038977	4	14	34	20	57	15
FBGN0038205	0	36	60	16	5	10
FBGN0261086	83	34	83	175	57	63
FBGN0053340	16	4	37	27	25	0
FBGN0027865	1984	1914	1918	1633	2251	1877
FBGN0039338	24245	26902	27020	18577	20953	20735
FBGN0267336	2815	3328	3249	1845	1821	1898
FBGN0037313	2854	3045	2647	2747	2949	2774
FBGN0037276	52	90	33	52	73	70
FBGN0259178	1629	1813	1963	2083	1998	1995
FBGN0038127	0	1	19	5	5	16
FBGN0261550	6215	6045	6069	6418	7115	7092
FBGN0039479	1710	1955	1697	1294	1696	1876
FBGN0038577	2794	2781	2408	2343	2923	2458
FBGN0039855	74	50	27	35	99	69
FBGN0040623	2782	3160	2786	3138	3599	3807
FBGN0038250	47	48	174	62	25	68
FBGN0038129	2839	2710	3162	2220	2483	2782
FBGN0037870	6	0	14	4	2	2
FBGN0051550	8216	8929	8328	8427	8272	8256
FBGN0037396	50	67	39	29	103	29
FBGN0038629	1841	1727	1838	1509	1679	1971
FBGN0039113	16156	16821	14317	13342	14766	15531
FBGN0051465	17	30	43	50	55	27
FBGN0015577	55	54	161	66	94	53
FBGN0037856	2274	2702	1817	2701	2996	2916
FBGN0037718	5820	6093	6730	5187	6289	6738
FBGN0038320	13582	14602	13860	11369	12260	13726
FBGN0039864	1059	1016	1017	602	905	860
FBGN0051204	46	34	18	49	37	2
FBGN0037615	251	319	309	259	315	273
FBGN0004841	21	13	44	58	22	84
FBGN0038188	17	2	29	51	18	9
FBGN0038095	4	44	619	26	14	45
FBGN0051072	1431	1689	3210	1742	1816	2107
FBGN0038912	940	1041	1076	878	1135	1125
FBGN0001297	12148	14212	11692	8160	9211	8961
FBGN0022981	1596	1631	1794	1072	1230	1213
FBGN0038466	38	47	608	103	19	32
FBGN0038768	5348	5432	4961	3819	4440	4881
FBGN0038235	820	769	729	864	1158	779
FBGN0037378	1764	1381	1556	1277	1653	1347
FBGN0051221	41	30	26	17	41	16
FBGN0051191	29	57	70	33	39	48
FBGN0038098	78	175	701	96	14	41
FBGN0040551	419	356	262	279	282	144
FBGN0051294	18	14	37	3	11	21
FBGN0039777	16	16	16	87	15	8
FBGN0039407	1181	1363	1118	1109	1205	1385
FBGN0038826	85005	91929	86797	69898	83192	75104
FBGN0038972	675	975	795	224	224	286
FBGN0038525	19	0	11	8	28	14
FBGN0027950	3911	4007	3602	3124	3170	3586
FBGN0038540	49	18	55	5	8	8
FBGN0266615	4	0	17	5	8	4
FBGN0000492	16546	20650	17790	12658	12775	14357
FBGN0003319	10955	15222	13027	6345	8027	7242
FBGN0024289	8	45	321	19	43	29
FBGN0037772	14	6	37	73	42	17
FBGN0260229	168	348	352	228	271	194
FBGN0038943	1113	469	386	275	579	314
FBGN0023178	10	0	25	6	24	0
FBGN0038662	367	489	483	519	445	515
FBGN0038427	3338	3202	3537	3009	3551	3740
FBGN0003882	3548	3698	3796	3287	4147	4003
FBGN0039040	8	0	19	40	26	11
FBGN0259917	11	0	3	4	12	0
FBGN0039634	3938	4706	4047	3491	3561	4113
FBGN0001197	27378	27991	26812	22815	26438	27247
FBGN0026634	2656	2733	2582	2230	2623	2846
FBGN0038438	1067	1169	1523	967	1247	1082
FBGN0037368	686	615	801	551	675	447
FBGN0261113	31315	32528	30956	25365	26875	25291
FBGN0019940	7	8	18	14	4	5
FBGN0039355	901	940	743	598	978	698
FBGN0039346	18	7	0	41	4	10
FBGN0038038	712	859	1961	1482	1591	1455
FBGN0039562	55258	65449	62811	50405	54405	55967
FBGN0261049	1363	1242	1108	848	1296	870
FBGN0004618	52	55	38	48	61	156
FBGN0038569	2064	2637	2418	2033	2161	2409
FBGN0037436	8	16	7	11	2	1
FBGN0039045	114	135	125	62	37	59
FBGN0042106	24	137	71	25	26	21
FBGN0002937	18	17	11	52	16	18
FBGN0038961	1887	2103	1793	1818	2254	1629
FBGN0027527	4	15	25	26	17	15
FBGN0038873	35	35	22	74	32	4
FBGN0265048	173	413	886	339	345	340
FBGN0037419	1	26	5	7	0	8
FBGN0038504	5452	5961	6033	5430	6376	5930
FBGN0037835	60	12	31	13	9	8
FBGN0037351	101398	117057	104842	101508	104743	121450
FBGN0003358	16	0	0	18	32	0
FBGN0288835	0	0	4	0	0	0
FBGN0014949	0	3	2	5	0	0
FBGN0264776	17	5	0	16	5	0
FBGN0000504	3990	3812	3719	4201	3897	4283
FBGN0037440	2920	3493	3957	2432	2688	2683
FBGN0016061	655	981	663	377	299	265
FBGN0038498	17	8	11	34	11	26
FBGN0042103	14	22	18	35	1	4
FBGN0051111	312	391	372	444	420	407
FBGN0262588	15	36	12	12	5	23
FBGN0263594	57756	63708	57856	48619	56548	58212
FBGN0051495	703	749	615	419	469	607
FBGN0039713	139885	163790	143903	130234	140613	162485
FBGN0037702	11228	11117	11972	9572	10332	10389
FBGN0038422	61	58	145	77	124	59
FBGN0038850	17	10	48	30	51	23
FBGN0039769	16	42	51	50	44	18
FBGN0260744	1683	1937	1826	1237	1438	1407
FBGN0039742	88	8	54	26	34	56
FBGN0038923	835	951	913	598	685	720
FBGN0038967	50	50	47	57	79	22
FBGN0038649	855	795	531	599	699	1004
FBGN0037478	1236	1127	1060	1195	1314	1365
FBGN0051296	24	30	28	0	12	1
FBGN0039042	8	0	0	30	6	2
FBGN0037332	3751	4095	3855	3604	4156	4019
FBGN0051133	713	705	755	906	880	795
FBGN0039232	3	3	10	17	25	3
FBGN0039135	1467	1499	1417	1084	1491	1484
FBGN0261261	3851	4019	3586	3349	3284	3736
FBGN0039083	0	26	34	10	9	16
FBGN0038380	18	3	77	13	3	14
FBGN0004878	89	294	147	79	92	80
FBGN0003886	24	66	9	69	169	102
FBGN0259233	90	68	130	101	60	82
FBGN0038858	728	807	819	612	752	604
FBGN0037383	510	801	758	476	393	565
FBGN0020018	2401	2393	2132	2332	2587	2768
FBGN0026064	5612	4888	5092	5052	4749	5099
FBGN0037445	9011	9921	8721	7438	8401	8779
FBGN0038208	46	41	50	70	26	28
FBGN0001217	4053	4549	4316	1365	1464	1580
FBGN0038481	6	0	7	6	13	10
FBGN0038674	217	234	151	96	88	158
FBGN0038659	3543	3942	3847	2727	3143	3406
FBGN0040250	30	22	46	48	5	20
FBGN0039214	37339	41401	38686	31540	32778	33934
FBGN0039797	26	12	29	7	6	4
FBGN0011739	8970	9517	9266	9030	9447	9736
FBGN0266734	0	2	3	1	2	0
FBGN0051161	108	101	129	61	55	33
FBGN0038740	94	431	2108	140	158	96
FBGN0037883	256	277	217	195	203	227
FBGN0015572	57	124	801	49	54	57
FBGN0039239	14	49	647	35	30	18
FBGN0038528	45	0	3	4	7	31
FBGN0003885	13874	15081	13802	18711	19345	21466
FBGN0038358	6	12	8	13	16	17
FBGN0035235	5297	5507	5451	3776	4351	4189
FBGN0004574	6973	8080	7742	5721	5661	6500
FBGN0035346	2518	2874	2524	1773	2128	2366
FBGN0036278	30	86	128	53	58	29
FBGN0037061	579	432	565	405	523	494
FBGN0036222	12	19	11	14	13	62
FBGN0036926	462	411	339	399	281	316
FBGN0036873	99	78	213	48	44	32
FBGN0052281	604	590	520	506	586	640
FBGN0035543	13	5	52	30	28	7
FBGN0035839	329	477	378	187	257	158
FBGN0045476	25	19	31	158	143	97
FBGN0264746	91	159	116	149	142	89
FBGN0037087	1622	1269	1588	1437	1529	1671
FBGN0036059	4684	4530	4595	3476	4127	4227
FBGN0011288	28	53	75	62	48	41
FBGN0036595	53	38	67	114	190	207
FBGN0036773	2830	3183	2990	3545	3563	3780
FBGN0035964	2998	2916	2858	2713	3146	3246
FBGN0014848	0	0	2	0	0	10
FBGN0035997	7032	8059	7073	6479	7371	7817
FBGN0264006	124	196	122	143	75	135
FBGN0035620	35	112	1019	21	33	63
FBGN0042138	2154	2718	2184	2059	2345	2409
FBGN0052269	19	0	10	14	16	1
FBGN0036806	62	244	656	34	61	29
FBGN0040817	357	394	345	408	495	421
FBGN0020392	7645	7355	7574	7627	7897	7910
FBGN0028980	2178	2444	2152	1892	2391	1953
FBGN0264486	47	4	52	46	62	24
FBGN0026179	8036	8812	8490	7356	7365	8172
FBGN0036442	65	87	141	117	101	101
FBGN0036188	1984	1378	1538	1261	1517	1530
FBGN0035677	36	56	33	61	48	10
FBGN0036439	0	0	0	36	10	7
FBGN0035120	2539	2112	2530	2148	2726	2229
FBGN0262530	10	24	226	1	3	2
FBGN0263108	11126	12133	11193	9907	10005	11710
FBGN0286940	129	76	120	182	236	196
FBGN0019662	1669	1435	1643	1586	1524	1633
FBGN0052448	297	206	245	413	371	466
FBGN0028402	2653	2561	2504	2128	2361	2351
FBGN0052220	41	5	12	11	8	16
FBGN0052053	12	8	56	55	38	9
FBGN0035109	409	663	373	335	446	519
FBGN0035234	18	8	23	11	38	39
FBGN0062517	37	3	61	65	18	57
FBGN0262593	69	87	126	168	67	91
FBGN0264487	1	12	13	0	2	0
FBGN0035286	136	69	93	54	74	62
FBGN0052487	0	7	0	29	16	8
FBGN0036016	95	230	138	92	77	54
FBGN0002526	102252	111232	107794	91226	98331	99983
FBGN0035210	1464	1291	1196	797	984	994
FBGN0036008	2015	2133	2176	2098	2152	2330
FBGN0036781	62	154	176	174	78	82
FBGN0036402	4204	4306	4057	5359	5045	5821
FBGN0020277	1	16	1	3	12	1
FBGN0035630	32935	34444	35326	29799	33167	33680
FBGN0263247	1	0	0	5	3	0
FBGN0260461	5	18	5	13	16	16
FBGN0053263	18	13	32	16	0	8
FBGN0036895	2	60	56	59	44	28
FBGN0036608	3	29	12	29	2	11
FBGN0035943	6	1	10	37	16	19
FBGN0036494	44	93	49	53	26	55
FBGN0028415	10	0	1	4	12	6
FBGN0036376	5307	5658	5046	4083	4445	4429
FBGN0052181	39	42	54	7	45	28
FBGN0036988	757	997	969	847	902	759
FBGN0036362	26	32	10	34	18	20
FBGN0036948	3	20	260	48	27	1
FBGN0035982	1	0	0	38	18	2
FBGN0052319	16	0	3	14	16	2
FBGN0052364	441	246	508	438	418	284
FBGN0047334	3	1	15	3	8	4
FBGN0014075	20706	22247	21641	19586	22602	22869
FBGN0015075	5150	6216	5712	4957	5598	5717
FBGN0036786	2	3	29	29	5	17
FBGN0052267	1070	631	816	703	1055	840
FBGN0036984	32	16	45	66	70	37
FBGN0035558	3076	3077	2785	2487	3064	2809
FBGN0283681	974	810	1224	877	1033	905
FBGN0052196	13	0	21	14	3	11
FBGN0002573	1004	1089	894	543	589	565
FBGN0262509	603	561	569	2900	3450	2839
FBGN0036922	260	324	475	195	250	317
FBGN0259824	2664	2849	2868	2795	2905	3572
FBGN0052104	3101	3603	3237	2666	3229	3170
FBGN0036363	2	22	16	6	16	20
FBGN0259203	1103	1110	1040	811	990	852
FBGN0043458	4827	5642	5033	4219	4803	4861
FBGN0035896	725	744	636	692	702	668
FBGN0027082	644	565	570	460	728	672
FBGN0035415	599	634	663	592	778	634
FBGN0037139	3	8	5	4	5	0
FBGN0035518	3197	3559	3227	1652	1856	1592
FBGN0044051	0	3	15	13	9	8
FBGN0036476	3276	3330	3703	3964	3828	3621
FBGN0052121	7	41	15	23	63	26
FBGN0036311	26	40	52	44	57	60
FBGN0035158	2571	2756	2695	2025	2164	2235
FBGN0262544	8	6	36	14	28	5
FBGN0259986	3835	4583	4191	4599	5177	4882
FBGN0024187	5689	6716	6621	4588	4742	4511
FBGN0035423	9697	9878	10113	7028	9404	9380
FBGN0013751	267	363	210	108	91	111
FBGN0053160	6	10	27	8	13	0
FBGN0052446	1632	1404	1616	1080	1350	1554
FBGN0020660	15852	15791	16540	12177	15651	13072
FBGN0036774	2346	2321	2401	1788	1934	2250
FBGN0085274	4	0	1	0	6	0
FBGN0052255	37	45	46	45	35	71
FBGN0035468	28	1	32	70	29	24
FBGN0036715	18009	19962	18232	18155	19672	20281
FBGN0035697	10	14	1	4	4	16
FBGN0052437	31	23	16	15	24	34
FBGN0036551	16	14	21	19	27	25
FBGN0085288	6	48	37	7	40	4
FBGN0052214	41	9	18	11	3	16
FBGN0035692	4240	5087	4866	4256	4549	4441
FBGN0035865	558	386	720	880	985	1069
FBGN0043783	23	75	78	42	66	40
FBGN0029091	86	63	60	103	49	113
FBGN0035944	1176	1120	1077	1061	1145	897
FBGN0027945	1008	1123	1761	876	1035	1048
FBGN0001134	5	14	67	40	39	21
FBGN0040636	4	0	10	19	28	10
FBGN0036809	15	14	16	13	17	23
FBGN0004390	13616	14118	13859	12639	12639	13078
FBGN0270926	188	292	646	830	1346	1254
FBGN0014007	15378	15194	15948	13516	15321	14811
FBGN0035955	20	43	31	75	73	26
FBGN0036876	39	53	14	22	16	16
FBGN0036549	726	685	489	570	682	815
FBGN0027594	7710	10201	9272	7337	7913	8161
FBGN0262528	9	0	15	1	9	6
FBGN0052213	63	25	50	18	23	43
FBGN0036397	1443	1430	1360	977	1194	1036
FBGN0020643	529	510	391	2093	540	1587
FBGN0085294	20	25	56	33	22	63
FBGN0027567	42928	45744	43157	36526	42288	42127
FBGN0035508	136	151	142	227	171	166
FBGN0035753	83185	86479	80646	62789	76056	81316
FBGN0052227	159	90	169	144	72	190
FBGN0053062	492	502	392	131	196	166
FBGN0011284	100452	102120	95473	87249	99696	108474
FBGN0001223	574	1030	926	445	582	410
FBGN0000356	2	0	3	13	8	2
FBGN0036327	6	6	10	16	0	11
FBGN0036783	8	1	10	6	0	1
FBGN0036877	51	391	89	25	10	11
FBGN0035526	10761	11753	9642	7731	8265	8470
FBGN0052413	1	0	4	13	13	4
FBGN0029514	960	749	930	882	967	843
FBGN0011361	2885	3450	2953	3219	3394	3672
FBGN0002283	1836	2000	1858	1703	2268	1982
FBGN0052450	13	4	10	14	5	16
FBGN0035524	3824	3780	3488	3570	4371	4510
FBGN0266591	0	0	17	13	0	0
FBGN0004244	43	57	106	52	62	61
FBGN0035486	4	4	29	87	88	66
FBGN0035547	40	22	60	39	43	40
FBGN0268063	5381	7542	7134	8180	8185	8338
FBGN0036405	1461	1379	1414	1249	1262	1502
FBGN0035193	506	448	234	152	146	171
FBGN0037082	1347	1150	1491	1310	1578	1320
FBGN0036250	0	16	6	37	17	19
FBGN0036463	3634	3938	3524	2664	3562	2945
FBGN0262890	55	38	52	18	29	23
FBGN0035164	1029	1129	1157	855	1060	951
FBGN0052423	7550	8411	7811	6372	7488	7007
FBGN0266977	4	25	39	0	5	0
FBGN0036853	1403	1303	1332	1273	1130	1420
FBGN0036277	752	769	1223	1107	1281	1381
FBGN0287183	560	640	551	1429	1979	1248
FBGN0036159	12	16	6	14	7	8
FBGN0035273	26	0	7	31	42	33
FBGN0265574	11946	12194	11374	9747	10597	11150
FBGN0052022	961	888	694	690	751	718
FBGN0036039	1261	1245	1348	1406	1610	1409
FBGN0043865	37	4	43	65	21	33
FBGN0036335	1097	1122	935	950	1139	1074
FBGN0053767	0	0	0	7	5	26
FBGN0036496	4	4	0	37	7	8
FBGN0035854	808	871	980	944	1196	1127
FBGN0261555	14324	15477	14294	13202	13658	14513
FBGN0035849	816	1142	1084	1263	947	1015
FBGN0035414	1865	1901	2195	1392	1535	1603
FBGN0036619	18	36	34	70	82	17
FBGN0052081	16	18	36	33	19	9
FBGN0035724	38	10	22	77	66	47
FBGN0036959	138	177	229	211	314	307
FBGN0035689	2935	2550	3214	3612	3551	4020
FBGN0003459	3326	3345	3402	4073	4621	5007
FBGN0037188	5339	5523	5724	4769	5133	5343
FBGN0259973	1	0	4	1	3	6
FBGN0000551	9	40	95	28	7	30
FBGN0003373	15170	64847	311417	45389	451695	20716
FBGN0262057	7342	8433	6358	5902	6900	7466
FBGN0037027	10345	10214	10118	9163	10048	10256
FBGN0024889	4789	4528	4291	4038	4612	4588
FBGN0036666	6628	7392	7916	6465	7246	7059
FBGN0085455	35	23	5	15	0	2
FBGN0259239	30	22	67	34	16	40
FBGN0035229	3547	4229	3984	3450	3850	3771
FBGN0052442	496	485	451	470	557	585
FBGN0025558	610	466	525	455	468	433
FBGN0005564	85	93	114	101	126	126
FBGN0036566	4609	5201	5081	3922	4801	5099
FBGN0053690	7	17	4	9	4	12
FBGN0036711	8	0	4	3	7	10
FBGN0029121	499	547	420	349	500	447
FBGN0035237	22676	24258	21924	15587	17166	18021
FBGN0035588	1114	1214	1448	912	829	1122
FBGN0262894	0	0	35	2	14	2
FBGN0022936	2043	1848	1900	1810	1931	1816
FBGN0036545	347	325	619	464	473	558
FBGN0037197	24	33	32	22	6	10
FBGN0286213	40171	42850	40704	24506	28698	28990
FBGN0085599	1092	1370	1282	217	177	166
FBGN0035781	18	4	70	40	18	53
FBGN0014343	16516	18225	16193	14181	15730	15808
FBGN0035886	81	69	79	74	34	30
FBGN0000100	162949	168246	158223	135683	148539	164697
FBGN0036205	45	52	255	51	61	45
FBGN0037183	10	5	30	26	24	12
FBGN0035257	52	27	91	58	42	83
FBGN0035260	270	530	275	202	324	350
FBGN0052176	3136	3214	3097	3110	3279	3597
FBGN0035850	3455	3934	3348	3185	2863	3440
FBGN0036768	2	15	3	48	32	11
FBGN0035198	19	40	30	22	6	13
FBGN0052074	1	27	6	49	18	14
FBGN0037171	2	13	10	6	17	2
FBGN0003683	0	26	2	28	23	19
FBGN0036717	13985	9971	8364	18477	10182	13532
FBGN0036468	1	12	14	13	6	4
FBGN0035601	5454	6156	5618	4920	5513	5111
FBGN0036350	39	5	13	29	5	3
FBGN0035603	1908	1838	1945	1625	1767	1733
FBGN0036028	1564	2104	1703	1165	1425	1650
FBGN0284221	10458	11973	11550	10201	11397	12447
FBGN0052333	102	77	83	102	58	119
FBGN0052202	701	655	618	556	758	522
FBGN0035858	25	6	20	9	37	59
FBGN0052283	6	4	2	2	0	1
FBGN0036395	961	1003	622	516	564	702
FBGN0036160	1	20	12	17	16	10
FBGN0041096	16534	18370	16477	14118	15870	15690
FBGN0035430	4098	6458	3242	1324	1691	1927
FBGN0036480	6044	6408	5618	5879	6832	6649
FBGN0036828	4689	4556	4259	5174	6172	6593
FBGN0035978	3749	4165	4042	4126	4468	4234
FBGN0041625	173	178	118	25	9	2
FBGN0036575	1	5	41	23	33	18
FBGN0037165	12	29	22	72	44	32
FBGN0000543	5735	6157	5609	3981	5209	4920
FBGN0053702	1	17	2	0	3	0
FBGN0011205	2209	2329	2653	2096	2295	2013
FBGN0052412	175	178	197	186	143	106
FBGN0259970	2	0	0	0	4	0
FBGN0053052	2332	2685	2327	1493	1709	1646
FBGN0053270	4	4	33	33	18	20
FBGN0036875	62	191	320	71	59	110
FBGN0015618	1905	1966	1785	1868	1873	1652
FBGN0035539	3126	4107	3521	4226	3991	4778
FBGN0052137	3503	3466	4022	2004	2417	2292
FBGN0053061	9	12	0	2	0	11
FBGN0036479	59	44	32	82	19	19
FBGN0260049	10248	9763	10498	8615	10597	11020
FBGN0036328	9	22	32	26	10	10
FBGN0027569	3562	3208	3664	3164	3032	3336
FBGN0036214	6	24	24	36	11	2
FBGN0085457	2	8	10	11	8	13
FBGN0035807	4334	4759	4261	4268	4741	4570
FBGN0261602	150987	178630	163797	124969	135180	150722
FBGN0087039	2115	2035	2369	1734	2191	1862
FBGN0028418	0	1	17	7	3	9
FBGN0287423	23	6	57	26	16	22
FBGN0040056	1824	2128	1894	1309	1578	1472
FBGN0041232	6	6	23	48	18	26
FBGN0052240	0	0	10	11	14	2
FBGN0036173	769	422	634	685	845	888
FBGN0004514	12	31	66	36	32	11
FBGN0036492	21	18	18	36	13	9
FBGN0035825	1658	1776	1700	1768	1692	1656
FBGN0053217	5047	5729	6256	4326	5310	4670
FBGN0036916	2236	2169	2110	1949	2013	1754
FBGN0036833	412	4252	41154	86	18	12
FBGN0036980	4823	5270	5090	4581	4857	5295
FBGN0003388	127	189	262	177	265	254
FBGN0036248	2216	2833	2573	1750	2266	2308
FBGN0053265	331	280	669	398	319	83
FBGN0052351	16	22	23	63	31	12
FBGN0286872	2	4	4	1	0	0
FBGN0086254	7623	8404	8121	5838	6677	6185
FBGN0085482	165	40	86	94	32	59
FBGN0037025	12377	12805	13084	12357	13614	12707
FBGN0035589	985	1408	1205	930	925	684
FBGN0037057	66	70	695	78	56	105
FBGN0053556	3059	3521	3082	4031	4171	3822
FBGN0004592	482	2583	16590	1422	13835	946
FBGN0025874	2262	2339	2362	1439	1721	1742
FBGN0035147	2001	2500	3540	1479	2146	1892
FBGN0036892	5516	5321	5861	4701	5571	5628
FBGN0035932	5	14	34	21	1	12
FBGN0035236	6017	6127	6076	5642	6666	6508
FBGN0037044	705	682	794	785	989	1242
FBGN0015359	3708	3756	3131	2822	3339	3225
FBGN0035934	62	71	168	70	73	53
FBGN0052350	3407	4305	3958	2925	3558	2740
FBGN0036567	6	27	23	20	36	18
FBGN0039977	4162	4410	4775	3005	3566	3291
FBGN0259932	914	1021	858	1205	1423	1229
FBGN0053764	0	10	0	9	20	4
FBGN0001104	9342	10864	9932	8374	9156	9466
FBGN0015298	1523	1544	1562	1149	1568	1501
FBGN0035497	1936	2520	1808	1408	1683	1479
FBGN0036106	38	72	36	63	52	102
FBGN0036157	0	33	28	50	12	7
FBGN0036212	511	780	551	333	385	383
FBGN0260756	333	303	335	181	335	514
FBGN0035400	1539	1619	1658	1528	1610	1593
FBGN0035469	1657	1791	2051	1559	1957	1555
FBGN0035830	8872	9120	9248	7698	7878	8916
FBGN0036144	385	374	545	301	127	108
FBGN0035343	11	42	33	28	34	60
FBGN0052225	29	30	3	28	7	43
FBGN0027111	4451	5319	4554	4274	4609	4008
FBGN0053490	44	2	7	49	27	5
FBGN0036032	8019	8472	9204	7260	7510	7795
FBGN0036183	19	10	4	5	0	7
FBGN0037022	1599	2130	1826	1346	1677	1561
FBGN0017579	48394	49567	46230	48349	57467	60116
FBGN0014849	0	2	8	15	14	14
FBGN0263456	17	61	93	48	86	40
FBGN0261634	2	4	6	2	3	1
FBGN0036510	2518	2291	2434	1686	1859	2089
FBGN0086906	13818	15565	15072	14219	13850	13646
FBGN0035205	14605	15936	15285	12462	13933	13976
FBGN0036227	95	86	503	40	4	261
FBGN0035145	13100	14680	13781	9831	10933	10913
FBGN0035168	169	123	136	165	322	226
FBGN0263930	23903	26776	24696	21903	24323	24666
FBGN0036612	131	150	113	190	128	147
FBGN0083992	869	901	1059	813	912	1083
FBGN0036761	4476	4529	4798	3353	4318	4036
FBGN0035673	6	22	15	30	3	0
FBGN0260026	158	122	150	251	257	241
FBGN0041630	11746	12328	10977	8046	9313	9966
FBGN0036141	5795	6040	6121	4513	5047	5056
FBGN0035428	8	67	28	70	39	29
FBGN0053169	455	549	415	272	335	246
FBGN0035688	13765	14454	15084	13012	14561	14088
FBGN0259676	2032	2188	2002	2670	2716	3252
FBGN0036819	215	190	317	246	200	197
FBGN0035445	93	78	93	100	54	78
FBGN0028648	1394	1342	1285	1044	1124	1408
FBGN0010408	53066	55491	50903	49919	54582	62584
FBGN0037067	32	11	3	24	14	6
FBGN0035359	43	47	70	34	17	8
FBGN0036932	1785	1923	1597	1671	1577	1623
FBGN0036349	0	31	12	45	2	0
FBGN0036416	353	1069	777	511	659	522
FBGN0010223	18	78	133	62	39	37
FBGN0036661	8841	8768	7909	8195	8518	8656
FBGN0022702	11217	12357	10706	9003	10430	11391
FBGN0001078	1515	2208	2814	3973	2844	2644
FBGN0036921	14957	14752	16463	11554	13530	12771
FBGN0036814	10669	13399	13593	10026	11922	9825
FBGN0037028	1537	1411	1419	935	1060	903
FBGN0036723	21	28	10	49	8	32
FBGN0004396	10078	12396	11572	7642	8494	7903
FBGN0052263	0	4	20	28	1	0
FBGN0035906	5387	5670	6218	5248	5790	5808
FBGN0000261	24673	35954	35559	16639	20900	19345
FBGN0035983	2111	2756	2122	2069	2321	2605
FBGN0036834	23	56	16	57	30	20
FBGN0260862	594	408	437	434	456	644
FBGN0064766	3255	3470	3709	3601	3895	3952
FBGN0036082	18	11	38	22	19	4
FBGN0001323	2438	2503	2589	1643	1789	1718
FBGN0036320	7	1	65	6	8	12
FBGN0035604	10	40	63	83	50	28
FBGN0266099	20	37	35	62	21	19
FBGN0035931	12	4	1	28	12	5
FBGN0037046	28	102	85	395	747	594
FBGN0053272	0	0	14	23	9	15
FBGN0283503	6610	6991	6634	4980	5235	5518
FBGN0035644	1794	1428	1877	1622	1951	1998
FBGN0016694	790	937	884	1004	959	899
FBGN0037102	2541	2279	2282	2455	2489	2555
FBGN0035575	29	4	14	21	46	38
FBGN0261872	14737	15003	14473	12451	13634	13272
FBGN0035986	5259	6847	5870	5190	5494	5711
FBGN0011204	2075	2843	2816	2594	2729	2703
FBGN0285951	867	704	755	653	1022	771
FBGN0036239	6616	8713	7490	7641	7770	8762
FBGN0035150	2589	2604	2411	2265	2041	2253
FBGN0036187	2443	2379	2382	2371	2987	2623
FBGN0020887	7511	8170	7466	8164	8531	9018
FBGN0037100	19	64	7	56	34	30
FBGN0028664	197	123	143	125	175	182
FBGN0035420	6184	6674	7634	5846	6816	6698
FBGN0036609	1	1	2	4	21	3
FBGN0036740	2753	3064	2777	2023	2360	2250
FBGN0036911	996	1086	1014	864	1044	847
FBGN0035138	10	10	8	16	9	22
FBGN0036648	4020	4151	3924	3039	4571	4780
FBGN0046793	6	0	14	22	4	22
FBGN0003124	19740	19168	19464	18264	19879	19774
FBGN0052428	1580	1729	1584	1566	1832	1825
FBGN0011836	8966	9180	8690	6459	7103	6702
FBGN0036638	45	5	12	12	2	3
FBGN0037015	9	30	25	24	7	6
FBGN0261722	2974	2894	3179	2663	2945	2699
FBGN0025702	123	245	248	256	275	254
FBGN0036044	95	42	51	43	40	35
FBGN0036835	8	0	47	36	24	10
FBGN0036260	1	0	26	15	21	8
FBGN0035398	3715	3040	3389	5370	4902	5679
FBGN0000489	1739	2086	2059	1471	1502	1434
FBGN0036505	2363	2747	2395	2393	2504	2398
FBGN0028379	31	66	14	23	17	24
FBGN0036203	62	41	179	185	126	141
FBGN0054056	3423	3281	2516	2075	2575	2625
FBGN0036571	2438	2556	2511	2017	2098	2583
FBGN0053271	9	30	242	39	8	1
FBGN0035251	10259	11034	10319	8936	9877	11083
FBGN0036324	7	0	34	10	4	8
FBGN0052133	30949	33156	32337	35455	35039	34070
FBGN0036848	1594	1555	1293	2287	2343	2499
FBGN0014850	0	0	1	4	0	0
FBGN0036563	36	29	14	90	52	58
FBGN0036406	1004	810	927	637	1019	918
FBGN0027903	1862	1680	1563	2142	2370	2439
FBGN0035845	122	52	101	99	74	67
FBGN0261401	44	17	49	26	27	21
FBGN0003744	4608	6040	5104	3669	4551	4611
FBGN0035101	4593	4573	4713	2396	2503	2566
FBGN0035581	168	155	206	259	211	130
FBGN0023000	7467	8685	7956	5214	5961	5382
FBGN0037129	12	22	30	21	0	4
FBGN0035852	22	0	15	17	6	0
FBGN0036078	2	16	2	21	9	19
FBGN0263131	70	74	125	195	92	75
FBGN0036624	14361	15873	14255	13474	13971	13990
FBGN0046301	1478	1483	1661	1531	1255	1633
FBGN0036240	1197	1393	1203	1033	806	1095
FBGN0053500	3	0	32	10	3	0
FBGN0035333	4764	4790	5064	2881	3561	3696
FBGN0016756	33180	38067	34448	25193	25719	27878
FBGN0035842	4024	4419	4327	3315	3613	3712
FBGN0037178	1	0	4	3	11	11
FBGN0035208	13	66	26	26	24	5
FBGN0024945	2368	2656	2373	1767	1728	1742
FBGN0053289	13	4	20	26	11	18
FBGN0262008	36	2	33	42	22	10
FBGN0262893	12	0	10	18	17	10
FBGN0035815	176	140	164	92	47	139
FBGN0267390	16627	18172	17066	14079	15834	15749
FBGN0011706	480	460	508	555	569	406
FBGN0035511	0	0	2	10	1	9
FBGN0260967	9	3	5	15	4	5
FBGN0287586	189	301	246	166	239	228
FBGN0265296	198	60	180	278	129	225
FBGN0035255	7	7	40	8	8	26
FBGN0036111	12480	13278	13005	9523	10230	10785
FBGN0003295	33	86	49	47	50	70
FBGN0287594	1292	1820	1663	1324	1478	1249
FBGN0263776	41	133	1115	48	16	25
FBGN0261682	0	20	16	11	8	0
FBGN0259140	69	439	2290	518	160	633
FBGN0036334	5819	5675	5281	4038	5070	5081
FBGN0052119	6	46	37	47	16	13
FBGN0015550	0	0	16	4	7	10
FBGN0044419	497	494	564	311	260	562
FBGN0250815	4309	29611	284747	460	370	848
FBGN0036493	71	302	1622	135	120	119
FBGN0040795	18	23	14	6	15	5
FBGN0010747	7794	8997	8748	6183	7039	7111
FBGN0024814	7306	7381	7677	4948	6662	6530
FBGN0053689	10	11	14	18	7	13
FBGN0036925	5	28	11	40	12	13
FBGN0036958	30893	35361	33842	28412	30192	30890
FBGN0085289	0	11	3	9	14	10
FBGN0035167	197	248	194	364	312	353
FBGN0035661	2	6	12	36	14	22
FBGN0265455	0	9	0	16	6	0
FBGN0083976	1266	1229	1309	1406	1317	1216
FBGN0086348	43	12	73	10	39	49
FBGN0036824	6621	7251	8620	5767	6718	6844
FBGN0260857	917	1120	788	560	812	575
FBGN0262508	113	237	325	194	221	76
FBGN0035643	22	20	11	62	58	43
FBGN0035993	5615	6415	5263	4441	4630	4778
FBGN0021768	7083	5869	5634	4522	5025	5212
FBGN0036897	3359	3459	3075	3382	3415	3898
FBGN0261953	47	157	93	59	137	382
FBGN0286979	30	18	58	46	5	31
FBGN0036437	15	30	5	14	43	9
FBGN0036553	56	46	28	10	11	2
FBGN0036709	16	15	3	38	13	16
FBGN0035587	4	11	54	33	15	13
FBGN0005658	41	22	73	64	19	36
FBGN0265959	73	50	77	71	33	29
FBGN0035440	1696	1972	2095	1958	2295	2287
FBGN0284421	8871	9229	8087	6377	7681	7401
FBGN0036565	4143	4056	4144	3533	4053	3730
FBGN0028667	14	13	2	10	9	15
FBGN0036035	4483	5274	4935	4859	5164	5147
FBGN0036134	22538	24012	23602	21528	24032	23243
FBGN0035357	26686	27490	25996	23109	24948	24218
FBGN0264699	18	8	42	60	12	14
FBGN0036552	8	31	19	24	19	24
FBGN0036454	294	476	208	359	316	490
FBGN0036584	9	32	18	36	10	21
FBGN0036992	12	13	6	40	11	17
FBGN0025725	24565	27671	26525	17956	20886	21811
FBGN0052066	1625	1890	1738	1554	1725	1994
FBGN0029094	4476	3824	4339	3787	3957	4395
FBGN0036978	426	273	447	55	22	58
FBGN0035248	139	194	162	173	114	88
FBGN0036641	5705	5473	4703	3914	4765	4808
FBGN0036414	21	16	96	75	40	84
FBGN0036110	4	0	7	7	13	1
FBGN0035139	17	30	61	79	74	138
FBGN0262482	62	80	113	64	100	98
FBGN0263035	4	5	1	0	27	2
FBGN0052447	12549	15879	12216	8458	10063	8773
FBGN0024179	6297	7273	5818	6064	6405	6914
FBGN0036592	53	16	24	43	32	26
FBGN0053766	0	12	4	34	17	0
FBGN0036208	23	17	22	44	3	16
FBGN0036733	2301	2881	3062	2799	3022	2855
FBGN0052409	4528	4273	4658	4174	5039	5082
FBGN0037176	4	4	0	2	1	2
FBGN0037039	6	0	9	6	8	6
FBGN0035666	25	20	64	27	10	0
FBGN0036426	12	14	9	21	4	3
FBGN0035323	639	621	679	640	760	793
FBGN0260856	1265	1509	1679	1159	1220	1243
FBGN0264711	10438	12944	11435	7454	8308	7549
FBGN0004880	68	140	190	107	84	241
FBGN0000017	16519	18039	17305	14704	15524	15893
FBGN0016070	6164	5973	7055	6039	6535	6455
FBGN0000358	47	6	0	32	6	36
FBGN0036805	2553	3025	2877	2013	2764	2793
FBGN0036469	2	29	319	6	8	1
FBGN0052037	40	12	20	39	12	10
FBGN0004372	11	22	15	20	13	10
FBGN0052279	4	1	5	5	4	0
FBGN0035111	6027	5901	6320	6290	6578	6358
FBGN0052304	0	58	1	23	14	9
FBGN0036727	29	91	514	6	12	23
FBGN0036153	42	31	11	33	25	10
FBGN0036956	16	12	75	27	22	19
FBGN0026371	4716	4554	4255	4716	5187	4823
FBGN0036319	15	8	27	69	41	50
FBGN0036836	137	167	242	103	138	120
FBGN0036746	7879	9297	9086	7881	8227	7903
FBGN0045479	33	48	21	354	436	266
FBGN0261381	3526	3437	3461	2547	2601	3236
FBGN0036851	107	110	175	69	99	76
FBGN0036316	6448	7925	6143	3805	5063	4591
FBGN0000592	7	20	23	65	7	32
FBGN0036757	17	0	49	30	31	34
FBGN0037174	107	22	5	11	12	18
FBGN0027615	1818	1746	1424	1664	1641	1871
FBGN0035358	11	13	41	5	7	11
FBGN0036116	72	53	15	82	42	22
FBGN0262361	1	0	9	10	1	0
FBGN0035435	461	254	386	228	258	304
FBGN0053969	1384	1230	1160	798	852	931
FBGN0028699	10	6	62	52	36	15
FBGN0036438	0	16	9	11	1	0
FBGN0035321	893	685	802	719	781	949
FBGN0086900	0	16	30	20	42	23
FBGN0262732	7827	9396	8627	5967	6143	6550
FBGN0010348	24877	26472	26528	23809	26884	23468
FBGN0035970	13	18	10	21	5	20
FBGN0002564	8007	39206	335986	11329	12840	5753
FBGN0023174	14595	12881	13279	11582	14481	14676
FBGN0024177	12	4	21	7	10	8
FBGN0010387	9	59	522	1	3	3
FBGN0004591	4	2	3	18	27	5
FBGN0036271	883	1019	1228	1065	1145	1135
FBGN0028577	12695	14102	13079	9609	10348	11891
FBGN0288810	13	28	10	10	17	5
FBGN0262737	13423	15882	14031	11273	13734	13568
FBGN0028978	6779	6300	6163	5452	5836	6272
FBGN0001324	24620	27444	25618	16904	18707	18733
FBGN0264566	0	2	0	3	0	0
FBGN0011787	4146	3895	3660	2903	3277	2914
FBGN0053769	0	0	17	3	2	22
FBGN0037105	2296	2219	2150	1688	1746	1539
FBGN0035645	3	32	21	27	16	16
FBGN0036118	371	439	361	228	281	172
FBGN0036529	57	168	58	175	105	216
FBGN0036581	1234	1067	1144	938	1221	1082
FBGN0036655	12	23	0	40	14	9
FBGN0035426	28	15	24	10	12	1
FBGN0005633	28	1	8	13	23	1
FBGN0036236	6	0	5	9	3	2
FBGN0250816	402	359	292	65	91	108
FBGN0262021	0	0	46	23	5	3
FBGN0025820	640	648	454	527	562	635
FBGN0053284	0	10	0	0	16	19
FBGN0036255	190	289	95	242	298	241
FBGN0035461	401	345	241	335	339	396
FBGN0015793	734	1100	1109	668	585	710
FBGN0035542	1410	1673	2631	1710	1623	1902
FBGN0000451	199	216	112	143	156	123
FBGN0036813	3875	4860	4658	2798	3014	3152
FBGN0028416	9	0	2	4	10	6
FBGN0036759	38	62	276	29	11	18
FBGN0004108	5992	8019	7270	5976	7134	7518
FBGN0003943	169143	227349	197577	149781	195054	191748
FBGN0044452	6543	6882	6585	6097	6833	6735
FBGN0260874	29	51	48	271	289	179
FBGN0036497	17	1	4	34	16	0
FBGN0260644	6	1	5	0	5	2
FBGN0035787	6	33	0	29	36	16
FBGN0035122	1646	1740	1760	1464	1461	1612
FBGN0003410	2830	2895	2650	2591	2728	3104
FBGN0036945	22	21	162	17	4	14
FBGN0036557	3312	2914	3108	2645	2857	2844
FBGN0027055	3795	4174	4338	3822	3972	4015
FBGN0086680	56677	65037	59503	48128	50098	51724
FBGN0010786	1892	2149	1994	1710	2090	2024
FBGN0036229	21	0	504	79	41	36
FBGN0022935	10394	11061	10301	7855	8384	8732
FBGN0052847	64	92	88	96	68	49
FBGN0035471	4661	4564	4965	4119	4371	4440
FBGN0045823	26585	27433	28660	24883	26237	24045
FBGN0036179	14	28	15	47	18	2
FBGN0035254	981	905	1149	908	958	980
FBGN0005626	565	1511	1540	152	400	198
FBGN0036656	10	0	1	9	3	0
FBGN0259748	5	14	84	12	13	6
FBGN0036102	13	34	12	18	16	2
FBGN0036861	18	14	10	41	48	53
FBGN0087035	116668	135248	125146	127524	128149	123490
FBGN0035695	48	44	26	115	58	32
FBGN0035980	385	565	360	252	398	430
FBGN0041094	27428	31574	28600	20734	24142	23025
FBGN0036953	108	363	3300	17	8	4
FBGN0035989	1112	1620	1488	1507	1871	1835
FBGN0035857	8	23	10	19	15	4
FBGN0036337	2458	3110	3450	1825	1937	2453
FBGN0283500	4460	5244	5160	3459	3530	3844
FBGN0264748	18	31	34	32	24	16
FBGN0035711	35	2	53	26	22	2
FBGN0036321	130	125	424	115	45	112
FBGN0264725	1	13	0	5	0	17
FBGN0035504	5	47	19	43	25	24
FBGN0052187	20	13	6	55	41	9
FBGN0022709	271	235	407	170	167	139
FBGN0283724	12574	14766	13871	11738	12737	12897
FBGN0035532	1920	2405	2086	1918	1984	1726
FBGN0053286	46	60	68	45	26	22
FBGN0262937	1687	1944	1864	1314	1437	1658
FBGN0035510	664	614	986	1945	2003	2154
FBGN0261353	1018	1013	1262	680	1085	1163
FBGN0002842	25	18	1	25	19	12
FBGN0017430	3396	3373	3565	1987	2389	2236
FBGN0035957	54	39	49	144	91	72
FBGN0037018	512	550	748	618	651	472
FBGN0016036	126	31	106	106	58	62
FBGN0036354	5264	5509	5317	4962	4928	5694
FBGN0036986	370	375	416	21	32	0
FBGN0053965	19	10	102	21	15	4
FBGN0000404	11374	11776	12075	10821	13108	12027
FBGN0026376	2980	2811	3009	3203	3667	3583
FBGN0035476	25	14	8	26	18	5
FBGN0035777	98	77	91	145	107	66
FBGN0262788	5	5	1	8	14	0
FBGN0036769	589	591	582	603	528	413
FBGN0037020	2921	3112	3416	2445	2844	2980
FBGN0052484	4480	5165	4780	3644	4460	4661
FBGN0011335	2411	2039	2207	2215	2283	2260
FBGN0052476	11	74	134	68	36	32
FBGN0035767	2020	2467	1916	1001	1468	1474
FBGN0036290	6222	6258	5993	4069	5020	4623
FBGN0035545	0	11	17	10	34	12
FBGN0000115	3425	3070	3531	2748	2896	3284
FBGN0013342	42	27	75	38	32	34
FBGN0036580	4199	3994	3689	2169	3115	2662
FBGN0036822	2	0	7	38	22	10
FBGN0035713	26358	29871	28103	25530	27100	28055
FBGN0025682	5344	6958	5906	2998	3675	3974
FBGN0041623	12	48	56	55	26	18
FBGN0036176	9	9	67	13	15	0
FBGN0036696	642	644	576	440	677	489
FBGN0010452	14018	16097	15258	11348	11829	13042
FBGN0020509	1	0	8	4	3	0
FBGN0052150	216	317	253	189	258	294
FBGN0020640	4	0	2	10	3	1
FBGN0052141	349	403	565	424	485	421
FBGN0265268	6	24	27	38	24	80
FBGN0035570	0	2	2	2	1	3
FBGN0004516	21	5	29	22	27	4
FBGN0035192	27	42	16	28	37	23
FBGN0027790	14798	18418	17175	11289	12014	10843
FBGN0035928	28	19	3	16	11	18
FBGN0036152	2611	2609	2679	1392	1661	1475
FBGN0040060	1275	10587	89916	137	68	312
FBGN0054025	0	26	10	6	27	9
FBGN0020765	2	23	32	5	10	8
FBGN0052405	2	1	7	10	8	7
FBGN0040828	0	0	5	14	4	10
FBGN0262592	32	12	9	2	12	11
FBGN0036680	39	44	22	4	11	20
FBGN0053234	33	79	55	43	10	14
FBGN0015829	2199	2422	2691	2191	2550	2489
FBGN0040696	42	22	22	22	18	17
FBGN0041160	1300	1511	1227	778	913	952
FBGN0020645	2	10	2	7	11	0
FBGN0262984	2	15	5	0	4	0
FBGN0036516	5846	5837	5840	4472	4865	5034
FBGN0263603	15493	16449	15087	11025	12853	13318
FBGN0052344	6437	5631	5995	6632	7687	7838
FBGN0036640	2444	2246	2126	1867	2236	2112
FBGN0040816	2	0	16	0	6	3
FBGN0036145	19	8	44	44	10	4
FBGN0041164	9162	8788	8933	7105	7586	7871
FBGN0028668	12	6	8	31	9	0
FBGN0264693	25261	28651	26430	19828	22037	21742
FBGN0061515	5352	5030	5217	5082	6158	5479
FBGN0035355	254	275	270	164	135	241
FBGN0015585	2	0	26	0	5	5
FBGN0035766	10153	10134	9969	8977	9661	9373
FBGN0036665	241	256	148	172	288	290
FBGN0262842	0	0	0	5	0	0
FBGN0036820	545	485	675	430	532	352
FBGN0052082	4651	3802	4271	4448	4219	4839
FBGN0004380	1692	1610	1805	1774	1777	1862
FBGN0035203	2657	3010	2751	2089	1957	1937
FBGN0263106	13313	19292	16528	8103	9379	8253
FBGN0052069	346	289	250	640	687	720
FBGN0036910	5	42	26	10	21	48
FBGN0020641	19	12	29	12	32	18
FBGN0260008	1600	1421	1572	1151	1770	1113
FBGN0036323	23	22	42	25	15	35
FBGN0036602	11	16	1	59	62	53
FBGN0028504	1460	1296	1515	1186	1384	1255
FBGN0042712	5118	5392	5042	4290	4909	5088
FBGN0266456	84	65	58	39	40	40
FBGN0085273	0	34	0	12	8	8
FBGN0052195	311	403	365	178	198	294
FBGN0023001	9238	10538	10046	8681	8571	8965
FBGN0260431	143	141	144	139	220	191
FBGN0035719	39	119	51	75	36	105
FBGN0036015	0	9	5	7	0	24
FBGN0035110	2870	3028	3291	2514	2672	3160
FBGN0264000	70	47	31	76	58	34
FBGN0035805	1046	884	1175	865	1097	927
FBGN0036950	0	0	18	24	13	2
FBGN0045477	23	6	37	92	62	115
FBGN0036747	46	99	83	117	48	46
FBGN0052270	26	6	5	8	4	6
FBGN0035702	275	299	372	316	229	477
FBGN0035769	6261	6863	6464	4967	5483	5724
FBGN0036685	11355	12871	10661	9455	9925	10286
FBGN0036340	18262	19443	18073	16863	18529	20243
FBGN0052365	1752	2541	1701	750	964	873
FBGN0004427	100	1670	17567	70	74	131
FBGN0026418	32384	36622	36005	26416	29430	28970
FBGN0036156	8	8	0	24	23	4
FBGN0037175	8	4	0	8	5	5
FBGN0263601	9405	9325	9193	6516	7648	7641
FBGN0036920	939	1102	1105	704	1139	942
FBGN0040507	49	29	271	76	28	46
FBGN0020251	2889	3129	2751	2482	3174	3514
FBGN0003041	10911	10667	10960	9202	10230	10891
FBGN0042630	49	62	20	61	34	30
FBGN0037207	741	1010	837	609	716	722
FBGN0036766	7	18	111	8	20	0
FBGN0036887	1411	1270	1117	966	967	1057
FBGN0266136	5690	6356	7264	4936	5867	5693
FBGN0036461	47	68	107	57	48	53
FBGN0036403	42	20	15	56	6	42
FBGN0035968	97	233	155	101	109	43
FBGN0036998	964	971	1030	965	1198	1336
FBGN0004593	2	0	17	5	11	0
FBGN0035736	2	0	17	10	8	0
FBGN0004167	92530	102267	95942	75847	81619	80370
FBGN0052182	42	9	16	20	48	13
FBGN0005198	7806	8664	7719	6800	7244	7944
FBGN0036112	0	1	19	18	6	2
FBGN0036979	119	120	209	46	122	66
FBGN0035103	8126	8089	7636	8432	8549	8258
FBGN0037138	7692	7747	7557	7208	7806	8032
FBGN0085282	18	14	213	18	46	9
FBGN0036785	10	44	37	46	21	59
FBGN0010246	6865	8628	8738	5143	5699	5810
FBGN0036544	43	14	95	41	24	97
FBGN0052438	5965	6619	5802	5958	6743	6219
FBGN0037200	1873	1650	1468	1432	1884	1481
FBGN0259703	8	6	69	24	3	30
FBGN0263761	0	0	21	2	7	0
FBGN0037141	2391	2375	2309	2767	2718	2997
FBGN0035455	0	0	14	40	14	13
FBGN0052079	31	16	8	8	15	14
FBGN0052392	171	115	57	108	66	166
FBGN0005386	13460	13678	14209	12298	13470	12437
FBGN0260430	1	32	38	63	8	62
FBGN0036576	14013	14015	15805	14123	13809	14367
FBGN0016013	56	51	76	104	86	34
FBGN0000629	4191	4340	4023	4361	4810	5598
FBGN0058160	5668	6664	6823	3717	4466	4354
FBGN0035371	8669	9353	8165	6088	7255	8335
FBGN0035585	0	1	6	5	3	15
FBGN0016696	14835	14870	14221	12639	14305	14697
FBGN0024804	13151	13346	14563	12346	15257	11804
FBGN0035397	14424	18265	16534	12885	13305	14035
FBGN0263607	309	312	253	391	415	360
FBGN0052425	5096	6352	6107	5291	5246	5683
FBGN0052113	5291	5776	6843	6682	7835	6923
FBGN0035768	90	114	88	117	95	104
FBGN0035985	233	238	131	578	290	376
FBGN0052040	27	26	5	16	24	28
FBGN0261816	9	6	7	19	8	3
FBGN0052462	12	3	21	13	9	17
FBGN0036677	2632	2369	1965	981	1534	973
FBGN0261997	0	0	11	12	0	4
FBGN0037092	3137	3697	3479	2614	3127	2818
FBGN0053057	304	341	365	312	205	355
FBGN0262870	206	265	396	251	168	190
FBGN0042178	19080	19706	20126	14708	16126	16968
FBGN0003292	1911	3136	2825	2759	2949	3396
FBGN0036451	29533	32881	30847	26034	26614	28112
FBGN0036202	64	78	57	38	15	63
FBGN0052072	9	15	43	12	5	12
FBGN0036593	51	14	41	93	22	5
FBGN0041709	29	0	7	38	14	13
FBGN0052102	0	0	0	7	11	0
FBGN0266540	72	87	55	68	153	87
FBGN0260653	19943	27004	20702	12459	13727	14915
FBGN0025455	14510	15932	15037	12741	14665	13948
FBGN0052278	779	751	741	935	1154	994
FBGN0052452	3568	3323	2954	3311	3677	3558
FBGN0020224	3973	5261	4755	4185	4268	4919
FBGN0037191	12	18	40	9	14	21
FBGN0024194	2106	1950	1956	1303	1243	1522
FBGN0025776	25	12	4	16	21	15
FBGN0036780	12	10	31	29	12	1
FBGN0036838	2530	2418	2462	2825	2934	2802
FBGN0037144	109	33	67	80	123	45
FBGN0036654	4	15	7	51	22	25
FBGN0035608	28	31	50	15	16	12
FBGN0016081	15355	16546	16469	13571	15044	14161
FBGN0035594	15	4	2	24	13	0
FBGN0053971	894	980	764	644	582	709
FBGN0036142	219	220	221	166	203	153
FBGN0035176	8	23	16	32	22	26
FBGN0035360	19	39	556	44	10	48
FBGN0052302	1	98	320	24	19	9
FBGN0004414	0	6	1	5	3	8
FBGN0026061	146	209	546	236	415	145
FBGN0085371	7	37	17	51	41	10
FBGN0037117	1564	1701	1670	1415	1508	1453
FBGN0040805	25	52	3	2	6	14
FBGN0037013	6	28	13	17	17	24
FBGN0035949	0	13	4	4	12	1
FBGN0035239	27	23	18	65	26	32
FBGN0036893	379	432	417	411	609	596
FBGN0052054	23	22	178	50	38	15
FBGN0027500	10026	10438	10457	10088	9663	11294
FBGN0053985	13	44	20	2	6	20
FBGN0058002	2166	2335	2548	2006	2883	2185
FBGN0260388	1940	1481	2053	3357	2961	3260
FBGN0036964	1200	1393	1224	1223	1428	1621
FBGN0017572	5163	5216	5235	4260	5162	5440
FBGN0036343	12	4	13	38	0	10
FBGN0035953	2474	2600	2282	2448	2322	2581
FBGN0052264	22918	25495	24018	19545	22269	22064
FBGN0036670	16	54	36	22	48	12
FBGN0035813	384	193	422	263	306	274
FBGN0086916	9	50	8	29	53	29
FBGN0001248	28075	32893	27658	28528	32408	33915
FBGN0035496	18	99	335	26	29	5
FBGN0003076	2144	2270	2307	1862	1774	1997
FBGN0000045	48	29	37	25	27	5
FBGN0263248	0	0	3	2	7	0
FBGN0262518	3726	4194	4733	3731	4153	3961
FBGN0015321	2232	2651	2968	2981	2661	2951
FBGN0037000	574	720	767	708	790	746
FBGN0264001	62	108	74	108	40	66
FBGN0036485	46	57	51	28	52	39
FBGN0264489	1643	1585	1879	616	670	522
FBGN0035657	0	16	2	2	14	5
FBGN0042201	19	1	23	1	3	0
FBGN0036713	2	0	0	4	5	7
FBGN0036393	6	108	1233	1	0	13
FBGN0035909	16584	20329	19344	12853	15722	15503
FBGN0036031	36	32	10	45	27	20
FBGN0035313	3	4	37	18	39	24
FBGN0002872	6933	7686	6785	5638	6557	6175
FBGN0035300	56	101	122	100	45	85
FBGN0036784	9	20	37	32	24	28
FBGN0052246	28	18	6	49	7	54
FBGN0052845	29	6	62	12	28	13
FBGN0037204	22	18	32	15	26	27
FBGN0036057	113	187	130	138	94	102
FBGN0035933	12	8	0	23	7	22
FBGN0053262	7	0	22	24	5	2
FBGN0263911	2455	2443	2374	2181	2842	2955
FBGN0264848	3289	3507	3787	3561	3608	3682
FBGN0027085	1752	1874	1893	1347	1749	1874
FBGN0035520	1736	2104	1645	1291	1586	1530
FBGN0036489	2082	2367	2552	1500	2052	2019
FBGN0035479	10	8	0	0	9	8
FBGN0036262	196	339	3719	148	172	72
FBGN0262519	84053	83548	83204	62454	71510	72471
FBGN0015218	18313	19594	19501	15071	16745	16949
FBGN0035283	1434	1926	1577	1338	1409	1302
FBGN0260660	2725	3282	2735	1511	1753	1863
FBGN0085480	16	31	38	45	24	9
FBGN0035817	27	0	9	154	122	135
FBGN0025866	4871	5356	5224	1834	2445	2088
FBGN0260859	1134	1001	1145	819	993	1101
FBGN0085267	21	15	11	21	10	9
FBGN0035567	16	2	8	11	13	12
FBGN0036846	3210	3401	3516	2021	3114	2649
FBGN0024887	1721	2001	1951	1615	1847	1807
FBGN0036818	876	923	879	800	1113	920
FBGN0263251	2875	2979	2598	2755	3198	3522
FBGN0052354	367	368	312	272	332	238
FBGN0035622	3235	4498	4059	3337	4423	3996
FBGN0001259	4521	3689	4090	3607	3726	4513
FBGN0036520	30	6	22	38	21	0
FBGN0028697	51570	56187	55540	47724	58111	53505
FBGN0035348	50	28	293	52	58	20
FBGN0004619	35	43	54	84	22	21
FBGN0085295	6	1	6	1	11	9
FBGN0035669	15	17	29	10	5	3
FBGN0037151	273	240	355	195	195	193
FBGN0036790	13	12	16	34	32	25
FBGN0026409	12994	16278	15332	11548	12429	13918
FBGN0262580	8	0	24	84	32	5
FBGN0035262	1234	1173	1201	955	1169	932
FBGN0283479	250	163	204	121	80	168
FBGN0047178	516	482	515	427	524	547
FBGN0036708	9	0	16	3	7	2
FBGN0036194	3716	4891	3780	2183	2435	1958
FBGN0261109	1758	2113	1841	1891	2118	2638
FBGN0035385	22	25	21	59	30	50
FBGN0262987	325	382	370	479	501	500
FBGN0016031	1847	1910	1976	1832	1995	2039
FBGN0284236	0	0	7	2	14	0
FBGN0036832	0	1	30	20	6	9
FBGN0261507	2	5	21	6	1	4
FBGN0036888	6319	6327	6737	5889	6852	6384
FBGN0052206	92	52	55	64	45	55
FBGN0262535	6	0	1	9	5	0
FBGN0029113	29542	32653	29951	25014	28938	29764
FBGN0260481	154	91	179	222	205	279
FBGN0037093	15515	15548	14643	16195	17277	18386
FBGN0035648	12	38	14	16	7	23
FBGN0082598	15122	15552	14057	12213	12901	13687
FBGN0052064	35	46	8	20	9	20
FBGN0264605	1085	1319	1194	1303	1482	1438
FBGN0036501	367	264	481	429	447	352
FBGN0260393	0	10	105	10	11	4
FBGN0035337	1412	1581	1517	1198	1561	1452
FBGN0037064	9	1	26	20	18	19
FBGN0040634	30	57	40	40	68	45
FBGN0011591	18158	21956	20365	14707	17516	17288
FBGN0035554	4	6	0	9	4	8
FBGN0036600	14	12	8	25	30	24
FBGN0053489	18	24	34	24	17	12
FBGN0036837	4690	4682	6597	2526	2670	2808
FBGN0035952	25	43	34	42	41	49
FBGN0036361	19	8	35	13	0	6
FBGN0036121	487	477	634	243	389	344
FBGN0042177	25296	26036	27123	19941	21766	22567
FBGN0035267	10580	13353	11655	8152	8932	9850
FBGN0063667	16	50	21	30	14	39
FBGN0035244	1643	1949	2088	1371	1711	1404
FBGN0036083	15	75	17	60	11	36
FBGN0010350	1745	1833	2154	1624	1937	1855
FBGN0284444	4	0	4	8	4	11
FBGN0261536	10	0	2	19	2	0
FBGN0036716	37	12	25	65	38	27
FBGN0035211	1032	926	961	790	832	666
FBGN0040797	10	2	4	11	17	11
FBGN0259200	1506	2083	1766	1317	1343	1154
FBGN0052075	1714	1611	1733	1350	1680	1386
FBGN0036091	0	39	0	5	6	17
FBGN0266437	206	178	121	213	138	116
FBGN0036913	6396	5861	6099	5200	5946	5878
FBGN0015360	1627	1890	1899	1562	1469	1694
FBGN0035965	985	1080	908	845	967	871
FBGN0035833	1751	1615	1845	407	632	565
FBGN0052068	688	451	911	301	485	270
FBGN0029152	5836	6005	5048	5662	6422	6577
FBGN0013718	11959	13514	11929	11701	12309	12912
FBGN0036364	64	72	76	32	47	55
FBGN0035522	8409	12124	9588	4831	7069	5541
FBGN0263199	924	1019	1355	846	856	1032
FBGN0262516	2191	2392	2577	2119	2312	2502
FBGN0052318	1680	1631	1790	1784	1967	2127
FBGN0036778	40	138	73	66	22	31
FBGN0036643	309	342	425	175	248	250
FBGN0037037	17	35	93	116	18	46
FBGN0036874	20	21	43	24	13	16
FBGN0040799	1	0	65	19	6	8
FBGN0010909	35673	43306	38271	31791	35293	35765
FBGN0036756	14	73	14	41	49	27
FBGN0035557	730	330	582	363	362	384
FBGN0045770	2	8	16	30	25	11
FBGN0013717	4804	5093	4902	3779	4538	4597
FBGN0036133	1463	1574	1300	1136	1439	1587
FBGN0036367	14	2	22	14	17	0
FBGN0261556	9745	10382	10678	11752	12460	11871
FBGN0036686	10290	10272	10474	8246	8988	9025
FBGN0036951	19	16	182	45	23	26
FBGN0035552	105	236	136	96	67	192
FBGN0043550	70	29	86	84	2	40
FBGN0036787	27	74	391	31	43	31
FBGN0037069	8	2	0	30	11	2
FBGN0262139	6902	8563	7752	6483	6440	6756
FBGN0036734	8175	10297	9472	7417	7675	8609
FBGN0035926	26	66	986	7	8	4
FBGN0020412	9609	11406	11018	9877	11808	11225
FBGN0035143	18	0	15	27	18	3
FBGN0035763	2711	2860	2856	2068	2195	2271
FBGN0037081	5559	6045	5562	4293	4783	4676
FBGN0037128	289	307	611	288	296	270
FBGN0036502	327	460	378	336	256	256
FBGN0053260	1093	1198	1185	1065	1142	1062
FBGN0036560	10	4	6	44	18	21
FBGN0036782	9	56	435	53	78	60
FBGN0035161	1	1	19	6	5	0
FBGN0037122	3	3	17	12	17	16
FBGN0036139	15	2	22	51	16	22
FBGN0261258	22955	26240	25097	21702	24200	23547
FBGN0035280	12	12	2	19	10	11
FBGN0036018	3955	3585	3706	3449	4289	4379
FBGN0036346	6	22	0	21	15	15
FBGN0036155	6775	8608	7641	6005	5833	6536
FBGN0037184	1050	1131	1193	645	850	803
FBGN0037137	27994	29219	26296	28469	32219	32187
FBGN0036931	446	457	328	120	196	87
FBGN0036550	23	32	4	23	6	24
FBGN0035999	679	492	549	642	742	747
FBGN0035799	17	36	62	93	39	19
FBGN0262099	6	12	0	4	0	0
FBGN0035640	1932	1811	1707	1744	2196	2068
FBGN0266667	2506	2316	2461	2201	2040	2315
FBGN0036899	4303	4861	4879	5188	5152	4740
FBGN0035921	17	15	47	6	8	10
FBGN0036372	7813	7962	8006	5460	6621	7311
FBGN0036274	18	11	44	46	12	12
FBGN0036536	220	425	304	289	388	231
FBGN0005640	7130	7561	7372	5689	7206	6480
FBGN0026252	33027	34541	33952	23985	25923	28071
FBGN0052221	590	382	379	258	510	571
FBGN0035316	27	34	18	18	15	2
FBGN0052445	4	33	24	4	7	19
FBGN0036056	18	54	132	80	47	73
FBGN0035427	442	464	469	370	464	455
FBGN0036607	7	1	78	11	19	11
FBGN0036710	3874	4179	4734	3795	4007	3966
FBGN0016715	154	258	1271	213	258	268
FBGN0260458	818	842	960	121	69	216
FBGN0035795	6	6	4	30	51	23
FBGN0035887	17	0	3	12	7	14
FBGN0002945	29760	32128	29075	25046	27822	27545
FBGN0036482	62	43	66	60	67	78
FBGN0036352	8	0	34	34	14	38
FBGN0036257	2056	2245	2781	8488	9000	8953
FBGN0035848	1059	966	1070	1005	1009	1131
FBGN0004910	46	57	233	52	73	39
FBGN0052199	13	26	19	43	44	17
FBGN0260397	3739	3981	3806	4109	4705	5017
FBGN0261530	2101	2243	1999	1655	1847	1988
FBGN0037078	8	22	56	25	2	25
FBGN0036192	306	335	397	372	429	249
FBGN0053993	1823	2005	1651	1411	1496	1627
FBGN0036938	0	0	0	18	12	1
FBGN0035951	3018	3056	2724	1980	2658	2587
FBGN0036947	6	2	42	14	15	56
FBGN0020644	531	523	389	2099	545	1595
FBGN0052091	666	1170	1025	832	816	863
FBGN0011762	873	740	915	1008	1203	1111
FBGN0267348	36344	42264	39977	31026	33365	34582
FBGN0036704	8	2	0	22	16	12
FBGN0026404	4209	5223	4386	3624	4712	3765
FBGN0036419	855	918	754	600	858	666
FBGN0036689	695	798	517	368	551	560
FBGN0261526	814	1223	1014	798	1157	937
FBGN0036879	3	16	4	30	23	7
FBGN0037115	330	381	353	315	233	279
FBGN0053926	14	45	291	4	22	9
FBGN0035372	1764	1802	2385	1491	1725	1832
FBGN0036177	6	7	74	4	11	7
FBGN0266757	58	57	85	103	101	89
FBGN0036831	78	735	6620	35	11	15
FBGN0036538	2732	2604	2779	1736	2141	2168
FBGN0015805	22723	23206	22555	26883	29415	28459
FBGN0035923	2893	2775	2960	1954	2340	2245
FBGN0036799	7	16	13	12	13	12
FBGN0085290	161	166	196	156	273	158
FBGN0086611	0	78	10	25	13	37
FBGN0000212	45612	50999	48395	35797	38416	38161
FBGN0052232	19	16	22	61	66	29
FBGN0085456	3	47	29	40	3	14
FBGN0054057	172	305	346	112	119	77
FBGN0035704	2665	2404	2321	2064	2198	1988
FBGN0260657	20	31	107	90	77	26
FBGN0036094	93	28	48	10	32	5
FBGN0040291	1	5	2	2	3	13
FBGN0052179	882	1064	697	691	926	892
FBGN0035772	10162	11635	10531	7957	9586	8577
FBGN0020388	6014	6257	5395	4957	5717	6022
FBGN0035173	220	143	275	112	144	86
FBGN0000568	45357	50739	43029	37848	40619	38874
FBGN0036974	13458	13558	13933	10619	13754	13073
FBGN0015239	8965	9959	9252	6730	7241	7569
FBGN0035462	1804	1594	1820	1805	1948	1838
FBGN0035157	680	806	820	771	693	809
FBGN0035148	995	1153	1075	928	1038	1094
FBGN0001224	112405	116149	98405	19053	24794	19679
FBGN0085297	10	0	3	5	6	4
FBGN0004888	11083	12378	12976	9513	11313	10613
FBGN0037140	29	46	71	92	59	13
FBGN0041194	50	130	914	71	53	22
FBGN0260646	1	1	0	3	15	9
FBGN0036891	463	448	617	319	425	346
FBGN0010825	50880	60192	54314	41247	44992	46263
FBGN0052391	22	10	69	50	9	23
FBGN0263606	249	293	258	282	264	229
FBGN0083068	37	8	35	35	30	55
FBGN0035945	3475	3660	3561	3407	3763	4298
FBGN0037164	1833	1757	1663	1973	1930	2879
FBGN0040074	1	2	4	18	2	13
FBGN0015904	10880	10254	9338	10251	11872	12494
FBGN0035233	311	234	425	362	441	295
FBGN0035954	2103	2299	1847	1678	1726	1994
FBGN0036258	20572	21634	20531	18154	20413	21143
FBGN0286893	6	14	3	3	1	4
FBGN0040475	6223	5934	6618	4368	4259	4886
FBGN0037107	34	33	33	26	17	27
FBGN0011653	14130	16902	15643	12260	12016	11515
FBGN0002778	1176	1403	1226	1351	1745	1465
FBGN0052376	13	10	24	25	15	5
FBGN0010235	7720	8001	8440	6728	8188	7503
FBGN0053983	26	39	47	8	30	3
FBGN0035607	126	325	2212	156	60	86
FBGN0035844	24509	27189	24107	31609	36432	33979
FBGN0036801	4151	4716	4324	3024	3381	3676
FBGN0052407	5	62	283	24	23	6
FBGN0036687	24	52	0	65	28	69
FBGN0035831	820	778	743	731	677	637
FBGN0028999	21	51	74	72	14	74
FBGN0035256	58	3	31	38	22	28
FBGN0053710	1	0	3	11	1	3
FBGN0036286	2643	3082	2838	3133	3249	3088
FBGN0036391	46	79	50	77	55	84
FBGN0040322	455	388	667	192	148	141
FBGN0035529	602	510	614	430	417	356
FBGN0036591	8	18	15	13	17	32
FBGN0037001	5202	5802	5479	4677	5294	5983
FBGN0261635	1	0	15	9	4	0
FBGN0036342	605	609	803	677	635	595
FBGN0037076	422	409	417	172	312	319
FBGN0036498	33	2	0	9	8	7
FBGN0037008	735	609	477	552	637	503
FBGN0020637	0	137	11	65	28	44
FBGN0260965	5534	5911	5708	5539	6547	5667
FBGN0040298	1403	1107	1385	1017	1469	1301
FBGN0036366	687	700	710	849	991	1079
FBGN0020638	0	117	12	60	30	29
FBGN0000541	65098	69126	69552	68595	78783	70008
FBGN0036263	1864	1534	1731	2077	2251	2375
FBGN0036085	14	12	18	9	6	6
FBGN0035551	0	88	30	151	87	53
FBGN0053523	2336	2571	2744	2993	3107	3208
FBGN0035577	57	31	90	38	71	9
FBGN0035656	81	120	97	128	115	145
FBGN0036629	259	173	323	462	348	304
FBGN0259163	5223	5872	6276	5336	5089	5453
FBGN0036639	10	7	12	23	15	0
FBGN0035413	4	0	25	10	10	2
FBGN0036518	10258	10977	10869	8706	9631	10383
FBGN0052039	123	134	124	116	173	107
FBGN0052198	46	597	5550	5	19	1
FBGN0035383	3131	3275	3501	2568	3205	3395
FBGN0027080	7497	9530	8117	6266	7444	8010
FBGN0035889	3457	3197	3474	2888	2837	2842
FBGN0000357	4	10	0	13	13	15
FBGN0036411	5	19	24	29	2	24
FBGN0036024	0	3	33	26	2	23
FBGN0035685	2	0	0	0	1	3
FBGN0052163	610	455	552	258	312	366
FBGN0011509	2264	2632	2386	2435	2860	2723
FBGN0015946	27	0	4	1	2	11
FBGN0263599	34772	36034	34807	30446	32654	34200
FBGN0035209	525	616	482	543	810	688
FBGN0035686	10	15	34	5	23	26
FBGN0036909	897	997	919	1067	1146	1022
FBGN0035483	407	411	452	357	499	415
FBGN0036273	604	673	727	710	805	832
FBGN0261360	5716	6371	7303	4969	5898	5704
FBGN0036999	763	1062	875	613	872	593
FBGN0266124	328	373	355	367	439	432
FBGN0010352	14763	14445	15991	13872	15541	16099
FBGN0036504	24	10	32	24	4	11
FBGN0036622	3	0	65	16	6	17
FBGN0261283	14853	15471	16686	14415	14323	15976
FBGN0036020	2648	2747	2989	2314	2373	2608
FBGN0035947	11029	11451	9682	8216	8844	9295
FBGN0261799	714	750	679	524	527	430
FBGN0036940	25	2	24	6	11	6
FBGN0040809	4	0	6	8	0	7
FBGN0010830	2412	3047	3059	2324	2608	2382
FBGN0264307	861	813	723	627	610	629
FBGN0040230	7099	7617	7431	6518	7496	8114
FBGN0036522	18821	19501	20412	13490	16082	15509
FBGN0035437	8412	8847	9839	6906	7771	7986
FBGN0036872	49	10	125	55	21	18
FBGN0262484	14	12	1	24	4	2
FBGN0259785	54666	60597	55155	42833	46050	47164
FBGN0260643	20	20	7	2	0	0
FBGN0261723	82	30	26	60	32	33
FBGN0035380	24	42	13	4	6	4
FBGN0035636	71	134	72	52	78	74
FBGN0035553	2403	1503	1644	446	1098	527
FBGN0037185	493	400	594	529	689	525
FBGN0035583	5	39	294	30	25	0
FBGN0020642	0	2	40	3	8	4
FBGN0036574	4844	5204	4729	5250	6206	6400
FBGN0035791	4	6	28	8	15	5
FBGN0262351	6	4	30	7	10	1
FBGN0250814	7525	8319	7507	6643	8107	8571
FBGN0036000	2493	2654	2231	2913	3362	3137
FBGN0036218	63	8	39	40	31	26
FBGN0020294	18872	21401	19484	14478	16001	15873
FBGN0035824	1503	1352	1390	1009	1297	1419
FBGN0037195	37	4	8	15	8	33
FBGN0036942	1	44	32	49	20	23
FBGN0035988	383	429	383	554	609	530
FBGN0052260	56	29	78	90	19	60
FBGN0267429	42	25	29	19	8	35
FBGN0262100	0	34	0	35	24	26
FBGN0035453	22	1	6	59	33	32
FBGN0036360	16	36	51	58	54	6
FBGN0037068	3	0	31	0	11	3
FBGN0052432	139	76	79	124	108	67
FBGN0037031	956	1118	734	1003	855	1190
FBGN0263605	1759	1828	2138	2086	2613	2688
FBGN0035335	546	599	638	830	783	906
FBGN0036935	56	55	39	54	19	16
FBGN0040697	20	13	8	4	11	22
FBGN0036793	30	34	28	27	4	27
FBGN0260635	18201	19752	18071	14496	16673	16640
FBGN0035152	547	480	513	342	419	291
FBGN0017429	1380	1436	1245	1477	1236	1581
FBGN0052112	722	549	561	619	737	708
FBGN0036962	23	77	25	22	5	9
FBGN0003206	2297	2706	2419	2035	1974	2555
FBGN0035665	2085	17827	151705	189	122	300
FBGN0263988	47	47	26	77	69	28
FBGN0035785	38	9	38	9	34	10
FBGN0035625	16565	33668	21891	7057	12647	7013
FBGN0035521	0	7	3	5	1	7
FBGN0004425	211	1669	15970	73	40	91
FBGN0036096	6435	6513	5529	4544	5369	5541
FBGN0052117	9	2	19	16	0	19
FBGN0035238	1215	1523	1241	1374	1361	1392
FBGN0016794	5892	5959	5932	3968	4916	4871
FBGN0041775	39595	41038	38470	36234	38736	39504
FBGN0259481	3735	4339	4969	3759	4011	3385
FBGN0267849	2981	3071	3332	2243	2822	2584
FBGN0042131	26	7	39	44	50	12
FBGN0036590	3	6	63	12	21	30
FBGN0053278	3	14	12	8	6	12
FBGN0260941	3020	3979	3904	4286	4125	3981
FBGN0261574	60783	67441	68468	57248	68286	59621
FBGN0001108	8366	8427	8512	6696	8038	8188
FBGN0035312	16	111	240	25	0	1
FBGN0001253	74067	118370	86904	32637	48012	33325
FBGN0260968	2	5	14	10	7	0
FBGN0036170	29	45	22	11	23	8
FBGN0036014	356	583	379	399	322	289
FBGN0036684	5070	5131	5102	5472	5772	5684
FBGN0027660	10141	11173	10173	7831	8342	8951
FBGN0052371	2	1	30	14	30	31
FBGN0035272	1203	1152	1089	1406	1473	1595
FBGN0035153	272	402	337	203	316	159
FBGN0266696	39433	45299	43161	32396	34326	34602
FBGN0035240	22	79	54	35	106	103
FBGN0264707	8339	9120	8411	6359	7593	6973
FBGN0001256	36	29	60	46	86	54
FBGN0063670	729	783	713	623	719	578
FBGN0261294	0	0	0	19	4	20
FBGN0263034	9	0	1	6	17	5
FBGN0035888	37	32	65	52	51	14
FBGN0041171	17873	20579	19097	14612	16069	16416
FBGN0003462	7670	8233	8152	5920	7111	7760
FBGN0036279	9445	9081	9728	7642	8900	9267
FBGN0004635	356	496	294	337	296	412
FBGN0036750	15	5	65	100	54	10
FBGN0036729	12	42	46	20	18	0
FBGN0052266	19	5	6	6	15	14
FBGN0260936	16735	18213	19567	14078	16279	15372
FBGN0035743	96	785	8786	19	15	59
FBGN0266101	7887	9124	9346	8267	8098	8217
FBGN0011693	39	19	5	9	12	12
FBGN0036410	61	270	934	123	113	33
FBGN0047000	6	3	10	13	10	5
FBGN0052457	7	22	21	38	1	9
FBGN0036382	120	220	132	239	284	254
FBGN0035523	6511	6317	6752	6154	7028	6802
FBGN0035563	1	0	8	19	0	0
FBGN0036417	107	392	384	29	111	49
FBGN0037199	1268	1450	1606	1231	1268	1353
FBGN0083952	316	231	262	192	253	265
FBGN0036199	672	814	760	679	699	756
FBGN0040796	57	38	38	99	188	88
FBGN0036221	0	16	8	27	8	15
FBGN0263647	4	17	0	0	16	19
FBGN0052190	18941	23426	23255	15069	17899	16436
FBGN0010215	18885	21110	20549	14963	17401	15688
FBGN0035179	51	127	143	72	42	26
FBGN0264516	6	4	5	28	5	12
FBGN0036859	34	64	35	28	38	54
FBGN0035867	1391	1593	1288	851	986	938
FBGN0036433	1580	1783	1617	2135	2865	1989
FBGN0036598	11	3	6	8	3	17
FBGN0035969	24	65	11	57	34	24
FBGN0035750	14	3	10	18	4	10
FBGN0036225	7	0	32	0	14	17
FBGN0035687	8	18	39	48	37	21
FBGN0036705	11	0	0	3	2	8
FBGN0036918	2497	2210	2518	1915	2249	2657
FBGN0036547	7778	7175	6455	7299	7777	8612
FBGN0261858	63	145	109	53	78	70
FBGN0036466	0	7	28	2	11	0
FBGN0052277	14	0	5	0	8	1
FBGN0035228	5780	5926	5672	4099	4904	5666
FBGN0261952	10	5	3	5	5	23
FBGN0036826	306	268	312	219	369	342
FBGN0035533	10653	13380	11480	9435	10974	9653
FBGN0037206	371	329	313	254	278	327
FBGN0260987	6852	6865	7214	5935	6969	5672
FBGN0035793	16026	18857	16489	13766	14755	15310
FBGN0266084	6160	6275	6444	4973	5480	5369
FBGN0004381	865	1058	1124	862	1116	1113
FBGN0028429	2464	2646	2930	2159	2593	2487
FBGN0036952	50	767	6492	30	18	64
FBGN0004449	62438	74223	69830	49617	51894	53528
FBGN0042119	3	0	5	31	28	3
FBGN0036487	2942	3908	3274	3267	4216	4351
FBGN0052249	48	183	196	1081	544	1013
FBGN0260396	0	2	1	5	8	12
FBGN0014011	2741	3134	2871	2035	1964	2273
FBGN0040801	188	373	208	605	708	965
FBGN0027554	2454	2642	2879	2562	3069	2575
FBGN0052192	7	5	4	8	2	0
FBGN0037036	10	21	3	12	5	11
FBGN0262896	1	0	0	0	2	0
FBGN0036556	3529	4030	3764	3557	4005	3701
FBGN0000116	46126	55135	46777	45833	50412	53631
FBGN0036381	20	30	178	46	114	51
FBGN0036191	2341	1825	1993	2449	2374	2711
FBGN0037005	232	152	228	131	169	227
FBGN0036217	6	0	28	19	10	3
FBGN0052238	3	22	29	22	12	11
FBGN0036610	0	10	4	2	24	29
FBGN0035432	3395	3808	3843	3576	4043	3897
FBGN0036195	25	41	10	41	22	15
FBGN0266441	5113	5338	5559	5143	4976	5260
FBGN0036596	280	233	100	33	51	38
FBGN0286833	139	87	126	132	101	77
FBGN0037203	30	39	175	50	40	44
FBGN0037071	343	616	367	576	602	515
FBGN0041100	567	669	896	502	761	641
FBGN0029117	976	885	853	590	834	894
FBGN0052203	25	24	80	59	61	43
FBGN0053170	355	351	555	457	533	469
FBGN0026570	1100	779	1141	449	539	390
FBGN0265084	46	16	23	36	55	95
FBGN0036730	14	14	14	24	6	20
FBGN0053060	10	0	9	6	20	3
FBGN0261059	20	21	20	2	1	6
FBGN0035586	854	937	951	682	678	751
FBGN0285896	899	1249	761	716	779	870
FBGN0035393	1347	1396	1222	1122	1476	895
FBGN0288310	6946	7381	7975	6158	6239	6252
FBGN0036259	10	16	14	41	2	5
FBGN0052479	44312	52313	48149	37871	40442	41276
FBGN0035776	16	21	31	20	30	16
FBGN0036752	136	160	519	121	87	94
FBGN0052320	14	10	46	90	32	25
FBGN0036058	4178	4711	4749	4292	4533	5127
FBGN0036053	3809	3957	4079	2814	2983	3061
FBGN0036178	4	0	12	2	19	4
FBGN0037106	2197	2468	2409	2364	2805	2844
FBGN0035268	4240	4026	4436	3441	3365	4127
FBGN0035216	0	18	23	57	0	6
FBGN0037181	6437	5939	3966	1716	1759	4129
FBGN0035876	247	212	314	372	412	259
FBGN0035788	9	16	26	33	18	16
FBGN0035675	494	474	353	376	431	470
FBGN0086694	19047	21521	21288	17698	19113	19682
FBGN0036029	11	15	0	25	5	46
FBGN0035294	4308	5982	4658	3921	3941	4118
FBGN0023129	160	225	576	343	590	283
FBGN0011828	1118	1748	1944	1141	978	797
FBGN0261402	24	26	28	63	35	30
FBGN0036881	44	62	69	61	69	26
FBGN0035574	7810	9999	9458	5484	5867	5811
FBGN0037011	1083	882	934	724	1007	1154
FBGN0058470	50	57	71	20	49	49
FBGN0085485	1	0	0	21	10	13
FBGN0013303	2050	2155	1729	1794	1684	1806
FBGN0036220	11	17	0	18	10	14
FBGN0035741	10	88	14	14	21	12
FBGN0000121	60	157	45	43	70	33
FBGN0028695	24249	26980	25358	21435	24088	25000
FBGN0035694	3	3	0	13	2	0
FBGN0035370	32534	35362	35379	30828	33366	33309
FBGN0052100	1439	1589	1544	1270	1691	1447
FBGN0037120	2276	2215	2387	2022	2231	2235
FBGN0035444	276	225	357	230	300	310
FBGN0259175	4242	3784	3808	3612	3664	3580
FBGN0016034	175	186	215	126	146	105
FBGN0053796	28	14	24	40	13	12
FBGN0036810	30	1	35	35	12	19
FBGN0035742	48	234	1899	10	4	15
FBGN0035409	12	14	15	13	0	27
FBGN0036621	9890	10620	10364	8371	9117	9112
FBGN0020655	5717	7300	6463	5406	5975	6302
FBGN0001227	21375	24438	19795	5199	7113	6297
FBGN0035166	1318	1180	1449	1105	1033	1096
FBGN0042185	1164	1449	1656	1165	1460	1322
FBGN0004870	210	293	267	165	274	271
FBGN0036421	2	0	3	32	6	4
FBGN0028789	2747	2501	2845	1625	1820	2404
FBGN0036742	26	82	121	116	46	75
FBGN0036131	4	9	3	25	34	0
FBGN0015283	12152	13767	12156	9983	11254	10961
FBGN0035422	90685	115369	102337	86007	99847	104272
FBGN0262030	0	0	4	7	9	0
FBGN0085298	8	14	70	25	6	5
FBGN0085458	8	0	8	30	4	5
FBGN0036804	1363	1315	1360	967	1113	1162
FBGN0036663	11777	10098	12198	14281	14449	16215
FBGN0013753	5471	6370	5891	4564	4561	5115
FBGN0037024	4051	4284	4166	3057	3351	3960
FBGN0264305	3211	3483	3187	2838	3081	3513
FBGN0036040	408	565	427	413	419	382
FBGN0036681	16	4	0	27	2	9
FBGN0035517	729	660	882	678	850	883
FBGN0052219	24	20	14	27	5	4
FBGN0035550	49	327	60	80	104	729
FBGN0052284	48	26	0	40	12	15
FBGN0250848	18218	19374	20034	16374	18110	20163
FBGN0036614	1927	2553	2127	1994	2258	2025
FBGN0037146	113	326	1022	75	108	114
FBGN0052241	154	188	450	541	164	318
FBGN0263600	4203	3580	4229	5180	5982	5807
FBGN0036448	21075	23365	22864	16791	18414	17954
FBGN0052271	2	9	38	15	16	4
FBGN0016983	21232	21646	21041	20905	23336	23007
FBGN0028484	4304	4867	5046	4162	4165	4482
FBGN0047038	2072	1309	1678	1262	1578	1696
FBGN0052374	12	10	20	34	4	23
FBGN0035299	24	18	16	26	6	37
FBGN0026738	3005	2572	3040	2070	2670	2495
FBGN0027547	2947	2858	3553	3277	3541	3529
FBGN0037085	5	12	29	7	5	25
FBGN0264747	40	8	31	15	19	18
FBGN0004926	22526	23183	23407	18456	21798	19434
FBGN0035464	9853	10401	9947	9824	10941	10445
FBGN0013799	4800	5196	5733	4715	4904	5051
FBGN0014163	82641	94816	85057	80460	87904	92268
FBGN0035434	5	147	17	12	54	57
FBGN0263602	987	870	712	775	941	951
FBGN0035513	178	117	141	88	86	71
FBGN0036569	1629	1680	1648	994	1357	1397
FBGN0026259	28675	30216	28032	23708	27370	26438
FBGN0027552	195	298	1015	805	810	738
FBGN0001320	3529	3769	3483	2971	2830	3242
FBGN0014037	20611	21542	21303	17305	17889	17503
FBGN0001168	5326	5944	5633	3841	4409	5304
FBGN0036390	1	0	1	0	2	4
FBGN0085280	29	81	463	7	17	3
FBGN0037182	8771	9485	9453	7318	8147	8778
FBGN0283472	7132	9028	7923	7437	7816	8274
FBGN0036310	19	55	38	20	20	25
FBGN0036287	1317	1529	1593	883	1242	915
FBGN0035388	7245	8006	7877	7242	8018	8478
FBGN0261633	2	0	4	0	2	8
FBGN0011206	244	308	276	200	168	162
FBGN0036588	2	0	12	26	8	2
FBGN0262022	6	0	0	0	0	0
FBGN0035593	3997	4789	3961	2909	3454	3436
FBGN0027843	239	402	185	105	55	138
FBGN0043806	11	19	82	11	21	11
FBGN0036089	13	15	4	15	4	22
FBGN0040296	593	684	533	318	374	313
FBGN0035663	4	6	15	8	15	0
FBGN0035478	6	16	25	8	0	9
FBGN0035375	2765	3634	3744	2313	2847	2800
FBGN0052177	1414	1817	1548	1597	1712	2112
FBGN0266709	90	108	114	138	125	175
FBGN0036124	8126	7382	7604	7240	8758	8561
FBGN0262007	22	15	240	13	14	26
FBGN0020389	2208	2756	3089	2409	2409	2461
FBGN0040694	25	1	0	2	1	6
FBGN0052243	2408	3098	2686	2537	3224	2651
FBGN0087007	30588	35829	34642	26898	30692	28291
FBGN0266918	2956	3612	2557	1612	1598	1846
FBGN0004373	17920	19882	20054	16293	18048	16639
FBGN0261832	6	18	2	0	6	11
FBGN0021760	14438	16916	15603	12339	14354	14822
FBGN0036181	455	3233	37019	321	546	415
FBGN0000109	256	184	358	150	237	202
FBGN0020300	548	882	866	595	714	583
FBGN0053703	0	26	10	0	6	0
FBGN0036905	12	25	10	15	0	10
FBGN0004895	1	10	14	7	8	13
FBGN0035756	27	42	93	153	67	15
FBGN0053287	32	31	85	58	50	30
FBGN0035649	95	16	42	48	21	12
FBGN0035382	2	26	20	33	16	5
FBGN0286933	1	9	0	4	3	3
FBGN0040794	6	4	22	0	1	12
FBGN0035907	788	826	843	725	828	814
FBGN0036659	21	6	58	41	21	32
FBGN0003741	1689	1759	1890	1161	1319	1084
FBGN0020639	13	2	13	19	1	0
FBGN0010762	21132	23687	22010	24423	24093	25867
FBGN0036206	57	74	80	98	29	39
FBGN0261112	1873	2030	1946	1378	1810	1740
FBGN0035674	716	730	722	949	1055	835
FBGN0004179	6131	6781	6841	7418	7217	8754
FBGN0052343	1917	2521	2324	1920	2243	2309
FBGN0010741	4557	4780	4946	3865	4338	3881
FBGN0053986	2	0	1	17	3	3
FBGN0003377	235	1042	5694	125	1640	135
FBGN0085285	90	72	33	37	21	45
FBGN0086690	19170	20391	19279	12787	13948	12943
FBGN0037050	188	157	239	183	160	162
FBGN0250849	2	0	0	1	0	1
FBGN0260960	1448	1662	1654	1577	1586	1789
FBGN0083978	2868	3702	3367	2241	2901	2892
FBGN0036671	3367	3026	2930	3040	3421	3536
FBGN0036731	26	0	17	14	23	0
FBGN0035384	4	2	11	10	3	4
FBGN0035786	7	16	15	8	3	0
FBGN0036449	191	431	815	246	198	210
FBGN0036298	4783	5832	5955	3573	4304	4227
FBGN0013469	9054	11052	8382	7176	8603	7928
FBGN0035112	9	9	13	11	1	20
FBGN0259164	73	90	109	62	61	50
FBGN0036712	29	19	72	28	39	19
FBGN0263392	154681	181228	168148	139184	143307	149310
FBGN0025592	1708	1642	1494	1770	2029	1867
FBGN0037014	48	18	71	80	64	73
FBGN0036509	2678	2691	3041	3044	3756	3683
FBGN0036679	3	0	6	7	0	4
FBGN0035631	6798	6998	7193	5210	6268	5526
FBGN0025676	3016	2930	3071	1755	2337	1995
FBGN0036356	558	573	545	452	570	775
FBGN0036474	140	168	120	106	82	94
FBGN0000560	252	160	229	142	181	160
FBGN0035868	40	37	64	63	55	79
FBGN0037009	1148	1019	966	774	1431	1016
FBGN0035679	893	1093	1125	882	949	1165
FBGN0036754	1843	2042	1792	1899	2436	1993
FBGN0003415	31258	37023	33121	25910	28862	27150
FBGN0036441	2	0	15	3	1	0
FBGN0037109	14789	16247	15396	13755	14578	15920
FBGN0035771	13743	14967	14820	10366	11632	12232
FBGN0036789	35	10	35	99	253	326
FBGN0052056	2711	2583	3037	3894	4651	4678
FBGN0036829	34	36	75	46	71	17
FBGN0260459	14	27	0	8	6	7
FBGN0036707	30	18	60	60	19	44
FBGN0035780	14	8	24	4	15	13
FBGN0011455	3363	3515	3070	3029	3756	3536
FBGN0261674	535	539	1004	1730	1554	1812
FBGN0037116	3915	3960	4196	3888	4077	4356
FBGN0036732	7569	11963	10604	6447	6998	8145
FBGN0011769	400	231	295	530	555	407
FBGN0040239	260	231	344	355	428	346
FBGN0017578	2899	3036	2890	2438	2760	2339
FBGN0036154	26	60	52	40	9	4
FBGN0085736	1910	2124	2336	1920	2786	2178
FBGN0287590	564	466	472	367	518	439
FBGN0036023	10	12	2	17	21	35
FBGN0266452	8550	7306	7479	8398	10240	10347
FBGN0035996	222	173	310	286	373	372
FBGN0262581	1	0	6	8	5	0
FBGN0036862	1039	932	1313	1668	1528	1888
FBGN0020248	22	12	3	20	17	40
FBGN0052058	8	2	21	59	13	16
FBGN0264606	34	37	49	118	56	77
FBGN0287186	35	13	33	138	73	13
FBGN0036519	931	1275	1128	1119	1225	1096
FBGN0035149	1341	1243	1300	1336	1320	1414
FBGN0036336	676	642	838	1040	1159	935
FBGN0259916	240	200	278	149	198	212
FBGN0052212	49	23	67	31	22	14
FBGN0264561	16185	16081	16354	13477	15140	15509
FBGN0036667	667	850	928	689	828	542
FBGN0036603	48	27	27	8	9	7
FBGN0261562	2564	3344	2679	3028	2836	3065
FBGN0259971	1	0	7	7	3	0
FBGN0036929	4294	4246	4625	3813	4714	3971
FBGN0004401	56860	64545	59901	51774	55870	57058
FBGN0036184	1549	2032	1550	1326	1379	1605
FBGN0035197	18	1	12	23	13	3
FBGN0027364	2	0	17	10	38	16
FBGN0035617	15525	16490	16065	12943	15147	13219
FBGN0040798	3	8	0	6	8	3
FBGN0035134	13	16	12	24	15	27
FBGN0035871	4196	4061	4417	3882	4217	3874
FBGN0036868	13	9	15	36	3	5
FBGN0002284	9164	9322	8591	10833	12270	12335
FBGN0036770	455	326	742	609	674	556
FBGN0023197	0	6	44	32	2	6
FBGN0287585	3360	3220	3715	2651	2825	3709
FBGN0263036	2	19	41	13	29	2
FBGN0035678	395	372	386	193	256	170
FBGN0036698	360	445	342	332	453	274
FBGN0035287	0	1	35	132	76	143
FBGN0053771	6	8	26	0	0	10
FBGN0035847	36	51	0	36	26	26
FBGN0052071	16	8	15	20	1	4
FBGN0004590	9	26	14	26	18	2
FBGN0036996	794	6440	60435	111	34	216
FBGN0028427	2592	2808	2866	2571	2591	2681
FBGN0035816	4	84	90	598	505	641
FBGN0001226	95602	116232	94604	54598	70932	60266
FBGN0053688	8	12	1	7	6	11
FBGN0035477	44	26	36	61	32	55
FBGN0004513	98	107	106	142	121	137
FBGN0036099	3015	3460	3607	3498	3814	4161
FBGN0036136	2662	2692	2788	2246	2527	2675
FBGN0022774	114	517	2549	231	422	265
FBGN0035853	4660	4724	4298	4587	4731	4825
FBGN0036052	2416	2528	2179	2288	2578	2663
FBGN0035481	12	21	14	27	12	74
FBGN0287696	2324	2323	2138	1872	2025	2080
FBGN0054039	846	829	903	442	551	487
FBGN0014073	1306	1341	1950	1390	1313	1466
FBGN0262035	75	83	320	51	109	30
FBGN0036985	1930	1850	1401	2504	1379	2775
FBGN0036908	5708	6140	5964	6101	7314	6774
FBGN0037045	253	351	250	251	220	221
FBGN0035612	30361	45842	35086	22987	26280	20883
FBGN0052453	0	10	0	24	9	38
FBGN0035318	3518	3899	3850	3295	3331	3569
FBGN0052087	20	26	20	66	18	26
FBGN0004852	85	181	303	94	64	115
FBGN0040832	0	0	20	9	13	32
FBGN0010417	5423	5531	5666	4384	4739	5447
FBGN0261934	48902	53557	51997	43292	47057	44108
FBGN0044050	0	23	0	29	2	0
FBGN0262855	4	7	28	11	2	4
FBGN0036266	705	795	627	748	862	724
FBGN0025582	18200	18489	19151	18022	20076	20878
FBGN0035866	925	985	1150	977	1007	865
FBGN0036821	688	643	1761	578	700	540
FBGN0259720	1194	1574	1599	1384	1407	1538
FBGN0036760	560	683	755	434	630	557
FBGN0023479	857	1516	4278	586	451	287
FBGN0037172	7	6	0	1	5	1
FBGN0063485	11147	12496	11854	14304	15740	15501
FBGN0035737	990	1156	658	494	571	501
FBGN0052103	6683	6708	7206	4670	5344	5382
FBGN0261090	54	36	34	54	32	34
FBGN0035823	43	72	76	0	31	17
FBGN0036941	3	10	25	19	29	21
FBGN0037065	64	26	217	21	16	12
FBGN0036579	694	849	898	726	710	827
FBGN0259969	3	0	10	2	0	1
FBGN0001216	30	19	23	44	33	7
FBGN0036500	2542	2286	2324	2428	2997	2410
FBGN0035779	12	18	44	33	10	6
FBGN0000594	128	18	66	37	34	50
FBGN0263831	1292	1241	1327	1442	1500	1415
FBGN0037163	12	10	48	31	27	5
FBGN0011327	7502	7632	7582	7127	9090	8331
FBGN0036811	2744	2905	2651	1930	2299	2785
FBGN0026320	7304	7073	6926	5536	6350	6712
FBGN0036994	2431	2002	2113	1939	2072	2337
FBGN0261445	4814	5522	4921	3702	4058	3459
FBGN0005533	132724	152219	137059	121680	138819	140395
FBGN0035942	976	1115	904	994	1214	1065
FBGN0259739	15	40	4	16	12	7
FBGN0043025	20	10	16	41	38	4
FBGN0261565	9049	9764	9439	7997	9337	8466
FBGN0259174	8196	9654	9044	8110	8597	8786
FBGN0052436	93	93	78	130	82	108
FBGN0036237	4354	5114	4983	4058	4985	4772
FBGN0004589	1	6	0	4	6	4
FBGN0036377	27	56	39	20	26	8
FBGN0262719	18845	21443	19248	15564	16161	17204
FBGN0035936	983	1595	940	1101	1066	1179
FBGN0003089	3325	4074	3782	3240	3203	3114
FBGN0027339	26751	32418	30499	29281	28918	31421
FBGN0036022	26	18	11	15	4	14
FBGN0003710	7	9	38	73	36	39
FBGN0037150	2131	2109	1921	2288	3235	3122
FBGN0035861	19	9	6	20	21	4
FBGN0011569	30	13	53	107	38	17
FBGN0264696	0	0	3	3	4	3
FBGN0262813	10	0	3	11	6	6
FBGN0036915	8831	9648	9120	7533	8707	9331
FBGN0052095	1442	1028	1616	1134	1080	1118
FBGN0052152	1793	1818	2004	2177	2205	1430
FBGN0035285	1612	2034	1921	1695	1716	1728
FBGN0026263	12450	14316	11749	9489	11143	9752
FBGN0259243	4707	4985	5208	3677	4091	3999
FBGN0052301	18	9	8	4	32	12
FBGN0005694	4946	6420	5623	4688	5002	4898
FBGN0001228	64	62	47	15	32	13
FBGN0035916	1357	1636	1944	1425	1447	1562
FBGN0263241	530	548	578	528	545	771
FBGN0035720	45237	55710	50289	36465	39648	40555
FBGN0036490	5	0	18	2	3	19
FBGN0085277	4	0	3	13	11	30
FBGN0287184	457	397	276	230	181	154
FBGN0036924	47	44	42	7	11	1
FBGN0035263	0	34	2	26	6	2
FBGN0266962	1	13	0	5	1	0
FBGN0035762	2634	2703	2276	2042	2554	2455
FBGN0036668	16582	16752	17027	16487	18050	17250
FBGN0036527	24	2	20	32	23	39
FBGN0035800	29	34	34	39	9	30
FBGN0286941	0	0	0	13	4	9
FBGN0040020	1285	1569	1473	823	1427	1118
FBGN0036775	3519	3494	3165	3036	3045	3217
FBGN0001254	267626	353680	272332	203864	273076	214609
FBGN0036676	29	21	10	106	79	56
FBGN0262524	666	546	533	260	291	338
FBGN0263352	15622	18635	16861	15642	17234	15107
FBGN0052085	28	8	21	28	15	42
FBGN0035246	77	34	70	61	56	158
FBGN0035187	16	99	37	15	20	33
FBGN0035470	1105	1263	1406	1101	1362	1165
FBGN0041231	11	12	14	18	4	20
FBGN0262986	5	0	3	11	2	0
FBGN0052311	11627	12363	15087	12953	11889	13056
FBGN0053159	22	2	36	11	9	8
FBGN0035918	2552	2515	2817	3156	3075	3588
FBGN0036977	25	24	49	10	14	21
FBGN0035584	0	6	11	10	10	4
FBGN0037179	0	0	12	24	3	24
FBGN0036856	1369	1544	1346	1261	1462	1472
FBGN0035690	3360	4051	3395	3766	3821	4325
FBGN0036436	5929	8220	6213	4604	6594	5519
FBGN0015919	13212	15894	13394	12343	13724	15673
FBGN0036332	677	683	528	382	439	522
FBGN0004228	1	26	152	6	3	0
FBGN0263973	87	100	67	142	49	70
FBGN0052208	74	45	68	31	43	48
FBGN0052228	30	11	52	65	16	36
FBGN0035227	8679	9664	9338	6629	7115	6874
FBGN0037127	1077	1207	1682	875	614	824
FBGN0036368	76	108	198	116	51	174
FBGN0052406	16	8	40	38	10	29
FBGN0035975	63	68	164	111	135	65
FBGN0036816	4360	5113	5292	3766	4231	3620
FBGN0035097	20	8	16	44	14	4
FBGN0052029	862	683	537	978	1001	1162
FBGN0053912	1	3	23	30	1	2
FBGN0000565	3052	3525	3889	1982	2059	2084
FBGN0001085	13499	13524	13409	13940	15060	15546
FBGN0035253	25573	27638	25784	20021	21955	22364
FBGN0035281	8	16	11	27	11	17
FBGN0036764	830	506	637	1448	1296	1700
FBGN0035856	56	102	54	25	11	8
FBGN0029002	30415	32842	30256	24017	29636	26449
FBGN0036777	223	265	371	305	339	348
FBGN0036512	2638	2961	3064	2344	2904	2727
FBGN0036075	3	0	20	20	9	15
FBGN0267796	1458	1386	1517	1508	1507	1383
FBGN0035196	22	0	30	27	5	14
FBGN0004569	1338	1717	1516	1206	1400	1305
FBGN0037017	405	553	486	396	417	318
FBGN0052262	114	109	117	164	105	80
FBGN0036396	715	848	669	648	936	758
FBGN0036186	593	772	561	367	279	319
FBGN0036795	5	22	63	112	87	75
FBGN0036428	1558	2383	2263	554	862	511
FBGN0054002	23	68	51	79	106	56
FBGN0036900	1896	1983	1777	1369	1397	1501
FBGN0025525	5103	6435	5456	5716	6209	6510
FBGN0042179	12	16	84	16	31	11
FBGN0035875	7	0	23	21	23	2
FBGN0035491	0	23	0	2	4	3
FBGN0011016	7365	8567	7996	5954	6384	6912
FBGN0264492	8857	9807	8810	7092	9047	7071
FBGN0035760	246	272	304	185	304	264
FBGN0035890	1008	952	924	717	919	963
FBGN0036389	14025	15431	13704	11475	12020	12037
FBGN0035499	5719	5997	6439	7883	7608	8709
FBGN0035344	48	88	17	58	28	40
FBGN0035710	4601	4250	4564	6219	5899	6815
FBGN0264552	0	5	4	11	1	4
FBGN0035851	4441	4738	3870	3541	4295	3947
FBGN0036488	879	950	943	683	738	733
FBGN0035642	10	21	52	98	70	50
FBGN0035995	2397	2485	2835	2021	2521	2770
FBGN0036870	8	3	23	34	20	19
FBGN0035217	54	5	14	7	35	39
FBGN0035626	1	3	35	41	35	15
FBGN0036827	2958	2948	2621	2548	2682	2667
FBGN0085481	12	11	11	63	5	0
FBGN0047330	0	0	11	1	11	2
FBGN0085284	995	1110	869	633	824	681
FBGN0010280	28381	26606	26421	25141	27082	26839
FBGN0037147	9	26	53	36	58	4
FBGN0036606	38	3	46	25	66	27
FBGN0036706	9	8	1	6	9	14
FBGN0036484	2589	2938	3090	2079	2466	2384
FBGN0025712	16	1	1	7	4	3
FBGN0036537	4219	3789	3975	2584	3347	3483
FBGN0036254	4168	4561	4332	3493	4424	3671
FBGN0262891	8	7	59	3	1	6
FBGN0028567	7	4	1	10	2	3
FBGN0259791	1376	1372	1391	1512	1506	1640
FBGN0085271	132	144	71	97	46	57
FBGN0015033	14	48	396	23	26	12
FBGN0037063	656	665	673	539	674	909
FBGN0035541	3235	3220	2851	3321	4310	3897
FBGN0004430	767	7155	63347	93	37	35
FBGN0259794	34	119	31	18	65	18
FBGN0035165	8257	8145	9610	8858	9056	9513
FBGN0004379	6839	7538	8021	9077	9544	9736
FBGN0036063	544	1205	639	591	644	762
FBGN0043577	6	61	9	3	8	8
FBGN0086706	18657	20945	21279	16264	18777	19834
FBGN0003149	453	679	635	853	625	519
FBGN0025807	1211	1185	1331	966	1323	995
FBGN0036090	904	847	783	584	766	696
FBGN0260755	443	439	582	633	430	573
FBGN0036147	4477	6061	5339	3167	3710	3981
FBGN0260985	5572	5598	5565	5471	5816	6698
FBGN0035624	1199	1597	1500	1460	1456	1380
FBGN0015766	61791	86374	68576	39548	42766	43130
FBGN0286051	4004	4167	4288	4156	4180	4654
FBGN0037019	1284	1175	1344	1209	1333	1341
FBGN0000414	15224	17061	15969	12907	13481	14599
FBGN0014143	21	21	81	33	3	72
FBGN0035703	696	956	706	862	886	766
FBGN0036224	0	22	16	14	14	9
FBGN0053288	42	101	45	56	37	118
FBGN0260795	2233	1715	2091	2892	3189	3539
FBGN0020633	11438	9778	10180	11817	11670	12209
FBGN0036309	3055	3437	3139	2680	3260	3081
FBGN0023094	4104	4996	4246	3814	3955	4112
FBGN0035917	728	375	906	422	353	194
FBGN0287182	41512	51032	47206	37011	44028	36635
FBGN0036486	6183	5583	5991	9085	10038	10155
FBGN0004552	25	0	0	5	44	18
FBGN0044028	6485	6845	6554	5536	5513	5574
FBGN0250789	92139	109039	99642	73159	79428	84445
FBGN0036246	5	0	8	12	8	3
FBGN0265089	11	6	14	2	7	14
FBGN0035154	19	45	241	52	5	5
FBGN0036066	33	68	200	21	3	22
FBGN0286567	8689	9942	8869	6899	7611	7616
FBGN0035900	2089	2307	2170	2098	2345	2541
FBGN0264478	1	0	1	4	13	0
FBGN0029167	1843	2537	4201	2021	1670	1613
FBGN0035231	103	84	28	65	16	73
FBGN0035515	4379	3972	3682	2533	3023	2601
FBGN0010333	6647	6346	6519	5668	5481	6529
FBGN0044049	6	6	10	2	0	21
FBGN0035880	547	847	621	331	433	421
FBGN0266347	44	60	70	53	46	30
FBGN0035141	892	1375	1115	903	1222	1195
FBGN0005536	17932	19231	20138	16828	18653	17864
FBGN0028500	5842	6474	5099	3596	4240	4525
FBGN0035121	49689	56075	53493	44930	52042	51130
FBGN0262529	1	0	185	10	12	1
FBGN0053269	23	0	22	7	7	5
FBGN0053647	4	4	3	11	3	0
FBGN0036107	722	578	576	513	807	497
FBGN0263387	2	0	0	11	0	1
FBGN0010894	2959	2671	2598	2878	3568	3452
FBGN0035169	513	628	920	569	887	818
FBGN0035872	18226	19933	17997	18098	18068	20088
FBGN0085411	539	452	448	303	308	379
FBGN0261361	2173	2386	2566	2114	2306	2491
FBGN0035641	34	1	48	75	166	104
FBGN0035726	5224	5991	6647	3956	5311	4887
FBGN0260442	28791	33624	29999	22839	24953	26376
FBGN0085447	130	226	254	244	147	163
FBGN0003378	109	286	2524	230	1819	169
FBGN0036850	1258	972	1104	898	1177	1116
FBGN0028663	967	744	1211	630	843	996
FBGN0036282	42	48	56	31	64	90
FBGN0004052	0	0	0	7	8	1
FBGN0036462	2683	3124	2728	2339	2784	3229
FBGN0052396	62	101	154	142	190	72
FBGN0036007	5837	5985	5209	3577	4658	4324
FBGN0052259	1	0	1	2	8	14
FBGN0037186	38	111	236	157	117	152
FBGN0036300	639	872	809	583	552	560
FBGN0036583	8	10	25	31	16	36
FBGN0052073	7	0	16	35	1	5
FBGN0000411	47	80	25	53	42	41
FBGN0035140	563	577	451	545	498	604
FBGN0003042	3270	3729	3054	3066	3622	3643
FBGN0085300	10	0	0	6	1	0
FBGN0035458	132	160	186	144	272	125
FBGN0035812	3545	3855	3565	3315	4127	3732
FBGN0041147	2099	2039	2030	2230	2276	1811
FBGN0035293	187	259	268	106	129	161
FBGN0053285	683	568	582	525	552	554
FBGN0262623	0	0	0	2	0	0
FBGN0052109	633	520	729	440	414	555
FBGN0036072	21	5	18	26	19	5
FBGN0004623	21	15	22	20	7	16
FBGN0052305	34	40	81	89	36	48
FBGN0035827	818	777	878	811	985	646
FBGN0035708	11	65	62	65	34	3
FBGN0036161	19	4	16	0	9	14
FBGN0036825	58155	57992	55294	52587	60389	61700
FBGN0036969	22	10	0	10	6	6
FBGN0036534	25173	29148	26292	19249	20636	20836
FBGN0046296	949	943	802	650	742	848
FBGN0035879	5032	5948	5421	4389	4343	4980
FBGN0045759	17	49	35	48	32	13
FBGN0035727	4	9	13	48	26	12
FBGN0037124	1	0	7	17	3	3
FBGN0036294	11	9	63	51	15	15
FBGN0036353	998	872	814	878	862	931
FBGN0035733	19	36	48	26	16	6
FBGN0052110	287	445	372	244	367	332
FBGN0035449	953	1244	1344	1158	1201	1207
FBGN0003250	21	3	44	29	15	7
FBGN0035181	2658	2678	2650	2146	2481	2450
FBGN0266417	13	59	137	16	30	10
FBGN0283649	2620	2990	2701	2287	2554	2651
FBGN0260655	5290	5407	5222	5295	5779	5807
FBGN0004636	4627	4774	4903	3918	4722	4891
FBGN0035488	3928	3833	3457	2770	3620	3053
FBGN0037121	1949	2545	2094	1783	2133	1769
FBGN0037073	10787	10361	10035	9689	11849	11623
FBGN0035512	20	21	31	22	9	39
FBGN0035568	17	16	15	26	18	7
FBGN0052026	3193	3853	3462	3055	4106	3497
FBGN0040512	3621	4108	4248	2647	3353	3651
FBGN0263219	118	53	157	4008	4075	4167
FBGN0026189	19816	23712	21604	19410	20095	20101
FBGN0040814	0	0	10	7	0	0
FBGN0052461	44	46	62	40	43	3
FBGN0003486	18	6	5	8	28	18
FBGN0052383	16	17	13	8	10	4
FBGN0029114	24347	28646	26299	21255	22725	24097
FBGN0052441	2002	2440	2055	2103	2303	2122
FBGN0026593	21	45	130	19	3	17
FBGN0035718	7	22	17	21	4	26
FBGN0052373	220	288	285	2084	2201	2283
FBGN0036460	2945	3174	3416	3024	3418	3229
FBGN0035537	277	289	230	219	272	139
FBGN0053258	18	15	52	92	69	55
FBGN0036528	3	40	25	39	15	18
FBGN0053795	24	24	12	9	28	28
FBGN0035792	0	0	1	12	22	4
FBGN0037135	33621	34219	32440	27136	29522	34269
FBGN0026160	36159	41788	36706	32153	35051	35008
FBGN0066365	13	60	36	43	23	14
FBGN0040323	4488	4040	3814	4030	5017	5127
FBGN0036093	31	6	15	7	14	0
FBGN0035722	632	467	503	641	753	876
FBGN0259933	553	471	437	400	466	400
FBGN0036043	4291	3729	4030	2994	3199	2871
FBGN0260480	101	222	84	100	124	65
FBGN0037074	9555	10003	9964	7510	8049	8033
FBGN0260434	12	25	10	15	0	10
FBGN0015278	11549	11811	12373	11020	11581	11936
FBGN0035104	242	423	220	377	288	376
FBGN0035873	12	5	1	12	4	16
FBGN0035241	164	132	210	116	144	135
FBGN0035696	4284	4491	4756	3476	4838	4409
FBGN0053257	4	2	16	8	2	7
FBGN0035405	2657	2844	2640	2446	2533	2838
FBGN0036228	0	14	27	27	2	27
FBGN0035693	424	461	472	378	427	496
FBGN0287592	36	25	17	17	34	24
FBGN0262787	3	5	0	5	4	0
FBGN0036923	35	16	63	25	54	25
FBGN0037003	637	501	570	412	608	399
FBGN0035639	2498	3232	3129	2274	2350	2507
FBGN0036005	940	845	772	832	1216	1024
FBGN0263249	1	7	0	3	2	4
FBGN0037202	2908	2909	2700	2053	2312	2975
FBGN0036990	2207	1967	2064	1885	2222	2549
FBGN0035282	5	2	10	21	3	8
FBGN0036735	12377	14383	12869	8046	9362	9425
FBGN0036896	10788	11487	11524	10552	11431	11020
FBGN0261341	26598	40109	31040	25902	26101	31309
FBGN0052250	880	866	1163	895	962	1089
FBGN0013563	904	1165	1229	1289	1202	1231
FBGN0087040	45	4	12	20	23	39
FBGN0262517	11136	11911	11624	10066	11662	10896
FBGN0035482	1189	1106	1224	1227	1377	1299
FBGN0036423	369	340	385	300	351	369
FBGN0288470	6680	7040	6095	6131	6651	6335
FBGN0052105	77	19	25	31	42	5
FBGN0037169	7	24	10	20	3	13
FBGN0036108	8	2	9	136	75	189
FBGN0040318	11	0	7	37	33	7
FBGN0035315	3	0	0	1	0	2
FBGN0035436	2036	2889	2193	2358	2240	2466
FBGN0036695	663	819	775	393	667	491
FBGN0036728	3448	3554	3295	3582	3815	4675
FBGN0040281	9	87	17	37	29	48
FBGN0036080	11	40	7	60	22	0
FBGN0036697	1020	1102	1283	796	1000	903
FBGN0036329	6	38	13	52	17	23
FBGN0052061	14	0	8	17	1	3
FBGN0026630	2484	2426	2509	2440	2334	2569
FBGN0000355	1	0	9	5	5	8
FBGN0036703	8	0	7	12	0	16
FBGN0037051	14755	13658	14508	12448	14009	15096
FBGN0262366	10	40	71	17	24	18
FBGN0035647	4	42	17	102	26	51
FBGN0037090	27	19	148	36	12	35
FBGN0013811	410	453	305	488	359	355
FBGN0036365	11250	12459	12139	10131	10937	11361
FBGN0036662	973	1050	1041	1314	1441	1458
FBGN0036993	64	62	75	51	10	30
FBGN0035252	1897	1727	2093	1993	2454	2328
FBGN0052451	11644	14956	14086	9539	11078	10476
FBGN0037016	1601	1956	1758	1421	1669	2121
FBGN0085483	0	25	62	51	67	41
FBGN0036599	1921	1678	2136	860	834	1247
FBGN0002775	3728	3881	3754	3667	4040	3829
FBGN0036857	96	165	659	76	89	26
FBGN0262854	272	502	234	165	189	93
FBGN0035407	707	588	579	610	614	516
FBGN0010424	398	256	481	208	189	181
FBGN0036503	6	0	19	4	0	2
FBGN0024236	6977	8020	8599	6067	6463	7879
FBGN0035247	1459	1513	1159	1020	1138	1021
FBGN0013755	19	20	14	11	7	2
FBGN0250833	28	6	0	1	11	0
FBGN0010317	54	41	33	10	37	21
FBGN0261111	1017	1085	973	829	943	937
FBGN0040290	3735	3695	4237	4019	3742	4054
FBGN0002466	28118	27294	27863	23068	24629	25708
FBGN0019644	7765	8139	7708	7973	8542	9804
FBGN0011293	17	8	14	21	3	0
FBGN0001233	267651	308645	272144	186118	219244	217873
FBGN0037059	10	73	0	17	10	7
FBGN0001179	4085	4401	4505	4328	5118	4990
FBGN0036849	26	48	57	23	12	50
FBGN0042134	70868	75896	69050	60490	64683	69050
FBGN0035162	31329	30396	31311	32847	36403	38356
FBGN0010431	106	42	29	45	45	46
FBGN0036532	1	0	0	0	5	3
FBGN0011279	26	17	6	5	9	19
FBGN0036882	124	87	102	451	445	292
FBGN0036117	523	416	583	596	539	525
FBGN0052062	12275	12768	13481	12959	13386	15282
FBGN0035356	247	280	159	186	228	220
FBGN0035213	5394	5653	5392	5475	6426	5760
FBGN0002638	13452	14890	13517	13110	14568	14241
FBGN0042641	1560	1277	1409	1419	1337	1734
FBGN0036345	1	0	6	6	2	10
FBGN0001208	85	181	1384	150	148	89
FBGN0035431	37	26	124	70	182	135
FBGN0036605	531	352	561	126	52	108
FBGN0036230	43	2	21	72	41	6
FBGN0035412	770	555	747	22	28	0
FBGN0085287	1	0	2	4	3	3
FBGN0040786	114	75	167	124	133	126
FBGN0052106	70	41	72	91	47	23
FBGN0052170	945	725	852	824	1023	651
FBGN0037060	125	128	144	135	104	181
FBGN0263326	5	0	1	8	0	1
FBGN0260997	1342	1563	1482	225	214	192
FBGN0035976	277	615	555	357	515	507
FBGN0263763	2	0	2	7	1	0
FBGN0263239	4862	5005	4096	3182	3583	3470
FBGN0036817	6	55	15	27	22	2
FBGN0036830	22	12	20	8	20	1
FBGN0260945	5107	5236	5159	3735	4297	4129
FBGN0288748	30	18	19	15	13	8
FBGN0035555	9	8	29	40	2	24
FBGN0026372	232347	282341	252449	198332	212074	235111
FBGN0036890	7	12	8	12	0	0
FBGN0036467	47	725	7142	92	252	23
FBGN0036019	9	4	0	36	26	30
FBGN0036878	18	8	24	15	0	1
FBGN0037156	883	1107	782	1074	1098	1189
FBGN0015296	3219	3532	3462	3011	3193	3172
FBGN0052459	16	5	56	18	4	2
FBGN0261537	3	1	20	8	5	0
FBGN0052274	2	0	0	10	1	0
FBGN0037099	1577	1364	1404	1548	1466	1390
FBGN0263832	4962	5594	5582	4833	4866	4932
FBGN0036146	7	1	17	0	0	7
FBGN0035107	5194	5957	5640	4172	4998	5000
FBGN0053233	20	34	25	6	30	12
FBGN0036109	22	0	50	124	113	135
FBGN0263110	6766	7391	7519	6336	6335	6325
FBGN0262624	785	1077	840	653	672	725
FBGN0036427	58	148	120	62	29	29
FBGN0037012	158	92	175	125	131	120
FBGN0037023	37	6	28	12	28	4
FBGN0036158	28	2	11	28	23	8
FBGN0063923	55	52	92	40	15	25
FBGN0035730	10	0	44	54	9	0
FBGN0037149	1723	2162	1726	1532	1155	1632
FBGN0035295	3592	3947	3844	3038	3331	3536
FBGN0265714	0	16	0	6	8	4
FBGN0036623	6249	6739	6557	4864	6104	5833
FBGN0036004	28566	31749	29834	27805	30662	30223
FBGN0036620	5	21	25	29	16	13
FBGN0037205	61	74	58	60	44	46
FBGN0037134	363	399	319	359	357	405
FBGN0266582	3747	4288	3805	3242	3370	3670
FBGN0053230	824	1097	786	884	954	929
FBGN0250791	3675	4042	3712	2608	3386	3337
FBGN0261553	11147	12187	12010	10289	10573	11516
FBGN0036196	92	184	116	90	48	78
FBGN0037170	20	18	41	23	16	14
FBGN0036618	23	28	42	9	22	36
FBGN0036299	16596	19576	17522	15083	16475	17214
FBGN0035802	7930	10179	9456	6942	6789	7189
FBGN0029158	936	693	902	840	811	920
FBGN0029118	4045	4328	5088	3922	4591	4509
FBGN0036481	589	661	701	443	670	781
FBGN0053768	5	4	0	7	4	6
FBGN0036627	0	3	15	14	16	11
FBGN0035270	1976	2170	2407	1963	1803	1985
FBGN0036975	1034	1078	1023	228	184	208
FBGN0036380	18	38	66	43	3	22
FBGN0052191	26	6	102	63	41	46
FBGN0037108	3692	4082	3920	2438	3228	2827
FBGN0263841	1	0	0	12	0	5
FBGN0035232	6486	6410	6641	7200	7552	7945
FBGN0085491	19	8	33	45	8	9
FBGN0036906	388	349	540	275	365	321
FBGN0052161	74	83	107	82	66	66
FBGN0035855	32	82	26	13	26	3
FBGN0035715	5432	6147	5263	4426	4918	4982
FBGN0263232	1077	1239	1093	928	877	1080
FBGN0052201	22	14	8	24	15	2
FBGN0264303	3776	4242	4428	3342	3205	3490
FBGN0265469	0	1	0	0	3	3
FBGN0261985	8126	9054	8462	7300	7490	7976
FBGN0036291	278	247	222	190	174	272
FBGN0037035	2	10	20	12	7	29
FBGN0035131	2684	2804	2603	2115	2395	2318
FBGN0035331	20	46	11	48	30	1
FBGN0035204	691	869	1148	889	828	959
FBGN0259972	7	3	19	9	2	4
FBGN0053267	423	4708	42849	54	66	85
FBGN0264472	3	13	0	18	3	2
FBGN0036860	12	6	12	3	0	7
FBGN0036330	56	62	54	451	403	394
FBGN0035170	18	25	44	20	19	14
FBGN0052099	709	628	443	437	535	506
FBGN0010105	1315	1327	1250	735	909	821
FBGN0052382	11	6	1	21	16	14
FBGN0052440	2	0	9	1	5	2
FBGN0036815	2677	2408	2509	3131	3239	3689
FBGN0036936	25	14	1	32	10	16
FBGN0035266	2253	2523	2996	1755	1903	2049
FBGN0264574	4533	4947	4118	3000	3613	3464
FBGN0041342	3774	4130	4522	3312	3297	3642
FBGN0035102	1352	1457	1384	1012	1222	1123
FBGN0027565	3019	3055	3223	3047	3000	3076
FBGN0052174	659	901	574	531	671	816
FBGN0035829	2030	2512	2128	1528	2008	2018
FBGN0044324	24275	24728	24300	20773	23234	22465
FBGN0035770	78	192	857	1192	1303	1258
FBGN0024806	15511	17077	16661	13934	15699	14357
FBGN0010905	8307	12487	10830	5465	6714	6609
FBGN0085484	1005	847	1025	818	814	714
FBGN0035540	758	525	727	642	803	738
FBGN0036105	412	240	376	296	388	298
FBGN0035279	0	13	11	17	20	16
FBGN0041156	21	66	712	74	25	17
FBGN0035632	818	860	1017	850	802	818
FBGN0035621	11	15	5	17	10	43
FBGN0035709	10	8	16	28	17	40
FBGN0036162	10	30	60	17	12	28
FBGN0036987	1016	719	941	868	1021	965
FBGN0036471	122	1474	18349	28	42	0
FBGN0262714	10323	11094	10374	8166	10061	9430
FBGN0025355	2250	2359	2262	1960	2526	2370
FBGN0000216	952	714	764	655	936	869
FBGN0035598	32	38	36	49	28	40
FBGN0035811	9648	8808	10964	9041	9417	10207
FBGN0035582	37	66	89	106	50	96
FBGN0035218	15	2	0	11	9	7
FBGN0004429	1	162	1434	19	9	1
FBGN0036447	36	60	73	39	58	32
FBGN0035099	3968	4465	3995	2040	2053	1973
FBGN0036249	861	797	937	646	796	768
FBGN0002440	77	74	36	221	28	251
FBGN0011723	16	58	41	56	11	76
FBGN0024542	2247	2474	2446	1817	1930	2186
FBGN0022699	5942	7187	6223	4618	4867	5046
FBGN0035948	18	17	0	7	53	24
FBGN0040812	0	0	0	1	1	0
FBGN0053493	51	85	258	82	112	57
FBGN0036289	727	575	521	812	730	666
FBGN0035859	403	348	471	402	478	738
FBGN0036531	19	0	5	3	7	6
FBGN0036483	4857	5429	5315	4310	5097	5191
FBGN0035627	1204	1196	1210	1244	1523	1427
FBGN0085292	8	4	8	6	11	7
FBGN0036398	64219	70510	68925	63915	66767	66831
FBGN0035334	1126	1240	1368	1224	1601	1249
FBGN0036009	33	18	5	36	44	24
FBGN0035534	765	878	890	960	830	920
FBGN0036318	2306	2497	3259	2797	2577	2626
FBGN0052404	13	0	7	35	2	14
FBGN0035473	3498	4242	3585	2875	3348	3834
FBGN0036763	1922	2229	2118	2098	2201	2427
FBGN0037153	12783	15157	13029	10021	11450	11704
FBGN0027088	14722	15223	15237	12950	15021	14758
FBGN0036138	12	4	0	33	47	19
FBGN0262733	3413	4738	3906	3420	3641	4129
FBGN0053276	427	347	482	382	592	485
FBGN0035106	32243	34795	34987	29401	32326	30506
FBGN0035401	1683	1201	1495	1153	1466	1368
FBGN0036839	41	84	126	70	76	124
FBGN0036858	4	3	46	10	10	27
FBGN0052086	14	3	6	22	4	50
FBGN0035142	36947	46900	41028	35645	36478	35944
FBGN0036690	6	6	8	13	8	9
FBGN0036143	2	32	36	69	46	50
FBGN0045474	4	33	17	31	9	29
FBGN0035956	2794	2849	2732	2197	2177	2407
FBGN0036180	3970	4587	3814	3471	3852	3892
FBGN0027086	15392	15417	16938	12914	15589	15101
FBGN0036070	0	13	11	20	2	4
FBGN0052088	125	80	116	209	159	180
FBGN0035189	105	102	303	28	55	13
FBGN0024277	37123	40521	39923	33785	36456	37450
FBGN0035159	698	1050	944	903	879	653
FBGN0261801	4385	5318	5202	3605	4031	4150
FBGN0036235	80	51	51	132	56	48
FBGN0023076	34	92	102	71	50	49
FBGN0264002	4	9	14	27	11	21
FBGN0004594	2	20	6	17	0	0
FBGN0261506	8	5	6	38	5	5
FBGN0052248	30	58	65	72	12	15
FBGN0052475	0	0	7	1	2	0
FBGN0052230	2304	2743	2636	2351	3265	2528
FBGN0028573	56	96	338	50	95	39
FBGN0035755	1606	1901	1816	1572	1698	1764
FBGN0001247	5528	6085	5598	5620	7229	6959
FBGN0036997	15	43	50	23	24	7
FBGN0035981	4865	5297	4769	3678	4789	4210
FBGN0260776	28	6	55	18	18	28
FBGN0037101	1	27	30	24	6	27
FBGN0035670	67	135	313	40	63	72
FBGN0052189	7	1	5	5	8	22
FBGN0266669	2606	3173	3283	2464	3114	2987
FBGN0035592	1250	1168	1116	796	783	979
FBGN0036807	9	12	38	3	6	4
FBGN0053772	21	0	6	15	0	6
FBGN0286980	4	22	8	35	5	5
FBGN0086915	1	4	2	11	0	0
FBGN0052380	2044	2187	2170	1533	1430	1395
FBGN0035325	12	0	35	15	20	1
FBGN0262679	0	0	0	0	0	0
FBGN0042118	0	6	29	29	42	22
FBGN0035877	1223	1315	1243	1424	1569	1495
FBGN0052483	24	22	40	22	10	16
FBGN0035243	890	946	772	907	894	877
FBGN0261998	72	64	46	55	57	46
FBGN0022959	54922	59009	54807	52959	57887	61096
FBGN0036847	1689	1960	1831	1510	1514	1858
FBGN0000639	13797	60170	277605	12877	31095	7571
FBGN0035544	26	70	102	227	47	38
FBGN0000625	4380	3495	4016	3043	3748	4586
FBGN0035402	10058	11542	10589	9795	10515	10754
FBGN0286818	118136	148469	137035	87230	104675	102716
FBGN0053966	1	8	40	10	16	14
FBGN0053051	1589	1517	1489	858	1083	1102
FBGN0266100	44	59	50	96	24	11
FBGN0035439	291	280	416	102	88	79
FBGN0036871	93	114	208	65	38	27
FBGN0036369	406	430	467	368	464	545
FBGN0036499	14	0	32	5	10	4
FBGN0037126	151	75	313	117	102	168
FBGN0035903	20	45	69	82	29	42
FBGN0052023	0	0	7	6	10	16
FBGN0054012	12	0	11	6	4	0
FBGN0260777	44	23	21	20	13	6
FBGN0052488	17	11	29	59	20	1
FBGN0035699	5088	5565	5514	4018	5265	5123
FBGN0037166	80	20	125	38	62	105
FBGN0036919	7873	9114	8067	5964	7597	6569
FBGN0265102	3827	4117	4488	3454	3677	3764
FBGN0259236	27	29	21	17	50	16
FBGN0024510	3644	3677	3031	2467	3039	2851
FBGN0259199	844	723	639	525	527	449
FBGN0035410	66	81	134	292	285	231
FBGN0259173	4393	4733	4956	3238	3367	3653
FBGN0035186	2	0	31	10	3	9
FBGN0014851	0	0	3	4	4	2
FBGN0036691	848	858	718	661	719	677
FBGN0288469	3395	3448	3255	3000	3520	3841
FBGN0035538	22	19	18	15	16	9
FBGN0035915	3	21	25	79	36	1
FBGN0036589	46	45	309	86	32	25
FBGN0035971	18	8	18	29	5	10
FBGN0042137	12	3	4	18	28	0
FBGN0036351	16	72	37	65	49	95
FBGN0036886	3724	3949	4197	3684	3788	4370
FBGN0035714	1598	1517	1373	1728	1655	1691
FBGN0027549	6952	6886	8094	6402	7182	7545
FBGN0035914	16	12	24	9	4	35
FBGN0036348	46	32	66	83	58	66
FBGN0037030	90	94	85	140	85	54
FBGN0035298	1626	1774	1617	1399	1617	1595
FBGN0035789	37	21	25	19	23	59
FBGN0053514	92	50	315	62	31	23
FBGN0040793	3823	4128	4804	4283	4640	4716
FBGN0040827	15	86	539	32	32	35
FBGN0036796	14	5	27	47	32	41
FBGN0043578	15	83	45	23	6	6
FBGN0035137	2965	2576	3020	2266	2381	2599
FBGN0053229	4931	5126	5564	4135	5129	4357
FBGN0054001	365	422	396	202	284	234
FBGN0040823	52	66	42	34	21	6
FBGN0035309	190	296	297	207	138	122
FBGN0052237	31	50	115	239	132	16
FBGN0036104	7112	7342	7028	5392	6208	6372
FBGN0040688	27	6	21	10	39	12
FBGN0036597	13	6	10	5	17	19
FBGN0035206	2422	2483	2235	2861	3465	3502
FBGN0047338	3	0	0	2	9	0
FBGN0036726	925	1128	1063	1119	1345	1300
FBGN0028962	2020	2169	2097	2026	2239	2608
FBGN0035336	2566	2490	2634	2186	2668	2405
FBGN0036272	1742	1872	1708	1963	1897	1923
FBGN0036738	7	1	11	28	11	1
FBGN0052298	21	10	2	14	7	0
FBGN0002183	37788	38611	39527	31944	33965	36451
FBGN0036443	19	4	0	27	16	13
FBGN0035878	5731	5109	5395	4493	5677	5507
FBGN0028399	2885	3022	2826	2088	2487	2450
FBGN0011692	13756	13059	13327	12686	13480	14172
FBGN0035249	1321	1706	1561	1530	1665	1554
FBGN0036062	388	472	414	416	362	432
FBGN0035290	43	86	367	63	33	36
FBGN0036678	3070	4534	3586	2885	3788	3120
FBGN0035421	4592	5674	4786	3446	3616	3664
FBGN0259702	18	0	6	30	0	13
FBGN0010406	1949	2265	2090	1531	1810	1762
FBGN0035424	30944	34327	31235	27331	28685	30958
FBGN0036440	60	38	26	105	34	56
FBGN0035146	350	458	1295	818	492	618
FBGN0029172	0	0	25	27	7	0
FBGN0037180	7	7	4	6	17	5
FBGN0052204	2	10	9	23	30	17
FBGN0261274	1590	1959	1725	1285	1449	1396
FBGN0036767	0	3	0	4	10	5
FBGN0035132	3697	3617	4288	3454	3852	3967
FBGN0023095	8042	9207	8579	7366	8150	8561
FBGN0000575	18587	21775	18679	14198	15508	17152
FBGN0037110	727	545	613	375	623	748
FBGN0036927	152	77	248	116	79	84
FBGN0013263	33980	37546	37812	34041	36528	35977
FBGN0035390	5598	5639	6147	5739	6450	7269
FBGN0036010	4	10	6	21	37	50
FBGN0035798	34	109	55	54	82	59
FBGN0035528	1242	1374	1189	1016	1403	1376
FBGN0036317	6136	6468	7025	3646	3746	3542
FBGN0000038	42	37	58	26	33	29
FBGN0035911	1455	1504	1585	1078	1342	1329
FBGN0061469	7031	7436	7195	5872	6238	6315
FBGN0036036	764	625	591	927	942	890
FBGN0287185	7	10	53	43	21	8
FBGN0001257	1640	1806	1624	1012	1398	1403
FBGN0035443	839	868	863	880	673	762
FBGN0053158	4019	4151	4313	4235	4817	4488
FBGN0250836	7	12	5	14	16	4
FBGN0035265	21	12	30	47	73	13
FBGN0036301	3531	3617	3467	3527	4328	3764
FBGN0264908	108	53	74	120	68	73
FBGN0035484	63	48	657	542	704	569
FBGN0035332	21	50	48	55	41	10
FBGN0035761	5326	5479	4971	5363	5679	5762
FBGN0028377	14	0	17	7	20	6
FBGN0035600	5257	6077	5451	4466	4465	5521
FBGN0035548	47	40	20	37	19	26
FBGN0052282	2	0	13	0	0	0
FBGN0037007	4473	4514	4994	3777	4130	4364
FBGN0035977	21	18	26	10	15	17
FBGN0028693	3880	4647	4779	3852	4208	4419
FBGN0035271	502	594	846	439	632	611
FBGN0035751	8	10	18	10	1	1
FBGN0037130	160	115	126	35	77	30
FBGN0036333	6924	8681	7552	6647	8198	7492
FBGN0259935	44	36	45	82	41	47
FBGN0002899	2774	2528	2575	2468	2986	2883
FBGN0261243	7036	7195	7457	5781	6494	7130
FBGN0026432	3359	3339	3337	3860	3989	3780
FBGN0035901	3116	2653	2857	2346	3093	3255
FBGN0037040	61	27	91	64	40	24
FBGN0052296	22838	25620	24223	19579	21331	20262
FBGN0036939	28	15	49	42	35	80
FBGN0037162	4	0	19	15	8	16
FBGN0035870	40	8	32	75	61	29
FBGN0003984	5331	5868	5739	5529	5899	5609
FBGN0036762	8555	9248	8505	7707	7705	9069
FBGN0058045	6608	6658	6634	5787	6553	6621
FBGN0035328	12	22	13	2	1	23
FBGN0086785	1371	1479	1574	1286	1529	1536
FBGN0035571	64	33	21	22	23	37
FBGN0035490	23	5	63	42	16	0
FBGN0261933	3949	4068	4119	3817	4454	4556
FBGN0035501	969	1292	814	1081	1227	1169
FBGN0287187	7884	8113	8854	7411	9236	7616
FBGN0037114	810	492	516	595	575	626
FBGN0036751	5	31	22	46	12	19
FBGN0054030	0	30	11	38	29	9
FBGN0035425	3671	4370	3957	4323	4780	4823
FBGN0002909	4927	5192	4309	4137	4468	4557
FBGN0035734	28	0	75	21	17	3
FBGN0035438	5026	5832	6719	4917	5554	5503
FBGN0036128	6	25	28	12	3	2
FBGN0042112	353	272	342	326	323	480
FBGN0016797	35100	43308	38319	28696	30304	31569
FBGN0035929	10	4	8	20	15	9
FBGN0035590	863	838	745	443	663	520
FBGN0261681	0	4	0	10	5	0
FBGN0011573	8530	10564	9837	6701	8069	7444
FBGN0264272	895	774	728	349	461	505
FBGN0259148	16	7	0	7	1	1
FBGN0036168	194	262	213	107	163	154
FBGN0004865	3006	4533	3165	1977	2596	2197
FBGN0036491	29	40	19	17	34	33
FBGN0285958	211	304	448	305	380	422
FBGN0036302	4353	4872	5338	4329	4717	4818
FBGN0040022	11403	13951	14551	10405	10970	10243
FBGN0035498	5111	6588	5403	4915	5428	5492
FBGN0035735	11	4	50	3	7	0
FBGN0052280	1225	1067	840	923	1042	1096
FBGN0036394	0	0	550	27	203	11
FBGN0036937	17	15	18	48	31	4
FBGN0263004	10	5	8	6	2	4
FBGN0001229	155	219	98	51	95	67
FBGN0040699	2	7	27	12	9	3
FBGN0036745	2404	2297	2212	1908	2432	2306
FBGN0035611	31	22	48	38	15	4
FBGN0035572	101	158	107	78	102	116
FBGN0035151	586	525	557	724	752	667
FBGN0035160	2176	3100	2220	1629	1806	1986
FBGN0261631	5	8	114	7	7	3
FBGN0015586	6	0	23	29	8	9
FBGN0262579	10692	11419	12422	9907	10727	9696
FBGN0035667	4	4	29	14	8	2
FBGN0027587	6802	7366	7330	5816	7198	6351
FBGN0086913	25	35	37	81	13	11
FBGN0037098	27597	32976	31075	26077	28076	26905
FBGN0035452	4705	4635	3881	4472	5376	5322
FBGN0035610	54	70	39	37	26	39
FBGN0036568	50	8	10	22	9	12
FBGN0011817	9246	10514	9225	7527	9159	8179
FBGN0036038	2363	2653	2706	2161	2510	2553
FBGN0052076	3542	3889	3216	2875	3465	3697
FBGN0035392	282	286	390	296	268	362
FBGN0263762	24	35	293	24	92	4
FBGN0262985	14	0	49	13	43	28
FBGN0035429	133	127	186	127	229	121
FBGN0035113	120	221	162	248	131	246
FBGN0035258	0	5	1	18	4	0
FBGN0001225	14134	26000	19886	16470	22047	15337
FBGN0004588	6	4	3	13	2	1
FBGN0040637	4	0	11	1	4	1
FBGN0085279	165	46	103	80	183	168
FBGN0035782	4	10	3	16	1	11
FBGN0052369	3571	4540	4492	3304	3292	3275
FBGN0052268	1	0	0	3	8	8
FBGN0042199	97	109	77	108	97	101
FBGN0036470	2	8	12	25	1	4
FBGN0036126	452	553	568	397	635	505
FBGN0052055	48	39	80	324	500	277
FBGN0024921	15315	16312	13936	12156	14419	13591
FBGN0052313	38	14	25	7	3	14
FBGN0036495	0	0	4	9	1	8
FBGN0035960	251	224	249	270	329	284
FBGN0052024	1	10	4	30	3	4
FBGN0035194	782	882	856	645	1014	790
FBGN0085385	76	70	79	105	83	69
FBGN0259224	126	225	570	51	65	103
FBGN0035519	2456	2663	2364	2162	2588	2277
FBGN0036204	24	5	10	0	21	27
FBGN0035495	11	12	17	16	19	6
FBGN0037123	14	13	21	39	10	5
FBGN0036210	338	366	292	280	374	315
FBGN0053777	19	6	8	3	8	0
FBGN0037026	3998	4247	4603	3293	4223	4064
FBGN0037094	8600	9444	8618	7353	8779	8418
FBGN0036135	2165	2094	1702	2170	1990	2733
FBGN0004556	1427	1416	1324	1414	2230	1555
FBGN0005775	409	607	374	106	146	75
FBGN0001120	7	14	4	19	9	4
FBGN0036219	10	6	0	30	13	26
FBGN0036422	190	1079	10686	100	97	57
FBGN0015828	3248	3463	2824	2431	2381	2986
FBGN0040487	4	0	4	12	0	0
FBGN0041624	32	41	47	31	35	4
FBGN0037125	8	0	0	22	9	1
FBGN0035591	1680	1491	1561	1734	2029	2130
FBGN0027375	3293	3444	2802	3669	3875	3967
FBGN0036193	479	279	332	137	356	260
FBGN0004465	2047	2456	2068	1565	1514	1834
FBGN0026592	28	34	3	0	4	19
FBGN0053687	6	24	21	25	30	8
FBGN0003034	8	8	6	0	0	3
FBGN0052299	4	0	2	4	1	0
FBGN0012058	5660	6000	6884	5173	5951	6356
FBGN0035569	0	14	0	29	8	0
FBGN0035171	14	5	18	80	48	36
FBGN0014388	6205	7181	6312	5760	6212	6585
FBGN0036967	2074	2319	2081	2390	2367	2211
FBGN0036880	8	22	48	32	82	100
FBGN0036465	1	1	0	16	13	0
FBGN0035754	1148	1050	1261	739	922	1226
FBGN0058298	0	13	8	22	23	9
FBGN0283461	11	4	21	13	56	8
FBGN0044048	1	20	1	20	2	4
FBGN0036843	1325	1297	1071	1649	1875	2292
FBGN0036741	1292	1026	1474	1199	1164	1332
FBGN0037177	0	10	0	24	7	38
FBGN0036601	0	3	5	15	12	0
FBGN0036791	1	16	14	42	18	20
FBGN0011802	3795	4471	4541	2793	3092	2508
FBGN0259099	27	56	72	64	15	75
FBGN0040305	2225	2450	2487	2062	2354	2225
FBGN0027057	6392	6101	5693	5174	6081	5948
FBGN0036046	45	6	7	9	10	3
FBGN0250825	0	0	1	0	2	2
FBGN0040843	16	0	11	7	6	2
FBGN0035941	26	9	10	19	7	21
FBGN0052418	2269	2577	2519	2203	2548	2620
FBGN0036515	4363	3636	3829	2801	3336	3208
FBGN0035725	647	755	698	481	515	474
FBGN0036928	3691	3234	3683	3540	4292	4046
FBGN0035806	21	25	53	6	12	12
FBGN0053696	42	25	64	49	19	39
FBGN0036285	4622	5610	4611	2842	3628	3578
FBGN0035623	16	101	88	64	61	44
FBGN0003515	61	26	82	92	110	93
FBGN0035317	95	44	46	72	55	36
FBGN0036702	7160	7686	7144	6959	7639	8723
FBGN0052485	107	63	138	219	112	105
FBGN0020386	12516	14692	12674	11662	13962	12652
FBGN0028582	6695	7371	8169	4862	5994	5733
FBGN0000567	11976	14721	15263	13632	12521	13951
FBGN0266436	30	3	14	46	18	12
FBGN0001316	74948	87557	82331	63173	69903	69246
FBGN0035207	8216	9020	8233	6317	7052	7501
FBGN0001258	246	557	297	319	540	280
FBGN0263608	17	46	21	28	15	2
FBGN0085276	56	68	147	43	60	8
FBGN0052036	16	12	1	6	8	9
FBGN0035902	366	332	234	273	306	269
FBGN0011640	11888	12648	12069	9545	10478	11489
FBGN0036617	128	58	142	27	30	5
FBGN0267487	11017	11495	10520	11154	11442	12195
FBGN0036594	0	9	58	23	2	16
FBGN0035374	1939	1987	1943	1671	1692	1660
FBGN0052185	375	336	317	165	222	213
FBGN0053770	10	8	7	6	0	0
FBGN0053290	7	0	24	15	10	3
FBGN0045478	40	21	12	101	113	121
FBGN0036577	66	89	370	43	73	40
FBGN0002926	73	105	87	104	72	56
FBGN0035199	1609	1293	1485	1501	1364	1614
FBGN0035155	265	331	173	286	279	336
FBGN0085420	33	12	42	37	28	28
FBGN0013997	32276	35332	32811	30711	36379	35509
FBGN0035691	421	626	734	731	620	613
FBGN0036749	20	0	66	5	2	4
FBGN0036995	35	15	77	55	106	50
FBGN0024150	111	150	121	186	111	95
FBGN0037131	25	41	32	16	19	28
FBGN0035721	659	524	580	433	479	521
FBGN0036198	3682	3387	3797	3252	3787	3225
FBGN0027532	5994	6810	6156	5258	6044	6293
FBGN0036514	3687	3798	3770	3623	4449	3897
FBGN0036652	14	22	32	38	47	51
FBGN0036889	1075	1038	855	828	1149	1111
FBGN0036585	0	0	0	15	5	5
FBGN0028380	372	373	250	396	435	405
FBGN0040308	3449	3804	4058	3886	4524	4597
FBGN0036459	60	41	75	65	45	27
FBGN0036242	147	43	86	121	173	99
FBGN0029148	5513	5821	5519	5358	6204	6506
FBGN0035124	259	185	263	215	134	218
FBGN0036446	3038	3403	3382	3093	3268	3216
FBGN0036808	6	4	1	38	3	43
FBGN0266724	397	428	411	279	303	347
FBGN0036374	13896	15767	14661	11809	13067	13674
FBGN0035379	256	263	188	125	263	188
FBGN0036150	215	74	252	149	92	106
FBGN0259701	12	1	5	40	5	9
FBGN0012034	394	498	1443	269	241	373
FBGN0035959	1369	1446	1569	1385	1358	1379
FBGN0086708	3305	3737	3383	3566	3571	4273
FBGN0035245	26	50	42	42	31	21
FBGN0036973	2017	1911	2049	1772	1852	2234
FBGN0250911	2650	3173	3480	3154	2693	2489
FBGN0264302	8832	8394	7557	6738	7959	7889
FBGN0036359	3	16	16	7	0	2
FBGN0036325	21	7	22	18	22	14
FBGN0036305	6932	7450	6851	6135	7345	6766
FBGN0044328	12	1	14	74	21	17
FBGN0027786	5489	5258	5337	4756	5352	5612
FBGN0004875	24891	27241	25989	22775	23158	23658
FBGN0037021	6810	7526	6651	7244	7946	8041
FBGN0036306	1183	1537	1377	1000	993	913
FBGN0040321	10036	11067	10996	10160	12722	13302
FBGN0052115	15	35	224	34	37	57
FBGN0035619	88	92	1029	11	30	4
FBGN0054031	6	5	0	12	5	17
FBGN0024733	64884	71036	65606	59081	70414	70663
FBGN0036934	10	13	77	23	48	33
FBGN0036264	77	150	96	34	126	86
FBGN0040842	49	40	59	37	31	50
FBGN0053725	12	7	5	11	16	10
FBGN0003997	11005	11255	9067	7943	7862	7800
FBGN0052057	11	13	26	37	33	32
FBGN0036586	10	0	0	9	7	2
FBGN0262716	6210	7038	6938	6133	6410	7046
FBGN0041622	14	78	10	61	30	5
FBGN0035924	26	10	19	10	23	5
FBGN0035308	2359	3103	2791	1739	1871	1687
FBGN0002901	1624	1871	1518	1305	1665	1586
FBGN0037142	6325	7242	7109	5576	6129	6317
FBGN0036842	5483	6234	6419	6347	6284	7290
FBGN0264488	67	101	153	71	114	329
FBGN0037133	0	10	22	2	0	3
FBGN0023395	1735	1983	2053	2100	1971	2370
FBGN0037004	553	360	425	411	493	507
FBGN0259167	739	843	852	742	696	770
FBGN0037167	14	32	109	29	15	21
FBGN0035797	16	32	25	71	24	22
FBGN0064227	50	53	50	102	62	50
FBGN0036970	14	10	38	44	11	4
FBGN0040075	8499	8066	7170	8468	9531	10116
FBGN0052107	38	44	15	71	42	10
FBGN0052188	10	1	18	10	11	27
FBGN0035475	286	345	378	277	250	381
FBGN0036772	1998	1643	1858	1617	1762	2068
FBGN0036688	1861	1832	2197	2096	2211	2859
FBGN0027616	17794	19461	18732	14738	15494	17655
FBGN0053056	316	395	366	324	229	259
FBGN0036373	12234	13074	12867	10407	9899	11131
FBGN0002565	6988	38092	221701	8133	13586	5223
FBGN0260943	125	40	121	61	74	95
FBGN0036292	1091	1259	1135	821	1158	970
FBGN0036211	2756	2348	2935	2639	3158	3275
FBGN0035790	23	24	41	23	10	16
FBGN0011771	7735	7950	8484	5597	7724	6910
FBGN0036765	216	226	519	316	367	287
FBGN0035838	1194	1280	1280	1162	1160	1420
FBGN0036415	501	548	444	456	504	423
FBGN0036587	133	270	202	88	211	91
FBGN0040837	9	1	2	3	21	9
FBGN0035546	12	39	99	76	40	15
FBGN0037086	21	6	4	24	4	34
FBGN0036314	6295	6687	6458	4206	4186	4403
FBGN0047135	4433	4911	5621	3372	4541	3846
FBGN0052251	7658	7727	8212	10078	11268	9199
FBGN0036725	102	27	20	92	72	36
FBGN0036213	38802	38555	37163	34892	41329	43748
FBGN0036288	34	138	134	54	27	56
FBGN0041604	11598	13477	12758	10413	12459	11206
FBGN0036101	4262	4835	4870	3987	5254	4248
FBGN0061492	2590	3402	2904	2511	3010	2733
FBGN0035922	16	11	21	16	58	0
FBGN0052846	20	0	25	25	8	10
FBGN0053700	3	1	0	4	1	6
FBGN0261547	13430	15160	13799	12294	12830	13509
FBGN0052183	15	33	3	37	4	15
FBGN0004428	12	75	1136	21	14	24
FBGN0035638	31	42	14	59	9	43
FBGN0036714	3342	3696	3369	3178	4041	3626
FBGN0037070	1161	950	1110	842	922	788
FBGN0261797	70791	80864	75318	65621	69079	70614
FBGN0035480	418	263	247	311	401	284
FBGN0036030	9027	8498	9005	10622	11485	11589
FBGN0036844	4090	4536	3796	3168	3270	3658
FBGN0035578	54	41	116	25	16	20
FBGN0035144	79	55	41	3	35	15
FBGN0036570	2604	2911	2941	2372	2591	2596
FBGN0014368	75	78	57	182	169	93
FBGN0036386	2431	2650	2699	2162	2662	2721
FBGN0263246	0	10	3	0	2	0
FBGN0067864	4780	4923	4520	3707	4514	4894
FBGN0036341	1475	1816	2130	1773	1749	2192
FBGN0000449	42	51	43	125	105	132
FBGN0036226	2	22	116	26	10	34
FBGN0036207	2299	2441	2364	1605	1609	1500
FBGN0267795	12717	14260	14516	12030	13007	13001
FBGN0036450	7414	8650	7876	6628	7658	7225
FBGN0036949	102	78	16	72	52	42
FBGN0004378	17270	17414	18522	17358	18975	20092
FBGN0035264	4830	5055	4940	4723	4995	5312
FBGN0260233	8109	7999	8114	4473	4927	5022
FBGN0262020	1	0	8	27	47	13
FBGN0052379	17	2	39	11	4	10
FBGN0036991	2739	3118	3390	2547	2223	2265
FBGN0260027	49	95	67	73	57	37
FBGN0036232	13	40	68	27	9	15
FBGN0035904	4615	5353	4797	5401	5735	5936
FBGN0036812	1135	778	947	896	1122	1242
FBGN0035676	185	89	146	156	154	61
FBGN0262531	13	130	1715	50	36	23
FBGN0261788	486	609	1022	1103	928	1235
FBGN0037042	47	42	10	18	40	47
FBGN0036165	4080	6340	4607	2866	2780	3027
FBGN0035505	26	8	12	25	10	23
FBGN0085296	10	41	32	26	54	74
FBGN0035998	998	938	1016	761	1146	978
FBGN0036771	808	978	1160	733	670	995
FBGN0015025	580	558	357	424	459	630
FBGN0004431	0	1	14	9	16	0
FBGN0037038	6	6	41	0	4	17
FBGN0053054	427	287	410	182	275	303
FBGN0001099	584	362	548	489	679	608
FBGN0026238	6373	6765	6415	5857	6505	5765
FBGN0033669	3178	3227	3455	2982	3562	3398
FBGN0034785	1053	1091	875	1179	1698	1448
FBGN0033458	22	33	51	39	43	44
FBGN0265188	8	14	12	6	3	1
FBGN0005695	1015	1135	1153	904	1107	1086
FBGN0034558	146	33	83	24	55	54
FBGN0033564	1022	1010	955	724	1014	836
FBGN0034776	4	17	8	42	4	0
FBGN0050467	2821	3434	2895	2370	3126	2597
FBGN0050463	3443	6176	5153	4122	4494	4282
FBGN0033056	108	53	96	68	43	62
FBGN0034165	1	0	0	7	8	0
FBGN0050443	1927	2473	2095	1988	1965	1906
FBGN0011554	36	57	125	34	32	3
FBGN0028408	139	116	117	187	96	149
FBGN0284083	0	5	0	0	0	1
FBGN0035016	5615	5603	5740	4995	5145	5905
FBGN0033121	1461	1330	1293	1464	1273	1710
FBGN0034730	87	54	6	42	19	42
FBGN0041174	331	488	352	188	198	237
FBGN0034755	13	0	3	11	5	21
FBGN0261686	0	2	6	11	8	22
FBGN0026389	23	21	4	19	50	20
FBGN0034068	9492	10296	9260	8634	8780	8960
FBGN0033392	949	822	877	876	632	966
FBGN0261612	53	22	73	37	25	27
FBGN0033592	1	15	1	3	4	12
FBGN0034468	327	379	317	206	394	407
FBGN0015277	1917	1995	1880	1269	1775	1677
FBGN0003460	1209	1301	1112	1371	1281	1681
FBGN0265194	4395	4976	4418	4048	4037	3608
FBGN0086784	3036	3584	3107	2895	2962	3374
FBGN0033555	4287	4844	4355	4086	4519	5195
FBGN0034217	774	838	720	444	729	605
FBGN0022224	328	326	313	230	395	399
FBGN0033050	4515	4346	4396	3584	4030	4241
FBGN0033851	2	26	0	11	3	6
FBGN0034441	19	29	35	31	36	17
FBGN0053136	61	10	1	26	26	17
FBGN0034152	9	0	4	10	5	2
FBGN0050496	2010	2207	1919	1947	2278	2202
FBGN0033446	4416	4901	6096	6542	6733	8982
FBGN0034065	1208	1378	1290	1272	1390	1336
FBGN0010531	713	772	619	510	623	476
FBGN0262170	14	0	9	4	10	9
FBGN0034940	439	470	448	438	644	761
FBGN0033326	18	66	75	22	21	37
FBGN0011659	1997	1597	1769	1505	1630	1806
FBGN0034756	130	160	198	289	234	204
FBGN0034066	2295	2820	1924	2117	2134	2460
FBGN0033512	1	0	0	5	3	0
FBGN0010388	4	0	1	7	6	0
FBGN0043471	1	12	35	15	8	8
FBGN0262569	0	9	14	7	4	0
FBGN0035028	1510	1479	1678	1651	1781	1718
FBGN0050122	46104	51261	45940	42531	45985	47068
FBGN0041243	34	18	90	56	61	48
FBGN0085475	2	14	1	2	0	13
FBGN0010339	5678	5679	5706	4962	5149	5395
FBGN0034835	3	23	12	12	0	16
FBGN0034499	26	30	47	26	63	25
FBGN0029508	8519	13114	9290	5589	5224	5444
FBGN0024698	6131	6034	6391	5903	6733	6376
FBGN0262513	4	1	20	34	11	2
FBGN0033942	416	412	506	552	551	912
FBGN0033781	642	505	610	599	703	790
FBGN0033979	10	48	0	30	28	23
FBGN0033051	439	612	664	564	680	698
FBGN0033042	4	6	18	13	0	0
FBGN0000662	13022	13153	12879	10804	12132	13362
FBGN0034005	75	61	94	66	150	77
FBGN0050339	29	20	216	5	19	9
FBGN0034623	54	75	38	26	171	10
FBGN0023175	9593	9211	9630	8782	10369	10167
FBGN0033190	194	189	217	221	165	222
FBGN0050293	10	31	30	30	8	53
FBGN0033289	55	78	93	138	180	191
FBGN0086908	10876	11168	11351	8565	9905	9954
FBGN0033817	24	22	1	43	24	17
FBGN0043530	2	3	25	17	10	0
FBGN0034206	2	8	0	6	4	2
FBGN0085419	60	16	51	46	33	27
FBGN0033178	2131	2092	2160	1860	2065	2396
FBGN0034483	12	34	74	29	21	12
FBGN0034081	562	583	745	527	443	593
FBGN0000996	5265	5924	6039	7706	8009	8839
FBGN0033234	15	40	335	35	19	16
FBGN0027581	3257	3486	3676	2978	2600	2613
FBGN0033869	10	0	13	21	11	25
FBGN0028743	36	1	85	23	24	8
FBGN0034740	37	56	65	116	48	55
FBGN0025790	6763	7514	6450	5321	6156	6083
FBGN0034031	16	51	370	63	63	43
FBGN0033203	28	18	62	8	1	4
FBGN0034879	1635	1456	1395	1389	1388	1559
FBGN0033108	32	16	3	41	20	36
FBGN0034360	303	398	448	412	427	434
FBGN0050222	12	24	15	34	12	12
FBGN0040465	50	31	6	5	8	29
FBGN0016032	16	22	23	44	46	32
FBGN0263655	39	23	34	218	159	174
FBGN0033848	12	22	30	45	42	23
FBGN0034631	1718	1791	1517	1819	2049	2316
FBGN0033265	3408	3472	4003	2424	2757	2055
FBGN0050159	3288	3577	3490	2292	2492	2757
FBGN0003687	2322	2950	2515	2352	2528	2627
FBGN0259878	4967	5604	5205	5581	6208	6497
FBGN0034307	1592	1587	1560	1195	1692	1683
FBGN0033918	4873	5502	5133	4313	4704	4640
FBGN0013726	20971	23097	22643	17611	19259	20756
FBGN0033215	15	30	115	15	30	4
FBGN0033739	4808	6034	4742	4006	3838	4003
FBGN0034070	54	33	59	68	124	198
FBGN0033846	6588	6506	6693	6870	6808	7161
FBGN0034219	6308	7611	6368	3178	3393	3305
FBGN0033376	3086	3475	3250	3148	3569	3738
FBGN0053503	44	235	1701	44	22	20
FBGN0262595	0	40	10	13	0	12
FBGN0004181	43	32	17	74	47	11
FBGN0014184	17376	22616	22818	13100	14723	15564
FBGN0024294	27870	38103	27939	6745	9324	7445
FBGN0033542	86	14	55	17	82	41
FBGN0034160	9	4	2	51	12	24
FBGN0000037	12	33	46	35	22	61
FBGN0261270	17820	20056	17231	8874	9963	11292
FBGN0033915	5479	6111	5704	5078	5946	5809
FBGN0085237	11	24	0	15	15	0
FBGN0050432	1	4	11	14	4	4
FBGN0034681	0	0	0	8	13	2
FBGN0265512	929	938	1256	824	853	883
FBGN0264540	3	18	4	36	4	6
FBGN0024732	1222	1426	1353	1079	1134	1470
FBGN0265632	12	0	1	1	0	4
FBGN0034770	10	1	10	7	4	11
FBGN0050106	38	3	23	43	20	27
FBGN0261554	3366	3746	4082	3705	3533	3575
FBGN0260007	3	10	4	26	7	5
FBGN0001122	2304	1926	2364	2144	2664	2489
FBGN0033381	2685	2358	2530	3039	3468	3340
FBGN0085444	9761	10253	10128	10536	11523	11527
FBGN0067102	687	788	712	739	682	1004
FBGN0042086	164	431	1742	149	186	329
FBGN0050178	2	0	0	20	0	14
FBGN0008636	30	18	58	49	24	25
FBGN0016697	5676	7063	5990	6496	6739	7547
FBGN0259737	85	75	118	70	97	87
FBGN0262836	0	0	0	0	0	0
FBGN0034110	2395	2810	2505	1819	2170	1862
FBGN0259795	9	18	10	56	70	23
FBGN0033982	1	37	127	20	23	37
FBGN0262843	4	4	0	18	10	2
FBGN0085460	37	29	103	31	76	18
FBGN0033879	11503	12602	11242	9542	10476	11209
FBGN0033921	57	70	6	64	107	66
FBGN0046880	18	2	11	9	3	0
FBGN0050160	166	369	1452	121	132	290
FBGN0025186	4144	3953	4085	2931	3328	2918
FBGN0053459	42	46	155	35	12	1
FBGN0034352	5	15	18	7	26	18
FBGN0029501	47	25	23	31	40	13
FBGN0033987	25074	31581	26711	21307	23007	24013
FBGN0034950	80	64	14	129	52	51
FBGN0033089	1396	1423	1645	1338	1614	1674
FBGN0265623	7478	8082	8029	5631	6201	6064
FBGN0034261	1978	2178	2200	1994	2153	2231
FBGN0034735	903	1239	1330	1305	1387	1228
FBGN0034867	0	0	0	0	12	1
FBGN0034498	9731	11163	9924	8841	9524	9631
FBGN0041702	1270	1277	1359	1273	1821	1637
FBGN0033651	6	27	13	15	39	28
FBGN0034224	30	34	17	47	68	64
FBGN0085224	446	420	495	621	523	609
FBGN0286939	2	1	4	1	0	4
FBGN0003900	3536	4175	3239	2477	2746	3309
FBGN0259708	11	36	86	173	121	136
FBGN0033043	20	0	6	6	10	2
FBGN0028956	9167	10569	9917	4550	5112	4570
FBGN0033272	2648	2712	3278	1799	2055	2321
FBGN0040729	2	8	41	19	3	0
FBGN0034356	180	266	535	372	609	362
FBGN0050039	4	6	0	0	3	11
FBGN0265052	80	7	54	64	60	85
FBGN0034281	182	169	122	90	136	71
FBGN0040505	831	992	843	715	957	886
FBGN0033010	4702	4897	5473	4939	5858	4602
FBGN0033468	1194	1345	1281	829	773	676
FBGN0033917	253	239	188	76	146	176
FBGN0262572	0	7	0	4	2	20
FBGN0034073	3643	3228	3394	2518	3570	2907
FBGN0040747	0	6	0	0	0	0
FBGN0035027	2460	2225	2378	2412	2293	2545
FBGN0033060	468	542	511	463	390	466
FBGN0050380	19	3	70	17	29	30
FBGN0034202	10	4	29	34	1	2
FBGN0033408	23	13	32	87	94	111
FBGN0046253	346	746	203	136	126	167
FBGN0285943	13	45	15	46	10	33
FBGN0034797	12756	13130	12771	13067	13936	13372
FBGN0002069	14664	16628	15171	12760	13526	14396
FBGN0040764	22	7	7	24	0	0
FBGN0033597	8	38	31	2	16	15
FBGN0033958	36	39	31	19	14	1
FBGN0022029	5644	5617	5601	4352	4900	5009
FBGN0034232	1089	1167	1006	1192	1011	1060
FBGN0034035	1810	1721	2042	1304	1848	1736
FBGN0034627	473	519	525	329	438	319
FBGN0053792	14	0	18	9	12	14
FBGN0028988	52	70	254	63	44	25
FBGN0259978	6978	7365	7419	5609	5503	5274
FBGN0040780	173	103	157	147	104	175
FBGN0034061	871	871	1192	820	1060	1180
FBGN0041236	1	8	10	8	15	0
FBGN0033236	1903	2032	1854	1823	2223	2429
FBGN0033374	11	40	52	28	3	28
FBGN0033249	2	26	4	16	6	0
FBGN0033233	2177	1777	2200	1553	1995	1978
FBGN0050338	572	581	462	572	547	616
FBGN0033127	1466	1661	1402	1228	1518	1440
FBGN0010053	476	503	683	507	605	671
FBGN0054029	0	1	2	15	0	3
FBGN0034567	45	28	2	21	7	28
FBGN0033260	7813	7975	7357	7442	7629	7156
FBGN0000253	31303	34997	33927	25695	29446	28014
FBGN0020767	7142	8388	8057	7933	7761	9349
FBGN0050177	0	18	9	6	6	0
FBGN0035088	2204	2200	2266	2415	2557	2453
FBGN0085233	8	7	20	4	1	3
FBGN0035049	4106	6972	4556	2350	2853	2431
FBGN0050401	1	0	11	4	20	23
FBGN0015903	1738	1580	1571	1849	1702	1903
FBGN0040726	48	82	84	40	43	34
FBGN0034023	28	60	43	43	15	42
FBGN0262141	4	0	9	8	2	2
FBGN0003701	4362	4288	4520	4261	5020	5077
FBGN0003062	9264	9284	8976	8749	9702	10696
FBGN0264962	19988	20621	19785	16193	19001	18244
FBGN0034687	108	29	25	51	70	55
FBGN0050010	332	161	266	364	453	360
FBGN0005613	11826	12665	12904	11345	12521	12316
FBGN0010078	90274	89668	90159	77669	92147	92979
FBGN0040752	23375	29018	27360	22532	25163	25237
FBGN0260390	1297	1447	1559	1385	1252	1376
FBGN0033451	1442	1221	1402	1682	2047	2073
FBGN0000658	23164	20803	20102	19287	21191	23926
FBGN0028963	14	34	0	28	11	22
FBGN0262816	17	2	32	11	16	6
FBGN0053467	3	0	15	9	3	7
FBGN0034876	6866	7676	6859	5331	5450	5809
FBGN0033623	10	0	8	4	2	4
FBGN0085399	48	39	58	48	48	57
FBGN0041237	12	0	0	5	7	37
FBGN0033500	49	38	36	36	29	8
FBGN0033341	2030	2012	2184	2224	2252	2061
FBGN0034276	46	99	597	35	42	36
FBGN0034795	9700	10376	10009	8245	9724	9050
FBGN0034878	5971	5711	6307	5430	5583	6225
FBGN0033720	51	32	36	53	54	42
FBGN0033377	5510	6388	5809	4373	5121	5256
FBGN0062449	1399	1966	1750	1752	1839	1755
FBGN0034519	201	138	243	244	132	128
FBGN0003892	14070	16093	14315	12355	13739	13484
FBGN0034184	2493	2526	2270	1706	1905	1858
FBGN0033806	2664	2955	2668	2517	2787	2499
FBGN0066292	205	198	172	138	196	178
FBGN0023143	64542	65289	63523	51664	58019	58481
FBGN0085344	2	16	24	8	14	7
FBGN0001285	7	7	8	30	21	0
FBGN0040063	0	10	36	9	2	7
FBGN0015040	2526	2478	2775	2526	2842	3082
FBGN0034718	9183	11398	9937	9135	9505	11092
FBGN0034568	154	44	109	158	262	239
FBGN0085512	3	5	2	4	4	0
FBGN0000044	2097	2882	3042	2276	2120	1503
FBGN0026619	1678	1374	1499	1405	1717	1920
FBGN0266711	3483	3143	3097	2817	2945	2890
FBGN0015522	57	55	109	67	101	60
FBGN0033744	22	26	147	57	74	35
FBGN0050428	1808	1951	2109	1224	1379	1186
FBGN0033097	14	4	8	11	28	3
FBGN0053453	16	0	0	12	8	1
FBGN0033266	929	1183	1125	905	1026	1189
FBGN0003326	8000	10586	9183	5826	7252	6711
FBGN0050099	209	130	211	50	34	95
FBGN0260477	120	164	167	56	135	153
FBGN0034684	14	28	15	38	18	15
FBGN0063498	10	10	34	0	14	1
FBGN0033000	2668	3252	2659	1387	1835	1542
FBGN0033579	10	47	41	88	40	24
FBGN0040658	363	264	268	418	479	497
FBGN0034565	2	27	0	4	12	0
FBGN0034278	2	0	0	15	14	5
FBGN0027589	22	51	26	78	44	28
FBGN0034335	483	512	689	373	509	490
FBGN0033640	8	13	10	4	16	2
FBGN0034994	12	0	56	37	27	40
FBGN0033945	95	151	93	102	148	106
FBGN0085228	3	32	0	0	0	17
FBGN0033883	1181	1273	1350	1237	1424	1906
FBGN0262948	2	3	0	1	9	0
FBGN0053137	46	60	4	29	46	4
FBGN0010357	245	2865	24973	48	18	54
FBGN0034723	4476	5239	5297	3602	3950	4123
FBGN0040005	4043	4559	4731	2942	3755	3044
FBGN0033029	22992	24311	24495	20880	23609	22769
FBGN0034617	2784	2744	2261	2171	2659	2689
FBGN0033865	25	10	16	28	11	25
FBGN0033235	6044	6533	6029	4818	4598	5557
FBGN0002791	3164	3703	3785	2763	3026	3122
FBGN0033244	3673	4153	3948	3039	3358	3839
FBGN0050016	37	0	31	24	55	13
FBGN0262114	14636	17729	16135	11318	11631	12082
FBGN0025827	1	0	12	10	1	0
FBGN0050398	20	20	51	45	63	16
FBGN0035068	17	17	8	18	14	18
FBGN0262845	2	0	13	3	6	1
FBGN0017558	1545	1296	1854	714	996	752
FBGN0034454	34	4	28	39	4	0
FBGN0033113	98	206	253	57	68	68
FBGN0034135	8	16	8	39	22	9
FBGN0028744	8065	7869	7832	7399	8155	8449
FBGN0050360	72	402	3434	89	88	112
FBGN0262571	14	19	0	17	1	0
FBGN0034457	48	28	19	51	36	28
FBGN0033760	35	56	144	33	22	25
FBGN0033241	7558	7804	7917	6603	6893	7554
FBGN0050371	83	53	420	38	27	14
FBGN0265297	228156	280075	252625	188986	207422	216577
FBGN0020257	20297	22631	21786	20439	20144	24159
FBGN0033608	2284	1925	2342	2082	2543	2071
FBGN0283666	1701	1449	1776	1140	1472	1176
FBGN0266377	3797	4348	4304	3324	3857	3620
FBGN0285950	53681	54163	53623	50908	64294	57262
FBGN0003435	2279	6974	5984	868	1413	840
FBGN0034920	15	70	86	15	18	5
FBGN0050265	1	20	56	21	10	14
FBGN0034961	1920	2003	1814	2034	2186	1647
FBGN0033021	12950	13673	13448	9526	11249	9032
FBGN0260770	42	60	89	102	32	10
FBGN0050011	11297	14296	14011	8623	9349	9047
FBGN0034093	978	1016	1072	1196	959	1232
FBGN0053505	2177	1811	1698	1485	2169	1840
FBGN0034946	5187	5063	4722	3915	4132	4720
FBGN0262547	6	5	8	6	0	7
FBGN0033885	24	34	40	46	12	35
FBGN0001291	3614	4162	3566	2693	3260	2933
FBGN0004240	0	10	4	15	1	3
FBGN0040273	10897	11664	10972	9164	10355	10198
FBGN0034501	95	95	505	40	56	35
FBGN0003140	0	3	0	14	20	10
FBGN0034092	7	12	5	2	26	2
FBGN0033750	1073	832	1057	1007	1353	1345
FBGN0041235	41	4	42	6	9	29
FBGN0261823	17766	19864	18307	15527	16753	16440
FBGN0033814	3396	4134	3930	3510	3646	4362
FBGN0025885	5899	6917	6846	5878	7279	7233
FBGN0045482	6	1	6	23	3	0
FBGN0263032	2	0	4	0	3	5
FBGN0050413	0	0	7	4	1	8
FBGN0029147	120	143	232	133	119	45
FBGN0033323	52	37	73	32	29	53
FBGN0085257	241	178	80	150	183	108
FBGN0028407	16	6	30	32	5	1
FBGN0033353	31	30	19	11	36	17
FBGN0033422	40	31	43	27	15	59
FBGN0284252	7533	8808	8736	7922	8341	8615
FBGN0262882	10	5	10	14	6	7
FBGN0267861	3430	4313	4415	3351	3883	3651
FBGN0085218	10	1	23	2	11	0
FBGN0034363	15	1	8	2	8	4
FBGN0035014	0	9	0	14	18	0
FBGN0022987	6343	6607	6611	7156	7223	6821
FBGN0033355	0	27	17	21	0	0
FBGN0033138	0	5	26	38	6	4
FBGN0262103	7737	7928	7533	7389	6931	7431
FBGN0034697	4345	4833	4872	3421	4021	3925
FBGN0284231	190	147	124	97	122	109
FBGN0013764	10939	11045	10376	9727	10106	11507
FBGN0034968	84151	87131	81380	67613	76704	83371
FBGN0011227	299	141	252	215	330	237
FBGN0028496	74	130	168	221	105	102
FBGN0033473	2157	2195	2438	1966	2443	2364
FBGN0034504	17323	17612	16340	13422	16165	15862
FBGN0034548	42	57	33	48	27	34
FBGN0033663	63477	71836	66873	69721	79930	79163
FBGN0033170	132	37	292	25	54	73
FBGN0033990	741	648	858	816	1012	812
FBGN0050403	462	450	457	626	783	856
FBGN0033679	261	121	206	99	95	44
FBGN0040763	127	126	115	117	136	54
FBGN0034387	15	56	43	91	34	1
FBGN0050021	59	44	58	70	62	88
FBGN0250868	1016	922	1385	875	920	764
FBGN0033713	2363	2845	2984	2197	2398	2633
FBGN0028426	2069	2292	1890	1750	1912	1978
FBGN0053465	56	71	26	56	28	31
FBGN0284436	29413	32492	30886	27239	27888	30275
FBGN0033867	13	17	63	25	45	42
FBGN0010470	6160	7845	6172	3728	4982	4286
FBGN0050065	6	3	18	0	4	9
FBGN0033137	134	323	1235	98	154	94
FBGN0034346	5698	5689	5325	4579	5197	4885
FBGN0033122	5022	6217	5064	3914	3852	4777
FBGN0010482	212	184	352	164	140	170
FBGN0263250	7	3	26	5	10	3
FBGN0034103	1	10	1	0	0	8
FBGN0040730	13	18	12	0	1	0
FBGN0034638	33	12	162	43	18	32
FBGN0034199	1	21	15	0	10	1
FBGN0050103	14	15	84	22	22	27
FBGN0034709	246	680	948	301	255	292
FBGN0033315	901	882	783	653	570	922
FBGN0003396	38716	42360	42010	35773	38710	36163
FBGN0034902	1900	1862	1670	1714	1273	1933
FBGN0034957	1	60	30	56	25	19
FBGN0035090	93	391	1720	101	141	140
FBGN0034769	2	2	3	7	12	11
FBGN0034025	3955	4671	5261	3731	3804	4228
FBGN0025720	3581	3880	3645	2960	3753	3822
FBGN0033788	107	758	6639	27	2	18
FBGN0266487	495	669	538	553	591	516
FBGN0000633	25	54	81	85	64	37
FBGN0034528	3144	3467	3336	3254	3416	3041
FBGN0033362	321	280	261	207	158	237
FBGN0287212	12	5	16	9	11	14
FBGN0004907	65820	70955	68176	54519	65076	59438
FBGN0033810	1277	1203	1184	1076	1126	1262
FBGN0265833	0	0	5	4	0	3
FBGN0050340	12	43	22	13	12	57
FBGN0263376	12	22	44	58	13	18
FBGN0034173	7	22	26	15	0	18
FBGN0002643	29710	37017	31247	22988	26096	25143
FBGN0033363	15	39	11	35	28	35
FBGN0034182	314	412	320	438	397	439
FBGN0286932	52	129	70	31	62	32
FBGN0085261	31	89	358	45	17	47
FBGN0034988	492	545	484	386	478	505
FBGN0263020	8	13	201	4	6	5
FBGN0266083	14887	15706	15571	15675	16988	16711
FBGN0004581	94	41	65	122	94	86
FBGN0053140	1590	1419	1260	761	1044	883
FBGN0034731	31	6	35	20	19	22
FBGN0050349	7009	6676	6335	6881	7598	7681
FBGN0033397	8	22	45	41	18	20
FBGN0050382	18203	17364	15645	14204	17598	17300
FBGN0004055	2651	2166	2510	2328	2882	2856
FBGN0003067	4004	4439	7749	5030	3689	4814
FBGN0033815	6	23	20	38	9	22
FBGN0033730	1269	1957	1537	872	990	1172
FBGN0026402	1609	1666	1705	1765	2020	2374
FBGN0034665	22	13	12	13	23	3
FBGN0034883	53	75	45	128	156	170
FBGN0265429	4	26	0	4	6	0
FBGN0085244	6	5	6	3	6	8
FBGN0033467	198	80	203	124	91	69
FBGN0085241	8	0	0	24	0	0
FBGN0015295	4805	5232	5049	4476	4498	4960
FBGN0033450	426	363	293	359	396	384
FBGN0033861	6	0	1	5	9	1
FBGN0033687	2	0	13	3	6	6
FBGN0033925	1405	1430	1749	1255	1224	1448
FBGN0035006	67	271	1890	23	35	25
FBGN0034461	0	2	9	6	0	6
FBGN0034063	1142	1179	1338	1505	1691	1491
FBGN0034566	44	27	28	53	29	20
FBGN0033791	40	42	78	55	36	30
FBGN0034114	2373	2389	2813	2363	2490	2183
FBGN0050031	3800	30986	275346	318	179	578
FBGN0034705	813	1007	761	505	686	741
FBGN0034195	32	17	11	16	14	12
FBGN0053632	10	12	4	5	3	6
FBGN0034647	33	27	42	17	49	8
FBGN0033354	4033	4677	4509	4432	5001	4900
FBGN0054040	51	8	6	36	27	10
FBGN0028382	1682	1548	1393	1344	1458	1359
FBGN0034062	938	1052	949	803	694	1042
FBGN0040754	670	566	773	487	834	650
FBGN0003130	644	728	453	457	492	388
FBGN0034002	2199	2161	2252	2288	2919	2782
FBGN0266186	2297	2299	2404	1666	2179	2297
FBGN0263114	2	2	5	3	13	4
FBGN0050391	0	20	5	6	3	6
FBGN0044020	713	665	513	456	669	640
FBGN0033264	9036	8471	9272	8475	9092	9860
FBGN0085488	3	6	10	6	8	21
FBGN0260995	41	3	15	5	10	3
FBGN0034391	674	724	1048	386	457	378
FBGN0085213	14	6	0	25	22	8
FBGN0034105	2	18	22	2	2	0
FBGN0025583	6	3	0	6	13	0
FBGN0250824	177	248	139	135	208	216
FBGN0041205	4114	3997	3541	3303	2815	3326
FBGN0033033	3198	3004	3382	4132	4018	4026
FBGN0262889	0	0	10	3	3	0
FBGN0265180	1347	1835	1842	1400	1683	984
FBGN0035085	676	433	450	620	523	787
FBGN0265342	5	21	19	10	6	12
FBGN0033524	18	50	15	43	48	7
FBGN0034899	44	22	101	40	1	1
FBGN0266433	18	0	9	21	7	29
FBGN0035089	5382	6395	5792	5726	7266	7135
FBGN0259209	78	151	243	145	177	68
FBGN0034272	13	65	37	65	11	47
FBGN0260799	12362	14288	14844	12200	14635	11708
FBGN0034139	50	26	48	43	15	12
FBGN0034008	469	398	386	368	505	435
FBGN0035019	11	11	51	22	9	36
FBGN0000448	1622	8911	6837	731	1541	680
FBGN0034198	76	29	56	14	25	14
FBGN0033960	1164	1339	1281	1242	1415	1513
FBGN0040733	3	0	0	0	3	5
FBGN0033980	48	47	40	31	32	41
FBGN0014865	2	0	1	2	0	1
FBGN0261587	5	27	38	14	2	4
FBGN0050389	15132	15823	14909	13307	13318	14091
FBGN0012042	0	3	10	6	7	0
FBGN0262840	2	0	0	5	0	0
FBGN0033225	3898	4386	3938	3303	3494	3549
FBGN0034657	12603	12986	13141	13081	12549	13595
FBGN0033038	3454	3489	3464	2258	2339	2177
FBGN0033516	8	5	5	3	1	17
FBGN0033104	1258	1596	1272	784	1091	882
FBGN0027872	487	668	675	616	750	823
FBGN0033261	988	1068	931	930	1051	1195
FBGN0033686	407	374	305	423	352	329
FBGN0034774	5	0	9	5	6	2
FBGN0033658	38	63	103	138	110	275
FBGN0050169	1738	1739	1926	1628	1878	1764
FBGN0263395	5840	6704	6226	5140	5843	5812
FBGN0035084	41	94	69	19	45	137
FBGN0035091	101	192	245	65	126	57
FBGN0086656	6366	6289	6674	5676	6914	6356
FBGN0034722	9517	9287	9056	7427	8363	7901
FBGN0034098	2099	1724	1625	1268	1658	1436
FBGN0267002	2408	2968	2780	2024	2079	2147
FBGN0034365	120	84	156	205	197	112
FBGN0033648	9	74	3	26	22	16
FBGN0034389	24	125	66	122	42	64
FBGN0262837	0	2	0	0	1	0
FBGN0035073	3818	4057	3954	3115	3962	4035
FBGN0005778	0	0	18	12	13	25
FBGN0035065	756	837	1076	709	905	684
FBGN0033628	10	21	40	27	18	33
FBGN0061356	30	30	137	19	8	4
FBGN0034866	2	9	5	8	33	6
FBGN0005654	1039	994	996	1040	1138	1105
FBGN0035001	27436	30298	27375	26344	29236	29307
FBGN0034542	2760	2841	2625	2276	2934	2876
FBGN0033661	36338	39236	40979	33756	38381	36737
FBGN0005655	13365	12782	12931	14045	15448	16382
FBGN0033897	10838	11349	10572	9826	10972	10389
FBGN0264089	37405	45315	40495	36360	40132	40831
FBGN0033499	2	28	5	9	3	0
FBGN0033382	774	1142	1093	1426	1344	1753
FBGN0034745	67	38	67	52	61	35
FBGN0034470	222	313	138	132	277	120
FBGN0033274	48	60	42	33	100	70
FBGN0034763	1052	1218	1113	803	848	971
FBGN0034263	4	24	0	27	5	8
FBGN0034540	1397	1452	1277	1217	1345	1284
FBGN0005586	43	38	6	13	21	11
FBGN0283450	6240	6007	5681	5370	5816	6955
FBGN0262791	1	0	0	0	6	0
FBGN0260456	4030	4169	3746	3645	4537	4905
FBGN0015561	46	49	56	20	80	90
FBGN0261990	1	42	6	28	13	19
FBGN0050364	25	0	19	8	14	8
FBGN0033483	549	796	874	566	681	664
FBGN0050342	3079	2927	3256	2561	3005	2870
FBGN0028687	12961	13176	13371	11618	13569	13682
FBGN0263697	2571	2495	2509	2101	2582	2196
FBGN0034560	19	0	0	13	22	8
FBGN0263849	43	89	50	68	33	44
FBGN0259977	92	87	73	67	40	69
FBGN0265046	11	23	12	32	1	13
FBGN0033968	2543	2468	2098	1860	2705	2910
FBGN0029084	356	617	589	344	382	276
FBGN0261989	62	270	1811	74	65	23
FBGN0033347	86	183	77	56	89	84
FBGN0259710	0	4	7	5	2	13
FBGN0033028	4309	4842	4822	4148	4897	4432
FBGN0034442	486	436	507	440	587	501
FBGN0061361	1085	1117	1509	1054	1103	1564
FBGN0034573	2774	3377	3170	2162	2535	3087
FBGN0010516	5050	5486	5738	4899	5531	6156
FBGN0040759	10	10	24	0	11	0
FBGN0034368	6025	6405	6208	5080	6111	5739
FBGN0265313	50	23	72	21	26	25
FBGN0033850	1	12	42	35	6	16
FBGN0050015	13602	15926	14298	14145	15047	15495
FBGN0050272	33	100	152	14	10	29
FBGN0050355	0	13	9	19	0	0
FBGN0034840	2	0	2	30	19	8
FBGN0040666	901	868	925	731	734	894
FBGN0033871	327	279	392	362	372	261
FBGN0034191	261	514	297	323	263	230
FBGN0034670	26	18	28	37	8	31
FBGN0053012	68	35	63	74	71	23
FBGN0050395	89	43	52	68	51	19
FBGN0033309	3253	3681	3587	3164	3374	3962
FBGN0033437	10	58	276	36	72	38
FBGN0016078	2094	2522	1971	1672	1682	1694
FBGN0026401	29411	33594	34060	24890	27925	24457
FBGN0003891	51107	59525	54789	34475	37153	35635
FBGN0034974	8940	12273	9962	8736	10154	9254
FBGN0034464	1	18	12	32	5	15
FBGN0034744	1606	1894	1465	1284	1217	1347
FBGN0004168	44	49	68	32	46	37
FBGN0261625	171	94	160	219	123	225
FBGN0043536	8	22	0	9	18	1
FBGN0034033	436	339	588	499	332	376
FBGN0000057	2445	2305	2529	1645	1851	2040
FBGN0015544	3725	3607	3461	3209	3346	3506
FBGN0033884	827	803	759	682	888	750
FBGN0033550	157	266	367	241	263	312
FBGN0040503	38	68	249	24	31	26
FBGN0250851	1067	1402	1565	1071	1168	1145
FBGN0033558	11	28	14	57	55	15
FBGN0035007	16	0	4	51	8	8
FBGN0025692	18	44	203	15	15	33
FBGN0053349	41	17	69	19	6	21
FBGN0085638	2066	2875	2622	1489	2328	1800
FBGN0004919	40	30	161	63	63	35
FBGN0033248	33	8	14	16	9	8
FBGN0050056	159	243	165	70	173	116
FBGN0263667	4806	5513	5171	4538	4719	5089
FBGN0020764	3090	3557	3750	2290	2817	3070
FBGN0261373	395	476	412	388	471	499
FBGN0034629	222	196	677	221	145	156
FBGN0033602	50	154	110	37	32	32
FBGN0033603	23	94	76	77	55	71
FBGN0035008	0	1	5	0	4	6
FBGN0033827	32	5	7	20	32	4
FBGN0034712	34	19	10	31	17	7
FBGN0262728	18	31	48	13	46	24
FBGN0264294	3610	3711	3970	2709	3344	2960
FBGN0033715	1070	1035	1311	1115	1450	1492
FBGN0034371	1347	2021	1551	1129	1194	1382
FBGN0005619	29	128	98	79	72	42
FBGN0260764	62	41	50	61	82	82
FBGN0261456	6472	7212	6546	5223	5982	5899
FBGN0029154	14	23	0	11	13	24
FBGN0286783	3149	3574	4523	3856	4393	5029
FBGN0033696	31	66	148	11	8	22
FBGN0034366	1488	1133	1218	1330	1264	1225
FBGN0033485	4194	4620	4452	3990	4502	4573
FBGN0034286	35	19	23	51	16	19
FBGN0260762	0	2	0	8	0	0
FBGN0034175	167	244	217	102	65	107
FBGN0002174	2181	2498	2553	1980	2312	2779
FBGN0034214	1516	1642	1612	1462	1463	1468
FBGN0050369	13	0	9	1	3	0
FBGN0033252	93	267	177	249	163	180
FBGN0001133	2296	2563	2394	1575	1920	2101
FBGN0085249	3080	4104	4319	4286	4373	3163
FBGN0263083	6	0	0	4	0	6
FBGN0265184	1058	1427	1270	1121	1072	1021
FBGN0260429	49	26	52	37	31	23
FBGN0034506	32	30	4	41	22	40
FBGN0035036	3362	3409	3090	2444	2928	2862
FBGN0034611	1895	2223	2081	1481	1726	1641
FBGN0027507	5726	5254	6409	4449	4939	4432
FBGN0033140	1	7	27	15	7	4
FBGN0260775	345	440	256	261	289	359
FBGN0259876	16234	17207	17249	16234	16895	17503
FBGN0034758	10	81	735	7	19	36
FBGN0263934	19275	24456	21785	17526	17815	18854
FBGN0033600	21	24	85	16	14	25
FBGN0266723	1061	817	974	745	1139	864
FBGN0034181	19050	20618	19304	20368	22457	21666
FBGN0034935	7	14	6	13	5	17
FBGN0067903	5	1	8	7	2	0
FBGN0063496	0	2	8	16	4	0
FBGN0013305	3352	3837	3286	3072	4261	3668
FBGN0260474	80	31	78	16	30	24
FBGN0259937	26397	24898	26024	26255	30412	30672
FBGN0034513	30	18	4	55	12	5
FBGN0034618	910	871	1423	892	779	774
FBGN0001187	38	34	73	20	65	9
FBGN0259202	910	1122	709	714	705	861
FBGN0050037	6	0	4	53	28	12
FBGN0010621	33398	37636	32660	31288	33196	37784
FBGN0286834	26	0	44	30	35	21
FBGN0011592	26168	32342	27558	18273	21641	19469
FBGN0033950	10	0	24	17	16	0
FBGN0034720	109	128	103	99	88	150
FBGN0034012	20	15	56	56	17	34
FBGN0263109	6423	7072	6760	6653	6663	6565
FBGN0033717	3781	3911	4543	3814	3967	4108
FBGN0033756	69	27	28	121	89	57
FBGN0034715	17	94	162	151	53	83
FBGN0286931	28	0	0	14	8	0
FBGN0028683	1445	932	1201	1035	1202	1022
FBGN0083941	19	0	0	0	0	4
FBGN0034141	2631	2894	2874	1659	1725	1916
FBGN0034936	2755	3312	2326	2169	2389	2574
FBGN0034279	30	65	75	76	49	82
FBGN0033186	771	995	1033	795	915	925
FBGN0083936	4	0	0	7	1	8
FBGN0085234	30	35	22	60	12	17
FBGN0082585	1282	1110	835	670	728	772
FBGN0034700	28	45	98	19	32	44
FBGN0053156	1405	1641	1471	1327	1713	1766
FBGN0015372	566	760	573	569	674	712
FBGN0261016	87	148	117	89	90	49
FBGN0034168	39	19	33	40	4	22
FBGN0285949	77299	84245	79079	72054	81705	79276
FBGN0040734	0	0	0	5	2	0
FBGN0265576	95	100	26	61	77	45
FBGN0033952	21	52	25	25	11	16
FBGN0010638	4695	4341	4742	3267	4395	3871
FBGN0033464	98	66	119	137	117	90
FBGN0035059	2067	1740	1581	1444	1340	1295
FBGN0005612	4731	5714	5621	3263	3765	3654
FBGN0016726	23005	23646	23402	20851	28626	26653
FBGN0262574	1	14	47	4	4	4
FBGN0033665	645	430	690	483	394	535
FBGN0033221	33	65	414	32	38	26
FBGN0267351	4832	5287	5061	4195	4086	4431
FBGN0014469	1460	1815	1932	520	621	763
FBGN0033624	6539	7236	7320	4818	5677	5777
FBGN0034179	2052	2231	2172	2521	3072	3092
FBGN0002571	16	37	196	48	4	25
FBGN0034817	1881	1752	1530	1615	1696	2028
FBGN0288856	476	768	846	611	638	623
FBGN0023081	12287	13566	12781	10579	11846	11433
FBGN0261394	15332	15713	14479	13704	16490	16651
FBGN0263240	6320	6903	6612	6024	6108	6339
FBGN0034299	1540	1400	1383	1690	1773	1672
FBGN0034071	7588	9432	8721	7575	8471	8352
FBGN0034154	1	4	15	2	5	2
FBGN0035040	17	3	74	19	11	17
FBGN0034097	21	10	2	13	2	16
FBGN0085243	4	8	2	29	12	19
FBGN0034626	705	870	839	832	786	828
FBGN0261975	2045	2051	1900	1529	1988	1897
FBGN0260475	875	734	698	851	729	739
FBGN0025335	1613	1332	1533	1355	1406	1725
FBGN0043576	24	14	21	45	10	9
FBGN0011695	55	96	65	96	34	75
FBGN0035056	1087	1027	1082	490	478	462
FBGN0034860	633	952	743	442	655	698
FBGN0034262	10	35	55	48	34	46
FBGN0033538	747	927	691	504	609	572
FBGN0010238	17800	19724	18309	13067	15261	15819
FBGN0064237	16	43	528	34	26	8
FBGN0000405	14561	14127	14316	16768	18297	19053
FBGN0040491	23	10	43	39	30	17
FBGN0033820	48	83	616	18	64	32
FBGN0033702	148	302	186	94	133	115
FBGN0288686	18974	25068	19264	11992	13105	13401
FBGN0034580	12	86	34	11	5	33
FBGN0027558	3308	4502	4341	2996	3614	3484
FBGN0034265	922	1519	1072	990	933	814
FBGN0027529	5245	5859	5712	4966	5786	5997
FBGN0033136	6	24	22	18	23	17
FBGN0033860	60	3	28	48	19	48
FBGN0028689	12125	12529	13366	10430	11836	11982
FBGN0053468	0	7	3	11	10	19
FBGN0286788	3385	2925	3498	3733	3946	4460
FBGN0267398	4654	4489	4954	4627	5742	4301
FBGN0259727	458	547	529	476	409	590
FBGN0034739	13	0	22	40	10	1
FBGN0033194	24384	26582	27027	22870	24293	22522
FBGN0020279	118117	130797	118070	101091	110738	111708
FBGN0034266	940	688	694	752	791	917
FBGN0034419	1353	1387	1304	1102	1367	1385
FBGN0034599	1121	1044	1017	759	880	1212
FBGN0034459	2	18	26	47	24	31
FBGN0085227	12	3	0	10	5	17
FBGN0034455	781	868	970	821	1068	997
FBGN0034500	2116	2458	2514	1816	2089	1760
FBGN0034543	687	901	854	791	936	843
FBGN0259742	2157	1964	1945	1907	1765	1843
FBGN0034853	4846	5255	5154	4493	4503	5745
FBGN0034325	21	26	8	14	9	4
FBGN0085264	0	10	20	10	16	12
FBGN0053463	155	162	141	182	216	116
FBGN0034493	670	1039	986	572	640	427
FBGN0034563	14	0	0	7	0	7
FBGN0033657	19	56	126	24	61	37
FBGN0041234	0	5	50	14	13	2
FBGN0034377	122	179	131	160	167	98
FBGN0003977	12222	14020	12364	10289	10611	11278
FBGN0000337	1	0	4	21	3	30
FBGN0260012	12211	12800	12440	11024	11847	12517
FBGN0265626	13	4	13	18	66	76
FBGN0266525	552	670	535	384	464	406
FBGN0034196	2	2	0	7	26	4
FBGN0260455	15	0	16	15	12	28
FBGN0034474	4	0	4	18	10	0
FBGN0050385	812	1105	938	522	752	643
FBGN0020370	21621	23006	22954	18902	21333	21230
FBGN0285917	62944	77482	68406	58557	61506	63137
FBGN0034725	1000	1525	1318	826	1209	1177
FBGN0034475	4	0	0	0	17	3
FBGN0027091	5156	5398	4852	4434	5293	4670
FBGN0033753	221	281	311	304	244	352
FBGN0027619	5156	5511	5740	4961	5431	5324
FBGN0011824	3593	2861	3236	3068	3693	3208
FBGN0023172	39485	42731	42180	35389	38089	36987
FBGN0259718	162	169	159	99	181	129
FBGN0032997	3717	2894	3501	1952	2195	2189
FBGN0040477	531	474	672	645	731	932
FBGN0033286	4	25	26	32	33	14
FBGN0034748	2031	1785	1709	1435	1758	1649
FBGN0011297	737	944	1131	933	984	1058
FBGN0033491	2126	2534	2355	1546	1783	1955
FBGN0034839	0	0	5	4	9	4
FBGN0033587	5	0	4	10	0	5
FBGN0288433	394	442	341	279	164	193
FBGN0033943	0	20	42	101	24	26
FBGN0035082	1376	1724	1803	1011	1230	1049
FBGN0033984	3651	4287	4015	3308	3535	3805
FBGN0050051	226	230	259	287	305	288
FBGN0085250	34	53	32	36	22	2
FBGN0053919	17	27	35	84	28	64
FBGN0033356	1141	1146	1152	1232	1333	1298
FBGN0004638	4531	4129	4200	3894	4425	3698
FBGN0034229	27	13	18	88	50	59
FBGN0034180	5737	6299	6246	5675	5723	5966
FBGN0004463	5850	5491	5284	4377	5594	5511
FBGN0262619	4219	3641	4446	4668	4887	5103
FBGN0033652	7451	7486	7109	5215	6673	6938
FBGN0260991	23417	25490	24488	24285	25700	26997
FBGN0034176	4186	3853	4129	4129	5018	5001
FBGN0085236	0	1	0	16	7	0
FBGN0050020	10111	10118	10645	10743	11378	11255
FBGN0000426	3547	3670	3320	4147	4333	3950
FBGN0050357	270	445	283	314	319	361
FBGN0025519	2788	3453	2665	2234	2504	2934
FBGN0053470	0	52	152	18	36	11
FBGN0033698	13317	13531	13838	12253	13254	13904
FBGN0050280	2	8	18	29	23	0
FBGN0033578	58	79	46	62	32	64
FBGN0265178	5670	5881	5740	4650	5344	5233
FBGN0050354	72	79	34	79	58	50
FBGN0053554	42198	49639	47850	37283	42851	35592
FBGN0050049	88	43	132	105	50	81
FBGN0261276	9094	10123	9968	8808	9082	9714
FBGN0033101	1827	1802	1726	2050	2250	2395
FBGN0054021	1	0	2	4	0	0
FBGN0033734	1057	1265	844	640	957	978
FBGN0020377	2	23	36	20	10	18
FBGN0034392	924	797	643	583	875	966
FBGN0261705	237	512	540	302	412	486
FBGN0034402	421	235	370	330	400	459
FBGN0004003	4205	5582	3946	2855	3612	3480
FBGN0013770	10837	12833	12900	9280	10410	10363
FBGN0287478	11743	13580	13455	9383	9671	9862
FBGN0028738	277	310	204	178	160	174
FBGN0034259	4738	4734	4178	3774	4840	5169
FBGN0050058	10	14	19	21	18	13
FBGN0050147	5087	5495	5730	5199	4925	4956
FBGN0034471	5	25	8	2	1	2
FBGN0085239	4	0	0	3	12	6
FBGN0033821	10	6	35	5	7	2
FBGN0050472	0	0	7	12	6	1
FBGN0041582	3389	3766	3263	2887	3200	3629
FBGN0000566	5019	4733	5324	4142	4584	4684
FBGN0035043	23	41	254	16	26	1
FBGN0034322	7	0	37	47	20	2
FBGN0069056	123	93	134	36	47	28
FBGN0015714	90	204	150	336	366	375
FBGN0040007	8498	8380	9096	7674	9567	8520
FBGN0000615	79	47	188	132	129	106
FBGN0050457	20	5	54	226	170	115
FBGN0033199	932	1147	1183	925	928	1193
FBGN0034800	609	616	799	506	491	506
FBGN0033301	0	0	19	4	11	13
FBGN0010620	14445	14722	14448	14670	14883	16038
FBGN0033327	25	14	20	66	9	9
FBGN0004435	4297	3726	4211	3653	4698	4224
FBGN0034158	3293	3412	3448	3309	3829	3631
FBGN0033543	384	577	716	377	368	485
FBGN0050053	2	25	34	54	44	9
FBGN0033426	1160	1013	1181	1225	1381	1445
FBGN0259221	3927	3841	4172	3478	3836	3549
FBGN0034870	5	17	12	21	6	0
FBGN0033395	4	0	98	36	26	11
FBGN0020930	1520	1922	1978	1766	1517	1968
FBGN0034849	484	404	332	483	545	463
FBGN0033599	17	4	36	32	11	15
FBGN0033697	5	14	31	56	11	15
FBGN0034277	21752	24964	22855	20369	24319	22614
FBGN0050022	841	587	835	832	1123	817
FBGN0016762	402	473	460	394	507	348
FBGN0261293	1	0	19	15	6	13
FBGN0033627	4600	5173	4142	3727	4087	4320
FBGN0034331	11	14	150	34	27	8
FBGN0050381	646	493	446	416	426	488
FBGN0034240	21732	23331	22415	19468	22228	22339
FBGN0003162	564	595	521	463	763	619
FBGN0050089	7756	8270	7608	6524	6483	6551
FBGN0010501	4270	4200	3749	3533	3665	4022
FBGN0266432	25	31	24	13	30	26
FBGN0020391	243	248	357	256	373	451
FBGN0021979	9888	11511	10599	9047	9578	11142
FBGN0050154	22	12	7	13	15	34
FBGN0034535	415	293	361	290	473	352
FBGN0050377	301	215	387	410	348	440
FBGN0085421	278	242	410	286	286	254
FBGN0287873	170418	186659	172822	120982	144000	131339
FBGN0034710	49	42	19	53	2	16
FBGN0033278	10	2	20	5	6	3
FBGN0033742	38	56	163	88	83	51
FBGN0034514	5	0	3	5	0	5
FBGN0003008	733	680	625	637	737	669
FBGN0262812	0	0	3	3	0	8
FBGN0033183	10082	9872	10077	7994	8414	9542
FBGN0033528	2077	1976	1981	2072	2421	2298
FBGN0034478	1	1	1	46	0	3
FBGN0013733	100253	117121	118703	88604	97618	92819
FBGN0041238	57	0	1	34	14	3
FBGN0034417	41	64	130	66	55	15
FBGN0033929	6326	7074	6586	5259	5463	5866
FBGN0053155	1204	1063	1091	734	992	919
FBGN0053798	10	4	20	6	6	20
FBGN0263743	1	19	0	16	14	0
FBGN0033767	25	14	32	38	23	10
FBGN0034753	71670	82191	72520	47394	53509	60632
FBGN0003317	5135	5717	4966	4465	4796	4981
FBGN0034458	29	17	32	26	18	12
FBGN0020236	17032	18879	18757	14626	15565	16623
FBGN0034971	3681	3736	3989	3158	3442	3187
FBGN0002569	19	21	20	54	4	4
FBGN0034871	2	10	0	23	9	2
FBGN0034117	104	127	828	96	124	41
FBGN0034532	150	152	177	95	108	143
FBGN0033573	7	0	2	8	5	1
FBGN0033735	1499	1653	1376	1362	1476	1703
FBGN0264273	19591	20050	18645	16510	18597	18221
FBGN0034966	67	64	89	40	72	62
FBGN0041706	324	269	367	387	505	593
FBGN0017414	775	884	655	537	800	832
FBGN0010504	2125	2342	2261	1815	2148	1887
FBGN0033763	4	28	37	65	11	9
FBGN0033712	846	947	1114	645	915	945
FBGN0287767	5310	5539	5743	4516	5070	4894
FBGN0050098	25	5	27	14	26	12
FBGN0033828	15	5	30	6	0	0
FBGN0033187	3585	4551	3939	3198	3581	3861
FBGN0033364	10	12	13	19	6	36
FBGN0033090	435	579	598	400	496	607
FBGN0004360	2399	3089	2135	1912	2158	2330
FBGN0053143	39	34	1	50	38	28
FBGN0027607	4494	5201	4783	3948	4254	4420
FBGN0011746	8175	6074	6709	5429	4946	5352
FBGN0035009	2	28	3	1	13	3
FBGN0034903	3732	3663	3453	3629	3338	3612
FBGN0265836	3	3	0	6	0	0
FBGN0263033	23	9	20	30	20	18
FBGN0283625	9	12	15	19	13	5
FBGN0035033	6706	7311	6863	6316	7017	7285
FBGN0034898	6	0	5	10	11	4
FBGN0028562	15	22	56	80	79	27
FBGN0034689	1668	1476	1220	1267	1223	1412
FBGN0034327	425	370	405	204	460	199
FBGN0033755	4369	4757	4509	3975	4734	4264
FBGN0033740	2642	2603	2694	2469	2890	2622
FBGN0050192	9	0	5	8	0	2
FBGN0010651	3497	3933	3310	2439	2731	2976
FBGN0061197	22	34	32	16	12	19
FBGN0033174	583	596	806	483	500	498
FBGN0005638	64	24	38	51	45	33
FBGN0015037	39	8	20	48	22	35
FBGN0033320	33	39	114	25	32	31
FBGN0026385	4	51	36	4	13	14
FBGN0035022	90	106	58	32	33	51
FBGN0033906	5773	6172	6702	5787	6783	6472
FBGN0034704	2383	2724	2281	2288	2614	2362
FBGN0034914	23639	26445	24349	19501	22525	21882
FBGN0033179	7533	8245	7769	6964	7438	8502
FBGN0050047	89	184	137	88	136	148
FBGN0034900	19	0	0	12	0	8
FBGN0265935	9123	9712	8730	7537	7914	8453
FBGN0267791	17322	18121	17023	14049	15359	14799
FBGN0260499	1	3	0	27	15	8
FBGN0034893	654	509	456	586	681	760
FBGN0033191	2670	3308	3244	2096	2606	2856
FBGN0243516	5080	5945	5339	4761	4904	5100
FBGN0050001	865	889	718	604	833	815
FBGN0264329	4	0	0	4	0	2
FBGN0050008	5	7	17	22	18	33
FBGN0050286	2	18	10	5	21	0
FBGN0003975	15825	17190	15577	14119	14854	16015
FBGN0033139	23	48	192	22	14	15
FBGN0033205	331	201	485	200	294	289
FBGN0050269	44	84	169	93	28	53
FBGN0050421	5315	5703	5427	4269	5055	4361
FBGN0033919	7165	6165	7536	10118	9002	10809
FBGN0033375	804	1000	1170	662	872	800
FBGN0033862	37	4	72	50	58	24
FBGN0033605	545	581	693	387	572	400
FBGN0034382	7	16	9	10	1	11
FBGN0259183	30	1	16	49	6	11
FBGN0033728	1	6	3	0	23	23
FBGN0259226	92	322	135	495	400	515
FBGN0034964	14227	15128	14237	10252	11961	12078
FBGN0034323	7	0	13	35	45	24
FBGN0033866	1829	1269	1329	1840	1409	1936
FBGN0050277	31	29	25	26	41	26
FBGN0033636	93564	105509	97441	81370	89724	86269
FBGN0028411	1851	1572	1819	1417	1910	1900
FBGN0033283	608	777	610	667	651	498
FBGN0034882	1	0	44	36	2	8
FBGN0050101	165	174	105	61	53	18
FBGN0033893	199	257	224	245	301	140
FBGN0033989	1361	1596	1232	1306	1306	1436
FBGN0033569	3418	3993	3479	2907	3145	3461
FBGN0050344	768	1020	1300	619	748	764
FBGN0033349	8432	9505	9267	7293	8068	9645
FBGN0033088	720	583	766	586	708	558
FBGN0003401	1043	1218	1128	1056	1137	1369
FBGN0015801	1530	2810	1802	866	981	1124
FBGN0033842	1352	1715	1488	1158	1302	1374
FBGN0034511	5	1	11	0	12	12
FBGN0033155	7413	8294	8021	7273	7429	8396
FBGN0034821	12	0	5	21	5	0
FBGN0034418	7138	6993	7548	5059	5308	5840
FBGN0033783	3795	3883	3590	3182	3277	3410
FBGN0040849	56	29	10	68	34	22
FBGN0033238	0	0	6	5	14	2
FBGN0035087	1859	2015	1970	1778	2031	2022
FBGN0001263	53	32	79	77	57	46
FBGN0033673	1091	1198	1200	907	1330	1170
FBGN0034253	11200	13515	12460	6122	7893	7422
FBGN0267978	23444	25915	22188	18527	21778	21123
FBGN0042135	3072	3214	3182	3136	3207	3025
FBGN0033932	33	23	66	57	38	20
FBGN0034308	7420	9494	8943	6407	7205	7866
FBGN0001147	42	60	53	38	55	66
FBGN0016970	389	440	546	352	522	430
FBGN0034645	1420	1861	1801	1458	1799	1660
FBGN0033115	231	237	163	425	629	623
FBGN0263197	24633	26684	25848	21731	23681	23613
FBGN0034109	1892	1842	1458	1651	1803	1936
FBGN0050156	639	801	669	575	607	539
FBGN0261119	7993	7554	7235	7737	7975	8427
FBGN0033699	86913	91539	89223	77118	84424	90364
FBGN0033556	1325	1649	1328	1462	1906	1798
FBGN0035031	97	165	123	57	140	84
FBGN0043532	20	28	6	17	20	17
FBGN0260222	857	755	613	838	671	813
FBGN0022764	83592	90593	88161	73377	77201	77911
FBGN0033069	5	35	3	9	9	33
FBGN0041712	277	233	358	243	268	189
FBGN0033141	21	11	8	2	7	19
FBGN0034247	6	3	36	11	10	0
FBGN0034671	4	0	2	4	7	8
FBGN0066084	33649	34267	35992	33551	49590	31377
FBGN0261363	103	123	140	120	150	125
FBGN0085414	12	24	39	54	27	31
FBGN0033112	31	0	40	6	1	12
FBGN0033607	3909	3758	3563	3223	3376	3259
FBGN0050411	17	0	0	15	7	6
FBGN0025709	50	40	116	163	75	55
FBGN0034451	3146	2330	3115	1889	2120	2151
FBGN0050025	3836	31276	274341	356	164	586
FBGN0034067	4689	5125	4892	4342	4833	5442
FBGN0003520	13757	14856	13664	13216	14447	15358
FBGN0015584	2	6	4	15	2	0
FBGN0034166	18	31	23	18	16	23
FBGN0034782	22	13	153	26	21	0
FBGN0026384	21	36	14	8	19	28
FBGN0034910	0	11	19	20	11	9
FBGN0015602	6051	6704	6543	5002	6687	6218
FBGN0033294	23	33	405	28	6	47
FBGN0287831	65	45	390	22	15	5
FBGN0033888	26	6	26	55	10	29
FBGN0034691	5030	5627	5652	4648	4814	4700
FBGN0033544	1628	1785	2295	1804	1639	1681
FBGN0029093	7503	8210	10476	6148	7199	7802
FBGN0262512	1267	1352	1336	1173	1687	1495
FBGN0034291	25	1	27	17	30	4
FBGN0033271	40	53	202	9	25	0
FBGN0087011	836	994	1198	924	1112	684
FBGN0050274	4	1	0	14	16	19
FBGN0034485	14	11	22	38	15	21
FBGN0027356	3063	3146	3113	2867	3246	2744
FBGN0001124	6483	8068	7445	5577	7007	7266
FBGN0033184	1415	1509	1868	1604	1673	1904
FBGN0016701	2872	3144	2974	2645	2494	2773
FBGN0263707	0	14	0	0	1	6
FBGN0034127	44	51	10	59	14	20
FBGN0033160	14902	14998	14687	10066	11464	12292
FBGN0033798	14	40	0	6	16	2
FBGN0041241	65	79	69	82	118	45
FBGN0085428	6184	5527	5469	4944	5497	5634
FBGN0266811	0	0	6	5	3	0
FBGN0022097	2442	2593	2906	2439	2825	2917
FBGN0033421	1944	2421	2017	900	1082	1078
FBGN0034906	10	15	11	9	22	3
FBGN0034267	127	118	168	113	57	31
FBGN0035064	958	942	1064	1005	965	1039
FBGN0034086	2230	2454	2587	2607	2800	2398
FBGN0267823	1277	1303	1153	1034	1121	1281
FBGN0260972	2549	2583	2763	2133	2142	2451
FBGN0265003	7718	6806	6911	6203	7610	7144
FBGN0034539	9	6	5	7	14	4
FBGN0033807	3	26	12	7	16	11
FBGN0034049	9162	8952	8948	8304	9469	9483
FBGN0026176	49	0	4	6	37	0
FBGN0033770	8	30	17	3	0	5
FBGN0023180	427	402	587	490	687	607
FBGN0050365	0	38	66	39	11	0
FBGN0034654	12923	14248	12340	11729	13631	15392
FBGN0053680	16	10	33	26	23	8
FBGN0034132	30	51	26	10	8	9
FBGN0050018	19	30	1	15	9	16
FBGN0001222	8955	9867	9349	8246	8397	8101
FBGN0033876	49	33	29	36	24	14
FBGN0033005	8938	8778	8580	5860	8054	6345
FBGN0033659	102	88	221	26	21	7
FBGN0027535	2803	3046	3261	2870	3201	3292
FBGN0262480	9	10	7	20	5	3
FBGN0034052	15	37	20	8	1	6
FBGN0034246	16614	17648	17700	12970	14097	15093
FBGN0266129	78	72	79	104	43	73
FBGN0021825	5768	6400	6363	4785	5408	5258
FBGN0050263	50	68	131	234	112	71
FBGN0039993	5760	6192	7218	3843	4323	3883
FBGN0034415	18	4	22	4	10	15
FBGN0034579	834	1053	833	920	1141	905
FBGN0020307	9197	10505	9631	9593	8789	9617
FBGN0010359	3980	32089	284911	358	189	603
FBGN0034407	1	0	1	0	8	5
FBGN0015038	10	0	43	55	8	0
FBGN0024319	18	24	60	49	4	21
FBGN0085240	2	11	10	0	1	5
FBGN0265272	97	79	48	82	76	80
FBGN0033818	58	25	60	32	19	17
FBGN0034692	32	14	10	19	13	24
FBGN0015371	15301	17955	16861	15222	15125	16896
FBGN0069913	48	44	27	31	13	28
FBGN0033449	1150	1311	1105	1080	1268	1170
FBGN0010590	5321	5110	4737	5085	5873	5696
FBGN0034413	10	6	18	16	10	3
FBGN0034724	2581	2821	2922	2145	2587	2402
FBGN0033063	12	14	8	65	17	23
FBGN0050376	17	20	14	15	6	7
FBGN0050185	1246	1276	1318	1111	1419	1419
FBGN0034022	8874	8086	9122	7125	6876	7904
FBGN0001269	9457	10628	9613	7978	7786	8511
FBGN0263850	54	42	9	41	77	36
FBGN0067905	0	1	0	2	0	0
FBGN0085246	9	13	0	3	3	15
FBGN0262821	7	18	2	18	30	18
FBGN0033226	1196	1408	1576	1301	1194	1329
FBGN0050082	6	14	9	18	2	14
FBGN0033250	23	20	10	31	37	23
FBGN0013762	1119	1202	1040	957	974	1311
FBGN0046999	0	0	2	20	4	0
FBGN0034380	2323	2025	2226	2183	2467	2457
FBGN0034885	20	51	326	48	36	23
FBGN0034200	83	176	1183	86	88	41
FBGN0046294	4	0	12	27	3	6
FBGN0020617	64	18	28	76	52	27
FBGN0058263	2339	2620	3029	1251	1453	1033
FBGN0011704	7259	8038	7099	9462	9839	10789
FBGN0034405	11866	10013	10838	10897	11135	11571
FBGN0034275	28	66	272	14	21	19
FBGN0002552	7036	7299	6867	5860	6289	7099
FBGN0085231	12	2	0	21	7	12
FBGN0023170	13993	11592	13009	10120	14925	11871
FBGN0050281	0	18	28	30	8	9
FBGN0042098	0	26	10	24	22	6
FBGN0033554	74	107	125	47	43	127
FBGN0033775	3	20	54	30	15	4
FBGN0034948	2052	2678	2218	1963	2331	2366
FBGN0033802	7016	9392	8349	7112	7684	7624
FBGN0033748	1357	1437	1197	1502	1243	1418
FBGN0013765	8765	9050	9067	9167	9586	9658
FBGN0034242	3725	3563	3213	3103	3258	2976
FBGN0054033	0	3	17	0	0	0
FBGN0040653	9	10	10	8	7	3
FBGN0034372	4661	5795	5093	3855	4569	4581
FBGN0050259	9	33	7	55	31	11
FBGN0033963	44	28	24	77	68	24
FBGN0053225	12	42	17	24	42	16
FBGN0034828	31	38	87	27	18	45
FBGN0050157	215	303	133	279	212	292
FBGN0033515	12	35	13	21	21	39
FBGN0262838	7	0	8	1	8	12
FBGN0050469	15	10	24	26	29	18
FBGN0033996	1939	1950	1963	1551	1655	1544
FBGN0034183	8	16	1	24	21	18
FBGN0015838	8918	9868	9213	7706	8830	8476
FBGN0034197	25	26	80	25	51	42
FBGN0033703	2	0	1	0	12	9
FBGN0263855	13656	12851	13890	15205	16060	16499
FBGN0033853	2055	2282	2817	2340	2852	2737
FBGN0034137	128	158	111	45	18	24
FBGN0262098	0	0	0	0	10	0
FBGN0021795	9134	10246	9317	5593	6587	7293
FBGN0050503	227	371	463	372	297	297
FBGN0016059	26499	28968	26711	24236	27812	26416
FBGN0086356	8858	8972	9057	8402	8461	9579
FBGN0010356	2477	2758	2410	2023	2276	2576
FBGN0283508	113309	124607	120460	102423	101555	111256
FBGN0033826	39	196	1896	21	37	7
FBGN0033995	1028	1049	977	1070	1315	1224
FBGN0263593	6781	6699	8380	6162	6687	7191
FBGN0034837	99	165	148	79	58	85
FBGN0025373	6245	7573	6723	5197	5371	5363
FBGN0263864	6416	6430	6261	5311	5852	5732
FBGN0034480	8	0	21	13	2	17
FBGN0264541	0	0	3	18	0	1
FBGN0033520	104	127	202	225	119	167
FBGN0033688	56887	61629	61056	53788	58599	57553
FBGN0033631	8250	8827	8732	7970	9150	9760
FBGN0034304	2082	2556	2346	1872	2307	2614
FBGN0034963	1368	1612	1188	1102	1579	1131
FBGN0034585	5197	5728	5038	5067	5440	5815
FBGN0034894	536	551	605	384	419	411
FBGN0033202	55	82	4	0	6	11
FBGN0034919	825	788	663	561	683	568
FBGN0033357	832	699	956	815	1110	840
FBGN0033153	535	614	548	420	448	379
FBGN0033508	9	16	6	4	8	8
FBGN0004839	7641	8228	7723	5138	6065	6153
FBGN0026326	6089	5859	6538	5504	5539	5251
FBGN0026316	3178	3902	3508	3181	3275	3289
FBGN0035025	2606	2627	2465	2086	2384	2317
FBGN0000043	67369	70164	66427	56774	65854	62459
FBGN0265187	702	989	653	219	280	367
FBGN0034001	607	537	487	651	611	513
FBGN0034642	28	19	243	15	18	13
FBGN0003748	5253	4925	5282	3141	2774	3103
FBGN0034136	15	52	13	74	35	19
FBGN0034694	1589	1834	1521	1301	1305	1478
FBGN0033188	6006	6847	6409	5068	5475	7050
FBGN0086895	5716	6596	5556	5118	6103	6005
FBGN0016047	105	49	26	89	52	82
FBGN0033754	834	867	688	635	718	715
FBGN0034057	2002	2451	2233	1732	2025	1849
FBGN0043535	7	0	8	16	0	0
FBGN0034425	1374	1550	1525	1128	1169	1279
FBGN0033280	6	16	0	6	8	3
FBGN0085468	1049	995	1111	1033	1418	945
FBGN0034144	34	63	52	35	18	11
FBGN0034999	278	143	883	114	163	112
FBGN0050043	51	68	53	60	40	51
FBGN0033259	2881	3091	3295	2385	2630	3023
FBGN0050446	47	58	5	68	31	12
FBGN0052834	2	8	18	44	4	16
FBGN0085265	5	12	22	7	0	0
FBGN0027360	2210	2596	2630	2354	2382	2354
FBGN0034432	6304	6905	6628	4896	6007	5581
FBGN0034976	9925	11469	11139	8828	10020	9549
FBGN0034296	24	469	3189	45	96	47
FBGN0013763	613	1041	4570	643	714	668
FBGN0265625	58	10	52	25	20	18
FBGN0050044	15	7	24	23	11	9
FBGN0050046	102	100	197	86	63	16
FBGN0034713	0	55	19	11	2	11
FBGN0011743	24	15	22	43	10	6
FBGN0033774	49	15	50	33	46	16
FBGN0043575	4	60	307	30	4	1
FBGN0034330	6	0	0	2	4	0
FBGN0050288	15	40	259	24	17	17
FBGN0034933	2438	2272	2547	2439	2613	2392
FBGN0050110	22	9	36	13	10	12
FBGN0000562	10651	12068	11718	9108	9771	10387
FBGN0000119	35800	40182	40175	31029	33080	33520
FBGN0034013	6368	6772	6433	5409	5737	6161
FBGN0010385	0	36	8	7	8	23
FBGN0061435	3	0	4	5	1	1
FBGN0053474	25	24	10	66	51	3
FBGN0027073	71	53	130	109	214	147
FBGN0033834	67	55	29	74	61	42
FBGN0033926	22876	27249	43634	10029	11443	13124
FBGN0022288	5831	5695	6558	4937	5431	5478
FBGN0041239	38	6	29	26	26	6
FBGN0262566	20	5	19	12	13	8
FBGN0262115	6121	7458	6789	4770	5371	4913
FBGN0053199	287	310	200	174	282	231
FBGN0014009	2997	3194	3237	2801	2912	2928
FBGN0034301	257	200	142	201	176	180
FBGN0010591	2750	2649	2956	2306	2483	2892
FBGN0034283	22	1	4	20	8	35
FBGN0266488	177	285	284	227	213	150
FBGN0284245	735889	899703	804980	655533	729174	792770
FBGN0034489	0	28	44	72	14	15
FBGN0029134	8965	8601	8628	8381	9366	9819
FBGN0050424	2	32	49	36	16	32
FBGN0000352	9184	10309	10044	7938	8613	9336
FBGN0034923	3303	3087	2968	2932	3090	3561
FBGN0034884	7	22	22	6	26	11
FBGN0034270	378	575	393	432	356	339
FBGN0024836	35173	42339	39455	28828	33310	30811
FBGN0010425	177	1387	13637	19	19	45
FBGN0034399	1602	1852	1467	1414	1483	1582
FBGN0033580	9	9	18	4	36	0
FBGN0010226	15955	16597	17319	20017	21165	22371
FBGN0034328	1	9	4	3	9	36
FBGN0053460	36	24	24	49	17	34
FBGN0053462	4	14	20	13	2	2
FBGN0033731	407	649	657	486	677	572
FBGN0034447	2955	3125	3600	3254	3716	3429
FBGN0003612	14214	15376	15042	13976	14322	15452
FBGN0259707	272	309	186	278	147	252
FBGN0033614	18	0	31	28	3	28
FBGN0033716	2436	2650	2373	1796	1825	2305
FBGN0034255	66	81	82	77	105	54
FBGN0263270	2	8	15	0	23	9
FBGN0033638	7274	8731	8447	7091	7686	7283
FBGN0261588	8420	11147	9202	7790	8914	8781
FBGN0050072	0	7	5	13	7	0
FBGN0033052	7153	8181	7194	7562	7786	8054
FBGN0003074	6909	7151	7890	7721	7997	8688
FBGN0010435	9778	9102	9395	9270	10099	10106
FBGN0026386	4	3	12	16	6	27
FBGN0033339	21505	25198	23219	18399	19066	18155
FBGN0034649	2760	2497	2989	2514	2583	2505
FBGN0262360	0	0	10	2	0	1
FBGN0023167	6748	6660	5745	6109	7597	7052
FBGN0033207	13	0	0	2	1	0
FBGN0033206	2352	2057	1783	1526	1911	2029
FBGN0042085	23491	23967	23254	20538	20880	21007
FBGN0033085	361	294	387	221	264	331
FBGN0033874	9	0	14	50	24	8
FBGN0265605	448	461	637	591	535	652
FBGN0034058	780	1047	853	555	504	762
FBGN0035000	7	21	0	19	37	20
FBGN0050419	0	15	7	44	4	6
FBGN0034083	14639	16373	15118	12365	13171	13718
FBGN0011260	26707	28814	27341	23196	26554	24430
FBGN0040778	385	283	384	252	245	204
FBGN0015034	43	98	6	40	37	36
FBGN0061359	7426	5698	6058	5644	6587	7117
FBGN0035026	5052	4957	4668	4492	4902	5358
FBGN0050441	2	5	0	7	9	2
FBGN0050495	180	105	189	85	98	75
FBGN0266671	1966	2725	2539	2025	2192	2409
FBGN0262867	390	306	371	367	323	368
FBGN0024188	3589	3152	3831	2977	3652	3325
FBGN0034661	340	383	280	105	152	264
FBGN0262988	3	1	5	31	6	12
FBGN0283494	10880	11521	11239	8388	8449	10194
FBGN0003382	125	77	163	146	159	118
FBGN0033799	139	169	250	114	165	216
FBGN0022382	1932	2081	2027	1508	1551	1709
FBGN0033899	1599	1772	1979	1492	1625	1513
FBGN0034911	95	28	52	99	97	22
FBGN0041581	18	11	8	11	12	11
FBGN0261584	90	5	201	36	33	40
FBGN0050161	2	0	14	42	0	2
FBGN0033751	5336	6065	5412	4475	4923	5279
FBGN0021814	2242	2530	2993	2176	2701	2762
FBGN0034317	3	2	4	18	0	0
FBGN0013750	3891	3986	3557	2966	3792	3374
FBGN0033571	4760	4202	4527	3435	3856	4476
FBGN0262594	13	27	0	0	4	7
FBGN0034460	2	8	8	9	4	9
FBGN0050109	283	399	469	343	310	418
FBGN0035060	13430	14538	13769	9971	11655	12900
FBGN0085229	740	649	482	527	651	368
FBGN0260763	64	142	84	166	200	155
FBGN0034314	686	697	643	511	696	683
FBGN0034546	12	18	77	9	7	8
FBGN0033471	2248	2614	2802	2177	2756	2586
FBGN0033403	72	32	95	57	111	34
FBGN0015477	14697	16182	15509	13884	15648	14736
FBGN0250830	8216	9001	8181	5461	6385	5399
FBGN0050273	56	49	47	32	36	29
FBGN0033794	27	60	31	32	30	24
FBGN0262817	7	3	24	12	1	0
FBGN0035035	1140	1213	978	736	745	1094
FBGN0265631	3	5	8	4	0	0
FBGN0004101	7169	9120	8094	6943	6475	7357
FBGN0034354	2413	2544	2390	2208	2588	2714
FBGN0266047	81	48	52	52	107	67
FBGN0050067	4	5	13	2	11	23
FBGN0034205	33	15	18	74	21	15
FBGN0003731	44384	47690	45176	37032	40983	42229
FBGN0086408	194	252	250	146	119	158
FBGN0043533	0	0	24	10	3	0
FBGN0033901	11072	11145	10216	8489	10023	10367
FBGN0005631	12590	13935	13910	11671	11786	11837
FBGN0053558	13919	15246	15547	13848	13638	13314
FBGN0028836	4427	4921	4956	4259	4793	4788
FBGN0029092	7853	10525	9060	5725	6588	6341
FBGN0286782	185	250	212	255	254	244
FBGN0033413	1442	1414	1419	958	1141	1248
FBGN0040660	11313	13108	12528	9426	10301	10866
FBGN0262966	3	1	2	1	0	8
FBGN0010241	81	114	238	94	48	26
FBGN0033062	23178	25446	24183	20301	23293	21512
FBGN0027504	12319	12794	12719	10614	11337	11125
FBGN0033988	5603	6205	5151	3921	4173	4761
FBGN0033154	17	75	42	106	49	83
FBGN0033502	4	38	75	19	10	22
FBGN0033268	0	26	75	38	35	33
FBGN0033313	81898	89260	89544	52501	57946	57104
FBGN0261580	11	0	22	11	0	13
FBGN0034938	961	1268	1107	949	1363	1218
FBGN0034452	1256	1399	1555	1284	1293	1279
FBGN0034379	1344	1388	1229	1200	1423	1412
FBGN0286873	0	0	12	7	0	0
FBGN0286876	7	1	0	1	1	4
FBGN0034518	456	325	464	283	414	376
FBGN0283509	6840	6564	6742	5402	5917	5971
FBGN0265185	75	75	192	22	12	24
FBGN0010434	56636	62852	59967	50297	53263	55258
FBGN0086129	10183	10767	9578	10002	11923	11249
FBGN0050486	21	27	32	40	28	49
FBGN0034131	0	20	4	12	13	8
FBGN0034646	3857	4036	4434	3475	4056	4140
FBGN0259738	45	19	28	29	36	27
FBGN0034636	1408	2276	1443	2041	1963	2158
FBGN0033369	13	3	10	27	12	31
FBGN0050104	19	36	208	55	108	44
FBGN0034106	23	24	45	63	10	9
FBGN0265177	681	620	738	383	671	644
FBGN0053627	7	6	12	45	2	0
FBGN0010213	2959	3259	2932	3702	3972	4572
FBGN0033296	15	43	310	26	4	2
FBGN0034793	1509	1522	1319	1280	1308	1559
FBGN0033667	144	84	137	79	102	160
FBGN0263077	1454	1631	2212	1219	956	961
FBGN0033440	7	11	61	39	43	6
FBGN0085486	0	1	2	21	2	24
FBGN0004921	3591	5040	4431	3170	3254	3412
FBGN0015721	26	7	51	3	17	60
FBGN0033961	1576	1815	1615	1591	1705	1516
FBGN0033257	24	1	68	61	45	27
FBGN0034394	18	98	125	50	17	5
FBGN0265538	0	0	0	0	0	0
FBGN0033738	4810	5845	5250	4573	5169	5142
FBGN0261545	2791	3228	2870	1897	2418	2425
FBGN0034706	6422	5364	5895	5821	6054	7523
FBGN0028371	33358	36718	34124	32406	33402	35558
FBGN0011604	24045	23821	24227	21304	22689	23890
FBGN0062440	1641	1374	1427	994	998	784
FBGN0033644	28	40	74	39	6	0
FBGN0027054	4827	5281	4902	4170	4345	5043
FBGN0262819	4	30	4	4	5	2
FBGN0000326	1717	2003	1557	1316	1213	1421
FBGN0085223	2	27	7	19	0	27
FBGN0261786	4374	4848	4465	3936	4050	4001
FBGN0033081	5643	6420	5992	6453	6087	6909
FBGN0053198	618	858	737	648	780	733
FBGN0033279	0	18	16	9	6	2
FBGN0033177	2586	2755	2070	1917	1943	2280
FBGN0024232	61	22	109	116	90	136
FBGN0033210	3389	3765	3559	2942	3279	3406
FBGN0050187	645	545	571	275	359	510
FBGN0035024	5779	6229	6062	5413	5464	5385
FBGN0034329	0	0	0	16	2	12
FBGN0040777	7352	7425	7592	6896	8938	8498
FBGN0263084	0	0	8	9	10	0
FBGN0025352	10490	11959	11354	9389	11220	11416
FBGN0262476	18	42	56	89	57	22
FBGN0034403	2112	2240	2005	1638	2145	1979
FBGN0050158	14	11	33	8	15	14
FBGN0050383	312	234	334	183	264	260
FBGN0034487	13	15	20	32	29	22
FBGN0022986	6078	5915	6576	6781	7549	7514
FBGN0034515	12	0	3	15	38	4
FBGN0034973	8	8	7	0	2	0
FBGN0033135	0	0	0	21	22	6
FBGN0034021	2540	2559	2856	2943	3167	3399
FBGN0033766	10161	9469	10618	9913	10836	10551
FBGN0050120	61	127	112	34	70	36
FBGN0041579	12	0	46	7	7	14
FBGN0004580	17	14	43	36	37	1
FBGN0033055	3105	3036	2952	2654	3228	3274
FBGN0259678	43	71	141	47	78	37
FBGN0261853	0	0	0	0	5	0
FBGN0035003	0	0	2	12	18	4
FBGN0262570	10	6	154	35	35	27
FBGN0013467	21	36	24	12	10	0
FBGN0259985	1198	1441	1621	1427	1505	1619
FBGN0033443	499	609	542	307	326	396
FBGN0050356	22	66	35	57	12	18
FBGN0034096	8	3	13	7	10	2
FBGN0010549	1614	1332	1743	1161	1252	1099
FBGN0259211	52521	62359	56486	47211	48501	49644
FBGN0034577	5272	7661	6339	5707	6354	5851
FBGN0053964	1195	910	846	882	925	860
FBGN0033484	18	21	33	75	61	73
FBGN0033970	3	12	4	9	41	24
FBGN0050083	14	6	28	23	37	7
FBGN0261854	10932	12931	11862	9540	10696	10425
FBGN0085408	26973	27894	26030	25050	25969	27386
FBGN0033351	4452	4841	4976	3778	4324	4303
FBGN0033789	29	39	1550	4	5	0
FBGN0033785	5750	6467	6211	3796	4698	4397
FBGN0033905	240	184	201	284	229	326
FBGN0034844	47	14	37	53	28	40
FBGN0003091	110	179	167	115	145	93
FBGN0028561	32	52	43	40	45	50
FBGN0022027	1121	1258	1310	878	962	967
FBGN0027495	8365	9270	8899	7122	7318	7727
FBGN0002567	595	999	947	614	846	876
FBGN0050392	641	764	792	756	780	657
FBGN0034545	4	7	19	23	6	2
FBGN0033724	200	211	198	146	94	88
FBGN0085425	47	59	121	25	40	29
FBGN0033886	11354	13115	11849	9934	11491	12182
FBGN0028424	14	48	474	36	2	46
FBGN0033168	0	0	10	0	1	1
FBGN0034351	1728	1630	1852	1673	1796	1706
FBGN0261596	50247	53174	50491	49306	57295	55572
FBGN0034032	1108	1043	1273	1209	1154	1364
FBGN0034605	104	107	123	196	173	168
FBGN0046692	2025	2096	2059	1430	1897	1446
FBGN0250822	0	3	5	3	0	1
FBGN0020312	6254	7155	7110	4943	6062	6572
FBGN0005648	11066	8780	9955	8131	10684	9658
FBGN0050287	7	18	42	25	18	16
FBGN0010052	0	56	14	30	42	36
FBGN0063497	70	150	566	52	146	51
FBGN0034624	10	6	14	11	11	5
FBGN0259728	392	309	384	321	327	359
FBGN0033708	15	26	86	62	47	62
FBGN0033566	2816	2998	3140	2815	2872	2722
FBGN0003527	0	20	5	25	1	35
FBGN0263116	18	0	41	42	16	4
FBGN0035023	1367	1409	1429	1233	1219	1130
FBGN0041240	14	1	45	17	3	2
FBGN0263076	65	56	70	61	49	31
FBGN0033769	332	381	369	377	579	562
FBGN0035039	1063	814	886	868	1082	982
FBGN0033557	3493	2946	3216	3675	4517	4683
FBGN0033402	2533	2667	3252	2590	3468	2870
FBGN0033969	24	41	10	22	14	6
FBGN0033887	14	29	10	12	11	2
FBGN0034717	68	69	311	41	31	73
FBGN0034639	46	85	61	43	35	41
FBGN0042180	641	668	602	806	789	892
FBGN0029105	16	24	39	36	52	29
FBGN0034324	0	0	2	11	11	19
FBGN0053458	24	57	22	6	8	3
FBGN0034072	23131	26967	24831	16129	17455	17153
FBGN0033340	871	976	1078	570	700	651
FBGN0034650	2502	2482	2280	2168	2003	2059
FBGN0034664	1	60	361	10	3	16
FBGN0259682	149	318	1497	75	94	104
FBGN0005636	1553	1762	1875	960	1171	1317
FBGN0259709	44	62	16	46	99	49
FBGN0039969	1671	1521	1800	1508	2060	1697
FBGN0033507	1514	1089	1786	1342	1710	1669
FBGN0263848	2	12	9	31	8	0
FBGN0050343	67	43	62	62	99	86
FBGN0033479	644	589	535	606	643	665
FBGN0040732	54	322	1381	25	88	64
FBGN0015247	2865	2756	2668	2557	2441	2860
FBGN0034510	3	8	5	0	6	7
FBGN0010488	87661	94619	91335	66917	76646	75766
FBGN0033792	18	61	291	44	30	40
FBGN0014870	20599	22905	22864	16107	17973	18682
FBGN0034479	162	230	145	164	105	140
FBGN0050285	48	29	50	34	14	21
FBGN0033391	3286	3152	3434	2927	3331	3470
FBGN0026136	20	11	14	19	8	18
FBGN0050172	12	3	10	3	15	0
FBGN0034060	6208	6518	6144	5327	5838	6189
FBGN0085426	32	30	73	48	18	32
FBGN0034908	2356	2456	2166	2266	2415	2183
FBGN0035021	2371	1968	2797	1973	2179	1948
FBGN0058191	5002	5631	5099	4102	5462	4981
FBGN0033222	17	31	36	20	20	11
FBGN0050418	2086	2422	2214	1932	2077	2303
FBGN0050461	34	29	0	6	28	5
FBGN0050476	400	448	363	286	422	271
FBGN0259210	65	73	72	103	88	43
FBGN0034364	11	5	149	31	17	16
FBGN0040736	2	7	16	15	0	16
FBGN0034602	9	5	116	5	38	8
FBGN0033032	5551	5823	5573	5360	6692	5512
FBGN0033875	1450	2295	1787	1107	1638	1543
FBGN0034439	28	53	20	53	30	28
FBGN0004795	18	15	52	75	34	74
FBGN0004362	55697	59071	56030	68505	72776	73357
FBGN0033204	20	46	41	39	28	15
FBGN0262583	59	19	57	76	57	18
FBGN0033591	21	5	24	21	4	24
FBGN0034420	3334	3078	2973	2868	3354	3376
FBGN0259187	30	26	25	18	36	27
FBGN0287775	29699	33408	31343	20111	22449	24114
FBGN0267792	591	704	906	553	516	454
FBGN0033701	14	0	1	2	6	0
FBGN0000715	0	20	0	2	5	14
FBGN0034982	4774	5983	5688	4558	5377	5747
FBGN0034918	2390	2980	2670	2103	2054	2585
FBGN0028955	108	243	191	82	102	90
FBGN0028372	1147	1255	1035	1070	1117	951
FBGN0021847	2224	2533	2060	2174	1895	2096
FBGN0033523	758	637	788	658	912	754
FBGN0033727	26	9	18	1	11	14
FBGN0033427	2085	2787	2498	1870	2258	2282
FBGN0016984	7717	8985	8143	7391	7896	8285
FBGN0034582	0	5	33	16	14	17
FBGN0035083	5790	5330	5016	5694	6125	6714
FBGN0026403	30	78	153	94	70	48
FBGN0033372	1416	1453	1180	1684	1646	1666
FBGN0050073	11	7	0	39	0	23
FBGN0262026	1698	1442	1725	1532	1446	1753
FBGN0034683	13	16	5	21	24	8
FBGN0033547	416	334	356	366	365	440
FBGN0010228	15675	14815	14398	25966	33312	32693
FBGN0050075	7	1	9	7	5	9
FBGN0033307	25	5	12	7	17	7
FBGN0053998	0	0	17	10	1	0
FBGN0033998	29751	30841	29421	29374	31237	33343
FBGN0086358	4723	5177	5259	4003	4346	4254
FBGN0004400	469	437	458	242	410	329
FBGN0033629	4	22	24	31	13	21
FBGN0050076	41	26	58	58	6	8
FBGN0013771	28	16	171	27	22	22
FBGN0264330	0	1	15	9	3	0
FBGN0033490	163	137	57	93	87	159
FBGN0034854	10178	12062	10913	7799	9410	8691
FBGN0033726	27	5	0	4	16	8
FBGN0042198	2	4	4	5	1	0
FBGN0053147	62	44	54	53	21	14
FBGN0033723	4	0	13	0	5	4
FBGN0034743	72861	83064	77625	68381	74584	83859
FBGN0034429	1	15	76	12	15	4
FBGN0013954	16489	18565	18719	16137	16443	17722
FBGN0026721	622	597	1299	193	254	247
FBGN0034204	44	37	43	67	75	59
FBGN0001276	1026	846	952	764	858	906
FBGN0033448	33	70	301	22	71	89
FBGN0033935	1208	1395	1568	1017	1116	1087
FBGN0021872	16386	19705	18820	13594	14751	16005
FBGN0260932	159	90	151	78	154	141
FBGN0034231	1070	1256	1367	1189	1381	1187
FBGN0085452	13	14	8	19	9	11
FBGN0260761	4	0	4	4	0	12
FBGN0033165	3	6	3	1	5	14
FBGN0010342	22735	21820	20866	19725	22188	23281
FBGN0259968	0	2	4	2	11	0
FBGN0028737	34397	36260	36591	33435	36806	39650
FBGN0259246	114	68	134	184	157	274
FBGN0033224	12079	14130	12044	9197	9608	10591
FBGN0033615	1852	1659	1424	1273	1680	1610
FBGN0085214	2	5	11	10	11	11
FBGN0266420	8839	9100	8933	10486	10464	12133
FBGN0033214	16	20	72	13	7	8
FBGN0033292	26	47	225	46	14	7
FBGN0050093	6	0	8	3	0	0
FBGN0033868	0	20	8	21	6	35
FBGN0003660	9060	10338	9581	6686	7692	7166
FBGN0263144	13956	15591	14478	10575	12163	12428
FBGN0034422	2061	2120	1991	2213	2517	2186
FBGN0086757	1798	1834	1724	1378	1479	1567
FBGN0033368	43	25	74	88	22	15
FBGN0034786	3390	3308	4032	2304	2778	2971
FBGN0050268	43	20	77	18	18	55
FBGN0004512	4519	5427	5623	4119	4469	4609
FBGN0050372	7223	7646	7354	6111	6631	7326
FBGN0033902	14712	16667	15798	14523	16213	17503
FBGN0034721	1	0	0	8	10	6
FBGN0000473	20	37	42	33	24	49
FBGN0284249	5865	7533	6901	5228	6173	6011
FBGN0035044	574	596	658	639	655	507
FBGN0000546	18597	22790	23682	23140	20580	21152
FBGN0033110	56	23	91	82	40	35
FBGN0011300	8566	8594	8682	6393	6916	7314
FBGN0033933	0	6	41	19	15	26
FBGN0050468	0	40	21	66	24	15
FBGN0264377	0	6	0	4	0	10
FBGN0034406	85	260	1673	112	59	39
FBGN0033782	90	102	456	95	72	81
FBGN0260223	558	686	647	684	877	656
FBGN0001220	17306	17908	17100	13840	14734	15111
FBGN0026533	23404	26667	26303	20531	22718	22103
FBGN0022984	6711	7234	6646	7580	8696	9013
FBGN0034913	2152	2520	2661	1799	1921	1988
FBGN0026261	1910	1970	2031	1313	1642	1748
FBGN0027783	13758	13600	14705	13245	14146	14813
FBGN0026582	1018	1223	1180	1038	1046	1215
FBGN0034053	22	44	23	31	18	29
FBGN0034509	0	1	0	12	5	1
FBGN0027580	5422	4720	8322	5131	4705	5756
FBGN0033428	3774	3537	3363	3094	3807	3678
FBGN0259726	722	479	519	561	580	484
FBGN0050081	24	76	48	115	66	105
FBGN0011674	534	723	844	507	488	684
FBGN0003174	14338	14622	15750	14406	12565	14608
FBGN0034736	4	16	108	21	12	53
FBGN0033677	1070	991	986	943	1076	1202
FBGN0033429	208	219	181	176	205	209
FBGN0003071	6545	6955	7465	6474	6243	6852
FBGN0050096	532	603	473	415	556	421
FBGN0033540	4494	5012	4752	3524	3606	3866
FBGN0085442	14760	15717	15125	12838	13797	13599
FBGN0054038	454	227	521	249	340	274
FBGN0035011	3	2	5	3	5	4
FBGN0034612	96	108	221	85	59	14
FBGN0025830	3184	3391	3174	3137	3202	3572
FBGN0034271	2315	3501	2708	2181	2552	2329
FBGN0025454	171	343	1784	71	149	101
FBGN0033389	83	136	98	136	133	233
FBGN0262481	0	6	19	0	4	0
FBGN0261538	32	24	89	35	17	36
FBGN0033469	2	2	6	30	11	7
FBGN0050045	14	18	1	5	8	6
FBGN0034962	4665	5348	5100	4006	4342	5136
FBGN0035086	75	11	79	73	56	92
FBGN0034345	12512	12570	13149	10664	12070	12212
FBGN0053144	6399	6848	6734	6038	5619	6218
FBGN0261611	42	58	53	71	43	21
FBGN0265877	340	369	635	1237	256	452
FBGN0261067	1221	1474	1187	1113	1228	1521
FBGN0033809	57	71	151	80	94	90
FBGN0034622	52	57	73	96	84	95
FBGN0261269	7333	7422	6873	7462	7760	7696
FBGN0263120	8084	9780	9481	8107	9357	8709
FBGN0026369	7473	8105	7502	5882	7167	6873
FBGN0050404	2777	2961	2733	2539	2611	3083
FBGN0033836	804	512	576	708	607	606
FBGN0063495	130	67	114	131	79	113
FBGN0050054	931	834	760	886	1121	928
FBGN0034674	2888	3510	3426	2491	2353	2439
FBGN0034051	9580	9893	9055	8213	10282	10059
FBGN0000577	11142	11895	10355	9127	8899	9821
FBGN0261698	38	155	166	135	117	131
FBGN0025716	8916	10611	8913	7355	8200	8641
FBGN0034925	850	755	900	631	982	889
FBGN0033645	1	8	72	15	23	6
FBGN0033610	143	68	46	113	131	137
FBGN0001148	27	17	22	39	64	29
FBGN0034484	11	23	45	49	11	19
FBGN0033258	680	1086	913	931	846	858
FBGN0260964	32	11	73	32	20	4
FBGN0050088	14	11	4	11	18	3
FBGN0053530	8	9	11	6	29	9
FBGN0050203	16	8	34	36	26	8
FBGN0033725	23631	33075	27207	7036	12259	5568
FBGN0033047	91	25	28	69	16	12
FBGN0033482	11912	12973	12679	10535	12148	11760
FBGN0263397	113	169	244	128	147	76
FBGN0050077	633	757	801	504	691	653
FBGN0019928	4	0	0	0	21	1
FBGN0283437	806	664	1032	639	523	582
FBGN0261850	3122	3814	3180	3089	3285	3581
FBGN0033275	18	9	2	6	24	23
FBGN0033130	55	12	24	102	144	79
FBGN0050410	3815	3869	3685	3894	4347	4915
FBGN0034172	969	1091	1011	718	924	784
FBGN0034218	5	25	6	8	4	6
FBGN0034942	1	12	30	16	22	1
FBGN0265186	21	17	131	77	35	24
FBGN0033404	27	15	36	7	15	10
FBGN0033737	4495	3437	3883	3720	4512	5323
FBGN0265192	2838	3086	2946	2163	2783	2809
FBGN0033993	1087	1111	876	879	901	799
FBGN0034838	4	0	0	4	12	1
FBGN0050114	7	12	1	8	5	6
FBGN0050085	7315	6961	7428	8824	9820	10367
FBGN0034321	23	14	37	29	17	13
FBGN0035041	15	33	109	38	25	6
FBGN0034095	104	126	100	122	80	188
FBGN0034583	1637	1670	2630	2152	2733	3003
FBGN0002930	100	112	581	99	207	115
FBGN0263006	29824	35540	34068	25049	29097	28169
FBGN0033736	18	10	10	21	56	112
FBGN0034326	12	7	2	19	21	11
FBGN0053626	0	8	0	0	7	12
FBGN0033609	5633	6270	5527	5225	5172	5264
FBGN0034641	14805	16229	16797	13463	13836	14303
FBGN0033438	5052	7552	6982	3672	4733	4317
FBGN0034194	1745	1883	2093	1610	1400	1825
FBGN0260767	17	14	0	8	10	26
FBGN0004698	14584	15066	15785	15486	17817	17473
FBGN0033527	869	892	969	1006	1056	881
FBGN0033439	31	94	125	25	53	13
FBGN0034295	28	28	126	66	12	4
FBGN0259185	41	27	30	42	32	48
FBGN0034742	12668	13177	12162	8550	10207	9042
FBGN0034915	6563	7487	6121	5755	6948	6913
FBGN0262166	2222	3029	2362	1861	2107	1999
FBGN0085400	13325	16090	14325	9751	10949	11362
FBGN0266438	913	1099	820	897	1170	889
FBGN0263029	0	11	32	4	6	12
FBGN0024315	97	53	90	51	65	45
FBGN0034869	0	0	8	50	2	2
FBGN0034534	1776	1962	1703	1121	1529	1264
FBGN0085256	447	241	222	301	290	210
FBGN0033574	550	377	587	604	621	439
FBGN0033752	1448	1781	1835	1466	1616	1880
FBGN0022160	504	732	702	555	659	613
FBGN0016687	16574	17235	17006	13139	14183	14470
FBGN0045063	5145	5636	4791	4740	4771	4809
FBGN0085245	8	18	33	18	16	15
FBGN0034292	17	3	24	20	9	47
FBGN0085473	0	0	3	14	14	15
FBGN0033232	1348	1428	1317	1129	1321	1218
FBGN0034210	1386	1381	1386	1259	1557	1474
FBGN0010660	23349	24474	25081	22621	25005	24787
FBGN0033813	443	544	440	325	528	360
FBGN0034186	1968	2018	2041	1712	1939	1887
FBGN0003082	6184	6132	4971	2749	3479	3267
FBGN0033692	1537	1726	1504	1609	1514	1773
FBGN0053988	71	91	142	81	107	128
FBGN0034827	25	4	27	34	4	11
FBGN0050183	7642	7821	7586	6960	7132	7843
FBGN0053544	9	10	1	25	6	5
FBGN0034264	3826	4094	4048	3222	3317	3871
FBGN0034606	17878	21257	18812	16500	17576	18036
FBGN0015582	1392	1535	1405	1589	1600	1493
FBGN0263998	22805	24917	24097	19884	22276	23813
FBGN0027079	9438	10267	9479	8606	9261	9380
FBGN0283521	79464	93607	88948	65730	70977	68962
FBGN0053348	4	43	51	25	2	0
FBGN0085436	77255	80733	80239	67295	73094	73356
FBGN0028560	22	37	37	49	5	10
FBGN0033031	45	20	34	32	14	13
FBGN0034861	29	37	66	71	144	136
FBGN0260392	1242	1214	1500	1129	1269	1295
FBGN0263271	12	0	0	9	0	0
FBGN0050438	332	257	395	164	120	132
FBGN0033358	11	14	8	10	4	5
FBGN0050485	20	41	37	82	15	14
FBGN0263021	7	28	11	3	11	36
FBGN0011763	10425	10590	10639	11231	12259	11277
FBGN0000079	58	70	55	34	54	48
FBGN0026722	5524	6389	7255	5746	5925	6356
FBGN0033086	300	277	377	321	318	399
FBGN0013307	13	37	140	65	25	33
FBGN0014028	6252	6044	5490	5173	5957	6179
FBGN0033134	49	57	128	48	64	40
FBGN0034427	1	30	21	17	2	2
FBGN0033761	1314	1131	1306	1140	1227	1372
FBGN0004133	10639	11949	11737	11686	10964	12912
FBGN0034784	18	66	121	9	7	15
FBGN0000241	63	48	46	66	39	72
FBGN0033863	51	86	50	103	39	69
FBGN0033302	68	137	463	16	34	31
FBGN0022985	4508	5306	4606	4169	4365	4859
FBGN0034400	10034	12912	12378	9158	10394	9678
FBGN0034822	6	0	4	13	4	8
FBGN0033074	411	357	518	291	374	225
FBGN0033124	22	57	141	71	30	62
FBGN0033344	14	22	46	46	24	23
FBGN0040674	0	0	0	5	3	4
FBGN0033889	5963	6380	6358	8719	9296	8929
FBGN0014269	4120	4751	3983	4290	4641	5186
FBGN0034707	3073	3599	3191	2452	2669	2935
FBGN0026427	33310	34559	36158	30685	35167	31551
FBGN0035047	2197	2313	2041	1963	2193	2286
FBGN0034502	29	22	23	49	23	16
FBGN0284235	994	1388	1197	693	819	620
FBGN0003090	14218	18166	15407	10698	10847	11267
FBGN0265011	18775	19677	19328	14126	15199	13015
FBGN0287825	4651	4982	5417	4631	4994	5295
FBGN0040294	6590	7327	6646	7060	7022	7299
FBGN0033903	242	299	230	325	331	399
FBGN0033405	126	148	131	114	93	107
FBGN0033149	1381	1675	1562	1032	1047	829
FBGN0024249	0	1	15	8	8	33
FBGN0085453	644	506	732	467	418	552
FBGN0034985	11407	15035	13334	15896	18198	21237
FBGN0033705	4	0	2	34	4	20
FBGN0053752	182	234	201	166	197	173
FBGN0034921	3479	3902	3875	3195	3562	4133
FBGN0020521	30441	43285	34685	19503	24153	22252
FBGN0027513	1144	1522	1424	1343	1362	1557
FBGN0027506	4927	5395	5267	4505	4586	4077
FBGN0034538	20	73	141	40	36	3
FBGN0263121	18165	17195	15683	14200	17691	17168
FBGN0086604	71	41	69	84	36	55
FBGN0052843	1261	1856	1719	629	785	667
FBGN0033912	60795	65479	62567	53193	62937	63241
FBGN0034924	48	88	141	166	125	124
FBGN0016053	2	5	7	7	0	9
FBGN0050000	1592	1898	1692	1765	2235	2021
FBGN0033133	25	171	590	70	170	81
FBGN0033635	194	352	335	147	133	114
FBGN0026309	5653	5892	5702	5238	5451	5697
FBGN0034085	157	352	507	88	211	100
FBGN0033672	2748	2514	2427	2299	2512	2486
FBGN0050181	17	27	5	10	33	25
FBGN0033475	1302	1477	1372	1529	1653	1526
FBGN0033100	1522	1680	1694	1722	1725	1629
FBGN0034820	0	1	4	8	12	0
FBGN0267824	4685	4338	5344	4911	4788	6602
FBGN0040513	614	554	682	620	691	746
FBGN0033911	392	433	417	643	561	359
FBGN0085397	13238	14834	13448	11971	13255	13118
FBGN0033400	3524	2933	3350	2200	3048	2769
FBGN0262124	11209	12147	11898	9086	10838	9028
FBGN0063491	6	20	32	20	7	4
FBGN0041242	16	3	24	10	3	13
FBGN0005614	28	47	54	51	53	54
FBGN0050033	0	0	0	0	8	3
FBGN0050197	83	92	105	117	114	94
FBGN0033504	1528	1950	2966	2255	1764	2361
FBGN0054054	33	23	45	38	18	66
FBGN0033683	711	1236	1349	792	863	688
FBGN0050125	13	22	32	35	18	28
FBGN0013348	0	19	18	12	13	8
FBGN0050366	17	2	14	8	9	2
FBGN0040743	35	21	22	56	32	5
FBGN0002533	4089	3020	2527	6043	2627	6472
FBGN0050373	393	361	410	430	559	404
FBGN0034094	103	113	255	207	174	130
FBGN0284257	4612	4351	4252	4385	4921	5204
FBGN0033460	12450	14880	14504	11171	11375	12389
FBGN0263980	235	193	267	206	232	129
FBGN0085259	30	62	52	27	50	61
FBGN0050291	3003	4444	3921	2688	2789	3045
FBGN0028579	3440	3610	3423	2630	2927	2886
FBGN0053182	5490	6717	5998	5336	5466	5404
FBGN0019938	11776	11451	11878	9486	11141	11482
FBGN0050488	7	0	18	0	21	6
FBGN0037084	706	650	736	829	672	780
FBGN0034904	23	32	16	31	26	15
FBGN0034258	60991	62794	59851	54970	60763	65373
FBGN0034789	67	62	77	61	76	47
FBGN0050035	392	698	1925	265	322	199
FBGN0033521	57	63	134	125	67	118
FBGN0003044	12555	12859	13762	12037	13432	13625
FBGN0050148	28	15	152	40	14	41
FBGN0033017	3731	4000	4140	3219	4208	3957
FBGN0260401	979	843	1031	922	887	1011
FBGN0033501	5	57	10	23	33	9
FBGN0050052	5	12	54	32	13	41
FBGN0261387	7350	8055	7429	6483	8085	7053
FBGN0050048	26	33	47	64	24	69
FBGN0263000	9	16	68	100	18	19
FBGN0035069	5	5	10	0	0	0
FBGN0033159	16231	18893	16810	10877	11600	11388
FBGN0033844	2566	2571	2981	2899	3392	3388
FBGN0033196	6	29	72	34	39	15
FBGN0261385	36010	36531	36249	34409	35235	37002
FBGN0063494	46	50	107	7	18	36
FBGN0287774	3870	3402	3426	3718	4446	4512
FBGN0042173	5025	5001	4494	3030	3406	3458
FBGN0033812	2188	2402	2849	1877	2097	2419
FBGN0016131	4745	5056	4726	3812	4602	4299
FBGN0003545	2998	2633	2796	2757	3588	3098
FBGN0033916	3863	4251	3805	2896	3165	3204
FBGN0033388	39	51	55	25	19	11
FBGN0011660	3343	3394	3328	3998	4611	4514
FBGN0025469	477	521	449	514	496	503
FBGN0050350	63	124	89	164	153	99
FBGN0027596	9128	10044	10585	9251	9672	11025
FBGN0010278	20945	22520	21472	18717	20139	20946
FBGN0034390	4751	3824	4865	3522	3456	4043
FBGN0033054	37	24	8	18	18	12
FBGN0010114	47	29	65	60	52	70
FBGN0033873	4	0	9	10	24	24
FBGN0034808	226	310	648	312	327	234
FBGN0033243	7	24	0	26	11	19
FBGN0261673	412	523	238	162	180	155
FBGN0034667	25	28	42	46	25	19
FBGN0033891	547	467	485	505	399	436
FBGN0033690	725	720	681	463	600	715
FBGN0085263	65	134	88	127	134	86
FBGN0013772	8	33	54	38	8	14
FBGN0265191	3535	3130	3827	4134	4073	4246
FBGN0023441	13854	16564	14286	10716	11061	11775
FBGN0013325	43946	54588	47874	45913	48281	56912
FBGN0034488	6356	6395	6640	4559	5618	5443
FBGN0003256	6510	7989	7064	6820	8123	6446
FBGN0262739	25823	32869	28396	21870	24114	25127
FBGN0053519	467	871	429	347	254	341
FBGN0034997	4179	3255	4524	2964	3200	3266
FBGN0013548	2944	3269	2929	3958	4007	3984
FBGN0050278	10	5	33	24	5	17
FBGN0011236	3107	3054	3924	4740	4316	5079
FBGN0033653	959	1115	1184	831	1038	973
FBGN0033778	6	57	8	72	16	32
FBGN0034728	4617	4505	4357	5368	5514	5265
FBGN0033787	49	55	703	68	13	62
FBGN0050094	294	526	535	372	453	375
FBGN0034462	8263	9134	8217	3939	4685	4278
FBGN0053527	1	10	0	0	0	1
FBGN0034225	256	294	857	99	126	56
FBGN0050359	448	729	2622	386	461	452
FBGN0263102	53316	58550	57054	48614	48642	51055
FBGN0033317	7034	6936	6963	4595	5402	5115
FBGN0033304	22	6	88	27	34	0
FBGN0033185	1989	1950	1882	1431	2044	2148
FBGN0013732	3947	3926	3892	3669	4247	4322
FBGN0034537	4089	4205	4278	4613	5242	5052
FBGN0015949	24041	26311	24196	19234	21185	20731
FBGN0050375	11	0	22	33	20	8
FBGN0262820	0	2	15	9	6	7
FBGN0283480	5	0	1	6	40	7
FBGN0034907	34	0	3	16	0	4
FBGN0027548	14549	16325	14642	12537	14064	14452
FBGN0034113	3180	3439	3383	3415	3506	3325
FBGN0259729	0	3	8	8	11	30
FBGN0033784	2536	2903	2329	3531	3954	3959
FBGN0261439	10370	10826	10771	9785	11034	11740
FBGN0020506	33	17	6	40	20	4
FBGN0033601	12	0	9	7	0	3
FBGN0033132	28	82	157	56	50	36
FBGN0034530	723	717	609	508	630	733
FBGN0034803	450	802	880	602	781	615
FBGN0022740	7	4	31	41	12	12
FBGN0053476	6	18	16	2	9	2
FBGN0053757	7	10	0	20	17	5
FBGN0034490	67	38	118	17	33	12
FBGN0260798	8553	10286	10204	6438	8509	6607
FBGN0028497	2874	3328	3244	2314	2506	2711
FBGN0034288	9	88	248	6	11	41
FBGN0033733	10	28	42	54	9	6
FBGN0053506	1342	1514	1188	1277	1773	1413
FBGN0034069	4	46	48	11	13	13
FBGN0034552	10	10	22	27	20	10
FBGN0026602	571	543	850	468	449	614
FBGN0033316	2628	2574	2505	2381	2675	2459
FBGN0034010	15	118	702	54	64	35
FBGN0022960	5084	4983	4783	4846	4454	4698
FBGN0003353	1771	1993	2119	1156	1583	1461
FBGN0286784	53010	60530	56617	46568	52903	55895
FBGN0034243	9914	9871	9525	9853	11718	11772
FBGN0286813	22177	25372	23446	19948	21417	21121
FBGN0027525	6639	7853	6784	5755	5985	6401
FBGN0035004	14	14	9	8	0	15
FBGN0033594	14	21	14	8	19	0
FBGN0026393	318	628	494	377	406	236
FBGN0034054	1320	1365	1300	938	1220	967
FBGN0034576	2256	2021	1835	2206	2188	2190
FBGN0033041	24	44	31	17	20	23
FBGN0033229	4990	5338	4876	3698	3743	3876
FBGN0040502	4	0	1	2	23	5
FBGN0085390	76	93	91	62	103	68
FBGN0284246	2944	3324	3244	3228	3282	3605
FBGN0050005	377	481	434	316	501	319
FBGN0033654	839	712	1142	581	715	821
FBGN0034249	7171	7656	7551	7857	8455	8666
FBGN0025334	2	0	0	15	4	7
FBGN0263113	113	137	335	236	233	127
FBGN0033729	0	0	0	26	17	22
FBGN0027585	17158	17984	18036	18174	19154	20322
FBGN0050108	322	286	377	282	239	270
FBGN0035046	1749	1069	1090	1308	1437	1429
FBGN0034435	38	9	78	39	39	33
FBGN0053200	50	54	51	33	38	26
FBGN0275436	1201	1307	963	1198	1218	1224
FBGN0034433	2059	2514	2182	2202	2703	2847
FBGN0010316	4081	3806	4199	4103	4132	4753
FBGN0261041	108	26	69	140	66	48
FBGN0033582	33	19	96	14	21	5
FBGN0033277	5	6	14	11	4	4
FBGN0023477	9398	9407	8614	7227	7506	8545
FBGN0262807	0	0	0	0	0	0
FBGN0034290	119	308	3242	37	64	57
FBGN0033350	1078	1220	1236	1183	953	1119
FBGN0033983	15	28	27	41	37	27
FBGN0035070	3	8	26	6	13	19
FBGN0034248	577	451	649	549	558	591
FBGN0011296	609	284	907	151	155	96
FBGN0260959	8812	8215	8092	7706	8552	8464
FBGN0033985	20	8	30	42	4	22
FBGN0034662	187	503	2660	164	91	118
FBGN0002534	444	308	480	2201	609	1672
FBGN0263999	24	30	33	31	49	27
FBGN0034659	27	17	2	30	3	14
FBGN0053145	2084	2253	2043	1707	2110	2038
FBGN0028669	14	48	29	69	29	64
FBGN0034880	474	523	614	627	509	661
FBGN0034423	24	36	2	21	20	25
FBGN0033973	484	580	696	469	516	543
FBGN0003391	68385	76728	70780	62126	68164	69604
FBGN0026378	1408	1374	1433	1387	1483	1361
FBGN0001091	8906	9048	10582	15778	17928	19844
FBGN0033872	2	26	8	8	0	3
FBGN0288232	19	34	494	16	14	32
FBGN0034481	0	0	18	10	4	2
FBGN0050325	32	29	43	72	58	60
FBGN0033366	41	96	598	80	38	20
FBGN0265762	0	0	7	9	4	3
FBGN0025578	0	61	34	46	10	42
FBGN0033079	301	161	225	55	132	114
FBGN0033129	1	16	7	12	3	20
FBGN0016641	7212	8470	8234	6559	7704	8021
FBGN0034816	356	326	212	136	238	267
FBGN0015872	782	864	764	349	519	479
FBGN0034783	28	38	15	38	23	25
FBGN0033216	33	10	46	21	15	3
FBGN0264560	11187	14180	13339	9491	11352	11474
FBGN0026754	6	9	55	38	54	8
FBGN0034842	8	28	9	20	15	16
FBGN0061198	486	461	480	447	773	455
FBGN0034313	7820	8785	8240	6777	7586	7360
FBGN0001319	4008	4937	3877	3246	3483	3925
FBGN0033650	31	54	32	60	29	11
FBGN0033453	1277	1607	1686	1293	1585	1362
FBGN0035057	1625	1664	1351	1590	1913	1966
FBGN0035032	9232	9785	9678	9082	9673	10513
FBGN0034928	433	307	285	485	346	536
FBGN0034989	4029	5331	4456	3644	3840	4368
FBGN0041233	32	2	15	12	8	1
FBGN0034703	1576	1685	1756	1726	2026	2092
FBGN0033948	772	736	890	764	531	695
FBGN0054005	13	10	3	8	11	8
FBGN0033212	14258	16592	15215	11522	13449	12414
FBGN0033067	35	17	36	16	16	33
FBGN0086519	14	25	4	13	17	4
FBGN0050379	0	38	5	25	32	11
FBGN0033373	216	384	542	385	422	389
FBGN0262116	757	1009	1013	743	958	788
FBGN0033128	28	15	18	10	11	37
FBGN0050042	24	7	47	6	6	18
FBGN0000008	3659	4910	4062	3382	3775	4238
FBGN0034142	8948	8815	8657	9181	10203	10543
FBGN0033931	16	8	2	10	3	20
FBGN0033649	1656	2548	2006	1492	1853	1653
FBGN0033072	16	4	74	49	71	51
FBGN0034788	18	23	7	10	7	67
FBGN0261397	7201	8541	8294	6837	7220	7136
FBGN0034688	735	815	948	605	972	855
FBGN0034099	10	0	9	13	5	21
FBGN0033169	2887	2768	2971	2365	3175	2957
FBGN0000581	32115	36886	33284	30932	31584	32198
FBGN0035077	8	0	15	8	11	14
FBGN0085248	0	0	0	7	7	1
FBGN0003274	59595	70119	70867	67163	67242	77068
FBGN0034859	3219	3140	3095	2073	2266	2410
FBGN0033685	19	104	21	19	6	42
FBGN0033593	44	71	47	15	24	21
FBGN0034477	25	18	51	26	24	12
FBGN0034958	2539	2599	3068	2077	2322	2476
FBGN0033167	0	6	3	0	5	0
FBGN0050484	22	22	38	31	24	36
FBGN0033020	1	10	16	38	9	9
FBGN0259238	2732	2155	2697	1974	2343	1686
FBGN0034143	645	426	534	270	326	307
FBGN0086677	55	49	71	43	45	32
FBGN0264298	8	1	14	38	11	2
FBGN0028563	2370	2662	2665	2811	2631	3126
FBGN0262515	6463	6430	6885	5002	5520	6561
FBGN0266439	403	338	483	403	357	347
FBGN0033584	64	66	34	87	138	107
FBGN0033015	6634	7165	6472	4868	5511	5318
FBGN0034634	730	785	744	886	895	907
FBGN0040091	431	643	350	534	560	636
FBGN0034572	5931	6719	6434	5756	5629	5703
FBGN0040751	272	299	310	269	236	273
FBGN0043792	168	111	82	157	128	229
FBGN0003009	17	38	10	3	13	44
FBGN0262567	31	9	35	13	25	28
FBGN0034138	63108	63683	64781	52685	63072	62982
FBGN0034521	1649	1693	1743	1158	1205	1419
FBGN0010423	9	23	58	27	45	7
FBGN0033442	4	4	28	13	2	4
FBGN0024196	1891	2231	2125	1691	1709	1701
FBGN0085220	1019	1265	1167	758	844	878
FBGN0033680	1	0	2	20	0	0
FBGN0085415	36	43	14	33	27	5
FBGN0033431	1032	1119	1269	455	613	547
FBGN0011286	391	436	457	363	328	293
FBGN0034819	28	35	2	7	2	3
FBGN0262824	4	0	1	22	0	2
FBGN0267728	2074	2309	2140	2172	2390	2900
FBGN0033166	7012	7331	7009	5535	6178	6167
FBGN0000181	55165	64747	56975	57068	60728	67038
FBGN0263391	32078	34677	31522	28874	30598	29276
FBGN0011589	76	58	93	130	89	63
FBGN0034007	99	48	161	83	105	91
FBGN0026361	1980	1418	1580	1879	2149	2418
FBGN0053469	33	0	24	20	12	6
FBGN0034939	3276	3671	3654	2863	3221	3171
FBGN0034237	62077	64252	61858	64617	70557	74282
FBGN0265174	973	1114	979	706	874	797
FBGN0265045	2890	2813	3020	2180	2565	1989
FBGN0034865	30	24	0	20	7	0
FBGN0020372	12	12	41	6	20	31
FBGN0034578	240	145	201	111	208	212
FBGN0002787	11196	10894	10852	9817	11321	11327
FBGN0050296	49	29	134	78	73	42
FBGN0034590	10102	11101	10897	9310	10340	10119
FBGN0085219	3	15	11	10	8	1
FBGN0033447	30	53	42	93	39	22
FBGN0041087	337	396	332	318	220	190
FBGN0040735	3	0	8	0	3	8
FBGN0033541	3	101	332	25	16	40
FBGN0034569	2883	3185	3161	2949	2937	3261
FBGN0033721	16	32	17	23	26	6
FBGN0002531	10167	6819	5597	9032	4067	10548
FBGN0023171	1211	1320	1380	1253	1542	1238
FBGN0034411	22	6	50	46	24	22
FBGN0261501	0	0	2	1	0	1
FBGN0024234	13531	15457	13805	13423	14670	15925
FBGN0029006	16922	17154	17652	13155	14224	14399
FBGN0033434	3063	3404	2822	2875	3140	3237
FBGN0033971	1726	2551	2014	1529	1850	1995
FBGN0034975	23979	25675	24248	20834	22497	22346
FBGN0011726	28729	31829	30168	29624	34151	30560
FBGN0033934	4247	4503	4577	3024	3366	3646
FBGN0033949	232	159	617	53	125	84
FBGN0288447	0	52	163	21	42	10
FBGN0033494	146	77	135	79	93	61
FBGN0034529	4037	3875	4145	3607	3992	3676
FBGN0033732	22	2	18	17	18	31
FBGN0033955	65	32	22	25	37	23
FBGN0033095	1932	2192	2269	1846	1508	1549
FBGN0014020	17407	17431	17680	16201	17739	16388
FBGN0053475	11	18	0	2	14	2
FBGN0028741	10212	11665	11070	8063	9049	8070
FBGN0028991	3936	5520	4444	4110	4418	4675
FBGN0033819	54	44	29	66	17	31
FBGN0020306	119743	128111	122915	118954	129340	135117
FBGN0034523	1489	1454	1565	1534	1673	1434
FBGN0085341	0	4	21	11	33	8
FBGN0034716	70	57	38	49	63	48
FBGN0261807	3	1	20	13	4	3
FBGN0050087	12	5	3	8	21	50
FBGN0033117	1750	1634	1814	1543	1652	1781
FBGN0261292	14	18	0	6	2	6
FBGN0034759	5	8	25	19	7	2
FBGN0085487	4	18	14	21	6	0
FBGN0005624	15076	16789	16408	14731	15956	15565
FBGN0033572	5	22	6	21	30	24
FBGN0034592	80	26	86	136	123	150
FBGN0050431	32	7	44	44	24	10
FBGN0033693	944	930	875	505	796	556
FBGN0025360	1435	1627	1370	1052	1333	1164
FBGN0034151	2	0	0	8	6	10
FBGN0002736	5797	5803	6253	6524	7420	7166
FBGN0033423	13	0	29	5	3	22
FBGN0040092	34	48	28	82	156	141
FBGN0050394	3232	3767	3363	2628	3110	3056
FBGN0027788	4	4	24	76	18	2
FBGN0034315	5168	5550	5040	3520	3929	4166
FBGN0002715	1158	1137	1065	992	1109	1098
FBGN0033830	22	18	61	10	10	0
FBGN0033474	2035	2448	2264	2017	2052	2157
FBGN0061362	396	436	308	321	412	357
FBGN0022238	4486	5572	4851	3617	4182	4374
FBGN0085254	1	3	0	14	1	1
FBGN0033589	0	3	23	20	6	11
FBGN0050502	4	31	24	23	15	1
FBGN0033287	520	404	522	365	493	397
FBGN0263780	255	377	498	260	314	353
FBGN0034467	6	26	39	28	14	7
FBGN0033864	49	34	113	73	9	117
FBGN0033459	361	341	330	349	399	372
FBGN0033247	2551	2575	2697	2175	2345	2951
FBGN0053774	158	322	214	178	223	113
FBGN0265577	38	70	468	20	52	40
FBGN0262568	15	38	10	7	8	20
FBGN0033379	4569	4779	5027	4657	5266	4866
FBGN0054045	3	1	8	2	3	2
FBGN0034901	70	1736	18363	79	59	11
FBGN0034495	896	1005	739	1017	697	1064
FBGN0013272	87218	97103	94560	70006	75849	76175
FBGN0263742	1	24	3	4	14	23
FBGN0286070	12378	13704	13938	9875	9691	10929
FBGN0085472	7	19	13	19	17	6
FBGN0035050	13	18	14	41	12	45
FBGN0033273	1327	1096	1160	1116	1236	1439
FBGN0050105	381	363	485	302	470	352
FBGN0034598	15492	17815	15792	13032	13905	14479
FBGN0034397	24	16	3	38	17	18
FBGN0034491	4254	5011	4231	3382	3942	4121
FBGN0250838	4180	4447	3857	3897	4384	4429
FBGN0034564	1789	1699	1628	1400	1766	1423
FBGN0010551	10909	11129	10876	10616	12683	12451
FBGN0034588	51	0	52	48	27	31
FBGN0035094	94	50	444	121	55	26
FBGN0034401	9537	8795	8587	7499	8645	9148
FBGN0261862	3875	5272	5116	3613	4017	4766
FBGN0050163	0	46	11	38	22	38
FBGN0033777	1754	2108	2037	1645	1770	1335
FBGN0265373	0	1	0	4	3	0
FBGN0026761	5428	5679	5449	5147	5129	5240
FBGN0265137	2949	2686	3130	3003	3006	3070
FBGN0013725	534	631	439	322	363	360
FBGN0034761	124	36	98	6	17	48
FBGN0034943	13	2	178	31	4	13
FBGN0025573	13	1	0	26	11	10
FBGN0034729	314	231	260	76	137	88
FBGN0034512	11	128	365	55	80	4
FBGN0034494	788	689	859	780	1015	696
FBGN0034009	5083	5212	4895	4106	4180	4133
FBGN0050430	0	0	5	2	4	0
FBGN0015929	12895	13070	12916	15627	16666	17848
FBGN0050489	40	235	1915	56	27	23
FBGN0034956	657	835	654	681	737	815
FBGN0013756	58219	61256	60502	51580	56752	56327
FBGN0085225	0	5	13	5	0	5
FBGN0033978	47	41	164	34	29	24
FBGN0086350	2490	3027	2528	2645	3336	2837
FBGN0033816	2151	2404	2273	2029	2202	2011
FBGN0023181	1965	2136	1986	1931	1992	2012
FBGN0010414	204	243	112	206	155	176
FBGN0034666	0	58	32	38	30	26
FBGN0259966	14	16	3	6	7	8
FBGN0050464	46	17	31	34	32	30
FBGN0034792	7681	8752	8213	5535	6261	6711
FBGN0050095	16	0	36	21	10	4
FBGN0033401	2599	3033	2258	2060	2463	2325
FBGN0020620	3889	4036	3506	3489	3577	3474
FBGN0053138	4059	4187	3885	4338	4637	5203
FBGN0034846	4	2	6	17	1	2
FBGN0033312	16	16	9	34	37	10
FBGN0033706	14	18	6	12	8	4
FBGN0264299	8	47	23	13	47	2
FBGN0034430	3128	3589	2394	1959	2715	2620
FBGN0015925	4018	3513	3425	3047	3220	3348
FBGN0046879	0	0	26	2	1	0
FBGN0263510	6025	4996	5208	4836	5895	5793
FBGN0013435	925	1080	868	778	894	907
FBGN0033757	1337	1380	1231	1464	1435	1594
FBGN0033065	64	71	574	54	27	42
FBGN0284237	553	2565	2121	227	593	227
FBGN0045483	13	26	18	27	13	2
FBGN0034486	6	0	0	38	19	15
FBGN0034177	711	514	778	403	768	611
FBGN0015001	0	10	147	57	2	1
FBGN0266486	625	749	843	825	889	725
FBGN0266708	0	8	0	19	12	21
FBGN0016684	79	97	90	100	48	65
FBGN0286511	6120	6371	6984	5974	6466	6043
FBGN0033741	14152	12291	13362	11474	14400	12844
FBGN0050284	0	2	27	7	3	26
FBGN0033058	45	27	25	60	28	27
FBGN0041585	5327	6338	6479	4400	5053	5140
FBGN0028552	970	697	829	651	780	824
FBGN0034426	8	42	513	26	11	0
FBGN0284243	293694	325297	286718	254231	271202	278316
FBGN0050414	60	93	283	85	164	74
FBGN0034497	31	30	0	8	30	7
FBGN0034651	3	0	27	18	25	24
FBGN0043010	1891	1622	1821	1668	1770	2238
FBGN0029079	3273	2892	3407	3121	3281	3455
FBGN0002716	665	820	644	525	635	491
FBGN0034833	10	0	1	16	1	1
FBGN0053461	40	25	45	19	28	6
FBGN0034416	25	0	0	25	23	10
FBGN0261403	9505	11048	11702	11398	13671	12380
FBGN0034693	620	448	683	1163	945	1161
FBGN0053704	3	0	6	8	8	0
FBGN0050100	722	670	609	574	655	793
FBGN0034996	76	97	68	157	77	105
FBGN0053017	106	123	96	103	86	101
FBGN0259184	25	19	28	16	24	13
FBGN0050289	2	2	13	37	6	0
FBGN0011211	38825	42623	39284	41353	43350	48403
FBGN0033598	27	28	2	45	20	10
FBGN0034162	161	131	139	50	58	115
FBGN0086655	28312	29271	28283	23952	26299	24765
FBGN0286778	2544	2832	4807	4018	3297	4171
FBGN0085398	39	18	24	84	56	50
FBGN0034091	1562	1714	1651	1788	1913	1430
FBGN0260934	39437	41801	42048	34108	36932	35461
FBGN0262478	1	25	28	7	9	15
FBGN0035042	10	18	1	10	11	7
FBGN0034965	635	642	934	238	350	287
FBGN0034156	31	48	64	44	32	34
FBGN0033551	3572	4049	3794	3363	3355	3406
FBGN0261614	3	6	0	5	0	0
FBGN0033518	97	159	193	212	60	167
FBGN0034986	884	590	749	670	804	595
FBGN0085232	1	0	0	1	6	3
FBGN0034011	3	31	273	40	32	16
FBGN0011555	16	425	2098	8	22	12
FBGN0086898	5740	6206	6620	4947	5823	5861
FBGN0035005	12	14	1	18	14	0
FBGN0033529	4995	5702	5159	4739	5212	4855
FBGN0003175	17810	19737	19673	14247	15469	15187
FBGN0033539	5267	5711	5115	4627	4874	5127
FBGN0002570	58	245	1974	70	35	26
FBGN0027836	4159	4734	3956	3327	3085	3744
FBGN0026741	713	753	908	511	700	901
FBGN0053958	34	11	54	36	33	14
FBGN0262790	3	0	3	5	3	0
FBGN0034381	13	16	14	48	18	42
FBGN0035076	87	88	260	116	104	111
FBGN0034951	431	335	524	311	349	274
FBGN0035010	84	77	99	46	101	62
FBGN0034829	31	14	24	43	30	24
FBGN0020440	5731	6486	6071	4562	5669	5246
FBGN0022700	5	0	43	16	46	15
FBGN0033164	0	0	14	24	8	2
FBGN0015614	1693	2191	2100	1626	1846	2095
FBGN0002535	944	810	684	2890	1470	2474
FBGN0034076	31	37	27	34	17	2
FBGN0034047	20	34	20	28	32	34
FBGN0033371	16	24	68	69	30	54
FBGN0034897	188	429	325	156	207	241
FBGN0013773	22	52	45	38	9	8
FBGN0265487	29237	29162	31201	30289	31890	30453
FBGN0034082	4	31	52	30	6	14
FBGN0033019	1237	1779	1530	1390	1532	1531
FBGN0034863	1	2	0	10	5	5
FBGN0003742	3109	3454	2696	2991	3607	3826
FBGN0265835	0	0	0	2	2	0
FBGN0034476	31298	37219	34409	22615	24041	26258
FBGN0033285	0	11	0	4	1	0
FBGN0083951	0	0	17	13	1	0
FBGN0010622	2093	2290	2307	1769	1784	2003
FBGN0050195	13	15	41	73	69	37
FBGN0286203	6872	8282	6681	4226	5046	5380
FBGN0034027	846	907	712	653	659	754
FBGN0033048	35	20	13	16	39	15
FBGN0034383	0	6	1	21	2	8
FBGN0034000	982	1327	1308	1266	1356	1241
FBGN0000606	10	14	61	41	41	12
FBGN0015754	6656	6642	6302	4956	6223	6352
FBGN0033454	3560	3883	3511	3689	4310	4594
FBGN0034970	8076	9713	8722	6253	6524	7688
FBGN0263760	9	11	4	18	17	15
FBGN0264714	21	5	21	22	3	9
FBGN0050393	5	2	23	15	2	5
FBGN0050466	392	333	503	209	212	217
FBGN0000289	22277	25241	23318	22279	22740	25036
FBGN0028740	120	138	63	95	33	77
FBGN0053758	3	0	1	0	8	2
FBGN0003114	20	42	5	18	5	0
FBGN0033581	8888	9036	8393	7515	9560	9600
FBGN0287864	7338	8401	6969	4993	6316	5514
FBGN0034655	15	6	20	25	21	6
FBGN0050050	6	1	17	0	2	0
FBGN0050115	5100	6883	7136	3460	3763	3778
FBGN0034230	4017	3952	4223	3653	3613	3279
FBGN0262961	1	1	0	29	11	2
FBGN0260768	5	33	33	31	27	13
FBGN0034129	12	4	1	12	16	18
FBGN0034251	511	771	905	637	668	632
FBGN0050275	36	32	60	47	41	16
FBGN0050429	13	2	15	45	27	41
FBGN0034215	2565	2638	2753	2990	2871	2944
FBGN0287213	6	3	4	0	7	3
FBGN0034398	5553	5692	6799	3763	4556	4912
FBGN0034245	595	565	579	409	585	567
FBGN0261794	935	788	1071	563	546	604
FBGN0034087	20210	20650	20387	17944	18445	19610
FBGN0262881	4	20	80	12	6	26
FBGN0063492	178	137	220	117	104	147
FBGN0033348	2117	1933	2228	1720	1746	1544
FBGN0033208	953	1222	916	811	1042	788
FBGN0034766	25	9	1	20	2	5
FBGN0010548	8066	7719	8371	7415	7428	8402
FBGN0027835	82720	96784	89311	60471	69331	70897
FBGN0085260	76	97	189	82	106	100
FBGN0003254	61	34	65	26	13	6
FBGN0025832	2349	2380	2216	2104	2669	2372
FBGN0264753	113	125	77	139	136	155
FBGN0050491	779	767	814	549	556	575
FBGN0034284	13	7	12	14	3	7
FBGN0259483	6213	7989	6987	5659	6756	6345
FBGN0033808	485	325	402	487	585	468
FBGN0033773	40	52	71	58	46	38
FBGN0050295	1492	1751	1561	1615	1453	1589
FBGN0034643	8957	9716	9120	7393	8612	8527
FBGN0033953	27	19	36	23	4	5
FBGN0034128	4	3	7	3	31	10
FBGN0033092	2046	2409	2195	2203	2058	2487
FBGN0034446	20	36	72	59	39	62
FBGN0050026	53	21	57	51	61	54
FBGN0046706	5642	6647	7072	4878	5808	5326
FBGN0266518	5948	5892	5669	3962	3851	4614
FBGN0262117	7390	8320	8852	6460	7517	6023
FBGN0086712	3026	3251	3472	2729	2407	2235
FBGN0085217	19	17	0	8	12	1
FBGN0004896	50	4	2	26	13	21
FBGN0050440	20357	24526	22990	16311	18182	15521
FBGN0034456	0	21	20	20	47	5
FBGN0033498	60	37	34	38	41	12
FBGN0035012	4	1	12	1	0	3
FBGN0033061	112	42	130	193	247	278
FBGN0063493	4	82	344	26	12	22
FBGN0034269	1797	2188	1940	1275	1416	1623
FBGN0033192	87	116	158	88	55	71
FBGN0034443	808	593	1213	501	732	565
FBGN0033936	321	375	292	95	287	103
FBGN0050091	19	28	177	30	41	24
FBGN0034601	5	23	2	4	10	2
FBGN0285892	5385	5998	6122	5541	5629	5254
FBGN0034595	3	16	24	17	3	3
FBGN0264297	10	47	29	24	21	18
FBGN0027590	4607	4154	5631	4846	5107	5579
FBGN0050390	844	900	628	763	761	618
FBGN0265193	1615	2283	1832	1687	1824	1963
FBGN0050416	14	1	46	35	30	20
FBGN0034187	26	48	70	83	10	54
FBGN0033928	348	272	362	139	242	219
FBGN0050460	1582	1706	1656	1145	1119	1105
FBGN0034350	264	225	156	272	305	292
FBGN0033762	2524	2719	2526	2118	2406	2357
FBGN0287632	18	20	8	10	15	5
FBGN0050324	17	53	23	27	8	38
FBGN0021895	7988	12029	9060	10305	9033	11687
FBGN0050196	14	20	45	13	15	67
FBGN0050184	0	0	0	2	13	22
FBGN0053477	17	1	6	9	1	16
FBGN0264339	17	69	88	70	41	42
FBGN0050074	3	0	24	7	15	0
FBGN0034658	3	1	4	11	0	9
FBGN0010397	2415	2648	2383	2446	2478	2964
FBGN0033588	4	12	3	3	2	4
FBGN0283510	9805	10268	9761	9327	9734	10979
FBGN0027538	900	865	1064	829	822	788
FBGN0033856	15	42	24	15	12	24
FBGN0050458	13	10	34	38	25	50
FBGN0010415	16151	20310	19506	15270	17127	16622
FBGN0034734	11032	11600	11335	10411	11764	12127
FBGN0027561	4189	4944	4805	3825	4350	4371
FBGN0050487	19	0	8	1	0	5
FBGN0034140	234	325	369	298	184	347
FBGN0034312	266	307	476	596	597	376
FBGN0261564	5188	5424	5511	4494	4648	4862
FBGN0034826	13	27	0	29	0	42
FBGN0034030	625	872	939	1000	852	1195
FBGN0034104	0	5	0	0	8	1
FBGN0034318	28	13	24	9	11	10
FBGN0050036	10	0	6	10	29	23
FBGN0034310	6728	6678	6802	5498	6040	6731
FBGN0034804	203	181	234	232	207	256
FBGN0050345	854	1139	841	33	41	46
FBGN0033093	276	269	394	245	267	300
FBGN0023214	512	450	470	492	360	509
FBGN0033330	18	3	47	28	19	10
FBGN0010411	64594	65867	63218	57176	62463	73335
FBGN0034437	31	31	56	92	24	18
FBGN0027599	2095	2342	2403	2032	2584	2160
FBGN0033308	26	28	47	49	12	18
FBGN0250842	0	2	19	37	1	0
FBGN0040737	7	11	0	7	0	1
FBGN0040093	12	4	21	18	7	9
FBGN0033951	1979	2156	2013	1601	2086	1876
FBGN0034120	5	2	17	27	6	4
FBGN0014877	1913	2043	1873	1860	2014	1854
FBGN0034361	894	764	768	663	847	767
FBGN0265974	4870	5208	4800	4830	4719	4671
FBGN0034990	14	18	41	30	19	21
FBGN0033195	629	778	486	482	538	556
FBGN0035078	78	14	22	81	111	28
FBGN0027572	1360	1731	2281	2030	2113	1918
FBGN0033999	11	5	31	29	19	3
FBGN0034660	17	12	77	60	2	6
FBGN0033859	5715	6380	5280	4692	5265	5747
FBGN0024754	2127	2497	2580	3697	3701	3980
FBGN0053914	14	2	10	2	3	0
FBGN0259745	3532	3880	4144	3503	3846	4065
FBGN0034503	2180	2236	2105	1793	1856	2132
FBGN0034153	3	0	0	5	5	1
FBGN0265834	2	3	21	14	0	22
FBGN0034850	21	5	8	19	24	24
FBGN0086676	6391	7489	6367	5589	6524	6407
FBGN0034824	15	40	10	45	37	15
FBGN0083977	1212	1431	1293	1245	1216	1069
FBGN0034505	19	4	20	15	11	1
FBGN0034708	12259	15048	13555	10077	11435	11703
FBGN0019968	18652	20783	21956	18584	20618	19452
FBGN0034201	18	30	6	22	2	10
FBGN0033324	16	0	12	57	26	30
FBGN0034825	10	4	34	3	19	11
FBGN0053087	55816	63613	57197	40260	45849	44421
FBGN0043470	15	17	0	35	0	2
FBGN0028622	7062	8371	8233	6738	7202	7720
FBGN0017482	327	300	535	319	377	407
FBGN0034959	1708	2147	1927	1993	2058	2132
FBGN0050471	62	20	69	92	57	98
FBGN0033457	933	965	812	1030	1137	1158
FBGN0050151	11	13	0	8	13	12
FBGN0262479	0	13	5	1	0	6
FBGN0050323	463	381	365	292	395	323
FBGN0033691	4247	3592	4023	3786	5065	4137
FBGN0034050	628	682	678	570	888	838
FBGN0020908	8	11	29	16	9	28
FBGN0085235	87	74	187	35	61	19
FBGN0011656	6032	6278	5952	4848	6119	6584
FBGN0261477	2684	3240	3210	2720	3138	3086
FBGN0034807	22	45	13	52	17	1
FBGN0034841	8	27	9	2	2	4
FBGN0034274	17	0	19	50	15	19
FBGN0028494	3134	3734	3722	2845	2835	2933
FBGN0015268	42246	47787	44573	37712	39551	42351
FBGN0035020	2051	2630	3166	3267	3430	3589
FBGN0000157	8011	8189	8640	7273	8029	8170
FBGN0033972	2327	2635	2617	2261	2464	2496
FBGN0085459	15	7	23	17	2	5
FBGN0263324	4	0	0	25	1	5
FBGN0034737	2	8	20	5	8	12
FBGN0266580	42155	43953	44253	35910	38870	36769
FBGN0033855	129	90	69	28	59	39
FBGN0060296	5735	6193	5967	5484	6713	6648
FBGN0034554	18	36	14	24	26	27
FBGN0011694	0	0	7	3	3	5
FBGN0033337	646	857	592	587	696	700
FBGN0069969	3	0	1	25	9	21
FBGN0266489	193	175	116	195	123	124
FBGN0033352	15582	15861	14636	12449	13530	14533
FBGN0085474	140	25	119	228	172	196
FBGN0034221	36	151	88	54	38	44
FBGN0029175	951	1002	1106	945	1162	931
FBGN0042083	1480	1860	1737	1360	1871	1771
FBGN0034663	23	145	575	36	5	0
FBGN0028434	739	777	693	676	693	651
FBGN0034998	19	14	31	58	15	31
FBGN0265356	233	214	530	217	238	190
FBGN0033924	3406	3580	3735	2853	3187	3224
FBGN0033096	10	0	9	20	17	11
FBGN0029131	2016	1876	1814	2131	2004	2451
FBGN0260866	2528	2730	3060	1633	1874	1950
FBGN0284080	1221	1196	1454	786	1020	735
FBGN0034937	245	153	179	200	178	110
FBGN0000078	27	52	49	69	51	26
FBGN0040765	2762	3458	3173	2348	2624	2495
FBGN0034293	6	8	18	0	10	14
FBGN0262169	11061	11472	9571	7881	8785	9073
FBGN0033246	12984	13372	12995	11164	12186	12091
FBGN0040755	31	0	0	1	2	20
FBGN0063499	5	16	1	4	6	1
FBGN0262736	8868	8368	9264	7894	8326	8325
FBGN0000578	15206	19102	16760	12179	13463	12697
FBGN0039970	1945	2310	2522	1611	2103	1640
FBGN0086904	60267	70060	63014	59852	66890	73116
FBGN0033710	29	79	72	26	45	18
FBGN0050493	371	429	526	185	297	368
FBGN0034084	1401	1521	1699	1398	1766	1840
FBGN0033570	1754	1903	1895	1349	1710	1737
FBGN0029506	8526	8637	8183	10146	11470	11226
FBGN0043534	0	6	0	0	1	19
FBGN0003863	804	6228	53942	155	67	154
FBGN0033526	2679	3235	2953	2935	3681	3540
FBGN0013308	16	54	49	25	13	1
FBGN0263030	13	0	0	6	0	8
FBGN0034814	1364	1255	1028	1015	1011	1423
FBGN0025185	1770	1838	2123	1352	1485	1591
FBGN0034768	2	6	0	15	2	14
FBGN0000395	3481	3903	3802	3545	3957	3882
FBGN0034750	3122	4167	3231	2155	2492	2902
FBGN0039994	5147	6376	6098	5101	6602	5611
FBGN0287631	107	105	276	61	38	36
FBGN0033904	68	1	153	93	85	46
FBGN0004132	3165	3405	2921	2531	2805	2658
FBGN0085230	8	5	1	28	46	14
FBGN0015509	21007	24687	22193	20216	20817	21989
FBGN0050479	2	12	9	0	0	0
FBGN0250827	0	0	1	15	4	4
FBGN0010611	2385	2945	3120	1697	1772	2005
FBGN0085253	0	2	32	3	16	0
FBGN0085569	2	22	3	11	41	0
FBGN0033367	1354	1190	1743	1309	1132	943
FBGN0034463	19	4	4	33	8	26
FBGN0033749	2040	2303	2116	2056	2019	2168
FBGN0259219	27	4	37	26	66	20
FBGN0034972	40	14	134	71	42	67
FBGN0028953	12946	15090	12687	10620	11108	10949
FBGN0043070	2704	2874	3086	2202	2622	2309
FBGN0033240	729	945	791	697	1054	912
FBGN0033548	1363	1190	1088	1004	1420	1271
FBGN0021875	2166	2181	2305	1696	1954	1669
FBGN0286785	3320	5180	5012	3051	3726	3350
FBGN0033907	1391	1330	1507	936	1437	1333
FBGN0033793	43	28	16	1	1	7
FBGN0250850	10778	11380	10879	12102	12387	12792
FBGN0263741	22	2	74	14	22	14
FBGN0263260	1164	1696	1696	984	1264	1024
FBGN0050447	7	1	8	1	2	14
FBGN0034059	655	692	757	636	626	505
FBGN0050290	690	830	806	850	1152	967
FBGN0034223	6165	7025	6410	4893	5225	5678
FBGN0033668	501	660	462	342	363	320
FBGN0034727	2909	2767	3105	2506	2769	3122
FBGN0034157	30	18	6	64	33	7
FBGN0015300	19	14	0	27	0	14
FBGN0085252	11	36	7	28	12	13
FBGN0033633	33	76	130	94	98	77
FBGN0259967	0	0	5	21	0	5
FBGN0021995	7131	7952	7350	7390	8324	9115
FBGN0034362	496	485	545	413	525	389
FBGN0022343	13469	12940	12557	10331	12641	12322
FBGN0035092	105	154	91	140	93	267
FBGN0033387	76	0	33	55	43	30
FBGN0034122	15	1	10	12	4	1
FBGN0261267	255	285	239	251	323	336
FBGN0033913	9493	9810	9361	10602	10992	12377
FBGN0034436	8556	8157	8805	7538	9289	8468
FBGN0260398	4194	3745	3616	3787	3772	4389
FBGN0033481	9	2	8	34	10	26
FBGN0034428	1	96	1425	6	13	8
FBGN0034570	17562	19281	18615	14474	15536	15726
FBGN0285952	24905	27858	27407	25899	32176	28677
FBGN0020269	35	35	97	133	77	78
FBGN0266346	97	41	79	129	110	126
FBGN0083983	455	396	359	214	423	240
FBGN0263233	7	6	6	3	17	3
FBGN0050417	18	7	10	24	12	4
FBGN0033322	34	30	1	5	34	5
FBGN0085242	441	377	403	284	270	286
FBGN0264911	16	87	102	60	47	41
FBGN0033880	6	14	13	29	18	20
FBGN0034408	18204	22165	19843	14286	15774	17047
FBGN0050462	64	54	59	83	46	66
FBGN0033900	1472	1373	1469	1336	1446	1602
FBGN0034541	4	12	8	10	1	6
FBGN0024293	61	32	332	30	18	24
FBGN0033480	804	909	833	604	775	840
FBGN0010409	80770	89700	86976	78886	90538	96883
FBGN0034628	1230	1220	1613	1406	1570	1607
FBGN0050412	7	0	2	9	6	2
FBGN0010109	2890	3041	2662	2484	2147	2730
FBGN0034473	26	19	8	51	9	3
FBGN0050363	0	1	25	12	8	4
FBGN0034726	678	671	511	567	640	587
FBGN0033158	35	115	28	134	32	61
FBGN0024556	8921	10160	8533	6420	7916	8185
FBGN0034472	9	2	14	9	6	0
FBGN0025336	2391	2721	2286	2252	2134	2518
FBGN0033463	8275	8648	8706	6368	6927	6950
FBGN0034945	880	1058	1021	615	874	664
FBGN0267428	18	27	6	48	12	27
FBGN0050361	19	28	59	56	35	32
FBGN0284254	5239	6023	5490	4311	4333	5186
FBGN0025693	1028	1338	1172	524	544	489
FBGN0029153	6	60	4	88	40	0
FBGN0050271	46	6	17	54	13	12
FBGN0034802	80249	85267	81107	91381	91781	107835
FBGN0085222	59	47	35	12	28	36
FBGN0033027	46	7	10	24	4	4
FBGN0033497	48	176	252	24	106	27
FBGN0034294	147	1144	17859	139	103	36
FBGN0044011	8	33	5	41	16	26
FBGN0034507	12	16	7	39	10	0
FBGN0034520	192	165	194	90	125	157
FBGN0262560	3117	2943	2801	2755	3452	3316
FBGN0034145	1159	1815	1446	653	825	662
FBGN0034856	166	230	96	181	186	168
FBGN0020621	17708	20237	18411	14171	16044	15586
FBGN0019949	1802	1844	1787	1478	1846	2092
FBGN0035063	2421	2418	2531	2923	3402	3140
FBGN0261581	4	0	2	5	0	5
FBGN0260436	1	8	15	14	26	0
FBGN0033476	6374	6260	6772	4856	5784	5097
FBGN0034614	3151	2575	2713	3568	4291	3814
FBGN0017556	1	3	8	19	3	4
FBGN0265991	27436	28908	29559	26489	27906	26254
FBGN0027066	20061	24780	21501	19450	21601	21619
FBGN0050384	1313	1550	1214	797	1098	756
FBGN0033209	1008	1280	1230	1131	1107	1216
FBGN0033380	1657	2021	1904	1329	1597	1458
FBGN0002774	7674	8283	8795	7138	8391	7931
FBGN0033590	1	13	8	2	2	3
FBGN0034909	963	937	1130	984	1128	1328
FBGN0034517	272	214	213	150	172	167
FBGN0264959	24097	26337	25625	24783	27248	26707
FBGN0263774	19	62	15	60	28	51
FBGN0034877	7386	9523	8738	7167	7732	8710
FBGN0050090	44	0	20	14	16	0
FBGN0013983	870	1023	874	759	1008	990
FBGN0050481	3730	3981	4427	2351	2685	3080
FBGN0050480	41	69	24	35	30	18
FBGN0086532	2617	3272	2874	2347	2798	2601
FBGN0034741	14	36	91	10	13	3
FBGN0026573	9341	9902	10005	9131	9577	9591
FBGN0050080	1	1	4	15	19	3
FBGN0034159	27	11	31	4	10	6
FBGN0034644	9114	11235	10062	6179	6590	7759
FBGN0034126	278	199	290	120	148	124
FBGN0034733	70	120	611	91	94	92
FBGN0034121	61	52	28	42	23	39
FBGN0034045	179	143	181	204	162	294
FBGN0085489	7	19	26	10	15	6
FBGN0262954	877	792	833	671	864	673
FBGN0025833	22	54	51	58	36	6
FBGN0262563	27	23	42	4	6	3
FBGN0034978	16	12	28	34	7	25
FBGN0034858	6395	6958	6101	6434	6835	6597
FBGN0027499	15705	15935	15226	12359	14152	14664
FBGN0001325	39	34	249	84	24	24
FBGN0001123	8987	9806	9799	8688	10537	9326
FBGN0259145	226	326	223	232	202	241
FBGN0010220	2537	2714	2587	2402	2636	2312
FBGN0050145	3	0	0	8	1	9
FBGN0259711	336	275	375	270	404	350
FBGN0034791	2307	2551	2163	1932	2221	2068
FBGN0034046	956	1287	932	865	928	1181
FBGN0034282	17561	20117	19282	18145	18312	17294
FBGN0265627	15	43	12	39	14	24
FBGN0025878	37	39	11	59	54	37
FBGN0033461	14	0	25	22	6	2
FBGN0034527	1910	1816	2246	1960	1914	2098
FBGN0033412	27	4	18	20	6	1
FBGN0034440	42	40	86	49	27	43
FBGN0053775	2	0	1	18	3	10
FBGN0066293	115	178	104	165	135	124
FBGN0011556	44	11	2	28	10	2
FBGN0033890	2202	2272	2646	2773	3000	3453
FBGN0050334	0	46	41	7	19	5
FBGN0264817	0	0	0	0	0	0
FBGN0053454	7	8	13	12	12	10
FBGN0035034	3	4	4	76	27	18
FBGN0015039	64	295	3882	49	29	12
FBGN0040775	0	16	4	4	3	0
FBGN0033087	1943	2179	2330	1793	2197	2171
FBGN0001308	17922	21815	20637	16182	18608	19399
FBGN0033616	1249	1362	1267	1196	1368	1518
FBGN0034551	34	30	23	22	17	8
FBGN0034887	26	36	0	18	31	10
FBGN0002789	211	337	593	368	267	241
FBGN0050499	2603	2514	2738	2339	2664	2960
FBGN0050423	1181	1065	1239	1074	1287	1160
FBGN0033321	16	22	60	54	48	48
FBGN0263656	38	16	32	74	20	21
FBGN0034396	89	119	120	208	166	263
FBGN0034796	2409	2401	2352	1796	1880	2247
FBGN0034553	2	53	20	53	35	6
FBGN0034118	6727	5732	6363	5628	6017	5829
FBGN0033297	34	290	1798	19	6	17
FBGN0259179	42	27	26	68	14	27
FBGN0050378	22	7	5	0	0	6
FBGN0061360	1625	1764	2084	1781	1909	1713
FBGN0034289	441	2961	21191	66	17	51
FBGN0034834	24	8	54	18	16	14
FBGN0052833	0	0	22	11	4	3
FBGN0033656	1486	1366	1326	1544	1881	1920
FBGN0010358	3841	31580	282332	335	185	619
FBGN0004784	28	24	30	28	27	26
FBGN0028983	1399	1511	2160	1426	1606	1818
FBGN0003733	156	137	161	158	114	49
FBGN0024956	3724	3909	3603	3160	3797	4330
FBGN0002891	4236	4068	4946	3619	4334	4497
FBGN0040773	955	679	927	1058	1036	908
FBGN0028473	43492	46835	42824	37823	40735	46160
FBGN0262123	474	397	543	134	174	98
FBGN0085471	0	41	34	33	6	15
FBGN0262102	10	0	7	11	7	0
FBGN0034300	11461	11126	11410	10814	11571	10351
FBGN0033994	532	481	572	589	680	596
FBGN0033145	6	0	0	6	7	10
FBGN0263046	133	207	130	117	153	124
FBGN0033365	577	802	606	688	983	850
FBGN0033954	15	1	27	5	1	6
FBGN0034029	1969	2212	2079	1913	2278	2173
FBGN0029507	33	87	443	29	46	13
FBGN0012051	3395	3551	3765	2940	3615	3251
FBGN0033076	13	12	3	3	3	7
FBGN0033639	2467	2525	2456	1998	2100	1985
FBGN0263031	112	190	202	203	197	268
FBGN0050069	153445	173930	169307	139348	147191	126977
FBGN0266111	6123	5920	6872	4913	5005	5556
FBGN0034438	8509	10346	7981	4528	5423	4781
FBGN0034931	1715	1910	1855	1735	1853	2133
FBGN0033378	3456	3904	3786	3236	4114	4224
FBGN0015524	17	20	50	15	22	45
FBGN0050062	143	150	72	94	100	106
FBGN0259832	215	248	206	110	201	137
FBGN0024189	3172	2971	3013	3468	3528	3326
FBGN0033549	470	380	309	454	716	760
FBGN0259725	757	673	501	594	568	581
FBGN0265182	187	452	356	200	139	160
FBGN0033845	10497	9647	9293	9906	9962	10326
FBGN0050362	4	0	4	65	12	32
FBGN0033486	5700	6245	5939	5330	5803	6218
FBGN0033519	18	20	8	5	5	36
FBGN0026388	60	254	79	121	112	42
FBGN0034075	310	194	236	172	137	158
FBGN0085434	8174	10516	9248	4248	4778	4862
FBGN0029843	645	858	780	335	331	434
FBGN0029913	477	518	408	264	375	400
FBGN0030340	67	16	44	53	26	79
FBGN0029993	3	7	41	10	6	19
FBGN0261615	2	2	0	0	8	12
FBGN0002562	4226	21873	202549	5468	5608	3016
FBGN0030973	3018	3148	3318	2715	3450	3576
FBGN0030555	1881	1898	1815	1615	1846	2252
FBGN0052694	443	501	482	554	444	328
FBGN0029897	87850	98825	88525	83275	90787	102695
FBGN0030434	3235	3369	2741	2293	2886	2967
FBGN0030545	2050	2649	2416	1802	2121	2392
FBGN0040467	554	899	722	311	479	619
FBGN0052774	82	213	221	169	90	131
FBGN0030645	336	350	216	209	342	291
FBGN0029791	5549	5641	5932	7118	6838	7998
FBGN0031053	10202	10311	9492	8775	9209	10391
FBGN0039966	998	806	629	817	849	803
FBGN0002579	51384	49960	48188	42895	50349	53052
FBGN0265725	20	29	30	4	16	19
FBGN0030966	2204	2460	2171	1617	1547	1949
FBGN0029647	18	4	0	4	0	0
FBGN0030207	2	19	11	19	32	31
FBGN0030251	2613	2312	4226	2405	2983	3027
FBGN0283434	1659	2351	2275	2263	1914	2351
FBGN0052736	628	504	409	470	555	572
FBGN0016976	75	37	37	44	39	80
FBGN0030242	4174	3971	3966	3641	3514	3752
FBGN0011566	1365	1059	988	1003	907	1161
FBGN0015527	10433	10320	9649	9922	10678	11592
FBGN0029706	4833	4498	4903	4634	5099	5106
FBGN0023537	7815	8259	8007	6579	7822	8064
FBGN0025643	328	330	306	476	295	551
FBGN0030438	56	12	59	152	110	70
FBGN0023530	497	385	365	366	392	460
FBGN0030775	26	25	401	22	8	16
FBGN0052590	546	680	826	406	487	498
FBGN0263257	75	77	82	123	122	59
FBGN0043796	1999	2483	2156	2068	2193	2214
FBGN0029925	1141	1551	1122	788	856	798
FBGN0004432	44671	46505	43492	42775	47628	50258
FBGN0017566	9479	11215	10256	8867	9261	10017
FBGN0040066	6581	7394	6673	5528	5995	6630
FBGN0030937	0	8	4	26	12	0
FBGN0030385	6	0	39	5	9	28
FBGN0030793	2101	1765	2264	1741	1865	1886
FBGN0025641	9576	10726	9594	6427	7541	7169
FBGN0052548	78	0	8	37	53	21
FBGN0041626	0	11	164	52	50	24
FBGN0040395	3962	5522	4533	3397	3517	3415
FBGN0000173	7498	7084	7084	5516	6370	7326
FBGN0030721	23	22	52	35	14	26
FBGN0011741	3164	3284	3557	2908	3099	3514
FBGN0008635	21733	25716	23351	16055	17978	19084
FBGN0029723	71	51	35	36	102	73
FBGN0040384	2161	2116	2424	1859	2452	1982
FBGN0030505	14972	17736	16716	11663	12226	12507
FBGN0010412	48875	47368	46308	48395	52028	60044
FBGN0030109	7011	7591	6956	6191	6652	6427
FBGN0030763	4113	3759	4100	5675	5843	6156
FBGN0030747	56	195	712	105	45	61
FBGN0027093	6103	5915	5701	6060	5930	6005
FBGN0005390	35	93	92	134	78	43
FBGN0052708	1231	1083	1369	995	1017	1026
FBGN0025743	7227	8238	7770	6317	6975	7433
FBGN0029810	8	22	71	34	72	12
FBGN0027793	62	11	54	29	26	18
FBGN0040361	2	0	34	2	6	20
FBGN0283476	93	133	233	195	146	83
FBGN0031142	230	257	237	123	217	135
FBGN0030529	10858	11007	12215	9157	10130	9971
FBGN0004143	6	3	15	34	4	10
FBGN0026268	4	1	0	0	22	18
FBGN0031148	7288	7980	6991	5089	5857	6547
FBGN0030098	4	4	6	26	8	12
FBGN0040371	26	11	1	13	18	15
FBGN0030872	1062	1195	1249	1262	1129	1375
FBGN0030208	30083	32336	29926	20077	23077	23626
FBGN0083956	1444	1332	1819	1856	1588	2240
FBGN0064117	2395	2477	2521	2111	2650	2535
FBGN0085430	39895	49414	43152	34348	35151	37635
FBGN0030940	221	187	355	276	251	286
FBGN0265464	3599	4499	3748	3200	3114	3339
FBGN0260970	24209	27686	26307	19048	20594	21374
FBGN0029714	1199	1231	1172	1464	1371	1442
FBGN0029831	1099	1412	2635	1038	1051	1018
FBGN0030653	1424	1898	2075	1568	1904	1943
FBGN0066304	3363	2440	2761	2627	3125	3153
FBGN0026879	5573	6541	6186	4195	5234	4898
FBGN0052806	61	100	74	90	110	133
FBGN0030683	635	942	792	548	638	600
FBGN0028686	14128	15586	14528	11929	13757	14360
FBGN0288741	0	0	0	2	0	2
FBGN0003132	9	4	0	1	2	2
FBGN0030743	606	489	697	627	823	767
FBGN0053080	52	40	190	81	64	108
FBGN0052693	8	0	53	36	2	71
FBGN0260867	6	5	19	0	0	10
FBGN0031001	1270	1086	1243	1804	1280	1956
FBGN0030361	679	596	635	466	508	362
FBGN0029003	17067	19804	17645	13665	14951	17155
FBGN0030798	1276	1956	1850	1223	1169	1234
FBGN0263987	14385	14270	13774	11746	13523	14162
FBGN0025627	475	467	343	327	353	442
FBGN0031164	12	15	24	31	13	11
FBGN0261284	2935	3224	2915	2193	2743	2869
FBGN0029730	22	0	8	13	6	19
FBGN0030889	32	53	65	42	28	20
FBGN0030858	4480	4933	5103	3745	3568	4625
FBGN0288739	0	0	0	2	0	0
FBGN0003996	14	37	55	46	70	112
FBGN0287645	0	13	22	16	23	4
FBGN0025839	953	1030	1024	796	841	911
FBGN0011742	5299	5504	5160	4207	5211	4938
FBGN0052668	48	48	47	31	16	13
FBGN0040648	0	0	0	5	0	7
FBGN0030808	8165	9418	8090	7063	7326	7355
FBGN0267042	24	21	10	2	2	7
FBGN0001189	7789	6895	6908	6234	6864	6956
FBGN0263705	27220	41517	33257	22007	24396	25015
FBGN0030262	8	9	250	31	31	22
FBGN0002933	6	73	1071	31	6	16
FBGN0029941	27041	27823	26534	21162	22941	23544
FBGN0029961	16	3	6	14	15	10
FBGN0283680	3200	4624	4224	2650	3411	3505
FBGN0023522	3480	3099	3388	2569	3025	2944
FBGN0027601	9262	9971	10174	8441	9118	11302
FBGN0262611	9	0	3	3	3	1
FBGN0030692	7612	8616	8126	7071	7396	7706
FBGN0085478	9722	11051	10359	9018	9402	9371
FBGN0030877	2124	2098	1922	2062	2115	2394
FBGN0029807	36	38	69	43	17	22
FBGN0004856	8023	9882	9049	7424	7939	8922
FBGN0030313	13	16	27	21	4	4
FBGN0031061	3169	3519	2810	2393	2345	2242
FBGN0052698	60	201	847	98	104	124
FBGN0085446	73954	82741	79933	61011	63988	58998
FBGN0047095	164	156	142	93	107	67
FBGN0052602	320	315	454	580	132	298
FBGN0030824	4	25	30	22	6	0
FBGN0052726	0	0	0	3	0	0
FBGN0265265	0	5	0	6	0	1
FBGN0030537	102	66	18	114	24	7
FBGN0029882	5168	5458	5216	3364	4143	4050
FBGN0030224	1	6	14	14	7	3
FBGN0264090	12079	14910	12744	11301	11022	13008
FBGN0085359	0	38	212	0	4	2
FBGN0267350	9593	11759	10394	6692	7427	8512
FBGN0025640	846	1126	1159	525	609	821
FBGN0052643	0	0	27	2	2	2
FBGN0031106	1045	1645	1222	929	1071	1062
FBGN0028982	37702	41147	39208	27826	28972	29907
FBGN0040362	7	8	8	16	29	2
FBGN0040899	859	714	659	542	963	806
FBGN0030884	985	1140	1215	1109	1090	1058
FBGN0029756	1003	1268	1221	1018	1141	1503
FBGN0052598	23	1	15	11	17	21
FBGN0052676	14560	17429	14961	10645	11834	12513
FBGN0030078	12	57	19	13	16	32
FBGN0031126	3045	3184	2781	2857	3010	3801
FBGN0040337	1150	2103	1752	1193	1111	1166
FBGN0026174	0	0	4	32	4	10
FBGN0030338	0	19	37	7	6	24
FBGN0261444	17926	20144	19585	17459	17890	18446
FBGN0266000	18008	18988	18476	15543	16290	16867
FBGN0052713	7	0	2	22	1	1
FBGN0030244	9	0	18	21	3	13
FBGN0030963	593	631	502	548	694	740
FBGN0053548	23	64	61	44	23	29
FBGN0052655	14	13	26	12	24	29
FBGN0259228	7821	10155	9930	6796	6987	7255
FBGN0288700	47	29	37	102	50	55
FBGN0000810	3969	4203	4273	3426	3108	3254
FBGN0030616	49921	48345	46606	42049	46066	53799
FBGN0020381	3197	3977	3618	2894	2608	3151
FBGN0003950	365	515	682	183	315	220
FBGN0028581	772	812	748	798	882	744
FBGN0030964	322	408	421	287	295	279
FBGN0004456	16261	16562	15683	15242	17260	17955
FBGN0286222	12832	13950	13300	11641	13242	15040
FBGN0030829	2	15	8	20	4	2
FBGN0029727	15	18	36	21	0	8
FBGN0288737	0	0	4	6	0	0
FBGN0040235	2513	3378	3004	2028	2559	2567
FBGN0028331	12391	14260	14121	9855	10624	10288
FBGN0030037	1809	1872	1622	1620	1590	2225
FBGN0011710	11409	13729	11704	10114	11030	12409
FBGN0028685	10163	10236	9750	8838	10289	10399
FBGN0053180	7629	7761	7936	6273	7199	6752
FBGN0040234	2584	2870	2871	2495	2772	3412
FBGN0029522	956	1154	1305	754	1037	1017
FBGN0031070	3950	4419	4327	4179	4394	4872
FBGN0052817	526	464	733	481	788	710
FBGN0030752	2503	2470	2779	2154	2274	2345
FBGN0260771	3626	3992	3508	2803	3420	3912
FBGN0030850	2202	2317	2392	2243	2364	2332
FBGN0030729	37	25	20	48	7	12
FBGN0030951	1	0	10	5	8	6
FBGN0030512	2903	3159	2708	2727	2695	3527
FBGN0001404	1743	1491	1457	1494	1825	1730
FBGN0031037	3673	3577	4222	3560	4637	4400
FBGN0023515	5839	5887	6056	5843	6178	6436
FBGN0026192	4031	4874	4503	3324	3675	3567
FBGN0030943	3695	3095	3233	3161	3062	3440
FBGN0259143	2897	3177	3465	2967	3227	2821
FBGN0259834	490	713	700	619	910	768
FBGN0003411	0	4	22	3	10	0
FBGN0029693	3810	3332	3487	3117	3347	3317
FBGN0030631	8045	9488	8974	7586	7794	8385
FBGN0030320	10297	11027	10646	8701	10286	9842
FBGN0052639	315	343	263	379	304	249
FBGN0259189	58	1	6	50	40	2
FBGN0261710	144121	166605	156148	119332	125747	132989
FBGN0025645	2	0	0	37	2	0
FBGN0263220	71	101	85	90	120	68
FBGN0040367	30	28	10	21	65	79
FBGN0010294	7	57	1013	25	3	20
FBGN0029525	5652	6023	5341	5041	5578	5805
FBGN0026375	20985	23128	21769	18228	20271	19914
FBGN0031118	25317	28371	26311	20777	21284	23382
FBGN0061196	2	0	17	15	22	21
FBGN0052544	0	16	10	0	10	4
FBGN0041252	11	25	10	7	2	0
FBGN0288736	5	3	0	4	4	0
FBGN0031010	25	65	48	26	27	12
FBGN0023177	4285	4855	4541	4504	5288	5448
FBGN0053242	1	0	2	0	0	0
FBGN0030403	2524	3128	2926	2487	3063	3162
FBGN0030740	3003	2645	2907	2633	2674	3068
FBGN0030237	8	59	728	32	12	96
FBGN0040339	1604	1494	1630	1394	1635	1700
FBGN0030716	4810	4663	4821	2443	2503	2678
FBGN0039965	1368	1943	1625	1655	1789	1743
FBGN0001145	1277	1072	1021	633	635	970
FBGN0260971	36	47	59	101	58	48
FBGN0026086	5895	5921	6116	5216	5681	4850
FBGN0023509	14735	15456	15735	11115	12003	13303
FBGN0030662	3528	3927	3535	3798	3782	4043
FBGN0027107	29	18	10	26	0	5
FBGN0052816	154	108	91	103	134	167
FBGN0029529	564	483	482	522	666	616
FBGN0029868	3254	3514	3274	2714	3514	3855
FBGN0031055	56	84	122	52	57	34
FBGN0027259	1377	1230	1345	1787	2071	2069
FBGN0262536	2	0	1	0	1	12
FBGN0030543	12	5	20	41	19	18
FBGN0029713	1686	1477	1644	1666	1846	1948
FBGN0029705	26	12	40	22	33	9
FBGN0000092	43	44	385	41	60	53
FBGN0053223	10	3	2	17	2	1
FBGN0030642	28	47	43	19	46	34
FBGN0259722	318	319	504	295	415	200
FBGN0004646	30128	37447	33407	21935	24764	25947
FBGN0260938	27243	31509	31233	23577	24754	25306
FBGN0029580	36	18	67	26	32	12
FBGN0052601	30	4	9	2	12	17
FBGN0029751	162	145	164	118	62	39
FBGN0030474	2314	2926	2710	2092	1946	1964
FBGN0003965	24	36	54	4	22	11
FBGN0031041	1147	1426	1104	829	983	1065
FBGN0083228	35	31	41	12	34	4
FBGN0030830	1	12	17	40	6	12
FBGN0085367	1	0	20	7	3	3
FBGN0284435	4004	5590	4227	3344	4486	3762
FBGN0029643	10	12	18	18	5	9
FBGN0031082	0	7	15	2	6	0
FBGN0030323	614	840	998	692	894	809
FBGN0031030	33968	39983	36533	29184	30637	32594
FBGN0030410	405	434	259	351	599	431
FBGN0004959	104	165	60	323	114	134
FBGN0021764	41288	45600	41254	34051	36922	36374
FBGN0031049	3770	3735	3778	2836	3632	3459
FBGN0263994	164	88	96	181	97	46
FBGN0030595	1	27	2	2	10	6
FBGN0000316	3516	3127	3351	2419	3233	3229
FBGN0021742	33	20	31	32	27	13
FBGN0010303	10744	11750	10605	9298	9512	9995
FBGN0030321	12609	11913	12895	13039	15731	14528
FBGN0040892	0	0	0	6	2	1
FBGN0025631	361	395	504	499	606	617
FBGN0029940	0	6	8	13	4	1
FBGN0284233	0	7	0	17	0	6
FBGN0085479	255	385	367	282	298	257
FBGN0260868	4	1	13	0	2	12
FBGN0030998	14	22	15	24	29	33
FBGN0052649	1641	1220	1245	1133	1333	1574
FBGN0031181	30	41	15	26	40	16
FBGN0030108	18	0	15	10	15	21
FBGN0028360	2299	2312	2228	2266	2550	2565
FBGN0030437	32	29	28	42	18	12
FBGN0029866	778	881	794	738	674	983
FBGN0030905	17	22	13	7	15	18
FBGN0031168	126	164	50	75	86	105
FBGN0065032	22	115	142	27	26	7
FBGN0030222	48	16	9	42	40	31
FBGN0040363	18	28	15	31	14	5
FBGN0030661	26	28	30	11	24	35
FBGN0029666	4014	3706	3589	3688	4170	4308
FBGN0267050	1	4	0	0	2	4
FBGN0030384	35	8	35	15	20	9
FBGN0031129	4	5	0	29	11	2
FBGN0030343	2449	2604	2527	1962	2192	2632
FBGN0028583	15	76	658	22	0	24
FBGN0030409	7	6	7	23	4	10
FBGN0030521	6796	7325	10821	5033	5615	5574
FBGN0003116	210	227	184	71	125	184
FBGN0288735	5	0	0	4	0	0
FBGN0283657	45247	48905	49427	40419	43610	41869
FBGN0053236	10	9	20	0	1	0
FBGN0025633	18042	20091	18342	15663	17815	18081
FBGN0261085	11	24	27	68	12	11
FBGN0262874	0	0	0	6	5	6
FBGN0030374	0	0	0	0	0	0
FBGN0085352	7	0	0	0	1	0
FBGN0003514	8630	9745	8648	7023	8335	8134
FBGN0030647	38	44	92	14	28	8
FBGN0030675	423	421	348	305	457	367
FBGN0052651	12	12	18	4	8	14
FBGN0030334	119	190	301	94	43	31
FBGN0264738	4	15	10	14	22	5
FBGN0261573	18075	22042	18472	15058	15756	17437
FBGN0260238	25	35	4	11	14	10
FBGN0000644	132	113	171	117	110	37
FBGN0031101	0	0	8	64	15	4
FBGN0030981	4	3	2	5	6	17
FBGN0040370	59	45	48	53	23	10
FBGN0040342	20	4	74	4	27	16
FBGN0030156	11	48	18	9	16	42
FBGN0030975	6	27	59	25	11	0
FBGN0287595	0	4	5	1	9	0
FBGN0027296	476	470	498	558	444	641
FBGN0030039	607	598	678	499	577	616
FBGN0029765	8	12	0	3	0	13
FBGN0262487	15	8	9	26	11	17
FBGN0024996	2195	2314	2141	2001	2003	2149
FBGN0015245	28844	30002	28211	22807	26802	29833
FBGN0086674	5639	6734	6129	4955	5781	5031
FBGN0288744	8	0	0	2	2	0
FBGN0030745	424	241	347	255	255	431
FBGN0053639	28	14	41	13	11	1
FBGN0003028	36023	44497	40461	28703	28884	31432
FBGN0030177	4456	4417	5057	4546	5223	5045
FBGN0031103	3	3	8	1	2	0
FBGN0029834	75	75	97	130	93	128
FBGN0030899	12	3	6	8	6	0
FBGN0052533	3481	4073	3532	2330	2627	3167
FBGN0030483	16	22	10	12	7	9
FBGN0014024	7286	8058	7691	6735	8162	8078
FBGN0029785	57874	69726	68571	57407	67310	66159
FBGN0025630	2078	2391	2111	1658	2013	2208
FBGN0259171	5933	6349	6177	2585	2588	2665
FBGN0264270	27749	33691	29978	22116	23620	24479
FBGN0265597	84	58	165	84	101	37
FBGN0030055	2003	1932	1808	1503	1647	1563
FBGN0030067	4343	3827	4656	4562	5229	5136
FBGN0030664	0	0	11	0	16	3
FBGN0029658	2	0	0	29	5	11
FBGN0004654	4455	5691	5764	4886	5178	5830
FBGN0031115	2859	2434	3013	2430	2768	2374
FBGN0040918	1629	1905	2362	2529	2802	2884
FBGN0267047	17	16	20	3	2	2
FBGN0029997	2248	2836	2425	1932	1922	2565
FBGN0030370	0	0	0	17	23	1
FBGN0030881	24	16	22	2	13	1
FBGN0030828	23	87	190	7	33	10
FBGN0085353	22	47	45	87	9	55
FBGN0029690	41	14	32	26	16	115
FBGN0029816	1	21	5	0	0	11
FBGN0023512	4529	5125	4524	3351	3947	4260
FBGN0030562	7	12	10	3	7	14
FBGN0027358	484	661	597	577	567	538
FBGN0026874	22	17	44	60	41	53
FBGN0029820	2544	2710	2750	1958	2105	1926
FBGN0030274	4160	5345	4775	3528	3753	4403
FBGN0023541	140	132	107	51	55	93
FBGN0029977	25	10	28	11	28	12
FBGN0001105	10384	11108	11762	8729	10049	10303
FBGN0031183	1092	1129	1387	1136	1339	1386
FBGN0030091	7978	8388	8204	5661	6099	6549
FBGN0014411	7113	8329	6852	5367	6247	6421
FBGN0000709	6010	6104	6503	5079	5475	6287
FBGN0040340	13213	16742	15675	9634	10534	11080
FBGN0262608	0	1	0	0	0	13
FBGN0260450	5652	6133	5866	4672	4799	5581
FBGN0052579	1296	1272	1325	868	1064	1025
FBGN0030733	2479	2499	2672	2298	2438	2094
FBGN0262740	6150	7304	6954	4600	4941	4706
FBGN0053497	2734	3413	3323	2676	2455	3447
FBGN0004924	26224	28327	26738	21944	24970	24127
FBGN0030100	815	674	479	707	611	577
FBGN0004643	5477	5452	5598	4314	5212	5029
FBGN0267001	57525	71755	64022	46878	51198	52741
FBGN0261803	523	447	569	170	424	352
FBGN0031012	19	31	116	11	30	12
FBGN0259166	2556	3028	2575	2600	2350	2835
FBGN0001079	2774	3267	3369	2686	2356	3010
FBGN0029686	5329	5097	5384	4091	3918	3674
FBGN0030573	73	104	94	120	190	105
FBGN0003053	1738	2356	2005	703	1109	1339
FBGN0266572	9920	11197	10182	8009	9190	10075
FBGN0014340	4084	4907	5474	4241	4955	4784
FBGN0001341	7817	7888	8539	9415	10690	10252
FBGN0263072	91	135	80	170	108	119
FBGN0030578	0	14	23	15	0	20
FBGN0004860	37794	41553	38341	33439	32756	37532
FBGN0010329	53	79	33	39	47	42
FBGN0030052	1207	1435	1427	1631	1912	2064
FBGN0030788	2038	2298	2129	1977	1802	2290
FBGN0053245	1	0	2	2	1	0
FBGN0030003	2770	3175	3032	2289	2624	2724
FBGN0003964	5952	6439	6335	4882	4551	5446
FBGN0030928	47	44	206	1	10	0
FBGN0267045	5	12	5	4	5	3
FBGN0024361	12	32	146	24	21	9
FBGN0025629	1654	1676	1461	1701	1791	1973
FBGN0031108	8	2	0	9	7	8
FBGN0011770	1305	1464	1997	1917	1948	2045
FBGN0029771	270	470	389	422	282	653
FBGN0030412	5072	5894	5763	4786	5178	4834
FBGN0052554	450	415	209	214	277	230
FBGN0262609	0	0	7	0	0	0
FBGN0261570	16800	18861	18415	13442	14141	14109
FBGN0027528	13487	14767	14527	11557	11684	11672
FBGN0020909	2123	1976	2500	2008	2418	2275
FBGN0030344	7578	8071	8028	7424	8355	8306
FBGN0031062	4310	4433	3623	3201	4024	4166
FBGN0030809	24055	25977	25751	22099	22904	23830
FBGN0263111	629	657	513	348	235	174
FBGN0004367	5279	5374	5802	5185	5749	5612
FBGN0030056	2482	2757	3102	2476	2763	2569
FBGN0030955	15116	14966	14190	9148	10449	11392
FBGN0029133	7488	7108	7573	7203	7337	8084
FBGN0030514	5339	5387	5146	3804	3929	4389
FBGN0003159	1394	1469	1416	1113	1098	953
FBGN0030038	4177	5225	5643	4733	4951	5219
FBGN0003638	26562	27733	27293	20478	21404	23022
FBGN0003390	9993	11115	10479	10223	11115	11309
FBGN0031195	1178	1111	1467	1141	1444	1480
FBGN0030013	575	595	836	434	562	510
FBGN0086448	905	1066	914	1003	1236	1066
FBGN0040923	9	0	5	0	20	17
FBGN0031077	3918	4834	5127	4698	4797	5601
FBGN0003086	12	463	3695	44	36	19
FBGN0029944	4598	4789	4213	4646	4936	4838
FBGN0030757	3458	3240	3761	3315	3810	3830
FBGN0029596	42	35	30	57	57	59
FBGN0011277	0	7	14	26	14	2
FBGN0031023	20219	23187	22376	18893	18882	20454
FBGN0030706	38	65	122	102	68	80
FBGN0262980	1	0	5	0	0	2
FBGN0020272	1580	1318	1631	1644	1881	1884
FBGN0030695	2342	2390	2314	1744	1844	1919
FBGN0030468	5341	5304	5236	3870	4125	4353
FBGN0030524	1	5	0	12	6	4
FBGN0030421	17	27	20	161	79	139
FBGN0040649	0	0	0	1	0	6
FBGN0029518	11	39	21	27	33	0
FBGN0026575	58724	66690	62578	53659	57024	57200
FBGN0031051	8209	9473	8896	7060	7560	8548
FBGN0259190	21	28	25	16	18	15
FBGN0266435	30	28	42	42	26	15
FBGN0003559	6308	6205	6120	5983	6115	6418
FBGN0283741	1869	1950	1785	1851	2002	2140
FBGN0030164	16	13	26	30	11	16
FBGN0052820	106	64	131	171	52	68
FBGN0053667	96	39	36	48	49	72
FBGN0052507	18	1	15	3	5	3
FBGN0004957	1606	1758	1602	1047	1182	1285
FBGN0030994	13	68	22	33	14	2
FBGN0029890	698	954	904	497	625	909
FBGN0266647	1	10	0	3	0	4
FBGN0288730	0	0	0	0	3	0
FBGN0026060	1950	2573	2203	1426	1861	1737
FBGN0031047	10265	11324	10946	7784	8344	9306
FBGN0263748	19	12	0	21	20	26
FBGN0052811	28	55	39	35	16	30
FBGN0262607	12	5	25	18	8	17
FBGN0031176	0	0	1	7	0	0
FBGN0285954	10315	8816	9352	7988	9995	8106
FBGN0262486	0	9	37	13	10	0
FBGN0030949	0	4	30	30	8	15
FBGN0041210	6415	7380	6870	5159	5401	5873
FBGN0024983	2723	3367	3762	2490	2813	3235
FBGN0003392	12819	14285	13498	12372	13112	13727
FBGN0030696	937	1145	1050	791	920	835
FBGN0030970	1071	1136	1077	1072	1180	1567
FBGN0027087	5406	5707	4888	4335	5012	4814
FBGN0250904	13	19	14	64	48	30
FBGN0022942	12070	12032	11669	11092	11638	12603
FBGN0030028	22	48	14	24	23	15
FBGN0052792	33	23	59	36	48	16
FBGN0025644	11	5	34	80	25	13
FBGN0030599	0	0	1	8	13	3
FBGN0030892	2725	2544	2876	2396	2576	3085
FBGN0029950	36	37	46	52	64	72
FBGN0030739	2150	2351	2439	1825	1806	1913
FBGN0052536	1970	2095	2230	1359	1755	2079
FBGN0029645	32	13	22	45	8	19
FBGN0030999	115	312	85	50	12	80
FBGN0085356	13	16	5	12	41	14
FBGN0267163	70	64	107	57	105	144
FBGN0029888	2058	2169	1867	1976	2164	2440
FBGN0085387	28	53	40	82	14	32
FBGN0288745	0	4	0	0	4	0
FBGN0029755	5565	6005	5850	4681	5159	5641
FBGN0029853	416	546	458	346	380	474
FBGN0053664	51	25	23	9	32	14
FBGN0029894	2510	2825	2981	2112	2162	2702
FBGN0031032	251	205	327	68	102	94
FBGN0030065	2912	3197	3214	2953	3927	3753
FBGN0030407	241	347	332	471	454	389
FBGN0014464	9	16	10	2	14	28
FBGN0053557	6	0	8	1	2	0
FBGN0030668	239	167	412	331	192	261
FBGN0000520	2617	2754	2826	2061	2203	2423
FBGN0031134	14	24	41	23	13	8
FBGN0029539	0	0	27	13	5	15
FBGN0030641	3562	3536	3905	2914	3138	3059
FBGN0029857	2027	2934	2308	2348	2277	2969
FBGN0023521	1156	941	1214	924	1109	1187
FBGN0029892	378	583	382	351	455	451
FBGN0284442	8334	9731	9235	9089	9712	11675
FBGN0040319	1736	1628	2394	1127	1457	1526
FBGN0030097	118	649	5785	48	52	32
FBGN0000617	2445	2713	2477	2532	2457	2708
FBGN0260873	6	1	1	7	6	0
FBGN0085437	7648	8799	7641	5984	6257	6549
FBGN0064116	7232	7259	7819	5453	6598	7052
FBGN0030628	1788	1496	1680	616	769	776
FBGN0030780	30	56	34	31	18	16
FBGN0030961	50	24	44	75	124	85
FBGN0030894	3340	3496	3271	2872	3343	3173
FBGN0000536	4041	4382	4074	3235	3466	3780
FBGN0030508	18	39	40	50	27	11
FBGN0030027	2668	3276	2575	1733	2111	2181
FBGN0030394	9	44	20	43	54	33
FBGN0259734	1512	1951	1725	1861	1773	1697
FBGN0029955	22	52	36	29	10	29
FBGN0262686	1	0	9	0	0	1
FBGN0011280	2	0	0	17	4	4
FBGN0028342	7397	7749	8292	7889	9239	9171
FBGN0040368	23	18	20	15	8	31
FBGN0040347	1757	1785	1919	1278	1311	1593
FBGN0027287	3705	5538	5132	3214	3292	3951
FBGN0015288	133742	163791	138937	119537	128701	150453
FBGN0030624	3	0	7	10	5	1
FBGN0030016	25	69	43	40	7	13
FBGN0029963	26	41	32	17	10	13
FBGN0022768	12280	14250	13439	10546	10604	10748
FBGN0052529	19466	23453	21172	19010	19921	19842
FBGN0031099	1072	1257	1044	860	1009	1315
FBGN0030163	26	8	39	16	18	4
FBGN0030834	1954	1808	1924	2212	2058	2802
FBGN0030693	11141	11493	10684	8375	10021	10890
FBGN0029724	7	0	10	39	8	14
FBGN0029703	27	56	2	32	12	21
FBGN0030396	985	1213	1718	671	823	703
FBGN0264542	116	120	152	248	234	228
FBGN0285944	126	90	161	231	177	139
FBGN0030878	3682	4750	4257	3471	3675	4345
FBGN0000084	919	1077	943	691	958	1167
FBGN0040389	802	513	812	654	953	884
FBGN0052573	44	134	295	48	63	7
FBGN0000377	4741	4710	4518	4367	4958	5148
FBGN0030010	615	570	581	689	539	581
FBGN0029873	3482	3882	4309	2850	3048	3141
FBGN0031114	4561	4671	4273	3857	4916	4999
FBGN0030634	3	0	15	6	16	6
FBGN0030484	639	1001	1678	1140	901	1337
FBGN0260658	185	130	71	52	51	17
FBGN0052686	18	23	21	27	37	44
FBGN0003079	3823	3796	3471	3563	3676	3827
FBGN0023216	3687	3847	3661	2950	3268	3745
FBGN0030613	111	88	212	235	78	56
FBGN0286508	1525	1503	1473	1683	1918	1911
FBGN0266848	5163	4812	4600	4351	5288	5395
FBGN0011576	437	563	961	66	135	61
FBGN0013432	986	1078	1011	864	958	842
FBGN0052495	8732	9650	9953	6524	6680	7542
FBGN0011826	10115	12054	11224	8872	9447	10808
FBGN0030259	7	5	28	12	11	2
FBGN0025838	4	0	63	0	6	2
FBGN0266050	33	87	49	84	87	56
FBGN0052499	13542	14177	13699	16889	15316	18488
FBGN0021738	37	25	33	11	14	13
FBGN0030625	2195	2211	2337	2027	1919	2147
FBGN0040396	2028	1994	1919	1840	1995	1916
FBGN0010194	11797	12836	13027	10206	11359	11530
FBGN0024998	2850	2935	3419	2951	3209	3380
FBGN0031043	2108	2256	2076	1478	1776	1782
FBGN0029642	5	26	15	7	20	0
FBGN0052591	1	2	2	30	9	5
FBGN0031020	16904	17949	17179	12674	14932	16333
FBGN0029887	5832	7468	6175	5264	5084	5344
FBGN0030674	88982	101923	100546	75056	77070	79693
FBGN0030847	1921	2295	2185	1793	1984	1822
FBGN0053517	21	13	25	60	15	7
FBGN0029952	8	0	6	10	2	0
FBGN0030049	15945	19060	18165	15484	16558	17224
FBGN0052681	34	52	148	48	61	58
FBGN0030063	2111	2660	2338	2047	2674	2736
FBGN0003277	45743	47557	48359	41606	46917	45910
FBGN0030018	8486	9193	9524	7000	7554	7471
FBGN0030191	18	6	24	10	1	16
FBGN0040028	122	89	152	164	59	73
FBGN0029903	24118	25404	23018	18903	21534	21997
FBGN0022710	1762	1575	2043	1786	1968	2108
FBGN0014032	1281	1492	1256	1367	1373	1541
FBGN0259789	71348	82449	76185	60387	59196	61505
FBGN0030938	20	52	23	14	17	21
FBGN0030663	8	0	3	4	8	14
FBGN0030724	2273	2145	3074	2019	2253	1812
FBGN0025383	22	9	3	8	21	13
FBGN0259700	4501	5904	5305	4022	4252	4062
FBGN0030574	47	83	231	83	34	29
FBGN0017418	3645	4298	4214	3589	3728	3360
FBGN0023508	2710	3263	2795	3132	3683	3729
FBGN0052654	28347	32520	31245	23208	27035	26927
FBGN0262900	29	114	42	105	70	36
FBGN0030761	1498	1747	1392	1107	1270	1421
FBGN0052793	60	74	4	21	46	34
FBGN0053665	33	6	53	43	15	74
FBGN0040784	0	0	3	0	0	4
FBGN0040350	75	36	34	43	24	49
FBGN0267046	14	8	21	5	0	1
FBGN0004598	19370	21641	20065	16310	19199	18288
FBGN0001330	3616	4179	4032	3555	4428	3571
FBGN0052803	1223	1102	1060	843	1125	1162
FBGN0030598	745	725	942	699	929	851
FBGN0026411	47	42	11	29	76	127
FBGN0030151	13022	13968	13005	10565	12077	12971
FBGN0000163	11495	12768	12357	9600	10369	11245
FBGN0028325	5697	6671	5384	5134	6178	5879
FBGN0286809	6434	7435	6747	5913	6119	6474
FBGN0030823	0	29	10	27	10	0
FBGN0283433	1174	1294	1274	1332	1092	1322
FBGN0261834	4	0	8	20	0	9
FBGN0030449	226	56	190	165	239	105
FBGN0030268	19427	20845	20220	17670	18683	20739
FBGN0030509	18	0	152	4	6	18
FBGN0285879	1242	1870	1051	1281	1629	2167
FBGN0030985	19	12	23	14	37	29
FBGN0030791	2975	3214	3137	2866	3495	3653
FBGN0029740	4	10	2	36	9	0
FBGN0030291	794	495	731	554	765	660
FBGN0030510	65	150	15	165	152	208
FBGN0029719	43	125	77	79	71	61
FBGN0040031	36	49	40	53	38	19
FBGN0040348	26	30	13	26	21	49
FBGN0029689	516	506	523	423	627	624
FBGN0027864	366	328	349	297	473	424
FBGN0016038	2036	2258	2318	1803	2115	2028
FBGN0030048	330	400	172	331	303	429
FBGN0030366	18366	19704	18628	16434	19241	19438
FBGN0029789	1509	1534	1503	1321	1365	1358
FBGN0030278	0	0	2	4	0	0
FBGN0027291	7683	9094	7866	8368	8205	9424
FBGN0040346	1388	1640	2015	1679	1732	1737
FBGN0259699	7005	7975	6914	6554	6242	6214
FBGN0030318	6720	7104	6991	6320	6688	7596
FBGN0052640	3754	4171	4150	4584	5715	5239
FBGN0044872	19	11	5	59	9	9
FBGN0029863	1997	2740	1903	1369	1929	1186
FBGN0031065	43	0	48	13	16	13
FBGN0029594	994	938	955	956	1498	1191
FBGN0030556	7917	8474	7650	5420	6312	6232
FBGN0030499	2345	2920	2555	1654	1922	2284
FBGN0027588	43361	48379	43475	39317	42228	46195
FBGN0029648	857	1055	1176	592	654	800
FBGN0040069	58	16	73	45	12	7
FBGN0029939	2782	3193	2677	1522	2038	1977
FBGN0040345	0	25	13	20	20	0
FBGN0264562	27445	56794	39943	14218	23741	9098
FBGN0261955	6465	7668	7062	5059	5893	6425
FBGN0062565	0	7	70	56	35	34
FBGN0030913	7	6	18	15	14	9
FBGN0028369	981	1160	987	898	796	911
FBGN0014395	6	23	70	33	18	25
FBGN0030648	10137	10092	10868	10428	12034	11448
FBGN0029813	84	5	78	20	16	30
FBGN0053244	1	0	2	2	1	0
FBGN0030519	3485	4280	7017	3763	4041	4634
FBGN0030528	331	297	504	344	340	583
FBGN0000499	6682	6791	5912	5329	5965	6778
FBGN0031187	8303	9346	9066	6689	7610	6603
FBGN0000330	3388	3255	3123	2498	2990	3053
FBGN0040377	8	12	4	14	3	13
FBGN0040650	49	187	80	89	81	125
FBGN0010380	13701	15603	14281	10935	13585	13871
FBGN0011834	12	8	41	4	11	0
FBGN0261930	26	73	114	67	67	36
FBGN0030162	39	0	26	12	12	0
FBGN0014031	53	84	524	45	31	45
FBGN0030612	438	674	565	425	406	477
FBGN0024997	37	18	101	37	19	19
FBGN0030863	2714	2686	2674	2052	2191	2196
FBGN0266490	547	569	680	696	782	695
FBGN0262699	2104	2371	2123	1922	1923	2328
FBGN0030358	52	18	30	49	31	31
FBGN0030525	40	17	6	35	10	23
FBGN0052641	3803	4262	4253	4892	6040	5429
FBGN0052712	31	4	25	17	22	26
FBGN0045502	11	5	42	18	4	3
FBGN0259101	43	176	335	113	76	123
FBGN0030196	517	619	623	671	806	671
FBGN0003463	7337	8530	7059	5619	5968	6159
FBGN0003416	3918	4246	4008	2880	3501	3244
FBGN0030605	1997	1753	1693	1567	1565	1789
FBGN0004045	25	17	13	44	16	4
FBGN0261244	1529	1747	1741	1968	1949	2163
FBGN0052808	204	177	192	339	230	413
FBGN0030587	60	68	32	13	40	14
FBGN0029656	0	4	32	63	2	29
FBGN0267049	1	6	0	0	2	7
FBGN0031104	5	0	13	2	8	4
FBGN0010019	25	98	105	44	43	23
FBGN0014903	515	699	701	384	622	461
FBGN0030654	229	304	227	234	180	365
FBGN0264502	147	167	209	101	156	173
FBGN0029659	66	89	38	47	24	25
FBGN0002709	5233	5231	5372	3859	4441	4477
FBGN0030247	8	0	39	24	5	8
FBGN0002577	253	645	547	155	233	206
FBGN0003285	6347	7497	6514	5465	6224	6822
FBGN0001612	5336	6203	5716	5164	6527	6169
FBGN0040357	2	0	2	6	0	7
FBGN0030328	34143	35782	33667	27036	28336	28388
FBGN0023524	9	33	18	69	65	34
FBGN0004511	388	501	445	159	212	196
FBGN0030004	1039	1185	1071	802	1140	1257
FBGN0085451	33329	38367	35418	27466	28645	30542
FBGN0052755	39	22	16	16	25	57
FBGN0026374	4598	4968	5225	4811	4852	4799
FBGN0031189	1340	1170	1151	963	1326	1382
FBGN0003204	11310	13143	10959	10097	11115	11934
FBGN0030500	2335	2459	2183	2649	2675	2858
FBGN0044047	56	141	223	28	62	53
FBGN0029833	3645	4246	3554	3648	3464	3228
FBGN0030871	2581	2601	2324	2285	2583	2706
FBGN0031127	21	52	43	38	57	41
FBGN0030349	8297	8552	8686	5451	5764	6432
FBGN0030141	5561	6459	5951	4275	4359	5181
FBGN0013720	5000	4945	5011	4917	5300	5860
FBGN0052704	34	23	5	36	26	2
FBGN0027106	144	83	183	109	70	94
FBGN0000233	58	252	137	52	126	443
FBGN0030012	1212	1208	1251	1045	1116	1089
FBGN0053246	1	12	2	2	0	0
FBGN0052791	712	851	662	306	332	285
FBGN0024360	1481	1565	1247	1215	1195	1329
FBGN0029860	662	458	819	436	461	518
FBGN0043001	2733	2649	2804	3082	2962	3891
FBGN0026149	4042	4699	3868	3403	3852	4324
FBGN0031033	45	33	41	44	36	10
FBGN0030398	21	7	2	19	14	11
FBGN0024973	4594	5268	5344	4151	4761	5454
FBGN0052669	447	577	396	448	553	703
FBGN0030359	89	160	50	263	215	230
FBGN0025382	867	535	680	881	711	1072
FBGN0030457	2506	2617	2567	1988	2532	2394
FBGN0030836	529	3023	30011	72	23	29
FBGN0030753	4978	5694	5450	4189	4485	4926
FBGN0061200	44604	47881	49269	41334	43949	44603
FBGN0000117	76448	81800	74515	62784	70226	72337
FBGN0030477	40	13	6	40	23	14
FBGN0030200	0	7	0	5	6	2
FBGN0029649	0	9	21	16	2	5
FBGN0029702	34	1	26	32	17	10
FBGN0029733	0	10	6	15	38	2
FBGN0031169	49	69	72	45	51	40
FBGN0031097	4988	6047	4412	5135	4987	6049
FBGN0003300	49	2	25	15	14	26
FBGN0030257	32	8	12	13	0	30
FBGN0028550	1064	1746	1821	1841	1277	1611
FBGN0040375	582	581	518	618	522	844
FBGN0030300	230	186	152	147	153	166
FBGN0030996	3565	3901	3578	3311	3815	3756
FBGN0040089	308	471	543	244	150	167
FBGN0023511	5048	4978	5290	4103	5146	4747
FBGN0030610	751	799	697	860	750	877
FBGN0261703	44	113	156	90	74	98
FBGN0287725	30324	31108	29616	24510	26639	26165
FBGN0030719	20690	22814	21972	19389	19931	19123
FBGN0040385	32	0	18	29	12	18
FBGN0087008	36779	42022	39758	31992	33667	36607
FBGN0028421	4095	5031	4733	4018	4437	4237
FBGN0030342	2772	2543	2478	2111	2604	3056
FBGN0031059	1256	1252	1090	1018	1034	1281
FBGN0003380	89	87	115	150	106	58
FBGN0267977	1134	1768	1183	1469	1398	1305
FBGN0259926	6	17	24	78	4	14
FBGN0029809	122	32	57	71	90	58
FBGN0030347	50	94	84	11	24	13
FBGN0029608	34	29	200	12	26	34
FBGN0052568	11	12	3	6	14	17
FBGN0030286	5544	7118	6991	4712	5192	5636
FBGN0031146	8	8	0	24	35	19
FBGN0029729	26	11	28	11	5	6
FBGN0030429	427	348	396	199	157	117
FBGN0030158	0	8	20	0	4	0
FBGN0030925	1018	1309	1285	853	1265	1154
FBGN0052679	4	0	17	6	20	11
FBGN0015336	33	12	40	58	38	35
FBGN0044817	7	1	4	4	9	0
FBGN0030991	4938	5642	4584	3521	3913	3948
FBGN0029830	2905	3259	2683	1538	2106	2002
FBGN0030640	3405	3171	3345	3030	3144	3766
FBGN0031201	26	23	84	40	18	19
FBGN0030887	7	44	76	42	27	33
FBGN0024807	20092	23650	20316	14436	15299	14951
FBGN0025463	15819	16527	17330	13066	14527	15624
FBGN0030838	5002	3798	4386	3110	3745	3943
FBGN0086782	6	0	7	28	0	0
FBGN0029697	129	101	72	47	50	75
FBGN0054026	9	112	850	0	1	0
FBGN0031174	5685	6462	5927	5170	5361	5619
FBGN0027621	3971	5029	4900	3974	4407	4769
FBGN0030326	1419	1148	1030	193	763	127
FBGN0000542	62664	71709	67392	58403	59717	60642
FBGN0031058	10	25	22	13	10	0
FBGN0263993	35292	40484	39528	34940	35441	34832
FBGN0261549	3388	3081	3340	2844	3041	2980
FBGN0260747	1833	2342	2253	1752	1829	2313
FBGN0029590	20	17	12	2	17	10
FBGN0052772	5137	6436	5605	4547	5054	5398
FBGN0031074	5	1	16	3	8	1
FBGN0259242	596	708	516	356	349	531
FBGN0283473	2315	2825	2954	2714	2311	2747
FBGN0025632	477	444	473	415	471	378
FBGN0030204	8	36	11	12	38	13
FBGN0029840	9195	10287	9994	7536	7857	8911
FBGN0261675	55	83	316	33	32	21
FBGN0030425	33	53	223	51	27	30
FBGN0030206	2940	3552	3124	2199	2707	2945
FBGN0025679	29	3	4	17	6	15
FBGN0024366	928	884	705	1693	1541	1763
FBGN0030583	2	13	29	10	11	27
FBGN0023549	162	453	1431	137	141	79
FBGN0030266	30565	36014	34548	25333	27296	29174
FBGN0029976	4447	4805	5858	2621	3311	3235
FBGN0029928	1845	1304	1830	1616	1357	1836
FBGN0085464	0	19	0	12	9	0
FBGN0030577	16	0	8	29	0	22
FBGN0027602	7196	7909	7440	6884	8106	8464
FBGN0262485	0	0	4	4	0	8
FBGN0031190	2569	3015	3199	2783	3083	3023
FBGN0002576	37	99	86	66	45	158
FBGN0029795	25	91	758	15	20	23
FBGN0030801	900	722	867	726	747	860
FBGN0030077	4967	4988	5094	4385	5087	5390
FBGN0052574	17	43	2	28	24	12
FBGN0030572	836	1089	914	506	828	720
FBGN0030482	1805	2482	2205	2023	1982	2362
FBGN0030350	1043	1254	982	743	985	904
FBGN0039943	2933	3307	3050	3004	2967	3151
FBGN0052600	27	4	32	31	27	6
FBGN0052683	50	49	56	87	23	28
FBGN0267044	3	8	0	3	2	6
FBGN0264386	119	137	231	249	137	114
FBGN0040341	0	3	9	6	8	7
FBGN0029644	1	15	6	20	2	11
FBGN0010341	10264	13373	11693	9976	10373	11366
FBGN0030092	499	535	498	439	449	450
FBGN0030904	29	99	64	45	37	7
FBGN0052703	39	31	9	83	26	37
FBGN0005427	7641	8998	9031	4581	5388	5040
FBGN0263997	2	23	25	33	11	33
FBGN0025390	501	566	758	698	454	429
FBGN0039941	229	156	329	181	99	126
FBGN0069938	9	0	12	5	7	4
FBGN0030792	3910	3737	3229	2218	3137	3141
FBGN0014455	14489	12927	13177	12104	13109	15657
FBGN0053178	0	10	3	26	27	14
FBGN0052857	3020	3113	2461	2552	2807	2772
FBGN0026144	22969	28832	22371	14798	17145	15264
FBGN0040514	38	49	38	15	43	0
FBGN0030354	10978	11620	11307	8924	9656	11166
FBGN0031107	26993	33625	29493	23991	26223	28529
FBGN0025388	6980	6875	6521	7115	7194	6730
FBGN0287828	130	193	258	235	127	141
FBGN0029826	463	457	757	303	531	410
FBGN0030759	426	340	265	323	277	147
FBGN0028327	23497	29504	25934	18580	21133	20825
FBGN0024989	12439	14725	13192	11079	11766	13597
FBGN0040355	10	13	25	13	4	65
FBGN0053513	128	125	198	169	88	70
FBGN0030459	46	69	77	103	101	45
FBGN0023525	44	24	51	26	39	22
FBGN0027108	61832	72392	62537	50451	53404	56860
FBGN0005411	9114	8903	8374	7994	9022	9394
FBGN0030930	5857	6527	6265	4715	5594	5618
FBGN0029736	4209	5028	4453	3358	3531	4144
FBGN0030622	6	23	7	3	6	12
FBGN0030864	3999	3764	4050	4146	3756	3846
FBGN0031045	1	68	16	18	44	70
FBGN0010416	7144	6443	6772	6264	6366	7034
FBGN0026080	2008	2404	2094	2202	1938	2223
FBGN0284227	486	329	440	392	515	337
FBGN0030090	593	971	963	876	860	651
FBGN0040236	4498	5158	5170	3611	3802	4545
FBGN0266570	6371	5855	6912	6705	7319	7638
FBGN0053181	1139	1240	1876	1211	1311	973
FBGN0031157	70	19	24	18	33	6
FBGN0030997	17	28	37	26	22	29
FBGN0083979	8	11	62	20	16	13
FBGN0030352	896	555	700	547	921	797
FBGN0264449	4919	6564	6240	3046	3781	3339
FBGN0015615	11813	13704	12235	11280	11930	12552
FBGN0027564	299	659	514	545	654	584
FBGN0030833	2127	2292	2139	2291	2653	2476
FBGN0023529	37153	44158	38046	30304	34869	33205
FBGN0030554	981	1082	939	746	963	1308
FBGN0025637	12691	14812	14777	11759	13491	13740
FBGN0000022	1471	1350	1458	1528	1547	1811
FBGN0052823	1126	1317	1223	1089	937	1271
FBGN0023526	2261	2436	2329	3036	2873	2926
FBGN0030081	2480	2083	2212	2179	2841	2582
FBGN0003210	8138	9422	8501	7167	8414	7798
FBGN0029708	60	71	107	92	92	82
FBGN0029524	495	426	753	572	668	859
FBGN0029951	34	14	21	20	44	51
FBGN0052706	269	153	400	230	311	384
FBGN0030518	1048	1285	1204	909	964	1089
FBGN0023535	15	96	113	30	63	74
FBGN0052762	6	9	8	14	6	4
FBGN0030748	36	26	83	27	7	16
FBGN0031016	19816	25002	21617	17663	19195	20085
FBGN0030215	104	145	85	83	70	126
FBGN0030744	2354	2709	2479	2362	2799	2849
FBGN0052675	1117	1514	1365	1317	1419	1218
FBGN0052603	42	94	78	134	93	99
FBGN0029878	4659	4720	4519	4458	4717	5059
FBGN0030701	8902	11406	9732	7662	8737	9653
FBGN0030672	14568	16968	16610	13098	15002	16392
FBGN0030493	216	361	469	127	301	189
FBGN0031060	1644	1707	1467	1352	1466	1805
FBGN0004170	3078	3183	2948	2521	2817	2933
FBGN0030969	4082	4383	4126	4202	4207	4476
FBGN0259741	163	111	158	199	109	89
FBGN0052551	0	0	1	0	2	0
FBGN0003714	2458	2845	2638	2529	2514	2772
FBGN0260400	3105	3297	3270	2713	2903	3467
FBGN0003023	56	6	58	61	33	42
FBGN0004648	15493	17947	18267	14341	15343	16127
FBGN0004832	3454	4118	3120	3493	3016	3811
FBGN0025626	7620	7342	7083	7011	6568	7710
FBGN0024251	5239	5262	5218	4614	5201	5139
FBGN0026083	31249	33917	33498	30671	31246	33041
FBGN0030735	5444	5203	5573	4467	5377	4727
FBGN0014391	4444	3769	4323	3387	4431	4108
FBGN0040365	3	7	5	13	9	0
FBGN0030611	1002	1046	947	898	1128	1203
FBGN0040397	6670	7854	7166	6264	6942	7034
FBGN0288833	2601	2025	2158	2225	2759	2771
FBGN0040906	89	126	60	75	48	72
FBGN0030725	58	24	53	67	16	48
FBGN0027521	6568	6379	6631	6230	7028	6910
FBGN0031188	942	1190	902	1004	1191	1439
FBGN0261624	18	1	26	1	3	1
FBGN0023215	12247	14511	13099	10487	12759	10533
FBGN0004861	49427	53072	47714	42397	42911	48794
FBGN0000719	2111	1727	1800	1387	1712	1965
FBGN0040383	236	219	442	241	165	231
FBGN0030670	1139	928	1336	1132	1161	952
FBGN0266098	34205	39835	37563	30291	31050	31627
FBGN0030676	145	218	148	215	222	194
FBGN0029893	16059	19324	17742	15655	16649	19163
FBGN0031078	20533	22088	20715	18689	19310	21967
FBGN0030773	25	20	17	12	12	4
FBGN0004656	58818	66465	63854	52314	52109	56520
FBGN0031150	1511	1840	1634	1330	1600	1486
FBGN0267048	14	7	16	2	0	10
FBGN0039945	5545	5485	5499	5824	6232	6554
FBGN0029657	8	0	11	28	5	21
FBGN0030921	0	26	10	27	16	0
FBGN0029660	257	221	194	304	252	333
FBGN0054015	282	297	389	261	204	271
FBGN0265610	8	10	0	0	13	0
FBGN0030439	14	0	10	17	10	27
FBGN0285926	8256	10274	9695	9019	8795	9162
FBGN0262685	10	23	23	13	14	56
FBGN0030336	5644	5373	5384	5698	6185	6490
FBGN0030926	6	12	112	47	18	24
FBGN0001491	2183	2299	1873	1798	2400	2069
FBGN0031155	25	6	10	44	34	5
FBGN0030195	442	453	458	429	520	383
FBGN0262866	2906	3130	2746	2195	2639	2645
FBGN0041629	295	256	499	129	127	124
FBGN0000618	1377	1218	1240	1281	1393	1432
FBGN0261811	18339	22347	18458	14134	14763	15942
FBGN0260482	15	40	31	11	4	9
FBGN0030296	6	50	18	20	10	20
FBGN0024362	6354	6243	6515	5332	6104	6201
FBGN0029812	25	0	30	18	19	32
FBGN0030558	52	77	35	91	64	139
FBGN0052564	30	7	58	51	24	52
FBGN0042146	9	50	28	10	27	7
FBGN0010296	1	18	2	1	0	2
FBGN0030395	18	25	11	83	42	10
FBGN0028343	10793	11890	10961	9035	9799	10384
FBGN0030589	11	19	7	15	18	2
FBGN0030883	441	433	653	433	442	588
FBGN0030121	3065	3088	3073	2594	2564	2843
FBGN0260753	86	41	93	61	26	36
FBGN0030389	3	0	8	9	15	8
FBGN0022355	722	1377	2843	695	584	1422
FBGN0030691	84	112	66	68	64	47
FBGN0030017	945	1144	920	809	940	970
FBGN0029823	8808	8787	10215	8572	9550	10433
FBGN0031018	56	10	49	43	40	22
FBGN0030749	5891	6443	6928	5047	5630	5934
FBGN0030504	10009	9810	10061	10534	10681	11359
FBGN0052695	4	41	126	9	0	0
FBGN0000611	18877	18458	18161	14288	16589	16351
FBGN0025624	352	459	458	431	330	489
FBGN0026433	3331	3062	3437	2543	2921	2991
FBGN0011586	2935	3129	3293	2710	2973	3074
FBGN0003360	47897	46729	43667	50164	55718	59929
FBGN0025393	50	62	40	23	65	86
FBGN0030807	8	2	0	11	8	2
FBGN0260871	0	0	0	2	2	4
FBGN0265575	272	162	327	148	315	167
FBGN0030088	389	413	453	509	456	423
FBGN0030431	719	739	596	641	740	694
FBGN0030563	0	0	0	8	26	3
FBGN0026088	1282	1234	1485	839	1265	1204
FBGN0029828	40	41	166	5	21	16
FBGN0052813	219	396	504	213	315	328
FBGN0000359	15	12	1	11	11	0
FBGN0262610	4	6	13	5	22	4
FBGN0025111	543	416	417	585	685	739
FBGN0030329	6753	8154	7927	7053	7683	8100
FBGN0001087	8081	9533	8199	6934	8114	7554
FBGN0260789	10013	11111	9977	9716	10872	10321
FBGN0030931	46	80	43	20	29	68
FBGN0030814	9	10	53	32	40	58
FBGN0003447	13000	14279	12926	8619	10238	11256
FBGN0030657	1385	1331	1198	1035	963	1030
FBGN0278608	28458	29261	26798	31754	35050	35628
FBGN0288733	10	3	0	0	0	0
FBGN0025381	3258	3194	3242	2043	2084	2819
FBGN0052702	2922	4274	5498	2642	2806	3226
FBGN0027084	17500	17138	16252	13875	14717	16328
FBGN0029959	837	816	837	524	815	800
FBGN0030805	2913	3202	2797	2079	2582	2582
FBGN0288738	0	0	4	1	0	0
FBGN0040942	1184	1069	1055	1261	1121	1308
FBGN0030665	248	277	178	224	374	380
FBGN0025835	51	57	44	31	49	54
FBGN0030006	773	549	730	422	676	482
FBGN0260484	27010	31185	29564	26502	30550	31652
FBGN0000152	1441	1653	1271	1502	1740	1682
FBGN0259108	4677	6365	4924	4122	4555	4989
FBGN0040353	38	186	244	24	60	38
FBGN0261277	1964	2628	2259	1860	1942	2104
FBGN0000928	44	74	28	65	65	40
FBGN0030766	2571	2821	2773	2614	2586	3046
FBGN0027359	2612	2343	2189	1824	1884	1935
FBGN0031066	10823	9741	10835	8617	9222	9836
FBGN0031116	47	51	48	84	46	24
FBGN0288747	0	4	4	0	3	0
FBGN0027556	1710	2741	2743	992	1350	1213
FBGN0025809	2213	2412	2391	1643	1977	1929
FBGN0030956	7940	7409	8201	7031	7471	7502
FBGN0030859	18	10	21	10	33	36
FBGN0040931	604	722	671	579	592	708
FBGN0265767	74	126	161	190	177	141
FBGN0002948	3112	2867	2682	2751	3229	3431
FBGN0030443	20	217	2617	49	107	41
FBGN0023517	2487	3561	2995	2563	2533	2792
FBGN0003969	8300	9177	8729	6330	8386	7396
FBGN0052594	3325	3652	3477	2778	2888	3302
FBGN0001206	5388	5781	5557	5709	6085	5695
FBGN0028397	80	47	47	79	42	32
FBGN0001186	6832	6977	7413	6976	6570	7298
FBGN0052523	0	40	4	2	9	5
FBGN0029922	86	190	155	97	126	173
FBGN0029851	17	9	31	27	49	26
FBGN0031091	1059	764	1149	1227	1133	1388
FBGN0030813	431	552	619	544	605	567
FBGN0026679	4547	4281	4746	3848	4118	4447
FBGN0000459	555	676	458	478	473	609
FBGN0263830	10	6	10	0	4	31
FBGN0052707	2259	2074	2157	2136	2139	2172
FBGN0030623	5	3	3	16	2	28
FBGN0052588	3	7	0	6	3	2
FBGN0288743	8	0	0	2	0	2
FBGN0025628	5640	6081	5914	4753	4792	5946
FBGN0031081	212	96	86	64	88	57
FBGN0031144	2631	3355	3125	2231	2385	2869
FBGN0030597	15	50	12	45	26	4
FBGN0066114	1033	1338	1202	911	1259	962
FBGN0026749	1478	1350	1260	1259	1265	1019
FBGN0029665	898	760	624	762	825	872
FBGN0265630	6333	6755	7064	5880	5788	6141
FBGN0085440	61	41	43	38	57	32
FBGN0031086	0	36	31	17	15	21
FBGN0031011	2723	3560	3677	2986	2621	2705
FBGN0261793	18418	20450	18877	18568	20349	20226
FBGN0031098	5581	5850	5873	4155	4877	5806
FBGN0030221	0	8	0	10	3	10
FBGN0052521	1878	1796	3352	1818	1973	2550
FBGN0030051	678	1238	1111	335	394	321
FBGN0003371	18808	21718	19268	18815	18915	19496
FBGN0000108	109	157	203	69	77	262
FBGN0029937	3111	4411	3890	3782	3571	3836
FBGN0052650	67	30	24	17	4	9
FBGN0264954	26	85	84	73	51	29
FBGN0085357	17	46	34	49	34	26
FBGN0029931	0	0	0	14	0	8
FBGN0027498	1967	2683	2066	1653	1807	1929
FBGN0011822	8	2	28	11	7	1
FBGN0029966	35	33	18	51	6	6
FBGN0031119	2495	3028	2606	2388	2444	2675
FBGN0030629	1033	1166	1515	955	1104	960
FBGN0024980	21	43	32	37	26	11
FBGN0030167	36	16	16	88	45	52
FBGN0000524	15170	17251	14666	12835	13386	14815
FBGN0030638	492	452	701	477	526	578
FBGN0030841	168	203	212	132	130	73
FBGN0052783	4061	3968	4158	3208	3007	2701
FBGN0000927	2	0	0	12	8	21
FBGN0030304	20	14	28	41	6	21
FBGN0000137	168	157	125	149	111	109
FBGN0029737	1375	1439	1536	1381	1513	1720
FBGN0052797	22	30	24	11	2	11
FBGN0030893	1094	1092	1543	970	737	994
FBGN0030968	226	477	1420	353	404	478
FBGN0265535	530	459	493	534	513	391
FBGN0022786	5098	5155	4839	4221	4247	4944
FBGN0261954	50077	55178	53958	39195	44211	44260
FBGN0040351	29	0	32	22	8	21
FBGN0015558	454	300	507	415	446	559
FBGN0030734	7494	7363	7335	5965	6682	6971
FBGN0014026	123468	128647	119652	115224	128782	142030
FBGN0031170	508	823	1459	1394	1326	1441
FBGN0044046	5	2	23	11	2	3
FBGN0010292	3667	3817	3797	3208	3918	4189
FBGN0029712	17	70	38	36	53	11
FBGN0030157	43	64	382	37	26	16
FBGN0029770	5	12	0	0	4	5
FBGN0069973	0	20	5	9	4	0
FBGN0030886	33	24	51	24	40	16
FBGN0085362	60	20	63	118	47	50
FBGN0030360	3002	3253	2989	2585	2699	2935
FBGN0003423	9195	9983	9585	6746	8391	8283
FBGN0026313	5175	5298	5337	3574	3676	4065
FBGN0029685	2693	2957	2730	2180	2570	2543
FBGN0029825	3189	3927	3098	2711	3055	3704
FBGN0265416	70	39	30	86	43	25
FBGN0030375	1	4	1	19	6	4
FBGN0030855	4212	4024	4020	3391	4153	3671
FBGN0030607	137	203	308	287	164	253
FBGN0030816	396	552	298	285	263	262
FBGN0029935	558	852	567	757	755	879
FBGN0015794	1069	1260	1310	1201	1249	1509
FBGN0030025	2211	2688	2075	1853	1985	1938
FBGN0027342	3903	3919	3758	3246	3739	4181
FBGN0030364	4923	6050	5522	4495	5044	4661
FBGN0029874	1390	1307	1408	1095	1125	1370
FBGN0030479	4255	4316	4860	3515	3526	3061
FBGN0004828	25089	26745	24756	20269	22547	24681
FBGN0053669	19	1	18	6	9	5
FBGN0260855	2437	2967	3181	1938	2281	2465
FBGN0004403	57631	56215	53139	50862	57213	62427
FBGN0284408	41716	49396	54250	31206	34054	35075
FBGN0028474	16133	17965	17240	13250	13160	14911
FBGN0053239	1	0	2	0	0	0
FBGN0262976	94	116	107	69	65	63
FBGN0259168	11429	13156	11706	10458	11842	11997
FBGN0259196	14	6	19	26	8	1
FBGN0030245	3385	3706	4190	3007	3236	3643
FBGN0259231	30	47	51	49	55	48
FBGN0052549	1329	1898	2079	1378	1561	1421
FBGN0026428	7316	7778	9370	5030	5642	5839
FBGN0026079	4803	6207	5653	4864	5616	5775
FBGN0030868	0	0	0	12	5	0
FBGN0264503	35	150	103	130	131	93
FBGN0021767	41	41	52	47	15	53
FBGN0030093	25839	30227	27816	23097	23122	27605
FBGN0030082	5314	5496	5050	4503	5344	5925
FBGN0025621	5596	6019	5600	4174	3853	4761
FBGN0024182	2221	2875	2345	2121	2405	2629
FBGN0000808	141	131	96	117	33	45
FBGN0250862	26	43	97	89	82	95
FBGN0031042	122	98	135	62	61	38
FBGN0030840	42	32	56	56	42	16
FBGN0003656	4439	5354	5041	4120	3821	4426
FBGN0030507	766	804	828	985	1156	1046
FBGN0031130	0	0	4	1	1	0
FBGN0031132	30	12	8	24	5	10
FBGN0026175	3	0	5	44	13	4
FBGN0030001	19	8	13	33	14	21
FBGN0023536	884	901	969	883	863	856
FBGN0265413	1029	874	1246	1136	1330	1096
FBGN0026872	313	231	293	325	205	300
FBGN0024975	903	1084	1110	782	928	1019
FBGN0266434	38	56	28	17	24	18
FBGN0030495	12	24	35	33	51	20
FBGN0031069	2712	2827	3238	2731	2653	3004
FBGN0004102	32	26	27	50	87	150
FBGN0030590	31	9	52	36	42	16
FBGN0287454	1645	1698	1480	1362	1240	1576
FBGN0025391	35	37	1	23	25	9
FBGN0030029	18	39	32	10	57	24
FBGN0260812	35	15	7	31	23	33
FBGN0002878	6229	6434	6467	6554	6895	6782
FBGN0029688	25538	29808	28247	19586	21593	21482
FBGN0052576	497	415	524	392	490	462
FBGN0250788	82159	103785	98297	69966	71735	78944
FBGN0027330	6657	7429	6785	6254	6635	7434
FBGN0030704	715	977	919	673	765	922
FBGN0025815	11151	11698	11592	10785	11866	12845
FBGN0030071	0	0	34	5	1	8
FBGN0029521	34	40	41	49	22	16
FBGN0030218	166	165	146	194	277	291
FBGN0004050	8445	10307	9489	8681	8873	9340
FBGN0040349	8	26	289	9	10	9
FBGN0030522	542	502	598	363	374	538
FBGN0052815	86	53	89	66	45	61
FBGN0030311	2556	3065	2892	2931	3021	3457
FBGN0052625	19	4	24	17	13	9
FBGN0259204	170	176	123	162	156	189
FBGN0030480	675	575	736	537	686	697
FBGN0025625	94	197	194	98	110	216
FBGN0029747	22	0	19	10	34	11
FBGN0003374	3494	13256	87286	8491	76564	4767
FBGN0031093	1927	1838	1876	1691	2280	2283
FBGN0266431	0	0	5	0	1	2
FBGN0031022	1876	2046	1733	867	1028	1151
FBGN0030576	44	3	63	44	15	2
FBGN0030659	2546	2749	2835	2139	2290	1988
FBGN0259677	69	271	223	123	111	84
FBGN0040651	23	13	16	0	2	2
FBGN0261873	19577	24595	21728	16708	17667	17748
FBGN0040285	4996	5194	5747	5083	4867	5130
FBGN0265598	3318	3013	3157	2823	3233	2814
FBGN0086558	83240	90801	84870	84122	99284	101306
FBGN0011606	18027	18900	19234	16682	17868	19838
FBGN0004368	8803	10216	9675	8425	8778	8740
FBGN0030596	13	21	49	20	21	7
FBGN0029752	9	0	6	0	8	19
FBGN0030435	1021	1602	1692	1160	1449	1340
FBGN0026876	5253	5326	4449	3948	4021	4388
FBGN0029864	129	154	80	173	224	173
FBGN0260858	1611	1987	1662	1803	1799	1902
FBGN0028491	219	519	596	143	189	242
FBGN0025549	1934	2668	2525	1886	2219	2013
FBGN0031036	2252	2601	2558	1847	1766	2182
FBGN0029898	2614	2879	2450	1813	2377	2168
FBGN0029587	14	37	78	7	5	10
FBGN0025638	7199	8117	7197	8063	8747	9970
FBGN0030316	1512	1836	1689	1253	1115	1239
FBGN0263511	8	14	49	27	11	66
FBGN0052557	24	16	74	35	11	14
FBGN0030314	3549	3808	3782	2528	2799	3071
FBGN0030007	4831	5454	4951	4018	4543	4670
FBGN0266429	27	46	73	40	49	8
FBGN0030307	216	71	178	202	288	122
FBGN0003747	18	12	57	33	24	72
FBGN0053172	1075	1071	1108	988	875	963
FBGN0030411	231	299	205	167	225	220
FBGN0029924	3463	4712	3844	2256	3641	2981
FBGN0003345	38573	41489	41555	35777	38963	36530
FBGN0052563	11	13	0	27	17	5
FBGN0261524	3057	3290	3219	2620	3407	3577
FBGN0030228	2003	2560	2491	2258	2318	3031
FBGN0030246	4149	4629	4576	3577	3620	3295
FBGN0260870	1	12	4	0	0	3
FBGN0029980	1030	1189	1133	689	771	1093
FBGN0029885	1893	2063	1887	1456	1739	2202
FBGN0039946	1175	1186	1237	1077	1042	1402
FBGN0052671	6	0	2	5	9	5
FBGN0031141	7	12	17	7	4	0
FBGN0030346	955	775	631	751	865	953
FBGN0030376	44	39	8	103	28	53
FBGN0031182	95	97	170	52	32	58
FBGN0029726	10	9	0	8	8	0
FBGN0030289	3855	4106	3809	3686	4003	4272
FBGN0023518	18612	20467	20269	17290	18543	19266
FBGN0030451	1950	2182	2469	1876	2177	2370
FBGN0030377	35	77	40	19	8	23
FBGN0030406	1382	992	1313	1179	1400	1853
FBGN0030034	34504	39698	36837	32207	34310	39129
FBGN0027553	2006	2105	1972	1852	2327	2292
FBGN0285910	2661	2709	3104	2061	2641	2412
FBGN0287210	4056	4254	4168	3731	4345	3660
FBGN0031191	2404	2226	2627	2397	2640	2843
FBGN0026089	1871	1557	1742	1570	1679	1585
FBGN0029716	18	38	48	44	13	47
FBGN0004066	10002	9728	8414	9407	10497	10706
FBGN0052699	2611	2976	2872	2400	2534	2567
FBGN0031034	28	13	9	64	13	34
FBGN0004047	19	83	407	39	35	25
FBGN0010383	168	220	174	130	158	108
FBGN0030738	8227	9909	9244	7464	7839	8245
FBGN0024986	1171	1530	1359	970	1016	1373
FBGN0029946	0	1	3	0	4	0
FBGN0030927	456	441	522	571	712	725
FBGN0030544	16	25	37	16	103	11
FBGN0029896	2432	2711	2926	1504	1750	1916
FBGN0023545	2720	2244	2460	2293	2112	2455
FBGN0030030	1159	1796	1440	1199	1115	1385
FBGN0053177	0	17	0	19	35	4
FBGN0029969	5458	5147	4896	4685	5207	6233
FBGN0029718	2479	2221	2590	2569	2905	2769
FBGN0030890	2059	2526	2609	2051	2365	2224
FBGN0030891	4105	4352	3614	3667	3719	4261
FBGN0011754	4907	5171	4659	4773	4572	4772
FBGN0030391	1358	2011	1900	1551	1433	1480
FBGN0052750	4	8	38	22	35	33
FBGN0030536	23	2	21	17	22	0
FBGN0029964	9	0	30	9	1	2
FBGN0030041	20	137	962	62	97	22
FBGN0261446	2738	2849	2472	2021	2380	2343
FBGN0030058	2	0	8	31	12	27
FBGN0029783	342	156	281	334	299	452
FBGN0029962	25	5	45	21	27	12
FBGN0029811	2	0	6	10	2	2
FBGN0030776	10	14	6	7	7	7
FBGN0030183	407	516	433	225	279	246
FBGN0030292	1063	1063	1381	597	705	980
FBGN0029835	304	394	374	173	175	171
FBGN0030467	610	678	626	628	656	716
FBGN0024941	24	28	35	56	53	36
FBGN0283432	1176	1327	1258	1168	1007	1321
FBGN0029915	2210	2319	2266	2987	3216	3467
FBGN0030552	2379	2710	2622	2180	2156	2628
FBGN0029804	1299	1276	1295	551	618	643
FBGN0264078	2147	2531	2841	1959	2133	2456
FBGN0015799	9488	10565	10444	9063	9429	10293
FBGN0265726	538	266	569	188	206	157
FBGN0004034	17	16	40	65	44	20
FBGN0029725	7	4	10	7	2	0
FBGN0286877	25	70	51	17	43	52
FBGN0004657	18233	20684	18966	16163	17848	18134
FBGN0030710	3674	4491	4073	3434	3834	3893
FBGN0029750	312	387	369	91	74	82
FBGN0029817	19	7	6	19	21	45
FBGN0052814	48	64	26	27	32	55
FBGN0025635	1512	1826	1509	1568	1610	2025
FBGN0052638	920	1037	1095	865	802	924
FBGN0025836	27731	29768	31020	26552	26620	27710
FBGN0052767	20807	24640	22994	18668	18650	18709
FBGN0030777	26	30	268	5	4	16
FBGN0284228	1830	1743	2226	1475	1802	1461
FBGN0029905	3668	3804	4007	3443	3428	3996
FBGN0262730	9288	10238	9476	7987	8660	8382
FBGN0259162	11	27	38	51	10	17
FBGN0021765	6083	7771	6500	5535	5921	6658
FBGN0030447	1466	1336	1312	921	775	1068
FBGN0015773	2374	3107	2570	1273	1683	1373
FBGN0029568	28	58	26	13	26	1
FBGN0014465	10	23	20	38	17	20
FBGN0029943	1440	1326	1465	1391	1325	1435
FBGN0027791	803	666	887	789	908	960
FBGN0000257	1389	1670	1529	1257	1500	1528
FBGN0031048	2128	2863	2253	1696	1691	2391
FBGN0011758	1203	1092	905	629	864	1050
FBGN0030952	2	8	3	1	12	27
FBGN0053666	39	9	42	33	18	70
FBGN0029839	13	17	47	17	5	29
FBGN0031052	19283	21565	20796	16912	18127	18931
FBGN0264975	43687	48683	44735	41637	42915	45006
FBGN0288742	8	0	0	3	0	2
FBGN0024364	6907	7281	7098	6103	6349	6869
FBGN0026878	6	32	76	10	9	14
FBGN0053238	1	0	0	0	0	0
FBGN0052633	11	29	72	12	7	15
FBGN0030832	42	14	7	12	0	1
FBGN0029881	4283	3896	4267	5248	4696	5855
FBGN0011761	3	0	0	2	0	0
FBGN0030057	2131	1834	2021	2190	2555	2482
FBGN0029987	0	10	12	8	2	23
FBGN0025613	12	16	15	8	0	12
FBGN0030367	57	22	66	2	28	32
FBGN0029801	1296	1258	1222	1249	949	1291
FBGN0264691	1947	2584	2630	1952	2241	2337
FBGN0031088	12	60	15	43	27	24
FBGN0030181	59	92	72	54	100	45
FBGN0030898	13	24	48	8	18	2
FBGN0029975	84	102	201	51	93	80
FBGN0285947	51592	53923	50996	44786	48859	55964
FBGN0030769	8	15	55	10	3	2
FBGN0031031	35	30	9	54	59	42
FBGN0030746	30	117	330	78	41	15
FBGN0029932	407	328	509	82	195	42
FBGN0045073	3871	4778	4892	4912	5686	4718
FBGN0259994	54	45	122	74	47	67
FBGN0024993	1472	1414	1471	1142	1314	1040
FBGN0029856	4304	4170	3895	4068	4110	5036
FBGN0265523	90404	112882	100800	84973	89575	88144
FBGN0030774	13	22	228	7	4	0
FBGN0029957	3297	3851	3089	3713	3419	3915
FBGN0000427	57	102	74	193	70	157
FBGN0030983	27	38	26	3	13	0
FBGN0052571	28	18	8	29	2	17
FBGN0025642	13	14	36	8	26	12
FBGN0040877	6	0	4	2	0	0
FBGN0030844	45	31	23	27	49	34
FBGN0030400	9502	11687	10575	9833	9749	11665
FBGN0067052	1	22	5	34	10	6
FBGN0040922	8	0	1	14	6	15
FBGN0030348	5	8	40	15	4	21
FBGN0052673	9	24	0	12	19	10
FBGN0265608	2	0	4	5	6	7
FBGN0030731	6486	6800	7391	5374	5999	6794
FBGN0030331	13	43	10	23	5	10
FBGN0001092	29759	32277	32000	30458	31371	35303
FBGN0262612	6	0	22	0	0	1
FBGN0030787	1449	1394	1227	1751	1612	1806
FBGN0025387	2432	2712	2078	2589	2712	2266
FBGN0010198	28902	35428	32730	28978	32028	35974
FBGN0030240	4301	5256	4436	3901	3825	4547
FBGN0002917	118	134	160	157	27	115
FBGN0052670	7	13	0	3	8	0
FBGN0086693	51	65	119	70	26	27
FBGN0261849	1	0	0	0	3	0
FBGN0030506	1013	939	1015	796	783	938
FBGN0259110	82	65	96	133	78	88
FBGN0264393	0	10	9	8	7	5
FBGN0030365	3362	3290	3316	2931	3667	3633
FBGN0029799	109	95	168	103	122	108
FBGN0260748	7339	8572	8439	6974	7430	7859
FBGN0004370	16788	20951	18458	16429	17860	19100
FBGN0030711	824	882	1000	844	984	800
FBGN0029552	8	6	46	16	4	7
FBGN0030722	8	1	29	20	6	38
FBGN0288740	0	0	0	3	0	0
FBGN0030241	18044	19145	18680	17473	18650	21153
FBGN0030946	4491	5082	4744	4458	4804	5451
FBGN0283451	264109	296812	272904	215076	230653	216150
FBGN0030795	388	412	510	359	352	281
FBGN0030317	31	71	59	25	42	71
FBGN0266354	37	33	77	48	38	55
FBGN0001218	87421	108002	106359	63966	74012	68726
FBGN0261245	92	87	72	44	22	16
FBGN0024995	17	2	33	7	2	11
FBGN0029606	29	0	4	26	6	22
FBGN0030900	571	985	589	459	581	541
FBGN0027795	684	775	769	197	272	224
FBGN0029990	522	1834	11218	561	1244	337
FBGN0029814	3753	4787	4122	3925	4269	3890
FBGN0267043	6	12	0	6	0	4
FBGN0052631	0	7	14	8	23	16
FBGN0263216	53	22	27	83	24	56
FBGN0030502	3969	5487	5082	3382	3320	3860
FBGN0030159	3133	3202	2870	2275	2873	2354
FBGN0267384	3083	3134	3090	2263	2501	2856
FBGN0030817	25	32	25	72	34	74
FBGN0031194	6043	6999	6837	5785	5858	6551
FBGN0283545	0	3	0	4	25	4
FBGN0265362	209	97	201	232	228	159
FBGN0262734	20110	20698	19615	17065	18540	19606
FBGN0030099	1275	1093	941	920	965	1014
FBGN0030060	3738	3748	3713	3949	3881	4267
FBGN0030990	5147	6429	5976	3820	4256	4232
FBGN0259918	0	1	8	3	2	0
FBGN0040382	6391	6568	6058	6938	7120	8119
FBGN0004057	2188	2136	2051	1883	1989	2368
FBGN0026430	5803	6576	5543	4664	5395	6115
FBGN0030806	3486	3413	3706	3208	3200	3580
FBGN0052786	4133	4170	4157	3356	3130	2841
FBGN0030136	47345	40794	42905	38352	48083	44209
FBGN0030465	1991	2472	2180	2305	2502	2801
FBGN0030571	962	1208	1131	741	802	978
FBGN0261617	67431	76807	74150	61486	62685	65190
FBGN0030230	24	36	18	53	27	22
FBGN0030418	1719	1510	1755	1039	1386	1263
FBGN0263772	195	255	218	193	204	164
FBGN0266710	105	138	99	61	94	74
FBGN0052644	82	90	73	106	65	49
FBGN0030040	0	6	340	8	92	23
FBGN0053499	2159	2933	2697	2578	2204	2944
FBGN0029895	2676	2627	2725	1937	2083	2267
FBGN0030608	31667	30311	32804	30729	31519	34948
FBGN0025837	96	560	3339	29	38	82
FBGN0030305	6577	7969	6489	4940	6043	6017
FBGN0002707	2835	3528	3126	2212	2702	2463
FBGN0000382	11029	12565	11001	8778	8614	8939
FBGN0040929	294	502	357	431	327	383
FBGN0030929	78	162	820	65	69	105
FBGN0264739	0	2	0	5	10	2
FBGN0030280	7	9	12	24	5	5
FBGN0030620	2	0	17	19	14	21
FBGN0053237	1	3	2	16	0	0
FBGN0029858	1275	1264	1157	913	938	1226
FBGN0262101	1	26	23	4	2	4
FBGN0030540	2	7	32	31	13	0
FBGN0052647	71	101	99	40	24	12
FBGN0264077	51	21	40	69	36	21
FBGN0031094	2314	1963	2011	2105	2349	2342
FBGN0029664	863	898	800	588	848	723
FBGN0027537	12257	12328	12401	12929	13761	15196
FBGN0029914	2234	2095	3021	1533	1825	1745
FBGN0053240	1	0	0	0	0	0
FBGN0001624	20394	21469	21018	21161	22260	23503
FBGN0030936	22	11	14	17	4	9
FBGN0030786	2503	3064	3026	2612	2762	2915
FBGN0004650	51	59	75	85	60	30
FBGN0250869	887	1132	909	1152	943	1069
FBGN0052547	20	43	68	31	37	45
FBGN0029821	99	208	275	52	72	83
FBGN0085366	7	3	0	11	0	7
FBGN0030699	3212	3233	3333	2918	2954	2600
FBGN0040309	9742	11927	11408	8493	8020	8799
FBGN0030309	765	638	696	1219	1284	1203
FBGN0052685	32982	36115	33227	24753	27017	27156
FBGN0004647	120834	139996	130457	108762	115213	118164
FBGN0030742	27	10	21	8	12	18
FBGN0030239	1173	1570	1511	1033	1333	1154
FBGN0029911	1035	1490	1229	976	1266	1113
FBGN0054028	17	0	0	8	10	30
FBGN0026873	1742	1607	1635	1341	1338	1388
FBGN0030351	108	117	101	147	185	156
FBGN0029531	39	49	38	83	70	19
FBGN0288734	10	0	0	4	4	0
FBGN0263005	2641	3514	2582	3178	3250	4026
FBGN0003048	15453	17710	17863	14284	16419	15249
FBGN0025378	0	1	4	4	0	2
FBGN0040372	16818	18594	17950	15484	17527	16158
FBGN0030009	0	10	0	1	4	0
FBGN0000479	1606	1715	2081	1638	1564	1331
FBGN0040334	799	1065	705	683	700	910
FBGN0029701	0	2	13	16	11	10
FBGN0030770	4	44	29	21	15	61
FBGN0030011	73	111	54	65	106	104
FBGN0030096	4214	4623	4573	3999	4389	4612
FBGN0029679	2505	2770	3247	2294	2290	2032
FBGN0025612	0	17	7	17	7	2
FBGN0031038	48	4	104	95	84	64
FBGN0040343	12	18	11	18	26	9
FBGN0029669	14	7	11	5	37	37
FBGN0029930	46	17	61	40	42	11
FBGN0028341	7945	9861	8759	7697	8301	8491
FBGN0259098	1	4	43	5	0	18
FBGN0030260	1	2	18	3	6	0
FBGN0030720	7372	6230	7040	6099	8736	8145
FBGN0001083	4878	5171	4798	4325	4697	4497
FBGN0029646	30	17	6	48	20	11
FBGN0026713	10348	11834	10829	8964	9540	10791
FBGN0030161	10	0	19	15	2	14
FBGN0030234	28	55	287	149	99	149
FBGN0029768	14	40	24	78	47	21
FBGN0031068	1457	1116	1432	1272	1297	1566
FBGN0020653	24416	26551	23312	21926	23224	26590
FBGN0083981	34	0	56	74	50	13
FBGN0029696	8	0	15	12	3	14
FBGN0283471	558	409	875	641	478	271
FBGN0030790	2170	2811	2672	2454	2664	2921
FBGN0029827	8	56	62	57	38	35
FBGN0015036	16	27	48	7	24	13
FBGN0029762	22	14	100	59	29	46
FBGN0262111	845	1012	960	2017	1469	1526
FBGN0030283	0	0	5	12	1	0
FBGN0030794	764	893	751	513	693	655
FBGN0003575	12851	14132	13227	8901	10477	11190
FBGN0030261	11	19	115	43	12	39
FBGN0030054	13431	13351	14134	15236	16429	16758
FBGN0083940	6308	8222	7242	5892	6608	5788
FBGN0085358	6	7	18	0	0	0
FBGN0030102	35	87	97	49	102	10
FBGN0263968	15971	17054	17074	12729	14523	14884
FBGN0030918	40	1	4	18	14	26
FBGN0259241	5	0	30	33	25	35
FBGN0029681	22	12	14	12	19	21
FBGN0030880	12	12	6	11	29	0
FBGN0029709	4924	5961	5598	4118	5165	4953
FBGN0029861	4284	5378	4713	3574	3892	4380
FBGN0002641	1965	1602	1874	1437	2135	1829
FBGN0030420	1674	1462	1415	1386	1781	1521
FBGN0030160	2829	3638	2878	2948	3082	3758
FBGN0040373	3349	3755	3411	2591	2776	3046
FBGN0003057	48	18	6	4	6	24
FBGN0024991	4056	4430	4537	3915	4245	4906
FBGN0030455	32	41	41	110	39	46
FBGN0024943	38	115	97	77	19	23
FBGN0030520	16736	16551	15548	14788	15969	18644
FBGN0023514	3342	3068	3161	3116	2932	3343
FBGN0052687	125	281	1529	56	56	30
FBGN0029979	14700	14933	15004	14304	16318	16586
FBGN0030015	2	26	0	22	10	17
FBGN0030941	3438	3524	3348	2611	2827	3259
FBGN0029971	2122	1979	2007	2082	2118	2101
FBGN0030298	29	21	31	29	69	12
FBGN0031002	2	39	119	33	20	19
FBGN0029629	14425	15572	15523	13770	14703	17122
FBGN0052666	5677	5766	5539	4542	5460	5229
FBGN0030104	14	1	0	8	2	0
FBGN0022770	158	141	162	173	165	211
FBGN0027546	3056	3711	2944	2128	2301	2224
FBGN0030441	7	0	0	4	2	2
FBGN0267033	5395	8968	6902	4837	5302	4120
FBGN0030802	2020	1943	2471	1723	2196	2192
FBGN0040394	9771	10063	10740	9398	10021	10475
FBGN0030694	836	959	793	867	851	913
FBGN0030592	80	68	87	36	31	37
FBGN0029877	34	49	44	72	51	5
FBGN0025739	6665	6930	6162	5437	6218	6355
FBGN0000179	31116	30744	34348	32050	33894	30361
FBGN0001250	8261	8504	8704	7061	7368	7675
FBGN0259245	39	32	41	22	36	29
FBGN0010269	2423	2619	2585	2069	2412	2627
FBGN0020369	10870	10677	10497	9445	10698	9736
FBGN0030992	34	35	37	11	21	30
FBGN0015519	58	68	88	44	35	37
FBGN0030440	2	0	13	5	7	5
FBGN0053502	2942	3090	2397	2481	2782	2662
FBGN0086367	1397	1537	1726	1107	1403	1290
FBGN0030105	39	256	2089	13	90	24
FBGN0052580	1208	954	1141	1623	1477	1058
FBGN0014133	37008	43455	40713	34236	35751	40260
FBGN0262656	33582	37603	36293	31896	32632	36194
FBGN0028480	3488	3997	3753	3438	3912	3939
FBGN0030804	6	8	8	15	1	16
FBGN0030643	22	41	0	0	9	4
FBGN0029687	17443	18828	19278	14972	16432	15462
FBGN0030853	2601	2455	2121	2330	2635	2605
FBGN0267253	1	0	29	17	6	5
FBGN0003366	250	202	191	266	142	334
FBGN0030327	2499	2764	2753	2156	2504	2726
FBGN0002590	119801	112984	101861	105733	116552	135756
FBGN0030593	15	64	233	44	14	23
FBGN0015926	2190	2535	2655	2387	2808	3255
FBGN0040336	308	257	236	222	214	376
FBGN0030369	40	10	32	20	5	8
FBGN0030839	508	560	495	362	383	586
FBGN0004649	35	47	15	60	33	19
FBGN0030538	10	2	0	0	0	3
FBGN0004404	39369	39233	37048	34603	37417	43146
FBGN0024987	10893	11092	11019	9973	11011	10267
FBGN0031006	11944	15424	14035	10366	10596	11430
FBGN0040376	0	20	3	16	14	5
FBGN0014868	15340	20506	17473	15300	16547	18108
FBGN0030789	2049	2022	2250	2133	2074	1984
FBGN0026084	40626	43340	37560	27236	34851	31814
FBGN0030756	22	31	554	48	36	16
FBGN0030073	543	876	2398	696	827	463
FBGN0029974	20	1	31	37	21	23
FBGN0030982	0	0	11	9	4	4
FBGN0031090	2895	2872	3038	2354	2504	2498
FBGN0004198	8489	11228	8838	6845	7712	8060
FBGN0000077	753	715	615	509	646	721
FBGN0030271	24	8	44	17	4	29
FBGN0052512	522	731	616	367	353	230
FBGN0031161	2974	2781	2955	2046	2210	2416
FBGN0029818	3436	3940	3617	3646	4072	4343
FBGN0029947	0	22	4	33	1	3
FBGN0004227	19592	19128	18193	15603	20281	16469
FBGN0030851	1252	1288	1239	970	1270	1099
FBGN0029859	17	15	3	45	28	22
FBGN0029753	20	6	11	17	7	12
FBGN0030874	850	1037	1049	982	764	929
FBGN0020378	144	651	186	150	306	927
FBGN0029722	10	11	63	71	40	15
FBGN0020513	7595	8210	8852	5270	6330	6380
FBGN0053243	1	0	0	2	0	0
FBGN0030687	5126	5356	5031	4170	4474	5186
FBGN0030432	37	82	100	128	77	86
FBGN0066303	1530	1444	1553	1460	1441	1844
FBGN0024897	48	168	53	53	59	86
FBGN0023516	2016	2558	2559	1496	1594	1962
FBGN0030667	35	131	77	74	81	22
FBGN0027603	23674	26760	25046	22907	26204	24837
FBGN0023550	20	18	20	6	59	53
FBGN0030107	257	312	319	107	121	94
FBGN0026751	2147	2221	2034	2739	3160	3435
FBGN0023520	921	988	762	925	814	981
FBGN0029694	14	6	0	17	0	5
FBGN0026058	19	12	23	57	23	13
FBGN0029945	284	271	269	348	240	334
FBGN0030103	0	11	2	22	4	0
FBGN0029504	6087	6359	7585	6607	7078	6481
FBGN0000394	2629	3039	2432	2235	2103	2110
FBGN0260869	0	6	1	5	0	3
FBGN0263747	267	294	382	300	213	296
FBGN0030217	449	506	583	565	514	481
FBGN0004397	7207	9427	8535	6875	7581	7937
FBGN0025634	4491	5347	4766	3800	3828	4846
FBGN0029870	5690	5777	5702	4876	5653	5922
FBGN0030566	18	14	12	50	4	6
FBGN0003449	6370	7033	6953	5649	6599	6644
FBGN0030837	31	445	4336	19	25	21
FBGN0030494	3142	3314	3164	2173	2602	2499
FBGN0030600	453	649	683	455	583	380
FBGN0003139	3517	3821	3701	2875	3557	3524
FBGN0023528	6401	6993	6867	5884	6278	6654
FBGN0029912	4650	5047	4603	3643	3818	4636
FBGN0023513	2655	2434	2916	2909	2979	3253
FBGN0029763	11818	11662	11474	8753	10409	10174
FBGN0030293	11628	13692	13034	11802	13177	13245
FBGN0265139	39	28	1	20	28	42
FBGN0030481	723	542	647	696	611	864
FBGN0030559	12	11	0	14	4	8
FBGN0263829	24	200	217	83	96	84
FBGN0030678	888	801	873	892	1002	959
FBGN0029965	22	31	5	41	19	21
FBGN0024365	3568	3766	3391	2700	2601	3238
FBGN0030685	5221	5882	5864	4210	4858	5133
FBGN0023130	3063	3018	3420	2554	2563	3133
FBGN0026085	800	646	779	548	596	679
FBGN0030485	1943	2029	1759	1535	1995	1723
FBGN0015286	2403	3024	2831	2812	2811	2985
FBGN0030980	3	1	15	4	4	11
FBGN0261383	8116	9116	8862	7006	7573	8619
FBGN0029994	6	65	251	20	20	6
FBGN0085354	85	104	178	96	145	110
FBGN0052537	1095	1372	1141	936	832	783
FBGN0030671	1618	1597	1777	1232	1377	1441
FBGN0030486	14436	16370	15775	12459	12744	13935
FBGN0265267	10	22	0	14	43	16
FBGN0030666	2085	2491	2072	2404	2319	3144
FBGN0010240	23	12	34	45	28	12
FBGN0029710	1145	900	994	830	1247	807
FBGN0030460	493	463	469	621	648	534
FBGN0031005	11	33	33	60	31	48
FBGN0020508	51	540	4490	84	42	1
FBGN0031039	1043	1067	1121	789	974	971
FBGN0067861	778	1061	936	807	719	884
FBGN0029936	1641	2264	1660	1557	1796	1884
FBGN0030492	6	13	22	6	18	7
FBGN0052645	70	248	153	157	102	112
FBGN0259927	57	89	53	60	44	28
FBGN0029837	37	47	89	44	6	33
FBGN0053252	4	9	10	23	4	8
FBGN0030330	2984	3327	3093	2604	2633	2704
FBGN0011837	14804	17087	16168	13101	13407	13488
FBGN0285970	3111	3143	2528	2632	2861	2892
FBGN0030869	6072	6893	6469	5452	5891	5833
FBGN0040366	904	677	832	706	825	719
FBGN0030272	6	37	24	30	11	30
FBGN0039942	631	591	572	519	524	769
FBGN0283469	5443	5555	4845	5157	5540	6105
FBGN0000826	53	16	7	49	60	33
FBGN0004687	7302	9248	8669	7681	8271	8901
FBGN0030932	282	363	320	401	256	383
FBGN0031008	1606	1772	1644	1327	1540	1691
FBGN0028746	181	132	243	190	155	150
FBGN0040904	2	14	0	3	1	6
FBGN0013987	8269	10528	9183	8472	8346	9160
FBGN0023519	2673	2498	2264	2195	2232	2315
FBGN0030174	100	71	128	97	84	60
FBGN0085360	40	30	111	30	61	41
FBGN0030530	8860	9573	8787	6483	7564	8012
FBGN0031184	89	59	41	73	73	91
FBGN0030341	2381	2586	2534	1898	2222	2179
FBGN0030684	16	22	15	32	9	47
FBGN0015789	2045	2606	2244	1844	2176	2019
FBGN0052642	43	16	43	37	25	34
FBGN0030276	7346	8520	8335	6850	7251	7740
FBGN0052656	103	788	417	145	268	1926
FBGN0030122	2895	2727	3014	2953	2866	3487
FBGN0003301	12320	15253	15533	11626	12285	12636
FBGN0029662	4352	5490	4407	4334	4330	4889
FBGN0030947	7	28	17	45	13	15
FBGN0266284	5673	5991	5304	4661	5587	5903
FBGN0040356	6	2	1	6	7	9
FBGN0261616	3	1	0	5	9	2
FBGN0025394	5569	7347	6482	6088	6024	6406
FBGN0266569	262	226	240	243	262	297
FBGN0030669	1020	768	863	865	731	691
FBGN0023531	3657	4602	4331	2850	2817	2622
FBGN0030290	15	0	0	29	6	24
FBGN0023527	3023	3251	3028	2813	3545	3649
FBGN0030466	14461	16946	15870	12575	13707	13902
FBGN0030954	464	713	960	540	586	637
FBGN0030087	7375	10459	9629	6731	6804	7170
FBGN0040393	9	255	2452	3	11	14
FBGN0264395	11	1	14	14	3	26
FBGN0003321	7871	7388	6936	5594	7066	7032
FBGN0031109	6	12	0	10	4	6
FBGN0283712	5326	5993	5784	4594	4872	5188
FBGN0029819	2908	3026	3189	2470	2929	3237
FBGN0030658	2175	2907	2616	1892	1855	1860
FBGN0029949	12	0	0	26	0	5
FBGN0004655	14739	16318	16088	13606	14472	16019
FBGN0031128	21	53	2	59	39	24
FBGN0024184	31	92	17	72	69	146
FBGN0015818	8524	8783	8591	7969	8332	9000
FBGN0027794	4822	5652	4623	4595	4576	5271
FBGN0040207	2759	3740	3372	3019	3265	3244
FBGN0030178	874	1126	938	1060	970	873
FBGN0288690	1056	1205	1202	1339	1412	1505
FBGN0001090	43248	45451	46246	60632	61373	66094
FBGN0029715	6934	7068	7314	5896	6881	7408
FBGN0029535	0	25	5	0	0	0
FBGN0029909	0	0	18	4	20	6
FBGN0260780	148	136	137	97	115	140
FBGN0052672	6741	6149	7117	6180	6676	7200
FBGN0053668	27	21	35	42	24	39
FBGN0053542	76	92	129	113	79	69
FBGN0030984	20	60	104	59	28	14
FBGN0261461	6339	6304	6932	4477	5998	5882
FBGN0267967	243	201	197	69	128	85
FBGN0029728	64	86	76	171	61	79
FBGN0267912	6663	8414	7628	6330	7080	7719
FBGN0029906	1109	958	1043	974	1062	1059
FBGN0030575	32	0	52	11	40	2
FBGN0030186	64	64	64	17	33	32
FBGN0029879	51	26	49	112	64	76
FBGN0025814	2521	2741	2831	3365	3348	3543
FBGN0029532	121	54	26	69	82	36
FBGN0040907	513	402	396	424	562	553
FBGN0030584	1145	1128	1438	972	1029	1167
FBGN0030812	11460	14540	13256	10449	10741	11565
FBGN0029798	2468	2754	2633	2676	2816	3049
FBGN0029970	5278	5237	5121	4699	4925	5526
FBGN0031054	1434	1709	1587	1104	1185	1342
FBGN0261610	3332	3595	3337	3045	2901	3411
FBGN0000360	12	0	32	38	4	28
FBGN0010391	11811	14485	12733	11200	13154	13011
FBGN0030005	130	64	112	177	194	165
FBGN0003865	0	1	0	7	1	0
FBGN0030796	526	535	737	224	306	343
FBGN0005391	19	0	11	7	14	17
FBGN0030408	0	1	42	16	5	25
FBGN0019929	23	7	9	21	6	9
FBGN0284222	62	100	50	79	132	40
FBGN0052732	2747	3452	2877	3045	3534	3852
FBGN0022724	1923	2134	2216	1436	1524	1748
FBGN0030120	295	259	244	262	223	293
FBGN0030433	903	805	811	680	760	798
FBGN0062413	840	742	894	729	1111	926
FBGN0030066	449	278	380	288	331	356
FBGN0014466	4	18	15	24	6	8
FBGN0030137	401	308	370	266	387	372
FBGN0065035	753	648	718	448	580	618
FBGN0030357	262	119	300	48	56	51
FBGN0288731	5	0	14	0	0	2
FBGN0040388	15721	17360	15554	14536	15837	16635
FBGN0029661	134	82	132	178	164	233
FBGN0015024	12395	12267	11914	11022	12308	12167
FBGN0030615	83	175	1458	77	19	4
FBGN0029838	40	20	57	89	26	10
FBGN0263258	17960	19843	17131	15359	16068	17224
FBGN0000221	346	442	410	396	325	426
FBGN0030008	1281	1683	1212	1471	1120	1375
FBGN0030050	0	14	0	9	42	6
FBGN0052569	4	0	34	21	24	35
FBGN0020261	18039	18108	17592	15994	18024	19322
FBGN0266019	8923	9958	9690	10355	11224	11519
FBGN0030614	2	1	0	2	8	5
FBGN0250874	4739	4403	4272	4142	5141	5267
FBGN0030270	5	5	2	23	10	12
FBGN0029836	4	1	32	2	21	7
FBGN0026702	1960	2162	2336	1785	2115	2265
FBGN0029667	47	14	46	8	14	64
FBGN0025800	9483	11491	10603	7455	7966	8206
FBGN0031117	1048	1255	1596	757	889	1026
FBGN0030297	13	0	36	24	3	8
FBGN0029989	18	16	2	24	22	12
FBGN0015379	4712	5580	4372	4417	4724	5690
FBGN0029769	0	48	4	38	8	34
FBGN0027280	2886	3775	4139	3435	3221	3415
FBGN0030053	2725	3073	2598	1849	2263	2284
FBGN0031178	35	153	1922	8	13	0
FBGN0031057	15437	18088	16020	12988	13846	15903
FBGN0043903	19601	23155	22097	17841	17747	20022
FBGN0030803	1591	1218	1536	1404	1590	1631
FBGN0262534	0	6	15	56	0	29
FBGN0261791	2908	2630	2615	2557	3413	3048
FBGN0031021	2277	2798	2607	2125	1919	2121
FBGN0029745	249	363	350	289	350	438
FBGN0030974	15864	17091	16814	11195	12910	14255
FBGN0029676	27267	31651	29862	26890	30780	32296
FBGN0053247	1	6	2	2	0	0
FBGN0040398	363	592	1660	207	214	152
FBGN0030539	136	120	197	192	298	401
FBGN0030697	50	23	39	57	20	43
FBGN0030588	74	123	238	179	111	113
FBGN0263706	23061	30258	28170	21666	24868	25347
FBGN0003654	10926	12450	11919	10822	10159	11845
FBGN0040068	5644	6363	5910	5088	4718	5364
FBGN0028292	1628	1613	1779	1161	1401	1431
FBGN0010295	2	360	3537	5	15	5
FBGN0029999	2798	2641	2784	2717	3305	3515
FBGN0025639	28613	29894	29513	24822	27187	26499
FBGN0003218	913	1595	1706	944	900	704
FBGN0030542	76	96	80	14	60	96
FBGN0002561	20	18	11	52	17	25
FBGN0029995	12	13	10	8	16	15
FBGN0030703	6250	6641	6937	5622	6735	6077
FBGN0030332	39	18	58	28	9	11
FBGN0003655	21	39	21	14	19	18
FBGN0029573	12	1	7	0	11	2
FBGN0030187	30	20	22	22	14	22
FBGN0040392	127	102	148	118	140	152
FBGN0023523	139	130	147	172	209	145
FBGN0040941	64	52	34	24	29	6
FBGN0030269	3053	3860	3514	2757	2661	3502
FBGN0044030	1039	926	972	959	1218	1137
FBGN0023169	5844	6686	6501	4728	5188	5689
FBGN0030345	476	609	547	628	774	870
FBGN0085521	0	0	0	0	21	5
FBGN0030700	149	316	234	291	266	281
FBGN0265784	3469	3619	3161	3026	3110	3350
FBGN0040850	2	16	94	5	4	3
FBGN0030456	4315	5127	4742	4162	4844	5111
FBGN0040087	5304	5964	5583	4062	4382	4589
FBGN0042132	2117	2025	2116	2165	2492	2630
FBGN0085693	0	4	4	0	2	0
FBGN0259170	5410	6495	6257	5131	5717	5886
FBGN0030912	186	199	237	227	238	253
FBGN0086778	73	35	132	125	61	68
FBGN0259150	63	87	38	82	85	67
FBGN0264389	1004	1201	1007	919	1063	993
FBGN0025616	16	16	79	67	10	8
FBGN0030686	2503	2296	2243	2281	2577	2412
FBGN0023458	25894	28221	27058	22512	22655	24759
FBGN0261848	4	9	8	8	17	18
FBGN0040871	6	5	0	9	0	11
FBGN0024238	6691	8864	6800	5967	6712	7295
FBGN0085350	3	0	0	2	19	1
FBGN0030114	12616	14560	12303	7150	8154	9082
FBGN0030319	6	15	35	24	9	20
FBGN0052718	3	4	17	26	5	12
FBGN0027329	26257	29835	27095	26848	27535	31448
FBGN0029986	27	20	64	15	34	9
FBGN0261592	169499	205587	183959	166874	181130	193466
FBGN0030945	2389	2757	2109	2242	2011	2467
FBGN0260006	130	200	152	121	74	138
FBGN0031064	17	48	74	73	34	52
FBGN0086368	7839	8605	7732	6213	6761	7095
FBGN0263512	49	58	17	30	41	30
FBGN0029996	2460	3217	2823	2154	2233	2255
FBGN0040153	920	996	947	523	733	657
FBGN0052720	20	5	8	46	9	4
FBGN0023506	1580	1894	1693	1371	1604	1624
FBGN0031085	1	0	0	10	13	21
FBGN0030373	0	0	0	7	10	17
FBGN0027334	1577	1943	1697	1304	1949	1781
FBGN0052570	12	0	0	1	16	4
FBGN0030570	0	12	0	8	11	2
FBGN0259149	17	26	9	21	36	11
FBGN0030680	4581	4404	4254	3814	3837	4340
FBGN0030390	24	2	31	47	19	25
FBGN0030800	1299	1229	1040	1148	1301	1513
FBGN0000667	21084	23298	23637	20396	19968	21462
FBGN0040360	8	33	22	27	10	10
FBGN0030074	4	0	0	14	0	3
FBGN0030933	47	2	41	16	8	6
FBGN0000042	234826	272111	239379	190626	213256	235903
FBGN0263132	31675	36055	31467	29009	30303	27599
FBGN0030085	189	162	276	152	247	289
FBGN0260986	3446	3708	3893	3560	3413	3702
FBGN0026666	222	143	257	153	233	219
FBGN0052758	2589	2400	2383	1921	2164	2318
FBGN0086384	5018	5654	5274	3963	4355	4659
FBGN0029711	2003	1673	1954	1888	1688	1873
FBGN0288732	5	0	23	0	0	2
FBGN0030089	11834	12767	12786	9705	10353	11445
FBGN0030301	8537	8486	9406	9881	11019	9866
FBGN0250871	40451	44135	39173	31827	33701	38622
FBGN0030306	8695	8543	9166	6532	7499	7800
FBGN0004391	11193	12795	12287	9208	9618	10629
FBGN0046687	1141	1223	1154	1045	1296	1263
FBGN0029891	4167	4185	4627	3639	3834	4875
FBGN0030826	4	0	0	36	2	0
FBGN0010315	5044	5373	5229	4555	5106	4983
FBGN0040900	6	10	99	24	10	9
FBGN0004956	524	859	390	572	546	481
FBGN0030630	4052	3520	3932	4097	5526	5368
FBGN0053082	297	454	393	385	379	289
FBGN0029824	331	430	280	331	342	328
FBGN0030263	4890	6223	4892	4853	4741	5648
FBGN0265417	0	0	10	10	38	5
FBGN0024985	4190	4986	3834	3309	3748	3765
FBGN0030603	716	633	847	748	854	1060
FBGN0029929	2354	2556	2662	2331	2562	2998
FBGN0263237	1969	2453	2554	1923	2399	2300
FBGN0029754	49	23	44	35	46	29
FBGN0040364	10	58	159	21	20	12
FBGN0259923	159	56	98	63	68	100
FBGN0030707	33	33	19	30	12	14
FBGN0052719	52	38	26	108	29	27
FBGN0083167	2276	2292	2499	1962	2578	2828
FBGN0085351	1	9	23	15	3	1
FBGN0025615	5289	4095	4926	4153	4617	5048
FBGN0023507	392	406	1090	454	525	461
FBGN0024984	64	51	98	23	70	60
FBGN0003068	110	69	129	80	113	101
FBGN0020255	30204	29701	27970	30060	33157	33890
FBGN0052506	51	23	88	60	19	26
FBGN0030452	577	598	680	622	474	619
FBGN0052626	3667	5332	4996	3460	4082	3623
FBGN0040905	0	12	3	8	4	0
FBGN0030764	339	493	497	396	363	288
FBGN0030243	14891	18301	17807	13924	15472	16549
FBGN0030854	8929	9900	9340	9051	10779	9980
FBGN0029968	20	23	30	33	17	21
FBGN0030000	3994	3466	3629	3438	3377	3844
FBGN0031026	12	2	34	20	11	2
FBGN0001565	6029	6205	6261	5644	6197	6736
FBGN0086675	16	32	52	21	36	20
FBGN0030688	42	349	2648	12	14	0
FBGN0029761	113	96	106	135	111	73
FBGN0031004	12	15	372	20	2	11
FBGN0052528	2159	2437	2508	1625	1885	2018
FBGN0015010	53	491	4219	2	31	22
FBGN0030718	2396	2545	2081	2517	2823	2802
FBGN0030362	3637	7176	48524	1663	2163	1439
FBGN0030417	33	33	52	37	32	50
FBGN0052756	3382	4014	3367	3056	3242	3651
FBGN0030511	154	139	80	406	488	392
FBGN0030569	998	669	1369	1775	1005	1394
FBGN0288729	0	0	0	0	21	5
FBGN0023540	2575	2127	2337	2223	2205	2564
FBGN0030202	0	1	4	17	5	15
FBGN0266430	0	0	0	1	0	0
FBGN0000028	11	19	12	53	30	17
FBGN0039944	3931	4164	4496	4381	4999	5101
FBGN0030897	1	3	30	11	15	13
FBGN0030061	6846	7104	6696	6754	7873	8005
FBGN0262738	11048	11602	11031	6898	7924	6907
FBGN0031111	4	6	2	0	13	0
FBGN0030503	1040	1265	1363	1121	1057	1363
FBGN0001150	385	507	424	196	152	127
FBGN0030993	147	179	364	85	96	49
FBGN0025620	30	84	931	50	56	10
FBGN0030768	2042	2575	2426	1807	1840	2078
FBGN0030979	33	36	78	19	35	10
FBGN0040890	641	491	460	403	416	538
FBGN0031003	2545	2817	2514	2325	2308	2406
FBGN0085361	0	3	4	2	4	12
FBGN0026090	805	978	861	1062	1197	1368
FBGN0025864	18332	19260	19814	15479	15807	17209
FBGN0000346	1120	1589	1054	1227	1383	1452
FBGN0030846	351	410	390	431	383	249
FBGN0030581	524	1101	1068	633	767	674
FBGN0040333	22	16	31	12	12	39
FBGN0262811	0	8	66	0	2	0
FBGN0029663	33	34	16	47	22	70
FBGN0262810	1	0	6	1	22	29
FBGN0030339	17	32	57	53	52	19
FBGN0264309	1	2	0	0	2	1
FBGN0010014	7	7	3	13	4	10
FBGN0031143	2966	2621	2918	2004	2320	2682
FBGN0030876	307	474	1556	278	302	256
FBGN0000711	2654	2883	2580	2546	2639	2852
FBGN0030959	8683	7463	8130	7870	8248	8488
FBGN0052667	20	43	161	0	16	1
FBGN0040359	263	457	333	126	184	174
FBGN0003464	10314	12630	12243	10479	10211	11677
FBGN0029720	149	128	128	104	82	85
FBGN0029880	439	443	612	594	600	609
FBGN0029639	26	45	9	62	30	9
FBGN0030895	37	2	6	33	29	8
FBGN0004864	7669	7792	7694	6142	6584	6786
FBGN0011661	53924	64632	60372	51105	54820	59107
FBGN0017561	21	24	33	27	17	34
FBGN0016041	4657	5838	4824	4021	4098	4607
FBGN0027279	8608	8835	9422	7167	7333	7341
FBGN0024250	15682	17129	15774	13905	14022	15446
FBGN0000259	13142	13158	12890	11384	12804	12173
FBGN0261260	54250	67523	59617	50437	53754	54038
FBGN0031110	15	0	0	1	1	0
FBGN0052751	6	0	76	5	18	1
FBGN0030258	0	6	18	0	8	6
FBGN0023534	357	494	283	170	190	274
FBGN0030277	2	21	2	8	6	6
FBGN0040344	7408	8890	7607	6002	6579	6239
FBGN0016975	65	80	57	90	78	55
FBGN0024992	2578	3049	2473	2623	2949	2863
FBGN0030873	2624	2593	2699	2130	2159	2223
FBGN0085443	11788	15362	12846	9774	11077	9819
FBGN0029992	8459	9435	9573	7463	8424	8801
FBGN0030148	23	82	402	51	47	39
FBGN0029717	6	27	12	16	0	2
FBGN0026181	20735	23704	22207	18465	20265	21792
FBGN0030026	559	735	734	519	753	698
FBGN0031145	7643	7095	7407	6102	6939	6671
FBGN0029700	0	11	0	1	7	5
FBGN0031000	149	341	3040	100	45	35
FBGN0030944	3018	3889	2844	3318	3238	3731
FBGN0030797	302	391	485	315	400	324
FBGN0030101	570	729	585	808	554	843
FBGN0262575	0	10	18	2	10	7
FBGN0029067	1601	1687	1874	1493	1632	1694
FBGN0026415	12645	15442	15359	9014	10066	11247
FBGN0029854	711	760	739	619	741	777
FBGN0031092	4685	5446	5087	4216	4721	5130
FBGN0029589	14	1	18	8	4	3
FBGN0029942	451	630	551	610	680	681
FBGN0030870	11387	13463	13304	11023	11500	12869
FBGN0031100	21	4	22	20	28	12
FBGN0040338	1	0	8	0	10	2
FBGN0030035	3586	3499	3569	2930	3828	3838
FBGN0011276	24	14	3	48	14	21
FBGN0029746	638	872	792	640	734	576
FBGN0259198	3	0	3	8	10	0
FBGN0003302	1039	1048	1078	687	979	908
FBGN0030386	10	16	29	0	8	6
FBGN0029672	3602	3369	3497	3811	4130	3688
FBGN0030960	882	851	999	755	766	871
FBGN0264598	95	150	287	167	154	206
FBGN0040358	12	29	47	56	71	20
FBGN0030717	981	939	1019	772	892	1063
FBGN0052581	9057	9328	8283	6647	8124	8534
FBGN0023542	3187	3382	3325	4001	4233	4510
FBGN0030014	16	36	24	23	22	16
FBGN0030310	76	62	163	142	170	178
FBGN0004854	1659	1831	1451	1014	1340	1761
FBGN0000319	61931	69233	69432	53283	60208	61133
FBGN0265629	215	147	160	163	182	172
FBGN0002723	1778	1816	1772	1734	1683	1864
FBGN0030223	30	62	8	8	18	9
FBGN0265595	19	69	24	97	27	62
FBGN0030655	2075	2574	2594	2305	2472	2831
FBGN0026015	6156	7548	7510	5779	6564	6537
FBGN0040354	38	14	24	40	60	33
FBGN0030915	1337	1385	1150	1079	1205	1002
FBGN0040391	81	31	90	41	34	72
FBGN0030551	4	0	30	7	13	4
FBGN0023510	5811	6535	6185	5216	5451	5093
FBGN0029849	588	649	630	532	671	660
FBGN0031196	26	94	21	24	17	48
FBGN0000482	4524	5168	4975	4155	4373	4617
FBGN0040352	0	2	12	39	24	2
FBGN0085377	892	722	685	709	657	693
FBGN0026323	4924	4928	4795	3892	4612	5119
FBGN0000635	21861	22831	22465	19062	19535	20683
FBGN0029958	2295	2065	1933	1566	1814	2068
FBGN0029848	24	14	39	12	17	9
FBGN0030462	0	6	2	0	13	0
FBGN0052677	136	170	280	128	139	293
FBGN0030541	22	113	115	116	88	36
FBGN0026076	4822	4609	5117	4473	5059	4318
FBGN0262827	15	8	15	12	5	3
FBGN0030086	24206	27379	26106	24097	25418	28569
FBGN0029800	994	1191	1100	1163	1306	1275
FBGN0027343	6564	6271	5886	4925	5964	7153
FBGN0030799	701	553	847	1071	1461	1449
FBGN0030723	50	13	50	60	30	36
FBGN0005670	106	272	2061	91	146	17
FBGN0031040	839	911	815	717	1356	1322
FBGN0029502	886	902	859	796	993	938
FBGN0030594	128	159	346	142	320	55
FBGN0052819	104	69	130	181	49	68
FBGN0029822	5109	5953	6035	4812	4640	4942
FBGN0029867	5364	6832	5709	3654	4183	4228
FBGN0031080	70	168	39	54	0	17
FBGN0030586	150	160	93	99	240	58
FBGN0031149	21626	23116	22462	15696	17920	16710
FBGN0031050	1572	1449	1515	1431	1402	1515
FBGN0028969	9396	11495	10927	6949	7845	8387
FBGN0030582	6245	6581	6268	5464	5448	6087
FBGN0053241	1	0	2	2	0	0
FBGN0031089	125	177	142	176	109	62
FBGN0030914	18	45	21	32	11	22
FBGN0002873	36799	36095	38223	30616	39329	34222
FBGN0259195	66	10	48	40	1	17
FBGN0086450	20	78	693	54	16	19
FBGN0030995	334	305	275	364	241	397
FBGN0030189	432	230	300	258	155	171
FBGN0029766	1464	1864	2286	1852	2104	2372
FBGN0015774	4271	5815	5347	3822	3883	3511
FBGN0261609	15102	16729	15827	13829	16142	16511
FBGN0031197	1	6	16	8	4	18
FBGN0030501	1308	1409	1552	1872	1885	1952
FBGN0029948	4	0	1	4	2	9
FBGN0026206	10290	11727	11023	10195	10600	10764
FBGN0030660	716	720	801	717	785	676
FBGN0029603	6	2	5	8	2	4
FBGN0030679	1246	1049	1565	1317	1267	1493
FBGN0052532	45	68	28	34	29	27
FBGN0002914	17383	17707	15960	13718	15791	15937
FBGN0030882	9296	10164	10654	6899	7109	7929
FBGN0259223	33	4	24	10	14	1
FBGN0031171	74	97	53	85	62	27
FBGN0031139	18	1	34	40	3	46
FBGN0259188	69	134	63	74	15	30
FBGN0027335	8786	9979	9985	7781	8631	8778
FBGN0030033	15	34	21	62	16	80
FBGN0030976	22	36	29	25	38	16
FBGN0003517	165046	168001	164567	138294	141527	163864
FBGN0029907	13	36	18	64	32	54
FBGN0031044	895	1009	1209	964	1009	1173
FBGN0030815	15	49	79	76	63	90
FBGN0000376	4991	5012	4973	4833	5071	5171
FBGN0052572	13	35	19	28	7	27
FBGN0288746	0	0	13	0	3	0
FBGN0029778	3157	3614	3179	2331	2165	2750
FBGN0026143	2671	2943	2700	3042	2947	3508
FBGN0003189	23597	23681	22374	18183	20324	21832
FBGN0261931	5541	7419	7592	4648	5129	6149
FBGN0030715	16	26	0	8	10	7
FBGN0011760	44571	49484	49689	41564	47398	43125
FBGN0004169	816	837	1504	920	1088	553
FBGN0024994	964	950	1266	1021	1129	1146
FBGN0052801	93	122	97	61	62	36
FBGN0000535	62	79	79	131	81	68
FBGN0030617	1135	1980	1010	978	831	869
FBGN0030478	6964	7396	7050	6650	7406	8339
FBGN0030778	109	164	58	75	60	58
FBGN0030989	5	48	43	46	18	17
FBGN0030673	815	887	978	645	816	576
FBGN0032171	510	432	801	422	510	733
FBGN0031304	1838	2162	2284	1703	1708	1834
FBGN0267828	2204	1904	2884	2279	1837	2026
FBGN0026150	6308	7139	7002	5434	6780	6627
FBGN0053895	2	14	1	10	13	12
FBGN0015756	31260	36311	33351	24943	33472	32692
FBGN0031813	1587	1946	3771	1431	1655	1850
FBGN0032582	100	177	182	32	27	55
FBGN0283651	47	34	93	136	73	76
FBGN0032725	1806	1481	1693	1412	1840	1630
FBGN0083961	1610	1774	1225	1240	1454	1376
FBGN0027597	1396	1397	1031	989	1183	1422
FBGN0032709	13	7	2	0	4	5
FBGN0032615	20	0	40	52	22	14
FBGN0261523	9	8	6	5	9	10
FBGN0031857	84	89	211	270	152	213
FBGN0032781	4669	5038	5152	4214	5432	5475
FBGN0053511	24	27	44	28	24	33
FBGN0032587	206	309	488	688	541	398
FBGN0031786	0	0	6	0	8	2
FBGN0024230	1629	1165	1552	1229	1481	1450
FBGN0031373	19	0	1	17	0	15
FBGN0028899	463	506	603	542	513	371
FBGN0026479	10032	10144	9149	9598	10538	10751
FBGN0032822	296	231	386	262	329	316
FBGN0000640	1463	6389	61692	1309	3241	1157
FBGN0051642	1124	975	1144	983	1109	825
FBGN0025777	4413	5136	4638	4149	4439	4691
FBGN0031609	1807	1608	1382	1826	2144	2235
FBGN0032670	8	0	14	32	9	43
FBGN0032940	8321	8838	9169	8403	9209	8746
FBGN0015381	24	53	22	46	38	17
FBGN0041627	1760	1675	1621	1085	1199	1157
FBGN0032285	33	113	84	47	76	51
FBGN0051648	538	589	607	394	463	470
FBGN0032402	318	230	223	175	110	160
FBGN0032110	16	10	26	18	5	10
FBGN0086681	69	46	76	69	37	38
FBGN0031634	33	53	109	102	72	59
FBGN0032782	181	146	97	88	104	80
FBGN0032018	3569	4220	3740	3290	3807	3442
FBGN0053642	8	28	0	8	6	19
FBGN0032683	6482	8112	7646	4616	5185	5495
FBGN0028532	113	133	540	86	153	34
FBGN0032474	1685	1788	1994	959	1128	1469
FBGN0031461	461	1032	2150	291	366	361
FBGN0031764	3359	3826	3749	2876	2962	3035
FBGN0001089	528	1110	819	224	146	95
FBGN0032284	57	43	50	62	82	64
FBGN0265785	4	13	0	12	0	0
FBGN0283440	20	1	32	37	31	34
FBGN0032671	1529	1510	1706	1362	1578	1643
FBGN0005672	6686	8228	7550	8037	8936	8844
FBGN0053303	16850	17952	17323	16106	17357	17248
FBGN0051632	29	40	152	54	51	66
FBGN0259715	47	9	86	12	31	43
FBGN0031224	2042	2498	2175	1697	1922	1891
FBGN0032955	368	399	547	511	476	393
FBGN0028479	17529	18386	18249	14889	18634	18642
FBGN0032503	11	0	27	9	6	20
FBGN0032453	10011	11099	10636	7231	9123	9355
FBGN0053830	20	10	28	20	36	10
FBGN0051729	9404	10604	11038	8208	8667	8619
FBGN0028704	73	45	87	79	85	66
FBGN0020371	6	22	0	9	15	8
FBGN0024314	9915	10614	9323	7619	9390	8851
FBGN0045500	20	12	13	18	34	0
FBGN0017457	5052	4703	4344	4525	5120	4895
FBGN0005593	128297	136668	126983	114632	128694	143083
FBGN0032246	4292	4889	4884	4111	4577	4886
FBGN0032867	22	0	41	6	28	10
FBGN0083942	0	16	6	10	4	3
FBGN0032620	1861	2023	2192	2673	3827	3181
FBGN0031360	1259	1286	1737	1137	1174	1135
FBGN0031379	6228	6528	5919	4609	4559	4794
FBGN0000153	169	378	264	55	80	46
FBGN0260953	18	53	106	25	23	39
FBGN0032701	4645	4627	4585	5113	5848	6301
FBGN0026255	40	54	68	59	29	106
FBGN0264855	11554	13355	12806	11027	12100	11468
FBGN0032525	8	3	12	26	7	40
FBGN0032166	1943	2009	1647	2264	2224	2496
FBGN0032420	2396	3043	2789	1940	2388	2432
FBGN0031217	2658	2797	2726	2064	2809	2372
FBGN0085395	38	24	101	104	72	36
FBGN0032378	5708	5934	5940	4748	5615	6165
FBGN0032080	23	1	12	14	18	27
FBGN0051915	746	854	830	756	843	859
FBGN0032069	41	42	38	78	68	29
FBGN0051601	317	318	241	58	30	19
FBGN0263086	2	0	9	0	0	2
FBGN0031347	32	33	81	47	24	29
FBGN0031831	47	71	103	12	47	64
FBGN0032491	33	20	0	6	26	0
FBGN0259998	22	4	5	17	0	5
FBGN0031331	9	27	20	0	18	0
FBGN0265087	6	0	13	14	1	0
FBGN0051646	25	8	43	54	21	14
FBGN0051675	3	25	3	12	0	3
FBGN0003372	998	4334	32501	2765	8783	1212
FBGN0086711	156	85	209	326	280	256
FBGN0000579	32804	36463	35413	33311	34193	39519
FBGN0032294	29	1	12	0	5	13
FBGN0032230	7348	7878	7081	4434	5263	5262
FBGN0267821	15943	17844	14659	14806	14733	17240
FBGN0285948	75188	86043	77589	65763	76285	75211
FBGN0259201	65	19	19	66	45	50
FBGN0053552	426	349	500	380	360	307
FBGN0262647	9574	10348	10195	10037	10829	11039
FBGN0261568	9	15	0	2	11	3
FBGN0032231	1132	1168	924	749	1015	1046
FBGN0051658	272	182	213	221	207	153
FBGN0025109	706	633	724	847	970	813
FBGN0053723	16	7	4	36	5	18
FBGN0031837	6	28	31	27	16	22
FBGN0027363	6306	7517	6853	4703	5755	5589
FBGN0031384	1068	1242	1233	855	1220	1094
FBGN0031775	0	10	32	4	16	30
FBGN0032818	1067	772	762	742	973	1204
FBGN0264672	3284	3292	3451	2871	2833	2836
FBGN0051739	9753	10679	10216	9802	10249	10439
FBGN0259951	0	1	10	4	6	3
FBGN0024320	6294	7500	7399	7850	8849	8401
FBGN0015320	6358	6529	6425	6252	5993	7175
FBGN0031573	1618	1817	1582	1273	1362	1549
FBGN0032881	510	700	647	438	634	566
FBGN0040719	0	0	12	0	6	0
FBGN0031628	653	830	704	784	782	1046
FBGN0261630	2	0	0	2	2	1
FBGN0260228	57	64	62	77	103	84
FBGN0003046	388	265	205	43	141	18
FBGN0028387	5070	5191	5411	4559	5134	4785
FBGN0028941	33	0	10	3	11	5
FBGN0032283	10	8	42	104	37	24
FBGN0040261	26	19	14	28	35	23
FBGN0016076	6123	6055	7044	8160	7456	7319
FBGN0032973	24	10	28	37	16	6
FBGN0032530	208	245	165	234	199	195
FBGN0024183	21750	26155	23809	20315	22525	21927
FBGN0045486	28	20	4	30	15	8
FBGN0261976	499	376	518	374	481	485
FBGN0011603	194	170	239	153	140	71
FBGN0032646	3118	3825	3286	2997	3270	3751
FBGN0085369	29	17	49	59	33	31
FBGN0083962	8639	9578	9251	7321	7530	8003
FBGN0027844	267	325	336	251	343	428
FBGN0051613	1	23	0	11	10	2
FBGN0032175	67	67	21	79	58	20
FBGN0015924	1173	1539	2366	840	1158	1110
FBGN0032193	786	890	909	927	801	860
FBGN0032512	4244	3975	4159	3350	3996	4438
FBGN0032654	3	0	1	5	0	5
FBGN0053673	0	0	0	13	3	9
FBGN0264989	1	0	2	0	12	4
FBGN0262002	14	0	35	65	22	6
FBGN0032299	4	0	9	6	11	0
FBGN0025700	10127	12240	12285	8140	9653	9332
FBGN0053644	11	0	16	12	15	0
FBGN0284251	7141	7024	7570	6700	7916	7492
FBGN0085199	0	0	4	1	0	4
FBGN0032329	1082	1276	1354	1305	1513	1376
FBGN0262880	3	0	0	1	7	0
FBGN0053194	108	181	176	114	69	46
FBGN0051860	52	7	79	42	42	13
FBGN0032169	1332	1767	1296	1225	1341	1609
FBGN0032337	5	0	4	33	23	13
FBGN0051687	2000	1989	2148	1506	2118	2306
FBGN0031903	28	102	166	78	121	164
FBGN0031638	3366	3611	3269	3021	3072	3314
FBGN0243486	5652	6819	6316	3540	4104	4159
FBGN0085195	985	4829	36310	855	1968	660
FBGN0264301	25	6	4	17	11	18
FBGN0031547	62	42	24	60	29	28
FBGN0028926	2197	2804	2736	2030	2200	2289
FBGN0051851	11	3	2	27	0	7
FBGN0032788	31	2	0	33	14	25
FBGN0259953	5	0	0	4	10	0
FBGN0031466	62	1	50	16	34	28
FBGN0000053	10545	10354	12023	9503	10963	10759
FBGN0032699	813	763	639	562	649	748
FBGN0032296	2223	2620	2352	2375	2377	2400
FBGN0267726	9	6	1	0	0	0
FBGN0031836	1354	1576	1459	1152	1198	1503
FBGN0032749	44	37	28	81	73	28
FBGN0032372	15	16	10	11	10	5
FBGN0015316	164	66	154	104	87	71
FBGN0032780	34	14	54	21	33	46
FBGN0032700	441	588	678	353	449	419
FBGN0051718	27	42	12	23	8	21
FBGN0051848	0	0	4	7	8	2
FBGN0263933	8642	9707	9592	6992	8068	7370
FBGN0031947	8891	8522	8769	8014	8630	8118
FBGN0032303	2	12	35	52	2	16
FBGN0085191	30	16	18	12	12	50
FBGN0054043	7	11	15	6	10	31
FBGN0032111	0	7	0	0	12	2
FBGN0053840	3	1	0	0	7	6
FBGN0032987	71640	75552	74462	61909	72972	70998
FBGN0032176	23	77	3	53	16	45
FBGN0261068	1961	2108	1788	1913	2189	2472
FBGN0265968	635	667	731	659	709	624
FBGN0028986	14	5	0	11	44	4
FBGN0031753	4	5	8	1	0	6
FBGN0003961	3	59	2	5	18	12
FBGN0053832	27	11	2	0	0	0
FBGN0031497	13980	14564	13543	12026	12943	13111
FBGN0031558	31	80	815	28	19	4
FBGN0023091	37	3	24	23	42	40
FBGN0032858	1794	1571	1497	1398	1659	1416
FBGN0051797	23	79	134	59	74	106
FBGN0042126	40	74	98	38	48	27
FBGN0016978	10788	12497	10690	8743	9528	10421
FBGN0031289	20	2	30	18	5	20
FBGN0085343	248	140	322	186	235	166
FBGN0011272	86858	99164	89712	80598	91993	101776
FBGN0262621	6	8	9	0	1	1
FBGN0031608	1675	1799	1874	1466	1731	1578
FBGN0051611	10	9	4	41	21	18
FBGN0043854	62	63	12	54	41	47
FBGN0032821	14163	16383	15593	12256	13148	13366
FBGN0053817	0	0	0	0	0	0
FBGN0053866	1	0	7	1	1	0
FBGN0051949	1	0	6	13	4	2
FBGN0031785	17	32	41	92	44	44
FBGN0263051	545	553	503	737	1056	1188
FBGN0032612	30	17	25	38	17	31
FBGN0031470	10	19	79	41	38	19
FBGN0085204	4	5	0	4	15	8
FBGN0086657	4593	4840	4558	3489	3927	3874
FBGN0032374	8	0	23	32	18	1
FBGN0051798	31	20	33	38	14	24
FBGN0031260	5711	7041	7173	4072	5340	5208
FBGN0040509	50	27	36	49	49	21
FBGN0032217	7243	7920	7379	6736	7427	6846
FBGN0051682	21	16	20	10	8	36
FBGN0031784	0	36	2	3	12	23
FBGN0051720	112	98	78	57	39	59
FBGN0031317	1993	2195	1903	1737	1827	1894
FBGN0025115	0	10	0	1	0	5
FBGN0031284	588	687	597	414	640	340
FBGN0243513	150	176	127	149	133	70
FBGN0032338	24	19	14	23	0	10
FBGN0031398	1669	1708	2013	1354	1287	1562
FBGN0031562	1	0	15	17	1	18
FBGN0031752	3689	4313	4359	3672	3702	3682
FBGN0053908	9	7	0	1	3	0
FBGN0031910	5	80	213	8	6	0
FBGN0032225	97	128	111	118	77	138
FBGN0026148	1116	1013	1034	870	1111	1186
FBGN0032315	7	8	8	7	1	1
FBGN0032470	4	32	48	32	12	13
FBGN0031885	10739	11197	11269	7774	9009	8479
FBGN0263916	9558	9757	9827	10922	11655	12101
FBGN0051973	968	1202	1612	2272	1747	1516
FBGN0259749	2722	3593	3077	2404	2861	3225
FBGN0265257	5	2	0	0	1	0
FBGN0031282	264	366	429	240	307	248
FBGN0069354	16	39	48	88	89	76
FBGN0028871	282	586	303	161	137	161
FBGN0032084	101	109	99	77	85	69
FBGN0087041	1767	2133	1963	1440	1675	1343
FBGN0263078	9	13	11	34	24	43
FBGN0016698	1783	1731	1767	2038	2209	2113
FBGN0032234	1021	912	979	694	634	658
FBGN0032666	12356	14248	12781	6379	7416	6939
FBGN0004858	7043	7483	7332	6852	7289	6911
FBGN0261804	31	55	87	91	41	51
FBGN0002939	7	121	409	20	42	21
FBGN0031374	8811	9471	9215	6846	7870	7878
FBGN0031332	0	4	16	22	3	0
FBGN0264750	26	153	1371	1	5	24
FBGN0031697	13	13	29	46	11	12
FBGN0041182	2209	2318	4025	2784	3306	2723
FBGN0032787	628	590	478	344	433	391
FBGN0031865	159	134	821	48	47	62
FBGN0031515	97	95	323	98	62	34
FBGN0031457	1207	1125	1331	701	797	937
FBGN0004363	26444	31054	27182	28169	31069	32522
FBGN0261054	7	3	0	0	0	0
FBGN0010323	36	85	35	70	22	25
FBGN0032042	818	886	806	752	679	840
FBGN0032067	28	10	45	36	48	59
FBGN0262352	6	0	0	14	24	4
FBGN0032833	8139	8037	8252	6898	8540	9201
FBGN0032586	16664	15474	16074	13591	15877	16666
FBGN0259717	387	596	493	372	484	353
FBGN0028546	2413	2621	2756	2838	2846	2956
FBGN0002936	22	0	0	26	5	12
FBGN0053865	15	14	4	27	0	1
FBGN0004406	1975	2124	1640	1378	1457	1637
FBGN0028410	12	22	4	37	29	23
FBGN0261983	2497	2648	2899	2961	3230	2845
FBGN0051816	15	8	0	13	13	0
FBGN0031281	1970	1940	1914	1927	2245	2196
FBGN0016660	38	141	100	144	202	375
FBGN0019932	1406	1514	1867	1159	1362	1060
FBGN0031513	36	25	33	24	25	28
FBGN0032626	11	11	22	1	9	2
FBGN0032923	4374	3748	4221	3756	4150	3923
FBGN0032259	796	689	756	688	608	555
FBGN0031580	5	7	38	5	9	0
FBGN0085476	26	14	16	6	17	17
FBGN0051950	360	355	411	152	288	282
FBGN0031874	425	429	461	204	373	238
FBGN0051802	1	0	0	1	4	0
FBGN0051659	8	0	11	20	6	0
FBGN0041181	3499	3995	4030	4615	4470	4390
FBGN0286875	2	0	3	2	2	0
FBGN0001990	1764	1948	2075	1670	2009	1818
FBGN0031673	5391	5181	5259	4356	4861	4790
FBGN0004915	4431	4879	4495	4022	4342	3914
FBGN0263198	25417	27954	26992	21598	24491	24169
FBGN0032597	1276	1171	1039	791	970	1043
FBGN0028864	10	74	250	5	4	42
FBGN0031663	2347	2147	2215	2315	2050	2520
FBGN0031436	1853	2079	1932	2175	2326	2445
FBGN0032485	2104	2343	2151	2020	2460	2705
FBGN0053526	14947	15187	16199	12322	13477	13523
FBGN0032734	2	17	31	22	22	8
FBGN0250906	11624	13125	11924	12151	12919	14216
FBGN0027505	2246	2157	2522	1731	2011	2098
FBGN0005771	14759	17006	13580	10547	12023	12043
FBGN0032140	223	221	205	122	187	239
FBGN0053822	1173	762	994	995	1590	1088
FBGN0265669	14	1	26	6	0	0
FBGN0031564	6	0	11	1	7	15
FBGN0028850	20	7	10	12	4	0
FBGN0032752	36	70	123	50	63	73
FBGN0005683	1188	1280	948	912	1040	1019
FBGN0028526	17	35	191	74	5	16
FBGN0262001	0	9	10	6	2	4
FBGN0283525	915	1099	877	1072	1204	1134
FBGN0025595	42	115	233	30	15	12
FBGN0261058	7	12	5	5	1	14
FBGN0032859	7255	6637	6585	5879	7174	6627
FBGN0085342	253	483	404	337	320	430
FBGN0259111	112	99	608	136	120	96
FBGN0028970	697	1212	974	485	517	647
FBGN0028902	12	46	10	36	9	0
FBGN0025697	42	52	123	49	48	34
FBGN0053881	0	0	0	0	0	0
FBGN0032404	4547	4978	4409	5023	5556	5273
FBGN0002044	15880	17048	16665	12647	14529	14958
FBGN0043539	12	0	14	2	8	0
FBGN0032385	1	0	21	8	2	0
FBGN0031971	1086	1339	1450	1505	1420	1943
FBGN0015621	2013	1968	1645	1648	1654	1893
FBGN0259176	31072	36013	34754	30752	32842	31803
FBGN0263081	44	94	540	19	14	18
FBGN0023388	7346	7642	7734	5614	6860	5954
FBGN0028525	11	64	32	28	41	13
FBGN0032221	121	94	116	272	273	284
FBGN0031453	54030	72198	62962	54808	56451	57917
FBGN0086347	6920	7739	7187	7066	7854	7441
FBGN0031992	389	492	548	327	531	379
FBGN0263322	2	3	14	0	9	9
FBGN0002023	31	38	317	124	52	24
FBGN0085202	10	3	0	4	2	0
FBGN0031957	473	490	654	808	549	903
FBGN0031814	2208	2987	2911	2033	2214	2154
FBGN0032149	1391	1204	1289	1133	1003	1051
FBGN0263773	1361	1718	1596	632	1095	1052
FBGN0032032	476	524	556	396	232	306
FBGN0001961	6207	7092	6721	5010	5769	6103
FBGN0259989	0	0	0	3	6	0
FBGN0031492	6145	7112	6533	5942	6205	6457
FBGN0032129	164	138	369	152	79	80
FBGN0267689	8	1	35	37	8	23
FBGN0053129	16966	17212	17358	15685	17674	18439
FBGN0031403	1444	1578	1524	1211	1134	1080
FBGN0028481	42	13	49	31	28	33
FBGN0262878	0	0	3	0	0	4
FBGN0028838	12	31	18	11	3	20
FBGN0031756	84	66	98	100	52	56
FBGN0065108	72	99	60	21	23	29
FBGN0025608	4192	4717	5360	4131	4180	4781
FBGN0085470	5528	5840	5621	3999	4266	4459
FBGN0032774	2234	2440	2512	2071	2493	3062
FBGN0028863	75	35	39	81	81	33
FBGN0032964	118	94	82	97	99	81
FBGN0250844	8	0	2	0	19	10
FBGN0031321	770	764	843	892	792	1019
FBGN0025678	17121	17809	16866	13774	14328	15850
FBGN0032894	2	2	0	4	13	4
FBGN0010583	4353	4798	4155	3572	3704	4013
FBGN0284244	5723	6719	5222	3332	4023	4042
FBGN0028938	34	48	90	34	23	66
FBGN0031235	31	11	6	26	34	29
FBGN0031719	11	14	5	1	11	3
FBGN0032618	666	859	1220	1109	1036	1185
FBGN0262876	5	0	4	1	4	5
FBGN0032946	12	40	56	26	13	27
FBGN0260407	1189	1315	1288	962	998	784
FBGN0053837	3	1	0	0	7	6
FBGN0031351	677	592	641	587	634	505
FBGN0062978	34	9	27	15	44	2
FBGN0032638	28	168	38	60	62	16
FBGN0032523	2	4	20	15	2	0
FBGN0260861	846	683	666	476	605	553
FBGN0032845	318	276	470	288	398	379
FBGN0032988	5270	5964	5930	4513	5323	4860
FBGN0032751	763	864	805	829	726	943
FBGN0054011	6	50	19	2	2	0
FBGN0053635	350	450	413	295	505	481
FBGN0051635	11271	12146	12196	10174	11134	10421
FBGN0032335	54	11	63	53	117	75
FBGN0027348	114	290	403	72	43	59
FBGN0031315	766	946	758	552	765	584
FBGN0032705	3927	4428	4412	3941	4561	4757
FBGN0262598	31	47	24	59	59	67
FBGN0083970	133	144	97	113	161	97
FBGN0032408	4137	2946	3352	3496	4471	4410
FBGN0031653	78	184	1731	43	3	16
FBGN0032123	4236	5428	4744	3813	3895	4037
FBGN0264894	1363	1448	1922	1117	1114	961
FBGN0261683	5	7	12	9	2	4
FBGN0032717	14742	15672	16134	14321	15029	13464
FBGN0032444	22126	23778	21484	19771	23052	23498
FBGN0051712	6851	6829	7103	4897	5377	4697
FBGN0086707	18799	20678	20308	16869	19387	17792
FBGN0028879	79	96	128	178	128	74
FBGN0264810	12	16	36	14	9	0
FBGN0031715	2	8	2	29	18	24
FBGN0032721	11751	11772	11791	9623	11517	11140
FBGN0000056	23	7	22	6	14	7
FBGN0031724	3	34	14	23	9	8
FBGN0032966	2	19	0	3	9	2
FBGN0032013	36	0	27	3	8	9
FBGN0032910	276	499	489	429	472	445
FBGN0259713	4	0	0	5	3	2
FBGN0028947	14	0	9	11	10	19
FBGN0032198	18647	18014	17653	16744	20434	17692
FBGN0032382	107	60	189	275	231	379
FBGN0051832	14	5	5	20	12	18
FBGN0085190	14	0	1	3	8	0
FBGN0031264	7584	9076	7190	2033	3503	2376
FBGN0032549	2	0	86	19	27	1
FBGN0085370	7448	8433	7903	4851	6594	6143
FBGN0031925	6	38	21	14	21	10
FBGN0032167	1162	1216	1590	984	994	1475
FBGN0003979	0	3	11	6	8	16
FBGN0032445	776	1002	869	817	801	808
FBGN0032095	40	50	21	98	52	34
FBGN0040519	11	0	22	0	2	7
FBGN0053883	2	19	0	0	3	3
FBGN0051988	29	30	10	44	10	1
FBGN0031830	2754	2705	2486	2202	2457	2503
FBGN0053824	20	10	28	20	40	10
FBGN0250835	0	0	0	4	5	4
FBGN0032482	1349	1696	2007	1407	1259	1451
FBGN0264979	80	167	488	46	91	6
FBGN0000229	3310	3490	3403	3372	3848	3442
FBGN0031700	4	0	0	6	6	1
FBGN0031707	12	22	62	24	26	15
FBGN0001941	2825	2971	3273	2920	2823	2854
FBGN0051710	1626	1527	1345	1308	1521	1690
FBGN0051961	1083	1135	1218	763	919	905
FBGN0031324	15	6	12	14	2	8
FBGN0051624	59	0	13	24	8	2
FBGN0032514	12687	13809	12526	10687	11977	13016
FBGN0031563	3	0	25	1	7	6
FBGN0261800	36938	41465	42198	33323	35162	37573
FBGN0051898	236	130	334	248	287	358
FBGN0051849	723	863	624	543	474	565
FBGN0053810	1640	1256	1541	1647	2235	1797
FBGN0032609	13	14	15	42	10	12
FBGN0031849	80	38	127	45	55	42
FBGN0053002	1629	1358	1278	1690	1914	1663
FBGN0284255	3428	2881	3254	2279	3038	2920
FBGN0032363	20751	22095	21491	15718	18430	18084
FBGN0028862	14	15	55	26	39	13
FBGN0032957	6948	7447	7286	5478	6497	5913
FBGN0016920	104	89	68	123	72	59
FBGN0000964	1	0	5	29	16	28
FBGN0031406	2	9	10	8	19	35
FBGN0031345	4	0	20	12	3	6
FBGN0032077	273	400	330	193	262	223
FBGN0005590	6	6	5	20	6	4
FBGN0086251	2334	2625	2598	1791	1899	1878
FBGN0031718	0	13	18	33	8	14
FBGN0000307	19630	19585	19641	19323	21369	20580
FBGN0287599	6	0	0	1	2	1
FBGN0032339	1702	1924	1778	1562	1684	2018
FBGN0025742	4875	5066	5128	4183	4301	4907
FBGN0032680	0	10	53	15	44	5
FBGN0261563	10171	14052	12812	7888	9923	8433
FBGN0046113	78	60	21	69	58	45
FBGN0267488	43179	46872	43413	41866	44361	44654
FBGN0031474	3402	3637	3239	2827	3021	3025
FBGN0051735	22	11	29	26	15	28
FBGN0001142	656	1277	3525	298	517	458
FBGN0032629	479	636	556	397	615	501
FBGN0261020	1410	1482	1569	1344	1572	1531
FBGN0032424	0	2	30	42	19	18
FBGN0032292	1108	1324	1372	1175	1156	1496
FBGN0261057	0	1	0	1	0	0
FBGN0261822	7161	7550	9024	6943	7791	7083
FBGN0032078	2304	2333	2366	2148	2160	2143
FBGN0031239	1138	1005	1335	1079	1185	956
FBGN0259922	4	10	17	20	0	0
FBGN0031848	612	631	677	548	658	553
FBGN0014189	29009	30177	29085	25345	27021	28479
FBGN0010398	746	790	667	721	716	766
FBGN0027560	88	197	785	51	96	14
FBGN0031868	6727	6945	6719	7494	8570	8203
FBGN0041337	6	20	23	28	26	12
FBGN0031941	2	0	10	14	8	9
FBGN0039958	3997	4201	4193	3361	4204	3736
FBGN0040079	1512	1861	1924	2131	1919	2111
FBGN0031320	2797	3457	3137	494	434	762
FBGN0032519	21	17	2	24	61	48
FBGN0032089	30	30	11	7	12	19
FBGN0260452	9	7	45	5	16	9
FBGN0010300	57609	66315	59927	50242	51339	53513
FBGN0027868	7911	8952	8517	7329	8165	9370
FBGN0003557	10197	11097	10505	7993	8755	9594
FBGN0020376	8	30	15	8	27	19
FBGN0051806	11	7	0	5	7	0
FBGN0002022	10401	12898	11346	10163	11410	12084
FBGN0262601	6640	7845	6863	7200	8969	9230
FBGN0051779	1	8	9	3	8	3
FBGN0032436	38	10	5	16	27	11
FBGN0031367	2	0	23	9	5	14
FBGN0259984	21067	25212	23341	19224	21906	20381
FBGN0262782	4634	5016	7343	5163	5230	5763
FBGN0032689	4228	5287	5048	3933	4141	4320
FBGN0001995	1798	1662	1523	1393	1696	1582
FBGN0051693	52	15	17	42	17	8
FBGN0032488	4744	4232	4363	3635	4518	4248
FBGN0020762	1403	2007	1762	605	807	808
FBGN0032856	297	274	281	412	164	190
FBGN0032750	991	581	595	583	574	740
FBGN0031774	1038	1279	863	777	765	1010
FBGN0032224	831	776	943	1060	1051	908
FBGN0051871	70	16	57	98	38	54
FBGN0027515	2291	2628	2196	2317	2781	2863
FBGN0031869	38	102	40	85	122	86
FBGN0264988	18	7	7	0	0	4
FBGN0031435	445	704	451	514	677	791
FBGN0261671	31173	31144	33705	23825	28072	25729
FBGN0004838	74197	88105	76992	70139	73518	83353
FBGN0028948	4	18	0	7	7	3
FBGN0032015	5111	5381	6023	4989	6346	5530
FBGN0263842	0	0	0	0	5	3
FBGN0031654	1075	10961	99358	116	43	173
FBGN0032478	55	63	29	48	7	18
FBGN0261566	2	0	0	9	5	16
FBGN0031940	28	10	17	23	20	15
FBGN0040993	88	55	43	59	28	66
FBGN0031423	2	16	6	16	24	2
FBGN0031268	2088	2467	2349	1922	2261	2345
FBGN0028878	43	40	42	47	43	33
FBGN0053302	300	194	219	99	68	61
FBGN0003896	2017	1829	1905	1755	2252	2336
FBGN0032624	19	12	12	5	3	6
FBGN0051861	1	23	2	7	0	12
FBGN0053838	27	11	2	0	0	0
FBGN0026395	20	1	28	6	5	6
FBGN0031561	0	16	341	14	1	0
FBGN0032882	2624	3296	3076	3106	3604	3741
FBGN0032688	5561	6037	6294	5294	6072	5783
FBGN0031265	2000	2145	1660	1997	1747	1913
FBGN0001991	116	120	170	200	155	199
FBGN0260486	7504	8982	8214	7278	8965	7553
FBGN0040510	92	41	18	81	66	35
FBGN0031381	470	334	804	281	235	353
FBGN0028540	2208	1772	2368	2842	2846	3036
FBGN0262856	4	19	18	1	6	3
FBGN0032814	2725	3028	2649	2100	2551	2402
FBGN0028645	78	18	30	18	9	6
FBGN0032172	4628	4898	5106	3941	4686	4234
FBGN0031228	1171	1038	1240	1000	1236	1027
FBGN0042127	3474	4297	4269	3063	3396	2951
FBGN0031568	58	65	74	127	69	24
FBGN0003942	124035	120486	116519	90266	106937	117090
FBGN0283427	10482	9897	17934	8031	8149	8735
FBGN0032293	2690	2773	2520	2447	2385	2543
FBGN0032901	2911	3718	3192	3121	3326	2997
FBGN0032513	1589	1480	1234	1261	1596	1331
FBGN0032030	3696	3915	3536	3147	3877	3359
FBGN0032061	39	11	34	35	25	14
FBGN0051897	206	269	208	171	197	99
FBGN0005322	2178	1982	2163	1884	2451	2209
FBGN0053886	3	0	0	1	0	3
FBGN0032076	331	415	1038	91	116	117
FBGN0031954	3	1	13	14	6	7
FBGN0003386	34	37	83	60	17	40
FBGN0004242	2035	2038	2219	144	268	102
FBGN0031270	481	385	318	443	358	374
FBGN0040260	20	76	326	41	9	38
FBGN0032834	7	26	22	1	9	7
FBGN0051706	4	14	13	5	17	5
FBGN0032039	0	5	23	12	38	12
FBGN0053299	4	8	8	37	3	5
FBGN0051660	70	126	71	74	136	116
FBGN0027609	3182	3002	2962	2790	2979	2936
FBGN0031430	3	0	2	5	24	7
FBGN0032665	2	14	8	25	6	13
FBGN0003310	6897	7390	7142	6220	7991	6966
FBGN0031273	143	123	150	293	192	225
FBGN0051813	0	0	17	4	7	17
FBGN0260996	6	5	12	1	7	5
FBGN0003313	6	5	2	8	6	0
FBGN0032216	5632	5479	5447	5408	6489	6181
FBGN0032395	3557	3476	3667	2807	3107	3316
FBGN0264260	4	0	2	3	8	8
FBGN0031407	2	7	0	12	8	1
FBGN0051627	45	67	93	40	52	28
FBGN0040725	0	6	12	20	0	41
FBGN0000146	61	105	83	133	129	86
FBGN0031314	2587	2243	2091	2062	2208	2451
FBGN0002887	3001	3165	3303	3098	3388	2547
FBGN0031664	4320	3396	3932	3439	3676	3695
FBGN0040989	0	4	11	9	0	0
FBGN0031751	0	20	0	19	2	1
FBGN0051639	1	0	0	8	10	3
FBGN0000351	464	426	552	418	293	513
FBGN0031902	1951	1682	1479	930	1346	1323
FBGN0020258	90	131	110	112	96	38
FBGN0031279	17	15	32	45	40	15
FBGN0031626	37	30	5	52	34	18
FBGN0011737	4261	4353	4192	3982	3968	4514
FBGN0017551	3023	2872	2993	2820	3061	3294
FBGN0263598	8245	8473	9496	8262	9317	10100
FBGN0031881	364	219	259	252	362	294
FBGN0051935	1561	1884	1405	1124	1229	1436
FBGN0085210	3	12	9	4	13	1
FBGN0260479	81	91	373	87	62	27
FBGN0261567	15	8	16	7	1	3
FBGN0053533	3	9	2	12	6	4
FBGN0263386	0	0	6	0	0	3
FBGN0051960	43	14	49	115	174	96
FBGN0000120	6	19	23	24	31	7
FBGN0000273	4122	5592	5100	3927	3812	4470
FBGN0267254	0	0	7	4	2	1
FBGN0024244	1972	2103	2014	1522	1958	2102
FBGN0032265	0	18	0	12	10	13
FBGN0260632	5927	6052	6403	6128	6482	5992
FBGN0032040	5	14	0	12	19	2
FBGN0031777	1056	1102	1029	978	1241	920
FBGN0032836	33	26	11	35	24	29
FBGN0040723	21	24	250	39	23	13
FBGN0261509	2576	3922	2830	1524	1971	1710
FBGN0015600	8504	8499	7661	8061	8458	8632
FBGN0053128	6	12	6	64	22	14
FBGN0051664	12	17	96	28	45	5
FBGN0032094	0	12	15	47	1	21
FBGN0026760	30	37	198	17	12	17
FBGN0031454	920	1235	1054	692	780	982
FBGN0031973	1412	1629	1414	1428	1551	1556
FBGN0028506	3595	4537	3577	3314	3447	2698
FBGN0031323	3	16	0	13	7	0
FBGN0032390	2145	2288	2066	1834	2077	2438
FBGN0085424	46440	52794	47919	38060	41082	43271
FBGN0015791	1728	2129	1977	1594	1973	1909
FBGN0028940	36	49	445	36	16	21
FBGN0000529	18	38	40	66	8	21
FBGN0031500	471	394	449	454	554	543
FBGN0053863	1	0	7	1	1	0
FBGN0032289	43	3	9	32	15	10
FBGN0283682	23496	25454	26155	20650	23173	20939
FBGN0032843	152	160	195	77	125	97
FBGN0267326	2333	3318	4708	1838	1462	2284
FBGN0031856	38	16	1	36	13	26
FBGN0032196	1406	1534	1480	1252	1398	1353
FBGN0250907	134899	165773	142040	89533	112673	95294
FBGN0031974	43	83	76	76	20	79
FBGN0041713	367	953	663	254	394	209
FBGN0051865	2556	1991	2093	2411	2550	2632
FBGN0085477	20	0	6	8	7	21
FBGN0001967	3	10	82	31	45	54
FBGN0001185	2855	2974	2526	2595	3045	2630
FBGN0053872	18	0	0	2	2	6
FBGN0032083	3	63	24	30	35	11
FBGN0032728	1940	2316	2030	1459	1878	1461
FBGN0024846	1705	2214	2041	1499	1478	1852
FBGN0015031	2174	1804	1914	2127	2108	1977
FBGN0015553	1542	1358	1394	1934	2193	2264
FBGN0031759	29847	33463	32669	25111	27779	28391
FBGN0046704	8161	9065	8811	7859	8122	9039
FBGN0259955	7	0	0	9	3	3
FBGN0032726	22	198	1112	86	87	67
FBGN0040211	24	36	23	31	23	1
FBGN0051862	1	22	2	8	5	2
FBGN0031732	31	28	72	40	3	14
FBGN0022153	9353	10162	11471	8153	9066	8397
FBGN0046888	4	14	2	28	8	16
FBGN0052829	601	721	682	502	754	547
FBGN0053803	4	12	7	8	5	2
FBGN0040064	6328	6375	8279	5628	6904	7797
FBGN0031305	11	2	25	25	22	5
FBGN0031443	6	0	14	0	1	8
FBGN0032640	9453	10339	9504	7743	9133	8866
FBGN0003980	38	33	30	51	22	30
FBGN0031327	1312	1811	1206	508	687	595
FBGN0032189	501	437	403	469	497	529
FBGN0031979	313	358	405	311	369	318
FBGN0262960	3	0	4	2	0	2
FBGN0028979	7432	8341	7527	6261	6683	7205
FBGN0032072	5	12	17	7	13	24
FBGN0031229	3853	4206	3968	3659	5158	3986
FBGN0086698	3987	3905	4490	3366	3663	3953
FBGN0031621	10	0	1	8	4	0
FBGN0021874	3474	3081	2766	3473	3817	4002
FBGN0051683	2470	2597	3025	2098	1995	2019
FBGN0032399	270	208	330	88	77	134
FBGN0032851	17	18	13	22	28	2
FBGN0032127	60	20	41	58	25	18
FBGN0067312	4	8	1	9	2	4
FBGN0053890	7	7	0	0	0	0
FBGN0032741	0	14	12	24	13	9
FBGN0026439	28	106	191	32	10	41
FBGN0032429	2451	3082	2360	1766	2226	2135
FBGN0053282	32	17	53	61	35	22
FBGN0032908	147	119	105	211	252	204
FBGN0031526	8	6	15	9	16	0
FBGN0032713	1417	1446	1190	2240	2389	2820
FBGN0032233	53	106	167	122	76	108
FBGN0051752	17	20	10	17	46	12
FBGN0031432	32	82	280	60	25	22
FBGN0032603	35	58	80	38	16	31
FBGN0032934	1965	1540	1948	1675	2145	1945
FBGN0261437	1075	965	1059	798	1387	1058
FBGN0031681	8271	8636	8748	6385	6784	6851
FBGN0003145	20	3	66	50	40	33
FBGN0027779	4175	4757	4624	3705	4571	4947
FBGN0031643	5036	5333	4502	4406	4965	4720
FBGN0020443	25301	28346	26582	20265	23073	22828
FBGN0053858	102	97	115	62	98	107
FBGN0032345	38	32	90	11	8	8
FBGN0086446	1251	1131	1290	698	943	964
FBGN0259963	1	0	0	2	0	0
FBGN0031401	5995	5439	5704	6265	6501	6789
FBGN0086443	14101	13886	15579	8663	9728	9984
FBGN0031985	7126	7726	7781	5795	7241	7340
FBGN0000308	51690	55659	51196	37697	39833	41025
FBGN0024352	26923	30016	28462	21241	22558	22200
FBGN0051800	1069	1142	1264	1038	1098	1155
FBGN0250837	10563	11102	10481	8667	9030	10463
FBGN0029095	10573	12456	11136	8892	9155	9893
FBGN0266845	0	0	0	0	9	0
FBGN0053640	2	0	42	11	7	8
FBGN0051703	28	26	44	78	55	32
FBGN0032651	4	17	2	33	9	7
FBGN0031604	1974	2151	2212	1713	1804	1930
FBGN0032692	5	16	14	40	19	12
FBGN0032407	2572	3342	2398	2844	3060	3574
FBGN0015299	1056	995	878	1050	1264	1068
FBGN0026718	2	14	297	17	8	40
FBGN0032170	5489	5788	6237	4987	4929	5601
FBGN0032204	707	1086	679	738	756	781
FBGN0267486	10	38	26	15	15	36
FBGN0031413	726	812	617	622	606	696
FBGN0032649	23	11	35	43	10	16
FBGN0032055	20	26	20	17	24	13
FBGN0284248	5361	6480	6368	4781	5278	5300
FBGN0028888	38	55	43	123	64	63
FBGN0052988	0	0	16	29	7	26
FBGN0288229	8826	10786	10632	7701	7958	8504
FBGN0031501	23	15	17	6	17	5
FBGN0032305	18277	19200	20018	16892	17471	16855
FBGN0032719	14	14	42	26	29	15
FBGN0032723	8745	9009	9730	17176	18512	16505
FBGN0026196	19022	16552	15948	17822	20755	21950
FBGN0027780	1073	1567	1430	1072	1172	1157
FBGN0027932	135229	149158	139627	117904	132659	131230
FBGN0014092	3070	3432	3048	3139	3564	3351
FBGN0028852	21	19	18	27	13	34
FBGN0053179	19	11	16	47	18	6
FBGN0028515	3790	3253	3366	3729	4843	4176
FBGN0031676	477	365	421	454	457	479
FBGN0032907	710	661	769	976	1001	969
FBGN0287695	127	89	166	36	71	80
FBGN0051928	4	22	20	18	25	4
FBGN0031256	4853	6574	5629	4371	5460	5067
FBGN0031701	37	0	8	4	6	0
FBGN0032268	153	170	270	259	128	150
FBGN0053820	0	0	0	0	0	0
FBGN0040268	3846	4004	4054	3521	3812	3932
FBGN0263996	167	103	168	196	189	111
FBGN0027490	1917	2009	2018	1881	2025	2067
FBGN0053516	26	7	66	27	13	18
FBGN0051778	39	46	388	11	54	28
FBGN0051644	5	3	4	20	0	2
FBGN0040996	0	0	6	3	0	3
FBGN0040973	144	168	221	146	156	50
FBGN0031942	16	12	10	37	18	10
FBGN0031529	2786	3751	3275	2509	2737	3001
FBGN0260439	22905	25457	24299	22230	23523	24233
FBGN0266666	8158	7378	7441	7566	7906	8233
FBGN0031209	52	39	76	76	63	26
FBGN0028700	2373	2478	2689	3445	3350	3721
FBGN0031531	1	5	4	5	3	4
FBGN0004611	6043	5560	5474	4980	5667	5191
FBGN0032456	9614	9433	9519	8814	9465	8705
FBGN0032873	2348	2185	1950	1985	2186	2042
FBGN0053833	0	6	0	2	0	0
FBGN0031905	9	32	76	36	23	11
FBGN0031397	222	204	244	106	100	66
FBGN0032219	35	26	52	23	33	18
FBGN0284223	0	0	0	13	15	11
FBGN0053853	2	2	0	9	0	0
FBGN0264443	1010	1561	940	649	530	618
FBGN0261790	2730	3043	2811	3010	3475	3221
FBGN0028430	117	170	114	72	51	18
FBGN0053873	4	25	0	0	1	0
FBGN0261055	0	0	0	8	2	0
FBGN0028894	267	469	331	327	476	387
FBGN0053871	4	25	0	0	1	0
FBGN0032243	1329	1427	1230	1186	1436	1263
FBGN0031694	67	26	24	7	34	2
FBGN0031248	36	19	84	64	61	65
FBGN0002563	8061	41785	322357	10659	13634	6766
FBGN0051913	15	3	21	46	76	35
FBGN0010288	5986	6881	6088	4816	5760	5626
FBGN0053296	38	33	53	31	40	34
FBGN0032979	10552	10527	9313	9347	10781	11156
FBGN0032707	25	69	44	31	7	26
FBGN0263355	8106	9336	8521	9274	9010	10175
FBGN0051609	4	23	6	7	3	4
FBGN0032625	10	13	2	11	10	12
FBGN0262857	11	0	19	9	7	4
FBGN0032848	6886	6461	7106	5628	6004	5986
FBGN0031970	37	34	9	28	16	46
FBGN0032291	198	220	110	89	80	84
FBGN0031930	18	20	9	38	16	6
FBGN0053003	16	30	37	78	57	42
FBGN0032229	3956	3903	3777	3295	3847	4042
FBGN0032136	201	371	658	325	252	200
FBGN0032472	0	1	0	22	0	0
FBGN0053117	0	0	0	0	0	0
FBGN0040009	2717	2790	3540	1831	2327	2017
FBGN0032422	23	49	104	65	82	73
FBGN0259683	183	160	166	45	45	44
FBGN0083938	13	3	15	13	60	1
FBGN0032647	32	57	17	54	31	20
FBGN0051901	40	142	821	32	63	133
FBGN0051815	1183	1223	1068	844	999	747
FBGN0031799	7428	6741	6321	7122	7231	7600
FBGN0032360	10	2	13	12	1	7
FBGN0031377	7170	7645	7209	7491	7852	7628
FBGN0032511	868	936	831	738	869	915
FBGN0053827	20	10	28	20	36	10
FBGN0011239	3	12	13	11	2	9
FBGN0001992	17	21	24	21	18	7
FBGN0032642	542	604	689	441	541	640
FBGN0042133	34	17	28	38	78	28
FBGN0264544	0	0	20	8	0	0
FBGN0032029	988	915	1406	1140	1033	1136
FBGN0041247	9	7	28	27	23	49
FBGN0032047	366	196	330	253	191	265
FBGN0031333	0	5	12	14	24	16
FBGN0266363	0	3	2	15	1	6
FBGN0261560	331	255	1293	238	317	239
FBGN0026438	49	38	75	79	19	38
FBGN0032075	35	168	2082	65	25	10
FBGN0051676	17	25	19	12	8	55
FBGN0040011	8139	9821	9853	6858	8817	7286
FBGN0040099	38	16	89	25	4	37
FBGN0053894	7	7	0	0	0	0
FBGN0016122	77	153	354	109	159	229
FBGN0002543	40104	42817	38774	29671	33928	34529
FBGN0031808	30	0	17	38	35	35
FBGN0032051	4806	4521	4748	4394	5032	5001
FBGN0028853	24	16	0	22	21	0
FBGN0032631	30	15	70	105	57	56
FBGN0031361	523	524	537	403	435	530
FBGN0031455	650	894	699	776	689	846
FBGN0032965	10	14	1	18	9	14
FBGN0004583	53436	55616	51560	47770	50884	51220
FBGN0031820	22888	23606	23739	23726	26455	25620
FBGN0032729	559	593	1103	577	605	618
FBGN0261628	8	9	16	12	17	7
FBGN0031702	6	66	168	70	89	25
FBGN0031548	16	43	4	54	20	21
FBGN0031765	58	15	59	36	37	48
FBGN0053309	12	42	2	60	22	4
FBGN0051974	5	28	103	36	28	9
FBGN0026398	54	16	5	33	3	13
FBGN0051956	47	36	51	14	22	15
FBGN0262356	8	1	8	4	1	10
FBGN0260954	1002	5234	43938	764	1392	425
FBGN0283442	36	2	33	70	46	16
FBGN0032524	879	963	996	795	785	806
FBGN0032596	3902	3801	3828	3953	5188	4298
FBGN0021944	2403	2609	2626	2468	2814	2676
FBGN0051742	30	18	49	128	69	53
FBGN0259896	171	152	304	265	289	209
FBGN0031873	1090	1218	982	761	1107	1035
FBGN0043362	4313	4555	4465	3816	4122	4476
FBGN0053829	0	0	0	0	0	0
FBGN0032209	2	21	54	15	12	39
FBGN0031245	1215	1541	1695	2018	2277	2474
FBGN0026319	1193	1083	1118	814	1146	1104
FBGN0032387	38	30	48	42	32	16
FBGN0031824	518	677	911	333	494	532
FBGN0015521	28626	30216	28324	16628	18841	19394
FBGN0031535	1128	1467	1348	1110	1285	1325
FBGN0032228	24	77	61	8	35	32
FBGN0023416	773	683	914	781	732	859
FBGN0000251	43	40	37	29	21	2
FBGN0032125	1	0	10	0	17	6
FBGN0053878	0	0	0	0	0	0
FBGN0032188	10	8	28	46	10	12
FBGN0010309	1591	1685	1669	1627	1877	1944
FBGN0032972	0	12	0	3	11	2
FBGN0032264	45	48	224	60	36	36
FBGN0020305	3389	3473	3847	2971	3556	3522
FBGN0284220	69288	69635	70387	63646	70678	70055
FBGN0032684	152	186	533	66	73	28
FBGN0027070	18	42	75	27	25	22
FBGN0031467	28	2	6	27	4	4
FBGN0001987	22539	24146	21197	16771	19370	19704
FBGN0261648	33278	36434	33439	29793	33106	32708
FBGN0032538	1312	1386	2514	2921	2743	2999
FBGN0023496	42	63	62	19	12	8
FBGN0031646	21	68	36	86	26	19
FBGN0032105	5411	5636	5431	5496	5568	6914
FBGN0032811	282	233	228	282	344	253
FBGN0010407	126	138	82	104	45	53
FBGN0287596	7	1	0	7	0	22
FBGN0032484	40	3	36	62	27	20
FBGN0031851	2381	2681	2569	2218	2760	2798
FBGN0028412	0	0	8	3	31	17
FBGN0262875	0	1	18	0	0	0
FBGN0031479	1564	1536	1186	1194	1392	1177
FBGN0032415	11	9	47	23	10	9
FBGN0259959	0	5	2	7	3	6
FBGN0015663	610	518	858	346	526	446
FBGN0032733	24	184	757	40	18	20
FBGN0031214	247	261	265	313	261	309
FBGN0031620	48	10	48	26	29	3
FBGN0028572	82	58	322	103	39	77
FBGN0011638	18133	18529	17481	19285	21052	23524
FBGN0001137	23	46	19	38	59	56
FBGN0031512	18	74	299	2	19	0
FBGN0000442	36	24	126	53	13	37
FBGN0263873	11461	16392	12767	7096	8904	8188
FBGN0032613	32	11	46	60	18	52
FBGN0032535	61	90	66	93	69	82
FBGN0015777	6319	6332	5789	9713	11451	10958
FBGN0032768	14	13	2	8	4	15
FBGN0031518	55	8	172	65	92	64
FBGN0004837	2518	2735	2491	2281	2538	2376
FBGN0031733	16	1	15	32	17	21
FBGN0086265	81	59	27	71	52	78
FBGN0032362	164	116	243	66	61	29
FBGN0028513	26	43	6	52	42	17
FBGN0031815	1435	1773	1461	1212	1639	1610
FBGN0031998	66	113	219	222	230	219
FBGN0028523	204	342	234	99	147	189
FBGN0031391	1340	1445	1031	1060	1531	1459
FBGN0003346	11907	12656	12458	13086	15583	14374
FBGN0027496	3357	4086	3845	2760	3258	3747
FBGN0052986	17	14	25	18	3	3
FBGN0028856	2	1	0	20	1	13
FBGN0260955	2	0	19	10	8	0
FBGN0031410	14	3	32	13	13	9
FBGN0263038	1203	1244	1542	1242	1280	1075
FBGN0042186	14	40	6	3	15	4
FBGN0032793	773	604	759	571	735	758
FBGN0021800	1682	1815	1783	1426	1376	1527
FBGN0032643	16173	19829	18611	16332	18057	19039
FBGN0053812	2	22	7	6	17	4
FBGN0261458	20689	20006	18746	14582	17280	16658
FBGN0032197	4059	4366	4067	3578	4480	3866
FBGN0031219	1	10	61	8	5	0
FBGN0031600	1109	1062	853	680	895	854
FBGN0032754	32	16	22	76	18	4
FBGN0032494	25	4	11	24	0	15
FBGN0031372	10	0	8	36	18	10
FBGN0045501	13	0	37	19	4	8
FBGN0263027	140	130	174	145	138	91
FBGN0053806	2	28	0	8	16	2
FBGN0031504	10	10	9	16	13	20
FBGN0086451	11539	12409	12423	10810	12405	13241
FBGN0051697	41	149	146	87	162	128
FBGN0053856	2	2	0	9	0	0
FBGN0026373	3504	3699	3458	2836	3647	3928
FBGN0027550	7	0	26	25	13	58
FBGN0000114	19	104	329	75	65	66
FBGN0031559	1	6	53	10	3	2
FBGN0032200	3374	3018	3235	3751	4123	3641
FBGN0031909	2335	2396	2682	2085	2348	2289
FBGN0261278	18218	18699	17437	15330	17700	18651
FBGN0032130	595	629	763	575	785	728
FBGN0028945	4	21	19	16	4	10
FBGN0032911	20	35	47	39	52	45
FBGN0039972	378	431	465	258	184	196
FBGN0010473	17625	21399	17788	15932	16436	16908
FBGN0262467	1492	1340	1243	1372	1439	1314
FBGN0026390	12	2	0	21	31	7
FBGN0031585	17	0	35	21	11	24
FBGN0000370	50674	60652	56900	32297	37632	35816
FBGN0031860	0	4	48	13	15	3
FBGN0015609	10282	11793	10693	5751	7608	7163
FBGN0031652	225	369	340	233	298	344
FBGN0040228	594	809	690	471	455	538
FBGN0028530	865	1226	872	820	704	1069
FBGN0032223	6191	6074	5823	5542	6236	5980
FBGN0259952	5	0	16	5	0	1
FBGN0032008	0	47	10	6	4	0
FBGN0032401	270	268	424	318	352	481
FBGN0032120	13116	14389	13862	14396	15487	15659
FBGN0031434	701	1114	1051	1065	1181	1271
FBGN0262018	91	98	98	106	69	63
FBGN0051759	956	1149	810	804	857	734
FBGN0027509	6349	7340	7361	6124	6734	6857
FBGN0020304	8720	10627	9833	7343	7920	8359
FBGN0011708	4987	5207	5386	3837	4152	4310
FBGN0032214	3307	3648	3326	3210	3324	3880
FBGN0024285	15404	15714	15040	12643	13965	14282
FBGN0051677	4	3	0	16	9	2
FBGN0283728	1	2	22	24	14	12
FBGN0000339	1260	1171	1526	1234	1160	1253
FBGN0260454	17	0	6	14	8	33
FBGN0266364	14	4	0	11	5	2
FBGN0028965	3521	3837	3653	3474	3737	3331
FBGN0263235	12	152	1466	30	10	17
FBGN0032132	4584	7470	6077	3954	4531	4353
FBGN0031734	124	240	193	96	100	70
FBGN0031782	2040	2051	2168	1659	1902	2027
FBGN0032536	47	10	26	45	79	18
FBGN0031426	94	31	82	95	102	42
FBGN0010382	6577	7002	6554	5374	5782	6080
FBGN0261938	3157	3139	3173	2687	3169	3160
FBGN0051741	27	27	200	28	22	39
FBGN0051665	53	49	58	26	57	40
FBGN0032116	206	142	231	94	89	69
FBGN0032057	31	39	25	55	26	17
FBGN0031418	3088	3737	3818	2393	2923	2709
FBGN0266459	0	3	9	8	4	1
FBGN0032393	3440	2737	2974	2756	3461	3713
FBGN0032368	34	15	8	25	7	12
FBGN0051636	3	28	106	28	33	6
FBGN0031473	20	0	10	24	29	55
FBGN0284224	7	0	18	2	3	0
FBGN0263971	0	0	0	5	1	23
FBGN0264494	271	330	234	211	277	129
FBGN0031301	22	4	57	23	50	24
FBGN0054010	9	24	0	18	17	14
FBGN0086909	1188	1228	1136	824	871	892
FBGN0032658	37	69	22	165	19	22
FBGN0032414	17972	20054	17966	16948	19437	17954
FBGN0032475	13658	15435	14219	13286	13854	14585
FBGN0016926	1870	2295	1894	1734	1993	2100
FBGN0031802	19	25	35	37	34	13
FBGN0053301	13	0	93	6	5	7
FBGN0031255	242	237	358	121	166	193
FBGN0031668	2287	2112	1871	1685	1962	2300
FBGN0032935	433	523	702	480	468	408
FBGN0045485	28	2	2	36	12	4
FBGN0045498	2	26	24	62	24	7
FBGN0032162	515	382	384	238	400	329
FBGN0053877	0	0	0	0	0	0
FBGN0015380	15090	16428	15237	12347	12611	13302
FBGN0015776	3532	4272	3848	3331	4230	3686
FBGN0002985	1380	1724	1500	1411	1277	1533
FBGN0031574	3371	3963	3955	3625	3369	3536
FBGN0031550	0	22	27	24	36	5
FBGN0264695	1036	2732	1866	1993	1629	999
FBGN0263852	2959	2871	2720	2410	2971	2496
FBGN0032921	765	611	470	456	484	555
FBGN0032400	9544	9933	11967	6213	8771	6706
FBGN0026756	17	12	10	38	11	30
FBGN0053995	2623	2593	2471	1758	2266	2618
FBGN0032450	1320	1548	1465	1876	2151	2257
FBGN0032803	2696	3954	2972	1036	1527	1410
FBGN0051803	2	18	11	32	14	17
FBGN0027491	29	51	67	73	53	6
FBGN0261266	576	627	459	284	265	338
FBGN0266670	3000	3499	3494	3047	3084	3570
FBGN0005779	8	11	12	62	7	7
FBGN0028942	6	6	0	10	6	0
FBGN0031871	1788	2447	1804	1515	1764	1387
FBGN0032815	4004	5207	4527	3099	3448	3132
FBGN0031395	1906	2298	2169	1732	2017	1974
FBGN0053821	20	4	28	20	40	10
FBGN0051674	24	74	38	39	52	26
FBGN0053828	19	16	29	27	9	22
FBGN0032913	32	0	57	35	13	6
FBGN0031514	36	72	441	57	55	19
FBGN0261268	12616	13525	12841	10885	11302	11779
FBGN0032314	2	0	15	28	41	22
FBGN0028539	11969	12012	12541	10720	12817	12815
FBGN0032025	258	363	344	267	226	236
FBGN0031670	4825	5522	5265	4504	4538	4738
FBGN0000636	45160	49281	45566	43939	47012	49204
FBGN0265263	0	8	0	0	11	0
FBGN0020445	1503	3091	2365	1246	1413	1118
FBGN0032813	69	94	250	41	90	39
FBGN0250834	6	4	5	3	15	0
FBGN0031897	2131	2388	2556	2009	2669	2509
FBGN0032369	38	30	30	64	36	55
FBGN0053922	4	0	0	5	5	0
FBGN0016919	48	18	36	94	37	34
FBGN0031560	1	5	276	16	16	6
FBGN0041249	70	44	7	28	10	5
FBGN0032507	2	5	1	19	4	33
FBGN0020414	83	265	765	152	173	73
FBGN0032748	11174	12815	11839	8641	8775	9388
FBGN0031542	104	68	42	90	104	132
FBGN0263846	30	74	97	144	149	87
FBGN0043825	9	17	12	1	4	8
FBGN0031657	2042	1748	1769	1795	2012	2119
FBGN0026778	524	471	487	478	457	698
FBGN0032633	3851	4369	3677	3298	4014	3862
FBGN0031689	83	196	1478	150	90	69
FBGN0028543	97	344	1437	105	100	56
FBGN0031441	22	6	20	8	7	5
FBGN0041004	3171	3326	3450	3150	3316	3138
FBGN0259961	4	0	7	8	10	0
FBGN0260011	5	15	9	15	4	21
FBGN0016977	202024	226300	218959	186850	210089	189282
FBGN0031213	2372	2206	2717	2529	2935	2601
FBGN0032218	273	74	373	124	110	148
FBGN0086444	5230	5120	4673	3990	4085	4432
FBGN0032820	2680	2368	2689	2495	2939	2904
FBGN0031266	15475	16408	15756	12422	14531	15113
FBGN0083141	25	11	17	34	25	11
FBGN0028847	18	35	6	63	3	22
FBGN0085205	48	39	387	20	8	12
FBGN0032763	939	862	869	637	709	780
FBGN0031822	1945	1492	1711	1318	1564	1776
FBGN0002973	12264	13368	12373	8845	9685	9934
FBGN0028844	0	14	0	12	1	2
FBGN0032210	2376	2440	2086	2190	2478	2022
FBGN0032598	0	13	22	26	32	16
FBGN0000318	4755	5934	5557	5169	5785	5196
FBGN0259964	0	4	3	5	2	4
FBGN0000287	22076	21580	21919	19842	21520	22629
FBGN0031904	2598	2705	3109	2921	3404	2982
FBGN0041245	9	3	12	29	5	14
FBGN0011722	879	1919	7656	955	1148	802
FBGN0267964	42	55	37	38	57	50
FBGN0051821	15	39	80	9	17	8
FBGN0025684	1254	1127	1309	1049	1214	1158
FBGN0031726	12	23	9	44	17	7
FBGN0032551	11	8	11	11	19	15
FBGN0264253	1	16	25	9	25	5
FBGN0259818	1159	982	999	1073	1020	1172
FBGN0031491	1251	1254	1114	698	888	876
FBGN0026379	2875	3750	3663	3137	3468	3193
FBGN0051709	0	12	11	4	1	18
FBGN0031549	6593	7133	6465	6208	7020	6985
FBGN0260428	1	15	3	9	3	0
FBGN0001075	126106	137134	135407	99751	110144	110352
FBGN0287720	51501	55962	53230	43543	46534	49281
FBGN0031987	1083	1279	1067	782	731	1039
FBGN0028943	124	113	158	92	139	146
FBGN0250867	3112	3896	3353	3180	3863	3753
FBGN0032377	54	69	93	66	92	72
FBGN0031945	8	32	31	25	11	24
FBGN0003448	17	0	34	31	52	14
FBGN0045842	971	939	962	1903	2116	2190
FBGN0027949	4742	4901	4654	5810	6442	7099
FBGN0051858	231	162	146	104	215	178
FBGN0000299	7599	7377	12670	8163	9182	10463
FBGN0040297	1616	1690	1761	1085	1489	1361
FBGN0010395	33	42	269	14	80	50
FBGN0260750	1235	1557	1126	1374	1577	1621
FBGN0032924	3090	3378	2926	2669	3147	3229
FBGN0043364	2699	3168	3345	2588	2329	2451
FBGN0032163	22	0	13	34	3	46
FBGN0031977	2110	1551	2093	1755	2677	1787
FBGN0051864	1596	1264	1541	1487	1605	1674
FBGN0053875	0	0	0	0	0	0
FBGN0051875	68	94	45	14	24	73
FBGN0032517	4685	5376	5154	3941	4439	4275
FBGN0032455	11774	12683	11353	10056	10729	10744
FBGN0032840	11	4	52	53	22	11
FBGN0266491	0	4	10	15	3	1
FBGN0001114	2341	3669	6699	1401	1578	1068
FBGN0032261	1055	1410	1030	879	1100	974
FBGN0260451	24	8	12	7	0	9
FBGN0031948	40	43	28	60	24	13
FBGN0000422	471	463	269	174	381	141
FBGN0053679	1	17	21	5	9	13
FBGN0032184	2	20	9	21	5	7
FBGN0015583	0	8	19	7	0	6
FBGN0031635	1887	2030	2108	1596	1948	1883
FBGN0032124	33	26	217	53	22	28
FBGN0028855	542	496	439	494	835	556
FBGN0013746	6756	6929	7408	6939	7977	7405
FBGN0001965	13690	16110	14561	12521	12828	13445
FBGN0028531	111	96	128	215	227	113
FBGN0031695	1	32	52	51	21	1
FBGN0031698	39706	43787	41372	34414	37451	36806
FBGN0028916	1742	1632	1556	1673	1738	1769
FBGN0051827	22	2	13	10	16	13
FBGN0032746	1612	1298	1486	1535	1757	1778
FBGN0032476	2027	2263	1984	1522	1542	1613
FBGN0031632	1129	1565	1815	949	1148	989
FBGN0013301	21	0	4	9	7	10
FBGN0032693	741	643	1030	1763	1746	1951
FBGN0261514	74	71	104	71	43	12
FBGN0032772	17	12	4	0	10	2
FBGN0053645	8	8	0	6	1	1
FBGN0032487	1144	1067	1021	1178	1351	1455
FBGN0015271	1584	1402	1470	1614	1799	1899
FBGN0002121	27547	27522	29097	26615	30280	27201
FBGN0262000	95	29	61	71	49	46
FBGN0002031	9397	9282	9791	9714	9439	10676
FBGN0266450	20653	23462	20801	19013	17687	19609
FBGN0032895	0	11	63	61	25	62
FBGN0051909	6	0	3	7	13	2
FBGN0250841	0	32	14	4	8	9
FBGN0028394	1381	1724	1603	1119	1207	1280
FBGN0264556	77	75	36	81	136	127
FBGN0011559	41	58	31	94	6	23
FBGN0032698	1214	1009	1574	1299	1306	1304
FBGN0003983	18	19	15	11	31	8
FBGN0032914	8	11	71	3	9	12
FBGN0000721	12715	14063	14727	8428	9102	9446
FBGN0031627	24	31	31	17	19	42
FBGN0264296	8	9	0	5	7	0
FBGN0031493	10055	11764	10383	8441	9323	9501
FBGN0260749	7513	9017	8588	6349	7266	7173
FBGN0045852	117	135	154	127	76	58
FBGN0032819	1913	1714	1585	1829	2057	2201
FBGN0031449	96	106	132	80	59	70
FBGN0053804	1209	775	1005	1139	1802	1313
FBGN0032286	40	56	19	78	22	70
FBGN0032949	11553	12683	13858	8760	10672	9163
FBGN0032409	2044	2482	2129	1851	2387	2103
FBGN0031399	2613	2946	2702	2921	2757	3057
FBGN0053643	23	26	3	7	8	8
FBGN0032785	44	58	224	54	47	59
FBGN0085198	7	7	13	11	3	2
FBGN0032365	0	1	6	6	4	3
FBGN0028554	4895	6251	6046	6044	6592	6710
FBGN0020616	8282	8541	8511	7231	7903	8196
FBGN0032144	0	4	8	9	12	15
FBGN0031693	86	89	444	132	56	90
FBGN0028517	22	2	13	10	16	13
FBGN0260000	0	16	195	2	4	6
FBGN0028931	609	936	713	527	450	631
FBGN0000559	306673	323610	309759	315227	342760	377081
FBGN0031762	55	98	506	94	67	92
FBGN0053904	2	0	0	1	0	0
FBGN0024227	3555	3232	3190	3661	4059	4223
FBGN0266449	4864	4921	4848	4706	5157	4911
FBGN0263206	0	22	7	29	27	22
FBGN0051680	12	0	0	5	0	5
FBGN0086445	1127	825	954	909	785	1079
FBGN0031232	22	23	27	39	14	15
FBGN0051804	10	0	16	21	0	16
FBGN0051715	1756	2010	1543	1496	2151	1423
FBGN0000228	6550	6570	6491	5041	5374	5878
FBGN0032236	2257	2100	2278	1756	2138	1752
FBGN0031875	2345	2035	2319	2231	2713	2442
FBGN0260648	1122	1360	1234	1156	1343	1475
FBGN0284256	12319	13317	12263	11141	12785	13548
FBGN0261992	0	1	0	3	0	8
FBGN0032405	243	156	216	181	142	135
FBGN0004374	4147	5235	4594	3685	4142	4399
FBGN0032720	746	675	449	650	696	648
FBGN0028936	9	60	152	1	17	14
FBGN0032115	6	6	0	9	1	3
FBGN0031546	38	53	21	20	30	32
FBGN0061209	8	8	0	1	3	0
FBGN0051872	54	45	71	87	32	51
FBGN0053896	7	7	0	1	3	0
FBGN0020622	6630	6640	6201	4894	5654	5957
FBGN0031650	4	9	38	14	24	1
FBGN0051805	40	62	48	31	33	11
FBGN0032652	46	67	280	36	15	6
FBGN0031818	2679	3759	3153	2466	2527	2671
FBGN0032477	513	570	497	338	407	444
FBGN0053859	2	2	0	9	0	0
FBGN0262359	8	6	1	5	12	1
FBGN0262150	9	22	54	14	15	4
FBGN0026755	14	12	76	25	45	29
FBGN0086758	879	1589	1688	2256	1651	1743
FBGN0003087	1346	1598	1551	1917	2056	1799
FBGN0032034	764	794	778	678	878	904
FBGN0266557	307106	340956	340061	264548	288640	266651
FBGN0032883	3332	3777	3840	3099	3342	3125
FBGN0031739	1202	1143	1169	1054	784	907
FBGN0028880	0	0	8	3	6	0
FBGN0031659	2444	3177	2790	2160	2362	2331
FBGN0051681	14	2	2	2	0	31
FBGN0054049	5	0	1	10	13	5
FBGN0053322	25	8	35	38	15	36
FBGN0287630	24	27	23	15	8	37
FBGN0044323	13302	16171	15263	12467	12610	14285
FBGN0031417	6	10	171	19	6	18
FBGN0283467	1623	1771	2264	1822	2104	1923
FBGN0032916	2755	2838	2859	2310	2651	3240
FBGN0031459	4346	5264	4593	4572	4892	5309
FBGN0010100	25588	28499	24907	21671	24300	25803
FBGN0259712	18	22	59	30	31	30
FBGN0031801	14	91	544	18	5	3
FBGN0031887	47	1	16	19	28	13
FBGN0001084	1040	1394	1161	891	1135	889
FBGN0084001	15	14	17	5	15	18
FBGN0001174	0	0	0	19	0	0
FBGN0028868	6	25	22	27	14	5
FBGN0260639	5328	5306	4737	5608	6282	6669
FBGN0032827	60	65	52	58	27	21
FBGN0053902	0	0	0	1	4	0
FBGN0031708	1517	1527	1466	1190	1162	1235
FBGN0053825	19	16	29	35	9	22
FBGN0053306	20	92	365	8	23	24
FBGN0045497	4	19	10	13	20	14
FBGN0015391	19182	19441	20330	19578	21115	20381
FBGN0032847	1049	839	924	1180	1287	1168
FBGN0028872	48	2	45	82	37	54
FBGN0003716	26984	31025	26914	24129	26686	27703
FBGN0040096	5	1	0	21	2	2
FBGN0032783	516	375	411	619	553	619
FBGN0003231	5837	6439	6644	5997	6063	6465
FBGN0051787	1	6	0	10	0	6
FBGN0085380	20	3	10	27	3	8
FBGN0032430	2658	2550	2368	2141	2543	2269
FBGN0086442	4578	4797	4573	4051	4324	4594
FBGN0003941	48765	58595	55062	48322	52079	56557
FBGN0032354	1249	1226	1287	1060	1135	1147
FBGN0262160	14944	13693	15041	14787	15151	17781
FBGN0000490	4601	5374	4738	4508	5048	5336
FBGN0031579	12	33	376	0	2	5
FBGN0053910	8	8	0	0	3	0
FBGN0051678	6102	7318	6857	5519	6400	6058
FBGN0051769	33	10	263	20	16	10
FBGN0014396	122	59	154	82	100	54
FBGN0085201	8	13	0	6	1	0
FBGN0031722	12	3	6	12	10	7
FBGN0284253	9969	10492	10907	7741	9480	9134
FBGN0032967	8	45	70	67	18	22
FBGN0031683	1484	1729	1451	1198	921	1229
FBGN0032058	33	17	73	34	25	10
FBGN0031452	3342	3125	3442	3436	3440	3405
FBGN0031285	3778	5353	5381	3691	3731	4456
FBGN0051869	7432	9809	7798	3487	3944	4122
FBGN0011283	13	2	0	7	5	1
FBGN0051952	2	9	7	7	2	9
FBGN0031456	3657	3492	3923	2751	3136	3177
FBGN0032886	1140	1050	1211	1310	1209	1382
FBGN0032804	19	60	26	3	33	2
FBGN0086357	24276	28306	26239	22168	25310	27224
FBGN0041184	5005	5994	5528	4740	5029	5987
FBGN0031959	1814	1447	1699	1570	2362	1830
FBGN0032727	370	450	519	252	247	262
FBGN0031651	1706	1625	1623	1614	1497	1645
FBGN0259982	625	426	640	538	772	612
FBGN0031437	3237	3081	3435	3485	3378	3633
FBGN0051882	11	16	4	20	0	0
FBGN0042187	0	21	10	6	5	25
FBGN0266163	0	0	2	6	0	6
FBGN0040098	5	4	7	11	6	6
FBGN0028406	1733	1561	1598	1020	1535	1512
FBGN0029123	90	176	244	215	77	111
FBGN0032938	7870	8539	7939	7413	7860	8352
FBGN0031861	10	42	30	19	28	29
FBGN0032968	3	16	7	12	8	2
FBGN0031276	0	0	1	9	1	37
FBGN0015905	2986	3293	2844	2349	2708	2598
FBGN0051721	2300	3080	3168	1726	2133	1998
FBGN0283531	11680	14565	13468	8607	9271	9448
FBGN0031950	3793	4026	4660	3029	3540	3431
FBGN0031888	1109	2172	1568	942	1299	998
FBGN0014859	107	38	65	98	74	120
FBGN0011584	4572	4828	5021	4354	5263	4707
FBGN0031247	945	772	918	656	872	784
FBGN0250826	76	198	64	68	103	43
FBGN0001986	6154	6890	6536	5292	6367	6168
FBGN0259714	109	270	71	67	51	76
FBGN0031832	2799	2944	2906	3022	3937	3345
FBGN0264344	0	0	7	0	7	5
FBGN0010197	72	102	58	60	73	79
FBGN0027074	15	11	15	18	23	17
FBGN0261806	7	0	12	3	5	0
FBGN0263050	1710	1632	1611	1332	1167	1480
FBGN0032085	15	24	14	5	4	1
FBGN0043841	1973	2127	2452	1993	2246	2408
FBGN0031976	285	286	288	83	88	116
FBGN0032744	512	452	659	554	749	575
FBGN0031723	1	0	18	38	7	21
FBGN0031746	29	0	0	17	0	7
FBGN0031688	196	255	386	155	196	221
FBGN0027052	2434	2569	2786	1738	1937	2180
FBGN0267972	1692	1811	2045	1330	1636	1551
FBGN0040985	1348	1574	1535	843	1211	1077
FBGN0015546	4082	4248	4248	5044	5725	6126
FBGN0031878	10422	11210	11457	11683	12290	12250
FBGN0053823	0	0	0	0	0	0
FBGN0032636	11	20	0	20	9	2
FBGN0010314	1812	1607	1764	1695	1721	1880
FBGN0032602	12	17	4	10	19	5
FBGN0032082	7	16	24	65	17	24
FBGN0086673	1306	1110	1310	1130	1165	1391
FBGN0032870	943	941	936	899	1094	1044
FBGN0031356	4485	4365	4710	3329	3815	3820
FBGN0262036	5	0	91	18	19	3
FBGN0031760	821	1101	1118	870	1171	1173
FBGN0028919	1281	1324	1518	1062	1162	1315
FBGN0005278	17131	18116	17732	17422	18246	19381
FBGN0032663	17	63	6	17	8	8
FBGN0042125	4334	5166	4869	3545	3897	3758
FBGN0053843	3	1	0	0	7	6
FBGN0265578	219	205	219	186	188	148
FBGN0010453	951	1073	1173	699	806	551
FBGN0031516	1272	1439	1386	1029	1265	1613
FBGN0040104	0	2	0	18	16	1
FBGN0285971	1437	1863	1535	1528	1624	1648
FBGN0004177	24126	23556	23975	22677	24630	25479
FBGN0053847	0	0	0	0	0	0
FBGN0259962	16	0	3	1	2	0
FBGN0031240	21	23	25	23	17	57
FBGN0031393	144	82	108	104	123	78
FBGN0045827	1	10	16	13	14	18
FBGN0265349	0	0	0	3	1	3
FBGN0028520	3	4	1	19	13	0
FBGN0028514	149	110	207	107	56	15
FBGN0042189	0	27	4	12	15	11
FBGN0262126	25794	29896	27465	20251	21429	22709
FBGN0032433	64	61	196	105	67	58
FBGN0031803	36	37	24	0	44	23
FBGN0031914	483	504	649	419	545	682
FBGN0053880	0	0	0	0	0	0
FBGN0031886	1396	1274	1308	1335	1473	1360
FBGN0051957	411	512	655	440	524	382
FBGN0032248	2460	2687	2780	1937	2329	2393
FBGN0032897	310	294	335	132	82	138
FBGN0051812	211	344	284	168	255	237
FBGN0022893	107393	95520	89609	89902	103039	99841
FBGN0031528	39	94	62	44	22	30
FBGN0051784	17	14	27	34	23	14
FBGN0046302	27	189	1187	44	39	72
FBGN0086266	3	6	5	7	20	5
FBGN0010520	828	837	1031	826	1088	946
FBGN0019982	800	737	1109	832	999	1048
FBGN0031607	2285	2554	2304	2147	2274	3124
FBGN0028509	4285	5685	4809	2942	3226	2972
FBGN0001983	41	80	35	46	62	38
FBGN0031364	1	6	5	30	5	3
FBGN0085211	8	4	1	5	8	18
FBGN0032480	3313	4114	4184	2962	3634	3495
FBGN0262017	0	3	7	0	2	10
FBGN0032810	1	1	22	18	14	13
FBGN0052983	18	23	27	33	4	0
FBGN0003444	7069	8016	6689	6967	8956	8375
FBGN0032505	12	28	17	15	6	0
FBGN0028935	13	24	19	4	8	20
FBGN0053887	0	0	0	0	0	0
FBGN0051619	48	61	119	92	115	44
FBGN0015376	2205	2103	2558	2577	2894	2513
FBGN0031811	9	4	0	1	6	0
FBGN0003278	5165	4576	4574	4281	5557	4962
FBGN0004914	4423	5540	5404	3482	4055	3525
FBGN0051954	22	17	22	23	12	1
FBGN0032090	30	0	71	21	10	25
FBGN0031640	1958	2626	1795	1534	1769	1878
FBGN0261534	222	166	225	275	283	306
FBGN0032499	2128	2649	2487	2027	1918	2059
FBGN0051907	2	30	6	10	14	11
FBGN0031763	46	39	15	17	41	23
FBGN0032191	2438	2422	2562	1725	2035	2182
FBGN0011232	3324	3951	3544	2394	2467	2561
FBGN0014454	9	30	58	61	21	14
FBGN0032922	375	338	378	414	466	541
FBGN0051826	15	32	24	16	15	3
FBGN0051755	611	677	526	482	581	583
FBGN0032251	582	749	797	462	519	507
FBGN0031589	995	1151	1583	1288	1724	1584
FBGN0022213	19479	18885	19769	18358	21186	19921
FBGN0040262	15	14	18	38	9	16
FBGN0015000	1953	2234	1990	1411	1893	1669
FBGN0259192	25	97	63	84	61	49
FBGN0053901	0	7	1	20	14	7
FBGN0262475	441	494	593	545	499	455
FBGN0053836	0	0	0	0	0	0
FBGN0013300	16	4	24	2	15	6
FBGN0284225	85	98	77	194	110	92
FBGN0032869	166	142	184	48	88	40
FBGN0031893	3688	3952	3665	2604	3482	3142
FBGN0031227	1003	1045	1043	840	1251	981
FBGN0031800	12	37	8	28	7	22
FBGN0042627	54	58	241	125	126	71
FBGN0010287	707	750	941	646	721	1020
FBGN0032139	23	20	29	37	33	9
FBGN0032258	3873	4566	4347	2526	3125	3164
FBGN0031312	1889	2606	1930	1614	1837	2159
FBGN0031263	2661	2588	2505	2202	2306	2582
FBGN0031908	452	255	586	327	220	209
FBGN0031675	519	1162	594	239	315	303
FBGN0032287	60	76	582	27	52	22
FBGN0032049	16	26	92	57	8	2
FBGN0085396	21	4	22	65	11	18
FBGN0053848	1	0	0	0	0	0
FBGN0053839	1	0	0	0	0	0
FBGN0015664	10320	11287	11960	8984	9512	10699
FBGN0015399	9160	11707	10051	6998	8086	8714
FBGN0031896	3038	3571	2951	2732	3357	3218
FBGN0259956	2	0	3	9	2	3
FBGN0032208	42797	51021	48560	37306	42366	40675
FBGN0031835	65	84	114	90	62	57
FBGN0032702	2123	2233	2061	2184	2281	2446
FBGN0032298	2556	2572	2313	1903	2324	2642
FBGN0259230	34	10	10	7	0	7
FBGN0032143	10	68	20	24	12	0
FBGN0015623	9566	11995	11779	7655	8160	9064
FBGN0031357	1209	1313	1214	981	983	1084
FBGN0267378	6344	7766	7871	5825	6082	5586
FBGN0031677	26	39	17	10	39	23
FBGN0032088	25	0	86	14	10	1
FBGN0032256	1119	925	1093	1468	1204	1239
FBGN0032585	29	27	4	18	20	16
FBGN0045487	13	13	18	54	12	9
FBGN0261608	45228	47403	42969	33806	43653	42416
FBGN0031805	0	1	99	38	58	28
FBGN0053885	0	0	0	0	0	0
FBGN0041246	1	18	29	23	22	9
FBGN0032637	51	25	93	36	39	36
FBGN0031365	6	0	12	13	2	21
FBGN0004892	4696	5379	4561	3656	4910	4942
FBGN0031883	13058	14887	14711	11913	12030	13384
FBGN0040959	12	10	202	16	16	19
FBGN0053879	0	0	0	0	0	0
FBGN0032001	259	243	203	254	263	258
FBGN0028949	4	2	5	12	13	10
FBGN0032656	8691	10158	9991	7147	7751	7412
FBGN0051717	446	546	373	324	448	457
FBGN0263982	0	0	0	4	2	3
FBGN0000406	31	29	324	31	34	22
FBGN0024245	5328	5544	5266	3704	4527	4387
FBGN0011676	80	105	87	72	70	67
FBGN0032446	582	698	592	413	463	554
FBGN0260470	0	36	3	10	2	2
FBGN0032490	6	25	12	11	6	10
FBGN0053808	165	299	178	8	9	6
FBGN0031623	49	14	28	34	57	57
FBGN0004584	24011	23163	23568	23335	26906	25622
FBGN0260758	114	113	224	154	169	140
FBGN0031918	66	80	104	94	95	167
FBGN0051807	7	27	3	5	1	19
FBGN0032516	1287	1361	1180	798	958	886
FBGN0040718	1884	1954	1890	759	939	1428
FBGN0263654	2	0	11	4	6	0
FBGN0031302	1	38	0	17	18	6
FBGN0083968	324	212	371	116	357	233
FBGN0053127	109	97	135	149	119	95
FBGN0031946	4	0	0	9	15	1
FBGN0261582	1	0	1	2	0	22
FBGN0085423	8976	10477	9915	8624	10285	9731
FBGN0011648	8055	8234	7638	6284	7120	7489
FBGN0031773	1169	1003	1090	784	983	803
FBGN0086691	29	115	411	46	54	39
FBGN0032036	1483	1502	2044	1686	1863	1732
FBGN0032282	0	9	0	16	14	23
FBGN0259482	816	1055	899	731	976	842
FBGN0266492	4	36	24	33	13	22
FBGN0264953	6870	7970	8127	9196	9194	9437
FBGN0000227	17	0	24	7	14	15
FBGN0032732	743	588	440	548	549	558
FBGN0000384	5472	6242	5965	4550	5255	4706
FBGN0031895	1821	2373	1912	1544	1382	1622
FBGN0028644	16	30	18	40	9	7
FBGN0051976	8	38	1	18	19	5
FBGN0053905	3	24	1	19	16	7
FBGN0032797	90	71	111	93	50	63
FBGN0053869	4	25	0	0	0	0
FBGN0031488	5436	6323	6049	6327	6677	6367
FBGN0032023	15	26	8	23	25	33
FBGN0028467	3291	3672	3679	2602	3042	3305
FBGN0031490	44	76	81	97	44	36
FBGN0032447	412	295	226	193	319	274
FBGN0052971	4	35	41	9	12	30
FBGN0032247	572	741	865	551	737	701
FBGN0054051	11	0	27	15	16	4
FBGN0053819	1173	762	994	995	1590	1088
FBGN0031804	12	8	4	24	4	0
FBGN0283478	14307	15088	13435	15676	16672	17807
FBGN0028952	1240	1280	1442	1233	1266	981
FBGN0041248	6	60	12	50	49	10
FBGN0031359	1518	1709	1985	1347	1447	1746
FBGN0001977	4306	4319	4227	3551	4406	4749
FBGN0031462	0	31	17	19	42	5
FBGN0265579	0	0	1	10	2	0
FBGN0031254	90	73	97	103	61	128
FBGN0027453	1242	1173	1141	973	951	1028
FBGN0031538	54	72	190	39	59	47
FBGN0264364	1	11	13	7	3	19
FBGN0031238	2169	1867	1821	2200	2213	2043
FBGN0005616	2894	2569	2751	2343	2637	2614
FBGN0031980	66446	72495	65749	56219	67470	72990
FBGN0045064	315	208	273	251	143	125
FBGN0032448	4	0	0	3	13	0
FBGN0031725	12	67	20	13	13	10
FBGN0032691	2684	3314	2850	2473	2656	2597
FBGN0031690	30	66	142	94	38	102
FBGN0051618	132	276	170	4	27	13
FBGN0028895	558	600	508	485	595	596
FBGN0041195	47	58	78	89	42	37
FBGN0261802	50523	54864	50916	45283	50768	49837
FBGN0032079	53	81	94	84	36	26
FBGN0032297	125	180	169	177	162	150
FBGN0032650	16	20	0	6	4	0
FBGN0020270	2451	2166	2573	2776	3043	3281
FBGN0031540	2095	2351	2216	2308	2284	2304
FBGN0031554	20	18	22	31	37	29
FBGN0025681	6571	8387	6875	5830	5928	6546
FBGN0032685	4389	2818	3780	6063	5332	7174
FBGN0015338	1851	2283	1882	1949	1927	2102
FBGN0032492	2	0	17	6	0	4
FBGN0031711	4869	4631	4899	4253	4900	4705
FBGN0027611	6871	9126	9680	10289	11907	11177
FBGN0264442	19322	19738	20937	24010	22761	22845
FBGN0031741	470	482	422	376	488	450
FBGN0063368	0	4	1	18	2	13
FBGN0262683	2	12	26	8	15	3
FBGN0032554	7	1	2	66	13	9
FBGN0262357	22	9	3	3	7	0
FBGN0028538	7515	8857	8864	5700	6406	6155
FBGN0031484	2887	2754	2582	2566	2941	3188
FBGN0032891	134	134	243	578	608	627
FBGN0262353	321	244	373	121	117	132
FBGN0250903	1056	1208	1026	786	861	781
FBGN0264342	33	56	26	84	43	12
FBGN0051910	5	7	24	20	9	2
FBGN0019809	27	52	18	90	39	13
FBGN0031267	1059	992	978	919	1145	1096
FBGN0024689	2603	3105	2720	2243	2579	2709
FBGN0031252	1116	1582	1279	1630	1710	1688
FBGN0288834	3346	3157	3102	4837	4937	5383
FBGN0052832	5	29	12	24	0	16
FBGN0032481	7861	8804	7845	6884	7236	7427
FBGN0085203	680	535	581	494	729	553
FBGN0032156	205	116	270	133	199	179
FBGN0259958	9	0	5	0	8	0
FBGN0031319	5419	6356	5834	4816	5132	5090
FBGN0040233	7508	8908	8933	8491	9239	9653
FBGN0032371	15	0	6	15	0	24
FBGN0261089	28	30	30	36	9	22
FBGN0262029	43791	49513	44047	34025	36444	40165
FBGN0032343	71	124	71	107	63	112
FBGN0263320	3	0	0	3	2	3
FBGN0002524	3510	4278	3393	3279	3773	3992
FBGN0031735	661	825	1060	573	939	641
FBGN0022023	22728	25203	24301	23756	25647	28197
FBGN0032373	54	49	441	41	34	46
FBGN0045038	1	37	0	10	21	11
FBGN0032816	510	568	801	454	558	671
FBGN0028875	50	57	52	98	25	27
FBGN0054007	0	0	26	7	3	4
FBGN0011570	9364	10294	9401	8384	9055	9009
FBGN0032791	123	147	135	66	166	57
FBGN0028694	9310	8954	8933	8655	9228	9942
FBGN0031816	1474	1507	1598	827	1013	1278
FBGN0031378	236	464	539	254	311	451
FBGN0032157	4827	5776	5100	4794	5216	5044
FBGN0025366	16448	17452	16011	15909	18476	19270
FBGN0028507	1495	1855	1764	1860	1865	1710
FBGN0032004	47	18	63	39	25	14
FBGN0042092	951	946	991	970	946	974
FBGN0023096	97	78	149	213	117	131
FBGN0085450	14455	15245	14738	12787	14709	13652
FBGN0020545	1212	1501	1507	1248	1134	1307
FBGN0032945	78	733	5650	97	74	66
FBGN0261064	1784	1642	1763	1291	1612	1475
FBGN0032439	10	28	11	15	32	1
FBGN0031872	27178	27784	27773	23897	27356	27457
FBGN0031644	2	2	0	34	22	0
FBGN0031446	23	12	27	30	24	13
FBGN0053125	52	35	6	62	27	28
FBGN0051776	13	10	22	41	37	22
FBGN0032249	167	174	167	195	321	233
FBGN0032943	1943	2156	2281	1660	1825	1907
FBGN0032066	26	40	10	37	11	28
FBGN0053641	11	8	7	4	15	14
FBGN0085427	23478	29004	28151	21100	22837	21931
FBGN0041150	87	98	32	71	44	76
FBGN0085410	13	17	14	92	29	23
FBGN0031682	1272	1317	1882	1062	917	1248
FBGN0031999	70	53	19	35	37	42
FBGN0261529	167	155	202	151	62	190
FBGN0032020	1485	1323	1508	1221	1607	1391
FBGN0051777	76	106	87	48	51	24
FBGN0032341	6333	7440	5857	4914	5430	5857
FBGN0032003	13	0	47	14	50	10
FBGN0262721	15	40	96	5	2	11
FBGN0032479	22029	25386	23565	18236	19757	20761
FBGN0032899	174	205	127	117	105	162
FBGN0031601	946	929	759	940	1091	1006
FBGN0031463	28	158	77	110	97	49
FBGN0031968	264	403	642	288	384	293
FBGN0032660	9	0	34	14	2	18
FBGN0028893	2	0	12	48	8	18
FBGN0032138	20517	21129	21054	20546	22176	24276
FBGN0032986	2612	2338	2888	2295	2790	2719
FBGN0053849	14	12	44	29	12	10
FBGN0031858	24	13	10	19	26	22
FBGN0051773	17	16	33	90	14	27
FBGN0028518	50	34	321	66	35	19
FBGN0031465	476	521	483	314	371	420
FBGN0003978	2296	2013	1926	2162	2191	2390
FBGN0031639	1011	1028	905	818	1046	974
FBGN0031854	9	22	25	56	22	14
FBGN0051606	15	13	4	0	5	18
FBGN0261999	101	34	56	114	98	132
FBGN0051661	3	17	24	4	11	4
FBGN0085212	542	555	487	334	432	383
FBGN0051708	30	54	68	56	12	10
FBGN0264546	8	0	3	4	4	0
FBGN0051823	15	32	35	10	10	11
FBGN0032151	40	40	74	90	45	47
FBGN0259213	43	43	72	91	32	91
FBGN0263321	0	4	15	6	14	14
FBGN0083945	14	17	39	51	37	14
FBGN0031590	6944	6642	7238	6720	7962	8212
FBGN0085193	51	69	82	51	70	55
FBGN0032849	562	886	916	742	863	855
FBGN0040106	15	27	19	43	73	30
FBGN0031523	14	34	62	71	26	5
FBGN0020416	66	40	156	48	14	8
FBGN0028541	4015	5161	4840	3627	4109	3447
FBGN0021796	18952	20787	21427	14071	16598	15779
FBGN0028527	2967	3003	3367	2524	2572	2819
FBGN0010497	979	1101	918	1072	986	1107
FBGN0266369	3583	3797	4649	3735	4430	4510
FBGN0040107	4	6	36	25	0	30
FBGN0028841	12	0	0	31	5	6
FBGN0032052	1927	1779	1736	1732	2003	1770
FBGN0032050	18574	16846	17294	15694	18105	18558
FBGN0032668	2	22	20	30	30	15
FBGN0014906	2012	2182	2604	2410	2428	2531
FBGN0031619	497	994	676	168	153	139
FBGN0031855	34	44	39	43	35	20
FBGN0028946	10	6	4	21	5	15
FBGN0261535	2389	2069	2638	2195	2508	2649
FBGN0053850	0	0	0	0	0	0
FBGN0031749	10	14	10	25	6	4
FBGN0032266	10	9	26	66	5	21
FBGN0028569	1	0	0	0	5	11
FBGN0040984	13	0	1	12	8	4
FBGN0032798	59	82	45	51	91	45
FBGN0031233	2903	2884	2691	2727	2633	2888
FBGN0085374	22	28	9	50	9	0
FBGN0000392	1015	606	795	694	928	786
FBGN0032664	28	3	1	12	28	14
FBGN0263278	988	1351	1225	778	1006	889
FBGN0259735	34683	42514	36773	27440	30920	31441
FBGN0028886	38	102	117	179	166	160
FBGN0053835	27	11	2	0	0	0
FBGN0053870	9	0	0	3	0	9
FBGN0028920	280	3272	29033	119	82	100
FBGN0000239	7082	7348	7665	7151	8394	8091
FBGN0085409	10061	13264	11098	6580	8023	8405
FBGN0053813	7261	5291	6648	6863	9934	7571
FBGN0032031	655	844	801	706	865	825
FBGN0023407	10077	11035	11424	7875	8716	8472
FBGN0053807	1193	773	1008	1137	1811	1326
FBGN0260817	2053	2038	2039	3381	3860	3398
FBGN0032358	1130	1055	1429	655	942	806
FBGN0032690	4916	5212	5108	5575	6697	6126
FBGN0031534	4468	4935	4730	3309	3713	4268
FBGN0031649	23	104	65	99	61	29
FBGN0045495	75	24	84	80	59	82
FBGN0032773	185	647	5914	333	254	268
FBGN0052987	4	26	26	17	32	1
FBGN0031717	4654	4855	4383	3475	4809	4372
FBGN0053900	0	0	0	1	4	0
FBGN0053844	0	0	0	0	0	0
FBGN0032506	34	29	24	105	47	55
FBGN0014000	5	32	271	24	14	24
FBGN0026141	0	0	3	6	0	0
FBGN0000256	12318	13696	13357	9196	9674	10286
FBGN0284230	464	487	551	447	544	584
FBGN0004868	27415	27474	27421	19353	21927	23209
FBGN0028932	1858	1871	1464	1781	1925	2019
FBGN0032431	34	16	60	23	54	48
FBGN0032801	124	228	204	149	176	193
FBGN0032213	11184	11962	11812	9025	10779	10740
FBGN0264545	0	0	20	8	0	0
FBGN0261787	4439	5595	4521	3843	3950	4091
FBGN0085194	0	9	6	23	22	41
FBGN0051809	136	90	206	164	117	261
FBGN0032100	43	104	39	114	124	80
FBGN0053862	15	18	0	27	0	0
FBGN0023090	160	98	168	258	177	141
FBGN0261925	0	0	25	18	8	1
FBGN0053892	7	7	0	0	0	0
FBGN0032464	19	26	35	28	29	45
FBGN0051814	103	27	7	41	55	45
FBGN0051633	328	554	339	283	214	296
FBGN0032769	19	20	3	3	17	2
FBGN0000097	12084	13644	11550	10426	11457	11905
FBGN0032375	0	6	16	8	6	2
FBGN0031468	186	183	225	217	362	309
FBGN0031617	226	64	228	348	116	104
FBGN0032252	76	105	106	93	62	82
FBGN0051855	945	981	975	607	750	861
FBGN0032350	11127	11057	9516	6987	8806	8150
FBGN0032021	4	2	19	26	2	50
FBGN0003866	24633	28067	25849	20579	23387	22876
FBGN0032593	7	54	52	69	54	73
FBGN0001128	1277	1018	1648	1105	877	925
FBGN0032074	4	59	345	30	26	15
FBGN0004106	5999	5636	5471	5490	6710	6110
FBGN0031598	2541	2715	2962	1896	2159	2310
FBGN0028848	14	22	0	34	12	2
FBGN0264341	10	30	51	15	0	10
FBGN0028884	0	24	13	16	9	19
FBGN0051874	19	28	4	2	23	9
FBGN0031611	1227	1155	1143	966	891	1081
FBGN0032135	652	829	817	500	640	626
FBGN0032454	19137	20166	19623	18238	21151	18999
FBGN0032888	20	6	19	17	24	26
FBGN0032634	2230	1848	1736	1286	1502	1547
FBGN0040717	282	229	806	394	74	209
FBGN0028944	2	8	2	8	4	1
FBGN0261396	11182	11205	10525	11166	11900	11841
FBGN0032639	8	31	115	27	41	46
FBGN0031343	10	25	24	18	37	51
FBGN0032956	6941	7000	6908	5669	6744	5761
FBGN0264361	9	5	0	0	0	3
FBGN0053126	21	28	45	51	27	30
FBGN0267347	1242	1095	1076	1198	1666	1301
FBGN0000183	7824	8705	7598	7063	7588	7126
FBGN0028892	11	0	27	7	4	28
FBGN0032775	4065	4808	4284	5361	4885	5011
FBGN0032451	934	1290	943	948	964	1028
FBGN0032161	356	366	392	397	347	305
FBGN0053801	420	361	412	1434	1873	1914
FBGN0031335	22	7	2	9	0	14
FBGN0031575	2315	2635	2412	2358	2385	2354
FBGN0265298	4918	4485	4848	4639	4612	5311
FBGN0051835	18	55	95	26	27	39
FBGN0002855	2	0	19	22	3	7
FBGN0051922	381	376	358	274	316	298
FBGN0032900	62	11	55	38	34	26
FBGN0031645	858	1033	1315	628	668	722
FBGN0001970	1805	2019	1748	1373	1973	1766
FBGN0000250	11278	11452	9627	8340	9811	9555
FBGN0051698	4	78	287	15	22	0
FBGN0014019	60	53	133	29	56	17
FBGN0053826	0	0	0	0	0	0
FBGN0032533	5	0	0	2	3	2
FBGN0284247	129813	145648	142666	111134	121970	120226
FBGN0083972	4	23	88	4	6	10
FBGN0032005	4810	4950	5500	3800	4302	4783
FBGN0032119	8	1	25	36	30	37
FBGN0026391	15	7	0	18	16	8
FBGN0283658	4724	4423	4584	4112	5307	4470
FBGN0032771	1	9	2	12	17	22
FBGN0032800	50	73	61	81	53	26
FBGN0032449	145	107	167	190	139	144
FBGN0032971	9	0	0	30	48	16
FBGN0286929	0	0	0	2	1	8
FBGN0000018	951	776	791	894	961	784
FBGN0003255	680	885	638	363	405	379
FBGN0013323	0	10	3	7	17	0
FBGN0051780	10	74	250	5	4	42
FBGN0031309	1326	1498	1267	1347	1382	1470
FBGN0011244	44	12	76	36	18	31
FBGN0032462	108	48	35	35	46	10
FBGN0261831	110	35	92	97	110	72
FBGN0031231	1108	885	1024	1220	1192	1195
FBGN0031296	6	18	8	22	25	20
FBGN0032434	42	10	11	38	14	12
FBGN0028570	0	4	0	9	8	0
FBGN0026396	41	70	49	40	18	11
FBGN0028370	27	23	38	60	21	35
FBGN0032677	41	0	8	57	24	23
FBGN0051638	6232	6862	6085	4537	4859	5107
FBGN0031258	61	99	230	131	82	51
FBGN0031472	6	16	11	14	0	36
FBGN0265269	0	1	0	21	0	17
FBGN0031738	4108	4642	4035	3550	4230	3880
FBGN0024371	3218	3430	2949	2633	2855	2728
FBGN0026431	1671	2110	1652	1567	1893	1839
FBGN0031771	4509	4911	5012	4472	4677	5474
FBGN0040972	3	0	0	3	7	0
FBGN0005677	3392	4222	3434	2314	3085	4769
FBGN0028939	107	594	1026	81	216	120
FBGN0024947	1431	1470	1510	1609	1642	1999
FBGN0053532	0	4	31	4	13	25
FBGN0264295	0	0	2	9	3	12
FBGN0032755	0	0	2	9	2	4
FBGN0043456	20737	22128	21119	19694	21677	21869
FBGN0031981	14404	15992	14490	13189	13794	14174
FBGN0032860	20	6	13	2	17	11
FBGN0040705	4	0	8	8	4	17
FBGN0264087	89	119	87	89	67	57
FBGN0086447	326	272	243	165	201	278
FBGN0020309	67658	78308	69442	64134	68078	72832
FBGN0261871	16	29	32	35	22	14
FBGN0032253	132	114	296	182	99	96
FBGN0040963	0	0	0	2	17	0
FBGN0031275	71	78	163	90	81	42
FBGN0287204	1351	1568	1203	938	1160	1172
FBGN0031375	27	24	19	71	44	54
FBGN0032059	1335	1307	1319	1259	1518	1419
FBGN0032635	4025	5347	4777	4360	4706	4647
FBGN0031257	44	45	32	49	23	40
FBGN0052982	7503	7556	8368	6905	7710	7467
FBGN0067311	15	13	17	18	12	14
FBGN0032262	73	15	107	31	30	75
FBGN0026787	888	988	1108	770	954	909
FBGN0260933	609	582	725	540	659	441
FBGN0041183	217	242	1518	143	128	40
FBGN0003502	14771	14699	14635	12065	12803	12424
FBGN0027582	9134	9988	9741	8304	9627	9030
FBGN0025674	5508	5439	5282	4783	5233	5581
FBGN0032694	1955	2719	1914	1277	1756	1690
FBGN0031935	41	13	57	87	21	54
FBGN0261571	73	21	134	92	105	59
FBGN0014076	11	7	2	19	10	5
FBGN0028913	6	0	1	7	0	12
FBGN0031277	0	44	169	0	9	18
FBGN0032295	9792	10833	9399	8469	8267	9737
FBGN0085200	1069	1465	1388	1015	1023	1043
FBGN0014417	346	306	397	261	383	320
FBGN0265256	16	29	14	6	18	2
FBGN0287768	6872	7973	7520	6941	6394	7167
FBGN0053898	0	0	0	1	3	0
FBGN0031866	62	62	45	96	166	42
FBGN0053861	74	69	61	47	82	103
FBGN0031322	2521	2561	2695	2132	2421	2353
FBGN0031412	0	0	0	0	3	6
FBGN0011829	201	171	164	133	193	86
FBGN0014179	33	59	66	28	34	19
FBGN0032397	4397	5253	4887	4497	4896	5033
FBGN0261805	0	0	3	0	5	0
FBGN0032812	2269	3112	2390	2038	2380	2423
FBGN0261963	885	1331	708	890	742	1216
FBGN0040964	715	729	517	606	852	891
FBGN0031250	1782	2182	2084	1920	2287	2097
FBGN0250843	10871	10945	10686	9772	10633	11416
FBGN0021906	3868	4419	4183	3496	3914	4859
FBGN0032770	4	32	10	22	5	10
FBGN0032601	322	166	346	566	535	432
FBGN0265670	4	0	7	2	0	2
FBGN0032321	2898	2918	2753	2881	2981	3043
FBGN0053120	55	66	296	62	66	38
FBGN0261881	857	1036	771	749	913	919
FBGN0264081	21	15	4	3	32	2
FBGN0003016	5090	6800	6266	5220	5767	5911
FBGN0031495	892	1305	1359	839	1335	1174
FBGN0010602	15887	16513	16499	17215	17571	19772
FBGN0040506	30	12	40	66	29	23
FBGN0002036	539	735	500	331	376	464
FBGN0031420	6127	6690	6010	4465	4990	5074
FBGN0031713	2842	3260	2975	2478	2391	2624
FBGN0002931	1986	1646	1942	1937	2087	2016
FBGN0051948	18	0	25	30	3	0
FBGN0032054	1725	1758	1690	1886	1764	2065
FBGN0031253	676	498	560	513	647	545
FBGN0031545	37	2	26	26	33	41
FBGN0032876	3990	4665	4376	3464	4425	4134
FBGN0263037	106	257	199	358	281	135
FBGN0031937	52	139	429	114	53	26
FBGN0085188	5128	5063	4852	4019	4418	4455
FBGN0032805	101	85	102	92	118	218
FBGN0013433	28	24	37	74	11	35
FBGN0064115	400	481	589	384	530	567
FBGN0032160	3870	3911	3484	3437	4584	4005
FBGN0032648	24	42	64	14	39	16
FBGN0085206	8	23	8	7	27	0
FBGN0053906	9	7	0	1	3	0
FBGN0031306	2	75	62	38	22	28
FBGN0032473	28	14	39	49	52	43
FBGN0023489	2	27	50	31	20	10
FBGN0051774	37	96	76	79	107	70
FBGN0085208	886	1520	1337	1092	1101	1093
FBGN0032195	1003	1116	1196	988	989	1039
FBGN0026324	1535	1685	1639	1367	1626	1456
FBGN0011703	17140	16964	17069	20051	20237	20943
FBGN0265001	13	59	60	61	10	38
FBGN0031287	1375	1648	929	914	998	1077
FBGN0040715	201	284	309	269	308	326
FBGN0053897	2	14	1	10	13	12
FBGN0026394	42	0	37	19	23	46
FBGN0032435	40	87	199	61	26	19
FBGN0031637	5345	5723	5564	4648	4812	4602
FBGN0264815	386	604	709	161	202	148
FBGN0003751	16	0	19	23	29	38
FBGN0261991	3	18	0	6	0	0
FBGN0028900	7	11	38	14	10	13
FBGN0032150	804	897	733	669	716	777
FBGN0053923	0	14	40	5	4	1
FBGN0042129	18	16	47	7	6	3
FBGN0032394	1483	1084	1073	1078	1329	1300
FBGN0011305	8998	11374	8607	9247	9561	10971
FBGN0085207	1	1	0	5	0	1
FBGN0024191	2319	2521	2459	1980	2428	2372
FBGN0032391	1628	1741	1595	1360	1487	1787
FBGN0031519	818	727	708	442	624	491
FBGN0002989	1658	1710	1777	1311	1656	1635
FBGN0032366	16	9	24	16	16	11
FBGN0031859	7	1	8	20	7	8
FBGN0263087	19	24	145	21	12	0
FBGN0031678	4030	3753	4612	5628	5771	5746
FBGN0032331	45	25	16	63	22	16
FBGN0040299	114	93	417	85	73	121
FBGN0031745	700	739	639	664	836	961
FBGN0052985	9	61	50	63	10	40
FBGN0032846	451	324	412	562	366	511
FBGN0032878	4	41	17	35	26	12
FBGN0031424	19	72	80	51	29	20
FBGN0032520	35	30	35	65	42	18
FBGN0031292	62	134	125	111	41	115
FBGN0029174	8368	8893	7870	6896	8300	8061
FBGN0003475	696	868	884	735	809	980
FBGN0053889	2	19	0	0	3	3
FBGN0032024	1	4	20	27	48	9
FBGN0032014	1294	1312	1198	820	1041	1086
FBGN0031251	163	144	92	18	44	78
FBGN0031388	7	5	14	46	9	1
FBGN0032483	17	10	25	6	33	38
FBGN0001978	10158	11937	10604	7039	7684	8070
FBGN0031844	32	1	10	25	24	7
FBGN0040949	7	0	0	13	0	16
FBGN0021856	2358	2205	2189	2144	2462	2461
FBGN0031520	100	15	48	15	28	38
FBGN0053928	18	40	77	20	53	33
FBGN0028987	12	12	24	1	16	5
FBGN0032202	603	779	719	641	665	538
FBGN0001125	8602	7955	9519	7820	8807	9888
FBGN0051760	64	82	53	66	44	21
FBGN0031975	79	63	177	94	85	82
FBGN0026392	16	15	39	43	15	17
FBGN0032187	146	148	342	32	40	38
FBGN0032096	1	16	20	48	4	9
FBGN0265264	45	49	56	69	91	68
FBGN0040992	100	209	114	119	208	67
FBGN0259949	0	5	0	0	0	4
FBGN0086856	1194	831	1179	1353	1838	1581
FBGN0051820	3	0	0	5	4	0
FBGN0002856	0	0	13	3	7	3
FBGN0263585	3	2	0	0	0	0
FBGN0031879	90603	104441	93847	80593	80547	88766
FBGN0265002	104	76	98	229	87	42
FBGN0031458	1122	1147	1388	1055	1350	1079
FBGN0004394	6430	7445	7606	6389	6336	6643
FBGN0051617	7169	5111	6463	6739	9883	7460
FBGN0052831	1912	2267	2114	1510	1706	2316
FBGN0085209	2	2	8	5	1	2
FBGN0031696	7474	7535	7490	7094	7117	6988
FBGN0032168	823	797	792	845	1016	885
FBGN0032442	28	4	47	46	28	21
FBGN0004419	18316	19025	17985	16821	19868	17184
FBGN0028857	2	10	23	19	12	18
FBGN0261358	1	0	3	0	2	0
FBGN0283659	651	624	717	472	609	526
FBGN0041789	7484	8491	7953	5637	6014	6507
FBGN0032010	213	205	137	308	333	252
FBGN0011202	6942	7595	8005	6451	6425	7397
FBGN0031392	5122	4801	4927	3713	4288	3657
FBGN0267976	4920	4254	4883	4491	5643	4407
FBGN0261349	67	43	98	64	34	54
FBGN0032509	4294	4210	4556	4387	4487	4423
FBGN0261357	3	4	3	8	12	0
FBGN0051702	12	28	26	100	53	33
FBGN0032065	7	10	16	14	22	0
FBGN0032824	16	102	259	50	15	4
FBGN0032348	15253	16227	15070	12411	12626	13292
FBGN0031660	1644	1701	1811	1204	1797	1909
FBGN0031444	4	4	20	15	2	32
FBGN0031757	0	0	6	23	3	3
FBGN0011259	6239	6896	6221	5072	6095	5666
FBGN0041092	28152	36637	31952	22827	25460	24466
FBGN0040232	21352	21800	24003	20779	23288	22965
FBGN0040968	2	10	54	11	10	0
FBGN0032281	12	28	26	121	21	30
FBGN0011705	953	862	861	698	820	699
FBGN0051668	24	35	74	34	38	15
FBGN0032126	1	20	0	4	0	8
FBGN0004797	2470	1950	2108	1818	2201	1957
FBGN0032242	15159	16537	16195	13824	16298	15355
FBGN0031318	12466	13456	12514	9341	10634	9770
FBGN0032590	2322	2548	2540	1925	2547	1935
FBGN0003187	91	77	39	59	65	70
FBGN0085196	2	0	31	7	4	1
FBGN0032269	47	22	8	44	9	36
FBGN0026147	3827	3624	4054	3540	4244	4230
FBGN0032153	229	334	253	155	137	190
FBGN0028533	550	3129	28245	152	126	219
FBGN0032553	0	0	8	23	4	1
FBGN0032452	16	28	64	50	17	24
FBGN0051793	1053	815	1031	1125	899	1007
FBGN0000464	12446	14150	12635	10184	11105	11212
FBGN0051852	4243	4489	3683	4266	4380	4191
FBGN0032131	8	32	73	27	19	10
FBGN0032304	52	659	8741	15	13	4
FBGN0016075	4965	5275	7536	5048	5490	6555
FBGN0053508	2133	2193	2282	62	23	14
FBGN0286027	1422	1648	1402	1338	2014	1594
FBGN0051933	14	46	26	19	17	16
FBGN0286723	47	272	1366	59	71	48
FBGN0010265	71126	73322	71159	69579	80799	82762
FBGN0031758	12	3	30	23	23	3
FBGN0031478	1534	1522	1521	1712	1752	1993
FBGN0031900	88	4	53	92	53	29
FBGN0032000	1994	2293	2056	1108	1497	1530
FBGN0027094	26714	27276	25962	23452	27304	27154
FBGN0270924	22015	24029	23761	13872	16344	16897
FBGN0032398	3418	3731	4722	3876	5281	4559
FBGN0264922	27940	28601	28222	26349	29834	28567
FBGN0031655	1345	1508	1302	1119	1386	1285
FBGN0041097	64	61	151	63	64	67
FBGN0284084	6391	7189	6364	5544	6249	5865
FBGN0027929	11	22	35	44	13	23
FBGN0019830	3974	4386	3650	3729	3551	4639
FBGN0040950	446	25	1661	206	260	1049
FBGN0261697	19	30	13	44	65	11
FBGN0032799	2509	2936	3073	2020	2545	2164
FBGN0031894	1677	2353	2035	1662	1850	1722
FBGN0032087	11	30	337	9	9	3
FBGN0001994	14839	16256	15571	14214	14225	15512
FBGN0053852	21	18	66	43	18	15
FBGN0031469	22	59	20	39	4	9
FBGN0085339	890	709	631	698	1024	880
FBGN0031631	886	837	672	734	702	809
FBGN0053899	2	14	1	10	13	12
FBGN0032154	1067	857	997	865	1022	1148
FBGN0028990	13785	14049	13231	11682	14262	15227
FBGN0032645	12	12	12	5	13	11
FBGN0053814	116	269	165	2	2	1
FBGN0027592	7420	8754	8191	7271	7650	7819
FBGN0015797	3835	4629	3987	3220	3599	3874
FBGN0032346	1174	1150	1071	1416	1441	1503
FBGN0002525	50947	53755	49504	49775	51296	55250
FBGN0053121	8	0	13	45	12	16
FBGN0053816	1173	762	994	987	1590	1088
FBGN0032421	1775	1725	1540	1536	1722	1937
FBGN0015772	7311	6824	7080	6449	7749	6764
FBGN0264742	1966	2283	1947	1451	1709	1741
FBGN0265262	200	262	361	168	272	237
FBGN0031952	5294	5867	5808	5701	6340	6159
FBGN0031703	63	137	163	171	116	144
FBGN0264340	331	463	453	227	202	347
FBGN0053882	3	0	0	1	0	3
FBGN0266521	22196	24248	22904	14910	18184	17135
FBGN0031969	1334	1654	1983	1224	1219	1459
FBGN0032194	3087	2838	2859	2778	3170	2847
FBGN0031684	973	1128	1031	896	1244	1073
FBGN0031389	5	7	15	28	12	14
FBGN0032493	0	1	1	17	4	9
FBGN0031596	8	6	3	8	0	0
FBGN0051785	6	6	26	2	27	0
FBGN0051719	73	40	33	70	56	46
FBGN0031476	1	11	25	28	57	8
FBGN0032857	49	12	94	23	42	17
FBGN0005660	128	119	110	89	60	101
FBGN0028375	2061	2133	2264	1785	1740	1707
FBGN0041103	2	28	3	16	0	0
FBGN0051921	19	64	55	22	46	52
FBGN0086907	16	0	11	6	4	0
FBGN0011832	3	0	0	0	0	8
FBGN0031613	130	50	59	57	55	102
FBGN0032086	5	6	0	9	6	3
FBGN0051679	0	0	4	21	23	6
FBGN0053857	0	0	0	0	0	0
FBGN0264086	42	30	24	59	39	64
FBGN0051810	138	81	156	149	98	223
FBGN0031431	4	8	25	10	17	16
FBGN0051989	1900	2193	2184	1887	2081	2502
FBGN0026577	35749	37164	38667	34624	37685	34322
FBGN0031850	6280	7241	7327	4765	5814	5898
FBGN0031710	1928	2219	1720	1594	2315	2368
FBGN0053884	3	0	0	1	0	3
FBGN0001202	2742	2717	2246	2035	2536	2057
FBGN0053307	8	35	259	15	31	1
FBGN0032863	4040	3736	4023	3422	4131	4506
FBGN0261647	7388	8002	7566	5141	6237	6302
FBGN0031630	63	51	89	22	31	60
FBGN0032974	6790	6722	6492	6171	6358	6558
FBGN0032730	210	260	268	333	237	212
FBGN0031729	0	0	11	6	1	0
FBGN0040070	4272	4955	4663	3466	3919	4059
FBGN0024248	6285	7619	6416	5376	5654	5583
FBGN0058439	1347	1536	1764	946	1194	874
FBGN0284082	2	5	9	4	4	6
FBGN0031442	2	3	1	38	9	4
FBGN0031295	7	0	12	24	5	5
FBGN0051955	79	123	119	5	4	16
FBGN0051690	39	32	19	30	35	54
FBGN0262354	7	4	9	13	5	20
FBGN0032122	191	221	183	129	192	111
FBGN0024920	2032	1987	2544	2340	2817	3112
FBGN0004893	44396	45443	44392	36840	41701	42206
FBGN0031610	577	524	675	453	445	594
FBGN0031996	5587	5202	5311	5472	6641	6564
FBGN0015808	3518	4154	5306	3165	3770	3674
FBGN0259965	0	30	0	26	2	0
FBGN0004407	2304	2234	2363	2291	2583	2224
FBGN0053300	889	1503	1058	2395	1850	602
FBGN0011230	88480	95212	96548	70019	79058	78317
FBGN0051876	6	34	4	11	3	17
FBGN0031544	4730	5171	5167	4176	4805	4815
FBGN0040010	2826	2419	2854	1655	2284	2037
FBGN0031299	7	38	47	36	34	14
FBGN0025686	0	134	451	74	32	166
FBGN0032681	3170	3455	3216	2258	2770	2502
FBGN0264895	5102	5415	5625	4336	4594	4944
FBGN0032235	408	371	783	128	113	102
FBGN0012036	738	1239	2502	1095	837	829
FBGN0031450	6809	7635	6861	5504	6173	6344
FBGN0053834	155	77	182	95	147	150
FBGN0032896	0	8	11	21	7	1
FBGN0032068	43	2	5	62	30	15
FBGN0031936	24	42	72	66	36	16
FBGN0024734	4185	4832	4524	4628	5866	4897
FBGN0032981	26	13	149	34	28	41
FBGN0004507	11824	12222	12844	15559	14327	17106
FBGN0263026	4	0	12	0	6	0
FBGN0020880	21	102	46	33	20	45
FBGN0053860	1	0	7	1	1	0
FBGN0015400	140	103	135	70	59	124
FBGN0032318	5	0	3	9	3	11
FBGN0262877	29	0	0	0	0	4
FBGN0032682	3664	3929	3751	3979	3965	3905
FBGN0031244	389	433	376	406	426	535
FBGN0032211	19	88	5	45	18	8
FBGN0019890	14604	16021	15446	10061	11655	11476
FBGN0016930	8595	10025	9061	6131	6891	7204
FBGN0051789	197	1770	18003	28	20	37
FBGN0032669	8	36	2	30	5	22
FBGN0031566	3178	3017	2444	1868	1929	1898
FBGN0031997	851	693	741	735	720	895
FBGN0028887	41	104	49	111	34	62
FBGN0016054	990	844	936	428	385	414
FBGN0032117	442	271	640	421	363	249
FBGN0031494	367	412	547	332	433	355
FBGN0261531	4	5	1	11	0	3
FBGN0032313	10	11	14	6	23	20
FBGN0015803	5520	5772	5086	4482	4843	4630
FBGN0086130	1380	1142	959	1170	1164	1406
FBGN0031288	1	0	5	39	2	0
FBGN0010612	3524	3679	4175	3650	4751	4415
FBGN0051792	75	78	305	82	78	51
FBGN0262872	14036	15404	14499	10818	12439	13519
FBGN0000052	8451	8120	9238	6162	6356	7386
FBGN0041250	34	24	4	14	30	7
FBGN0032178	2	36	7	23	4	31
FBGN0053116	2839	2576	2824	2287	2104	2197
FBGN0259960	6	7	12	8	3	10
FBGN0263234	27	305	3234	15	18	2
FBGN0001301	13585	17022	15053	11790	11872	12454
FBGN0265607	15	23	19	28	22	18
FBGN0067779	8211	8381	7661	6788	7787	7049
FBGN0032522	1	10	15	42	20	14
FBGN0032465	2471	2722	2260	2231	1990	2311
FBGN0263256	1263	989	1273	1168	1063	1256
FBGN0031419	166	230	140	279	127	100
FBGN0000588	1573	1447	1481	1379	1801	2027
FBGN0032017	703	777	647	664	689	789
FBGN0051716	18959	20462	19606	14816	17961	16517
FBGN0032048	3	15	41	20	11	2
FBGN0028534	236	763	4421	122	239	231
FBGN0051730	1	10	0	18	2	18
FBGN0031409	1	0	13	19	4	25
FBGN0262814	0	3	3	0	0	1
FBGN0031428	684	832	742	426	550	632
FBGN0028903	4	12	8	26	13	19
FBGN0011207	3032	3542	3416	2564	2767	3088
FBGN0051637	2361	2304	2171	1876	1811	2255
FBGN0031283	16	1	9	12	4	0
FBGN0032614	2	15	99	69	69	63
FBGN0267327	3	0	0	4	0	3
FBGN0262743	25805	27416	27764	20900	23230	25278
FBGN0032889	3618	3215	3492	3377	4370	4582
FBGN0003141	1956	1833	2155	1666	2111	2042
FBGN0054003	4	23	235	32	18	3
FBGN0041781	4969	5406	5511	4964	5511	5712
FBGN0031530	1177	1301	1347	473	634	591
FBGN0032376	19	17	20	32	16	36
FBGN0000320	2715	3142	2534	1794	2009	2410
FBGN0032563	0	61	42	47	10	4
FBGN0032205	347	195	323	334	246	273
FBGN0025724	16060	16931	16639	12143	14736	13989
FBGN0264743	3237	3836	3496	2593	2744	2798
FBGN0032364	10	34	19	54	19	30
FBGN0028950	2	2	13	2	5	13
FBGN0032877	729	902	948	686	696	793
FBGN0031220	64	115	127	92	79	53
FBGN0032471	34	85	88	90	81	46
FBGN0032588	10	0	12	15	4	15
FBGN0051870	16	0	0	4	0	4
FBGN0264990	1	0	2	0	12	4
FBGN0005664	32	46	7	31	29	23
FBGN0264432	0	3	0	3	2	8
FBGN0051867	13	7	9	23	4	11
FBGN0264543	8	0	10	0	1	0
FBGN0053113	25355	24786	26462	22367	24425	25245
FBGN0028858	0	2	5	27	7	0
FBGN0262599	12	12	45	19	15	19
FBGN0031422	395	301	281	428	366	449
FBGN0032715	1724	2037	3617	1602	1793	1968
FBGN0053510	32	38	48	14	21	22
FBGN0004872	98	116	224	132	141	52
FBGN0031294	55	103	553	104	93	89
FBGN0032370	0	4	16	12	8	31
FBGN0086683	3681	3406	3602	3286	3760	3585
FBGN0031505	1081	1067	1295	839	992	1008
FBGN0028901	47	19	114	92	43	26
FBGN0032260	23	32	82	27	90	18
FBGN0028896	16	35	12	7	33	56
FBGN0083973	631	686	533	527	684	648
FBGN0051924	0	30	16	17	6	5
FBGN0263133	2504	2547	2850	2165	2642	2887
FBGN0053509	1069	899	947	13	18	9
FBGN0058006	1562	1837	1895	1713	2118	1589
FBGN0031779	2121	2339	2387	1515	2024	2332
FBGN0031876	693	509	541	675	538	546
FBGN0002593	58060	70393	62900	61802	64130	77016
FBGN0259957	3	0	3	5	3	1
FBGN0042175	2518	2724	3049	2084	2038	2094
FBGN0012037	33438	29409	28801	20489	28951	32247
FBGN0031522	38	26	3	14	26	19
FBGN0031602	8	38	37	70	44	51
FBGN0041723	110	45	114	137	46	84
FBGN0031768	2543	1891	2165	1978	1989	2294
FBGN0040508	41	47	68	61	12	36
FBGN0283652	1434	1332	1138	1117	1126	1441
FBGN0031451	81	150	155	55	38	42
FBGN0003209	6395	7040	6747	6117	6813	5939
FBGN0262358	28	5	0	1	5	11
FBGN0053907	36	5	6	20	1	5
FBGN0003430	28	6	10	36	17	16
FBGN0024740	2	15	66	34	14	4
FBGN0011818	2761	2642	2561	2711	2969	3071
FBGN0032731	1357	1722	1700	1179	1505	1490
FBGN0031286	869	913	1011	885	793	663
FBGN0032290	1449	1240	1055	1334	1853	1629
FBGN0031737	20	58	69	59	67	46
FBGN0027568	15100	16334	15661	13014	14258	14553
FBGN0031721	12	0	18	10	11	11
FBGN0032884	4196	4638	4382	4162	4850	5038
FBGN0028707	351	349	282	429	292	337
FBGN0028542	43	22	224	28	12	27
FBGN0032809	4	0	9	18	24	8
FBGN0032336	11	5	22	4	4	0
FBGN0032790	660	787	733	663	564	521
FBGN0028658	516	589	550	562	628	611
FBGN0031817	522	528	447	382	502	437
FBGN0001942	88970	105997	94599	83152	93190	101301
FBGN0027600	5991	5238	5592	6437	6341	7832
FBGN0031592	13	17	0	11	5	16
FBGN0031728	34	0	2	30	36	9
FBGN0024291	9842	10790	9415	8073	9026	8577
FBGN0031414	34	75	168	85	101	81
FBGN0053124	12	0	51	28	12	13
FBGN0085422	78	29	37	38	33	24
FBGN0015834	17972	20118	18486	18702	20598	22403
FBGN0028870	0	5	2	4	12	19
FBGN0283678	0	0	10	24	11	1
FBGN0086779	6785	6585	6805	6415	6686	6105
FBGN0051902	23	0	44	47	45	34
FBGN0031920	15	12	56	70	4	13
FBGN0028866	16	9	2	5	5	10
FBGN0028482	40	36	223	108	81	123
FBGN0031913	88	404	2022	77	98	64
FBGN0032330	16283	16557	14640	12572	13866	13446
FBGN0020429	20	20	58	55	31	3
FBGN0053831	19	16	29	19	9	22
FBGN0032600	11066	11983	10800	8880	9740	10185
FBGN0053903	1	10	2	38	26	10
FBGN0031483	1550	2298	1934	1702	1575	1626
FBGN0040967	5	12	10	5	7	0
FBGN0031926	1643	1814	1557	1070	1152	1150
FBGN0004811	3147	3589	3289	2947	2922	2936
FBGN0031766	240	295	180	157	117	181
FBGN0031769	18961	18221	16922	18169	21311	23021
FBGN0032929	2663	2625	2721	4052	4975	4096
FBGN0263354	80	46	85	86	60	25
FBGN0032835	14	20	65	47	21	30
FBGN0010263	46	106	257	290	195	173
FBGN0013531	1339	1440	1178	1041	1174	1352
FBGN0259950	3	64	238	8	83	0
FBGN0032280	166	56	50	136	33	68
FBGN0032486	648	383	670	476	384	496
FBGN0032428	15	29	35	40	47	65
FBGN0052463	4	0	17	28	7	24
FBGN0286781	20911	21680	21588	16386	18195	17496
FBGN0043002	932	1073	920	1218	1206	1226
FBGN0044811	10	0	0	9	0	5
FBGN0031310	2617	3178	2590	2336	2484	2889
FBGN0053893	2	14	1	10	13	12
FBGN0031661	3879	4044	3836	3517	4090	3915
FBGN0004620	68	29	79	74	81	65
FBGN0053851	0	0	0	0	0	0
FBGN0032706	9	24	35	46	14	113
FBGN0020906	970	6226	61495	48	78	112
FBGN0053648	1	18	10	3	7	2
FBGN0031877	668	649	572	397	396	381
FBGN0032457	7	21	32	27	14	55
FBGN0261597	134189	136206	129124	108109	125629	128930
FBGN0032388	12387	13029	12890	10842	13799	13240
FBGN0020497	22030	25575	24237	18974	21746	21538
FBGN0032311	22	5	3	6	6	0
FBGN0028516	16	23	41	43	22	20
FBGN0032925	9315	9716	9603	9382	10978	10195
FBGN0053841	27	11	2	0	0	0
FBGN0032489	12	2	4	39	10	17
FBGN0250785	19466	20357	18979	15958	18373	17647
FBGN0263080	25	12	10	27	4	5
FBGN0263314	6	12	0	0	9	6
FBGN0053310	34	9	29	64	42	32
FBGN0032703	1387	1342	1616	1187	1394	1092
FBGN0032101	2507	2710	2136	2287	2796	2291
FBGN0261830	33	100	126	56	80	28
FBGN0250847	0	14	2	41	12	18
FBGN0031853	46	32	36	29	49	36
FBGN0031307	7200	7836	7714	5445	6589	7078
FBGN0010422	6746	7242	7462	5510	6349	5960
FBGN0031986	8	16	56	50	10	14
FBGN0267252	15	14	27	31	30	13
FBGN0031536	2117	2891	2157	1627	1883	2081
FBGN0000075	1047	1085	989	963	911	967
FBGN0002938	204	405	436	313	342	318
FBGN0031736	2895	3381	3192	3734	4289	3988
FBGN0053864	7	25	9	18	29	36
FBGN0051740	3	14	8	15	11	0
FBGN0000286	4407	5187	5285	4180	4494	4567
FBGN0028897	503	657	554	460	541	462
FBGN0051626	66	83	122	105	74	50
FBGN0026397	31	13	38	42	8	28
FBGN0014127	8710	9035	8978	8250	9351	9106
FBGN0261239	15633	17812	15489	12300	14460	12683
FBGN0264744	854	947	751	732	671	983
FBGN0011294	3	0	4	18	1	0
FBGN0005617	10677	12148	12435	10249	11789	10311
FBGN0053876	12	0	0	0	6	0
FBGN0260453	4	52	16	2	3	15
FBGN0032312	1	0	1	19	3	8
FBGN0031882	506	621	420	387	453	528
FBGN0053281	0	80	28	17	17	32
FBGN0051926	10	16	30	34	23	10
FBGN0267330	4401	4805	5213	4067	4712	4340
FBGN0032322	34	38	308	67	40	35
FBGN0028703	2890	3148	3229	2911	3056	3178
FBGN0032244	2273	2009	2223	2500	2670	2620
FBGN0019686	3910	3847	4047	3414	3655	3789
FBGN0032853	12	0	26	23	22	13
FBGN0032919	9313	8681	9310	7197	8091	8837
FBGN0015035	20	10	2	89	32	37
FBGN0032250	1535	1354	1329	1395	1494	1270
FBGN0014857	7940	9051	8505	8041	8138	9982
FBGN0040102	90	100	98	30	33	74
FBGN0031716	24	4	39	12	23	18
FBGN0286786	4904	4456	5361	4480	5171	5750
FBGN0032864	14237	15937	14974	14887	16741	17880
FBGN0021761	13469	14494	13809	13973	16240	15051
FBGN0032740	0	7	2	5	7	0
FBGN0028490	3718	4651	5712	1405	1331	1650
FBGN0020503	7519	8014	8574	8403	9906	8539
FBGN0287724	77	59	136	106	108	67
FBGN0031990	13540	14496	14832	10734	11829	11939
FBGN0032033	265	328	338	443	309	328
FBGN0020415	105	194	489	122	135	96
FBGN0032644	848	823	681	633	899	771
FBGN0032796	6826	7790	6812	5306	6534	6333
FBGN0065109	57	50	57	12	6	16
FBGN0032109	2	48	40	52	21	31
FBGN0053846	7	6	22	14	6	5
FBGN0031261	158	212	175	150	117	104
FBGN0053855	137	127	172	95	148	141
FBGN0051673	677	251	624	832	997	1039
FBGN0053868	7537	7476	6582	6867	8701	7759
FBGN0085197	8	2	1	2	4	3
FBGN0000317	16922	20448	19809	12684	14107	13559
FBGN0259229	14	44	80	68	31	18
FBGN0031603	672	674	599	618	866	802
FBGN0032053	1071	1169	923	751	1210	1211
FBGN0002566	6621	6615	7951	5329	6192	5266
FBGN0051643	946	849	802	729	858	840
FBGN0051663	20	58	111	85	55	35
FBGN0004567	74	24	65	22	41	51
FBGN0031485	1355	1299	974	1032	1250	1123
FBGN0031496	102	159	117	18	68	70
FBGN0028544	822	1115	1210	2407	1718	2028
FBGN0051612	610	744	787	224	242	354
FBGN0031390	18855	21516	20714	16470	18546	18327
FBGN0051788	1	0	10	3	2	7
FBGN0031972	854	831	1068	619	701	730
FBGN0001170	486	446	241	337	447	433
FBGN0267365	1601	1667	1538	1649	1982	1429
FBGN0286898	13860	16665	16204	11785	13864	12941
FBGN0032416	12	4	28	28	15	20
FBGN0265138	27	18	8	64	29	13
FBGN0260446	37	35	85	60	49	48
FBGN0032779	227	213	632	181	181	203
FBGN0287218	0	0	0	0	0	3
FBGN0032595	291	255	244	272	251	273
FBGN0262140	0	9	17	0	4	0
FBGN0029161	2566	2964	2839	1847	2020	2211
FBGN0003607	20062	20460	21244	19369	21557	20922
FBGN0031460	10	2	6	13	1	6
FBGN0029137	44	42	54	60	48	94
FBGN0264308	66	74	97	120	69	84
FBGN0262786	6	5	11	6	5	6
FBGN0011291	1201	1014	956	1038	1411	1069
FBGN0032419	6	7	9	30	13	0
FBGN0031337	2	8	29	16	11	12
FBGN0001989	2400	2538	2268	1720	2297	2505
FBGN0040958	0	0	142	0	6	0
FBGN0031770	52	14	16	14	25	11
FBGN0032147	1359	1173	1371	1260	1125	1374
FBGN0031622	15	7	12	37	30	18
FBGN0053809	2	22	7	5	17	2
FBGN0028398	2124	2414	2086	1964	2156	2188
FBGN0031939	160	190	637	171	128	37
FBGN0032850	18	37	13	18	10	3
FBGN0031571	32747	37546	36142	30413	33046	30413
FBGN0031533	20	19	1	23	25	14
FBGN0264433	3	0	0	8	0	6
FBGN0000547	80377	99088	88288	77695	86118	88692
FBGN0003270	0	8	41	2	1	3
FBGN0264362	11	33	3	5	10	0
FBGN0031216	17282	18562	17894	15182	16251	14618
FBGN0032577	16	19	2	2	9	8
FBGN0004867	72832	73050	64965	67056	72362	78765
FBGN0002673	422	311	419	776	868	793
FBGN0263094	0	1	0	1	5	7
FBGN0032495	315	372	279	253	190	303
FBGN0086855	7209	7495	7400	6162	7043	7122
FBGN0032104	1	16	20	26	67	68
FBGN0032026	5685	4814	5759	5485	5908	5923
FBGN0263200	875	773	958	797	982	955
FBGN0053888	3	0	0	1	0	3
FBGN0051908	7940	8544	8028	6657	6726	7993
FBGN0287234	416	627	309	758	676	930
FBGN0031747	134	198	162	73	39	2
FBGN0032518	41991	46478	42037	36777	42964	46496
FBGN0032002	105	62	49	72	79	69
FBGN0031498	318	285	193	268	160	193
FBGN0031517	44	104	98	29	51	33
FBGN0031995	4109	4198	3946	3388	3799	3965
FBGN0000182	33	26	47	89	46	10
FBGN0263079	65	67	31	69	38	58
FBGN0083960	86	136	73	92	90	150
FBGN0053815	0	0	7	1	9	2
FBGN0032632	6	9	0	53	10	0
FBGN0000055	282	1276	14671	295	338	189
FBGN0031791	141	120	280	69	111	88
FBGN0051634	5	38	61	51	34	3
FBGN0031489	93	205	473	28	42	14
FBGN0032839	33	0	13	24	9	2
FBGN0031834	15	38	21	16	12	10
FBGN0053196	212879	221349	237637	251791	235855	224601
FBGN0013810	308	223	319	256	207	200
FBGN0031440	5	4	2	12	8	0
FBGN0064225	153646	156607	147770	92995	111758	109352
FBGN0031692	5	30	32	12	10	11
FBGN0002021	1108	1263	1061	1393	1417	1366
FBGN0023415	16	4	14	16	10	0
FBGN0032880	7898	8334	8142	7813	9137	8259
FBGN0032515	3990	5029	4463	3691	3679	4262
FBGN0031720	10	0	26	5	3	15
FBGN0021967	2084	1931	2251	1901	1831	1866
FBGN0032753	30	10	28	25	8	62
FBGN0261627	8	0	4	3	14	0
FBGN0053818	20	4	35	20	41	10
FBGN0053891	2	14	1	10	13	12
FBGN0032381	37	30	18	25	22	22
FBGN0032016	2121	2202	2083	1802	2063	2180
FBGN0031740	4750	4442	4622	3530	3933	4178
FBGN0032879	90	65	153	100	68	66
FBGN0040097	0	0	1	1	4	2
FBGN0263082	0	0	0	0	1	0
FBGN0032222	1483	1451	1350	1052	1481	1471
FBGN0031662	2129	2037	2161	1716	2283	1895
FBGN0053531	1110	1525	1440	913	1018	783
FBGN0014033	162	167	278	327	364	150
FBGN0011274	392	398	738	507	495	447
FBGN0032022	137	210	322	252	261	244
FBGN0031829	52	26	22	118	145	89
FBGN0028537	972	5267	44092	780	1336	424
FBGN0040496	832	1004	1078	1611	1428	1712
FBGN0031826	34	29	37	58	44	30
FBGN0032961	8489	9932	9180	5479	6247	6076
FBGN0031249	6	23	12	16	4	5
FBGN0067622	410	457	428	422	487	291
FBGN0032406	2	6	62	34	2	3
FBGN0000061	5653	5339	4973	4128	4760	4359
FBGN0032871	66	97	49	117	82	59
FBGN0001086	8360	9513	8349	9102	9960	10453
FBGN0259151	208	117	167	122	114	121
FBGN0031951	2549	2418	2492	1549	1926	1870
FBGN0264363	5	0	2	4	1	7
FBGN0053854	0	0	0	0	0	0
FBGN0259716	60	177	494	72	114	79
FBGN0031298	2546	2647	3066	2147	2434	2459
FBGN0031929	3	3	30	12	1	34
FBGN0027586	5	24	193	14	24	66
FBGN0032467	12677	13620	13105	10724	12556	12679
FBGN0051866	2815	2227	2444	2667	2986	2919
FBGN0250786	22762	26477	24817	20630	21794	21918
FBGN0259954	3	0	1	7	3	1
FBGN0031988	3989	4747	4547	3229	3885	3987
FBGN0032868	1	22	1	13	15	7
FBGN0287788	327	451	439	362	368	412
FBGN0261836	689157	742281	804636	706685	755050	648322
FBGN0010097	16	44	34	38	46	52
FBGN0031633	2196	2793	2209	1821	2022	2130
FBGN0053874	15	0	0	1	4	3
FBGN0041111	12349	14306	12560	10434	12056	11732
FBGN0051975	2	36	24	16	64	36
FBGN0031730	21	74	53	35	12	19
FBGN0032006	3621	6272	5783	1849	2038	1514
FBGN0041180	13230	14555	14276	11246	13038	12739
FBGN0031772	923	984	1071	741	719	767
FBGN0032521	8030	8269	7081	7058	8069	8019
FBGN0085192	596	425	443	398	731	370
FBGN0286198	802	987	1184	462	780	753
FBGN0262999	3	0	3	10	0	4
FBGN0032704	6283	8303	7807	5077	5658	5488
FBGN0031792	0	7	50	31	28	1
FBGN0032271	12	8	14	55	31	14
FBGN0032240	1611	1526	1711	1326	1975	1655
FBGN0031961	2592	2397	2486	3090	3399	2882
FBGN0031313	93	77	280	16	63	27
FBGN0032181	9	1	31	3	7	2
FBGN0031731	26	2	13	16	7	24
FBGN0031906	43	40	36	54	54	27
FBGN0031597	1527	1501	1468	1390	1479	1430
FBGN0031344	572	601	561	552	483	607
FBGN0032969	70	37	15	33	14	30
FBGN0032817	23576	25060	24701	19730	21920	22068
FBGN0086710	54900	58277	53729	46574	52449	55215
FBGN0022069	9309	9193	8848	8751	9958	9940
FBGN0031606	5198	5009	5222	4456	4909	5083
FBGN0053543	20	45	45	42	9	8
FBGN0027081	17715	21107	19231	16335	17940	18645
FBGN0010607	2076	2754	2035	1805	1860	1653
FBGN0031776	3055	3375	2743	2441	3190	2902
FBGN0032192	1199	1275	1200	661	741	722
FBGN0031907	197	79	236	27	60	31
FBGN0053845	1	0	0	0	0	0
FBGN0264978	4842	5682	5039	4037	4042	4542
FBGN0028675	93	67	175	160	140	163
FBGN0020618	120132	119292	111930	110996	120397	131755
FBGN0028425	3382	3514	3720	3060	3776	3731
FBGN0053842	1	0	7	0	1	0
FBGN0032724	2377	2591	2372	1937	2104	2319
FBGN0086912	4557	4374	3959	4449	4987	4534
FBGN0031636	16	66	20	24	26	25
FBGN0266445	125	121	224	234	193	86
FBGN0052984	22	25	62	54	14	9
FBGN0032789	20	19	22	23	8	2
FBGN0265668	0	0	16	1	0	0
FBGN0265778	19387	21474	20690	14317	14673	15126
FBGN0051694	5385	6240	5646	5566	6655	6897
FBGN0031471	44	7	91	20	13	10
FBGN0085407	701	1269	1219	383	334	351
FBGN0003963	9309	10358	9304	6376	7644	7270
FBGN0014010	7897	8875	7866	6211	7160	6874
FBGN0016675	12	3	22	11	3	4
FBGN0065110	8	6	14	67	9	26
FBGN0267255	2	0	0	14	7	4
FBGN0000180	14738	16716	14521	9551	11625	11754
FBGN0053909	10	9	4	41	21	18
FBGN0264343	16	6	16	4	1	6
FBGN0031955	99	24	90	102	44	20
FBGN0051704	0	6	10	10	1	1
FBGN0267489	6	22	0	28	2	0
FBGN0046697	0	0	0	0	2	3
FBGN0001313	13	0	13	5	15	9
FBGN0267592	0	0	1	32	0	12
FBGN0267432	2	0	8	42	23	10
FBGN0046698	0	6	0	1	0	0
FBGN0267903	0	0	0	2	2	0
FBGN0267490	0	0	0	37	0	0
FBGN0267412	5	38	0	14	0	0
FBGN0265047	3962	3357	3336	3557	4132	4001
FBGN0261399	0	0	0	14	0	0
FBGN0058064	0	0	6	0	0	5
FBGN0267904	0	0	0	6	2	6
FBGN0267411	10	45	0	35	0	0
FBGN0267413	0	12	0	24	0	0
FBGN0267449	18	3	0	15	1	3
FBGN0267492	0	0	0	0	0	0
FBGN0267905	0	0	0	0	0	6
FBGN0267433	2	2	11	52	15	23
FBGN0046323	1	0	0	6	1	7
FBGN0267417	0	13	0	0	0	0
FBGN0267491	0	13	0	21	0	7
FBGN0267493	0	0	0	0	0	0
FBGN0039925	58	17	43	71	13	41
FBGN0042696	85	53	41	148	58	36
FBGN0039929	4959	5406	6016	4202	5252	5378
FBGN0002521	6162	7291	7221	6819	7561	6445
FBGN0005558	79	80	118	91	70	54
FBGN0028996	135	145	84	115	67	146
FBGN0287597	1644	1434	1576	1284	1499	1307
FBGN0004607	112559	123635	122701	120329	133853	120625
FBGN0263112	7895	9901	9788	6926	8173	6517
FBGN0052000	22708	25565	26081	15633	17553	15447
FBGN0039923	15986	17281	17368	12873	16511	13868
FBGN0039937	49	2	45	33	15	0
FBGN0259216	116	29	122	193	90	71
FBGN0039915	115	82	194	186	96	84
FBGN0039889	2153	2572	3007	2205	2878	2045
FBGN0039897	1141	1580	1481	758	650	696
FBGN0010217	37764	37793	38506	34804	39933	38586
FBGN0004859	55700	60810	57754	53520	62845	55719
FBGN0039924	4408	4581	4936	4055	5002	4653
FBGN0019985	78	21	47	112	73	81
FBGN0022361	2524	2362	2938	2026	2617	2153
FBGN0053978	47325	54458	55486	35248	39854	32417
FBGN0016126	5995	6143	7272	4355	5902	4736
FBGN0019650	34	49	42	85	30	101
FBGN0023213	80479	85867	88559	74611	85990	75431
FBGN0005561	98	48	137	191	91	135
FBGN0039909	4867	5554	6122	5402	6170	5829
FBGN0027101	10436	10420	11093	8604	11239	8860
FBGN0039920	12330	12955	12565	9163	10766	9386
FBGN0039900	24	63	88	61	34	18
FBGN0087002	3446	10413	63006	2952	3517	1477
FBGN0025741	46058	51675	54002	47500	53343	46307
FBGN0053481	29	11	32	59	22	22
FBGN0051998	25786	28140	30254	22529	25758	22838
FBGN0262636	66	78	182	131	92	94
FBGN0039932	67	84	57	122	40	47
FBGN0024728	9046	11026	9607	7687	9431	7943
FBGN0052016	13982	15400	14932	11854	13894	12352
FBGN0040324	8320	10157	9470	7978	9800	8308
FBGN0039896	77	110	71	38	89	22
FBGN0026777	10489	12218	11586	9651	11158	9964
FBGN0025740	40872	48581	46804	36975	41750	34381
FBGN0259214	38386	43259	41870	34484	41348	35179
FBGN0052017	72	139	70	100	54	46
FBGN0267363	33	22	90	59	32	61
FBGN0024811	5857	6223	6540	4686	5943	4866
FBGN0262731	1013	917	1258	896	995	850
FBGN0085432	10666	10780	11568	11109	12480	10626
FBGN0051992	38296	41784	41794	37201	42413	39002
FBGN0053653	1078	1122	790	202	118	105
FBGN0039911	129	128	52	198	121	88
FBGN0051999	1758	2294	2146	943	1034	965
FBGN0017545	64762	61702	61273	55413	69382	62971
FBGN0026262	18110	20435	21203	16124	19688	16316
FBGN0039908	4250	4871	5069	4486	5393	4678
FBGN0264607	7957	8979	8503	5863	7449	6397
FBGN0011747	27037	31198	30196	22812	26952	23857
FBGN0039928	13683	16573	15784	13308	15139	13330
FBGN0039904	25921	27502	26369	23608	25868	24465
FBGN0039936	28028	30561	31327	24825	27791	25937
FBGN0039927	135	255	354	273	187	205
FBGN0039930	450	439	518	213	238	449
FBGN0026869	26368	27840	30044	28681	29865	27803
FBGN0039890	5948	6951	7614	5878	7528	6620
FBGN0051997	4130	3713	4132	4574	5545	4880
FBGN0024913	81	27	39	104	48	44
FBGN0039907	18090	20520	19242	16666	18803	17726
FBGN0039916	46	29	123	160	96	87
FBGN0011642	6348	5961	6381	6082	7023	5994
FBGN0250819	158	128	155	148	81	56
FBGN0052850	654	475	616	468	450	392
FBGN0039902	2887	3205	3577	2715	3425	3109
FBGN0039938	2380	2685	1926	2028	2377	2563
FBGN0005666	1821	2038	3027	2323	1772	999
FBGN0025726	29304	33983	31231	31404	37711	28642
FBGN0052006	31	14	16	68	26	68
FBGN0013749	3188	3325	3478	2639	3390	2747
FBGN0026199	5138	6105	5951	4164	5669	4199
FBGN0025936	22258	21839	22576	19111	22916	19363
FBGN0039914	11688	12488	12107	8768	9759	8460
FBGN0013680	0	0	0	0	0	0
FBGN0013676	0	0	0	0	0	0
FBGN0013681	0	0	0	0	0	0
FBGN0013678	0	0	0	0	0	0
FBGN0013672	0	0	0	0	0	0
FBGN0013674	0	0	0	0	0	0
FBGN0262952	0	0	0	0	0	0
FBGN0013684	0	0	0	0	0	0
FBGN0013679	0	0	0	0	0	0
FBGN0013685	0	0	0	0	0	0
FBGN0013673	0	0	0	0	0	0
FBGN0013675	0	0	0	0	0	0
FBGN0013683	0	0	0	0	0	0
FBGN0261386	0	0	0	0	0	0
FBGN0040038	0	0	0	0	0	0
FBGN0085692	0	0	0	0	0	0
FBGN0259817	0	0	0	0	0	0
FBGN0085506	0	0	0	0	0	0
