Geneid	RpS3_Xrp1_A_Ribo	RpS3_Xrp1_B_Ribo	RpS3_Xrp1_C_Ribo	Xrp1_A_Ribo	Xrp1_B_Ribo	Xrp1_C_Ribo
FBGN0038542	1	0	0	0	0	0
FBGN0039592	0	0	0	0	0	1
FBGN0038067	0	0	0	0	0	0
FBGN0039602	47	35	18	37	54	55
FBGN0264897	0	0	0	0	0	0
FBGN0038565	0	0	0	0	0	0
FBGN0039331	0	0	0	0	0	0
FBGN0019972	87	75	60	178	229	195
FBGN0046873	0	0	0	0	0	0
FBGN0038756	0	0	0	0	0	4
FBGN0039627	32	28	22	50	66	74
FBGN0039436	0	0	0	0	0	0
FBGN0051092	234	193	153	253	341	359
FBGN0039089	0	0	0	0	7	0
FBGN0064119	0	0	0	0	0	0
FBGN0250820	39	37	15	41	85	60
FBGN0284229	0	0	0	0	0	0
FBGN0038886	0	0	0	0	0	0
FBGN0038243	0	0	1	2	1	3
FBGN0283468	107	136	97	172	220	181
FBGN0038598	0	0	0	0	1	0
FBGN0038407	0	0	0	6	7	6
FBGN0038627	13	9	4	10	17	21
FBGN0027654	1	0	4	2	0	0
FBGN0037236	69	50	48	127	163	145
FBGN0003890	37	30	29	56	164	158
FBGN0000463	550	368	368	445	673	651
FBGN0039761	0	0	0	0	0	0
FBGN0051415	0	0	0	0	0	0
FBGN0037970	0	0	0	0	0	0
FBGN0051463	0	0	0	0	0	0
FBGN0051077	0	0	0	0	0	0
FBGN0037723	84	50	57	71	134	106
FBGN0028374	0	0	0	0	0	0
FBGN0004622	0	0	0	0	0	0
FBGN0053207	31	8	9	17	36	19
FBGN0038890	38	21	17	34	57	40
FBGN0010770	78	85	95	89	106	128
FBGN0046763	75	89	132	214	293	279
FBGN0038465	11	0	5	2	3	4
FBGN0038402	0	0	0	0	0	0
FBGN0261108	53	42	33	81	118	91
FBGN0039087	0	0	0	0	0	0
FBGN0262605	0	0	1	0	0	0
FBGN0263040	0	1	0	0	0	0
FBGN0020907	0	0	0	0	0	0
FBGN0038903	38	13	26	13	22	26
FBGN0037472	79	57	43	64	106	87
FBGN0263977	544	445	365	350	418	340
FBGN0261060	0	0	0	0	0	0
FBGN0015568	0	3	0	0	0	1
FBGN0011270	0	0	0	0	0	0
FBGN0051116	0	2	0	0	0	1
FBGN0262577	0	0	0	0	0	0
FBGN0039030	0	0	1	0	0	0
FBGN0053105	0	0	0	0	0	0
FBGN0037516	0	0	0	0	0	0
FBGN0051265	0	0	0	0	0	0
FBGN0051163	237	127	127	280	334	293
FBGN0039189	50	39	18	27	61	31
FBGN0039858	71	92	50	112	171	137
FBGN0261561	3	8	1	6	5	21
FBGN0002905	130	87	97	155	196	188
FBGN0003676	946	761	667	1051	1597	1508
FBGN0040629	0	0	0	0	0	0
FBGN0038246	0	0	0	0	0	0
FBGN0043005	0	0	0	0	0	0
FBGN0038815	4	9	12	25	46	22
FBGN0015569	1	7	3	2	13	11
FBGN0038960	0	0	0	0	0	0
FBGN0067317	0	0	0	0	0	0
FBGN0039544	28	22	32	22	33	25
FBGN0038356	0	0	0	0	0	0
FBGN0051437	0	0	0	0	0	0
FBGN0028400	0	2	0	0	0	1
FBGN0039233	41	34	54	66	95	103
FBGN0288631	115	78	88	164	189	182
FBGN0039225	0	0	0	0	0	0
FBGN0051327	0	0	0	0	0	0
FBGN0261290	0	0	0	0	0	0
FBGN0002609	10	4	8	17	54	31
FBGN0051013	0	0	0	0	0	0
FBGN0037898	25	11	8	6	13	7
FBGN0051206	0	0	0	0	0	0
FBGN0038037	1	1	1	2	0	0
FBGN0037449	0	0	0	0	0	0
FBGN0002924	202	141	166	260	345	370
FBGN0037623	11	12	12	25	34	29
FBGN0038989	120	112	111	137	159	184
FBGN0038526	0	0	0	0	0	0
FBGN0038203	0	0	0	0	0	0
FBGN0037608	62	68	67	52	86	75
FBGN0260713	0	0	0	0	0	0
FBGN0037483	0	0	0	0	0	0
FBGN0028476	92	56	56	99	110	93
FBGN0038046	229	170	181	215	322	340
FBGN0051202	0	0	0	0	0	0
FBGN0039147	0	0	0	0	0	0
FBGN0038349	52	65	54	92	94	126
FBGN0010441	35	42	20	33	77	80
FBGN0039402	135	102	94	95	141	123
FBGN0037715	0	2	0	6	13	7
FBGN0010399	0	0	0	0	0	0
FBGN0267975	119	108	72	120	143	147
FBGN0015331	61	36	39	76	93	117
FBGN0027948	633	542	450	829	1108	1074
FBGN0011655	80	65	64	114	138	149
FBGN0266758	10	4	8	9	8	9
FBGN0004781	0	0	0	0	0	0
FBGN0085346	1	3	6	1	2	2
FBGN0039075	0	0	0	0	0	0
FBGN0000274	0	0	0	0	0	1
FBGN0039448	0	0	0	0	0	0
FBGN0003356	0	0	11	0	1	0
FBGN0039094	0	1	0	7	2	3
FBGN0010044	0	0	0	0	0	0
FBGN0051223	28	37	19	54	57	42
FBGN0263490	60	58	48	104	174	157
FBGN0250910	0	0	0	0	0	0
FBGN0262617	27	31	31	77	97	93
FBGN0038360	136	88	67	60	73	88
FBGN0051352	0	2	4	6	16	7
FBGN0037290	1	0	1	0	0	0
FBGN0038069	0	0	0	0	0	0
FBGN0037262	19	11	19	29	68	71
FBGN0045473	0	0	0	0	0	0
FBGN0039840	0	0	0	0	0	0
FBGN0037679	4	5	5	5	10	11
FBGN0039282	0	0	0	0	0	0
FBGN0037896	0	0	0	0	0	0
FBGN0266668	91	77	57	101	127	115
FBGN0037363	58	45	27	87	130	126
FBGN0014018	84	58	47	72	130	131
FBGN0037552	27	38	35	43	30	26
FBGN0037488	0	0	0	0	0	0
FBGN0038597	180	136	116	172	262	268
FBGN0082582	164	129	127	196	310	305
FBGN0040279	19	11	15	19	22	28
FBGN0261844	13	7	8	17	29	31
FBGN0002868	0	0	0	0	0	0
FBGN0037589	0	0	0	0	0	0
FBGN0038468	0	0	0	0	0	0
FBGN0010389	47	50	22	37	85	57
FBGN0039371	0	0	0	0	0	0
FBGN0259152	147	110	78	112	141	133
FBGN0051560	0	0	0	0	0	0
FBGN0037782	0	0	2	0	0	0
FBGN0039347	0	0	0	0	0	0
FBGN0037668	0	0	0	0	0	0
FBGN0038881	261	195	146	259	288	273
FBGN0011669	0	0	0	0	0	0
FBGN0038796	0	0	0	0	0	0
FBGN0038014	0	0	0	0	0	0
FBGN0038210	0	0	0	0	0	0
FBGN0041621	0	0	0	0	0	0
FBGN0037911	4	1	1	7	25	11
FBGN0037685	0	0	0	0	0	0
FBGN0039015	0	0	0	0	0	0
FBGN0037254	0	0	0	0	0	0
FBGN0266137	0	0	0	0	0	0
FBGN0053337	0	0	0	0	0	0
FBGN0038460	0	0	0	0	0	0
FBGN0261053	141	146	111	204	287	267
FBGN0037375	0	0	1	0	1	0
FBGN0014930	13	7	8	7	11	5
FBGN0037626	0	0	0	0	0	0
FBGN0051051	0	1	2	0	2	0
FBGN0286204	0	1	0	1	2	0
FBGN0045035	80	89	73	122	177	182
FBGN0037754	2	0	0	0	0	0
FBGN0051017	0	0	0	0	0	0
FBGN0039795	221	148	173	390	692	552
FBGN0038476	802	688	630	960	1290	1187
FBGN0037461	0	0	0	0	0	0
FBGN0051407	0	0	0	0	0	0
FBGN0039003	43	20	19	51	82	44
FBGN0039731	30	25	38	27	47	22
FBGN0038003	0	0	0	0	0	0
FBGN0087013	1381	1052	1007	1318	1721	1711
FBGN0259733	0	0	0	0	2	1
FBGN0266176	0	0	0	0	0	0
FBGN0038302	24	11	16	23	14	9
FBGN0263596	0	0	0	0	0	0
FBGN0037424	0	0	0	0	0	0
FBGN0051076	0	2	0	3	2	2
FBGN0002735	6	2	0	3	6	12
FBGN0038462	21	11	9	20	33	37
FBGN0039584	0	0	0	0	0	0
FBGN0028487	0	1	2	1	2	5
FBGN0044511	29	17	17	29	36	40
FBGN0039522	0	0	0	0	0	0
FBGN0051542	0	0	0	0	0	0
FBGN0085328	0	0	0	0	0	0
FBGN0038447	0	0	0	0	0	0
FBGN0037822	9	4	9	10	11	31
FBGN0037504	83	66	67	114	143	131
FBGN0037963	827	591	472	892	996	957
FBGN0039368	0	0	0	0	0	0
FBGN0042102	0	0	0	0	0	1
FBGN0037677	0	0	0	0	0	0
FBGN0038499	58	72	45	105	112	110
FBGN0037572	0	0	0	0	0	0
FBGN0266916	54	34	49	102	143	117
FBGN0038887	0	0	0	0	0	0
FBGN0040227	805	719	576	832	1255	1413
FBGN0039312	0	0	0	1	0	0
FBGN0039599	0	0	0	0	0	0
FBGN0037688	25	18	14	59	51	34
FBGN0044823	0	0	0	9	3	4
FBGN0013813	0	0	0	0	0	0
FBGN0039081	0	0	0	0	0	0
FBGN0263400	0	2	0	0	0	0
FBGN0038331	10	17	4	13	23	15
FBGN0038515	30	18	10	36	59	46
FBGN0039108	0	0	0	1	0	0
FBGN0025574	142	119	74	107	192	142
FBGN0039298	0	0	0	0	0	0
FBGN0038914	0	0	0	0	0	0
FBGN0038760	102	77	80	133	200	194
FBGN0014861	342	312	246	405	540	626
FBGN0037892	25	6	9	14	16	20
FBGN0010803	113	96	108	144	150	160
FBGN0051122	69	51	60	131	153	161
FBGN0286199	0	0	0	0	0	0
FBGN0038173	0	0	0	0	0	0
FBGN0038354	0	0	0	0	0	0
FBGN0004779	0	0	0	0	0	0
FBGN0004118	0	0	0	0	0	0
FBGN0037995	0	0	0	0	0	0
FBGN0027512	92	60	52	97	122	114
FBGN0051106	0	0	0	0	0	0
FBGN0286506	24	17	21	42	41	37
FBGN0039439	0	0	0	0	0	0
FBGN0037964	0	0	0	0	0	0
FBGN0039625	11	16	5	9	15	12
FBGN0039723	0	0	0	0	0	0
FBGN0262955	722	613	442	697	869	804
FBGN0039613	0	0	0	1	1	0
FBGN0051103	3	2	1	2	1	3
FBGN0039807	0	2	0	7	3	8
FBGN0051493	0	0	0	0	0	0
FBGN0038868	17	31	14	26	42	42
FBGN0038787	21	18	36	39	84	68
FBGN0039154	0	0	1	2	1	6
FBGN0051158	138	104	88	147	220	215
FBGN0039600	403	311	308	417	528	523
FBGN0038219	0	0	0	0	0	0
FBGN0262473	135	137	71	194	242	236
FBGN0083984	12	4	3	6	1	6
FBGN0038878	0	2	0	3	0	0
FBGN0039523	0	0	0	0	0	0
FBGN0004389	0	0	0	0	0	0
FBGN0038877	10	20	8	21	57	40
FBGN0039356	22	16	10	8	12	12
FBGN0037455	0	0	0	0	0	0
FBGN0039264	0	0	0	0	0	0
FBGN0287211	0	0	0	0	0	0
FBGN0037994	0	0	0	0	0	0
FBGN0004885	576	369	344	781	1059	958
FBGN0038136	0	0	0	0	0	0
FBGN0051390	92	82	55	119	149	143
FBGN0038948	46	34	32	32	77	60
FBGN0038601	109	105	70	97	167	144
FBGN0264836	0	0	0	0	0	0
FBGN0000277	0	0	0	0	0	0
FBGN0038751	0	0	0	0	0	0
FBGN0266172	0	0	0	0	0	0
FBGN0264326	96	86	50	107	166	167
FBGN0051088	0	0	0	0	0	0
FBGN0039188	59	20	19	49	78	76
FBGN0266448	0	0	0	0	0	0
FBGN0025456	19	37	16	7	18	20
FBGN0040602	1	0	0	0	0	0
FBGN0037386	0	0	1	0	0	0
FBGN0051156	31	33	26	40	57	35
FBGN0037265	2	3	8	4	7	15
FBGN0004197	472	352	345	558	846	779
FBGN0085305	0	0	0	0	0	0
FBGN0037857	0	0	0	0	0	0
FBGN0044810	0	0	0	0	0	0
FBGN0037955	78	63	88	107	149	129
FBGN0037270	145	164	110	298	582	506
FBGN0264899	0	0	0	0	0	0
FBGN0039139	67	53	37	68	89	101
FBGN0041229	0	0	0	0	0	0
FBGN0039286	1	3	0	5	1	5
FBGN0037251	4	6	1	8	8	11
FBGN0051050	0	0	0	0	0	0
FBGN0037719	25	37	19	52	87	63
FBGN0039093	0	0	0	0	0	0
FBGN0016685	1203	1010	1003	1183	1551	1563
FBGN0038584	22	16	18	18	27	27
FBGN0051337	1	4	1	0	7	0
FBGN0028692	1314	1050	883	1273	1798	1833
FBGN0037727	0	0	0	0	0	0
FBGN0002734	9	7	11	20	30	21
FBGN0037563	0	0	0	0	0	105
FBGN0053100	15	9	10	20	44	23
FBGN0038089	0	0	0	0	0	0
FBGN0022800	62	58	40	59	91	88
FBGN0051086	0	0	0	0	0	0
FBGN0042105	0	0	0	0	0	0
FBGN0038575	0	0	0	0	0	0
FBGN0045442	0	0	0	0	0	0
FBGN0051404	0	0	0	0	0	0
FBGN0027657	0	1	1	3	13	2
FBGN0262823	0	0	0	0	0	0
FBGN0039240	49	52	33	97	124	101
FBGN0037792	72	58	58	86	132	122
FBGN0261840	0	2	0	3	6	0
FBGN0039505	2	6	3	7	24	26
FBGN0039790	63	61	39	115	144	139
FBGN0010173	624	587	551	504	693	718
FBGN0039527	89	63	51	116	159	125
FBGN0015570	0	0	4	0	0	0
FBGN0051015	0	0	0	0	0	3
FBGN0037617	39	29	16	15	48	28
FBGN0039748	0	0	0	0	2	0
FBGN0028422	0	0	3	0	0	0
FBGN0038731	0	0	0	0	0	0
FBGN0038043	115	129	106	140	176	181
FBGN0004777	0	0	0	0	0	0
FBGN0037293	55	66	52	57	63	53
FBGN0039009	0	0	0	0	0	0
FBGN0039766	5	1	2	4	4	4
FBGN0039283	7	0	4	7	0	3
FBGN0037818	0	0	0	0	0	0
FBGN0037492	9	10	4	5	14	6
FBGN0039668	58	46	43	91	174	150
FBGN0014427	431	364	241	357	509	395
FBGN0261286	133	122	91	180	218	272
FBGN0038282	0	0	0	0	0	0
FBGN0038473	344	226	230	197	200	257
FBGN0039016	82	64	46	120	144	129
FBGN0039067	39	23	23	47	54	34
FBGN0087012	0	0	0	0	0	0
FBGN0039555	59	57	60	95	149	136
FBGN0053970	52	28	29	61	91	61
FBGN0085326	0	0	0	0	0	0
FBGN0037538	192	118	99	141	202	171
FBGN0086768	8	5	14	20	41	27
FBGN0038722	106	83	56	93	197	164
FBGN0259244	166	143	104	110	175	226
FBGN0037481	32	18	18	15	39	33
FBGN0039810	0	0	0	0	0	0
FBGN0040534	369	207	197	192	184	158
FBGN0014135	10	0	4	0	7	3
FBGN0039058	0	0	0	0	0	0
FBGN0085308	2	3	0	1	0	0
FBGN0051119	0	0	0	0	0	0
FBGN0037625	0	0	0	0	0	0
FBGN0262559	168	160	99	117	212	186
FBGN0051528	0	0	0	0	0	0
FBGN0278600	0	0	0	0	0	0
FBGN0038369	86	103	91	97	157	158
FBGN0039483	0	0	0	0	0	0
FBGN0040679	0	0	0	0	0	0
FBGN0039663	6	4	7	5	19	1
FBGN0046332	0	0	0	0	0	0
FBGN0046214	1117	761	792	511	689	714
FBGN0037655	106	92	58	79	118	97
FBGN0038692	31	35	29	51	70	44
FBGN0263401	0	0	0	0	0	0
FBGN0000036	0	0	0	0	7	7
FBGN0038397	0	0	0	0	0	0
FBGN0037467	135	104	77	90	101	92
FBGN0039778	0	1	16	0	0	0
FBGN0039169	54	42	26	54	71	78
FBGN0000015	0	0	0	0	0	0
FBGN0010247	253	224	202	212	197	170
FBGN0037607	788	704	603	1199	1791	1764
FBGN0261847	1	0	0	0	0	0
FBGN0039449	3	12	12	27	45	38
FBGN0037798	0	0	0	0	0	0
FBGN0261789	404	219	273	124	185	183
FBGN0002542	229	196	157	247	375	345
FBGN0015790	164	154	91	240	313	328
FBGN0053339	0	0	0	0	0	0
FBGN0043799	6	5	14	12	22	21
FBGN0038450	0	0	0	0	0	0
FBGN0086613	121	80	94	157	182	173
FBGN0259975	0	0	0	0	0	0
FBGN0086355	296	213	226	205	297	294
FBGN0037489	162	93	118	140	220	217
FBGN0051098	8	5	16	7	10	19
FBGN0037399	0	0	0	0	0	0
FBGN0014869	121	98	108	78	119	106
FBGN0003884	5597	4328	3340	6056	10011	10347
FBGN0042206	0	0	0	5	0	0
FBGN0029503	68	49	66	79	87	79
FBGN0037322	0	0	0	0	0	0
FBGN0039806	0	0	0	0	0	0
FBGN0051533	0	0	0	0	0	0
FBGN0027866	224	172	158	157	250	296
FBGN0039835	62	34	42	55	70	58
FBGN0037703	37	39	30	63	62	71
FBGN0038952	0	1	0	0	0	0
FBGN0039085	0	0	0	0	0	0
FBGN0026399	0	0	0	0	0	0
FBGN0037609	8	19	11	32	42	27
FBGN0010015	0	0	0	0	0	0
FBGN0037304	0	0	0	0	0	0
FBGN0263782	55	54	43	47	113	102
FBGN0026563	0	0	0	0	0	0
FBGN0051100	0	3	0	1	6	1
FBGN0046247	0	2	2	21	14	32
FBGN0037739	24	19	24	42	79	40
FBGN0039671	0	0	0	4	1	118
FBGN0086610	0	0	0	0	0	0
FBGN0039157	13	5	6	3	8	6
FBGN0037291	0	0	0	0	0	0
FBGN0039437	0	0	0	0	0	0
FBGN0039118	0	2	3	0	6	14
FBGN0038404	0	1	0	0	1	8
FBGN0043043	0	0	0	0	0	0
FBGN0039862	0	0	0	0	0	0
FBGN0039367	0	0	0	0	0	0
FBGN0261860	0	0	0	0	0	0
FBGN0015781	22	28	35	29	48	37
FBGN0039158	23	19	16	27	58	34
FBGN0004107	53	45	26	75	101	95
FBGN0039193	0	0	0	0	0	0
FBGN0039251	1	0	0	1	1	2
FBGN0039854	24	8	8	12	19	12
FBGN0051141	0	0	0	0	0	0
FBGN0038388	5	4	2	7	18	12
FBGN0039313	0	2	1	0	0	0
FBGN0042710	0	0	0	0	0	0
FBGN0037342	68	58	51	73	97	82
FBGN0038592	0	0	1	0	0	3
FBGN0039354	0	0	0	0	0	0
FBGN0024963	0	0	0	0	0	0
FBGN0083971	0	0	0	0	0	0
FBGN0038102	0	0	0	0	0	0
FBGN0038535	1139	905	659	904	1591	1249
FBGN0264357	70	54	53	135	147	155
FBGN0027492	202	193	180	403	590	478
FBGN0039194	0	0	0	0	0	0
FBGN0026380	234	227	220	376	599	431
FBGN0038042	0	0	0	0	0	0
FBGN0004595	0	2	4	1	4	0
FBGN0038651	108	108	83	167	235	184
FBGN0038571	73	40	36	51	32	59
FBGN0020385	110	97	56	91	135	146
FBGN0037761	0	0	0	0	0	0
FBGN0037876	11	2	3	13	26	17
FBGN0003861	0	0	0	0	0	0
FBGN0260462	347	295	235	434	696	621
FBGN0001281	0	0	0	0	0	0
FBGN0024912	24	33	32	20	17	34
FBGN0039467	0	1	0	0	0	0
FBGN0259831	0	0	0	0	0	0
FBGN0026250	267	235	219	255	301	256
FBGN0038893	30	18	16	23	17	21
FBGN0037448	0	0	0	1	0	0
FBGN0262982	0	0	0	0	0	0
FBGN0038436	0	0	0	0	0	0
FBGN0038979	0	0	0	0	0	0
FBGN0025781	68	52	54	124	162	134
FBGN0262010	0	0	0	0	0	0
FBGN0038845	0	1	1	0	0	0
FBGN0004510	31	27	18	57	53	60
FBGN0039581	182	146	187	253	342	308
FBGN0264563	0	0	0	0	0	0
FBGN0266173	0	0	0	0	0	0
FBGN0037720	39	36	26	51	77	73
FBGN0051081	0	0	0	0	0	0
FBGN0262582	230	192	187	354	445	391
FBGN0038114	0	2	1	0	0	0
FBGN0037713	26	9	7	15	13	20
FBGN0039187	75	66	49	57	92	84
FBGN0005671	213	173	131	261	484	428
FBGN0267385	386	333	284	435	709	780
FBGN0039043	35	40	23	51	126	114
FBGN0039215	67	51	57	38	65	68
FBGN0038953	105	69	46	75	100	102
FBGN0039670	0	0	0	11	10	441
FBGN0266579	0	0	0	0	0	0
FBGN0024555	360	326	192	632	882	906
FBGN0038611	0	0	0	0	0	0
FBGN0037814	12	8	14	29	31	46
FBGN0037900	6	4	4	4	12	11
FBGN0038643	0	0	0	9	2	216
FBGN0002441	96	80	71	141	160	135
FBGN0038053	32	39	28	67	80	72
FBGN0023212	25	30	26	28	75	29
FBGN0261838	2	2	2	5	3	10
FBGN0038820	0	0	0	0	0	0
FBGN0019828	0	0	0	0	0	0
FBGN0039336	22	16	26	7	10	18
FBGN0063649	1	0	0	0	0	1
FBGN0038421	32	9	14	28	21	35
FBGN0039261	168	131	116	278	377	373
FBGN0051029	0	0	0	0	2	0
FBGN0039577	0	0	0	0	0	0
FBGN0038377	0	0	0	0	0	0
FBGN0261808	5	16	2	7	14	7
FBGN0039366	0	0	0	0	0	0
FBGN0037647	35	15	28	54	51	57
FBGN0039210	47	31	35	73	60	70
FBGN0039213	248	214	143	294	423	367
FBGN0038002	1	2	0	1	0	1
FBGN0039832	0	0	0	0	0	0
FBGN0037433	159	114	78	122	210	215
FBGN0266064	198	154	79	234	280	272
FBGN0038821	0	0	0	0	0	0
FBGN0261287	0	0	0	0	0	0
FBGN0010225	30	43	32	13	10	15
FBGN0039099	0	0	0	0	0	0
FBGN0037675	0	0	0	0	0	0
FBGN0038686	57	33	39	50	71	44
FBGN0039655	0	0	0	0	0	0
FBGN0027562	0	0	0	0	0	0
FBGN0038159	0	0	0	0	0	0
FBGN0037828	0	0	0	0	0	0
FBGN0037454	0	0	0	0	0	0
FBGN0260386	29	17	6	17	19	36
FBGN0004172	0	0	0	0	0	0
FBGN0038510	0	0	0	0	0	0
FBGN0039704	382	306	223	512	768	700
FBGN0037949	19	20	16	24	44	48
FBGN0039594	94	70	66	117	182	214
FBGN0262005	0	0	0	0	0	0
FBGN0260935	27	29	24	61	56	47
FBGN0266454	0	0	0	0	0	0
FBGN0053783	0	0	0	0	0	0
FBGN0037920	15	25	9	14	21	40
FBGN0260940	35	30	31	31	65	31
FBGN0039269	70	73	44	54	78	66
FBGN0037746	128	103	102	161	210	227
FBGN0039712	28	9	11	19	43	35
FBGN0262362	3	0	0	0	0	0
FBGN0039337	32	28	24	35	60	50
FBGN0038486	0	0	0	0	0	0
FBGN0259215	0	0	0	0	0	0
FBGN0267408	28	28	48	3	1	0
FBGN0000047	20	13	9	4	29	14
FBGN0039343	0	1	0	0	0	0
FBGN0038196	108	80	110	85	86	82
FBGN0250846	0	0	0	0	0	0
FBGN0039727	43	33	19	91	117	90
FBGN0040608	0	0	0	0	0	0
FBGN0267652	0	0	0	0	0	0
FBGN0052939	0	0	0	0	0	0
FBGN0038028	0	0	0	0	0	0
FBGN0003117	38	29	21	51	94	66
FBGN0051140	2	1	4	0	6	1
FBGN0037224	0	0	0	0	0	0
FBGN0004913	246	157	129	193	232	282
FBGN0037297	18	21	3	29	47	37
FBGN0039626	88	54	81	52	72	114
FBGN0263118	0	0	1	3	0	0
FBGN0038275	95	52	51	46	75	94
FBGN0039475	0	0	0	0	0	0
FBGN0039304	52	35	25	48	63	50
FBGN0038167	7	15	11	23	32	22
FBGN0038922	58	51	47	61	136	123
FBGN0037838	21	13	9	31	40	36
FBGN0051019	0	0	0	0	0	0
FBGN0051004	1	0	1	0	0	4
FBGN0037689	25	36	16	50	71	64
FBGN0037974	2	0	1	0	0	0
FBGN0039153	3	15	15	18	13	9
FBGN0038057	18	13	19	28	37	44
FBGN0051157	0	0	0	0	0	0
FBGN0046886	0	0	0	0	0	0
FBGN0038968	278	179	114	236	285	321
FBGN0039342	0	0	0	0	0	0
FBGN0045469	0	0	0	0	0	0
FBGN0051321	0	1	4	0	0	0
FBGN0037670	66	51	50	66	82	93
FBGN0039064	0	0	0	0	5	1
FBGN0016754	31	14	10	18	40	46
FBGN0039490	0	0	0	0	0	0
FBGN0003065	0	0	0	0	0	0
FBGN0038131	0	0	0	0	0	0
FBGN0259212	420	302	231	381	559	534
FBGN0053333	0	49	2	0	0	0
FBGN0038359	0	0	0	0	0	0
FBGN0083969	33	35	31	40	82	79
FBGN0001255	430	301	226	358	601	409
FBGN0039200	0	0	0	0	0	0
FBGN0039466	112	106	88	169	173	207
FBGN0262483	0	0	1	0	0	0
FBGN0039740	36	45	30	30	65	59
FBGN0051523	55	56	36	81	97	105
FBGN0037912	52	38	37	48	88	75
FBGN0039234	133	106	57	179	239	261
FBGN0039128	5	16	6	7	21	23
FBGN0039510	0	0	0	0	0	0
FBGN0288846	203	157	117	203	240	220
FBGN0039348	128	107	88	147	203	235
FBGN0039680	300	230	185	411	506	602
FBGN0038200	0	0	0	0	1	0
FBGN0039424	0	0	0	0	0	0
FBGN0037415	0	0	0	0	0	0
FBGN0037506	0	0	0	0	0	0
FBGN0266178	0	0	0	0	0	0
FBGN0085382	0	0	0	0	0	0
FBGN0051288	0	0	0	0	0	0
FBGN0039792	0	0	0	0	0	0
FBGN0037755	91	64	53	83	135	105
FBGN0039411	22	9	10	27	30	28
FBGN0053512	0	0	0	0	0	0
FBGN0260226	101	256	572	16	29	15
FBGN0038160	0	0	0	0	0	0
FBGN0038869	36	41	23	36	66	46
FBGN0037981	31	24	9	34	36	46
FBGN0051373	3	2	8	0	1	0
FBGN0037358	15	6	7	21	31	31
FBGN0039771	0	0	0	0	0	0
FBGN0286071	117	112	66	115	182	126
FBGN0042104	0	0	0	0	0	0
FBGN0037555	85	43	33	49	67	82
FBGN0262143	0	0	0	0	0	0
FBGN0287589	6	7	6	16	11	13
FBGN0040607	0	0	0	0	0	0
FBGN0038248	0	0	0	0	0	0
FBGN0000455	89	74	46	41	106	96
FBGN0038737	9	9	9	9	13	15
FBGN0003944	14	6	1	4	4	7
FBGN0263289	510	436	456	528	889	755
FBGN0037873	84	89	58	131	176	131
FBGN0044871	33	26	11	35	54	27
FBGN0039808	0	0	0	0	0	0
FBGN0039259	41	24	24	25	43	49
FBGN0000246	1	2	2	3	7	7
FBGN0038078	0	0	0	0	0	0
FBGN0039002	0	0	0	0	0	0
FBGN0051342	50	42	31	81	121	79
FBGN0038683	43	35	17	47	52	68
FBGN0083986	8	16	17	15	9	9
FBGN0037456	0	0	0	0	0	0
FBGN0038951	32	20	26	22	20	10
FBGN0037894	246	270	204	381	528	569
FBGN0261583	0	0	0	0	0	0
FBGN0039601	75	64	45	88	120	147
FBGN0286075	13	24	19	14	22	13
FBGN0028499	11	3	9	14	21	21
FBGN0051418	0	0	0	0	0	0
FBGN0004901	96	91	59	120	176	177
FBGN0051450	32	45	23	40	49	45
FBGN0037753	1	0	1	0	3	3
FBGN0013972	0	0	0	0	0	0
FBGN0263929	53	30	40	85	136	112
FBGN0038641	0	0	0	0	0	0
FBGN0051002	0	0	0	0	0	0
FBGN0001280	223	217	149	104	118	108
FBGN0039543	24	10	6	24	25	32
FBGN0038400	25	13	17	48	67	59
FBGN0022344	63	78	50	82	103	114
FBGN0285912	0	0	0	0	0	0
FBGN0261993	0	0	0	0	0	0
FBGN0027620	212	197	148	246	388	376
FBGN0037895	0	0	0	0	0	0
FBGN0038479	0	0	0	0	0	0
FBGN0051287	0	1	0	1	0	3
FBGN0037819	4	0	0	0	0	0
FBGN0004897	0	0	0	0	0	0
FBGN0261885	622	391	439	864	1226	1195
FBGN0038389	23	28	18	12	22	20
FBGN0260003	422	366	326	587	794	703
FBGN0003511	71	37	46	28	49	58
FBGN0019637	171	166	119	156	162	184
FBGN0038299	0	0	0	0	3	0
FBGN0037280	0	0	0	0	0	0
FBGN0026566	60	56	37	31	68	37
FBGN0262539	0	0	0	0	0	0
FBGN0039800	0	4	3	3	0	0
FBGN0020510	45	41	43	77	138	125
FBGN0038921	0	0	0	0	0	0
FBGN0028833	13	9	6	13	41	23
FBGN0013576	115	72	99	122	151	157
FBGN0039465	177	94	106	96	169	194
FBGN0264324	36	11	12	23	18	30
FBGN0040252	0	0	0	0	0	0
FBGN0038132	0	0	0	0	0	0
FBGN0037913	123	105	144	201	285	215
FBGN0283438	78	79	50	101	158	155
FBGN0037408	0	0	0	0	0	0
FBGN0039481	0	1	6	3	1	3
FBGN0028734	542	417	441	525	741	735
FBGN0037862	0	0	0	0	0	0
FBGN0039080	0	0	0	0	0	0
FBGN0039073	0	3	0	0	0	2
FBGN0039227	271	201	161	339	502	376
FBGN0000046	40	37	53	39	77	60
FBGN0037402	0	0	0	0	0	0
FBGN0038492	5	25	3	10	11	4
FBGN0028837	164	146	141	154	230	218
FBGN0039480	2	4	0	1	6	1
FBGN0265042	47	37	35	77	101	81
FBGN0260440	2	2	2	6	11	9
FBGN0038586	3	2	0	7	5	3
FBGN0038784	0	1	2	0	2	0
FBGN0037676	0	0	0	0	0	0
FBGN0037432	0	0	0	0	0	0
FBGN0051272	0	0	0	0	2	0
FBGN0037442	23	23	26	42	55	45
FBGN0027508	69	59	30	83	131	106
FBGN0039690	30	21	20	106	174	163
FBGN0039675	0	0	0	0	0	0
FBGN0039812	0	0	0	0	0	0
FBGN0002629	8	7	8	21	33	35
FBGN0038161	0	0	0	0	0	0
FBGN0039462	12	6	12	27	29	14
FBGN0004049	169	133	96	249	337	315
FBGN0262004	0	2	0	0	0	0
FBGN0083985	4	0	4	9	3	3
FBGN0051184	159	86	98	117	116	108
FBGN0038964	271	235	225	320	474	512
FBGN0085303	0	0	0	0	0	0
FBGN0015575	0	0	0	2	9	0
FBGN0020379	19	5	10	14	18	7
FBGN0003165	362	338	237	330	563	505
FBGN0051109	42	21	20	37	19	20
FBGN0027539	18	10	8	32	64	37
FBGN0053092	0	0	0	0	0	0
FBGN0038142	0	0	0	0	0	0
FBGN0051365	58	21	34	62	69	62
FBGN0037371	130	87	80	224	187	208
FBGN0037526	13	6	14	8	17	16
FBGN0037874	504	370	252	452	902	781
FBGN0011281	0	0	0	0	0	0
FBGN0039955	143	94	85	98	156	159
FBGN0038386	0	0	0	0	0	0
FBGN0004054	0	0	0	0	0	0
FBGN0039697	112	113	78	160	247	236
FBGN0037569	120	99	85	83	152	144
FBGN0085327	0	0	0	0	0	0
FBGN0040670	0	0	0	0	1	0
FBGN0039730	58	44	35	31	51	26
FBGN0013981	1013	721	1025	1150	1563	1560
FBGN0051475	12	18	10	16	18	24
FBGN0267790	1250	973	811	889	1272	1353
FBGN0004898	0	1	0	0	0	0
FBGN0040077	67	63	42	62	75	48
FBGN0037734	25	19	6	42	41	35
FBGN0243514	25	26	13	2	9	2
FBGN0038741	16	11	13	18	22	12
FBGN0038583	48	27	31	21	29	27
FBGN0037612	3	0	2	0	1	0
FBGN0051008	0	0	0	0	0	0
FBGN0026077	244	267	192	175	380	367
FBGN0038412	17	7	13	12	35	20
FBGN0011278	2	1	0	0	0	0
FBGN0016693	161	150	96	189	273	331
FBGN0051496	1	0	0	0	0	0
FBGN0039538	0	1	1	7	2	4
FBGN0051268	0	0	0	0	0	0
FBGN0037275	0	0	0	0	0	0
FBGN0051201	1	0	6	0	0	0
FBGN0051482	0	0	0	0	0	0
FBGN0037307	0	0	0	0	0	0
FBGN0039151	0	0	0	2	3	0
FBGN0039114	4	2	5	14	25	6
FBGN0259730	1	0	0	0	0	0
FBGN0038714	0	0	0	0	0	0
FBGN0038721	5	7	5	40	19	10
FBGN0266195	13	10	11	13	30	11
FBGN0039747	0	0	0	0	0	0
FBGN0262127	33	53	34	75	125	109
FBGN0037810	124	107	173	248	335	246
FBGN0038202	0	0	0	2	1	0
FBGN0037669	65	33	66	76	61	85
FBGN0039644	31	19	25	14	13	6
FBGN0085313	0	0	0	0	0	0
FBGN0037764	0	0	0	0	0	0
FBGN0260944	90	102	61	91	143	134
FBGN0001311	422	302	228	559	748	808
FBGN0000039	0	0	0	0	0	0
FBGN0264775	0	0	0	0	0	2
FBGN0053107	4	6	8	4	8	4
FBGN0261599	262	259	192	519	915	686
FBGN0037757	39	24	24	61	76	64
FBGN0039749	0	1	1	0	6	2
FBGN0039664	6	15	3	24	22	37
FBGN0038694	0	0	0	0	0	0
FBGN0026190	1	1	5	0	0	1
FBGN0004863	17	11	15	13	12	19
FBGN0046874	0	0	4	3	0	2
FBGN0038471	42	22	29	64	80	63
FBGN0024432	57	52	67	91	124	113
FBGN0004175	0	0	0	0	0	0
FBGN0039381	15	34	16	59	103	80
FBGN0039881	0	1	1	0	1	1
FBGN0037788	0	0	0	0	0	5
FBGN0039224	0	0	0	0	0	0
FBGN0038058	17	17	16	53	62	66
FBGN0039406	284	267	246	215	335	319
FBGN0264427	0	0	0	0	0	0
FBGN0037234	42	51	42	58	60	84
FBGN0038047	2	3	4	6	6	4
FBGN0038959	0	0	0	0	0	0
FBGN0038934	0	0	0	3	8	0
FBGN0002522	0	0	1	0	0	1
FBGN0039621	0	0	0	0	0	0
FBGN0039686	0	0	0	0	0	0
FBGN0025825	29	18	17	50	61	71
FBGN0038211	0	0	0	0	0	0
FBGN0039223	1	1	4	0	5	9
FBGN0085322	4	7	9	4	7	12
FBGN0038405	2	0	4	5	1	7
FBGN0039631	16	14	7	13	24	22
FBGN0039741	2	1	2	6	9	16
FBGN0003719	145	98	90	129	175	192
FBGN0037382	94	80	76	98	142	159
FBGN0039558	110	80	91	110	109	134
FBGN0038678	12	19	8	30	26	13
FBGN0023179	0	0	0	0	0	0
FBGN0037229	0	0	0	0	0	0
FBGN0029512	359	321	330	366	548	637
FBGN0037338	25	19	16	41	54	47
FBGN0267649	0	0	0	0	0	0
FBGN0264291	159	113	93	51	49	56
FBGN0038798	0	0	0	0	0	0
FBGN0053096	96	86	76	100	146	111
FBGN0051454	0	0	0	0	0	0
FBGN0038925	39	12	28	36	73	50
FBGN0259705	1	4	4	10	20	9
FBGN0004110	0	0	0	0	0	0
FBGN0085386	0	0	0	0	0	0
FBGN0002306	584	463	464	913	1233	1112
FBGN0015396	279	185	131	283	401	401
FBGN0045471	0	0	0	0	0	0
FBGN0051457	16	13	9	13	13	14
FBGN0051159	23	18	13	16	11	21
FBGN0086346	172	153	156	280	472	443
FBGN0038541	0	0	0	0	0	0
FBGN0037475	0	0	0	0	0	0
FBGN0039425	0	0	0	0	0	0
FBGN0015282	748	608	550	694	988	970
FBGN0038909	0	0	0	0	0	0
FBGN0037684	1	1	0	0	2	0
FBGN0039212	35	30	24	9	48	53
FBGN0029088	47	40	38	72	107	91
FBGN0038242	0	1	0	0	0	0
FBGN0038702	0	0	0	0	0	0
FBGN0039071	0	0	0	0	0	0
FBGN0038290	0	0	2	0	0	0
FBGN0051174	0	0	0	0	0	0
FBGN0039559	127	106	85	159	238	202
FBGN0037235	13	14	10	48	47	44
FBGN0008651	0	1	0	0	0	0
FBGN0024273	42	24	15	31	27	47
FBGN0038840	0	0	0	0	0	0
FBGN0037881	27	19	18	35	34	39
FBGN0039776	52	63	28	72	106	109
FBGN0262365	0	0	0	0	0	0
FBGN0039773	30	13	23	33	51	44
FBGN0039202	0	0	0	0	2	0
FBGN0039398	0	0	0	0	0	0
FBGN0037926	158	156	140	201	295	270
FBGN0025457	265	194	207	246	394	325
FBGN0264830	0	0	0	0	0	0
FBGN0051286	0	0	0	0	0	0
FBGN0260745	322	320	213	475	630	747
FBGN0038238	0	0	0	0	0	0
FBGN0013953	0	0	0	0	0	3
FBGN0002631	0	0	0	0	0	1
FBGN0250823	203	186	101	200	257	233
FBGN0037975	10	2	5	2	9	1
FBGN0028381	2	0	0	0	0	8
FBGN0053191	0	0	0	0	0	0
FBGN0039687	56	40	37	34	51	58
FBGN0037749	32	22	31	36	73	68
FBGN0038223	53	35	32	60	120	94
FBGN0026056	41	27	18	46	54	65
FBGN0037842	24	24	23	18	37	17
FBGN0004903	50	29	24	74	83	114
FBGN0039647	0	0	0	0	0	0
FBGN0022349	699	549	477	555	753	713
FBGN0037414	0	0	0	0	1	0
FBGN0039273	16	25	8	29	27	32
FBGN0039709	189	161	153	267	377	400
FBGN0013276	0	0	0	0	0	0
FBGN0004053	0	0	0	0	0	0
FBGN0039756	0	0	0	0	0	0
FBGN0261004	111	70	55	69	114	116
FBGN0038128	18	12	10	24	19	36
FBGN0038311	0	0	0	0	0	0
FBGN0053920	0	0	0	0	0	0
FBGN0037918	117	71	77	172	224	250
FBGN0038874	0	0	0	0	0	0
FBGN0265190	79	70	40	88	155	128
FBGN0051413	0	0	0	0	0	0
FBGN0250754	461	389	415	755	950	957
FBGN0053109	0	0	0	0	0	0
FBGN0013973	0	0	0	0	0	0
FBGN0037848	27	29	27	32	62	46
FBGN0054027	0	0	0	0	0	0
FBGN0023495	1	0	0	0	0	0
FBGN0037654	0	2	1	0	4	2
FBGN0039868	83	61	63	60	70	75
FBGN0037395	0	0	0	0	0	0
FBGN0039044	21	31	8	29	61	34
FBGN0037215	120	84	76	207	232	199
FBGN0260444	31	19	19	42	46	79
FBGN0038775	0	0	0	0	0	0
FBGN0045761	12	12	11	6	12	2
FBGN0003867	16	12	13	49	67	41
FBGN0039257	1201	907	787	1223	1886	1411
FBGN0038440	0	0	0	0	0	0
FBGN0051028	104	66	61	87	168	150
FBGN0037950	0	0	0	0	0	1
FBGN0037296	0	0	0	0	0	0
FBGN0083966	0	0	0	0	0	0
FBGN0051561	0	0	0	0	0	0
FBGN0013269	1567	1067	1121	809	1188	1206
FBGN0038789	0	0	0	0	0	0
FBGN0051189	0	0	0	0	0	0
FBGN0037942	14	15	8	11	31	29
FBGN0053630	0	0	0	0	0	0
FBGN0270928	0	0	0	0	0	0
FBGN0038478	107	77	70	149	172	140
FBGN0037852	11	7	3	4	9	8
FBGN0027544	0	0	0	0	0	0
FBGN0037292	0	0	0	0	0	0
FBGN0085466	0	4	0	0	2	0
FBGN0038588	7	14	6	14	25	17
FBGN0039078	30	16	19	45	73	63
FBGN0038316	53	16	19	24	48	36
FBGN0039419	0	0	0	0	0	0
FBGN0043457	47	43	19	69	107	91
FBGN0000447	128	101	116	161	188	154
FBGN0039500	0	0	0	0	0	0
FBGN0045470	0	0	0	0	0	0
FBGN0262146	0	0	0	0	0	0
FBGN0051195	505	416	401	780	1083	1040
FBGN0020238	2117	1762	1606	2931	4542	4231
FBGN0037463	0	0	0	0	0	0
FBGN0039764	25	20	11	22	21	16
FBGN0039698	50	56	52	59	69	65
FBGN0039272	7	5	4	5	9	6
FBGN0037329	8	16	4	15	42	22
FBGN0260004	0	1	0	0	0	0
FBGN0262794	0	0	0	0	0	0
FBGN0040076	0	0	0	0	0	0
FBGN0039635	106	104	78	173	248	263
FBGN0038865	0	0	0	0	0	0
FBGN0028662	59	49	60	67	120	135
FBGN0039270	20	17	6	14	22	29
FBGN0085376	42	25	26	42	54	46
FBGN0051105	0	1	0	0	0	0
FBGN0040208	88	79	73	127	132	155
FBGN0023023	4	2	2	1	12	11
FBGN0002780	1292	1070	1010	1233	1442	1495
FBGN0038719	0	0	0	0	0	0
FBGN0037756	140	96	120	151	217	170
FBGN0085324	0	0	0	0	0	0
FBGN0037485	0	0	0	0	0	0
FBGN0039609	0	0	0	0	0	0
FBGN0037773	9	3	5	3	6	14
FBGN0015222	214	184	167	272	392	355
FBGN0000552	0	0	0	0	0	0
FBGN0262104	0	0	0	0	0	0
FBGN0040253	0	0	0	0	0	0
FBGN0037889	0	0	0	0	0	0
FBGN0038834	1542	957	950	729	972	1066
FBGN0037644	126	81	84	122	154	156
FBGN0051148	0	0	0	0	0	0
FBGN0039396	0	1	0	0	0	3
FBGN0264493	65	64	33	90	106	107
FBGN0037248	62	59	40	80	158	133
FBGN0038150	9	6	5	8	20	29
FBGN0037501	0	0	0	0	0	0
FBGN0037548	34	38	35	58	64	77
FBGN0000533	11	2	6	1	10	11
FBGN0037700	257	172	197	152	214	232
FBGN0037902	0	0	0	0	0	2
FBGN0038924	57	36	35	51	72	88
FBGN0039503	0	0	0	0	0	0
FBGN0038931	0	0	0	0	0	0
FBGN0039165	28	31	18	28	35	36
FBGN0038861	35	21	14	20	25	28
FBGN0264325	24	16	9	29	22	35
FBGN0037324	0	0	0	0	0	0
FBGN0260234	0	0	0	0	0	0
FBGN0039870	10	7	3	11	14	23
FBGN0002940	0	0	0	0	0	0
FBGN0038602	0	0	0	0	0	0
FBGN0051301	66	71	56	53	115	106
FBGN0261289	0	0	0	0	0	0
FBGN0039360	5	16	15	48	47	34
FBGN0039150	13	36	15	46	48	38
FBGN0037973	96	84	79	42	79	74
FBGN0262514	0	0	0	0	0	0
FBGN0039324	0	0	0	0	0	0
FBGN0037580	613	448	361	618	968	999
FBGN0051278	20	7	8	11	16	15
FBGN0038295	0	0	0	0	0	0
FBGN0038847	0	0	0	0	0	0
FBGN0085317	0	0	0	0	0	0
FBGN0020407	35	39	21	38	52	87
FBGN0003495	4	5	5	1	3	3
FBGN0264785	20	12	12	26	35	26
FBGN0053341	0	0	0	0	0	0
FBGN0260231	0	0	0	0	0	0
FBGN0019624	292	235	252	275	412	444
FBGN0038589	0	0	0	0	0	0
FBGN0038656	0	0	0	0	0	0
FBGN0040493	369	332	246	428	564	541
FBGN0038947	300	213	214	311	424	368
FBGN0039507	69	58	44	52	70	76
FBGN0039415	6	0	0	0	1	1
FBGN0085302	0	0	0	0	0	0
FBGN0037376	113	98	85	146	244	246
FBGN0037941	0	0	0	0	0	0
FBGN0038279	42	45	20	103	121	107
FBGN0039004	199	165	140	272	355	416
FBGN0038752	0	0	0	0	0	0
FBGN0038978	0	0	0	0	0	0
FBGN0267709	0	0	0	0	0	0
FBGN0261996	0	0	0	0	0	0
FBGN0037809	24	12	8	8	9	8
FBGN0038530	0	0	0	0	0	0
FBGN0051522	9	9	9	15	35	29
FBGN0286930	0	0	0	0	0	0
FBGN0037427	0	0	0	0	0	0
FBGN0039218	80	58	66	98	91	107
FBGN0011596	0	0	0	0	0	0
FBGN0039217	2	7	1	4	13	10
FBGN0053203	0	0	0	0	0	0
FBGN0038472	30	12	24	25	38	35
FBGN0038357	0	0	0	0	0	0
FBGN0260659	87	51	29	67	108	103
FBGN0037890	47	31	46	66	56	57
FBGN0038769	23	12	8	33	35	42
FBGN0037242	79	84	63	77	104	118
FBGN0038958	0	0	0	8	1	0
FBGN0037487	5	10	16	12	13	14
FBGN0024222	16	13	14	24	48	61
FBGN0261928	0	0	0	0	0	0
FBGN0039293	50	33	29	71	94	95
FBGN0015625	92	71	68	159	188	251
FBGN0037512	0	0	0	0	0	0
FBGN0038088	27	25	10	23	24	30
FBGN0040238	27	18	16	50	39	38
FBGN0039160	53	71	38	70	113	92
FBGN0037650	0	0	0	0	0	0
FBGN0037891	168	134	101	247	414	357
FBGN0040609	0	0	0	0	0	0
FBGN0037541	244	157	162	331	395	395
FBGN0046258	146	136	120	210	341	301
FBGN0039110	246	216	200	212	300	299
FBGN0037590	0	0	0	0	0	0
FBGN0261845	2	2	2	2	2	9
FBGN0039593	4	14	1	7	1	0
FBGN0039582	0	0	0	0	0	0
FBGN0039784	0	0	0	0	0	0
FBGN0002732	35	39	33	95	128	105
FBGN0265041	0	0	0	0	0	0
FBGN0051464	0	0	0	0	0	12
FBGN0011581	0	0	0	0	0	0
FBGN0260746	10	11	15	24	21	18
FBGN0266446	0	3	6	0	0	0
FBGN0038753	0	0	0	0	0	0
FBGN0039387	0	1	0	0	0	0
FBGN0038224	122	73	111	89	153	146
FBGN0038783	3	0	1	4	0	0
FBGN0039525	0	0	0	0	0	0
FBGN0039536	0	0	0	0	0	0
FBGN0003169	101	109	56	164	275	245
FBGN0019960	230	213	169	173	269	301
FBGN0261842	0	0	0	0	1	0
FBGN0038458	0	0	0	0	0	0
FBGN0259732	0	0	0	0	0	0
FBGN0037917	14	8	5	9	51	30
FBGN0039107	0	0	0	0	0	0
FBGN0054034	0	0	0	0	0	3
FBGN0039116	62	50	45	42	59	71
FBGN0037697	0	0	0	1	8	1
FBGN0001235	378	268	178	313	472	341
FBGN0038765	7	7	6	25	14	7
FBGN0038613	0	0	0	0	0	0
FBGN0054008	7	8	4	1	3	8
FBGN0039417	37	31	32	45	45	57
FBGN0039385	115	82	75	80	95	105
FBGN0027574	33	49	26	53	52	55
FBGN0039137	83	56	57	82	110	124
FBGN0027930	153	126	108	183	261	285
FBGN0038488	20	17	18	27	48	61
FBGN0038017	31	25	16	21	29	70
FBGN0039265	71	48	62	117	202	180
FBGN0038916	0	0	0	0	0	0
FBGN0037680	88	74	70	126	211	203
FBGN0002865	0	0	0	0	0	0
FBGN0010051	144	126	104	211	277	262
FBGN0039065	63	31	40	40	35	71
FBGN0027784	19	15	17	21	63	22
FBGN0003507	10	7	4	3	6	2
FBGN0263986	0	0	0	0	0	0
FBGN0285955	109	68	80	127	194	167
FBGN0051279	0	0	0	0	0	0
FBGN0027579	55	34	37	28	64	67
FBGN0038385	30	22	17	27	57	48
FBGN0015351	8	8	7	13	15	12
FBGN0038324	38	30	21	44	62	52
FBGN0259146	0	0	0	0	0	0
FBGN0004606	56	33	27	74	99	61
FBGN0037553	2	3	0	0	3	1
FBGN0038467	142	113	69	152	223	229
FBGN0037939	0	0	0	0	0	0
FBGN0003279	1446	1555	1252	1503	2880	3006
FBGN0004597	37	25	6	49	56	45
FBGN0011715	139	126	80	150	225	228
FBGN0039290	1	0	2	1	1	0
FBGN0039373	0	0	0	0	0	0
FBGN0003862	324	231	200	537	672	627
FBGN0051551	0	0	0	0	0	0
FBGN0037614	2	1	4	3	0	6
FBGN0026616	10	7	13	15	44	26
FBGN0051155	60	48	20	58	82	96
FBGN0003134	35	55	50	69	126	62
FBGN0038805	104	87	97	112	161	178
FBGN0039055	70	47	45	87	124	96
FBGN0039755	0	2	0	0	0	0
FBGN0039620	1	10	4	6	1	2
FBGN0021776	0	4	1	0	2	0
FBGN0039616	0	0	0	0	0	0
FBGN0267383	0	0	0	0	0	0
FBGN0015230	0	0	0	0	0	0
FBGN0039511	0	0	0	0	0	0
FBGN0037566	77	30	38	48	100	59
FBGN0038811	41	30	29	53	57	71
FBGN0038321	5	3	0	4	15	10
FBGN0051274	0	0	0	0	0	0
FBGN0037220	164	149	128	194	310	265
FBGN0037705	76	47	52	118	205	175
FBGN0039798	0	0	0	1	0	1
FBGN0039531	24	9	10	25	25	36
FBGN0037279	68	44	70	77	116	113
FBGN0037621	156	140	122	173	223	250
FBGN0000024	0	0	2	0	1	1
FBGN0264712	3	5	7	6	7	16
FBGN0011785	230	147	179	304	363	338
FBGN0038956	0	0	0	0	0	0
FBGN0039838	0	0	0	0	0	0
FBGN0037921	2	0	7	4	11	21
FBGN0267339	0	0	3	0	0	0
FBGN0266566	0	0	0	1	0	2
FBGN0053189	0	0	0	0	0	0
FBGN0038894	0	2	0	1	1	0
FBGN0039491	0	0	0	0	0	0
FBGN0014006	60	69	31	108	154	123
FBGN0015770	0	3	0	0	0	0
FBGN0037708	10	12	12	15	28	24
FBGN0000412	1831	1236	1264	1034	1300	1224
FBGN0002922	0	0	0	4	1	0
FBGN0038156	9	8	7	23	29	16
FBGN0038330	0	0	1	4	3	3
FBGN0038941	3	1	2	0	1	0
FBGN0039054	0	0	1	0	1	0
FBGN0039650	20	15	12	4	11	28
FBGN0041224	0	0	0	0	0	0
FBGN0038660	95	88	80	150	240	232
FBGN0038718	0	0	1	0	0	0
FBGN0037687	19	14	11	22	24	13
FBGN0043012	95	67	63	83	119	114
FBGN0266170	0	0	0	0	0	0
FBGN0037786	0	0	0	0	0	0
FBGN0278604	50	45	27	63	67	68
FBGN0038303	52	33	26	73	71	69
FBGN0266175	0	0	0	0	0	0
FBGN0265063	0	0	0	0	0	0
FBGN0040628	0	0	0	0	0	0
FBGN0023083	122	117	84	133	190	206
FBGN0051200	0	0	0	0	0	0
FBGN0038214	0	0	0	0	3	0
FBGN0267105	0	0	0	0	0	0
FBGN0265606	0	0	0	0	0	0
FBGN0041605	0	0	0	0	0	0
FBGN0027095	218	191	195	390	522	535
FBGN0039195	0	0	0	0	0	0
FBGN0086679	14	13	11	21	24	19
FBGN0037325	0	0	0	0	0	0
FBGN0262844	0	0	0	0	0	0
FBGN0015032	0	0	0	0	0	0
FBGN0037260	0	0	0	0	0	0
FBGN0042182	0	0	0	0	0	0
FBGN0266409	17	22	16	20	49	34
FBGN0039780	0	0	0	0	0	0
FBGN0051360	23	26	30	27	36	19
FBGN0041710	4	16	3	4	5	8
FBGN0051125	3	3	7	16	11	2
FBGN0038130	1	1	6	4	2	4
FBGN0038012	0	0	0	0	0	0
FBGN0039025	6	19	17	20	43	20
FBGN0039339	9	16	2	20	18	6
FBGN0038446	8	10	17	45	50	42
FBGN0262846	0	0	0	0	0	0
FBGN0038337	1	0	0	0	1	0
FBGN0266598	30	29	14	17	40	26
FBGN0005632	456	312	327	550	690	621
FBGN0037933	41	21	33	36	39	22
FBGN0037747	3	8	0	7	9	9
FBGN0037826	0	0	0	0	0	0
FBGN0011701	0	0	0	1	0	0
FBGN0039869	106	53	54	55	98	74
FBGN0038505	0	0	0	0	0	0
FBGN0038829	95	110	71	186	318	236
FBGN0038938	0	0	0	0	2	0
FBGN0039084	1	2	1	1	1	4
FBGN0014029	402	253	235	300	486	418
FBGN0037665	101	63	62	100	169	121
FBGN0027503	74	70	70	69	120	99
FBGN0039879	0	0	0	0	0	0
FBGN0041780	0	0	0	0	0	0
FBGN0262006	0	0	0	0	0	0
FBGN0038032	0	0	0	0	0	0
FBGN0038771	204	200	142	294	397	408
FBGN0259113	111	80	85	151	148	157
FBGN0000557	173	131	116	80	104	74
FBGN0263777	0	0	0	0	0	0
FBGN0039376	0	0	0	0	0	0
FBGN0010038	0	0	0	1	0	0
FBGN0037227	0	0	0	0	0	0
FBGN0039636	6	17	8	12	28	41
FBGN0037490	8	1	8	3	9	8
FBGN0002773	10	13	114	9	18	6
FBGN0039316	0	0	0	0	1	0
FBGN0037915	0	0	0	0	0	0
FBGN0039560	52	53	58	64	123	103
FBGN0037398	0	0	0	0	0	0
FBGN0039101	4	0	0	0	0	0
FBGN0038974	24	12	15	11	15	18
FBGN0038257	0	1	0	0	0	0
FBGN0267366	0	0	0	0	0	0
FBGN0039007	0	0	0	0	0	0
FBGN0038099	0	0	1	0	0	0
FBGN0024321	11	6	6	5	12	21
FBGN0042693	146	134	131	249	321	340
FBGN0027951	192	162	142	289	342	379
FBGN0017550	247	182	173	200	287	281
FBGN0286516	60	59	54	118	191	197
FBGN0266053	144	124	114	195	292	267
FBGN0261279	188	144	138	176	263	245
FBGN0040251	79	65	44	76	94	87
FBGN0038681	4	0	1	0	0	0
FBGN0260005	2	0	0	0	1	5
FBGN0000659	2	0	0	0	0	0
FBGN0037620	4	10	3	5	11	7
FBGN0038190	0	0	0	0	0	0
FBGN0038966	2	2	0	3	11	7
FBGN0037765	0	0	0	0	0	0
FBGN0037985	0	0	0	0	0	0
FBGN0024330	35	30	22	51	79	95
FBGN0039098	0	1	3	1	5	0
FBGN0037369	48	66	44	73	91	69
FBGN0011224	700	656	520	1136	1589	1570
FBGN0002354	14	15	5	5	14	4
FBGN0041191	135	70	50	54	58	48
FBGN0261987	0	0	0	0	0	5
FBGN0037759	0	0	0	0	0	0
FBGN0038463	23	28	11	24	47	51
FBGN0014022	71	46	29	30	31	29
FBGN0042711	0	0	0	0	0	0
FBGN0040080	124	81	82	117	155	172
FBGN0039452	0	0	0	0	0	0
FBGN0046689	1	0	0	0	0	0
FBGN0039192	0	0	0	0	0	0
FBGN0038529	0	0	0	0	0	0
FBGN0038552	19	15	3	18	30	32
FBGN0039856	0	0	0	0	0	0
FBGN0005674	664	576	412	774	1051	1059
FBGN0037849	0	0	0	0	0	0
FBGN0264694	135	120	111	109	156	152
FBGN0039024	0	0	0	0	0	0
FBGN0004087	109	62	49	48	67	87
FBGN0067782	0	0	0	0	0	0
FBGN0026239	216	135	156	212	327	297
FBGN0037491	9	15	5	27	27	15
FBGN0037710	22	12	19	22	46	41
FBGN0000477	0	0	3	0	0	0
FBGN0037781	9	11	4	13	13	5
FBGN0262858	0	0	0	0	0	0
FBGN0038107	0	2	1	4	5	4
FBGN0039059	0	0	0	0	0	0
FBGN0038697	0	0	0	0	0	0
FBGN0038539	0	0	0	0	0	0
FBGN0039374	0	0	0	0	0	0
FBGN0267698	52	67	35	127	163	122
FBGN0039066	41	31	12	33	66	47
FBGN0062412	0	2	5	0	0	2
FBGN0027090	333	236	249	324	457	385
FBGN0028717	84	63	60	76	126	113
FBGN0039470	0	0	6	0	0	1
FBGN0003261	1733	1326	1093	1237	1938	2136
FBGN0037843	137	99	86	193	239	210
FBGN0038730	0	0	0	0	0	0
FBGN0037618	0	0	0	0	0	0
FBGN0010282	196	166	134	168	177	194
FBGN0038738	332	267	208	350	527	476
FBGN0003499	16	12	12	31	52	41
FBGN0262839	0	0	0	0	0	0
FBGN0039817	0	1	0	0	0	0
FBGN0039612	0	0	0	0	0	0
FBGN0260779	13	9	4	11	19	17
FBGN0029157	45	37	35	57	105	60
FBGN0020278	83	52	65	80	114	118
FBGN0024288	24	17	4	16	6	9
FBGN0038946	0	0	0	0	0	0
FBGN0083943	0	0	0	0	0	0
FBGN0051053	0	0	0	0	0	0
FBGN0027655	142	104	91	112	184	207
FBGN0039435	0	0	0	0	0	0
FBGN0261015	72	52	33	79	105	87
FBGN0013995	0	0	0	0	0	0
FBGN0002906	53	32	41	44	44	64
FBGN0038039	67	62	46	73	80	93
FBGN0262962	9	10	4	9	3	12
FBGN0038394	0	0	0	0	0	0
FBGN0037992	4	3	6	7	6	1
FBGN0015221	256	269	220	445	620	654
FBGN0038261	0	0	0	0	0	0
FBGN0038720	9	0	6	1	4	11
FBGN0042205	7	4	3	15	26	10
FBGN0028436	9	13	17	40	38	26
FBGN0259821	0	0	0	0	0	0
FBGN0038872	100	102	90	187	235	273
FBGN0039443	0	0	0	0	0	0
FBGN0039131	44	30	28	63	123	92
FBGN0039831	33	14	12	43	75	59
FBGN0038950	36	25	24	20	48	67
FBGN0039565	12	6	5	3	13	3
FBGN0037579	0	0	0	0	0	0
FBGN0001139	248	229	190	368	652	603
FBGN0039434	6	0	0	1	0	0
FBGN0046876	0	1	0	0	0	0
FBGN0037797	0	0	0	0	0	0
FBGN0003268	131	106	86	258	254	249
FBGN0037987	0	0	0	0	0	0
FBGN0039641	4	0	4	4	2	3
FBGN0037462	0	0	0	0	0	0
FBGN0014366	213	148	131	209	320	299
FBGN0051358	0	0	0	0	0	0
FBGN0051075	348	286	230	362	470	523
FBGN0038852	0	0	0	1	0	1
FBGN0085384	15	4	9	27	25	30
FBGN0026317	44	40	33	57	83	74
FBGN0039590	79	100	72	161	243	176
FBGN0038717	0	0	0	0	0	0
FBGN0038461	17	11	11	24	18	23
FBGN0264832	0	0	0	0	0	0
FBGN0027053	124	102	87	119	233	200
FBGN0004889	322	248	220	338	511	517
FBGN0047199	0	0	0	0	0	0
FBGN0261679	10	1	5	10	12	17
FBGN0038745	141	117	111	152	174	186
FBGN0038608	58	52	35	67	103	116
FBGN0266261	0	0	0	0	0	0
FBGN0039288	0	0	0	0	0	0
FBGN0037656	34	20	25	44	29	42
FBGN0037305	71	58	32	58	54	70
FBGN0250755	17	16	13	14	21	30
FBGN0037535	9	9	4	3	10	4
FBGN0038118	109	107	77	135	172	183
FBGN0040466	34	24	35	49	74	48
FBGN0038217	0	0	0	0	0	0
FBGN0038391	2	0	0	0	2	2
FBGN0262003	0	0	0	0	0	0
FBGN0010433	2	2	7	2	3	10
FBGN0037712	2	1	1	0	1	0
FBGN0039678	4	14	4	0	1	1
FBGN0266720	48	33	24	38	48	32
FBGN0011481	327	283	218	230	379	317
FBGN0287844	0	0	0	0	0	0
FBGN0038532	22	13	15	23	32	37
FBGN0039303	87	47	53	98	158	148
FBGN0046875	18	15	7	21	32	35
FBGN0025865	375	288	294	340	472	478
FBGN0028691	248	238	164	435	675	586
FBGN0259736	3	0	4	0	0	0
FBGN0085462	0	0	0	0	0	0
FBGN0039767	41	33	28	76	121	106
FBGN0038576	54	55	37	59	71	97
FBGN0037648	43	32	16	53	89	81
FBGN0261552	29	40	37	45	62	79
FBGN0013759	50	63	52	82	104	86
FBGN0037730	1	1	4	1	0	1
FBGN0037232	18	26	14	34	45	38
FBGN0037310	0	0	0	0	0	0
FBGN0259227	54	40	16	67	100	112
FBGN0038487	0	0	0	0	0	0
FBGN0037709	19	17	13	26	24	32
FBGN0039705	40	18	15	33	37	54
FBGN0038342	0	0	0	0	0	0
FBGN0039509	8	7	12	15	9	16
FBGN0260468	9	14	13	12	24	9
FBGN0037503	47	33	33	55	75	65
FBGN0260230	0	0	0	0	0	0
FBGN0264491	231	174	138	225	339	335
FBGN0265197	0	0	0	0	0	0
FBGN0037976	0	0	0	0	0	0
FBGN0037930	80	54	65	46	62	54
FBGN0083946	0	0	0	0	0	0
FBGN0003339	6	2	0	0	0	0
FBGN0037231	57	52	26	31	68	62
FBGN0039787	0	0	0	0	0	0
FBGN0010438	77	99	72	90	103	179
FBGN0037241	73	46	36	76	124	113
FBGN0038426	23	17	21	13	21	30
FBGN0004882	0	0	0	0	0	0
FBGN0020626	105	62	51	62	113	148
FBGN0037439	159	121	96	159	176	198
FBGN0038165	0	0	0	0	0	0
FBGN0037299	60	65	66	65	72	123
FBGN0051080	0	0	0	0	0	0
FBGN0037657	77	57	56	93	127	125
FBGN0038415	0	0	0	0	0	0
FBGN0039595	0	0	0	0	0	0
FBGN0037370	84	77	72	136	208	183
FBGN0039702	19	20	15	51	30	29
FBGN0039039	0	0	1	0	0	0
FBGN0039408	1	0	0	0	0	0
FBGN0038842	223	236	180	253	361	318
FBGN0038799	0	0	0	0	0	0
FBGN0038198	2	0	0	0	0	4
FBGN0038596	0	0	0	0	0	0
FBGN0054041	0	0	0	0	0	0
FBGN0039308	0	0	0	0	0	0
FBGN0014023	103	46	51	60	79	69
FBGN0038902	0	0	0	0	0	0
FBGN0002719	40	32	31	45	69	56
FBGN0046225	28	30	28	20	57	54
FBGN0010258	0	0	0	2	0	0
FBGN0027584	0	0	0	0	0	0
FBGN0024509	340	190	151	192	319	263
FBGN0044826	89	57	48	136	189	178
FBGN0037659	195	158	140	210	194	248
FBGN0263404	0	0	0	0	0	0
FBGN0038582	7	13	7	15	17	9
FBGN0039860	7	0	0	7	12	20
FBGN0037882	25	17	19	21	18	23
FBGN0261843	16	12	13	14	22	16
FBGN0037766	0	0	0	0	0	0
FBGN0038325	21	8	18	27	36	23
FBGN0037283	0	0	0	0	0	0
FBGN0000454	189	164	111	191	261	267
FBGN0038435	0	0	0	0	1	0
FBGN0039186	175	136	163	237	310	308
FBGN0038361	0	0	0	0	0	0
FBGN0038469	0	0	0	0	0	0
FBGN0051224	115	65	79	142	232	195
FBGN0037570	0	0	0	0	0	0
FBGN0027575	0	1	1	0	0	0
FBGN0037391	40	23	32	38	33	34
FBGN0037466	90	84	71	57	71	86
FBGN0003512	39	28	33	57	100	97
FBGN0051036	0	0	0	0	0	0
FBGN0038986	0	0	0	0	0	0
FBGN0261859	4	1	6	8	25	10
FBGN0037880	7	12	3	13	19	12
FBGN0038072	0	0	0	0	0	0
FBGN0027493	208	167	144	135	189	218
FBGN0010768	22	26	15	44	75	57
FBGN0039852	223	136	149	227	250	240
FBGN0266171	0	0	0	0	0	0
FBGN0037794	32	20	15	35	47	25
FBGN0027083	24	9	12	15	32	40
FBGN0039518	0	0	0	0	0	0
FBGN0051226	0	0	0	0	0	0
FBGN0038090	0	0	0	0	0	0
FBGN0038897	0	0	1	0	0	0
FBGN0038080	114	57	89	59	74	79
FBGN0037796	141	155	112	223	261	296
FBGN0038749	0	0	0	0	0	0
FBGN0047351	0	0	0	0	0	0
FBGN0013277	0	0	0	0	0	0
FBGN0051093	0	0	0	0	0	0
FBGN0037845	0	0	0	0	0	0
FBGN0038832	0	0	0	0	0	1
FBGN0040601	0	1	0	0	0	1
FBGN0051438	0	0	0	0	0	0
FBGN0038708	0	0	0	0	0	0
FBGN0037783	0	0	1	0	0	0
FBGN0285913	70	48	41	45	123	105
FBGN0085321	0	0	0	0	0	0
FBGN0039056	67	39	42	101	149	121
FBGN0037513	0	1	0	0	0	0
FBGN0040524	0	1	0	0	0	3
FBGN0051320	91	72	35	76	73	78
FBGN0038306	106	120	66	113	162	152
FBGN0037473	1	3	2	17	17	16
FBGN0038928	9	8	5	15	23	21
FBGN0039438	0	0	0	0	0	0
FBGN0250732	221	143	157	242	300	290
FBGN0000140	135	128	91	284	419	391
FBGN0039254	10	8	3	8	13	18
FBGN0039237	0	0	0	0	0	0
FBGN0038621	0	0	0	0	0	0
FBGN0004644	52	36	32	99	145	157
FBGN0002645	918	807	637	1335	1640	1510
FBGN0010043	0	0	0	0	0	0
FBGN0250839	78	42	31	31	38	27
FBGN0263143	24	37	12	46	36	28
FBGN0038735	40	45	27	27	35	26
FBGN0051102	0	0	0	0	0	0
FBGN0038097	0	0	0	0	0	0
FBGN0037525	10	5	1	8	3	4
FBGN0017590	0	1	0	0	0	0
FBGN0039198	0	0	0	0	0	0
FBGN0038607	0	0	0	0	0	0
FBGN0053111	24	15	9	23	74	43
FBGN0259992	0	0	0	0	0	0
FBGN0266282	26	40	28	46	51	57
FBGN0019990	42	18	30	49	67	68
FBGN0037936	0	0	4	0	0	2
FBGN0083975	0	0	0	0	0	0
FBGN0038199	0	0	0	0	0	0
FBGN0038307	49	61	37	47	65	40
FBGN0039492	53	47	37	71	94	81
FBGN0037897	17	6	7	4	22	17
FBGN0037811	1	1	1	6	13	4
FBGN0037980	21	29	19	40	37	55
FBGN0038151	63	48	46	56	85	79
FBGN0039829	29	21	29	21	30	29
FBGN0039052	0	0	0	0	0	0
FBGN0039013	21	6	24	16	37	29
FBGN0026737	16	17	19	14	12	19
FBGN0262363	0	0	0	0	0	0
FBGN0085404	0	0	0	0	0	0
FBGN0038135	1	1	6	2	6	3
FBGN0263023	0	0	0	0	0	0
FBGN0266410	64	74	42	94	151	119
FBGN0051087	0	0	0	0	0	1
FBGN0038373	0	0	0	0	0	0
FBGN0085465	0	1	0	3	0	0
FBGN0003060	0	0	6	0	0	0
FBGN0037354	81	85	59	57	96	99
FBGN0027514	64	35	47	61	85	83
FBGN0039849	63	26	50	76	134	149
FBGN0038172	1	0	2	0	0	0
FBGN0037217	0	1	0	0	1	3
FBGN0019952	2	1	1	6	3	5
FBGN0259740	118	107	129	179	148	137
FBGN0038439	0	0	0	0	0	0
FBGN0038645	0	0	0	3	2	539
FBGN0037824	0	0	0	0	0	0
FBGN0051199	0	0	0	0	0	0
FBGN0053658	0	0	0	0	0	0
FBGN0085316	0	0	0	0	0	0
FBGN0039204	22	11	10	18	35	18
FBGN0038631	0	0	0	0	0	0
FBGN0037584	0	0	0	0	0	0
FBGN0263346	80	60	69	103	179	122
FBGN0040256	0	0	0	0	0	0
FBGN0038638	61	58	41	117	197	204
FBGN0016917	327	279	203	441	632	521
FBGN0038519	103	103	82	152	233	197
FBGN0000247	23	35	14	41	53	56
FBGN0038665	0	0	1	0	0	0
FBGN0038207	0	0	0	0	0	0
FBGN0037885	8	3	4	6	10	2
FBGN0051007	0	0	0	0	0	0
FBGN0020912	0	1	0	0	0	0
FBGN0037846	3	12	1	14	17	10
FBGN0266174	0	0	0	0	0	0
FBGN0051419	0	0	0	0	0	0
FBGN0039882	9	23	5	22	44	33
FBGN0085306	0	0	0	0	0	0
FBGN0261839	3	0	5	9	6	5
FBGN0037360	255	221	176	268	396	409
FBGN0051473	0	0	0	0	0	0
FBGN0263396	1417	1013	815	920	1336	1316
FBGN0003598	225	173	140	242	357	411
FBGN0037543	69	52	42	37	62	65
FBGN0038008	0	0	0	0	0	0
FBGN0287209	613	565	454	864	1145	1124
FBGN0038398	0	0	0	0	0	0
FBGN0037544	6	4	3	1	9	12
FBGN0265082	153	116	69	204	274	287
FBGN0051010	0	0	0	0	0	0
FBGN0266268	90	52	64	110	129	116
FBGN0046685	27	21	10	71	76	89
FBGN0039774	31	15	19	51	88	66
FBGN0038772	51	41	36	24	33	38
FBGN0085310	0	0	0	0	0	0
FBGN0002431	700	596	470	738	1002	920
FBGN0053784	0	0	0	0	0	0
FBGN0038076	0	0	0	0	0	4
FBGN0028688	326	261	286	544	801	718
FBGN0026257	12	11	6	18	24	15
FBGN0263755	39	47	23	39	61	52
FBGN0039323	3	11	0	1	0	0
FBGN0037301	71	71	41	133	175	178
FBGN0039145	40	12	20	26	28	18
FBGN0051164	0	0	0	0	0	0
FBGN0038277	1	0	0	1	0	0
FBGN0037958	58	47	29	80	109	99
FBGN0039828	57	62	88	87	130	111
FBGN0037282	4	12	11	19	35	46
FBGN0250821	0	0	0	0	0	0
FBGN0039580	150	125	110	170	250	276
FBGN0038980	0	0	0	0	0	0
FBGN0262125	326	269	238	486	759	698
FBGN0265199	0	0	0	0	0	0
FBGN0037578	40	26	31	54	53	54
FBGN0038281	0	0	0	0	0	0
FBGN0037330	78	56	71	66	94	101
FBGN0003483	18	21	27	18	38	19
FBGN0038145	1017	728	676	743	1142	1208
FBGN0037627	0	0	0	0	0	0
FBGN0053095	23	17	14	18	17	18
FBGN0053325	0	0	0	0	0	0
FBGN0039196	0	0	0	0	0	0
FBGN0085336	0	0	0	0	0	0
FBGN0051267	0	0	0	0	0	0
FBGN0038590	18	22	14	17	53	44
FBGN0039311	1	0	0	0	0	0
FBGN0051251	27	13	15	42	38	37
FBGN0039453	0	0	0	0	0	8
FBGN0250908	0	0	1	0	0	0
FBGN0085320	0	0	6	6	2	0
FBGN0039489	6	7	7	6	3	7
FBGN0040606	0	0	0	0	0	0
FBGN0039159	23	25	14	24	27	32
FBGN0039519	0	0	0	0	0	0
FBGN0002783	948	679	547	871	1307	1292
FBGN0261792	66	60	66	68	133	123
FBGN0038195	67	55	23	62	75	85
FBGN0053346	0	0	1	0	0	0
FBGN0026597	36	27	31	34	84	50
FBGN0038570	126	95	63	138	206	196
FBGN0038658	0	0	0	0	0	0
FBGN0260793	0	0	0	0	0	0
FBGN0004666	0	0	0	0	0	0
FBGN0264751	10	3	7	6	26	13
FBGN0039302	1282	1035	917	1581	1978	2132
FBGN0037327	125	112	75	137	173	222
FBGN0038262	0	0	0	0	0	0
FBGN0037943	116	122	76	75	97	100
FBGN0002592	10	4	7	47	64	53
FBGN0063261	0	0	0	0	0	0
FBGN0039758	0	0	2	0	4	2
FBGN0051424	0	0	0	0	0	0
FBGN0261508	0	2	0	0	0	0
FBGN0266717	334	299	230	517	720	666
FBGN0010401	3	1	2	3	0	0
FBGN0039252	92	95	70	102	155	149
FBGN0028646	62	54	28	65	124	106
FBGN0039734	0	1	0	0	0	0
FBGN0038363	22	15	10	16	12	17
FBGN0039504	0	0	0	0	1	0
FBGN0002921	1235	1168	920	2086	2882	2822
FBGN0038221	0	0	1	0	0	0
FBGN0038944	0	0	0	0	0	1
FBGN0020235	329	273	215	399	711	639
FBGN0261986	49	46	29	79	91	101
FBGN0037940	0	0	0	0	0	0
FBGN0028992	145	102	99	171	184	197
FBGN0039623	37	30	21	41	71	68
FBGN0000083	670	621	485	659	909	869
FBGN0039827	6	5	1	17	7	2
FBGN0039844	273	249	140	681	1008	771
FBGN0013279	0	0	0	0	0	6
FBGN0039682	4	10	13	0	1	3
FBGN0037831	29	24	21	18	42	39
FBGN0038209	0	0	0	0	0	0
FBGN0037683	0	0	0	0	0	0
FBGN0051089	0	0	0	0	0	0
FBGN0038773	0	0	0	0	0	0
FBGN0040255	0	0	0	0	0	0
FBGN0038612	0	0	0	0	0	0
FBGN0051041	0	0	0	0	0	0
FBGN0042094	20	21	14	28	16	38
FBGN0037638	41	32	34	76	98	127
FBGN0039632	103	88	72	112	133	150
FBGN0038448	0	0	0	0	0	0
FBGN0261436	95	55	62	109	96	89
FBGN0038234	32	28	22	36	32	47
FBGN0005777	139	127	96	155	196	204
FBGN0038301	30	35	18	23	41	30
FBGN0259704	71	73	64	89	95	127
FBGN0039155	125	108	81	181	310	318
FBGN0037603	0	3	2	0	11	6
FBGN0085315	0	0	0	0	0	0
FBGN0037611	4	4	5	3	4	3
FBGN0005642	57	52	45	94	116	129
FBGN0037446	100	93	92	117	148	150
FBGN0039306	114	92	109	133	149	161
FBGN0051445	0	0	0	0	0	0
FBGN0038083	0	0	1	0	0	4
FBGN0266259	0	0	0	0	0	0
FBGN0042101	0	0	0	0	0	0
FBGN0015008	0	0	0	0	0	0
FBGN0062442	195	137	140	131	240	221
FBGN0041588	90	59	46	52	91	81
FBGN0037910	0	0	0	0	0	0
FBGN0039235	0	0	0	0	0	0
FBGN0010774	313	267	263	304	486	505
FBGN0037594	0	0	0	0	0	0
FBGN0011336	626	585	355	845	1289	1163
FBGN0052944	0	0	0	0	0	0
FBGN0040553	0	0	0	0	0	0
FBGN0262364	0	0	0	0	0	0
FBGN0039325	0	0	0	0	0	0
FBGN0039111	2	0	0	3	5	4
FBGN0037252	87	50	82	122	185	169
FBGN0038387	9	8	3	19	5	17
FBGN0039310	0	0	0	0	0	0
FBGN0038180	156	174	124	318	419	330
FBGN0039300	220	157	184	241	501	432
FBGN0039344	0	0	0	0	0	0
FBGN0038191	0	2	0	0	4	6
FBGN0038074	0	0	7	0	0	1
FBGN0266599	5373	4626	3788	5979	8092	10030
FBGN0039850	0	0	0	0	0	0
FBGN0023097	185	138	129	210	295	291
FBGN0040078	373	228	237	369	422	431
FBGN0038523	0	0	0	0	0	2
FBGN0037762	0	0	0	0	0	0
FBGN0038455	4	8	5	2	9	2
FBGN0039429	0	0	0	0	0	0
FBGN0029176	1816	1408	1244	1484	2710	2485
FBGN0261618	611	408	414	619	1047	1064
FBGN0038344	115	122	88	133	161	179
FBGN0260645	0	0	0	0	0	0
FBGN0038416	0	0	0	0	0	0
FBGN0261019	3	3	1	2	4	11
FBGN0002869	1	0	0	0	0	0
FBGN0038652	93	60	34	58	70	102
FBGN0011766	114	88	62	150	280	234
FBGN0039886	10	1	4	4	2	9
FBGN0037412	0	0	0	0	0	0
FBGN0262983	0	0	0	0	0	0
FBGN0039867	54	65	58	56	97	95
FBGN0039738	0	1	3	6	2	3
FBGN0039552	0	0	0	0	0	0
FBGN0051345	0	0	0	0	0	0
FBGN0051217	100	83	65	119	175	175
FBGN0038366	3	12	12	3	2	5
FBGN0037435	10	19	15	28	44	35
FBGN0020496	749	555	456	914	1368	1314
FBGN0019957	132	130	130	172	245	257
FBGN0265140	128	80	54	127	159	162
FBGN0037653	57	42	26	38	66	79
FBGN0039405	0	4	0	5	5	4
FBGN0037667	52	31	19	45	59	58
FBGN0064126	91	55	66	87	114	85
FBGN0266674	95	67	34	116	140	127
FBGN0011217	212	210	142	425	815	615
FBGN0020299	79	65	50	98	151	116
FBGN0037802	6	14	1	12	7	4
FBGN0039305	129	94	91	101	88	98
FBGN0037294	0	0	0	0	0	0
FBGN0067629	30	22	15	24	38	30
FBGN0013343	23	26	20	43	84	79
FBGN0051108	11	16	13	16	27	19
FBGN0037581	7	15	20	11	15	18
FBGN0038268	1	0	1	5	3	8
FBGN0039883	1	4	2	4	6	0
FBGN0038739	25	22	25	34	45	50
FBGN0038790	0	0	0	0	0	0
FBGN0038508	0	0	0	0	0	0
FBGN0039413	0	0	0	0	0	0
FBGN0051460	53	42	38	71	100	81
FBGN0038747	87	57	43	66	99	98
FBGN0011740	156	109	99	223	263	282
FBGN0262477	0	0	0	0	0	0
FBGN0037339	43	20	14	45	57	29
FBGN0039461	1	1	1	0	1	2
FBGN0039028	0	0	0	0	0	0
FBGN0038494	15	14	7	6	8	10
FBGN0017448	0	0	0	0	0	0
FBGN0039651	0	0	0	0	3	1
FBGN0037816	16	3	6	26	22	23
FBGN0085312	0	0	0	0	0	0
FBGN0038507	0	0	0	0	0	0
FBGN0040531	0	0	0	0	0	0
FBGN0037672	0	0	0	0	0	0
FBGN0038551	117	62	82	73	86	127
FBGN0264005	0	0	0	0	1	0
FBGN0026565	0	0	0	0	0	0
FBGN0037989	11	4	7	2	13	7
FBGN0003015	0	0	0	0	1	0
FBGN0266442	0	0	0	0	0	0
FBGN0037996	0	0	0	0	0	0
FBGN0039358	48	44	20	86	145	129
FBGN0003721	385	313	276	498	596	520
FBGN0045980	0	0	0	0	0	0
FBGN0038846	0	0	0	0	0	0
FBGN0038854	90	64	63	84	96	70
FBGN0259139	1504	1147	982	859	990	1133
FBGN0040528	0	0	0	0	0	1
FBGN0039779	0	0	0	0	0	0
FBGN0039472	0	0	0	0	0	0
FBGN0085412	140	123	98	174	294	273
FBGN0051230	0	0	0	0	0	0
FBGN0053202	0	0	0	0	0	0
FBGN0038642	0	0	0	0	1	0
FBGN0039463	0	0	0	0	0	0
FBGN0038685	1	0	2	0	0	0
FBGN0039821	0	0	0	0	0	2
FBGN0038247	0	2	0	1	0	2
FBGN0004103	276	264	221	514	833	861
FBGN0038149	620	525	345	648	1146	909
FBGN0027563	0	0	0	0	0	0
FBGN0039357	2	6	3	4	12	4
FBGN0037956	194	171	129	369	511	576
FBGN0261061	0	0	0	0	0	0
FBGN0028475	149	121	90	153	243	192
FBGN0038646	0	0	0	13	4	715
FBGN0051099	0	0	0	0	0	0
FBGN0043884	1032	879	842	1298	1889	1769
FBGN0010340	31	25	25	27	44	22
FBGN0264075	245	132	138	203	339	287
FBGN0259938	21	13	24	45	51	61
FBGN0264426	0	0	0	0	0	0
FBGN0259193	0	0	0	0	0	0
FBGN0038816	24	34	27	43	58	30
FBGN0019925	134	133	68	219	316	219
FBGN0037714	0	0	0	0	0	0
FBGN0038837	0	0	0	0	0	0
FBGN0085337	0	0	0	0	0	0
FBGN0085454	0	0	0	0	0	0
FBGN0265266	0	0	0	0	2	0
FBGN0038929	0	0	0	0	0	0
FBGN0038233	18	12	8	15	19	17
FBGN0037550	92	75	52	66	92	99
FBGN0261841	2	1	1	0	1	1
FBGN0051025	0	0	0	0	0	0
FBGN0051225	0	0	0	0	0	0
FBGN0039566	466	333	287	359	570	644
FBGN0022943	17	20	22	56	86	109
FBGN0262081	110	81	59	98	169	152
FBGN0037610	15	13	8	11	10	18
FBGN0265274	1380	1149	765	1999	2636	2345
FBGN0067783	3	4	5	0	9	2
FBGN0051233	0	0	1	0	0	0
FBGN0013275	0	0	0	0	0	0
FBGN0037213	304	236	220	324	539	485
FBGN0037616	0	0	0	0	0	0
FBGN0038533	39	42	30	66	99	80
FBGN0037418	0	0	0	0	0	0
FBGN0264991	0	0	0	0	0	0
FBGN0015737	385	320	223	473	798	691
FBGN0038148	0	0	0	0	0	0
FBGN0037901	13	22	6	24	35	18
FBGN0267690	0	0	0	0	0	0
FBGN0037837	0	0	0	0	0	0
FBGN0039341	140	66	73	118	182	170
FBGN0037986	0	0	0	0	0	0
FBGN0267104	0	0	0	0	0	0
FBGN0037250	54	38	27	46	80	65
FBGN0039197	0	0	0	0	0	0
FBGN0038566	0	0	0	0	0	0
FBGN0051481	0	0	0	0	0	0
FBGN0037817	0	0	2	0	0	5
FBGN0266464	168	134	110	165	229	221
FBGN0038424	65	37	38	52	62	51
FBGN0051229	30	15	22	28	40	34
FBGN0038691	0	0	0	0	0	0
FBGN0039069	0	0	0	0	2	0
FBGN0037829	0	0	0	0	0	0
FBGN0016120	508	390	343	494	590	617
FBGN0005596	47	33	32	54	95	97
FBGN0038179	29	38	16	28	41	22
FBGN0262540	0	0	0	0	0	0
FBGN0040071	137	102	127	277	420	401
FBGN0038423	0	0	0	0	0	0
FBGN0045862	120	92	107	146	199	200
FBGN0051259	0	0	3	0	0	0
FBGN0038251	99	62	71	60	96	119
FBGN0038797	0	0	0	0	0	0
FBGN0053483	0	0	0	0	0	0
FBGN0039140	66	56	43	78	94	119
FBGN0038428	18	24	12	29	38	29
FBGN0037770	316	236	202	334	450	509
FBGN0259194	0	0	0	0	0	0
FBGN0085417	3	2	1	4	5	15
FBGN0083991	0	0	0	0	0	0
FBGN0003093	14	15	3	8	13	16
FBGN0045866	248	183	182	221	323	257
FBGN0028468	35	13	14	57	46	67
FBGN0037908	0	0	0	0	0	0
FBGN0039754	33	9	6	35	50	52
FBGN0038919	29	22	11	37	54	79
FBGN0038105	0	0	0	0	0	0
FBGN0003479	42	43	24	57	41	38
FBGN0051371	0	0	0	0	0	0
FBGN0038244	48	30	34	80	83	77
FBGN0037249	1540	1191	1080	1333	1719	1779
FBGN0039041	0	0	0	0	0	0
FBGN0038084	0	0	0	0	0	0
FBGN0024957	241	237	191	356	457	444
FBGN0286741	0	0	0	0	0	0
FBGN0026620	310	324	266	399	456	417
FBGN0051213	0	0	0	0	0	0
FBGN0085431	0	0	0	0	0	0
FBGN0263995	1	4	0	7	3	2
FBGN0011290	7	4	5	12	30	20
FBGN0037521	0	0	0	0	0	0
FBGN0037347	23	30	14	32	26	30
FBGN0022359	0	5	5	3	6	5
FBGN0265189	67	45	40	75	85	120
FBGN0053108	18	11	8	7	23	4
FBGN0038013	97	61	58	44	105	98
FBGN0051091	0	0	0	0	0	0
FBGN0264495	111	70	72	142	248	181
FBGN0038558	0	0	0	0	0	0
FBGN0014342	26	15	17	24	26	23
FBGN0086686	74	71	61	147	200	170
FBGN0003357	0	0	8	0	1	0
FBGN0039508	44	24	27	40	72	63
FBGN0016119	79	88	88	158	172	208
FBGN0263403	0	0	0	0	0	0
FBGN0264903	0	0	0	0	0	0
FBGN0039645	0	0	0	0	0	0
FBGN0039209	14	13	5	33	43	40
FBGN0016691	375	383	689	311	374	383
FBGN0038550	0	0	0	0	0	0
FBGN0053293	0	0	0	0	0	0
FBGN0038767	33	13	14	33	48	57
FBGN0039739	0	0	0	0	0	0
FBGN0039349	50	29	39	48	44	62
FBGN0038414	0	0	0	0	0	0
FBGN0004629	2	5	3	7	1	13
FBGN0011582	0	0	0	0	0	0
FBGN0037562	0	0	0	0	0	0
FBGN0042110	0	0	0	0	0	0
FBGN0039681	0	0	0	0	1	0
FBGN0038705	0	0	0	0	0	0
FBGN0051211	82	41	42	51	104	84
FBGN0038690	0	0	0	0	0	0
FBGN0040529	254	151	174	192	304	310
FBGN0039027	0	0	0	0	0	0
FBGN0285937	208	155	140	335	425	343
FBGN0039656	1	0	0	0	0	0
FBGN0014380	8	6	3	7	16	13
FBGN0037664	69	41	36	87	142	93
FBGN0004436	41	44	17	91	139	80
FBGN0001149	1571	1486	1229	1648	2416	2395
FBGN0037635	0	2	3	0	1	0
FBGN0004554	4	12	9	1	1	5
FBGN0038851	0	0	0	0	0	0
FBGN0039172	373	269	246	404	702	641
FBGN0000416	1175	989	874	1442	1963	1896
FBGN0003330	57	50	45	85	115	99
FBGN0004782	0	0	0	0	0	0
FBGN0037502	0	0	0	0	0	0
FBGN0038134	0	0	0	0	0	0
FBGN0283536	36	70	48	58	91	67
FBGN0038285	0	0	0	0	0	0
FBGN0038871	4	0	4	6	13	9
FBGN0037780	43	45	29	62	70	83
FBGN0038516	5	0	0	1	1	1
FBGN0038509	0	162	6	0	0	1
FBGN0037534	8	2	1	2	7	0
FBGN0039451	24	27	27	47	48	66
FBGN0039770	0	0	0	0	0	0
FBGN0263740	485	416	342	420	691	639
FBGN0001138	113	99	64	128	255	206
FBGN0261929	0	0	0	0	0	0
FBGN0039684	0	0	0	0	0	0
FBGN0039280	17	15	7	21	25	23
FBGN0051410	3	0	0	2	0	0
FBGN0003257	161	170	126	174	227	227
FBGN0001169	66	60	50	103	165	138
FBGN0038993	0	0	0	0	0	0
FBGN0038054	0	0	0	0	0	0
FBGN0053192	0	0	0	0	0	0
FBGN0037721	37	47	29	84	172	104
FBGN0086361	93	91	68	110	171	191
FBGN0037779	39	24	28	31	33	61
FBGN0260743	38	37	14	32	53	50
FBGN0002941	0	0	0	0	0	0
FBGN0037742	15	17	4	8	10	3
FBGN0037997	0	0	0	0	0	0
FBGN0025821	0	0	0	0	0	0
FBGN0051038	11	27	23	51	79	67
FBGN0039689	2	3	2	5	17	10
FBGN0039554	85	57	42	81	143	127
FBGN0039250	247	180	192	336	402	381
FBGN0037592	15	14	17	18	42	47
FBGN0028997	13	14	4	23	16	22
FBGN0011666	122	91	88	156	308	256
FBGN0037500	0	0	0	0	0	0
FBGN0284081	0	0	0	0	0	0
FBGN0262975	194	194	125	268	364	339
FBGN0262167	64	33	36	64	95	101
FBGN0000064	175	137	181	283	519	394
FBGN0038163	0	0	0	0	0	0
FBGN0039149	24	24	17	18	3	17
FBGN0027109	0	0	0	0	0	0
FBGN0038425	9	2	4	2	8	9
FBGN0038482	0	0	0	0	0	0
FBGN0250832	0	0	0	0	0	0
FBGN0037643	314	256	197	387	470	513
FBGN0267236	0	0	0	0	0	0
FBGN0038140	0	0	0	0	0	0
FBGN0061476	60	61	39	98	128	117
FBGN0038122	0	0	0	0	0	0
FBGN0029170	0	2	2	7	12	7
FBGN0003450	0	0	0	0	0	0
FBGN0039596	0	0	0	0	0	0
FBGN0038490	0	1	1	4	2	3
FBGN0039106	0	0	0	0	0	0
FBGN0039335	33	31	16	38	55	39
FBGN0038879	0	0	0	0	0	0
FBGN0037336	39	57	41	97	139	125
FBGN0003651	14	13	3	22	26	32
FBGN0037690	0	0	2	0	0	0
FBGN0038106	39	39	17	40	64	53
FBGN0001321	196	125	95	160	181	185
FBGN0037225	0	0	0	0	0	0
FBGN0038082	0	0	0	0	0	0
FBGN0005355	60	46	51	68	130	144
FBGN0000150	2021	1710	1541	1728	2770	2619
FBGN0037577	0	0	0	0	0	0
FBGN0038866	0	0	0	0	0	1
FBGN0038429	30	21	6	25	55	59
FBGN0038981	65	60	40	70	113	95
FBGN0262144	0	0	0	0	0	0
FBGN0038654	0	0	0	0	0	0
FBGN0039789	0	0	0	0	0	7
FBGN0039589	29	25	21	37	46	53
FBGN0039591	0	0	0	0	0	0
FBGN0039718	0	0	0	0	0	0
FBGN0038241	0	1	1	0	0	0
FBGN0038018	0	0	0	0	0	0
FBGN0038715	0	0	0	0	0	0
FBGN0039478	0	0	0	0	0	0
FBGN0004117	3	10	83	6	2	0
FBGN0028708	35	25	21	45	53	58
FBGN0046222	106	63	54	109	146	149
FBGN0039637	13	22	9	31	55	40
FBGN0283477	954	827	682	640	704	675
FBGN0039370	0	0	0	0	0	0
FBGN0038126	52	26	19	42	61	60
FBGN0265101	29	28	24	50	43	43
FBGN0015019	943	749	612	881	1310	1274
FBGN0051068	0	0	0	0	0	0
FBGN0037218	93	52	66	152	157	170
FBGN0011670	0	0	0	0	0	0
FBGN0000527	0	1	0	0	0	0
FBGN0037613	3	6	7	9	18	10
FBGN0027608	0	0	2	1	1	4
FBGN0051477	4	4	4	6	7	2
FBGN0267431	0	0	1	0	0	0
FBGN0039563	68	48	33	90	99	104
FBGN0261046	0	1	0	0	0	0
FBGN0263398	28	26	35	31	44	34
FBGN0046885	0	0	0	0	0	0
FBGN0004577	2	1	16	3	7	6
FBGN0003308	9	13	7	0	5	5
FBGN0038818	0	0	2	0	0	0
FBGN0039736	0	0	0	0	0	0
FBGN0037531	26	18	32	16	20	19
FBGN0266405	0	0	0	0	0	0
FBGN0013949	0	0	0	4	0	0
FBGN0044809	0	0	0	0	0	0
FBGN0262614	767	625	531	950	1316	1293
FBGN0051115	0	0	0	0	0	0
FBGN0260962	565	461	391	481	737	699
FBGN0037606	2	3	6	12	15	12
FBGN0038976	83	76	58	149	154	174
FBGN0037517	0	0	0	0	0	0
FBGN0051326	0	0	0	0	0	0
FBGN0039309	0	0	0	0	0	0
FBGN0021750	27	23	19	43	49	63
FBGN0002862	0	0	0	0	0	0
FBGN0260399	29	21	24	54	72	69
FBGN0261994	0	0	0	0	0	0
FBGN0039677	0	0	0	0	0	0
FBGN0037387	0	0	0	0	0	0
FBGN0038313	22	15	15	30	38	55
FBGN0039369	0	0	0	0	0	0
FBGN0037238	0	0	0	0	0	0
FBGN0025808	24	14	7	18	30	23
FBGN0260759	3	3	2	6	7	2
FBGN0039115	14	11	15	19	23	27
FBGN0037737	56	17	38	51	44	38
FBGN0037350	1	1	6	5	2	2
FBGN0037515	6	7	6	9	8	5
FBGN0037340	37	28	20	32	43	49
FBGN0038849	0	0	0	0	1	0
FBGN0261932	0	7	2	0	0	0
FBGN0001112	21	25	19	32	31	23
FBGN0039875	80	55	53	136	183	197
FBGN0037365	0	0	0	0	0	0
FBGN0039811	0	0	0	0	0	0
FBGN0053213	11	10	11	10	14	12
FBGN0037962	0	0	0	0	1	0
FBGN0003429	2	0	0	0	0	0
FBGN0011725	141	106	70	242	275	300
FBGN0263399	0	0	0	0	0	0
FBGN0051121	117	90	66	185	333	305
FBGN0062411	0	0	0	0	0	0
FBGN0051354	0	0	3	0	0	8
FBGN0264816	23	25	44	79	62	62
FBGN0037758	44	35	26	94	98	99
FBGN0037916	0	0	0	0	0	0
FBGN0038055	13	14	13	51	39	23
FBGN0026598	93	59	68	122	132	144
FBGN0262808	0	0	0	0	0	0
FBGN0038546	74	60	49	59	71	90
FBGN0011745	250	209	162	278	354	337
FBGN0037406	0	0	0	0	1	0
FBGN0039034	0	0	0	0	0	0
FBGN0004369	157	93	101	293	396	368
FBGN0039598	0	0	0	0	0	0
FBGN0266581	311	266	215	283	375	425
FBGN0261393	0	1	0	0	0	2
FBGN0085345	0	0	0	0	0	0
FBGN0039161	1	1	3	2	9	1
FBGN0000591	5	7	5	15	39	27
FBGN0039494	51	27	29	46	84	81
FBGN0260794	492	350	370	649	970	734
FBGN0039031	0	0	0	3	0	0
FBGN0014141	356	410	519	590	862	791
FBGN0262562	0	2	0	2	3	1
FBGN0003275	169	122	134	105	114	142
FBGN0270925	0	0	0	0	0	0
FBGN0083974	0	0	0	0	0	0
FBGN0260237	1	1	2	4	8	0
FBGN0026063	0	0	1	1	0	0
FBGN0038158	0	0	0	0	0	0
FBGN0013347	59	57	38	134	144	117
FBGN0051269	0	0	0	0	0	0
FBGN0037844	1	2	0	1	0	0
FBGN0040271	131	81	103	186	179	171
FBGN0039495	0	0	0	0	0	0
FBGN0038124	0	0	0	0	0	0
FBGN0039431	32	28	33	43	69	54
FBGN0025571	257	207	199	268	354	439
FBGN0037554	23	7	19	40	50	56
FBGN0037284	0	0	0	0	0	0
FBGN0022787	93	56	47	86	115	111
FBGN0038795	0	0	1	0	0	0
FBGN0015011	3	9	2	1	2	3
FBGN0042111	11	19	5	20	48	44
FBGN0003129	1	0	0	0	0	1
FBGN0038511	91	69	69	103	139	106
FBGN0037536	25	27	28	42	51	63
FBGN0037931	17	18	12	15	23	32
FBGN0038855	30	40	37	34	43	66
FBGN0039359	877	694	620	969	1426	1165
FBGN0000564	0	0	0	0	0	0
FBGN0026441	36	44	34	41	95	52
FBGN0038237	0	0	0	0	0	0
FBGN0037514	0	0	0	0	0	0
FBGN0038033	0	0	0	0	0	0
FBGN0039319	1	0	0	0	0	0
FBGN0039395	0	0	0	0	0	0
FBGN0265351	12	28	8	29	27	42
FBGN0262576	0	0	0	0	0	0
FBGN0085311	0	0	0	5	5	518
FBGN0004174	0	0	0	0	0	0
FBGN0039291	55	26	50	33	25	5
FBGN0051021	0	0	0	0	0	0
FBGN0037583	38	52	21	103	91	90
FBGN0051441	1	5	2	5	7	1
FBGN0051374	1	3	20	2	2	0
FBGN0039102	1	0	1	0	6	1
FBGN0039638	74	51	45	98	103	111
FBGN0025802	47	36	31	74	96	92
FBGN0037344	294	271	203	397	565	522
FBGN0053193	29	16	11	26	51	43
FBGN0037751	0	0	0	0	0	0
FBGN0026562	104	73	65	114	153	126
FBGN0039703	0	0	0	0	0	0
FBGN0038348	0	1	0	0	0	0
FBGN0010808	72	36	63	49	66	63
FBGN0038942	0	0	0	0	0	0
FBGN0264741	0	0	0	0	0	0
FBGN0039219	138	107	94	103	173	141
FBGN0037850	6	6	15	0	0	0
FBGN0039008	0	0	2	0	0	0
FBGN0037468	206	145	120	220	260	261
FBGN0037420	0	0	0	0	0	0
FBGN0250753	1182	922	783	1000	1101	1259
FBGN0015831	0	0	0	0	1	0
FBGN0039719	0	0	0	0	0	0
FBGN0259685	995	773	682	802	957	1070
FBGN0003249	0	0	0	0	0	0
FBGN0000139	135	94	74	105	102	94
FBGN0017567	46	43	43	42	78	67
FBGN0261285	4	10	3	8	12	7
FBGN0037230	0	0	0	0	0	0
FBGN0045468	0	0	0	0	0	0
FBGN0003513	18	22	9	25	45	46
FBGN0053927	0	0	0	0	0	0
FBGN0024944	0	0	0	0	0	0
FBGN0037707	140	123	142	148	249	248
FBGN0267106	0	0	0	0	0	0
FBGN0038395	1	0	0	0	1	0
FBGN0287598	0	0	0	0	0	0
FBGN0038001	0	0	0	0	0	0
FBGN0037671	109	114	70	181	424	311
FBGN0039665	28	46	31	68	139	73
FBGN0039006	20	17	9	42	61	66
FBGN0037228	6	6	5	2	0	0
FBGN0038709	0	0	0	0	0	0
FBGN0010328	746	568	581	921	1238	1401
FBGN0038746	109	54	48	45	76	53
FBGN0037717	0	0	0	0	0	0
FBGN0038983	15	9	8	36	72	55
FBGN0044812	0	0	0	0	0	0
FBGN0038020	55	36	54	46	33	37
FBGN0037836	0	0	0	0	0	0
FBGN0086365	86	56	42	81	116	149
FBGN0016672	3	2	9	4	6	3
FBGN0004387	69	43	50	81	133	131
FBGN0024491	188	119	116	152	172	178
FBGN0037537	259	235	196	370	441	457
FBGN0261532	63	33	30	73	73	74
FBGN0010040	0	0	0	0	0	0
FBGN0037323	32	36	12	18	27	28
FBGN0262112	0	3	0	2	3	1
FBGN0039474	0	0	0	0	0	0
FBGN0004587	636	643	545	893	1321	1380
FBGN0038051	0	0	0	0	0	0
FBGN0038396	25	33	11	54	50	39
FBGN0000279	0	0	0	0	0	0
FBGN0038918	0	0	0	0	0	0
FBGN0039350	145	97	81	77	155	111
FBGN0261502	0	0	0	0	0	0
FBGN0002633	8	3	8	15	13	23
FBGN0041102	0	0	0	0	0	0
FBGN0051324	0	0	0	0	1	0
FBGN0250757	0	0	2	0	0	0
FBGN0020249	28	22	8	47	87	75
FBGN0039321	0	0	0	0	0	0
FBGN0039804	18	37	12	36	63	40
FBGN0003205	121	118	84	137	201	197
FBGN0002413	314	211	157	220	386	355
FBGN0085309	0	0	0	0	0	0
FBGN0038011	0	0	0	1	0	0
FBGN0038194	0	0	1	0	0	0
FBGN0261238	133	162	122	149	309	249
FBGN0086605	129	89	80	86	115	109
FBGN0037430	0	0	0	0	0	0
FBGN0039659	0	0	0	0	0	0
FBGN0037384	26	19	21	21	41	22
FBGN0038419	0	0	0	0	0	1
FBGN0038975	0	0	0	0	0	0
FBGN0038000	0	0	0	0	0	0
FBGN0037815	57	62	59	60	93	111
FBGN0038927	91	76	69	98	181	123
FBGN0284234	0	0	0	0	0	0
FBGN0038318	54	53	24	74	114	131
FBGN0039679	0	0	0	0	0	0
FBGN0051380	0	0	0	0	0	0
FBGN0037486	0	0	0	0	0	0
FBGN0039588	19	11	19	19	29	36
FBGN0085433	4	13	20	15	55	28
FBGN0038876	16	4	3	9	9	7
FBGN0038144	0	0	0	1	0	0
FBGN0024909	64	46	58	52	64	77
FBGN0038451	0	0	0	0	0	0
FBGN0037778	22	19	12	26	41	32
FBGN0038901	0	0	0	0	0	0
FBGN0267651	0	0	0	0	0	0
FBGN0004778	0	0	0	0	0	0
FBGN0015229	16	14	22	31	73	49
FBGN0051501	0	0	0	0	0	0
FBGN0027873	118	94	83	138	137	141
FBGN0283499	149	80	80	157	190	152
FBGN0038512	0	0	0	0	0	0
FBGN0027617	61	56	37	44	57	68
FBGN0085325	10	1	0	0	1	14
FBGN0039887	0	0	0	0	0	0
FBGN0038704	47	57	49	109	133	109
FBGN0039498	0	0	0	0	0	0
FBGN0002838	0	0	0	0	0	0
FBGN0259991	0	0	1	3	6	0
FBGN0037520	0	0	0	0	0	0
FBGN0038888	0	0	0	0	0	0
FBGN0286852	0	0	0	0	0	0
FBGN0041707	0	0	0	0	0	2
FBGN0000500	0	0	0	0	0	0
FBGN0038045	0	0	0	0	0	0
FBGN0039271	10	17	15	12	24	28
FBGN0039117	110	110	54	153	166	150
FBGN0038506	0	0	0	0	0	0
FBGN0263048	5	1	3	0	0	5
FBGN0004171	0	0	0	0	0	0
FBGN0038957	1	2	0	0	1	0
FBGN0053098	0	0	0	0	0	0
FBGN0038350	0	0	0	0	2	5
FBGN0017581	557	345	345	450	641	696
FBGN0039557	97	52	54	70	64	73
FBGN0024958	186	115	98	153	197	192
FBGN0039872	0	0	0	0	0	0
FBGN0002632	3	1	3	2	3	8
FBGN0039428	0	0	0	0	0	0
FBGN0266455	0	0	0	0	0	0
FBGN0039130	168	114	131	221	320	270
FBGN0037388	0	0	0	0	0	0
FBGN0051253	0	0	0	0	0	0
FBGN0261984	59	62	38	92	124	88
FBGN0051469	0	1	0	2	0	0
FBGN0038761	4	0	0	0	0	1
FBGN0039048	0	0	0	0	0	0
FBGN0265146	0	0	1	0	0	0
FBGN0043791	0	0	0	0	0	0
FBGN0260642	35	44	17	34	66	48
FBGN0038365	27	15	5	24	34	32
FBGN0038029	0	0	0	0	0	0
FBGN0002626	1064	812	653	898	1528	1440
FBGN0267430	0	0	0	0	0	0
FBGN0264490	0	0	2	0	0	0
FBGN0037374	23	7	14	32	20	21
FBGN0266534	0	1	0	0	0	0
FBGN0037988	0	0	0	0	0	0
FBGN0028690	528	463	433	629	845	756
FBGN0051055	1	0	0	0	0	0
FBGN0038420	0	1	0	6	7	4
FBGN0051467	0	0	0	0	0	0
FBGN0250746	463	450	319	557	796	772
FBGN0263390	0	0	2	0	0	0
FBGN0015574	0	0	0	0	0	0
FBGN0046114	34	22	25	23	41	44
FBGN0039299	7	88	5	0	3	0
FBGN0260464	13	10	6	23	32	39
FBGN0051104	0	0	0	0	0	0
FBGN0261395	0	0	0	0	0	0
FBGN0039241	199	118	124	245	349	419
FBGN0053977	38	24	16	42	65	35
FBGN0040582	0	0	0	0	0	0
FBGN0051126	25	20	11	20	21	20
FBGN0039386	0	0	0	0	0	0
FBGN0038087	0	0	0	0	0	0
FBGN0002781	290	207	237	431	678	633
FBGN0001098	650	549	403	576	992	974
FBGN0038672	14	19	8	13	13	8
FBGN0260224	9	7	2	26	29	20
FBGN0038814	0	0	0	0	0	0
FBGN0004509	123	89	95	109	164	170
FBGN0038256	2	6	4	14	19	10
FBGN0286976	0	0	0	0	0	0
FBGN0038070	0	0	0	0	1	0
FBGN0037624	1463	1033	946	856	1115	1183
FBGN0004862	0	0	0	0	0	0
FBGN0038260	0	4	1	1	4	3
FBGN0017456	0	0	0	0	0	0
FBGN0038701	0	0	0	0	0	0
FBGN0037551	85	59	56	54	102	80
FBGN0037906	0	0	0	0	0	0
FBGN0037240	1594	1223	1049	1605	2039	1939
FBGN0053094	92	63	78	106	174	164
FBGN0037944	21	15	8	16	53	26
FBGN0002733	61	48	47	77	113	136
FBGN0039801	1	0	1	2	0	0
FBGN0052473	202	188	131	276	467	511
FBGN0260742	376	257	223	283	371	377
FBGN0038271	218	201	188	344	516	519
FBGN0020493	59	59	57	103	198	154
FBGN0053208	110	96	64	170	221	184
FBGN0039201	0	0	0	0	0	0
FBGN0039070	0	0	0	0	0	0
FBGN0039077	0	0	0	0	0	0
FBGN0037530	291	260	194	240	380	401
FBGN0263974	3	0	0	1	2	4
FBGN0051446	0	0	0	0	0	0
FBGN0039633	74	65	91	136	233	197
FBGN0051128	0	0	0	0	0	0
FBGN0260760	1	0	4	3	5	6
FBGN0037832	0	0	0	0	0	0
FBGN0260860	5	20	15	20	24	30
FBGN0038609	102	77	60	85	103	113
FBGN0039669	0	0	0	0	0	0
FBGN0038859	0	0	0	0	0	0
FBGN0038742	72	40	44	107	187	160
FBGN0039315	0	0	1	0	0	0
FBGN0038327	106	105	55	99	91	99
FBGN0261479	23	17	14	33	68	48
FBGN0013334	80	65	52	83	80	71
FBGN0028670	187	109	68	195	235	266
FBGN0027570	218	192	159	247	395	353
FBGN0266745	0	0	0	0	1	0
FBGN0263351	153	125	147	199	219	257
FBGN0040212	15	4	4	12	23	21
FBGN0039184	0	0	0	0	0	0
FBGN0003137	1339	1034	942	1605	2551	2075
FBGN0261356	0	0	0	0	2	0
FBGN0046878	0	0	0	0	0	0
FBGN0037741	46	36	12	59	82	84
FBGN0038475	14	7	20	16	20	8
FBGN0051219	0	0	0	0	0	0
FBGN0038312	8	5	2	9	13	11
FBGN0038549	12	7	9	10	15	6
FBGN0011672	44	19	12	63	93	84
FBGN0038204	0	0	0	0	0	0
FBGN0039537	132	153	109	275	452	460
FBGN0283439	0	0	0	0	0	0
FBGN0039485	0	0	0	0	0	0
FBGN0039876	12	10	10	20	23	22
FBGN0038870	209	183	194	254	375	335
FBGN0038390	61	38	34	79	93	108
FBGN0010379	274	185	179	265	306	304
FBGN0266451	2	3	22	2	2	0
FBGN0085332	0	0	0	0	0	0
FBGN0037477	0	0	0	0	0	0
FBGN0038716	0	0	1	0	0	0
FBGN0038833	0	0	0	0	0	0
FBGN0039685	104	189	561	265	68	70
FBGN0039109	1	0	1	0	0	0
FBGN0039029	0	0	0	0	0	0
FBGN0037416	0	1	0	0	0	0
FBGN0039751	12	26	19	6	17	17
FBGN0265276	171	117	105	203	332	274
FBGN0051040	47	42	41	76	73	87
FBGN0263022	0	0	0	0	0	0
FBGN0039301	78	41	49	62	137	118
FBGN0261065	110	73	56	143	190	182
FBGN0287587	0	0	0	0	0	0
FBGN0260766	0	1	1	3	1	0
FBGN0039561	65	19	17	39	59	40
FBGN0039104	0	0	0	0	0	0
FBGN0038679	98	75	83	135	163	207
FBGN0038445	0	0	0	0	0	0
FBGN0047114	31	33	26	22	26	23
FBGN0038449	0	0	2	0	0	0
FBGN0039129	0	2	3	2	2	2
FBGN0038809	72	48	33	110	189	146
FBGN0011476	10	9	11	9	6	6
FBGN0261817	0	0	0	0	0	0
FBGN0027610	0	2	0	0	4	2
FBGN0037345	1	1	2	0	8	4
FBGN0039851	273	149	111	110	159	180
FBGN0010355	269	171	210	337	413	350
FBGN0051548	35	41	29	32	53	50
FBGN0260487	0	0	0	0	0	0
FBGN0262717	146	101	84	134	153	175
FBGN0287588	0	0	0	0	0	0
FBGN0051510	58	48	36	63	90	103
FBGN0037722	9	2	10	13	22	17
FBGN0037328	376	411	327	545	845	756
FBGN0037565	0	0	0	0	0	0
FBGN0037698	0	0	0	0	0	0
FBGN0260467	11	4	3	16	36	23
FBGN0085461	0	0	0	0	0	0
FBGN0041188	426	349	258	500	770	785
FBGN0037315	11	19	11	39	31	44
FBGN0040283	218	165	152	292	307	319
FBGN0259974	0	0	0	0	0	0
FBGN0040682	0	0	0	0	1	0
FBGN0085383	0	0	0	0	0	0
FBGN0038291	0	0	1	2	0	0
FBGN0038828	0	0	0	0	0	0
FBGN0040206	77	68	99	145	183	173
FBGN0038452	0	0	0	0	0	0
FBGN0284232	0	1	0	0	0	0
FBGN0004908	46	32	40	23	50	48
FBGN0051151	77	50	76	109	188	171
FBGN0037222	1	0	0	0	1	2
FBGN0004876	117	60	63	104	101	148
FBGN0038292	2	0	0	0	0	2
FBGN0038343	0	0	0	0	0	0
FBGN0039091	0	0	0	0	0	0
FBGN0051516	0	0	0	0	0	0
FBGN0001296	2	2	5	0	0	0
FBGN0286507	0	0	0	0	0	0
FBGN0039816	0	0	0	0	0	0
FBGN0038819	0	0	0	0	0	0
FBGN0086253	237	170	182	145	184	172
FBGN0039464	10	12	13	8	9	20
FBGN0038640	56	36	33	54	62	65
FBGN0039178	7	3	2	3	3	3
FBGN0243512	29	21	23	43	75	80
FBGN0041105	0	0	0	0	0	0
FBGN0039019	177	124	101	158	174	181
FBGN0039170	1	0	0	7	0	1
FBGN0039017	14	6	16	18	18	10
FBGN0051538	0	0	2	0	1	2
FBGN0037878	205	157	178	181	256	198
FBGN0037465	75	35	30	85	115	116
FBGN0038371	7	7	1	14	19	6
FBGN0039726	49	57	64	54	68	88
FBGN0039833	0	0	0	0	0	0
FBGN0037372	90	91	97	137	159	173
FBGN0051249	46	33	16	35	57	76
FBGN0005649	324	270	237	344	489	487
FBGN0027338	552	486	367	670	1104	959
FBGN0011020	66	66	46	86	127	133
FBGN0039420	0	0	0	0	0	0
FBGN0045443	0	0	0	0	0	0
FBGN0038619	17	33	25	10	21	23
FBGN0266418	70	57	63	87	135	121
FBGN0002622	2497	1899	1636	1831	2503	2795
FBGN0259990	7	1	9	15	15	15
FBGN0004842	0	0	0	0	0	0
FBGN0011225	678	577	454	707	1155	1101
FBGN0261837	78	40	27	77	93	91
FBGN0037239	25	20	12	24	70	44
FBGN0026400	80	68	74	36	113	68
FBGN0260634	60	39	31	71	122	114
FBGN0038437	19	26	17	22	14	44
FBGN0051205	0	0	0	0	0	0
FBGN0014879	682	333	476	489	501	538
FBGN0038484	0	0	0	0	0	0
FBGN0051016	0	0	0	0	0	0
FBGN0086917	3	17	0	0	0	0
FBGN0003002	51	25	24	47	63	49
FBGN0037429	0	0	0	0	0	0
FBGN0038973	0	1	0	0	0	0
FBGN0037678	0	1	4	0	0	0
FBGN0000032	42	43	46	78	107	89
FBGN0038071	177	160	109	287	378	385
FBGN0038326	90	95	94	101	133	138
FBGN0028396	13	5	13	17	4	9
FBGN0003482	1	0	4	7	1	5
FBGN0003889	0	4	1	0	1	4
FBGN0250831	0	0	0	0	0	0
FBGN0028968	313	317	218	506	791	683
FBGN0038309	0	0	0	0	0	0
FBGN0038252	0	0	0	0	0	0
FBGN0262024	0	1	0	0	0	0
FBGN0038723	116	106	80	143	180	152
FBGN0038766	9	8	11	7	7	14
FBGN0261380	53	45	34	78	102	99
FBGN0051525	0	0	0	0	0	0
FBGN0037855	56	30	66	46	59	57
FBGN0004780	0	0	0	0	0	0
FBGN0261649	58	53	47	72	124	96
FBGN0000278	0	0	0	0	0	0
FBGN0039859	7	9	8	3	15	8
FBGN0051231	0	0	0	0	0	2
FBGN0039530	0	0	0	0	0	0
FBGN0051431	0	0	0	0	0	0
FBGN0038706	0	0	0	0	0	0
FBGN0038146	182	147	110	164	198	249
FBGN0037743	23	11	2	18	31	42
FBGN0263863	106	86	76	92	145	118
FBGN0024558	34	42	25	52	106	75
FBGN0083949	0	0	0	0	0	0
FBGN0005696	79	30	51	77	77	101
FBGN0039520	0	0	0	0	0	0
FBGN0011774	52	25	32	25	52	32
FBGN0037633	44	37	18	42	55	66
FBGN0027578	1	4	2	2	2	1
FBGN0039469	0	0	0	0	0	0
FBGN0015795	157	122	88	208	227	278
FBGN0039020	8	5	7	14	24	17
FBGN0058198	0	0	0	0	0	0
FBGN0039430	4	1	0	12	7	16
FBGN0260942	2	13	2	6	6	16
FBGN0038880	0	0	0	0	0	0
FBGN0013812	2	1	0	2	3	6
FBGN0039068	14	4	4	6	20	17
FBGN0038774	3	9	120	0	1	0
FBGN0051064	51	34	40	32	60	43
FBGN0000723	152	105	110	201	265	262
FBGN0263979	366	352	293	603	811	884
FBGN0263738	9	3	12	14	16	26
FBGN0039585	0	0	0	0	0	0
FBGN0259222	0	0	0	1	0	0
FBGN0039226	5	3	2	1	13	17
FBGN0261434	0	0	0	0	0	0
FBGN0003334	70	55	35	96	146	103
FBGN0039297	0	0	0	0	0	2
FBGN0039688	68	78	59	141	168	158
FBGN0038332	18	20	12	21	19	34
FBGN0085405	13	12	8	33	34	13
FBGN0038568	0	0	0	0	0	0
FBGN0039444	0	0	0	0	0	0
FBGN0285911	76	63	45	82	83	105
FBGN0038454	40	29	25	27	44	27
FBGN0038984	30	48	28	119	172	167
FBGN0038839	0	0	0	0	0	0
FBGN0041186	43	40	36	104	105	69
FBGN0051139	0	0	0	0	1	0
FBGN0011273	0	0	0	0	0	0
FBGN0038273	3	8	8	9	2	5
FBGN0038183	140	98	99	122	102	152
FBGN0042213	28	24	33	15	20	17
FBGN0039038	0	0	0	0	0	0
FBGN0037736	0	0	0	0	0	0
FBGN0051146	9	6	4	9	4	4
FBGN0039482	3	17	73	0	2	3
FBGN0039051	1	0	1	0	0	0
FBGN0027494	0	0	0	0	0	1
FBGN0037960	57	56	37	113	168	159
FBGN0039440	0	0	0	0	0	0
FBGN0037464	0	0	0	0	0	0
FBGN0039486	0	0	0	0	0	4
FBGN0038630	0	0	0	0	0	0
FBGN0263621	0	0	0	0	0	0
FBGN0038381	43	53	25	61	144	130
FBGN0039244	99	86	68	139	272	245
FBGN0086359	43	17	23	43	50	45
FBGN0026576	13	9	8	11	24	22
FBGN0037634	23	17	18	34	49	36
FBGN0263025	5	3	4	3	7	8
FBGN0038653	0	0	0	0	0	0
FBGN0037421	0	0	0	0	0	0
FBGN0024326	56	73	32	65	95	117
FBGN0010403	0	0	0	0	0	0
FBGN0039628	0	0	0	0	0	0
FBGN0037561	25	24	31	38	60	55
FBGN0003227	28	44	34	39	48	76
FBGN0038610	145	143	101	309	628	469
FBGN0037571	0	0	0	0	0	0
FBGN0041711	21	81	41	23	20	36
FBGN0039597	0	0	0	0	0	0
FBGN0038189	0	0	0	0	0	0
FBGN0037576	0	0	0	0	0	0
FBGN0010039	65	51	45	79	102	115
FBGN0037533	703	558	412	952	1391	1260
FBGN0037801	3	5	3	10	2	0
FBGN0266539	5	2	5	12	5	15
FBGN0037379	32	27	30	59	94	80
FBGN0038376	90	55	56	74	122	99
FBGN0019936	229	232	172	513	725	805
FBGN0266917	269	206	173	299	389	344
FBGN0038763	11	1	2	14	16	16
FBGN0026314	0	0	0	3	0	0
FBGN0039294	5	5	0	4	3	4
FBGN0053547	0	0	0	0	0	0
FBGN0038853	61	36	25	52	77	86
FBGN0037999	20	10	8	21	29	20
FBGN0261714	0	0	0	0	0	0
FBGN0038808	30	14	21	59	66	66
FBGN0037877	8	16	11	29	13	25
FBGN0261680	0	0	0	0	0	0
FBGN0038673	51	29	48	54	55	60
FBGN0261575	0	0	0	0	2	0
FBGN0001215	1821	1264	1019	743	917	1003
FBGN0051281	0	0	0	0	0	0
FBGN0027378	83	67	43	106	142	134
FBGN0003720	0	0	0	0	0	0
FBGN0051439	0	0	0	58	12	2367
FBGN0000147	37	40	28	71	101	81
FBGN0039112	74	71	45	87	100	113
FBGN0039629	0	0	0	0	0	5
FBGN0017577	204	225	171	356	482	530
FBGN0037469	12	3	3	15	11	9
FBGN0003870	306	158	150	292	466	455
FBGN0265201	0	0	0	0	0	0
FBGN0037431	0	0	0	0	0	0
FBGN0039086	0	0	0	0	0	0
FBGN0051014	0	0	1	0	0	0
FBGN0010877	54	77	47	79	97	128
FBGN0038315	0	0	0	0	0	0
FBGN0039501	1	0	0	0	1	0
FBGN0262899	0	0	0	0	0	0
FBGN0000063	24	15	13	42	49	42
FBGN0020647	61	56	60	69	111	86
FBGN0051436	1	1	1	0	0	4
FBGN0053093	0	1	0	0	0	0
FBGN0038272	65	55	68	96	116	126
FBGN0038225	0	0	0	0	0	0
FBGN0038218	0	0	0	0	0	0
FBGN0024329	147	106	98	165	268	228
FBGN0002962	0	0	0	0	0	0
FBGN0000303	0	0	0	0	0	0
FBGN0027841	116	78	110	114	196	184
FBGN0039329	12	10	2	17	14	26
FBGN0039260	76	48	53	60	79	94
FBGN0039249	3	3	1	1	7	2
FBGN0051414	0	1	0	2	12	1
FBGN0051176	0	3	0	6	6	9
FBGN0262538	0	0	0	0	0	0
FBGN0003011	0	0	0	0	0	0
FBGN0039564	0	0	0	0	1	0
FBGN0037899	141	174	113	139	191	235
FBGN0038063	0	0	0	0	0	0
FBGN0037993	0	0	0	0	0	0
FBGN0038806	57	36	47	22	52	46
FBGN0024841	31	14	25	27	51	40
FBGN0015589	78	51	60	83	142	128
FBGN0053099	11	3	1	8	12	22
FBGN0039471	0	0	8	0	0	0
FBGN0027598	93	76	66	110	130	146
FBGN0083963	0	0	0	0	0	0
FBGN0286828	45	24	21	52	64	68
FBGN0051549	63	37	36	55	56	58
FBGN0039427	30	13	21	33	32	32
FBGN0004652	121	68	105	73	131	165
FBGN0039836	2	8	5	7	11	12
FBGN0039676	0	0	0	0	0	0
FBGN0067628	8	4	5	15	18	35
FBGN0039611	0	2	1	0	2	1
FBGN0038750	0	0	0	0	0	1
FBGN0026207	182	159	165	245	351	305
FBGN0041225	1	0	0	0	0	0
FBGN0039551	0	0	0	0	0	0
FBGN0038115	18	24	17	34	50	34
FBGN0051343	0	0	0	0	0	0
FBGN0039710	76	87	67	94	137	110
FBGN0261262	0	0	0	0	0	0
FBGN0028471	59	58	45	74	87	92
FBGN0028984	319	322	237	445	756	730
FBGN0263750	0	0	0	0	0	0
FBGN0039132	22	26	8	33	53	60
FBGN0243586	0	0	0	0	0	0
FBGN0037409	9	2	1	4	7	10
FBGN0038593	29	16	14	50	62	55
FBGN0014931	0	0	0	0	0	0
FBGN0037405	0	0	0	0	0	0
FBGN0086687	498	448	382	554	804	764
FBGN0039332	0	0	2	0	0	0
FBGN0005659	10	0	0	2	9	5
FBGN0014863	0	4	18	0	0	0
FBGN0038579	0	0	0	0	0	0
FBGN0038280	0	0	0	0	0	0
FBGN0051546	0	0	0	0	0	0
FBGN0037317	31	22	24	33	44	39
FBGN0037924	65	75	44	105	131	123
FBGN0013278	0	0	0	0	0	0
FBGN0000206	0	0	0	0	0	0
FBGN0051524	0	0	0	0	0	0
FBGN0038300	28	39	32	81	88	73
FBGN0027524	161	150	111	120	168	144
FBGN0010041	0	0	0	0	0	0
FBGN0038213	0	0	0	0	0	0
FBGN0015765	2	2	0	11	15	8
FBGN0086371	52	56	58	78	98	100
FBGN0039228	0	0	0	0	0	0
FBGN0011289	88	107	70	94	134	125
FBGN0037724	5	1	3	4	0	0
FBGN0270927	98	59	55	116	117	117
FBGN0039049	62	58	32	78	101	79
FBGN0037385	0	0	0	0	0	0
FBGN0038930	0	0	0	0	0	0
FBGN0037255	331	217	216	204	343	299
FBGN0004237	2457	1758	1523	1083	1533	1431
FBGN0051472	87	57	64	90	123	88
FBGN0038626	0	0	0	0	0	0
FBGN0039124	0	0	0	0	0	0
FBGN0051216	2	6	2	3	13	9
FBGN0037573	234	212	142	322	481	462
FBGN0037556	43	42	21	43	68	55
FBGN0037574	10	10	0	21	7	7
FBGN0002578	1	0	0	2	0	147
FBGN0051030	2	1	0	0	0	0
FBGN0261641	423	285	327	335	466	403
FBGN0262871	84	36	47	72	123	86
FBGN0038168	71	41	29	64	101	85
FBGN0039759	0	0	3	3	3	4
FBGN0039654	137	106	86	77	152	156
FBGN0262613	0	0	0	0	0	0
FBGN0039532	15	9	7	24	28	27
FBGN0027518	17	13	21	31	56	34
FBGN0037750	0	0	0	0	0	0
FBGN0010772	36	30	57	40	95	47
FBGN0038945	0	0	0	0	0	0
FBGN0024833	91	50	49	74	139	112
FBGN0037922	14	13	10	16	31	38
FBGN0025680	0	0	1	0	0	0
FBGN0037539	17	10	11	20	22	21
FBGN0266719	54	36	25	86	81	99
FBGN0039277	0	0	0	0	1	0
FBGN0039421	0	0	0	0	0	0
FBGN0266177	0	0	0	0	0	0
FBGN0043455	75	51	63	55	68	63
FBGN0003567	314	202	216	265	372	306
FBGN0261291	0	0	0	0	0	0
FBGN0039674	24	25	25	34	43	44
FBGN0038915	0	0	0	0	0	0
FBGN0039818	0	0	0	0	0	4
FBGN0038286	42	50	15	86	150	142
FBGN0263597	0	0	0	0	0	0
FBGN0010113	329	298	222	635	945	960
FBGN0037298	64	58	43	61	98	78
FBGN0051220	0	0	0	0	0	0
FBGN0040687	0	0	0	0	0	0
FBGN0039163	256	132	147	92	175	155
FBGN0260741	14	15	7	14	21	16
FBGN0026059	103	90	80	114	180	170
FBGN0051300	0	0	0	0	0	0
FBGN0051406	0	0	0	0	0	0
FBGN0045843	0	0	0	0	0	0
FBGN0051459	0	0	0	0	0	0
FBGN0051368	253	189	155	237	318	393
FBGN0266673	136	109	93	130	168	136
FBGN0010313	77	37	51	45	111	71
FBGN0262587	5	3	1	2	4	0
FBGN0038355	0	0	0	0	0	0
FBGN0037460	0	0	0	0	0	0
FBGN0085307	0	1	0	0	0	0
FBGN0039182	287	214	174	266	278	341
FBGN0038339	1	1	2	3	4	0
FBGN0040257	0	0	2	0	0	0
FBGN0039378	0	0	0	0	0	0
FBGN0051370	0	0	0	1	0	0
FBGN0083950	0	0	0	0	0	0
FBGN0011668	0	0	0	0	0	0
FBGN0265083	9	15	13	2	6	5
FBGN0038108	320	181	171	276	459	423
FBGN0037827	0	0	0	0	0	0
FBGN0015622	470	427	334	434	825	769
FBGN0037662	0	0	0	0	0	0
FBGN0037879	0	0	0	0	0	0
FBGN0038857	69	59	39	81	54	60
FBGN0051388	1	12	1	2	11	1
FBGN0038100	37	13	17	37	46	45
FBGN0039175	185	144	129	233	294	298
FBGN0039120	491	373	302	570	814	796
FBGN0262023	0	60	2	0	1	0
FBGN0039722	0	0	0	0	0	0
FBGN0266443	0	0	0	0	0	0
FBGN0013767	0	0	0	0	0	0
FBGN0038401	0	1	1	3	5	10
FBGN0086695	13	5	14	20	35	38
FBGN0037760	244	131	125	246	362	339
FBGN0262541	0	0	0	0	0	0
FBGN0038274	94	87	60	142	162	179
FBGN0003510	0	0	0	0	0	0
FBGN0004573	0	0	0	0	0	0
FBGN0001180	0	0	0	0	2	1
FBGN0038206	52	48	23	40	76	51
FBGN0010222	74	79	46	59	88	107
FBGN0027583	43	31	24	30	46	61
FBGN0266721	0	0	0	0	0	0
FBGN0038744	0	0	0	0	1	1
FBGN0011474	105	95	76	165	235	221
FBGN0038917	5	11	5	5	10	7
FBGN0038239	3	0	1	0	0	0
FBGN0083967	23	7	11	5	23	23
FBGN0039830	365	392	295	724	1114	1004
FBGN0039404	52	36	33	32	55	61
FBGN0040588	0	0	0	0	0	0
FBGN0039125	129	106	55	230	288	232
FBGN0038632	19	15	8	32	35	53
FBGN0267648	0	0	0	0	0	0
FBGN0086372	170	160	126	208	257	253
FBGN0043069	0	0	0	0	0	0
FBGN0028684	312	340	228	352	594	546
FBGN0051207	0	0	0	0	0	0
FBGN0066101	44	60	36	68	106	133
FBGN0283535	119	104	67	127	178	154
FBGN0037261	135	118	111	124	203	212
FBGN0039576	0	0	0	0	0	0
FBGN0039190	0	0	0	0	0	0
FBGN0284226	2	0	1	1	3	8
FBGN0000071	450	407	333	516	655	598
FBGN0037632	1188	943	875	1306	1778	1803
FBGN0039630	5	3	4	2	4	2
FBGN0037498	0	0	0	0	0	0
FBGN0039126	12	8	7	8	22	24
FBGN0039092	0	0	0	0	0	0
FBGN0038474	36	43	33	50	55	50
FBGN0022338	47	34	25	90	107	105
FBGN0286977	0	0	0	0	0	0
FBGN0039707	0	0	0	0	0	0
FBGN0038170	0	0	0	0	0	0
FBGN0037860	0	0	0	0	0	0
FBGN0039666	0	0	0	0	0	0
FBGN0260990	36	41	38	50	98	69
FBGN0052855	0	0	0	0	0	0
FBGN0001230	22	13	81	17	13	194
FBGN0039296	20	28	10	21	39	16
FBGN0285938	0	0	0	0	0	0
FBGN0039022	0	0	2	10	0	0
FBGN0086134	205	203	182	282	452	460
FBGN0038005	0	0	0	0	0	0
FBGN0039711	35	21	28	26	14	30
FBGN0085330	0	0	0	0	0	0
FBGN0028671	134	109	79	179	206	232
FBGN0051323	0	0	0	0	0	0
FBGN0039839	0	0	0	0	0	0
FBGN0037652	186	136	135	126	218	182
FBGN0085438	0	0	0	0	0	0
FBGN0037763	0	0	0	0	0	0
FBGN0264829	0	0	0	0	0	0
FBGN0082831	132	82	63	129	221	193
FBGN0037646	0	0	0	1	2	0
FBGN0037622	46	49	45	91	54	84
FBGN0038700	0	0	0	0	0	0
FBGN0038585	179	107	109	114	167	177
FBGN0038453	168	131	101	85	132	151
FBGN0040259	158	132	109	195	190	164
FBGN0039136	15	22	9	35	66	54
FBGN0263041	0	0	0	0	0	0
FBGN0266756	287	209	262	309	412	416
FBGN0038965	28	24	23	52	94	49
FBGN0051515	0	0	0	0	0	0
FBGN0038666	164	111	90	91	201	147
FBGN0039735	125	84	89	260	263	233
FBGN0038319	64	43	41	47	46	62
FBGN0039873	0	0	0	0	0	0
FBGN0038125	0	0	0	0	0	0
FBGN0039639	3	3	3	19	14	13
FBGN0266465	78	78	70	93	166	133
FBGN0037619	1	4	5	2	6	5
FBGN0039783	0	0	0	0	0	0
FBGN0038564	34	21	28	15	23	30
FBGN0038056	1	6	2	4	5	4
FBGN0015571	6	2	1	12	9	9
FBGN0039454	0	0	0	0	0	7
FBGN0037312	130	128	85	79	113	130
FBGN0038682	20	11	9	7	20	13
FBGN0039079	0	0	0	0	0	0
FBGN0039683	0	0	0	0	0	0
FBGN0038181	1	0	17	0	2	0
FBGN0042207	0	0	0	0	0	0
FBGN0039648	0	0	0	0	0	0
FBGN0037341	8	3	19	10	22	13
FBGN0026417	20	25	5	28	31	34
FBGN0039205	5	0	2	6	7	9
FBGN0000166	0	0	0	0	0	0
FBGN0000576	75	97	47	115	176	152
FBGN0037777	14	8	3	8	17	8
FBGN0037470	134	98	109	193	212	267
FBGN0039568	0	0	0	0	0	0
FBGN0010421	87	65	52	74	102	110
FBGN0003375	17	25	3	9	1	4
FBGN0037888	0	0	0	0	0	0
FBGN0039258	18	18	15	31	53	24
FBGN0038889	26	12	21	32	26	18
FBGN0038304	39	27	29	27	61	57
FBGN0086472	623	549	538	552	832	712
FBGN0037295	2	0	0	0	2	0
FBGN0039141	21	11	14	27	32	30
FBGN0037875	32	33	19	67	149	99
FBGN0262537	0	0	0	0	0	0
FBGN0086608	3	4	5	8	7	7
FBGN0038007	0	0	0	0	0	0
FBGN0012344	0	0	0	0	0	0
FBGN0038296	10	3	9	11	16	8
FBGN0039199	0	0	0	0	0	0
FBGN0039487	9	9	13	6	35	16
FBGN0037422	0	0	0	0	0	0
FBGN0051559	4	1	1	7	10	11
FBGN0038157	0	0	0	0	0	0
FBGN0038680	7	1	2	0	0	3
FBGN0038647	17	5	0	0	0	0
FBGN0039642	84	64	20	73	84	94
FBGN0267650	0	0	0	0	0	0
FBGN0053110	0	0	0	0	2	0
FBGN0039799	0	0	0	0	0	0
FBGN0263316	3	5	6	7	9	14
FBGN0037630	0	0	0	4	1	1
FBGN0040684	0	0	0	0	0	0
FBGN0015520	70	40	61	58	70	79
FBGN0038548	5	3	8	5	9	4
FBGN0015270	48	36	21	52	55	78
FBGN0039760	0	0	3	0	0	7
FBGN0039640	0	4	0	2	2	0
FBGN0038536	84	85	51	98	185	205
FBGN0003248	0	0	0	0	0	0
FBGN0038266	0	0	0	0	0	0
FBGN0039667	0	0	0	0	0	0
FBGN0262873	0	0	0	0	0	0
FBGN0015778	1001	741	726	1023	1699	1861
FBGN0038073	0	0	0	0	0	0
FBGN0038133	0	0	0	0	0	0
FBGN0000094	0	0	0	0	0	0
FBGN0260969	0	0	0	0	0	0
FBGN0003312	5	3	0	2	0	5
FBGN0038827	112	78	81	124	158	174
FBGN0039156	35	19	25	55	61	45
FBGN0038755	10	16	9	29	38	40
FBGN0037979	39	27	23	49	50	86
FBGN0038049	129	101	77	109	136	144
FBGN0038258	0	0	0	0	0	0
FBGN0038860	11	13	10	14	22	24
FBGN0015591	6	0	0	0	0	0
FBGN0039743	432	280	244	231	293	351
FBGN0037661	15	4	14	9	8	9
FBGN0051423	0	0	0	0	0	0
FBGN0039617	0	0	0	0	0	0
FBGN0000014	1	4	1	5	1	2
FBGN0040532	1	4	7	1	4	0
FBGN0038294	9	2	60	1	0	1
FBGN0000276	0	0	0	0	0	0
FBGN0086378	162	135	136	130	141	144
FBGN0051245	0	0	0	0	0	0
FBGN0040600	0	0	0	0	0	1
FBGN0039033	0	0	0	0	0	0
FBGN0038334	0	0	0	0	0	0
FBGN0004855	97	91	63	65	118	124
FBGN0039274	57	62	54	54	106	90
FBGN0039246	0	0	0	0	0	0
FBGN0038065	41	39	30	65	130	75
FBGN0265317	0	0	0	0	0	0
FBGN0038353	10	5	0	4	5	27
FBGN0261988	74	78	35	44	133	117
FBGN0015576	0	2	1	0	0	0
FBGN0037660	71	72	69	66	66	91
FBGN0010750	97	51	44	112	169	152
FBGN0267376	10	16	9	7	30	12
FBGN0039403	32	29	39	30	38	40
FBGN0037540	19	8	11	29	23	48
FBGN0053494	2	1	1	0	0	1
FBGN0037428	0	0	0	0	0	0
FBGN0051183	0	2	1	0	0	0
FBGN0015513	107	93	76	199	179	232
FBGN0005585	5187	3769	3457	5566	7470	7683
FBGN0085334	0	10	8	6	3	7
FBGN0038009	1	1	32	3	5	2
FBGN0037591	0	0	0	0	0	0
FBGN0265998	212	183	147	178	265	250
FBGN0262527	185	191	135	179	249	264
FBGN0038567	0	0	0	0	0	0
FBGN0039088	0	0	0	0	0	0
FBGN0038092	0	0	0	0	0	0
FBGN0039053	0	0	0	0	0	0
FBGN0037413	0	0	0	0	0	0
FBGN0038617	10	5	13	1	26	20
FBGN0004575	0	0	2	0	0	0
FBGN0008646	40	15	24	13	41	17
FBGN0261704	0	0	0	0	0	0
FBGN0039167	0	1	0	1	4	4
FBGN0039229	906	580	568	448	621	714
FBGN0037244	41	33	26	36	46	56
FBGN0037935	0	0	0	0	0	0
FBGN0037263	1	3	1	1	0	2
FBGN0262869	0	0	0	0	0	0
FBGN0261995	18	25	17	20	31	31
FBGN0040565	0	3	0	0	0	0
FBGN0259731	0	1	0	2	0	1
FBGN0037359	43	36	30	42	80	92
FBGN0037443	56	37	61	55	78	85
FBGN0038727	7	6	6	11	14	10
FBGN0051547	3	3	4	0	0	1
FBGN0039877	258	177	113	212	248	248
FBGN0069242	11	13	8	30	28	23
FBGN0004783	0	0	0	0	0	0
FBGN0037716	42	42	29	47	43	34
FBGN0263117	0	0	0	0	0	0
FBGN0039768	0	0	0	0	0	0
FBGN0039696	52	28	50	59	70	87
FBGN0039673	0	0	0	0	0	0
FBGN0038166	22	22	25	18	49	29
FBGN0051391	0	0	0	0	0	0
FBGN0038926	0	0	0	0	0	0
FBGN0263236	309	277	168	294	459	332
FBGN0039379	72	86	52	105	131	163
FBGN0263047	0	4	2	9	3	13
FBGN0010926	184	128	131	169	220	259
FBGN0038201	0	0	0	0	0	0
FBGN0039782	0	0	0	0	0	0
FBGN0038109	0	0	0	0	0	0
FBGN0266722	6	7	13	13	17	22
FBGN0037356	16	11	10	10	22	33
FBGN0039152	0	0	0	3	0	0
FBGN0039857	1647	1323	1338	1510	2472	2537
FBGN0039529	0	0	0	1	1	0
FBGN0260466	0	0	0	0	0	0
FBGN0037696	76	40	31	64	49	61
FBGN0038153	0	0	0	0	0	0
FBGN0038527	0	0	0	0	0	0
FBGN0038143	0	0	0	1	0	0
FBGN0064912	0	0	0	0	0	0
FBGN0051344	19	8	7	15	21	22
FBGN0038531	0	0	0	0	0	0
FBGN0038197	27	24	20	48	85	90
FBGN0039203	0	0	0	0	2	0
FBGN0285925	381	357	297	666	902	760
FBGN0037686	1675	1128	1134	678	992	1005
FBGN0039820	0	0	0	0	0	0
FBGN0025879	1	3	8	3	8	6
FBGN0039757	851	747	565	1090	1736	1626
FBGN0040571	0	0	0	0	0	0
FBGN0259721	8	5	0	9	11	1
FBGN0038838	0	0	0	0	0	0
FBGN0053631	0	0	0	0	0	0
FBGN0011282	0	0	0	0	0	0
FBGN0039528	34	29	24	59	89	78
FBGN0038524	7	2	1	5	12	9
FBGN0051118	0	0	0	0	0	0
FBGN0038418	26	19	19	39	51	36
FBGN0039476	0	0	0	1	0	0
FBGN0040575	13	11	11	9	14	2
FBGN0051131	0	0	0	0	0	0
FBGN0039183	239	214	141	233	366	298
FBGN0265271	0	0	0	0	0	0
FBGN0039796	0	0	0	0	0	0
FBGN0038733	0	0	0	0	0	0
FBGN0028647	15	11	7	37	44	24
FBGN0038693	0	0	0	0	0	0
FBGN0266411	233	208	190	433	671	685
FBGN0263231	2096	1450	1205	1108	1388	1571
FBGN0085413	0	0	0	0	0	0
FBGN0039459	10	14	10	11	15	24
FBGN0053721	0	0	0	0	0	0
FBGN0051065	0	0	0	0	0	0
FBGN0263983	0	0	0	0	0	0
FBGN0037549	436	247	245	237	288	332
FBGN0267337	153	81	83	122	234	218
FBGN0039380	0	0	0	0	0	0
FBGN0000283	536	423	374	628	763	769
FBGN0038676	0	10	5	9	10	6
FBGN0038345	0	0	0	0	0	0
FBGN0038431	0	0	0	6	0	34
FBGN0038485	0	0	0	0	0	2
FBGN0039488	22	16	21	48	34	64
FBGN0038113	0	0	0	0	0	0
FBGN0038491	13	17	12	7	10	15
FBGN0243511	156	108	101	132	213	214
FBGN0038892	0	0	0	0	0	0
FBGN0027526	70	51	43	58	89	96
FBGN0003118	31	61	30	60	96	77
FBGN0001077	0	0	0	0	0	0
FBGN0051244	0	0	0	0	0	0
FBGN0037518	8	0	4	2	9	10
FBGN0004359	38	18	19	33	44	39
FBGN0039622	0	0	0	0	0	1
FBGN0037447	2	15	42	2	0	0
FBGN0011768	369	381	265	406	592	556
FBGN0051313	0	3	6	4	0	2
FBGN0038578	133	97	80	108	158	105
FBGN0037834	411	317	260	418	518	579
FBGN0039744	0	0	0	1	0	0
FBGN0051453	205	167	123	243	347	375
FBGN0038603	63	51	28	53	144	115
FBGN0038830	80	55	48	65	124	103
FBGN0020280	0	0	0	0	0	0
FBGN0051363	310	281	237	274	362	357
FBGN0039473	0	0	0	0	0	0
FBGN0266538	1	0	0	2	3	2
FBGN0038068	0	0	0	0	0	0
FBGN0266672	80	60	57	99	90	133
FBGN0038545	45	43	19	77	150	120
FBGN0037519	0	0	0	0	0	0
FBGN0287225	103	113	133	93	160	199
FBGN0051266	0	0	0	0	0	0
FBGN0015402	28	15	22	39	51	35
FBGN0038788	24	20	23	20	41	19
FBGN0003525	78	50	55	129	181	163
FBGN0259823	0	0	0	0	2	0
FBGN0264740	0	0	0	0	0	0
FBGN0039521	0	0	0	0	0	0
FBGN0039737	199	178	148	310	488	424
FBGN0037529	91	86	68	82	104	107
FBGN0051097	0	0	0	0	0	0
FBGN0037728	615	489	491	429	463	528
FBGN0039802	118	102	55	115	170	184
FBGN0038240	0	0	0	0	0	0
FBGN0038147	0	0	3	0	0	0
FBGN0286874	0	0	0	0	0	0
FBGN0039266	0	1	10	5	12	15
FBGN0051262	0	1	0	0	8	10
FBGN0026315	0	1	1	3	1	0
FBGN0038547	0	1	2	1	2	4
FBGN0043900	110	90	59	114	131	138
FBGN0038606	0	0	0	0	0	0
FBGN0037978	19	21	10	39	43	50
FBGN0038810	186	138	128	266	368	402
FBGN0046887	0	0	0	0	0	0
FBGN0052945	0	0	0	0	0	0
FBGN0038269	120	106	88	189	244	231
FBGN0039714	13	9	5	24	34	37
FBGN0037410	6	4	3	5	6	7
FBGN0020399	0	0	0	0	0	0
FBGN0051361	0	0	0	3	1	0
FBGN0039023	0	0	1	0	0	0
FBGN0037637	75	62	68	61	59	50
FBGN0000158	6	0	2	1	0	0
FBGN0085318	0	0	0	0	0	0
FBGN0039207	114	84	59	80	148	147
FBGN0266801	7	3	5	19	15	8
FBGN0038732	0	0	0	0	0	0
FBGN0039861	27	16	25	32	42	40
FBGN0039180	0	0	0	0	0	0
FBGN0039238	0	5	0	10	1	2
FBGN0038655	0	0	0	0	0	0
FBGN0038016	111	101	101	210	219	267
FBGN0037364	6	4	2	13	39	16
FBGN0037884	11	15	11	32	54	53
FBGN0262009	0	0	0	0	0	0
FBGN0250845	0	0	0	0	0	0
FBGN0264907	0	0	0	1	0	0
FBGN0039752	0	0	0	0	0	0
FBGN0038236	0	0	0	0	0	0
FBGN0038139	1	4	0	0	0	0
FBGN0029155	20	42	25	33	77	79
FBGN0085329	0	0	0	0	0	0
FBGN0004173	0	0	0	0	0	0
FBGN0051347	0	0	0	0	0	0
FBGN0037377	144	76	56	124	141	161
FBGN0037482	19	19	11	28	46	45
FBGN0015279	44	36	44	85	154	122
FBGN0039809	0	0	1	0	0	0
FBGN0051357	65	47	46	105	149	115
FBGN0037601	0	0	0	0	0	0
FBGN0265158	0	0	0	0	0	0
FBGN0051198	0	0	1	0	0	0
FBGN0039328	63	45	32	29	45	29
FBGN0037411	0	0	0	0	0	0
FBGN0039863	233	167	130	263	371	288
FBGN0086362	34	14	38	37	66	58
FBGN0016650	0	0	0	0	0	0
FBGN0038186	0	0	0	0	0	0
FBGN0039765	37	41	32	60	82	87
FBGN0002863	0	0	0	0	0	0
FBGN0038595	0	0	0	0	2	0
FBGN0038581	11	8	15	19	30	24
FBGN0038803	13	7	6	13	27	19
FBGN0087005	0	0	0	0	1	0
FBGN0039691	54	57	54	82	101	94
FBGN0027889	150	108	86	149	232	207
FBGN0039732	41	30	24	31	48	40
FBGN0262801	97	95	58	187	245	220
FBGN0037807	0	0	0	0	0	2
FBGN0038079	0	2	0	1	1	6
FBGN0263024	0	0	0	0	0	0
FBGN0010042	0	0	0	0	0	0
FBGN0263353	0	0	0	0	0	2
FBGN0260243	21	24	19	33	33	29
FBGN0039694	0	0	0	0	0	0
FBGN0051145	0	0	1	1	2	0
FBGN0039848	0	0	0	0	0	0
FBGN0053773	0	0	0	0	0	0
FBGN0051248	0	0	0	0	0	0
FBGN0087021	33	34	32	51	64	41
FBGN0037934	0	0	0	0	0	0
FBGN0037998	86	77	60	74	120	123
FBGN0263402	0	0	0	0	0	0
FBGN0039010	0	0	0	0	0	0
FBGN0038034	0	1	0	0	0	1
FBGN0015240	6	6	4	6	15	16
FBGN0038470	13	14	16	24	27	38
FBGN0069923	180	96	109	189	98	157
FBGN0002772	0	11	26	1	1	4
FBGN0038110	72	78	67	136	179	183
FBGN0003267	2	2	0	0	0	0
FBGN0285963	135	114	121	275	404	366
FBGN0259237	0	0	0	0	0	0
FBGN0083965	0	0	0	0	0	0
FBGN0038725	4	0	0	0	1	0
FBGN0260463	0	0	0	0	1	1
FBGN0016123	0	0	0	0	0	0
FBGN0038695	0	0	0	4	0	1
FBGN0037602	6	12	4	13	11	16
FBGN0037841	0	2	1	6	1	0
FBGN0038006	0	0	0	0	0	0
FBGN0053329	2	1	10	3	1	3
FBGN0027376	0	0	0	0	0	0
FBGN0038804	11	9	11	35	54	39
FBGN0039846	42	34	25	61	70	51
FBGN0039050	0	1	0	0	0	0
FBGN0085319	0	0	0	0	0	0
FBGN0085331	0	0	0	0	0	0
FBGN0037326	0	0	0	0	0	0
FBGN0037320	0	0	0	0	0	0
FBGN0037923	6	4	3	7	10	8
FBGN0037812	0	0	0	0	0	0
FBGN0037731	0	0	0	0	0	0
FBGN0003480	0	0	0	0	4	3
FBGN0004395	157	135	97	201	284	289
FBGN0039805	0	0	0	0	0	0
FBGN0000439	0	0	0	0	0	0
FBGN0037853	11	11	5	27	45	31
FBGN0020910	2787	2385	1997	3327	5255	5510
FBGN0053654	0	0	0	0	0	0
FBGN0037547	0	0	0	0	0	0
FBGN0052856	24	6	7	16	27	32
FBGN0037546	0	0	0	0	0	0
FBGN0051005	3	2	1	2	11	7
FBGN0039728	375	304	223	438	699	619
FBGN0086370	4	3	9	5	15	9
FBGN0038123	0	0	0	0	0	0
FBGN0039326	0	0	0	0	0	0
FBGN0267435	0	2	1	0	1	1
FBGN0037288	0	0	2	0	0	0
FBGN0039026	74	36	36	86	114	102
FBGN0037937	0	0	0	0	0	0
FBGN0038862	39	36	19	32	78	71
FBGN0039733	9	4	6	28	59	42
FBGN0015269	49	35	32	56	96	99
FBGN0027785	40	34	31	48	86	87
FBGN0002932	1	10	10	16	31	22
FBGN0038675	21	22	39	18	27	35
FBGN0083953	21	28	23	23	22	22
FBGN0038734	0	0	0	0	0	0
FBGN0085391	0	0	0	0	0	0
FBGN0027497	55	43	59	61	92	105
FBGN0038432	1	10	2	16	24	4
FBGN0086704	0	0	0	0	1	0
FBGN0037972	81	74	75	70	111	134
FBGN0039441	0	0	0	0	0	0
FBGN0039788	1	1	0	1	0	0
FBGN0263757	19	14	9	30	50	41
FBGN0000244	35	35	34	45	98	44
FBGN0038977	0	0	0	0	0	0
FBGN0038205	0	0	0	0	0	0
FBGN0261086	0	0	0	1	0	0
FBGN0053340	0	0	0	0	0	0
FBGN0027865	25	11	19	49	82	60
FBGN0039338	276	163	225	350	403	382
FBGN0267336	4	2	5	12	7	14
FBGN0037313	182	114	106	150	226	193
FBGN0037276	0	0	0	0	0	0
FBGN0259178	18	13	12	9	17	10
FBGN0038127	0	0	0	0	0	0
FBGN0261550	33	56	49	83	87	100
FBGN0039479	41	16	8	23	91	44
FBGN0038577	83	99	65	127	211	162
FBGN0039855	0	0	0	0	0	0
FBGN0040623	89	56	86	95	151	100
FBGN0038250	0	1	9	0	1	1
FBGN0038129	57	24	17	50	54	72
FBGN0037870	0	0	0	0	0	0
FBGN0051550	172	119	119	105	157	140
FBGN0037396	8	7	6	2	4	2
FBGN0038629	36	21	35	41	54	45
FBGN0039113	336	278	216	600	808	758
FBGN0051465	0	0	0	0	0	0
FBGN0015577	6	4	2	0	2	1
FBGN0037856	29	25	17	31	62	43
FBGN0037718	79	80	79	115	180	162
FBGN0038320	206	166	126	242	359	358
FBGN0039864	35	28	31	26	40	28
FBGN0051204	0	0	0	0	0	0
FBGN0037615	0	0	0	0	0	0
FBGN0004841	0	0	0	0	0	0
FBGN0038188	0	0	0	0	0	0
FBGN0038095	0	0	0	0	0	0
FBGN0051072	17	17	14	20	31	32
FBGN0038912	19	16	11	22	35	29
FBGN0001297	57	72	66	109	187	162
FBGN0022981	22	13	19	23	22	43
FBGN0038466	0	0	0	0	0	2
FBGN0038768	98	71	66	84	155	133
FBGN0038235	44	17	19	39	27	22
FBGN0037378	31	33	39	70	76	62
FBGN0051221	0	0	0	0	0	0
FBGN0051191	0	0	0	0	0	0
FBGN0038098	0	0	4	0	0	0
FBGN0040551	20	11	10	31	40	27
FBGN0051294	0	0	0	0	0	0
FBGN0039777	0	0	9	0	0	0
FBGN0039407	54	81	34	52	49	73
FBGN0038826	1538	1163	967	1129	1459	1216
FBGN0038972	3	12	6	13	4	8
FBGN0038525	0	0	0	0	0	0
FBGN0027950	69	34	28	39	72	91
FBGN0038540	0	0	0	0	1	0
FBGN0266615	0	0	0	0	0	0
FBGN0000492	68	86	94	120	187	161
FBGN0003319	26	29	25	80	135	95
FBGN0024289	0	0	3	0	0	0
FBGN0037772	0	0	0	0	0	0
FBGN0260229	8	3	7	8	12	15
FBGN0038943	4	29	0	4	9	1
FBGN0023178	0	0	0	0	0	0
FBGN0038662	0	0	2	5	7	9
FBGN0038427	64	34	31	82	102	85
FBGN0003882	17	24	26	46	45	47
FBGN0039040	0	2	3	4	0	0
FBGN0259917	0	0	0	0	0	0
FBGN0039634	41	37	21	59	105	76
FBGN0001197	408	310	285	456	547	456
FBGN0026634	52	40	43	50	66	82
FBGN0038438	10	16	12	18	38	35
FBGN0037368	0	12	1	9	4	12
FBGN0261113	174	162	196	138	239	175
FBGN0019940	0	0	0	0	0	0
FBGN0039355	11	6	2	19	11	14
FBGN0039346	0	0	0	0	0	1
FBGN0038038	24	10	13	49	69	84
FBGN0039562	2007	1571	1499	2208	3049	3006
FBGN0261049	17	24	8	30	40	26
FBGN0004618	0	0	0	0	0	0
FBGN0038569	17	21	21	41	66	39
FBGN0037436	0	0	0	0	0	0
FBGN0039045	0	0	5	0	0	1
FBGN0042106	0	0	0	0	0	0
FBGN0002937	0	0	0	0	0	0
FBGN0038961	22	30	21	47	89	67
FBGN0027527	0	0	0	0	0	0
FBGN0038873	0	0	0	0	0	0
FBGN0265048	5	1	5	9	7	5
FBGN0037419	0	0	0	0	0	0
FBGN0038504	15	23	26	44	67	63
FBGN0037835	0	0	0	3	2	0
FBGN0037351	709	821	623	1026	2240	2100
FBGN0003358	0	0	3	0	0	0
FBGN0288835	0	0	0	0	0	0
FBGN0014949	0	0	0	0	0	0
FBGN0264776	0	0	0	0	0	0
FBGN0000504	13	8	8	12	14	14
FBGN0037440	44	24	41	69	99	58
FBGN0016061	15	7	4	7	4	6
FBGN0038498	0	0	0	0	0	0
FBGN0042103	0	0	0	0	0	0
FBGN0051111	30	19	8	39	30	26
FBGN0262588	0	0	0	0	0	0
FBGN0263594	915	804	692	699	812	880
FBGN0051495	12	22	11	23	32	35
FBGN0039713	1127	907	893	844	1327	1330
FBGN0037702	93	80	57	113	129	182
FBGN0038422	0	0	1	0	3	0
FBGN0038850	0	0	0	0	0	0
FBGN0039769	0	0	1	0	0	0
FBGN0260744	59	68	38	115	182	174
FBGN0039742	0	1	0	0	4	0
FBGN0038923	13	8	6	19	21	28
FBGN0038967	0	0	0	0	0	1
FBGN0038649	4	9	7	4	21	9
FBGN0037478	89	74	35	68	73	77
FBGN0051296	0	0	0	0	0	0
FBGN0039042	0	0	0	0	0	0
FBGN0037332	26	23	13	20	49	41
FBGN0051133	28	9	17	37	34	35
FBGN0039232	0	0	0	0	0	0
FBGN0039135	15	20	21	32	31	35
FBGN0261261	36	26	26	45	53	68
FBGN0039083	0	0	0	0	0	0
FBGN0038380	0	0	0	0	0	0
FBGN0004878	0	0	0	0	0	1
FBGN0003886	0	0	2	6	8	7
FBGN0259233	0	0	1	0	1	0
FBGN0038858	14	17	17	20	31	22
FBGN0037383	5	5	4	10	11	22
FBGN0020018	52	14	29	34	45	76
FBGN0026064	26	19	35	43	86	74
FBGN0037445	36	25	14	23	53	33
FBGN0038208	0	0	0	0	0	0
FBGN0001217	3	1	1	1	2	1
FBGN0038481	0	0	0	0	0	0
FBGN0038674	0	0	1	0	0	0
FBGN0038659	31	21	22	29	34	32
FBGN0040250	0	0	0	0	0	0
FBGN0039214	250	134	155	320	507	423
FBGN0039797	0	0	0	0	0	0
FBGN0011739	45	32	35	75	90	74
FBGN0266734	0	0	0	0	0	0
FBGN0051161	0	0	0	0	0	0
FBGN0038740	0	1	0	2	2	0
FBGN0037883	5	1	5	6	4	4
FBGN0015572	0	0	0	0	0	0
FBGN0039239	0	0	0	0	0	1
FBGN0038528	0	0	0	0	0	0
FBGN0003885	437	361	232	468	842	717
FBGN0038358	0	3	0	0	0	0
FBGN0035235	62	46	38	81	64	74
FBGN0004574	160	176	143	244	284	275
FBGN0035346	11	11	7	23	55	43
FBGN0036278	0	0	0	0	0	0
FBGN0037061	36	21	37	26	47	51
FBGN0036222	0	0	0	0	0	0
FBGN0036926	6	1	0	2	4	2
FBGN0036873	0	0	0	0	0	0
FBGN0052281	4	11	4	14	12	17
FBGN0035543	0	0	0	0	0	0
FBGN0035839	2	5	2	12	12	15
FBGN0045476	0	0	0	0	0	0
FBGN0264746	4	0	0	0	11	3
FBGN0037087	46	61	62	87	113	104
FBGN0036059	49	35	36	52	97	81
FBGN0011288	2	4	2	0	0	0
FBGN0036595	8	5	7	6	15	6
FBGN0036773	51	23	14	37	50	67
FBGN0035964	80	104	107	121	149	122
FBGN0014848	0	0	0	0	0	0
FBGN0035997	71	62	64	96	155	128
FBGN0264006	0	0	0	0	0	0
FBGN0035620	0	0	0	0	0	0
FBGN0042138	55	30	33	44	74	74
FBGN0052269	0	0	0	0	0	0
FBGN0036806	1	2	0	0	0	0
FBGN0040817	26	17	13	22	25	26
FBGN0020392	341	278	215	313	433	461
FBGN0028980	6	4	9	14	28	26
FBGN0264486	0	0	0	0	0	0
FBGN0026179	76	71	48	76	125	122
FBGN0036442	0	0	0	0	0	0
FBGN0036188	31	22	13	12	15	28
FBGN0035677	0	0	0	0	0	0
FBGN0036439	0	0	0	0	0	0
FBGN0035120	59	51	47	95	91	96
FBGN0262530	0	0	0	0	0	0
FBGN0263108	65	60	53	88	143	138
FBGN0286940	0	0	0	2	4	1
FBGN0019662	15	21	5	29	40	43
FBGN0052448	5	6	5	5	12	2
FBGN0028402	30	34	26	39	48	66
FBGN0052220	0	0	0	0	0	0
FBGN0052053	0	0	0	0	0	0
FBGN0035109	4	12	7	18	11	15
FBGN0035234	0	0	0	0	0	0
FBGN0062517	0	0	0	0	0	0
FBGN0262593	0	0	0	0	0	0
FBGN0264487	0	0	0	0	0	0
FBGN0035286	0	0	0	0	1	0
FBGN0052487	0	0	0	0	0	0
FBGN0036016	0	0	0	0	2	0
FBGN0002526	1292	1006	861	1972	2515	2533
FBGN0035210	41	33	28	34	47	76
FBGN0036008	55	32	35	28	78	73
FBGN0036781	0	0	1	1	4	1
FBGN0036402	72	68	36	108	173	175
FBGN0020277	0	0	0	0	0	0
FBGN0035630	1214	894	853	1063	1278	1406
FBGN0263247	0	0	0	0	0	0
FBGN0260461	0	0	0	0	0	0
FBGN0053263	0	0	0	0	0	0
FBGN0036895	0	0	0	0	0	0
FBGN0036608	0	0	0	0	0	0
FBGN0035943	1	0	0	0	0	0
FBGN0036494	0	0	0	0	0	0
FBGN0028415	0	0	0	0	0	0
FBGN0036376	30	29	21	52	70	54
FBGN0052181	0	0	0	0	0	0
FBGN0036988	25	13	10	22	30	42
FBGN0036362	0	0	0	0	0	210
FBGN0036948	0	0	0	6	2	265
FBGN0035982	0	0	0	0	0	0
FBGN0052319	0	0	0	0	0	0
FBGN0052364	0	1	0	1	6	7
FBGN0047334	0	0	0	0	0	0
FBGN0014075	661	584	433	860	1161	1298
FBGN0015075	224	183	179	203	292	308
FBGN0036786	0	2	0	0	0	0
FBGN0052267	17	20	18	72	85	74
FBGN0036984	0	0	0	0	0	0
FBGN0035558	5	11	8	16	28	21
FBGN0283681	58	44	37	63	56	50
FBGN0052196	1	0	0	0	0	2
FBGN0002573	11	0	8	8	27	11
FBGN0262509	4	17	11	13	14	15
FBGN0036922	20	15	19	32	19	42
FBGN0259824	12	10	2	25	29	33
FBGN0052104	57	50	48	64	114	94
FBGN0036363	0	0	0	0	1	44
FBGN0259203	5	3	4	9	17	14
FBGN0043458	123	100	81	130	196	176
FBGN0035896	23	23	12	15	33	15
FBGN0027082	30	26	18	26	31	52
FBGN0035415	5	1	2	0	10	3
FBGN0037139	0	0	0	0	0	0
FBGN0035518	17	16	20	46	29	35
FBGN0044051	0	0	0	0	0	0
FBGN0036476	16	10	5	43	51	41
FBGN0052121	0	0	0	0	0	0
FBGN0036311	0	0	0	0	0	0
FBGN0035158	11	12	5	20	36	24
FBGN0262544	0	0	0	0	0	0
FBGN0259986	33	42	34	49	101	106
FBGN0024187	29	11	20	34	50	37
FBGN0035423	390	293	300	311	390	316
FBGN0013751	0	1	0	1	3	0
FBGN0053160	0	0	0	0	0	0
FBGN0052446	13	5	15	13	25	16
FBGN0020660	9	1	5	6	3	0
FBGN0036774	25	19	16	48	54	42
FBGN0085274	0	0	0	0	0	0
FBGN0052255	0	0	0	0	1	0
FBGN0035468	0	0	0	0	0	0
FBGN0036715	422	376	332	562	698	733
FBGN0035697	0	0	0	0	0	0
FBGN0052437	0	0	0	0	0	0
FBGN0036551	0	2	0	0	0	0
FBGN0085288	0	0	0	0	0	0
FBGN0052214	0	0	0	0	0	0
FBGN0035692	27	31	28	38	67	65
FBGN0035865	8	6	8	22	39	22
FBGN0043783	0	0	0	0	4	1
FBGN0029091	0	0	0	0	0	9
FBGN0035944	26	18	18	25	44	37
FBGN0027945	10	9	18	15	10	15
FBGN0001134	0	0	0	0	0	0
FBGN0040636	0	0	0	0	0	0
FBGN0036809	0	0	0	0	1	0
FBGN0004390	146	142	89	198	302	345
FBGN0270926	45	28	19	37	70	55
FBGN0014007	157	138	120	295	260	234
FBGN0035955	0	0	0	0	0	0
FBGN0036876	0	0	0	0	0	0
FBGN0036549	11	14	6	8	22	15
FBGN0027594	138	99	82	166	287	247
FBGN0262528	0	0	0	0	0	0
FBGN0052213	0	0	0	0	0	0
FBGN0036397	15	14	8	14	30	38
FBGN0020643	0	0	0	0	0	0
FBGN0085294	0	0	0	0	0	0
FBGN0027567	992	682	729	727	1000	960
FBGN0035508	0	3	1	0	5	1
FBGN0035753	492	562	402	894	1483	1589
FBGN0052227	0	0	0	2	0	0
FBGN0053062	1	3	8	1	0	1
FBGN0011284	3793	2797	2210	2295	3640	3367
FBGN0001223	11	3	7	4	10	43
FBGN0000356	0	0	0	0	0	0
FBGN0036327	0	0	0	0	0	0
FBGN0036783	0	0	0	0	0	0
FBGN0036877	0	2	0	0	0	0
FBGN0035526	151	165	120	275	336	306
FBGN0052413	0	0	0	0	0	0
FBGN0029514	9	20	19	26	19	26
FBGN0011361	91	66	80	143	153	140
FBGN0002283	8	7	4	4	21	20
FBGN0052450	0	0	0	0	0	0
FBGN0035524	125	96	109	148	183	221
FBGN0266591	0	0	0	0	0	0
FBGN0004244	0	0	0	0	0	0
FBGN0035486	0	0	3	0	1	0
FBGN0035547	0	0	0	0	0	1
FBGN0268063	199	152	108	393	583	501
FBGN0036405	14	9	4	16	23	21
FBGN0035193	11	7	6	14	6	11
FBGN0037082	14	17	17	32	28	20
FBGN0036250	0	0	0	0	0	0
FBGN0036463	70	40	14	40	58	44
FBGN0262890	0	0	0	0	0	0
FBGN0035164	33	16	41	30	49	33
FBGN0052423	90	88	57	86	129	131
FBGN0266977	0	0	0	0	0	0
FBGN0036853	51	28	27	18	40	38
FBGN0036277	82	77	68	76	123	126
FBGN0287183	15	8	18	14	23	21
FBGN0036159	0	0	0	0	0	0
FBGN0035273	0	0	0	0	0	0
FBGN0265574	175	137	117	153	223	237
FBGN0052022	37	21	16	45	52	43
FBGN0036039	7	6	7	12	26	8
FBGN0043865	0	0	0	0	0	0
FBGN0036335	87	119	103	88	78	111
FBGN0053767	0	0	0	0	0	0
FBGN0036496	0	0	0	0	2	0
FBGN0035854	27	21	29	39	60	35
FBGN0261555	79	54	83	129	192	205
FBGN0035849	5	3	9	10	35	18
FBGN0035414	32	33	30	47	44	40
FBGN0036619	0	0	0	0	0	0
FBGN0052081	0	0	0	0	0	0
FBGN0035724	0	0	0	0	0	0
FBGN0036959	21	5	8	7	14	10
FBGN0035689	33	29	29	44	71	73
FBGN0003459	68	68	51	91	103	145
FBGN0037188	62	40	34	54	87	90
FBGN0259973	0	0	0	0	0	0
FBGN0000551	0	0	0	0	0	0
FBGN0003373	15	8	5	7	0	5
FBGN0262057	181	110	115	274	402	337
FBGN0037027	136	90	82	141	205	178
FBGN0024889	112	80	57	75	132	100
FBGN0036666	99	90	56	161	262	289
FBGN0085455	0	0	0	0	0	0
FBGN0259239	0	0	0	0	0	0
FBGN0035229	10	3	15	18	27	17
FBGN0052442	6	5	6	16	18	18
FBGN0025558	8	10	8	18	23	34
FBGN0005564	0	0	0	2	0	0
FBGN0036566	134	83	69	116	186	184
FBGN0053690	0	0	0	0	0	0
FBGN0036711	0	0	0	0	0	0
FBGN0029121	10	23	3	22	34	11
FBGN0035237	94	88	82	125	182	168
FBGN0035588	27	24	20	54	58	50
FBGN0262894	0	0	0	0	0	0
FBGN0022936	26	24	22	36	44	44
FBGN0036545	15	8	9	8	25	15
FBGN0037197	0	0	4	0	0	2
FBGN0286213	295	312	259	517	691	567
FBGN0085599	0	0	0	0	0	0
FBGN0035781	0	0	0	0	0	2
FBGN0014343	194	108	141	180	299	296
FBGN0035886	2	0	12	0	0	0
FBGN0000100	1725	1482	1103	1652	2892	2587
FBGN0036205	0	0	2	0	0	1
FBGN0037183	0	0	0	0	0	0
FBGN0035257	0	0	0	0	0	0
FBGN0035260	0	0	0	0	1	7
FBGN0052176	54	47	41	53	72	70
FBGN0035850	59	58	36	74	119	98
FBGN0036768	0	0	0	0	0	0
FBGN0035198	0	0	0	0	0	0
FBGN0052074	0	0	0	0	0	0
FBGN0037171	0	0	0	0	0	0
FBGN0003683	0	0	0	0	0	0
FBGN0036717	5	18	34	8	17	20
FBGN0036468	4	1	0	0	0	0
FBGN0035601	103	85	84	158	189	168
FBGN0036350	0	0	0	0	0	0
FBGN0035603	143	118	100	111	146	123
FBGN0036028	7	10	2	6	23	9
FBGN0284221	367	276	238	382	631	546
FBGN0052333	0	0	0	0	0	0
FBGN0052202	10	14	4	24	15	6
FBGN0035858	1	0	0	0	0	0
FBGN0052283	0	0	0	0	0	0
FBGN0036395	22	6	13	15	17	14
FBGN0036160	0	0	0	0	0	0
FBGN0041096	168	139	109	216	323	282
FBGN0035430	125	97	62	81	82	54
FBGN0036480	79	74	65	90	151	129
FBGN0036828	128	105	102	151	245	215
FBGN0035978	115	86	73	156	262	251
FBGN0041625	0	0	0	0	0	0
FBGN0036575	0	0	0	0	0	0
FBGN0037165	0	0	0	0	0	0
FBGN0000543	133	122	106	130	204	177
FBGN0053702	0	0	0	0	0	0
FBGN0011205	37	37	31	56	74	69
FBGN0052412	3	2	1	6	8	9
FBGN0259970	0	0	0	0	0	0
FBGN0053052	9	6	9	18	27	33
FBGN0053270	0	0	0	0	0	0
FBGN0036875	0	2	2	0	1	0
FBGN0015618	51	28	38	66	102	88
FBGN0035539	87	59	58	97	139	160
FBGN0052137	35	21	17	32	29	50
FBGN0053061	0	0	0	0	0	0
FBGN0036479	0	0	0	0	0	0
FBGN0260049	389	306	273	372	447	537
FBGN0036328	0	0	0	0	0	0
FBGN0027569	111	58	69	59	87	91
FBGN0036214	0	0	0	0	0	0
FBGN0085457	0	0	0	0	0	0
FBGN0035807	15	25	28	27	40	51
FBGN0261602	1748	1565	1474	2116	3065	2825
FBGN0087039	15	21	20	19	27	29
FBGN0028418	0	0	0	0	0	0
FBGN0287423	1	0	8	8	3	2
FBGN0040056	27	31	16	39	18	26
FBGN0041232	0	0	0	0	0	0
FBGN0052240	0	0	0	0	0	0
FBGN0036173	26	21	26	31	38	32
FBGN0004514	0	0	0	0	0	0
FBGN0036492	0	0	0	0	0	0
FBGN0035825	27	19	7	19	46	25
FBGN0053217	40	32	14	40	58	52
FBGN0036916	54	72	41	102	137	135
FBGN0036833	0	0	2	0	0	0
FBGN0036980	61	42	30	76	146	123
FBGN0003388	0	0	0	0	2	0
FBGN0036248	102	82	54	89	98	136
FBGN0053265	0	0	0	0	0	0
FBGN0052351	0	0	0	0	0	0
FBGN0286872	0	0	0	0	0	0
FBGN0086254	181	108	108	217	302	285
FBGN0085482	0	0	0	0	0	1
FBGN0037025	142	111	90	129	214	202
FBGN0035589	15	19	11	20	27	19
FBGN0037057	1	4	5	9	5	1
FBGN0053556	28	25	17	33	65	70
FBGN0004592	14	15	5	8	2	6
FBGN0025874	3	8	11	14	24	26
FBGN0035147	27	15	15	13	29	29
FBGN0036892	217	184	160	237	261	260
FBGN0035932	0	0	0	0	0	0
FBGN0035236	89	77	53	189	243	207
FBGN0037044	8	11	8	9	22	11
FBGN0015359	45	39	36	51	84	83
FBGN0035934	0	0	0	0	1	0
FBGN0052350	75	66	46	93	91	74
FBGN0036567	0	0	0	0	0	0
FBGN0039977	73	47	70	85	60	78
FBGN0259932	9	1	8	8	14	7
FBGN0053764	0	0	0	0	0	0
FBGN0001104	175	169	154	312	446	342
FBGN0015298	88	101	64	120	125	81
FBGN0035497	10	9	7	15	18	21
FBGN0036106	0	0	3	0	0	0
FBGN0036157	0	0	0	0	0	0
FBGN0036212	1	1	1	2	2	1
FBGN0260756	7	2	3	11	14	6
FBGN0035400	49	41	24	65	75	71
FBGN0035469	101	30	29	35	28	25
FBGN0035830	226	196	189	229	373	333
FBGN0036144	8	6	1	3	3	2
FBGN0035343	0	0	0	0	0	0
FBGN0052225	0	0	0	0	0	0
FBGN0027111	140	63	75	123	149	139
FBGN0053490	0	0	0	0	0	0
FBGN0036032	9	3	13	16	33	12
FBGN0036183	0	0	0	0	0	0
FBGN0037022	32	18	30	40	48	38
FBGN0017579	807	670	609	851	1195	1213
FBGN0014849	0	0	0	0	0	0
FBGN0263456	0	1	0	0	0	0
FBGN0261634	0	0	0	0	0	0
FBGN0036510	65	63	53	60	98	116
FBGN0086906	6	18	41	26	72	56
FBGN0035205	247	155	101	212	285	303
FBGN0036227	0	0	0	5	4	266
FBGN0035145	171	146	134	215	301	300
FBGN0035168	0	0	1	0	0	0
FBGN0263930	411	379	261	635	932	900
FBGN0036612	1	0	3	4	9	13
FBGN0083992	3	1	1	2	6	3
FBGN0036761	66	28	33	26	43	40
FBGN0035673	0	0	0	0	0	0
FBGN0260026	0	0	0	0	2	0
FBGN0041630	250	155	127	293	412	416
FBGN0036141	220	187	189	359	503	446
FBGN0035428	3	2	5	0	2	0
FBGN0053169	11	16	16	24	10	13
FBGN0035688	353	283	244	313	433	492
FBGN0259676	72	53	50	60	99	124
FBGN0036819	3	6	4	8	10	2
FBGN0035445	0	2	2	0	3	0
FBGN0028648	32	11	21	25	61	46
FBGN0010408	2866	1845	1826	1375	2180	2354
FBGN0037067	0	2	0	0	5	0
FBGN0035359	0	0	0	0	0	0
FBGN0036932	38	26	16	56	54	46
FBGN0036349	0	0	0	0	0	0
FBGN0036416	18	21	12	20	49	38
FBGN0010223	0	0	1	0	0	2
FBGN0036661	69	65	78	140	206	168
FBGN0022702	232	188	143	263	449	410
FBGN0001078	12	20	6	22	28	47
FBGN0036921	287	287	265	316	358	412
FBGN0036814	68	46	60	89	149	113
FBGN0037028	17	7	2	10	15	9
FBGN0036723	0	0	0	0	0	0
FBGN0004396	151	118	63	137	255	191
FBGN0052263	0	0	0	0	0	0
FBGN0035906	162	162	112	246	294	320
FBGN0000261	730	657	506	841	1298	1251
FBGN0035983	27	28	15	41	72	68
FBGN0036834	0	0	0	0	0	0
FBGN0260862	14	12	2	5	14	4
FBGN0064766	31	31	17	54	61	64
FBGN0036082	0	0	0	0	0	0
FBGN0001323	34	20	22	40	28	45
FBGN0036320	0	0	0	0	0	0
FBGN0035604	0	0	0	0	0	0
FBGN0266099	0	0	0	0	0	0
FBGN0035931	0	0	0	0	0	0
FBGN0037046	18	21	16	16	33	36
FBGN0053272	0	0	0	0	0	0
FBGN0283503	48	46	39	51	60	71
FBGN0035644	33	25	25	53	76	56
FBGN0016694	8	5	11	5	20	19
FBGN0037102	97	68	70	61	82	102
FBGN0035575	0	0	0	0	0	0
FBGN0261872	80	90	72	110	154	153
FBGN0035986	51	49	25	55	70	76
FBGN0011204	51	38	17	52	72	56
FBGN0285951	39	26	26	25	49	46
FBGN0036239	123	121	85	173	286	277
FBGN0035150	60	55	45	68	73	56
FBGN0036187	59	59	37	55	65	73
FBGN0020887	107	94	67	112	173	204
FBGN0037100	0	0	0	0	0	0
FBGN0028664	1	2	4	5	4	3
FBGN0035420	41	37	25	49	78	96
FBGN0036609	0	0	0	0	0	0
FBGN0036740	93	65	60	64	116	86
FBGN0036911	14	21	7	22	39	29
FBGN0035138	0	0	0	0	0	0
FBGN0036648	25	28	26	27	66	41
FBGN0046793	0	0	0	0	0	0
FBGN0003124	417	383	232	747	1001	922
FBGN0052428	10	14	7	15	22	18
FBGN0011836	139	107	100	151	199	215
FBGN0036638	0	0	0	0	0	0
FBGN0037015	0	0	0	0	0	0
FBGN0261722	119	84	64	161	217	179
FBGN0025702	0	0	0	0	1	0
FBGN0036044	0	0	0	0	0	0
FBGN0036835	0	3	0	0	0	0
FBGN0036260	0	0	0	0	0	0
FBGN0035398	121	72	76	161	206	219
FBGN0000489	34	22	7	26	33	28
FBGN0036505	18	18	18	33	57	59
FBGN0028379	0	0	0	0	0	0
FBGN0036203	0	0	0	0	0	0
FBGN0054056	21	13	3	12	24	37
FBGN0036571	34	38	28	49	62	71
FBGN0053271	0	0	0	0	0	0
FBGN0035251	112	108	82	166	246	263
FBGN0036324	0	0	0	0	0	0
FBGN0052133	97	74	79	204	258	266
FBGN0036848	19	27	13	34	66	45
FBGN0014850	0	0	0	0	0	0
FBGN0036563	0	0	0	0	0	0
FBGN0036406	19	11	4	20	11	24
FBGN0027903	38	37	51	82	120	128
FBGN0035845	1	1	0	0	1	0
FBGN0261401	0	0	0	0	0	0
FBGN0003744	88	97	46	84	128	105
FBGN0035101	32	21	16	20	45	36
FBGN0035581	0	0	0	0	0	0
FBGN0023000	96	84	36	105	129	147
FBGN0037129	0	0	0	0	0	0
FBGN0035852	0	0	0	0	0	0
FBGN0036078	0	0	0	0	0	0
FBGN0263131	0	0	0	0	0	0
FBGN0036624	140	151	138	327	379	362
FBGN0046301	28	4	20	21	32	35
FBGN0036240	19	44	20	52	87	72
FBGN0053500	0	0	0	0	0	0
FBGN0035333	133	77	89	104	143	145
FBGN0016756	255	170	186	307	435	399
FBGN0035842	28	24	20	31	36	47
FBGN0037178	0	0	0	0	0	0
FBGN0035208	0	0	0	0	0	0
FBGN0024945	33	24	14	52	49	60
FBGN0053289	0	0	0	0	0	0
FBGN0262008	0	0	0	0	0	0
FBGN0262893	0	0	0	0	0	0
FBGN0035815	0	3	0	1	0	0
FBGN0267390	59	47	36	98	131	146
FBGN0011706	8	6	7	11	12	5
FBGN0035511	0	0	0	0	0	0
FBGN0260967	0	0	0	0	0	0
FBGN0287586	0	3	0	2	3	1
FBGN0265296	0	0	0	0	0	0
FBGN0035255	0	0	0	0	0	0
FBGN0036111	34	22	29	40	74	35
FBGN0003295	0	0	0	0	3	0
FBGN0287594	11	8	13	13	14	9
FBGN0263776	2	1	0	0	0	0
FBGN0261682	0	0	0	4	0	5
FBGN0259140	1	0	1	2	0	11
FBGN0036334	246	147	155	117	189	158
FBGN0052119	0	0	0	0	0	0
FBGN0015550	0	0	0	0	0	0
FBGN0044419	11	16	6	8	25	13
FBGN0250815	222	27	18	3	1	8
FBGN0036493	0	1	12	5	1	7
FBGN0040795	0	0	0	0	1	1
FBGN0010747	271	215	176	270	344	373
FBGN0024814	310	187	215	214	320	289
FBGN0053689	0	0	0	0	0	0
FBGN0036925	0	0	0	0	0	0
FBGN0036958	167	118	138	242	296	274
FBGN0085289	0	0	0	0	0	0
FBGN0035167	0	1	0	0	1	0
FBGN0035661	1	0	0	0	0	0
FBGN0265455	0	0	0	0	0	0
FBGN0083976	19	9	15	31	21	28
FBGN0086348	0	0	0	0	2	0
FBGN0036824	50	50	45	96	208	186
FBGN0260857	3	4	10	16	15	28
FBGN0262508	1	0	1	0	0	0
FBGN0035643	0	0	0	0	0	0
FBGN0035993	11	7	7	27	36	24
FBGN0021768	329	248	231	234	231	232
FBGN0036897	21	10	14	29	50	55
FBGN0261953	0	3	0	0	2	0
FBGN0286979	0	0	0	0	0	0
FBGN0036437	0	0	0	0	0	0
FBGN0036553	0	1	0	0	0	0
FBGN0036709	0	0	0	0	0	0
FBGN0035587	0	0	0	0	0	0
FBGN0005658	0	0	0	0	0	1
FBGN0265959	0	0	0	0	0	0
FBGN0035440	16	21	9	35	74	37
FBGN0284421	87	72	49	113	187	193
FBGN0036565	124	104	68	115	139	128
FBGN0028667	0	0	0	0	0	0
FBGN0036035	208	142	156	165	239	209
FBGN0036134	126	146	134	230	355	361
FBGN0035357	314	237	230	422	542	480
FBGN0264699	0	0	0	0	0	0
FBGN0036552	0	0	0	0	0	0
FBGN0036454	1	21	42	0	0	1
FBGN0036584	0	0	0	0	0	0
FBGN0036992	1	0	2	0	0	0
FBGN0025725	625	451	453	780	1197	1176
FBGN0052066	23	24	15	36	66	44
FBGN0029094	109	79	80	107	112	91
FBGN0036978	0	1	0	3	0	1
FBGN0035248	0	1	0	3	6	6
FBGN0036641	123	100	66	95	132	108
FBGN0036414	0	0	0	0	0	0
FBGN0036110	0	0	0	0	1	0
FBGN0035139	0	0	0	0	0	0
FBGN0262482	0	0	0	0	0	0
FBGN0263035	0	0	0	0	0	0
FBGN0052447	62	55	54	121	179	130
FBGN0024179	75	29	60	87	128	116
FBGN0036592	0	0	0	0	0	0
FBGN0053766	0	0	0	0	0	0
FBGN0036208	0	0	0	0	0	0
FBGN0036733	94	93	64	57	106	103
FBGN0052409	183	133	175	135	190	215
FBGN0037176	0	0	0	0	0	0
FBGN0037039	0	0	0	0	0	0
FBGN0035666	0	0	6	0	0	0
FBGN0036426	0	0	0	0	0	0
FBGN0035323	80	39	27	30	48	54
FBGN0260856	12	25	24	19	33	33
FBGN0264711	119	61	64	122	128	144
FBGN0004880	2	2	0	1	0	0
FBGN0000017	83	76	91	134	183	172
FBGN0016070	29	27	22	67	66	59
FBGN0000358	0	0	0	0	0	0
FBGN0036805	87	75	52	59	110	109
FBGN0036469	0	1	0	0	0	0
FBGN0052037	0	0	0	0	0	0
FBGN0004372	0	0	0	0	0	0
FBGN0052279	0	0	0	0	0	1
FBGN0035111	86	71	63	125	134	170
FBGN0052304	0	0	0	0	2	16
FBGN0036727	0	2	0	0	0	0
FBGN0036153	0	0	0	0	0	0
FBGN0036956	0	0	0	0	0	0
FBGN0026371	88	92	78	120	155	155
FBGN0036319	0	0	0	0	0	0
FBGN0036836	0	0	2	0	0	0
FBGN0036746	85	54	72	112	164	155
FBGN0045479	0	0	0	0	0	0
FBGN0261381	8	7	3	9	6	25
FBGN0036851	3	0	0	1	2	0
FBGN0036316	163	121	73	214	367	272
FBGN0000592	0	0	0	0	0	0
FBGN0036757	0	0	0	0	0	0
FBGN0037174	0	0	0	0	0	0
FBGN0027615	54	47	31	51	63	61
FBGN0035358	0	0	0	0	0	0
FBGN0036116	0	0	0	1	4	3
FBGN0262361	0	0	0	0	0	0
FBGN0035435	3	5	6	12	8	10
FBGN0053969	6	3	9	8	8	14
FBGN0028699	0	0	0	0	0	0
FBGN0036438	0	0	0	0	0	0
FBGN0035321	10	12	6	19	32	36
FBGN0086900	0	0	0	0	0	0
FBGN0262732	246	167	167	182	265	257
FBGN0010348	697	486	544	801	943	841
FBGN0035970	0	0	0	0	0	0
FBGN0002564	139	188	866	724	116	117
FBGN0023174	312	319	236	437	572	639
FBGN0024177	0	0	0	0	0	0
FBGN0010387	1	0	0	0	0	0
FBGN0004591	0	0	0	0	1	0
FBGN0036271	63	46	23	58	54	68
FBGN0028577	177	149	153	198	329	318
FBGN0288810	0	0	0	0	0	0
FBGN0262737	202	206	148	257	405	369
FBGN0028978	70	52	49	69	102	130
FBGN0001324	196	127	130	265	330	351
FBGN0264566	0	0	0	0	0	0
FBGN0011787	99	71	77	106	121	129
FBGN0053769	0	0	0	0	0	0
FBGN0037105	14	10	4	11	19	11
FBGN0035645	0	0	0	0	0	0
FBGN0036118	7	6	3	24	19	35
FBGN0036529	3	4	1	5	3	9
FBGN0036581	63	47	61	112	99	143
FBGN0036655	0	0	0	0	0	0
FBGN0035426	0	0	0	0	0	0
FBGN0005633	0	0	0	0	0	0
FBGN0036236	0	0	0	0	0	0
FBGN0250816	0	0	2	0	0	1
FBGN0262021	0	0	0	0	0	0
FBGN0025820	13	10	8	18	23	22
FBGN0053284	0	0	0	0	0	0
FBGN0036255	0	5	4	2	14	24
FBGN0035461	2	0	1	15	8	6
FBGN0015793	5	1	3	5	13	7
FBGN0035542	17	10	11	24	28	19
FBGN0000451	4	3	2	4	4	8
FBGN0036813	65	52	42	76	93	112
FBGN0028416	0	0	0	0	0	0
FBGN0036759	0	2	2	0	0	1
FBGN0004108	244	200	147	323	475	417
FBGN0003943	125	160	85	149	314	242
FBGN0044452	116	60	65	130	167	172
FBGN0260874	1	2	0	2	0	3
FBGN0036497	0	0	0	0	0	0
FBGN0260644	0	0	0	0	0	0
FBGN0035787	0	0	0	0	0	0
FBGN0035122	22	29	32	56	75	68
FBGN0003410	31	34	29	39	83	72
FBGN0036945	0	0	0	0	0	6
FBGN0036557	88	62	55	51	51	48
FBGN0027055	36	49	16	85	117	97
FBGN0086680	345	248	273	419	792	675
FBGN0010786	28	17	13	31	56	38
FBGN0036229	0	0	0	0	0	0
FBGN0022935	120	92	99	154	194	241
FBGN0052847	0	0	0	0	0	0
FBGN0035471	147	130	98	236	292	337
FBGN0045823	68	75	31	200	402	276
FBGN0036179	0	0	0	0	0	0
FBGN0035254	21	17	5	11	21	27
FBGN0005626	0	22	0	2	0	4
FBGN0036656	0	0	0	0	0	0
FBGN0259748	0	0	0	0	0	0
FBGN0036102	0	0	0	0	0	0
FBGN0036861	0	0	0	0	0	0
FBGN0087035	1095	821	638	1027	1300	1247
FBGN0035695	0	0	0	0	0	0
FBGN0035980	17	13	22	20	22	28
FBGN0041094	193	186	151	412	634	462
FBGN0036953	2	0	0	0	0	0
FBGN0035989	32	25	14	29	28	35
FBGN0035857	0	0	0	0	0	0
FBGN0036337	55	38	28	72	86	72
FBGN0283500	51	50	44	62	99	92
FBGN0264748	0	0	0	0	0	2
FBGN0035711	0	0	0	0	0	0
FBGN0036321	0	0	0	0	0	0
FBGN0264725	0	0	0	0	0	0
FBGN0035504	0	0	0	0	0	0
FBGN0052187	0	0	0	0	0	1
FBGN0022709	0	0	0	0	4	0
FBGN0283724	112	82	83	230	201	192
FBGN0035532	48	44	33	38	55	80
FBGN0053286	0	0	1	0	0	0
FBGN0262937	61	27	32	37	60	47
FBGN0035510	31	41	17	27	73	92
FBGN0261353	8	7	13	15	26	22
FBGN0002842	0	0	0	0	0	0
FBGN0017430	50	25	48	54	62	81
FBGN0035957	0	0	2	2	6	2
FBGN0037018	9	7	5	26	20	16
FBGN0016036	0	0	0	0	0	0
FBGN0036354	104	101	62	149	181	175
FBGN0036986	0	0	0	0	0	0
FBGN0053965	0	0	0	0	0	0
FBGN0000404	370	249	238	387	590	535
FBGN0026376	19	9	10	17	44	47
FBGN0035476	0	0	0	0	0	0
FBGN0035777	0	0	1	1	2	1
FBGN0262788	0	0	0	0	0	0
FBGN0036769	7	21	5	17	18	10
FBGN0037020	115	79	70	82	111	98
FBGN0052484	14	11	11	47	41	32
FBGN0011335	100	53	48	57	93	64
FBGN0052476	0	3	0	0	0	0
FBGN0035767	16	18	8	37	50	43
FBGN0036290	346	284	287	228	320	266
FBGN0035545	0	0	0	0	0	0
FBGN0000115	60	29	38	70	114	93
FBGN0013342	0	0	0	0	0	0
FBGN0036580	40	34	43	50	75	87
FBGN0036822	0	0	0	0	0	0
FBGN0035713	186	154	152	240	329	354
FBGN0025682	144	97	101	120	187	117
FBGN0041623	0	0	0	0	0	0
FBGN0036176	0	0	0	0	0	0
FBGN0036696	21	14	11	20	27	23
FBGN0010452	291	212	170	401	489	571
FBGN0020509	0	0	0	0	0	0
FBGN0052150	0	1	0	4	3	8
FBGN0020640	0	0	0	0	0	0
FBGN0052141	1	0	0	0	1	0
FBGN0265268	0	0	0	0	0	1
FBGN0035570	0	0	0	0	0	0
FBGN0004516	0	0	0	0	0	0
FBGN0035192	0	0	0	0	0	0
FBGN0027790	253	142	134	267	334	313
FBGN0035928	0	0	0	0	0	0
FBGN0036152	11	7	14	4	12	3
FBGN0040060	63	24	7	0	0	0
FBGN0054025	0	0	0	0	0	0
FBGN0020765	0	0	0	0	0	0
FBGN0052405	0	0	0	2	0	0
FBGN0040828	0	0	0	0	0	0
FBGN0262592	0	0	0	0	0	0
FBGN0036680	0	0	0	1	0	0
FBGN0053234	0	0	0	0	0	0
FBGN0015829	51	33	35	39	49	66
FBGN0040696	0	0	0	1	0	0
FBGN0041160	7	2	7	11	20	27
FBGN0020645	0	0	0	0	0	0
FBGN0262984	0	0	0	0	0	0
FBGN0036516	132	75	95	77	117	83
FBGN0263603	191	167	123	182	268	365
FBGN0052344	177	150	123	146	185	198
FBGN0036640	34	29	29	42	61	61
FBGN0040816	0	0	0	0	0	0
FBGN0036145	0	0	0	0	0	0
FBGN0041164	80	83	54	87	127	130
FBGN0028668	0	0	0	0	0	0
FBGN0264693	373	254	218	252	427	310
FBGN0061515	73	52	75	100	206	165
FBGN0035355	4	3	9	6	3	8
FBGN0015585	0	0	0	0	0	0
FBGN0035766	57	36	35	44	97	66
FBGN0036665	1	2	0	2	6	6
FBGN0262842	0	0	0	0	0	0
FBGN0036820	21	8	9	4	29	11
FBGN0052082	49	42	33	49	74	75
FBGN0004380	15	11	15	22	26	19
FBGN0035203	68	40	39	58	102	75
FBGN0263106	221	149	178	184	209	364
FBGN0052069	24	20	19	26	25	29
FBGN0036910	0	0	0	0	0	0
FBGN0020641	0	0	0	2	5	1
FBGN0260008	155	178	140	331	265	238
FBGN0036323	0	0	0	0	0	3
FBGN0036602	0	0	0	0	0	0
FBGN0028504	20	18	15	32	55	27
FBGN0042712	205	147	127	115	175	149
FBGN0266456	0	0	0	0	0	0
FBGN0085273	0	0	0	0	0	0
FBGN0052195	3	0	1	3	1	5
FBGN0023001	109	48	72	82	137	142
FBGN0260431	1	0	3	0	1	7
FBGN0035719	0	0	0	0	0	0
FBGN0036015	0	0	0	0	0	0
FBGN0035110	46	53	47	77	75	92
FBGN0264000	0	0	0	0	0	0
FBGN0035805	22	18	16	27	44	33
FBGN0036950	0	0	0	0	0	0
FBGN0045477	0	0	0	0	0	0
FBGN0036747	0	0	0	0	0	0
FBGN0052270	0	0	0	0	0	0
FBGN0035702	6	3	4	11	12	2
FBGN0035769	96	97	57	142	140	142
FBGN0036685	93	59	46	104	164	143
FBGN0036340	328	258	264	322	447	366
FBGN0052365	8	9	3	10	10	6
FBGN0004427	0	0	0	0	0	0
FBGN0026418	1791	1225	1087	1177	1624	1782
FBGN0036156	0	0	0	0	0	0
FBGN0037175	0	0	0	0	0	0
FBGN0263601	174	101	113	197	246	225
FBGN0036920	33	38	12	32	42	54
FBGN0040507	3	0	0	0	0	0
FBGN0020251	22	27	16	35	43	51
FBGN0003041	112	98	99	192	230	261
FBGN0042630	0	3	0	0	0	0
FBGN0037207	6	10	2	6	27	18
FBGN0036766	0	0	0	1	0	231
FBGN0036887	40	35	23	28	47	37
FBGN0266136	0	0	0	0	0	0
FBGN0036461	0	0	0	0	0	0
FBGN0036403	0	0	0	0	0	0
FBGN0035968	1	2	2	0	0	0
FBGN0036998	11	8	6	19	23	11
FBGN0004593	0	1	0	0	0	0
FBGN0035736	0	0	0	0	0	0
FBGN0004167	358	312	334	700	1084	786
FBGN0052182	0	1	0	0	0	1
FBGN0005198	72	37	31	119	167	204
FBGN0036112	0	0	0	0	0	0
FBGN0036979	0	0	0	0	1	0
FBGN0035103	96	59	44	106	162	161
FBGN0037138	149	161	101	201	281	270
FBGN0085282	0	0	0	0	1	0
FBGN0036785	0	0	0	0	0	0
FBGN0010246	114	92	76	98	180	183
FBGN0036544	0	0	0	0	0	0
FBGN0052438	110	72	48	136	143	111
FBGN0037200	31	24	9	27	49	51
FBGN0259703	0	0	0	0	0	0
FBGN0263761	0	0	0	0	0	0
FBGN0037141	23	12	22	33	44	43
FBGN0035455	0	0	0	0	0	0
FBGN0052079	0	0	0	0	0	0
FBGN0052392	0	0	0	2	2	2
FBGN0005386	65	48	47	70	109	89
FBGN0260430	0	0	0	0	4	0
FBGN0036576	74	66	46	95	170	202
FBGN0016013	1	2	3	5	5	3
FBGN0000629	106	93	93	133	153	139
FBGN0058160	259	230	177	158	184	182
FBGN0035371	151	130	106	150	245	222
FBGN0035585	0	0	0	0	0	0
FBGN0016696	133	88	124	92	137	141
FBGN0024804	434	376	329	342	427	375
FBGN0035397	103	79	85	209	361	289
FBGN0263607	0	0	0	7	6	6
FBGN0052425	85	40	43	91	112	105
FBGN0052113	47	34	40	78	91	78
FBGN0035768	0	0	0	0	0	0
FBGN0035985	16	37	125	5	0	5
FBGN0052040	0	0	0	0	0	0
FBGN0261816	0	0	0	0	0	0
FBGN0052462	0	0	0	0	0	0
FBGN0036677	36	30	32	89	113	63
FBGN0261997	0	0	0	0	0	0
FBGN0037092	63	59	34	89	177	130
FBGN0053057	1	4	1	5	2	2
FBGN0262870	0	3	0	0	1	0
FBGN0042178	0	3	3	10	0	2
FBGN0003292	26	47	19	55	122	89
FBGN0036451	336	239	196	344	538	474
FBGN0036202	0	0	1	0	1	0
FBGN0052072	0	0	0	0	0	0
FBGN0036593	0	0	0	0	0	0
FBGN0041709	0	0	0	0	0	0
FBGN0052102	0	0	0	0	0	0
FBGN0266540	0	0	0	0	0	0
FBGN0260653	312	228	200	453	699	665
FBGN0025455	102	96	76	121	198	170
FBGN0052278	20	5	13	12	19	15
FBGN0052452	15	19	19	17	26	19
FBGN0020224	23	49	22	48	92	87
FBGN0037191	0	0	0	0	0	0
FBGN0024194	38	35	22	45	39	34
FBGN0025776	0	0	0	0	0	0
FBGN0036780	0	0	0	0	0	0
FBGN0036838	58	53	45	91	109	126
FBGN0037144	0	0	4	0	0	0
FBGN0036654	0	0	0	0	0	0
FBGN0035608	0	2	0	1	0	0
FBGN0016081	183	160	84	258	335	311
FBGN0035594	0	0	0	0	0	0
FBGN0053971	0	0	0	0	1	1
FBGN0036142	6	3	1	2	10	4
FBGN0035176	0	0	0	0	0	0
FBGN0035360	0	0	0	0	0	1
FBGN0052302	70	5	0	2	0	299
FBGN0004414	0	0	0	0	0	0
FBGN0026061	15	14	17	26	36	21
FBGN0085371	0	0	0	0	0	0
FBGN0037117	8	24	8	9	17	24
FBGN0040805	0	0	0	0	0	0
FBGN0037013	0	0	0	0	0	0
FBGN0035949	0	0	0	0	0	0
FBGN0035239	0	0	0	0	0	0
FBGN0036893	17	6	10	10	14	19
FBGN0052054	0	0	0	0	0	0
FBGN0027500	96	83	74	158	206	186
FBGN0053985	0	0	0	0	0	31
FBGN0058002	0	0	0	0	0	0
FBGN0260388	57	71	31	57	81	113
FBGN0036964	69	54	58	103	80	72
FBGN0017572	97	124	82	175	337	252
FBGN0036343	0	0	0	0	0	0
FBGN0035953	19	24	23	65	67	78
FBGN0052264	182	139	123	177	275	219
FBGN0036670	1	0	3	2	0	0
FBGN0035813	0	2	4	0	1	4
FBGN0086916	0	0	0	0	0	0
FBGN0001248	744	706	518	1123	1728	1599
FBGN0035496	0	0	1	0	2	1
FBGN0003076	45	42	39	47	85	59
FBGN0000045	2	4	0	10	4	5
FBGN0263248	0	0	0	0	0	0
FBGN0262518	33	24	32	53	120	83
FBGN0015321	47	41	32	68	111	90
FBGN0037000	34	36	25	65	80	61
FBGN0264001	0	0	0	0	0	0
FBGN0036485	0	0	0	0	0	0
FBGN0264489	0	0	5	2	1	4
FBGN0035657	0	0	0	0	0	0
FBGN0042201	0	0	0	0	0	0
FBGN0036713	0	0	0	0	0	0
FBGN0036393	0	1	2	0	0	0
FBGN0035909	655	494	331	398	621	629
FBGN0036031	0	0	0	0	0	0
FBGN0035313	0	0	0	0	0	7
FBGN0002872	44	40	43	57	63	69
FBGN0035300	0	12	0	0	0	1
FBGN0036784	0	0	0	0	0	0
FBGN0052246	0	0	0	0	0	0
FBGN0052845	0	0	0	0	0	0
FBGN0037204	0	0	0	0	0	0
FBGN0036057	0	0	0	0	0	0
FBGN0035933	0	0	0	0	0	0
FBGN0053262	0	0	0	0	0	0
FBGN0263911	54	36	34	75	85	123
FBGN0264848	95	69	75	169	200	170
FBGN0027085	40	31	32	41	52	57
FBGN0035520	28	24	40	29	48	25
FBGN0036489	48	39	24	30	65	40
FBGN0035479	0	0	0	0	0	0
FBGN0036262	3	7	34	7	2	5
FBGN0262519	1484	1296	994	1448	2009	2061
FBGN0015218	178	139	149	248	402	411
FBGN0035283	24	12	11	15	40	29
FBGN0260660	28	31	11	34	37	31
FBGN0085480	0	0	0	0	0	0
FBGN0035817	0	0	0	0	0	0
FBGN0025866	58	36	42	77	101	88
FBGN0260859	36	24	20	36	55	70
FBGN0085267	0	0	0	0	0	0
FBGN0035567	0	0	0	0	0	0
FBGN0036846	134	79	85	133	136	155
FBGN0024887	51	53	53	77	82	107
FBGN0036818	5	2	4	2	13	8
FBGN0263251	35	41	37	59	135	91
FBGN0052354	2	5	4	11	13	21
FBGN0035622	161	124	95	208	299	245
FBGN0001259	30	41	22	49	69	75
FBGN0036520	0	0	0	0	0	0
FBGN0028697	1703	1260	1268	1620	2074	2068
FBGN0035348	2	1	0	2	5	0
FBGN0004619	0	0	0	0	0	0
FBGN0085295	0	0	0	0	0	0
FBGN0035669	0	0	0	0	0	0
FBGN0037151	1	2	3	8	10	2
FBGN0036790	0	0	0	0	0	0
FBGN0026409	284	317	230	385	564	542
FBGN0262580	0	0	0	0	0	0
FBGN0035262	0	0	1	1	2	1
FBGN0283479	6	20	18	1	0	4
FBGN0047178	16	7	4	20	12	6
FBGN0036708	0	0	0	0	0	0
FBGN0036194	65	48	43	61	86	126
FBGN0261109	21	32	37	47	65	36
FBGN0035385	0	0	0	0	0	0
FBGN0262987	16	3	4	27	20	17
FBGN0016031	19	16	13	27	11	15
FBGN0284236	0	0	0	0	0	0
FBGN0036832	0	0	0	0	0	0
FBGN0261507	0	0	0	0	0	0
FBGN0036888	221	143	111	130	211	258
FBGN0052206	0	0	0	0	0	0
FBGN0262535	0	0	0	0	0	0
FBGN0029113	1057	860	664	843	1326	1297
FBGN0260481	0	0	1	0	1	0
FBGN0037093	78	87	83	137	157	173
FBGN0035648	0	0	0	0	0	0
FBGN0082598	164	116	97	239	402	300
FBGN0052064	0	0	0	0	0	0
FBGN0264605	3	0	0	0	0	3
FBGN0036501	10	14	7	12	13	16
FBGN0260393	0	0	0	0	0	37
FBGN0035337	37	31	37	20	30	36
FBGN0037064	0	0	0	0	0	0
FBGN0040634	0	1	1	0	3	0
FBGN0011591	121	77	69	189	230	240
FBGN0035554	0	0	0	0	0	0
FBGN0036600	0	0	0	0	2	0
FBGN0053489	0	0	0	0	0	0
FBGN0036837	24	26	36	40	36	52
FBGN0035952	0	0	0	0	0	0
FBGN0036361	0	0	0	0	0	25
FBGN0036121	20	23	10	14	9	11
FBGN0042177	118	91	74	115	94	151
FBGN0035267	105	71	73	89	138	159
FBGN0063667	3	0	3	0	0	0
FBGN0035244	32	27	28	43	54	56
FBGN0036083	0	0	0	0	0	0
FBGN0010350	33	32	35	71	77	80
FBGN0284444	0	0	0	0	0	0
FBGN0261536	0	0	0	0	0	0
FBGN0036716	0	0	0	0	1	0
FBGN0035211	27	13	6	30	38	27
FBGN0040797	0	0	0	0	0	0
FBGN0259200	0	0	2	0	0	1
FBGN0052075	55	49	44	66	94	71
FBGN0036091	0	0	0	0	0	0
FBGN0266437	0	0	0	0	0	0
FBGN0036913	52	33	13	46	52	60
FBGN0015360	11	2	10	9	8	15
FBGN0035965	23	18	10	28	36	35
FBGN0035833	5	6	7	9	6	2
FBGN0052068	13	18	8	26	31	15
FBGN0029152	64	86	59	96	166	149
FBGN0013718	138	127	90	162	260	249
FBGN0036364	0	5	3	0	0	0
FBGN0035522	113	84	92	171	227	150
FBGN0263199	5	5	11	14	11	17
FBGN0262516	0	0	0	0	0	0
FBGN0052318	0	0	0	0	0	0
FBGN0036778	0	0	0	0	0	0
FBGN0036643	7	2	2	3	6	11
FBGN0037037	0	0	0	0	0	0
FBGN0036874	0	0	0	0	0	0
FBGN0040799	0	0	0	0	0	0
FBGN0010909	349	374	247	483	766	681
FBGN0036756	0	3	0	0	0	0
FBGN0035557	5	6	8	13	6	10
FBGN0045770	0	0	0	0	1	0
FBGN0013717	35	35	25	50	73	87
FBGN0036133	62	26	14	53	96	74
FBGN0036367	0	0	0	0	0	0
FBGN0261556	65	29	42	104	111	85
FBGN0036686	323	215	232	207	230	224
FBGN0036951	0	0	0	28	12	1508
FBGN0035552	0	3	0	0	0	0
FBGN0043550	1	1	0	0	0	1
FBGN0036787	0	2	5	1	2	1
FBGN0037069	0	0	0	0	0	0
FBGN0262139	69	64	32	63	134	99
FBGN0036734	225	141	182	127	240	232
FBGN0035926	0	0	0	0	0	0
FBGN0020412	203	160	124	141	253	254
FBGN0035143	0	0	0	0	0	0
FBGN0035763	79	38	43	123	166	144
FBGN0037081	82	66	51	71	97	68
FBGN0037128	5	17	5	5	17	13
FBGN0036502	2	3	2	6	4	1
FBGN0053260	21	22	13	11	25	21
FBGN0036560	0	0	0	0	0	0
FBGN0036782	0	3	2	0	0	0
FBGN0035161	0	0	0	0	0	0
FBGN0037122	0	0	0	0	0	0
FBGN0036139	0	0	0	0	0	0
FBGN0261258	583	399	449	596	703	743
FBGN0035280	0	0	0	0	0	0
FBGN0036018	74	81	41	107	102	123
FBGN0036346	0	0	0	0	0	2
FBGN0036155	66	40	50	61	69	90
FBGN0037184	3	12	8	16	14	7
FBGN0037137	728	524	496	471	763	758
FBGN0036931	2	1	0	10	1	0
FBGN0036550	0	3	0	0	0	0
FBGN0035999	7	4	4	7	12	12
FBGN0035799	0	0	0	0	0	0
FBGN0262099	0	0	0	0	0	0
FBGN0035640	58	46	42	94	105	115
FBGN0266667	54	57	43	101	106	96
FBGN0036899	34	17	36	28	60	60
FBGN0035921	1	0	0	0	0	1
FBGN0036372	125	84	54	117	193	139
FBGN0036274	0	0	0	0	0	0
FBGN0036536	2	1	0	5	4	6
FBGN0005640	48	64	50	110	118	117
FBGN0026252	546	494	417	795	901	895
FBGN0052221	0	0	0	2	5	4
FBGN0035316	0	0	0	0	0	0
FBGN0052445	0	0	0	0	0	0
FBGN0036056	0	0	0	0	0	0
FBGN0035427	1	1	3	3	1	8
FBGN0036607	0	1	0	0	0	0
FBGN0036710	150	119	106	213	269	249
FBGN0016715	6	13	2	5	10	11
FBGN0260458	0	0	0	2	0	0
FBGN0035795	0	0	0	0	0	0
FBGN0035887	0	0	0	0	0	0
FBGN0002945	202	166	160	293	442	385
FBGN0036482	0	0	0	0	0	0
FBGN0036352	0	0	0	0	0	0
FBGN0036257	57	57	65	48	87	77
FBGN0035848	8	7	4	12	17	10
FBGN0004910	0	0	2	0	0	1
FBGN0052199	0	0	0	0	0	0
FBGN0260397	68	57	41	73	112	103
FBGN0261530	53	31	45	45	78	58
FBGN0037078	0	0	0	0	0	0
FBGN0036192	8	3	7	10	11	15
FBGN0053993	11	13	12	16	26	30
FBGN0036938	0	0	0	0	0	0
FBGN0035951	57	65	32	88	89	93
FBGN0036947	0	0	0	0	0	33
FBGN0020644	0	0	0	0	0	0
FBGN0052091	6	6	14	26	20	31
FBGN0011762	40	42	30	38	66	65
FBGN0267348	800	548	490	948	1435	1326
FBGN0036704	0	0	0	0	0	0
FBGN0026404	232	128	140	126	179	169
FBGN0036419	0	0	0	0	1	0
FBGN0036689	8	8	3	6	9	5
FBGN0261526	20	15	9	50	48	31
FBGN0036879	0	0	0	0	0	0
FBGN0037115	0	0	0	1	0	0
FBGN0053926	0	0	0	0	3	0
FBGN0035372	25	35	38	52	48	73
FBGN0036177	0	0	0	0	0	0
FBGN0266757	0	0	0	0	0	0
FBGN0036831	0	0	0	0	0	7
FBGN0036538	16	18	14	20	16	22
FBGN0015805	622	465	354	708	954	1065
FBGN0035923	43	26	30	41	38	26
FBGN0036799	0	0	0	0	0	0
FBGN0085290	8	5	4	18	6	14
FBGN0086611	0	0	0	0	0	0
FBGN0000212	662	526	543	863	979	1157
FBGN0052232	0	0	0	0	0	0
FBGN0085456	0	0	0	0	0	0
FBGN0054057	0	0	0	0	0	0
FBGN0035704	35	22	12	42	40	49
FBGN0260657	0	0	0	0	0	0
FBGN0036094	0	0	0	0	0	0
FBGN0040291	0	0	0	0	0	0
FBGN0052179	2	4	3	4	19	20
FBGN0035772	362	260	247	327	470	387
FBGN0020388	182	169	127	146	199	193
FBGN0035173	1	1	0	1	6	3
FBGN0000568	461	337	253	487	838	695
FBGN0036974	552	414	361	525	566	532
FBGN0015239	81	84	77	128	161	176
FBGN0035462	48	31	44	73	105	63
FBGN0035157	7	10	11	11	12	21
FBGN0035148	33	24	29	45	58	63
FBGN0001224	2082	1287	1384	2772	2215	2338
FBGN0085297	0	0	0	0	0	0
FBGN0004888	303	221	200	258	395	332
FBGN0037140	0	0	0	0	0	0
FBGN0041194	1	0	4	5	3	0
FBGN0260646	0	0	0	0	0	0
FBGN0036891	23	14	3	8	11	15
FBGN0010825	229	196	186	336	590	506
FBGN0052391	0	0	0	0	0	0
FBGN0263606	5	4	8	5	8	6
FBGN0083068	0	0	0	0	0	0
FBGN0035945	10	16	10	18	41	45
FBGN0037164	36	51	29	40	133	140
FBGN0040074	0	0	0	0	0	0
FBGN0015904	168	103	110	119	201	165
FBGN0035233	0	4	1	6	7	2
FBGN0035954	25	11	15	48	57	65
FBGN0036258	671	515	321	895	1353	1292
FBGN0286893	0	0	0	0	0	0
FBGN0040475	83	67	61	121	149	138
FBGN0037107	0	0	0	0	0	0
FBGN0011653	252	188	175	349	509	489
FBGN0002778	95	72	53	127	178	206
FBGN0052376	0	0	0	0	0	0
FBGN0010235	217	119	151	232	284	326
FBGN0053983	0	0	0	0	0	48
FBGN0035607	0	0	0	0	0	0
FBGN0035844	554	401	350	655	961	1011
FBGN0036801	21	17	14	18	27	23
FBGN0052407	0	3	2	0	0	1
FBGN0036687	2	0	0	0	0	1
FBGN0035831	21	20	29	40	27	37
FBGN0028999	0	0	0	0	0	0
FBGN0035256	0	0	0	0	0	0
FBGN0053710	0	0	0	0	0	0
FBGN0036286	49	42	36	87	109	126
FBGN0036391	0	0	0	0	1	0
FBGN0040322	9	6	9	4	11	8
FBGN0035529	5	11	3	12	24	25
FBGN0036591	1	1	0	0	1	0
FBGN0037001	78	92	69	140	184	187
FBGN0261635	0	0	0	0	0	0
FBGN0036342	25	2	8	16	18	15
FBGN0037076	4	16	8	3	3	12
FBGN0036498	0	0	0	0	0	0
FBGN0037008	31	14	12	36	36	40
FBGN0020637	0	0	0	0	0	0
FBGN0260965	47	42	26	62	81	75
FBGN0040298	22	26	25	36	41	34
FBGN0036366	2	0	0	3	15	14
FBGN0020638	0	0	0	0	0	0
FBGN0000541	535	396	380	722	921	956
FBGN0036263	121	83	61	81	134	144
FBGN0036085	0	0	0	0	0	0
FBGN0035551	0	0	0	1	0	1
FBGN0053523	5	7	6	14	31	6
FBGN0035577	0	0	0	0	0	0
FBGN0035656	3	4	2	0	1	0
FBGN0036629	15	8	6	14	15	15
FBGN0259163	31	22	9	51	85	70
FBGN0036639	0	0	0	0	0	0
FBGN0035413	0	0	0	0	0	0
FBGN0036518	162	98	100	122	191	141
FBGN0052039	23	15	6	20	11	11
FBGN0052198	5	2	1	0	0	0
FBGN0035383	76	58	46	66	117	101
FBGN0027080	186	185	117	248	282	304
FBGN0035889	36	16	20	40	42	35
FBGN0000357	0	0	0	0	0	0
FBGN0036411	0	0	0	0	0	0
FBGN0036024	3	0	5	0	1	0
FBGN0035685	0	0	0	0	0	0
FBGN0052163	1	4	13	3	8	14
FBGN0011509	53	64	44	68	129	124
FBGN0015946	0	0	0	0	0	0
FBGN0263599	744	601	567	895	1321	1325
FBGN0035209	12	17	22	31	54	31
FBGN0035686	0	0	0	0	0	0
FBGN0036909	34	35	27	42	31	34
FBGN0035483	14	5	3	6	11	8
FBGN0036273	0	0	0	0	0	0
FBGN0261360	0	0	0	0	0	0
FBGN0036999	15	17	8	23	27	29
FBGN0266124	37	18	21	26	27	33
FBGN0010352	308	283	240	418	651	634
FBGN0036504	0	0	0	0	0	0
FBGN0036622	0	0	2	0	3	0
FBGN0261283	207	213	145	317	473	404
FBGN0036020	14	13	6	28	22	29
FBGN0035947	285	205	174	285	346	295
FBGN0261799	15	6	8	16	15	14
FBGN0036940	0	0	0	3	5	349
FBGN0040809	0	0	0	0	0	0
FBGN0010830	32	14	15	39	66	52
FBGN0264307	0	0	0	2	3	0
FBGN0040230	49	31	23	111	141	128
FBGN0036522	187	179	147	201	263	208
FBGN0035437	153	116	131	162	239	221
FBGN0036872	0	0	0	0	0	0
FBGN0262484	0	0	0	0	0	0
FBGN0259785	714	504	475	906	1194	1264
FBGN0260643	0	0	0	0	0	0
FBGN0261723	0	0	0	0	0	0
FBGN0035380	0	0	0	0	0	0
FBGN0035636	1	0	0	4	6	7
FBGN0035553	6	24	3	2	3	6
FBGN0037185	0	2	0	7	10	2
FBGN0035583	0	0	0	1	0	5
FBGN0020642	0	0	4	0	0	0
FBGN0036574	46	27	16	42	60	54
FBGN0035791	0	1	0	0	3	0
FBGN0262351	0	0	0	0	0	0
FBGN0250814	161	146	126	179	295	353
FBGN0036000	71	57	58	66	60	96
FBGN0036218	0	0	0	0	0	0
FBGN0020294	148	129	108	212	264	320
FBGN0035824	7	8	3	7	12	7
FBGN0037195	2	0	0	0	0	0
FBGN0036942	1	0	0	1	0	0
FBGN0035988	0	0	0	1	0	0
FBGN0052260	0	0	0	0	1	0
FBGN0267429	0	0	0	0	0	0
FBGN0262100	0	0	0	0	0	0
FBGN0035453	0	0	0	0	0	0
FBGN0036360	0	0	0	0	1	0
FBGN0037068	0	0	0	0	0	0
FBGN0052432	0	0	0	0	0	0
FBGN0037031	6	4	0	14	20	28
FBGN0263605	80	62	66	92	111	138
FBGN0035335	33	21	37	44	59	60
FBGN0036935	0	0	0	0	0	0
FBGN0040697	0	0	0	0	0	0
FBGN0036793	0	0	0	0	0	0
FBGN0260635	311	287	226	452	847	677
FBGN0035152	2	1	1	3	4	7
FBGN0017429	3	4	1	17	17	7
FBGN0052112	15	4	6	5	7	10
FBGN0036962	0	0	0	0	0	0
FBGN0003206	18	22	14	44	73	48
FBGN0035665	203	32	11	2	2	0
FBGN0263988	0	0	0	0	0	0
FBGN0035785	0	0	0	0	0	0
FBGN0035625	155	115	87	154	296	214
FBGN0035521	0	0	0	0	0	0
FBGN0004425	0	1	0	0	0	0
FBGN0036096	288	213	170	211	276	241
FBGN0052117	0	0	0	0	0	0
FBGN0035238	27	16	9	21	34	34
FBGN0016794	47	37	35	53	117	85
FBGN0041775	781	583	524	629	849	924
FBGN0259481	30	14	18	23	15	39
FBGN0267849	41	25	27	28	43	38
FBGN0042131	0	0	0	0	0	0
FBGN0036590	0	0	0	1	0	2
FBGN0053278	0	0	0	0	0	0
FBGN0260941	61	31	19	50	36	65
FBGN0261574	633	544	439	813	1116	1077
FBGN0001108	180	165	111	207	312	313
FBGN0035312	1	0	0	2	1	0
FBGN0001253	1559	1258	1116	1636	2558	1982
FBGN0260968	0	0	0	0	0	0
FBGN0036170	0	0	0	0	0	0
FBGN0036014	0	0	2	0	1	0
FBGN0036684	23	22	28	35	50	62
FBGN0027660	82	77	64	137	231	189
FBGN0052371	0	0	0	0	0	0
FBGN0035272	38	22	14	37	40	49
FBGN0035153	1	0	4	1	1	0
FBGN0266696	172	121	132	221	327	249
FBGN0035240	0	0	0	0	0	0
FBGN0264707	46	27	25	50	62	83
FBGN0001256	1	2	2	5	16	4
FBGN0063670	45	20	47	46	33	38
FBGN0261294	0	0	0	0	0	0
FBGN0263034	0	0	0	0	0	0
FBGN0035888	0	0	0	0	0	0
FBGN0041171	247	226	169	250	475	419
FBGN0003462	821	500	395	364	467	535
FBGN0036279	144	129	99	166	236	208
FBGN0004635	9	2	1	3	3	4
FBGN0036750	2	1	1	3	0	1
FBGN0036729	0	0	0	0	0	0
FBGN0052266	0	0	0	0	0	0
FBGN0260936	164	127	75	192	277	246
FBGN0035743	0	1	2	0	0	0
FBGN0266101	17	16	25	53	83	77
FBGN0011693	0	0	0	0	0	0
FBGN0036410	3	7	8	2	0	1
FBGN0047000	0	0	0	0	0	0
FBGN0052457	0	0	0	0	0	0
FBGN0036382	1	1	5	11	7	1
FBGN0035523	236	179	150	410	536	499
FBGN0035563	0	0	0	0	0	0
FBGN0036417	3	8	0	0	4	0
FBGN0037199	143	113	97	101	140	155
FBGN0083952	8	6	2	5	11	10
FBGN0036199	1	0	7	5	7	8
FBGN0040796	34	18	20	25	60	34
FBGN0036221	0	0	0	0	0	0
FBGN0263647	0	0	0	0	0	0
FBGN0052190	275	181	198	281	469	414
FBGN0010215	598	519	393	524	558	583
FBGN0035179	0	0	0	0	2	0
FBGN0264516	0	0	0	0	0	0
FBGN0036859	0	0	0	0	0	0
FBGN0035867	19	15	19	24	43	44
FBGN0036433	27	27	23	104	258	142
FBGN0036598	0	0	0	0	0	0
FBGN0035969	0	0	0	0	0	0
FBGN0035750	0	0	0	0	0	0
FBGN0036225	0	0	0	0	0	11
FBGN0035687	0	0	0	0	0	0
FBGN0036705	0	0	0	0	0	0
FBGN0036918	154	130	108	146	110	154
FBGN0036547	154	113	95	163	226	220
FBGN0261858	0	0	0	0	0	0
FBGN0036466	0	0	0	0	0	0
FBGN0052277	0	0	0	0	0	0
FBGN0035228	25	38	22	55	98	92
FBGN0261952	0	0	0	0	0	0
FBGN0036826	8	8	9	5	6	8
FBGN0035533	242	149	120	176	247	204
FBGN0037206	4	1	6	1	0	0
FBGN0260987	284	226	184	234	246	210
FBGN0035793	192	143	131	257	448	394
FBGN0266084	59	49	41	86	100	102
FBGN0004381	3	2	0	13	5	6
FBGN0028429	41	36	49	29	25	53
FBGN0036952	42	2	0	21	5	590
FBGN0004449	662	586	441	998	1512	1495
FBGN0042119	0	0	0	0	0	0
FBGN0036487	129	96	75	117	155	103
FBGN0052249	2	7	57	1	4	1
FBGN0260396	0	0	0	0	0	0
FBGN0014011	81	29	38	57	104	97
FBGN0040801	3	7	1	27	63	52
FBGN0027554	70	53	42	67	97	78
FBGN0052192	0	0	0	0	0	0
FBGN0037036	0	0	0	0	0	0
FBGN0262896	0	0	0	0	0	0
FBGN0036556	18	25	25	71	101	92
FBGN0000116	988	923	919	1164	1825	1710
FBGN0036381	2	2	8	1	6	3
FBGN0036191	78	68	48	86	121	90
FBGN0037005	0	0	0	0	0	0
FBGN0036217	0	0	0	0	0	0
FBGN0052238	0	0	0	0	0	0
FBGN0036610	0	0	0	0	0	0
FBGN0035432	59	49	41	87	155	144
FBGN0036195	0	0	0	0	0	0
FBGN0266441	46	32	29	66	85	69
FBGN0036596	0	2	1	1	3	6
FBGN0286833	0	0	0	1	6	2
FBGN0037203	0	1	0	0	1	0
FBGN0037071	8	16	8	4	30	22
FBGN0041100	13	16	7	22	31	27
FBGN0029117	23	34	26	21	22	20
FBGN0052203	0	0	0	0	0	0
FBGN0053170	21	13	11	23	35	17
FBGN0026570	14	11	1	4	13	13
FBGN0265084	0	0	0	0	0	0
FBGN0036730	0	1	0	0	1	0
FBGN0053060	0	0	0	0	0	0
FBGN0261059	0	2	0	0	0	0
FBGN0035586	6	13	5	23	23	25
FBGN0285896	27	8	7	27	41	51
FBGN0035393	41	16	35	49	48	38
FBGN0288310	27	23	18	56	62	58
FBGN0036259	0	0	0	0	0	0
FBGN0052479	347	234	154	439	587	569
FBGN0035776	0	0	0	0	0	0
FBGN0036752	9	0	4	5	5	6
FBGN0052320	0	0	0	0	0	0
FBGN0036058	53	30	31	128	211	170
FBGN0036053	93	63	66	101	183	145
FBGN0036178	0	0	0	0	0	0
FBGN0037106	56	34	36	51	74	52
FBGN0035268	38	29	17	33	47	54
FBGN0035216	0	0	0	0	0	0
FBGN0037181	39	195	52	30	50	68
FBGN0035876	5	5	3	7	15	11
FBGN0035788	0	0	0	0	0	0
FBGN0035675	38	35	36	47	91	70
FBGN0086694	177	136	80	233	329	310
FBGN0036029	0	0	0	0	0	0
FBGN0035294	89	80	72	64	84	60
FBGN0023129	8	6	8	6	24	21
FBGN0011828	81	40	23	18	37	37
FBGN0261402	0	0	0	0	0	0
FBGN0036881	0	0	0	0	0	0
FBGN0035574	58	43	49	42	75	43
FBGN0037011	82	96	68	46	46	58
FBGN0058470	0	2	0	0	0	1
FBGN0085485	0	0	0	0	0	0
FBGN0013303	7	4	3	32	26	16
FBGN0036220	0	0	0	0	0	0
FBGN0035741	0	0	0	0	0	0
FBGN0000121	0	0	0	0	0	0
FBGN0028695	751	689	554	916	1492	1456
FBGN0035694	0	0	0	0	0	0
FBGN0035370	701	487	520	531	782	706
FBGN0052100	31	12	9	15	21	25
FBGN0037120	6	5	8	3	7	6
FBGN0035444	11	8	1	8	15	19
FBGN0259175	62	84	39	113	145	129
FBGN0016034	13	3	4	0	1	2
FBGN0053796	0	0	0	0	0	0
FBGN0036810	0	0	0	0	0	0
FBGN0035742	0	0	0	0	0	0
FBGN0035409	0	0	0	0	1	0
FBGN0036621	42	26	16	38	67	51
FBGN0020655	72	62	75	76	118	144
FBGN0001227	247	169	158	239	319	289
FBGN0035166	13	10	8	9	14	18
FBGN0042185	23	10	13	23	30	17
FBGN0004870	2	1	0	0	2	1
FBGN0036421	0	0	0	0	0	0
FBGN0028789	57	22	18	55	97	71
FBGN0036742	1	0	0	0	6	6
FBGN0036131	0	0	0	0	0	0
FBGN0015283	556	438	344	371	503	520
FBGN0035422	774	480	356	450	780	656
FBGN0262030	0	0	0	0	0	0
FBGN0085298	0	0	0	0	0	0
FBGN0085458	0	0	0	0	0	0
FBGN0036804	4	6	1	5	10	12
FBGN0036663	333	320	236	443	569	559
FBGN0013753	95	62	50	86	124	133
FBGN0037024	79	65	50	104	158	129
FBGN0264305	46	30	21	54	91	65
FBGN0036040	14	11	8	13	16	18
FBGN0036681	0	0	0	0	0	0
FBGN0035517	14	10	7	17	36	20
FBGN0052219	0	0	0	0	0	0
FBGN0035550	0	24	43	5	1	0
FBGN0052284	0	0	0	0	0	0
FBGN0250848	896	655	595	1175	1586	1403
FBGN0036614	32	9	15	15	38	19
FBGN0037146	2	6	9	4	4	3
FBGN0052241	0	0	3	0	0	0
FBGN0263600	121	87	84	143	150	181
FBGN0036448	260	185	148	337	457	468
FBGN0052271	0	0	0	0	0	0
FBGN0016983	521	412	368	567	774	841
FBGN0028484	67	50	31	51	88	101
FBGN0047038	63	72	70	50	68	62
FBGN0052374	0	0	0	0	0	0
FBGN0035299	0	0	0	0	0	0
FBGN0026738	29	32	31	16	65	44
FBGN0027547	28	51	45	75	167	116
FBGN0037085	0	0	0	0	0	0
FBGN0264747	0	0	0	0	0	0
FBGN0004926	641	475	468	419	542	653
FBGN0035464	376	240	230	288	470	380
FBGN0013799	52	44	39	53	111	109
FBGN0014163	4407	3115	2602	3042	4747	4392
FBGN0035434	14	13	1	0	2	0
FBGN0263602	10	6	4	4	14	9
FBGN0035513	0	0	0	0	5	0
FBGN0036569	25	9	15	41	35	20
FBGN0026259	617	461	447	525	773	850
FBGN0027552	25	8	23	11	20	30
FBGN0001320	47	51	19	64	108	77
FBGN0014037	104	76	68	152	174	168
FBGN0001168	34	26	18	59	109	115
FBGN0036390	0	0	0	0	0	0
FBGN0085280	0	0	0	0	0	10
FBGN0037182	225	130	109	132	208	165
FBGN0283472	52	72	41	101	142	116
FBGN0036310	0	0	0	0	0	0
FBGN0036287	20	3	1	28	26	29
FBGN0035388	25	40	33	43	92	105
FBGN0261633	0	0	0	0	0	0
FBGN0011206	0	2	1	4	5	5
FBGN0036588	0	0	0	0	0	0
FBGN0262022	0	0	0	0	0	0
FBGN0035593	188	112	69	98	121	116
FBGN0027843	0	4	0	1	1	0
FBGN0043806	0	1	2	0	0	0
FBGN0036089	0	0	0	0	0	0
FBGN0040296	10	8	13	9	21	18
FBGN0035663	0	1	0	0	0	0
FBGN0035478	0	0	0	0	0	0
FBGN0035375	62	42	29	75	69	68
FBGN0052177	19	11	15	35	58	44
FBGN0266709	1	0	0	0	3	1
FBGN0036124	272	193	250	221	236	297
FBGN0262007	0	0	0	0	0	0
FBGN0020389	80	45	64	61	111	77
FBGN0040694	0	0	0	0	0	0
FBGN0052243	108	89	80	131	128	103
FBGN0087007	185	181	161	370	486	389
FBGN0266918	20	23	26	37	66	40
FBGN0004373	142	127	103	179	215	192
FBGN0261832	0	0	0	0	0	0
FBGN0021760	117	173	115	231	332	259
FBGN0036181	6	1	0	0	0	0
FBGN0000109	8	8	3	4	10	11
FBGN0020300	14	5	7	15	22	37
FBGN0053703	0	0	0	0	0	0
FBGN0036905	0	0	0	0	0	0
FBGN0004895	0	0	0	0	0	0
FBGN0035756	0	0	1	0	0	0
FBGN0053287	0	0	0	0	0	0
FBGN0035649	0	0	0	0	0	0
FBGN0035382	0	0	0	0	0	0
FBGN0286933	0	0	0	0	0	0
FBGN0040794	0	0	0	0	0	0
FBGN0035907	14	22	15	20	17	31
FBGN0036659	0	6	4	0	0	3
FBGN0003741	20	8	14	24	22	23
FBGN0020639	0	0	0	0	0	0
FBGN0010762	237	151	142	230	381	298
FBGN0036206	0	2	0	0	3	1
FBGN0261112	45	45	44	49	71	54
FBGN0035674	4	0	3	4	3	3
FBGN0004179	107	89	62	107	206	153
FBGN0052343	88	58	41	63	81	91
FBGN0010741	100	53	47	61	102	82
FBGN0053986	0	0	0	0	0	3
FBGN0003377	5	14	7	5	1	6
FBGN0085285	0	0	0	0	0	0
FBGN0086690	109	97	97	169	180	152
FBGN0037050	4	0	1	6	4	3
FBGN0250849	0	0	0	0	0	0
FBGN0260960	17	26	9	28	86	75
FBGN0083978	23	25	18	49	124	73
FBGN0036671	26	21	19	41	36	52
FBGN0036731	0	0	0	0	0	0
FBGN0035384	0	0	0	0	0	0
FBGN0035786	0	0	0	0	0	0
FBGN0036449	1	0	3	5	1	1
FBGN0036298	112	91	73	107	190	164
FBGN0013469	144	94	117	93	178	118
FBGN0035112	0	0	0	0	0	0
FBGN0259164	3	0	3	0	1	2
FBGN0036712	0	0	0	0	0	0
FBGN0263392	915	543	577	891	1332	1405
FBGN0025592	66	45	32	58	80	75
FBGN0037014	0	0	0	0	0	0
FBGN0036509	178	105	90	190	197	150
FBGN0036679	0	0	0	0	0	0
FBGN0035631	291	224	198	311	381	354
FBGN0025676	18	15	29	27	18	15
FBGN0036356	21	12	11	21	20	28
FBGN0036474	0	0	0	0	0	0
FBGN0000560	0	0	0	0	1	2
FBGN0035868	4	0	2	3	0	2
FBGN0037009	19	12	10	34	50	40
FBGN0035679	16	13	15	9	25	16
FBGN0036754	44	57	42	50	60	68
FBGN0003415	168	147	109	247	439	326
FBGN0036441	0	0	0	0	0	0
FBGN0037109	171	108	86	183	249	237
FBGN0035771	278	193	181	277	449	413
FBGN0036789	0	1	0	3	1	1
FBGN0052056	69	47	42	59	124	76
FBGN0036829	0	0	0	0	0	0
FBGN0260459	0	0	0	0	0	0
FBGN0036707	0	0	0	0	0	0
FBGN0035780	0	0	0	0	0	0
FBGN0011455	95	84	73	165	189	202
FBGN0261674	13	18	12	19	24	31
FBGN0037116	28	20	12	23	42	39
FBGN0036732	127	131	87	232	379	284
FBGN0011769	10	8	16	4	26	15
FBGN0040239	2	3	0	0	8	6
FBGN0017578	51	57	49	57	67	49
FBGN0036154	0	0	0	0	0	0
FBGN0085736	0	0	0	0	1	0
FBGN0287590	0	0	2	7	11	1
FBGN0036023	0	0	0	0	0	0
FBGN0266452	404	288	233	351	432	439
FBGN0035996	42	30	41	11	16	17
FBGN0262581	0	0	0	0	0	0
FBGN0036862	3	2	9	5	13	7
FBGN0020248	0	0	0	0	0	0
FBGN0052058	0	0	0	0	0	0
FBGN0264606	0	0	0	0	0	0
FBGN0287186	0	0	0	0	0	0
FBGN0036519	42	41	27	40	33	23
FBGN0035149	60	52	57	51	88	70
FBGN0036336	10	20	3	21	58	45
FBGN0259916	0	0	0	7	4	0
FBGN0052212	0	0	0	0	0	0
FBGN0264561	210	166	134	289	493	433
FBGN0036667	46	44	32	101	114	131
FBGN0036603	0	0	0	1	0	0
FBGN0261562	14	18	20	27	45	51
FBGN0259971	0	0	0	0	0	0
FBGN0036929	143	110	106	133	121	161
FBGN0004401	1941	1312	1247	1497	2076	2263
FBGN0036184	74	52	77	70	92	120
FBGN0035197	0	0	0	0	0	0
FBGN0027364	0	0	0	0	0	0
FBGN0035617	110	71	93	125	183	161
FBGN0040798	0	0	0	0	0	0
FBGN0035134	0	0	0	0	0	0
FBGN0035871	244	217	145	212	310	298
FBGN0036868	0	0	0	0	0	0
FBGN0002284	226	194	229	294	484	426
FBGN0036770	8	0	10	10	19	10
FBGN0023197	0	0	0	0	0	0
FBGN0287585	44	38	26	69	99	88
FBGN0263036	0	0	0	0	0	0
FBGN0035678	0	0	0	0	0	0
FBGN0036698	12	5	7	9	12	26
FBGN0035287	0	2	0	0	0	0
FBGN0053771	0	0	0	0	0	0
FBGN0035847	0	0	0	0	0	0
FBGN0052071	0	0	0	0	0	0
FBGN0004590	0	11	0	0	0	0
FBGN0036996	1	0	18	1	0	0
FBGN0028427	152	86	76	110	148	151
FBGN0035816	0	0	0	0	2	0
FBGN0001226	4503	3391	2954	4971	7132	6128
FBGN0053688	0	0	0	0	0	0
FBGN0035477	0	0	0	0	0	0
FBGN0004513	0	1	0	0	0	1
FBGN0036099	44	30	28	43	79	59
FBGN0036136	115	96	92	86	151	130
FBGN0022774	15	16	9	13	7	2
FBGN0035853	160	126	91	125	134	125
FBGN0036052	20	18	19	29	42	30
FBGN0035481	0	0	0	0	0	0
FBGN0287696	26	21	15	26	41	39
FBGN0054039	13	12	16	22	26	27
FBGN0014073	11	13	4	31	21	32
FBGN0262035	0	0	2	0	1	0
FBGN0036985	6	37	98	2	0	18
FBGN0036908	275	242	209	234	382	326
FBGN0037045	1	3	0	0	2	8
FBGN0035612	493	429	463	664	1095	806
FBGN0052453	0	0	0	0	0	0
FBGN0035318	102	67	58	82	94	102
FBGN0052087	0	0	0	0	0	0
FBGN0004852	0	0	0	0	0	0
FBGN0040832	0	0	0	0	1	2
FBGN0010417	102	73	73	90	137	171
FBGN0261934	147	114	122	199	290	317
FBGN0044050	0	0	0	0	0	0
FBGN0262855	0	0	0	0	0	0
FBGN0036266	14	6	17	12	13	18
FBGN0025582	517	434	334	719	1071	952
FBGN0035866	19	22	16	36	38	54
FBGN0036821	18	11	18	16	15	40
FBGN0259720	16	24	16	21	21	41
FBGN0036760	20	10	5	11	11	24
FBGN0023479	18	7	14	2	9	7
FBGN0037172	0	0	0	0	0	0
FBGN0063485	88	77	66	120	225	195
FBGN0035737	17	24	10	14	17	29
FBGN0052103	37	24	32	26	75	57
FBGN0261090	0	0	0	0	0	0
FBGN0035823	0	0	0	0	0	0
FBGN0036941	0	0	0	0	0	0
FBGN0037065	0	0	0	0	0	1
FBGN0036579	16	21	9	18	20	19
FBGN0259969	0	0	0	0	0	0
FBGN0001216	0	0	1	0	0	0
FBGN0036500	118	103	65	152	178	232
FBGN0035779	0	0	0	0	1	0
FBGN0000594	1	5	0	0	0	0
FBGN0263831	21	20	14	20	14	18
FBGN0037163	0	0	0	0	0	0
FBGN0011327	343	284	245	280	377	316
FBGN0036811	28	23	17	47	86	70
FBGN0026320	80	53	68	99	136	131
FBGN0036994	27	22	14	25	49	40
FBGN0261445	57	72	50	93	143	136
FBGN0005533	633	539	452	650	982	921
FBGN0035942	15	5	15	10	25	40
FBGN0259739	0	0	0	0	0	0
FBGN0043025	0	0	0	0	0	0
FBGN0261565	63	48	60	68	108	137
FBGN0259174	117	135	108	192	216	229
FBGN0052436	1	1	0	4	0	0
FBGN0036237	84	50	52	67	104	94
FBGN0004589	0	4	0	0	0	0
FBGN0036377	0	0	0	0	0	0
FBGN0262719	153	126	111	202	303	294
FBGN0035936	27	21	9	47	54	56
FBGN0003089	62	34	45	76	92	82
FBGN0027339	206	144	127	290	432	386
FBGN0036022	0	0	0	0	0	0
FBGN0003710	0	0	0	0	0	0
FBGN0037150	47	26	27	36	73	72
FBGN0035861	0	0	0	0	0	0
FBGN0011569	0	1	0	0	0	0
FBGN0264696	0	0	0	0	0	0
FBGN0262813	0	0	0	0	0	0
FBGN0036915	81	69	61	105	143	125
FBGN0052095	11	12	13	35	65	46
FBGN0052152	0	0	1	0	0	0
FBGN0035285	9	11	8	17	21	20
FBGN0026263	124	66	92	189	212	162
FBGN0259243	84	78	37	68	128	100
FBGN0052301	0	0	0	0	0	0
FBGN0005694	17	22	13	37	49	58
FBGN0001228	0	1	0	0	2	0
FBGN0035916	21	30	18	31	31	41
FBGN0263241	17	22	25	10	12	14
FBGN0035720	598	480	472	441	821	600
FBGN0036490	0	0	0	0	0	0
FBGN0085277	0	0	0	0	0	0
FBGN0287184	10	45	55	3	4	7
FBGN0036924	0	0	0	0	0	0
FBGN0035263	0	0	0	0	0	0
FBGN0266962	0	0	0	0	0	0
FBGN0035762	32	51	38	36	57	88
FBGN0036668	133	101	99	148	220	214
FBGN0036527	0	0	0	0	0	0
FBGN0035800	0	0	0	0	0	0
FBGN0286941	0	0	0	0	0	0
FBGN0040020	82	45	29	75	89	93
FBGN0036775	44	15	10	30	34	35
FBGN0001254	9646	7303	6229	12599	17418	14553
FBGN0036676	0	2	0	0	3	0
FBGN0262524	8	2	4	7	5	1
FBGN0263352	134	108	95	175	288	203
FBGN0052085	0	0	0	0	0	0
FBGN0035246	0	0	0	0	0	0
FBGN0035187	0	0	0	0	0	0
FBGN0035470	84	44	32	33	52	62
FBGN0041231	0	0	0	0	0	0
FBGN0262986	0	0	0	0	0	0
FBGN0052311	35	16	47	70	59	73
FBGN0053159	0	0	0	0	0	0
FBGN0035918	52	35	45	31	74	70
FBGN0036977	0	0	0	0	0	0
FBGN0035584	0	0	0	0	0	0
FBGN0037179	0	0	0	0	0	0
FBGN0036856	11	4	8	15	30	17
FBGN0035690	15	23	12	40	73	35
FBGN0036436	299	243	170	287	416	393
FBGN0015919	134	114	94	139	181	174
FBGN0036332	12	13	12	13	22	12
FBGN0004228	0	0	0	0	0	0
FBGN0263973	0	2	0	0	0	0
FBGN0052208	0	0	0	0	0	0
FBGN0052228	0	0	0	0	0	0
FBGN0035227	69	62	47	67	87	92
FBGN0037127	15	27	12	16	26	22
FBGN0036368	0	0	0	0	0	0
FBGN0052406	0	0	0	0	0	0
FBGN0035975	0	0	0	0	0	0
FBGN0036816	202	145	120	245	357	303
FBGN0035097	0	0	0	0	0	0
FBGN0052029	41	32	26	64	57	66
FBGN0053912	0	0	0	0	0	0
FBGN0000565	58	79	72	73	80	92
FBGN0001085	179	151	105	209	348	295
FBGN0035253	213	181	233	208	241	258
FBGN0035281	0	0	0	1	0	0
FBGN0036764	69	55	63	68	106	94
FBGN0035856	0	0	0	0	0	0
FBGN0029002	961	682	669	926	1170	998
FBGN0036777	4	4	3	8	6	4
FBGN0036512	80	53	66	128	153	146
FBGN0036075	0	0	0	0	0	0
FBGN0267796	0	0	0	1	1	0
FBGN0035196	0	0	0	0	0	0
FBGN0004569	22	13	11	16	43	37
FBGN0037017	19	2	7	24	23	13
FBGN0052262	0	0	0	0	0	0
FBGN0036396	14	8	2	3	22	10
FBGN0036186	0	0	0	0	0	0
FBGN0036795	0	0	0	0	0	0
FBGN0036428	7	6	2	12	8	10
FBGN0054002	0	0	0	0	0	0
FBGN0036900	7	4	9	9	20	7
FBGN0025525	130	97	101	89	178	112
FBGN0042179	0	1	0	0	0	0
FBGN0035875	0	0	0	0	0	0
FBGN0035491	0	0	0	0	0	0
FBGN0011016	282	229	191	410	566	569
FBGN0264492	473	426	385	528	539	521
FBGN0035760	28	12	11	8	46	10
FBGN0035890	14	19	11	14	28	32
FBGN0036389	81	75	66	99	152	146
FBGN0035499	273	243	324	196	298	343
FBGN0035344	0	0	0	0	1	0
FBGN0035710	235	212	172	185	283	304
FBGN0264552	0	0	0	0	0	0
FBGN0035851	96	40	53	119	133	118
FBGN0036488	20	21	28	24	35	40
FBGN0035642	4	4	3	4	0	1
FBGN0035995	40	58	37	67	92	63
FBGN0036870	0	0	0	0	0	1
FBGN0035217	0	0	0	0	0	0
FBGN0035626	0	0	0	0	0	0
FBGN0036827	69	61	62	45	49	69
FBGN0085481	0	0	0	0	0	0
FBGN0047330	0	0	0	0	0	0
FBGN0085284	2	9	10	8	17	21
FBGN0010280	85	77	78	131	202	168
FBGN0037147	0	0	0	0	0	0
FBGN0036606	0	1	0	0	0	1
FBGN0036706	0	0	0	0	0	0
FBGN0036484	37	17	6	94	102	103
FBGN0025712	0	0	0	0	0	0
FBGN0036537	50	35	34	59	68	47
FBGN0036254	130	97	71	95	101	111
FBGN0262891	0	0	0	0	0	0
FBGN0028567	0	0	0	0	0	0
FBGN0259791	21	10	13	14	33	30
FBGN0085271	0	1	0	0	2	1
FBGN0015033	0	0	0	0	0	0
FBGN0037063	23	19	18	20	40	15
FBGN0035541	186	151	187	128	145	150
FBGN0004430	11	7	1	0	0	0
FBGN0259794	0	0	0	0	0	0
FBGN0035165	441	329	262	234	369	341
FBGN0004379	164	138	142	230	273	313
FBGN0036063	10	8	10	21	11	14
FBGN0043577	0	5	0	0	0	0
FBGN0086706	225	180	192	229	360	399
FBGN0003149	4	7	51	1	4	4
FBGN0025807	11	16	10	13	26	26
FBGN0036090	5	11	4	9	7	15
FBGN0260755	23	46	21	11	24	17
FBGN0036147	124	96	56	147	181	180
FBGN0260985	225	191	215	176	207	227
FBGN0035624	28	15	13	22	35	43
FBGN0015766	837	571	554	1353	2086	1871
FBGN0286051	137	96	69	127	160	153
FBGN0037019	52	38	28	49	53	79
FBGN0000414	64	33	35	86	85	90
FBGN0014143	0	0	0	0	0	0
FBGN0035703	13	25	8	43	34	53
FBGN0036224	0	0	0	0	3	0
FBGN0053288	0	0	0	0	0	0
FBGN0260795	31	31	27	36	66	66
FBGN0020633	354	332	227	552	717	786
FBGN0036309	33	24	19	38	47	44
FBGN0023094	21	26	26	34	79	53
FBGN0035917	4	9	29	0	3	0
FBGN0287182	741	667	457	691	774	680
FBGN0036486	137	105	127	163	269	236
FBGN0004552	0	1	0	0	0	0
FBGN0044028	78	49	53	79	139	132
FBGN0250789	1625	1381	1293	1823	2720	2463
FBGN0036246	0	0	0	0	0	0
FBGN0265089	0	0	0	0	0	0
FBGN0035154	0	0	0	0	1	2
FBGN0036066	0	0	0	0	0	0
FBGN0286567	41	42	37	70	121	84
FBGN0035900	23	24	9	26	47	30
FBGN0264478	0	0	0	1	0	1
FBGN0029167	110	76	74	34	55	60
FBGN0035231	0	0	0	0	0	0
FBGN0035515	24	29	23	95	107	96
FBGN0010333	87	84	46	96	148	128
FBGN0044049	0	0	0	0	0	0
FBGN0035880	0	0	0	2	0	0
FBGN0266347	1	0	0	0	0	0
FBGN0035141	60	62	50	46	79	85
FBGN0005536	168	142	138	246	275	290
FBGN0028500	34	19	18	51	81	76
FBGN0035121	1265	1097	933	1717	2444	2516
FBGN0262529	0	0	0	1	0	0
FBGN0053269	0	0	0	0	0	0
FBGN0053647	0	0	0	0	0	0
FBGN0036107	20	14	21	38	60	55
FBGN0263387	0	0	0	0	0	0
FBGN0010894	222	161	129	205	271	258
FBGN0035169	7	5	6	8	10	17
FBGN0035872	457	280	304	310	524	461
FBGN0085411	0	0	2	0	1	1
FBGN0261361	0	0	0	0	0	0
FBGN0035641	5	1	7	5	1	3
FBGN0035726	223	158	130	278	375	360
FBGN0260442	292	365	242	441	547	534
FBGN0085447	0	0	0	0	0	0
FBGN0003378	0	1	3	1	0	3
FBGN0036850	15	14	11	30	42	63
FBGN0028663	21	19	15	32	32	32
FBGN0036282	4	4	0	4	4	1
FBGN0004052	0	0	0	0	0	0
FBGN0036462	80	54	51	93	118	106
FBGN0052396	0	0	0	0	0	0
FBGN0036007	233	208	156	281	401	383
FBGN0052259	0	0	0	0	0	0
FBGN0037186	1	8	5	2	0	4
FBGN0036300	23	24	25	40	70	42
FBGN0036583	0	0	0	0	0	0
FBGN0052073	0	4	0	0	0	0
FBGN0000411	0	0	2	0	0	0
FBGN0035140	1	3	1	5	5	10
FBGN0003042	41	14	26	31	59	45
FBGN0085300	0	0	0	0	0	0
FBGN0035458	0	0	0	0	0	0
FBGN0035812	12	17	12	31	45	26
FBGN0041147	66	43	46	82	84	84
FBGN0035293	4	0	3	7	6	3
FBGN0053285	0	0	0	0	0	0
FBGN0262623	0	0	0	0	0	0
FBGN0052109	24	14	12	23	25	30
FBGN0036072	0	0	0	0	0	0
FBGN0004623	0	0	0	0	0	0
FBGN0052305	0	0	0	0	0	0
FBGN0035827	57	52	29	31	63	51
FBGN0035708	0	0	0	0	0	1
FBGN0036161	0	0	0	0	0	0
FBGN0036825	1548	1070	1177	1315	2248	2037
FBGN0036969	0	0	0	0	0	0
FBGN0036534	169	140	120	236	415	344
FBGN0046296	15	11	20	18	32	18
FBGN0035879	70	47	52	113	109	93
FBGN0045759	0	0	0	0	0	0
FBGN0035727	0	0	0	0	0	0
FBGN0037124	0	0	0	0	0	0
FBGN0036294	0	0	0	0	0	0
FBGN0036353	10	16	13	13	37	50
FBGN0035733	0	0	0	0	0	0
FBGN0052110	0	0	0	0	2	0
FBGN0035449	17	18	4	14	23	34
FBGN0003250	0	0	0	0	0	0
FBGN0035181	12	16	2	25	55	33
FBGN0266417	0	2	0	2	1	0
FBGN0283649	25	25	33	67	85	79
FBGN0260655	59	69	62	97	111	115
FBGN0004636	47	47	25	141	174	127
FBGN0035488	24	18	13	46	73	57
FBGN0037121	195	115	127	137	159	180
FBGN0037073	241	233	193	259	343	395
FBGN0035512	0	0	0	3	1	2
FBGN0035568	0	0	0	0	0	0
FBGN0052026	0	0	0	0	0	0
FBGN0040512	140	131	135	228	280	250
FBGN0263219	14	18	15	26	51	33
FBGN0026189	246	180	156	252	361	379
FBGN0040814	0	0	0	0	0	0
FBGN0052461	0	0	0	0	0	0
FBGN0003486	0	0	0	0	0	0
FBGN0052383	0	0	0	0	0	0
FBGN0029114	262	180	153	499	650	692
FBGN0052441	199	148	174	190	273	202
FBGN0026593	0	2	0	0	0	0
FBGN0035718	0	0	0	0	0	0
FBGN0052373	24	24	26	34	57	59
FBGN0036460	141	120	84	105	134	179
FBGN0035537	7	8	4	12	17	12
FBGN0053258	0	0	0	0	0	0
FBGN0036528	0	0	0	0	0	0
FBGN0053795	0	0	0	0	0	0
FBGN0035792	0	0	0	0	0	0
FBGN0037135	132	102	75	108	166	190
FBGN0026160	659	464	389	619	883	923
FBGN0066365	0	0	0	0	2	1
FBGN0040323	132	79	96	135	192	177
FBGN0036093	0	0	0	0	0	0
FBGN0035722	26	12	10	26	28	33
FBGN0259933	1	0	2	9	6	5
FBGN0036043	31	28	29	84	98	91
FBGN0260480	0	0	0	0	0	0
FBGN0037074	122	105	73	150	229	195
FBGN0260434	0	0	0	0	0	0
FBGN0015278	113	70	92	114	210	195
FBGN0035104	0	0	0	0	3	3
FBGN0035873	0	0	0	0	0	0
FBGN0035241	0	0	0	0	0	0
FBGN0035696	50	42	31	61	70	74
FBGN0053257	0	0	0	0	0	0
FBGN0035405	71	32	39	50	80	89
FBGN0036228	0	0	0	2	0	40
FBGN0035693	0	0	0	0	0	0
FBGN0287592	0	0	0	0	0	0
FBGN0262787	0	0	0	0	0	0
FBGN0036923	0	0	0	0	0	0
FBGN0037003	0	0	0	0	1	0
FBGN0035639	6	7	3	12	28	23
FBGN0036005	22	22	8	32	51	66
FBGN0263249	0	0	0	0	0	0
FBGN0037202	83	50	48	73	105	102
FBGN0036990	88	65	51	64	112	139
FBGN0035282	0	0	0	0	0	0
FBGN0036735	101	98	73	105	139	146
FBGN0036896	123	78	55	167	195	215
FBGN0261341	609	591	368	751	1350	1252
FBGN0052250	8	2	6	17	14	15
FBGN0013563	29	11	16	30	45	28
FBGN0087040	1	0	0	0	0	2
FBGN0262517	191	161	146	251	333	281
FBGN0035482	48	30	26	39	38	29
FBGN0036423	6	5	5	1	10	9
FBGN0288470	70	57	44	45	115	115
FBGN0052105	0	0	0	0	0	0
FBGN0037169	0	0	0	0	0	0
FBGN0036108	3	0	0	1	2	6
FBGN0040318	0	0	0	0	0	0
FBGN0035315	0	0	0	0	0	0
FBGN0035436	14	8	8	13	46	35
FBGN0036695	20	6	0	9	15	13
FBGN0036728	71	33	59	58	84	83
FBGN0040281	0	0	0	0	0	0
FBGN0036080	0	0	0	0	0	0
FBGN0036697	10	8	6	17	19	17
FBGN0036329	0	0	0	0	0	0
FBGN0052061	0	0	0	0	0	0
FBGN0026630	66	56	41	112	75	106
FBGN0000355	0	0	0	0	0	0
FBGN0036703	0	0	0	0	0	0
FBGN0037051	184	155	117	180	288	267
FBGN0262366	0	1	0	0	2	1
FBGN0035647	0	0	0	0	0	0
FBGN0037090	0	0	0	0	0	0
FBGN0013811	0	1	0	0	0	0
FBGN0036365	70	58	39	126	147	129
FBGN0036662	18	33	44	37	40	63
FBGN0036993	0	0	0	0	0	0
FBGN0035252	29	13	17	77	121	107
FBGN0052451	97	72	49	79	169	148
FBGN0037016	67	23	28	58	51	63
FBGN0085483	0	0	0	0	4	0
FBGN0036599	13	29	24	47	60	65
FBGN0002775	127	87	82	97	109	110
FBGN0036857	5	3	9	1	1	0
FBGN0262854	0	0	0	0	0	0
FBGN0035407	3	6	2	10	7	8
FBGN0010424	1	8	53	3	9	0
FBGN0036503	0	0	0	0	0	0
FBGN0024236	80	72	77	120	162	153
FBGN0035247	20	15	13	29	36	30
FBGN0013755	0	0	0	0	0	0
FBGN0250833	0	0	0	0	0	0
FBGN0010317	0	0	0	0	0	0
FBGN0261111	13	19	16	8	33	30
FBGN0040290	56	38	45	53	84	68
FBGN0002466	381	320	216	438	597	573
FBGN0019644	401	298	267	380	610	601
FBGN0011293	0	0	0	0	0	0
FBGN0001233	4556	3497	2971	5680	8200	11485
FBGN0037059	0	0	0	0	0	0
FBGN0001179	107	101	85	122	129	165
FBGN0036849	0	0	0	0	1	0
FBGN0042134	930	635	620	774	1268	1302
FBGN0035162	348	280	235	533	802	813
FBGN0010431	0	0	0	0	0	0
FBGN0036532	0	0	0	0	0	0
FBGN0011279	0	0	0	0	0	0
FBGN0036882	0	0	0	0	1	1
FBGN0036117	11	3	4	10	16	17
FBGN0052062	73	63	43	84	163	122
FBGN0035356	11	10	11	16	14	14
FBGN0035213	135	76	76	97	150	177
FBGN0002638	241	195	168	200	237	335
FBGN0042641	3	4	10	9	26	33
FBGN0036345	0	0	0	0	0	0
FBGN0001208	0	0	14	5	2	0
FBGN0035431	0	0	0	0	1	6
FBGN0036605	5	2	0	3	2	3
FBGN0036230	0	0	0	0	0	0
FBGN0035412	0	0	0	4	0	0
FBGN0085287	0	0	0	0	0	0
FBGN0040786	9	3	14	31	30	25
FBGN0052106	0	0	0	0	0	0
FBGN0052170	0	0	2	0	1	0
FBGN0037060	0	0	0	0	1	3
FBGN0263326	0	0	0	0	0	0
FBGN0260997	0	0	0	0	0	0
FBGN0035976	4	3	3	2	7	20
FBGN0263763	0	0	0	0	0	0
FBGN0263239	14	12	4	37	42	42
FBGN0036817	0	1	0	0	0	0
FBGN0036830	0	0	0	0	0	0
FBGN0260945	50	37	26	86	105	134
FBGN0288748	0	0	0	0	0	0
FBGN0035555	0	0	0	0	0	0
FBGN0026372	1090	1085	893	1567	2379	2456
FBGN0036890	0	0	0	0	0	0
FBGN0036467	4	4	0	3	0	0
FBGN0036019	0	0	0	0	0	0
FBGN0036878	0	0	0	0	0	0
FBGN0037156	5	3	10	11	11	7
FBGN0015296	44	37	25	49	60	50
FBGN0052459	0	0	0	0	0	0
FBGN0261537	0	0	0	0	0	0
FBGN0052274	0	0	0	0	0	0
FBGN0037099	13	12	17	39	67	43
FBGN0263832	64	65	32	125	163	150
FBGN0036146	0	0	0	0	0	0
FBGN0035107	120	67	80	93	122	121
FBGN0053233	0	0	0	0	0	0
FBGN0036109	4	4	2	2	11	7
FBGN0263110	51	24	23	74	111	72
FBGN0262624	23	14	19	25	51	27
FBGN0036427	0	0	0	0	0	0
FBGN0037012	1	0	5	0	4	3
FBGN0037023	0	0	0	0	0	0
FBGN0036158	0	0	0	0	0	0
FBGN0063923	1	0	0	0	0	2
FBGN0035730	0	0	0	0	0	0
FBGN0037149	1	1	0	9	12	9
FBGN0035295	26	14	19	40	44	39
FBGN0265714	0	0	0	0	0	0
FBGN0036623	200	196	167	357	379	380
FBGN0036004	159	127	136	220	338	303
FBGN0036620	0	0	0	0	0	0
FBGN0037205	0	0	0	0	1	0
FBGN0037134	7	5	8	19	13	6
FBGN0266582	79	79	49	81	148	139
FBGN0053230	6	9	6	9	17	13
FBGN0250791	70	43	34	69	109	132
FBGN0261553	73	43	40	82	91	95
FBGN0036196	0	2	0	0	6	2
FBGN0037170	0	0	0	0	0	0
FBGN0036618	2	0	0	1	0	0
FBGN0036299	597	480	390	589	826	903
FBGN0035802	39	59	55	69	126	110
FBGN0029158	15	21	10	37	33	40
FBGN0029118	187	112	98	147	221	228
FBGN0036481	2	5	4	4	24	11
FBGN0053768	0	0	0	0	0	0
FBGN0036627	1	0	0	0	0	0
FBGN0035270	1	4	7	16	20	22
FBGN0036975	0	6	1	4	7	1
FBGN0036380	0	0	0	0	0	0
FBGN0052191	5	0	0	0	0	0
FBGN0037108	63	36	37	52	54	55
FBGN0263841	0	0	0	0	0	0
FBGN0035232	8	7	4	52	63	96
FBGN0085491	0	0	0	0	0	0
FBGN0036906	9	9	13	15	9	11
FBGN0052161	0	0	0	0	0	0
FBGN0035855	0	0	0	0	0	0
FBGN0035715	109	80	78	85	156	119
FBGN0263232	9	4	0	7	6	3
FBGN0052201	0	0	0	0	0	0
FBGN0264303	6	9	5	25	22	21
FBGN0265469	0	0	0	0	0	0
FBGN0261985	99	61	72	118	140	145
FBGN0036291	5	6	0	4	4	8
FBGN0037035	0	0	0	0	0	0
FBGN0035131	29	54	42	79	101	112
FBGN0035331	0	0	0	0	0	0
FBGN0035204	9	4	7	13	27	18
FBGN0259972	0	0	0	0	0	0
FBGN0053267	0	0	0	0	0	0
FBGN0264472	0	0	0	0	0	0
FBGN0036860	0	0	0	0	0	0
FBGN0036330	12	18	11	6	5	3
FBGN0035170	0	1	0	0	0	0
FBGN0052099	2	3	2	11	9	15
FBGN0010105	7	5	6	18	32	15
FBGN0052382	0	0	0	0	0	0
FBGN0052440	0	0	0	0	0	0
FBGN0036815	4	4	3	20	4	6
FBGN0036936	0	0	0	0	0	0
FBGN0035266	7	8	6	8	12	17
FBGN0264574	46	41	23	44	65	70
FBGN0041342	59	58	48	64	101	103
FBGN0035102	57	70	71	63	124	96
FBGN0027565	34	45	43	80	102	77
FBGN0052174	12	11	8	9	20	27
FBGN0035829	46	22	37	29	43	40
FBGN0044324	362	319	244	401	548	569
FBGN0035770	41	46	35	48	57	69
FBGN0024806	211	165	136	276	326	317
FBGN0010905	20	24	31	23	55	26
FBGN0085484	5	5	7	11	16	22
FBGN0035540	3	9	12	17	21	16
FBGN0036105	10	14	6	28	18	37
FBGN0035279	0	0	0	0	0	0
FBGN0041156	2	0	0	0	0	1
FBGN0035632	15	9	14	19	18	22
FBGN0035621	0	0	0	0	0	0
FBGN0035709	0	0	0	0	0	0
FBGN0036162	0	0	0	0	0	0
FBGN0036987	37	8	18	17	37	40
FBGN0036471	0	2	3	0	1	0
FBGN0262714	194	106	116	175	228	217
FBGN0025355	4	5	9	19	18	29
FBGN0000216	7	5	7	13	17	1
FBGN0035598	0	0	0	0	0	0
FBGN0035811	310	258	198	446	575	496
FBGN0035582	0	0	0	0	0	0
FBGN0035218	0	0	0	0	0	0
FBGN0004429	0	0	0	0	0	0
FBGN0036447	0	0	0	0	0	0
FBGN0035099	9	3	8	9	10	7
FBGN0036249	15	7	6	22	27	34
FBGN0002440	0	0	14	0	0	0
FBGN0011723	0	0	0	0	0	0
FBGN0024542	40	29	24	49	57	46
FBGN0022699	91	48	66	86	158	130
FBGN0035948	0	0	0	0	0	0
FBGN0040812	0	0	0	0	0	0
FBGN0053493	0	0	0	0	2	0
FBGN0036289	15	8	3	31	24	17
FBGN0035859	3	17	1	20	26	44
FBGN0036531	0	0	0	0	0	0
FBGN0036483	11	16	24	31	53	43
FBGN0035627	15	9	4	14	23	32
FBGN0085292	0	0	0	0	0	0
FBGN0036398	189	128	133	349	509	478
FBGN0035334	34	37	17	40	58	74
FBGN0036009	0	0	0	0	0	0
FBGN0035534	24	18	12	21	58	36
FBGN0036318	67	56	52	65	95	105
FBGN0052404	0	0	0	0	0	0
FBGN0035473	16	31	12	51	69	42
FBGN0036763	30	25	34	34	65	62
FBGN0037153	202	169	110	265	407	337
FBGN0027088	424	379	304	518	799	741
FBGN0036138	0	0	0	0	0	0
FBGN0262733	82	46	50	97	133	155
FBGN0053276	32	31	36	52	53	51
FBGN0035106	100	69	64	159	234	188
FBGN0035401	32	24	31	43	54	74
FBGN0036839	0	0	0	0	0	0
FBGN0036858	0	0	0	0	0	0
FBGN0052086	0	0	0	0	0	0
FBGN0035142	253	177	164	321	615	559
FBGN0036690	0	0	0	0	0	0
FBGN0036143	0	0	0	0	0	0
FBGN0045474	0	0	0	0	0	0
FBGN0035956	55	31	26	45	62	55
FBGN0036180	60	37	21	55	112	81
FBGN0027086	473	408	331	509	613	642
FBGN0036070	0	0	0	0	0	0
FBGN0052088	0	0	2	0	1	0
FBGN0035189	1	5	0	0	0	0
FBGN0024277	226	192	173	428	660	472
FBGN0035159	4	14	1	3	7	14
FBGN0261801	46	29	25	51	46	60
FBGN0036235	0	0	0	0	0	0
FBGN0023076	0	0	0	0	0	0
FBGN0264002	0	0	0	0	0	0
FBGN0004594	0	0	0	0	0	0
FBGN0261506	0	0	0	0	0	0
FBGN0052248	0	0	0	0	0	0
FBGN0052475	0	0	0	0	0	0
FBGN0052230	427	317	252	280	329	363
FBGN0028573	0	0	0	0	0	0
FBGN0035755	24	14	9	26	33	26
FBGN0001247	111	116	80	169	196	197
FBGN0036997	0	0	0	0	0	0
FBGN0035981	138	112	115	93	142	146
FBGN0260776	0	0	0	0	0	0
FBGN0037101	0	0	0	0	0	0
FBGN0035670	0	0	5	0	0	0
FBGN0052189	0	0	0	0	0	0
FBGN0266669	74	102	58	98	158	115
FBGN0035592	41	34	27	44	56	48
FBGN0036807	0	0	0	0	0	0
FBGN0053772	0	0	0	0	0	0
FBGN0286980	0	0	0	0	0	0
FBGN0086915	0	0	0	0	0	0
FBGN0052380	33	26	19	52	54	57
FBGN0035325	0	0	0	0	0	23
FBGN0262679	0	0	0	0	0	0
FBGN0042118	0	0	0	0	0	0
FBGN0035877	34	31	27	53	80	54
FBGN0052483	0	0	0	0	0	0
FBGN0035243	16	12	9	27	30	32
FBGN0261998	0	0	2	0	0	0
FBGN0022959	475	389	338	393	689	658
FBGN0036847	61	61	51	63	100	65
FBGN0000639	365	783	793	713	274	184
FBGN0035544	1	0	0	1	0	0
FBGN0000625	38	12	11	41	65	65
FBGN0035402	391	283	282	327	515	520
FBGN0286818	2729	2082	1683	2971	4298	3840
FBGN0053966	0	0	0	0	0	0
FBGN0053051	7	2	13	31	24	14
FBGN0266100	0	0	0	0	0	0
FBGN0035439	0	0	1	0	0	0
FBGN0036871	0	0	0	0	0	0
FBGN0036369	1	1	1	0	1	0
FBGN0036499	0	0	0	0	0	0
FBGN0037126	10	7	1	14	11	16
FBGN0035903	0	0	0	0	0	0
FBGN0052023	0	0	0	0	0	0
FBGN0054012	0	0	0	0	0	0
FBGN0260777	0	0	0	0	0	0
FBGN0052488	0	0	0	0	0	0
FBGN0035699	6	18	11	34	85	40
FBGN0037166	3	1	1	6	0	2
FBGN0036919	106	72	64	150	246	228
FBGN0265102	136	61	67	54	81	96
FBGN0259236	0	2	0	0	0	0
FBGN0024510	19	29	17	34	52	53
FBGN0259199	27	11	12	21	28	30
FBGN0035410	0	0	0	0	1	3
FBGN0259173	41	27	32	48	81	67
FBGN0035186	0	0	1	0	0	0
FBGN0014851	0	0	0	0	0	0
FBGN0036691	17	11	12	28	46	22
FBGN0288469	19	13	10	22	22	32
FBGN0035538	0	0	0	0	0	0
FBGN0035915	0	0	0	0	0	0
FBGN0036589	0	3	1	2	2	1
FBGN0035971	0	0	0	0	0	0
FBGN0042137	0	0	0	0	0	0
FBGN0036351	0	0	3	0	0	0
FBGN0036886	158	70	75	116	185	183
FBGN0035714	126	66	90	52	69	67
FBGN0027549	145	111	97	210	288	253
FBGN0035914	0	0	0	0	0	0
FBGN0036348	0	0	0	0	0	0
FBGN0037030	0	0	0	0	0	0
FBGN0035298	49	37	25	34	62	80
FBGN0035789	0	0	0	0	0	0
FBGN0053514	0	0	0	0	0	0
FBGN0040793	205	198	172	211	342	337
FBGN0040827	0	0	0	0	1	0
FBGN0036796	0	0	0	0	0	0
FBGN0043578	0	0	0	0	0	0
FBGN0035137	6	2	5	3	2	12
FBGN0053229	2	4	3	8	21	16
FBGN0054001	13	14	18	11	4	10
FBGN0040823	0	0	0	0	0	0
FBGN0035309	2	0	0	1	4	3
FBGN0052237	0	0	0	0	0	0
FBGN0036104	267	168	141	156	196	223
FBGN0040688	0	0	0	0	0	0
FBGN0036597	0	2	0	0	0	4
FBGN0035206	48	45	38	45	118	96
FBGN0047338	0	0	0	0	0	0
FBGN0036726	18	14	30	47	45	45
FBGN0028962	16	10	20	38	55	33
FBGN0035336	110	62	47	60	94	78
FBGN0036272	12	10	8	33	30	16
FBGN0036738	0	0	0	0	0	0
FBGN0052298	0	0	0	0	0	0
FBGN0002183	780	563	503	714	883	992
FBGN0036443	0	0	0	0	0	0
FBGN0035878	247	196	154	169	189	270
FBGN0028399	151	135	111	252	285	269
FBGN0011692	341	267	242	409	541	597
FBGN0035249	48	39	28	47	56	21
FBGN0036062	15	4	11	9	9	15
FBGN0035290	0	1	0	0	0	1
FBGN0036678	165	137	110	159	233	239
FBGN0035421	40	24	24	36	49	54
FBGN0259702	0	0	0	0	0	0
FBGN0010406	220	140	101	88	134	151
FBGN0035424	180	132	141	263	372	449
FBGN0036440	0	0	0	0	0	0
FBGN0035146	3	3	0	4	19	11
FBGN0029172	0	0	0	0	0	0
FBGN0037180	0	0	0	0	0	0
FBGN0052204	0	0	0	0	0	0
FBGN0261274	23	15	14	39	52	42
FBGN0036767	0	0	0	0	0	0
FBGN0035132	73	63	43	80	117	126
FBGN0023095	80	42	36	117	189	182
FBGN0000575	555	352	247	355	583	507
FBGN0037110	11	10	6	22	21	8
FBGN0036927	0	1	5	0	1	0
FBGN0013263	424	253	235	398	608	603
FBGN0035390	235	165	148	210	305	243
FBGN0036010	0	0	0	0	0	0
FBGN0035798	0	4	5	0	0	0
FBGN0035528	168	102	125	151	157	143
FBGN0036317	33	31	8	34	22	38
FBGN0000038	0	0	0	0	0	0
FBGN0035911	63	44	29	48	56	49
FBGN0061469	97	58	74	119	149	168
FBGN0036036	32	22	10	21	32	24
FBGN0287185	0	0	0	0	0	0
FBGN0001257	26	34	15	4	10	20
FBGN0035443	21	10	10	33	25	41
FBGN0053158	155	108	90	125	171	142
FBGN0250836	0	0	0	0	0	0
FBGN0035265	0	0	0	0	0	0
FBGN0036301	184	142	76	112	164	194
FBGN0264908	0	0	0	0	0	0
FBGN0035484	5	3	3	3	10	24
FBGN0035332	0	0	0	0	0	0
FBGN0035761	103	66	49	129	167	170
FBGN0028377	0	0	0	0	0	0
FBGN0035600	150	118	89	94	154	153
FBGN0035548	0	0	0	0	0	0
FBGN0052282	0	0	0	0	0	0
FBGN0037007	100	80	57	116	174	151
FBGN0035977	0	0	0	0	0	0
FBGN0028693	351	282	237	362	466	431
FBGN0035271	65	76	65	52	55	83
FBGN0035751	0	0	0	0	0	0
FBGN0037130	0	0	1	0	0	4
FBGN0036333	140	88	90	146	141	142
FBGN0259935	0	0	0	0	0	0
FBGN0002899	15	10	13	25	39	43
FBGN0261243	101	123	99	145	218	211
FBGN0026432	57	41	22	52	61	59
FBGN0035901	77	59	57	80	115	79
FBGN0037040	0	0	0	0	0	0
FBGN0052296	148	69	85	162	261	234
FBGN0036939	1	0	0	0	2	0
FBGN0037162	0	0	0	0	0	0
FBGN0035870	0	0	0	0	0	0
FBGN0003984	15	21	19	58	59	53
FBGN0036762	431	355	301	343	495	555
FBGN0058045	85	89	72	100	138	175
FBGN0035328	0	0	0	0	0	0
FBGN0086785	45	27	27	32	70	61
FBGN0035571	0	0	0	0	0	0
FBGN0035490	0	4	0	0	0	1
FBGN0261933	210	201	200	186	258	311
FBGN0035501	12	11	11	36	47	40
FBGN0287187	59	33	36	35	40	25
FBGN0037114	67	95	141	84	140	163
FBGN0036751	0	0	0	0	0	0
FBGN0054030	0	0	0	0	0	0
FBGN0035425	59	67	49	95	128	134
FBGN0002909	15	15	9	22	23	17
FBGN0035734	0	0	0	0	0	0
FBGN0035438	263	250	204	405	555	524
FBGN0036128	0	0	0	0	0	0
FBGN0042112	48	28	30	35	52	52
FBGN0016797	475	378	326	689	1094	1034
FBGN0035929	0	0	0	0	0	0
FBGN0035590	11	11	15	19	55	34
FBGN0261681	0	0	0	0	0	4
FBGN0011573	453	334	267	319	440	498
FBGN0264272	5	2	1	1	6	2
FBGN0259148	0	0	0	0	0	0
FBGN0036168	0	0	0	0	1	4
FBGN0004865	36	27	19	43	61	40
FBGN0036491	0	0	0	0	0	0
FBGN0285958	19	13	9	4	7	34
FBGN0036302	70	60	48	74	142	127
FBGN0040022	115	76	69	140	143	95
FBGN0035498	147	76	76	166	219	226
FBGN0035735	0	0	0	0	0	0
FBGN0052280	70	21	39	40	79	47
FBGN0036394	1	1	0	1	1	0
FBGN0036937	0	0	0	0	0	0
FBGN0263004	0	0	0	0	0	0
FBGN0001229	0	0	1	2	3	4
FBGN0040699	0	0	0	0	0	0
FBGN0036745	150	78	63	99	173	172
FBGN0035611	0	0	0	0	0	0
FBGN0035572	0	0	0	0	0	0
FBGN0035151	1	4	2	4	3	2
FBGN0035160	38	30	43	32	75	39
FBGN0261631	0	0	0	0	0	0
FBGN0015586	0	0	0	0	0	0
FBGN0262579	92	73	77	114	161	142
FBGN0035667	0	0	6	0	0	0
FBGN0027587	81	66	52	71	67	77
FBGN0086913	0	0	0	0	0	0
FBGN0037098	55	84	52	116	166	148
FBGN0035452	244	170	99	239	313	301
FBGN0035610	0	0	0	0	0	0
FBGN0036568	0	0	0	0	0	0
FBGN0011817	88	88	65	185	335	274
FBGN0036038	56	61	32	99	164	99
FBGN0052076	30	33	7	59	55	74
FBGN0035392	3	4	3	2	5	0
FBGN0263762	0	0	0	0	0	0
FBGN0262985	3	0	0	0	0	0
FBGN0035429	5	6	3	3	4	4
FBGN0035113	6	0	0	5	0	3
FBGN0035258	0	0	0	0	0	0
FBGN0001225	1026	727	694	1016	1666	1666
FBGN0004588	0	3	1	0	0	0
FBGN0040637	0	0	0	0	0	0
FBGN0085279	1	3	0	4	4	11
FBGN0035782	0	0	0	0	0	0
FBGN0052369	27	23	27	49	44	65
FBGN0052268	1	1	0	0	0	0
FBGN0042199	0	0	0	0	0	0
FBGN0036470	0	0	0	0	0	0
FBGN0036126	49	52	33	27	28	48
FBGN0052055	12	5	0	1	12	7
FBGN0024921	381	260	221	307	557	539
FBGN0052313	0	0	0	2	0	0
FBGN0036495	0	0	0	0	0	0
FBGN0035960	7	4	4	4	4	9
FBGN0052024	0	0	0	0	0	0
FBGN0035194	31	10	18	20	21	21
FBGN0085385	1	0	0	0	0	0
FBGN0259224	0	0	0	0	0	0
FBGN0035519	133	99	78	125	218	198
FBGN0036204	0	0	0	0	0	0
FBGN0035495	0	0	0	0	0	0
FBGN0037123	0	0	0	0	0	0
FBGN0036210	6	2	4	7	4	6
FBGN0053777	0	0	0	0	0	0
FBGN0037026	116	77	45	111	155	127
FBGN0037094	119	100	67	159	221	262
FBGN0036135	64	73	53	86	93	114
FBGN0004556	76	92	50	74	105	92
FBGN0005775	7	6	14	7	14	8
FBGN0001120	0	0	0	0	0	0
FBGN0036219	0	0	0	0	0	0
FBGN0036422	0	0	6	2	2	2
FBGN0015828	10	11	7	12	32	16
FBGN0040487	0	0	0	0	0	0
FBGN0041624	0	0	0	0	0	0
FBGN0037125	0	0	0	0	0	0
FBGN0035591	27	33	17	37	73	62
FBGN0027375	37	18	37	60	38	52
FBGN0036193	6	5	5	9	11	17
FBGN0004465	51	35	28	58	56	46
FBGN0026592	0	0	0	0	0	0
FBGN0053687	0	5	1	0	1	0
FBGN0003034	0	0	0	0	0	0
FBGN0052299	0	0	0	0	0	0
FBGN0012058	58	61	52	83	144	109
FBGN0035569	0	0	0	0	0	0
FBGN0035171	0	0	2	0	0	0
FBGN0014388	32	13	24	33	74	51
FBGN0036967	6	14	15	39	58	45
FBGN0036880	0	0	0	0	0	1
FBGN0036465	0	0	0	0	0	0
FBGN0035754	27	12	23	36	31	39
FBGN0058298	0	0	0	0	0	0
FBGN0283461	0	2	2	1	4	0
FBGN0044048	0	0	0	0	0	0
FBGN0036843	63	40	29	56	86	54
FBGN0036741	14	6	18	11	18	19
FBGN0037177	0	0	0	0	0	0
FBGN0036601	0	0	0	0	0	0
FBGN0036791	0	0	0	0	0	0
FBGN0011802	12	20	22	54	48	75
FBGN0259099	0	0	0	0	0	0
FBGN0040305	7	4	5	3	20	8
FBGN0027057	110	101	76	179	213	185
FBGN0036046	0	0	0	0	0	0
FBGN0250825	0	0	0	0	0	0
FBGN0040843	0	0	0	0	0	0
FBGN0035941	0	0	0	0	0	0
FBGN0052418	61	48	43	69	54	54
FBGN0036515	184	180	119	206	243	210
FBGN0035725	19	16	3	22	21	23
FBGN0036928	201	188	154	154	219	197
FBGN0035806	0	0	0	0	0	1
FBGN0053696	0	0	0	0	0	0
FBGN0036285	11	5	11	7	17	24
FBGN0035623	5	3	0	1	1	3
FBGN0003515	0	1	0	0	2	0
FBGN0035317	0	0	0	0	0	0
FBGN0036702	244	189	182	124	223	222
FBGN0052485	0	0	0	0	9	0
FBGN0020386	126	117	76	167	245	229
FBGN0028582	142	149	93	167	238	195
FBGN0000567	65	54	63	77	102	138
FBGN0266436	0	0	0	0	0	0
FBGN0001316	551	394	375	615	1013	921
FBGN0035207	69	73	30	62	152	97
FBGN0001258	11	22	29	17	50	23
FBGN0263608	0	0	0	0	0	0
FBGN0085276	3	0	0	9	9	8
FBGN0052036	0	0	0	0	0	0
FBGN0035902	4	3	1	6	14	7
FBGN0011640	277	244	196	357	512	491
FBGN0036617	0	0	0	2	0	0
FBGN0267487	291	233	209	291	405	402
FBGN0036594	0	0	0	0	0	0
FBGN0035374	32	45	30	39	63	54
FBGN0052185	0	0	0	0	2	0
FBGN0053770	0	0	0	0	0	0
FBGN0053290	0	0	0	0	0	0
FBGN0045478	6	0	0	0	0	1
FBGN0036577	0	0	0	0	0	0
FBGN0002926	0	0	0	0	0	0
FBGN0035199	17	10	22	28	45	38
FBGN0035155	4	5	4	7	9	8
FBGN0085420	0	0	0	0	0	0
FBGN0013997	1188	950	801	1468	2035	1923
FBGN0035691	5	5	7	11	4	18
FBGN0036749	0	0	0	0	0	0
FBGN0036995	0	0	0	0	1	0
FBGN0024150	0	1	0	0	0	0
FBGN0037131	0	2	0	1	0	0
FBGN0035721	10	10	3	16	22	3
FBGN0036198	202	216	155	127	200	159
FBGN0027532	60	54	39	77	72	91
FBGN0036514	176	74	107	87	99	112
FBGN0036652	0	0	0	0	0	0
FBGN0036889	39	37	15	31	46	56
FBGN0036585	0	0	0	0	0	0
FBGN0028380	1	3	2	9	13	8
FBGN0040308	201	196	204	239	334	283
FBGN0036459	0	0	0	0	0	0
FBGN0036242	1	0	0	4	1	0
FBGN0029148	434	270	323	307	294	268
FBGN0035124	0	0	0	0	0	0
FBGN0036446	22	14	11	45	41	45
FBGN0036808	0	0	0	0	0	0
FBGN0266724	7	6	11	10	20	12
FBGN0036374	38	22	26	34	76	74
FBGN0035379	5	5	2	6	0	3
FBGN0036150	0	1	0	3	0	0
FBGN0259701	0	0	0	0	0	0
FBGN0012034	15	5	15	4	8	5
FBGN0035959	17	4	3	21	22	24
FBGN0086708	15	28	28	41	64	81
FBGN0035245	0	0	0	0	0	0
FBGN0036973	76	62	34	55	55	76
FBGN0250911	16	17	20	18	30	19
FBGN0264302	38	41	65	129	187	136
FBGN0036359	0	0	0	0	0	0
FBGN0036325	0	0	0	0	0	0
FBGN0036305	114	75	60	141	162	196
FBGN0044328	0	0	0	0	0	0
FBGN0027786	98	110	100	105	197	176
FBGN0004875	181	112	102	180	291	260
FBGN0037021	105	86	60	116	177	142
FBGN0036306	41	32	30	60	59	50
FBGN0040321	943	613	531	727	989	987
FBGN0052115	0	0	2	0	0	0
FBGN0035619	0	0	0	0	0	0
FBGN0054031	0	0	0	0	0	0
FBGN0024733	3244	2412	2187	1775	2345	2268
FBGN0036934	0	0	0	0	0	0
FBGN0036264	5	7	0	0	0	0
FBGN0040842	1	0	0	6	4	0
FBGN0053725	0	0	0	0	0	0
FBGN0003997	56	39	53	48	73	59
FBGN0052057	0	0	0	0	2	0
FBGN0036586	0	0	0	0	0	0
FBGN0262716	185	217	134	226	392	367
FBGN0041622	0	0	0	0	0	0
FBGN0035924	0	0	0	0	0	0
FBGN0035308	6	0	7	8	1	20
FBGN0002901	12	14	10	27	22	20
FBGN0037142	51	44	52	115	176	127
FBGN0036842	32	18	22	87	95	77
FBGN0264488	0	0	0	11	0	447
FBGN0037133	0	0	0	0	0	0
FBGN0023395	41	37	17	26	37	28
FBGN0037004	0	0	0	0	0	0
FBGN0259167	13	18	10	8	17	28
FBGN0037167	0	0	0	0	0	0
FBGN0035797	5	0	0	1	0	0
FBGN0064227	0	0	0	0	0	0
FBGN0036970	0	0	0	0	0	0
FBGN0040075	355	332	286	400	543	569
FBGN0052107	0	0	0	0	0	0
FBGN0052188	0	0	0	0	0	0
FBGN0035475	0	1	0	0	0	0
FBGN0036772	97	92	66	78	95	123
FBGN0036688	36	33	33	42	86	43
FBGN0027616	173	164	120	152	211	208
FBGN0053056	8	4	5	2	8	4
FBGN0036373	46	63	41	90	192	185
FBGN0002565	133	332	704	463	161	151
FBGN0260943	0	0	0	0	1	0
FBGN0036292	21	22	30	47	67	46
FBGN0036211	17	28	29	43	67	69
FBGN0035790	0	0	0	0	0	0
FBGN0011771	193	162	177	272	340	351
FBGN0036765	8	0	5	13	6	6
FBGN0035838	37	37	36	48	54	55
FBGN0036415	0	0	0	0	0	0
FBGN0036587	41	25	10	10	9	10
FBGN0040837	0	0	0	0	0	0
FBGN0035546	0	4	0	0	0	0
FBGN0037086	0	0	0	0	0	0
FBGN0036314	97	71	56	101	163	136
FBGN0047135	16	41	41	141	153	128
FBGN0052251	132	102	97	137	170	187
FBGN0036725	0	0	0	0	0	0
FBGN0036213	1793	1365	1187	1259	1660	1599
FBGN0036288	1	0	0	1	0	0
FBGN0041604	303	221	249	296	416	393
FBGN0036101	213	117	104	180	214	183
FBGN0061492	99	68	42	65	108	91
FBGN0035922	0	0	0	0	0	0
FBGN0052846	0	0	0	0	0	0
FBGN0053700	0	0	0	0	0	0
FBGN0261547	48	41	28	52	126	61
FBGN0052183	0	0	0	0	0	0
FBGN0004428	0	0	0	1	0	0
FBGN0035638	1	0	0	0	0	0
FBGN0036714	60	46	21	66	73	113
FBGN0037070	30	15	7	13	32	40
FBGN0261797	1114	972	755	1515	2057	1880
FBGN0035480	5	2	12	18	19	24
FBGN0036030	194	157	127	183	281	261
FBGN0036844	54	41	20	68	73	78
FBGN0035578	0	0	0	0	0	0
FBGN0035144	0	0	0	3	0	0
FBGN0036570	89	57	51	80	127	121
FBGN0014368	3	9	1	1	0	0
FBGN0036386	37	36	25	38	36	42
FBGN0263246	0	0	0	0	0	0
FBGN0067864	111	107	53	97	126	164
FBGN0036341	25	10	16	20	25	28
FBGN0000449	0	2	1	1	8	5
FBGN0036226	1	0	0	3	0	72
FBGN0036207	43	45	33	52	43	49
FBGN0267795	103	71	93	159	138	152
FBGN0036450	144	126	118	132	165	141
FBGN0036949	2	0	0	0	0	0
FBGN0004378	448	369	377	477	602	615
FBGN0035264	127	97	75	107	190	151
FBGN0260233	0	3	0	1	0	5
FBGN0262020	0	0	0	0	0	0
FBGN0052379	0	0	0	0	0	0
FBGN0036991	26	18	14	36	31	44
FBGN0260027	9	0	2	7	6	4
FBGN0036232	0	0	0	0	0	0
FBGN0035904	355	333	312	455	709	752
FBGN0036812	14	14	9	9	27	15
FBGN0035676	0	0	0	0	0	0
FBGN0262531	0	0	2	5	0	0
FBGN0261788	0	2	1	0	0	0
FBGN0037042	0	0	0	2	0	0
FBGN0036165	64	69	35	31	85	80
FBGN0035505	0	0	0	0	0	0
FBGN0085296	0	0	0	0	0	0
FBGN0035998	21	14	9	9	15	10
FBGN0036771	30	15	31	25	32	28
FBGN0015025	9	7	8	19	18	17
FBGN0004431	0	0	4	0	0	0
FBGN0037038	0	0	0	0	0	0
FBGN0053054	9	15	26	13	19	22
FBGN0001099	11	11	3	5	20	8
FBGN0026238	143	96	71	140	183	213
FBGN0033669	62	56	54	69	135	99
FBGN0034785	19	13	10	39	53	43
FBGN0033458	1	0	0	0	0	0
FBGN0265188	0	0	0	0	0	0
FBGN0005695	23	32	11	28	43	35
FBGN0034558	0	0	0	0	0	0
FBGN0033564	13	6	11	26	26	19
FBGN0034776	0	0	0	0	0	0
FBGN0050467	83	50	55	72	89	86
FBGN0050463	133	72	82	71	168	139
FBGN0033056	0	0	0	0	0	0
FBGN0034165	0	0	0	0	0	0
FBGN0050443	23	28	20	21	44	41
FBGN0011554	0	0	0	0	0	0
FBGN0028408	2	1	0	0	1	1
FBGN0284083	0	0	0	0	0	0
FBGN0035016	91	99	90	113	203	167
FBGN0033121	9	7	3	17	20	25
FBGN0034730	0	0	0	1	0	0
FBGN0041174	3	5	1	6	5	7
FBGN0034755	0	0	4	0	0	0
FBGN0261686	0	0	0	0	0	0
FBGN0026389	0	0	0	0	0	0
FBGN0034068	132	121	89	190	257	235
FBGN0033392	0	1	0	3	1	3
FBGN0261612	0	0	0	0	0	0
FBGN0033592	0	0	0	0	0	0
FBGN0034468	56	44	16	28	56	33
FBGN0015277	35	31	27	27	41	63
FBGN0003460	1	7	4	8	26	16
FBGN0265194	19	17	7	22	34	48
FBGN0086784	23	30	14	50	65	76
FBGN0033555	39	23	19	57	100	68
FBGN0034217	17	4	5	16	28	12
FBGN0022224	123	57	48	49	68	52
FBGN0033050	113	64	47	91	110	96
FBGN0033851	0	0	0	0	0	0
FBGN0034441	0	0	0	0	0	0
FBGN0053136	0	0	0	0	0	0
FBGN0034152	0	0	0	0	0	0
FBGN0050496	53	39	30	50	79	96
FBGN0033446	98	81	101	99	128	169
FBGN0034065	43	52	32	69	81	86
FBGN0010531	53	44	35	45	19	40
FBGN0262170	0	0	0	0	0	0
FBGN0034940	3	3	3	7	17	11
FBGN0033326	0	0	0	0	0	0
FBGN0011659	15	5	13	17	27	25
FBGN0034756	22	20	12	6	18	22
FBGN0034066	118	74	83	147	166	161
FBGN0033512	0	0	0	0	0	0
FBGN0010388	0	0	0	0	0	0
FBGN0043471	0	0	0	0	0	0
FBGN0262569	0	0	0	0	0	0
FBGN0035028	75	48	40	47	51	60
FBGN0050122	700	568	576	774	1076	953
FBGN0041243	0	0	0	0	0	0
FBGN0085475	0	0	0	0	1	0
FBGN0010339	200	161	132	205	307	315
FBGN0034835	0	0	0	0	0	0
FBGN0034499	0	7	0	3	3	6
FBGN0029508	6	4	2	1	11	10
FBGN0024698	122	97	91	188	223	217
FBGN0262513	1	0	0	0	0	0
FBGN0033942	45	38	30	62	79	45
FBGN0033781	14	13	13	38	53	46
FBGN0033979	0	0	0	0	0	0
FBGN0033051	6	2	1	16	10	6
FBGN0033042	0	0	0	0	0	0
FBGN0000662	94	71	37	115	140	141
FBGN0034005	0	1	0	0	0	0
FBGN0050339	0	0	0	0	0	0
FBGN0034623	0	0	0	0	3	0
FBGN0023175	497	412	337	448	556	534
FBGN0033190	0	0	0	0	0	0
FBGN0050293	0	0	0	0	0	0
FBGN0033289	0	2	2	4	6	9
FBGN0086908	158	122	145	204	265	221
FBGN0033817	0	0	0	0	0	0
FBGN0043530	0	0	0	0	0	0
FBGN0034206	0	0	0	0	0	0
FBGN0085419	0	0	0	0	0	0
FBGN0033178	28	30	40	93	119	105
FBGN0034483	0	0	0	0	0	0
FBGN0034081	10	8	5	32	9	13
FBGN0000996	109	75	82	172	217	199
FBGN0033234	0	0	0	0	0	0
FBGN0027581	34	16	22	34	39	44
FBGN0033869	0	0	0	0	0	0
FBGN0028743	0	0	0	0	0	0
FBGN0034740	2	2	2	1	2	0
FBGN0025790	114	89	82	89	116	155
FBGN0034031	0	0	1	0	0	0
FBGN0033203	0	0	0	0	0	0
FBGN0034879	28	27	24	15	42	37
FBGN0033108	0	0	0	0	0	0
FBGN0034360	19	14	4	15	15	14
FBGN0050222	0	0	0	0	0	0
FBGN0040465	0	0	0	0	0	0
FBGN0016032	0	4	0	2	0	0
FBGN0263655	0	0	0	0	0	0
FBGN0033848	0	0	0	0	0	0
FBGN0034631	54	46	28	38	46	35
FBGN0033265	55	40	40	69	74	82
FBGN0050159	66	63	56	53	96	64
FBGN0003687	68	35	34	63	75	83
FBGN0259878	25	27	18	38	60	68
FBGN0034307	62	19	20	24	54	38
FBGN0033918	76	30	55	50	84	65
FBGN0013726	690	478	377	396	700	573
FBGN0033215	0	0	0	0	0	0
FBGN0033739	44	27	28	53	96	73
FBGN0034070	0	8	3	0	0	1
FBGN0033846	109	73	79	95	134	161
FBGN0034219	3	3	0	20	24	21
FBGN0033376	110	104	64	95	173	113
FBGN0053503	0	0	0	0	0	0
FBGN0262595	0	0	0	0	0	0
FBGN0004181	0	0	0	0	0	0
FBGN0014184	331	271	217	342	368	335
FBGN0024294	704	539	424	739	1092	729
FBGN0033542	0	0	0	0	0	0
FBGN0034160	0	0	0	0	0	0
FBGN0000037	0	0	0	0	0	0
FBGN0261270	771	626	549	610	985	1022
FBGN0033915	23	11	31	28	60	36
FBGN0085237	0	0	0	0	0	0
FBGN0050432	0	0	0	0	0	0
FBGN0034681	0	0	0	0	0	0
FBGN0265512	18	18	16	15	22	32
FBGN0264540	0	0	0	0	0	0
FBGN0024732	13	6	15	9	31	11
FBGN0265632	0	0	0	0	0	0
FBGN0034770	0	0	0	0	0	0
FBGN0050106	0	0	0	0	0	0
FBGN0261554	48	33	43	69	114	55
FBGN0260007	0	0	0	0	0	0
FBGN0001122	37	52	11	59	104	80
FBGN0033381	69	64	44	132	197	126
FBGN0085444	79	68	46	108	148	143
FBGN0067102	22	20	5	23	33	33
FBGN0042086	0	0	0	0	0	0
FBGN0050178	0	0	0	0	0	0
FBGN0008636	0	0	0	0	0	0
FBGN0016697	346	274	224	318	458	465
FBGN0259737	0	0	0	0	0	0
FBGN0262836	0	0	0	0	0	0
FBGN0034110	28	25	11	70	82	71
FBGN0259795	0	0	0	0	0	0
FBGN0033982	0	0	0	0	0	2
FBGN0262843	0	0	0	0	0	0
FBGN0085460	0	0	0	0	0	0
FBGN0033879	193	118	114	189	332	240
FBGN0033921	0	0	0	0	0	0
FBGN0046880	0	0	0	0	0	0
FBGN0050160	0	0	0	0	0	0
FBGN0025186	23	5	29	37	70	66
FBGN0053459	0	1	0	0	0	1
FBGN0034352	0	0	0	0	0	0
FBGN0029501	0	0	0	0	0	0
FBGN0033987	289	196	154	300	377	407
FBGN0034950	0	0	0	0	0	0
FBGN0033089	73	49	37	46	87	97
FBGN0265623	51	14	46	31	85	67
FBGN0034261	12	13	8	11	15	16
FBGN0034735	12	15	10	5	17	17
FBGN0034867	0	0	0	0	0	0
FBGN0034498	83	64	42	156	220	188
FBGN0041702	22	21	28	35	67	50
FBGN0033651	0	0	0	0	0	0
FBGN0034224	0	0	0	0	0	0
FBGN0085224	15	4	10	15	20	17
FBGN0286939	0	0	0	0	0	0
FBGN0003900	44	36	16	29	67	37
FBGN0259708	16	10	3	2	3	2
FBGN0033043	0	0	0	0	0	0
FBGN0028956	73	63	60	146	125	149
FBGN0033272	25	31	25	41	35	48
FBGN0040729	0	0	0	0	0	0
FBGN0034356	8	4	20	2	13	8
FBGN0050039	0	0	0	0	0	0
FBGN0265052	0	1	0	0	0	1
FBGN0034281	4	1	1	0	0	0
FBGN0040505	18	13	10	15	15	14
FBGN0033010	32	46	42	72	98	57
FBGN0033468	5	7	11	18	23	14
FBGN0033917	4	1	1	2	10	2
FBGN0262572	0	0	0	0	0	0
FBGN0034073	34	38	32	60	60	60
FBGN0040747	0	0	0	0	0	0
FBGN0035027	56	47	40	52	73	74
FBGN0033060	13	15	5	10	9	29
FBGN0050380	0	0	0	0	2	2
FBGN0034202	0	0	0	0	0	0
FBGN0033408	0	0	0	0	0	0
FBGN0046253	14	8	2	2	8	1
FBGN0285943	0	0	0	0	0	0
FBGN0034797	238	240	158	245	324	374
FBGN0002069	263	206	171	410	529	442
FBGN0040764	0	0	0	0	0	0
FBGN0033597	0	0	0	0	0	0
FBGN0033958	0	0	0	0	0	0
FBGN0022029	75	59	40	93	143	137
FBGN0034232	40	30	52	40	84	88
FBGN0034035	263	160	117	68	88	93
FBGN0034627	10	4	9	3	8	7
FBGN0053792	0	0	0	0	0	0
FBGN0028988	0	1	1	1	0	0
FBGN0259978	54	53	60	96	133	103
FBGN0040780	1	0	5	3	2	0
FBGN0034061	73	65	50	45	45	55
FBGN0041236	0	0	0	0	0	0
FBGN0033236	26	14	4	19	23	31
FBGN0033374	0	0	0	0	0	0
FBGN0033249	0	0	0	0	0	0
FBGN0033233	27	16	17	25	36	45
FBGN0050338	4	2	7	5	12	5
FBGN0033127	8	31	15	28	71	36
FBGN0010053	13	16	15	33	36	13
FBGN0054029	0	0	0	0	0	0
FBGN0034567	0	0	0	0	0	0
FBGN0033260	164	119	99	206	270	246
FBGN0000253	365	321	289	485	757	692
FBGN0020767	17	21	26	30	43	31
FBGN0050177	0	0	0	0	0	0
FBGN0035088	59	22	23	33	56	43
FBGN0085233	0	0	0	0	0	0
FBGN0035049	92	89	53	58	128	124
FBGN0050401	0	0	0	0	0	0
FBGN0015903	14	17	8	36	50	39
FBGN0040726	0	0	0	1	0	1
FBGN0034023	0	0	0	0	0	0
FBGN0262141	0	0	0	0	3	0
FBGN0003701	70	44	40	80	82	84
FBGN0003062	542	351	442	384	478	645
FBGN0264962	181	122	131	183	217	236
FBGN0034687	0	0	0	0	0	0
FBGN0050010	5	2	7	10	8	11
FBGN0005613	91	56	87	105	164	166
FBGN0010078	1464	1133	1112	981	1240	1185
FBGN0040752	231	251	184	315	533	494
FBGN0260390	5	4	1	11	18	6
FBGN0033451	92	45	57	108	121	115
FBGN0000658	186	128	118	271	459	424
FBGN0028963	0	0	0	0	0	0
FBGN0262816	0	0	0	0	0	0
FBGN0053467	0	0	0	0	0	0
FBGN0034876	122	102	70	106	170	162
FBGN0033623	0	0	0	0	0	0
FBGN0085399	0	0	0	0	0	0
FBGN0041237	0	0	0	0	0	0
FBGN0033500	0	0	0	0	0	0
FBGN0033341	15	14	5	10	23	20
FBGN0034276	0	0	0	0	0	0
FBGN0034795	111	68	82	166	249	263
FBGN0034878	122	81	92	150	207	167
FBGN0033720	0	0	0	0	0	0
FBGN0033377	149	107	89	103	134	125
FBGN0062449	31	24	14	46	48	38
FBGN0034519	0	1	2	1	2	2
FBGN0003892	194	136	106	245	338	355
FBGN0034184	21	12	11	21	18	8
FBGN0033806	26	26	16	37	45	46
FBGN0066292	0	0	0	0	0	0
FBGN0023143	1891	1453	1147	1754	2587	2447
FBGN0085344	0	0	0	0	0	0
FBGN0001285	0	0	0	0	0	0
FBGN0040063	0	0	0	0	0	0
FBGN0015040	21	28	26	48	66	58
FBGN0034718	155	85	107	185	266	201
FBGN0034568	0	0	0	0	0	0
FBGN0085512	0	0	0	0	0	0
FBGN0000044	28	80	292	45	33	34
FBGN0026619	19	20	22	44	43	55
FBGN0266711	37	25	47	57	85	78
FBGN0015522	0	0	0	0	0	2
FBGN0033744	0	0	0	0	0	0
FBGN0050428	12	11	5	20	13	17
FBGN0033097	0	0	0	0	0	0
FBGN0053453	0	0	0	0	0	0
FBGN0033266	3	3	6	2	16	7
FBGN0003326	127	101	61	136	168	170
FBGN0050099	0	0	0	0	0	0
FBGN0260477	1	0	0	2	2	1
FBGN0034684	0	0	0	0	0	0
FBGN0063498	0	0	0	0	0	0
FBGN0033000	142	123	103	114	89	126
FBGN0033579	1	0	0	0	2	0
FBGN0040658	3	2	1	3	7	8
FBGN0034565	0	0	0	2	0	0
FBGN0034278	0	0	0	0	0	0
FBGN0027589	0	0	0	0	0	0
FBGN0034335	31	22	33	21	35	34
FBGN0033640	0	0	0	0	0	0
FBGN0034994	0	1	0	0	0	0
FBGN0033945	31	17	19	8	6	4
FBGN0085228	0	0	0	0	0	0
FBGN0033883	43	28	44	43	86	59
FBGN0262948	0	0	0	0	0	0
FBGN0053137	0	0	0	0	0	0
FBGN0010357	2	1	0	0	0	2
FBGN0034723	79	44	43	84	139	140
FBGN0040005	28	25	7	45	38	44
FBGN0033029	365	227	194	461	527	526
FBGN0034617	39	25	28	54	49	32
FBGN0033865	0	0	0	0	0	0
FBGN0033235	81	66	77	97	105	123
FBGN0002791	58	43	36	80	96	66
FBGN0033244	8	6	3	20	24	27
FBGN0050016	0	0	0	0	3	3
FBGN0262114	98	82	77	159	211	184
FBGN0025827	0	0	0	0	0	0
FBGN0050398	0	0	0	0	0	0
FBGN0035068	0	0	0	0	0	0
FBGN0262845	0	0	0	0	0	0
FBGN0017558	28	18	23	19	23	16
FBGN0034454	0	0	0	0	0	0
FBGN0033113	3	2	1	2	0	1
FBGN0034135	0	0	0	0	0	0
FBGN0028744	184	154	173	208	292	342
FBGN0050360	0	2	2	3	0	0
FBGN0262571	0	0	0	0	0	0
FBGN0034457	0	0	0	0	0	0
FBGN0033760	0	0	0	0	0	0
FBGN0033241	175	174	127	140	194	202
FBGN0050371	0	0	0	0	0	0
FBGN0265297	645	590	441	905	1520	1499
FBGN0020257	128	100	87	262	441	396
FBGN0033608	163	124	146	202	269	220
FBGN0283666	39	24	14	84	85	94
FBGN0266377	12	15	10	16	17	21
FBGN0285950	3298	2045	2019	1614	2229	2059
FBGN0003435	56	30	46	30	54	25
FBGN0034920	0	0	8	1	0	0
FBGN0050265	0	0	0	0	0	0
FBGN0034961	50	28	29	51	84	77
FBGN0033021	407	289	267	403	389	377
FBGN0260770	0	0	0	0	0	0
FBGN0050011	49	30	39	59	66	53
FBGN0034093	8	11	14	15	33	34
FBGN0053505	136	67	68	48	71	77
FBGN0034946	34	21	16	32	53	45
FBGN0262547	0	0	0	0	0	0
FBGN0033885	0	0	0	0	0	0
FBGN0001291	64	45	32	75	103	84
FBGN0004240	0	0	0	0	0	0
FBGN0040273	320	208	182	297	406	320
FBGN0034501	0	1	0	0	0	0
FBGN0003140	0	0	0	0	0	0
FBGN0034092	0	0	0	0	0	0
FBGN0033750	8	15	11	29	35	33
FBGN0041235	0	0	0	0	0	0
FBGN0261823	52	44	36	125	128	131
FBGN0033814	70	67	51	101	181	168
FBGN0025885	175	181	131	275	412	364
FBGN0045482	0	0	0	0	0	0
FBGN0263032	0	0	0	0	0	0
FBGN0050413	0	0	0	1	0	1
FBGN0029147	6	12	3	6	10	3
FBGN0033323	0	0	0	0	0	0
FBGN0085257	6	9	10	17	19	27
FBGN0028407	0	0	0	0	0	0
FBGN0033353	0	0	0	0	0	0
FBGN0033422	0	0	0	0	0	0
FBGN0284252	172	96	81	155	184	220
FBGN0262882	0	0	0	0	0	0
FBGN0267861	20	20	10	47	65	59
FBGN0085218	0	0	0	0	0	0
FBGN0034363	0	0	0	0	0	0
FBGN0035014	0	0	0	0	0	0
FBGN0022987	43	45	39	73	83	82
FBGN0033355	0	0	0	0	0	0
FBGN0033138	0	0	0	0	0	0
FBGN0262103	48	36	26	63	91	81
FBGN0034697	67	42	37	76	87	87
FBGN0284231	0	0	0	0	2	0
FBGN0013764	93	65	59	119	173	174
FBGN0034968	1369	924	749	898	1334	1252
FBGN0011227	32	36	20	48	49	46
FBGN0028496	0	0	0	0	0	0
FBGN0033473	19	27	26	42	70	42
FBGN0034504	200	151	99	128	227	207
FBGN0034548	0	0	0	0	0	0
FBGN0033663	2783	2243	1827	3249	4684	4629
FBGN0033170	1	5	0	5	0	0
FBGN0033990	6	7	11	16	18	34
FBGN0050403	0	11	4	12	10	13
FBGN0033679	3	14	59	0	3	0
FBGN0040763	0	0	0	0	0	0
FBGN0034387	0	1	0	0	0	0
FBGN0050021	0	0	0	0	0	0
FBGN0250868	44	46	32	85	79	66
FBGN0033713	36	23	19	42	75	61
FBGN0028426	26	21	35	57	66	65
FBGN0053465	10	7	1	1	1	0
FBGN0284436	1018	932	691	1011	1622	1630
FBGN0033867	0	0	0	0	0	0
FBGN0010470	266	214	174	256	387	329
FBGN0050065	0	0	0	0	0	0
FBGN0033137	3	5	8	3	4	0
FBGN0034346	102	87	74	109	170	191
FBGN0033122	23	22	24	35	61	57
FBGN0010482	1	1	20	2	0	0
FBGN0263250	0	0	0	0	0	0
FBGN0034103	0	0	0	0	0	0
FBGN0040730	0	0	0	0	0	0
FBGN0034638	0	1	3	0	1	0
FBGN0034199	0	0	0	0	0	0
FBGN0050103	0	0	0	0	0	0
FBGN0034709	4	7	9	5	11	8
FBGN0033315	42	43	15	14	23	28
FBGN0003396	141	119	123	292	438	483
FBGN0034902	401	311	223	255	327	312
FBGN0034957	0	0	0	0	0	0
FBGN0035090	3	0	9	3	3	2
FBGN0034769	0	0	0	0	0	0
FBGN0034025	58	41	45	75	83	65
FBGN0025720	25	46	60	31	42	46
FBGN0033788	6	2	0	0	0	0
FBGN0266487	1	0	0	1	0	0
FBGN0000633	0	0	0	0	2	0
FBGN0034528	100	88	56	71	91	64
FBGN0033362	1	8	5	5	8	9
FBGN0287212	0	0	0	0	0	0
FBGN0004907	871	802	611	944	1329	1210
FBGN0033810	26	31	41	29	33	38
FBGN0265833	0	0	0	0	0	0
FBGN0050340	0	0	0	0	0	0
FBGN0263376	0	6	0	0	0	0
FBGN0034173	0	0	0	0	0	0
FBGN0002643	191	133	103	149	248	181
FBGN0033363	0	0	0	0	0	0
FBGN0034182	2	0	0	0	1	0
FBGN0286932	0	0	0	0	2	0
FBGN0085261	5	3	0	0	0	0
FBGN0034988	15	13	5	21	25	27
FBGN0263020	0	0	0	0	0	0
FBGN0266083	83	87	99	183	211	224
FBGN0004581	0	0	0	0	1	0
FBGN0053140	0	0	0	1	0	0
FBGN0034731	0	0	0	0	0	0
FBGN0050349	199	147	149	213	226	292
FBGN0033397	0	0	0	0	0	0
FBGN0050382	0	0	0	0	0	0
FBGN0004055	102	97	76	142	190	165
FBGN0003067	43	34	61	74	108	117
FBGN0033815	0	0	0	0	0	0
FBGN0033730	55	25	24	60	51	30
FBGN0026402	13	22	18	31	50	41
FBGN0034665	0	0	0	0	0	0
FBGN0034883	4	1	5	0	2	4
FBGN0265429	0	0	0	0	0	0
FBGN0085244	0	0	0	5	0	0
FBGN0033467	8	6	8	2	2	8
FBGN0085241	0	0	0	0	0	0
FBGN0015295	68	49	49	68	112	99
FBGN0033450	10	7	5	12	13	15
FBGN0033861	0	0	0	0	0	0
FBGN0033687	0	0	0	0	0	0
FBGN0033925	22	14	34	31	38	23
FBGN0035006	1	0	0	0	0	0
FBGN0034461	0	0	0	0	0	0
FBGN0034063	3	6	3	7	12	17
FBGN0034566	0	0	0	0	3	0
FBGN0033791	0	1	0	0	0	0
FBGN0034114	27	20	16	45	50	53
FBGN0050031	0	0	0	0	0	0
FBGN0034705	17	5	9	2	3	7
FBGN0034195	0	0	0	0	0	0
FBGN0053632	0	0	0	0	0	0
FBGN0034647	0	0	0	0	0	0
FBGN0033354	77	50	55	85	126	142
FBGN0054040	0	0	0	0	0	0
FBGN0028382	74	27	35	62	58	60
FBGN0034062	15	11	12	18	22	30
FBGN0040754	70	67	68	49	69	50
FBGN0003130	9	4	4	6	14	9
FBGN0034002	34	24	21	23	47	34
FBGN0266186	2	11	4	19	32	24
FBGN0263114	0	0	0	0	0	0
FBGN0050391	0	0	0	0	0	0
FBGN0044020	33	21	29	60	79	48
FBGN0033264	177	142	150	216	306	358
FBGN0085488	0	0	0	0	0	0
FBGN0260995	0	0	0	0	0	0
FBGN0034391	0	1	0	1	0	1
FBGN0085213	0	0	0	0	0	0
FBGN0034105	0	0	0	0	0	0
FBGN0025583	0	0	0	0	0	0
FBGN0250824	0	0	0	0	0	0
FBGN0041205	62	49	60	88	152	101
FBGN0033033	111	117	97	160	230	264
FBGN0262889	0	0	0	0	0	0
FBGN0265180	6	17	41	6	11	13
FBGN0035085	6	2	3	6	6	14
FBGN0265342	0	0	0	0	0	0
FBGN0033524	0	0	0	0	0	0
FBGN0034899	0	0	0	0	0	0
FBGN0266433	0	0	0	0	0	0
FBGN0035089	146	190	124	193	353	227
FBGN0259209	0	6	18	2	2	3
FBGN0034272	0	0	0	0	0	0
FBGN0260799	268	156	130	317	327	309
FBGN0034139	3	2	1	0	2	1
FBGN0034008	7	12	6	6	2	4
FBGN0035019	0	0	0	0	0	0
FBGN0000448	28	30	14	24	48	30
FBGN0034198	0	0	0	0	0	1
FBGN0033960	7	5	4	16	19	31
FBGN0040733	0	0	0	0	0	0
FBGN0033980	0	0	0	4	0	1
FBGN0014865	0	0	0	0	0	0
FBGN0261587	0	0	0	0	0	0
FBGN0050389	97	101	77	158	240	171
FBGN0012042	0	0	0	0	0	0
FBGN0262840	0	0	0	0	0	0
FBGN0033225	105	86	103	135	141	124
FBGN0034657	316	186	175	407	547	532
FBGN0033038	58	43	42	57	83	88
FBGN0033516	0	0	0	0	0	0
FBGN0033104	44	25	30	65	37	46
FBGN0027872	7	11	7	7	8	1
FBGN0033261	17	20	10	19	27	24
FBGN0033686	35	24	8	12	20	18
FBGN0034774	0	0	0	0	0	0
FBGN0033658	3	0	0	3	13	10
FBGN0050169	5	3	5	10	5	8
FBGN0263395	70	67	49	97	140	122
FBGN0035084	0	0	0	1	0	1
FBGN0035091	5	3	1	2	0	4
FBGN0086656	116	111	74	145	169	144
FBGN0034722	259	205	163	194	257	213
FBGN0034098	15	23	18	24	21	16
FBGN0267002	9	14	17	20	44	32
FBGN0034365	0	1	0	0	0	2
FBGN0033648	0	0	0	0	0	0
FBGN0034389	0	0	0	0	1	1
FBGN0262837	0	0	0	0	0	0
FBGN0035073	33	24	19	57	88	61
FBGN0005778	0	0	0	0	0	0
FBGN0035065	19	7	0	17	12	20
FBGN0033628	0	0	0	0	0	0
FBGN0061356	0	0	0	1	0	0
FBGN0034866	0	0	0	0	0	0
FBGN0005654	34	14	11	35	45	43
FBGN0035001	379	227	234	436	563	554
FBGN0034542	28	15	19	44	59	43
FBGN0033661	368	297	246	321	482	536
FBGN0005655	745	583	430	861	1047	1243
FBGN0033897	178	155	103	266	316	303
FBGN0264089	756	565	472	645	991	952
FBGN0033499	0	0	0	0	0	0
FBGN0033382	17	9	5	9	28	24
FBGN0034745	0	0	0	0	0	0
FBGN0034470	6	164	24	2	0	0
FBGN0033274	2	4	2	1	0	4
FBGN0034763	3	6	1	5	16	7
FBGN0034263	0	0	0	0	0	0
FBGN0034540	21	24	27	30	33	45
FBGN0005586	0	0	0	0	0	0
FBGN0283450	336	234	223	195	259	298
FBGN0262791	0	0	0	0	0	0
FBGN0260456	210	140	110	102	148	161
FBGN0015561	0	2	0	2	2	0
FBGN0261990	0	2	5	2	0	0
FBGN0050364	0	0	0	0	0	0
FBGN0033483	19	9	6	32	21	25
FBGN0050342	101	82	56	59	76	106
FBGN0028687	586	451	548	645	932	809
FBGN0263697	98	75	58	88	128	121
FBGN0034560	0	0	0	0	0	0
FBGN0263849	0	0	0	0	0	0
FBGN0259977	0	0	2	3	0	0
FBGN0265046	0	0	0	0	0	0
FBGN0033968	66	56	47	101	150	155
FBGN0029084	0	0	2	0	3	0
FBGN0261989	5	7	1	1	0	0
FBGN0033347	0	0	0	1	0	0
FBGN0259710	0	0	0	0	0	0
FBGN0033028	85	76	71	124	191	179
FBGN0034442	13	13	3	23	23	21
FBGN0061361	1	1	0	6	10	23
FBGN0034573	25	22	20	64	118	96
FBGN0010516	141	120	87	183	279	258
FBGN0040759	0	0	0	0	0	0
FBGN0034368	151	113	124	182	233	211
FBGN0265313	0	0	0	0	0	0
FBGN0033850	0	0	0	0	0	0
FBGN0050015	101	60	37	93	198	184
FBGN0050272	0	0	0	0	0	0
FBGN0050355	0	0	0	0	0	0
FBGN0034840	0	0	0	0	0	0
FBGN0040666	17	12	15	20	38	18
FBGN0033871	4	4	3	2	1	9
FBGN0034191	7	11	3	4	6	8
FBGN0034670	0	0	0	0	0	0
FBGN0053012	0	0	0	0	0	0
FBGN0050395	0	0	0	0	0	0
FBGN0033309	40	30	20	53	82	65
FBGN0033437	0	2	1	0	0	0
FBGN0016078	6	14	6	62	71	57
FBGN0026401	276	289	229	345	306	345
FBGN0003891	151	129	72	150	191	136
FBGN0034974	78	54	32	182	252	217
FBGN0034464	0	0	0	0	0	0
FBGN0034744	30	20	26	14	42	27
FBGN0004168	0	0	0	0	0	0
FBGN0261625	7	0	0	1	2	13
FBGN0043536	0	0	0	0	0	0
FBGN0034033	18	7	2	15	21	14
FBGN0000057	10	18	13	25	25	24
FBGN0015544	39	34	29	86	91	115
FBGN0033884	14	19	11	8	12	37
FBGN0033550	0	1	0	2	4	2
FBGN0040503	0	2	0	0	0	0
FBGN0250851	10	2	0	8	11	18
FBGN0033558	0	0	0	0	0	0
FBGN0035007	0	0	0	0	0	0
FBGN0025692	0	0	0	0	0	0
FBGN0053349	0	0	0	0	0	0
FBGN0085638	65	72	53	58	45	39
FBGN0004919	0	0	1	1	0	0
FBGN0033248	0	0	0	0	0	0
FBGN0050056	0	0	0	0	0	0
FBGN0263667	68	67	53	72	91	82
FBGN0020764	93	73	58	60	84	120
FBGN0261373	8	8	2	12	7	8
FBGN0034629	0	0	1	0	0	0
FBGN0033602	4	0	0	3	1	2
FBGN0033603	0	0	0	0	0	0
FBGN0035008	0	0	0	0	0	0
FBGN0033827	0	0	0	0	0	0
FBGN0034712	0	0	0	0	0	0
FBGN0262728	0	2	0	0	0	4
FBGN0264294	46	52	49	129	160	190
FBGN0033715	15	3	6	9	23	22
FBGN0034371	6	12	19	30	68	47
FBGN0005619	0	0	0	0	0	0
FBGN0260764	0	0	0	0	0	0
FBGN0261456	134	118	96	182	217	209
FBGN0029154	0	0	0	0	0	0
FBGN0286783	106	129	81	163	245	209
FBGN0033696	0	0	0	0	0	0
FBGN0034366	53	36	50	60	82	59
FBGN0033485	279	139	186	160	200	208
FBGN0034286	0	0	0	0	0	0
FBGN0260762	0	0	0	0	0	0
FBGN0034175	0	0	0	0	0	0
FBGN0002174	62	36	41	37	40	71
FBGN0034214	31	34	37	55	47	69
FBGN0050369	0	0	0	0	0	0
FBGN0033252	0	0	0	0	1	2
FBGN0001133	26	22	32	46	56	57
FBGN0085249	0	0	0	1	5	2
FBGN0263083	0	0	0	0	0	0
FBGN0265184	3	2	9	5	9	3
FBGN0260429	0	0	0	0	0	0
FBGN0034506	0	0	0	0	0	0
FBGN0035036	22	18	14	18	38	37
FBGN0034611	72	35	24	55	81	89
FBGN0027507	82	74	68	111	145	126
FBGN0033140	0	0	0	0	0	0
FBGN0260775	3	0	1	0	3	1
FBGN0259876	237	189	166	386	457	459
FBGN0034758	0	0	1	0	0	1
FBGN0263934	89	65	69	77	125	121
FBGN0033600	0	2	3	2	0	4
FBGN0266723	62	23	41	34	50	63
FBGN0034181	577	407	369	458	704	616
FBGN0034935	0	0	0	0	0	0
FBGN0067903	0	0	1	0	0	0
FBGN0063496	0	0	0	0	0	0
FBGN0013305	94	84	60	157	219	209
FBGN0260474	0	1	0	0	0	0
FBGN0259937	756	584	579	751	1053	1095
FBGN0034513	0	0	0	0	0	0
FBGN0034618	6	9	10	12	34	15
FBGN0001187	0	0	0	0	0	0
FBGN0259202	2	2	0	16	15	12
FBGN0050037	0	0	0	0	0	0
FBGN0010621	1357	1110	872	1345	1946	2113
FBGN0286834	0	0	0	0	0	0
FBGN0011592	559	452	341	618	875	736
FBGN0033950	0	0	0	0	0	0
FBGN0034720	0	0	0	0	0	0
FBGN0034012	0	0	0	0	0	0
FBGN0263109	98	65	65	202	293	219
FBGN0033717	81	65	76	124	185	134
FBGN0033756	1	0	0	0	1	1
FBGN0034715	1	0	0	0	0	0
FBGN0286931	0	0	0	0	0	0
FBGN0028683	1	6	6	39	25	27
FBGN0083941	0	0	0	0	0	0
FBGN0034141	14	5	8	22	37	45
FBGN0034936	120	80	72	104	130	123
FBGN0034279	0	0	0	0	0	0
FBGN0033186	6	6	6	4	10	24
FBGN0083936	0	0	0	0	0	0
FBGN0085234	0	0	0	0	0	0
FBGN0082585	3	1	2	1	0	4
FBGN0034700	0	0	0	0	0	0
FBGN0053156	10	0	6	10	24	22
FBGN0015372	5	0	0	5	19	13
FBGN0261016	0	0	0	0	0	0
FBGN0034168	0	0	0	0	0	0
FBGN0285949	1047	1047	837	772	1080	1392
FBGN0040734	0	0	0	0	0	0
FBGN0265576	0	0	0	0	1	0
FBGN0033952	0	0	0	0	0	0
FBGN0010638	198	109	149	197	247	226
FBGN0033464	0	1	6	1	5	2
FBGN0035059	9	10	10	20	30	12
FBGN0005612	39	17	17	49	100	90
FBGN0016726	198	195	201	300	415	403
FBGN0262574	0	0	0	0	0	0
FBGN0033665	12	15	20	17	21	17
FBGN0033221	0	0	0	0	0	4
FBGN0267351	59	53	47	58	82	106
FBGN0014469	73	89	65	35	22	23
FBGN0033624	110	75	109	222	340	371
FBGN0034179	54	45	48	60	132	116
FBGN0002571	0	0	0	0	0	0
FBGN0034817	28	32	17	37	58	69
FBGN0288856	34	16	20	26	36	26
FBGN0023081	195	172	82	212	257	252
FBGN0261394	365	282	257	337	548	445
FBGN0263240	86	63	51	124	158	178
FBGN0034299	24	33	18	44	38	35
FBGN0034071	238	131	157	141	172	213
FBGN0034154	0	0	0	0	0	0
FBGN0035040	0	0	0	0	0	0
FBGN0034097	0	0	0	0	0	0
FBGN0085243	0	0	0	0	0	0
FBGN0034626	10	13	15	17	26	21
FBGN0261975	45	28	49	98	75	99
FBGN0260475	0	0	0	1	7	0
FBGN0025335	10	12	6	31	41	36
FBGN0043576	0	0	0	0	0	0
FBGN0011695	0	1	2	1	4	1
FBGN0035056	38	30	25	41	39	34
FBGN0034860	24	29	17	6	38	22
FBGN0034262	0	0	0	0	0	0
FBGN0033538	13	4	3	6	1	5
FBGN0010238	823	629	525	603	930	807
FBGN0064237	0	1	0	0	0	0
FBGN0000405	427	356	262	511	801	846
FBGN0040491	0	0	0	0	0	0
FBGN0033820	5	0	2	1	0	3
FBGN0033702	5	0	0	0	1	0
FBGN0288686	251	202	176	269	476	407
FBGN0034580	0	0	0	0	0	0
FBGN0027558	59	61	33	59	71	93
FBGN0034265	30	15	16	21	41	23
FBGN0027529	75	44	50	55	67	67
FBGN0033136	0	0	0	0	0	0
FBGN0033860	0	0	0	0	0	0
FBGN0028689	478	392	293	565	706	644
FBGN0053468	0	1	0	0	0	0
FBGN0286788	46	30	33	67	100	101
FBGN0267398	353	148	175	188	175	183
FBGN0259727	15	3	7	5	7	7
FBGN0034739	0	0	0	0	0	0
FBGN0033194	348	249	193	360	539	476
FBGN0020279	1712	1222	1198	1619	2156	2454
FBGN0034266	48	28	20	29	37	31
FBGN0034419	7	4	4	18	12	16
FBGN0034599	22	27	23	15	28	27
FBGN0034459	0	0	0	0	0	0
FBGN0085227	0	0	0	0	0	0
FBGN0034455	9	7	8	5	26	16
FBGN0034500	49	49	47	47	82	68
FBGN0034543	12	1	6	11	16	14
FBGN0259742	38	33	8	29	21	31
FBGN0034853	36	33	13	57	59	39
FBGN0034325	0	0	0	0	0	0
FBGN0085264	0	0	0	0	0	0
FBGN0053463	0	0	1	0	0	0
FBGN0034493	0	1	2	0	0	1
FBGN0034563	0	0	0	0	0	0
FBGN0033657	0	0	0	0	0	0
FBGN0041234	0	0	0	0	0	0
FBGN0034377	0	0	0	0	0	0
FBGN0003977	256	141	115	268	365	355
FBGN0000337	0	0	0	0	0	0
FBGN0260012	147	118	119	257	318	299
FBGN0265626	0	0	0	0	0	0
FBGN0266525	7	2	3	9	7	11
FBGN0034196	0	0	0	0	0	0
FBGN0260455	0	0	0	0	0	0
FBGN0034474	0	0	0	0	0	0
FBGN0050385	0	0	0	0	0	0
FBGN0020370	513	449	383	634	1011	969
FBGN0285917	454	316	299	483	738	717
FBGN0034725	43	30	35	33	75	71
FBGN0034475	0	0	0	0	0	0
FBGN0027091	181	161	118	217	207	247
FBGN0033753	13	10	4	15	12	11
FBGN0027619	109	88	81	79	95	120
FBGN0011824	905	572	562	353	407	467
FBGN0023172	223	162	171	409	506	411
FBGN0259718	3	5	19	11	14	13
FBGN0032997	204	146	120	99	116	118
FBGN0040477	8	8	4	10	23	17
FBGN0033286	0	0	0	0	0	0
FBGN0034748	34	31	25	52	43	46
FBGN0011297	21	15	11	9	36	23
FBGN0033491	22	15	15	16	27	25
FBGN0034839	0	0	0	0	0	0
FBGN0033587	0	0	0	0	0	0
FBGN0288433	4	3	2	0	7	2
FBGN0033943	0	0	0	0	0	0
FBGN0035082	10	10	4	5	11	5
FBGN0033984	27	12	10	28	43	49
FBGN0050051	24	16	7	14	28	16
FBGN0085250	0	0	2	0	2	0
FBGN0053919	0	0	0	0	0	0
FBGN0033356	2	5	0	0	7	2
FBGN0004638	95	61	72	144	192	189
FBGN0034229	3	5	105	0	0	2
FBGN0034180	62	45	41	68	84	84
FBGN0004463	142	101	62	174	184	193
FBGN0262619	123	96	91	172	187	227
FBGN0033652	11	5	11	33	25	31
FBGN0260991	256	224	216	284	402	430
FBGN0034176	233	204	165	228	321	386
FBGN0085236	0	0	0	0	0	0
FBGN0050020	127	87	69	109	171	157
FBGN0000426	199	143	148	143	199	159
FBGN0050357	0	0	1	0	0	0
FBGN0025519	42	29	29	46	55	65
FBGN0053470	0	0	0	0	0	0
FBGN0033698	292	212	203	374	472	475
FBGN0050280	0	0	0	0	0	0
FBGN0033578	0	1	0	0	0	0
FBGN0265178	92	74	69	97	151	127
FBGN0050354	0	0	0	0	0	0
FBGN0053554	449	372	280	722	681	599
FBGN0050049	0	0	0	0	0	0
FBGN0261276	192	167	161	201	270	269
FBGN0033101	49	44	43	62	80	116
FBGN0054021	0	0	0	0	0	0
FBGN0033734	7	9	6	5	13	12
FBGN0020377	0	0	0	0	0	0
FBGN0034392	14	8	9	6	30	19
FBGN0261705	3	0	1	1	0	1
FBGN0034402	8	9	10	10	14	14
FBGN0004003	226	100	92	188	295	188
FBGN0013770	447	316	302	442	642	636
FBGN0287478	24	20	24	15	34	23
FBGN0028738	0	2	0	1	0	3
FBGN0034259	335	279	267	359	412	441
FBGN0050058	0	0	0	0	0	0
FBGN0050147	30	54	35	59	73	85
FBGN0034471	0	0	0	0	0	0
FBGN0085239	0	0	0	0	0	0
FBGN0033821	0	0	0	0	0	0
FBGN0050472	0	0	0	0	0	0
FBGN0041582	17	16	14	48	60	59
FBGN0000566	183	163	104	204	250	291
FBGN0035043	0	0	0	0	0	0
FBGN0034322	0	0	0	0	0	0
FBGN0069056	0	0	0	0	0	0
FBGN0015714	56	34	29	11	15	10
FBGN0040007	651	627	526	534	580	427
FBGN0000615	2	0	3	1	1	1
FBGN0050457	1	2	5	3	6	7
FBGN0033199	3	1	2	6	21	15
FBGN0034800	14	2	9	8	3	10
FBGN0033301	0	0	0	0	0	0
FBGN0010620	327	252	224	455	581	582
FBGN0033327	0	0	0	0	0	0
FBGN0004435	48	57	27	73	98	89
FBGN0034158	34	21	18	36	63	47
FBGN0033543	0	1	4	1	2	9
FBGN0050053	0	0	0	0	0	0
FBGN0033426	8	13	8	13	17	12
FBGN0259221	24	11	15	23	64	41
FBGN0034870	0	0	0	0	0	0
FBGN0033395	0	0	0	2	0	0
FBGN0020930	8	17	8	6	29	26
FBGN0034849	12	4	4	13	27	19
FBGN0033599	0	0	0	0	0	0
FBGN0033697	0	0	0	0	0	0
FBGN0034277	653	476	379	917	1249	1230
FBGN0050022	13	6	7	15	28	18
FBGN0016762	0	2	1	0	12	3
FBGN0261293	0	0	0	0	0	0
FBGN0033627	63	36	50	100	97	101
FBGN0034331	0	0	5	0	0	1
FBGN0050381	5	9	7	4	14	13
FBGN0034240	120	113	75	178	215	184
FBGN0003162	1	9	3	10	15	20
FBGN0050089	13	23	16	29	53	71
FBGN0010501	42	52	36	74	130	111
FBGN0266432	0	0	0	0	0	0
FBGN0020391	0	1	0	0	0	0
FBGN0021979	216	231	146	361	590	501
FBGN0050154	0	1	0	0	1	0
FBGN0034535	0	1	1	0	1	6
FBGN0050377	8	10	2	8	18	17
FBGN0085421	0	0	0	0	2	3
FBGN0287873	2866	2471	1903	3323	4459	4131
FBGN0034710	2	0	5	0	0	0
FBGN0033278	0	0	0	0	0	0
FBGN0033742	0	0	1	0	0	0
FBGN0034514	0	0	0	0	0	1
FBGN0003008	50	46	16	63	87	80
FBGN0262812	0	0	0	0	0	0
FBGN0033183	118	99	82	113	177	154
FBGN0033528	194	210	169	187	250	332
FBGN0034478	0	0	0	0	0	0
FBGN0013733	176	223	178	417	778	596
FBGN0041238	0	0	0	0	0	0
FBGN0034417	0	0	2	1	1	0
FBGN0033929	50	32	35	30	64	47
FBGN0053155	0	0	1	0	2	0
FBGN0053798	0	0	0	0	0	0
FBGN0263743	0	0	0	0	0	0
FBGN0033767	0	0	0	0	0	0
FBGN0034753	1929	1313	1081	1259	1843	1462
FBGN0003317	109	100	80	178	227	224
FBGN0034458	0	0	0	0	0	0
FBGN0020236	479	488	366	570	872	894
FBGN0034971	121	91	69	71	109	112
FBGN0002569	0	0	0	0	0	0
FBGN0034871	0	0	0	0	0	0
FBGN0034117	6	7	2	2	6	5
FBGN0034532	0	0	0	0	0	0
FBGN0033573	0	0	0	0	0	0
FBGN0033735	32	27	18	46	67	56
FBGN0264273	315	289	173	483	709	762
FBGN0034966	0	0	0	0	0	0
FBGN0041706	1	3	0	2	6	6
FBGN0017414	3	2	5	4	6	13
FBGN0010504	29	19	30	23	38	47
FBGN0033763	0	0	0	0	0	0
FBGN0033712	37	27	16	40	43	40
FBGN0287767	261	238	196	223	302	282
FBGN0050098	0	0	0	0	0	0
FBGN0033828	0	0	0	0	0	0
FBGN0033187	46	40	27	94	102	100
FBGN0033364	0	0	0	0	0	0
FBGN0033090	0	0	0	0	0	0
FBGN0004360	9	6	10	12	30	33
FBGN0053143	0	0	0	0	0	0
FBGN0027607	47	35	26	98	122	118
FBGN0011746	65	42	22	141	169	162
FBGN0035009	0	0	0	0	0	0
FBGN0034903	23	74	40	48	65	56
FBGN0265836	0	0	0	0	0	0
FBGN0263033	0	0	0	0	0	0
FBGN0283625	0	0	0	0	0	0
FBGN0035033	127	77	86	99	171	150
FBGN0034898	0	0	0	0	0	0
FBGN0028562	0	0	0	0	1	2
FBGN0034689	9	19	14	25	34	25
FBGN0034327	0	0	0	0	0	0
FBGN0033755	171	131	83	174	217	275
FBGN0033740	51	51	41	39	65	82
FBGN0050192	0	0	0	0	0	0
FBGN0010651	96	56	56	97	119	75
FBGN0061197	0	0	0	0	0	0
FBGN0033174	10	7	12	6	6	16
FBGN0005638	0	1	0	0	0	1
FBGN0015037	0	0	0	0	0	0
FBGN0033320	0	1	0	0	3	0
FBGN0026385	0	0	0	0	0	0
FBGN0035022	0	0	0	0	0	0
FBGN0033906	396	309	256	348	491	407
FBGN0034704	53	33	40	53	71	80
FBGN0034914	677	556	512	493	721	721
FBGN0033179	146	140	121	197	258	307
FBGN0050047	0	0	0	0	0	0
FBGN0034900	0	0	0	0	0	0
FBGN0265935	158	139	116	226	315	378
FBGN0267791	770	615	534	591	746	784
FBGN0260499	0	0	0	0	0	0
FBGN0034893	26	27	16	33	39	52
FBGN0033191	85	71	58	71	80	118
FBGN0243516	32	18	35	59	87	63
FBGN0050001	8	20	22	37	27	54
FBGN0264329	0	0	0	0	0	0
FBGN0050008	0	0	0	0	0	0
FBGN0050286	0	0	0	0	0	0
FBGN0003975	121	67	78	155	234	199
FBGN0033139	0	0	0	0	0	0
FBGN0033205	28	45	21	10	25	23
FBGN0050269	0	0	0	0	0	0
FBGN0050421	42	32	36	58	78	68
FBGN0033919	73	53	75	126	192	171
FBGN0033375	25	17	21	24	32	21
FBGN0033862	0	0	0	0	0	0
FBGN0033605	15	16	21	9	26	30
FBGN0034382	0	0	0	0	0	0
FBGN0259183	0	0	0	0	0	0
FBGN0033728	0	0	0	0	0	0
FBGN0259226	0	0	0	13	15	21
FBGN0034964	177	142	121	201	274	289
FBGN0034323	0	0	0	0	0	0
FBGN0033866	27	6	12	36	39	38
FBGN0050277	0	0	0	0	0	0
FBGN0033636	618	454	446	834	1092	854
FBGN0028411	103	71	84	67	74	76
FBGN0033283	0	0	0	0	0	0
FBGN0034882	0	0	0	0	0	0
FBGN0050101	0	0	0	0	1	0
FBGN0033893	0	0	1	0	0	0
FBGN0033989	41	27	32	27	49	47
FBGN0033569	30	25	30	27	55	51
FBGN0050344	23	16	11	31	33	27
FBGN0033349	237	122	114	142	215	231
FBGN0033088	5	5	7	11	28	16
FBGN0003401	23	13	28	19	36	32
FBGN0015801	32	26	22	43	73	42
FBGN0033842	52	71	48	53	93	71
FBGN0034511	0	0	0	0	0	0
FBGN0033155	65	49	46	72	127	118
FBGN0034821	0	0	0	0	0	0
FBGN0034418	36	34	37	51	106	78
FBGN0033783	21	14	6	21	25	31
FBGN0040849	0	0	2	0	0	0
FBGN0033238	0	0	0	0	0	0
FBGN0035087	17	18	15	25	40	31
FBGN0001263	0	0	0	0	0	0
FBGN0033673	8	6	6	22	16	16
FBGN0034253	170	129	105	216	280	261
FBGN0267978	143	132	94	282	332	342
FBGN0042135	53	42	30	53	117	98
FBGN0033932	0	0	0	0	0	0
FBGN0034308	48	36	35	61	142	69
FBGN0001147	0	0	0	0	1	0
FBGN0016970	15	7	9	6	18	4
FBGN0034645	76	61	72	79	96	112
FBGN0033115	10	11	3	8	13	11
FBGN0263197	180	145	88	206	284	253
FBGN0034109	74	48	40	45	65	86
FBGN0050156	2	0	0	0	0	1
FBGN0261119	175	165	181	275	436	405
FBGN0033699	628	509	514	529	791	648
FBGN0033556	76	58	30	98	126	106
FBGN0035031	0	0	0	0	0	0
FBGN0043532	0	0	0	0	0	0
FBGN0260222	4	4	5	4	8	12
FBGN0022764	871	625	567	849	1373	1190
FBGN0033069	0	0	0	0	0	0
FBGN0041712	3	0	5	4	14	6
FBGN0033141	0	0	0	0	0	0
FBGN0034247	0	0	0	0	0	0
FBGN0034671	0	0	0	0	0	0
FBGN0066084	454	433	673	788	1149	866
FBGN0261363	2	1	0	6	7	2
FBGN0085414	0	1	0	0	0	0
FBGN0033112	0	0	0	0	0	0
FBGN0033607	103	32	53	69	137	98
FBGN0050411	0	0	2	0	0	0
FBGN0025709	0	0	0	0	2	1
FBGN0034451	41	28	29	58	90	92
FBGN0050025	0	0	0	0	0	0
FBGN0034067	133	117	75	165	272	249
FBGN0003520	55	60	44	66	77	87
FBGN0015584	0	0	0	0	0	0
FBGN0034166	0	0	0	0	0	0
FBGN0034782	0	0	0	0	0	0
FBGN0026384	0	0	0	0	0	0
FBGN0034910	0	0	0	0	0	0
FBGN0015602	137	100	92	186	165	206
FBGN0033294	0	0	0	0	0	0
FBGN0287831	0	0	0	0	0	1
FBGN0033888	0	0	0	0	0	0
FBGN0034691	25	37	32	45	76	88
FBGN0033544	5	17	3	12	12	29
FBGN0029093	529	381	323	519	732	774
FBGN0262512	29	25	14	61	61	49
FBGN0034291	0	0	0	0	0	0
FBGN0033271	0	0	0	0	0	0
FBGN0087011	29	27	27	29	27	12
FBGN0050274	0	0	0	0	0	0
FBGN0034485	0	0	0	0	0	0
FBGN0027356	58	45	47	92	88	88
FBGN0001124	147	155	122	156	224	216
FBGN0033184	9	13	2	11	23	16
FBGN0016701	46	37	41	66	65	80
FBGN0263707	0	0	0	0	0	0
FBGN0034127	0	0	0	0	0	0
FBGN0033160	307	283	187	315	430	461
FBGN0033798	0	0	0	0	0	0
FBGN0041241	0	0	0	0	0	0
FBGN0085428	54	45	23	57	85	123
FBGN0266811	0	0	0	0	0	0
FBGN0022097	58	49	33	104	159	111
FBGN0033421	5	11	11	12	30	12
FBGN0034906	0	0	0	0	0	0
FBGN0034267	0	0	0	0	0	0
FBGN0035064	30	31	39	15	20	26
FBGN0034086	62	42	48	51	53	53
FBGN0267823	29	38	21	20	50	45
FBGN0260972	32	32	30	46	71	90
FBGN0265003	109	106	90	177	214	244
FBGN0034539	0	0	0	0	0	0
FBGN0033807	0	0	0	0	0	0
FBGN0034049	50	71	55	103	124	118
FBGN0026176	0	0	0	0	0	0
FBGN0033770	0	0	0	0	0	0
FBGN0023180	8	12	10	21	20	30
FBGN0050365	0	0	0	0	0	0
FBGN0034654	335	261	210	358	559	441
FBGN0053680	0	0	0	0	0	0
FBGN0034132	0	0	0	0	0	0
FBGN0050018	0	0	0	0	0	0
FBGN0001222	121	98	93	136	184	224
FBGN0033876	1	0	0	0	0	0
FBGN0033005	82	87	71	137	173	166
FBGN0033659	0	0	0	0	0	2
FBGN0027535	65	40	32	46	92	92
FBGN0262480	0	0	0	0	0	0
FBGN0034052	0	0	0	0	0	0
FBGN0034246	315	266	156	317	354	345
FBGN0266129	0	0	0	0	0	0
FBGN0021825	141	107	91	159	224	218
FBGN0050263	0	0	0	0	0	0
FBGN0039993	409	222	161	133	158	119
FBGN0034415	0	0	0	0	0	0
FBGN0034579	37	36	45	24	28	13
FBGN0020307	93	76	63	140	216	195
FBGN0010359	0	0	0	0	0	0
FBGN0034407	0	0	0	0	0	0
FBGN0015038	0	0	0	0	0	0
FBGN0024319	0	0	0	0	0	0
FBGN0085240	0	0	0	0	0	0
FBGN0265272	0	0	0	0	0	0
FBGN0033818	0	0	0	0	0	0
FBGN0034692	0	0	0	0	0	0
FBGN0015371	129	108	119	179	237	281
FBGN0069913	0	0	0	0	0	0
FBGN0033449	26	18	18	21	31	15
FBGN0010590	280	237	199	307	475	484
FBGN0034413	0	0	0	0	0	0
FBGN0034724	317	174	100	105	189	163
FBGN0033063	0	0	0	0	0	0
FBGN0050376	0	0	0	0	0	0
FBGN0050185	15	19	16	43	59	54
FBGN0034022	81	81	61	158	208	215
FBGN0001269	70	50	43	41	67	82
FBGN0263850	0	0	0	0	0	0
FBGN0067905	0	0	1	0	0	0
FBGN0085246	0	0	0	0	0	0
FBGN0262821	0	0	0	0	0	0
FBGN0033226	19	27	12	19	28	24
FBGN0050082	0	0	0	0	0	0
FBGN0033250	0	0	0	0	0	0
FBGN0013762	38	43	25	29	72	41
FBGN0046999	0	0	0	0	0	0
FBGN0034380	52	55	34	74	96	67
FBGN0034885	0	2	4	1	1	2
FBGN0034200	0	5	11	3	0	3
FBGN0046294	0	0	0	0	0	1
FBGN0020617	0	0	0	0	0	0
FBGN0058263	16	15	16	39	33	20
FBGN0011704	338	295	237	446	616	742
FBGN0034405	452	365	303	547	790	637
FBGN0034275	0	1	0	0	0	0
FBGN0002552	82	49	58	96	128	140
FBGN0085231	0	0	0	0	0	0
FBGN0023170	86	57	92	194	275	235
FBGN0050281	0	0	0	0	0	0
FBGN0042098	0	0	0	0	0	0
FBGN0033554	0	0	0	2	1	2
FBGN0033775	0	0	0	0	0	0
FBGN0034948	11	4	9	11	17	24
FBGN0033802	30	9	15	14	33	31
FBGN0033748	0	2	0	0	0	0
FBGN0013765	128	140	135	196	286	311
FBGN0034242	104	78	74	77	115	103
FBGN0054033	0	0	0	0	0	0
FBGN0040653	0	0	0	0	0	0
FBGN0034372	31	29	30	45	60	56
FBGN0050259	0	0	0	0	0	0
FBGN0033963	0	0	0	0	0	0
FBGN0053225	4	1	0	0	0	1
FBGN0034828	0	0	0	0	0	0
FBGN0050157	2	5	0	3	3	2
FBGN0033515	0	0	0	0	0	0
FBGN0262838	0	0	0	0	0	0
FBGN0050469	0	0	0	0	0	0
FBGN0033996	9	15	7	19	36	34
FBGN0034183	0	0	0	0	0	0
FBGN0015838	49	54	33	113	155	155
FBGN0034197	0	0	0	0	0	52
FBGN0033703	0	0	0	0	0	0
FBGN0263855	282	240	193	360	484	519
FBGN0033853	29	17	16	35	94	66
FBGN0034137	0	0	0	0	0	0
FBGN0262098	0	0	0	0	0	0
FBGN0021795	252	187	172	227	396	306
FBGN0050503	0	0	1	0	0	0
FBGN0016059	359	344	246	543	882	872
FBGN0086356	171	144	101	248	355	336
FBGN0010356	101	83	57	124	136	138
FBGN0283508	2319	1625	1692	2351	3630	3772
FBGN0033826	0	0	0	0	0	0
FBGN0033995	18	33	6	32	50	37
FBGN0263593	60	45	31	53	82	76
FBGN0034837	1	1	0	2	3	2
FBGN0025373	87	69	77	138	223	174
FBGN0263864	56	31	34	79	114	99
FBGN0034480	0	0	0	0	0	0
FBGN0264541	0	0	0	0	0	0
FBGN0033520	0	0	0	0	0	0
FBGN0033688	714	586	476	1031	1462	1501
FBGN0033631	362	364	274	443	579	579
FBGN0034304	20	14	17	30	61	47
FBGN0034963	34	26	25	40	65	79
FBGN0034585	72	64	60	69	96	101
FBGN0034894	1	3	2	5	4	13
FBGN0033202	0	0	0	0	0	0
FBGN0034919	17	8	6	28	30	43
FBGN0033357	177	90	142	181	166	143
FBGN0033153	34	22	23	14	24	23
FBGN0033508	0	0	0	0	0	0
FBGN0004839	190	157	109	155	319	270
FBGN0026326	130	144	114	193	269	253
FBGN0026316	19	37	26	78	85	95
FBGN0035025	43	42	27	49	49	63
FBGN0000043	1895	1859	1361	3156	5083	4486
FBGN0265187	7	10	8	5	18	15
FBGN0034001	39	40	25	31	46	62
FBGN0034642	0	0	0	0	0	0
FBGN0003748	79	31	45	86	77	105
FBGN0034136	0	0	0	0	0	0
FBGN0034694	13	19	10	10	21	17
FBGN0033188	134	148	137	167	354	349
FBGN0086895	106	93	102	139	195	163
FBGN0016047	0	0	0	0	0	0
FBGN0033754	54	38	37	46	39	50
FBGN0034057	3	0	2	4	11	1
FBGN0043535	0	0	0	0	0	0
FBGN0034425	15	8	3	20	27	12
FBGN0033280	0	0	0	0	0	0
FBGN0085468	64	75	45	93	103	110
FBGN0034144	0	0	0	0	0	0
FBGN0034999	5	0	2	6	1	4
FBGN0050043	0	0	0	0	0	0
FBGN0033259	51	67	51	133	158	145
FBGN0050446	0	0	0	0	0	0
FBGN0052834	0	0	0	0	0	0
FBGN0085265	0	0	0	0	0	0
FBGN0027360	16	3	5	11	17	12
FBGN0034432	246	209	165	222	286	229
FBGN0034976	96	72	48	116	148	151
FBGN0034296	17	0	3	0	0	0
FBGN0013763	23	24	34	42	25	43
FBGN0265625	0	0	0	0	0	0
FBGN0050044	0	0	0	0	0	0
FBGN0050046	1	7	1	0	1	0
FBGN0034713	0	0	0	0	0	0
FBGN0011743	0	0	0	0	0	1
FBGN0033774	0	0	0	0	0	0
FBGN0043575	0	0	0	0	0	0
FBGN0034330	0	0	0	0	0	0
FBGN0050288	0	0	0	1	0	0
FBGN0034933	88	68	39	53	79	94
FBGN0050110	0	0	0	0	0	0
FBGN0000562	141	84	89	141	255	218
FBGN0000119	474	317	238	655	863	807
FBGN0034013	81	47	56	104	132	138
FBGN0010385	5	1	1	1	0	1
FBGN0061435	0	0	0	0	0	0
FBGN0053474	0	0	0	0	0	0
FBGN0027073	0	0	0	0	0	0
FBGN0033834	0	0	0	0	0	0
FBGN0033926	1	0	0	1	2	1
FBGN0022288	282	213	172	173	187	219
FBGN0041239	0	0	0	0	0	0
FBGN0262566	0	0	0	0	0	0
FBGN0262115	137	141	100	134	152	168
FBGN0053199	0	0	0	0	0	0
FBGN0014009	113	133	66	173	212	250
FBGN0034301	3	1	3	0	0	1
FBGN0010591	56	67	42	53	85	80
FBGN0034283	0	0	0	0	0	0
FBGN0266488	5	2	4	7	3	1
FBGN0284245	21745	17405	15067	18107	25573	25607
FBGN0034489	0	0	0	0	0	0
FBGN0029134	417	421	349	442	655	704
FBGN0050424	3	3	1	0	0	0
FBGN0000352	115	68	62	117	169	128
FBGN0034923	204	95	101	77	119	106
FBGN0034884	0	0	0	0	0	1
FBGN0034270	2	3	1	13	16	2
FBGN0024836	507	398	331	674	962	861
FBGN0010425	1	1	0	0	0	1
FBGN0034399	54	67	30	72	76	66
FBGN0033580	0	0	0	0	0	1
FBGN0010226	256	205	160	275	668	612
FBGN0034328	0	0	0	0	0	0
FBGN0053460	2	0	0	0	1	2
FBGN0053462	1	0	0	0	0	0
FBGN0033731	4	7	8	8	6	11
FBGN0034447	60	42	37	78	148	105
FBGN0003612	41	53	57	150	215	131
FBGN0259707	1	0	1	0	0	0
FBGN0033614	0	0	0	0	0	0
FBGN0033716	24	10	14	27	52	39
FBGN0034255	0	0	0	0	0	0
FBGN0263270	0	0	0	0	0	0
FBGN0033638	38	24	10	45	63	73
FBGN0261588	53	55	29	39	81	66
FBGN0050072	0	0	0	0	0	0
FBGN0033052	73	51	47	109	146	128
FBGN0003074	154	104	105	223	343	316
FBGN0010435	284	235	154	406	600	627
FBGN0026386	0	0	0	0	0	0
FBGN0033339	285	293	222	462	684	724
FBGN0034649	7	7	1	9	17	8
FBGN0262360	0	0	0	0	0	0
FBGN0023167	572	395	394	217	385	396
FBGN0033207	0	0	0	0	0	0
FBGN0033206	48	28	22	70	59	56
FBGN0042085	167	157	122	265	396	417
FBGN0033085	8	3	2	10	10	14
FBGN0033874	0	0	0	0	0	0
FBGN0265605	0	2	6	6	2	4
FBGN0034058	10	20	17	24	22	28
FBGN0035000	0	0	0	0	1	0
FBGN0050419	0	0	0	0	0	0
FBGN0034083	77	57	52	155	218	198
FBGN0011260	617	603	463	1337	1659	1625
FBGN0040778	0	0	2	1	6	2
FBGN0015034	0	0	0	0	0	0
FBGN0061359	39	44	30	50	65	101
FBGN0035026	109	94	80	113	160	182
FBGN0050441	0	0	0	0	0	0
FBGN0050495	0	0	0	1	0	0
FBGN0266671	46	33	30	66	104	98
FBGN0262867	5	4	1	4	8	8
FBGN0024188	176	191	139	152	173	209
FBGN0034661	9	12	0	0	13	14
FBGN0262988	0	0	0	0	0	0
FBGN0283494	34	44	52	86	119	108
FBGN0003382	0	0	0	0	0	0
FBGN0033799	4	2	3	4	11	6
FBGN0022382	18	12	28	18	38	27
FBGN0033899	24	7	12	36	45	52
FBGN0034911	0	0	0	0	0	0
FBGN0041581	0	0	0	0	0	0
FBGN0261584	0	1	0	0	0	0
FBGN0050161	0	0	0	0	0	0
FBGN0033751	10	8	13	8	32	29
FBGN0021814	96	44	48	114	171	148
FBGN0034317	0	0	0	0	0	0
FBGN0013750	27	31	19	49	79	44
FBGN0033571	148	133	128	130	178	207
FBGN0262594	0	0	0	0	0	0
FBGN0034460	0	0	0	0	0	0
FBGN0050109	17	10	13	3	8	6
FBGN0035060	114	111	101	149	252	258
FBGN0085229	40	49	60	66	76	55
FBGN0260763	0	0	0	0	0	0
FBGN0034314	8	12	10	11	13	9
FBGN0034546	0	0	0	0	0	0
FBGN0033471	71	75	52	60	85	96
FBGN0033403	0	0	0	0	0	0
FBGN0015477	220	151	164	254	382	390
FBGN0250830	111	73	86	144	138	168
FBGN0050273	0	0	2	0	0	0
FBGN0033794	0	0	0	0	0	0
FBGN0262817	0	0	0	0	0	0
FBGN0035035	7	7	4	7	8	11
FBGN0265631	0	0	0	0	0	0
FBGN0004101	87	53	64	94	166	110
FBGN0034354	161	138	101	135	223	202
FBGN0266047	0	0	0	0	0	0
FBGN0050067	0	0	0	0	0	0
FBGN0034205	0	0	0	0	0	0
FBGN0003731	756	581	418	822	1290	1222
FBGN0086408	0	3	1	0	2	6
FBGN0043533	0	0	0	0	0	0
FBGN0033901	436	339	322	501	621	695
FBGN0005631	174	128	133	218	315	256
FBGN0053558	81	61	63	114	164	167
FBGN0028836	115	104	101	169	204	161
FBGN0029092	52	41	61	64	106	86
FBGN0286782	0	0	6	1	2	1
FBGN0033413	0	6	2	4	21	26
FBGN0040660	327	266	354	310	366	429
FBGN0262966	0	0	0	0	0	0
FBGN0010241	0	0	0	0	0	0
FBGN0033062	529	357	357	443	527	480
FBGN0027504	83	93	93	153	170	178
FBGN0033988	51	34	33	121	166	146
FBGN0033154	0	0	0	0	2	1
FBGN0033502	0	0	0	0	0	0
FBGN0033268	0	6	6	0	0	0
FBGN0033313	228	166	134	450	549	460
FBGN0261580	0	0	0	0	0	0
FBGN0034938	23	27	29	49	35	39
FBGN0034452	9	2	3	3	11	7
FBGN0034379	14	6	11	4	15	18
FBGN0286873	0	0	0	0	0	0
FBGN0286876	0	0	0	0	0	0
FBGN0034518	0	0	0	0	0	0
FBGN0283509	118	80	61	133	198	172
FBGN0265185	2	0	0	0	0	1
FBGN0010434	999	719	716	1186	1563	1675
FBGN0086129	122	117	98	148	220	162
FBGN0050486	0	0	0	0	0	0
FBGN0034131	0	0	0	0	0	0
FBGN0034646	68	59	56	77	97	114
FBGN0259738	0	0	0	0	0	0
FBGN0034636	15	21	16	47	54	69
FBGN0033369	0	0	0	0	0	0
FBGN0050104	1	1	1	0	0	1
FBGN0034106	0	0	0	0	0	0
FBGN0265177	46	31	19	21	36	27
FBGN0053627	0	0	0	0	0	0
FBGN0010213	83	62	59	143	212	179
FBGN0033296	0	0	0	0	0	0
FBGN0034793	42	34	22	41	62	42
FBGN0033667	3	2	1	0	2	1
FBGN0263077	0	2	1	5	3	4
FBGN0033440	0	0	0	0	0	0
FBGN0085486	0	0	0	0	0	0
FBGN0004921	33	39	24	69	108	88
FBGN0015721	0	0	0	3	0	0
FBGN0033961	110	103	98	66	81	87
FBGN0033257	0	0	0	0	0	0
FBGN0034394	0	1	0	0	0	0
FBGN0265538	0	0	0	0	0	0
FBGN0033738	74	50	43	119	151	136
FBGN0261545	33	20	11	28	55	48
FBGN0034706	67	68	51	107	214	235
FBGN0028371	270	265	212	360	496	470
FBGN0011604	700	490	444	677	858	848
FBGN0062440	40	45	27	39	37	59
FBGN0033644	0	0	0	0	0	0
FBGN0027054	47	58	67	92	132	122
FBGN0262819	0	0	0	0	0	0
FBGN0000326	51	26	13	31	36	27
FBGN0085223	0	0	0	0	0	0
FBGN0261786	64	37	16	59	71	95
FBGN0033081	257	195	143	163	190	202
FBGN0053198	47	38	18	26	40	30
FBGN0033279	0	0	0	0	0	0
FBGN0033177	21	16	11	26	49	29
FBGN0024232	0	0	0	2	0	0
FBGN0033210	114	72	54	96	123	150
FBGN0050187	2	2	2	0	0	0
FBGN0035024	72	88	38	58	119	109
FBGN0034329	0	0	0	0	0	0
FBGN0040777	125	147	86	236	359	325
FBGN0263084	0	0	0	0	0	0
FBGN0025352	363	306	159	398	566	512
FBGN0262476	0	0	1	1	0	0
FBGN0034403	129	118	107	103	163	115
FBGN0050158	0	0	0	0	0	0
FBGN0050383	3	3	4	5	1	4
FBGN0034487	0	0	0	0	0	0
FBGN0022986	214	141	136	164	300	270
FBGN0034515	0	0	0	0	0	0
FBGN0034973	0	0	0	0	0	0
FBGN0033135	0	0	0	0	0	0
FBGN0034021	21	8	6	36	50	47
FBGN0033766	133	127	101	270	338	317
FBGN0050120	0	0	0	0	0	0
FBGN0041579	0	0	0	3	0	0
FBGN0004580	0	0	1	0	0	0
FBGN0033055	60	54	40	102	159	155
FBGN0259678	1	0	0	0	2	1
FBGN0261853	0	0	0	0	0	0
FBGN0035003	0	0	0	0	0	0
FBGN0262570	0	0	2	0	0	0
FBGN0013467	0	0	0	0	0	0
FBGN0259985	3	3	0	4	8	12
FBGN0033443	13	17	15	26	28	27
FBGN0050356	0	0	0	1	0	0
FBGN0034096	0	0	0	0	0	0
FBGN0010549	42	21	37	17	16	14
FBGN0259211	575	390	400	773	1004	896
FBGN0034577	133	158	95	136	217	202
FBGN0053964	7	7	4	7	11	15
FBGN0033484	0	0	0	0	1	0
FBGN0033970	0	0	0	0	1	0
FBGN0050083	0	0	0	0	0	0
FBGN0261854	165	148	105	244	335	404
FBGN0085408	80	63	65	134	260	160
FBGN0033351	60	53	40	77	84	72
FBGN0033789	0	0	0	2	0	3
FBGN0033785	89	61	37	97	131	101
FBGN0033905	5	0	2	1	4	2
FBGN0034844	0	0	0	0	0	0
FBGN0003091	0	1	3	3	2	3
FBGN0028561	0	0	0	0	0	0
FBGN0022027	11	15	14	15	20	22
FBGN0027495	126	123	128	158	289	334
FBGN0002567	7	9	4	14	24	6
FBGN0050392	10	3	7	18	32	20
FBGN0034545	0	0	0	0	0	0
FBGN0033724	12	8	1	6	5	1
FBGN0085425	0	0	0	0	0	0
FBGN0033886	385	355	301	374	574	558
FBGN0028424	1	2	0	0	0	1
FBGN0033168	0	0	0	0	0	0
FBGN0034351	65	38	60	53	79	75
FBGN0261596	1791	1248	605	1157	1482	1579
FBGN0034032	7	2	3	17	35	16
FBGN0034605	0	0	0	0	0	0
FBGN0046692	74	61	42	60	50	47
FBGN0250822	0	0	0	0	0	0
FBGN0020312	43	25	13	59	81	69
FBGN0005648	285	192	200	329	400	424
FBGN0050287	0	0	0	0	0	0
FBGN0010052	0	0	0	0	0	0
FBGN0063497	4	3	12	5	3	8
FBGN0034624	0	0	0	0	0	0
FBGN0259728	133	47	56	11	14	15
FBGN0033708	0	0	0	0	0	0
FBGN0033566	43	42	32	38	57	70
FBGN0003527	0	0	0	0	0	0
FBGN0263116	0	0	0	0	0	0
FBGN0035023	3	3	1	20	22	13
FBGN0041240	0	0	0	0	0	0
FBGN0263076	0	0	0	0	0	0
FBGN0033769	11	17	1	12	20	5
FBGN0035039	23	19	23	13	32	23
FBGN0033557	145	143	99	156	160	207
FBGN0033402	65	42	26	39	61	37
FBGN0033969	0	0	0	0	0	0
FBGN0033887	0	0	0	0	0	0
FBGN0034717	0	0	0	0	0	1
FBGN0034639	0	0	0	0	0	1
FBGN0042180	3	4	1	12	18	12
FBGN0029105	0	0	0	0	0	0
FBGN0034324	0	0	0	0	0	0
FBGN0053458	2	0	0	0	0	0
FBGN0034072	427	415	305	610	620	587
FBGN0033340	65	24	57	45	46	36
FBGN0034650	26	28	27	30	72	52
FBGN0034664	0	0	0	0	0	0
FBGN0259682	4	7	4	1	4	4
FBGN0005636	5	5	3	3	3	10
FBGN0259709	0	1	1	2	0	1
FBGN0039969	117	123	99	95	106	88
FBGN0033507	46	41	25	57	50	50
FBGN0263848	0	0	0	0	0	0
FBGN0050343	0	1	2	0	0	8
FBGN0033479	4	9	16	22	24	34
FBGN0040732	1	1	1	1	1	2
FBGN0015247	11	15	5	14	31	46
FBGN0034510	0	0	0	0	0	0
FBGN0010488	1006	613	605	984	1355	1251
FBGN0033792	0	0	0	0	0	0
FBGN0014870	666	465	455	431	600	616
FBGN0034479	1	1	3	0	3	0
FBGN0050285	0	2	0	0	1	0
FBGN0033391	14	5	11	21	33	34
FBGN0026136	0	0	0	0	0	0
FBGN0050172	0	0	0	0	0	0
FBGN0034060	77	81	62	94	174	139
FBGN0085426	0	0	0	0	0	0
FBGN0034908	77	62	57	54	91	81
FBGN0035021	68	42	36	51	85	78
FBGN0058191	95	81	50	82	134	120
FBGN0033222	0	0	0	0	0	0
FBGN0050418	58	34	23	56	92	117
FBGN0050461	0	0	0	0	0	0
FBGN0050476	35	21	20	19	21	24
FBGN0259210	0	0	0	0	0	0
FBGN0034364	0	0	2	0	1	0
FBGN0040736	0	0	0	0	0	0
FBGN0034602	0	0	0	0	0	0
FBGN0033032	477	376	354	506	651	482
FBGN0033875	52	74	55	110	113	142
FBGN0034439	0	0	0	0	0	16
FBGN0004795	0	0	0	0	0	0
FBGN0004362	2455	1712	1955	2368	3283	3098
FBGN0033204	0	0	2	0	0	0
FBGN0262583	0	0	0	0	0	0
FBGN0033591	0	0	0	0	0	0
FBGN0034420	67	42	26	40	90	64
FBGN0259187	0	0	0	0	0	0
FBGN0287775	269	249	166	566	729	693
FBGN0267792	4	0	2	3	4	0
FBGN0033701	0	0	0	0	0	0
FBGN0000715	0	0	0	0	0	0
FBGN0034982	90	55	46	111	145	182
FBGN0034918	24	28	14	17	42	41
FBGN0028955	0	0	0	0	2	0
FBGN0028372	0	3	2	1	5	8
FBGN0021847	31	35	24	59	88	76
FBGN0033523	22	27	9	44	84	52
FBGN0033727	0	0	0	0	0	0
FBGN0033427	48	39	45	50	76	76
FBGN0016984	422	229	184	88	139	130
FBGN0034582	0	0	0	0	0	0
FBGN0035083	53	42	25	164	258	203
FBGN0026403	0	1	1	0	0	0
FBGN0033372	16	22	5	34	32	54
FBGN0050073	0	0	0	0	0	0
FBGN0262026	0	6	6	13	18	20
FBGN0034683	0	0	0	0	0	0
FBGN0033547	5	4	1	6	10	26
FBGN0010228	1748	1046	948	628	924	683
FBGN0050075	0	0	0	0	0	0
FBGN0033307	0	0	0	0	0	0
FBGN0053998	0	0	0	0	0	0
FBGN0033998	532	410	383	654	911	870
FBGN0086358	30	18	19	32	69	52
FBGN0004400	0	0	0	0	0	0
FBGN0033629	0	0	0	0	0	0
FBGN0050076	0	0	1	0	0	0
FBGN0013771	0	0	0	0	0	3
FBGN0264330	0	0	0	0	0	0
FBGN0033490	0	0	0	0	0	0
FBGN0034854	96	80	68	121	157	130
FBGN0033726	0	0	0	0	0	0
FBGN0042198	0	0	0	0	0	0
FBGN0053147	0	0	0	0	0	0
FBGN0033723	0	0	0	0	0	0
FBGN0034743	1037	760	812	724	1073	1001
FBGN0034429	0	0	0	0	0	0
FBGN0013954	503	525	440	775	1243	1214
FBGN0026721	32	25	11	8	15	13
FBGN0034204	0	0	0	0	0	0
FBGN0001276	17	20	13	52	75	65
FBGN0033448	0	4	1	2	0	1
FBGN0033935	24	9	11	22	22	29
FBGN0021872	79	69	75	91	159	141
FBGN0260932	3	6	5	10	5	20
FBGN0034231	14	8	4	13	19	19
FBGN0085452	0	0	0	2	0	0
FBGN0260761	0	0	0	0	0	0
FBGN0033165	0	0	0	0	0	0
FBGN0010342	341	325	292	433	557	501
FBGN0259968	0	0	0	0	0	0
FBGN0028737	901	681	698	750	1212	1016
FBGN0259246	0	0	0	0	0	0
FBGN0033224	98	96	124	236	300	311
FBGN0033615	40	29	36	48	66	57
FBGN0085214	0	0	0	0	0	0
FBGN0266420	167	110	145	153	267	251
FBGN0033214	0	0	0	0	0	0
FBGN0033292	0	0	1	0	0	0
FBGN0050093	0	0	0	0	0	0
FBGN0033868	0	0	0	0	0	0
FBGN0003660	294	252	190	269	317	283
FBGN0263144	142	91	73	113	122	124
FBGN0034422	119	68	84	80	76	95
FBGN0086757	10	4	6	6	16	21
FBGN0033368	0	0	0	0	0	0
FBGN0034786	16	14	6	15	36	19
FBGN0050268	0	0	0	0	0	0
FBGN0004512	106	77	80	75	128	120
FBGN0050372	54	50	40	82	106	77
FBGN0033902	314	250	244	393	697	641
FBGN0034721	0	0	0	0	0	0
FBGN0000473	0	1	2	0	0	0
FBGN0284249	53	64	39	135	142	107
FBGN0035044	25	27	16	36	39	32
FBGN0000546	139	106	69	199	331	323
FBGN0033110	0	0	0	0	0	0
FBGN0011300	59	64	52	83	161	145
FBGN0033933	0	0	0	0	0	0
FBGN0050468	0	0	0	0	0	0
FBGN0264377	0	0	0	0	0	0
FBGN0034406	0	2	5	0	3	1
FBGN0033782	0	1	0	0	0	0
FBGN0260223	13	2	0	5	18	8
FBGN0001220	691	518	411	544	675	800
FBGN0026533	595	386	428	491	578	671
FBGN0022984	120	82	96	106	184	188
FBGN0034913	101	64	45	72	87	80
FBGN0026261	45	19	26	40	29	29
FBGN0027783	302	253	189	326	440	519
FBGN0026582	23	16	7	19	20	38
FBGN0034053	0	0	0	0	0	0
FBGN0034509	0	0	0	0	0	0
FBGN0027580	138	191	172	156	163	195
FBGN0033428	166	141	80	136	277	260
FBGN0259726	0	0	0	0	1	3
FBGN0050081	0	0	0	0	0	0
FBGN0011674	3	2	1	1	12	5
FBGN0003174	126	86	86	209	247	273
FBGN0034736	2	0	0	0	0	0
FBGN0033677	31	12	18	19	42	34
FBGN0033429	38	23	15	7	5	13
FBGN0003071	150	173	170	248	304	323
FBGN0050096	10	8	6	7	11	5
FBGN0033540	219	103	115	130	182	188
FBGN0085442	49	29	33	71	106	109
FBGN0054038	9	6	15	17	20	19
FBGN0035011	0	0	0	0	0	0
FBGN0034612	0	0	2	0	0	0
FBGN0025830	54	36	22	79	114	84
FBGN0034271	27	26	22	20	34	41
FBGN0025454	2	2	9	0	1	0
FBGN0033389	6	1	3	3	6	5
FBGN0262481	0	0	0	0	0	0
FBGN0261538	2	2	2	2	0	8
FBGN0033469	0	0	0	0	0	0
FBGN0050045	0	0	0	0	0	0
FBGN0034962	75	85	50	70	119	135
FBGN0035086	0	0	0	0	2	2
FBGN0034345	129	114	98	188	242	206
FBGN0053144	23	10	20	32	43	38
FBGN0261611	0	0	0	0	0	0
FBGN0265877	0	0	0	0	0	0
FBGN0261067	79	71	42	49	61	53
FBGN0033809	1	0	0	1	1	6
FBGN0034622	0	1	0	0	0	0
FBGN0261269	119	111	77	156	243	192
FBGN0263120	359	219	213	298	390	350
FBGN0026369	43	46	45	91	112	80
FBGN0050404	54	57	34	110	125	140
FBGN0033836	0	0	0	0	1	0
FBGN0063495	24	13	12	8	8	9
FBGN0050054	0	2	0	3	4	1
FBGN0034674	49	32	24	46	58	69
FBGN0034051	203	119	132	249	309	291
FBGN0000577	55	39	44	144	205	184
FBGN0261698	0	0	0	0	0	0
FBGN0025716	157	163	125	177	224	201
FBGN0034925	1	5	6	5	2	6
FBGN0033645	0	0	0	0	0	0
FBGN0033610	0	0	0	0	0	0
FBGN0001148	0	2	0	0	0	0
FBGN0034484	0	0	0	0	0	0
FBGN0033258	10	8	10	13	18	15
FBGN0260964	0	0	0	0	0	0
FBGN0050088	2	0	0	0	0	3
FBGN0053530	0	0	0	0	0	0
FBGN0050203	0	0	0	0	0	0
FBGN0033725	451	552	246	412	634	431
FBGN0033047	0	0	0	0	0	0
FBGN0033482	319	247	273	347	476	495
FBGN0263397	0	0	0	2	0	2
FBGN0050077	22	17	28	26	33	25
FBGN0019928	0	0	0	0	0	0
FBGN0283437	39	38	24	8	36	13
FBGN0261850	57	68	45	71	163	135
FBGN0033275	0	0	0	0	0	0
FBGN0033130	1	2	1	2	7	2
FBGN0050410	70	62	50	58	139	156
FBGN0034172	44	26	33	38	60	53
FBGN0034218	0	0	0	0	0	0
FBGN0034942	0	0	0	0	0	0
FBGN0265186	1	0	0	0	0	0
FBGN0033404	0	0	0	0	0	0
FBGN0033737	97	62	54	71	98	129
FBGN0265192	54	45	22	54	66	90
FBGN0033993	6	14	8	25	32	23
FBGN0034838	0	0	0	0	0	0
FBGN0050114	0	0	0	0	0	0
FBGN0050085	97	89	88	198	232	270
FBGN0034321	0	0	0	0	0	0
FBGN0035041	0	0	0	0	0	0
FBGN0034095	0	0	0	4	4	0
FBGN0034583	61	86	92	104	149	154
FBGN0002930	3	4	1	7	9	2
FBGN0263006	586	418	409	821	1356	1248
FBGN0033736	0	0	0	0	0	0
FBGN0034326	0	0	0	0	0	0
FBGN0053626	0	0	0	0	0	0
FBGN0033609	73	62	54	118	170	166
FBGN0034641	229	164	159	279	306	303
FBGN0033438	217	149	118	123	200	191
FBGN0034194	17	17	10	18	44	32
FBGN0260767	0	0	0	0	1	6
FBGN0004698	91	56	69	74	121	95
FBGN0033527	42	22	28	38	91	55
FBGN0033439	0	3	0	0	0	0
FBGN0034295	0	0	0	0	0	0
FBGN0259185	0	0	0	0	0	0
FBGN0034742	55	22	28	66	55	51
FBGN0034915	153	176	161	117	230	222
FBGN0262166	27	22	15	28	59	39
FBGN0085400	187	152	116	232	310	284
FBGN0266438	12	7	8	9	21	15
FBGN0263029	0	0	0	0	0	0
FBGN0024315	1	10	1	4	1	0
FBGN0034869	0	0	0	0	0	0
FBGN0034534	57	32	52	74	79	87
FBGN0085256	88	176	664	23	14	8
FBGN0033574	4	2	4	10	21	15
FBGN0033752	18	19	18	36	51	52
FBGN0022160	10	12	4	20	18	15
FBGN0016687	285	204	170	316	502	428
FBGN0045063	67	54	57	107	126	109
FBGN0085245	0	0	0	0	0	0
FBGN0034292	0	0	0	0	0	0
FBGN0085473	0	0	0	0	0	0
FBGN0033232	60	51	52	42	63	54
FBGN0034210	23	13	6	24	27	39
FBGN0010660	490	376	307	452	659	569
FBGN0033813	4	8	4	9	17	16
FBGN0034186	41	50	33	58	65	75
FBGN0003082	28	32	23	29	32	26
FBGN0033692	16	7	17	15	20	22
FBGN0053988	0	0	0	0	0	0
FBGN0034827	0	0	0	0	0	0
FBGN0050183	32	16	18	45	71	73
FBGN0053544	0	0	0	0	0	0
FBGN0034264	30	29	38	49	70	58
FBGN0034606	66	45	58	73	120	89
FBGN0015582	22	9	13	28	31	43
FBGN0263998	264	279	239	341	457	489
FBGN0027079	452	320	311	402	541	678
FBGN0283521	544	404	343	589	899	775
FBGN0053348	0	0	0	0	0	0
FBGN0085436	454	409	373	842	1101	1120
FBGN0028560	0	0	0	0	0	0
FBGN0033031	0	0	0	0	0	0
FBGN0034861	4	2	2	0	5	3
FBGN0260392	1	1	1	6	11	2
FBGN0263271	0	0	0	0	0	0
FBGN0050438	5	1	6	1	4	1
FBGN0033358	0	0	0	0	0	0
FBGN0050485	0	0	0	0	0	0
FBGN0263021	0	0	0	0	0	0
FBGN0011763	231	216	200	289	368	373
FBGN0000079	0	0	0	0	0	0
FBGN0026722	53	81	49	81	111	91
FBGN0033086	7	4	1	2	6	5
FBGN0013307	0	1	0	0	6	0
FBGN0014028	106	125	94	103	199	167
FBGN0033134	0	1	0	0	1	0
FBGN0034427	0	0	0	0	0	0
FBGN0033761	32	29	21	57	79	54
FBGN0004133	38	50	36	77	119	96
FBGN0034784	0	0	0	0	0	0
FBGN0000241	0	0	1	0	0	0
FBGN0033863	0	0	0	0	0	0
FBGN0033302	6	1	1	0	0	0
FBGN0022985	43	41	52	63	101	67
FBGN0034400	110	68	82	104	173	178
FBGN0034822	0	0	0	0	0	0
FBGN0033074	0	0	0	0	0	0
FBGN0033124	0	0	0	0	0	0
FBGN0033344	0	0	0	0	0	0
FBGN0040674	0	0	0	0	0	0
FBGN0033889	121	113	95	169	300	323
FBGN0014269	77	67	31	108	128	122
FBGN0034707	75	63	32	78	109	114
FBGN0026427	168	143	142	256	330	290
FBGN0035047	31	11	12	17	19	23
FBGN0034502	0	0	0	0	0	0
FBGN0284235	12	1	6	11	12	4
FBGN0003090	91	48	63	92	153	130
FBGN0265011	47	39	30	162	278	207
FBGN0287825	52	56	50	96	125	127
FBGN0040294	110	70	42	93	116	145
FBGN0033903	1	1	0	0	0	1
FBGN0033405	0	0	0	0	0	2
FBGN0033149	0	0	0	0	0	0
FBGN0024249	0	0	1	1	1	0
FBGN0085453	1	4	1	4	2	1
FBGN0034985	71	43	56	151	259	232
FBGN0033705	0	0	0	0	0	0
FBGN0053752	0	0	0	0	0	0
FBGN0034921	155	111	129	81	120	148
FBGN0020521	556	383	299	859	1270	1080
FBGN0027513	18	10	30	27	52	58
FBGN0027506	64	58	42	41	105	108
FBGN0034538	0	0	1	0	3	0
FBGN0263121	0	0	0	0	0	0
FBGN0086604	0	0	0	0	0	0
FBGN0052843	5	4	2	5	11	13
FBGN0033912	1045	886	770	1111	1411	1268
FBGN0034924	0	0	0	0	0	0
FBGN0016053	0	0	0	0	0	0
FBGN0050000	101	90	58	81	118	111
FBGN0033133	5	6	6	1	3	2
FBGN0033635	15	17	10	8	13	1
FBGN0026309	83	83	68	180	226	274
FBGN0034085	3	0	0	0	0	1
FBGN0033672	25	23	21	39	64	60
FBGN0050181	0	0	0	0	0	0
FBGN0033475	72	45	39	62	79	84
FBGN0033100	88	29	55	69	85	123
FBGN0034820	0	0	0	0	0	0
FBGN0267824	84	57	54	102	178	177
FBGN0040513	35	21	16	22	41	34
FBGN0033911	0	0	2	0	1	0
FBGN0085397	166	130	144	341	412	406
FBGN0033400	55	50	43	68	88	71
FBGN0262124	163	138	91	167	193	226
FBGN0063491	0	0	6	0	0	0
FBGN0041242	0	0	0	0	0	0
FBGN0005614	0	0	0	0	0	0
FBGN0050033	0	0	0	0	0	0
FBGN0050197	5	6	0	5	4	1
FBGN0033504	5	10	9	18	11	8
FBGN0054054	0	0	0	0	0	0
FBGN0033683	3	13	9	10	20	16
FBGN0050125	0	0	0	0	0	0
FBGN0013348	0	0	0	0	0	0
FBGN0050366	0	0	0	0	0	0
FBGN0040743	0	0	0	0	0	0
FBGN0002533	3	23	51	16	7	11
FBGN0050373	34	32	35	36	37	30
FBGN0034094	1	7	3	4	8	3
FBGN0284257	47	33	27	64	77	58
FBGN0033460	130	122	124	226	302	329
FBGN0263980	0	0	0	0	0	0
FBGN0085259	0	0	0	0	0	0
FBGN0050291	85	80	51	91	124	138
FBGN0028579	27	13	4	40	44	28
FBGN0053182	70	43	28	61	87	58
FBGN0019938	283	216	181	357	378	413
FBGN0050488	0	0	0	0	0	0
FBGN0037084	2	0	2	4	4	8
FBGN0034904	0	0	0	0	0	0
FBGN0034258	985	879	658	1415	2109	2238
FBGN0034789	0	0	0	0	0	0
FBGN0050035	5	6	6	3	5	3
FBGN0033521	0	0	0	1	0	0
FBGN0003044	113	82	46	150	219	192
FBGN0050148	3	0	0	1	1	1
FBGN0033017	111	84	44	170	130	128
FBGN0260401	30	28	18	34	50	34
FBGN0033501	0	0	0	1	0	0
FBGN0050052	0	0	0	0	0	0
FBGN0261387	431	187	187	215	222	236
FBGN0050048	0	0	0	0	0	0
FBGN0263000	0	0	0	0	0	0
FBGN0035069	0	0	0	0	0	0
FBGN0033159	207	156	161	318	422	357
FBGN0033844	109	84	80	88	128	106
FBGN0033196	0	0	0	2	0	0
FBGN0261385	352	328	344	564	730	640
FBGN0063494	31	42	54	0	2	1
FBGN0287774	110	94	68	103	139	160
FBGN0042173	0	0	0	0	0	0
FBGN0033812	50	48	42	77	104	90
FBGN0016131	48	25	36	102	160	142
FBGN0003545	66	93	74	126	165	201
FBGN0033916	61	31	39	34	52	67
FBGN0033388	0	0	0	0	0	3
FBGN0011660	55	37	19	50	57	61
FBGN0025469	13	1	8	7	13	13
FBGN0050350	0	0	0	0	0	0
FBGN0027596	35	34	31	60	95	109
FBGN0010278	778	480	541	493	576	643
FBGN0034390	78	68	64	130	162	158
FBGN0033054	0	0	0	1	0	0
FBGN0010114	0	0	3	0	0	0
FBGN0033873	0	0	0	0	0	0
FBGN0034808	3	4	1	11	9	7
FBGN0033243	0	0	0	0	0	0
FBGN0261673	16	15	2	13	21	16
FBGN0034667	0	0	0	0	0	0
FBGN0033891	15	19	6	7	19	16
FBGN0033690	5	1	3	7	13	9
FBGN0085263	0	0	0	0	0	0
FBGN0013772	0	1	0	0	0	0
FBGN0265191	105	97	98	102	153	159
FBGN0023441	94	100	68	112	196	215
FBGN0013325	1786	1530	1184	1150	1626	1708
FBGN0034488	229	152	131	268	355	352
FBGN0003256	42	40	28	68	78	62
FBGN0262739	429	308	201	425	692	595
FBGN0053519	3	7	7	0	4	0
FBGN0034997	58	46	44	62	99	106
FBGN0013548	65	39	31	65	112	111
FBGN0050278	0	0	0	0	0	0
FBGN0011236	36	35	23	44	62	75
FBGN0033653	23	25	9	32	42	38
FBGN0033778	0	0	0	0	0	0
FBGN0034728	121	92	73	110	122	147
FBGN0033787	0	0	1	1	0	1
FBGN0050094	14	9	12	1	15	6
FBGN0034462	133	108	100	150	198	152
FBGN0053527	0	0	0	0	0	0
FBGN0034225	0	12	1	0	1	1
FBGN0050359	18	9	24	19	22	14
FBGN0263102	377	259	287	519	704	714
FBGN0033317	229	182	179	175	188	209
FBGN0033304	0	0	0	1	1	1
FBGN0033185	35	49	23	69	69	61
FBGN0013732	35	33	21	80	117	102
FBGN0034537	145	103	104	93	164	144
FBGN0015949	134	90	94	214	312	282
FBGN0050375	0	0	0	0	0	0
FBGN0262820	0	0	0	0	0	0
FBGN0283480	0	0	0	0	0	0
FBGN0034907	0	0	0	0	0	0
FBGN0027548	404	334	253	410	615	629
FBGN0034113	70	57	48	49	53	88
FBGN0259729	0	0	0	0	0	0
FBGN0033784	2	2	6	9	13	12
FBGN0261439	279	211	176	316	484	579
FBGN0020506	0	0	1	0	0	0
FBGN0033601	0	0	0	0	0	0
FBGN0033132	0	0	0	0	0	0
FBGN0034530	9	6	3	17	14	6
FBGN0034803	2	2	2	0	6	5
FBGN0022740	0	0	0	0	0	0
FBGN0053476	0	0	0	0	0	0
FBGN0053757	0	0	0	0	0	0
FBGN0034490	0	2	1	2	2	1
FBGN0260798	320	177	167	139	158	139
FBGN0028497	37	19	25	51	73	56
FBGN0034288	0	0	0	18	10	568
FBGN0033733	0	0	0	0	0	0
FBGN0053506	72	60	45	70	85	98
FBGN0034069	0	0	0	0	0	0
FBGN0034552	0	0	0	0	0	0
FBGN0026602	8	2	3	6	13	7
FBGN0033316	82	48	47	66	98	79
FBGN0034010	8	4	6	13	6	0
FBGN0022960	108	83	49	125	188	192
FBGN0003353	1	7	7	13	12	6
FBGN0286784	2165	1714	1458	1662	2483	2480
FBGN0034243	279	256	218	241	326	364
FBGN0286813	303	169	148	220	328	336
FBGN0027525	150	121	108	103	163	145
FBGN0035004	0	0	0	0	0	0
FBGN0033594	0	0	0	0	0	0
FBGN0026393	0	0	0	0	0	0
FBGN0034054	26	23	18	19	21	34
FBGN0034576	39	34	30	37	52	61
FBGN0033041	0	0	0	0	0	0
FBGN0033229	15	11	7	13	23	12
FBGN0040502	0	0	0	0	0	0
FBGN0085390	0	0	1	0	0	0
FBGN0284246	153	87	81	96	127	142
FBGN0050005	6	3	0	9	5	3
FBGN0033654	6	2	1	10	8	12
FBGN0034249	84	71	64	104	162	174
FBGN0025334	0	0	0	0	0	0
FBGN0263113	0	0	0	0	1	0
FBGN0033729	0	0	14	0	0	0
FBGN0027585	132	110	102	177	231	207
FBGN0050108	2	1	5	7	6	14
FBGN0035046	10	37	17	50	66	59
FBGN0034435	0	0	0	0	0	0
FBGN0053200	2	0	0	0	0	0
FBGN0275436	12	15	17	20	28	37
FBGN0034433	101	39	77	91	134	123
FBGN0010316	61	48	21	68	90	100
FBGN0261041	0	0	1	0	0	0
FBGN0033582	0	0	0	0	0	0
FBGN0033277	0	0	0	0	0	0
FBGN0023477	268	260	247	289	413	400
FBGN0262807	0	0	0	0	0	0
FBGN0034290	5	1	4	4	3	0
FBGN0033350	49	27	28	36	53	58
FBGN0033983	2	0	1	0	0	0
FBGN0035070	0	0	0	0	0	0
FBGN0034248	32	28	11	12	18	14
FBGN0011296	5	21	120	2	3	1
FBGN0260959	57	34	41	73	93	66
FBGN0033985	0	0	0	0	0	0
FBGN0034662	0	0	0	0	0	0
FBGN0002534	1	6	88	16	3	18
FBGN0263999	0	0	0	0	0	0
FBGN0034659	1	0	0	1	2	0
FBGN0053145	9	7	4	15	9	22
FBGN0028669	0	0	0	0	0	0
FBGN0034880	2	1	1	0	3	0
FBGN0034423	0	0	0	0	0	0
FBGN0033973	5	15	1	21	25	29
FBGN0003391	1029	843	667	1756	2433	2318
FBGN0026378	54	40	31	65	75	62
FBGN0001091	525	499	444	483	685	772
FBGN0033872	0	0	0	0	1	0
FBGN0288232	0	0	0	0	0	0
FBGN0034481	0	0	0	0	0	0
FBGN0050325	0	0	0	0	0	0
FBGN0033366	3	2	5	0	0	3
FBGN0265762	0	0	0	0	0	0
FBGN0025578	1	0	18	4	0	0
FBGN0033079	0	0	0	0	1	0
FBGN0033129	1	0	0	0	0	0
FBGN0016641	8	11	3	12	25	21
FBGN0034816	9	6	6	6	5	10
FBGN0015872	17	19	19	22	25	36
FBGN0034783	0	0	4	0	0	0
FBGN0033216	0	0	0	0	0	0
FBGN0264560	129	93	82	137	196	248
FBGN0026754	0	0	0	0	0	0
FBGN0034842	0	0	0	0	0	0
FBGN0061198	70	38	39	78	87	97
FBGN0034313	104	92	68	95	188	162
FBGN0001319	16	13	17	28	48	46
FBGN0033650	0	0	0	0	0	0
FBGN0033453	32	30	9	28	33	45
FBGN0035057	16	11	14	18	37	26
FBGN0035032	137	154	106	275	428	380
FBGN0034928	1	0	2	8	6	4
FBGN0034989	71	54	52	94	121	103
FBGN0041233	0	0	0	0	0	0
FBGN0034703	47	34	38	49	56	63
FBGN0033948	11	2	2	8	10	6
FBGN0054005	0	0	0	0	0	0
FBGN0033212	164	159	111	178	279	287
FBGN0033067	0	0	0	0	0	0
FBGN0086519	0	0	1	0	0	0
FBGN0050379	0	0	0	0	0	0
FBGN0033373	2	1	3	5	9	7
FBGN0262116	99	94	82	181	153	172
FBGN0033128	0	0	0	0	0	0
FBGN0050042	0	0	1	0	0	0
FBGN0000008	26	31	20	29	47	58
FBGN0034142	288	201	173	418	623	576
FBGN0033931	0	0	0	0	0	0
FBGN0033649	13	7	4	7	18	9
FBGN0033072	0	0	0	0	0	0
FBGN0034788	0	0	0	0	0	0
FBGN0261397	64	42	29	73	77	76
FBGN0034688	27	21	16	34	33	27
FBGN0034099	0	0	0	0	0	0
FBGN0033169	85	83	55	76	130	114
FBGN0000581	162	85	105	107	181	123
FBGN0035077	0	0	0	0	0	0
FBGN0085248	0	0	0	0	0	0
FBGN0003274	2687	1579	1470	1029	1382	1537
FBGN0034859	42	48	44	47	65	54
FBGN0033685	0	0	0	0	0	0
FBGN0033593	3	4	9	1	0	0
FBGN0034477	0	0	0	0	0	0
FBGN0034958	21	18	10	26	29	23
FBGN0033167	0	0	0	0	0	0
FBGN0050484	0	0	0	0	0	0
FBGN0033020	0	0	0	0	0	0
FBGN0259238	56	35	56	66	67	61
FBGN0034143	8	16	6	4	9	8
FBGN0086677	0	0	0	0	0	0
FBGN0264298	0	0	0	0	0	0
FBGN0028563	88	59	30	99	124	130
FBGN0262515	93	60	62	114	242	199
FBGN0266439	0	0	0	0	0	0
FBGN0033584	3	1	1	6	5	2
FBGN0033015	99	68	44	113	146	124
FBGN0034634	8	3	1	4	8	13
FBGN0040091	25	26	25	21	37	35
FBGN0034572	99	101	67	88	172	135
FBGN0040751	16	3	3	9	5	7
FBGN0043792	6	1	1	7	2	3
FBGN0003009	0	0	0	0	0	0
FBGN0262567	0	0	0	0	0	0
FBGN0034138	1558	1082	1257	1083	1404	1375
FBGN0034521	4	4	4	14	8	10
FBGN0010423	0	1	11	0	0	0
FBGN0033442	0	0	0	0	0	0
FBGN0024196	71	61	53	54	79	98
FBGN0085220	48	53	34	90	103	100
FBGN0033680	0	0	0	0	0	0
FBGN0085415	0	0	0	0	0	0
FBGN0033431	20	23	30	22	22	24
FBGN0011286	0	0	2	1	0	0
FBGN0034819	4	4	7	0	0	0
FBGN0262824	0	0	0	0	0	0
FBGN0267728	24	40	16	35	63	53
FBGN0033166	28	2	19	36	45	72
FBGN0000181	1105	999	859	631	1049	1076
FBGN0263391	807	653	527	696	972	1028
FBGN0011589	0	0	0	0	0	0
FBGN0034007	0	0	0	0	0	0
FBGN0026361	48	34	32	22	51	51
FBGN0053469	0	0	0	2	0	0
FBGN0034939	124	83	92	128	162	145
FBGN0034237	1015	788	621	1229	1701	1624
FBGN0265174	11	2	0	3	7	19
FBGN0265045	13	8	7	17	12	16
FBGN0034865	0	0	0	0	0	0
FBGN0020372	0	1	0	2	0	0
FBGN0034578	8	6	16	5	7	7
FBGN0002787	664	452	418	386	582	513
FBGN0050296	0	0	0	0	0	0
FBGN0034590	104	89	97	118	206	162
FBGN0085219	0	0	0	0	0	0
FBGN0033447	0	0	0	0	0	0
FBGN0041087	3	0	1	8	9	3
FBGN0040735	0	0	0	0	0	0
FBGN0033541	0	0	0	18	10	991
FBGN0034569	110	56	53	75	88	60
FBGN0033721	0	0	0	0	0	0
FBGN0002531	46	208	490	39	21	33
FBGN0023171	38	26	25	18	41	29
FBGN0034411	0	2	0	0	1	0
FBGN0261501	0	0	0	0	0	0
FBGN0024234	204	171	134	371	550	513
FBGN0029006	94	71	77	143	173	156
FBGN0033434	139	124	86	136	159	202
FBGN0033971	7	11	15	13	24	33
FBGN0034975	237	170	127	217	351	294
FBGN0011726	1883	1352	1295	1127	1478	1419
FBGN0033934	9	2	1	10	18	22
FBGN0033949	6	4	1	6	6	6
FBGN0288447	0	0	0	0	0	0
FBGN0033494	0	0	0	0	0	0
FBGN0034529	40	50	30	35	50	43
FBGN0033732	0	0	0	0	0	0
FBGN0033955	0	0	0	0	0	0
FBGN0033095	12	8	10	15	39	13
FBGN0014020	550	417	309	389	526	476
FBGN0053475	0	0	0	0	0	0
FBGN0028741	55	47	32	42	62	59
FBGN0028991	19	8	3	11	26	18
FBGN0033819	0	0	0	0	0	0
FBGN0020306	278	210	285	409	561	524
FBGN0034523	62	41	35	55	70	65
FBGN0085341	0	0	0	0	0	0
FBGN0034716	0	0	0	0	0	0
FBGN0261807	0	0	0	0	0	0
FBGN0050087	0	0	0	0	0	0
FBGN0033117	66	49	31	54	67	62
FBGN0261292	0	0	0	0	0	0
FBGN0034759	0	0	0	0	0	0
FBGN0085487	0	0	0	0	0	0
FBGN0005624	129	83	98	163	248	231
FBGN0033572	0	0	0	0	0	0
FBGN0034592	0	0	0	0	0	0
FBGN0050431	1	0	0	0	0	0
FBGN0033693	20	2	2	14	7	8
FBGN0025360	3	4	5	6	22	6
FBGN0034151	0	0	0	0	0	0
FBGN0002736	96	101	108	176	318	273
FBGN0033423	0	0	0	2	0	0
FBGN0040092	0	0	0	0	0	0
FBGN0050394	21	11	5	40	54	49
FBGN0027788	0	1	0	0	0	2
FBGN0034315	134	102	84	126	171	184
FBGN0002715	28	17	32	24	21	39
FBGN0033830	0	0	0	0	0	0
FBGN0033474	74	38	42	90	120	109
FBGN0061362	12	1	5	9	12	7
FBGN0022238	42	35	34	89	100	66
FBGN0085254	0	0	0	0	0	0
FBGN0033589	0	0	0	0	0	0
FBGN0050502	0	0	0	0	0	0
FBGN0033287	0	0	0	0	0	0
FBGN0263780	22	9	6	7	11	6
FBGN0034467	0	0	0	0	0	0
FBGN0033864	0	0	0	0	0	0
FBGN0033459	11	13	11	12	9	15
FBGN0033247	64	90	55	65	122	155
FBGN0053774	14	22	20	42	56	50
FBGN0265577	0	0	0	0	1	0
FBGN0262568	0	0	0	0	0	0
FBGN0033379	162	137	124	192	275	292
FBGN0054045	0	0	0	0	0	0
FBGN0034901	5	5	0	2	0	0
FBGN0034495	28	19	21	37	32	30
FBGN0013272	2598	2088	1886	3718	4875	4828
FBGN0263742	0	0	0	0	0	0
FBGN0286070	67	32	33	78	112	86
FBGN0085472	0	0	0	0	0	0
FBGN0035050	0	0	0	0	0	0
FBGN0033273	14	11	14	41	41	42
FBGN0050105	7	10	5	16	27	14
FBGN0034598	299	216	184	209	346	294
FBGN0034397	0	0	0	0	0	0
FBGN0034491	26	35	15	66	72	75
FBGN0250838	79	122	85	191	269	269
FBGN0034564	62	63	57	67	116	102
FBGN0010551	637	473	472	527	819	785
FBGN0034588	0	0	2	0	0	0
FBGN0035094	1	0	0	0	0	2
FBGN0034401	236	200	176	310	398	370
FBGN0261862	133	86	83	169	221	231
FBGN0050163	0	0	0	0	0	0
FBGN0033777	12	9	23	35	42	45
FBGN0265373	0	0	0	0	0	0
FBGN0026761	88	82	57	116	148	162
FBGN0265137	24	24	24	44	84	94
FBGN0013725	1	2	0	3	4	2
FBGN0034761	4	2	9	1	1	1
FBGN0034943	0	0	0	0	0	1
FBGN0025573	0	0	0	0	0	0
FBGN0034729	2	0	1	1	2	5
FBGN0034512	0	0	6	2	0	3
FBGN0034494	12	15	12	31	29	37
FBGN0034009	13	10	11	18	31	21
FBGN0050430	0	0	0	0	0	0
FBGN0015929	355	353	249	507	690	760
FBGN0050489	0	0	0	0	0	0
FBGN0034956	8	11	5	6	30	32
FBGN0013756	928	725	624	1311	1651	1570
FBGN0085225	0	0	0	0	0	0
FBGN0033978	0	0	1	0	0	0
FBGN0086350	4	10	9	10	9	7
FBGN0033816	43	57	50	64	80	106
FBGN0023181	43	37	11	44	49	55
FBGN0010414	4	1	0	0	0	1
FBGN0034666	0	0	0	0	0	0
FBGN0259966	0	0	0	0	0	0
FBGN0050464	0	0	0	0	0	0
FBGN0034792	182	104	102	159	222	222
FBGN0050095	0	0	0	0	0	0
FBGN0033401	61	43	37	96	115	100
FBGN0020620	43	31	22	54	80	63
FBGN0053138	123	114	65	159	284	245
FBGN0034846	0	0	0	0	0	0
FBGN0033312	0	0	0	0	0	0
FBGN0033706	0	0	0	0	0	0
FBGN0264299	0	0	0	0	0	0
FBGN0034430	59	45	44	57	51	64
FBGN0015925	67	65	49	96	107	119
FBGN0046879	0	0	0	0	0	0
FBGN0263510	226	204	158	194	332	328
FBGN0013435	43	37	22	44	50	40
FBGN0033757	51	25	17	45	37	53
FBGN0033065	0	0	0	0	0	0
FBGN0284237	1	1	0	0	0	1
FBGN0045483	0	0	0	0	0	0
FBGN0034486	0	0	0	0	0	0
FBGN0034177	20	14	10	17	27	43
FBGN0015001	0	0	0	0	0	0
FBGN0266486	0	0	0	0	0	1
FBGN0266708	0	0	0	0	0	0
FBGN0016684	0	0	0	0	0	0
FBGN0286511	20	7	14	29	29	39
FBGN0033741	370	283	263	394	480	416
FBGN0050284	0	0	0	0	0	0
FBGN0033058	0	0	0	0	0	0
FBGN0041585	10	7	13	37	57	23
FBGN0028552	37	51	55	53	67	63
FBGN0034426	0	0	0	0	0	0
FBGN0284243	6492	5795	4433	8466	14498	13855
FBGN0050414	1	0	0	1	0	1
FBGN0034497	0	0	1	0	0	2
FBGN0034651	0	0	0	0	0	0
FBGN0043010	7	3	1	4	17	9
FBGN0029079	296	218	210	249	227	240
FBGN0002716	0	0	0	0	0	0
FBGN0034833	0	0	0	0	0	0
FBGN0053461	0	0	0	0	0	0
FBGN0034416	0	0	0	1	0	0
FBGN0261403	185	140	113	305	315	382
FBGN0034693	6	12	11	25	21	15
FBGN0053704	0	0	0	0	0	0
FBGN0050100	5	2	5	4	7	2
FBGN0034996	0	0	0	0	0	0
FBGN0053017	0	0	0	0	0	0
FBGN0259184	0	0	0	0	0	0
FBGN0050289	0	1	0	0	0	0
FBGN0011211	1119	1104	934	1856	2896	3052
FBGN0033598	0	0	0	1	0	2
FBGN0034162	12	3	10	5	5	8
FBGN0086655	151	78	96	225	291	284
FBGN0286778	25	38	24	32	43	48
FBGN0085398	0	0	0	0	0	0
FBGN0034091	26	8	10	44	70	38
FBGN0260934	333	242	253	324	464	476
FBGN0262478	0	0	0	0	0	0
FBGN0035042	0	0	0	0	0	0
FBGN0034965	3	0	0	0	2	0
FBGN0034156	0	0	0	0	0	0
FBGN0033551	17	18	13	54	80	88
FBGN0261614	0	0	0	0	0	0
FBGN0033518	0	1	0	1	1	3
FBGN0034986	96	90	63	62	85	77
FBGN0085232	0	0	0	0	0	0
FBGN0034011	2	0	2	2	1	0
FBGN0011555	0	0	0	0	0	0
FBGN0086898	16	21	13	20	29	25
FBGN0035005	0	0	0	0	0	0
FBGN0033529	90	64	63	202	241	246
FBGN0003175	124	96	71	106	185	138
FBGN0033539	47	41	29	113	139	168
FBGN0002570	0	0	0	0	0	0
FBGN0027836	46	37	33	74	111	114
FBGN0026741	18	22	10	25	22	23
FBGN0053958	0	0	0	0	0	0
FBGN0262790	0	0	0	0	0	0
FBGN0034381	0	0	0	0	0	0
FBGN0035076	8	4	6	6	2	0
FBGN0034951	2	5	3	11	4	6
FBGN0035010	0	0	0	0	0	0
FBGN0034829	0	0	0	0	0	0
FBGN0020440	54	39	22	73	74	77
FBGN0022700	0	0	0	0	0	1
FBGN0033164	0	0	0	0	0	0
FBGN0015614	28	23	38	28	73	31
FBGN0002535	6	67	690	24	17	28
FBGN0034076	0	0	1	0	0	0
FBGN0034047	0	0	0	0	0	0
FBGN0033371	0	0	0	0	0	0
FBGN0034897	0	2	0	0	4	0
FBGN0013773	0	0	0	0	0	0
FBGN0265487	110	86	95	195	264	283
FBGN0034082	0	0	0	0	0	0
FBGN0033019	40	45	50	67	48	35
FBGN0034863	0	0	0	0	0	0
FBGN0003742	17	14	10	22	43	22
FBGN0265835	0	0	0	0	0	0
FBGN0034476	271	232	191	448	625	557
FBGN0033285	0	0	0	0	0	0
FBGN0083951	0	4	0	0	0	0
FBGN0010622	85	57	72	82	79	71
FBGN0050195	3	1	1	0	1	0
FBGN0286203	64	64	40	123	154	129
FBGN0034027	14	13	7	14	31	16
FBGN0033048	0	1	0	0	0	0
FBGN0034383	0	0	0	0	0	0
FBGN0034000	22	27	17	27	32	24
FBGN0000606	0	0	0	0	0	0
FBGN0015754	188	138	123	224	277	270
FBGN0033454	116	117	92	156	268	262
FBGN0034970	32	47	33	56	92	69
FBGN0263760	0	0	0	0	0	0
FBGN0264714	0	0	0	0	0	0
FBGN0050393	0	0	0	0	0	0
FBGN0050466	8	14	5	4	13	4
FBGN0000289	258	166	143	344	492	471
FBGN0028740	0	0	0	0	0	0
FBGN0053758	0	0	0	0	0	0
FBGN0003114	0	0	0	0	0	0
FBGN0033581	294	204	212	241	358	368
FBGN0287864	160	83	100	248	362	324
FBGN0034655	0	0	0	0	0	0
FBGN0050050	0	0	0	0	0	0
FBGN0050115	49	30	32	44	86	72
FBGN0034230	6	5	8	11	32	18
FBGN0262961	0	0	0	0	0	0
FBGN0260768	2	0	1	1	1	1
FBGN0034129	0	0	0	0	0	0
FBGN0034251	0	0	0	0	6	0
FBGN0050275	0	0	0	0	0	0
FBGN0050429	0	0	0	0	0	0
FBGN0034215	44	39	36	76	79	73
FBGN0287213	0	0	0	0	0	0
FBGN0034398	132	103	108	331	492	354
FBGN0034245	33	33	54	59	44	69
FBGN0261794	13	6	6	9	17	15
FBGN0034087	439	350	283	504	722	736
FBGN0262881	0	0	1	3	3	3
FBGN0063492	4	2	4	3	2	3
FBGN0033348	56	46	33	93	76	95
FBGN0033208	23	28	24	26	44	38
FBGN0034766	1	0	0	0	0	0
FBGN0010548	178	166	127	228	264	304
FBGN0027835	1821	1428	1154	1702	2445	2364
FBGN0085260	4	6	1	3	5	2
FBGN0003254	0	0	0	0	0	0
FBGN0025832	77	67	71	68	136	145
FBGN0264753	0	0	0	0	0	0
FBGN0050491	24	15	19	6	21	24
FBGN0034284	0	0	0	0	0	0
FBGN0259483	36	25	29	27	91	58
FBGN0033808	10	10	6	4	16	5
FBGN0033773	0	0	0	0	0	0
FBGN0050295	4	4	4	6	19	12
FBGN0034643	67	42	44	99	112	143
FBGN0033953	0	0	0	0	0	0
FBGN0034128	0	0	0	0	0	0
FBGN0033092	37	40	35	39	76	62
FBGN0034446	0	0	0	0	0	0
FBGN0050026	0	0	0	0	0	0
FBGN0046706	151	135	97	114	152	123
FBGN0266518	71	59	56	88	132	140
FBGN0262117	144	156	122	133	148	151
FBGN0086712	58	59	55	78	108	101
FBGN0085217	0	0	0	0	0	0
FBGN0004896	0	0	0	0	0	0
FBGN0050440	101	138	99	163	201	170
FBGN0034456	0	0	0	0	0	0
FBGN0033498	0	0	0	0	0	0
FBGN0035012	0	0	0	0	0	0
FBGN0033061	0	0	0	0	0	0
FBGN0063493	0	2	1	3	0	0
FBGN0034269	21	12	16	13	33	23
FBGN0033192	0	0	0	0	0	0
FBGN0034443	36	29	29	40	30	25
FBGN0033936	3	6	1	0	3	0
FBGN0050091	0	1	2	0	0	0
FBGN0034601	0	0	0	0	0	0
FBGN0285892	49	43	47	64	51	61
FBGN0034595	0	0	0	0	0	0
FBGN0264297	0	0	0	0	0	0
FBGN0027590	61	74	64	163	288	209
FBGN0050390	57	32	28	51	36	47
FBGN0265193	0	1	10	6	16	6
FBGN0050416	0	0	0	0	0	0
FBGN0034187	0	0	0	0	0	0
FBGN0033928	5	3	7	6	14	3
FBGN0050460	3	6	5	4	18	13
FBGN0034350	4	8	4	10	19	22
FBGN0033762	22	13	28	45	45	56
FBGN0287632	0	0	0	0	0	0
FBGN0050324	0	0	0	0	0	0
FBGN0021895	92	44	25	43	55	32
FBGN0050196	0	0	9	0	1	0
FBGN0050184	0	0	0	0	0	0
FBGN0053477	0	0	0	0	0	0
FBGN0264339	0	0	0	0	0	0
FBGN0050074	0	0	0	0	0	0
FBGN0034658	0	0	0	0	0	0
FBGN0010397	49	38	42	101	158	122
FBGN0033588	0	0	0	0	0	0
FBGN0283510	181	147	142	209	386	342
FBGN0027538	0	2	1	1	1	6
FBGN0033856	0	0	0	0	0	0
FBGN0050458	0	1	0	1	4	0
FBGN0010415	824	528	521	600	792	688
FBGN0034734	204	147	128	203	268	278
FBGN0027561	31	14	26	20	54	41
FBGN0050487	0	0	0	0	0	0
FBGN0034140	2	12	13	4	9	6
FBGN0034312	19	30	29	9	23	19
FBGN0261564	21	10	15	44	47	36
FBGN0034826	0	0	0	0	0	0
FBGN0034030	5	6	2	7	13	13
FBGN0034104	0	0	0	0	0	0
FBGN0034318	0	0	0	0	0	0
FBGN0050036	0	0	0	0	0	0
FBGN0034310	174	138	103	223	255	307
FBGN0034804	1	1	0	4	2	3
FBGN0050345	12	4	1	1	0	0
FBGN0033093	3	1	2	0	0	3
FBGN0023214	5	3	1	6	14	19
FBGN0033330	0	0	0	0	0	0
FBGN0010411	1426	1053	931	1270	2023	1872
FBGN0034437	0	0	2	0	0	0
FBGN0027599	49	38	41	53	60	52
FBGN0033308	0	0	0	0	0	0
FBGN0250842	0	0	0	0	0	0
FBGN0040737	0	0	0	0	0	1
FBGN0040093	0	0	0	0	0	0
FBGN0033951	60	61	45	54	135	91
FBGN0034120	0	0	0	0	0	0
FBGN0014877	48	33	46	50	80	82
FBGN0034361	41	20	11	18	33	42
FBGN0265974	110	86	47	57	70	63
FBGN0034990	0	0	0	0	0	0
FBGN0033195	5	3	0	5	7	6
FBGN0035078	0	0	0	0	0	0
FBGN0027572	30	18	28	91	110	64
FBGN0033999	0	0	0	0	0	0
FBGN0034660	0	0	0	0	0	0
FBGN0033859	176	110	95	129	143	182
FBGN0024754	71	60	37	113	186	170
FBGN0053914	0	0	0	0	0	0
FBGN0259745	22	21	18	49	59	66
FBGN0034503	70	47	54	91	134	132
FBGN0034153	0	0	0	0	0	0
FBGN0265834	0	0	0	0	0	0
FBGN0034850	0	0	0	0	0	0
FBGN0086676	174	158	106	197	294	249
FBGN0034824	0	0	0	0	0	0
FBGN0083977	0	0	0	3	0	0
FBGN0034505	0	0	0	0	0	0
FBGN0034708	272	210	178	282	449	402
FBGN0019968	200	151	99	270	359	337
FBGN0034201	0	0	0	0	0	0
FBGN0033324	0	0	0	0	0	0
FBGN0034825	0	0	0	0	0	0
FBGN0053087	618	398	319	769	1141	971
FBGN0043470	0	0	0	0	0	0
FBGN0028622	307	253	216	281	431	424
FBGN0017482	13	6	4	11	21	18
FBGN0034959	0	2	2	16	14	10
FBGN0050471	0	0	0	2	2	1
FBGN0033457	34	9	14	28	34	20
FBGN0050151	0	0	3	0	0	0
FBGN0262479	0	0	0	0	0	0
FBGN0050323	0	0	0	0	0	0
FBGN0033691	84	66	77	265	394	335
FBGN0034050	41	40	49	45	70	63
FBGN0020908	0	2	0	0	0	0
FBGN0085235	0	0	0	0	0	0
FBGN0011656	58	34	18	52	127	79
FBGN0261477	61	55	33	57	134	114
FBGN0034807	0	0	0	0	0	0
FBGN0034841	0	0	0	0	0	0
FBGN0034274	0	0	0	0	0	0
FBGN0028494	15	4	5	10	12	13
FBGN0015268	841	630	534	799	935	1006
FBGN0035020	21	12	11	50	72	51
FBGN0000157	74	67	59	128	160	177
FBGN0033972	84	55	35	75	82	82
FBGN0085459	0	0	0	0	0	0
FBGN0263324	0	0	0	0	0	0
FBGN0034737	0	0	0	0	0	0
FBGN0266580	1041	790	593	1167	1383	1279
FBGN0033855	0	0	0	0	0	0
FBGN0060296	141	82	61	111	140	128
FBGN0034554	0	0	0	0	0	0
FBGN0011694	0	0	0	0	0	0
FBGN0033337	0	2	7	11	6	7
FBGN0069969	0	0	0	0	0	0
FBGN0266489	0	0	3	0	0	0
FBGN0033352	207	126	120	256	327	327
FBGN0085474	1	0	0	8	3	6
FBGN0034221	0	1	2	0	0	3
FBGN0029175	22	9	13	14	33	24
FBGN0042083	31	43	18	36	68	51
FBGN0034663	0	0	0	0	0	0
FBGN0028434	29	20	13	27	49	33
FBGN0034998	0	0	0	0	0	0
FBGN0265356	1	0	5	0	0	0
FBGN0033924	110	61	60	78	110	100
FBGN0033096	0	0	0	0	0	0
FBGN0029131	8	3	3	12	23	10
FBGN0260866	33	17	19	26	40	30
FBGN0284080	0	0	0	0	0	0
FBGN0034937	0	0	0	0	0	0
FBGN0000078	0	0	0	0	0	0
FBGN0040765	11	8	14	24	30	47
FBGN0034293	0	0	0	0	0	0
FBGN0262169	139	128	82	218	343	322
FBGN0033246	202	122	131	292	389	344
FBGN0040755	0	0	0	0	0	0
FBGN0063499	0	0	0	0	0	0
FBGN0262736	273	198	152	297	458	436
FBGN0000578	242	149	145	227	328	288
FBGN0039970	84	48	52	47	62	41
FBGN0086904	1309	937	861	1021	1354	1328
FBGN0033710	5	1	0	0	0	0
FBGN0050493	7	9	6	6	7	12
FBGN0034084	34	49	37	34	54	54
FBGN0033570	19	15	39	49	57	61
FBGN0029506	536	518	421	1019	1260	1245
FBGN0043534	0	0	0	0	0	0
FBGN0003863	4	4	2	0	0	0
FBGN0033526	63	50	39	85	104	122
FBGN0013308	0	0	0	0	0	0
FBGN0263030	0	0	0	0	0	0
FBGN0034814	18	21	19	21	32	57
FBGN0025185	12	26	14	39	42	36
FBGN0034768	0	0	0	0	0	0
FBGN0000395	67	34	52	70	91	76
FBGN0034750	38	50	43	30	31	30
FBGN0039994	64	57	40	105	121	103
FBGN0287631	1	2	1	0	1	5
FBGN0033904	0	0	0	0	0	1
FBGN0004132	66	55	50	66	82	87
FBGN0085230	1	1	2	0	0	0
FBGN0015509	357	255	207	519	686	679
FBGN0050479	0	0	0	0	0	0
FBGN0250827	0	0	0	0	0	0
FBGN0010611	35	36	35	44	82	67
FBGN0085253	0	0	0	0	0	0
FBGN0085569	0	0	0	0	0	0
FBGN0033367	65	103	34	31	49	17
FBGN0034463	0	0	0	0	0	0
FBGN0033749	0	1	5	2	9	3
FBGN0259219	0	0	2	0	0	0
FBGN0034972	0	0	0	0	0	0
FBGN0028953	80	91	85	160	345	214
FBGN0043070	18	24	24	16	23	26
FBGN0033240	13	15	10	8	24	16
FBGN0033548	58	64	40	154	162	183
FBGN0021875	32	18	29	38	42	57
FBGN0286785	91	85	73	105	193	167
FBGN0033907	36	24	26	50	44	73
FBGN0033793	0	0	0	0	0	0
FBGN0250850	142	119	108	208	246	248
FBGN0263741	0	0	0	0	0	0
FBGN0263260	47	49	29	49	62	51
FBGN0050447	0	0	0	0	0	0
FBGN0034059	47	35	31	33	67	55
FBGN0050290	2	4	3	1	8	7
FBGN0034223	29	27	31	62	105	87
FBGN0033668	9	12	17	5	14	4
FBGN0034727	69	69	58	80	121	124
FBGN0034157	0	0	0	0	0	0
FBGN0015300	0	0	0	0	0	0
FBGN0085252	0	0	0	0	0	0
FBGN0033633	0	0	0	0	0	0
FBGN0259967	0	0	0	0	0	0
FBGN0021995	208	166	180	184	231	243
FBGN0034362	65	48	51	26	34	41
FBGN0022343	284	209	189	235	319	301
FBGN0035092	5	0	0	1	4	3
FBGN0033387	0	0	1	0	0	0
FBGN0034122	0	0	0	0	0	0
FBGN0261267	0	0	0	0	0	0
FBGN0033913	217	170	135	367	513	534
FBGN0034436	185	114	122	214	338	284
FBGN0260398	11	2	3	13	15	7
FBGN0033481	0	0	0	0	0	0
FBGN0034428	0	0	2	0	0	0
FBGN0034570	106	84	59	134	187	172
FBGN0285952	1024	838	824	1267	1507	1356
FBGN0020269	1	0	0	0	0	6
FBGN0266346	2	0	0	0	1	3
FBGN0083983	49	40	25	31	53	57
FBGN0263233	0	0	0	0	0	0
FBGN0050417	0	0	0	0	0	0
FBGN0033322	0	0	0	0	0	0
FBGN0085242	10	3	4	4	8	8
FBGN0264911	0	0	0	0	0	0
FBGN0033880	0	0	1	0	0	0
FBGN0034408	79	67	57	60	138	107
FBGN0050462	0	0	0	0	0	0
FBGN0033900	44	26	23	33	42	35
FBGN0034541	0	0	0	0	0	0
FBGN0024293	0	0	0	0	0	0
FBGN0033480	12	10	14	15	27	14
FBGN0010409	1135	918	958	1134	1806	1606
FBGN0034628	17	7	11	24	46	29
FBGN0050412	0	0	0	0	0	0
FBGN0010109	13	7	12	21	49	53
FBGN0034473	0	0	0	0	0	0
FBGN0050363	0	0	0	0	0	0
FBGN0034726	26	14	6	25	12	18
FBGN0033158	0	2	1	0	1	0
FBGN0024556	329	278	234	290	308	345
FBGN0034472	0	0	0	0	0	0
FBGN0025336	36	25	26	60	67	48
FBGN0033463	101	60	54	87	116	113
FBGN0034945	11	11	12	21	35	28
FBGN0267428	0	0	0	0	0	0
FBGN0050361	0	0	0	0	0	0
FBGN0284254	53	30	31	48	112	66
FBGN0025693	1	2	4	2	10	2
FBGN0029153	0	0	0	0	0	0
FBGN0050271	0	0	0	0	0	0
FBGN0034802	1554	979	811	682	1407	957
FBGN0085222	0	1	0	0	2	0
FBGN0033027	0	0	0	0	0	0
FBGN0033497	0	0	0	0	0	0
FBGN0034294	0	0	0	0	0	0
FBGN0044011	0	0	0	0	0	0
FBGN0034507	0	0	0	0	0	0
FBGN0034520	15	2	4	3	6	4
FBGN0262560	64	52	66	80	103	99
FBGN0034145	26	9	10	26	44	16
FBGN0034856	9	3	6	0	1	0
FBGN0020621	326	234	157	327	571	498
FBGN0019949	23	24	17	51	61	68
FBGN0035063	36	31	29	46	51	61
FBGN0261581	0	0	0	0	0	0
FBGN0260436	0	0	0	0	0	0
FBGN0033476	122	81	70	138	157	131
FBGN0034614	87	80	65	144	193	212
FBGN0017556	0	0	0	1	0	0
FBGN0265991	153	181	143	315	493	456
FBGN0027066	379	241	191	409	618	569
FBGN0050384	0	0	0	0	0	0
FBGN0033209	52	42	43	39	55	78
FBGN0033380	18	9	18	26	47	36
FBGN0002774	167	131	102	212	213	212
FBGN0033590	0	0	0	0	0	0
FBGN0034909	25	26	17	28	63	48
FBGN0034517	6	0	2	4	5	9
FBGN0264959	291	254	157	381	622	461
FBGN0263774	0	0	0	0	0	0
FBGN0034877	236	226	179	415	572	603
FBGN0050090	0	0	0	0	0	0
FBGN0013983	15	19	13	36	27	28
FBGN0050481	52	25	30	49	46	62
FBGN0050480	0	0	0	0	0	0
FBGN0086532	59	47	29	78	131	115
FBGN0034741	0	0	0	0	0	0
FBGN0026573	105	101	83	152	205	192
FBGN0050080	0	0	0	0	0	0
FBGN0034159	0	0	0	0	0	0
FBGN0034644	35	36	23	44	84	74
FBGN0034126	2	6	1	1	0	0
FBGN0034733	1	2	4	3	6	3
FBGN0034121	0	0	0	0	0	0
FBGN0034045	6	11	0	7	16	5
FBGN0085489	0	0	0	0	0	0
FBGN0262954	82	38	42	61	62	72
FBGN0025833	0	0	0	0	0	0
FBGN0262563	0	0	1	2	0	0
FBGN0034978	0	0	0	0	0	0
FBGN0034858	157	105	118	121	185	194
FBGN0027499	222	179	146	260	385	270
FBGN0001325	0	0	1	0	0	0
FBGN0001123	114	85	70	148	186	162
FBGN0259145	0	0	0	0	0	0
FBGN0010220	49	13	25	60	60	64
FBGN0050145	0	0	0	0	0	0
FBGN0259711	2	0	1	4	5	3
FBGN0034791	52	82	55	90	127	117
FBGN0034046	9	4	9	18	23	32
FBGN0034282	442	330	259	500	541	484
FBGN0265627	0	0	0	0	0	0
FBGN0025878	0	1	6	0	5	2
FBGN0033461	0	0	0	0	0	0
FBGN0034527	37	40	35	29	39	32
FBGN0033412	0	0	0	0	0	0
FBGN0034440	0	0	0	0	0	0
FBGN0053775	0	0	0	0	0	0
FBGN0066293	0	0	0	0	0	0
FBGN0011556	0	0	0	0	0	0
FBGN0033890	130	87	67	138	189	222
FBGN0050334	0	0	0	0	0	0
FBGN0264817	0	0	0	0	0	0
FBGN0053454	0	0	0	0	0	0
FBGN0035034	0	0	0	0	0	0
FBGN0015039	0	0	5	0	1	2
FBGN0040775	0	0	0	0	0	0
FBGN0033087	11	6	10	17	38	29
FBGN0001308	410	409	273	438	565	613
FBGN0033616	10	28	3	28	40	29
FBGN0034551	0	0	0	0	0	0
FBGN0034887	0	0	0	0	0	0
FBGN0002789	3	21	125	2	3	5
FBGN0050499	67	43	36	51	87	66
FBGN0050423	68	90	74	153	202	194
FBGN0033321	0	0	0	0	2	2
FBGN0263656	0	0	0	0	0	0
FBGN0034396	2	0	0	0	0	2
FBGN0034796	0	2	1	1	0	0
FBGN0034553	0	0	0	0	0	0
FBGN0034118	72	81	73	135	197	185
FBGN0033297	0	0	0	0	0	0
FBGN0259179	0	0	0	0	0	0
FBGN0050378	0	0	0	0	0	0
FBGN0061360	16	30	27	39	37	51
FBGN0034289	7	0	1	1	0	5
FBGN0034834	1	0	0	0	0	0
FBGN0052833	0	0	0	0	0	0
FBGN0033656	3	6	5	26	30	15
FBGN0010358	1	1	0	0	0	0
FBGN0004784	0	0	0	0	0	0
FBGN0028983	14	10	8	29	29	35
FBGN0003733	0	1	0	1	1	0
FBGN0024956	28	17	31	27	50	51
FBGN0002891	20	33	14	18	17	7
FBGN0040773	193	97	122	178	219	189
FBGN0028473	482	385	335	419	745	693
FBGN0262123	0	3	1	4	0	1
FBGN0085471	0	0	0	0	0	0
FBGN0262102	0	0	0	0	0	0
FBGN0034300	42	30	24	77	82	87
FBGN0033994	20	15	14	12	10	15
FBGN0033145	0	0	0	0	0	0
FBGN0263046	1	0	1	0	2	2
FBGN0033365	18	8	5	9	15	15
FBGN0033954	0	0	0	0	0	0
FBGN0034029	78	51	49	71	82	72
FBGN0029507	3	3	6	3	3	1
FBGN0012051	119	70	76	116	142	117
FBGN0033076	0	0	0	0	0	0
FBGN0033639	10	8	1	25	31	32
FBGN0263031	0	0	0	0	0	0
FBGN0050069	142	157	114	308	548	460
FBGN0266111	59	47	36	93	122	96
FBGN0034438	328	259	123	60	42	44
FBGN0034931	28	30	13	60	62	80
FBGN0033378	181	132	136	140	136	159
FBGN0015524	0	0	0	0	0	0
FBGN0050062	0	0	0	0	0	0
FBGN0259832	3	3	4	3	3	0
FBGN0024189	26	24	10	34	46	52
FBGN0033549	16	17	14	14	30	45
FBGN0259725	0	0	1	4	4	5
FBGN0265182	0	0	1	0	1	0
FBGN0033845	96	62	75	128	165	215
FBGN0050362	0	0	0	0	0	0
FBGN0033486	39	43	40	70	109	98
FBGN0033519	0	0	0	1	0	0
FBGN0026388	0	0	0	0	0	0
FBGN0034075	3	4	6	4	5	1
FBGN0085434	2	2	6	0	8	1
FBGN0029843	4	7	2	13	14	8
FBGN0029913	8	4	3	12	11	12
FBGN0030340	0	0	0	0	0	0
FBGN0029993	0	0	0	0	0	0
FBGN0261615	0	0	0	0	0	0
FBGN0002562	37	93	566	573	83	35
FBGN0030973	43	40	35	88	115	97
FBGN0030555	10	8	11	14	13	16
FBGN0052694	6	2	8	10	12	6
FBGN0029897	1030	787	733	857	1219	1202
FBGN0030434	30	33	23	45	41	48
FBGN0030545	39	28	39	32	26	46
FBGN0040467	22	10	22	18	13	22
FBGN0052774	0	0	0	0	0	0
FBGN0030645	3	1	1	5	7	11
FBGN0029791	46	37	34	48	66	87
FBGN0031053	20	28	35	37	55	40
FBGN0039966	1	0	5	7	8	3
FBGN0002579	689	530	580	587	903	759
FBGN0265725	1	0	2	0	0	0
FBGN0030966	36	28	27	22	44	58
FBGN0029647	0	0	0	0	0	0
FBGN0030207	0	1	0	1	0	2
FBGN0030251	53	59	43	71	123	94
FBGN0283434	0	0	0	0	0	0
FBGN0052736	1	1	1	1	5	5
FBGN0016976	0	0	0	0	0	0
FBGN0030242	68	42	35	63	81	105
FBGN0011566	21	7	16	23	43	36
FBGN0015527	335	248	231	271	373	408
FBGN0029706	84	84	62	127	144	127
FBGN0023537	134	111	79	190	304	268
FBGN0025643	7	13	29	0	8	1
FBGN0030438	0	0	0	0	0	0
FBGN0023530	4	7	1	10	26	8
FBGN0030775	0	0	0	0	0	0
FBGN0052590	9	25	12	21	15	26
FBGN0263257	0	0	0	0	0	0
FBGN0043796	11	10	8	30	28	31
FBGN0029925	19	8	11	22	33	26
FBGN0004432	3267	2152	1718	2011	3053	3202
FBGN0017566	227	245	207	227	335	304
FBGN0040066	200	117	117	116	186	166
FBGN0030937	0	0	0	0	0	0
FBGN0030385	0	0	0	0	0	0
FBGN0030793	8	22	20	23	43	25
FBGN0025641	91	62	57	75	110	86
FBGN0052548	0	0	0	0	0	0
FBGN0041626	0	0	0	0	0	0
FBGN0040395	77	30	40	88	107	110
FBGN0000173	99	133	77	211	347	294
FBGN0030721	0	0	0	0	0	0
FBGN0011741	24	28	44	41	56	59
FBGN0008635	414	309	280	635	949	935
FBGN0029723	0	0	0	0	0	0
FBGN0040384	61	31	38	50	83	64
FBGN0030505	47	35	42	129	161	135
FBGN0010412	1618	1473	1214	1291	1931	1985
FBGN0030109	163	107	99	158	225	270
FBGN0030763	60	53	51	80	123	148
FBGN0030747	2	0	1	0	0	0
FBGN0027093	339	227	229	374	408	378
FBGN0005390	0	0	0	0	0	0
FBGN0052708	38	33	36	45	57	33
FBGN0025743	54	52	57	98	122	123
FBGN0029810	0	0	0	0	0	0
FBGN0027793	0	0	0	0	0	0
FBGN0040361	0	0	0	0	0	0
FBGN0283476	0	0	0	0	0	0
FBGN0031142	1	0	1	0	6	0
FBGN0030529	103	80	64	202	342	251
FBGN0004143	0	0	0	0	0	0
FBGN0026268	0	0	0	0	0	0
FBGN0031148	182	150	155	192	257	320
FBGN0030098	0	0	0	0	0	0
FBGN0040371	0	0	0	0	0	0
FBGN0030872	1	4	1	6	8	18
FBGN0030208	710	554	518	703	885	738
FBGN0083956	18	14	26	40	49	43
FBGN0064117	28	30	38	45	56	45
FBGN0085430	178	155	145	256	408	357
FBGN0030940	0	0	0	0	0	0
FBGN0265464	21	26	19	17	31	29
FBGN0260970	231	190	139	316	413	391
FBGN0029714	37	25	28	39	57	61
FBGN0029831	47	32	32	42	59	41
FBGN0030653	57	81	31	62	116	93
FBGN0066304	4	2	8	19	26	13
FBGN0026879	151	80	107	101	91	80
FBGN0052806	0	0	0	0	0	0
FBGN0030683	21	7	7	13	42	22
FBGN0028686	461	321	369	428	624	627
FBGN0288741	0	0	0	0	0	0
FBGN0003132	0	0	0	0	0	0
FBGN0030743	29	34	20	38	58	69
FBGN0053080	0	2	1	0	0	0
FBGN0052693	0	0	0	0	0	0
FBGN0260867	0	0	0	0	0	0
FBGN0031001	4	2	3	12	10	23
FBGN0030361	3	0	5	1	4	5
FBGN0029003	148	131	92	257	465	398
FBGN0030798	21	13	12	16	20	23
FBGN0263987	404	324	280	331	420	393
FBGN0025627	7	0	0	2	2	1
FBGN0031164	0	0	0	0	0	0
FBGN0261284	152	104	105	87	141	165
FBGN0029730	0	0	0	0	0	0
FBGN0030889	0	0	0	0	0	0
FBGN0030858	44	43	48	87	127	129
FBGN0288739	0	0	0	0	0	0
FBGN0003996	0	0	0	0	0	0
FBGN0287645	0	0	0	0	0	0
FBGN0025839	30	31	36	35	41	44
FBGN0011742	171	169	126	190	272	262
FBGN0052668	0	0	0	0	0	0
FBGN0040648	0	0	0	0	0	0
FBGN0030808	83	49	37	62	133	107
FBGN0267042	0	0	0	0	0	0
FBGN0001189	16	28	17	40	41	54
FBGN0263705	292	233	190	297	565	429
FBGN0030262	7	0	2	0	0	0
FBGN0002933	0	0	0	0	0	0
FBGN0029941	358	267	257	377	551	477
FBGN0029961	0	0	0	0	0	0
FBGN0283680	14	19	37	16	44	24
FBGN0023522	22	17	14	50	45	44
FBGN0027601	171	157	152	272	480	419
FBGN0262611	0	0	0	0	0	0
FBGN0030692	112	93	103	196	290	326
FBGN0085478	67	30	28	67	104	114
FBGN0030877	16	11	5	17	25	40
FBGN0029807	0	0	0	0	0	1
FBGN0004856	320	181	176	162	233	276
FBGN0030313	0	0	0	0	0	0
FBGN0031061	50	40	31	33	61	32
FBGN0052698	0	1	0	0	0	1
FBGN0085446	251	194	205	409	678	469
FBGN0047095	0	0	0	2	1	0
FBGN0052602	0	0	0	0	0	0
FBGN0030824	0	0	0	0	0	0
FBGN0052726	0	0	0	0	0	0
FBGN0265265	0	0	0	0	0	0
FBGN0030537	0	0	0	0	0	0
FBGN0029882	356	231	221	197	247	348
FBGN0030224	0	0	0	0	0	0
FBGN0264090	139	92	115	170	252	202
FBGN0085359	0	0	0	0	0	0
FBGN0267350	36	26	25	60	94	114
FBGN0025640	2	3	3	8	5	3
FBGN0052643	0	0	0	0	0	0
FBGN0031106	4	4	9	8	13	28
FBGN0028982	707	499	459	580	657	652
FBGN0040362	0	0	0	0	0	0
FBGN0040899	10	13	15	26	23	16
FBGN0030884	38	27	21	22	34	25
FBGN0029756	12	7	5	22	20	22
FBGN0052598	0	0	0	0	0	0
FBGN0052676	127	103	95	135	242	242
FBGN0030078	0	0	0	0	0	0
FBGN0031126	57	35	23	46	45	31
FBGN0040337	2	3	2	3	12	7
FBGN0026174	0	0	0	0	0	0
FBGN0030338	0	0	0	0	0	0
FBGN0261444	50	74	63	70	135	143
FBGN0266000	95	99	67	123	204	203
FBGN0052713	0	0	0	0	0	0
FBGN0030244	0	4	0	0	0	0
FBGN0030963	9	6	4	5	10	5
FBGN0053548	0	0	0	0	0	0
FBGN0052655	0	0	0	0	0	0
FBGN0259228	40	37	40	81	94	79
FBGN0288700	0	0	0	0	1	0
FBGN0000810	42	31	18	49	65	85
FBGN0030616	648	666	613	607	779	780
FBGN0020381	35	20	19	31	60	74
FBGN0003950	7	1	2	7	2	4
FBGN0028581	4	4	8	12	10	17
FBGN0030964	15	3	2	19	10	22
FBGN0004456	318	296	227	464	718	559
FBGN0286222	226	165	150	256	434	375
FBGN0030829	0	0	0	0	0	0
FBGN0029727	0	0	0	0	0	0
FBGN0288737	0	0	0	0	0	0
FBGN0040235	108	78	75	110	109	122
FBGN0028331	266	258	156	225	329	376
FBGN0030037	20	27	15	38	23	44
FBGN0011710	434	357	239	460	577	497
FBGN0028685	395	304	252	598	739	741
FBGN0053180	108	88	67	156	192	178
FBGN0040234	8	8	7	19	30	37
FBGN0029522	22	25	17	20	31	20
FBGN0031070	105	88	53	159	223	213
FBGN0052817	0	0	0	2	1	3
FBGN0030752	60	47	31	51	96	93
FBGN0260771	83	66	61	51	91	88
FBGN0030850	9	4	4	24	28	33
FBGN0030729	0	0	0	0	0	0
FBGN0030951	0	0	0	0	0	0
FBGN0030512	30	51	52	99	139	164
FBGN0001404	26	38	18	47	76	60
FBGN0031037	81	68	89	103	168	188
FBGN0023515	81	73	75	106	128	131
FBGN0026192	65	44	39	48	123	99
FBGN0030943	67	51	32	74	83	118
FBGN0259143	29	31	30	27	27	41
FBGN0259834	13	11	5	9	27	29
FBGN0003411	0	0	0	0	0	0
FBGN0029693	37	38	27	75	90	69
FBGN0030631	200	121	151	125	190	249
FBGN0030320	227	136	155	258	314	312
FBGN0052639	0	0	0	0	0	0
FBGN0259189	0	0	0	0	0	0
FBGN0261710	1653	1082	1156	1515	1970	1943
FBGN0025645	0	0	0	0	0	0
FBGN0263220	0	0	0	0	0	0
FBGN0040367	2	3	0	0	0	0
FBGN0010294	0	0	0	0	0	0
FBGN0029525	146	92	63	154	139	190
FBGN0026375	244	203	174	350	437	506
FBGN0031118	112	76	83	132	221	163
FBGN0061196	0	0	0	0	0	0
FBGN0052544	0	0	0	0	0	0
FBGN0041252	0	0	0	0	0	0
FBGN0288736	0	0	0	0	0	0
FBGN0031010	0	0	0	0	0	0
FBGN0023177	49	56	34	165	266	214
FBGN0053242	0	0	0	0	0	0
FBGN0030403	6	16	20	27	43	40
FBGN0030740	46	40	22	81	108	94
FBGN0030237	0	1	6	0	0	1
FBGN0040339	21	12	26	35	35	29
FBGN0030716	6	5	15	2	7	3
FBGN0039965	60	55	52	55	81	66
FBGN0001145	21	102	28	16	36	72
FBGN0260971	0	0	0	0	0	0
FBGN0026086	22	44	28	32	53	56
FBGN0023509	289	189	163	234	298	344
FBGN0030662	34	40	42	57	94	95
FBGN0027107	0	0	0	0	0	0
FBGN0052816	3	0	0	6	1	2
FBGN0029529	42	21	23	34	38	38
FBGN0029868	129	63	81	81	112	86
FBGN0031055	2	0	1	0	0	0
FBGN0027259	48	36	53	60	46	89
FBGN0262536	0	0	0	0	0	0
FBGN0030543	0	0	0	0	0	0
FBGN0029713	75	64	47	90	103	116
FBGN0029705	0	0	0	0	0	0
FBGN0000092	0	0	0	0	0	0
FBGN0053223	0	0	0	0	0	0
FBGN0030642	0	0	0	0	0	0
FBGN0259722	7	8	5	17	13	8
FBGN0004646	244	273	163	605	1020	883
FBGN0260938	163	105	163	205	247	198
FBGN0029580	0	0	0	0	1	2
FBGN0052601	0	0	0	0	0	0
FBGN0029751	0	0	0	0	0	0
FBGN0030474	32	31	37	46	57	53
FBGN0003965	0	0	0	0	0	0
FBGN0031041	0	1	0	0	2	0
FBGN0083228	0	0	0	0	0	0
FBGN0030830	0	0	0	0	0	0
FBGN0085367	0	0	0	0	0	0
FBGN0284435	126	88	81	142	242	176
FBGN0029643	0	0	0	0	0	0
FBGN0031082	0	0	0	0	0	0
FBGN0030323	4	17	11	11	11	6
FBGN0031030	153	119	119	249	308	278
FBGN0030410	8	14	26	9	25	14
FBGN0004959	6	32	0	3	8	0
FBGN0021764	510	444	343	696	913	833
FBGN0031049	50	28	51	135	147	114
FBGN0263994	0	0	1	0	0	0
FBGN0030595	0	1	0	1	3	0
FBGN0000316	108	90	80	98	155	121
FBGN0021742	0	0	0	0	0	0
FBGN0010303	45	22	20	43	84	74
FBGN0030321	576	379	372	421	553	633
FBGN0040892	0	0	0	0	0	0
FBGN0025631	6	4	4	11	14	3
FBGN0029940	0	0	0	0	0	0
FBGN0284233	0	0	1	0	0	0
FBGN0085479	0	0	0	0	0	0
FBGN0260868	0	0	0	0	0	0
FBGN0030998	0	0	0	0	0	0
FBGN0052649	34	20	31	26	40	28
FBGN0031181	0	0	0	0	0	0
FBGN0030108	0	0	0	0	0	0
FBGN0028360	9	13	15	9	18	22
FBGN0030437	0	0	0	0	0	0
FBGN0029866	5	22	21	44	81	34
FBGN0030905	0	0	0	0	0	0
FBGN0031168	0	0	0	0	0	0
FBGN0065032	1	1	1	1	2	1
FBGN0030222	0	0	0	0	0	0
FBGN0040363	0	0	0	0	0	0
FBGN0030661	0	0	0	0	0	0
FBGN0029666	18	9	15	45	68	50
FBGN0267050	0	0	0	0	0	0
FBGN0030384	0	0	0	0	1	0
FBGN0031129	0	0	0	0	0	0
FBGN0030343	15	17	9	26	64	36
FBGN0028583	1	2	0	0	0	0
FBGN0030409	0	0	0	0	0	0
FBGN0030521	403	261	255	299	384	418
FBGN0003116	10	3	3	8	4	12
FBGN0288735	0	0	0	0	0	0
FBGN0283657	549	321	259	468	667	671
FBGN0053236	0	0	0	0	0	0
FBGN0025633	116	93	78	117	222	219
FBGN0261085	0	0	0	0	0	0
FBGN0262874	0	0	0	0	0	0
FBGN0030374	0	0	0	0	0	0
FBGN0085352	0	0	0	0	0	0
FBGN0003514	318	274	271	565	834	643
FBGN0030647	0	0	0	0	1	0
FBGN0030675	8	12	1	4	17	7
FBGN0052651	0	0	0	0	0	0
FBGN0030334	4	11	2	2	2	3
FBGN0264738	0	0	0	0	0	0
FBGN0261573	111	102	77	116	216	213
FBGN0260238	0	0	0	0	0	0
FBGN0000644	0	0	0	0	1	0
FBGN0031101	0	0	0	0	0	0
FBGN0030981	0	0	0	0	0	0
FBGN0040370	0	0	0	0	0	0
FBGN0040342	0	0	0	0	0	0
FBGN0030156	0	0	0	0	0	0
FBGN0030975	0	0	2	0	0	0
FBGN0287595	0	0	0	0	0	0
FBGN0027296	2	1	2	6	5	4
FBGN0030039	17	8	9	9	16	5
FBGN0029765	0	0	0	0	0	0
FBGN0262487	0	0	0	0	0	0
FBGN0024996	60	56	51	63	88	94
FBGN0015245	886	756	641	971	1588	1603
FBGN0086674	34	25	18	28	81	57
FBGN0288744	0	0	0	0	0	0
FBGN0030745	7	4	4	5	5	9
FBGN0053639	0	0	0	0	0	0
FBGN0003028	294	181	206	360	528	503
FBGN0030177	103	97	69	117	168	135
FBGN0031103	0	0	0	0	0	0
FBGN0029834	0	0	0	4	0	0
FBGN0030899	0	0	0	0	0	0
FBGN0052533	13	22	18	18	22	21
FBGN0030483	0	0	0	0	0	0
FBGN0014024	204	134	138	203	281	302
FBGN0029785	839	839	763	772	1322	1119
FBGN0025630	2	4	1	3	2	10
FBGN0259171	6	9	15	10	17	29
FBGN0264270	157	103	97	223	285	234
FBGN0265597	0	0	0	0	0	0
FBGN0030055	5	1	6	11	19	13
FBGN0030067	201	106	117	130	131	176
FBGN0030664	0	0	0	0	0	0
FBGN0029658	0	0	0	0	0	0
FBGN0004654	126	164	112	217	396	348
FBGN0031115	90	96	66	69	55	51
FBGN0040918	43	49	44	57	96	68
FBGN0267047	0	0	0	0	0	0
FBGN0029997	23	18	10	26	35	33
FBGN0030370	0	0	0	0	0	0
FBGN0030881	0	0	0	0	0	0
FBGN0030828	0	1	0	1	0	0
FBGN0085353	0	0	0	0	0	0
FBGN0029690	1	0	2	4	0	1
FBGN0029816	0	0	0	0	0	0
FBGN0023512	93	89	79	157	196	231
FBGN0030562	0	0	0	0	0	0
FBGN0027358	10	8	3	7	12	9
FBGN0026874	0	0	0	0	0	0
FBGN0029820	42	40	37	50	95	66
FBGN0030274	34	49	35	64	83	84
FBGN0023541	0	0	0	0	0	0
FBGN0029977	0	0	0	0	0	0
FBGN0001105	397	257	161	291	562	525
FBGN0031183	10	12	18	10	33	42
FBGN0030091	78	60	52	66	107	115
FBGN0014411	129	79	102	158	264	248
FBGN0000709	70	52	50	88	93	79
FBGN0040340	197	195	155	246	489	518
FBGN0262608	0	0	0	0	0	0
FBGN0260450	53	39	50	47	102	83
FBGN0052579	0	10	6	12	1	0
FBGN0030733	231	210	194	199	190	267
FBGN0262740	73	81	54	92	134	129
FBGN0053497	0	0	0	0	0	0
FBGN0004924	447	308	336	387	493	485
FBGN0030100	17	6	17	20	15	20
FBGN0004643	100	65	75	108	147	164
FBGN0267001	956	704	648	1269	1917	1730
FBGN0261803	10	4	9	9	10	16
FBGN0031012	1	0	0	0	0	1
FBGN0259166	18	4	7	27	17	24
FBGN0001079	50	29	37	99	130	162
FBGN0029686	13	9	4	16	21	15
FBGN0030573	3	0	3	6	8	5
FBGN0003053	11	17	8	11	14	22
FBGN0266572	51	50	30	114	176	156
FBGN0014340	56	63	35	96	127	130
FBGN0001341	286	252	172	314	384	471
FBGN0263072	0	1	2	2	0	1
FBGN0030578	0	0	0	0	0	0
FBGN0004860	22	37	31	87	104	124
FBGN0010329	0	0	0	0	0	0
FBGN0030052	31	14	17	30	40	39
FBGN0030788	46	30	24	30	48	39
FBGN0053245	0	0	0	0	0	0
FBGN0030003	84	53	51	62	78	68
FBGN0003964	65	36	39	46	97	94
FBGN0030928	4	0	0	0	2	2
FBGN0267045	0	0	0	0	0	0
FBGN0024361	0	0	0	0	0	2
FBGN0025629	37	27	16	38	40	42
FBGN0031108	0	0	0	0	0	0
FBGN0011770	80	59	45	46	55	73
FBGN0029771	1	2	0	1	7	8
FBGN0030412	77	38	33	33	55	45
FBGN0052554	11	5	4	10	13	20
FBGN0262609	0	0	0	0	0	0
FBGN0261570	167	115	95	116	197	177
FBGN0027528	200	171	126	381	549	455
FBGN0020909	55	45	61	91	98	79
FBGN0030344	263	276	206	271	366	380
FBGN0031062	88	51	53	83	105	101
FBGN0030809	452	443	376	545	783	833
FBGN0263111	1	0	0	2	2	0
FBGN0004367	38	25	26	72	63	45
FBGN0030056	15	9	6	13	21	41
FBGN0030955	335	232	144	238	397	304
FBGN0029133	129	116	126	202	293	292
FBGN0030514	78	67	63	94	137	118
FBGN0003159	18	10	19	15	16	22
FBGN0030038	168	133	110	166	308	237
FBGN0003638	122	75	93	144	190	163
FBGN0003390	234	157	160	368	411	440
FBGN0031195	15	6	12	17	20	15
FBGN0030013	11	12	5	18	18	27
FBGN0086448	12	7	13	22	26	24
FBGN0040923	0	0	0	0	0	0
FBGN0031077	57	52	42	72	72	87
FBGN0003086	0	0	0	0	0	0
FBGN0029944	68	62	22	51	102	81
FBGN0030757	0	0	2	3	4	4
FBGN0029596	0	0	0	0	0	3
FBGN0011277	0	0	0	0	0	0
FBGN0031023	89	76	61	84	131	118
FBGN0030706	0	0	0	0	0	0
FBGN0262980	0	0	0	0	0	0
FBGN0020272	79	53	29	56	79	66
FBGN0030695	25	16	16	19	31	41
FBGN0030468	174	96	78	82	87	126
FBGN0030524	0	0	0	0	0	0
FBGN0030421	0	0	0	0	0	0
FBGN0040649	0	0	0	0	0	0
FBGN0029518	0	0	0	0	0	0
FBGN0026575	481	357	345	507	717	608
FBGN0031051	109	106	81	193	308	289
FBGN0259190	0	0	0	0	0	0
FBGN0266435	0	0	0	0	0	0
FBGN0003559	145	156	64	157	218	181
FBGN0283741	15	19	12	23	22	21
FBGN0030164	0	0	0	0	0	0
FBGN0052820	0	0	0	0	0	0
FBGN0053667	0	0	0	0	0	0
FBGN0052507	0	0	0	0	0	0
FBGN0004957	11	8	14	14	31	20
FBGN0030994	0	0	0	1	0	1
FBGN0029890	3	0	0	0	0	0
FBGN0266647	0	0	0	0	0	0
FBGN0288730	0	0	0	0	0	0
FBGN0026060	20	15	9	15	29	24
FBGN0031047	115	117	73	122	254	194
FBGN0263748	0	0	0	0	0	0
FBGN0052811	0	0	0	0	0	0
FBGN0262607	0	0	0	0	0	0
FBGN0031176	0	0	0	0	0	0
FBGN0285954	1658	1135	1103	874	1069	984
FBGN0262486	0	0	0	0	0	0
FBGN0030949	0	0	0	0	0	0
FBGN0041210	41	30	24	33	61	64
FBGN0024983	36	27	25	51	79	78
FBGN0003392	230	167	159	281	390	350
FBGN0030696	0	0	0	0	0	0
FBGN0030970	8	10	5	10	29	20
FBGN0027087	157	115	96	85	170	179
FBGN0250904	0	1	0	0	0	0
FBGN0022942	276	307	187	437	661	673
FBGN0030028	1	2	1	0	0	2
FBGN0052792	0	0	0	0	0	0
FBGN0025644	0	0	0	0	0	0
FBGN0030599	0	0	0	0	0	0
FBGN0030892	18	20	19	22	27	24
FBGN0029950	0	0	0	0	0	0
FBGN0030739	43	19	17	39	37	32
FBGN0052536	8	9	5	18	16	23
FBGN0029645	0	0	0	0	0	0
FBGN0030999	0	0	0	0	0	0
FBGN0085356	0	0	0	0	0	0
FBGN0267163	0	0	0	0	0	0
FBGN0029888	56	37	31	43	72	74
FBGN0085387	0	0	0	0	0	0
FBGN0288745	0	0	0	0	0	0
FBGN0029755	148	103	124	126	166	145
FBGN0029853	1	2	2	5	10	7
FBGN0053664	0	0	0	0	0	0
FBGN0029894	8	12	13	12	8	11
FBGN0031032	0	0	0	0	0	0
FBGN0030065	116	75	75	54	114	77
FBGN0030407	6	11	7	9	30	13
FBGN0014464	0	0	0	0	1	0
FBGN0053557	0	0	0	0	0	0
FBGN0030668	4	1	5	6	4	3
FBGN0000520	54	35	26	59	53	55
FBGN0031134	0	0	0	0	0	0
FBGN0029539	0	0	0	0	0	0
FBGN0030641	8	4	7	10	25	12
FBGN0029857	36	33	33	42	72	90
FBGN0023521	18	21	16	11	35	41
FBGN0029892	26	12	9	8	20	14
FBGN0284442	211	170	150	261	419	450
FBGN0040319	58	55	30	37	51	84
FBGN0030097	44	13	6	0	0	0
FBGN0000617	139	76	62	67	65	63
FBGN0260873	0	0	0	0	0	0
FBGN0085437	68	63	38	105	165	138
FBGN0064116	15	17	8	20	36	10
FBGN0030628	17	13	2	22	21	12
FBGN0030780	0	0	0	0	0	0
FBGN0030961	0	0	0	0	0	0
FBGN0030894	40	38	21	52	79	63
FBGN0000536	12	22	18	30	52	48
FBGN0030508	0	0	0	0	0	0
FBGN0030027	13	11	16	25	38	69
FBGN0030394	0	0	24	0	0	0
FBGN0259734	10	8	8	16	22	16
FBGN0029955	0	0	0	0	1	1
FBGN0262686	0	0	0	0	0	0
FBGN0011280	0	0	0	0	0	0
FBGN0028342	71	51	72	127	191	188
FBGN0040368	0	0	0	0	0	0
FBGN0040347	3	5	8	4	16	13
FBGN0027287	67	65	37	78	83	89
FBGN0015288	1737	1112	927	1114	1687	1583
FBGN0030624	0	0	0	0	0	0
FBGN0030016	0	0	0	0	0	0
FBGN0029963	0	0	0	0	0	0
FBGN0022768	116	67	85	106	136	153
FBGN0052529	40	26	32	42	79	65
FBGN0031099	20	2	3	4	11	1
FBGN0030163	0	0	0	0	0	0
FBGN0030834	45	30	52	44	52	62
FBGN0030693	59	26	32	75	66	86
FBGN0029724	0	0	0	0	0	0
FBGN0029703	0	0	0	0	0	0
FBGN0030396	14	7	13	18	24	39
FBGN0264542	5	0	0	0	1	1
FBGN0285944	3	0	0	0	0	0
FBGN0030878	128	102	63	141	152	186
FBGN0000084	13	18	13	23	19	22
FBGN0040389	36	26	34	28	29	44
FBGN0052573	0	2	0	0	0	0
FBGN0000377	150	133	116	126	171	216
FBGN0030010	9	2	4	12	4	12
FBGN0029873	5	11	9	9	17	16
FBGN0031114	116	101	115	92	114	155
FBGN0030634	0	0	0	0	0	0
FBGN0030484	26	25	20	36	65	83
FBGN0260658	0	0	0	0	0	0
FBGN0052686	0	0	0	0	0	0
FBGN0003079	30	16	25	44	41	33
FBGN0023216	37	27	43	36	55	45
FBGN0030613	0	0	0	0	0	0
FBGN0286508	24	47	22	61	109	112
FBGN0266848	70	53	50	94	151	203
FBGN0011576	0	0	0	2	0	0
FBGN0013432	3	8	11	6	17	10
FBGN0052495	0	0	0	0	0	0
FBGN0011826	76	61	34	22	62	48
FBGN0030259	0	0	0	0	0	0
FBGN0025838	0	0	0	0	0	0
FBGN0266050	0	0	0	0	0	0
FBGN0052499	402	297	262	425	602	551
FBGN0021738	0	0	0	0	0	0
FBGN0030625	50	34	39	47	56	45
FBGN0040396	28	26	32	46	58	37
FBGN0010194	223	153	170	243	350	350
FBGN0024998	72	50	61	48	76	89
FBGN0031043	23	43	48	51	42	56
FBGN0029642	0	0	0	0	0	0
FBGN0052591	0	0	0	0	0	0
FBGN0031020	263	227	165	297	511	484
FBGN0029887	63	30	28	55	72	56
FBGN0030674	794	568	610	977	1392	1272
FBGN0030847	23	24	16	19	46	35
FBGN0053517	0	0	0	0	0	0
FBGN0029952	0	0	0	0	0	0
FBGN0030049	118	91	70	173	241	199
FBGN0052681	0	0	0	0	0	0
FBGN0030063	67	49	46	72	86	81
FBGN0003277	539	470	365	892	1236	1139
FBGN0030018	119	55	34	95	142	134
FBGN0030191	0	0	0	0	0	0
FBGN0040028	0	0	0	0	0	0
FBGN0029903	513	422	338	553	828	798
FBGN0022710	10	12	2	3	15	17
FBGN0014032	34	32	23	46	72	59
FBGN0259789	226	130	216	256	370	373
FBGN0030938	0	0	2	0	0	0
FBGN0030663	0	0	0	0	0	0
FBGN0030724	28	26	25	57	73	73
FBGN0025383	0	0	0	0	0	0
FBGN0259700	5	7	19	14	25	31
FBGN0030574	0	0	0	0	0	0
FBGN0017418	35	24	19	56	60	63
FBGN0023508	31	30	24	56	100	55
FBGN0052654	228	204	181	280	362	337
FBGN0262900	0	0	0	0	0	0
FBGN0030761	29	26	11	22	53	46
FBGN0052793	0	0	4	0	1	0
FBGN0053665	0	0	0	0	0	0
FBGN0040784	0	0	0	0	0	0
FBGN0040350	0	0	0	0	0	0
FBGN0267046	0	0	0	0	0	0
FBGN0004598	215	175	119	249	322	337
FBGN0001330	89	71	35	95	134	130
FBGN0052803	5	4	6	5	21	10
FBGN0030598	60	38	21	24	60	37
FBGN0026411	0	0	0	0	0	0
FBGN0030151	390	285	238	309	330	374
FBGN0000163	152	113	103	154	222	193
FBGN0028325	98	95	65	105	148	144
FBGN0286809	83	65	74	102	176	138
FBGN0030823	0	0	0	0	0	0
FBGN0283433	0	0	0	0	0	0
FBGN0261834	0	0	0	0	0	0
FBGN0030449	0	0	0	0	0	0
FBGN0030268	334	247	201	365	503	460
FBGN0030509	0	0	0	0	0	0
FBGN0285879	12	19	4	2	11	14
FBGN0030985	0	0	0	0	0	0
FBGN0030791	159	103	96	80	106	132
FBGN0029740	0	0	0	0	0	0
FBGN0030291	22	17	21	31	25	9
FBGN0030510	1	2	1	0	0	0
FBGN0029719	0	0	0	1	4	2
FBGN0040031	0	0	0	0	0	0
FBGN0040348	0	0	0	0	0	0
FBGN0029689	1	5	11	8	7	5
FBGN0027864	2	7	3	7	2	8
FBGN0016038	17	12	7	30	26	21
FBGN0030048	2	1	1	5	4	7
FBGN0030366	271	207	192	386	602	629
FBGN0029789	22	12	10	18	35	53
FBGN0030278	0	0	0	0	0	0
FBGN0027291	93	104	69	141	262	239
FBGN0040346	57	29	37	51	55	55
FBGN0259699	14	18	13	35	58	47
FBGN0030318	59	59	36	62	148	146
FBGN0052640	0	0	0	0	0	0
FBGN0044872	0	0	0	0	0	0
FBGN0029863	41	29	20	26	48	40
FBGN0031065	0	0	0	3	0	0
FBGN0029594	18	19	4	37	31	25
FBGN0030556	150	108	96	150	216	255
FBGN0030499	24	21	29	41	68	28
FBGN0027588	1057	844	674	1388	2127	2058
FBGN0029648	29	27	17	27	26	31
FBGN0040069	0	0	0	0	0	1
FBGN0029939	27	17	14	20	40	48
FBGN0040345	0	0	0	0	0	0
FBGN0264562	136	74	79	81	147	81
FBGN0261955	109	113	79	175	268	265
FBGN0062565	0	0	0	0	0	0
FBGN0030913	0	0	0	0	0	0
FBGN0028369	17	16	7	21	28	20
FBGN0014395	0	0	0	0	0	0
FBGN0030648	80	61	71	37	101	84
FBGN0029813	0	1	0	0	0	0
FBGN0053244	0	0	0	0	0	0
FBGN0030519	57	37	47	69	75	81
FBGN0030528	4	2	0	5	8	8
FBGN0000499	107	93	81	97	145	164
FBGN0031187	7	7	9	11	31	14
FBGN0000330	114	55	75	136	185	190
FBGN0040377	0	0	2	0	0	1
FBGN0040650	10	6	2	7	19	6
FBGN0010380	474	408	319	571	848	864
FBGN0011834	0	0	0	0	0	0
FBGN0261930	0	0	0	0	0	0
FBGN0030162	0	0	0	0	0	0
FBGN0014031	0	0	2	0	0	0
FBGN0030612	12	8	6	8	6	18
FBGN0024997	0	0	0	0	0	0
FBGN0030863	32	17	25	47	52	54
FBGN0266490	9	5	3	7	10	17
FBGN0262699	48	26	18	25	43	27
FBGN0030358	0	0	0	3	0	0
FBGN0030525	0	0	0	0	0	0
FBGN0052641	0	0	0	0	0	0
FBGN0052712	0	0	0	0	0	0
FBGN0045502	0	0	0	0	0	0
FBGN0259101	0	0	2	1	1	2
FBGN0030196	25	17	11	22	29	55
FBGN0003463	135	146	113	195	208	232
FBGN0003416	62	56	55	61	93	108
FBGN0030605	20	39	30	23	54	50
FBGN0004045	0	0	0	0	0	0
FBGN0261244	1	4	4	5	18	13
FBGN0052808	0	0	0	0	0	0
FBGN0030587	1	0	0	0	0	0
FBGN0029656	0	0	0	0	0	0
FBGN0267049	0	0	0	0	0	0
FBGN0031104	0	0	0	0	0	0
FBGN0010019	2	16	2	4	0	2
FBGN0014903	0	0	0	0	0	0
FBGN0030654	0	0	0	0	1	2
FBGN0264502	0	0	0	0	1	2
FBGN0029659	0	0	0	0	0	0
FBGN0002709	4	3	4	15	22	10
FBGN0030247	0	0	0	0	0	0
FBGN0002577	25	5	5	4	25	5
FBGN0003285	46	56	47	99	193	130
FBGN0001612	108	128	84	125	200	193
FBGN0040357	0	0	0	0	0	0
FBGN0030328	739	559	496	596	830	916
FBGN0023524	0	0	0	0	0	0
FBGN0004511	13	4	9	4	4	11
FBGN0030004	1	0	0	1	3	0
FBGN0085451	294	225	261	310	388	387
FBGN0052755	0	0	0	0	0	0
FBGN0026374	70	65	60	117	167	173
FBGN0031189	15	14	19	33	26	37
FBGN0003204	361	286	234	341	480	521
FBGN0030500	58	67	35	70	73	101
FBGN0044047	0	0	0	0	3	0
FBGN0029833	112	66	65	110	136	134
FBGN0030871	104	90	93	124	132	146
FBGN0031127	0	0	0	0	0	0
FBGN0030349	50	55	41	92	89	101
FBGN0030141	38	50	34	65	75	118
FBGN0013720	78	87	77	182	311	264
FBGN0052704	0	0	0	0	0	0
FBGN0027106	3	2	0	0	2	9
FBGN0000233	0	2	0	0	0	0
FBGN0030012	2	4	1	15	26	11
FBGN0053246	0	0	0	0	0	0
FBGN0052791	0	0	0	0	0	0
FBGN0024360	11	13	7	49	34	29
FBGN0029860	27	14	13	20	38	20
FBGN0043001	27	13	24	34	60	38
FBGN0026149	64	23	29	35	51	30
FBGN0031033	0	0	0	0	0	0
FBGN0030398	0	0	0	0	0	0
FBGN0024973	100	56	67	56	75	90
FBGN0052669	0	0	1	0	0	0
FBGN0030359	0	0	0	0	0	0
FBGN0025382	0	3	2	0	1	2
FBGN0030457	138	79	71	160	188	130
FBGN0030836	50	1	0	0	0	0
FBGN0030753	158	112	88	159	215	221
FBGN0061200	293	221	260	495	731	712
FBGN0000117	1635	1337	998	1937	2715	2485
FBGN0030477	0	0	0	0	0	0
FBGN0030200	0	0	0	0	0	0
FBGN0029649	0	0	0	0	0	0
FBGN0029702	0	0	0	0	0	0
FBGN0029733	0	0	0	0	0	0
FBGN0031169	0	0	0	0	0	0
FBGN0031097	148	138	116	161	291	199
FBGN0003300	0	0	0	0	0	0
FBGN0030257	0	0	1	0	0	0
FBGN0028550	9	7	12	11	9	11
FBGN0040375	2	0	1	9	9	10
FBGN0030300	0	2	1	3	4	2
FBGN0030996	19	15	6	32	70	45
FBGN0040089	10	3	8	3	2	3
FBGN0023511	36	31	31	46	69	73
FBGN0030610	16	4	19	14	25	13
FBGN0261703	1	1	0	0	0	3
FBGN0287725	95	72	52	120	169	152
FBGN0030719	362	312	232	330	360	321
FBGN0040385	0	0	0	0	0	0
FBGN0087008	267	213	230	301	414	377
FBGN0028421	63	44	48	77	99	97
FBGN0030342	75	45	43	67	103	91
FBGN0031059	12	2	4	6	31	3
FBGN0003380	0	0	4	0	0	0
FBGN0267977	16	21	25	24	31	21
FBGN0259926	0	0	0	0	0	0
FBGN0029809	0	0	0	0	0	0
FBGN0030347	0	0	0	0	0	1
FBGN0029608	0	0	0	0	0	0
FBGN0052568	0	0	0	0	0	0
FBGN0030286	51	45	37	91	91	101
FBGN0031146	0	0	0	0	0	0
FBGN0029729	0	0	0	0	0	0
FBGN0030429	0	0	0	0	0	0
FBGN0030158	4	3	0	0	0	0
FBGN0030925	15	7	9	13	22	23
FBGN0052679	0	0	0	0	0	0
FBGN0015336	0	0	0	0	0	4
FBGN0044817	0	0	0	0	0	0
FBGN0030991	57	34	37	87	94	67
FBGN0029830	43	39	18	42	56	36
FBGN0030640	6	8	5	13	40	17
FBGN0031201	0	0	0	0	0	0
FBGN0030887	0	0	0	0	0	0
FBGN0024807	67	78	32	94	99	99
FBGN0025463	259	200	160	392	576	518
FBGN0030838	21	37	28	42	72	74
FBGN0086782	0	0	0	0	0	0
FBGN0029697	0	0	0	0	0	0
FBGN0054026	0	0	0	0	0	4
FBGN0031174	72	54	50	77	88	103
FBGN0027621	26	20	13	40	56	43
FBGN0030326	14	17	5	10	18	9
FBGN0000542	699	480	439	702	1027	998
FBGN0031058	0	0	0	0	0	0
FBGN0263993	105	99	83	226	334	257
FBGN0261549	6	5	2	5	11	9
FBGN0260747	89	91	68	137	178	150
FBGN0029590	0	0	0	0	0	0
FBGN0052772	27	31	20	38	68	56
FBGN0031074	0	0	0	0	0	0
FBGN0259242	9	4	1	0	2	8
FBGN0283473	6	4	9	12	14	20
FBGN0025632	1	0	0	0	1	2
FBGN0030204	0	0	0	0	0	0
FBGN0029840	168	132	107	161	205	278
FBGN0261675	0	0	1	0	0	0
FBGN0030425	0	0	0	0	0	1
FBGN0030206	18	19	19	27	41	46
FBGN0025679	0	0	0	0	0	0
FBGN0024366	18	25	21	22	39	26
FBGN0030583	0	0	0	0	0	0
FBGN0023549	4	2	11	7	2	9
FBGN0030266	89	51	65	114	179	157
FBGN0029976	3	4	11	0	13	16
FBGN0029928	22	8	6	21	26	38
FBGN0085464	0	0	0	0	0	0
FBGN0030577	0	0	0	0	0	0
FBGN0027602	211	131	142	128	194	271
FBGN0262485	0	0	0	0	0	0
FBGN0031190	96	63	71	70	99	96
FBGN0002576	0	5	0	0	0	0
FBGN0029795	0	0	0	0	0	0
FBGN0030801	20	16	6	31	25	35
FBGN0030077	36	21	12	21	67	32
FBGN0052574	0	0	0	0	0	0
FBGN0030572	175	87	94	73	120	97
FBGN0030482	19	28	27	78	88	83
FBGN0030350	83	51	67	18	38	46
FBGN0039943	141	96	116	77	83	119
FBGN0052600	0	0	0	0	0	0
FBGN0052683	0	0	0	0	0	0
FBGN0267044	0	0	0	0	0	0
FBGN0264386	0	0	0	0	0	0
FBGN0040341	0	0	0	0	0	0
FBGN0029644	0	0	0	0	0	0
FBGN0010341	289	193	173	294	412	412
FBGN0030092	19	21	6	9	16	25
FBGN0030904	0	0	0	0	0	0
FBGN0052703	0	0	0	0	0	0
FBGN0005427	18	10	16	9	27	24
FBGN0263997	0	0	0	0	0	0
FBGN0025390	0	0	0	0	0	0
FBGN0039941	0	1	1	1	6	4
FBGN0069938	0	0	0	0	0	0
FBGN0030792	40	36	24	45	78	50
FBGN0014455	161	190	126	169	255	325
FBGN0053178	0	0	0	0	0	0
FBGN0052857	0	0	0	0	0	0
FBGN0026144	228	164	174	340	375	319
FBGN0040514	0	0	0	0	0	0
FBGN0030354	277	170	174	220	344	331
FBGN0031107	91	56	100	110	149	188
FBGN0025388	33	24	39	32	69	53
FBGN0287828	0	0	0	0	0	0
FBGN0029826	1	0	2	3	2	0
FBGN0030759	3	0	8	4	14	14
FBGN0028327	347	332	250	471	922	719
FBGN0024989	230	210	218	320	416	403
FBGN0040355	0	0	0	0	0	0
FBGN0053513	0	0	1	0	0	0
FBGN0030459	0	0	0	0	0	0
FBGN0023525	0	0	0	0	1	0
FBGN0027108	1657	1368	1017	2569	3890	3543
FBGN0005411	277	236	204	273	342	348
FBGN0030930	227	147	127	162	301	290
FBGN0029736	17	16	10	28	51	38
FBGN0030622	0	0	0	0	0	0
FBGN0030864	165	126	91	150	173	242
FBGN0031045	0	0	0	0	0	0
FBGN0010416	128	99	97	114	160	192
FBGN0026080	44	36	43	40	87	66
FBGN0284227	0	8	1	2	7	8
FBGN0030090	5	11	6	6	23	8
FBGN0040236	93	40	63	67	93	74
FBGN0266570	162	111	123	221	248	261
FBGN0053181	18	24	12	9	14	8
FBGN0031157	1	0	1	1	1	2
FBGN0030997	0	0	0	0	0	0
FBGN0083979	0	0	0	0	0	0
FBGN0030352	16	13	5	21	21	4
FBGN0264449	15	4	3	13	28	18
FBGN0015615	221	152	150	220	269	260
FBGN0027564	5	7	9	4	30	5
FBGN0030833	32	25	23	53	62	50
FBGN0023529	805	580	499	785	1123	971
FBGN0030554	8	11	9	9	24	19
FBGN0025637	754	429	398	577	771	742
FBGN0000022	7	26	3	15	33	19
FBGN0052823	0	0	0	0	0	0
FBGN0023526	46	21	10	41	59	52
FBGN0030081	75	65	48	63	87	97
FBGN0003210	137	147	115	197	215	208
FBGN0029708	1	0	0	0	1	2
FBGN0029524	4	0	1	4	3	2
FBGN0029951	0	0	0	0	0	0
FBGN0052706	1	0	0	0	3	9
FBGN0030518	75	37	38	38	44	51
FBGN0023535	0	0	0	0	1	1
FBGN0052762	0	0	0	0	0	0
FBGN0030748	0	0	1	0	0	0
FBGN0031016	220	183	172	443	687	566
FBGN0030215	0	0	0	0	0	0
FBGN0030744	24	25	17	39	57	50
FBGN0052675	39	36	20	23	50	40
FBGN0052603	0	0	0	0	0	0
FBGN0029878	100	78	86	152	193	226
FBGN0030701	90	54	47	127	140	124
FBGN0030672	191	137	146	279	384	453
FBGN0030493	38	26	23	35	49	40
FBGN0031060	5	7	7	7	9	8
FBGN0004170	37	24	28	44	73	80
FBGN0030969	53	42	56	84	147	135
FBGN0259741	0	0	0	0	0	0
FBGN0052551	0	0	0	0	0	0
FBGN0003714	42	47	45	27	67	57
FBGN0260400	15	8	9	20	28	15
FBGN0003023	0	0	0	0	0	3
FBGN0004648	411	270	248	453	570	508
FBGN0004832	90	73	71	82	104	123
FBGN0025626	25	24	15	22	48	56
FBGN0024251	11	17	9	24	27	18
FBGN0026083	156	130	154	237	329	310
FBGN0030735	74	53	30	82	129	117
FBGN0014391	130	133	84	167	193	185
FBGN0040365	0	0	0	0	0	0
FBGN0030611	53	38	53	63	90	81
FBGN0040397	68	61	71	129	216	198
FBGN0288833	94	82	66	114	162	153
FBGN0040906	0	0	0	0	1	0
FBGN0030725	0	0	0	0	0	0
FBGN0027521	89	46	73	108	150	180
FBGN0031188	9	4	2	2	8	3
FBGN0261624	0	0	0	0	0	0
FBGN0023215	110	69	81	148	163	153
FBGN0004861	49	33	42	93	139	125
FBGN0000719	17	10	9	28	14	29
FBGN0040383	0	2	1	0	2	0
FBGN0030670	63	33	26	48	64	39
FBGN0266098	287	266	236	430	605	522
FBGN0030676	3	1	6	1	9	6
FBGN0029893	61	45	39	54	84	85
FBGN0031078	445	359	232	557	788	665
FBGN0030773	0	0	0	0	0	0
FBGN0004656	558	411	391	391	637	553
FBGN0031150	6	3	4	7	8	9
FBGN0267048	0	0	0	0	0	0
FBGN0039945	9	8	1	17	15	8
FBGN0029657	0	0	0	0	0	0
FBGN0030921	0	0	0	0	0	0
FBGN0029660	0	0	0	0	0	0
FBGN0054015	5	5	5	13	7	13
FBGN0265610	0	0	0	0	0	0
FBGN0030439	0	0	0	0	0	0
FBGN0285926	112	104	74	194	238	307
FBGN0262685	0	0	0	0	0	0
FBGN0030336	50	48	50	44	99	123
FBGN0030926	1	0	1	0	1	4
FBGN0001491	84	60	38	95	92	88
FBGN0031155	0	0	0	0	0	0
FBGN0030195	0	0	0	0	0	0
FBGN0262866	17	27	25	40	53	33
FBGN0041629	24	20	5	7	5	1
FBGN0000618	49	27	45	39	59	62
FBGN0261811	165	95	133	164	271	236
FBGN0260482	0	0	0	0	0	0
FBGN0030296	0	0	0	0	0	0
FBGN0024362	43	16	30	40	47	33
FBGN0029812	0	0	0	0	0	0
FBGN0030558	0	0	0	0	0	0
FBGN0052564	0	0	0	0	0	0
FBGN0042146	0	0	0	0	0	0
FBGN0010296	0	0	0	0	0	0
FBGN0030395	0	0	0	0	0	0
FBGN0028343	117	91	76	165	223	198
FBGN0030589	0	0	0	0	0	0
FBGN0030883	2	1	0	6	8	8
FBGN0030121	28	27	11	26	40	30
FBGN0260753	0	0	0	0	0	0
FBGN0030389	0	0	0	0	0	0
FBGN0022355	11	33	58	25	38	76
FBGN0030691	0	0	1	0	0	0
FBGN0030017	0	0	0	0	2	0
FBGN0029823	212	224	158	249	416	396
FBGN0031018	0	0	0	0	0	0
FBGN0030749	232	183	153	150	242	225
FBGN0030504	179	158	126	203	253	244
FBGN0052695	0	0	0	0	0	0
FBGN0000611	372	303	305	581	854	752
FBGN0025624	1	6	5	20	36	17
FBGN0026433	40	45	34	63	92	64
FBGN0011586	24	36	24	37	51	68
FBGN0003360	976	962	720	1398	2491	2191
FBGN0025393	9	6	2	3	1	1
FBGN0030807	0	0	0	0	0	0
FBGN0260871	0	0	0	0	0	0
FBGN0265575	3	6	3	10	9	16
FBGN0030088	12	3	5	12	12	6
FBGN0030431	4	3	3	4	16	11
FBGN0030563	0	0	0	0	0	0
FBGN0026088	10	10	13	28	27	21
FBGN0029828	0	0	0	0	0	0
FBGN0052813	4	0	0	0	0	1
FBGN0000359	0	0	0	0	0	0
FBGN0262610	0	0	0	0	0	0
FBGN0025111	0	0	0	1	5	0
FBGN0030329	321	287	173	300	456	433
FBGN0001087	184	138	100	160	252	211
FBGN0260789	121	86	67	88	141	113
FBGN0030931	10	0	0	0	0	1
FBGN0030814	0	0	0	0	0	0
FBGN0003447	536	483	288	438	652	531
FBGN0030657	29	30	19	16	30	19
FBGN0278608	820	677	711	760	935	980
FBGN0288733	0	0	0	0	0	0
FBGN0025381	21	16	17	27	46	36
FBGN0052702	0	4	2	1	7	40
FBGN0027084	339	284	198	339	494	440
FBGN0029959	8	10	10	17	20	23
FBGN0030805	123	102	82	85	163	125
FBGN0288738	0	0	0	0	0	0
FBGN0040942	9	9	12	36	31	35
FBGN0030665	0	1	1	0	1	0
FBGN0025835	0	0	0	0	0	0
FBGN0030006	5	9	8	20	21	21
FBGN0260484	1	1	6	0	5	5
FBGN0000152	17	21	12	18	22	19
FBGN0259108	11	11	14	5	12	8
FBGN0040353	0	2	0	0	0	1
FBGN0261277	25	17	18	35	74	56
FBGN0000928	1	1	0	1	1	3
FBGN0030766	10	10	12	55	75	61
FBGN0027359	73	72	42	95	112	127
FBGN0031066	213	161	155	177	260	255
FBGN0031116	0	0	0	0	0	0
FBGN0288747	0	0	0	0	0	0
FBGN0027556	51	34	16	53	86	58
FBGN0025809	37	16	40	44	67	72
FBGN0030956	10	15	16	35	13	36
FBGN0030859	0	0	0	0	0	0
FBGN0040931	26	21	30	57	76	74
FBGN0265767	0	2	3	1	7	6
FBGN0002948	69	50	31	79	72	103
FBGN0030443	0	2	0	1	0	0
FBGN0023517	85	46	57	66	66	67
FBGN0003969	135	93	96	154	218	237
FBGN0052594	43	40	21	49	75	63
FBGN0001206	36	25	19	52	76	56
FBGN0028397	0	0	0	0	0	0
FBGN0001186	116	119	85	147	286	194
FBGN0052523	0	0	0	0	0	0
FBGN0029922	1	1	0	4	4	2
FBGN0029851	0	0	0	0	0	0
FBGN0031091	6	6	5	20	24	40
FBGN0030813	19	25	18	15	11	18
FBGN0026679	78	74	47	114	147	131
FBGN0000459	12	4	14	8	21	15
FBGN0263830	0	0	0	0	0	0
FBGN0052707	39	26	30	56	65	81
FBGN0030623	0	0	0	0	0	0
FBGN0052588	0	0	0	0	0	0
FBGN0288743	0	0	0	0	0	0
FBGN0025628	135	108	102	131	180	144
FBGN0031081	0	0	0	1	4	4
FBGN0031144	47	26	31	37	38	46
FBGN0030597	0	2	0	0	0	0
FBGN0066114	13	14	7	26	24	32
FBGN0026749	3	3	7	25	30	7
FBGN0029665	5	2	9	15	29	19
FBGN0265630	81	85	57	87	110	148
FBGN0085440	0	0	0	0	0	0
FBGN0031086	0	0	0	0	0	0
FBGN0031011	84	84	69	102	190	141
FBGN0261793	26	35	31	57	88	84
FBGN0031098	150	103	89	155	213	211
FBGN0030221	0	0	0	0	0	0
FBGN0052521	54	31	38	42	77	53
FBGN0030051	4	8	0	7	15	7
FBGN0003371	694	494	432	418	575	578
FBGN0000108	3	5	6	0	2	1
FBGN0029937	11	18	10	22	26	19
FBGN0052650	0	0	0	0	0	0
FBGN0264954	0	0	0	0	0	0
FBGN0085357	0	0	1	0	0	0
FBGN0029931	0	0	0	0	0	0
FBGN0027498	27	28	17	32	65	55
FBGN0011822	0	0	0	0	0	0
FBGN0029966	0	0	0	0	0	0
FBGN0031119	51	35	27	69	74	83
FBGN0030629	11	5	17	5	6	3
FBGN0024980	0	0	0	0	0	0
FBGN0030167	0	0	0	0	0	0
FBGN0000524	57	35	24	112	141	131
FBGN0030638	10	17	5	18	23	31
FBGN0030841	0	5	1	6	7	9
FBGN0052783	0	0	0	0	0	0
FBGN0000927	0	0	0	0	0	0
FBGN0030304	0	0	0	0	0	0
FBGN0000137	0	2	0	2	5	4
FBGN0029737	31	28	14	52	59	49
FBGN0052797	0	0	0	0	0	0
FBGN0030893	0	0	0	1	0	0
FBGN0030968	0	1	1	2	3	0
FBGN0265535	0	0	0	0	0	0
FBGN0022786	49	31	35	55	89	58
FBGN0261954	372	261	250	412	580	495
FBGN0040351	0	0	0	0	0	0
FBGN0015558	1	0	0	2	1	0
FBGN0030734	214	139	127	320	408	410
FBGN0014026	1244	1095	951	1490	2608	2400
FBGN0031170	5	6	10	7	10	24
FBGN0044046	0	0	0	0	0	0
FBGN0010292	176	140	127	124	197	200
FBGN0029712	0	2	0	0	1	4
FBGN0030157	0	0	4	0	0	1
FBGN0029770	0	3	0	0	0	0
FBGN0069973	0	0	1	0	0	0
FBGN0030886	0	0	0	0	0	0
FBGN0085362	0	0	0	0	0	0
FBGN0030360	13	16	13	17	32	20
FBGN0003423	202	109	133	195	245	212
FBGN0026313	36	14	7	36	41	32
FBGN0029685	20	9	6	14	20	16
FBGN0029825	14	6	3	1	8	4
FBGN0265416	0	0	0	0	0	0
FBGN0030375	0	0	0	0	0	0
FBGN0030855	100	89	86	88	131	122
FBGN0030607	1	1	4	6	13	2
FBGN0030816	11	11	8	13	20	15
FBGN0029935	8	5	2	0	9	8
FBGN0015794	28	28	30	45	111	75
FBGN0030025	54	34	25	31	37	35
FBGN0027342	42	57	43	86	127	146
FBGN0030364	40	49	34	43	87	84
FBGN0029874	14	11	7	9	15	19
FBGN0030479	93	90	69	65	155	143
FBGN0004828	760	632	662	1413	1910	1924
FBGN0053669	0	0	0	0	0	0
FBGN0260855	18	8	7	19	36	34
FBGN0004403	151	126	153	194	370	365
FBGN0284408	1099	867	699	1280	1646	1525
FBGN0028474	368	264	212	199	272	264
FBGN0053239	0	0	0	0	0	0
FBGN0262976	0	0	0	0	3	0
FBGN0259168	138	98	95	179	257	259
FBGN0259196	0	0	0	0	0	0
FBGN0030245	124	78	71	139	207	166
FBGN0259231	0	0	0	0	0	0
FBGN0052549	37	43	26	30	70	46
FBGN0026428	128	90	87	129	174	210
FBGN0026079	202	198	134	185	335	282
FBGN0030868	0	0	0	0	0	0
FBGN0264503	0	0	0	0	0	0
FBGN0021767	0	0	0	0	0	0
FBGN0030093	274	234	192	368	589	608
FBGN0030082	322	222	148	168	263	233
FBGN0025621	96	39	43	43	92	58
FBGN0024182	8	2	7	23	28	16
FBGN0000808	0	0	0	0	0	0
FBGN0250862	0	0	1	0	0	1
FBGN0031042	0	1	0	0	0	0
FBGN0030840	0	0	0	0	0	0
FBGN0003656	59	30	30	71	79	72
FBGN0030507	36	32	17	38	69	84
FBGN0031130	0	0	0	0	0	0
FBGN0031132	0	0	0	0	0	0
FBGN0026175	0	0	0	0	0	0
FBGN0030001	1	4	1	0	0	1
FBGN0023536	21	16	17	17	31	22
FBGN0265413	191	192	130	212	318	310
FBGN0026872	4	0	0	0	1	0
FBGN0024975	12	10	9	16	14	10
FBGN0266434	0	0	0	0	0	0
FBGN0030495	0	0	0	0	0	0
FBGN0031069	48	47	31	72	82	90
FBGN0004102	6	0	2	0	0	0
FBGN0030590	0	0	2	0	0	0
FBGN0287454	23	33	25	15	28	24
FBGN0025391	0	1	0	0	0	0
FBGN0030029	0	0	0	0	0	0
FBGN0260812	0	0	0	0	0	0
FBGN0002878	110	79	70	138	166	208
FBGN0029688	133	140	124	190	284	279
FBGN0052576	18	15	11	14	28	22
FBGN0250788	540	539	444	1015	1576	1368
FBGN0027330	233	220	190	250	389	401
FBGN0030704	5	2	1	10	7	17
FBGN0025815	515	461	339	505	682	838
FBGN0030071	0	0	0	0	0	0
FBGN0029521	0	0	0	0	0	0
FBGN0030218	1	3	0	0	5	3
FBGN0004050	32	27	21	54	83	51
FBGN0040349	0	0	3	0	0	2
FBGN0030522	17	15	6	18	29	42
FBGN0052815	0	0	0	0	0	0
FBGN0030311	8	9	5	18	15	11
FBGN0052625	0	0	1	0	0	0
FBGN0259204	0	0	0	1	3	0
FBGN0030480	15	12	21	23	43	61
FBGN0025625	0	0	1	0	0	0
FBGN0029747	0	0	0	0	0	0
FBGN0003374	17	29	18	3	5	10
FBGN0031093	27	26	31	25	58	73
FBGN0266431	0	0	0	0	0	0
FBGN0031022	9	10	2	10	10	9
FBGN0030576	0	0	0	0	0	2
FBGN0030659	27	31	13	41	31	45
FBGN0259677	0	1	0	0	0	0
FBGN0040651	0	0	0	0	0	0
FBGN0261873	119	76	85	103	221	213
FBGN0040285	204	192	114	146	188	148
FBGN0265598	29	9	14	12	37	21
FBGN0086558	78	71	54	95	140	129
FBGN0011606	335	225	187	280	345	340
FBGN0004368	93	75	79	124	171	178
FBGN0030596	0	0	0	0	0	0
FBGN0029752	0	0	0	0	0	0
FBGN0030435	50	48	29	65	90	77
FBGN0026876	31	16	12	25	33	35
FBGN0029864	0	0	0	0	0	0
FBGN0260858	26	25	21	16	23	25
FBGN0028491	5	11	2	11	15	3
FBGN0025549	6	11	2	16	13	11
FBGN0031036	77	48	32	53	73	70
FBGN0029898	134	110	56	130	166	128
FBGN0029587	0	0	0	0	0	0
FBGN0025638	127	93	135	133	157	113
FBGN0030316	0	11	5	5	5	6
FBGN0263511	0	1	0	0	0	0
FBGN0052557	0	0	0	1	0	29
FBGN0030314	35	24	34	34	61	35
FBGN0030007	277	240	213	203	317	309
FBGN0266429	0	0	0	0	0	0
FBGN0030307	0	1	0	0	0	0
FBGN0003747	0	0	0	0	0	0
FBGN0053172	28	25	10	29	31	34
FBGN0030411	9	3	1	3	3	5
FBGN0029924	89	85	50	103	184	111
FBGN0003345	189	124	138	212	311	281
FBGN0052563	0	0	0	0	0	0
FBGN0261524	59	25	31	70	108	86
FBGN0030228	25	25	18	27	49	42
FBGN0030246	87	85	46	62	112	83
FBGN0260870	0	0	0	0	0	0
FBGN0029980	17	16	13	21	32	45
FBGN0029885	121	84	87	105	105	121
FBGN0039946	13	8	11	7	24	29
FBGN0052671	0	0	0	0	0	0
FBGN0031141	0	0	0	0	0	0
FBGN0030346	2	2	1	4	11	4
FBGN0030376	0	0	0	0	0	0
FBGN0031182	0	0	0	0	1	3
FBGN0029726	0	0	0	0	0	0
FBGN0030289	54	66	41	63	91	127
FBGN0023518	96	75	68	111	177	161
FBGN0030451	35	23	30	35	49	53
FBGN0030377	10	8	4	1	3	4
FBGN0030406	14	24	19	8	20	32
FBGN0030034	355	272	269	469	662	657
FBGN0027553	72	58	42	68	98	97
FBGN0285910	34	22	26	61	84	87
FBGN0287210	28	11	32	16	26	29
FBGN0031191	24	26	13	29	30	32
FBGN0026089	39	25	24	46	64	69
FBGN0029716	0	1	0	0	0	0
FBGN0004066	609	465	416	467	631	660
FBGN0052699	54	60	44	92	116	118
FBGN0031034	0	0	0	0	0	0
FBGN0004047	0	0	0	0	0	0
FBGN0010383	10	4	0	3	10	10
FBGN0030738	235	189	170	145	215	209
FBGN0024986	28	20	14	22	35	52
FBGN0029946	0	0	0	0	0	0
FBGN0030927	14	2	13	16	21	32
FBGN0030544	0	7	2	0	0	2
FBGN0029896	16	18	26	12	22	23
FBGN0023545	121	74	39	74	105	101
FBGN0030030	6	2	1	4	12	1
FBGN0053177	0	0	0	0	0	0
FBGN0029969	193	139	114	147	233	174
FBGN0029718	100	65	51	63	133	142
FBGN0030890	19	22	22	54	69	80
FBGN0030891	134	99	99	93	158	117
FBGN0011754	22	21	13	41	60	74
FBGN0030391	14	9	5	20	40	23
FBGN0052750	0	0	0	0	0	0
FBGN0030536	0	0	0	0	0	0
FBGN0029964	0	0	0	0	0	0
FBGN0030041	3	0	0	5	4	0
FBGN0261446	45	42	28	37	58	84
FBGN0030058	0	0	0	0	0	0
FBGN0029783	5	4	0	4	5	3
FBGN0029962	0	0	0	0	0	0
FBGN0029811	0	0	0	0	0	0
FBGN0030776	0	0	0	0	0	0
FBGN0030183	0	0	0	2	2	2
FBGN0030292	25	20	22	27	54	48
FBGN0029835	3	6	0	3	1	3
FBGN0030467	4	2	2	0	8	3
FBGN0024941	0	0	0	0	0	0
FBGN0283432	0	0	0	0	0	0
FBGN0029915	100	129	93	110	143	134
FBGN0030552	81	61	57	83	115	69
FBGN0029804	9	13	11	18	24	19
FBGN0264078	69	45	37	70	102	102
FBGN0015799	327	178	164	256	297	328
FBGN0265726	0	2	2	0	0	0
FBGN0004034	22	6	10	3	2	0
FBGN0029725	0	0	0	0	0	0
FBGN0286877	0	0	0	0	0	0
FBGN0004657	491	437	313	599	886	925
FBGN0030710	41	33	23	77	103	111
FBGN0029750	0	0	0	0	0	0
FBGN0029817	0	0	0	0	0	0
FBGN0052814	0	0	0	0	0	0
FBGN0025635	26	31	23	37	34	31
FBGN0052638	21	13	4	28	36	25
FBGN0025836	355	245	206	359	403	515
FBGN0052767	68	53	63	120	184	160
FBGN0030777	0	0	0	0	0	0
FBGN0284228	56	34	51	38	39	49
FBGN0029905	29	10	9	35	72	48
FBGN0262730	51	37	37	62	90	67
FBGN0259162	0	0	0	0	0	0
FBGN0021765	164	124	141	212	447	354
FBGN0030447	24	36	15	29	37	35
FBGN0015773	25	29	16	68	134	104
FBGN0029568	0	0	0	0	0	0
FBGN0014465	0	0	0	0	0	0
FBGN0029943	26	27	10	39	37	44
FBGN0027791	0	4	1	4	4	9
FBGN0000257	14	11	20	15	57	31
FBGN0031048	7	6	9	15	17	23
FBGN0011758	5	8	3	11	10	8
FBGN0030952	0	0	0	0	0	0
FBGN0053666	0	0	0	0	0	0
FBGN0029839	0	0	0	0	0	0
FBGN0031052	298	226	167	293	428	490
FBGN0264975	1124	935	826	1453	2032	1971
FBGN0288742	0	0	0	0	0	0
FBGN0024364	125	131	108	112	158	125
FBGN0026878	0	0	1	0	0	0
FBGN0053238	0	0	0	0	0	0
FBGN0052633	0	0	0	0	0	6
FBGN0030832	0	0	0	0	0	0
FBGN0029881	19	18	29	37	51	61
FBGN0011761	0	0	0	0	0	0
FBGN0030057	56	74	66	126	180	178
FBGN0029987	0	0	0	0	0	0
FBGN0025613	0	0	0	0	0	0
FBGN0030367	0	0	0	0	0	0
FBGN0029801	21	12	6	12	34	27
FBGN0264691	32	33	34	61	88	91
FBGN0031088	0	0	0	2	0	0
FBGN0030181	0	0	0	0	0	0
FBGN0030898	0	0	0	0	0	0
FBGN0029975	3	4	0	2	4	8
FBGN0285947	1671	1380	1115	949	1700	1667
FBGN0030769	0	0	0	0	0	0
FBGN0031031	0	0	0	2	2	2
FBGN0030746	0	0	0	0	0	0
FBGN0029932	2	8	0	2	3	3
FBGN0045073	219	186	180	228	315	289
FBGN0259994	0	2	0	0	0	1
FBGN0024993	25	16	21	14	19	17
FBGN0029856	0	1	0	2	0	4
FBGN0265523	351	254	328	382	609	529
FBGN0030774	0	0	2	0	0	0
FBGN0029957	73	50	42	57	94	60
FBGN0000427	0	0	0	0	0	0
FBGN0030983	0	0	0	0	0	0
FBGN0052571	0	0	0	0	0	0
FBGN0025642	0	0	0	0	0	0
FBGN0040877	0	0	0	0	0	0
FBGN0030844	0	0	0	0	0	0
FBGN0030400	140	123	91	133	205	242
FBGN0067052	0	0	0	0	0	0
FBGN0040922	0	0	0	0	0	0
FBGN0030348	0	0	0	0	0	0
FBGN0052673	0	0	0	0	0	0
FBGN0265608	0	0	0	0	0	0
FBGN0030731	198	87	85	225	327	378
FBGN0030331	0	0	0	0	0	0
FBGN0001092	1031	961	822	1416	1845	1826
FBGN0262612	0	0	0	0	0	0
FBGN0030787	23	16	34	33	32	35
FBGN0025387	2	1	0	0	1	2
FBGN0010198	105	96	86	195	389	307
FBGN0030240	20	7	12	32	58	59
FBGN0002917	0	0	0	0	0	0
FBGN0052670	0	0	0	0	0	0
FBGN0086693	0	0	0	0	0	0
FBGN0261849	0	0	0	0	0	0
FBGN0030506	35	38	31	28	57	35
FBGN0259110	0	0	0	0	0	0
FBGN0264393	0	0	0	0	0	0
FBGN0030365	66	54	48	98	109	130
FBGN0029799	0	0	0	0	0	0
FBGN0260748	56	63	29	117	152	96
FBGN0004370	181	163	142	278	371	433
FBGN0030711	32	25	18	55	59	72
FBGN0029552	0	0	0	0	0	0
FBGN0030722	0	0	0	0	0	0
FBGN0288740	0	0	0	0	0	0
FBGN0030241	254	218	201	342	464	576
FBGN0030946	54	40	34	60	130	100
FBGN0283451	1117	828	715	1643	3041	2486
FBGN0030795	3	1	0	0	0	0
FBGN0030317	0	0	0	0	0	0
FBGN0266354	0	0	0	0	0	0
FBGN0001218	3706	2735	2497	3782	5526	4933
FBGN0261245	0	0	0	0	0	0
FBGN0024995	0	0	0	0	0	0
FBGN0029606	0	0	0	0	0	0
FBGN0030900	4	6	4	14	13	3
FBGN0027795	0	0	0	0	0	0
FBGN0029990	15	39	78	17	16	12
FBGN0029814	39	31	14	93	123	187
FBGN0267043	0	0	0	0	0	0
FBGN0052631	0	0	0	0	0	0
FBGN0263216	0	0	0	0	1	0
FBGN0030502	36	19	18	27	35	37
FBGN0030159	34	14	15	99	100	67
FBGN0267384	20	7	6	25	53	22
FBGN0030817	0	0	0	0	0	0
FBGN0031194	114	87	56	166	226	169
FBGN0283545	0	0	0	0	0	0
FBGN0265362	4	10	12	9	22	10
FBGN0262734	1156	844	780	685	985	952
FBGN0030099	41	16	23	28	60	48
FBGN0030060	116	85	71	142	176	220
FBGN0030990	49	44	43	60	84	84
FBGN0259918	0	0	0	0	0	0
FBGN0040382	66	65	50	134	301	233
FBGN0004057	32	32	28	36	75	72
FBGN0026430	111	83	87	172	245	193
FBGN0030806	68	64	65	94	156	145
FBGN0052786	0	0	0	0	0	0
FBGN0030136	438	401	340	341	452	483
FBGN0030465	33	14	34	40	54	61
FBGN0030571	21	13	17	27	15	16
FBGN0261617	652	460	448	543	724	680
FBGN0030230	0	0	0	0	0	0
FBGN0030418	34	36	42	43	73	64
FBGN0263772	0	1	0	0	1	0
FBGN0266710	0	1	1	0	0	0
FBGN0052644	0	0	0	0	0	0
FBGN0030040	6	0	1	0	0	4
FBGN0053499	0	0	0	0	0	0
FBGN0029895	25	22	5	27	44	50
FBGN0030608	673	463	433	761	1085	898
FBGN0025837	2	0	2	1	0	0
FBGN0030305	260	145	95	144	191	217
FBGN0002707	47	32	39	50	57	63
FBGN0000382	81	70	57	102	144	131
FBGN0040929	4	10	5	27	13	23
FBGN0030929	8	3	0	0	0	35
FBGN0264739	0	0	0	0	0	0
FBGN0030280	0	0	0	0	0	0
FBGN0030620	0	0	0	0	0	0
FBGN0053237	0	0	0	0	0	0
FBGN0029858	17	21	18	19	28	39
FBGN0262101	0	0	1	0	0	0
FBGN0030540	0	0	0	0	0	0
FBGN0052647	0	0	0	0	0	0
FBGN0264077	0	0	0	0	1	3
FBGN0031094	86	70	36	88	80	109
FBGN0029664	19	9	12	14	14	16
FBGN0027537	210	198	133	375	531	501
FBGN0029914	9	21	6	42	35	45
FBGN0053240	0	0	0	0	0	0
FBGN0001624	212	146	145	291	409	423
FBGN0030936	0	0	0	0	0	0
FBGN0030786	11	30	20	21	43	40
FBGN0004650	0	0	0	0	0	0
FBGN0250869	4	6	4	10	10	13
FBGN0052547	0	0	0	0	0	0
FBGN0029821	0	1	0	0	0	0
FBGN0085366	0	0	0	0	0	0
FBGN0030699	59	53	34	69	93	94
FBGN0040309	523	409	384	449	631	660
FBGN0030309	24	23	22	75	98	80
FBGN0052685	177	143	173	195	240	232
FBGN0004647	2425	1939	1559	2827	3911	3882
FBGN0030742	2	0	0	0	0	1
FBGN0030239	44	25	29	21	40	45
FBGN0029911	3	11	1	8	24	12
FBGN0054028	0	0	0	0	0	0
FBGN0026873	7	16	23	24	42	45
FBGN0030351	49	34	28	45	44	44
FBGN0029531	0	0	0	0	4	0
FBGN0288734	0	0	0	0	0	0
FBGN0263005	29	22	8	45	68	57
FBGN0003048	77	54	76	113	156	119
FBGN0025378	0	0	0	0	0	0
FBGN0040372	167	103	110	151	212	164
FBGN0030009	0	0	0	0	0	0
FBGN0000479	1	0	0	1	0	1
FBGN0040334	33	23	22	42	65	46
FBGN0029701	0	0	0	0	0	0
FBGN0030770	0	0	0	0	0	0
FBGN0030011	0	0	0	3	8	2
FBGN0030096	113	119	60	142	186	209
FBGN0029679	0	0	0	0	2	0
FBGN0025612	0	0	0	0	0	0
FBGN0031038	0	0	0	0	0	0
FBGN0040343	0	0	0	0	0	0
FBGN0029669	0	0	0	0	0	0
FBGN0029930	0	0	0	0	0	0
FBGN0028341	145	111	84	139	165	165
FBGN0259098	0	1	0	0	0	0
FBGN0030260	0	0	0	0	0	0
FBGN0030720	340	249	179	278	321	372
FBGN0001083	101	63	53	88	142	129
FBGN0029646	0	0	0	0	0	0
FBGN0026713	204	134	130	134	150	148
FBGN0030161	0	0	0	0	0	0
FBGN0030234	1	1	0	0	5	1
FBGN0029768	0	0	0	0	0	0
FBGN0031068	6	3	4	14	25	19
FBGN0020653	725	567	481	851	1329	1321
FBGN0083981	0	0	0	0	0	0
FBGN0029696	0	0	0	0	0	0
FBGN0283471	1	16	60	1	1	0
FBGN0030790	19	23	24	37	52	44
FBGN0029827	0	0	0	0	0	0
FBGN0015036	0	0	0	0	0	0
FBGN0029762	0	0	0	0	0	0
FBGN0262111	10	7	8	12	25	10
FBGN0030283	0	0	0	0	0	0
FBGN0030794	16	9	2	3	7	6
FBGN0003575	259	136	115	162	200	224
FBGN0030261	0	0	0	0	0	0
FBGN0030054	203	139	141	188	231	268
FBGN0083940	84	50	60	83	157	109
FBGN0085358	0	0	0	0	0	0
FBGN0030102	0	3	4	0	0	0
FBGN0263968	127	112	78	177	266	278
FBGN0030918	0	0	0	0	0	0
FBGN0259241	0	0	0	0	0	0
FBGN0029681	0	0	0	0	2	0
FBGN0030880	0	0	0	0	0	0
FBGN0029709	212	187	150	187	335	256
FBGN0029861	55	63	48	74	94	101
FBGN0002641	50	56	37	53	92	91
FBGN0030420	8	10	5	16	17	33
FBGN0030160	79	54	52	108	186	117
FBGN0040373	43	35	15	56	79	84
FBGN0003057	0	0	0	0	0	0
FBGN0024991	22	13	8	23	39	48
FBGN0030455	0	0	0	0	0	0
FBGN0024943	0	0	0	0	0	0
FBGN0030520	480	514	391	704	916	931
FBGN0023514	112	91	86	120	139	197
FBGN0052687	0	1	0	1	2	0
FBGN0029979	333	233	219	239	439	472
FBGN0030015	0	0	0	0	0	0
FBGN0030941	11	33	14	35	75	39
FBGN0029971	5	8	5	20	20	15
FBGN0030298	0	0	0	0	0	0
FBGN0031002	0	0	0	0	0	0
FBGN0029629	331	249	261	282	408	422
FBGN0052666	99	88	73	131	181	154
FBGN0030104	0	0	0	0	0	0
FBGN0022770	3	8	10	5	6	9
FBGN0027546	75	51	30	57	73	72
FBGN0030441	0	0	0	0	0	0
FBGN0267033	43	38	35	37	51	40
FBGN0030802	120	108	110	93	118	107
FBGN0040394	35	29	31	67	81	102
FBGN0030694	11	5	6	7	12	13
FBGN0030592	0	0	1	5	0	0
FBGN0029877	0	0	0	0	0	1
FBGN0025739	117	98	78	112	182	192
FBGN0000179	121	124	107	192	327	312
FBGN0001250	180	147	131	204	374	338
FBGN0259245	0	0	0	0	0	0
FBGN0010269	53	43	36	54	76	57
FBGN0020369	417	287	306	408	631	620
FBGN0030992	0	0	0	0	0	1
FBGN0015519	0	0	0	0	0	0
FBGN0030440	0	0	0	0	0	0
FBGN0053502	0	0	0	0	0	0
FBGN0086367	31	25	22	25	49	29
FBGN0030105	7	0	12	2	1	0
FBGN0052580	0	0	0	0	0	0
FBGN0014133	215	168	231	313	440	392
FBGN0262656	194	133	117	290	406	401
FBGN0028480	13	13	13	24	48	45
FBGN0030804	0	0	0	0	0	0
FBGN0030643	0	0	0	0	0	0
FBGN0029687	346	281	244	394	533	531
FBGN0030853	71	71	64	114	148	124
FBGN0267253	0	0	0	0	0	0
FBGN0003366	0	2	5	0	0	0
FBGN0030327	40	31	23	28	44	42
FBGN0002590	1636	1486	1214	1713	2482	2232
FBGN0030593	0	0	1	0	0	0
FBGN0015926	70	92	67	99	130	115
FBGN0040336	1	0	4	3	10	1
FBGN0030369	0	0	0	0	0	0
FBGN0030839	22	22	9	19	22	24
FBGN0004649	0	0	0	0	0	0
FBGN0030538	0	0	0	0	0	0
FBGN0004404	56	55	30	93	195	145
FBGN0024987	112	80	88	138	197	176
FBGN0031006	60	54	50	125	148	150
FBGN0040376	0	0	0	0	0	0
FBGN0014868	494	395	311	627	887	878
FBGN0030789	54	49	41	56	77	80
FBGN0026084	1659	1162	953	1463	1860	1776
FBGN0030756	0	0	1	0	1	0
FBGN0030073	0	0	0	2	9	7
FBGN0029974	0	0	0	0	0	0
FBGN0030982	0	0	0	0	0	0
FBGN0031090	32	18	17	26	68	44
FBGN0004198	46	44	41	87	116	101
FBGN0000077	25	15	14	22	24	35
FBGN0030271	0	0	0	0	0	0
FBGN0052512	4	6	8	9	6	3
FBGN0031161	73	68	46	64	79	94
FBGN0029818	80	86	44	136	157	183
FBGN0029947	0	0	0	0	0	0
FBGN0004227	813	569	497	483	659	691
FBGN0030851	43	24	41	38	49	66
FBGN0029859	0	0	0	0	0	0
FBGN0029753	0	0	0	0	0	0
FBGN0030874	12	12	15	16	22	20
FBGN0020378	17	6	4	0	9	0
FBGN0029722	0	0	0	0	0	0
FBGN0020513	210	163	154	167	259	264
FBGN0053243	0	0	0	0	0	0
FBGN0030687	77	60	51	128	120	123
FBGN0030432	0	0	0	0	0	2
FBGN0066303	1	0	2	2	1	7
FBGN0024897	0	0	2	0	0	0
FBGN0023516	43	27	31	24	68	72
FBGN0030667	0	0	0	0	0	1
FBGN0027603	114	95	108	205	276	237
FBGN0023550	0	3	0	0	0	0
FBGN0030107	0	1	0	0	0	2
FBGN0026751	75	39	23	52	58	45
FBGN0023520	19	18	22	30	46	35
FBGN0029694	0	0	1	0	0	0
FBGN0026058	0	0	0	0	0	0
FBGN0029945	0	0	0	0	0	0
FBGN0030103	0	0	0	0	0	0
FBGN0029504	52	38	33	65	64	76
FBGN0000394	47	19	38	42	43	50
FBGN0260869	0	0	0	0	0	0
FBGN0263747	0	0	2	0	1	0
FBGN0030217	19	21	5	17	30	13
FBGN0004397	226	200	100	231	319	288
FBGN0025634	51	43	51	63	77	77
FBGN0029870	127	115	97	131	202	196
FBGN0030566	0	0	0	0	0	0
FBGN0003449	290	233	201	230	330	292
FBGN0030837	17	1	0	0	0	0
FBGN0030494	116	189	84	126	187	211
FBGN0030600	0	0	0	3	0	1
FBGN0003139	39	39	39	47	85	64
FBGN0023528	110	70	44	73	143	131
FBGN0029912	33	13	21	49	47	53
FBGN0023513	66	51	45	80	73	134
FBGN0029763	150	126	119	143	190	183
FBGN0030293	206	157	126	206	345	259
FBGN0265139	0	0	0	0	0	0
FBGN0030481	0	0	1	3	4	4
FBGN0030559	0	0	0	0	0	0
FBGN0263829	2	1	0	1	0	0
FBGN0030678	16	11	16	38	33	42
FBGN0029965	0	0	0	0	0	0
FBGN0024365	95	79	65	90	159	144
FBGN0030685	70	42	46	96	92	108
FBGN0023130	4	1	1	12	5	7
FBGN0026085	23	12	15	31	27	41
FBGN0030485	25	22	19	52	94	81
FBGN0015286	53	49	20	45	58	52
FBGN0030980	0	0	0	0	0	0
FBGN0261383	61	80	56	66	127	109
FBGN0029994	0	1	0	0	0	0
FBGN0085354	0	0	0	1	3	2
FBGN0052537	3	0	1	0	2	0
FBGN0030671	11	7	4	0	12	6
FBGN0030486	82	59	45	82	110	98
FBGN0265267	0	0	0	0	0	0
FBGN0030666	6	4	4	17	16	17
FBGN0010240	0	0	0	0	0	0
FBGN0029710	49	63	42	70	76	60
FBGN0030460	12	13	25	16	36	32
FBGN0031005	0	0	0	0	0	0
FBGN0020508	5	0	13	0	0	2
FBGN0031039	5	4	10	11	20	20
FBGN0067861	0	0	0	0	0	0
FBGN0029936	19	20	29	38	36	30
FBGN0030492	0	0	0	0	0	0
FBGN0052645	5	3	2	3	9	11
FBGN0259927	0	0	1	0	0	0
FBGN0029837	0	0	0	0	0	0
FBGN0053252	0	0	0	0	0	0
FBGN0030330	24	34	14	53	67	51
FBGN0011837	194	134	107	169	272	297
FBGN0285970	0	0	0	0	0	0
FBGN0030869	10	2	7	14	24	24
FBGN0040366	15	6	10	18	9	13
FBGN0030272	0	0	0	0	0	0
FBGN0039942	2	0	0	9	1	5
FBGN0283469	152	150	142	165	266	245
FBGN0000826	0	0	0	2	0	0
FBGN0004687	191	198	139	321	386	355
FBGN0030932	3	2	1	3	2	10
FBGN0031008	13	8	12	13	15	16
FBGN0028746	14	13	7	1	15	7
FBGN0040904	0	0	0	0	0	0
FBGN0013987	315	226	195	211	352	281
FBGN0023519	64	74	41	91	111	167
FBGN0030174	2	0	1	0	0	0
FBGN0085360	1	0	1	0	2	0
FBGN0030530	68	36	36	70	146	95
FBGN0031184	0	0	0	0	0	0
FBGN0030341	86	68	66	143	154	122
FBGN0030684	0	0	0	0	0	0
FBGN0015789	65	42	56	52	64	54
FBGN0052642	0	0	0	0	0	0
FBGN0030276	137	117	128	121	203	239
FBGN0052656	0	0	0	0	0	0
FBGN0030122	89	112	83	121	159	184
FBGN0003301	61	55	50	111	132	84
FBGN0029662	48	26	21	55	123	68
FBGN0030947	0	0	1	0	0	0
FBGN0266284	177	171	143	190	262	255
FBGN0040356	0	0	0	0	0	0
FBGN0261616	0	0	0	0	0	0
FBGN0025394	21	18	18	34	69	47
FBGN0266569	0	5	1	0	0	0
FBGN0030669	6	5	1	7	7	2
FBGN0023531	10	3	8	2	12	4
FBGN0030290	0	1	1	1	1	0
FBGN0023527	164	96	78	85	116	132
FBGN0030466	126	76	70	168	181	201
FBGN0030954	0	4	0	7	5	10
FBGN0030087	71	53	40	63	114	101
FBGN0040393	0	0	2	0	0	0
FBGN0264395	0	0	0	0	0	0
FBGN0003321	134	77	88	130	188	184
FBGN0031109	0	0	0	0	0	0
FBGN0283712	50	23	33	92	90	84
FBGN0029819	4	24	13	22	34	23
FBGN0030658	94	81	49	63	92	100
FBGN0029949	0	0	0	0	0	0
FBGN0004655	195	133	106	174	211	216
FBGN0031128	0	0	0	0	0	0
FBGN0024184	0	2	0	0	0	0
FBGN0015818	64	35	33	89	168	117
FBGN0027794	97	58	62	88	138	129
FBGN0040207	60	31	59	61	136	144
FBGN0030178	23	15	12	11	39	18
FBGN0288690	31	24	18	34	51	51
FBGN0001090	1414	1285	1103	1571	2612	2819
FBGN0029715	103	62	89	103	171	119
FBGN0029535	0	0	0	0	0	0
FBGN0029909	0	0	0	0	0	0
FBGN0260780	0	0	0	0	0	0
FBGN0052672	143	116	110	282	373	334
FBGN0053668	0	0	0	0	0	0
FBGN0053542	1	0	0	0	0	2
FBGN0030984	1	0	0	0	0	0
FBGN0261461	54	24	31	38	78	51
FBGN0267967	3	3	5	7	3	5
FBGN0029728	0	0	0	0	0	0
FBGN0267912	6	10	6	13	26	17
FBGN0029906	10	5	12	20	39	34
FBGN0030575	0	2	0	0	0	0
FBGN0030186	0	0	0	0	1	0
FBGN0029879	0	0	0	1	0	0
FBGN0025814	36	35	20	59	118	93
FBGN0029532	0	0	0	0	0	0
FBGN0040907	25	13	16	29	45	45
FBGN0030584	24	19	14	21	27	42
FBGN0030812	115	134	112	152	184	204
FBGN0029798	40	23	29	65	69	37
FBGN0029970	163	141	102	133	184	231
FBGN0031054	16	4	9	24	21	12
FBGN0261610	20	9	13	16	26	13
FBGN0000360	0	0	0	0	0	0
FBGN0010391	104	91	77	181	230	278
FBGN0030005	0	0	0	0	0	0
FBGN0003865	0	0	0	0	0	0
FBGN0030796	3	9	3	4	9	12
FBGN0005391	0	0	0	0	0	0
FBGN0030408	0	0	0	0	1	0
FBGN0019929	0	0	0	0	0	0
FBGN0284222	0	0	1	2	2	3
FBGN0052732	24	11	18	42	64	51
FBGN0022724	28	11	9	39	38	31
FBGN0030120	0	0	0	0	0	0
FBGN0030433	14	9	23	31	42	25
FBGN0062413	10	6	13	20	26	22
FBGN0030066	4	5	2	9	9	14
FBGN0014466	0	0	0	0	0	0
FBGN0030137	8	2	9	10	18	21
FBGN0065035	7	27	19	16	21	14
FBGN0030357	2	3	0	0	1	9
FBGN0288731	0	0	0	0	0	0
FBGN0040388	371	277	258	342	598	587
FBGN0029661	0	0	0	0	0	0
FBGN0015024	654	498	374	701	924	788
FBGN0030615	0	0	6	0	0	0
FBGN0029838	1	5	0	2	1	5
FBGN0263258	99	54	80	115	185	208
FBGN0000221	9	8	4	14	22	18
FBGN0030008	11	5	1	6	16	16
FBGN0030050	0	0	0	0	0	0
FBGN0052569	0	0	0	0	0	0
FBGN0020261	154	140	139	200	339	334
FBGN0266019	89	59	77	115	178	201
FBGN0030614	0	0	0	0	0	0
FBGN0250874	46	34	44	86	177	103
FBGN0030270	0	0	0	0	0	0
FBGN0029836	0	1	0	0	0	1
FBGN0026702	26	16	14	35	48	25
FBGN0029667	0	0	0	0	0	0
FBGN0025800	38	29	36	99	151	144
FBGN0031117	10	7	11	20	29	23
FBGN0030297	0	0	0	0	0	0
FBGN0029989	0	0	0	0	0	0
FBGN0015379	165	155	100	100	144	140
FBGN0029769	0	0	0	0	0	0
FBGN0027280	81	93	56	144	177	208
FBGN0030053	31	51	30	27	57	53
FBGN0031178	4	0	0	1	0	0
FBGN0031057	227	193	163	269	528	476
FBGN0043903	236	198	206	399	636	584
FBGN0030803	18	11	17	19	36	38
FBGN0262534	0	0	0	0	0	0
FBGN0261791	278	145	185	144	177	178
FBGN0031021	32	46	43	49	49	46
FBGN0029745	0	0	0	0	0	0
FBGN0030974	347	237	207	183	254	232
FBGN0029676	11	3	9	2	5	4
FBGN0053247	0	0	0	0	0	0
FBGN0040398	14	15	7	9	14	5
FBGN0030539	3	2	1	1	5	4
FBGN0030697	0	1	0	0	0	0
FBGN0030588	7	3	8	4	6	6
FBGN0263706	168	99	127	150	279	232
FBGN0003654	26	16	11	22	59	37
FBGN0040068	25	15	31	54	65	94
FBGN0028292	9	4	4	15	14	11
FBGN0010295	0	0	0	0	0	0
FBGN0029999	62	58	60	87	127	140
FBGN0025639	233	113	158	223	294	306
FBGN0003218	1	5	4	10	28	10
FBGN0030542	1	0	0	3	3	1
FBGN0002561	5	0	0	0	0	0
FBGN0029995	0	0	0	0	0	0
FBGN0030703	153	106	79	171	206	178
FBGN0030332	1	0	0	0	0	0
FBGN0003655	0	0	0	0	0	0
FBGN0029573	0	0	0	0	0	0
FBGN0030187	0	0	0	0	0	0
FBGN0040392	1	2	0	2	4	3
FBGN0023523	0	0	0	0	0	0
FBGN0040941	0	1	7	1	3	1
FBGN0030269	21	21	14	35	61	43
FBGN0044030	25	11	15	18	32	30
FBGN0023169	50	47	25	77	137	135
FBGN0030345	11	7	7	9	15	31
FBGN0085521	0	0	0	0	0	0
FBGN0030700	1	1	1	1	8	0
FBGN0265784	19	10	12	12	30	21
FBGN0040850	0	0	1	0	2	0
FBGN0030456	108	97	77	97	189	148
FBGN0040087	167	143	130	169	223	195
FBGN0042132	12	4	5	18	22	29
FBGN0085693	0	0	0	0	0	0
FBGN0259170	95	100	61	145	185	200
FBGN0030912	0	1	0	3	0	1
FBGN0086778	0	0	0	0	0	0
FBGN0259150	0	0	0	0	0	0
FBGN0264389	19	10	19	15	18	24
FBGN0025616	0	0	0	0	0	0
FBGN0030686	93	68	75	58	102	94
FBGN0023458	178	185	171	223	322	339
FBGN0261848	0	0	0	0	0	0
FBGN0040871	0	0	0	0	0	0
FBGN0024238	176	170	115	242	444	346
FBGN0085350	0	0	0	0	0	0
FBGN0030114	111	85	56	112	139	121
FBGN0030319	0	0	0	0	0	0
FBGN0052718	0	0	0	0	0	0
FBGN0027329	604	592	426	919	1468	1375
FBGN0029986	0	0	0	0	0	0
FBGN0261592	1906	1559	1410	1296	1945	2009
FBGN0030945	24	15	14	25	42	31
FBGN0260006	1	3	2	4	5	4
FBGN0031064	0	0	0	0	0	0
FBGN0086368	134	92	107	175	222	225
FBGN0263512	0	0	0	0	0	0
FBGN0029996	20	14	9	37	52	29
FBGN0040153	16	20	17	14	30	35
FBGN0052720	0	0	0	0	0	0
FBGN0023506	34	18	19	21	30	39
FBGN0031085	0	0	0	0	0	0
FBGN0030373	0	0	0	0	0	0
FBGN0027334	44	53	55	60	89	99
FBGN0052570	0	0	0	0	0	0
FBGN0030570	0	0	0	0	0	0
FBGN0259149	0	0	0	0	0	0
FBGN0030680	87	57	44	93	119	98
FBGN0030390	0	1	0	0	0	0
FBGN0030800	3	5	0	14	19	14
FBGN0000667	145	178	185	302	399	429
FBGN0040360	0	0	0	0	0	0
FBGN0030074	0	0	0	0	0	0
FBGN0030933	1	0	0	0	0	0
FBGN0000042	4556	4628	3031	10017	17308	15830
FBGN0263132	305	256	203	394	586	498
FBGN0030085	0	0	0	0	1	0
FBGN0260986	62	35	48	39	49	47
FBGN0026666	11	3	18	9	14	5
FBGN0052758	21	18	33	46	67	57
FBGN0086384	29	12	9	16	43	46
FBGN0029711	4	0	1	1	2	3
FBGN0288732	0	0	0	0	0	0
FBGN0030089	272	164	158	237	377	372
FBGN0030301	109	110	68	121	192	214
FBGN0250871	890	737	699	997	1656	1558
FBGN0030306	339	265	252	366	540	492
FBGN0004391	129	117	80	164	235	225
FBGN0046687	15	13	13	5	24	37
FBGN0029891	36	46	43	54	74	72
FBGN0030826	0	0	0	0	0	0
FBGN0010315	46	31	31	81	122	126
FBGN0040900	2	2	0	0	0	0
FBGN0004956	12	3	6	8	12	11
FBGN0030630	98	71	67	70	123	100
FBGN0053082	9	3	0	5	2	4
FBGN0029824	5	3	5	4	15	5
FBGN0030263	308	164	193	225	311	286
FBGN0265417	0	0	0	0	0	0
FBGN0024985	45	59	34	49	76	71
FBGN0030603	0	0	1	0	4	2
FBGN0029929	49	31	34	43	44	57
FBGN0263237	45	25	20	36	56	66
FBGN0029754	0	1	0	0	1	1
FBGN0040364	1	0	0	0	0	0
FBGN0259923	4	0	0	0	1	0
FBGN0030707	0	0	0	0	0	0
FBGN0052719	0	0	0	0	0	0
FBGN0083167	15	18	20	38	62	72
FBGN0085351	0	0	0	0	0	0
FBGN0025615	157	142	106	187	275	309
FBGN0023507	10	2	1	9	14	13
FBGN0024984	1	0	0	0	0	0
FBGN0003068	0	0	0	0	0	0
FBGN0020255	1229	966	963	1016	1281	1268
FBGN0052506	0	0	0	0	0	1
FBGN0030452	0	0	7	6	5	5
FBGN0052626	56	42	24	94	117	126
FBGN0040905	0	0	0	0	0	0
FBGN0030764	0	0	0	0	0	0
FBGN0030243	117	82	70	94	166	172
FBGN0030854	157	144	136	233	388	300
FBGN0029968	0	0	0	0	0	0
FBGN0030000	132	97	60	77	105	96
FBGN0031026	0	0	0	0	0	0
FBGN0001565	87	100	73	96	139	181
FBGN0086675	0	1	0	0	1	0
FBGN0030688	2	0	0	0	1	5
FBGN0029761	0	1	0	0	0	0
FBGN0031004	2	0	0	0	0	0
FBGN0052528	67	39	33	97	144	138
FBGN0015010	4	0	3	0	0	35
FBGN0030718	118	86	59	165	208	174
FBGN0030362	168	199	285	131	139	93
FBGN0030417	0	0	0	0	0	0
FBGN0052756	5	6	8	6	6	11
FBGN0030511	2	1	6	4	3	5
FBGN0030569	30	11	13	22	33	36
FBGN0288729	0	0	0	0	0	0
FBGN0023540	17	10	6	17	40	19
FBGN0030202	0	0	0	0	0	0
FBGN0266430	0	0	0	0	0	0
FBGN0000028	0	0	0	0	0	0
FBGN0039944	10	5	2	11	18	19
FBGN0030897	0	0	0	0	0	0
FBGN0030061	165	147	171	156	201	231
FBGN0262738	11	7	16	23	14	9
FBGN0031111	0	0	0	0	0	0
FBGN0030503	27	13	12	9	26	29
FBGN0001150	0	0	0	0	0	0
FBGN0030993	14	3	1	6	5	5
FBGN0025620	0	0	2	0	1	1
FBGN0030768	80	85	45	103	144	126
FBGN0030979	0	0	0	0	0	0
FBGN0040890	35	31	16	40	47	50
FBGN0031003	36	49	37	34	77	79
FBGN0085361	0	0	0	0	0	0
FBGN0026090	27	4	8	5	12	12
FBGN0025864	182	136	120	241	326	249
FBGN0000346	72	49	21	25	69	77
FBGN0030846	0	0	0	0	0	0
FBGN0030581	3	2	2	0	2	3
FBGN0040333	0	0	0	0	0	0
FBGN0262811	0	0	0	0	0	0
FBGN0029663	0	0	0	0	0	0
FBGN0262810	0	0	0	0	0	0
FBGN0030339	0	0	0	0	0	0
FBGN0264309	0	0	0	0	0	0
FBGN0010014	0	0	0	0	0	0
FBGN0031143	109	87	51	100	156	174
FBGN0030876	4	1	2	2	5	5
FBGN0000711	82	75	70	65	88	98
FBGN0030959	55	44	19	29	29	51
FBGN0052667	0	0	2	0	0	0
FBGN0040359	4	4	0	1	6	1
FBGN0003464	24	19	28	33	50	29
FBGN0029720	2	4	1	4	7	4
FBGN0029880	0	0	0	0	0	0
FBGN0029639	0	0	0	0	0	0
FBGN0030895	0	0	0	0	0	0
FBGN0004864	62	63	48	112	121	147
FBGN0011661	1756	1324	1199	1676	2359	2632
FBGN0017561	0	0	0	0	0	0
FBGN0016041	130	100	127	118	166	163
FBGN0027279	48	44	40	108	102	106
FBGN0024250	162	122	108	218	309	285
FBGN0000259	112	118	95	180	248	263
FBGN0261260	980	804	594	1439	2020	2040
FBGN0031110	0	0	0	0	0	0
FBGN0052751	0	0	0	0	0	0
FBGN0030258	0	0	0	0	0	0
FBGN0023534	2	0	2	0	1	0
FBGN0030277	2	0	0	0	0	0
FBGN0040344	57	24	29	70	64	53
FBGN0016975	0	0	0	0	0	0
FBGN0024992	53	47	53	43	70	65
FBGN0030873	32	21	17	23	27	35
FBGN0085443	76	88	66	89	159	153
FBGN0029992	91	76	50	169	186	170
FBGN0030148	0	0	0	0	0	0
FBGN0029717	0	0	0	0	0	0
FBGN0026181	208	193	173	242	353	384
FBGN0030026	10	3	14	14	17	10
FBGN0031145	77	48	50	72	125	107
FBGN0029700	0	0	0	0	0	0
FBGN0031000	0	0	0	0	0	0
FBGN0030944	101	86	58	128	189	148
FBGN0030797	4	0	0	1	8	4
FBGN0030101	10	6	8	9	29	20
FBGN0262575	0	0	0	0	0	0
FBGN0029067	30	19	15	44	69	35
FBGN0026415	362	322	270	598	679	557
FBGN0029854	47	35	41	23	37	43
FBGN0031092	173	161	116	276	375	359
FBGN0029589	0	0	0	0	0	0
FBGN0029942	11	11	6	4	16	3
FBGN0030870	158	149	90	267	556	453
FBGN0031100	0	0	0	0	0	0
FBGN0040338	0	0	0	0	0	0
FBGN0030035	95	73	82	125	157	184
FBGN0011276	0	0	0	0	0	0
FBGN0029746	1	0	3	0	2	4
FBGN0259198	0	0	0	0	0	0
FBGN0003302	27	17	13	29	34	24
FBGN0030386	0	0	0	0	0	0
FBGN0029672	80	68	73	125	161	200
FBGN0030960	7	3	1	10	16	22
FBGN0264598	0	0	0	1	0	0
FBGN0040358	0	0	0	0	0	0
FBGN0030717	42	28	20	34	59	41
FBGN0052581	1	1	1	6	1	9
FBGN0023542	136	115	128	132	172	239
FBGN0030014	0	0	0	0	0	0
FBGN0030310	2	2	2	1	9	8
FBGN0004854	27	7	16	10	18	12
FBGN0000319	1713	1580	1053	2152	2865	2837
FBGN0265629	0	0	0	0	0	0
FBGN0002723	21	7	16	26	35	34
FBGN0030223	0	0	0	0	0	0
FBGN0265595	0	0	0	0	0	0
FBGN0030655	47	40	43	47	91	73
FBGN0026015	273	147	113	100	146	153
FBGN0040354	0	0	0	0	0	0
FBGN0030915	20	23	25	29	39	30
FBGN0040391	0	0	0	0	0	0
FBGN0030551	0	0	0	0	0	0
FBGN0023510	71	45	58	96	144	116
FBGN0029849	6	4	5	24	28	11
FBGN0031196	0	0	0	0	0	2
FBGN0000482	49	56	41	69	118	129
FBGN0040352	0	0	0	0	0	0
FBGN0085377	14	9	2	13	22	14
FBGN0026323	26	43	28	63	101	71
FBGN0000635	741	683	476	831	1187	1119
FBGN0029958	26	35	9	32	39	52
FBGN0029848	2	0	0	0	0	0
FBGN0030462	0	0	0	0	0	0
FBGN0052677	0	3	1	1	1	0
FBGN0030541	0	0	0	0	0	0
FBGN0026076	11	25	15	57	71	45
FBGN0262827	0	0	0	0	0	0
FBGN0030086	574	539	389	774	1310	1189
FBGN0029800	20	17	7	19	25	36
FBGN0027343	26	22	22	75	91	94
FBGN0030799	18	19	7	50	72	41
FBGN0030723	0	0	0	0	0	0
FBGN0005670	1	2	5	5	0	0
FBGN0031040	58	34	46	44	45	41
FBGN0029502	37	25	26	13	21	21
FBGN0030594	1	8	5	3	1	0
FBGN0052819	0	0	0	0	0	0
FBGN0029822	13	13	23	32	65	38
FBGN0029867	95	57	84	124	174	160
FBGN0031080	0	2	3	0	0	0
FBGN0030586	5	0	2	1	1	2
FBGN0031149	521	386	284	546	790	720
FBGN0031050	18	32	20	42	86	45
FBGN0028969	253	182	137	199	359	348
FBGN0030582	68	38	29	65	101	83
FBGN0053241	0	0	0	0	0	0
FBGN0031089	0	8	4	0	3	3
FBGN0030914	0	0	1	0	0	0
FBGN0002873	316	249	234	375	457	475
FBGN0259195	0	0	0	0	0	0
FBGN0086450	0	0	0	0	0	0
FBGN0030995	13	1	4	15	12	10
FBGN0030189	6	3	8	0	2	3
FBGN0029766	221	190	197	39	28	30
FBGN0015774	69	53	42	117	115	116
FBGN0261609	706	454	380	521	625	657
FBGN0031197	0	0	0	0	0	0
FBGN0030501	25	15	31	12	20	12
FBGN0029948	0	0	0	0	0	0
FBGN0026206	14	21	16	39	42	46
FBGN0030660	21	16	5	32	32	20
FBGN0029603	0	0	0	0	0	0
FBGN0030679	0	4	10	1	9	6
FBGN0052532	0	0	0	0	0	0
FBGN0002914	166	116	129	223	317	265
FBGN0030882	0	0	0	0	0	0
FBGN0259223	0	0	0	0	0	0
FBGN0031171	0	0	0	0	0	0
FBGN0031139	0	0	0	0	0	0
FBGN0259188	0	0	0	0	0	0
FBGN0027335	209	138	147	139	186	183
FBGN0030033	0	0	0	0	0	0
FBGN0030976	0	0	2	0	0	0
FBGN0003517	639	575	411	878	1796	1692
FBGN0029907	0	0	0	0	0	0
FBGN0031044	4	5	17	2	7	5
FBGN0030815	0	0	0	0	0	0
FBGN0000376	19	23	17	28	56	43
FBGN0052572	0	0	0	0	0	0
FBGN0288746	0	0	0	0	0	0
FBGN0029778	20	17	10	16	34	27
FBGN0026143	37	9	13	27	51	52
FBGN0003189	535	506	363	607	963	983
FBGN0261931	45	40	29	26	28	29
FBGN0030715	0	0	0	0	0	0
FBGN0011760	246	178	148	257	228	246
FBGN0004169	15	32	111	2	1	6
FBGN0024994	15	11	13	46	100	76
FBGN0052801	0	0	0	0	1	0
FBGN0000535	0	0	0	0	0	0
FBGN0030617	19	13	20	29	43	35
FBGN0030478	204	174	99	213	272	357
FBGN0030778	5	4	3	3	1	3
FBGN0030989	0	0	0	0	0	0
FBGN0030673	6	3	4	14	29	18
FBGN0032171	20	15	16	22	19	25
FBGN0031304	23	13	10	33	38	41
FBGN0267828	22	31	27	41	76	54
FBGN0026150	335	249	205	305	404	432
FBGN0053895	0	0	0	0	0	0
FBGN0015756	1182	979	821	1127	1580	1481
FBGN0031813	20	15	8	29	41	34
FBGN0032582	5	0	0	0	0	0
FBGN0283651	0	0	0	0	0	0
FBGN0032725	102	69	73	128	116	125
FBGN0083961	55	23	35	46	56	65
FBGN0027597	55	35	29	69	95	81
FBGN0032709	0	0	0	0	0	0
FBGN0032615	0	0	0	0	0	1
FBGN0261523	0	0	0	0	0	0
FBGN0031857	0	0	0	0	0	0
FBGN0032781	95	86	43	55	138	107
FBGN0053511	0	0	0	0	0	0
FBGN0032587	14	9	1	0	1	2
FBGN0031786	0	0	0	0	0	0
FBGN0024230	3	5	3	16	8	13
FBGN0031373	0	0	0	0	0	0
FBGN0028899	0	0	0	1	0	0
FBGN0026479	150	100	108	192	320	315
FBGN0032822	49	25	27	22	23	42
FBGN0000640	57	111	273	258	186	57
FBGN0051642	0	1	0	0	0	0
FBGN0025777	69	57	52	97	107	120
FBGN0031609	39	31	35	27	45	84
FBGN0032670	0	0	0	0	0	0
FBGN0032940	39	45	64	90	125	131
FBGN0015381	0	0	0	0	0	0
FBGN0041627	120	110	95	46	30	41
FBGN0032285	1	3	16	0	0	2
FBGN0051648	5	2	5	5	7	17
FBGN0032402	0	0	0	5	2	0
FBGN0032110	0	0	0	0	0	0
FBGN0086681	0	0	0	0	0	0
FBGN0031634	0	0	0	0	0	0
FBGN0032782	0	0	4	4	8	1
FBGN0032018	34	39	24	55	62	62
FBGN0053642	0	0	0	0	0	0
FBGN0032683	87	98	51	149	201	196
FBGN0028532	0	0	0	0	0	0
FBGN0032474	7	5	11	12	12	10
FBGN0031461	8	5	5	7	7	7
FBGN0031764	111	72	69	101	112	107
FBGN0001089	30	54	27	2	13	5
FBGN0032284	19	10	24	5	5	12
FBGN0265785	0	0	0	0	0	0
FBGN0283440	0	0	0	0	0	0
FBGN0032671	6	3	5	12	17	12
FBGN0005672	51	51	36	70	165	74
FBGN0053303	436	403	372	553	843	784
FBGN0051632	1	1	0	2	0	0
FBGN0259715	0	0	0	0	0	0
FBGN0031224	25	19	20	40	59	46
FBGN0032955	12	7	8	12	9	19
FBGN0028479	906	655	554	882	1328	1345
FBGN0032503	0	0	0	0	0	0
FBGN0032453	740	567	542	522	659	670
FBGN0053830	0	0	0	0	0	0
FBGN0051729	184	108	83	159	190	149
FBGN0028704	0	2	0	0	0	0
FBGN0020371	0	0	0	0	0	0
FBGN0024314	402	275	239	324	500	452
FBGN0045500	0	0	0	0	0	0
FBGN0017457	217	126	113	147	179	196
FBGN0005593	918	1056	791	1569	2418	2488
FBGN0032246	137	134	84	185	271	221
FBGN0032867	0	0	0	0	0	0
FBGN0083942	0	0	0	0	0	0
FBGN0032620	56	57	60	95	91	108
FBGN0031360	2	9	2	9	39	31
FBGN0031379	33	34	18	72	95	59
FBGN0000153	11	8	1	2	3	6
FBGN0260953	0	0	0	0	0	0
FBGN0032701	68	68	93	132	169	187
FBGN0026255	0	0	0	0	0	0
FBGN0264855	220	250	164	361	441	403
FBGN0032525	0	0	0	0	0	0
FBGN0032166	41	51	24	58	94	89
FBGN0032420	109	90	61	121	128	137
FBGN0031217	177	117	120	151	192	182
FBGN0085395	0	0	0	0	0	0
FBGN0032378	46	33	13	41	69	66
FBGN0032080	0	0	0	0	0	0
FBGN0051915	7	13	12	10	27	15
FBGN0032069	0	0	0	0	0	0
FBGN0051601	1	1	2	0	0	0
FBGN0263086	0	0	0	0	0	0
FBGN0031347	0	0	0	0	0	0
FBGN0031831	0	0	0	0	0	0
FBGN0032491	0	0	0	0	0	0
FBGN0259998	0	0	6	0	0	0
FBGN0031331	0	0	0	0	0	0
FBGN0265087	0	0	0	0	0	0
FBGN0051646	0	0	0	0	0	0
FBGN0051675	0	0	0	0	0	0
FBGN0003372	3	0	2	0	0	1
FBGN0086711	6	13	7	15	12	13
FBGN0000579	480	451	490	709	1067	1132
FBGN0032294	0	0	1	0	0	0
FBGN0032230	89	49	35	116	125	102
FBGN0267821	272	239	180	172	327	279
FBGN0285948	1150	960	1016	1289	2074	1758
FBGN0259201	0	1	2	0	0	0
FBGN0053552	0	0	0	1	0	0
FBGN0262647	284	256	174	404	499	518
FBGN0261568	0	0	0	0	0	0
FBGN0032231	21	28	10	35	51	40
FBGN0051658	7	3	0	5	3	2
FBGN0025109	3	2	1	2	14	1
FBGN0053723	0	0	0	0	0	0
FBGN0031837	0	0	0	0	0	0
FBGN0027363	82	75	63	179	230	218
FBGN0031384	6	4	1	14	12	18
FBGN0031775	0	0	0	0	0	0
FBGN0032818	26	20	11	11	24	12
FBGN0264672	10	13	7	30	22	19
FBGN0051739	257	204	147	224	275	274
FBGN0259951	0	0	0	0	0	0
FBGN0024320	212	167	127	277	342	348
FBGN0015320	35	20	29	82	103	88
FBGN0031573	7	8	8	15	26	18
FBGN0032881	10	17	9	28	34	24
FBGN0040719	0	0	0	0	0	0
FBGN0031628	9	7	1	2	3	6
FBGN0261630	0	0	0	0	0	0
FBGN0260228	3	4	1	0	0	0
FBGN0003046	6	32	1	0	0	4
FBGN0028387	50	46	23	52	69	72
FBGN0028941	0	0	0	0	0	0
FBGN0032283	1	8	116	9	6	14
FBGN0040261	0	0	0	0	0	0
FBGN0016076	58	48	34	112	153	174
FBGN0032973	0	0	0	0	0	0
FBGN0032530	0	0	0	0	0	0
FBGN0024183	496	400	434	431	514	630
FBGN0045486	0	0	0	0	0	0
FBGN0261976	32	20	13	35	21	18
FBGN0011603	0	0	0	0	0	0
FBGN0032646	87	71	47	56	89	115
FBGN0085369	2	0	0	0	0	0
FBGN0083962	35	41	27	46	94	78
FBGN0027844	11	18	19	10	25	11
FBGN0051613	0	0	0	0	0	0
FBGN0032175	0	0	0	0	0	0
FBGN0015924	33	24	16	35	28	16
FBGN0032193	13	20	11	45	30	45
FBGN0032512	44	39	19	41	61	64
FBGN0032654	0	0	0	0	0	0
FBGN0053673	0	0	0	0	0	0
FBGN0264989	0	0	0	0	0	0
FBGN0262002	0	0	0	0	0	0
FBGN0032299	0	0	0	0	0	1
FBGN0025700	387	365	206	378	586	568
FBGN0053644	0	0	0	0	0	0
FBGN0284251	212	155	144	211	259	256
FBGN0085199	0	0	0	0	0	0
FBGN0032329	70	68	39	68	75	102
FBGN0262880	0	0	0	0	0	0
FBGN0053194	0	0	0	0	0	0
FBGN0051860	0	0	0	0	0	0
FBGN0032169	24	12	13	16	19	19
FBGN0032337	0	0	0	0	0	0
FBGN0051687	0	0	0	0	0	0
FBGN0031903	0	0	1	0	0	0
FBGN0031638	99	72	49	50	93	73
FBGN0243486	79	47	27	105	157	153
FBGN0085195	186	186	787	148	62	31
FBGN0264301	0	0	0	0	0	0
FBGN0031547	0	3	0	2	0	0
FBGN0028926	36	58	23	58	57	60
FBGN0051851	0	0	0	0	0	0
FBGN0032788	0	0	0	0	0	0
FBGN0259953	0	0	0	0	0	0
FBGN0031466	0	0	0	0	1	0
FBGN0000053	209	212	182	288	340	360
FBGN0032699	13	7	5	10	30	10
FBGN0032296	71	41	41	70	76	86
FBGN0267726	0	0	0	0	0	0
FBGN0031836	13	14	10	14	43	43
FBGN0032749	0	0	0	0	0	0
FBGN0032372	0	0	0	0	0	0
FBGN0015316	0	0	0	0	0	0
FBGN0032780	0	2	0	0	1	0
FBGN0032700	8	4	5	7	21	9
FBGN0051718	0	0	0	0	0	0
FBGN0051848	0	0	0	0	0	0
FBGN0263933	181	122	94	202	261	262
FBGN0031947	167	103	96	144	162	166
FBGN0032303	0	0	0	0	0	0
FBGN0085191	0	0	0	0	0	0
FBGN0054043	0	0	0	0	0	0
FBGN0032111	0	0	0	0	0	0
FBGN0053840	0	0	0	0	0	0
FBGN0032987	1326	1186	1224	931	1299	1101
FBGN0032176	0	0	0	0	0	0
FBGN0261068	54	39	24	68	85	102
FBGN0265968	22	19	6	18	24	21
FBGN0028986	0	0	0	0	0	0
FBGN0031753	0	0	0	0	0	0
FBGN0003961	0	0	2	0	0	0
FBGN0053832	0	0	0	0	0	0
FBGN0031497	738	590	563	610	951	859
FBGN0031558	1	2	34	6	0	1
FBGN0023091	0	0	0	0	0	0
FBGN0032858	24	8	25	28	38	31
FBGN0051797	0	0	0	0	0	0
FBGN0042126	0	0	0	0	0	0
FBGN0016978	131	121	118	127	119	137
FBGN0031289	0	0	0	0	0	0
FBGN0085343	1	9	5	8	7	8
FBGN0011272	1599	1132	1133	973	1366	1230
FBGN0262621	0	0	0	0	0	0
FBGN0031608	16	15	8	12	16	26
FBGN0051611	0	0	0	0	0	0
FBGN0043854	0	0	0	0	0	0
FBGN0032821	72	58	49	117	148	148
FBGN0053817	0	0	0	0	0	0
FBGN0053866	0	0	0	0	0	0
FBGN0051949	0	0	0	0	0	0
FBGN0031785	0	0	0	0	0	0
FBGN0263051	10	1	3	20	19	16
FBGN0032612	0	0	0	0	1	0
FBGN0031470	0	0	0	0	0	0
FBGN0085204	0	0	0	0	0	0
FBGN0086657	58	58	59	104	124	100
FBGN0032374	0	0	0	0	0	0
FBGN0051798	0	0	0	0	0	0
FBGN0031260	436	294	212	270	519	442
FBGN0040509	0	0	0	0	0	0
FBGN0032217	236	286	207	439	501	488
FBGN0051682	0	0	0	0	0	0
FBGN0031784	0	0	0	0	0	0
FBGN0051720	0	0	0	0	0	0
FBGN0031317	27	9	16	19	43	24
FBGN0025115	0	0	0	0	0	0
FBGN0031284	6	10	5	3	8	7
FBGN0243513	0	1	6	4	3	3
FBGN0032338	0	0	0	0	0	0
FBGN0031398	26	20	20	20	46	15
FBGN0031562	0	0	0	0	0	0
FBGN0031752	33	22	15	48	74	63
FBGN0053908	0	0	0	0	0	0
FBGN0031910	16	0	2	0	0	122
FBGN0032225	0	0	0	0	0	0
FBGN0026148	19	20	18	25	42	57
FBGN0032315	0	0	0	0	0	0
FBGN0032470	1	0	0	0	0	0
FBGN0031885	104	79	55	97	131	136
FBGN0263916	216	196	152	357	567	558
FBGN0051973	17	25	16	13	40	21
FBGN0259749	68	31	37	34	65	42
FBGN0265257	0	0	0	0	0	0
FBGN0031282	4	1	0	7	10	10
FBGN0069354	0	0	0	2	0	1
FBGN0028871	2	1	0	0	0	3
FBGN0032084	0	0	0	0	3	0
FBGN0087041	6	8	5	3	14	13
FBGN0263078	0	0	0	0	0	0
FBGN0016698	28	40	15	69	89	77
FBGN0032234	15	7	7	19	20	10
FBGN0032666	153	97	116	283	366	311
FBGN0004858	59	58	38	111	124	117
FBGN0261804	0	0	0	0	0	0
FBGN0002939	0	0	1	0	0	0
FBGN0031374	78	62	42	116	171	175
FBGN0031332	0	0	0	0	0	0
FBGN0264750	2	0	0	0	0	0
FBGN0031697	0	0	0	0	0	0
FBGN0041182	87	51	41	159	137	103
FBGN0032787	11	10	7	15	10	18
FBGN0031865	0	9	0	0	0	1
FBGN0031515	1	0	1	1	0	0
FBGN0031457	24	11	3	9	35	23
FBGN0004363	875	803	619	1021	1543	1488
FBGN0261054	0	0	0	0	0	0
FBGN0010323	0	0	0	0	0	0
FBGN0032042	0	0	1	2	0	2
FBGN0032067	0	0	0	0	0	0
FBGN0262352	0	0	0	0	0	0
FBGN0032833	302	267	240	386	488	484
FBGN0032586	520	377	416	418	658	628
FBGN0259717	35	25	19	24	30	29
FBGN0028546	58	40	45	76	120	122
FBGN0002936	0	0	0	0	0	0
FBGN0053865	0	0	0	0	0	0
FBGN0004406	35	22	12	6	9	36
FBGN0028410	0	0	0	0	0	0
FBGN0261983	73	52	53	61	94	83
FBGN0051816	0	0	0	0	0	0
FBGN0031281	48	36	40	36	71	68
FBGN0016660	3	0	2	0	0	0
FBGN0019932	24	32	11	42	39	48
FBGN0031513	0	0	0	0	0	0
FBGN0032626	0	0	0	0	0	0
FBGN0032923	133	136	102	125	167	153
FBGN0032259	14	8	10	25	37	30
FBGN0031580	0	0	0	0	0	0
FBGN0085476	0	0	0	0	0	0
FBGN0051950	27	34	28	49	38	52
FBGN0031874	10	9	2	5	9	14
FBGN0051802	0	0	0	0	0	0
FBGN0051659	0	0	0	0	0	0
FBGN0041181	51	44	30	69	102	112
FBGN0286875	0	0	0	0	0	0
FBGN0001990	25	28	12	45	28	34
FBGN0031673	74	57	34	89	116	108
FBGN0004915	132	135	113	155	185	230
FBGN0263198	469	366	333	345	483	472
FBGN0032597	86	70	24	42	64	65
FBGN0028864	0	0	0	0	0	0
FBGN0031663	11	31	34	40	46	43
FBGN0031436	105	80	72	77	136	114
FBGN0032485	12	11	12	32	42	44
FBGN0053526	142	100	97	102	97	101
FBGN0032734	0	0	0	0	0	0
FBGN0250906	333	257	264	293	470	437
FBGN0027505	41	30	25	50	83	58
FBGN0005771	130	110	71	190	287	254
FBGN0032140	9	5	0	3	7	5
FBGN0053822	0	0	0	0	0	0
FBGN0265669	1	0	0	0	0	0
FBGN0031564	0	0	0	0	0	0
FBGN0028850	0	0	0	0	0	0
FBGN0032752	1	0	0	1	0	2
FBGN0005683	4	14	7	14	19	15
FBGN0028526	0	0	2	0	0	0
FBGN0262001	0	0	0	0	0	0
FBGN0283525	9	24	11	30	28	32
FBGN0025595	0	0	0	0	0	0
FBGN0261058	0	0	0	0	0	0
FBGN0032859	125	97	79	137	229	177
FBGN0085342	1	1	4	7	3	6
FBGN0259111	0	0	1	0	2	2
FBGN0028970	11	8	9	10	28	15
FBGN0028902	0	0	0	0	0	0
FBGN0025697	2	1	0	0	0	1
FBGN0053881	0	0	0	0	0	0
FBGN0032404	159	180	138	94	136	172
FBGN0002044	229	155	137	258	340	310
FBGN0043539	0	0	0	0	0	0
FBGN0032385	0	0	0	0	0	0
FBGN0031971	22	34	30	33	30	29
FBGN0015621	39	46	46	55	88	80
FBGN0259176	113	111	89	178	313	267
FBGN0263081	0	0	0	0	0	0
FBGN0023388	84	73	69	84	113	115
FBGN0028525	0	0	0	0	0	0
FBGN0032221	2	0	0	0	5	7
FBGN0031453	758	549	495	677	825	623
FBGN0086347	172	141	114	222	227	214
FBGN0031992	87	91	91	63	94	54
FBGN0263322	0	0	0	0	0	0
FBGN0002023	0	0	0	1	0	1
FBGN0085202	0	0	0	0	0	0
FBGN0031957	25	14	21	16	40	28
FBGN0031814	33	19	9	46	70	58
FBGN0032149	43	37	43	19	44	39
FBGN0263773	22	24	23	23	60	27
FBGN0032032	6	6	3	6	17	12
FBGN0001961	90	50	59	65	159	166
FBGN0259989	0	0	0	0	0	0
FBGN0031492	138	94	124	168	233	236
FBGN0032129	0	1	0	0	1	0
FBGN0267689	0	0	0	0	0	0
FBGN0053129	749	575	529	548	788	782
FBGN0031403	52	23	22	63	65	64
FBGN0028481	0	0	0	0	0	0
FBGN0262878	0	0	0	0	0	0
FBGN0028838	0	0	0	0	0	0
FBGN0031756	0	0	0	0	0	0
FBGN0065108	0	0	0	0	0	0
FBGN0025608	82	65	33	58	67	86
FBGN0085470	2	0	2	3	9	12
FBGN0032774	76	65	61	101	143	133
FBGN0028863	0	0	0	0	0	0
FBGN0032964	0	0	0	0	0	0
FBGN0250844	0	0	0	0	0	0
FBGN0031321	22	10	11	17	29	23
FBGN0025678	787	658	721	863	1441	1355
FBGN0032894	0	0	0	0	0	0
FBGN0010583	46	29	36	42	69	61
FBGN0284244	90	100	41	112	113	103
FBGN0028938	0	0	0	0	0	0
FBGN0031235	0	0	0	0	0	0
FBGN0031719	0	0	0	0	0	0
FBGN0032618	2	2	0	13	3	7
FBGN0262876	0	0	0	0	0	0
FBGN0032946	0	0	0	1	4	0
FBGN0260407	34	25	17	44	43	50
FBGN0053837	0	0	0	0	0	0
FBGN0031351	16	12	13	13	21	25
FBGN0062978	0	0	0	0	0	0
FBGN0032638	0	0	0	2	1	1
FBGN0032523	0	0	0	0	0	0
FBGN0260861	25	16	14	22	28	36
FBGN0032845	0	5	8	5	8	4
FBGN0032988	98	61	44	103	101	73
FBGN0032751	3	3	5	26	22	40
FBGN0054011	0	0	0	0	0	0
FBGN0053635	30	21	7	16	34	37
FBGN0051635	34	26	29	53	75	79
FBGN0032335	1	1	7	5	13	3
FBGN0027348	1	3	1	6	2	2
FBGN0031315	22	12	11	25	39	29
FBGN0032705	73	59	31	82	101	104
FBGN0262598	0	0	0	0	0	0
FBGN0083970	0	0	0	0	0	0
FBGN0032408	95	68	82	133	150	202
FBGN0031653	0	3	58	0	0	0
FBGN0032123	92	72	57	107	123	92
FBGN0264894	5	12	15	5	10	18
FBGN0261683	0	0	0	0	0	0
FBGN0032717	110	71	90	144	212	158
FBGN0032444	1394	1085	960	1085	1579	1627
FBGN0051712	38	28	22	31	32	30
FBGN0086707	229	199	180	235	239	244
FBGN0028879	0	0	0	0	3	0
FBGN0264810	0	0	0	0	0	1
FBGN0031715	1	0	0	0	0	0
FBGN0032721	314	303	224	494	599	637
FBGN0000056	0	0	0	0	0	0
FBGN0031724	0	0	0	0	0	0
FBGN0032966	0	0	0	0	0	0
FBGN0032013	0	0	0	0	0	0
FBGN0032910	13	5	4	15	17	19
FBGN0259713	0	0	0	0	0	0
FBGN0028947	0	0	0	0	0	0
FBGN0032198	715	498	547	776	889	818
FBGN0032382	13	2	2	11	11	20
FBGN0051832	0	0	0	0	0	0
FBGN0085190	0	0	0	0	0	0
FBGN0031264	90	63	44	39	88	70
FBGN0032549	0	0	0	0	0	0
FBGN0085370	63	52	45	70	95	74
FBGN0031925	0	0	0	0	0	0
FBGN0032167	8	9	9	28	47	31
FBGN0003979	0	0	0	0	0	0
FBGN0032445	36	37	19	33	56	35
FBGN0032095	0	0	0	0	0	0
FBGN0040519	0	0	0	0	0	0
FBGN0053883	0	0	0	0	0	0
FBGN0051988	0	0	0	0	0	0
FBGN0031830	194	178	179	177	209	192
FBGN0053824	0	0	0	0	0	0
FBGN0250835	0	0	0	0	0	0
FBGN0032482	27	18	17	22	38	28
FBGN0264979	1	3	0	0	0	7
FBGN0000229	81	63	38	125	173	137
FBGN0031700	0	0	0	0	0	0
FBGN0031707	0	0	0	0	0	0
FBGN0001941	42	32	24	59	113	100
FBGN0051710	22	12	13	12	23	18
FBGN0051961	30	22	32	29	71	21
FBGN0031324	0	0	0	0	0	0
FBGN0051624	0	0	0	0	0	0
FBGN0032514	154	118	103	249	382	240
FBGN0031563	0	0	0	0	0	0
FBGN0261800	890	760	541	1178	1721	1609
FBGN0051898	1	0	4	0	1	4
FBGN0051849	4	4	0	6	1	1
FBGN0053810	0	0	0	0	0	0
FBGN0032609	0	0	0	0	0	0
FBGN0031849	0	0	0	0	0	0
FBGN0053002	315	167	145	54	72	94
FBGN0284255	190	139	123	125	206	161
FBGN0032363	245	169	153	272	334	311
FBGN0028862	0	0	0	0	0	0
FBGN0032957	29	22	21	48	68	53
FBGN0016920	0	0	0	0	0	0
FBGN0000964	0	0	0	0	0	0
FBGN0031406	0	0	0	0	0	0
FBGN0031345	0	0	0	0	0	0
FBGN0032077	13	13	18	5	5	3
FBGN0005590	0	0	0	0	0	0
FBGN0086251	12	13	17	16	17	14
FBGN0031718	0	0	0	0	0	0
FBGN0000307	121	87	72	133	190	172
FBGN0287599	0	0	0	0	0	0
FBGN0032339	35	20	9	19	30	37
FBGN0025742	108	69	47	82	154	138
FBGN0032680	0	0	0	0	1	0
FBGN0261563	112	79	75	139	233	223
FBGN0046113	0	0	0	0	0	0
FBGN0267488	1169	974	726	1622	2130	2244
FBGN0031474	55	31	18	115	112	108
FBGN0051735	0	0	0	0	0	0
FBGN0001142	17	50	20	22	37	20
FBGN0032629	14	9	8	18	17	25
FBGN0261020	25	27	15	40	57	46
FBGN0032424	0	0	0	0	0	0
FBGN0032292	52	50	32	54	87	85
FBGN0261057	0	0	0	0	0	0
FBGN0261822	81	86	52	117	194	125
FBGN0032078	18	10	10	21	42	25
FBGN0031239	0	0	0	0	0	0
FBGN0259922	0	0	0	0	0	0
FBGN0031848	15	9	8	14	37	21
FBGN0014189	884	744	560	888	1414	1359
FBGN0010398	15	13	13	27	43	44
FBGN0027560	0	3	4	5	2	0
FBGN0031868	414	272	243	306	465	483
FBGN0041337	0	0	0	0	0	0
FBGN0031941	0	0	0	0	0	0
FBGN0039958	75	45	45	85	77	69
FBGN0040079	28	34	29	43	45	38
FBGN0031320	73	59	73	57	62	63
FBGN0032519	1	0	0	1	0	4
FBGN0032089	0	0	0	1	1	0
FBGN0260452	0	0	0	0	0	0
FBGN0010300	748	525	481	949	1297	1335
FBGN0027868	128	118	88	209	235	284
FBGN0003557	146	98	68	164	204	196
FBGN0020376	0	0	1	0	0	0
FBGN0051806	0	0	0	0	0	0
FBGN0002022	346	261	212	290	491	437
FBGN0262601	214	181	142	214	337	314
FBGN0051779	0	0	0	0	0	0
FBGN0032436	0	0	0	0	0	0
FBGN0031367	0	0	0	0	0	0
FBGN0259984	213	163	133	286	319	317
FBGN0262782	163	105	100	142	300	243
FBGN0032689	102	74	60	126	212	175
FBGN0001995	51	37	40	76	69	43
FBGN0051693	0	0	0	0	0	0
FBGN0032488	64	66	47	70	75	73
FBGN0020762	19	9	7	14	16	15
FBGN0032856	6	0	0	5	8	9
FBGN0032750	11	13	11	22	25	15
FBGN0031774	1	2	2	3	12	3
FBGN0032224	18	5	10	15	6	7
FBGN0051871	1	0	0	0	1	0
FBGN0027515	50	50	30	49	89	54
FBGN0031869	0	0	0	0	0	0
FBGN0264988	0	0	0	0	0	0
FBGN0031435	5	11	0	14	4	6
FBGN0261671	133	127	120	229	274	275
FBGN0004838	1783	1431	1211	1434	2359	2409
FBGN0028948	0	0	0	0	0	0
FBGN0032015	238	218	182	303	455	357
FBGN0263842	0	0	0	0	0	0
FBGN0031654	19	3	3	0	0	0
FBGN0032478	0	0	0	0	0	0
FBGN0261566	0	0	0	0	0	0
FBGN0031940	2	1	1	0	0	2
FBGN0040993	0	0	8	0	0	1
FBGN0031423	0	0	0	0	0	0
FBGN0031268	83	50	54	96	141	109
FBGN0028878	0	1	0	0	0	0
FBGN0053302	8	1	4	11	14	5
FBGN0003896	15	17	11	20	40	22
FBGN0032624	0	0	0	0	0	0
FBGN0051861	0	0	0	0	0	0
FBGN0053838	0	0	0	0	0	0
FBGN0026395	0	0	0	0	0	0
FBGN0031561	3	0	2	0	0	0
FBGN0032882	109	78	88	115	152	146
FBGN0032688	117	76	60	102	156	145
FBGN0031265	34	27	16	28	58	64
FBGN0001991	0	0	0	0	0	0
FBGN0260486	51	41	43	93	81	68
FBGN0040510	0	0	0	0	0	0
FBGN0031381	14	11	6	9	9	8
FBGN0028540	36	31	32	42	71	87
FBGN0262856	0	0	0	0	0	0
FBGN0032814	5	3	3	22	11	11
FBGN0028645	0	0	0	0	0	0
FBGN0032172	23	16	25	40	78	46
FBGN0031228	67	45	65	78	96	70
FBGN0042127	0	8	1	1	0	2
FBGN0031568	0	0	0	0	0	0
FBGN0003942	664	577	552	982	1478	1267
FBGN0283427	171	160	168	242	301	239
FBGN0032293	12	13	11	34	69	50
FBGN0032901	29	20	15	33	44	36
FBGN0032513	16	12	5	32	27	33
FBGN0032030	116	141	125	162	199	192
FBGN0032061	0	0	0	0	1	0
FBGN0051897	0	0	0	0	0	0
FBGN0005322	59	83	61	91	157	148
FBGN0053886	0	0	0	0	0	0
FBGN0032076	0	2	1	6	0	0
FBGN0031954	0	0	0	0	0	0
FBGN0003386	0	0	0	0	0	0
FBGN0004242	0	4	4	5	2	2
FBGN0031270	20	21	14	21	17	26
FBGN0040260	2	0	0	0	0	2
FBGN0032834	0	0	0	0	0	0
FBGN0051706	0	0	0	0	0	0
FBGN0032039	0	0	0	0	0	0
FBGN0053299	0	0	0	0	0	0
FBGN0051660	0	0	0	0	3	0
FBGN0027609	46	33	23	43	75	74
FBGN0031430	0	0	0	0	0	0
FBGN0032665	1	0	0	0	0	0
FBGN0003310	90	83	39	130	192	144
FBGN0031273	0	0	0	0	3	2
FBGN0051813	0	0	0	0	0	0
FBGN0260996	0	0	0	0	0	0
FBGN0003313	0	0	0	0	0	0
FBGN0032216	264	289	214	319	417	352
FBGN0032395	30	32	17	41	51	31
FBGN0264260	0	0	0	0	0	0
FBGN0031407	0	0	0	0	0	0
FBGN0051627	0	0	0	0	0	0
FBGN0040725	0	0	0	0	0	0
FBGN0000146	1	1	1	3	3	0
FBGN0031314	58	52	32	71	77	84
FBGN0002887	35	20	10	34	36	26
FBGN0031664	167	100	121	108	101	140
FBGN0040989	0	0	0	0	0	0
FBGN0031751	0	0	0	0	0	0
FBGN0051639	0	0	0	0	0	0
FBGN0000351	0	0	0	0	0	1
FBGN0031902	56	24	30	17	57	21
FBGN0020258	1	0	1	0	2	2
FBGN0031279	0	0	0	0	0	0
FBGN0031626	0	0	0	0	0	0
FBGN0011737	31	46	55	66	92	90
FBGN0017551	20	19	5	20	47	43
FBGN0263598	288	261	215	409	578	628
FBGN0031881	7	0	4	3	4	4
FBGN0051935	24	15	20	27	49	44
FBGN0085210	0	0	0	0	0	0
FBGN0260479	0	0	0	0	0	0
FBGN0261567	0	0	0	0	0	0
FBGN0053533	0	0	0	0	0	0
FBGN0263386	0	0	0	0	0	0
FBGN0051960	0	0	0	0	0	0
FBGN0000120	0	0	0	0	0	0
FBGN0000273	40	46	28	82	125	117
FBGN0267254	0	0	0	0	0	0
FBGN0024244	7	13	12	49	90	45
FBGN0032265	0	0	0	0	0	0
FBGN0260632	42	27	37	45	93	83
FBGN0032040	0	0	0	0	0	0
FBGN0031777	52	42	29	46	53	53
FBGN0032836	0	0	0	0	0	0
FBGN0040723	0	0	0	0	0	0
FBGN0261509	23	15	22	28	43	43
FBGN0015600	37	36	37	74	85	89
FBGN0053128	1	0	1	0	0	0
FBGN0051664	0	0	0	0	0	0
FBGN0032094	0	0	0	0	0	0
FBGN0026760	0	0	0	0	0	2
FBGN0031454	0	8	3	10	12	5
FBGN0031973	58	43	31	57	106	91
FBGN0028506	119	83	64	182	247	252
FBGN0031323	0	0	0	0	0	0
FBGN0032390	54	37	22	33	65	52
FBGN0085424	132	116	131	300	479	348
FBGN0015791	41	36	30	55	94	90
FBGN0028940	0	0	10	0	0	0
FBGN0000529	0	0	0	0	0	0
FBGN0031500	44	44	29	20	37	22
FBGN0053863	0	0	0	0	0	0
FBGN0032289	0	0	0	0	0	0
FBGN0283682	305	234	174	465	638	517
FBGN0032843	0	0	0	0	0	0
FBGN0267326	453	358	436	75	38	63
FBGN0031856	0	0	0	0	0	0
FBGN0032196	32	15	15	22	35	19
FBGN0250907	2728	2027	1556	3156	3691	3175
FBGN0031974	0	1	0	0	1	3
FBGN0041713	2	7	2	10	7	22
FBGN0051865	0	0	0	0	0	0
FBGN0085477	0	0	0	0	0	0
FBGN0001967	5	4	0	1	2	0
FBGN0001185	24	10	8	6	21	19
FBGN0053872	0	0	0	0	0	0
FBGN0032083	0	0	0	0	0	0
FBGN0032728	29	23	15	35	57	49
FBGN0024846	74	57	44	54	97	108
FBGN0015031	26	29	30	157	204	124
FBGN0015553	25	42	14	23	42	27
FBGN0031759	434	311	305	446	629	613
FBGN0046704	64	50	37	65	122	100
FBGN0259955	0	0	0	0	0	0
FBGN0032726	1	1	6	0	7	2
FBGN0040211	0	0	0	0	0	0
FBGN0051862	0	0	0	0	0	0
FBGN0031732	0	0	0	0	0	0
FBGN0022153	43	23	31	92	110	148
FBGN0046888	0	0	0	0	0	0
FBGN0052829	13	2	7	6	13	5
FBGN0053803	0	0	0	0	0	0
FBGN0040064	380	266	208	325	480	465
FBGN0031305	0	0	0	0	0	0
FBGN0031443	0	0	0	0	0	0
FBGN0032640	286	255	267	232	352	345
FBGN0003980	0	0	0	0	0	0
FBGN0031327	80	82	25	29	55	34
FBGN0032189	7	9	5	17	30	15
FBGN0031979	7	3	2	5	8	11
FBGN0262960	0	0	0	0	0	0
FBGN0028979	18	15	24	45	45	49
FBGN0032072	0	0	0	0	0	0
FBGN0031229	185	95	99	131	172	134
FBGN0086698	35	23	27	40	53	61
FBGN0031621	0	0	0	0	0	0
FBGN0021874	178	132	89	88	128	150
FBGN0051683	0	0	0	0	0	0
FBGN0032399	2	0	0	0	0	0
FBGN0032851	0	0	0	0	0	0
FBGN0032127	0	0	0	0	0	0
FBGN0067312	0	0	0	0	0	0
FBGN0053890	0	0	0	0	0	0
FBGN0032741	0	0	0	0	0	0
FBGN0026439	0	0	1	0	0	1
FBGN0032429	176	131	118	96	125	121
FBGN0053282	0	0	0	0	0	0
FBGN0032908	0	0	0	0	0	0
FBGN0031526	0	0	0	0	0	0
FBGN0032713	38	43	34	54	138	105
FBGN0032233	1	0	1	0	5	1
FBGN0051752	0	0	0	0	0	0
FBGN0031432	0	0	0	0	0	0
FBGN0032603	0	0	0	0	0	1
FBGN0032934	18	13	2	8	24	14
FBGN0261437	60	46	69	141	123	110
FBGN0031681	164	129	97	176	307	234
FBGN0003145	0	0	0	0	0	0
FBGN0027779	99	94	73	100	225	244
FBGN0031643	186	129	141	100	148	152
FBGN0020443	412	386	286	498	738	612
FBGN0053858	0	0	0	0	0	0
FBGN0032345	0	0	0	0	2	0
FBGN0086446	67	31	21	40	42	37
FBGN0259963	0	0	0	0	0	0
FBGN0031401	129	80	74	168	202	228
FBGN0086443	391	286	260	379	518	503
FBGN0031985	107	67	54	171	208	187
FBGN0000308	252	191	186	456	698	479
FBGN0024352	633	486	462	699	942	944
FBGN0051800	13	8	10	23	26	10
FBGN0250837	808	626	587	479	560	639
FBGN0029095	402	246	231	225	366	429
FBGN0266845	0	0	0	0	0	0
FBGN0053640	0	0	0	0	0	0
FBGN0051703	0	0	0	0	0	0
FBGN0032651	0	0	0	0	0	0
FBGN0031604	50	74	53	84	108	105
FBGN0032692	0	0	0	0	0	0
FBGN0032407	155	105	87	105	158	161
FBGN0015299	127	107	96	57	57	55
FBGN0026718	0	0	0	0	0	1
FBGN0032170	84	73	102	93	126	158
FBGN0032204	31	17	16	33	50	44
FBGN0267486	0	1	4	0	0	0
FBGN0031413	1	4	0	1	11	8
FBGN0032649	0	0	0	0	0	0
FBGN0032055	0	0	0	0	0	0
FBGN0284248	127	84	80	85	77	72
FBGN0028888	0	0	0	0	0	0
FBGN0052988	0	0	0	0	0	0
FBGN0288229	242	198	164	353	450	441
FBGN0031501	0	0	0	0	0	0
FBGN0032305	127	78	84	189	183	193
FBGN0032719	0	0	0	0	0	0
FBGN0032723	104	62	80	107	150	119
FBGN0026196	403	337	301	475	682	607
FBGN0027780	12	1	1	7	11	22
FBGN0027932	2843	2177	2329	2749	3683	3463
FBGN0014092	84	89	69	95	132	117
FBGN0028852	0	0	0	0	0	0
FBGN0053179	0	0	2	0	0	0
FBGN0028515	194	176	193	196	424	372
FBGN0031676	24	15	9	16	28	34
FBGN0032907	6	9	6	23	39	27
FBGN0287695	1	2	4	0	4	5
FBGN0051928	0	0	0	0	0	0
FBGN0031256	128	96	80	109	211	179
FBGN0031701	0	0	0	0	0	0
FBGN0032268	0	0	0	0	0	0
FBGN0053820	0	0	0	0	0	0
FBGN0040268	60	39	48	44	33	55
FBGN0263996	6	7	4	0	0	0
FBGN0027490	22	7	14	15	25	17
FBGN0053516	0	0	0	0	0	0
FBGN0051778	0	1	0	0	1	0
FBGN0051644	0	0	0	0	0	0
FBGN0040996	0	0	0	0	0	0
FBGN0040973	0	0	0	0	1	0
FBGN0031942	0	0	0	0	0	0
FBGN0031529	81	81	74	101	148	192
FBGN0260439	714	537	514	1224	1767	1791
FBGN0266666	188	96	152	190	178	163
FBGN0031209	0	0	0	0	0	0
FBGN0028700	87	66	50	131	170	188
FBGN0031531	0	0	0	0	0	0
FBGN0004611	43	24	23	33	86	94
FBGN0032456	264	236	243	130	157	173
FBGN0032873	51	69	49	52	58	76
FBGN0053833	0	0	0	0	0	0
FBGN0031905	0	0	0	0	0	0
FBGN0031397	0	0	0	0	0	0
FBGN0032219	0	0	0	0	1	0
FBGN0284223	0	0	0	0	0	0
FBGN0053853	0	0	0	0	0	0
FBGN0264443	2	1	2	9	12	19
FBGN0261790	81	71	76	176	186	238
FBGN0028430	0	3	8	1	10	3
FBGN0053873	0	0	0	0	0	0
FBGN0261055	0	0	0	0	0	0
FBGN0028894	14	14	7	23	24	31
FBGN0053871	0	0	0	0	0	0
FBGN0032243	27	27	8	31	27	42
FBGN0031694	0	0	0	0	0	0
FBGN0031248	0	1	68	0	2	0
FBGN0002563	57	100	694	458	62	55
FBGN0051913	0	0	0	0	0	0
FBGN0010288	371	290	282	249	304	362
FBGN0053296	0	0	0	0	0	0
FBGN0032979	182	120	144	217	268	279
FBGN0032707	0	0	0	0	0	0
FBGN0263355	8	10	8	13	49	29
FBGN0051609	0	0	0	0	0	0
FBGN0032625	0	0	0	0	0	0
FBGN0262857	0	0	0	0	0	0
FBGN0032848	209	204	159	326	419	397
FBGN0031970	0	0	0	0	0	0
FBGN0032291	0	0	0	0	0	0
FBGN0031930	0	0	0	0	0	0
FBGN0053003	0	0	0	0	0	0
FBGN0032229	89	64	50	60	101	96
FBGN0032136	8	4	9	12	4	4
FBGN0032472	0	0	0	0	0	0
FBGN0053117	0	0	0	0	0	0
FBGN0040009	38	28	19	78	88	89
FBGN0032422	4	0	9	2	3	6
FBGN0259683	3	0	1	0	1	0
FBGN0083938	0	0	0	0	0	0
FBGN0032647	0	0	0	0	0	0
FBGN0051901	1	0	0	0	0	4
FBGN0051815	0	0	0	0	0	0
FBGN0031799	61	43	56	116	139	115
FBGN0032360	0	0	0	0	0	0
FBGN0031377	87	82	80	104	140	107
FBGN0032511	53	48	50	82	62	82
FBGN0053827	0	0	0	0	0	0
FBGN0011239	0	0	0	0	0	0
FBGN0001992	0	0	0	0	0	0
FBGN0032642	59	39	52	21	34	23
FBGN0042133	0	0	0	0	0	0
FBGN0264544	0	0	0	0	0	0
FBGN0032029	10	12	6	12	31	22
FBGN0041247	0	0	0	0	0	0
FBGN0032047	6	3	4	4	10	18
FBGN0031333	0	0	0	0	0	0
FBGN0266363	0	0	0	0	0	0
FBGN0261560	2	9	9	10	15	6
FBGN0026438	0	0	0	0	0	0
FBGN0032075	0	0	0	0	0	9
FBGN0051676	0	1	0	1	0	0
FBGN0040011	120	81	72	163	162	182
FBGN0040099	1	0	0	0	0	0
FBGN0053894	0	0	0	0	0	0
FBGN0016122	2	4	9	1	4	7
FBGN0002543	483	326	314	591	1022	905
FBGN0031808	0	0	0	0	0	0
FBGN0032051	131	104	97	125	180	136
FBGN0028853	0	0	0	0	0	0
FBGN0032631	0	0	0	0	0	0
FBGN0031361	13	9	19	22	23	26
FBGN0031455	4	1	4	6	12	19
FBGN0032965	0	0	0	0	0	0
FBGN0004583	112	109	98	267	356	300
FBGN0031820	54	39	42	75	128	118
FBGN0032729	3	1	3	2	12	15
FBGN0261628	1	0	0	0	0	0
FBGN0031702	0	1	0	0	0	0
FBGN0031548	0	0	1	0	0	0
FBGN0031765	0	0	0	0	0	0
FBGN0053309	0	0	0	0	0	0
FBGN0051974	0	0	0	0	0	0
FBGN0026398	0	0	0	0	0	0
FBGN0051956	0	0	0	0	1	1
FBGN0262356	0	0	0	0	0	0
FBGN0260954	0	0	0	0	0	0
FBGN0283442	2	4	0	3	0	7
FBGN0032524	24	11	11	43	31	34
FBGN0032596	334	252	237	395	522	554
FBGN0021944	135	110	73	123	209	236
FBGN0051742	0	0	0	0	0	0
FBGN0259896	35	25	10	14	17	12
FBGN0031873	45	38	42	51	52	68
FBGN0043362	20	11	16	37	34	38
FBGN0053829	0	0	0	0	0	0
FBGN0032209	0	0	0	0	0	0
FBGN0031245	25	22	12	76	81	132
FBGN0026319	44	27	47	27	28	29
FBGN0032387	0	0	0	0	0	0
FBGN0031824	21	18	27	9	12	26
FBGN0015521	259	209	260	357	558	615
FBGN0031535	26	41	19	22	25	24
FBGN0032228	2	3	0	2	2	6
FBGN0023416	3	4	2	2	0	2
FBGN0000251	0	0	0	0	0	0
FBGN0032125	0	0	0	0	0	0
FBGN0053878	0	0	0	0	0	0
FBGN0032188	0	0	0	0	0	0
FBGN0010309	9	17	3	16	26	18
FBGN0032972	0	0	0	0	0	0
FBGN0032264	0	0	1	0	0	2
FBGN0020305	130	93	116	79	129	118
FBGN0284220	1785	1319	1073	1765	2346	2469
FBGN0032684	2	0	0	0	0	5
FBGN0027070	0	0	0	0	0	0
FBGN0031467	0	0	0	0	0	0
FBGN0001987	386	291	275	410	644	566
FBGN0261648	180	160	154	379	602	521
FBGN0032538	51	67	53	61	98	146
FBGN0023496	2	1	2	0	1	0
FBGN0031646	0	0	0	0	0	0
FBGN0032105	60	95	88	148	205	220
FBGN0032811	4	2	0	2	5	1
FBGN0010407	1	0	4	1	0	0
FBGN0287596	0	0	0	0	0	0
FBGN0032484	0	0	0	0	0	0
FBGN0031851	96	51	50	75	97	113
FBGN0028412	0	0	0	0	0	0
FBGN0262875	0	0	0	0	0	0
FBGN0031479	88	67	61	82	88	93
FBGN0032415	0	0	0	0	0	0
FBGN0259959	0	0	0	0	0	0
FBGN0015663	1	7	2	2	1	1
FBGN0032733	0	0	1	0	0	0
FBGN0031214	0	0	0	0	0	0
FBGN0031620	0	0	0	0	0	0
FBGN0028572	0	0	0	0	0	0
FBGN0011638	490	355	349	442	588	632
FBGN0001137	0	0	0	0	0	0
FBGN0031512	0	0	0	0	0	0
FBGN0000442	0	0	0	0	0	0
FBGN0263873	53	32	27	70	79	78
FBGN0032613	0	0	0	0	0	0
FBGN0032535	0	0	0	0	0	0
FBGN0015777	142	107	85	195	384	324
FBGN0032768	0	0	0	0	0	0
FBGN0031518	2	0	0	0	0	0
FBGN0004837	27	24	14	60	70	90
FBGN0031733	0	0	0	0	0	0
FBGN0086265	0	2	0	0	2	0
FBGN0032362	0	0	0	1	0	0
FBGN0028513	0	0	0	0	0	0
FBGN0031815	34	18	15	45	57	59
FBGN0031998	0	4	1	2	6	5
FBGN0028523	3	3	7	4	17	8
FBGN0031391	19	6	7	15	33	33
FBGN0003346	815	555	533	703	823	838
FBGN0027496	353	228	171	221	345	299
FBGN0052986	0	0	0	0	0	0
FBGN0028856	0	0	0	0	0	0
FBGN0260955	0	0	0	6	0	0
FBGN0031410	0	0	0	0	0	0
FBGN0263038	40	35	31	40	32	44
FBGN0042186	0	0	0	0	0	0
FBGN0032793	26	13	13	13	30	27
FBGN0021800	3	4	4	0	6	10
FBGN0032643	528	404	368	558	739	644
FBGN0053812	0	0	0	0	0	0
FBGN0261458	476	345	305	495	771	671
FBGN0032197	50	45	29	80	69	97
FBGN0031219	0	0	0	0	0	0
FBGN0031600	41	26	18	44	70	47
FBGN0032754	0	0	0	0	0	0
FBGN0032494	0	0	0	0	0	0
FBGN0031372	0	0	0	0	0	0
FBGN0045501	0	0	0	0	0	0
FBGN0263027	2	1	0	0	1	3
FBGN0053806	0	0	0	0	0	0
FBGN0031504	0	0	0	0	0	0
FBGN0086451	211	158	114	306	431	423
FBGN0051697	0	0	0	0	0	0
FBGN0053856	0	0	0	0	0	0
FBGN0026373	107	84	42	139	173	145
FBGN0027550	0	0	2	0	0	0
FBGN0000114	0	0	0	0	0	0
FBGN0031559	0	0	0	0	0	0
FBGN0032200	423	309	285	348	497	436
FBGN0031909	100	93	54	72	101	73
FBGN0261278	45	42	34	113	164	171
FBGN0032130	8	13	7	7	18	21
FBGN0028945	0	0	0	0	0	0
FBGN0032911	0	0	0	0	0	0
FBGN0039972	3	3	0	7	1	0
FBGN0010473	82	72	42	112	176	159
FBGN0262467	37	23	27	39	52	49
FBGN0026390	0	0	0	0	0	0
FBGN0031585	0	0	0	0	0	0
FBGN0000370	33	42	31	62	67	81
FBGN0031860	0	0	0	0	0	0
FBGN0015609	80	38	51	101	131	118
FBGN0031652	0	0	0	0	1	4
FBGN0040228	23	14	9	24	33	38
FBGN0028530	23	39	42	62	42	39
FBGN0032223	95	44	35	87	130	107
FBGN0259952	0	0	0	0	0	0
FBGN0032008	0	0	0	0	0	0
FBGN0032401	4	1	1	5	7	8
FBGN0032120	97	76	44	112	135	119
FBGN0031434	16	5	3	8	12	16
FBGN0262018	0	0	0	0	0	0
FBGN0051759	21	28	22	43	33	49
FBGN0027509	231	205	149	243	290	312
FBGN0020304	62	58	37	73	152	104
FBGN0011708	39	39	16	36	79	47
FBGN0032214	104	65	79	109	146	124
FBGN0024285	182	178	170	278	409	468
FBGN0051677	0	0	0	0	0	0
FBGN0283728	0	0	0	0	0	0
FBGN0000339	45	55	43	75	109	84
FBGN0260454	0	0	0	0	0	0
FBGN0266364	0	0	0	0	0	0
FBGN0028965	40	22	24	38	68	45
FBGN0263235	0	1	0	0	0	0
FBGN0032132	243	198	75	432	587	417
FBGN0031734	1	1	0	1	1	3
FBGN0031782	21	26	19	24	69	51
FBGN0032536	0	4	0	0	0	0
FBGN0031426	1	0	0	0	0	1
FBGN0010382	52	51	23	84	100	98
FBGN0261938	44	31	17	24	60	53
FBGN0051741	0	0	0	0	0	0
FBGN0051665	0	0	0	0	0	0
FBGN0032116	6	0	2	0	3	1
FBGN0032057	0	0	0	0	0	0
FBGN0031418	155	86	98	120	129	116
FBGN0266459	0	0	0	0	0	0
FBGN0032393	97	106	84	63	91	144
FBGN0032368	0	0	0	0	0	0
FBGN0051636	0	6	0	0	1	0
FBGN0031473	0	0	0	0	2	0
FBGN0284224	0	0	0	0	0	0
FBGN0263971	0	0	0	0	0	0
FBGN0264494	6	8	1	6	17	2
FBGN0031301	0	0	0	0	0	0
FBGN0054010	0	0	0	0	0	0
FBGN0086909	23	23	20	27	28	58
FBGN0032658	0	0	0	0	0	0
FBGN0032414	143	111	73	274	417	333
FBGN0032475	138	130	100	200	267	260
FBGN0016926	17	8	8	18	40	33
FBGN0031802	0	0	0	0	0	0
FBGN0053301	0	0	0	0	0	0
FBGN0031255	3	1	6	0	1	1
FBGN0031668	1	0	0	4	4	8
FBGN0032935	8	8	2	11	7	11
FBGN0045485	0	0	0	0	0	0
FBGN0045498	0	0	0	0	0	0
FBGN0032162	11	5	3	6	14	12
FBGN0053877	0	0	0	0	0	0
FBGN0015380	304	212	159	385	534	503
FBGN0015776	103	85	48	116	150	135
FBGN0002985	12	1	4	7	12	9
FBGN0031574	48	26	27	53	70	89
FBGN0031550	0	0	0	0	1	0
FBGN0264695	7	19	183	0	5	1
FBGN0263852	174	149	82	98	163	153
FBGN0032921	17	6	6	9	18	5
FBGN0032400	77	57	78	204	280	265
FBGN0026756	0	0	0	0	0	0
FBGN0053995	2	3	4	13	18	14
FBGN0032450	39	27	34	46	71	64
FBGN0032803	31	29	19	46	157	85
FBGN0051803	0	0	0	0	0	0
FBGN0027491	0	0	0	0	0	0
FBGN0261266	9	15	7	6	16	9
FBGN0266670	109	76	78	105	132	141
FBGN0005779	0	0	0	0	0	0
FBGN0028942	0	0	0	0	0	0
FBGN0031871	20	11	7	15	25	18
FBGN0032815	33	36	32	60	76	59
FBGN0031395	18	5	11	35	43	32
FBGN0053821	0	0	0	0	0	0
FBGN0051674	0	0	0	0	2	5
FBGN0053828	0	0	0	0	0	0
FBGN0032913	0	1	2	0	0	0
FBGN0031514	0	0	0	0	0	0
FBGN0261268	198	210	129	202	275	229
FBGN0032314	0	0	0	0	0	0
FBGN0028539	185	212	138	294	371	363
FBGN0032025	8	9	8	3	12	8
FBGN0031670	85	126	88	204	316	285
FBGN0000636	1366	1046	850	1471	2280	2318
FBGN0265263	0	0	0	0	0	0
FBGN0020445	3	6	7	9	26	12
FBGN0032813	0	0	0	0	0	0
FBGN0250834	0	0	0	0	0	0
FBGN0031897	7	7	1	15	15	8
FBGN0032369	0	0	0	0	0	0
FBGN0053922	0	0	0	0	0	0
FBGN0016919	0	0	0	0	0	0
FBGN0031560	0	0	3	0	0	0
FBGN0041249	0	0	0	0	0	0
FBGN0032507	0	0	0	0	0	0
FBGN0020414	6	7	3	7	1	3
FBGN0032748	75	75	49	90	167	175
FBGN0031542	2	15	6	0	1	5
FBGN0263846	0	0	0	0	0	0
FBGN0043825	0	0	0	0	0	0
FBGN0031657	73	66	85	81	80	104
FBGN0026778	0	5	0	7	10	7
FBGN0032633	27	14	20	38	45	28
FBGN0031689	0	2	3	1	0	4
FBGN0028543	0	1	12	5	1	1
FBGN0031441	0	0	0	0	0	0
FBGN0041004	8	11	2	7	15	3
FBGN0259961	0	0	0	0	0	0
FBGN0260011	0	0	0	0	0	0
FBGN0016977	544	379	393	606	900	732
FBGN0031213	53	30	30	42	79	67
FBGN0032218	0	9	1	0	0	1
FBGN0086444	111	76	75	121	120	145
FBGN0032820	218	165	113	96	151	170
FBGN0031266	456	378	370	468	583	493
FBGN0083141	0	0	0	0	0	0
FBGN0028847	0	0	0	0	0	0
FBGN0085205	0	0	1	0	0	0
FBGN0032763	8	7	3	8	12	19
FBGN0031822	162	94	97	132	109	111
FBGN0002973	166	134	95	199	345	292
FBGN0028844	0	0	0	0	0	0
FBGN0032210	26	64	17	54	57	66
FBGN0032598	0	0	0	0	0	0
FBGN0000318	304	176	192	151	156	225
FBGN0259964	0	0	0	0	0	0
FBGN0000287	76	54	74	109	144	123
FBGN0031904	125	117	100	131	204	142
FBGN0041245	0	0	0	0	0	0
FBGN0011722	51	29	40	36	21	16
FBGN0267964	0	0	0	0	0	0
FBGN0051821	0	0	0	0	0	0
FBGN0025684	8	2	4	9	13	4
FBGN0031726	0	0	0	0	0	0
FBGN0032551	0	0	0	0	0	0
FBGN0264253	0	0	0	0	0	0
FBGN0259818	0	0	0	3	1	1
FBGN0031491	3	1	1	3	13	5
FBGN0026379	29	34	21	62	71	61
FBGN0051709	0	0	0	0	0	0
FBGN0031549	113	104	73	159	219	188
FBGN0260428	0	0	0	0	0	0
FBGN0001075	1196	949	796	1930	2624	2669
FBGN0287720	934	783	653	1154	1645	1541
FBGN0031987	21	15	12	14	31	55
FBGN0028943	0	0	0	0	0	0
FBGN0250867	6	0	2	5	17	8
FBGN0032377	0	0	0	0	0	0
FBGN0031945	0	0	0	0	0	0
FBGN0003448	0	0	0	0	0	0
FBGN0045842	7	9	8	21	16	10
FBGN0027949	179	115	138	197	354	329
FBGN0051858	0	0	0	0	0	0
FBGN0000299	369	242	240	151	247	164
FBGN0040297	10	5	14	4	13	15
FBGN0010395	0	0	0	0	0	0
FBGN0260750	28	25	16	22	50	37
FBGN0032924	71	34	25	51	86	97
FBGN0043364	21	22	33	22	49	33
FBGN0032163	0	0	0	0	0	0
FBGN0031977	196	135	189	260	340	295
FBGN0051864	0	0	0	0	1	0
FBGN0053875	0	0	0	0	0	0
FBGN0051875	0	0	0	2	0	0
FBGN0032517	66	60	40	61	90	103
FBGN0032455	133	96	80	103	155	147
FBGN0032840	0	0	0	0	0	0
FBGN0266491	0	0	1	0	0	0
FBGN0001114	127	107	51	56	69	69
FBGN0032261	32	26	33	11	37	39
FBGN0260451	0	0	0	0	0	0
FBGN0031948	0	0	0	4	0	0
FBGN0000422	17	73	19	8	12	10
FBGN0053679	0	0	0	0	0	0
FBGN0032184	0	0	1	0	0	0
FBGN0015583	0	0	0	0	0	0
FBGN0031635	14	21	11	22	42	45
FBGN0032124	4	2	2	1	1	1
FBGN0028855	594	367	347	112	102	138
FBGN0013746	199	179	144	233	281	215
FBGN0001965	71	54	76	83	159	118
FBGN0028531	0	0	0	0	0	0
FBGN0031695	0	0	0	0	0	0
FBGN0031698	112	104	106	164	267	260
FBGN0028916	17	20	6	3	29	17
FBGN0051827	0	0	0	0	0	0
FBGN0032746	81	49	50	65	92	86
FBGN0032476	8	10	13	13	41	26
FBGN0031632	7	5	7	14	34	17
FBGN0013301	0	0	0	0	0	0
FBGN0032693	31	21	50	119	113	115
FBGN0261514	0	0	0	0	0	1
FBGN0032772	0	0	0	0	0	0
FBGN0053645	0	0	0	0	0	0
FBGN0032487	44	38	50	51	80	83
FBGN0015271	21	31	20	35	75	73
FBGN0002121	289	260	226	538	532	546
FBGN0262000	0	0	0	0	0	0
FBGN0002031	349	285	232	318	488	466
FBGN0266450	141	124	117	251	354	357
FBGN0032895	0	0	0	0	0	0
FBGN0051909	0	0	0	0	0	0
FBGN0250841	0	0	0	0	0	0
FBGN0028394	27	15	24	19	31	7
FBGN0264556	0	0	0	0	1	0
FBGN0011559	0	0	0	0	0	0
FBGN0032698	14	15	7	26	20	32
FBGN0003983	0	0	0	0	0	0
FBGN0032914	0	0	0	0	0	0
FBGN0000721	97	75	74	119	167	156
FBGN0031627	0	0	0	0	0	2
FBGN0264296	0	0	0	0	0	0
FBGN0031493	219	159	164	191	275	298
FBGN0260749	78	57	47	110	153	163
FBGN0045852	0	1	3	1	1	0
FBGN0032819	47	52	37	80	81	75
FBGN0031449	3	0	0	2	0	4
FBGN0053804	0	0	0	0	0	0
FBGN0032286	0	1	16	0	0	0
FBGN0032949	448	374	271	602	815	722
FBGN0032409	43	57	34	66	117	78
FBGN0031399	40	21	30	44	79	73
FBGN0053643	0	0	0	0	0	0
FBGN0032785	2	6	6	0	1	0
FBGN0085198	0	0	0	0	0	0
FBGN0032365	0	0	0	0	0	0
FBGN0028554	334	231	231	156	247	311
FBGN0020616	203	165	115	272	333	310
FBGN0032144	0	0	1	0	0	0
FBGN0031693	2	0	1	0	0	0
FBGN0028517	0	0	0	0	0	0
FBGN0260000	0	0	0	0	0	0
FBGN0028931	5	3	6	5	5	4
FBGN0000559	7534	6342	4796	8277	12355	12397
FBGN0031762	0	0	0	0	0	0
FBGN0053904	0	0	0	0	0	0
FBGN0024227	183	146	130	159	258	290
FBGN0266449	156	144	84	212	370	319
FBGN0263206	0	0	0	0	0	0
FBGN0051680	0	0	0	0	0	0
FBGN0086445	28	19	12	23	21	28
FBGN0031232	0	0	0	0	0	0
FBGN0051804	0	0	0	0	0	0
FBGN0051715	164	123	125	101	111	94
FBGN0000228	81	48	58	133	147	124
FBGN0032236	54	39	26	93	105	76
FBGN0031875	78	55	36	116	166	130
FBGN0260648	133	90	72	102	105	109
FBGN0284256	298	257	234	351	497	518
FBGN0261992	0	0	0	0	0	0
FBGN0032405	14	10	4	6	10	10
FBGN0004374	87	66	79	132	150	157
FBGN0032720	33	38	32	41	33	40
FBGN0028936	0	0	0	0	0	0
FBGN0032115	0	0	0	0	0	0
FBGN0031546	1	0	0	0	0	0
FBGN0061209	0	0	0	0	0	0
FBGN0051872	0	0	0	0	0	0
FBGN0053896	0	0	0	0	0	0
FBGN0020622	90	65	45	97	183	185
FBGN0031650	0	0	0	0	0	0
FBGN0051805	0	0	0	0	0	0
FBGN0032652	0	0	3	0	0	1
FBGN0031818	41	29	20	33	57	51
FBGN0032477	6	2	2	16	21	25
FBGN0053859	0	0	0	0	0	0
FBGN0262359	0	0	0	0	0	0
FBGN0262150	0	0	0	0	0	0
FBGN0026755	0	0	0	0	0	0
FBGN0086758	2	2	1	3	3	4
FBGN0003087	14	20	12	69	90	96
FBGN0032034	17	19	10	15	35	19
FBGN0266557	1713	1206	1309	2113	3067	2572
FBGN0032883	56	27	29	56	64	50
FBGN0031739	0	1	1	4	9	15
FBGN0028880	0	0	0	0	0	0
FBGN0031659	44	23	18	39	50	58
FBGN0051681	0	0	0	0	0	0
FBGN0054049	0	0	0	0	0	0
FBGN0053322	0	0	0	0	0	0
FBGN0287630	0	0	0	0	0	0
FBGN0044323	266	226	208	325	502	483
FBGN0031417	0	1	0	0	0	0
FBGN0283467	42	26	47	36	56	42
FBGN0032916	44	33	34	58	76	96
FBGN0031459	63	49	53	122	191	165
FBGN0010100	454	425	350	683	1018	1009
FBGN0259712	0	0	0	0	0	0
FBGN0031801	0	0	1	0	0	0
FBGN0031887	0	0	0	0	0	0
FBGN0001084	20	15	13	35	49	50
FBGN0084001	0	0	0	0	0	0
FBGN0001174	0	0	0	0	0	0
FBGN0028868	0	0	0	0	0	0
FBGN0260639	252	194	172	280	345	369
FBGN0032827	0	0	0	0	0	0
FBGN0053902	0	0	0	0	0	0
FBGN0031708	37	21	23	40	37	29
FBGN0053825	0	0	0	0	0	0
FBGN0053306	0	0	0	0	0	0
FBGN0045497	0	0	0	0	0	0
FBGN0015391	493	306	256	299	320	444
FBGN0032847	53	30	31	35	65	91
FBGN0028872	0	0	0	0	0	0
FBGN0003716	717	457	392	751	1116	1051
FBGN0040096	0	0	0	0	0	0
FBGN0032783	9	21	10	13	25	51
FBGN0003231	135	117	92	177	313	251
FBGN0051787	0	0	0	0	2	0
FBGN0085380	0	0	0	0	0	0
FBGN0032430	40	50	48	51	109	91
FBGN0086442	110	82	49	80	124	120
FBGN0003941	656	529	538	509	831	715
FBGN0032354	12	4	5	31	30	37
FBGN0262160	66	66	75	183	242	184
FBGN0000490	32	33	36	42	66	64
FBGN0031579	0	0	0	0	0	0
FBGN0053910	0	0	0	0	0	0
FBGN0051678	43	30	25	62	78	111
FBGN0051769	0	0	0	0	0	0
FBGN0014396	0	0	2	0	0	0
FBGN0085201	0	0	0	0	0	0
FBGN0031722	0	0	0	0	0	0
FBGN0284253	382	275	271	361	500	461
FBGN0032967	0	0	0	0	0	0
FBGN0031683	22	23	19	30	34	25
FBGN0032058	0	0	0	8	0	0
FBGN0031452	64	52	43	80	85	71
FBGN0031285	83	74	47	143	197	216
FBGN0051869	109	100	83	92	165	144
FBGN0011283	0	0	0	0	0	0
FBGN0051952	0	0	0	0	0	0
FBGN0031456	66	36	41	82	79	104
FBGN0032886	17	22	13	23	21	37
FBGN0032804	0	0	0	1	3	0
FBGN0086357	1540	1358	1007	1842	2852	2658
FBGN0041184	36	26	42	80	101	99
FBGN0031959	33	16	21	20	35	24
FBGN0032727	21	8	26	16	21	20
FBGN0031651	71	35	51	75	95	93
FBGN0259982	13	19	16	29	32	43
FBGN0031437	56	54	59	87	109	106
FBGN0051882	0	0	0	0	0	0
FBGN0042187	0	0	0	0	0	0
FBGN0266163	0	0	0	0	0	0
FBGN0040098	0	0	0	0	0	0
FBGN0028406	16	13	12	14	31	30
FBGN0029123	0	0	3	0	2	1
FBGN0032938	92	50	38	106	122	100
FBGN0031861	0	0	0	0	0	0
FBGN0032968	0	0	0	0	0	0
FBGN0031276	0	0	0	0	0	0
FBGN0015905	63	33	39	78	61	52
FBGN0051721	19	15	7	23	38	26
FBGN0283531	163	128	98	259	323	284
FBGN0031950	40	44	72	53	82	74
FBGN0031888	73	70	45	47	40	42
FBGN0014859	1	0	0	0	0	1
FBGN0011584	302	224	181	237	322	276
FBGN0031247	0	0	0	0	7	3
FBGN0250826	0	0	0	0	0	0
FBGN0001986	194	155	153	179	226	288
FBGN0259714	3	0	1	1	2	0
FBGN0031832	89	60	42	84	106	132
FBGN0264344	0	0	0	0	0	0
FBGN0010197	0	0	0	0	0	0
FBGN0027074	0	0	0	0	0	0
FBGN0261806	0	0	0	0	0	0
FBGN0263050	1	3	1	5	6	12
FBGN0032085	0	0	0	0	0	0
FBGN0043841	101	97	71	179	214	169
FBGN0031976	10	4	2	5	8	13
FBGN0032744	36	24	34	15	23	34
FBGN0031723	0	0	0	0	0	0
FBGN0031746	0	0	0	0	0	0
FBGN0031688	0	0	0	0	0	0
FBGN0027052	47	36	34	88	56	43
FBGN0267972	33	32	19	42	82	58
FBGN0040985	192	116	122	72	96	64
FBGN0015546	258	211	160	249	367	391
FBGN0031878	183	197	153	341	476	392
FBGN0053823	0	0	0	0	0	0
FBGN0032636	0	0	0	0	0	0
FBGN0010314	58	71	66	72	76	111
FBGN0032602	0	0	0	0	0	0
FBGN0032082	0	0	0	0	0	1
FBGN0086673	23	12	9	17	31	24
FBGN0032870	5	11	8	11	13	14
FBGN0031356	99	95	56	97	157	165
FBGN0262036	0	0	0	0	0	0
FBGN0031760	22	19	6	13	35	27
FBGN0028919	32	24	9	38	40	24
FBGN0005278	336	313	209	490	641	609
FBGN0032663	0	0	0	0	0	9
FBGN0042125	0	4	1	0	6	8
FBGN0053843	0	0	0	0	0	0
FBGN0265578	0	0	0	0	0	0
FBGN0010453	14	7	11	16	7	20
FBGN0031516	5	2	7	7	8	7
FBGN0040104	0	0	0	0	0	0
FBGN0285971	68	29	27	46	58	60
FBGN0004177	492	478	327	703	1113	1127
FBGN0053847	0	0	0	0	0	0
FBGN0259962	0	0	0	0	0	0
FBGN0031240	0	0	0	0	0	0
FBGN0031393	0	0	0	0	0	0
FBGN0045827	0	0	0	0	0	0
FBGN0265349	0	0	0	0	0	0
FBGN0028520	0	0	0	0	0	0
FBGN0028514	4	2	0	0	0	0
FBGN0042189	0	0	0	0	0	0
FBGN0262126	463	392	325	550	812	792
FBGN0032433	0	0	1	0	0	0
FBGN0031803	0	0	0	0	0	0
FBGN0031914	3	7	1	3	10	14
FBGN0053880	0	0	0	0	0	0
FBGN0031886	41	32	28	40	57	58
FBGN0051957	20	13	20	24	13	17
FBGN0032248	12	9	6	18	26	14
FBGN0032897	11	14	12	3	7	5
FBGN0051812	8	1	3	4	8	8
FBGN0022893	5885	4332	3806	3456	4387	4042
FBGN0031528	0	0	0	0	0	0
FBGN0051784	0	0	0	0	0	0
FBGN0046302	2	1	3	0	3	2
FBGN0086266	0	0	0	0	0	0
FBGN0010520	40	33	20	56	58	65
FBGN0019982	5	12	4	3	14	24
FBGN0031607	128	101	85	125	209	182
FBGN0028509	31	20	20	23	69	53
FBGN0001983	1	0	0	0	2	4
FBGN0031364	0	0	0	0	0	0
FBGN0085211	0	0	0	0	0	0
FBGN0032480	64	44	43	75	133	90
FBGN0262017	0	0	0	0	0	0
FBGN0032810	0	0	0	0	0	0
FBGN0052983	0	0	0	0	0	0
FBGN0003444	111	115	82	196	217	264
FBGN0032505	0	0	0	0	0	0
FBGN0028935	0	0	0	0	0	0
FBGN0053887	0	0	0	0	0	0
FBGN0051619	0	0	0	0	0	0
FBGN0015376	64	22	34	63	65	101
FBGN0031811	0	0	0	0	0	0
FBGN0003278	239	220	197	181	210	269
FBGN0004914	23	24	22	58	26	48
FBGN0051954	0	0	0	0	0	0
FBGN0032090	0	0	0	0	0	0
FBGN0031640	25	5	14	35	40	22
FBGN0261534	19	16	31	23	35	32
FBGN0032499	15	19	7	34	43	37
FBGN0051907	0	0	0	0	0	0
FBGN0031763	0	0	0	0	0	0
FBGN0032191	14	5	9	9	14	18
FBGN0011232	19	18	6	21	32	20
FBGN0014454	0	0	0	0	0	0
FBGN0032922	15	9	15	11	15	8
FBGN0051826	0	0	0	0	0	0
FBGN0051755	5	2	0	7	6	4
FBGN0032251	9	12	10	14	38	28
FBGN0031589	23	21	16	50	53	53
FBGN0022213	558	532	469	739	947	1072
FBGN0040262	0	0	0	0	0	0
FBGN0015000	19	18	15	39	72	45
FBGN0259192	0	0	0	0	0	0
FBGN0053901	0	0	0	0	0	0
FBGN0262475	1	3	0	1	0	1
FBGN0053836	0	0	0	0	0	0
FBGN0013300	0	0	0	0	0	0
FBGN0284225	0	0	0	0	0	0
FBGN0032869	0	1	1	0	0	0
FBGN0031893	146	130	110	157	201	185
FBGN0031227	61	38	16	28	48	43
FBGN0031800	0	0	0	0	0	0
FBGN0042627	0	1	1	0	0	0
FBGN0010287	28	18	29	32	39	32
FBGN0032139	0	0	0	0	0	0
FBGN0032258	27	32	27	43	64	67
FBGN0031312	3	11	8	9	23	16
FBGN0031263	146	108	82	99	117	161
FBGN0031908	3	27	75	7	10	1
FBGN0031675	0	0	0	0	0	0
FBGN0032287	1	0	0	0	0	0
FBGN0032049	0	0	0	0	0	0
FBGN0085396	0	0	0	0	0	0
FBGN0053848	0	0	0	0	0	0
FBGN0053839	0	0	0	0	0	0
FBGN0015664	362	246	220	396	570	550
FBGN0015399	234	189	173	96	159	148
FBGN0031896	33	51	32	32	63	52
FBGN0259956	0	0	0	0	0	0
FBGN0032208	432	316	339	559	818	698
FBGN0031835	0	0	0	0	1	0
FBGN0032702	10	4	3	13	26	24
FBGN0032298	123	111	107	110	132	184
FBGN0259230	0	0	0	0	0	0
FBGN0032143	0	0	0	0	0	0
FBGN0015623	129	89	109	257	331	260
FBGN0031357	28	19	16	40	65	61
FBGN0267378	67	70	52	147	188	177
FBGN0031677	0	1	0	1	0	0
FBGN0032088	0	0	0	0	0	0
FBGN0032256	34	34	22	35	55	44
FBGN0032585	0	0	0	0	0	0
FBGN0045487	0	0	0	0	0	0
FBGN0261608	434	338	296	349	453	381
FBGN0031805	0	0	1	0	1	0
FBGN0053885	0	0	0	0	0	0
FBGN0041246	0	0	0	0	0	0
FBGN0032637	1	0	0	0	0	0
FBGN0031365	0	0	0	0	0	0
FBGN0004892	52	38	34	77	113	89
FBGN0031883	137	95	102	161	210	205
FBGN0040959	0	0	0	6	3	225
FBGN0053879	0	0	0	0	0	0
FBGN0032001	0	2	0	1	0	0
FBGN0028949	0	0	0	0	0	0
FBGN0032656	32	24	31	57	54	69
FBGN0051717	11	21	8	22	42	48
FBGN0263982	0	0	0	0	0	0
FBGN0000406	0	3	4	1	0	0
FBGN0024245	92	70	52	142	214	196
FBGN0011676	0	0	1	0	0	0
FBGN0032446	28	23	28	16	32	20
FBGN0260470	0	0	0	0	0	0
FBGN0032490	0	0	0	0	0	0
FBGN0053808	0	0	0	0	0	0
FBGN0031623	0	2	0	0	1	0
FBGN0004584	582	436	413	512	664	766
FBGN0260758	0	0	0	0	0	0
FBGN0031918	1	0	3	15	9	10
FBGN0051807	0	2	0	0	0	0
FBGN0032516	56	45	40	48	35	61
FBGN0040718	8	15	24	37	53	80
FBGN0263654	0	0	0	0	0	0
FBGN0031302	0	0	0	0	0	0
FBGN0083968	25	22	18	21	25	26
FBGN0053127	0	0	0	0	0	0
FBGN0031946	0	0	0	0	0	0
FBGN0261582	0	0	0	0	0	0
FBGN0085423	21	19	19	28	43	25
FBGN0011648	63	69	61	161	202	234
FBGN0031773	16	7	10	17	40	18
FBGN0086691	1	0	5	4	1	0
FBGN0032036	17	13	14	21	38	27
FBGN0032282	0	0	1	0	0	0
FBGN0259482	26	20	20	35	52	53
FBGN0266492	0	0	0	0	0	0
FBGN0264953	71	65	50	135	244	234
FBGN0000227	0	0	0	0	0	0
FBGN0032732	30	43	25	47	49	66
FBGN0000384	4	0	4	17	17	10
FBGN0031895	27	32	21	22	39	38
FBGN0028644	0	0	0	0	0	0
FBGN0051976	0	0	0	0	0	0
FBGN0053905	0	0	0	0	0	0
FBGN0032797	0	0	0	0	0	0
FBGN0053869	0	0	0	0	0	0
FBGN0031488	22	29	28	36	65	90
FBGN0032023	0	0	0	0	0	0
FBGN0028467	59	54	44	72	109	122
FBGN0031490	0	0	0	0	0	0
FBGN0032447	4	11	6	4	10	10
FBGN0052971	0	0	0	0	0	0
FBGN0032247	22	20	21	31	31	47
FBGN0054051	0	0	0	0	0	0
FBGN0053819	0	0	0	0	0	0
FBGN0031804	0	0	0	0	0	0
FBGN0283478	257	238	184	330	506	453
FBGN0028952	24	8	13	8	20	15
FBGN0041248	0	0	0	0	0	0
FBGN0031359	8	6	10	25	15	18
FBGN0001977	178	157	111	117	190	160
FBGN0031462	0	0	0	0	0	0
FBGN0265579	0	0	0	0	0	0
FBGN0031254	1	0	0	1	0	0
FBGN0027453	2	7	7	8	19	25
FBGN0031538	0	0	1	0	0	0
FBGN0264364	0	0	0	0	0	0
FBGN0031238	37	35	42	58	77	72
FBGN0005616	7	20	0	30	40	24
FBGN0031980	898	531	907	563	962	889
FBGN0045064	0	4	4	12	6	10
FBGN0032448	0	0	0	0	0	0
FBGN0031725	0	0	0	0	0	0
FBGN0032691	36	23	39	44	48	32
FBGN0031690	0	0	0	0	0	0
FBGN0051618	0	0	0	0	0	0
FBGN0028895	6	6	9	9	17	23
FBGN0041195	0	0	0	0	0	0
FBGN0261802	130	130	115	256	399	306
FBGN0032079	1	0	0	0	0	0
FBGN0032297	1	1	1	2	4	3
FBGN0032650	1	0	0	0	0	0
FBGN0020270	204	150	147	95	123	136
FBGN0031540	38	31	36	86	109	95
FBGN0031554	0	0	0	0	0	0
FBGN0025681	48	49	50	102	113	134
FBGN0032685	47	38	66	104	159	162
FBGN0015338	82	56	55	69	123	87
FBGN0032492	0	0	0	0	0	0
FBGN0031711	147	150	91	130	213	169
FBGN0027611	150	124	72	465	570	419
FBGN0264442	303	216	245	253	408	357
FBGN0031741	4	13	8	11	16	14
FBGN0063368	0	0	0	0	0	0
FBGN0262683	0	0	0	0	0	0
FBGN0032554	0	0	0	0	0	0
FBGN0262357	0	0	0	0	0	0
FBGN0028538	93	84	57	121	199	140
FBGN0031484	16	18	10	17	39	20
FBGN0032891	5	0	0	17	7	14
FBGN0262353	0	0	1	0	0	0
FBGN0250903	0	3	7	10	16	14
FBGN0264342	0	0	0	0	0	0
FBGN0051910	0	0	0	0	0	0
FBGN0019809	1	0	0	0	0	0
FBGN0031267	3	8	14	7	16	34
FBGN0024689	106	65	55	118	124	135
FBGN0031252	52	44	23	54	71	55
FBGN0288834	155	151	96	181	229	240
FBGN0052832	0	0	0	0	0	0
FBGN0032481	44	42	28	77	139	100
FBGN0085203	22	26	20	26	28	38
FBGN0032156	4	10	2	4	0	1
FBGN0259958	0	0	0	0	0	0
FBGN0031319	16	16	25	27	26	30
FBGN0040233	40	42	27	43	52	47
FBGN0032371	0	0	0	0	0	0
FBGN0261089	0	0	0	0	0	0
FBGN0262029	473	418	296	624	1039	936
FBGN0032343	0	0	1	1	2	0
FBGN0263320	0	0	0	0	0	0
FBGN0002524	100	80	63	169	175	158
FBGN0031735	1	2	0	1	3	1
FBGN0022023	277	291	246	379	740	705
FBGN0032373	0	0	0	0	0	0
FBGN0045038	0	0	2	0	0	0
FBGN0032816	12	17	18	13	29	40
FBGN0028875	0	0	0	0	0	0
FBGN0054007	0	0	0	0	0	0
FBGN0011570	217	186	108	224	328	290
FBGN0032791	3	2	1	5	1	9
FBGN0028694	568	418	330	502	604	653
FBGN0031816	2	1	0	6	6	7
FBGN0031378	4	2	3	8	9	8
FBGN0032157	124	102	88	99	131	160
FBGN0025366	122	129	109	151	256	254
FBGN0028507	16	10	12	21	45	30
FBGN0032004	0	0	0	0	0	0
FBGN0042092	21	32	16	14	30	21
FBGN0023096	0	0	0	0	0	0
FBGN0085450	192	88	112	167	184	187
FBGN0020545	19	13	10	17	12	24
FBGN0032945	0	1	1	5	0	0
FBGN0261064	20	11	14	37	26	33
FBGN0032439	0	0	0	0	0	0
FBGN0031872	258	271	205	443	591	573
FBGN0031644	0	0	0	0	0	0
FBGN0031446	0	0	0	0	0	0
FBGN0053125	0	0	0	0	0	0
FBGN0051776	0	0	0	0	0	0
FBGN0032249	1	0	4	1	6	0
FBGN0032943	45	32	35	54	107	72
FBGN0032066	0	0	0	0	0	0
FBGN0053641	0	0	0	0	0	0
FBGN0085427	66	66	70	106	214	165
FBGN0041150	0	1	0	1	0	2
FBGN0085410	0	0	0	0	0	0
FBGN0031682	5	6	6	14	20	25
FBGN0031999	0	0	0	0	0	0
FBGN0261529	0	0	0	0	0	0
FBGN0032020	56	55	42	32	48	45
FBGN0051777	0	0	0	1	2	1
FBGN0032341	79	58	59	60	95	97
FBGN0032003	0	0	0	0	0	0
FBGN0262721	0	0	0	0	0	0
FBGN0032479	89	80	92	165	203	253
FBGN0032899	7	4	11	4	15	12
FBGN0031601	76	40	33	55	74	72
FBGN0031463	0	0	0	0	0	0
FBGN0031968	0	2	0	14	10	8
FBGN0032660	0	0	0	0	0	0
FBGN0028893	0	0	0	0	0	0
FBGN0032138	400	326	274	435	556	555
FBGN0032986	23	12	10	20	25	37
FBGN0053849	0	0	0	0	0	0
FBGN0031858	0	1	0	0	0	0
FBGN0051773	0	0	0	0	0	0
FBGN0028518	0	0	2	0	0	4
FBGN0031465	0	0	0	0	0	0
FBGN0003978	22	27	17	49	71	55
FBGN0031639	55	54	36	49	78	65
FBGN0031854	0	0	0	0	0	0
FBGN0051606	0	0	0	0	0	0
FBGN0261999	0	0	2	2	0	2
FBGN0051661	0	0	0	0	0	0
FBGN0085212	9	2	5	16	8	22
FBGN0051708	0	0	0	0	0	0
FBGN0264546	0	0	0	0	0	0
FBGN0051823	0	0	0	0	0	0
FBGN0032151	0	0	0	0	0	0
FBGN0259213	0	0	0	0	0	0
FBGN0263321	0	0	0	0	0	0
FBGN0083945	0	0	0	0	0	0
FBGN0031590	224	169	121	290	374	361
FBGN0085193	0	0	0	0	0	0
FBGN0032849	25	18	18	11	22	13
FBGN0040106	0	0	0	0	0	0
FBGN0031523	0	0	0	0	0	0
FBGN0020416	3	10	2	1	0	1
FBGN0028541	95	78	47	144	188	164
FBGN0021796	264	201	223	357	504	545
FBGN0028527	13	24	14	42	44	29
FBGN0010497	23	11	10	26	52	35
FBGN0266369	111	85	63	189	286	243
FBGN0040107	0	0	0	0	0	0
FBGN0028841	0	0	0	0	0	0
FBGN0032052	71	36	35	76	152	96
FBGN0032050	826	527	568	614	754	831
FBGN0032668	0	0	0	0	0	0
FBGN0014906	13	14	27	53	67	70
FBGN0031619	2	9	11	10	15	6
FBGN0031855	0	0	0	0	0	0
FBGN0028946	0	0	0	0	0	0
FBGN0261535	110	69	51	80	97	93
FBGN0053850	0	0	0	0	0	0
FBGN0031749	0	0	0	0	0	0
FBGN0032266	0	0	0	0	0	0
FBGN0028569	0	0	0	0	0	0
FBGN0040984	0	0	0	0	0	0
FBGN0032798	0	0	1	0	0	0
FBGN0031233	43	61	45	77	89	109
FBGN0085374	0	0	0	0	0	0
FBGN0000392	3	5	6	6	6	10
FBGN0032664	0	0	0	0	0	0
FBGN0263278	1	5	0	1	3	7
FBGN0259735	240	204	143	266	428	320
FBGN0028886	5	5	3	4	2	5
FBGN0053835	0	0	0	0	0	0
FBGN0053870	0	0	0	0	0	0
FBGN0028920	94	18	4	1	2	2
FBGN0000239	182	155	109	218	265	296
FBGN0085409	198	123	103	172	245	216
FBGN0053813	0	0	0	0	0	0
FBGN0032031	31	20	16	23	31	32
FBGN0023407	105	57	59	62	98	77
FBGN0053807	0	0	0	0	0	0
FBGN0260817	44	38	37	33	66	49
FBGN0032358	14	11	16	18	42	31
FBGN0032690	359	276	207	282	321	337
FBGN0031534	117	121	107	106	179	136
FBGN0031649	0	0	0	0	0	0
FBGN0045495	0	0	0	0	0	0
FBGN0032773	13	11	46	22	7	4
FBGN0052987	0	0	0	0	0	0
FBGN0031717	147	98	75	160	201	177
FBGN0053900	0	0	0	0	0	0
FBGN0053844	0	0	0	0	0	0
FBGN0032506	0	0	0	0	0	0
FBGN0014000	0	0	2	0	0	0
FBGN0026141	0	3	0	2	0	0
FBGN0000256	53	55	46	72	134	105
FBGN0284230	14	7	4	4	2	7
FBGN0004868	1621	1189	823	1178	1691	1504
FBGN0028932	27	23	32	38	30	33
FBGN0032431	0	0	0	0	0	0
FBGN0032801	0	0	0	0	7	2
FBGN0032213	552	494	400	669	934	796
FBGN0264545	0	0	0	0	0	0
FBGN0261787	18	15	29	27	43	38
FBGN0085194	6	6	9	0	1	1
FBGN0051809	0	0	0	0	0	1
FBGN0032100	0	0	0	0	0	0
FBGN0053862	0	0	0	0	0	0
FBGN0023090	0	1	0	0	0	0
FBGN0261925	0	0	0	0	0	0
FBGN0053892	0	0	0	0	0	0
FBGN0032464	0	0	0	0	0	0
FBGN0051814	0	0	0	0	0	0
FBGN0051633	4	3	1	15	9	9
FBGN0032769	0	0	0	0	0	0
FBGN0000097	169	131	92	165	353	286
FBGN0032375	0	0	0	0	0	0
FBGN0031468	1	0	0	4	6	5
FBGN0031617	0	0	0	0	0	0
FBGN0032252	2	0	0	0	1	0
FBGN0051855	83	44	67	54	60	52
FBGN0032350	453	250	241	280	500	362
FBGN0032021	0	0	0	0	0	0
FBGN0003866	257	155	193	217	311	324
FBGN0032593	0	0	0	0	0	0
FBGN0001128	15	7	12	11	33	12
FBGN0032074	0	0	0	0	0	1
FBGN0004106	233	240	189	372	439	448
FBGN0031598	89	65	65	84	98	121
FBGN0028848	0	0	0	0	0	0
FBGN0264341	0	0	0	0	0	0
FBGN0028884	0	0	0	0	0	0
FBGN0051874	0	0	0	0	0	0
FBGN0031611	10	12	13	21	24	33
FBGN0032135	4	5	3	5	15	13
FBGN0032454	557	407	383	487	663	718
FBGN0032888	0	0	0	0	0	0
FBGN0032634	122	111	96	168	176	158
FBGN0040717	2	1	6	19	6	37
FBGN0028944	0	0	0	0	0	0
FBGN0261396	262	289	174	427	510	545
FBGN0032639	0	1	2	2	1	0
FBGN0031343	0	0	0	0	0	0
FBGN0032956	129	111	88	147	170	196
FBGN0264361	0	0	0	0	0	0
FBGN0053126	2	8	0	1	0	0
FBGN0267347	8	14	5	5	8	7
FBGN0000183	111	90	71	141	200	187
FBGN0028892	0	0	0	0	0	0
FBGN0032775	129	112	48	156	255	240
FBGN0032451	39	39	15	31	62	49
FBGN0032161	18	19	16	17	31	36
FBGN0053801	0	0	0	15	15	37
FBGN0031335	0	0	0	0	0	0
FBGN0031575	20	23	26	33	36	38
FBGN0265298	235	224	205	221	426	388
FBGN0051835	0	0	0	0	0	0
FBGN0002855	0	0	0	0	0	0
FBGN0051922	15	14	12	12	24	29
FBGN0032900	0	0	0	0	0	0
FBGN0031645	79	43	30	62	107	84
FBGN0001970	38	34	42	31	65	48
FBGN0000250	258	216	163	277	385	336
FBGN0051698	0	0	0	0	0	0
FBGN0014019	0	0	0	0	0	0
FBGN0053826	0	0	0	0	0	0
FBGN0032533	0	0	0	0	0	0
FBGN0284247	1489	1208	1160	2072	2516	2606
FBGN0083972	0	0	0	0	0	0
FBGN0032005	126	107	93	157	200	185
FBGN0032119	0	0	0	0	0	0
FBGN0026391	0	0	0	0	0	0
FBGN0283658	105	111	86	117	170	171
FBGN0032771	0	0	0	0	0	0
FBGN0032800	0	1	0	0	0	0
FBGN0032449	0	0	2	9	10	10
FBGN0032971	0	0	0	0	0	0
FBGN0286929	0	0	0	0	0	0
FBGN0000018	10	10	3	15	11	15
FBGN0003255	0	0	0	0	0	2
FBGN0013323	0	0	0	0	0	0
FBGN0051780	0	0	0	0	0	0
FBGN0031309	15	9	3	17	22	22
FBGN0011244	0	0	0	0	0	0
FBGN0032462	2	0	0	0	0	0
FBGN0261831	0	0	0	0	0	0
FBGN0031231	43	26	22	57	40	51
FBGN0031296	0	0	0	0	0	0
FBGN0032434	0	0	0	0	0	0
FBGN0028570	0	0	0	0	0	0
FBGN0026396	0	0	0	0	0	0
FBGN0028370	0	0	0	0	0	0
FBGN0032677	0	0	0	0	0	0
FBGN0051638	111	64	82	129	157	137
FBGN0031258	0	0	0	0	0	0
FBGN0031472	0	0	0	0	0	0
FBGN0265269	0	0	0	0	0	0
FBGN0031738	48	31	16	51	100	73
FBGN0024371	48	42	38	66	102	112
FBGN0026431	89	75	82	81	110	85
FBGN0031771	183	174	130	241	348	298
FBGN0040972	0	0	0	0	0	0
FBGN0005677	40	50	35	39	58	53
FBGN0028939	16	11	7	6	3	4
FBGN0024947	41	32	28	78	120	116
FBGN0053532	0	0	0	0	0	0
FBGN0264295	0	0	0	0	0	0
FBGN0032755	0	0	0	0	0	0
FBGN0043456	908	709	606	893	1203	1115
FBGN0031981	89	90	78	143	180	176
FBGN0032860	0	0	0	0	0	0
FBGN0040705	0	0	0	0	0	0
FBGN0264087	0	0	0	0	0	0
FBGN0086447	40	33	34	41	42	38
FBGN0020309	455	432	312	624	1057	945
FBGN0261871	0	0	0	0	0	0
FBGN0032253	4	10	1	2	3	1
FBGN0040963	0	0	0	0	0	0
FBGN0031275	0	0	0	0	0	0
FBGN0287204	30	37	20	64	49	69
FBGN0031375	0	0	0	0	0	0
FBGN0032059	20	8	8	12	36	20
FBGN0032635	163	163	146	212	250	280
FBGN0031257	0	0	0	0	0	0
FBGN0052982	75	51	44	75	148	124
FBGN0067311	0	0	0	0	0	0
FBGN0032262	0	0	0	0	0	0
FBGN0026787	7	6	9	4	18	15
FBGN0260933	3	0	1	2	2	3
FBGN0041183	15	9	13	8	7	1
FBGN0003502	276	179	143	308	406	350
FBGN0027582	202	167	124	250	338	292
FBGN0025674	16	14	18	60	87	99
FBGN0032694	50	25	27	35	49	53
FBGN0031935	0	0	0	0	0	0
FBGN0261571	0	0	0	0	0	0
FBGN0014076	0	0	0	0	0	0
FBGN0028913	0	0	0	0	0	0
FBGN0031277	2	0	0	0	0	0
FBGN0032295	26	16	13	39	50	52
FBGN0085200	0	0	0	0	0	0
FBGN0014417	9	16	5	15	12	6
FBGN0265256	0	0	0	0	0	0
FBGN0287768	123	100	86	149	159	183
FBGN0053898	0	0	0	0	0	0
FBGN0031866	0	0	0	0	0	0
FBGN0053861	0	0	0	0	0	0
FBGN0031322	11	17	19	32	31	53
FBGN0031412	0	0	0	0	0	0
FBGN0011829	2	0	5	2	0	0
FBGN0014179	0	0	0	0	0	0
FBGN0032397	167	140	109	144	286	222
FBGN0261805	0	0	0	0	0	0
FBGN0032812	20	27	18	20	43	48
FBGN0261963	5	14	9	7	20	10
FBGN0040964	16	14	14	32	25	32
FBGN0031250	18	22	7	38	67	55
FBGN0250843	614	516	450	547	868	807
FBGN0021906	105	110	85	124	166	149
FBGN0032770	0	2	0	0	0	0
FBGN0032601	16	26	18	36	18	30
FBGN0265670	0	0	0	0	0	0
FBGN0032321	60	32	30	41	52	95
FBGN0053120	0	0	0	1	0	0
FBGN0261881	22	33	13	24	54	59
FBGN0264081	0	0	0	0	0	0
FBGN0003016	11	16	31	48	66	35
FBGN0031495	18	25	10	60	51	43
FBGN0010602	136	134	84	240	460	368
FBGN0040506	0	0	0	0	0	0
FBGN0002036	1	0	1	0	6	3
FBGN0031420	15	16	9	61	50	51
FBGN0031713	49	55	29	60	124	85
FBGN0002931	99	34	68	36	56	50
FBGN0051948	0	0	0	0	0	0
FBGN0032054	55	68	60	93	145	142
FBGN0031253	35	16	24	34	43	50
FBGN0031545	0	0	0	0	1	0
FBGN0032876	53	47	30	74	90	116
FBGN0263037	0	0	0	0	0	0
FBGN0031937	1	0	0	0	0	0
FBGN0085188	106	92	53	69	122	108
FBGN0032805	5	5	1	8	4	0
FBGN0013433	0	0	0	0	0	0
FBGN0064115	10	5	2	2	7	11
FBGN0032160	57	57	41	110	160	134
FBGN0032648	0	0	0	0	0	0
FBGN0085206	0	0	0	0	0	0
FBGN0053906	0	0	0	0	0	0
FBGN0031306	0	3	0	0	2	3
FBGN0032473	1	3	1	1	0	0
FBGN0023489	0	0	0	0	0	0
FBGN0051774	0	0	1	0	0	0
FBGN0085208	3	12	10	30	25	24
FBGN0032195	14	16	12	33	35	31
FBGN0026324	82	76	86	116	134	153
FBGN0011703	756	627	555	598	856	1004
FBGN0265001	0	0	0	0	0	0
FBGN0031287	30	37	34	34	28	38
FBGN0040715	1	5	0	2	2	5
FBGN0053897	0	0	0	0	0	0
FBGN0026394	0	0	0	0	0	0
FBGN0032435	0	0	0	0	0	0
FBGN0031637	19	21	7	21	41	66
FBGN0264815	0	0	1	2	1	0
FBGN0003751	0	0	0	0	0	0
FBGN0261991	0	0	0	0	0	0
FBGN0028900	0	0	0	0	0	0
FBGN0032150	12	8	3	12	19	26
FBGN0053923	0	0	0	0	0	0
FBGN0042129	0	0	0	0	0	0
FBGN0032394	30	7	9	50	85	52
FBGN0011305	319	228	217	291	419	328
FBGN0085207	0	0	0	0	0	0
FBGN0024191	85	60	54	87	97	86
FBGN0032391	22	28	10	28	54	21
FBGN0031519	19	17	11	21	13	19
FBGN0002989	22	22	16	27	49	35
FBGN0032366	0	0	0	0	0	0
FBGN0031859	0	0	0	0	0	0
FBGN0263087	0	3	0	0	0	0
FBGN0031678	161	201	113	190	237	267
FBGN0032331	0	0	0	0	0	0
FBGN0040299	0	0	1	0	0	1
FBGN0031745	0	1	2	9	15	14
FBGN0052985	0	0	0	0	0	0
FBGN0032846	5	4	8	14	18	4
FBGN0032878	0	0	0	0	0	0
FBGN0031424	0	0	0	0	0	0
FBGN0032520	0	1	0	0	0	0
FBGN0031292	0	0	0	0	0	0
FBGN0029174	679	375	439	465	617	516
FBGN0003475	9	3	5	8	19	15
FBGN0053889	0	0	0	0	0	0
FBGN0032024	0	0	0	1	5	15
FBGN0032014	12	15	19	14	19	29
FBGN0031251	0	1	1	0	0	0
FBGN0031388	0	0	0	0	0	0
FBGN0032483	0	0	0	0	0	0
FBGN0001978	38	38	43	79	95	94
FBGN0031844	0	0	0	0	0	0
FBGN0040949	0	0	0	0	0	0
FBGN0021856	101	61	40	89	124	110
FBGN0031520	0	0	0	0	0	0
FBGN0053928	0	0	0	0	0	0
FBGN0028987	0	0	0	0	0	0
FBGN0032202	48	38	25	56	40	61
FBGN0001125	172	183	82	258	354	369
FBGN0051760	0	0	0	0	0	0
FBGN0031975	3	1	6	2	3	3
FBGN0026392	0	0	0	0	0	0
FBGN0032187	0	0	0	0	0	1
FBGN0032096	0	0	0	0	0	0
FBGN0265264	0	0	0	0	0	0
FBGN0040992	1	4	1	0	1	0
FBGN0259949	0	0	0	0	0	0
FBGN0086856	116	72	71	81	126	129
FBGN0051820	0	0	0	0	0	0
FBGN0002856	0	0	0	0	0	0
FBGN0263585	0	0	0	0	0	0
FBGN0031879	1370	1153	890	2092	3718	3290
FBGN0265002	0	0	0	0	0	0
FBGN0031458	70	61	47	83	125	128
FBGN0004394	28	30	42	38	69	61
FBGN0051617	0	0	0	0	0	0
FBGN0052831	14	19	16	35	35	44
FBGN0085209	0	0	0	0	0	0
FBGN0031696	32	34	17	35	81	43
FBGN0032168	20	27	7	35	27	16
FBGN0032442	0	2	0	0	0	0
FBGN0004419	580	528	424	769	1014	967
FBGN0028857	0	0	0	0	0	0
FBGN0261358	0	0	0	0	0	0
FBGN0283659	14	12	10	14	30	16
FBGN0041789	100	83	97	145	217	177
FBGN0032010	1	0	0	1	0	0
FBGN0011202	83	76	84	161	247	203
FBGN0031392	81	74	53	82	109	119
FBGN0267976	116	111	81	117	172	152
FBGN0261349	0	0	0	0	0	0
FBGN0032509	100	124	95	158	205	161
FBGN0261357	0	0	0	0	0	0
FBGN0051702	0	0	0	0	0	0
FBGN0032065	0	0	0	0	0	0
FBGN0032824	0	0	3	3	0	2
FBGN0032348	349	196	190	284	410	443
FBGN0031660	87	73	69	78	103	76
FBGN0031444	0	0	0	0	0	0
FBGN0031757	0	0	0	0	0	0
FBGN0011259	59	46	25	71	157	117
FBGN0041092	158	127	121	155	281	254
FBGN0040232	268	195	187	403	390	384
FBGN0040968	0	0	0	0	1	3
FBGN0032281	16	7	54	2	0	0
FBGN0011705	80	43	42	45	52	45
FBGN0051668	2	0	0	0	0	0
FBGN0032126	0	0	0	0	0	0
FBGN0004797	86	50	65	74	86	100
FBGN0032242	1118	827	715	932	1069	1186
FBGN0031318	73	84	73	79	101	130
FBGN0032590	0	0	0	0	0	0
FBGN0003187	2	4	0	4	2	1
FBGN0085196	0	0	0	0	0	0
FBGN0032269	0	0	0	0	0	0
FBGN0026147	35	38	28	60	80	79
FBGN0032153	23	11	13	17	17	10
FBGN0028533	119	19	3	0	1	2
FBGN0032553	0	0	0	0	0	0
FBGN0032452	1	0	0	2	2	2
FBGN0051793	15	17	14	19	36	25
FBGN0000464	229	149	151	322	411	398
FBGN0051852	167	122	108	170	165	174
FBGN0032131	0	0	0	0	0	0
FBGN0032304	0	0	2	0	0	0
FBGN0016075	168	137	119	143	157	106
FBGN0053508	3	1	0	0	0	0
FBGN0286027	76	47	41	58	83	75
FBGN0051933	0	0	0	0	0	0
FBGN0286723	0	0	0	7	0	1
FBGN0010265	1476	1292	1088	1138	1772	1486
FBGN0031758	0	0	0	0	0	0
FBGN0031478	6	3	5	19	42	36
FBGN0031900	0	0	0	0	0	0
FBGN0032000	12	9	5	20	34	32
FBGN0027094	940	892	703	953	1177	1305
FBGN0270924	194	173	111	242	367	306
FBGN0032398	103	102	65	163	237	201
FBGN0264922	243	193	263	616	836	738
FBGN0031655	24	21	6	15	24	31
FBGN0041097	0	1	1	0	0	0
FBGN0284084	123	105	125	187	225	209
FBGN0027929	2	0	0	0	0	0
FBGN0019830	16	20	10	57	81	47
FBGN0040950	0	0	0	18	5	1082
FBGN0261697	0	0	0	0	0	0
FBGN0032799	89	87	64	79	131	94
FBGN0031894	52	34	32	44	63	68
FBGN0032087	0	0	0	0	0	0
FBGN0001994	225	176	172	371	528	489
FBGN0053852	0	0	0	0	0	0
FBGN0031469	0	0	0	0	0	0
FBGN0085339	3	3	1	2	4	9
FBGN0031631	24	9	10	44	37	39
FBGN0053899	0	0	0	0	0	0
FBGN0032154	2	0	0	1	9	6
FBGN0028990	170	154	111	361	498	443
FBGN0032645	0	0	1	0	0	0
FBGN0053814	0	0	0	0	0	0
FBGN0027592	153	115	136	128	205	149
FBGN0015797	32	20	19	66	112	64
FBGN0032346	26	25	9	27	40	60
FBGN0002525	1305	1304	976	1768	2525	2710
FBGN0053121	0	0	0	0	0	0
FBGN0053816	0	0	0	0	0	0
FBGN0032421	121	103	92	110	169	178
FBGN0015772	19	45	23	42	77	83
FBGN0264742	13	8	24	26	27	29
FBGN0265262	1	3	4	1	4	2
FBGN0031952	46	38	21	59	86	55
FBGN0031703	0	0	0	15	3	11
FBGN0264340	0	0	0	0	0	0
FBGN0053882	0	0	0	0	0	0
FBGN0266521	679	483	378	825	837	790
FBGN0031969	13	8	6	7	18	28
FBGN0032194	70	41	38	39	58	61
FBGN0031684	59	47	42	61	96	75
FBGN0031389	4	4	1	1	0	5
FBGN0032493	0	0	0	0	0	0
FBGN0031596	0	0	0	0	0	0
FBGN0051785	0	0	0	0	0	0
FBGN0051719	0	2	0	0	0	1
FBGN0031476	0	0	0	0	0	0
FBGN0032857	0	0	0	0	0	0
FBGN0005660	0	0	0	1	1	0
FBGN0028375	38	50	20	39	99	87
FBGN0041103	0	0	0	0	0	0
FBGN0051921	0	0	0	0	0	0
FBGN0086907	0	0	0	0	0	0
FBGN0011832	0	0	0	0	0	0
FBGN0031613	0	0	0	0	0	0
FBGN0032086	0	0	0	0	0	0
FBGN0051679	0	0	0	0	0	0
FBGN0053857	0	0	0	0	0	0
FBGN0264086	0	0	0	0	0	0
FBGN0051810	0	0	1	0	0	0
FBGN0031431	0	0	0	0	0	0
FBGN0051989	34	38	13	42	60	54
FBGN0026577	206	149	142	237	367	301
FBGN0031850	347	227	200	219	370	350
FBGN0031710	42	22	33	48	64	47
FBGN0053884	0	0	0	0	0	0
FBGN0001202	49	48	60	50	91	83
FBGN0053307	4	3	5	2	0	0
FBGN0032863	30	13	11	37	47	59
FBGN0261647	80	27	53	79	97	109
FBGN0031630	4	0	2	1	3	4
FBGN0032974	50	26	25	43	93	56
FBGN0032730	2	0	0	9	6	0
FBGN0031729	0	0	0	0	0	0
FBGN0040070	260	222	223	294	321	306
FBGN0024248	67	48	34	101	141	134
FBGN0058439	2	1	1	0	0	0
FBGN0284082	0	0	0	0	0	0
FBGN0031442	0	0	0	0	0	0
FBGN0031295	0	0	0	0	0	0
FBGN0051955	0	0	0	0	0	1
FBGN0051690	0	0	0	0	0	0
FBGN0262354	0	0	0	0	0	0
FBGN0032122	0	0	0	0	0	0
FBGN0024920	175	201	179	145	241	275
FBGN0004893	504	472	403	817	1241	1078
FBGN0031610	0	1	2	1	8	3
FBGN0031996	173	84	89	148	202	173
FBGN0015808	113	119	62	124	179	164
FBGN0259965	0	0	0	0	0	0
FBGN0004407	22	12	6	7	16	23
FBGN0053300	0	0	0	0	0	0
FBGN0011230	963	701	632	1131	1533	1349
FBGN0051876	0	0	0	0	0	0
FBGN0031544	148	153	114	123	232	198
FBGN0040010	121	58	66	129	181	108
FBGN0031299	0	0	0	0	0	0
FBGN0025686	0	0	0	0	0	8
FBGN0032681	35	23	20	21	40	25
FBGN0264895	46	50	22	73	112	77
FBGN0032235	1	0	0	0	0	5
FBGN0012036	27	7	19	42	32	40
FBGN0031450	104	73	88	151	205	205
FBGN0053834	0	0	2	0	3	1
FBGN0032896	0	0	0	0	0	0
FBGN0032068	0	0	0	0	0	1
FBGN0031936	0	0	0	0	0	0
FBGN0024734	33	29	31	79	127	83
FBGN0032981	0	0	0	0	0	0
FBGN0004507	189	174	135	308	590	554
FBGN0263026	0	0	0	0	0	0
FBGN0020880	0	0	0	0	1	0
FBGN0053860	0	0	0	0	0	0
FBGN0015400	0	2	0	1	0	0
FBGN0032318	0	0	0	0	0	0
FBGN0262877	0	0	0	0	0	0
FBGN0032682	61	56	33	84	174	155
FBGN0031244	19	5	1	10	22	18
FBGN0032211	0	0	0	0	0	0
FBGN0019890	155	129	99	209	293	284
FBGN0016930	140	129	85	230	260	225
FBGN0051789	33	3	1	0	0	0
FBGN0032669	0	0	1	0	3	0
FBGN0031566	30	21	17	45	53	59
FBGN0031997	9	14	12	33	43	42
FBGN0028887	0	0	0	0	0	0
FBGN0016054	30	20	18	8	3	3
FBGN0032117	8	0	4	4	7	11
FBGN0031494	54	35	29	36	46	37
FBGN0261531	0	0	0	0	0	0
FBGN0032313	0	0	0	0	0	0
FBGN0015803	46	27	32	41	60	67
FBGN0086130	40	27	27	30	49	35
FBGN0031288	0	0	0	0	0	0
FBGN0010612	252	228	224	210	327	308
FBGN0051792	0	0	0	0	0	0
FBGN0262872	90	77	57	84	175	204
FBGN0000052	210	160	132	168	245	292
FBGN0041250	0	0	0	0	0	0
FBGN0032178	0	0	0	0	0	0
FBGN0053116	24	30	14	46	85	76
FBGN0259960	0	0	0	0	0	0
FBGN0263234	6	0	0	0	0	1
FBGN0001301	57	47	35	113	141	142
FBGN0265607	0	0	0	0	0	0
FBGN0067779	62	71	35	72	132	104
FBGN0032522	0	0	0	0	0	0
FBGN0032465	86	71	60	91	128	121
FBGN0263256	33	22	18	22	47	46
FBGN0031419	5	8	4	8	9	8
FBGN0000588	15	17	6	16	32	34
FBGN0032017	22	24	15	39	24	23
FBGN0051716	261	181	184	248	358	343
FBGN0032048	0	0	0	0	0	0
FBGN0028534	0	0	0	0	0	0
FBGN0051730	0	0	0	0	0	0
FBGN0031409	0	0	0	0	0	0
FBGN0262814	0	0	0	0	0	0
FBGN0031428	5	14	5	3	10	12
FBGN0028903	0	0	0	0	0	0
FBGN0011207	26	18	20	38	45	50
FBGN0051637	13	23	14	20	52	39
FBGN0031283	0	0	0	0	0	0
FBGN0032614	0	4	1	0	2	0
FBGN0267327	0	0	0	0	0	0
FBGN0262743	595	522	406	821	1145	1140
FBGN0032889	176	127	87	228	377	278
FBGN0003141	22	38	12	59	80	64
FBGN0054003	0	0	0	2	0	1
FBGN0041781	72	30	49	64	102	74
FBGN0031530	29	19	12	6	21	26
FBGN0032376	0	0	0	0	0	0
FBGN0000320	33	34	18	37	86	43
FBGN0032563	0	0	0	0	0	0
FBGN0032205	2	3	7	4	4	10
FBGN0025724	677	492	444	585	782	730
FBGN0264743	11	11	14	16	23	20
FBGN0032364	0	0	0	0	0	0
FBGN0028950	0	0	0	0	0	0
FBGN0032877	18	5	2	4	8	8
FBGN0031220	4	3	0	0	2	0
FBGN0032471	0	0	0	0	0	0
FBGN0032588	0	0	0	0	0	0
FBGN0051870	0	0	0	0	0	0
FBGN0264990	0	0	0	0	0	0
FBGN0005664	0	0	0	0	0	0
FBGN0264432	0	0	0	0	0	0
FBGN0051867	0	0	0	0	0	0
FBGN0264543	0	0	0	0	0	0
FBGN0053113	489	443	259	598	959	712
FBGN0028858	0	0	0	0	0	0
FBGN0262599	0	0	0	0	0	0
FBGN0031422	19	13	5	24	19	20
FBGN0032715	67	47	45	31	50	26
FBGN0053510	0	0	0	0	0	1
FBGN0004872	0	0	6	3	3	11
FBGN0031294	0	0	0	0	0	0
FBGN0032370	0	0	0	0	0	0
FBGN0086683	292	175	172	128	170	161
FBGN0031505	49	43	48	103	121	87
FBGN0028901	0	0	0	0	0	0
FBGN0032260	0	0	0	0	0	0
FBGN0028896	0	0	0	0	0	1
FBGN0083973	0	0	0	0	0	0
FBGN0051924	0	0	0	0	0	0
FBGN0263133	95	63	60	93	88	117
FBGN0053509	3	0	2	0	0	0
FBGN0058006	11	7	9	22	22	43
FBGN0031779	36	24	20	34	49	61
FBGN0031876	14	1	5	15	18	15
FBGN0002593	756	447	391	563	1086	935
FBGN0259957	0	0	0	0	0	0
FBGN0042175	2	0	0	0	4	0
FBGN0012037	860	836	511	1376	1738	1299
FBGN0031522	0	0	0	0	0	0
FBGN0031602	0	0	0	0	0	0
FBGN0041723	1	1	0	2	0	0
FBGN0031768	11	17	11	25	42	25
FBGN0040508	0	0	0	0	0	0
FBGN0283652	75	53	49	48	70	62
FBGN0031451	0	0	0	6	0	0
FBGN0003209	29	13	25	51	100	86
FBGN0262358	0	0	0	0	0	0
FBGN0053907	0	0	0	0	0	0
FBGN0003430	0	0	2	0	0	0
FBGN0024740	0	0	0	0	0	0
FBGN0011818	100	54	56	57	76	100
FBGN0032731	21	32	11	47	41	41
FBGN0031286	42	32	20	22	16	26
FBGN0032290	41	35	24	42	72	76
FBGN0031737	1	1	8	0	0	1
FBGN0027568	351	397	234	535	628	668
FBGN0031721	0	0	0	0	0	0
FBGN0032884	173	158	129	186	266	261
FBGN0028707	9	14	8	13	11	30
FBGN0028542	4	0	2	1	1	2
FBGN0032809	0	0	0	0	0	0
FBGN0032336	0	0	1	0	0	0
FBGN0032790	23	14	6	17	14	28
FBGN0028658	7	12	7	9	9	11
FBGN0031817	12	10	5	6	10	7
FBGN0001942	2699	2227	1844	3037	3906	4349
FBGN0027600	205	135	128	257	382	354
FBGN0031592	0	0	0	0	0	0
FBGN0031728	0	0	0	4	1	0
FBGN0024291	229	170	189	183	254	338
FBGN0031414	0	0	0	0	0	0
FBGN0053124	0	0	0	0	0	0
FBGN0085422	0	0	0	0	0	0
FBGN0015834	313	235	180	387	620	531
FBGN0028870	0	0	0	0	0	0
FBGN0283678	0	0	0	0	0	0
FBGN0086779	40	37	11	46	45	53
FBGN0051902	0	0	0	0	0	0
FBGN0031920	0	0	0	0	0	0
FBGN0028866	0	0	0	0	0	0
FBGN0028482	0	0	0	0	0	1
FBGN0031913	0	2	4	4	2	3
FBGN0032330	154	102	106	156	192	147
FBGN0020429	0	0	0	0	0	0
FBGN0053831	0	0	0	0	0	0
FBGN0032600	78	85	75	126	179	148
FBGN0053903	0	0	0	0	0	0
FBGN0031483	34	39	18	23	24	30
FBGN0040967	0	0	0	0	0	0
FBGN0031926	30	30	7	36	59	37
FBGN0004811	88	36	61	72	121	119
FBGN0031766	4	6	16	2	10	13
FBGN0031769	761	692	545	825	1297	1223
FBGN0032929	83	40	49	90	77	85
FBGN0263354	0	0	0	0	0	0
FBGN0032835	0	0	0	0	0	0
FBGN0010263	1	0	0	0	0	0
FBGN0013531	57	40	29	76	103	99
FBGN0259950	0	3	0	0	0	0
FBGN0032280	3	5	67	7	0	0
FBGN0032486	15	16	6	7	18	10
FBGN0032428	0	0	0	0	0	3
FBGN0052463	0	0	0	0	0	0
FBGN0286781	402	284	272	349	427	378
FBGN0043002	55	41	26	64	86	96
FBGN0044811	0	0	0	0	0	0
FBGN0031310	57	66	46	47	86	69
FBGN0053893	0	0	0	0	0	0
FBGN0031661	65	82	51	72	135	118
FBGN0004620	1	0	0	0	0	0
FBGN0053851	0	0	0	0	0	0
FBGN0032706	0	0	0	0	0	0
FBGN0020906	115	20	3	1	0	1
FBGN0053648	0	0	0	0	0	0
FBGN0031877	11	2	9	9	20	34
FBGN0032457	0	0	0	0	0	0
FBGN0261597	583	458	474	561	871	791
FBGN0032388	330	261	194	171	262	221
FBGN0020497	737	488	365	830	1022	998
FBGN0032311	0	0	0	0	0	0
FBGN0028516	0	0	0	0	0	0
FBGN0032925	450	309	316	279	357	355
FBGN0053841	0	0	0	0	0	0
FBGN0032489	0	0	0	0	0	0
FBGN0250785	193	177	135	360	497	449
FBGN0263080	0	0	0	0	0	0
FBGN0263314	0	0	0	0	0	0
FBGN0053310	0	0	0	0	0	0
FBGN0032703	68	58	31	80	70	46
FBGN0032101	42	20	19	17	54	40
FBGN0261830	0	0	0	0	0	0
FBGN0250847	0	0	0	0	0	0
FBGN0031853	0	0	0	0	0	0
FBGN0031307	296	209	191	440	594	605
FBGN0010422	62	102	52	166	198	141
FBGN0031986	0	0	0	0	0	0
FBGN0267252	0	0	1	0	0	0
FBGN0031536	16	12	17	29	81	49
FBGN0000075	104	67	76	36	82	60
FBGN0002938	1	4	1	5	5	1
FBGN0031736	103	83	77	108	118	150
FBGN0053864	0	0	0	0	0	0
FBGN0051740	0	0	0	0	0	0
FBGN0000286	13	17	6	23	41	25
FBGN0028897	14	17	17	13	31	18
FBGN0051626	0	0	0	0	0	0
FBGN0026397	0	0	0	0	0	0
FBGN0014127	190	171	158	292	352	385
FBGN0261239	67	51	50	101	117	144
FBGN0264744	11	11	7	7	18	15
FBGN0011294	0	0	0	0	0	0
FBGN0005617	98	95	63	167	193	173
FBGN0053876	0	0	0	0	0	0
FBGN0260453	0	0	0	0	0	0
FBGN0032312	0	0	0	0	0	0
FBGN0031882	12	2	9	7	16	16
FBGN0053281	0	0	0	0	0	0
FBGN0051926	0	0	0	0	0	0
FBGN0267330	48	33	37	126	249	165
FBGN0032322	7	0	1	2	0	3
FBGN0028703	18	10	14	35	33	35
FBGN0032244	72	77	39	95	187	180
FBGN0019686	63	59	27	86	114	148
FBGN0032853	0	0	0	0	0	0
FBGN0032919	205	161	146	165	174	174
FBGN0015035	0	0	3	0	0	0
FBGN0032250	94	69	73	101	97	97
FBGN0014857	175	158	177	269	424	391
FBGN0040102	10	5	6	0	4	3
FBGN0031716	0	0	0	0	0	0
FBGN0286786	288	204	160	272	304	352
FBGN0032864	330	312	224	485	717	753
FBGN0021761	244	192	128	394	506	534
FBGN0032740	0	0	0	0	0	0
FBGN0028490	39	49	46	54	69	54
FBGN0020503	107	63	51	92	148	139
FBGN0287724	0	0	2	0	2	1
FBGN0031990	132	110	109	219	254	245
FBGN0032033	6	19	5	24	18	15
FBGN0020415	0	11	7	2	3	10
FBGN0032644	11	15	20	24	35	43
FBGN0032796	42	56	55	82	107	100
FBGN0065109	0	0	0	0	0	0
FBGN0032109	0	0	0	0	0	0
FBGN0053846	0	0	0	0	0	0
FBGN0031261	3	3	1	3	5	1
FBGN0053855	0	0	0	0	0	0
FBGN0051673	41	23	18	60	85	45
FBGN0053868	0	2	0	4	1	0
FBGN0085197	0	0	0	0	0	0
FBGN0000317	119	116	96	196	336	230
FBGN0259229	0	0	0	2	0	0
FBGN0031603	34	31	35	20	43	40
FBGN0032053	42	19	29	67	94	87
FBGN0002566	58	35	38	77	117	80
FBGN0051643	3	11	2	6	18	20
FBGN0051663	0	0	0	0	0	0
FBGN0004567	1	3	0	0	0	0
FBGN0031485	86	65	72	74	64	64
FBGN0031496	4	0	0	0	0	0
FBGN0028544	25	27	24	43	40	93
FBGN0051612	5	7	0	6	13	6
FBGN0031390	370	296	273	376	512	502
FBGN0051788	0	0	0	0	0	0
FBGN0031972	14	26	6	31	34	30
FBGN0001170	1	2	0	11	3	8
FBGN0267365	28	25	23	86	54	48
FBGN0286898	299	186	203	251	443	346
FBGN0032416	0	0	0	0	0	0
FBGN0265138	0	0	0	0	0	0
FBGN0260446	0	0	0	0	0	0
FBGN0032779	5	13	8	10	14	17
FBGN0287218	0	0	0	0	0	0
FBGN0032595	30	22	11	19	16	17
FBGN0262140	0	0	0	0	0	0
FBGN0029161	20	21	10	50	68	35
FBGN0003607	353	330	282	433	525	460
FBGN0031460	0	0	0	0	0	0
FBGN0029137	1	0	0	0	0	0
FBGN0264308	0	0	3	1	0	0
FBGN0262786	0	0	0	0	0	0
FBGN0011291	62	49	30	29	69	47
FBGN0032419	0	0	0	0	0	0
FBGN0031337	0	0	0	0	0	0
FBGN0001989	57	58	43	50	87	68
FBGN0040958	0	0	0	9	7	486
FBGN0031770	0	0	0	0	0	0
FBGN0032147	21	11	9	20	30	28
FBGN0031622	0	0	0	0	1	0
FBGN0053809	0	0	0	0	0	0
FBGN0028398	36	40	37	63	125	67
FBGN0031939	0	0	1	2	0	1
FBGN0032850	0	0	0	0	0	0
FBGN0031571	600	387	395	651	851	816
FBGN0031533	0	0	0	0	0	0
FBGN0264433	0	0	0	0	0	0
FBGN0000547	2351	1745	1508	2825	3680	3572
FBGN0003270	0	0	0	0	0	0
FBGN0264362	0	0	0	0	0	0
FBGN0031216	183	160	134	345	332	318
FBGN0032577	0	0	0	0	0	0
FBGN0004867	1220	935	829	1250	2321	1973
FBGN0002673	9	4	0	8	18	8
FBGN0263094	0	0	0	0	0	0
FBGN0032495	8	15	4	18	15	11
FBGN0086855	60	76	80	116	157	156
FBGN0032104	0	0	0	0	0	0
FBGN0032026	107	118	73	168	226	152
FBGN0263200	11	7	2	13	18	11
FBGN0053888	0	0	0	0	0	0
FBGN0051908	25	25	15	28	68	50
FBGN0287234	8	47	3	10	13	16
FBGN0031747	0	0	0	0	0	65
FBGN0032518	695	554	505	525	778	711
FBGN0032002	0	0	0	0	0	0
FBGN0031498	4	2	2	5	7	2
FBGN0031517	0	0	0	0	0	0
FBGN0031995	42	38	38	83	85	98
FBGN0000182	0	0	0	0	1	0
FBGN0263079	0	1	0	0	0	0
FBGN0083960	0	0	0	0	0	0
FBGN0053815	0	0	0	0	0	0
FBGN0032632	0	0	0	0	0	0
FBGN0000055	3	3	36	38	8	2
FBGN0031791	0	6	0	0	0	0
FBGN0051634	0	0	0	0	0	0
FBGN0031489	0	0	0	0	0	0
FBGN0032839	0	0	0	0	0	0
FBGN0031834	10	5	1	0	0	0
FBGN0053196	1057	872	817	1987	2991	2705
FBGN0013810	0	0	0	0	0	0
FBGN0031440	0	0	0	0	0	0
FBGN0064225	1845	1604	1379	3056	3823	4024
FBGN0031692	0	0	0	0	0	0
FBGN0002021	30	23	13	39	49	31
FBGN0023415	1	2	0	0	0	0
FBGN0032880	223	183	243	435	612	518
FBGN0032515	64	59	59	37	56	66
FBGN0031720	0	0	0	0	0	0
FBGN0021967	92	64	50	89	98	86
FBGN0032753	0	0	0	0	0	0
FBGN0261627	0	0	0	0	0	0
FBGN0053818	0	0	0	0	0	0
FBGN0053891	0	0	0	0	0	0
FBGN0032381	0	0	1	0	0	1
FBGN0032016	75	33	51	68	96	58
FBGN0031740	12	20	21	18	57	54
FBGN0032879	0	0	0	0	0	0
FBGN0040097	0	0	0	0	0	0
FBGN0263082	0	0	0	0	0	0
FBGN0032222	10	12	10	10	23	12
FBGN0031662	18	25	15	45	139	66
FBGN0053531	2	9	10	13	10	26
FBGN0014033	10	10	2	4	3	0
FBGN0011274	6	6	9	5	4	6
FBGN0032022	8	6	1	5	9	7
FBGN0031829	0	1	0	0	0	0
FBGN0028537	0	0	0	0	0	0
FBGN0040496	57	19	17	31	57	33
FBGN0031826	0	0	0	0	0	0
FBGN0032961	191	161	160	173	189	195
FBGN0031249	0	0	5	0	0	0
FBGN0067622	6	9	5	14	15	14
FBGN0032406	0	0	0	0	0	0
FBGN0000061	18	11	8	62	94	90
FBGN0032871	2	1	0	0	0	0
FBGN0001086	274	194	187	288	455	405
FBGN0259151	0	0	0	0	0	0
FBGN0031951	35	48	22	42	48	43
FBGN0264363	0	0	0	0	0	0
FBGN0053854	0	0	0	0	0	0
FBGN0259716	0	0	1	0	2	1
FBGN0031298	36	40	25	42	47	63
FBGN0031929	0	0	0	0	0	0
FBGN0027586	0	0	1	0	0	0
FBGN0032467	151	152	104	321	430	433
FBGN0051866	0	5	1	1	5	3
FBGN0250786	219	157	180	206	363	362
FBGN0259954	0	0	0	0	0	0
FBGN0031988	79	31	58	65	90	118
FBGN0032868	0	0	0	0	0	0
FBGN0287788	35	30	29	44	31	41
FBGN0261836	622	586	641	1614	2374	1912
FBGN0010097	0	0	0	1	2	0
FBGN0031633	52	66	63	53	86	109
FBGN0053874	0	0	0	0	0	0
FBGN0041111	48	50	45	61	88	90
FBGN0051975	2	0	1	0	0	0
FBGN0031730	0	0	0	0	0	0
FBGN0032006	43	39	20	28	82	67
FBGN0041180	587	458	442	600	709	694
FBGN0031772	17	27	23	30	59	43
FBGN0032521	70	44	46	67	63	52
FBGN0085192	16	16	17	50	26	64
FBGN0286198	14	5	6	3	7	4
FBGN0262999	0	0	0	0	0	0
FBGN0032704	16	35	24	114	162	108
FBGN0031792	0	0	0	0	0	0
FBGN0032271	0	0	0	0	0	0
FBGN0032240	155	106	122	124	156	143
FBGN0031961	123	77	63	95	108	107
FBGN0031313	0	0	1	1	1	0
FBGN0032181	0	0	0	0	0	0
FBGN0031731	0	0	0	0	0	0
FBGN0031906	0	0	0	0	0	0
FBGN0031597	24	13	25	33	32	18
FBGN0031344	14	5	3	14	11	8
FBGN0032969	0	0	0	0	0	0
FBGN0032817	93	55	60	103	161	129
FBGN0086710	193	247	170	346	565	583
FBGN0022069	241	190	173	318	403	370
FBGN0031606	29	44	17	76	100	85
FBGN0053543	0	0	0	0	0	0
FBGN0027081	698	618	575	616	777	805
FBGN0010607	38	36	35	25	37	66
FBGN0031776	124	91	86	147	167	172
FBGN0032192	49	38	30	46	43	63
FBGN0031907	21	13	21	0	3	0
FBGN0053845	0	0	0	0	0	0
FBGN0264978	133	80	57	89	129	134
FBGN0028675	2	0	0	2	0	1
FBGN0020618	1860	1611	1257	2044	3567	3668
FBGN0028425	60	32	32	63	123	87
FBGN0053842	0	0	0	0	0	0
FBGN0032724	29	13	14	8	14	20
FBGN0086912	94	61	95	59	78	103
FBGN0031636	0	0	0	0	0	0
FBGN0266445	0	0	0	0	1	0
FBGN0052984	0	0	0	0	0	0
FBGN0032789	0	0	0	0	0	0
FBGN0265668	0	0	0	0	0	0
FBGN0265778	67	51	36	137	185	182
FBGN0051694	108	92	62	118	154	149
FBGN0031471	0	0	0	0	0	0
FBGN0085407	17	1	4	7	17	6
FBGN0003963	48	40	40	71	112	95
FBGN0014010	162	98	83	178	252	190
FBGN0016675	0	0	4	0	0	0
FBGN0065110	0	0	0	0	0	0
FBGN0267255	0	0	0	0	0	0
FBGN0000180	163	106	104	298	401	336
FBGN0053909	0	0	0	0	0	0
FBGN0264343	0	0	0	0	0	0
FBGN0031955	0	2	0	0	0	0
FBGN0051704	0	0	0	0	0	0
FBGN0267489	0	0	0	0	0	0
FBGN0046697	0	0	0	0	0	0
FBGN0001313	0	0	0	0	0	0
FBGN0267592	0	0	0	0	0	0
FBGN0267432	0	0	0	0	0	0
FBGN0046698	0	0	0	0	0	0
FBGN0267903	0	0	0	0	0	0
FBGN0267490	0	0	0	0	0	0
FBGN0267412	0	0	0	0	0	0
FBGN0265047	4	4	1	1	0	4
FBGN0261399	0	0	0	0	0	0
FBGN0058064	0	0	0	0	0	0
FBGN0267904	0	0	0	0	0	0
FBGN0267411	0	0	0	0	0	0
FBGN0267413	0	0	0	0	0	0
FBGN0267449	0	0	0	0	0	0
FBGN0267492	0	0	0	0	0	0
FBGN0267905	0	0	0	0	0	0
FBGN0267433	0	0	0	0	0	0
FBGN0046323	0	0	0	0	0	0
FBGN0267417	0	0	0	0	0	0
FBGN0267491	0	0	0	0	0	0
FBGN0267493	0	0	0	0	0	0
FBGN0039925	0	0	0	0	0	0
FBGN0042696	0	0	0	0	0	0
FBGN0039929	122	106	90	134	134	126
FBGN0002521	130	104	70	146	145	146
FBGN0005558	0	0	0	0	0	0
FBGN0028996	0	0	0	0	0	0
FBGN0287597	20	10	20	12	12	19
FBGN0004607	581	454	431	760	899	979
FBGN0263112	67	64	54	86	104	123
FBGN0052000	134	133	90	173	137	160
FBGN0039923	124	89	74	158	128	123
FBGN0039937	0	0	0	0	0	0
FBGN0259216	0	0	1	0	0	0
FBGN0039915	4	1	0	1	0	1
FBGN0039889	44	38	36	45	50	55
FBGN0039897	13	24	25	16	14	6
FBGN0010217	2708	2316	1889	2741	3337	3186
FBGN0004859	517	393	353	765	888	904
FBGN0039924	174	151	110	205	194	207
FBGN0019985	0	0	0	0	0	0
FBGN0022361	27	16	17	28	32	38
FBGN0053978	139	102	107	112	169	142
FBGN0016126	29	20	29	47	68	49
FBGN0019650	0	0	0	0	0	0
FBGN0023213	1229	1106	931	1715	2176	1967
FBGN0005561	6	1	0	0	2	0
FBGN0039909	594	416	323	507	614	553
FBGN0027101	116	85	57	125	115	124
FBGN0039920	50	15	17	32	39	37
FBGN0039900	0	0	0	0	0	0
FBGN0087002	103	140	370	139	19	26
FBGN0025741	785	674	549	1078	1391	1245
FBGN0053481	0	0	0	0	0	0
FBGN0051998	339	294	222	461	505	400
FBGN0262636	0	0	0	0	0	0
FBGN0039932	0	0	0	0	0	0
FBGN0024728	76	66	76	88	78	108
FBGN0052016	132	115	114	256	232	211
FBGN0040324	95	63	45	104	127	153
FBGN0039896	0	3	3	2	0	0
FBGN0026777	160	193	158	295	324	344
FBGN0025740	146	94	112	231	216	200
FBGN0259214	980	936	698	1251	1301	1354
FBGN0052017	2	0	2	0	2	1
FBGN0267363	0	0	0	0	0	0
FBGN0024811	138	104	83	112	123	125
FBGN0262731	7	15	10	32	17	16
FBGN0085432	140	112	81	85	141	118
FBGN0051992	673	465	409	746	876	830
FBGN0053653	2	4	1	0	1	0
FBGN0039911	0	0	0	0	0	0
FBGN0051999	55	49	20	44	39	14
FBGN0017545	2827	2365	2035	2893	3088	3167
FBGN0026262	130	112	108	166	223	212
FBGN0039908	37	32	23	29	63	40
FBGN0264607	43	43	39	52	55	36
FBGN0011747	438	366	309	522	648	606
FBGN0039928	474	391	375	502	511	605
FBGN0039904	581	430	370	564	680	654
FBGN0039936	316	225	212	383	462	423
FBGN0039927	0	2	7	0	2	0
FBGN0039930	24	10	14	11	34	23
FBGN0026869	230	153	120	244	357	333
FBGN0039890	147	139	85	218	228	228
FBGN0051997	483	444	330	508	572	519
FBGN0024913	0	0	1	0	0	0
FBGN0039907	229	150	133	204	227	251
FBGN0039916	1	2	0	0	0	0
FBGN0011642	70	48	71	82	94	62
FBGN0250819	1	0	6	0	3	0
FBGN0052850	16	12	11	24	19	21
FBGN0039902	83	66	40	92	101	88
FBGN0039938	18	12	6	21	24	15
FBGN0005666	5	30	116	7	6	3
FBGN0025726	58	34	58	69	121	59
FBGN0052006	0	0	0	0	0	0
FBGN0013749	429	290	335	306	348	283
FBGN0026199	44	42	23	87	96	63
FBGN0025936	191	205	161	359	416	368
FBGN0039914	50	59	25	58	67	51
FBGN0013680	0	0	0	0	0	0
FBGN0013676	0	0	0	0	0	0
FBGN0013681	0	0	0	0	0	0
FBGN0013678	0	0	0	0	0	0
FBGN0013672	0	0	0	0	0	0
FBGN0013674	0	0	0	0	0	0
FBGN0262952	0	0	0	0	0	0
FBGN0013684	0	0	0	0	0	0
FBGN0013679	0	0	0	0	0	0
FBGN0013685	0	0	0	0	0	0
FBGN0013673	0	0	0	0	0	0
FBGN0013675	0	0	0	0	0	0
FBGN0013683	0	0	0	0	0	0
FBGN0261386	0	0	0	0	0	0
FBGN0040038	0	0	0	0	0	0
FBGN0085692	0	0	0	0	0	0
FBGN0259817	0	0	0	0	0	0
FBGN0085506	0	0	0	0	0	0
