Geneid	RpS3_Xrp1_C_RNA	RpS3_Xrp1_B_RNA	RpS3_Xrp1_A_RNA	Xrp1_C_RNA	Xrp1_B_RNA	Xrp1_A_RNA
FBGN0038542	101	58	44	53	31	28
FBGN0039592	101	99	59	26	12	10
FBGN0038067	49	53	22	10	13	20
FBGN0039602	3901	3852	2650	3263	3389	3395
FBGN0264897	3	16	7	10	3	0
FBGN0038565	97	74	23	21	57	0
FBGN0039331	28	9	52	23	18	9
FBGN0019972	6338	6328	5213	5216	5512	5871
FBGN0046873	3	15	4	3	1	4
FBGN0038756	29	10	5	5	2	14
FBGN0039627	1647	1865	1545	1070	1270	1171
FBGN0039436	86	70	11	49	23	16
FBGN0051092	13460	13757	10390	16696	17722	17266
FBGN0039089	109	103	12	19	37	25
FBGN0064119	41	102	75	43	13	63
FBGN0250820	2623	2839	2258	1852	2360	2298
FBGN0284229	3	7	8	0	0	0
FBGN0038886	73	49	60	75	17	17
FBGN0038243	104	116	55	62	53	84
FBGN0283468	8542	8136	6350	7205	8343	7814
FBGN0038598	200	165	131	159	148	197
FBGN0038407	344	274	196	231	102	156
FBGN0038627	564	631	430	641	635	551
FBGN0027654	149	156	66	45	67	132
FBGN0037236	4856	4693	3578	4445	4423	4514
FBGN0003890	2401	2618	1853	2907	3156	3832
FBGN0000463	10540	12170	8553	13840	15518	14346
FBGN0039761	27	0	12	15	2	2
FBGN0051415	42	21	41	65	14	13
FBGN0037970	76	59	73	66	91	78
FBGN0051463	36	0	20	38	14	27
FBGN0051077	60	93	71	61	11	42
FBGN0037723	3019	3773	2820	2367	3070	2941
FBGN0028374	28	12	15	7	5	0
FBGN0004622	48	70	94	52	26	18
FBGN0053207	1830	1788	1302	1823	1933	2255
FBGN0038890	4633	4735	3333	3618	3985	3972
FBGN0010770	4862	4572	3670	3178	3764	3161
FBGN0046763	12007	14155	9756	8628	9942	8826
FBGN0038465	435	290	229	92	145	38
FBGN0038402	79	9	25	30	10	22
FBGN0261108	4082	4134	3208	3108	3513	3984
FBGN0039087	38	31	52	17	10	10
FBGN0262605	69	61	6	3	18	0
FBGN0263040	0	62	4	39	2	18
FBGN0020907	53	1	5	5	7	14
FBGN0038903	604	676	629	494	781	804
FBGN0037472	2281	2167	2144	1550	2030	1809
FBGN0263977	13979	13777	10829	5166	6280	5694
FBGN0261060	3	18	1	6	0	1
FBGN0015568	127	104	145	35	24	45
FBGN0011270	10	20	3	30	0	7
FBGN0051116	192	156	146	132	92	59
FBGN0262577	39	100	57	19	16	12
FBGN0039030	50	17	48	19	11	8
FBGN0053105	5924	5540	4853	4933	5353	5730
FBGN0037516	11	1	13	2	7	1
FBGN0051265	14	12	18	34	12	0
FBGN0051163	20171	20328	15754	21494	23790	23948
FBGN0039189	2722	2539	2646	2140	2836	2305
FBGN0039858	31593	32962	24735	28249	32041	32491
FBGN0261561	482	577	471	592	500	520
FBGN0002905	9698	9847	7573	10755	12171	11882
FBGN0003676	25860	28256	21405	16956	20610	20742
FBGN0040629	51	18	18	1	8	6
FBGN0038246	67	99	53	26	24	23
FBGN0043005	45	34	48	73	16	7
FBGN0038815	2037	1745	1482	3175	2876	3485
FBGN0015569	281	356	266	327	290	232
FBGN0038960	47	59	27	8	15	10
FBGN0067317	26	5	12	7	8	2
FBGN0039544	3281	3046	2506	2949	3447	3160
FBGN0038356	5	16	9	4	2	4
FBGN0051437	30	1	9	31	28	30
FBGN0028400	54	63	29	15	2	32
FBGN0039233	2474	2427	1780	1368	1652	1662
FBGN0288631	5768	5322	4875	4061	4765	4776
FBGN0039225	113	69	59	43	58	34
FBGN0051327	73	54	21	51	30	35
FBGN0261290	34	8	11	12	5	6
FBGN0002609	2459	2303	1909	2345	2413	2604
FBGN0051013	38	21	48	31	13	12
FBGN0037898	382	368	382	49	174	121
FBGN0051206	44	19	24	45	18	2
FBGN0038037	467	516	351	371	306	413
FBGN0037449	15	5	25	10	10	8
FBGN0002924	11887	12066	9150	12514	12496	14188
FBGN0037623	966	959	901	915	933	1092
FBGN0038989	4363	4438	3667	3394	4125	4355
FBGN0038526	51	5	40	14	1	2
FBGN0038203	39	43	6	0	21	18
FBGN0037608	1816	2335	1533	1542	2028	2002
FBGN0260713	31	1	4	10	32	9
FBGN0037483	105	9	14	69	58	91
FBGN0028476	5501	5536	4414	6186	6681	6913
FBGN0038046	5023	5475	4306	3982	4182	4905
FBGN0051202	111	56	70	36	60	46
FBGN0039147	44	56	48	28	43	10
FBGN0038349	1402	1677	1070	1363	1568	1897
FBGN0010441	2983	2861	2629	1752	2284	2405
FBGN0039402	2347	2343	2095	1527	1651	1768
FBGN0037715	315	456	256	160	188	252
FBGN0010399	123	117	66	82	91	42
FBGN0267975	3956	4020	3090	2602	3922	3435
FBGN0015331	4051	3882	2585	3775	4602	4375
FBGN0027948	34101	33325	26846	38776	39971	40575
FBGN0011655	6651	7103	5308	6215	6346	7327
FBGN0266758	675	505	392	341	431	462
FBGN0004781	36	64	13	50	13	11
FBGN0085346	670	755	520	237	289	504
FBGN0039075	204	227	146	166	159	75
FBGN0000274	70	4	37	22	11	19
FBGN0039448	20	2	11	6	9	6
FBGN0003356	2879	3372	2864	261	42	60
FBGN0039094	84	77	79	90	104	78
FBGN0010044	27	23	23	9	0	2
FBGN0051223	1650	1401	1247	792	973	1192
FBGN0263490	13328	13614	9521	18010	20067	19828
FBGN0250910	95	149	123	65	77	62
FBGN0262617	6075	6062	5080	6161	7098	6803
FBGN0038360	2259	2052	1593	1595	1847	1631
FBGN0051352	17527	18026	15226	21376	22511	24269
FBGN0037290	81	62	37	27	9	37
FBGN0038069	72	15	45	8	39	8
FBGN0037262	3158	3651	2440	2661	3357	3086
FBGN0045473	21	21	24	35	27	20
FBGN0039840	22	13	39	37	33	1
FBGN0037679	1311	1470	1045	1137	1008	1173
FBGN0039282	65	119	62	75	52	72
FBGN0037896	102	50	95	65	10	33
FBGN0266668	2475	2328	1702	1923	1985	1707
FBGN0037363	4556	4703	3789	5247	6043	6043
FBGN0014018	5286	4722	3888	4646	4775	5008
FBGN0037552	1321	1315	1184	836	970	856
FBGN0037488	20	29	34	24	32	3
FBGN0038597	4197	4532	3638	3146	3423	4018
FBGN0082582	11345	11447	9213	8846	8981	9255
FBGN0040279	254	281	208	381	338	393
FBGN0261844	1487	986	945	1724	1456	2092
FBGN0002868	106	43	102	26	33	57
FBGN0037589	22	35	24	53	30	76
FBGN0038468	99	146	63	70	31	57
FBGN0010389	1506	1397	1006	1131	1818	1791
FBGN0039371	42	8	10	9	7	3
FBGN0259152	8612	9094	7051	4480	5283	4593
FBGN0051560	22	5	18	24	7	1
FBGN0037782	20	9	36	13	13	0
FBGN0039347	36	50	29	69	67	59
FBGN0037668	92	63	31	58	46	47
FBGN0038881	18485	17403	13354	19819	22147	21137
FBGN0011669	4	12	6	12	0	5
FBGN0038796	18	15	27	5	6	11
FBGN0038014	70	113	63	34	42	36
FBGN0038210	22	22	15	8	2	11
FBGN0041621	80	33	30	47	19	7
FBGN0037911	682	715	470	486	584	580
FBGN0037685	56	38	40	7	8	4
FBGN0039015	14	47	41	32	35	13
FBGN0037254	60	102	71	96	49	35
FBGN0266137	109	43	80	36	67	23
FBGN0053337	88	50	115	51	36	27
FBGN0038460	16	8	26	4	7	10
FBGN0261053	14192	14611	10757	17567	18617	18704
FBGN0037375	118	68	50	114	52	76
FBGN0014930	686	697	398	351	602	610
FBGN0037626	37	23	16	12	12	5
FBGN0051051	252	358	214	236	282	332
FBGN0286204	177	134	97	95	36	18
FBGN0045035	8186	8147	6398	9309	10804	10358
FBGN0037754	79	8	26	6	30	7
FBGN0051017	23	109	15	43	11	7
FBGN0039795	7734	7553	5926	3740	4850	3129
FBGN0038476	31155	30508	25251	21170	24324	23960
FBGN0037461	18	1	27	4	10	9
FBGN0051407	55	143	42	203	122	98
FBGN0039003	3083	2511	2233	2549	2570	2885
FBGN0039731	1873	2010	1309	1227	1569	1251
FBGN0038003	45	26	4	36	1	7
FBGN0087013	37102	40156	30478	27212	31748	32207
FBGN0259733	497	653	401	48	94	47
FBGN0266176	0	0	0	0	0	0
FBGN0038302	593	585	453	322	492	380
FBGN0263596	1	0	2	4	5	0
FBGN0037424	40	99	44	16	18	45
FBGN0051076	117	78	58	78	62	28
FBGN0002735	532	571	453	393	306	344
FBGN0038462	4138	4612	3707	3293	4144	3719
FBGN0039584	40	23	31	28	13	17
FBGN0028487	774	973	614	652	507	765
FBGN0044511	982	1143	1055	671	767	608
FBGN0039522	31	16	48	16	29	18
FBGN0051542	25	1	6	8	13	1
FBGN0085328	17	7	9	15	3	8
FBGN0038447	3	37	18	8	8	20
FBGN0037822	5097	5185	4109	3554	4106	4050
FBGN0037504	6750	6747	5524	4034	4843	4291
FBGN0037963	19084	19508	15226	19940	23439	20719
FBGN0039368	65	5	24	10	23	10
FBGN0042102	67	10	40	19	1	19
FBGN0037677	54	19	36	9	36	9
FBGN0038499	4159	3403	3330	3900	4009	4126
FBGN0037572	19	2	28	0	6	14
FBGN0266916	7926	8534	6157	8815	9235	8900
FBGN0038887	88	62	45	64	30	24
FBGN0040227	31628	31867	26050	30393	32212	35762
FBGN0039312	46	11	51	10	15	10
FBGN0039599	48	40	16	27	3	7
FBGN0037688	2496	2696	2112	1751	2069	1596
FBGN0044823	490	512	357	351	524	374
FBGN0013813	597	472	395	292	214	197
FBGN0039081	94	108	31	28	22	25
FBGN0263400	79	71	112	0	29	11
FBGN0038331	2760	2806	2291	1736	2176	2149
FBGN0038515	2816	2598	2129	2061	2250	2093
FBGN0039108	79	57	40	43	24	40
FBGN0025574	4369	4535	3767	3384	4029	3953
FBGN0039298	8	18	62	0	2	4
FBGN0038914	30	21	1	16	5	1
FBGN0038760	7090	6801	5376	5728	6504	6645
FBGN0014861	10105	11027	8256	9864	10518	10864
FBGN0037892	930	1262	1015	971	1058	1239
FBGN0010803	4577	4508	3637	2687	3361	3073
FBGN0051122	8935	7979	6707	7399	7430	8082
FBGN0286199	65	8	35	56	13	51
FBGN0038173	55	1	74	30	25	25
FBGN0038354	56	96	77	72	17	26
FBGN0004779	21	23	41	45	4	2
FBGN0004118	150	99	158	40	49	30
FBGN0037995	29	20	22	22	9	12
FBGN0027512	6147	5486	5157	6467	8014	7679
FBGN0051106	75	31	58	6	46	26
FBGN0286506	1796	1810	1575	1148	1482	1677
FBGN0039439	76	25	41	13	5	24
FBGN0037964	89	41	39	45	30	17
FBGN0039625	1521	1572	1278	1165	1376	1328
FBGN0039723	4	0	4	12	2	4
FBGN0262955	23352	22856	18325	18651	20792	20826
FBGN0039613	82	125	132	94	64	104
FBGN0051103	185	112	101	185	126	111
FBGN0039807	514	587	342	635	609	635
FBGN0051493	17	22	20	18	24	2
FBGN0038868	1269	1561	1249	1077	1561	1062
FBGN0038787	7056	7839	5748	6294	6997	6987
FBGN0039154	47	52	73	41	43	37
FBGN0051158	12528	11301	9598	14932	16644	17211
FBGN0039600	20157	20261	16560	16604	18513	18021
FBGN0038219	30	17	41	2	8	1
FBGN0262473	5116	5485	4017	4015	5024	4860
FBGN0083984	268	348	183	137	183	125
FBGN0038878	13	20	13	30	11	5
FBGN0039523	101	99	50	38	33	40
FBGN0004389	24	4	39	16	18	11
FBGN0038877	2431	2161	1771	2522	2412	3053
FBGN0039356	159	214	145	75	106	106
FBGN0037455	10	19	22	24	12	4
FBGN0039264	16	34	28	29	12	23
FBGN0287211	10	29	23	7	3	4
FBGN0037994	50	10	7	26	12	30
FBGN0004885	15805	15277	11936	26014	27432	30758
FBGN0038136	94	45	41	15	28	8
FBGN0051390	2029	2515	1590	1264	1423	1208
FBGN0038948	3444	4103	3042	2647	3082	3625
FBGN0038601	6036	6194	4383	3391	4363	4091
FBGN0264836	14	15	13	9	0	2
FBGN0000277	8	4	0	6	0	2
FBGN0038751	56	19	29	15	14	16
FBGN0266172	0	0	0	0	0	0
FBGN0264326	5943	6291	4605	6868	7325	7939
FBGN0051088	2	1	1	5	3	0
FBGN0039188	2489	2384	1738	2003	2513	1815
FBGN0266448	177	114	127	46	25	29
FBGN0025456	802	945	669	435	540	383
FBGN0040602	14	9	15	4	0	17
FBGN0037386	125	29	92	17	76	11
FBGN0051156	1428	1568	1283	1296	1446	1748
FBGN0037265	336	312	333	395	272	342
FBGN0004197	21103	22205	16878	28911	31202	32494
FBGN0085305	106	150	162	173	156	97
FBGN0037857	22	12	27	29	13	15
FBGN0044810	13	6	20	27	1	5
FBGN0037955	2833	2935	2061	1973	2514	2200
FBGN0037270	20242	21733	17667	13613	14353	17329
FBGN0264899	3	23	14	14	12	0
FBGN0039139	3223	3239	2742	2712	3070	3318
FBGN0041229	40	10	69	28	35	15
FBGN0039286	212	41	70	106	41	113
FBGN0037251	569	727	539	564	454	438
FBGN0051050	13	0	2	0	8	4
FBGN0037719	3745	3789	3012	1620	2022	2284
FBGN0039093	128	20	71	83	19	49
FBGN0016685	19033	21916	18189	16113	18186	16160
FBGN0038584	1398	1738	1333	1094	1410	1484
FBGN0051337	56	67	101	22	22	9
FBGN0028692	35247	36047	28272	27038	30533	31232
FBGN0037727	52	18	33	13	17	9
FBGN0002734	1431	1674	1000	941	847	1110
FBGN0037563	0	6	8	30	0	20
FBGN0053100	3068	2820	2381	3697	3946	3968
FBGN0038089	9	27	16	0	5	8
FBGN0022800	4502	4997	3881	4947	4884	5538
FBGN0051086	33	14	0	10	5	0
FBGN0042105	29	42	47	23	38	18
FBGN0038575	19	36	29	27	0	3
FBGN0045442	28	45	85	31	9	5
FBGN0051404	53	45	66	116	172	121
FBGN0027657	212	287	185	153	246	208
FBGN0262823	22	5	18	11	3	2
FBGN0039240	4328	4397	3800	3964	4286	4606
FBGN0037792	4136	4520	3355	3057	3164	3616
FBGN0261840	438	447	261	640	622	643
FBGN0039505	749	875	638	640	895	735
FBGN0039790	5685	5209	4443	5234	5344	5631
FBGN0010173	20066	19330	16420	11556	13128	13826
FBGN0039527	2382	2399	1934	1246	2058	1226
FBGN0015570	51	34	49	18	28	25
FBGN0051015	46	48	33	6	7	13
FBGN0037617	1176	1058	1139	1000	935	1112
FBGN0039748	141	114	161	80	104	62
FBGN0028422	176	92	120	47	18	49
FBGN0038731	175	83	70	124	32	114
FBGN0038043	5708	5945	4404	3756	4231	4898
FBGN0004777	53	57	28	40	19	11
FBGN0037293	1800	2803	2005	1672	1891	2044
FBGN0039009	49	36	41	28	37	35
FBGN0039766	384	609	362	323	242	283
FBGN0039283	70	168	86	45	97	130
FBGN0037818	76	50	23	17	4	14
FBGN0037492	631	542	354	327	418	427
FBGN0039668	4057	3906	3169	4398	4480	4656
FBGN0014427	6639	7507	5615	3457	4711	4531
FBGN0261286	7366	7336	5461	6004	7472	6657
FBGN0038282	85	60	42	54	48	18
FBGN0038473	9002	10710	7494	6575	7656	8304
FBGN0039016	7715	7842	6421	8344	8665	8880
FBGN0039067	2120	1941	1523	1518	1511	1513
FBGN0087012	132	80	122	58	34	62
FBGN0039555	3772	4159	3181	2593	2747	3050
FBGN0053970	883	885	837	1017	1346	1575
FBGN0085326	21	43	14	16	23	9
FBGN0037538	4385	4463	3319	4087	4170	4748
FBGN0086768	3231	3132	3030	2865	3092	3166
FBGN0038722	4333	4704	3620	4079	4816	5075
FBGN0259244	5612	5749	4841	7084	7936	8419
FBGN0037481	1022	1006	805	755	818	928
FBGN0039810	7	2	2	1	6	0
FBGN0040534	1280	1485	1022	735	911	666
FBGN0014135	856	767	600	732	873	932
FBGN0039058	31	77	32	11	10	1
FBGN0085308	192	92	109	8	87	22
FBGN0051119	8	67	20	10	18	0
FBGN0037625	134	32	57	30	16	51
FBGN0262559	7521	7438	6544	5348	5400	6336
FBGN0051528	22	21	1	9	21	10
FBGN0278600	0	0	2	0	2	0
FBGN0038369	3911	4137	2808	2542	2971	3087
FBGN0039483	49	21	9	17	12	4
FBGN0040679	0	0	8	5	3	1
FBGN0039663	1441	1435	985	2032	2357	2037
FBGN0046332	63	94	49	27	38	52
FBGN0046214	55639	60008	46178	46441	51101	53419
FBGN0037655	4788	5022	4169	4892	5574	5959
FBGN0038692	2135	2309	2011	1860	2344	2128
FBGN0263401	1	0	2	3	7	0
FBGN0000036	196	193	149	257	202	203
FBGN0038397	187	256	173	139	105	83
FBGN0037467	4660	4989	3654	3944	4478	4452
FBGN0039778	560	478	418	40	11	6
FBGN0039169	6476	5236	4188	5632	5388	5271
FBGN0000015	66	39	75	84	38	59
FBGN0010247	13842	13306	10313	4911	5700	4563
FBGN0037607	36105	40978	29731	30402	34145	37018
FBGN0261847	23	17	3	12	4	8
FBGN0039449	1347	1448	1139	1362	1183	1441
FBGN0037798	1	7	2	19	5	12
FBGN0261789	8296	8544	6872	4262	4621	4798
FBGN0002542	12875	12775	10213	12948	15064	15014
FBGN0015790	12975	12621	9669	9826	12135	12186
FBGN0053339	17	40	40	29	5	16
FBGN0043799	834	893	647	966	1024	1110
FBGN0038450	42	49	60	20	17	12
FBGN0086613	9076	8937	7110	8366	9682	8673
FBGN0259975	5	0	8	10	0	2
FBGN0086355	8803	8031	6933	7436	7267	9073
FBGN0037489	7073	7835	5596	5734	6008	6242
FBGN0051098	253	180	183	151	202	247
FBGN0037399	42	52	22	32	18	19
FBGN0014869	4166	3703	3308	3966	3932	4698
FBGN0003884	308868	315794	245365	216768	222782	255902
FBGN0042206	40	61	25	49	22	29
FBGN0029503	1696	2212	1510	1582	1703	1756
FBGN0037322	66	6	44	34	16	8
FBGN0039806	143	36	36	46	18	36
FBGN0051533	58	53	70	28	15	46
FBGN0027866	13480	13727	11003	12160	13224	13933
FBGN0039835	1090	1048	870	857	858	828
FBGN0037703	3253	2751	2572	2862	3696	3247
FBGN0038952	243	238	184	116	126	70
FBGN0039085	108	24	30	50	25	10
FBGN0026399	36	24	17	30	23	8
FBGN0037609	1676	1599	1337	807	1044	998
FBGN0010015	134	165	82	71	53	46
FBGN0037304	56	27	32	24	8	7
FBGN0263782	2186	2027	1507	1455	2091	1994
FBGN0026563	136	61	52	93	28	52
FBGN0051100	199	192	220	109	144	99
FBGN0046247	1488	1532	1112	1043	963	1056
FBGN0037739	3251	3417	2634	2673	2674	2753
FBGN0039671	82	39	26	37	20	11
FBGN0086610	45	10	36	9	10	1
FBGN0039157	2890	3093	2125	3162	2945	3165
FBGN0037291	66	68	45	17	21	20
FBGN0039437	117	64	24	35	15	11
FBGN0039118	250	94	136	302	330	284
FBGN0038404	161	118	103	173	126	203
FBGN0043043	64	51	74	37	33	18
FBGN0039862	197	336	169	173	204	197
FBGN0039367	25	17	28	27	1	21
FBGN0261860	0	28	10	6	0	2
FBGN0015781	1435	1435	1312	915	1218	1199
FBGN0039158	1216	848	725	614	702	793
FBGN0004107	5429	5290	3874	3553	4663	4769
FBGN0039193	25	9	17	14	17	8
FBGN0039251	44	44	52	32	3	24
FBGN0039854	709	821	487	471	598	660
FBGN0051141	31	0	27	26	20	38
FBGN0038388	1302	1259	1028	947	1250	1237
FBGN0039313	29	83	19	6	19	0
FBGN0042710	35	16	26	25	20	1
FBGN0037342	3058	3154	2191	2044	2108	2159
FBGN0038592	66	51	42	18	31	19
FBGN0039354	138	96	79	36	41	79
FBGN0024963	188	156	116	72	64	91
FBGN0083971	26	28	8	14	4	11
FBGN0038102	17	20	28	14	18	2
FBGN0038535	54917	50472	41516	38907	49773	45077
FBGN0264357	7772	8234	6129	12853	12694	13825
FBGN0027492	18800	18962	15466	19264	22277	20621
FBGN0039194	45	24	27	15	6	7
FBGN0026380	11756	11043	9127	7195	8378	7559
FBGN0038042	32	46	31	17	1	31
FBGN0004595	463	460	410	157	248	166
FBGN0038651	9768	10434	8175	10250	11396	10410
FBGN0038571	1540	1659	1375	1082	1233	1044
FBGN0020385	3655	3537	2881	2686	3828	3488
FBGN0037761	51	2	21	9	23	8
FBGN0037876	1167	1551	893	1023	1344	1124
FBGN0003861	167	164	78	65	78	51
FBGN0260462	16179	17240	12968	13707	15711	16935
FBGN0001281	38	65	44	44	15	34
FBGN0024912	620	909	604	199	268	207
FBGN0039467	120	95	105	56	77	19
FBGN0259831	16	10	2	18	21	2
FBGN0026250	18676	20171	15836	13070	15128	13476
FBGN0038893	909	1260	926	447	414	507
FBGN0037448	274	287	237	60	74	52
FBGN0262982	15	6	2	8	2	1
FBGN0038436	105	38	83	36	22	16
FBGN0038979	0	14	6	12	4	8
FBGN0025781	3417	3729	2759	3213	3411	3243
FBGN0262010	8	5	8	0	13	9
FBGN0038845	61	70	56	15	32	10
FBGN0004510	2928	3125	2277	2468	2784	2573
FBGN0039581	12640	12700	10513	13013	14440	14965
FBGN0264563	3	3	4	6	2	1
FBGN0266173	0	0	0	0	0	0
FBGN0037720	3414	3358	2892	4024	4516	4769
FBGN0051081	40	8	11	8	19	5
FBGN0262582	56406	51674	41448	72242	74720	75388
FBGN0038114	56	104	52	6	50	42
FBGN0037713	494	492	429	580	749	632
FBGN0039187	5406	5672	3982	5220	5837	5231
FBGN0005671	10539	10956	8393	8362	8101	9682
FBGN0267385	14258	15287	10700	14113	15967	17375
FBGN0039043	1877	2214	1276	2133	2291	2341
FBGN0039215	8629	8026	6599	8698	9062	9792
FBGN0038953	5942	6003	4663	3615	4327	4184
FBGN0039670	50	91	22	21	3	42
FBGN0266579	281	280	167	83	99	63
FBGN0024555	23154	21005	17950	21571	23816	24901
FBGN0038611	72	9	54	105	25	36
FBGN0037814	3238	3401	2765	2954	3019	3304
FBGN0037900	805	677	661	568	582	619
FBGN0038643	27	30	27	1	2	79
FBGN0002441	7930	8119	5944	8429	8886	9274
FBGN0038053	1494	1803	1605	1272	1539	1442
FBGN0023212	3112	3831	2874	2879	3152	2916
FBGN0261838	425	394	319	376	313	343
FBGN0038820	17	12	29	40	16	16
FBGN0019828	28	21	48	7	14	34
FBGN0039336	663	1062	861	700	728	700
FBGN0063649	131	120	111	84	51	91
FBGN0038421	1798	2009	1400	1299	1493	1183
FBGN0039261	11257	10482	8604	12354	14381	13474
FBGN0051029	63	73	74	142	92	107
FBGN0039577	12	8	14	24	10	1
FBGN0038377	6	29	13	4	1	0
FBGN0261808	556	634	535	567	520	605
FBGN0039366	55	45	57	7	16	8
FBGN0037647	1157	1328	1040	1053	1078	954
FBGN0039210	3721	3571	2912	3667	4224	4026
FBGN0039213	11044	12320	9436	10258	12159	12220
FBGN0038002	50	60	38	30	34	7
FBGN0039832	17	24	20	22	15	4
FBGN0037433	986	1275	1045	1322	1517	1642
FBGN0266064	9475	9588	7069	8510	8643	9479
FBGN0038821	29	52	17	9	3	20
FBGN0261287	71	57	57	33	40	38
FBGN0010225	4293	4090	3413	2435	3221	2854
FBGN0039099	21	75	34	14	13	5
FBGN0037675	3	0	8	10	5	7
FBGN0038686	2243	3152	2308	2664	3146	2713
FBGN0039655	51	6	21	21	14	12
FBGN0027562	33	13	17	3	8	14
FBGN0038159	8	8	50	15	8	10
FBGN0037828	19	5	18	16	8	1
FBGN0037454	36	53	31	18	7	19
FBGN0260386	673	844	477	836	871	1013
FBGN0004172	14	30	9	15	0	13
FBGN0038510	31	25	34	12	8	7
FBGN0039704	11836	10859	8933	8091	10701	9935
FBGN0037949	3050	2733	2239	2821	3260	2983
FBGN0039594	2944	3154	2434	4186	3861	4705
FBGN0262005	29	25	2	0	19	0
FBGN0260935	2598	1722	1682	2195	2273	2458
FBGN0266454	18	0	9	7	0	5
FBGN0053783	53	23	17	25	7	7
FBGN0037920	1699	1475	1097	1153	1390	1521
FBGN0260940	1586	2153	1412	1472	1679	1411
FBGN0039269	1940	2196	1361	1392	1685	1865
FBGN0037746	7642	7640	5691	6977	7986	8294
FBGN0039712	3054	3114	2492	2325	2734	2689
FBGN0262362	23	43	47	6	7	12
FBGN0039337	1083	1119	837	946	1131	1071
FBGN0038486	70	23	43	41	20	4
FBGN0259215	115	112	95	75	23	50
FBGN0267408	1891	1683	1847	138	103	75
FBGN0000047	37	27	32	58	21	11
FBGN0039343	63	17	26	36	39	4
FBGN0038196	4494	4977	3909	2623	2908	2834
FBGN0250846	21	44	20	18	4	18
FBGN0039727	9369	9027	7026	10284	10924	10445
FBGN0040608	1	0	6	9	4	2
FBGN0267652	0	0	0	0	0	0
FBGN0052939	1519	1363	1164	795	853	529
FBGN0038028	32	22	33	8	17	9
FBGN0003117	4539	4271	3829	3113	5125	5279
FBGN0051140	726	744	705	1433	1593	1826
FBGN0037224	120	65	59	24	20	40
FBGN0004913	8228	9012	6599	9023	9846	10215
FBGN0037297	2971	2937	2218	2203	2226	2426
FBGN0039626	3679	3800	3085	2623	3182	3175
FBGN0263118	103	90	87	97	64	34
FBGN0038275	2203	2626	1962	1828	2439	2309
FBGN0039475	25	29	13	16	53	24
FBGN0039304	1356	1674	1033	1044	1149	980
FBGN0038167	2037	2176	1604	1964	2509	2412
FBGN0038922	5010	5000	4205	3166	3798	3813
FBGN0037838	1040	970	717	658	847	1013
FBGN0051019	61	129	45	26	46	18
FBGN0051004	278	213	184	158	78	97
FBGN0037689	2987	2798	2443	2753	2770	2887
FBGN0037974	676	421	462	112	132	219
FBGN0039153	1126	1053	792	807	1131	1007
FBGN0038057	1267	1700	1127	1029	1146	1284
FBGN0051157	146	271	239	167	141	134
FBGN0046886	19	61	20	48	11	8
FBGN0038968	13206	13734	10262	10142	12289	11750
FBGN0039342	28	26	2	7	4	3
FBGN0045469	34	62	44	13	19	11
FBGN0051321	73	171	106	103	49	74
FBGN0037670	2562	2606	1896	2328	2307	2560
FBGN0039064	137	78	71	86	44	75
FBGN0016754	7048	6365	5199	8119	9573	9084
FBGN0039490	75	109	60	154	94	87
FBGN0003065	10	10	11	45	11	9
FBGN0038131	41	3	31	12	21	5
FBGN0259212	26000	23694	19148	27643	29406	29436
FBGN0053333	1063	1627	1111	7	37	13
FBGN0038359	51	40	36	36	20	8
FBGN0083969	4424	4216	2934	3869	4101	4241
FBGN0001255	6963	7942	5941	3096	4868	3699
FBGN0039200	38	26	27	50	25	8
FBGN0039466	9312	10184	7900	10343	11358	12151
FBGN0262483	200	193	96	169	104	81
FBGN0039740	2944	2906	2246	1787	2051	2082
FBGN0051523	3873	3972	3302	3097	3752	3661
FBGN0037912	2982	3040	2394	2941	2961	3262
FBGN0039234	12938	12492	9275	11079	11842	12071
FBGN0039128	905	1114	649	541	631	603
FBGN0039510	257	401	320	194	183	109
FBGN0288846	4678	4869	4150	2944	3484	3122
FBGN0039348	8724	8368	6657	7318	8220	8511
FBGN0039680	11513	12238	9616	13427	13755	15098
FBGN0038200	4	2	20	2	0	2
FBGN0039424	45	89	69	24	9	46
FBGN0037415	35	17	27	19	36	7
FBGN0037506	14	34	30	27	14	3
FBGN0266178	0	0	0	0	0	0
FBGN0085382	77	38	70	64	22	39
FBGN0051288	24	22	16	22	16	15
FBGN0039792	20	20	42	50	4	20
FBGN0037755	2742	2587	2577	2382	2423	2425
FBGN0039411	2031	2012	1663	1869	1985	2018
FBGN0053512	14	20	13	39	14	24
FBGN0260226	4976	5694	4133	454	433	720
FBGN0038160	12	22	31	18	23	0
FBGN0038869	2368	2292	1765	1683	1515	2067
FBGN0037981	1350	1448	1020	1164	1021	1345
FBGN0051373	146	85	76	44	87	58
FBGN0037358	751	822	669	578	716	820
FBGN0039771	19	12	21	11	11	5
FBGN0286071	7532	8010	6170	4799	6507	4703
FBGN0042104	31	47	31	27	24	8
FBGN0037555	5233	5012	3927	3406	3398	3479
FBGN0262143	2	3	4	8	8	0
FBGN0287589	845	729	698	645	796	845
FBGN0040607	4	14	3	8	19	7
FBGN0038248	154	67	66	36	42	32
FBGN0000455	2648	2649	2091	2222	2385	2460
FBGN0038737	677	717	535	448	629	534
FBGN0003944	789	493	448	326	534	763
FBGN0263289	36623	36075	27645	46680	47035	49362
FBGN0037873	3792	4046	3050	2314	2936	2705
FBGN0044871	911	907	753	633	923	884
FBGN0039808	107	51	108	59	54	38
FBGN0039259	1630	1740	1445	523	696	923
FBGN0000246	585	593	410	549	718	939
FBGN0038078	5	4	3	7	1	14
FBGN0039002	26	44	9	1	3	3
FBGN0051342	18040	18575	14520	16229	16547	18541
FBGN0038683	2641	2561	2080	1990	2553	2360
FBGN0083986	273	308	241	219	227	123
FBGN0037456	7	28	4	4	3	11
FBGN0038951	939	891	888	611	835	915
FBGN0037894	10442	10826	7582	10182	10523	11517
FBGN0261583	12	20	15	14	2	4
FBGN0039601	4112	3668	3684	3391	3656	3705
FBGN0286075	1950	2166	1831	878	1206	1301
FBGN0028499	1256	1333	1146	1082	1268	1491
FBGN0051418	23	33	16	18	10	13
FBGN0004901	4685	5302	3738	4392	4698	5111
FBGN0051450	1050	1191	761	518	624	718
FBGN0037753	601	655	458	663	683	536
FBGN0013972	45	36	70	32	24	15
FBGN0263929	10504	10571	7939	11272	12201	12100
FBGN0038641	74	57	36	49	23	21
FBGN0051002	79	8	37	16	2	13
FBGN0001280	6303	6447	5017	4248	4977	4380
FBGN0039543	1588	1833	1373	1271	1554	1390
FBGN0038400	6366	6728	5374	4544	5015	5884
FBGN0022344	3304	3479	2569	1231	1670	1765
FBGN0285912	56	68	98	19	32	32
FBGN0261993	18	11	13	17	8	49
FBGN0027620	11892	11718	9250	15370	16865	16134
FBGN0037895	41	54	56	25	29	32
FBGN0038479	60	14	16	37	12	2
FBGN0051287	794	635	497	549	530	474
FBGN0037819	76	102	32	23	25	16
FBGN0004897	231	90	156	85	49	82
FBGN0261885	70761	67551	52822	93562	92350	102707
FBGN0038389	1617	1765	1170	1258	1375	1504
FBGN0260003	39679	40931	30597	56090	63898	58620
FBGN0003511	2032	2566	1846	2341	2785	2517
FBGN0019637	9138	9413	7448	8507	8943	8686
FBGN0038299	96	120	40	40	44	8
FBGN0037280	46	6	36	5	13	8
FBGN0026566	4886	4268	3784	3562	3954	4353
FBGN0262539	25	29	2	18	0	18
FBGN0039800	122	240	126	90	59	22
FBGN0020510	5777	5182	4439	4803	5086	5223
FBGN0038921	15	0	2	12	11	14
FBGN0028833	2534	2756	1979	1647	1819	1903
FBGN0013576	7996	8266	6267	11834	10579	12312
FBGN0039465	2409	3059	2243	1848	1898	2079
FBGN0264324	1960	2311	1855	2383	2623	2449
FBGN0040252	68	23	33	52	41	22
FBGN0038132	23	30	35	1	3	3
FBGN0037913	13287	12055	10965	7933	9148	8711
FBGN0283438	6490	6679	5009	5071	5408	5521
FBGN0037408	30	97	17	13	39	19
FBGN0039481	83	109	89	89	26	71
FBGN0028734	25970	23583	20151	24063	26216	25497
FBGN0037862	82	39	31	33	18	14
FBGN0039080	59	32	20	20	6	0
FBGN0039073	125	120	56	144	57	30
FBGN0039227	15367	15153	12518	17359	19428	18478
FBGN0000046	2273	2859	1859	1003	1201	1395
FBGN0037402	28	13	8	22	2	1
FBGN0038492	901	1269	861	551	793	215
FBGN0028837	5286	5201	4590	3478	4037	4100
FBGN0039480	161	238	77	96	35	138
FBGN0265042	2123	2027	1529	2774	2840	3235
FBGN0260440	688	447	346	570	889	619
FBGN0038586	1085	1278	896	930	1129	1097
FBGN0038784	468	362	326	262	279	213
FBGN0037676	11	13	9	11	13	12
FBGN0037432	23	40	24	8	6	2
FBGN0051272	114	92	63	45	31	25
FBGN0037442	2482	2616	1974	2386	2465	2697
FBGN0027508	6559	7102	4886	6172	7342	7030
FBGN0039690	4719	5029	3711	3553	4049	4033
FBGN0039675	74	35	42	59	28	59
FBGN0039812	40	53	77	49	45	38
FBGN0002629	1454	1696	1102	1891	2044	2382
FBGN0038161	26	21	21	0	12	13
FBGN0039462	615	583	618	324	414	380
FBGN0004049	11345	11159	8857	11313	11783	11589
FBGN0262004	15	26	16	14	18	0
FBGN0083985	215	288	233	134	246	158
FBGN0051184	1457	1476	1331	924	1142	1192
FBGN0038964	16044	16617	13139	13320	15375	16264
FBGN0085303	33	24	24	2	18	11
FBGN0015575	245	155	100	81	52	9
FBGN0020379	1027	1122	735	999	934	981
FBGN0003165	23630	23755	17779	33039	35993	36874
FBGN0051109	775	930	708	601	832	654
FBGN0027539	1391	1514	1150	1463	1375	1454
FBGN0053092	58	52	29	78	60	14
FBGN0038142	17	11	8	0	1	8
FBGN0051365	3911	4133	3533	3301	3558	3887
FBGN0037371	6184	5886	5165	5178	5814	6209
FBGN0037526	1091	1176	756	821	1211	1002
FBGN0037874	76186	79525	68293	76453	81873	91843
FBGN0011281	25	18	14	19	25	6
FBGN0039955	8712	9863	7702	7857	9391	7967
FBGN0038386	14	30	23	37	13	11
FBGN0004054	16	14	3	12	0	1
FBGN0039697	10108	9802	8198	8842	9620	11487
FBGN0037569	2670	2666	2203	1502	1923	2345
FBGN0085327	36	20	16	4	27	4
FBGN0040670	31	20	28	8	7	9
FBGN0039730	1834	2155	1575	1931	2407	2002
FBGN0013981	22602	22024	18491	10186	12360	12639
FBGN0051475	1125	930	653	1253	974	1227
FBGN0267790	24650	25612	21144	21368	23425	22669
FBGN0004898	628	461	411	55	85	153
FBGN0040077	1296	1218	1131	842	1099	989
FBGN0037734	1690	1663	1559	2042	2430	2555
FBGN0243514	4303	3570	3997	602	865	707
FBGN0038741	818	749	576	702	681	866
FBGN0038583	1391	1545	1168	1196	1303	1525
FBGN0037612	203	208	114	31	51	13
FBGN0051008	0	0	32	10	3	21
FBGN0026077	7291	6605	5708	6563	7152	7990
FBGN0038412	506	494	349	461	504	542
FBGN0011278	188	210	163	28	65	212
FBGN0016693	8461	8074	6913	6467	6995	7926
FBGN0051496	167	193	84	42	39	37
FBGN0039538	329	211	190	267	270	357
FBGN0051268	78	52	59	35	14	2
FBGN0037275	126	124	88	22	36	38
FBGN0051201	107	154	98	63	46	42
FBGN0051482	4	42	12	32	3	2
FBGN0037307	8	23	18	19	10	16
FBGN0039151	91	103	130	74	53	41
FBGN0039114	1014	1223	1028	662	1120	704
FBGN0259730	130	147	139	20	42	19
FBGN0038714	45	35	23	73	44	26
FBGN0038721	1956	1224	1192	2013	2397	2530
FBGN0266195	1716	2166	1340	1433	1725	1824
FBGN0039747	125	155	104	57	37	29
FBGN0262127	5952	5929	4426	5824	6576	6020
FBGN0037810	42916	46247	34505	43943	51289	50391
FBGN0038202	57	61	19	18	30	39
FBGN0037669	1949	2236	1443	1496	1583	1480
FBGN0039644	1856	1583	1576	730	634	772
FBGN0085313	4	14	2	0	8	0
FBGN0037764	8	44	3	8	8	23
FBGN0260944	3862	4423	3338	2792	3144	3276
FBGN0001311	18417	18488	14296	27591	30781	33811
FBGN0000039	99	145	47	68	14	19
FBGN0264775	11	24	12	8	8	2
FBGN0053107	453	447	325	456	412	472
FBGN0261599	53947	53170	42249	19811	21985	22097
FBGN0037757	7620	7409	5633	6524	7758	8272
FBGN0039749	155	170	136	218	166	183
FBGN0039664	852	830	752	741	1007	1272
FBGN0038694	123	124	123	125	89	87
FBGN0026190	72	109	46	58	44	31
FBGN0004863	1275	1163	1046	947	1051	1244
FBGN0046874	6576	6211	5049	5190	6192	5875
FBGN0038471	1536	1901	1230	1251	1498	1269
FBGN0024432	6411	5497	5041	4033	4436	4637
FBGN0004175	12	9	7	11	13	3
FBGN0039381	3306	2773	3083	3353	3361	4016
FBGN0039881	74	75	94	53	73	80
FBGN0037788	107	209	181	57	68	21
FBGN0039224	43	27	23	11	10	12
FBGN0038058	1777	1723	1370	1545	1577	1618
FBGN0039406	8097	10158	7573	5865	7864	7114
FBGN0264427	9	11	4	0	3	1
FBGN0037234	4876	5331	4119	3927	5087	4931
FBGN0038047	494	402	251	251	229	135
FBGN0038959	69	74	17	15	17	19
FBGN0038934	2462	2319	1750	4143	5188	4494
FBGN0002522	127	80	93	85	68	65
FBGN0039621	2	21	21	1	5	15
FBGN0039686	149	302	163	56	38	7
FBGN0025825	4705	4925	3667	3344	3884	4389
FBGN0038211	67	14	11	49	24	7
FBGN0039223	547	557	497	719	827	686
FBGN0085322	379	343	295	169	329	198
FBGN0038405	160	197	78	258	172	239
FBGN0039631	1544	1343	963	1311	1346	1395
FBGN0039741	1057	1168	997	782	911	915
FBGN0003719	2490	2320	1785	3797	3469	4315
FBGN0037382	3457	4017	3107	2960	2954	2946
FBGN0039558	1620	1852	1635	1285	1587	1519
FBGN0038678	1037	1255	905	780	1005	1163
FBGN0023179	62	75	70	20	44	45
FBGN0037229	10	41	15	5	10	8
FBGN0029512	14850	14879	10926	10701	12202	12737
FBGN0037338	2171	2102	1916	2235	2187	2422
FBGN0267649	0	0	0	0	0	0
FBGN0264291	1718	2097	1643	970	1503	1317
FBGN0038798	16	63	28	13	11	39
FBGN0053096	4522	4738	3180	3656	4187	4429
FBGN0051454	39	78	17	14	72	8
FBGN0038925	3683	4155	2703	3261	3414	3400
FBGN0259705	583	559	445	469	395	393
FBGN0004110	34	44	77	39	57	32
FBGN0085386	196	95	208	147	90	104
FBGN0002306	27787	26854	20698	38278	37940	40871
FBGN0015396	12324	12459	9675	15310	15919	16456
FBGN0045471	36	2	28	43	5	0
FBGN0051457	854	1068	760	709	851	857
FBGN0051159	825	967	825	633	607	649
FBGN0086346	12148	10784	9382	11191	12350	13235
FBGN0038541	61	51	57	36	22	21
FBGN0037475	15	20	23	13	4	6
FBGN0039425	25	18	13	3	3	14
FBGN0015282	19608	20054	16764	18163	19030	21693
FBGN0038909	60	58	36	26	42	62
FBGN0037684	110	87	110	82	49	42
FBGN0039212	2992	2851	2260	2438	2742	3231
FBGN0029088	7906	7214	6658	8509	9561	9484
FBGN0038242	275	261	229	20	4	26
FBGN0038702	47	46	26	21	16	16
FBGN0039071	63	47	59	85	68	66
FBGN0038290	100	99	157	83	71	96
FBGN0051174	49	67	33	63	35	59
FBGN0039559	9885	10625	8026	10621	11746	12591
FBGN0037235	3859	4128	3326	1665	2459	1960
FBGN0008651	187	255	270	68	47	197
FBGN0024273	3292	3703	2588	3300	3571	3725
FBGN0038840	57	61	111	61	24	16
FBGN0037881	3450	4125	2912	3562	4021	4300
FBGN0039776	2232	2273	2039	2335	2711	2630
FBGN0262365	23	0	2	7	19	2
FBGN0039773	1570	1643	1228	1384	1422	1614
FBGN0039202	82	39	19	49	52	12
FBGN0039398	32	53	63	21	57	3
FBGN0037926	7098	7498	5943	5653	6119	6341
FBGN0025457	13481	13356	10753	10149	10774	11952
FBGN0264830	0	1	7	3	2	0
FBGN0051286	30	28	10	12	12	1
FBGN0260745	10201	10653	7408	9239	10023	11391
FBGN0038238	21	13	11	3	5	1
FBGN0013953	106	74	72	88	49	50
FBGN0002631	128	158	80	160	87	98
FBGN0250823	15468	15870	11938	13469	15963	14159
FBGN0037975	262	299	210	91	58	20
FBGN0028381	25	66	33	18	15	13
FBGN0053191	237	349	190	351	373	298
FBGN0039687	1469	1396	1158	1173	992	1024
FBGN0037749	2161	2146	1647	1586	1866	2038
FBGN0038223	3952	3791	3259	4149	4476	4501
FBGN0026056	3361	3082	2568	3593	3625	3983
FBGN0037842	1174	1219	1006	506	770	728
FBGN0004903	5063	4648	3398	4510	4736	5106
FBGN0039647	134	55	77	72	23	21
FBGN0022349	26552	27681	21960	25084	26376	25695
FBGN0037414	10	17	22	6	10	4
FBGN0039273	2713	2613	2206	1998	2036	2325
FBGN0039709	15389	16654	12134	21265	22282	21978
FBGN0013276	47783	49577	34157	12496	18318	10881
FBGN0004053	40	30	29	43	29	11
FBGN0039756	77	42	75	70	52	42
FBGN0261004	7523	7338	6051	7236	7903	7667
FBGN0038128	1452	1375	950	1191	994	966
FBGN0038311	51	78	44	82	30	27
FBGN0053920	16	14	19	7	5	0
FBGN0037918	19119	18088	15325	17213	17755	17948
FBGN0038874	79	73	76	48	62	49
FBGN0265190	3132	2957	2493	2748	2660	3345
FBGN0051413	33	40	35	27	16	17
FBGN0250754	57846	59807	44207	71031	74999	72455
FBGN0053109	26	23	11	5	1	0
FBGN0013973	82	89	119	59	25	16
FBGN0037848	1733	1837	1284	1192	1468	1705
FBGN0054027	126	144	88	120	53	95
FBGN0023495	14	105	11	49	29	24
FBGN0037654	112	136	134	126	127	134
FBGN0039868	2416	2959	1865	1615	2107	2298
FBGN0037395	95	67	51	54	38	26
FBGN0039044	1261	1536	1042	738	1144	970
FBGN0037215	9221	9511	7061	7984	10204	9104
FBGN0260444	2126	2200	1837	1607	1729	1646
FBGN0038775	58	13	40	36	36	10
FBGN0045761	5651	5524	4960	1843	1973	1807
FBGN0003867	2761	2989	2227	2864	3085	2999
FBGN0039257	38702	38450	30970	21700	28833	23632
FBGN0038440	35	45	32	6	24	0
FBGN0051028	2728	2648	1791	4483	4142	4510
FBGN0037950	57	39	35	2	24	55
FBGN0037296	69	28	31	13	25	0
FBGN0083966	27	12	22	18	11	7
FBGN0051561	32	20	9	6	27	20
FBGN0013269	27320	27077	22627	18779	22148	22572
FBGN0038789	76	75	46	71	22	19
FBGN0051189	23	14	24	8	9	3
FBGN0037942	1263	1265	906	604	692	913
FBGN0053630	6	0	11	19	0	0
FBGN0270928	39	26	22	19	5	4
FBGN0038478	6382	6700	5212	6835	7851	7531
FBGN0037852	854	726	668	750	652	889
FBGN0027544	57	152	53	85	55	73
FBGN0037292	31	13	15	44	14	6
FBGN0085466	82	40	88	7	23	23
FBGN0038588	1824	1433	1077	1494	1619	1702
FBGN0039078	2643	2933	1903	2435	2409	2237
FBGN0038316	3302	3682	2669	2251	2491	2744
FBGN0039419	86	130	66	126	57	60
FBGN0043457	2664	2649	2192	2413	2865	2738
FBGN0000447	5386	5913	4646	4235	4663	4850
FBGN0039500	6	14	22	12	3	26
FBGN0045470	45	31	44	83	29	16
FBGN0262146	1	18	1	21	13	21
FBGN0051195	23891	23182	18993	22226	23301	23535
FBGN0020238	94645	92134	75699	76113	82849	85193
FBGN0037463	68	45	36	14	25	34
FBGN0039764	1089	1320	1129	618	951	765
FBGN0039698	1577	1730	1433	1242	1121	1495
FBGN0039272	558	667	404	440	444	488
FBGN0037329	1766	1865	1227	1409	1522	1972
FBGN0260004	76	26	59	58	31	58
FBGN0262794	30	0	3	9	21	5
FBGN0040076	14	7	14	0	0	6
FBGN0039635	6848	6946	5693	5401	6210	6616
FBGN0038865	21	45	11	23	14	5
FBGN0028662	2693	2603	2180	1841	2098	2231
FBGN0039270	1075	1396	913	752	850	702
FBGN0085376	6842	6146	5058	4863	6291	5343
FBGN0051105	86	130	69	112	42	45
FBGN0040208	6262	6779	5137	7013	7540	7444
FBGN0023023	475	566	377	819	891	843
FBGN0002780	37926	43025	31000	24838	28864	27185
FBGN0038719	89	103	92	45	45	51
FBGN0037756	4479	4953	3256	3467	4485	3993
FBGN0085324	23	0	8	17	6	1
FBGN0037485	47	21	31	40	19	5
FBGN0039609	54	62	47	17	16	76
FBGN0037773	493	421	385	265	395	409
FBGN0015222	7300	7755	5858	5907	6590	7949
FBGN0000552	23	0	32	13	16	31
FBGN0262104	6	11	20	7	10	6
FBGN0040253	90	64	74	22	11	9
FBGN0037889	27	44	63	61	41	14
FBGN0038834	67303	73561	55235	47691	58795	58769
FBGN0037644	5883	5504	4629	4882	4922	4950
FBGN0051148	73	16	52	47	18	13
FBGN0039396	80	69	49	63	34	51
FBGN0264493	9125	7992	6787	7485	7589	6507
FBGN0037248	14099	16086	11810	13529	16681	15679
FBGN0038150	778	615	535	801	927	830
FBGN0037501	101	54	36	56	27	12
FBGN0037548	877	904	730	612	907	857
FBGN0000533	237	290	173	420	484	457
FBGN0037700	6048	5853	4627	3881	4655	4418
FBGN0037902	67	27	33	91	51	84
FBGN0038924	1529	1701	1063	1156	1144	1333
FBGN0039503	58	38	6	2	9	1
FBGN0038931	12	50	63	26	14	26
FBGN0039165	1794	1498	1340	1431	1549	1421
FBGN0038861	1091	902	741	661	834	943
FBGN0264325	1497	1507	1094	898	1209	1258
FBGN0037324	53	72	44	51	32	32
FBGN0260234	9	12	3	6	4	3
FBGN0039870	1054	1195	820	805	879	782
FBGN0002940	36	76	6	20	35	20
FBGN0038602	6	11	22	47	14	20
FBGN0051301	7955	8812	6914	5415	6925	7028
FBGN0261289	16	10	13	8	5	24
FBGN0039360	1719	1682	1630	1266	1172	1224
FBGN0039150	2558	2492	2060	2223	2313	2170
FBGN0037973	2934	2966	2517	747	897	735
FBGN0262514	4	33	23	5	2	2
FBGN0039324	19	37	21	15	36	8
FBGN0037580	22698	23085	17804	19563	21128	22312
FBGN0051278	593	629	512	334	510	486
FBGN0038295	138	133	55	52	82	27
FBGN0038847	15	1	10	7	7	21
FBGN0085317	13	12	3	0	6	4
FBGN0020407	2508	1787	1646	1579	1585	1881
FBGN0003495	384	556	298	199	200	209
FBGN0264785	3183	2940	2782	3143	3151	3327
FBGN0053341	19	33	37	14	9	26
FBGN0260231	6	1	7	6	5	11
FBGN0019624	12846	13316	10451	9157	8893	9638
FBGN0038589	38	35	15	24	14	5
FBGN0038656	6	10	11	17	5	0
FBGN0040493	13018	13851	11301	10480	10944	10705
FBGN0038947	8669	9435	7613	5805	6861	6690
FBGN0039507	4230	5160	3445	4398	4686	4909
FBGN0039415	101	58	52	129	66	84
FBGN0085302	33	34	4	4	1	23
FBGN0037376	4745	4444	3453	3892	4539	4635
FBGN0037941	46	49	57	56	48	24
FBGN0038279	1907	1896	1379	2007	1961	2119
FBGN0039004	9135	9489	7644	8993	9425	10587
FBGN0038752	52	16	61	30	29	43
FBGN0038978	21	19	8	17	4	13
FBGN0267709	26	16	26	12	84	39
FBGN0261996	25	37	29	35	31	22
FBGN0037809	762	787	629	674	706	603
FBGN0038530	9	24	21	2	6	2
FBGN0051522	1001	919	769	1110	884	1084
FBGN0286930	32	10	14	1	8	4
FBGN0037427	117	55	68	46	47	56
FBGN0039218	743	1344	746	468	581	351
FBGN0011596	462	275	340	583	708	622
FBGN0039217	521	521	398	384	459	496
FBGN0053203	107	49	104	83	51	101
FBGN0038472	1555	1825	1358	1071	1278	965
FBGN0038357	5	22	22	48	30	26
FBGN0260659	2269	1948	1760	2049	2629	2558
FBGN0037890	1706	1298	1122	1150	1424	1048
FBGN0038769	1436	1603	1276	1257	1435	1355
FBGN0037242	3374	3032	2675	2736	3216	3302
FBGN0038958	32	76	24	39	7	14
FBGN0037487	306	385	264	328	399	285
FBGN0024222	2738	2642	1707	2015	2265	2418
FBGN0261928	496	323	338	313	163	196
FBGN0039293	3231	3317	2254	1947	2359	2106
FBGN0015625	6250	6656	5126	6915	7311	7923
FBGN0037512	15	36	16	25	43	1
FBGN0038088	540	469	508	412	344	310
FBGN0040238	1534	1510	1157	1528	2048	2272
FBGN0039160	5013	4584	4068	2666	3262	3743
FBGN0037650	9	18	32	49	14	14
FBGN0037891	11018	12038	9212	8278	8706	9122
FBGN0040609	19	16	44	45	1	14
FBGN0037541	14707	15364	12466	13205	15415	13805
FBGN0046258	8791	8404	6809	7003	8275	8308
FBGN0039110	8507	9143	6838	8675	9167	9995
FBGN0037590	23	6	48	53	13	16
FBGN0261845	122	130	180	211	140	169
FBGN0039593	581	447	443	28	53	17
FBGN0039582	66	39	22	17	23	3
FBGN0039784	22	50	32	13	28	32
FBGN0002732	4816	5521	3692	3465	3963	3932
FBGN0265041	8	17	9	69	38	44
FBGN0051464	31	12	10	27	8	13
FBGN0011581	15	4	12	14	7	4
FBGN0260746	180	242	146	322	385	197
FBGN0266446	1493	1512	1168	248	209	106
FBGN0038753	110	91	91	34	51	73
FBGN0039387	48	62	23	90	22	44
FBGN0038224	9220	8078	6912	4782	5349	5299
FBGN0038783	251	204	166	128	100	87
FBGN0039525	12	51	11	21	18	4
FBGN0039536	284	257	218	271	127	79
FBGN0003169	7190	7201	5921	6626	6830	7654
FBGN0019960	9560	10494	8737	9120	9463	10022
FBGN0261842	469	551	271	628	643	592
FBGN0038458	0	0	13	13	0	0
FBGN0259732	180	165	157	13	32	12
FBGN0037917	1434	1350	1114	1130	1027	1299
FBGN0039107	12	45	27	15	19	0
FBGN0054034	34	56	26	18	13	2
FBGN0039116	3277	3407	2663	2060	2047	1834
FBGN0037697	80	140	78	18	55	89
FBGN0001235	20191	18890	16665	23248	26283	24388
FBGN0038765	609	706	504	553	579	544
FBGN0038613	59	35	114	38	31	69
FBGN0054008	167	250	191	153	153	240
FBGN0039417	1423	1608	1112	879	1208	1220
FBGN0039385	1677	2269	1811	1778	2345	1965
FBGN0027574	3323	3194	2358	2578	2840	2445
FBGN0039137	3130	3229	2481	2720	3359	2984
FBGN0027930	4830	6128	4176	4158	5249	5181
FBGN0038488	2712	2690	2314	2396	2474	2661
FBGN0038017	296	447	321	350	318	438
FBGN0039265	6910	7455	6153	4685	5413	5679
FBGN0038916	53	24	34	0	0	14
FBGN0037680	4507	4134	3795	2905	3218	3093
FBGN0002865	30	62	56	66	58	12
FBGN0010051	13619	13084	11127	18408	18248	19179
FBGN0039065	1874	2399	1877	1845	2086	1864
FBGN0027784	1199	1432	1134	792	782	1081
FBGN0003507	2603	1874	1633	416	521	205
FBGN0263986	83	85	52	87	112	19
FBGN0285955	16661	16964	13472	18761	20771	20588
FBGN0051279	51	126	79	25	30	10
FBGN0027579	3023	3066	2571	3651	3701	3997
FBGN0038385	3425	3328	2653	3473	3586	3975
FBGN0015351	587	623	607	399	588	578
FBGN0038324	1079	1066	948	646	936	876
FBGN0259146	67	136	95	74	75	14
FBGN0004606	4094	3959	3105	2765	3221	3070
FBGN0037553	92	185	148	28	42	29
FBGN0038467	4414	4118	3469	2957	3402	3709
FBGN0037939	24	20	34	25	20	3
FBGN0003279	132408	146872	103707	128671	140333	160750
FBGN0004597	1571	1834	1573	942	1227	1004
FBGN0011715	8610	7592	6679	7013	7427	7498
FBGN0039290	261	160	109	59	72	47
FBGN0039373	5	15	13	14	0	5
FBGN0003862	42251	41572	31662	56172	62938	61955
FBGN0051551	256	246	131	79	96	33
FBGN0037614	398	486	317	393	369	460
FBGN0026616	2703	2653	2220	3886	4373	3768
FBGN0051155	1020	1410	1091	776	1081	910
FBGN0003134	3217	3337	2713	2725	3115	2989
FBGN0038805	7951	8605	6605	6083	6699	7118
FBGN0039055	5547	5916	4552	4428	4868	5024
FBGN0039755	72	78	60	43	27	20
FBGN0039620	441	303	309	111	132	132
FBGN0021776	411	457	429	675	629	792
FBGN0039616	92	108	60	86	69	43
FBGN0267383	26	13	7	5	5	0
FBGN0015230	116	40	35	59	23	23
FBGN0039511	58	15	44	51	0	12
FBGN0037566	3343	3411	2706	2529	2575	2824
FBGN0038811	2014	2070	2215	1721	2055	2217
FBGN0038321	434	400	247	360	419	393
FBGN0051274	449	637	440	135	189	61
FBGN0037220	11168	11103	8966	7766	8243	9031
FBGN0037705	14710	13623	10416	20186	21902	21524
FBGN0039798	50	56	51	67	65	35
FBGN0039531	787	939	566	614	691	550
FBGN0037279	2951	3057	2951	1857	2434	2073
FBGN0037621	4496	4805	3476	3641	4246	3917
FBGN0000024	81	112	102	62	35	39
FBGN0264712	1511	1781	1211	1331	1570	1416
FBGN0011785	22419	21619	17865	24921	27111	27037
FBGN0038956	7	62	27	5	5	5
FBGN0039838	36	22	11	17	16	31
FBGN0037921	484	550	350	441	409	334
FBGN0267339	51	62	32	56	13	24
FBGN0266566	128	241	208	159	143	47
FBGN0053189	164	142	40	189	191	119
FBGN0038894	45	8	25	12	48	23
FBGN0039491	102	59	63	85	49	18
FBGN0014006	8744	8761	7166	9431	9828	9699
FBGN0015770	52	70	28	87	34	24
FBGN0037708	1044	964	837	722	817	703
FBGN0000412	57149	60680	45285	61022	69978	68432
FBGN0002922	111	124	77	50	63	35
FBGN0038156	1159	1356	1111	1529	1627	1602
FBGN0038330	446	533	472	466	628	552
FBGN0038941	278	196	153	29	44	69
FBGN0039054	99	101	132	98	150	104
FBGN0039650	377	467	277	324	328	278
FBGN0041224	65	41	15	21	16	17
FBGN0038660	3530	3604	2614	3299	3629	4450
FBGN0038718	37	79	44	44	25	19
FBGN0037687	875	788	701	680	727	813
FBGN0043012	3009	3219	2152	1922	2147	1996
FBGN0266170	0	0	0	0	0	0
FBGN0037786	20	9	41	4	8	1
FBGN0278604	6819	6872	5333	6066	7234	6744
FBGN0038303	3036	2964	2135	1930	2373	2387
FBGN0266175	0	0	0	0	0	0
FBGN0265063	3	0	9	3	6	2
FBGN0040628	50	0	16	39	6	20
FBGN0023083	7412	7866	6552	7889	8729	8459
FBGN0051200	11	13	6	11	3	46
FBGN0038214	15	13	18	14	8	7
FBGN0267105	14	10	12	0	2	1
FBGN0265606	22	17	25	2	6	16
FBGN0041605	30	55	32	16	40	16
FBGN0027095	7118	6870	5740	4466	5700	5205
FBGN0039195	102	57	48	34	22	17
FBGN0086679	1629	1579	1209	1455	1617	1559
FBGN0037325	62	46	53	26	26	2
FBGN0262844	2	7	9	6	4	6
FBGN0015032	92	36	31	54	13	18
FBGN0037260	337	269	195	72	88	49
FBGN0042182	928	1089	667	841	668	925
FBGN0266409	2003	1941	1445	1742	2136	1942
FBGN0039780	102	48	67	12	28	17
FBGN0051360	631	683	406	330	277	307
FBGN0041710	566	650	474	76	133	66
FBGN0051125	2660	2421	1759	1989	1959	2330
FBGN0038130	138	130	115	73	100	109
FBGN0038012	59	44	2	48	21	14
FBGN0039025	1706	1619	1267	1596	1666	1790
FBGN0039339	1235	1568	1169	1164	1356	1337
FBGN0038446	818	1169	736	444	400	436
FBGN0262846	18	8	28	14	2	2
FBGN0038337	73	61	47	54	15	46
FBGN0266598	753	864	584	424	493	502
FBGN0005632	30071	29930	24423	35094	37416	36667
FBGN0037933	819	1207	837	818	769	825
FBGN0037747	1056	1127	1055	1334	1328	1705
FBGN0037826	38	77	38	23	34	10
FBGN0011701	98	120	49	31	52	23
FBGN0039869	3686	4252	3195	3486	3913	3835
FBGN0038505	54	21	19	31	9	14
FBGN0038829	12913	13434	9724	8966	10799	11494
FBGN0038938	180	113	114	112	156	186
FBGN0039084	145	156	124	79	193	110
FBGN0014029	10236	11009	7939	8536	9668	9801
FBGN0037665	1046	1155	964	617	813	651
FBGN0027503	6828	6561	4997	7657	8210	8106
FBGN0039879	185	86	73	148	149	56
FBGN0041780	31	73	26	37	69	12
FBGN0262006	21	8	11	7	6	20
FBGN0038032	43	33	49	33	27	27
FBGN0038771	9213	10475	8405	9377	9207	11375
FBGN0259113	5360	5844	4773	6771	6999	6961
FBGN0000557	3816	3254	2842	1048	1710	1467
FBGN0263777	39	26	36	48	18	22
FBGN0039376	24	45	8	15	16	18
FBGN0010038	17	13	19	27	22	11
FBGN0037227	9	28	22	23	8	10
FBGN0039636	2382	2335	1812	2204	2267	2332
FBGN0037490	738	987	711	550	513	746
FBGN0002773	4475	5352	3464	1274	1095	1015
FBGN0039316	70	38	35	33	17	20
FBGN0037915	122	149	53	37	60	60
FBGN0039560	16315	16560	12490	14989	15797	15270
FBGN0037398	48	39	79	18	25	36
FBGN0039101	137	190	132	116	67	101
FBGN0038974	728	741	700	415	558	580
FBGN0038257	36	59	21	6	47	17
FBGN0267366	45	23	32	9	1	9
FBGN0039007	28	0	10	2	2	10
FBGN0038099	95	80	90	32	21	3
FBGN0024321	1475	1646	1111	1777	1884	2152
FBGN0042693	17554	16341	12636	16107	17355	16951
FBGN0027951	15769	15265	12298	16430	18361	17985
FBGN0017550	8608	8718	6631	8080	8865	9123
FBGN0286516	22337	23365	17920	22778	25623	24530
FBGN0266053	12704	12744	10160	12025	14030	13217
FBGN0261279	8295	8675	6283	8899	9960	9430
FBGN0040251	4694	4521	3577	1472	1638	1571
FBGN0038681	59	61	71	106	51	54
FBGN0260005	271	245	280	257	234	210
FBGN0000659	90	72	61	69	16	15
FBGN0037620	523	339	297	314	333	297
FBGN0038190	20	4	7	4	2	0
FBGN0038966	103	121	82	512	399	429
FBGN0037765	34	57	8	40	10	3
FBGN0037985	39	27	89	20	26	18
FBGN0024330	2285	2512	1757	2061	2321	2201
FBGN0039098	121	186	113	38	52	0
FBGN0037369	3083	3180	2755	2310	2747	2287
FBGN0011224	59553	56488	44301	67667	72718	73638
FBGN0002354	223	236	297	188	253	241
FBGN0041191	2195	2264	1708	1842	2149	1773
FBGN0261987	78	85	68	46	77	47
FBGN0037759	31	16	38	55	25	12
FBGN0038463	2447	2329	1585	1911	2209	2187
FBGN0014022	2246	2209	1746	1330	1545	1450
FBGN0042711	59	74	13	14	13	1
FBGN0040080	4857	5284	4049	4473	4873	5720
FBGN0039452	32	30	0	18	3	6
FBGN0046689	30	56	47	27	47	5
FBGN0039192	11	41	12	23	4	0
FBGN0038529	12	4	16	8	9	0
FBGN0038552	2494	1908	1610	1530	1917	2507
FBGN0039856	94	57	69	28	59	48
FBGN0005674	31201	32814	25052	32519	36436	37134
FBGN0037849	48	5	8	22	29	10
FBGN0264694	6383	6363	5205	3418	4135	4199
FBGN0039024	20	36	60	24	43	6
FBGN0004087	2537	2655	2056	2045	2213	2284
FBGN0067782	0	10	5	0	4	0
FBGN0026239	22902	23560	18211	27776	29077	28626
FBGN0037491	852	679	762	700	556	801
FBGN0037710	1308	1524	1333	1024	1253	1406
FBGN0000477	68	85	85	34	35	16
FBGN0037781	226	205	264	258	232	202
FBGN0262858	22	30	2	0	8	7
FBGN0038107	1463	1627	1123	736	706	875
FBGN0039059	37	25	24	4	9	27
FBGN0038697	103	159	96	215	174	190
FBGN0038539	1	8	10	5	17	0
FBGN0039374	12	6	15	10	8	46
FBGN0267698	8011	7889	5788	6311	6526	6424
FBGN0039066	3473	3370	2524	2860	3214	3171
FBGN0062412	43	22	14	20	5	0
FBGN0027090	10934	10263	8617	10040	10406	11297
FBGN0028717	4022	4451	3079	4611	4541	5258
FBGN0039470	143	112	69	30	37	80
FBGN0003261	104250	105142	86136	83771	95635	93626
FBGN0037843	7597	7223	5361	5656	6599	7020
FBGN0038730	154	47	74	137	37	90
FBGN0037618	71	32	33	46	20	41
FBGN0010282	9059	10294	7483	8118	9308	9153
FBGN0038738	7580	8375	5649	6217	6723	6690
FBGN0003499	7847	6687	5495	3557	5303	4290
FBGN0262839	24	12	9	12	9	2
FBGN0039817	120	108	68	46	78	21
FBGN0039612	132	103	49	48	35	36
FBGN0260779	837	784	761	808	853	831
FBGN0029157	8128	8832	6526	8337	9468	9755
FBGN0020278	7727	7859	5857	7515	8426	8852
FBGN0024288	545	566	481	385	489	583
FBGN0038946	20	30	10	13	12	17
FBGN0083943	12	17	5	23	0	24
FBGN0051053	31	28	9	5	18	7
FBGN0027655	10717	10382	8268	12416	12940	14178
FBGN0039435	8	32	40	12	2	0
FBGN0261015	6965	7180	5403	7520	8426	9028
FBGN0013995	63	116	47	80	40	32
FBGN0002906	3284	3518	2892	4254	4954	4590
FBGN0038039	2501	2392	2072	1947	2421	1973
FBGN0262962	373	248	327	125	219	192
FBGN0038394	3	5	6	35	3	8
FBGN0037992	136	93	58	74	85	124
FBGN0015221	13957	13578	10898	8269	9631	10019
FBGN0038261	117	85	48	61	39	22
FBGN0038720	238	218	215	243	214	356
FBGN0042205	847	847	599	526	590	573
FBGN0028436	1102	1181	1002	875	962	1174
FBGN0259821	172	244	116	337	158	158
FBGN0038872	13069	12406	9518	14911	14484	14984
FBGN0039443	12	48	16	3	10	1
FBGN0039131	2099	2067	1652	2718	2596	3109
FBGN0039831	7154	7257	5024	7171	8019	8413
FBGN0038950	2412	2738	2074	1421	1814	1740
FBGN0039565	929	1304	774	677	742	1049
FBGN0037579	51	3	13	0	8	1
FBGN0001139	20134	19670	15309	22969	24423	26600
FBGN0039434	168	120	41	11	53	44
FBGN0046876	36	12	36	26	24	5
FBGN0037797	23	12	17	19	2	0
FBGN0003268	6653	7774	5546	9871	11475	11278
FBGN0037987	43	14	0	24	26	0
FBGN0039641	421	442	396	257	250	231
FBGN0037462	16	27	34	7	0	2
FBGN0014366	6966	7839	5756	5561	5671	5769
FBGN0051358	120	35	64	101	36	30
FBGN0051075	8980	9671	7545	7000	8480	8713
FBGN0038852	34	53	15	59	36	19
FBGN0085384	661	916	653	683	700	899
FBGN0026317	5647	5658	4525	5135	5893	6077
FBGN0039590	9499	9047	7608	11585	12896	13488
FBGN0038717	51	83	58	16	29	39
FBGN0038461	3652	4364	3327	3200	4034	3979
FBGN0264832	20	7	3	4	1	1
FBGN0027053	4665	5091	3826	3102	4005	4145
FBGN0004889	15690	15045	12764	16607	18275	18871
FBGN0047199	5	0	12	0	0	0
FBGN0261679	926	709	851	1029	952	951
FBGN0038745	5239	4988	3951	4287	4935	4895
FBGN0038608	2928	3241	2439	2327	2773	2834
FBGN0266261	177	65	134	46	85	8
FBGN0039288	14	2	18	13	10	6
FBGN0037656	1245	1235	962	1077	1197	1172
FBGN0037305	2283	2387	1723	1263	1612	1893
FBGN0250755	1267	1387	899	1238	1433	1267
FBGN0037535	719	779	548	493	610	579
FBGN0038118	3992	3861	3102	5592	5971	6520
FBGN0040466	2142	1869	1821	1307	1233	1367
FBGN0038217	30	25	10	2	7	11
FBGN0038391	105	202	100	63	69	81
FBGN0262003	0	0	6	5	0	6
FBGN0010433	231	155	195	119	61	154
FBGN0037712	254	307	172	135	150	141
FBGN0039678	114	148	126	96	118	129
FBGN0266720	1727	1721	1311	1521	1515	1724
FBGN0011481	11174	11063	8552	12220	13522	14766
FBGN0287844	396	403	267	223	106	137
FBGN0038532	3923	4297	3281	4150	4308	4170
FBGN0039303	6322	5998	5074	4550	5531	5665
FBGN0046875	420	443	382	371	490	588
FBGN0025865	15419	15822	11769	11358	13003	14060
FBGN0028691	12505	13180	9960	8549	9795	9879
FBGN0259736	665	639	585	336	251	183
FBGN0085462	36	2	3	5	14	0
FBGN0039767	4293	4853	3671	5370	4981	6199
FBGN0038576	3061	3326	2773	2984	3390	3685
FBGN0037648	1635	1691	1326	1361	1770	1929
FBGN0261552	3342	3107	2558	5715	5218	5202
FBGN0013759	5531	5567	4566	7721	8411	8168
FBGN0037730	143	112	149	90	71	62
FBGN0037232	1557	1589	1292	1129	1554	1154
FBGN0037310	6	6	31	31	12	28
FBGN0259227	4310	4015	2957	5404	6085	5800
FBGN0038487	32	18	16	10	38	16
FBGN0037709	808	994	740	773	815	855
FBGN0039705	2912	2870	2231	2654	3402	3195
FBGN0038342	2	6	14	14	15	0
FBGN0039509	1461	1160	1051	963	1051	976
FBGN0260468	1144	1312	1209	807	1173	1066
FBGN0037503	1003	1066	851	1060	1040	1234
FBGN0260230	10	24	1	10	7	0
FBGN0264491	10303	10794	8430	8646	10429	9464
FBGN0265197	0	3	0	1	2	0
FBGN0037976	6	32	8	31	3	13
FBGN0037930	870	1005	762	837	932	902
FBGN0083946	173	36	44	15	17	33
FBGN0003339	1133	888	772	63	62	76
FBGN0037231	2089	2220	1640	1768	2044	1791
FBGN0039787	97	82	47	68	31	34
FBGN0010438	3140	3498	2799	2379	2549	2711
FBGN0037241	2551	2555	1821	1948	2080	1844
FBGN0038426	1213	1072	1014	793	821	733
FBGN0004882	163	154	128	73	92	78
FBGN0020626	5379	5150	4289	5154	5603	5757
FBGN0037439	6355	6224	5153	5350	5972	6674
FBGN0038165	63	77	61	35	20	32
FBGN0037299	2463	2399	1830	2276	2770	2746
FBGN0051080	11	74	38	35	0	15
FBGN0037657	7307	7465	5780	5678	6645	6752
FBGN0038415	49	36	71	28	2	31
FBGN0039595	32	61	28	12	52	5
FBGN0037370	6083	6055	4794	3173	3939	3398
FBGN0039702	588	511	491	490	526	589
FBGN0039039	68	56	32	37	49	13
FBGN0039408	42	86	97	18	57	36
FBGN0038842	7932	7475	6191	6333	6768	6714
FBGN0038799	113	85	34	61	34	17
FBGN0038198	40	60	35	30	20	77
FBGN0038596	10	29	18	9	13	20
FBGN0054041	42	3	9	32	15	15
FBGN0039308	88	48	23	18	4	34
FBGN0014023	1888	1997	1634	1501	1901	1648
FBGN0038902	22	32	37	16	26	33
FBGN0002719	2943	2987	2523	2178	2257	2599
FBGN0046225	2227	2645	1882	2312	2484	2656
FBGN0010258	156	174	91	138	157	212
FBGN0027584	25	65	47	50	32	58
FBGN0024509	9721	9609	7166	7377	8139	8321
FBGN0044826	5672	5793	4630	6336	6143	6554
FBGN0037659	8537	9232	7037	11176	11571	11914
FBGN0263404	7	12	5	10	0	1
FBGN0038582	580	511	415	244	320	403
FBGN0039860	800	933	761	701	1027	981
FBGN0037882	1039	1050	757	565	724	595
FBGN0261843	921	967	660	702	1080	1005
FBGN0037766	29	28	9	6	13	15
FBGN0038325	1416	1317	1167	1377	1507	1779
FBGN0037283	7	12	1	4	9	4
FBGN0000454	9512	9862	6943	6152	6578	6964
FBGN0038435	74	37	39	32	8	6
FBGN0039186	12290	11366	9712	11598	12525	12460
FBGN0038361	39	65	33	22	8	22
FBGN0038469	76	38	39	40	20	48
FBGN0051224	20094	19838	15801	20910	22752	22514
FBGN0037570	8	17	3	2	4	9
FBGN0027575	506	769	413	483	403	496
FBGN0037391	2618	3121	2731	2592	2516	3005
FBGN0037466	4962	4927	3843	3872	4967	4739
FBGN0003512	4655	5493	3957	3532	3747	3950
FBGN0051036	115	148	102	102	58	67
FBGN0038986	35	35	38	19	17	12
FBGN0261859	1121	1101	923	1447	1583	1616
FBGN0037880	544	760	373	409	520	510
FBGN0038072	133	54	44	26	23	52
FBGN0027493	7494	7500	6390	4786	5326	5784
FBGN0010768	2908	2601	2023	3204	2895	3290
FBGN0039852	4364	4740	3559	3435	3475	3521
FBGN0266171	0	0	0	0	0	0
FBGN0037794	2243	2016	1583	1327	1688	1577
FBGN0027083	887	943	720	786	822	912
FBGN0039518	113	73	65	42	25	6
FBGN0051226	14	10	12	17	0	1
FBGN0038090	32	28	11	49	5	24
FBGN0038897	106	171	73	50	33	21
FBGN0038080	3010	2999	2547	2351	2286	2796
FBGN0037796	4494	3995	2858	4321	4081	4559
FBGN0038749	3	29	11	0	11	3
FBGN0047351	5	0	5	7	6	0
FBGN0013277	41224	40883	30787	4553	6059	4334
FBGN0051093	12	10	0	18	10	3
FBGN0037845	119	73	68	145	60	43
FBGN0038832	60	78	58	20	21	22
FBGN0040601	103	86	127	97	62	55
FBGN0051438	12	16	11	11	5	4
FBGN0038708	46	18	8	25	4	17
FBGN0037783	17	16	22	9	5	21
FBGN0285913	5352	5489	3828	4959	5588	5483
FBGN0085321	7	0	22	1	1	5
FBGN0039056	4189	3808	3086	4880	5311	5360
FBGN0037513	66	43	47	9	19	15
FBGN0040524	14	9	8	5	3	1
FBGN0051320	2069	2013	1513	1499	1629	1376
FBGN0038306	6908	6723	5124	4195	5360	5714
FBGN0037473	1219	1103	879	776	893	889
FBGN0038928	505	749	362	457	527	467
FBGN0039438	47	16	21	5	0	24
FBGN0250732	9552	9689	7458	9297	8857	9761
FBGN0000140	13487	13287	10580	17410	18004	17994
FBGN0039254	751	794	793	461	535	440
FBGN0039237	11	2	5	33	1	0
FBGN0038621	255	241	299	400	550	381
FBGN0004644	4656	4689	3499	4538	5196	6018
FBGN0002645	46318	48438	35800	46788	54664	50613
FBGN0010043	13	1	12	18	0	19
FBGN0250839	1979	2408	1471	457	584	562
FBGN0263143	1477	1737	1250	1120	986	1231
FBGN0038735	2464	1993	1952	1108	1039	928
FBGN0051102	166	121	103	11	52	23
FBGN0038097	11	32	15	22	5	2
FBGN0037525	931	1020	716	1030	1544	1261
FBGN0017590	152	86	90	48	51	24
FBGN0039198	46	23	44	20	18	44
FBGN0038607	88	50	55	92	23	54
FBGN0053111	5454	5736	4267	4852	5987	5956
FBGN0259992	17	25	25	9	7	22
FBGN0266282	3754	3999	2895	3377	3629	3792
FBGN0019990	6548	6893	5348	5582	5970	6127
FBGN0037936	71	58	44	67	0	4
FBGN0083975	102	100	135	117	74	79
FBGN0038199	36	7	17	46	15	22
FBGN0038307	2549	3119	1788	1467	1596	1461
FBGN0039492	7050	6340	5029	6272	6360	6152
FBGN0037897	3415	3321	2638	3975	4335	4021
FBGN0037811	16984	17912	12950	17754	20551	19870
FBGN0037980	1746	1687	1311	1246	1468	1476
FBGN0038151	1117	1486	991	1141	1214	1248
FBGN0039829	1448	1437	1077	887	909	894
FBGN0039052	43	9	43	13	25	31
FBGN0039013	2413	3000	1780	2650	2876	2750
FBGN0026737	2495	2465	1956	1251	1450	1777
FBGN0262363	17	13	4	8	7	0
FBGN0085404	41	58	12	56	43	4
FBGN0038135	125	178	47	68	34	28
FBGN0263023	6	3	20	5	12	8
FBGN0266410	17859	16458	12622	13769	15027	14303
FBGN0051087	46	52	27	34	21	5
FBGN0038373	57	29	14	44	30	14
FBGN0085465	65	17	31	20	26	21
FBGN0003060	14	61	25	41	17	76
FBGN0037354	2227	2681	2159	1445	1480	1650
FBGN0027514	2069	2427	1858	1741	2168	1814
FBGN0039849	4854	4912	4023	4336	4745	4970
FBGN0038172	45	67	49	42	32	55
FBGN0037217	116	157	100	36	58	21
FBGN0019952	1046	1006	851	629	782	822
FBGN0259740	3689	3638	2939	3590	4188	3835
FBGN0038439	213	175	191	170	71	108
FBGN0038645	77	61	63	14	23	11
FBGN0037824	37	5	18	3	6	13
FBGN0051199	5	12	21	22	8	7
FBGN0053658	23	0	12	4	0	6
FBGN0085316	0	11	31	15	24	4
FBGN0039204	2806	3012	2206	2562	2727	2623
FBGN0038631	6	30	10	41	1	33
FBGN0037584	61	60	27	35	6	9
FBGN0263346	15282	15693	11866	13614	15754	13947
FBGN0040256	54	40	46	36	27	35
FBGN0038638	4358	5438	4079	5161	5474	6317
FBGN0016917	14098	14056	10204	14480	14729	15850
FBGN0038519	4463	5110	3911	3824	3949	4077
FBGN0000247	5348	5246	4578	6569	7094	6750
FBGN0038665	19	38	13	12	44	10
FBGN0038207	11	7	27	5	10	11
FBGN0037885	472	461	433	295	358	481
FBGN0051007	0	0	8	1	2	19
FBGN0020912	120	100	85	25	22	31
FBGN0037846	551	576	458	550	499	768
FBGN0266174	0	0	0	0	0	0
FBGN0051419	27	6	16	14	0	2
FBGN0039882	1234	1450	1111	922	1167	1015
FBGN0085306	22	51	44	26	30	14
FBGN0261839	760	873	790	872	856	844
FBGN0037360	8965	9263	7783	6766	7961	8402
FBGN0051473	215	182	156	234	253	118
FBGN0263396	36255	39082	30977	41197	48717	46932
FBGN0003598	11932	12000	9089	13661	16104	15986
FBGN0037543	1356	1768	1229	917	1143	886
FBGN0038008	54	45	23	20	23	10
FBGN0287209	27417	28360	21924	24713	26900	28137
FBGN0038398	43	46	31	29	30	1
FBGN0037544	425	657	319	230	271	324
FBGN0265082	21225	20581	16417	19733	23879	21347
FBGN0051010	12	9	36	11	8	14
FBGN0266268	3479	4050	3049	2892	2888	2773
FBGN0046685	3546	3718	3017	3415	3989	4061
FBGN0039774	1528	1608	1074	1557	1651	1672
FBGN0038772	2171	2126	1870	1158	1621	1658
FBGN0085310	0	16	22	1	20	9
FBGN0002431	37116	37943	28734	43125	48420	46457
FBGN0053784	25	42	1	0	3	6
FBGN0038076	66	112	51	40	6	8
FBGN0028688	14785	14974	11848	9754	11363	11867
FBGN0026257	1450	1416	1169	1176	1079	1222
FBGN0263755	2542	2640	2070	2391	2828	3282
FBGN0039323	72	56	120	46	35	20
FBGN0037301	5573	5094	4212	4692	5044	5581
FBGN0039145	1009	1390	763	658	811	756
FBGN0051164	32	16	32	49	19	8
FBGN0038277	71	50	31	37	18	57
FBGN0037958	3331	3261	2508	1966	2479	2475
FBGN0039828	5611	5407	4876	3924	4874	4462
FBGN0037282	5062	4949	3921	4962	5016	4945
FBGN0250821	49	0	22	18	24	1
FBGN0039580	8178	7768	6584	6301	7319	7998
FBGN0038980	80	27	18	15	27	32
FBGN0262125	21161	21280	16549	14751	16645	17440
FBGN0265199	1	21	4	8	6	0
FBGN0037578	1900	2477	1862	1477	1746	1631
FBGN0038281	0	3	11	12	6	1
FBGN0037330	2821	2592	2250	1764	2345	2452
FBGN0003483	1258	1010	915	917	1031	913
FBGN0038145	27029	29968	21963	23286	26994	27147
FBGN0037627	60	56	28	46	32	4
FBGN0053095	9275	8888	6864	7359	8598	7517
FBGN0053325	56	9	48	31	10	25
FBGN0039196	35	26	56	27	15	12
FBGN0085336	24	0	5	12	4	4
FBGN0051267	37	29	21	33	8	17
FBGN0038590	1060	1169	1041	641	766	930
FBGN0039311	22	47	36	17	22	22
FBGN0051251	813	820	679	698	748	586
FBGN0039453	3	11	8	6	4	2
FBGN0250908	55	56	46	39	22	14
FBGN0085320	50	51	26	14	4	2
FBGN0039489	291	453	331	291	305	344
FBGN0040606	10	2	2	5	2	1
FBGN0039159	1225	1222	842	663	715	877
FBGN0039519	44	45	37	25	0	4
FBGN0002783	37948	37706	29003	32702	35804	37564
FBGN0261792	2408	2701	1736	2040	2411	2264
FBGN0038195	3378	3300	2623	2792	3184	2915
FBGN0053346	52	52	51	38	9	24
FBGN0026597	6009	6357	4738	7548	7539	8786
FBGN0038570	6352	6657	5178	5507	5303	6583
FBGN0038658	60	30	16	12	5	0
FBGN0260793	180	116	109	88	91	41
FBGN0004666	95	52	38	47	35	32
FBGN0264751	651	508	404	390	374	506
FBGN0039302	98309	99193	77263	100245	110537	106397
FBGN0037327	10386	11387	8797	10269	10844	11237
FBGN0038262	66	45	55	51	18	30
FBGN0037943	3879	4151	3273	2583	3105	2608
FBGN0002592	5389	4271	3564	4237	4084	4857
FBGN0063261	6	14	8	21	1	5
FBGN0039758	105	55	79	165	105	148
FBGN0051424	63	37	25	42	35	18
FBGN0261508	7	0	0	0	0	7
FBGN0266717	40895	42826	33061	47211	51549	51624
FBGN0010401	343	241	166	100	81	82
FBGN0039252	4818	5207	3889	4057	4326	4484
FBGN0028646	3413	3322	2317	2714	2905	2817
FBGN0039734	91	77	78	48	37	56
FBGN0038363	989	995	646	325	498	458
FBGN0039504	138	124	48	160	91	110
FBGN0002921	40852	40601	31761	38317	42145	42597
FBGN0038221	219	409	247	346	441	441
FBGN0038944	30	6	13	17	1	0
FBGN0020235	12813	14303	10265	11693	12522	13451
FBGN0261986	7489	7094	5191	5521	6364	5890
FBGN0037940	29	37	9	19	1	4
FBGN0028992	4356	5062	3546	3209	3764	3583
FBGN0039623	3387	3373	2610	3355	3310	3299
FBGN0000083	16108	17061	13829	14132	15331	16430
FBGN0039827	457	556	321	219	170	351
FBGN0039844	11675	12525	9888	11462	11789	13335
FBGN0013279	91569	90661	68114	9406	12939	9531
FBGN0039682	150	254	208	27	109	26
FBGN0037831	5612	5474	4280	4881	5739	5741
FBGN0038209	4	16	8	16	16	4
FBGN0037683	31	86	29	34	46	50
FBGN0051089	63	4	42	33	10	25
FBGN0038773	85	6	26	102	8	22
FBGN0040255	66	43	47	40	22	12
FBGN0038612	11	6	27	36	2	21
FBGN0051041	5	12	20	22	22	1
FBGN0042094	1098	1180	982	1049	1289	1098
FBGN0037638	3757	4064	2988	3108	3263	3022
FBGN0039632	4829	5000	4228	4219	4117	5082
FBGN0038448	91	61	76	62	54	31
FBGN0261436	2860	2891	2265	2259	2500	2752
FBGN0038234	686	858	675	721	568	719
FBGN0005777	5157	5279	4494	3753	4274	4362
FBGN0038301	1662	1836	1255	1330	1734	1755
FBGN0259704	3218	3548	2618	2096	2409	2368
FBGN0039155	5845	6127	4319	6915	7254	7679
FBGN0037603	372	596	403	437	443	507
FBGN0085315	0	20	4	0	0	7
FBGN0037611	317	244	235	154	221	182
FBGN0005642	6536	7144	5651	6510	6546	7056
FBGN0037446	5437	5478	4312	4339	5092	4926
FBGN0039306	4044	4524	3200	2984	3364	3111
FBGN0051445	61	32	47	53	32	46
FBGN0038083	90	84	42	28	18	31
FBGN0266259	15	8	2	0	1	0
FBGN0042101	13	12	12	47	25	18
FBGN0015008	51	62	54	50	23	14
FBGN0062442	4099	5248	3595	3009	3793	3604
FBGN0041588	3258	3255	2679	2315	2597	2591
FBGN0037910	21	14	6	7	11	0
FBGN0039235	30	83	13	22	30	3
FBGN0010774	16192	15801	13120	13012	14514	15916
FBGN0037594	37	31	24	40	23	6
FBGN0011336	24648	25122	20228	19188	22792	20898
FBGN0052944	82	62	86	49	42	49
FBGN0040553	41	18	12	9	6	7
FBGN0262364	29	15	3	12	2	29
FBGN0039325	20	60	55	26	2	8
FBGN0039111	718	573	613	752	647	618
FBGN0037252	13907	14654	11007	14935	15903	15549
FBGN0038387	627	593	596	362	420	631
FBGN0039310	40	23	19	19	34	10
FBGN0038180	7105	7550	5566	5410	7441	7283
FBGN0039300	40873	45192	33894	35687	41141	41670
FBGN0039344	42	32	27	70	17	14
FBGN0038191	157	117	85	74	102	145
FBGN0038074	56	89	48	36	21	42
FBGN0266599	346076	341719	277260	300243	316778	356735
FBGN0039850	20	33	39	22	22	19
FBGN0023097	11428	12460	9351	16561	17707	18435
FBGN0040078	8199	8313	7040	5681	7243	6685
FBGN0038523	129	64	65	10	95	3
FBGN0037762	45	78	25	30	4	5
FBGN0038455	600	538	459	140	206	239
FBGN0039429	68	74	76	14	10	14
FBGN0029176	136089	144226	110273	164654	172969	202942
FBGN0261618	80322	77135	60144	86413	90386	87050
FBGN0038344	11382	12109	9054	8013	9086	9364
FBGN0260645	14	11	5	1	0	0
FBGN0038416	26	30	65	38	20	14
FBGN0261019	397	457	389	314	415	404
FBGN0002869	24	0	7	13	0	0
FBGN0038652	1756	1683	1411	1101	1176	1120
FBGN0011766	23008	21538	16504	22464	24457	25181
FBGN0039886	198	284	130	141	117	76
FBGN0037412	46	44	23	34	10	21
FBGN0262983	12	10	7	0	7	0
FBGN0039867	2671	2789	2011	2138	2082	2295
FBGN0039738	1546	1765	1257	2039	2119	2342
FBGN0039552	15	24	12	19	7	9
FBGN0051345	12	7	16	21	3	9
FBGN0051217	5005	5160	4114	5901	6327	7433
FBGN0038366	263	530	288	132	124	105
FBGN0037435	655	910	558	673	672	599
FBGN0020496	33393	32804	27463	29273	31882	34222
FBGN0019957	6655	6752	4820	3953	4768	4931
FBGN0265140	7849	7890	6174	7984	9072	8031
FBGN0037653	3684	4008	3105	2735	3557	3313
FBGN0039405	1167	1365	1187	791	909	658
FBGN0037667	1555	1713	1270	1208	1333	1218
FBGN0064126	4368	4490	3352	4323	4545	4969
FBGN0266674	3668	3400	2902	3007	3660	3218
FBGN0011217	39766	39740	28671	18973	23562	19384
FBGN0020299	5716	6574	4340	4725	5668	6547
FBGN0037802	557	619	383	442	369	497
FBGN0039305	4467	5329	3952	3188	3747	3425
FBGN0037294	10	51	31	42	84	22
FBGN0067629	2101	1844	1603	1798	2172	2296
FBGN0013343	3601	3923	2985	5873	6253	5464
FBGN0051108	2309	1831	1611	1851	2358	1978
FBGN0037581	1199	1262	922	1172	1112	1455
FBGN0038268	674	605	580	312	538	496
FBGN0039883	983	844	789	1247	1349	1243
FBGN0038739	1470	1409	1250	1008	1062	1237
FBGN0038790	5	6	1	3	2	10
FBGN0038508	47	29	47	49	20	9
FBGN0039413	56	37	35	21	5	4
FBGN0051460	2196	1960	1465	1294	1052	1077
FBGN0038747	3349	3505	2907	3573	3676	3993
FBGN0011740	7606	7760	5867	8441	9411	10307
FBGN0262477	57	44	55	43	13	25
FBGN0037339	2752	2938	2344	2438	2669	3006
FBGN0039461	255	234	289	267	255	265
FBGN0039028	37	70	34	23	30	12
FBGN0038494	435	433	387	140	182	211
FBGN0017448	107	122	74	80	29	31
FBGN0039651	25	39	19	63	21	30
FBGN0037816	658	941	623	550	455	572
FBGN0085312	0	0	11	10	7	0
FBGN0038507	13	22	9	33	32	8
FBGN0040531	0	0	1	0	5	0
FBGN0037672	125	93	112	60	94	67
FBGN0038551	3159	2827	2552	2694	3086	3317
FBGN0264005	89	78	91	95	22	69
FBGN0026565	48	0	28	11	13	29
FBGN0037989	825	757	708	828	989	949
FBGN0003015	47	18	95	18	41	21
FBGN0266442	0	17	15	8	22	10
FBGN0037996	68	30	73	26	20	35
FBGN0039358	3958	3805	3073	3300	3597	4212
FBGN0003721	27536	26148	22181	24980	29577	27795
FBGN0045980	85	21	75	80	23	5
FBGN0038846	86	41	85	18	7	7
FBGN0038854	4481	4831	4122	3875	3976	3997
FBGN0259139	35142	36647	28440	26484	29822	26495
FBGN0040528	714	901	482	822	748	871
FBGN0039779	26	92	33	38	16	1
FBGN0039472	17	8	8	6	19	56
FBGN0085412	24858	22673	18251	30804	33174	30927
FBGN0051230	82	71	78	38	59	50
FBGN0053202	33	40	29	26	26	25
FBGN0038642	196	297	145	128	75	81
FBGN0039463	77	20	14	35	7	6
FBGN0038685	13	25	24	36	23	23
FBGN0039821	92	45	79	82	35	43
FBGN0038247	200	264	210	113	73	101
FBGN0004103	25218	25100	20058	21404	23369	24561
FBGN0038149	24271	25323	20006	16636	19817	21262
FBGN0027563	53	43	54	1	34	0
FBGN0039357	597	565	622	324	412	441
FBGN0037956	7665	6759	5630	8407	8790	9556
FBGN0261061	10	0	9	13	0	1
FBGN0028475	4354	4292	3192	4174	4614	4784
FBGN0038646	16	25	41	13	99	254
FBGN0051099	8	24	11	7	8	7
FBGN0043884	93050	84749	70417	119648	130151	126207
FBGN0010340	778	1007	793	465	568	592
FBGN0264075	8582	8019	5988	7533	8508	8547
FBGN0259938	4295	4166	3180	5219	5736	5536
FBGN0264426	120	93	100	133	104	92
FBGN0259193	14	41	26	14	21	18
FBGN0038816	4346	3651	3028	3590	4014	4068
FBGN0019925	6843	6516	5739	4457	5849	5804
FBGN0037714	22	6	11	12	17	12
FBGN0038837	105	81	102	50	50	37
FBGN0085337	91	85	60	77	146	174
FBGN0085454	15	38	16	1	9	11
FBGN0265266	33	103	70	14	17	30
FBGN0038929	4	36	22	37	53	51
FBGN0038233	975	813	788	665	764	684
FBGN0037550	1952	2326	1882	1091	1347	1321
FBGN0261841	552	580	446	884	999	829
FBGN0051025	38	60	60	51	39	14
FBGN0051225	18	39	23	5	9	17
FBGN0039566	12580	12369	9729	9890	11966	11127
FBGN0022943	2098	2130	2068	1197	1755	1580
FBGN0262081	9482	9140	6649	8731	9487	9794
FBGN0037610	371	384	368	283	318	316
FBGN0265274	39046	38421	30448	30123	35978	35282
FBGN0067783	779	676	642	584	693	558
FBGN0051233	73	42	102	53	31	9
FBGN0013275	47538	48975	34065	12364	18023	10767
FBGN0037213	29134	30121	22182	28499	30010	31789
FBGN0037616	35	22	53	74	69	48
FBGN0038533	4760	4617	3400	2962	3313	3108
FBGN0037418	23	3	8	22	20	18
FBGN0264991	8	0	1	3	0	1
FBGN0015737	47992	44000	37319	30261	33808	30575
FBGN0038148	17	35	23	39	4	7
FBGN0037901	2385	2189	1951	1678	1641	1718
FBGN0267690	313	428	310	241	106	203
FBGN0037837	86	27	82	58	20	29
FBGN0039341	5599	6017	5038	3646	4485	4213
FBGN0037986	58	54	43	35	9	36
FBGN0267104	12	3	7	5	15	6
FBGN0037250	1775	1861	1602	1164	1589	1553
FBGN0039197	8	52	37	5	22	5
FBGN0038566	40	29	42	23	9	5
FBGN0051481	144	72	85	44	37	71
FBGN0037817	151	156	124	36	51	16
FBGN0266464	4915	5340	4599	4206	4865	4717
FBGN0038424	2319	2387	2147	1590	2019	2235
FBGN0051229	1818	2224	1564	1046	1147	1211
FBGN0038691	24	0	27	6	10	19
FBGN0039069	100	122	97	116	100	119
FBGN0037829	81	42	48	38	38	21
FBGN0016120	14114	14703	10707	10036	11101	11596
FBGN0005596	5677	5201	4380	6744	6948	7739
FBGN0038179	789	1029	684	747	984	883
FBGN0262540	8	0	18	7	2	9
FBGN0040071	19019	17249	14432	21557	22379	23321
FBGN0038423	12	43	8	23	8	13
FBGN0045862	11359	10653	8228	10291	11728	12780
FBGN0051259	34	52	65	18	34	53
FBGN0038251	3320	3181	2472	3000	3460	3432
FBGN0038797	23	20	34	12	45	6
FBGN0053483	27	6	12	5	8	0
FBGN0039140	4022	4146	3136	3502	3646	3992
FBGN0038428	2458	2974	2045	1928	2618	2429
FBGN0037770	8874	9403	7220	9108	10441	10763
FBGN0259194	16	36	46	45	24	13
FBGN0085417	596	518	328	457	422	529
FBGN0083991	7	0	6	1	0	0
FBGN0003093	2674	3165	2258	4164	4155	4488
FBGN0045866	6029	6841	5088	3318	4834	4868
FBGN0028468	1784	2057	1721	1490	1518	1813
FBGN0037908	22	27	27	38	40	31
FBGN0039754	1337	1015	1060	927	1091	1444
FBGN0038919	897	1005	658	1417	1455	1464
FBGN0038105	49	26	18	36	21	12
FBGN0003479	1163	1181	923	871	927	1013
FBGN0051371	29	19	24	29	36	16
FBGN0038244	8768	9371	7276	9706	9969	11102
FBGN0037249	41427	43066	34126	45908	51267	55511
FBGN0039041	0	0	6	3	0	0
FBGN0038084	54	17	12	20	9	14
FBGN0024957	6505	6471	5190	5950	6813	7091
FBGN0286741	13	10	3	5	6	4
FBGN0026620	18455	20006	14963	20789	23149	23231
FBGN0051213	166	222	223	180	77	62
FBGN0085431	65	30	34	25	22	10
FBGN0263995	1150	1172	822	1023	1091	1069
FBGN0011290	3682	3787	2657	2224	2604	2278
FBGN0037521	64	79	29	11	14	16
FBGN0037347	2051	1913	1530	1176	1843	1570
FBGN0022359	116	156	62	23	24	39
FBGN0265189	2149	2840	2112	1993	2432	2653
FBGN0053108	627	527	414	298	476	459
FBGN0038013	2428	2647	2184	1834	2193	1666
FBGN0051091	32	77	14	11	2	22
FBGN0264495	19402	18286	13014	22738	24549	24467
FBGN0038558	16	17	17	3	7	12
FBGN0014342	1204	1273	790	844	981	1100
FBGN0086686	22084	20408	16924	21113	21966	22952
FBGN0003357	2903	3418	3034	334	31	58
FBGN0039508	6252	5603	4386	4511	5771	6042
FBGN0016119	3993	3585	2917	2435	2548	2809
FBGN0263403	0	0	0	0	0	1
FBGN0264903	0	9	13	0	0	8
FBGN0039645	139	99	71	49	70	34
FBGN0039209	2170	2137	1770	3487	3484	3517
FBGN0016691	12259	12819	10613	8794	9360	10844
FBGN0038550	31	34	49	3	5	15
FBGN0053293	75	29	50	108	47	71
FBGN0038767	1403	1423	1111	1193	1466	1100
FBGN0039739	3	0	3	16	7	4
FBGN0039349	2134	2376	1751	1815	2303	2281
FBGN0038414	65	74	32	42	18	14
FBGN0004629	184	198	129	42	168	286
FBGN0011582	60	34	42	46	30	30
FBGN0037562	16	0	20	2	0	0
FBGN0042110	42	31	28	13	1	10
FBGN0039681	71	53	34	16	16	27
FBGN0038705	82	28	33	30	40	24
FBGN0051211	12248	12642	8926	14058	14772	14137
FBGN0038690	14	20	24	44	12	28
FBGN0040529	9941	9970	9172	10075	10425	10599
FBGN0039027	54	65	18	27	3	9
FBGN0285937	9277	10459	7827	5228	6763	6183
FBGN0039656	45	107	50	41	71	20
FBGN0014380	706	586	445	652	791	513
FBGN0037664	1716	1877	1392	1089	1146	1122
FBGN0004436	6091	5944	4611	3610	4320	3307
FBGN0001149	41407	44064	32820	24463	27946	28188
FBGN0037635	80	67	46	36	40	17
FBGN0004554	73	90	94	79	24	26
FBGN0038851	8	3	14	16	14	16
FBGN0039172	6551	6770	5421	4768	5462	5815
FBGN0000416	25445	27222	20188	23473	26020	26012
FBGN0003330	3519	3697	2842	2789	3149	3551
FBGN0004782	67	50	74	54	11	19
FBGN0037502	65	32	33	31	9	18
FBGN0038134	30	0	4	39	15	12
FBGN0283536	4954	4866	3721	4118	4384	5243
FBGN0038285	40	34	22	46	88	37
FBGN0038871	371	531	332	269	447	380
FBGN0037780	2600	2830	2109	1905	2291	2270
FBGN0038516	187	256	151	72	147	86
FBGN0038509	724	519	664	24	9	6
FBGN0037534	141	288	106	47	80	49
FBGN0039451	4084	4211	3576	3698	3938	4158
FBGN0039770	39	42	70	20	4	15
FBGN0263740	15475	14831	12338	9023	10552	10546
FBGN0001138	9660	10854	8319	11851	12333	13445
FBGN0261929	91	101	76	90	58	38
FBGN0039684	35	0	5	0	16	9
FBGN0039280	1317	1459	1067	811	987	762
FBGN0051410	26	0	1	0	29	0
FBGN0003257	5122	5099	4429	4076	4954	5559
FBGN0001169	13826	14197	11303	16652	18645	18645
FBGN0038993	49	53	37	19	52	27
FBGN0038054	38	103	96	66	78	92
FBGN0053192	9	5	2	11	3	0
FBGN0037721	4012	4005	2938	3975	4654	4829
FBGN0086361	11418	10841	9534	12304	12601	13303
FBGN0037779	1625	1686	1012	1318	1344	1471
FBGN0260743	1150	1118	914	819	1052	1199
FBGN0002941	148	103	87	116	44	54
FBGN0037742	223	347	236	205	228	184
FBGN0037997	7	16	5	8	7	1
FBGN0025821	7	10	12	4	10	0
FBGN0051038	3403	3339	2504	4939	5308	5682
FBGN0039689	583	928	555	509	429	467
FBGN0039554	4090	4985	3517	3229	3734	3990
FBGN0039250	8989	9273	7549	10810	11290	11359
FBGN0037592	1466	1842	1412	1409	1381	1453
FBGN0028997	1555	1314	1081	1117	995	1083
FBGN0011666	10267	9151	7148	11584	12854	13071
FBGN0037500	58	6	21	6	15	0
FBGN0284081	10	0	4	3	3	10
FBGN0262975	10557	10902	8585	12819	13523	13544
FBGN0262167	8044	8826	6351	9924	10340	10699
FBGN0000064	13730	13210	10404	12241	13836	16654
FBGN0038163	42	108	61	36	34	10
FBGN0039149	1191	1278	1016	850	937	795
FBGN0027109	11	0	2	2	0	5
FBGN0038425	937	910	650	578	679	610
FBGN0038482	12	30	9	17	14	6
FBGN0250832	11	0	0	9	0	5
FBGN0037643	7856	8702	6812	6029	6532	7221
FBGN0267236	6	0	6	2	0	2
FBGN0038140	116	38	91	34	44	43
FBGN0061476	2396	2607	1757	2135	2593	2346
FBGN0038122	44	64	9	9	23	4
FBGN0029170	93	61	125	69	64	49
FBGN0003450	22	46	28	16	5	7
FBGN0039596	30	26	48	34	10	13
FBGN0038490	335	375	237	152	182	131
FBGN0039106	19	22	17	12	1	7
FBGN0039335	2405	2479	1853	1748	1681	1912
FBGN0038879	26	5	14	36	14	29
FBGN0037336	10359	10841	8571	9887	10764	10861
FBGN0003651	1943	1741	1631	1927	1853	2060
FBGN0037690	22	39	7	7	21	31
FBGN0038106	1777	1505	1199	1282	1251	1391
FBGN0001321	4580	4616	3823	3005	3665	3642
FBGN0037225	33	53	17	25	13	8
FBGN0038082	15	56	32	28	22	15
FBGN0005355	3141	3008	2447	2408	2608	2991
FBGN0000150	87919	98496	77900	64509	66158	77705
FBGN0037577	23	22	7	4	15	8
FBGN0038866	286	341	180	320	311	295
FBGN0038429	1317	1197	935	891	1117	1172
FBGN0038981	3648	3843	2646	2930	3180	3379
FBGN0262144	5	3	8	5	2	0
FBGN0038654	6	11	5	15	1	3
FBGN0039789	31	84	58	76	22	41
FBGN0039589	2337	1961	1642	1823	1753	1767
FBGN0039591	36	95	28	15	1	17
FBGN0039718	7	48	10	1	12	0
FBGN0038241	34	91	73	0	21	8
FBGN0038018	18	3	10	21	19	11
FBGN0038715	34	42	56	37	34	16
FBGN0039478	101	113	78	33	13	43
FBGN0004117	1587	1915	1420	406	482	213
FBGN0028708	2487	2613	1995	1427	1551	1818
FBGN0046222	7241	7848	5953	5598	6570	6979
FBGN0039637	1832	2226	1530	1705	1910	1932
FBGN0283477	13387	15623	12292	11286	13116	14035
FBGN0039370	34	4	12	9	0	5
FBGN0038126	3560	3137	2787	1246	1608	1350
FBGN0265101	2959	2677	2103	2439	2361	2462
FBGN0015019	38141	38741	30460	28685	31874	34129
FBGN0051068	87	110	48	28	43	20
FBGN0037218	10363	10156	7830	7588	8351	8235
FBGN0011670	9	6	14	1	19	2
FBGN0000527	1554	1841	1456	38	147	127
FBGN0037613	339	433	331	196	331	307
FBGN0027608	203	122	161	55	95	54
FBGN0051477	98	90	104	103	101	58
FBGN0267431	135	152	97	112	79	122
FBGN0039563	3723	4213	2927	3469	3926	3855
FBGN0261046	224	161	168	155	101	120
FBGN0263398	2739	2878	2062	2448	2371	2792
FBGN0046885	39	32	27	57	9	39
FBGN0004577	283	316	225	403	198	321
FBGN0003308	855	859	814	679	588	838
FBGN0038818	80	124	88	60	39	28
FBGN0039736	44	95	129	72	30	41
FBGN0037531	1519	1496	1301	1099	862	818
FBGN0266405	10	6	12	7	14	15
FBGN0013949	57	22	54	39	36	53
FBGN0044809	17	10	31	13	27	18
FBGN0262614	66390	63965	51101	70644	76750	80480
FBGN0051115	45	18	20	26	10	4
FBGN0260962	20876	20419	16067	14610	16473	16938
FBGN0037606	1121	1142	946	1097	1063	1146
FBGN0038976	5310	5596	4354	2923	3400	3740
FBGN0037517	85	60	56	48	13	26
FBGN0051326	28	39	35	32	36	12
FBGN0039309	24	20	31	50	10	7
FBGN0021750	2281	2588	2000	2241	2490	2863
FBGN0002862	11	0	8	7	0	0
FBGN0260399	3109	3423	2542	3751	3916	3998
FBGN0261994	12	30	27	12	8	0
FBGN0039677	64	67	30	26	24	40
FBGN0037387	114	72	50	20	21	21
FBGN0038313	1636	1554	1262	932	1252	1187
FBGN0039369	38	52	7	12	13	9
FBGN0037238	59	92	84	30	33	19
FBGN0025808	1410	1351	963	878	1036	878
FBGN0260759	558	814	621	466	472	375
FBGN0039115	1352	1300	905	675	784	771
FBGN0037737	2300	2537	2094	1737	2248	2145
FBGN0037350	406	533	387	239	285	416
FBGN0037515	222	325	214	90	155	140
FBGN0037340	698	803	731	490	482	674
FBGN0038849	34	21	20	26	22	9
FBGN0261932	83	104	55	7	3	6
FBGN0001112	1496	1351	1078	523	650	635
FBGN0039875	4284	3578	3422	3868	3894	4036
FBGN0037365	0	31	25	10	11	20
FBGN0039811	19	10	0	20	2	0
FBGN0053213	955	938	800	679	874	1015
FBGN0037962	33	57	47	37	26	29
FBGN0003429	240	147	208	107	73	102
FBGN0011725	5767	6651	4840	5012	5737	5711
FBGN0263399	9	16	1	6	3	1
FBGN0051121	6742	6658	5467	6557	7073	8208
FBGN0062411	77	39	14	4	9	2
FBGN0051354	95737	93926	70212	9248	13009	9470
FBGN0264816	3536	3403	2936	2181	2328	2140
FBGN0037758	4578	5012	3933	3312	3776	3682
FBGN0037916	35	90	65	21	46	50
FBGN0038055	1368	1320	1049	1457	1634	1532
FBGN0026598	5550	5961	3972	5721	6021	6576
FBGN0262808	38	34	24	6	3	3
FBGN0038546	3007	3789	2974	3870	3489	3948
FBGN0011745	7230	7216	6069	4989	5653	5886
FBGN0037406	23	38	20	12	5	11
FBGN0039034	18	14	13	13	22	3
FBGN0004369	16034	14787	11900	15976	17230	16024
FBGN0039598	48	30	27	17	6	8
FBGN0266581	12270	12067	10601	6816	8165	7769
FBGN0261393	61	17	62	7	67	53
FBGN0085345	124	155	69	38	103	75
FBGN0039161	768	700	516	64	71	122
FBGN0000591	1486	1396	1084	1025	1415	1370
FBGN0039494	1360	1514	1215	1841	1723	2159
FBGN0260794	75226	71186	56531	81159	90829	88978
FBGN0039031	156	170	123	18	40	12
FBGN0014141	30228	29913	23357	39729	42755	46012
FBGN0262562	575	652	459	586	477	559
FBGN0003275	6407	6113	5139	4601	5184	4937
FBGN0270925	80	139	95	67	80	63
FBGN0083974	38	13	25	30	11	4
FBGN0260237	848	734	564	566	720	769
FBGN0026063	4040	4406	2989	3984	3853	4079
FBGN0038158	3	1	4	3	4	39
FBGN0013347	7477	7063	5823	4809	5093	5097
FBGN0051269	23	34	32	13	10	12
FBGN0037844	89	80	50	15	48	64
FBGN0040271	7041	8319	6058	6828	7451	6562
FBGN0039495	24	54	28	11	8	8
FBGN0038124	19	49	24	20	12	0
FBGN0039431	6421	7354	4908	9156	10810	10300
FBGN0025571	15775	16245	12582	20615	22397	23594
FBGN0037554	2423	2473	1952	2004	2240	2418
FBGN0037284	20	1	7	1	1	0
FBGN0022787	9015	9614	7865	9962	11422	11704
FBGN0038795	8	14	34	12	10	8
FBGN0015011	179	159	194	79	135	60
FBGN0042111	6990	7575	5805	6846	7925	8351
FBGN0003129	109	38	28	29	56	4
FBGN0038511	2184	1873	1700	1248	1675	1186
FBGN0037536	4824	5253	3896	4174	4590	4974
FBGN0037931	1709	1835	1409	1583	1458	1940
FBGN0038855	3306	3123	2792	2458	2935	3415
FBGN0039359	56657	63364	42681	54931	65772	65748
FBGN0000564	29	36	18	19	5	0
FBGN0026441	5712	5806	4404	5942	6178	6349
FBGN0038237	107	66	85	119	33	51
FBGN0037514	8	43	6	20	24	8
FBGN0038033	53	27	47	40	38	21
FBGN0039319	58	78	55	14	23	6
FBGN0039395	45	13	14	8	15	22
FBGN0265351	497	636	554	434	494	408
FBGN0262576	28	12	18	20	8	6
FBGN0085311	33	5	30	9	4	84
FBGN0004174	5	0	3	13	6	4
FBGN0039291	730	651	544	370	332	341
FBGN0051021	49	72	64	66	29	22
FBGN0037583	3318	3462	2545	3197	3508	3265
FBGN0051441	567	447	505	343	377	322
FBGN0051374	893	748	634	285	267	208
FBGN0039102	111	69	118	115	103	124
FBGN0039638	2742	2582	2027	2407	2915	2919
FBGN0025802	5014	4959	4113	4700	5640	5216
FBGN0037344	37110	36689	27827	41151	43036	42963
FBGN0053193	5128	4844	3540	3883	4132	5110
FBGN0037751	116	54	49	30	18	21
FBGN0026562	2930	2728	2436	2276	2923	3394
FBGN0039703	23	20	12	2	22	10
FBGN0038348	216	89	134	96	50	114
FBGN0010808	3799	4202	3095	2422	2400	2483
FBGN0038942	31	14	6	4	9	8
FBGN0264741	0	15	20	17	0	3
FBGN0039219	4487	4704	3549	3217	4397	4107
FBGN0037850	559	395	475	8	18	6
FBGN0039008	45	86	70	12	20	1
FBGN0037468	19548	21493	15361	14849	17100	16852
FBGN0037420	33	28	48	10	5	1
FBGN0250753	55288	59332	41314	39400	50392	44768
FBGN0015831	87	22	46	19	23	21
FBGN0039719	26	18	5	7	11	7
FBGN0259685	30599	30819	24747	26387	28553	27396
FBGN0003249	10	33	25	21	10	0
FBGN0000139	4170	3633	2873	2767	3200	3269
FBGN0017567	3236	2897	2712	2404	2374	2568
FBGN0261285	833	825	609	1015	910	1184
FBGN0037230	36	57	30	18	24	46
FBGN0045468	40	48	42	10	6	13
FBGN0003513	3791	3883	3119	4115	5259	5320
FBGN0053927	27	22	12	1	12	9
FBGN0024944	117	78	47	54	26	54
FBGN0037707	5615	5747	4994	5268	6745	7093
FBGN0267106	0	1	4	1	9	0
FBGN0038395	435	339	287	414	519	420
FBGN0287598	180	216	128	102	130	45
FBGN0038001	23	22	8	3	2	40
FBGN0037671	6733	7569	5769	6515	6852	8068
FBGN0039665	3949	4068	2917	3025	3115	3595
FBGN0039006	663	519	488	467	595	772
FBGN0037228	148	410	300	43	78	62
FBGN0038709	14	11	17	17	2	1
FBGN0010328	43035	40908	34900	47072	50447	52065
FBGN0038746	6651	6191	5071	3352	3986	4063
FBGN0037717	72	15	32	40	31	32
FBGN0038983	1464	1218	1013	1657	1724	2054
FBGN0044812	24	1	20	6	5	8
FBGN0038020	1240	856	881	355	405	357
FBGN0037836	370	180	246	179	149	172
FBGN0086365	2009	2122	1503	2128	2553	2474
FBGN0016672	1257	1299	997	1059	1160	1585
FBGN0004387	6141	5860	5324	5186	5721	5793
FBGN0024491	3712	3751	3202	2616	2733	2659
FBGN0037537	14912	15144	12126	10207	11873	11625
FBGN0261532	6009	6431	5030	6159	6129	6761
FBGN0010040	81	35	24	5	27	49
FBGN0037323	1021	1120	963	369	564	429
FBGN0262112	183	210	134	133	180	98
FBGN0039474	22	51	43	35	5	12
FBGN0004587	41230	44001	35980	32694	35997	37929
FBGN0038051	7	42	15	20	12	0
FBGN0038396	1842	1564	1259	1288	1326	1083
FBGN0000279	8	18	11	7	6	14
FBGN0038918	55	45	57	85	21	34
FBGN0039350	7346	7443	5962	7511	8414	8468
FBGN0261502	28	21	14	33	4	7
FBGN0002633	1352	1426	1147	887	774	979
FBGN0041102	16	23	9	13	6	0
FBGN0051324	227	325	176	44	64	40
FBGN0250757	363	302	257	253	92	111
FBGN0020249	3687	3995	2833	2801	3409	3500
FBGN0039321	18	32	17	49	25	15
FBGN0039804	2191	2258	1770	2002	2564	2762
FBGN0003205	4956	5647	4394	4751	5646	6066
FBGN0002413	6597	6968	5234	6165	6718	7144
FBGN0085309	13	25	19	3	2	0
FBGN0038011	118	139	8	69	32	50
FBGN0038194	38	48	57	34	34	11
FBGN0261238	23512	22977	18165	25088	27363	26137
FBGN0086605	4138	4668	3476	3512	3780	3286
FBGN0037430	28	7	42	36	2	12
FBGN0039659	97	64	59	71	21	20
FBGN0037384	1789	1770	1458	1478	1532	1723
FBGN0038419	109	75	42	80	56	90
FBGN0038975	220	163	158	125	82	50
FBGN0038000	35	55	38	21	26	45
FBGN0037815	1556	1661	1310	1090	1172	1114
FBGN0038927	6746	7186	5323	4896	5056	5116
FBGN0284234	0	0	3	4	2	0
FBGN0038318	3122	3312	2257	3024	3231	3447
FBGN0039679	39	69	43	24	7	12
FBGN0051380	8	27	34	22	1	14
FBGN0037486	66	60	33	44	17	28
FBGN0039588	988	1074	908	885	742	981
FBGN0085433	3253	3070	2502	4221	4841	5183
FBGN0038876	671	934	689	480	563	457
FBGN0038144	79	17	53	29	4	1
FBGN0024909	1779	2039	1497	1440	1469	1243
FBGN0038451	94	40	28	83	32	46
FBGN0037778	1555	1676	1113	998	1128	1034
FBGN0038901	22	1	13	25	10	7
FBGN0267651	0	0	0	0	0	0
FBGN0004778	37	35	11	27	11	14
FBGN0015229	3366	3106	2418	2897	3585	3323
FBGN0051501	41	39	18	7	12	7
FBGN0027873	4248	3589	3231	3228	3358	3602
FBGN0283499	17006	16526	12948	17521	19659	17946
FBGN0038512	10	28	9	9	1	7
FBGN0027617	2706	3348	2358	2359	2685	2660
FBGN0085325	249	283	156	24	35	136
FBGN0039887	17	21	19	29	34	6
FBGN0038704	5951	5814	5114	4133	4796	4697
FBGN0039498	37	41	10	7	26	20
FBGN0002838	31	24	8	14	5	25
FBGN0259991	221	324	280	321	339	351
FBGN0037520	46	17	29	32	14	26
FBGN0038888	8	19	4	7	2	4
FBGN0286852	38	16	19	16	3	16
FBGN0041707	18	23	26	17	11	12
FBGN0000500	7	20	12	10	0	10
FBGN0038045	58	36	42	14	12	24
FBGN0039271	865	1151	860	883	1004	809
FBGN0039117	5352	5273	3789	4594	5361	5144
FBGN0038506	3	0	14	20	2	1
FBGN0263048	1990	2092	1667	1967	2259	2044
FBGN0004171	33	91	34	34	31	10
FBGN0038957	86	87	49	83	31	59
FBGN0053098	70	19	1	4	18	20
FBGN0038350	94	79	65	135	33	29
FBGN0017581	36907	37931	28728	38949	40461	42396
FBGN0039557	2364	2458	1620	1547	1892	1958
FBGN0024958	5804	5358	4982	4084	4807	4832
FBGN0039872	60	57	43	49	47	53
FBGN0002632	269	324	215	118	182	235
FBGN0039428	6	6	17	16	11	19
FBGN0266455	21	11	9	3	10	2
FBGN0039130	5992	6344	4901	4235	4562	4722
FBGN0037388	25	11	28	16	10	8
FBGN0051253	57	118	54	12	42	12
FBGN0261984	5086	4803	4177	4470	4695	5095
FBGN0051469	91	48	73	40	78	42
FBGN0038761	37	33	11	32	14	19
FBGN0039048	88	80	68	89	53	25
FBGN0265146	0	8	2	0	2	17
FBGN0043791	51	14	11	14	22	12
FBGN0260642	4214	4321	3340	5280	6099	6807
FBGN0038365	677	893	637	612	744	873
FBGN0038029	8	29	38	7	1	4
FBGN0002626	59370	66645	48398	48234	57875	55692
FBGN0267430	96	109	79	57	103	57
FBGN0264490	279	167	177	90	88	110
FBGN0037374	2435	2214	1913	1663	1884	2171
FBGN0266534	92	71	46	42	41	50
FBGN0037988	39	81	16	9	17	27
FBGN0028690	23313	23019	18206	15917	18265	17109
FBGN0051055	79	6	15	31	13	14
FBGN0038420	99	82	77	50	80	78
FBGN0051467	323	332	284	412	286	364
FBGN0250746	14072	15309	10240	11119	12733	12756
FBGN0263390	120	126	87	126	77	57
FBGN0015574	20	72	50	26	7	26
FBGN0046114	1965	1726	1229	1379	1801	1786
FBGN0039299	1359	1473	1125	589	303	438
FBGN0260464	1983	2285	1738	1335	1914	1721
FBGN0051104	34	22	25	8	19	4
FBGN0261395	35	11	5	12	11	0
FBGN0039241	6383	6180	5051	5027	6743	6342
FBGN0053977	633	710	794	279	503	448
FBGN0040582	36	4	10	13	12	5
FBGN0051126	1058	974	867	542	665	820
FBGN0039386	43	139	61	53	20	36
FBGN0038087	25	18	21	24	7	1
FBGN0002781	56656	58537	44703	55113	57650	61517
FBGN0001098	27079	27013	21846	26321	26469	29669
FBGN0038672	573	489	496	496	416	425
FBGN0260224	771	1042	755	497	574	506
FBGN0038814	86	133	91	50	45	36
FBGN0004509	6655	6292	5207	7570	7521	7622
FBGN0038256	765	783	602	677	606	669
FBGN0286976	36	36	14	17	2	10
FBGN0038070	120	128	62	79	32	38
FBGN0037624	37001	37399	30454	25229	29358	27762
FBGN0004862	29	54	31	47	21	15
FBGN0038260	312	258	181	63	135	94
FBGN0017456	20	6	5	6	6	3
FBGN0038701	71	26	51	25	29	14
FBGN0037551	2666	2675	2114	2454	2569	2822
FBGN0037906	41	61	25	46	38	25
FBGN0037240	49085	48713	38362	44656	49801	49207
FBGN0053094	5916	5965	4702	5482	6431	6305
FBGN0037944	4595	4386	3271	4198	4268	4637
FBGN0002733	2382	2605	2019	1979	2524	2554
FBGN0039801	66	44	16	9	2	0
FBGN0052473	12537	10894	8696	11754	13182	12885
FBGN0260742	6737	7261	5136	7035	7535	8017
FBGN0038271	18334	18842	14541	14331	13941	16907
FBGN0020493	11392	11362	9147	11835	13211	12863
FBGN0053208	16833	15816	12198	19706	21559	20888
FBGN0039201	64	44	50	24	20	57
FBGN0039070	44	59	34	49	26	5
FBGN0039077	25	3	12	16	23	3
FBGN0037530	8505	8655	6751	7672	8657	9213
FBGN0263974	390	353	231	347	291	281
FBGN0051446	8	47	31	28	3	8
FBGN0039633	47075	43106	33812	62684	64278	65774
FBGN0051128	0	27	28	26	6	1
FBGN0260760	755	771	652	453	486	602
FBGN0037832	32	36	29	14	15	4
FBGN0260860	1089	1106	817	750	937	775
FBGN0038609	3492	3552	2767	3349	4026	4197
FBGN0039669	49	34	7	6	14	0
FBGN0038859	8	15	7	5	1	5
FBGN0038742	3576	3434	2791	3409	4192	4166
FBGN0039315	38	45	42	23	9	21
FBGN0038327	2353	2231	1618	1602	1616	1824
FBGN0261479	2063	2266	1820	2689	2774	3049
FBGN0013334	3051	3164	2448	3352	3524	3552
FBGN0028670	8592	9306	7372	8136	8434	9667
FBGN0027570	6785	7568	5995	6503	8716	7409
FBGN0266745	56	68	36	26	16	32
FBGN0263351	5453	5426	3850	4372	4895	5378
FBGN0040212	698	779	621	893	928	1245
FBGN0039184	117	114	63	47	93	40
FBGN0003137	75674	74778	61476	60910	71353	61923
FBGN0261356	62	22	21	5	31	0
FBGN0046878	31	20	21	21	14	0
FBGN0037741	2396	2385	2118	2133	2553	2230
FBGN0038475	1515	1316	1051	1297	1470	1709
FBGN0051219	35	10	10	3	0	8
FBGN0038312	339	482	422	462	406	320
FBGN0038549	805	1045	723	1031	1338	1195
FBGN0011672	3125	2929	2426	2048	2159	2299
FBGN0038204	7	30	4	2	0	3
FBGN0039537	7848	6909	6383	6622	7013	8251
FBGN0283439	228	148	131	155	206	142
FBGN0039485	56	17	25	39	11	8
FBGN0039876	981	1140	860	735	832	793
FBGN0038870	9963	11367	8624	8773	9511	9521
FBGN0038390	2431	2621	2191	2298	2768	2526
FBGN0010379	12330	12608	9651	9538	11281	11260
FBGN0266451	1677	1732	1309	139	150	142
FBGN0085332	20	7	8	0	0	0
FBGN0037477	9	9	6	18	19	4
FBGN0038716	215	174	135	28	64	49
FBGN0038833	13	12	7	5	11	17
FBGN0039685	4679	5249	4219	1773	3005	1174
FBGN0039109	159	195	114	71	55	64
FBGN0039029	37	35	10	24	5	6
FBGN0037416	37	68	60	10	14	42
FBGN0039751	963	1065	845	770	860	1003
FBGN0265276	17045	17037	13200	21229	21496	22510
FBGN0051040	3224	2994	2112	2083	2236	2482
FBGN0263022	17	33	2	27	8	3
FBGN0039301	1880	1914	1581	1067	1217	1114
FBGN0261065	4670	5110	3511	3600	3766	4357
FBGN0287587	8	47	20	5	20	13
FBGN0260766	102	45	45	61	62	81
FBGN0039561	2780	2994	2277	2403	3187	2841
FBGN0039104	42	21	36	42	0	7
FBGN0038679	9810	9446	7568	11150	10833	11328
FBGN0038445	65	71	10	39	37	46
FBGN0047114	1929	1961	1676	720	959	831
FBGN0038449	50	64	37	38	18	25
FBGN0039129	55	135	88	25	42	59
FBGN0038809	5979	6115	4800	4948	5605	5037
FBGN0011476	354	430	366	192	148	225
FBGN0261817	18	28	23	10	8	1
FBGN0027610	605	660	557	669	620	766
FBGN0037345	323	324	365	329	313	214
FBGN0039851	2203	2303	1991	2345	2644	2722
FBGN0010355	19959	20227	15389	20457	23260	23170
FBGN0051548	1219	1585	1057	1212	1067	1597
FBGN0260487	129	140	110	111	118	35
FBGN0262717	6370	7017	5297	8574	9646	9413
FBGN0287588	44	36	30	86	83	61
FBGN0051510	6717	6818	5512	5524	7106	5852
FBGN0037722	3050	3031	2327	1805	2198	1897
FBGN0037328	42041	43621	32151	46152	51763	61302
FBGN0037565	227	321	249	90	78	75
FBGN0037698	304	182	137	171	153	81
FBGN0260467	1831	2009	1397	1183	1402	1128
FBGN0085461	40	10	32	23	9	1
FBGN0041188	33810	32942	25417	32072	34301	37366
FBGN0037315	2024	2366	1444	2716	2360	2968
FBGN0040283	15254	16183	11881	15151	16498	15369
FBGN0259974	11	22	25	22	8	1
FBGN0040682	171	450	222	0	26	4
FBGN0085383	61	27	31	49	41	16
FBGN0038291	360	319	116	83	130	94
FBGN0038828	28	50	32	31	11	13
FBGN0040206	5028	5353	4464	4502	5417	5016
FBGN0038452	15	32	42	27	24	14
FBGN0284232	9	16	2	8	10	30
FBGN0004908	823	1182	744	594	969	846
FBGN0051151	13773	12782	10400	17833	18324	20207
FBGN0037222	117	216	186	76	140	95
FBGN0004876	6884	7186	5793	7750	8781	9486
FBGN0038292	25	31	52	26	30	28
FBGN0038343	2	2	15	11	0	7
FBGN0039091	126	119	100	103	82	43
FBGN0051516	31	18	17	10	7	6
FBGN0001296	624	547	445	169	234	227
FBGN0286507	48	56	56	26	25	44
FBGN0039816	30	10	30	25	18	39
FBGN0038819	74	29	24	30	16	25
FBGN0086253	3147	3030	2372	1819	2249	2591
FBGN0039464	451	481	383	295	332	282
FBGN0038640	2367	2865	2056	2203	2443	2120
FBGN0039178	234	232	287	93	100	50
FBGN0243512	2327	2358	1962	1772	2150	1986
FBGN0041105	25	111	64	72	32	33
FBGN0039019	3753	4161	3352	2835	3202	3236
FBGN0039170	312	262	227	223	197	191
FBGN0039017	1183	1045	851	839	803	925
FBGN0051538	789	683	678	1744	1644	1874
FBGN0037878	4603	5284	4247	4678	4857	5398
FBGN0037465	3040	2886	2278	2066	2345	2412
FBGN0038371	575	668	506	444	502	616
FBGN0039726	2422	2519	1680	1126	1600	1744
FBGN0039833	130	105	49	46	46	39
FBGN0037372	3537	2852	2472	2498	2719	2721
FBGN0051249	1707	2071	1530	1244	1621	1581
FBGN0005649	12773	12053	9512	14176	15855	16792
FBGN0027338	27759	24811	21231	20514	22807	23149
FBGN0011020	4518	4704	3443	4991	4763	5310
FBGN0039420	80	30	22	98	37	12
FBGN0045443	50	70	57	46	27	23
FBGN0038619	470	561	394	332	369	360
FBGN0266418	9354	9426	6300	11010	11426	11689
FBGN0002622	48976	55344	40669	76804	83350	95104
FBGN0259990	2553	2253	2079	1919	1962	1812
FBGN0004842	76	45	27	43	23	9
FBGN0011225	33334	32887	26070	29744	35587	33614
FBGN0261837	3197	3154	2648	3462	3878	3656
FBGN0037239	2063	1691	1548	1668	1842	1775
FBGN0026400	3346	4108	2824	2875	3606	3492
FBGN0260634	18416	19096	13833	22163	23660	23045
FBGN0038437	547	613	509	377	432	538
FBGN0051205	24	12	31	15	0	2
FBGN0014879	20068	22174	17246	14512	16903	16529
FBGN0038484	9	0	16	30	12	4
FBGN0051016	27	58	29	43	23	22
FBGN0086917	45	21	45	146	25	28
FBGN0003002	3059	2891	2363	3377	3408	3900
FBGN0037429	51	13	45	37	22	48
FBGN0038973	57	189	43	41	34	56
FBGN0037678	93	42	54	85	49	30
FBGN0000032	2024	2479	1512	1892	1866	1992
FBGN0038071	8164	8075	5935	6857	8076	7718
FBGN0038326	2534	2713	2147	1818	1849	2178
FBGN0028396	294	253	164	96	156	111
FBGN0003482	189	99	123	178	96	107
FBGN0003889	73	36	51	19	12	10
FBGN0250831	18	10	8	0	0	2
FBGN0028968	12928	13677	10362	10187	11415	11807
FBGN0038309	109	31	38	28	14	8
FBGN0038252	49	32	65	24	10	19
FBGN0262024	2	16	16	15	0	3
FBGN0038723	3296	3684	3064	2755	3216	3133
FBGN0038766	564	573	481	530	431	371
FBGN0261380	3156	3794	2492	2361	2682	2892
FBGN0051525	32	22	14	13	12	8
FBGN0037855	3583	3380	2689	3288	3426	3971
FBGN0004780	19	84	61	58	20	19
FBGN0261649	9181	9203	7089	9650	11073	9820
FBGN0000278	1	2	2	12	10	10
FBGN0039859	265	385	175	216	250	234
FBGN0051231	96	55	62	94	61	27
FBGN0039530	158	85	66	84	100	41
FBGN0051431	32	36	22	12	18	31
FBGN0038706	6	41	4	24	37	20
FBGN0038146	7559	8263	6474	6232	7091	7716
FBGN0037743	1454	1462	1326	1038	1383	1055
FBGN0263863	2651	2676	2275	1554	2254	2475
FBGN0024558	4364	4483	3555	2834	3241	3323
FBGN0083949	232	144	94	91	111	141
FBGN0005696	2399	2531	1817	2042	1990	2086
FBGN0039520	27	34	37	39	7	11
FBGN0011774	3144	3100	2780	1246	1175	1508
FBGN0037633	2994	3016	2615	2645	2947	3048
FBGN0027578	394	541	338	172	143	98
FBGN0039469	101	61	37	33	12	11
FBGN0015795	7607	7639	6061	4572	5598	4678
FBGN0039020	606	518	518	469	304	429
FBGN0058198	29	73	46	29	41	24
FBGN0039430	399	214	240	675	677	689
FBGN0260942	283	245	211	120	151	174
FBGN0038880	41	22	38	66	27	18
FBGN0013812	778	720	540	827	494	628
FBGN0039068	386	441	447	453	324	663
FBGN0038774	621	656	341	71	72	31
FBGN0051064	2977	2857	2173	3240	3157	3223
FBGN0000723	9375	8777	6754	9224	9962	9962
FBGN0263979	19068	19179	14763	16483	17587	19468
FBGN0263738	1533	1556	1049	1643	1620	1522
FBGN0039585	75	78	38	61	26	24
FBGN0259222	181	154	109	122	113	67
FBGN0039226	99	86	111	349	322	327
FBGN0261434	52	20	16	14	9	9
FBGN0003334	7626	7803	6212	8238	8611	8396
FBGN0039297	39	41	22	40	37	19
FBGN0039688	17429	17429	12973	22235	24934	24205
FBGN0038332	472	425	413	258	390	328
FBGN0085405	3399	3347	2481	2677	2970	2715
FBGN0038568	14	28	6	14	0	1
FBGN0039444	43	44	0	2	1	2
FBGN0285911	2829	2985	2328	1847	2248	2369
FBGN0038454	1808	1960	1501	1803	1749	1811
FBGN0038984	7759	6292	5550	4308	5066	5030
FBGN0038839	5	33	6	32	2	6
FBGN0041186	3653	3994	3084	3179	3421	3656
FBGN0051139	29	28	48	34	24	6
FBGN0011273	10	18	13	3	11	2
FBGN0038273	271	372	271	251	258	267
FBGN0038183	3849	4213	2957	2561	2988	3114
FBGN0042213	641	688	534	656	681	690
FBGN0039038	37	12	19	60	20	12
FBGN0037736	144	104	104	106	101	70
FBGN0051146	455	581	414	270	257	350
FBGN0039482	302	349	130	224	96	149
FBGN0039051	104	40	57	14	11	22
FBGN0027494	45	13	16	16	2	5
FBGN0037960	3980	4045	3068	2843	3900	3611
FBGN0039440	28	29	32	39	29	7
FBGN0037464	146	113	104	37	35	26
FBGN0039486	52	17	24	47	10	9
FBGN0038630	67	28	22	25	30	41
FBGN0263621	8	0	12	4	5	4
FBGN0038381	3871	4100	2762	4021	4311	3985
FBGN0039244	4241	4670	3719	3325	3798	4163
FBGN0086359	1880	1915	1497	2209	2346	2712
FBGN0026576	778	916	686	823	609	933
FBGN0037634	1029	1566	988	1061	1084	1048
FBGN0263025	443	459	393	345	376	439
FBGN0038653	44	28	57	64	32	43
FBGN0037421	33	14	11	20	2	4
FBGN0024326	5788	5767	4423	4151	4691	4429
FBGN0010403	8	0	6	3	2	1
FBGN0039628	28	7	12	4	12	17
FBGN0037561	2134	2452	1571	1793	2215	2322
FBGN0003227	1832	1870	1354	2079	2047	2598
FBGN0038610	8245	9101	6631	6746	7742	7556
FBGN0037571	16	0	1	2	8	0
FBGN0041711	841	1035	689	500	561	570
FBGN0039597	16	26	22	28	0	2
FBGN0038189	55	34	19	20	19	32
FBGN0037576	75	22	16	1	13	16
FBGN0010039	2477	2788	1999	1188	1441	1427
FBGN0037533	25818	25091	20588	22751	25540	26590
FBGN0037801	320	534	253	100	212	85
FBGN0266539	339	410	259	181	207	179
FBGN0037379	3734	3655	2871	3991	4473	4364
FBGN0038376	3099	3174	2507	2962	2925	2664
FBGN0019936	64707	66301	52410	67022	77330	82002
FBGN0266917	10460	9822	7932	9347	9730	9308
FBGN0038763	1177	1321	1135	1270	1421	1684
FBGN0026314	29	40	44	16	20	19
FBGN0039294	168	373	183	145	244	357
FBGN0053547	472	566	408	352	234	156
FBGN0038853	4693	4713	3656	6270	6673	6628
FBGN0037999	1583	1506	1301	1120	1473	1279
FBGN0261714	156	113	50	43	22	17
FBGN0038808	1951	2462	1573	1202	1429	1446
FBGN0037877	1395	1588	1424	1606	1782	2114
FBGN0261680	307	517	267	259	311	324
FBGN0038673	998	1428	820	691	852	941
FBGN0261575	179	244	189	237	197	235
FBGN0001215	24344	27556	21559	15855	17638	17061
FBGN0051281	16	14	13	5	4	7
FBGN0027378	5262	6051	4505	3467	4027	3610
FBGN0003720	24	45	31	17	2	28
FBGN0051439	10967	7734	7294	15689	19753	16703
FBGN0000147	1690	1880	1304	1908	1608	2187
FBGN0039112	2515	2244	2010	1496	1407	1560
FBGN0039629	43	30	25	19	22	17
FBGN0017577	7266	7985	5664	7640	8851	9143
FBGN0037469	390	542	293	366	381	490
FBGN0003870	17152	17565	13875	18725	19973	21333
FBGN0265201	0	14	0	11	4	8
FBGN0037431	11	15	0	17	10	17
FBGN0039086	46	38	31	31	20	46
FBGN0051014	84	18	50	65	10	28
FBGN0010877	5546	5075	4186	5913	6930	6163
FBGN0038315	49	63	22	58	16	0
FBGN0039501	272	174	216	165	181	204
FBGN0262899	6	2	6	8	1	0
FBGN0000063	2757	3223	2634	2825	2773	2679
FBGN0020647	3949	3836	2984	4663	5038	5278
FBGN0051436	64	128	74	40	27	82
FBGN0053093	40	26	13	32	15	10
FBGN0038272	4253	4673	2674	3627	3347	3643
FBGN0038225	7	7	11	28	10	4
FBGN0038218	0	6	8	16	6	4
FBGN0024329	10342	10502	7869	12518	14011	13320
FBGN0002962	49	90	7	17	14	7
FBGN0000303	52	109	37	39	17	16
FBGN0027841	3335	3336	2546	2858	3202	3056
FBGN0039329	1067	877	816	998	1014	1207
FBGN0039260	5208	5585	4314	5865	6406	6029
FBGN0039249	1280	1239	1038	1356	1543	1529
FBGN0051414	93	91	78	73	156	102
FBGN0051176	310	315	227	263	293	219
FBGN0262538	34	0	7	16	6	5
FBGN0003011	56	24	105	28	41	1
FBGN0039564	53	67	44	31	28	10
FBGN0037899	8979	9986	7592	8010	8526	9676
FBGN0038063	105	127	71	34	30	32
FBGN0037993	86	39	25	24	22	13
FBGN0038806	1730	1554	1400	1249	1659	1727
FBGN0024841	2916	2854	2245	1385	1865	2021
FBGN0015589	9285	9778	7449	10755	11548	12666
FBGN0053099	231	233	161	309	332	363
FBGN0039471	31	61	34	85	12	23
FBGN0027598	7176	7359	5932	6007	7706	6846
FBGN0083963	134	110	112	49	69	21
FBGN0286828	3404	3241	3110	3623	4309	4242
FBGN0051549	1371	1257	1139	1093	1130	1338
FBGN0039427	1224	1189	1008	892	1049	1172
FBGN0004652	7080	6497	5147	18467	15260	16503
FBGN0039836	327	512	219	274	341	189
FBGN0039676	66	52	37	38	15	42
FBGN0067628	664	669	582	450	394	359
FBGN0039611	74	134	65	57	17	35
FBGN0038750	33	48	42	15	48	9
FBGN0026207	6737	6766	5207	4526	6050	6060
FBGN0041225	75	82	68	36	28	49
FBGN0039551	42	14	37	18	11	15
FBGN0038115	543	680	373	501	498	539
FBGN0051343	98	48	53	55	37	9
FBGN0039710	3881	3428	3129	3366	3769	3677
FBGN0261262	116	241	139	120	84	141
FBGN0028471	5208	5007	4185	5157	5398	5696
FBGN0028984	6373	7443	5650	6208	7437	7639
FBGN0263750	2252	2087	1538	1903	1967	1846
FBGN0039132	2336	2529	1860	1512	1882	1897
FBGN0243586	18	10	26	24	10	6
FBGN0037409	573	321	397	468	587	554
FBGN0038593	2720	2762	2144	3114	3307	3164
FBGN0014931	106	114	149	70	35	47
FBGN0037405	77	70	76	38	34	21
FBGN0086687	14138	14222	11410	9531	9329	10289
FBGN0039332	88	155	129	332	305	286
FBGN0005659	765	824	657	987	1123	1189
FBGN0014863	1710	1759	1469	895	1047	765
FBGN0038579	12	11	20	22	4	12
FBGN0038280	3	8	22	5	9	4
FBGN0051546	29	65	34	18	3	19
FBGN0037317	1374	1321	1003	1004	1005	1217
FBGN0037924	6966	7081	5969	6269	6954	6736
FBGN0013278	93412	91999	68882	9608	12976	9567
FBGN0000206	139	245	88	75	32	29
FBGN0051524	51	34	6	35	11	25
FBGN0038300	3058	2995	2509	2409	2608	3006
FBGN0027524	2206	1943	1510	1489	1928	2172
FBGN0010041	20	24	25	6	13	0
FBGN0038213	22	8	11	10	10	0
FBGN0015765	1033	1372	824	948	1239	1021
FBGN0086371	2960	2896	2238	1959	2051	2253
FBGN0039228	18	31	40	2	7	18
FBGN0011289	7001	7976	5444	5232	6273	6187
FBGN0037724	151	162	88	119	79	693
FBGN0270927	2764	2742	2211	2693	3112	2984
FBGN0039049	1670	1637	1531	1522	1509	1536
FBGN0037385	17	3	15	16	11	31
FBGN0038930	10	14	26	12	5	3
FBGN0037255	8510	8538	7076	8789	9915	9778
FBGN0004237	27328	28968	22526	28671	34113	33697
FBGN0051472	3388	4041	3064	2493	2867	3035
FBGN0038626	4	26	7	27	3	3
FBGN0039124	68	4	67	6	10	63
FBGN0051216	529	463	343	547	716	445
FBGN0037573	8841	8890	7171	7830	7892	8276
FBGN0037556	1889	2387	1407	1734	1805	1813
FBGN0037574	768	647	737	570	642	822
FBGN0002578	29	0	10	7	6	14
FBGN0051030	92	102	108	203	184	176
FBGN0261641	17753	18975	14112	21251	23910	23687
FBGN0262871	6053	6299	4737	5735	6142	6471
FBGN0038168	4471	4343	3299	4102	4262	4536
FBGN0039759	124	34	52	42	53	44
FBGN0039654	7119	6876	5909	5667	6009	5914
FBGN0262613	11	9	6	12	4	0
FBGN0039532	1975	2015	1655	1488	1638	1823
FBGN0027518	1667	1547	1274	1703	1624	1919
FBGN0037750	62	57	35	39	16	49
FBGN0010772	9496	9947	7393	9912	11374	10817
FBGN0038945	4	12	31	32	26	2
FBGN0024833	5471	5450	4609	4501	5098	4460
FBGN0037922	1568	1834	1370	1773	1945	1907
FBGN0025680	50	57	34	54	3	32
FBGN0037539	2096	1908	1580	2047	2178	2173
FBGN0266719	3479	3629	2938	2485	3086	2594
FBGN0039277	102	108	56	44	67	29
FBGN0039421	51	28	10	4	36	1
FBGN0266177	0	0	0	0	0	0
FBGN0043455	2038	2190	1533	1282	1553	1643
FBGN0003567	15658	15506	12427	12729	14877	14056
FBGN0261291	33	22	32	10	2	1
FBGN0039674	1315	1357	1220	1112	1294	1399
FBGN0038915	10	8	9	11	0	1
FBGN0039818	108	23	78	56	52	25
FBGN0038286	3236	3766	2932	3668	4006	4362
FBGN0263597	4	5	3	1	0	0
FBGN0010113	46265	42490	32778	89365	82429	86050
FBGN0037298	5716	5290	4666	4018	4410	5019
FBGN0051220	30	14	39	27	15	22
FBGN0040687	0	13	4	0	0	6
FBGN0039163	4231	4934	3448	2600	3230	2864
FBGN0260741	1069	1065	793	802	922	895
FBGN0026059	8956	9055	7054	11199	11830	11699
FBGN0051300	64	15	20	20	15	10
FBGN0051406	56	41	26	10	17	7
FBGN0045843	54	4	15	12	26	68
FBGN0051459	465	540	321	23	2	4
FBGN0051368	9333	9665	7441	8638	9500	9562
FBGN0266673	4182	4141	3126	3505	3948	3399
FBGN0010313	15274	14770	10727	16690	16624	19975
FBGN0262587	266	244	220	43	30	20
FBGN0038355	25	19	20	18	11	23
FBGN0037460	50	39	13	13	14	22
FBGN0085307	35	43	15	10	10	21
FBGN0039182	10696	10633	8125	9307	10444	10949
FBGN0038339	269	245	120	150	154	149
FBGN0040257	68	72	66	17	34	9
FBGN0039378	24	5	18	72	19	10
FBGN0051370	79	46	33	18	13	26
FBGN0083950	106	206	76	80	51	35
FBGN0011668	4	0	16	0	0	0
FBGN0265083	334	395	274	151	141	156
FBGN0038108	24542	24750	18986	29044	30981	33683
FBGN0037827	42	23	44	39	19	1
FBGN0015622	19731	19554	16284	19175	21253	19659
FBGN0037662	9	21	47	31	26	7
FBGN0037879	30	48	50	80	98	31
FBGN0038857	2290	2514	2075	2023	2096	2062
FBGN0051388	1179	1082	1022	1358	1365	1594
FBGN0038100	3450	3016	2727	2119	2609	2145
FBGN0039175	6912	6954	5179	4184	4508	4749
FBGN0039120	28890	28931	22511	28629	30398	31826
FBGN0262023	661	390	523	1	30	4
FBGN0039722	18	10	15	5	2	5
FBGN0266443	27	26	42	24	30	21
FBGN0013767	5	0	4	17	10	10
FBGN0038401	543	679	417	484	672	548
FBGN0086695	1034	956	952	1218	1147	1347
FBGN0037760	13498	12186	10201	13877	14860	14714
FBGN0262541	11	3	8	5	7	4
FBGN0038274	4326	4223	3700	3223	3442	4049
FBGN0003510	475	565	401	261	418	289
FBGN0004573	30	74	43	31	33	32
FBGN0001180	43	73	34	63	53	48
FBGN0038206	2065	1962	1914	1718	1718	2008
FBGN0010222	2864	2752	2515	1769	1897	1779
FBGN0027583	577	949	704	634	783	892
FBGN0266721	22	38	49	8	10	29
FBGN0038744	185	174	117	184	137	139
FBGN0011474	10076	8722	7600	9541	10901	10987
FBGN0038917	598	448	517	719	662	599
FBGN0038239	28	4	12	6	2	11
FBGN0083967	830	922	869	684	637	864
FBGN0039830	36065	37429	30527	24371	30129	30645
FBGN0039404	1745	1562	1279	1389	1439	1522
FBGN0040588	2	8	3	4	9	0
FBGN0039125	5830	6206	4446	4025	4774	4391
FBGN0038632	936	1041	717	892	1204	1184
FBGN0267648	0	0	0	0	0	0
FBGN0086372	10161	10052	7358	9136	10223	9517
FBGN0043069	433	652	403	138	185	60
FBGN0028684	13319	13145	10890	11156	13504	12686
FBGN0051207	13	5	25	36	34	12
FBGN0066101	2848	3275	2256	4257	4656	4908
FBGN0283535	4615	5059	4240	4568	4970	5018
FBGN0037261	5877	6880	5185	7472	7394	8543
FBGN0039576	10	13	0	2	0	5
FBGN0039190	36	27	48	6	8	14
FBGN0284226	266	272	208	318	284	380
FBGN0000071	15351	15635	12873	9957	11735	11907
FBGN0037632	35536	33729	28365	31762	35637	35746
FBGN0039630	89	30	78	61	27	24
FBGN0037498	73	26	54	19	23	11
FBGN0039126	1086	946	851	813	931	925
FBGN0039092	105	79	78	54	46	34
FBGN0038474	1954	2501	1665	1289	1525	1321
FBGN0022338	2510	3137	2179	2837	2866	3010
FBGN0286977	55	8	25	37	19	0
FBGN0039707	5	15	7	26	9	16
FBGN0038170	108	126	72	145	117	168
FBGN0037860	33	14	13	16	8	16
FBGN0039666	12	6	3	12	6	1
FBGN0260990	4615	4644	3696	4688	5215	5446
FBGN0052855	333	271	180	287	338	263
FBGN0001230	11461	10626	8528	1707	2559	1738
FBGN0039296	822	817	619	743	914	937
FBGN0285938	0	11	0	0	0	0
FBGN0039022	58	74	57	43	20	27
FBGN0086134	10249	12697	8874	9125	10853	10258
FBGN0038005	40	20	26	30	8	2
FBGN0039711	1804	1622	1361	1176	1393	1457
FBGN0085330	10	22	8	8	10	16
FBGN0028671	6389	6199	4709	5159	5901	6048
FBGN0051323	13	8	35	10	6	2
FBGN0039839	66	68	51	55	28	15
FBGN0037652	4392	4414	3851	2130	2835	2426
FBGN0085438	186	179	83	135	146	67
FBGN0037763	27	10	8	2	37	6
FBGN0264829	16	10	3	0	7	4
FBGN0082831	20186	20142	15251	19936	22630	21907
FBGN0037646	82	129	40	91	75	67
FBGN0037622	3336	3460	2799	2888	2727	3233
FBGN0038700	39	32	49	13	19	21
FBGN0038585	3986	4399	3281	2737	3312	3587
FBGN0038453	3508	3227	3097	2417	2838	2689
FBGN0040259	4974	4886	3796	2120	2021	2250
FBGN0039136	3065	3091	2598	2641	3058	2972
FBGN0263041	33	24	19	39	21	1
FBGN0266756	31001	30111	23923	40427	43365	43283
FBGN0038965	2449	2357	1874	1775	2130	1947
FBGN0051515	9	9	7	8	9	0
FBGN0038666	3296	3607	2442	2714	3369	3443
FBGN0039735	17887	19401	15934	11709	12901	12749
FBGN0038319	2079	2392	1717	1520	1498	1737
FBGN0039873	95	78	55	39	30	18
FBGN0038125	51	40	38	14	10	13
FBGN0039639	335	375	278	210	242	201
FBGN0266465	5022	4736	3697	4460	4555	4999
FBGN0037619	493	588	393	357	315	422
FBGN0039783	41	42	53	74	20	36
FBGN0038564	537	460	340	459	511	428
FBGN0038056	852	842	754	747	861	733
FBGN0015571	592	828	503	382	458	462
FBGN0039454	49	44	32	30	0	0
FBGN0037312	3618	3883	2831	2487	3305	3408
FBGN0038682	677	603	415	333	328	405
FBGN0039079	29	28	57	19	10	5
FBGN0039683	85	84	78	33	23	17
FBGN0038181	350	481	307	184	199	81
FBGN0042207	61	23	81	56	58	10
FBGN0039648	6	10	10	24	1	4
FBGN0037341	865	732	501	657	768	940
FBGN0026417	1174	1112	936	1017	1137	1033
FBGN0039205	161	129	150	145	108	260
FBGN0000166	77	94	47	75	19	16
FBGN0000576	7163	7781	5433	5794	6174	6768
FBGN0037777	486	519	451	515	541	569
FBGN0037470	11216	11702	9205	9147	10474	10374
FBGN0039568	2	18	14	10	0	0
FBGN0010421	2525	2988	2288	1894	2485	2437
FBGN0003375	6736	7155	5337	401	3747	351
FBGN0037888	48	2	40	37	34	29
FBGN0039258	1943	2125	1591	1618	1788	2106
FBGN0038889	3542	3469	3168	3502	3982	3685
FBGN0038304	3381	3621	3033	3069	3453	3807
FBGN0086472	88594	89222	74045	58144	67917	63347
FBGN0037295	153	164	117	199	293	253
FBGN0039141	2158	2347	1670	2052	2443	2208
FBGN0037875	3316	3220	3168	2312	2681	2856
FBGN0262537	19	16	24	6	2	10
FBGN0086608	169	183	129	118	141	294
FBGN0038007	64	35	14	8	17	17
FBGN0012344	60	58	11	24	5	27
FBGN0038296	2012	2003	1650	2239	2463	2571
FBGN0039199	104	56	49	80	33	16
FBGN0039487	1528	1592	1296	938	1008	984
FBGN0037422	36	8	10	8	0	23
FBGN0051559	743	668	528	397	674	554
FBGN0038157	41	14	28	26	6	0
FBGN0038680	57	89	62	117	48	81
FBGN0038647	32	54	22	16	3	29
FBGN0039642	3988	3832	3055	2746	3316	3261
FBGN0267650	0	0	0	0	0	0
FBGN0053110	69	37	78	14	14	42
FBGN0039799	48	4	19	5	6	8
FBGN0263316	242	305	236	311	324	302
FBGN0037630	144	65	82	41	67	56
FBGN0040684	11	11	21	5	4	3
FBGN0015520	4983	4380	3741	3968	4830	4351
FBGN0038548	1030	939	915	1086	1094	1195
FBGN0015270	1960	2290	1561	1895	2052	2322
FBGN0039760	63	6	36	58	6	21
FBGN0039640	114	123	110	84	66	143
FBGN0038536	1342	1364	1178	972	987	1112
FBGN0003248	44	86	29	32	12	42
FBGN0038266	37	21	10	42	25	14
FBGN0039667	31	30	59	36	27	8
FBGN0262873	6	17	3	1	10	0
FBGN0015778	45273	43630	35694	46898	50167	53722
FBGN0038073	92	79	72	87	102	35
FBGN0038133	21	38	17	16	25	11
FBGN0000094	4	0	7	0	3	0
FBGN0260969	38	10	15	9	0	8
FBGN0003312	327	367	277	441	137	235
FBGN0038827	4090	4440	3526	4438	4814	4721
FBGN0039156	1225	1335	1007	1465	1570	1444
FBGN0038755	1847	1928	1399	1857	2227	2697
FBGN0037979	2711	3392	2345	2590	2989	3205
FBGN0038049	2652	2862	2545	2063	2229	2432
FBGN0038258	79	49	57	49	12	16
FBGN0038860	1285	1255	1093	948	1224	1238
FBGN0015591	58	24	82	22	13	34
FBGN0039743	7117	7675	5967	6844	6999	8085
FBGN0037661	308	528	300	228	242	165
FBGN0051423	28	88	10	41	21	12
FBGN0039617	19	77	22	33	45	19
FBGN0000014	260	302	196	130	72	106
FBGN0040532	124	208	95	34	34	18
FBGN0038294	2664	2539	2028	452	264	278
FBGN0000276	3	3	1	8	2	4
FBGN0086378	3166	3530	2829	1731	2338	1802
FBGN0051245	129	164	120	127	156	60
FBGN0040600	30	42	36	23	8	17
FBGN0039033	28	60	75	36	14	0
FBGN0038334	21	3	23	4	11	8
FBGN0004855	2711	2199	2415	1655	2286	1724
FBGN0039274	2226	2089	1711	1263	1528	1588
FBGN0039246	44	26	26	22	10	3
FBGN0038065	4532	4803	3600	4197	4689	4839
FBGN0265317	8	5	3	0	1	0
FBGN0038353	441	420	319	23	49	42
FBGN0261988	4112	3663	3286	3844	4076	4193
FBGN0015576	87	93	117	52	21	6
FBGN0037660	3070	3284	2603	2722	3008	2986
FBGN0010750	5760	6993	5108	5915	6604	7076
FBGN0267376	1473	1711	1325	1282	1443	1372
FBGN0039403	1080	1185	1001	900	984	971
FBGN0037540	1382	1461	1092	1237	1403	1504
FBGN0053494	65	69	102	17	3	12
FBGN0037428	63	16	35	16	18	15
FBGN0051183	166	138	100	103	123	61
FBGN0015513	9815	9946	8568	11252	13613	13495
FBGN0005585	122531	125831	97387	104914	119721	116382
FBGN0085334	82	141	141	62	57	59
FBGN0038009	144	162	115	5	24	20
FBGN0037591	26	32	37	9	17	10
FBGN0265998	24265	23498	18702	34999	36213	31479
FBGN0262527	21650	22183	17525	23498	25033	22912
FBGN0038567	48	50	8	20	24	9
FBGN0039088	29	0	22	8	0	2
FBGN0038092	26	37	34	29	37	30
FBGN0039053	24	23	26	14	6	20
FBGN0037413	16	13	24	22	10	12
FBGN0038617	673	634	509	617	679	762
FBGN0004575	134	40	99	60	52	19
FBGN0008646	4039	4393	3133	3589	3453	3712
FBGN0261704	16	2	5	4	0	3
FBGN0039167	847	915	732	1507	1436	1670
FBGN0039229	16273	16931	13307	17480	19965	19355
FBGN0037244	1195	1609	1145	940	1277	1292
FBGN0037935	100	89	59	4	21	18
FBGN0037263	305	230	222	154	128	157
FBGN0262869	141	118	123	167	45	63
FBGN0261995	869	873	800	698	797	937
FBGN0040565	235	378	286	52	282	12
FBGN0259731	143	219	160	13	21	12
FBGN0037359	2304	2444	1867	1440	1749	1565
FBGN0037443	4877	5529	3681	5159	5580	5389
FBGN0038727	359	486	348	498	335	518
FBGN0051547	414	498	532	108	183	147
FBGN0039877	4728	3957	3659	3508	4171	4077
FBGN0069242	6111	5912	4995	5101	5481	5916
FBGN0004783	75	35	44	49	14	7
FBGN0037716	3011	3508	2747	2626	2910	3307
FBGN0263117	72	57	31	30	15	77
FBGN0039768	56	57	105	22	7	20
FBGN0039696	3156	2815	2241	2407	2392	2526
FBGN0039673	39	36	34	30	47	0
FBGN0038166	1769	1879	1449	1745	1664	1697
FBGN0051391	189	118	87	96	101	111
FBGN0038926	112	88	74	54	82	63
FBGN0263236	11312	11817	8511	3781	5483	4254
FBGN0039379	4369	4551	3863	4149	4983	4846
FBGN0263047	433	525	292	269	384	332
FBGN0010926	6376	6762	5180	5660	6360	6308
FBGN0038201	56	33	60	35	19	1
FBGN0039782	27	47	38	18	26	14
FBGN0038109	9	24	29	18	0	22
FBGN0266722	449	387	331	218	282	303
FBGN0037356	727	1050	894	730	820	1052
FBGN0039152	236	247	158	93	130	99
FBGN0039857	102899	105141	81371	107364	118593	128951
FBGN0039529	70	31	31	8	55	9
FBGN0260466	132	66	113	50	57	40
FBGN0037696	888	816	706	471	715	601
FBGN0038153	59	30	43	20	17	31
FBGN0038527	18	37	28	13	1	23
FBGN0038143	64	40	61	77	38	67
FBGN0064912	13	18	0	18	20	5
FBGN0051344	1279	1093	953	1038	975	994
FBGN0038531	1	36	6	45	51	18
FBGN0038197	2907	2825	2064	2765	2952	3002
FBGN0039203	82	20	29	15	10	10
FBGN0285925	12029	12070	9377	14299	14381	14838
FBGN0037686	99473	120561	78279	117592	136833	136608
FBGN0039820	29	18	8	39	19	10
FBGN0025879	297	283	274	156	207	197
FBGN0039757	137015	140758	106911	133106	127168	156724
FBGN0040571	6	8	2	7	6	0
FBGN0259721	695	861	703	481	478	472
FBGN0038838	8	0	2	5	14	6
FBGN0053631	7	6	1	17	0	5
FBGN0011282	22	16	27	30	5	11
FBGN0039528	4686	4639	3729	5023	6000	6458
FBGN0038524	1266	1090	867	985	1212	1201
FBGN0051118	193	334	175	144	166	190
FBGN0038418	3222	3525	2508	3165	3649	3703
FBGN0039476	17	28	9	12	11	18
FBGN0040575	63	99	85	15	24	61
FBGN0051131	57	86	60	9	36	11
FBGN0039183	8721	7458	6293	5844	6913	6821
FBGN0265271	15	30	33	21	27	0
FBGN0039796	7	18	12	15	11	2
FBGN0038733	113	94	27	53	28	28
FBGN0028647	2562	2706	2018	2016	2130	2474
FBGN0038693	692	642	497	635	565	570
FBGN0266411	24465	23000	19257	29273	29436	31350
FBGN0263231	36314	36570	30452	35498	40175	42338
FBGN0085413	243	139	175	125	83	49
FBGN0039459	1432	1143	1025	756	963	651
FBGN0053721	4	10	18	8	9	8
FBGN0051065	44	102	20	38	6	5
FBGN0263983	0	7	2	15	8	2
FBGN0037549	7129	8270	6275	6396	7027	6900
FBGN0267337	21715	21031	15174	29146	28383	27925
FBGN0039380	28	21	22	22	9	8
FBGN0000283	33027	33222	25816	31617	34930	33768
FBGN0038676	746	554	381	650	529	661
FBGN0038345	32	21	25	15	0	8
FBGN0038431	57	36	23	18	15	27
FBGN0038485	24	28	6	7	2	3
FBGN0039488	2388	2419	1812	2129	2402	2116
FBGN0038113	52	66	37	12	13	1
FBGN0038491	663	478	602	384	556	518
FBGN0243511	6406	6027	4890	5110	5905	6618
FBGN0038892	71	25	14	42	25	56
FBGN0027526	3119	2898	2555	2546	2936	3046
FBGN0003118	5895	5202	3787	5429	6293	5420
FBGN0001077	45	64	49	41	37	30
FBGN0051244	147	111	47	227	330	188
FBGN0037518	437	398	308	348	308	336
FBGN0004359	1723	2075	1866	1970	2324	2441
FBGN0039622	11	15	18	34	15	2
FBGN0037447	739	736	477	126	111	37
FBGN0011768	12076	12310	9207	10881	11584	13785
FBGN0051313	112	194	51	43	49	54
FBGN0038578	3874	4033	3202	3490	4436	4280
FBGN0037834	11631	12165	9477	9673	11452	10628
FBGN0039744	47	0	5	2	0	0
FBGN0051453	6286	6654	5428	4805	5528	5566
FBGN0038603	5236	4833	4182	5354	5701	6420
FBGN0038830	2902	3630	2675	1507	2201	1960
FBGN0020280	85	57	66	42	6	32
FBGN0051363	11155	11174	9545	9796	11126	11204
FBGN0039473	68	91	34	0	7	11
FBGN0266538	276	255	212	163	186	148
FBGN0038068	38	51	41	35	26	18
FBGN0266672	7066	6163	5363	6394	6540	6908
FBGN0038545	4161	3764	3082	2042	2479	2817
FBGN0037519	37	29	29	8	32	17
FBGN0287225	6743	6647	5528	5734	6311	6678
FBGN0051266	39	25	8	19	10	0
FBGN0015402	5546	5264	3498	5045	5177	6179
FBGN0038788	1258	1388	1022	1179	1358	1579
FBGN0003525	10997	11398	8380	14833	15001	18351
FBGN0259823	153	132	103	42	84	65
FBGN0264740	21	9	26	11	14	10
FBGN0039521	0	31	4	6	4	0
FBGN0039737	9712	10242	7455	11727	12721	12476
FBGN0037529	4268	4380	3137	2963	3533	3408
FBGN0051097	20	39	25	19	6	0
FBGN0037728	22236	20027	17999	13606	15670	16334
FBGN0039802	4697	5750	3916	2405	3372	2886
FBGN0038240	12	7	18	1	41	22
FBGN0038147	69	42	61	11	19	18
FBGN0286874	3	0	8	11	10	0
FBGN0039266	4080	4054	3448	3383	3438	3106
FBGN0051262	268	223	175	125	205	108
FBGN0026315	44	50	75	14	48	52
FBGN0038547	284	426	198	266	304	253
FBGN0043900	8685	7661	6525	7785	8757	8171
FBGN0038606	55	26	40	49	26	7
FBGN0037978	1498	1660	1160	906	1130	1563
FBGN0038810	10491	10451	8038	7800	9061	8983
FBGN0046887	36	20	39	4	23	26
FBGN0052945	15	6	18	37	5	11
FBGN0038269	7275	8827	6066	6097	7274	7248
FBGN0039714	760	817	765	630	849	718
FBGN0037410	210	308	246	502	551	780
FBGN0020399	112	62	58	48	47	46
FBGN0051361	99	151	87	195	107	109
FBGN0039023	161	79	98	41	44	16
FBGN0037637	2897	2922	2750	1061	1370	1360
FBGN0000158	64	33	30	16	100	44
FBGN0085318	20	16	0	0	0	2
FBGN0039207	5244	5097	4420	4761	5840	5523
FBGN0266801	1505	1641	1519	1665	2060	2087
FBGN0038732	24	1	41	20	17	3
FBGN0039861	2812	3053	2269	3232	3474	3094
FBGN0039180	25	6	20	10	17	38
FBGN0039238	165	187	190	384	170	141
FBGN0038655	23	22	27	37	3	0
FBGN0038016	10319	11017	8410	9843	9985	10393
FBGN0037364	1141	1299	995	1558	1559	1917
FBGN0037884	2041	2271	1618	2151	2238	2446
FBGN0262009	10	11	0	2	3	5
FBGN0250845	59	3	13	6	10	1
FBGN0264907	167	135	127	81	72	37
FBGN0039752	52	61	57	28	10	30
FBGN0038236	33	33	49	1	12	5
FBGN0038139	129	173	123	101	34	66
FBGN0029155	1818	1866	1346	2449	1827	1989
FBGN0085329	20	57	35	8	6	12
FBGN0004173	0	10	6	4	8	7
FBGN0051347	19	1	16	3	6	0
FBGN0037377	3847	4251	3172	2877	3756	3566
FBGN0037482	2372	1927	1772	1807	1682	1829
FBGN0015279	8372	8180	6577	8471	9284	9436
FBGN0039809	203	149	179	185	200	129
FBGN0051357	3026	3215	2381	2732	3029	3460
FBGN0037601	104	35	65	38	20	31
FBGN0265158	9	6	6	0	12	3
FBGN0051198	108	34	99	79	28	22
FBGN0039328	1902	1503	1395	777	710	682
FBGN0037411	30	26	11	19	6	13
FBGN0039863	22917	24783	18667	23734	25773	24040
FBGN0086362	2028	2558	1659	1532	1548	1650
FBGN0016650	84	57	84	89	45	39
FBGN0038186	1	3	29	4	4	0
FBGN0039765	655	749	622	569	593	665
FBGN0002863	16	13	7	1	3	0
FBGN0038595	41	33	21	43	8	33
FBGN0038581	795	842	596	658	684	626
FBGN0038803	1376	1369	989	1950	1923	2617
FBGN0087005	81	35	63	140	83	148
FBGN0039691	3689	3915	2974	2637	2861	3162
FBGN0027889	10326	11169	8978	9167	10151	10481
FBGN0039732	972	958	751	352	582	430
FBGN0262801	8520	8850	7021	6573	8489	8686
FBGN0037807	89	122	106	54	71	43
FBGN0038079	284	174	175	92	118	102
FBGN0263024	0	8	6	0	6	3
FBGN0010042	16	5	9	3	6	6
FBGN0263353	57	80	52	102	43	61
FBGN0260243	3176	3231	2994	3814	4279	4319
FBGN0039694	21	27	42	23	12	23
FBGN0051145	225	272	184	176	135	108
FBGN0039848	160	144	187	286	213	236
FBGN0053773	14	9	17	23	6	0
FBGN0051248	39	19	32	25	41	27
FBGN0087021	1935	1813	1617	1362	1614	1407
FBGN0037934	121	25	43	31	30	18
FBGN0037998	3269	3237	2588	2668	2733	2767
FBGN0263402	12	23	16	10	5	17
FBGN0039010	102	61	98	41	24	12
FBGN0038034	474	470	349	243	255	298
FBGN0015240	1544	1450	1116	1738	1859	1826
FBGN0038470	1990	2061	1737	1236	1421	1096
FBGN0069923	824	1039	820	197	324	141
FBGN0002772	1826	1543	1492	547	461	288
FBGN0038110	4374	3820	3425	2344	2900	2833
FBGN0003267	25	75	18	12	22	42
FBGN0285963	8179	8736	6155	11067	10758	11095
FBGN0259237	87	75	51	40	54	17
FBGN0083965	35	48	26	43	14	7
FBGN0038725	140	119	161	108	108	112
FBGN0260463	16571	16853	14046	20189	21351	22827
FBGN0016123	63	57	56	37	11	10
FBGN0038695	64	39	36	94	29	15
FBGN0037602	262	229	153	116	256	197
FBGN0037841	117	149	100	75	128	61
FBGN0038006	20	45	12	31	29	8
FBGN0053329	185	200	111	124	144	62
FBGN0027376	169	136	111	74	75	68
FBGN0038804	764	918	526	979	963	924
FBGN0039846	2436	2028	1776	2116	2551	2624
FBGN0039050	54	40	64	30	59	17
FBGN0085319	19	8	12	6	3	0
FBGN0085331	76	13	6	9	0	0
FBGN0037326	41	57	57	35	13	17
FBGN0037320	333	251	173	480	407	379
FBGN0037923	462	509	312	388	329	333
FBGN0037812	80	18	48	44	44	5
FBGN0037731	1613	1486	1252	848	879	594
FBGN0003480	233	168	176	251	136	307
FBGN0004395	11487	12025	9090	9844	9815	9628
FBGN0039805	54	71	63	70	20	42
FBGN0000439	72	72	88	81	31	51
FBGN0037853	800	903	617	1075	1027	1359
FBGN0020910	197449	209412	159564	194998	218264	234564
FBGN0053654	15	35	4	6	11	0
FBGN0037547	26	22	53	26	12	10
FBGN0052856	1058	1063	802	908	1058	932
FBGN0037546	138	188	118	66	74	71
FBGN0051005	518	677	490	798	484	576
FBGN0039728	11788	11078	9012	12562	12819	14301
FBGN0086370	990	1077	803	736	713	818
FBGN0038123	18	32	12	0	12	4
FBGN0039326	9	26	18	28	5	23
FBGN0267435	812	551	587	596	770	858
FBGN0037288	3	62	5	23	12	7
FBGN0039026	9742	8528	6733	9406	10106	10254
FBGN0037937	16	69	33	29	2	11
FBGN0038862	3096	2988	2290	2778	3396	3483
FBGN0039733	2801	2653	2147	2692	2644	2853
FBGN0015269	9465	9839	6820	12031	13120	11831
FBGN0027785	4512	4124	3921	2408	2748	3332
FBGN0002932	1522	1684	1227	1742	1863	2097
FBGN0038675	1472	1408	974	854	1152	1195
FBGN0083953	344	593	360	326	376	339
FBGN0038734	72	61	50	46	26	23
FBGN0085391	85	38	88	49	31	43
FBGN0027497	5558	5770	4591	5267	5780	6085
FBGN0038432	703	696	588	633	677	712
FBGN0086704	156	206	149	83	176	129
FBGN0037972	5145	4597	3737	2711	3143	3261
FBGN0039441	50	46	36	5	18	1
FBGN0039788	87	36	36	24	28	14
FBGN0263757	820	1082	749	927	1148	1042
FBGN0000244	2027	2112	1630	1975	2142	2225
FBGN0038977	15	34	21	20	57	15
FBGN0038205	62	59	52	16	5	10
FBGN0261086	149	44	77	175	57	63
FBGN0053340	22	29	50	27	25	0
FBGN0027865	2387	2241	1756	1633	2251	1877
FBGN0039338	19336	21174	16183	18577	20953	20735
FBGN0267336	2653	2461	2297	1845	1821	1898
FBGN0037313	3471	4050	2947	2747	2949	2774
FBGN0037276	75	75	102	52	73	70
FBGN0259178	1689	1877	1390	2083	1998	1995
FBGN0038127	40	23	14	5	5	16
FBGN0261550	4764	5164	3850	6418	7115	7092
FBGN0039479	1829	1850	1275	1294	1696	1876
FBGN0038577	3475	3612	2466	2343	2923	2458
FBGN0039855	136	166	110	35	99	69
FBGN0040623	4620	4757	4032	3138	3599	3807
FBGN0038250	147	138	117	62	25	68
FBGN0038129	2945	3125	2569	2220	2483	2782
FBGN0037870	0	4	18	4	2	2
FBGN0051550	8478	8280	6744	8427	8272	8256
FBGN0037396	250	215	245	29	103	29
FBGN0038629	1764	1500	1456	1509	1679	1971
FBGN0039113	15954	16621	12705	13342	14766	15531
FBGN0051465	161	64	71	50	55	27
FBGN0015577	214	201	144	66	94	53
FBGN0037856	3309	3120	2347	2701	2996	2916
FBGN0037718	6816	6559	4854	5187	6289	6738
FBGN0038320	12004	11969	9695	11369	12260	13726
FBGN0039864	1131	1343	935	602	905	860
FBGN0051204	86	52	82	49	37	2
FBGN0037615	335	353	324	259	315	273
FBGN0004841	73	81	53	58	22	84
FBGN0038188	65	12	36	51	18	9
FBGN0038095	91	70	30	26	14	45
FBGN0051072	1554	1699	1285	1742	1816	2107
FBGN0038912	1112	1049	693	878	1135	1125
FBGN0001297	11108	10530	8885	8160	9211	8961
FBGN0022981	1642	2102	1684	1072	1230	1213
FBGN0038466	71	57	42	103	19	32
FBGN0038768	4725	4260	3463	3819	4440	4881
FBGN0038235	1508	1334	1120	864	1158	779
FBGN0037378	1717	2061	1223	1277	1653	1347
FBGN0051221	42	14	38	17	41	16
FBGN0051191	133	123	18	33	39	48
FBGN0038098	159	118	101	96	14	41
FBGN0040551	994	1195	899	279	282	144
FBGN0051294	21	34	34	3	11	21
FBGN0039777	463	437	286	87	15	8
FBGN0039407	1430	1664	1303	1109	1205	1385
FBGN0038826	65347	66813	53495	69898	83192	75104
FBGN0038972	425	381	268	224	224	286
FBGN0038525	66	55	23	8	28	14
FBGN0027950	3590	3946	2882	3124	3170	3586
FBGN0038540	14	77	13	5	8	8
FBGN0266615	8	44	8	5	8	4
FBGN0000492	11763	11964	9110	12658	12775	14357
FBGN0003319	7377	7892	5519	6345	8027	7242
FBGN0024289	84	55	51	19	43	29
FBGN0037772	53	46	66	73	42	17
FBGN0260229	305	450	247	228	271	194
FBGN0038943	2961	2891	2376	275	579	314
FBGN0023178	3	5	16	6	24	0
FBGN0038662	694	545	434	519	445	515
FBGN0038427	3654	3858	3099	3009	3551	3740
FBGN0003882	3943	3804	3105	3287	4147	4003
FBGN0039040	17	10	55	40	26	11
FBGN0259917	27	28	38	4	12	0
FBGN0039634	3463	3204	2604	3491	3561	4113
FBGN0001197	30800	28392	23795	22815	26438	27247
FBGN0026634	2561	2856	2186	2230	2623	2846
FBGN0038438	1308	1277	978	967	1247	1082
FBGN0037368	900	1076	861	551	675	447
FBGN0261113	59846	56153	43527	25365	26875	25291
FBGN0019940	20	7	26	14	4	5
FBGN0039355	1137	950	811	598	978	698
FBGN0039346	48	16	8	41	4	10
FBGN0038038	1181	1541	889	1482	1591	1455
FBGN0039562	47222	48926	39478	50405	54405	55967
FBGN0261049	1100	984	910	848	1296	870
FBGN0004618	54	133	90	48	61	156
FBGN0038569	2143	2070	1632	2033	2161	2409
FBGN0037436	0	1	5	11	2	1
FBGN0039045	58	80	51	62	37	59
FBGN0042106	69	24	118	25	26	21
FBGN0002937	55	53	29	52	16	18
FBGN0038961	2270	2314	1894	1818	2254	1629
FBGN0027527	48	18	22	26	17	15
FBGN0038873	101	90	72	74	32	4
FBGN0265048	569	768	515	339	345	340
FBGN0037419	51	4	5	7	0	8
FBGN0038504	5179	5509	4725	5430	6376	5930
FBGN0037835	285	368	236	13	9	8
FBGN0037351	129990	141401	114070	101508	104743	121450
FBGN0003358	105	83	24	18	32	0
FBGN0288835	0	0	0	0	0	0
FBGN0014949	14	0	1	5	0	0
FBGN0264776	11	38	19	16	5	0
FBGN0000504	2998	3065	2537	4201	3897	4283
FBGN0037440	1861	2358	1704	2432	2688	2683
FBGN0016061	768	588	570	377	299	265
FBGN0038498	86	13	41	34	11	26
FBGN0042103	34	6	7	35	1	4
FBGN0051111	412	603	440	444	420	407
FBGN0262588	90	79	89	12	5	23
FBGN0263594	60357	61287	48616	48619	56548	58212
FBGN0051495	515	614	548	419	469	607
FBGN0039713	128757	142904	103844	130234	140613	162485
FBGN0037702	9594	9532	7716	9572	10332	10389
FBGN0038422	122	78	117	77	124	59
FBGN0038850	63	25	15	30	51	23
FBGN0039769	98	63	51	50	44	18
FBGN0260744	2400	2447	2124	1237	1438	1407
FBGN0039742	51	146	47	26	34	56
FBGN0038923	1070	975	672	598	685	720
FBGN0038967	141	101	60	57	79	22
FBGN0038649	822	881	847	599	699	1004
FBGN0037478	1294	1535	1054	1195	1314	1365
FBGN0051296	29	10	25	0	12	1
FBGN0039042	20	27	26	30	6	2
FBGN0037332	2993	3135	2253	3604	4156	4019
FBGN0051133	1203	1310	849	906	880	795
FBGN0039232	37	43	20	17	25	3
FBGN0039135	2093	1966	1561	1084	1491	1484
FBGN0261261	2749	2723	1823	3349	3284	3736
FBGN0039083	35	1	26	10	9	16
FBGN0038380	42	32	18	13	3	14
FBGN0004878	143	109	86	79	92	80
FBGN0003886	231	218	249	69	169	102
FBGN0259233	183	226	102	101	60	82
FBGN0038858	965	1352	958	612	752	604
FBGN0037383	786	709	539	476	393	565
FBGN0020018	2342	2423	2105	2332	2587	2768
FBGN0026064	4611	4997	3549	5052	4749	5099
FBGN0037445	6729	6513	5246	7438	8401	8779
FBGN0038208	89	67	65	70	26	28
FBGN0001217	1276	1284	1090	1365	1464	1580
FBGN0038481	0	36	17	6	13	10
FBGN0038674	259	171	147	96	88	158
FBGN0038659	2453	2477	1856	2727	3143	3406
FBGN0040250	42	65	24	48	5	20
FBGN0039214	23432	23323	18914	31540	32778	33934
FBGN0039797	52	0	38	7	6	4
FBGN0011739	7078	6796	5677	9030	9447	9736
FBGN0266734	4	11	5	1	2	0
FBGN0051161	90	68	67	61	55	33
FBGN0038740	179	260	171	140	158	96
FBGN0037883	228	303	141	195	203	227
FBGN0015572	103	82	74	49	54	57
FBGN0039239	104	156	78	35	30	18
FBGN0038528	29	55	2	4	7	31
FBGN0003885	18566	20550	14513	18711	19345	21466
FBGN0038358	41	69	25	13	16	17
FBGN0035235	4076	4424	3256	3776	4351	4189
FBGN0004574	6226	6785	5047	5721	5661	6500
FBGN0035346	1660	1792	1164	1773	2128	2366
FBGN0036278	51	79	69	53	58	29
FBGN0037061	938	877	710	405	523	494
FBGN0036222	49	52	22	14	13	62
FBGN0036926	485	501	309	399	281	316
FBGN0036873	119	44	90	48	44	32
FBGN0052281	671	862	499	506	586	640
FBGN0035543	45	63	28	30	28	7
FBGN0035839	392	431	326	187	257	158
FBGN0045476	472	535	405	158	143	97
FBGN0264746	126	134	184	149	142	89
FBGN0037087	2181	2561	1778	1437	1529	1671
FBGN0036059	4204	3946	3205	3476	4127	4227
FBGN0011288	387	434	376	62	48	41
FBGN0036595	119	174	121	114	190	207
FBGN0036773	2885	2595	2332	3545	3563	3780
FBGN0035964	4675	5011	4012	2713	3146	3246
FBGN0014848	2	0	0	0	0	10
FBGN0035997	5713	5303	4360	6479	7371	7817
FBGN0264006	256	192	182	143	75	135
FBGN0035620	42	44	18	21	33	63
FBGN0042138	2416	3054	2268	2059	2345	2409
FBGN0052269	30	31	37	14	16	1
FBGN0036806	76	70	128	34	61	29
FBGN0040817	672	756	532	408	495	421
FBGN0020392	9186	8517	7356	7627	7897	7910
FBGN0028980	2446	2083	1657	1892	2391	1953
FBGN0264486	109	97	56	46	62	24
FBGN0026179	5673	5892	4430	7356	7365	8172
FBGN0036442	157	28	65	117	101	101
FBGN0036188	1583	1809	1451	1261	1517	1530
FBGN0035677	80	16	104	61	48	10
FBGN0036439	2	12	9	36	10	7
FBGN0035120	2956	3410	2438	2148	2726	2229
FBGN0262530	4	33	20	1	3	2
FBGN0263108	8347	7827	6841	9907	10005	11710
FBGN0286940	130	129	105	182	236	196
FBGN0019662	1649	1741	1336	1586	1524	1633
FBGN0052448	383	469	361	413	371	466
FBGN0028402	2821	2695	2022	2128	2361	2351
FBGN0052220	22	11	28	11	8	16
FBGN0052053	29	27	36	55	38	9
FBGN0035109	577	576	513	335	446	519
FBGN0035234	37	32	76	11	38	39
FBGN0062517	37	19	39	65	18	57
FBGN0262593	279	268	231	168	67	91
FBGN0264487	0	8	2	0	2	0
FBGN0035286	75	100	59	54	74	62
FBGN0052487	8	0	21	29	16	8
FBGN0036016	60	121	48	92	77	54
FBGN0002526	82662	83736	65291	91226	98331	99983
FBGN0035210	1146	946	797	797	984	994
FBGN0036008	2737	2929	2253	2098	2152	2330
FBGN0036781	128	160	154	174	78	82
FBGN0036402	4692	4633	3626	5359	5045	5821
FBGN0020277	7	14	10	3	12	1
FBGN0035630	47890	50523	40253	29799	33167	33680
FBGN0263247	12	0	0	5	3	0
FBGN0260461	15	38	33	13	16	16
FBGN0053263	6	38	19	16	0	8
FBGN0036895	164	78	82	59	44	28
FBGN0036608	30	18	14	29	2	11
FBGN0035943	47	51	37	37	16	19
FBGN0036494	150	128	105	53	26	55
FBGN0028415	11	1	12	4	12	6
FBGN0036376	4533	4979	3704	4083	4445	4429
FBGN0052181	76	36	70	7	45	28
FBGN0036988	1189	1068	936	847	902	759
FBGN0036362	31	28	9	34	18	20
FBGN0036948	93	110	85	48	27	1
FBGN0035982	16	15	6	38	18	2
FBGN0052319	9	12	36	14	16	2
FBGN0052364	899	819	826	438	418	284
FBGN0047334	10	17	8	3	8	4
FBGN0014075	19268	19175	15541	19586	22602	22869
FBGN0015075	4397	4879	3937	4957	5598	5717
FBGN0036786	9	0	21	29	5	17
FBGN0052267	977	1037	878	703	1055	840
FBGN0036984	84	64	68	66	70	37
FBGN0035558	2498	2295	1786	2487	3064	2809
FBGN0283681	1708	1585	1101	877	1033	905
FBGN0052196	61	40	19	14	3	11
FBGN0002573	658	676	509	543	589	565
FBGN0262509	1275	1645	1088	2900	3450	2839
FBGN0036922	541	314	380	195	250	317
FBGN0259824	2669	2713	2103	2795	2905	3572
FBGN0052104	3343	3284	2845	2666	3229	3170
FBGN0036363	81	6	38	6	16	20
FBGN0259203	1313	1437	1139	811	990	852
FBGN0043458	4517	4521	3411	4219	4803	4861
FBGN0035896	856	887	610	692	702	668
FBGN0027082	779	902	619	460	728	672
FBGN0035415	829	810	714	592	778	634
FBGN0037139	14	0	3	4	5	0
FBGN0035518	2112	1958	1476	1652	1856	1592
FBGN0044051	10	5	17	13	9	8
FBGN0036476	4516	3772	3076	3964	3828	3621
FBGN0052121	102	132	61	23	63	26
FBGN0036311	185	79	40	44	57	60
FBGN0035158	1984	2165	1711	2025	2164	2235
FBGN0262544	23	0	14	14	28	5
FBGN0259986	2684	3174	2382	4599	5177	4882
FBGN0024187	3912	4285	3142	4588	4742	4511
FBGN0035423	14688	15134	12004	7028	9404	9380
FBGN0013751	170	208	113	108	91	111
FBGN0053160	23	0	12	8	13	0
FBGN0052446	1415	1662	1363	1080	1350	1554
FBGN0020660	21010	22588	16399	12177	15651	13072
FBGN0036774	2463	2604	1826	1788	1934	2250
FBGN0085274	41	31	10	0	6	0
FBGN0052255	214	115	144	45	35	71
FBGN0035468	69	47	33	70	29	24
FBGN0036715	14108	13941	11255	18155	19672	20281
FBGN0035697	14	16	30	4	4	16
FBGN0052437	31	36	49	15	24	34
FBGN0036551	7	24	41	19	27	25
FBGN0085288	86	58	22	7	40	4
FBGN0052214	49	111	74	11	3	16
FBGN0035692	7167	6333	5530	4256	4549	4441
FBGN0035865	483	570	429	880	985	1069
FBGN0043783	105	158	79	42	66	40
FBGN0029091	80	109	101	103	49	113
FBGN0035944	1638	1778	1380	1061	1145	897
FBGN0027945	1351	1275	1101	876	1035	1048
FBGN0001134	52	60	57	40	39	21
FBGN0040636	29	28	18	19	28	10
FBGN0036809	21	14	29	13	17	23
FBGN0004390	12700	11478	9169	12639	12639	13078
FBGN0270926	843	1068	629	830	1346	1254
FBGN0014007	12758	13324	9177	13516	15321	14811
FBGN0035955	86	44	55	75	73	26
FBGN0036876	95	82	67	22	16	16
FBGN0036549	731	1032	651	570	682	815
FBGN0027594	6566	7393	5507	7337	7913	8161
FBGN0262528	0	11	5	1	9	6
FBGN0052213	65	81	120	18	23	43
FBGN0036397	1090	1073	711	977	1194	1036
FBGN0020643	302	929	302	2093	540	1587
FBGN0085294	44	52	27	33	22	63
FBGN0027567	39485	37277	30156	36526	42288	42127
FBGN0035508	195	328	283	227	171	166
FBGN0035753	60407	61908	46020	62789	76056	81316
FBGN0052227	260	108	142	144	72	190
FBGN0053062	433	401	324	131	196	166
FBGN0011284	106513	123183	95601	87249	99696	108474
FBGN0001223	1741	2035	1658	445	582	410
FBGN0000356	9	0	7	13	8	2
FBGN0036327	29	24	3	16	0	11
FBGN0036783	12	24	13	6	0	1
FBGN0036877	669	590	427	25	10	11
FBGN0035526	7643	8358	6279	7731	8265	8470
FBGN0052413	47	0	11	13	13	4
FBGN0029514	803	900	606	882	967	843
FBGN0011361	3716	4347	2985	3219	3394	3672
FBGN0002283	2562	2530	2162	1703	2268	1982
FBGN0052450	26	22	30	14	5	16
FBGN0035524	6215	6308	4907	3570	4371	4510
FBGN0266591	19	1	10	13	0	0
FBGN0004244	218	96	114	52	62	61
FBGN0035486	268	400	205	87	88	66
FBGN0035547	76	72	26	39	43	40
FBGN0268063	5769	6123	4369	8180	8185	8338
FBGN0036405	1360	1614	1159	1249	1262	1502
FBGN0035193	190	203	192	152	146	171
FBGN0037082	1669	1843	1385	1310	1578	1320
FBGN0036250	102	35	31	37	17	19
FBGN0036463	4024	3964	3067	2664	3562	2945
FBGN0262890	81	53	20	18	29	23
FBGN0035164	1252	1595	1533	855	1060	951
FBGN0052423	6293	6032	4825	6372	7488	7007
FBGN0266977	5	9	7	0	5	0
FBGN0036853	1666	1692	1298	1273	1130	1420
FBGN0036277	2283	2594	1925	1107	1281	1381
FBGN0287183	2284	2328	1737	1429	1979	1248
FBGN0036159	23	54	16	14	7	8
FBGN0035273	7	48	30	31	42	33
FBGN0265574	11898	11512	9379	9747	10597	11150
FBGN0052022	1034	1329	871	690	751	718
FBGN0036039	1806	1589	1231	1406	1610	1409
FBGN0043865	133	70	55	65	21	33
FBGN0036335	1934	1697	1653	950	1139	1074
FBGN0053767	3	19	11	7	5	26
FBGN0036496	0	7	1	37	7	8
FBGN0035854	1426	1560	1108	944	1196	1127
FBGN0261555	10699	10927	7485	13202	13658	14513
FBGN0035849	1257	1279	1014	1263	947	1015
FBGN0035414	2041	2106	1454	1392	1535	1603
FBGN0036619	28	78	40	70	82	17
FBGN0052081	54	45	59	33	19	9
FBGN0035724	101	68	75	77	66	47
FBGN0036959	478	390	527	211	314	307
FBGN0035689	3189	3280	2506	3612	3551	4020
FBGN0003459	4261	4496	3657	4073	4621	5007
FBGN0037188	4482	4742	3814	4769	5133	5343
FBGN0259973	0	0	12	1	3	6
FBGN0000551	75	36	28	28	7	30
FBGN0003373	719142	600321	506834	45389	451695	20716
FBGN0262057	5508	5585	4305	5902	6900	7466
FBGN0037027	9706	11312	8084	9163	10048	10256
FBGN0024889	5552	5633	4683	4038	4612	4588
FBGN0036666	9107	8520	6636	6465	7246	7059
FBGN0085455	7	104	17	15	0	2
FBGN0259239	54	47	34	34	16	40
FBGN0035229	3066	3667	2617	3450	3850	3771
FBGN0052442	649	681	830	470	557	585
FBGN0025558	882	925	661	455	468	433
FBGN0005564	135	252	114	101	126	126
FBGN0036566	4753	4996	4186	3922	4801	5099
FBGN0053690	32	9	8	9	4	12
FBGN0036711	14	37	16	3	7	10
FBGN0029121	849	745	599	349	500	447
FBGN0035237	12215	12491	9390	15587	17166	18021
FBGN0035588	781	1049	597	912	829	1122
FBGN0262894	2	1	0	2	14	2
FBGN0022936	2587	2419	2032	1810	1931	1816
FBGN0036545	625	786	577	464	473	558
FBGN0037197	25	8	25	22	6	10
FBGN0286213	23704	28172	20997	24506	28698	28990
FBGN0085599	390	429	348	217	177	166
FBGN0035781	97	134	65	40	18	53
FBGN0014343	10941	11746	8524	14181	15730	15808
FBGN0035886	547	761	402	74	34	30
FBGN0000100	189861	196755	150994	135683	148539	164697
FBGN0036205	114	161	90	51	61	45
FBGN0037183	27	7	10	26	24	12
FBGN0035257	91	42	23	58	42	83
FBGN0035260	276	286	276	202	324	350
FBGN0052176	3932	3173	3070	3110	3279	3597
FBGN0035850	3350	3105	2526	3185	2863	3440
FBGN0036768	85	59	29	48	32	11
FBGN0035198	29	23	30	22	6	13
FBGN0052074	40	30	11	49	18	14
FBGN0037171	18	40	20	6	17	2
FBGN0003683	14	41	15	28	23	19
FBGN0036717	49551	53439	35503	18477	10182	13532
FBGN0036468	30	42	14	13	6	4
FBGN0035601	8115	8661	6929	4920	5513	5111
FBGN0036350	10	27	46	29	5	3
FBGN0035603	1799	2231	1838	1625	1767	1733
FBGN0036028	1836	1943	1324	1165	1425	1650
FBGN0284221	8803	8423	6655	10201	11397	12447
FBGN0052333	247	170	190	102	58	119
FBGN0052202	810	781	727	556	758	522
FBGN0035858	455	509	468	9	37	59
FBGN0052283	5	0	3	2	0	1
FBGN0036395	576	824	531	516	564	702
FBGN0036160	10	8	13	17	16	10
FBGN0041096	14022	14844	10996	14118	15870	15690
FBGN0035430	2810	2969	2417	1324	1691	1927
FBGN0036480	5059	5511	3984	5879	6832	6649
FBGN0036828	5275	5628	4399	5174	6172	6593
FBGN0035978	5166	4489	3910	4126	4468	4234
FBGN0041625	44	3	37	25	9	2
FBGN0036575	21	11	9	23	33	18
FBGN0037165	113	41	62	72	44	32
FBGN0000543	4738	4821	3983	3981	5209	4920
FBGN0053702	0	0	10	0	3	0
FBGN0011205	2653	2661	2159	2096	2295	2013
FBGN0052412	320	284	183	186	143	106
FBGN0259970	15	7	0	0	4	0
FBGN0053052	1898	2050	1276	1493	1709	1646
FBGN0053270	38	9	14	33	18	20
FBGN0036875	299	442	252	71	59	110
FBGN0015618	2264	2514	1895	1868	1873	1652
FBGN0035539	2908	3306	2505	4226	3991	4778
FBGN0052137	1698	1796	1406	2004	2417	2292
FBGN0053061	27	10	54	2	0	11
FBGN0036479	100	47	65	82	19	19
FBGN0260049	11746	11584	8389	8615	10597	11020
FBGN0036328	43	39	18	26	10	10
FBGN0027569	3765	3921	2562	3164	3032	3336
FBGN0036214	26	0	2	36	11	2
FBGN0085457	28	8	41	11	8	13
FBGN0035807	3801	4271	3247	4268	4741	4570
FBGN0261602	126649	138719	112929	124969	135180	150722
FBGN0087039	2736	3144	1980	1734	2191	1862
FBGN0028418	22	6	9	7	3	9
FBGN0287423	27	40	25	26	16	22
FBGN0040056	2365	2278	2011	1309	1578	1472
FBGN0041232	18	20	25	48	18	26
FBGN0052240	15	38	12	11	14	2
FBGN0036173	1605	1608	1250	685	845	888
FBGN0004514	50	57	50	36	32	11
FBGN0036492	46	46	38	36	13	9
FBGN0035825	1929	1770	1589	1768	1692	1656
FBGN0053217	7770	7472	6248	4326	5310	4670
FBGN0036916	2719	3104	2353	1949	2013	1754
FBGN0036833	12	35	21	86	18	12
FBGN0036980	4071	3969	3434	4581	4857	5295
FBGN0003388	270	212	167	177	265	254
FBGN0036248	3376	3809	2320	1750	2266	2308
FBGN0053265	661	198	342	398	319	83
FBGN0052351	11	44	34	63	31	12
FBGN0286872	0	18	10	1	0	0
FBGN0086254	4766	4999	3999	5838	6677	6185
FBGN0085482	100	124	53	94	32	59
FBGN0037025	10494	11652	8452	12357	13614	12707
FBGN0035589	927	1000	809	930	925	684
FBGN0037057	168	170	154	78	56	105
FBGN0053556	2967	2989	2182	4031	4171	3822
FBGN0004592	11013	11360	9092	1422	13835	946
FBGN0025874	1716	1861	1499	1439	1721	1742
FBGN0035147	1862	2000	1549	1479	2146	1892
FBGN0036892	7668	8174	6349	4701	5571	5628
FBGN0035932	29	11	31	21	1	12
FBGN0035236	6786	7134	5373	5642	6666	6508
FBGN0037044	548	602	401	785	989	1242
FBGN0015359	3937	3805	3041	2822	3339	3225
FBGN0035934	206	87	105	70	73	53
FBGN0052350	5849	5456	4241	2925	3558	2740
FBGN0036567	49	14	47	20	36	18
FBGN0039977	4961	4960	4004	3005	3566	3291
FBGN0259932	2179	2738	1835	1205	1423	1229
FBGN0053764	49	22	13	9	20	4
FBGN0001104	8249	8523	6863	8374	9156	9466
FBGN0015298	2169	2561	1856	1149	1568	1501
FBGN0035497	1558	1449	1123	1408	1683	1479
FBGN0036106	121	62	115	63	52	102
FBGN0036157	17	35	40	50	12	7
FBGN0036212	301	400	247	333	385	383
FBGN0260756	304	281	178	181	335	514
FBGN0035400	1572	1477	1116	1528	1610	1593
FBGN0035469	2444	2599	2245	1559	1957	1555
FBGN0035830	11564	11022	9888	7698	7878	8916
FBGN0036144	1335	988	967	301	127	108
FBGN0035343	42	55	3	28	34	60
FBGN0052225	38	47	24	28	7	43
FBGN0027111	4218	4517	3720	4274	4609	4008
FBGN0053490	51	39	56	49	27	5
FBGN0036032	6285	6241	4777	7260	7510	7795
FBGN0036183	19	13	37	5	0	7
FBGN0037022	1774	1871	1512	1346	1677	1561
FBGN0017579	54879	63195	47726	48349	57467	60116
FBGN0014849	24	0	4	15	14	14
FBGN0263456	95	46	68	48	86	40
FBGN0261634	42	66	52	2	3	1
FBGN0036510	2250	2311	1814	1686	1859	2089
FBGN0086906	12084	11176	8779	14219	13850	13646
FBGN0035205	13233	12150	10514	12462	13933	13976
FBGN0036227	125	206	26	40	4	261
FBGN0035145	9732	9846	8243	9831	10933	10913
FBGN0035168	268	306	185	165	322	226
FBGN0263930	18676	17028	14681	21903	24323	24666
FBGN0036612	203	130	179	190	128	147
FBGN0083992	1468	1701	1147	813	912	1083
FBGN0036761	4007	4050	3200	3353	4318	4036
FBGN0035673	30	24	14	30	3	0
FBGN0260026	306	198	294	251	257	241
FBGN0041630	10254	9757	8110	8046	9313	9966
FBGN0036141	5370	5824	4773	4513	5047	5056
FBGN0035428	47	81	30	70	39	29
FBGN0053169	219	414	229	272	335	246
FBGN0035688	13862	12910	10297	13012	14561	14088
FBGN0259676	2026	2276	1709	2670	2716	3252
FBGN0036819	371	365	228	246	200	197
FBGN0035445	76	90	97	100	54	78
FBGN0028648	1882	1774	1359	1044	1124	1408
FBGN0010408	41925	45092	37290	49919	54582	62584
FBGN0037067	16	38	39	24	14	6
FBGN0035359	39	52	35	34	17	8
FBGN0036932	2079	2485	1831	1671	1577	1623
FBGN0036349	11	5	7	45	2	0
FBGN0036416	2162	2142	1887	511	659	522
FBGN0010223	63	20	30	62	39	37
FBGN0036661	11773	12399	9942	8195	8518	8656
FBGN0022702	9705	10410	8589	9003	10430	11391
FBGN0001078	979	1154	741	3973	2844	2644
FBGN0036921	18636	17682	14293	11554	13530	12771
FBGN0036814	9671	9822	7328	10026	11922	9825
FBGN0037028	1054	1303	1028	935	1060	903
FBGN0036723	56	30	55	49	8	32
FBGN0004396	8441	9956	7144	7642	8494	7903
FBGN0052263	20	32	12	28	1	0
FBGN0035906	6828	7610	5993	5248	5790	5808
FBGN0000261	29164	28594	23809	16639	20900	19345
FBGN0035983	2174	2315	1860	2069	2321	2605
FBGN0036834	104	62	94	57	30	20
FBGN0260862	704	670	320	434	456	644
FBGN0064766	4480	4622	3600	3601	3895	3952
FBGN0036082	21	17	18	22	19	4
FBGN0001323	1967	1765	1586	1643	1789	1718
FBGN0036320	14	28	28	6	8	12
FBGN0035604	67	67	50	83	50	28
FBGN0266099	80	76	55	62	21	19
FBGN0035931	27	18	29	28	12	5
FBGN0037046	456	689	317	395	747	594
FBGN0053272	30	0	7	23	9	15
FBGN0283503	4790	4564	3414	4980	5235	5518
FBGN0035644	1740	1808	1107	1622	1951	1998
FBGN0016694	730	662	431	1004	959	899
FBGN0037102	3750	4215	3171	2455	2489	2555
FBGN0035575	126	17	33	21	46	38
FBGN0261872	13081	12598	9961	12451	13634	13272
FBGN0035986	4557	5094	3700	5190	5494	5711
FBGN0011204	2366	2413	1790	2594	2729	2703
FBGN0285951	1217	1505	893	653	1022	771
FBGN0036239	7410	8218	5929	7641	7770	8762
FBGN0035150	2214	2511	2083	2265	2041	2253
FBGN0036187	2852	3267	2632	2371	2987	2623
FBGN0020887	8144	8046	6162	8164	8531	9018
FBGN0037100	73	61	35	56	34	30
FBGN0028664	530	546	300	125	175	182
FBGN0035420	5284	5698	4282	5846	6816	6698
FBGN0036609	22	15	15	4	21	3
FBGN0036740	3178	3238	2855	2023	2360	2250
FBGN0036911	1358	1431	951	864	1044	847
FBGN0035138	16	24	17	16	9	22
FBGN0036648	3111	3448	3094	3039	4571	4780
FBGN0046793	35	22	14	22	4	22
FBGN0003124	19719	20075	16358	18264	19879	19774
FBGN0052428	2271	2171	1796	1566	1832	1825
FBGN0011836	7723	7281	5465	6459	7103	6702
FBGN0036638	34	44	9	12	2	3
FBGN0037015	22	83	21	24	7	6
FBGN0261722	3311	3200	2567	2663	2945	2699
FBGN0025702	414	305	259	256	275	254
FBGN0036044	113	101	73	43	40	35
FBGN0036835	0	25	21	36	24	10
FBGN0036260	40	54	38	15	21	8
FBGN0035398	2279	2757	2197	5370	4902	5679
FBGN0000489	1982	1872	1486	1471	1502	1434
FBGN0036505	2431	2621	1670	2393	2504	2398
FBGN0028379	26	55	36	23	17	24
FBGN0036203	174	28	137	185	126	141
FBGN0054056	2028	2175	1620	2075	2575	2625
FBGN0036571	2336	2838	2307	2017	2098	2583
FBGN0053271	6	34	7	39	8	1
FBGN0035251	10973	10475	8135	8936	9877	11083
FBGN0036324	27	36	14	10	4	8
FBGN0052133	28654	24821	19303	35455	35039	34070
FBGN0036848	2649	2759	2166	2287	2343	2499
FBGN0014850	11	2	8	4	0	0
FBGN0036563	56	34	51	90	52	58
FBGN0036406	962	1185	650	637	1019	918
FBGN0027903	2509	2704	1822	2142	2370	2439
FBGN0035845	156	108	101	99	74	67
FBGN0261401	57	78	34	26	27	21
FBGN0003744	4341	4573	3954	3669	4551	4611
FBGN0035101	2207	2120	1788	2396	2503	2566
FBGN0035581	362	598	310	259	211	130
FBGN0023000	8354	8327	5892	5214	5961	5382
FBGN0037129	24	68	7	21	0	4
FBGN0035852	42	17	28	17	6	0
FBGN0036078	59	21	47	21	9	19
FBGN0263131	239	218	141	195	92	75
FBGN0036624	15155	13939	10874	13474	13971	13990
FBGN0046301	1545	1623	1139	1531	1255	1633
FBGN0036240	1311	1480	1157	1033	806	1095
FBGN0053500	4	25	18	10	3	0
FBGN0035333	4136	4087	2954	2881	3561	3696
FBGN0016756	25521	24136	19495	25193	25719	27878
FBGN0035842	2926	3441	2393	3315	3613	3712
FBGN0037178	31	6	16	3	11	11
FBGN0035208	55	57	69	26	24	5
FBGN0024945	2465	2448	1736	1767	1728	1742
FBGN0053289	58	79	26	26	11	18
FBGN0262008	84	37	37	42	22	10
FBGN0262893	16	27	19	18	17	10
FBGN0035815	117	99	66	92	47	139
FBGN0267390	12453	12443	9451	14079	15834	15749
FBGN0011706	925	1003	756	555	569	406
FBGN0035511	5	23	11	10	1	9
FBGN0260967	8	26	3	15	4	5
FBGN0287586	359	392	360	166	239	228
FBGN0265296	362	359	263	278	129	225
FBGN0035255	46	10	18	8	8	26
FBGN0036111	11334	11028	8687	9523	10230	10785
FBGN0003295	71	60	29	47	50	70
FBGN0287594	1357	1481	1125	1324	1478	1249
FBGN0263776	112	148	80	48	16	25
FBGN0261682	47	27	11	11	8	0
FBGN0259140	286	269	236	518	160	633
FBGN0036334	6433	7251	5528	4038	5070	5081
FBGN0052119	23	37	13	47	16	13
FBGN0015550	23	15	28	4	7	10
FBGN0044419	399	345	370	311	260	562
FBGN0250815	1808	2320	1582	460	370	848
FBGN0036493	296	285	240	135	120	119
FBGN0040795	24	26	23	6	15	5
FBGN0010747	9066	9513	8042	6183	7039	7111
FBGN0024814	9091	9044	7819	4948	6662	6530
FBGN0053689	7	34	15	18	7	13
FBGN0036925	76	44	29	40	12	13
FBGN0036958	28437	27338	20806	28412	30192	30890
FBGN0085289	10	10	9	9	14	10
FBGN0035167	212	177	166	364	312	353
FBGN0035661	36	10	25	36	14	22
FBGN0265455	12	4	14	16	6	0
FBGN0083976	1498	1493	1119	1406	1317	1216
FBGN0086348	40	42	40	10	39	49
FBGN0036824	4001	3930	3230	5767	6718	6844
FBGN0260857	982	1160	697	560	812	575
FBGN0262508	532	564	584	194	221	76
FBGN0035643	84	76	77	62	58	43
FBGN0035993	7079	6462	4916	4441	4630	4778
FBGN0021768	8246	7812	6878	4522	5025	5212
FBGN0036897	3256	2941	2354	3382	3415	3898
FBGN0261953	525	589	361	59	137	382
FBGN0286979	41	95	68	46	5	31
FBGN0036437	1	7	26	14	43	9
FBGN0036553	51	28	19	10	11	2
FBGN0036709	57	5	32	38	13	16
FBGN0035587	48	50	30	33	15	13
FBGN0005658	78	94	42	64	19	36
FBGN0265959	156	53	89	71	33	29
FBGN0035440	2012	2365	1792	1958	2295	2287
FBGN0284421	8099	8329	6728	6377	7681	7401
FBGN0036565	4325	4434	3109	3533	4053	3730
FBGN0028667	62	7	8	10	9	15
FBGN0036035	7880	8024	6721	4859	5164	5147
FBGN0036134	25572	24621	18097	21528	24032	23243
FBGN0035357	19410	19470	15354	23109	24948	24218
FBGN0264699	34	101	59	60	12	14
FBGN0036552	15	47	27	24	19	24
FBGN0036454	801	1007	626	359	316	490
FBGN0036584	19	20	44	36	10	21
FBGN0036992	61	44	20	40	11	17
FBGN0025725	23036	22883	17741	17956	20886	21811
FBGN0052066	1778	1925	1492	1554	1725	1994
FBGN0029094	3317	3474	2786	3787	3957	4395
FBGN0036978	91	127	61	55	22	58
FBGN0035248	299	295	220	173	114	88
FBGN0036641	4258	4317	3561	3914	4765	4808
FBGN0036414	65	61	96	75	40	84
FBGN0036110	4	0	6	7	13	1
FBGN0035139	54	63	36	79	74	138
FBGN0262482	32	89	36	64	100	98
FBGN0263035	30	9	16	0	27	2
FBGN0052447	12711	12904	10280	8458	10063	8773
FBGN0024179	4948	5195	4033	6064	6405	6914
FBGN0036592	57	53	37	43	32	26
FBGN0053766	3	2	22	34	17	0
FBGN0036208	24	96	29	44	3	16
FBGN0036733	4168	5013	3204	2799	3022	2855
FBGN0052409	7358	7436	5760	4174	5039	5082
FBGN0037176	47	56	34	2	1	2
FBGN0037039	12	8	4	6	8	6
FBGN0035666	45	50	48	27	10	0
FBGN0036426	16	0	37	21	4	3
FBGN0035323	983	991	963	640	760	793
FBGN0260856	1426	1124	957	1159	1220	1243
FBGN0264711	7117	8248	6079	7454	8308	7549
FBGN0004880	137	97	65	107	84	241
FBGN0000017	12793	13959	11036	14704	15524	15893
FBGN0016070	4827	5164	3846	6039	6535	6455
FBGN0000358	6	25	37	32	6	36
FBGN0036805	2423	2170	2157	2013	2764	2793
FBGN0036469	15	29	8	6	8	1
FBGN0052037	35	43	42	39	12	10
FBGN0004372	14	14	22	20	13	10
FBGN0052279	42	41	4	5	4	0
FBGN0035111	6689	6661	5394	6290	6578	6358
FBGN0052304	28	3	8	23	14	9
FBGN0036727	50	84	58	6	12	23
FBGN0036153	68	34	62	33	25	10
FBGN0036956	11	18	44	27	22	19
FBGN0026371	5396	5175	3964	4716	5187	4823
FBGN0036319	51	90	48	69	41	50
FBGN0036836	223	219	104	103	138	120
FBGN0036746	7059	7104	5562	7881	8227	7903
FBGN0045479	1302	1064	904	354	436	266
FBGN0261381	4131	4384	3290	2547	2601	3236
FBGN0036851	107	44	66	69	99	76
FBGN0036316	5789	5504	4796	3805	5063	4591
FBGN0000592	47	42	34	65	7	32
FBGN0036757	64	68	51	30	31	34
FBGN0037174	47	65	32	11	12	18
FBGN0027615	2207	2317	1511	1664	1641	1871
FBGN0035358	16	32	2	5	7	11
FBGN0036116	129	133	56	82	42	22
FBGN0262361	0	0	3	10	1	0
FBGN0035435	424	260	241	228	258	304
FBGN0053969	982	988	882	798	852	931
FBGN0028699	54	54	24	52	36	15
FBGN0036438	13	4	0	11	1	0
FBGN0035321	1028	997	811	719	781	949
FBGN0086900	45	77	38	20	42	23
FBGN0262732	9463	8922	7862	5967	6143	6550
FBGN0010348	33626	34817	28215	23809	26884	23468
FBGN0035970	21	15	14	21	5	20
FBGN0002564	16655	19544	14553	11329	12840	5753
FBGN0023174	17420	16391	13913	11582	14481	14676
FBGN0024177	45	31	34	7	10	8
FBGN0010387	14	0	20	1	3	3
FBGN0004591	125	99	68	18	27	5
FBGN0036271	1404	1666	1266	1065	1145	1135
FBGN0028577	9157	8937	7638	9609	10348	11891
FBGN0288810	28	29	27	10	17	5
FBGN0262737	13072	13730	10516	11273	13734	13568
FBGN0028978	6393	5768	4686	5452	5836	6272
FBGN0001324	16056	15130	12579	16904	18707	18733
FBGN0264566	15	2	1	3	0	0
FBGN0011787	4616	5177	3416	2903	3277	2914
FBGN0053769	15	25	9	3	2	22
FBGN0037105	2050	1872	1586	1688	1746	1539
FBGN0035645	109	21	49	27	16	16
FBGN0036118	407	325	277	228	281	172
FBGN0036529	256	132	119	175	105	216
FBGN0036581	1825	1893	1322	938	1221	1082
FBGN0036655	13	0	20	40	14	9
FBGN0035426	36	21	47	10	12	1
FBGN0005633	30	44	6	13	23	1
FBGN0036236	13	1	12	9	3	2
FBGN0250816	289	337	312	65	91	108
FBGN0262021	2	5	5	23	5	3
FBGN0025820	661	679	585	527	562	635
FBGN0053284	11	8	6	0	16	19
FBGN0036255	379	388	380	242	298	241
FBGN0035461	528	395	266	335	339	396
FBGN0015793	1121	950	824	668	585	710
FBGN0035542	1412	1398	947	1710	1623	1902
FBGN0000451	194	112	184	143	156	123
FBGN0036813	3575	3225	3058	2798	3014	3152
FBGN0028416	19	8	5	4	10	6
FBGN0036759	105	54	43	29	11	18
FBGN0004108	5782	6618	5184	5976	7134	7518
FBGN0003943	145379	145486	108164	149781	195054	191748
FBGN0044452	6839	7144	5902	6097	6833	6735
FBGN0260874	384	411	320	271	289	179
FBGN0036497	0	12	8	34	16	0
FBGN0260644	28	20	11	0	5	2
FBGN0035787	47	38	25	29	36	16
FBGN0035122	1522	1864	1147	1464	1461	1612
FBGN0003410	2710	3046	2179	2591	2728	3104
FBGN0036945	47	23	15	17	4	14
FBGN0036557	2950	2922	2623	2645	2857	2844
FBGN0027055	5759	5687	4056	3822	3972	4015
FBGN0086680	40558	36889	28549	48128	50098	51724
FBGN0010786	2121	1965	1744	1710	2090	2024
FBGN0036229	122	95	60	79	41	36
FBGN0022935	7666	6866	6071	7855	8384	8732
FBGN0052847	64	121	71	96	68	49
FBGN0035471	5180	5664	3958	4119	4371	4440
FBGN0045823	38708	38883	30845	24883	26237	24045
FBGN0036179	23	38	27	47	18	2
FBGN0035254	1173	1107	894	908	958	980
FBGN0005626	5353	5085	4333	152	400	198
FBGN0036656	16	11	32	9	3	0
FBGN0259748	35	15	11	12	13	6
FBGN0036102	47	29	54	18	16	2
FBGN0036861	30	48	48	41	48	53
FBGN0087035	148668	147644	115078	127524	128149	123490
FBGN0035695	186	168	86	115	58	32
FBGN0035980	512	363	316	252	398	430
FBGN0041094	22588	22081	17219	20734	24142	23025
FBGN0036953	4	39	13	17	8	4
FBGN0035989	1599	1374	1167	1507	1871	1835
FBGN0035857	40	14	32	19	15	4
FBGN0036337	2660	3018	2209	1825	1937	2453
FBGN0283500	4972	4634	3902	3459	3530	3844
FBGN0264748	46	7	49	32	24	16
FBGN0035711	71	60	50	26	22	2
FBGN0036321	142	247	151	115	45	112
FBGN0264725	15	1	7	5	0	17
FBGN0035504	85	35	49	43	25	24
FBGN0052187	48	40	12	55	41	9
FBGN0022709	236	220	218	170	167	139
FBGN0283724	10645	11029	8160	11738	12737	12897
FBGN0035532	2319	2345	1437	1918	1984	1726
FBGN0053286	109	21	64	45	26	22
FBGN0262937	1638	1792	1267	1314	1437	1658
FBGN0035510	1725	2267	1455	1945	2003	2154
FBGN0261353	1192	1569	1181	680	1085	1163
FBGN0002842	37	21	53	25	19	12
FBGN0017430	2756	2305	1860	1987	2389	2236
FBGN0035957	121	104	76	144	91	72
FBGN0037018	866	702	633	618	651	472
FBGN0016036	82	56	91	106	58	62
FBGN0036354	4631	4640	3715	4962	4928	5694
FBGN0036986	58	58	14	21	32	0
FBGN0053965	42	24	34	21	15	4
FBGN0000404	11149	10952	9215	10821	13108	12027
FBGN0026376	3086	3406	2531	3203	3667	3583
FBGN0035476	29	22	13	26	18	5
FBGN0035777	42	62	122	145	107	66
FBGN0262788	14	9	2	8	14	0
FBGN0036769	500	497	448	603	528	413
FBGN0037020	4630	4705	3679	2445	2844	2980
FBGN0052484	5130	4671	3772	3644	4460	4661
FBGN0011335	2902	3365	2414	2215	2283	2260
FBGN0052476	62	123	37	68	36	32
FBGN0035767	1790	1536	1350	1001	1468	1474
FBGN0036290	8857	9712	7698	4069	5020	4623
FBGN0035545	55	69	67	10	34	12
FBGN0000115	3777	3995	3392	2748	2896	3284
FBGN0013342	95	113	63	38	32	34
FBGN0036580	3732	3613	2941	2169	3115	2662
FBGN0036822	4	40	35	38	22	10
FBGN0035713	24135	23570	18343	25530	27100	28055
FBGN0025682	3638	3462	2809	2998	3675	3974
FBGN0041623	20	44	38	55	26	18
FBGN0036176	20	11	26	13	15	0
FBGN0036696	612	654	657	440	677	489
FBGN0010452	11230	11213	8286	11348	11829	13042
FBGN0020509	9	22	13	4	3	0
FBGN0052150	394	334	300	189	258	294
FBGN0020640	13	12	3	10	3	1
FBGN0052141	509	466	287	424	485	421
FBGN0265268	24	79	40	38	24	80
FBGN0035570	0	5	0	2	1	3
FBGN0004516	68	12	6	22	27	4
FBGN0035192	38	40	36	28	37	23
FBGN0027790	13195	14331	10076	11289	12014	10843
FBGN0035928	32	13	25	16	11	18
FBGN0036152	1977	1635	1182	1392	1661	1475
FBGN0040060	807	1061	842	137	68	312
FBGN0054025	65	6	19	6	27	9
FBGN0020765	9	4	21	5	10	8
FBGN0052405	15	27	15	10	8	7
FBGN0040828	4	9	14	14	4	10
FBGN0262592	18	13	20	2	12	11
FBGN0036680	48	51	55	4	11	20
FBGN0053234	43	40	66	43	10	14
FBGN0015829	2558	2680	1941	2191	2550	2489
FBGN0040696	18	8	26	22	18	17
FBGN0041160	967	1028	868	778	913	952
FBGN0020645	7	2	5	7	11	0
FBGN0262984	19	15	8	0	4	0
FBGN0036516	6941	6733	6101	4472	4865	5034
FBGN0263603	12461	12363	9378	11025	12853	13318
FBGN0052344	8708	9678	6971	6632	7687	7838
FBGN0036640	2243	2528	1815	1867	2236	2112
FBGN0040816	0	3	8	0	6	3
FBGN0036145	34	60	38	44	10	4
FBGN0041164	8254	7727	5892	7105	7586	7871
FBGN0028668	7	0	5	31	9	0
FBGN0264693	16962	16744	14180	19828	22037	21742
FBGN0061515	7405	8556	6072	5082	6158	5479
FBGN0035355	232	362	209	164	135	241
FBGN0015585	6	16	5	0	5	5
FBGN0035766	8998	8805	7259	8977	9661	9373
FBGN0036665	209	96	134	172	288	290
FBGN0262842	8	8	12	5	0	0
FBGN0036820	1071	1529	859	430	532	352
FBGN0052082	2350	2089	1559	4448	4219	4839
FBGN0004380	1745	1978	1659	1774	1777	1862
FBGN0035203	2925	3278	2716	2089	1957	1937
FBGN0263106	11489	12409	8465	8103	9379	8253
FBGN0052069	770	753	570	640	687	720
FBGN0036910	60	43	35	10	21	48
FBGN0020641	10	21	11	12	32	18
FBGN0260008	2422	2335	2057	1151	1770	1113
FBGN0036323	50	67	29	25	15	35
FBGN0036602	55	73	54	59	62	53
FBGN0028504	1616	1554	1171	1186	1384	1255
FBGN0042712	7167	7125	5694	4290	4909	5088
FBGN0266456	104	88	78	39	40	40
FBGN0085273	194	189	75	12	8	8
FBGN0052195	256	285	144	178	198	294
FBGN0023001	7041	7181	5588	8681	8571	8965
FBGN0260431	161	262	129	139	220	191
FBGN0035719	127	53	80	75	36	105
FBGN0036015	55	1	8	7	0	24
FBGN0035110	3233	2771	2470	2514	2672	3160
FBGN0264000	61	96	81	76	58	34
FBGN0035805	1319	1581	1119	865	1097	927
FBGN0036950	24	42	7	24	13	2
FBGN0045477	345	323	249	92	62	115
FBGN0036747	144	145	73	117	48	46
FBGN0052270	39	9	16	8	4	6
FBGN0035702	458	459	305	316	229	477
FBGN0035769	5630	5926	3959	4967	5483	5724
FBGN0036685	10446	11060	8483	9455	9925	10286
FBGN0036340	16518	16125	13749	16863	18529	20243
FBGN0052365	1435	1218	751	750	964	873
FBGN0004427	8	72	35	70	74	131
FBGN0026418	29810	30892	23473	26416	29430	28970
FBGN0036156	29	9	40	24	23	4
FBGN0037175	31	3	35	8	5	5
FBGN0263601	7969	7531	5934	6516	7648	7641
FBGN0036920	1295	1399	1069	704	1139	942
FBGN0040507	72	120	62	76	28	46
FBGN0020251	2317	2572	2126	2482	3174	3514
FBGN0003041	8218	9112	6592	9202	10230	10891
FBGN0042630	210	157	158	61	34	30
FBGN0037207	1069	890	716	609	716	722
FBGN0036766	11	30	20	8	20	0
FBGN0036887	1490	1727	1226	966	967	1057
FBGN0266136	4134	3905	2965	4936	5867	5693
FBGN0036461	87	73	47	57	48	53
FBGN0036403	45	49	91	56	6	42
FBGN0035968	255	179	118	101	109	43
FBGN0036998	939	990	817	965	1198	1336
FBGN0004593	19	31	4	5	11	0
FBGN0035736	23	3	2	10	8	0
FBGN0004167	57060	57558	45788	75847	81619	80370
FBGN0052182	35	68	25	20	48	13
FBGN0005198	6744	6971	5245	6800	7244	7944
FBGN0036112	35	12	28	18	6	2
FBGN0036979	96	111	76	46	122	66
FBGN0035103	7944	9843	7062	8432	8549	8258
FBGN0037138	6356	6186	5055	7208	7806	8032
FBGN0085282	112	87	68	18	46	9
FBGN0036785	32	14	46	46	21	59
FBGN0010246	5237	5706	3990	5143	5699	5810
FBGN0036544	124	173	67	41	24	97
FBGN0052438	7081	7544	6057	5958	6743	6219
FBGN0037200	1594	2155	1539	1432	1884	1481
FBGN0259703	73	11	21	24	3	30
FBGN0263761	4	9	13	2	7	0
FBGN0037141	2933	2513	2101	2767	2718	2997
FBGN0035455	36	4	22	40	14	13
FBGN0052079	82	54	45	8	15	14
FBGN0052392	154	152	72	108	66	166
FBGN0005386	8850	8929	7646	12298	13470	12437
FBGN0260430	72	23	17	63	8	62
FBGN0036576	15508	14276	11697	14123	13809	14367
FBGN0016013	187	121	77	104	86	34
FBGN0000629	4822	4919	3721	4361	4810	5598
FBGN0058160	5812	6216	4958	3717	4466	4354
FBGN0035371	6322	6180	4925	6088	7255	8335
FBGN0035585	39	37	17	5	3	15
FBGN0016696	12303	12702	9524	12639	14305	14697
FBGN0024804	15107	17395	12429	12346	15257	11804
FBGN0035397	11877	12414	9403	12885	13305	14035
FBGN0263607	330	382	312	391	415	360
FBGN0052425	5753	5801	4212	5291	5246	5683
FBGN0052113	5947	5598	4939	6682	7835	6923
FBGN0035768	70	64	63	117	95	104
FBGN0035985	607	629	407	578	290	376
FBGN0052040	61	6	27	16	24	28
FBGN0261816	16	12	2	19	8	3
FBGN0052462	12	2	24	13	9	17
FBGN0036677	2524	2464	1922	981	1534	973
FBGN0261997	0	12	8	12	0	4
FBGN0037092	3569	3367	2775	2614	3127	2818
FBGN0053057	413	261	177	312	205	355
FBGN0262870	401	464	466	251	168	190
FBGN0042178	16081	18270	13557	14708	16126	16968
FBGN0003292	3468	3354	2773	2759	2949	3396
FBGN0036451	21010	21265	15743	26034	26614	28112
FBGN0036202	45	54	50	38	15	63
FBGN0052072	39	43	10	12	5	12
FBGN0036593	75	57	56	93	22	5
FBGN0041709	31	27	10	38	14	13
FBGN0052102	6	18	4	7	11	0
FBGN0266540	131	199	96	68	153	87
FBGN0260653	18898	19971	13952	12459	13727	14915
FBGN0025455	11728	11150	8654	12741	14665	13948
FBGN0052278	1873	1811	1248	935	1154	994
FBGN0052452	4065	3879	2868	3311	3677	3558
FBGN0020224	4041	4167	3175	4185	4268	4919
FBGN0037191	23	10	38	9	14	21
FBGN0024194	2275	1993	1934	1303	1243	1522
FBGN0025776	20	37	26	16	21	15
FBGN0036780	13	26	20	29	12	1
FBGN0036838	3159	3210	2079	2825	2934	2802
FBGN0037144	191	208	117	80	123	45
FBGN0036654	44	50	51	51	22	25
FBGN0035608	57	6	31	15	16	12
FBGN0016081	12401	12669	9874	13571	15044	14161
FBGN0035594	22	33	46	24	13	0
FBGN0053971	423	585	428	644	582	709
FBGN0036142	256	295	202	166	203	153
FBGN0035176	30	49	22	32	22	26
FBGN0035360	128	44	47	44	10	48
FBGN0052302	137	316	226	24	19	9
FBGN0004414	12	6	4	5	3	8
FBGN0026061	818	815	451	236	415	145
FBGN0085371	59	51	55	51	41	10
FBGN0037117	1632	1898	1331	1415	1508	1453
FBGN0040805	27	34	29	2	6	14
FBGN0037013	18	41	19	17	17	24
FBGN0035949	20	34	19	4	12	1
FBGN0035239	20	42	35	65	26	32
FBGN0036893	807	876	632	411	609	596
FBGN0052054	43	44	83	50	38	15
FBGN0027500	8293	7986	6442	10088	9663	11294
FBGN0053985	79	10	19	2	6	20
FBGN0058002	3874	4789	3915	2006	2883	2185
FBGN0260388	3187	3333	2523	3357	2961	3260
FBGN0036964	2355	2621	1734	1223	1428	1621
FBGN0017572	5182	5773	3988	4260	5162	5440
FBGN0036343	65	23	31	38	0	10
FBGN0035953	2132	2634	2193	2448	2322	2581
FBGN0052264	15667	16051	12576	19545	22269	22064
FBGN0036670	47	26	31	22	48	12
FBGN0035813	879	835	567	263	306	274
FBGN0086916	38	55	42	29	53	29
FBGN0001248	30707	30922	24613	28528	32408	33915
FBGN0035496	49	64	38	26	29	5
FBGN0003076	2690	2914	2202	1862	1774	1997
FBGN0000045	23	32	32	25	27	5
FBGN0263248	1	0	0	2	7	0
FBGN0262518	3435	3552	2911	3731	4153	3961
FBGN0015321	3476	3647	2870	2981	2661	2951
FBGN0037000	1349	1316	850	708	790	746
FBGN0264001	141	97	82	108	40	66
FBGN0036485	74	42	34	28	52	39
FBGN0264489	2083	1872	1454	616	670	522
FBGN0035657	19	26	11	2	14	5
FBGN0042201	25	42	15	1	3	0
FBGN0036713	4	25	8	4	5	7
FBGN0036393	42	61	14	1	0	13
FBGN0035909	17772	17095	13995	12853	15722	15503
FBGN0036031	120	79	66	45	27	20
FBGN0035313	105	64	20	18	39	24
FBGN0002872	4751	5833	4236	5638	6557	6175
FBGN0035300	229	265	155	100	45	85
FBGN0036784	46	24	38	32	24	28
FBGN0052246	65	53	26	49	7	54
FBGN0052845	39	32	60	12	28	13
FBGN0037204	20	44	29	15	26	27
FBGN0036057	166	120	114	138	94	102
FBGN0035933	71	10	36	23	7	22
FBGN0053262	28	10	10	24	5	2
FBGN0263911	2846	3423	2739	2181	2842	2955
FBGN0264848	6788	5838	4882	3561	3608	3682
FBGN0027085	2067	1986	1485	1347	1749	1874
FBGN0035520	1772	2056	1346	1291	1586	1530
FBGN0036489	2445	2384	2077	1500	2052	2019
FBGN0035479	5	0	12	0	9	8
FBGN0036262	363	607	284	148	172	72
FBGN0262519	57503	56801	47355	62454	71510	72471
FBGN0015218	25018	23133	19599	15071	16745	16949
FBGN0035283	1099	1175	1181	1338	1409	1302
FBGN0260660	1214	1312	1038	1511	1753	1863
FBGN0085480	35	37	17	45	24	9
FBGN0035817	103	66	55	154	122	135
FBGN0025866	3772	3853	3092	1834	2445	2088
FBGN0260859	1495	1494	1258	819	993	1101
FBGN0085267	18	35	32	21	10	9
FBGN0035567	9	50	10	11	13	12
FBGN0036846	3948	3807	3116	2021	3114	2649
FBGN0024887	2519	2388	2071	1615	1847	1807
FBGN0036818	988	1019	736	800	1113	920
FBGN0263251	3643	4116	3085	2755	3198	3522
FBGN0052354	311	352	175	272	332	238
FBGN0035622	4228	4669	3831	3337	4423	3996
FBGN0001259	3529	3804	2971	3607	3726	4513
FBGN0036520	27	65	43	38	21	0
FBGN0028697	76651	78769	58629	47724	58111	53505
FBGN0035348	348	309	279	52	58	20
FBGN0004619	62	140	70	84	22	21
FBGN0085295	21	0	6	1	11	9
FBGN0035669	32	18	19	10	5	3
FBGN0037151	302	381	266	195	195	193
FBGN0036790	14	4	32	34	32	25
FBGN0026409	14821	14635	11895	11548	12429	13918
FBGN0262580	14	31	14	84	32	5
FBGN0035262	811	729	651	955	1169	932
FBGN0283479	394	422	254	121	80	168
FBGN0047178	954	904	791	427	524	547
FBGN0036708	12	29	13	3	7	2
FBGN0036194	3478	3821	2679	2183	2435	1958
FBGN0261109	2503	2310	2189	1891	2118	2638
FBGN0035385	71	57	30	59	30	50
FBGN0262987	546	748	487	479	501	500
FBGN0016031	3826	3260	2735	1832	1995	2039
FBGN0284236	1	8	1	2	14	0
FBGN0036832	30	33	27	20	6	9
FBGN0261507	13	1	22	6	1	4
FBGN0036888	6668	7848	6292	5889	6852	6384
FBGN0052206	135	143	94	64	45	55
FBGN0262535	31	5	10	9	5	0
FBGN0029113	31038	32061	24644	25014	28938	29764
FBGN0260481	208	119	79	222	205	279
FBGN0037093	16572	15998	12548	16195	17277	18386
FBGN0035648	23	58	64	16	7	23
FBGN0082598	12246	11566	9514	12213	12901	13687
FBGN0052064	15	12	39	20	9	20
FBGN0264605	1180	1110	869	1303	1482	1438
FBGN0036501	488	489	358	429	447	352
FBGN0260393	45	52	10	10	11	4
FBGN0035337	2004	2298	1666	1198	1561	1452
FBGN0037064	59	60	33	20	18	19
FBGN0040634	31	58	56	40	68	45
FBGN0011591	15256	16238	12244	14707	17516	17288
FBGN0035554	24	10	10	9	4	8
FBGN0036600	41	23	43	25	30	24
FBGN0053489	35	22	11	24	17	12
FBGN0036837	2618	2671	2163	2526	2670	2808
FBGN0035952	34	90	28	42	41	49
FBGN0036361	33	33	22	13	0	6
FBGN0036121	1052	845	709	243	389	344
FBGN0042177	22445	24227	19292	19941	21766	22567
FBGN0035267	7730	7594	5671	8152	8932	9850
FBGN0063667	84	101	56	30	14	39
FBGN0035244	1792	2095	1419	1371	1711	1404
FBGN0036083	50	10	46	60	11	36
FBGN0010350	2056	2158	1534	1624	1937	1855
FBGN0284444	6	11	18	8	4	11
FBGN0261536	18	9	6	19	2	0
FBGN0036716	131	100	72	65	38	27
FBGN0035211	964	1065	703	790	832	666
FBGN0040797	30	44	38	11	17	11
FBGN0259200	1389	1151	913	1317	1343	1154
FBGN0052075	2379	2280	1848	1350	1680	1386
FBGN0036091	16	11	11	5	6	17
FBGN0266437	171	269	144	213	138	116
FBGN0036913	4281	4848	3523	5200	5946	5878
FBGN0015360	1363	1594	1238	1562	1469	1694
FBGN0035965	1355	1549	1079	845	967	871
FBGN0035833	534	441	512	407	632	565
FBGN0052068	594	596	460	301	485	270
FBGN0029152	5521	5934	4875	5662	6422	6577
FBGN0013718	10415	10786	7912	11701	12309	12912
FBGN0036364	373	263	185	32	47	55
FBGN0035522	7959	8182	6392	4831	7069	5541
FBGN0263199	993	1205	852	846	856	1032
FBGN0262516	2401	2450	1955	2119	2312	2502
FBGN0052318	2084	2280	1397	1784	1967	2127
FBGN0036778	70	72	69	66	22	31
FBGN0036643	198	361	226	175	248	250
FBGN0037037	104	94	60	116	18	46
FBGN0036874	86	86	79	24	13	16
FBGN0040799	42	51	22	19	6	8
FBGN0010909	25715	27044	21610	31791	35293	35765
FBGN0036756	38	37	53	41	49	27
FBGN0035557	254	288	119	363	362	384
FBGN0045770	61	27	13	30	25	11
FBGN0013717	5702	5175	3923	3779	4538	4597
FBGN0036133	2215	1754	1511	1136	1439	1587
FBGN0036367	27	40	18	14	17	0
FBGN0261556	12471	10427	9308	11752	12460	11871
FBGN0036686	10137	11112	8145	8246	8988	9025
FBGN0036951	24	18	17	45	23	26
FBGN0035552	223	337	175	96	67	192
FBGN0043550	51	81	56	84	2	40
FBGN0036787	106	65	82	31	43	31
FBGN0037069	24	33	40	30	11	2
FBGN0262139	4774	4808	3670	6483	6440	6756
FBGN0036734	5884	6270	5275	7417	7675	8609
FBGN0035926	3	0	0	7	8	4
FBGN0020412	9342	9211	7518	9877	11808	11225
FBGN0035143	22	46	25	27	18	3
FBGN0035763	2862	3236	2794	2068	2195	2271
FBGN0037081	6423	6058	5068	4293	4783	4676
FBGN0037128	293	183	352	288	296	270
FBGN0036502	434	617	425	336	256	256
FBGN0053260	1109	1048	898	1065	1142	1062
FBGN0036560	75	72	42	44	18	21
FBGN0036782	38	113	79	53	78	60
FBGN0035161	9	0	14	6	5	0
FBGN0037122	14	19	26	12	17	16
FBGN0036139	60	0	22	51	16	22
FBGN0261258	16808	17465	14274	21702	24200	23547
FBGN0035280	39	78	40	19	10	11
FBGN0036018	4967	4835	4369	3449	4289	4379
FBGN0036346	48	12	36	21	15	15
FBGN0036155	6519	6909	4951	6005	5833	6536
FBGN0037184	1166	1169	1017	645	850	803
FBGN0037137	26528	29277	21321	28469	32219	32187
FBGN0036931	405	312	252	120	196	87
FBGN0036550	57	64	17	23	6	24
FBGN0035999	843	935	602	642	742	747
FBGN0035799	182	79	66	93	39	19
FBGN0262099	2	8	12	4	0	0
FBGN0035640	1577	1847	1151	1744	2196	2068
FBGN0266667	2682	2630	2134	2201	2040	2315
FBGN0036899	4812	4098	3948	5188	5152	4740
FBGN0035921	64	27	23	6	8	10
FBGN0036372	6754	7037	5196	5460	6621	7311
FBGN0036274	23	68	5	46	12	12
FBGN0036536	331	302	270	289	388	231
FBGN0005640	7472	7302	5342	5689	7206	6480
FBGN0026252	31947	33217	24707	23985	25923	28071
FBGN0052221	479	501	443	258	510	571
FBGN0035316	39	113	45	18	15	2
FBGN0052445	33	24	6	4	7	19
FBGN0036056	146	92	40	80	47	73
FBGN0035427	575	622	488	370	464	455
FBGN0036607	41	25	53	11	19	11
FBGN0036710	5207	5639	3944	3795	4007	3966
FBGN0016715	614	705	529	213	258	268
FBGN0260458	189	162	98	121	69	216
FBGN0035795	18	30	25	30	51	23
FBGN0035887	104	164	101	12	7	14
FBGN0002945	26498	25514	19787	25046	27822	27545
FBGN0036482	51	86	99	60	67	78
FBGN0036352	20	11	42	34	14	38
FBGN0036257	12397	12493	9361	8488	9000	8953
FBGN0035848	1290	934	791	1005	1009	1131
FBGN0004910	145	198	115	52	73	39
FBGN0052199	33	53	35	43	44	17
FBGN0260397	4171	4441	3630	4109	4705	5017
FBGN0261530	2820	3006	2278	1655	1847	1988
FBGN0037078	44	13	35	25	2	25
FBGN0036192	527	526	338	372	429	249
FBGN0053993	1700	1476	1365	1411	1496	1627
FBGN0036938	8	19	14	18	12	1
FBGN0035951	2719	3344	2189	1980	2658	2587
FBGN0036947	74	62	31	14	15	56
FBGN0020644	308	930	304	2099	545	1595
FBGN0052091	787	668	711	832	816	863
FBGN0011762	1546	1437	1159	1008	1203	1111
FBGN0267348	27943	26732	21549	31026	33365	34582
FBGN0036704	36	0	4	22	16	12
FBGN0026404	7309	7178	6024	3624	4712	3765
FBGN0036419	588	605	418	600	858	666
FBGN0036689	398	413	216	368	551	560
FBGN0261526	783	838	802	798	1157	937
FBGN0036879	2	10	7	30	23	7
FBGN0037115	234	172	172	315	233	279
FBGN0053926	36	5	36	4	22	9
FBGN0035372	1898	2113	1718	1491	1725	1832
FBGN0036177	5	3	12	4	11	7
FBGN0266757	166	162	115	103	101	89
FBGN0036831	15	20	29	35	11	15
FBGN0036538	2375	2547	2094	1736	2141	2168
FBGN0015805	24270	26191	20386	26883	29415	28459
FBGN0035923	2907	2542	2125	1954	2340	2245
FBGN0036799	2	15	10	12	13	12
FBGN0085290	253	357	247	156	273	158
FBGN0086611	29	62	24	25	13	37
FBGN0000212	35672	37164	27430	35797	38416	38161
FBGN0052232	116	127	74	61	66	29
FBGN0085456	64	27	29	40	3	14
FBGN0054057	98	142	114	112	119	77
FBGN0035704	2429	2370	1833	2064	2198	1988
FBGN0260657	119	128	93	90	77	26
FBGN0036094	30	61	19	10	32	5
FBGN0040291	17	32	25	2	3	13
FBGN0052179	807	964	768	691	926	892
FBGN0035772	13341	13047	11040	7957	9586	8577
FBGN0020388	9527	9672	7149	4957	5717	6022
FBGN0035173	226	338	305	112	144	86
FBGN0000568	35821	33926	25639	37848	40619	38874
FBGN0036974	17348	17657	14751	10619	13754	13073
FBGN0015239	8325	8457	6674	6730	7241	7569
FBGN0035462	2246	2407	1591	1805	1948	1838
FBGN0035157	651	872	465	771	693	809
FBGN0035148	1608	1699	1175	928	1038	1094
FBGN0001224	39721	39350	32708	19053	24794	19679
FBGN0085297	8	10	19	5	6	4
FBGN0004888	8593	9439	7240	9513	11313	10613
FBGN0037140	47	68	21	92	59	13
FBGN0041194	253	246	183	71	53	22
FBGN0260646	25	11	7	3	15	9
FBGN0036891	765	863	516	319	425	346
FBGN0010825	31463	30834	23526	41247	44992	46263
FBGN0052391	44	25	18	50	9	23
FBGN0263606	354	354	305	282	264	229
FBGN0083068	106	86	86	35	30	55
FBGN0035945	3478	3865	2915	3407	3763	4298
FBGN0037164	3009	3058	2275	1973	1930	2879
FBGN0040074	32	4	15	18	2	13
FBGN0015904	10901	11094	8192	10251	11872	12494
FBGN0035233	425	380	373	362	441	295
FBGN0035954	1593	1898	1406	1678	1726	1994
FBGN0036258	22401	24772	17697	18154	20413	21143
FBGN0286893	11	7	13	3	1	4
FBGN0040475	4937	5241	4051	4368	4259	4886
FBGN0037107	68	34	30	26	17	27
FBGN0011653	13036	12872	9679	12260	12016	11515
FBGN0002778	2474	2351	2069	1351	1745	1465
FBGN0052376	17	18	30	25	15	5
FBGN0010235	9135	9209	7213	6728	8188	7503
FBGN0053983	29	54	19	8	30	3
FBGN0035607	324	386	162	156	60	86
FBGN0035844	23719	24704	19386	31609	36432	33979
FBGN0036801	2736	2507	1933	3024	3381	3676
FBGN0052407	88	131	57	24	23	6
FBGN0036687	76	20	44	65	28	69
FBGN0035831	795	1155	801	731	677	637
FBGN0028999	56	46	42	72	14	74
FBGN0035256	38	82	12	38	22	28
FBGN0053710	13	20	22	11	1	3
FBGN0036286	3750	3778	2698	3133	3249	3088
FBGN0036391	36	85	55	77	55	84
FBGN0040322	460	519	349	192	148	141
FBGN0035529	570	598	433	430	417	356
FBGN0036591	38	45	20	13	17	32
FBGN0037001	7850	7254	6278	4677	5294	5983
FBGN0261635	0	0	12	9	4	0
FBGN0036342	930	1137	780	677	635	595
FBGN0037076	327	443	252	172	312	319
FBGN0036498	24	47	9	9	8	7
FBGN0037008	728	882	636	552	637	503
FBGN0020637	72	86	26	65	28	44
FBGN0260965	5516	5524	4328	5539	6547	5667
FBGN0040298	1237	1561	1038	1017	1469	1301
FBGN0036366	983	1142	849	849	991	1079
FBGN0020638	77	106	25	60	30	29
FBGN0000541	59138	61557	46476	68595	78783	70008
FBGN0036263	3236	3187	2474	2077	2251	2375
FBGN0036085	17	7	7	9	6	6
FBGN0035551	170	445	133	151	87	53
FBGN0053523	3643	3783	2968	2993	3107	3208
FBGN0035577	113	77	69	38	71	9
FBGN0035656	216	82	84	128	115	145
FBGN0036629	419	447	410	462	348	304
FBGN0259163	3700	4014	3164	5336	5089	5453
FBGN0036639	25	17	16	23	15	0
FBGN0035413	22	15	9	10	10	2
FBGN0036518	7786	7238	6193	8706	9631	10383
FBGN0052039	233	242	221	116	173	107
FBGN0052198	50	129	60	5	19	1
FBGN0035383	3993	3429	2565	2568	3205	3395
FBGN0027080	7097	7354	5185	6266	7444	8010
FBGN0035889	3560	3430	2645	2888	2837	2842
FBGN0000357	36	29	31	13	13	15
FBGN0036411	47	19	29	29	2	24
FBGN0036024	37	27	34	26	2	23
FBGN0035685	3	11	22	0	1	3
FBGN0052163	615	659	628	258	312	366
FBGN0011509	3738	3850	2920	2435	2860	2723
FBGN0015946	15	28	3	1	2	11
FBGN0263599	32772	31188	24475	30446	32654	34200
FBGN0035209	783	648	676	543	810	688
FBGN0035686	44	19	51	5	23	26
FBGN0036909	1701	1940	1230	1067	1146	1022
FBGN0035483	644	648	528	357	499	415
FBGN0036273	607	722	451	710	805	832
FBGN0261360	4184	3966	2974	4969	5898	5704
FBGN0036999	931	1090	860	613	872	593
FBGN0266124	659	759	693	367	439	432
FBGN0010352	15097	15590	11948	13872	15541	16099
FBGN0036504	31	51	28	24	4	11
FBGN0036622	43	34	16	16	6	17
FBGN0261283	13171	13698	10752	14415	14323	15976
FBGN0036020	3298	3543	2479	2314	2373	2608
FBGN0035947	12171	12554	9808	8216	8844	9295
FBGN0261799	536	497	397	524	527	430
FBGN0036940	44	36	20	6	11	6
FBGN0040809	9	4	0	8	0	7
FBGN0010830	2216	2637	2015	2324	2608	2382
FBGN0264307	528	590	455	627	610	629
FBGN0040230	5237	5092	4275	6518	7496	8114
FBGN0036522	14737	14874	11718	13490	16082	15509
FBGN0035437	7038	7334	5971	6906	7771	7986
FBGN0036872	71	16	68	55	21	18
FBGN0262484	15	1	10	24	4	2
FBGN0259785	39353	40636	30848	42833	46050	47164
FBGN0260643	28	1	16	2	0	0
FBGN0261723	78	49	63	60	32	33
FBGN0035380	51	72	23	4	6	4
FBGN0035636	168	156	143	52	78	74
FBGN0035553	4065	4537	3004	446	1098	527
FBGN0037185	620	616	470	529	689	525
FBGN0035583	37	32	18	30	25	0
FBGN0020642	47	83	15	3	8	4
FBGN0036574	4372	4806	3569	5250	6206	6400
FBGN0035791	13	39	25	8	15	5
FBGN0262351	18	25	16	7	10	1
FBGN0250814	10892	9639	8962	6643	8107	8571
FBGN0036000	3748	4072	2702	2913	3362	3137
FBGN0036218	118	40	14	40	31	26
FBGN0020294	13040	13858	9896	14478	16001	15873
FBGN0035824	991	1115	915	1009	1297	1419
FBGN0037195	57	23	33	15	8	33
FBGN0036942	26	20	34	49	20	23
FBGN0035988	369	373	148	554	609	530
FBGN0052260	151	45	97	90	19	60
FBGN0267429	55	23	20	19	8	35
FBGN0262100	15	28	20	35	24	26
FBGN0035453	41	29	108	59	33	32
FBGN0036360	15	61	49	58	54	6
FBGN0037068	11	0	4	0	11	3
FBGN0052432	156	100	120	124	108	67
FBGN0037031	909	1250	610	1003	855	1190
FBGN0263605	2825	2798	2168	2086	2613	2688
FBGN0035335	1204	1647	1088	830	783	906
FBGN0036935	83	84	33	54	19	16
FBGN0040697	13	22	5	4	11	22
FBGN0036793	30	8	22	27	4	27
FBGN0260635	19507	21061	16434	14496	16673	16640
FBGN0035152	420	528	395	342	419	291
FBGN0017429	1685	1637	1325	1477	1236	1581
FBGN0052112	697	880	735	619	737	708
FBGN0036962	23	49	35	22	5	9
FBGN0003206	2116	2146	1921	2035	1974	2555
FBGN0035665	1996	1780	1428	189	122	300
FBGN0263988	98	56	53	77	69	28
FBGN0035785	78	21	57	9	34	10
FBGN0035625	17347	18753	13895	7057	12647	7013
FBGN0035521	0	0	0	5	1	7
FBGN0004425	36	14	33	73	40	91
FBGN0036096	7123	7219	5838	4544	5369	5541
FBGN0052117	21	39	23	16	0	19
FBGN0035238	1397	1212	1170	1374	1361	1392
FBGN0016794	4964	4795	3812	3968	4916	4871
FBGN0041775	38608	33260	29840	36234	38736	39504
FBGN0259481	3727	3463	3129	3759	4011	3385
FBGN0267849	2676	3060	2359	2243	2822	2584
FBGN0042131	66	27	36	44	50	12
FBGN0036590	25	0	26	12	21	30
FBGN0053278	74	14	14	8	6	12
FBGN0260941	3516	3294	2618	4286	4125	3981
FBGN0261574	44685	46181	35516	57248	68286	59621
FBGN0001108	6997	7459	6088	6696	8038	8188
FBGN0035312	95	41	48	25	0	1
FBGN0001253	64674	61350	52198	32637	48012	33325
FBGN0260968	20	45	13	10	7	0
FBGN0036170	38	31	26	11	23	8
FBGN0036014	298	240	188	399	322	289
FBGN0036684	3910	4216	3434	5472	5772	5684
FBGN0027660	7163	7592	5979	7831	8342	8951
FBGN0052371	42	12	10	14	30	31
FBGN0035272	2378	2378	1789	1406	1473	1595
FBGN0035153	311	370	331	203	316	159
FBGN0266696	25955	26493	20456	32396	34326	34602
FBGN0035240	102	86	88	35	106	103
FBGN0264707	6131	6324	5296	6359	7593	6973
FBGN0001256	432	464	246	46	86	54
FBGN0063670	1053	1276	900	623	719	578
FBGN0261294	4	44	3	19	4	20
FBGN0263034	5	0	14	6	17	5
FBGN0035888	44	50	48	52	51	14
FBGN0041171	15133	15336	11720	14612	16069	16416
FBGN0003462	10244	10833	8353	5920	7111	7760
FBGN0036279	7780	8306	6454	7642	8900	9267
FBGN0004635	487	708	467	337	296	412
FBGN0036750	163	196	154	100	54	10
FBGN0036729	16	10	9	20	18	0
FBGN0052266	0	9	11	6	15	14
FBGN0260936	16440	16369	12809	14078	16279	15372
FBGN0035743	9	20	17	19	15	59
FBGN0266101	7307	7008	5013	8267	8098	8217
FBGN0011693	38	63	36	9	12	12
FBGN0036410	352	298	276	123	113	33
FBGN0047000	3	9	13	13	10	5
FBGN0052457	23	35	10	38	1	9
FBGN0036382	328	307	312	239	284	254
FBGN0035523	6914	8394	6146	6154	7028	6802
FBGN0035563	6	24	1	19	0	0
FBGN0036417	608	687	522	29	111	49
FBGN0037199	1974	1816	1716	1231	1268	1353
FBGN0083952	582	645	293	192	253	265
FBGN0036199	835	765	696	679	699	756
FBGN0040796	399	330	367	99	188	88
FBGN0036221	17	0	15	27	8	15
FBGN0263647	9	0	11	0	16	19
FBGN0052190	21507	19251	16262	15069	17899	16436
FBGN0010215	19480	21321	15811	14963	17401	15688
FBGN0035179	94	146	49	72	42	26
FBGN0264516	6	4	6	28	5	12
FBGN0036859	49	99	90	28	38	54
FBGN0035867	1412	1563	986	851	986	938
FBGN0036433	4615	4823	3669	2135	2865	1989
FBGN0036598	19	31	29	8	3	17
FBGN0035969	84	36	42	57	34	24
FBGN0035750	30	13	14	18	4	10
FBGN0036225	24	32	5	0	14	17
FBGN0035687	38	73	33	48	37	21
FBGN0036705	3	20	5	3	2	8
FBGN0036918	2940	3072	2424	1915	2249	2657
FBGN0036547	6844	6914	5156	7299	7777	8612
FBGN0261858	103	70	62	53	78	70
FBGN0036466	2	24	15	2	11	0
FBGN0052277	9	17	22	0	8	1
FBGN0035228	4223	4465	4096	4099	4904	5666
FBGN0261952	18	1	10	5	5	23
FBGN0036826	362	591	273	219	369	342
FBGN0035533	9922	10378	7436	9435	10974	9653
FBGN0037206	552	545	398	254	278	327
FBGN0260987	7562	7565	5509	5935	6969	5672
FBGN0035793	12342	11683	9406	13766	14755	15310
FBGN0266084	4301	4404	3418	4973	5480	5369
FBGN0004381	896	885	725	862	1116	1113
FBGN0028429	2931	2628	2572	2159	2593	2487
FBGN0036952	214	210	155	30	18	64
FBGN0004449	39348	39276	30231	49617	51894	53528
FBGN0042119	14	30	8	31	28	3
FBGN0036487	4221	4586	3639	3267	4216	4351
FBGN0052249	852	2383	775	1081	544	1013
FBGN0260396	33	13	7	5	8	12
FBGN0014011	2045	1921	1443	2035	1964	2273
FBGN0040801	633	782	479	605	708	965
FBGN0027554	2869	3505	2544	2562	3069	2575
FBGN0052192	1	0	0	8	2	0
FBGN0037036	13	48	19	12	5	11
FBGN0262896	14	1	3	0	2	0
FBGN0036556	4467	3584	2857	3557	4005	3701
FBGN0000116	63788	63053	53313	45833	50412	53631
FBGN0036381	243	235	232	46	114	51
FBGN0036191	3073	3129	2455	2449	2374	2711
FBGN0037005	133	216	100	131	169	227
FBGN0036217	35	0	5	19	10	3
FBGN0052238	92	40	16	22	12	11
FBGN0036610	12	10	14	2	24	29
FBGN0035432	4565	4431	3715	3576	4043	3897
FBGN0036195	76	25	18	41	22	15
FBGN0266441	3958	4439	3282	5143	4976	5260
FBGN0036596	96	82	83	33	51	38
FBGN0286833	213	110	112	132	101	77
FBGN0037203	114	149	73	50	40	44
FBGN0037071	833	641	589	576	602	515
FBGN0041100	818	822	650	502	761	641
FBGN0029117	1014	1281	854	590	834	894
FBGN0052203	25	24	43	59	61	43
FBGN0053170	1054	1225	1027	457	533	469
FBGN0026570	673	622	453	449	539	390
FBGN0265084	60	52	29	36	55	95
FBGN0036730	56	27	13	24	6	20
FBGN0053060	6	1	3	6	20	3
FBGN0261059	53	67	14	2	1	6
FBGN0035586	883	760	641	682	678	751
FBGN0285896	952	820	739	716	779	870
FBGN0035393	2325	2325	1909	1122	1476	895
FBGN0288310	4863	5073	3629	6158	6239	6252
FBGN0036259	15	30	19	41	2	5
FBGN0052479	30905	29116	22455	37871	40442	41276
FBGN0035776	50	42	32	20	30	16
FBGN0036752	375	316	284	121	87	94
FBGN0052320	28	57	58	90	32	25
FBGN0036058	5415	5569	4268	4292	4533	5127
FBGN0036053	3231	3303	2822	2814	2983	3061
FBGN0036178	3	20	6	2	19	4
FBGN0037106	2568	2836	2308	2364	2805	2844
FBGN0035268	3587	3816	2951	3441	3365	4127
FBGN0035216	91	43	20	57	0	6
FBGN0037181	12894	13443	10488	1716	1759	4129
FBGN0035876	407	508	381	372	412	259
FBGN0035788	42	54	49	33	18	16
FBGN0035675	946	1494	717	376	431	470
FBGN0086694	14735	15929	11440	17698	19113	19682
FBGN0036029	21	22	20	25	5	46
FBGN0035294	4029	4073	3614	3921	3941	4118
FBGN0023129	535	593	479	343	590	283
FBGN0011828	4342	4752	3702	1141	978	797
FBGN0261402	83	39	61	63	35	30
FBGN0036881	136	134	115	61	69	26
FBGN0035574	4576	4542	3644	5484	5867	5811
FBGN0037011	2547	2340	2020	724	1007	1154
FBGN0058470	127	214	105	20	49	49
FBGN0085485	24	27	33	21	10	13
FBGN0013303	2561	2935	2233	1794	1684	1806
FBGN0036220	10	24	16	18	10	14
FBGN0035741	32	61	47	14	21	12
FBGN0000121	28	63	27	43	70	33
FBGN0028695	24518	23404	19347	21435	24088	25000
FBGN0035694	7	12	8	13	2	0
FBGN0035370	44114	44002	37113	30828	33366	33309
FBGN0052100	1363	1536	1069	1270	1691	1447
FBGN0037120	1914	1777	1531	2022	2231	2235
FBGN0035444	498	337	251	230	300	310
FBGN0259175	2899	2871	2339	3612	3664	3580
FBGN0016034	348	285	194	126	146	105
FBGN0053796	2	32	3	40	13	12
FBGN0036810	60	19	30	35	12	19
FBGN0035742	0	7	0	10	4	15
FBGN0035409	58	73	18	13	0	27
FBGN0036621	9600	9451	7264	8371	9117	9112
FBGN0020655	6144	6552	4709	5406	5975	6302
FBGN0001227	9982	10349	8094	5199	7113	6297
FBGN0035166	992	1270	1028	1105	1033	1096
FBGN0042185	1225	1241	935	1165	1460	1322
FBGN0004870	358	276	166	165	274	271
FBGN0036421	8	13	0	32	6	4
FBGN0028789	1916	1873	1319	1625	1820	2404
FBGN0036742	57	72	89	116	46	75
FBGN0036131	18	7	12	25	34	0
FBGN0015283	12513	13495	11103	9983	11254	10961
FBGN0035422	106311	83390	83989	86007	99847	104272
FBGN0262030	10	0	3	7	9	0
FBGN0085298	28	25	39	25	6	5
FBGN0085458	23	5	40	30	4	5
FBGN0036804	1415	1477	1104	967	1113	1162
FBGN0036663	8707	9348	7418	14281	14449	16215
FBGN0013753	3839	3661	3243	4564	4561	5115
FBGN0037024	3340	3899	2708	3057	3351	3960
FBGN0264305	2831	2547	2158	2838	3081	3513
FBGN0036040	456	496	421	413	419	382
FBGN0036681	31	25	1	27	2	9
FBGN0035517	839	1047	557	678	850	883
FBGN0052219	14	15	16	27	5	4
FBGN0035550	279	509	187	80	104	729
FBGN0052284	16	20	24	40	12	15
FBGN0250848	18991	19470	16083	16374	18110	20163
FBGN0036614	1768	1653	1144	1994	2258	2025
FBGN0037146	521	668	512	75	108	114
FBGN0052241	273	270	144	541	164	318
FBGN0263600	4522	4877	3440	5180	5982	5807
FBGN0036448	18401	18225	14182	16791	18414	17954
FBGN0052271	12	21	29	15	16	4
FBGN0016983	23615	23340	18478	20905	23336	23007
FBGN0028484	3443	3870	3051	4162	4165	4482
FBGN0047038	2033	2254	1598	1262	1578	1696
FBGN0052374	15	0	28	34	4	23
FBGN0035299	97	101	40	26	6	37
FBGN0026738	3241	3185	2738	2070	2670	2495
FBGN0027547	4826	4729	3898	3277	3541	3529
FBGN0037085	23	26	16	7	5	25
FBGN0264747	12	55	37	15	19	18
FBGN0004926	31041	30669	26332	18456	21798	19434
FBGN0035464	11519	13107	9460	9824	10941	10445
FBGN0013799	4663	4103	3556	4715	4904	5051
FBGN0014163	93222	91570	78099	80460	87904	92268
FBGN0035434	330	566	254	12	54	57
FBGN0263602	891	884	807	775	941	951
FBGN0035513	156	175	104	88	86	71
FBGN0036569	1392	1073	957	994	1357	1397
FBGN0026259	29196	30328	24068	23708	27370	26438
FBGN0027552	751	576	557	805	810	738
FBGN0001320	3608	3888	2696	2971	2830	3242
FBGN0014037	14350	12777	10973	17305	17889	17503
FBGN0001168	3608	3624	2851	3841	4409	5304
FBGN0036390	21	0	2	0	2	4
FBGN0085280	12	15	25	7	17	3
FBGN0037182	9885	9603	7953	7318	8147	8778
FBGN0283472	7859	7675	6292	7437	7816	8274
FBGN0036310	51	91	91	20	20	25
FBGN0036287	1019	1348	912	883	1242	915
FBGN0035388	7333	7044	5404	7242	8018	8478
FBGN0261633	24	2	1	0	2	8
FBGN0011206	313	346	254	200	168	162
FBGN0036588	64	6	17	26	8	2
FBGN0262022	7	0	6	0	0	0
FBGN0035593	4989	4571	3875	2909	3454	3436
FBGN0027843	284	364	225	105	55	138
FBGN0043806	58	26	30	11	21	11
FBGN0036089	20	19	10	15	4	22
FBGN0040296	267	314	195	318	374	313
FBGN0035663	12	34	20	8	15	0
FBGN0035478	51	18	51	8	0	9
FBGN0035375	2730	3079	2408	2313	2847	2800
FBGN0052177	1825	1858	1516	1597	1712	2112
FBGN0266709	131	87	78	138	125	175
FBGN0036124	9229	9229	7328	7240	8758	8561
FBGN0262007	27	44	14	13	14	26
FBGN0020389	3109	2767	2151	2409	2409	2461
FBGN0040694	26	9	6	2	1	6
FBGN0052243	4699	4586	3918	2537	3224	2651
FBGN0087007	25986	25515	19611	26898	30692	28291
FBGN0266918	1560	1392	1164	1612	1598	1846
FBGN0004373	15395	15129	11332	16293	18048	16639
FBGN0261832	18	60	13	0	6	11
FBGN0021760	13962	13669	9920	12339	14354	14822
FBGN0036181	1505	1178	721	321	546	415
FBGN0000109	633	553	427	150	237	202
FBGN0020300	521	653	466	595	714	583
FBGN0053703	4	15	11	0	6	0
FBGN0036905	52	23	22	15	0	10
FBGN0004895	106	44	39	7	8	13
FBGN0035756	123	107	38	153	67	15
FBGN0053287	93	25	80	58	50	30
FBGN0035649	92	94	89	48	21	12
FBGN0035382	91	35	25	33	16	5
FBGN0286933	3	0	18	4	3	3
FBGN0040794	26	24	9	0	1	12
FBGN0035907	1193	1123	821	725	828	814
FBGN0036659	184	103	190	41	21	32
FBGN0003741	1797	1478	1434	1161	1319	1084
FBGN0020639	12	4	15	19	1	0
FBGN0010762	20289	18859	16150	24423	24093	25867
FBGN0036206	111	121	66	98	29	39
FBGN0261112	2412	2629	1760	1378	1810	1740
FBGN0035674	1077	1065	711	949	1055	835
FBGN0004179	5995	6530	4672	7418	7217	8754
FBGN0052343	2547	2789	1897	1920	2243	2309
FBGN0010741	5761	6373	5260	3865	4338	3881
FBGN0053986	8	32	0	17	3	3
FBGN0003377	2037	3466	2550	125	1640	135
FBGN0085285	63	36	31	37	21	45
FBGN0086690	10943	11681	8700	12787	13948	12943
FBGN0037050	87	115	64	183	160	162
FBGN0250849	19	9	2	1	0	1
FBGN0260960	2284	2096	1952	1577	1586	1789
FBGN0083978	3724	3570	2948	2241	2901	2892
FBGN0036671	3924	3808	2859	3040	3421	3536
FBGN0036731	35	0	8	14	23	0
FBGN0035384	12	8	5	10	3	4
FBGN0035786	44	18	3	8	3	0
FBGN0036449	232	210	203	246	198	210
FBGN0036298	5712	6332	5098	3573	4304	4227
FBGN0013469	6801	6911	5577	7176	8603	7928
FBGN0035112	44	20	17	11	1	20
FBGN0259164	201	206	135	62	61	50
FBGN0036712	57	70	37	28	39	19
FBGN0263392	98436	93915	74823	139184	143307	149310
FBGN0025592	2522	2801	2244	1770	2029	1867
FBGN0037014	147	68	69	80	64	73
FBGN0036509	3633	3888	3182	3044	3756	3683
FBGN0036679	9	8	11	7	0	4
FBGN0035631	7482	7887	6785	5210	6268	5526
FBGN0025676	2856	2454	1859	1755	2337	1995
FBGN0036356	913	995	569	452	570	775
FBGN0036474	155	90	112	106	82	94
FBGN0000560	167	193	123	142	181	160
FBGN0035868	216	144	200	63	55	79
FBGN0037009	1365	1725	1303	774	1431	1016
FBGN0035679	1389	1127	1130	882	949	1165
FBGN0036754	2879	2839	2094	1899	2436	1993
FBGN0003415	23125	22745	17244	25910	28862	27150
FBGN0036441	8	24	4	3	1	0
FBGN0037109	13937	14239	11334	13755	14578	15920
FBGN0035771	11627	11735	9268	10366	11632	12232
FBGN0036789	104	147	152	99	253	326
FBGN0052056	5076	4796	4095	3894	4651	4678
FBGN0036829	99	76	38	46	71	17
FBGN0260459	2	5	13	8	6	7
FBGN0036707	30	82	76	60	19	44
FBGN0035780	8	45	17	4	15	13
FBGN0011455	5284	5089	3762	3029	3756	3536
FBGN0261674	1700	1627	1115	1730	1554	1812
FBGN0037116	4450	4193	3122	3888	4077	4356
FBGN0036732	7819	7041	5912	6447	6998	8145
FBGN0011769	584	562	531	530	555	407
FBGN0040239	645	670	576	355	428	346
FBGN0017578	3914	3344	2988	2438	2760	2339
FBGN0036154	28	58	36	40	9	4
FBGN0085736	3317	4497	3386	1920	2786	2178
FBGN0287590	1012	1147	825	367	518	439
FBGN0036023	34	9	2	17	21	35
FBGN0266452	10928	11269	8377	8398	10240	10347
FBGN0035996	745	841	547	286	373	372
FBGN0262581	25	3	7	8	5	0
FBGN0036862	908	885	866	1668	1528	1888
FBGN0020248	22	36	59	20	17	40
FBGN0052058	38	80	19	59	13	16
FBGN0264606	148	64	85	118	56	77
FBGN0287186	57	85	76	138	73	13
FBGN0036519	1244	1173	1163	1119	1225	1096
FBGN0035149	1749	1771	1215	1336	1320	1414
FBGN0036336	1221	1289	850	1040	1159	935
FBGN0259916	258	248	167	149	198	212
FBGN0052212	22	38	24	31	22	14
FBGN0264561	11803	12919	10122	13477	15140	15509
FBGN0036667	1474	1817	1464	689	828	542
FBGN0036603	46	57	34	8	9	7
FBGN0261562	3271	3531	2617	3028	2836	3065
FBGN0259971	23	0	4	7	3	0
FBGN0036929	5628	5911	4163	3813	4714	3971
FBGN0004401	60964	56364	49776	51774	55870	57058
FBGN0036184	1982	2099	1745	1326	1379	1605
FBGN0035197	24	21	46	23	13	3
FBGN0027364	46	25	15	10	38	16
FBGN0035617	12550	11779	11000	12943	15147	13219
FBGN0040798	16	54	0	6	8	3
FBGN0035134	22	24	38	24	15	27
FBGN0035871	5913	6325	5249	3882	4217	3874
FBGN0036868	99	98	46	36	3	5
FBGN0002284	11779	13763	9821	10833	12270	12335
FBGN0036770	551	559	459	609	674	556
FBGN0023197	13	33	11	32	2	6
FBGN0287585	3446	3460	2934	2651	2825	3709
FBGN0263036	81	64	26	13	29	2
FBGN0035678	273	378	306	193	256	170
FBGN0036698	297	417	354	332	453	274
FBGN0035287	65	103	77	132	76	143
FBGN0053771	15	19	37	0	0	10
FBGN0035847	81	56	55	36	26	26
FBGN0052071	15	12	10	20	1	4
FBGN0004590	81	142	143	26	18	2
FBGN0036996	129	126	117	111	34	216
FBGN0028427	3581	3415	2878	2571	2591	2681
FBGN0035816	165	212	131	598	505	641
FBGN0001226	111313	121250	98034	54598	70932	60266
FBGN0053688	40	12	32	7	6	11
FBGN0035477	58	69	55	61	32	55
FBGN0004513	172	111	232	142	121	137
FBGN0036099	3419	3641	2675	3498	3814	4161
FBGN0036136	3317	3382	2398	2246	2527	2675
FBGN0022774	926	1065	594	231	422	265
FBGN0035853	6180	6421	5279	4587	4731	4825
FBGN0036052	2913	2590	1912	2288	2578	2663
FBGN0035481	63	67	63	27	12	74
FBGN0287696	2517	2324	1719	1872	2025	2080
FBGN0054039	739	723	763	442	551	487
FBGN0014073	1422	1172	973	1390	1313	1466
FBGN0262035	94	123	91	51	109	30
FBGN0036985	3820	4130	2738	2504	1379	2775
FBGN0036908	7363	9047	6509	6101	7314	6774
FBGN0037045	309	357	238	251	220	221
FBGN0035612	32490	30752	25218	22987	26280	20883
FBGN0052453	8	5	6	24	9	38
FBGN0035318	3178	3490	2946	3295	3331	3569
FBGN0052087	64	42	28	66	18	26
FBGN0004852	203	133	173	94	64	115
FBGN0040832	28	14	22	9	13	32
FBGN0010417	5759	5679	4312	4384	4739	5447
FBGN0261934	40301	35843	29964	43292	47057	44108
FBGN0044050	26	19	15	29	2	0
FBGN0262855	9	11	10	11	2	4
FBGN0036266	1135	1021	871	748	862	724
FBGN0025582	25303	25698	19234	18022	20076	20878
FBGN0035866	1077	1329	1070	977	1007	865
FBGN0036821	996	1166	783	578	700	540
FBGN0259720	1711	1741	1469	1384	1407	1538
FBGN0036760	746	777	722	434	630	557
FBGN0023479	1626	1405	1103	586	451	287
FBGN0037172	2	11	14	1	5	1
FBGN0063485	15301	14729	10657	14304	15740	15501
FBGN0035737	601	768	474	494	571	501
FBGN0052103	4133	4154	3145	4670	5344	5382
FBGN0261090	60	61	34	54	32	34
FBGN0035823	31	24	14	0	31	17
FBGN0036941	35	18	43	19	29	21
FBGN0037065	69	49	25	21	16	12
FBGN0036579	924	1016	780	726	710	827
FBGN0259969	12	10	15	2	0	1
FBGN0001216	36	43	40	44	33	7
FBGN0036500	4468	4532	3262	2428	2997	2410
FBGN0035779	46	31	26	33	10	6
FBGN0000594	78	100	91	37	34	50
FBGN0263831	1517	1684	1067	1442	1500	1415
FBGN0037163	32	55	32	31	27	5
FBGN0011327	9125	9974	8285	7127	9090	8331
FBGN0036811	2768	2726	1999	1930	2299	2785
FBGN0026320	7085	6966	5565	5536	6350	6712
FBGN0036994	2290	2166	1985	1939	2072	2337
FBGN0261445	5170	5355	3790	3702	4058	3459
FBGN0005533	101896	91319	77271	121680	138819	140395
FBGN0035942	992	1205	975	994	1214	1065
FBGN0259739	7	29	11	16	12	7
FBGN0043025	69	38	47	41	38	4
FBGN0261565	6140	6396	4782	7997	9337	8466
FBGN0259174	8010	8272	6263	8110	8597	8786
FBGN0052436	244	89	71	130	82	108
FBGN0036237	5056	5320	4374	4058	4985	4772
FBGN0004589	144	107	115	4	6	4
FBGN0036377	45	51	26	20	26	8
FBGN0262719	13587	14204	10841	15564	16161	17204
FBGN0035936	1173	1054	937	1101	1066	1179
FBGN0003089	2917	3139	2056	3240	3203	3114
FBGN0027339	23239	22875	17305	29281	28918	31421
FBGN0036022	32	7	27	15	4	14
FBGN0003710	53	62	36	73	36	39
FBGN0037150	2599	2461	2242	2288	3235	3122
FBGN0035861	55	23	24	20	21	4
FBGN0011569	66	62	64	107	38	17
FBGN0264696	2	0	3	3	4	3
FBGN0262813	22	4	1	11	6	6
FBGN0036915	7220	7019	5948	7533	8707	9331
FBGN0052095	1228	1404	1096	1134	1080	1118
FBGN0052152	1091	1117	790	2177	2205	1430
FBGN0035285	1806	2181	1673	1695	1716	1728
FBGN0026263	16107	16521	13044	9489	11143	9752
FBGN0259243	4016	3822	3064	3677	4091	3999
FBGN0052301	167	99	73	4	32	12
FBGN0005694	6357	5405	4598	4688	5002	4898
FBGN0001228	68	33	13	15	32	13
FBGN0035916	1423	1520	1144	1425	1447	1562
FBGN0263241	1018	972	748	528	545	771
FBGN0035720	33342	31617	25018	36465	39648	40555
FBGN0036490	4	12	18	2	3	19
FBGN0085277	20	10	18	13	11	30
FBGN0287184	1754	1824	1486	230	181	154
FBGN0036924	30	8	1	7	11	1
FBGN0035263	9	42	19	26	6	2
FBGN0266962	16	14	14	5	1	0
FBGN0035762	2536	2646	2087	2042	2554	2455
FBGN0036668	18227	17313	13651	16487	18050	17250
FBGN0036527	66	25	53	32	23	39
FBGN0035800	55	105	59	39	9	30
FBGN0286941	13	14	8	13	4	9
FBGN0040020	1934	1977	1285	823	1427	1118
FBGN0036775	3357	3272	2592	3036	3045	3217
FBGN0001254	306140	310168	242623	203864	273076	214609
FBGN0036676	72	101	66	106	79	56
FBGN0262524	1485	1633	1087	260	291	338
FBGN0263352	12126	11630	9298	15642	17234	15107
FBGN0052085	128	94	93	28	15	42
FBGN0035246	69	30	45	61	56	158
FBGN0035187	44	61	25	15	20	33
FBGN0035470	1571	1584	1039	1101	1362	1165
FBGN0041231	29	27	22	18	4	20
FBGN0262986	5	1	1	11	2	0
FBGN0052311	8856	7934	6693	12953	11889	13056
FBGN0053159	9	10	37	11	9	8
FBGN0035918	2528	2329	2341	3156	3075	3588
FBGN0036977	52	78	30	10	14	21
FBGN0035584	16	0	16	10	10	4
FBGN0037179	2	16	4	24	3	24
FBGN0036856	1547	1632	1299	1261	1462	1472
FBGN0035690	3636	3513	2728	3766	3821	4325
FBGN0036436	8471	8405	6440	4604	6594	5519
FBGN0015919	12095	12378	9861	12343	13724	15673
FBGN0036332	593	819	583	382	439	522
FBGN0004228	29	8	4	6	3	0
FBGN0263973	216	158	129	142	49	70
FBGN0052208	153	113	149	31	43	48
FBGN0052228	120	72	78	65	16	36
FBGN0035227	6388	7029	5026	6629	7115	6874
FBGN0037127	824	643	575	875	614	824
FBGN0036368	99	141	169	116	51	174
FBGN0052406	37	60	59	38	10	29
FBGN0035975	166	141	134	111	135	65
FBGN0036816	4092	4126	3423	3766	4231	3620
FBGN0035097	67	40	18	44	14	4
FBGN0052029	719	910	621	978	1001	1162
FBGN0053912	28	12	7	30	1	2
FBGN0000565	2728	2672	2260	1982	2059	2084
FBGN0001085	13037	13378	10568	13940	15060	15546
FBGN0035253	21061	21465	17468	20021	21955	22364
FBGN0035281	37	8	31	27	11	17
FBGN0036764	1582	1721	1350	1448	1296	1700
FBGN0035856	63	41	40	25	11	8
FBGN0029002	32438	32521	25626	24017	29636	26449
FBGN0036777	343	362	380	305	339	348
FBGN0036512	2752	3366	2585	2344	2904	2727
FBGN0036075	64	28	12	20	9	15
FBGN0267796	2325	2148	1670	1508	1507	1383
FBGN0035196	8	34	12	27	5	14
FBGN0004569	695	729	663	1206	1400	1305
FBGN0037017	716	693	509	396	417	318
FBGN0052262	208	167	145	164	105	80
FBGN0036396	874	977	778	648	936	758
FBGN0036186	479	546	428	367	279	319
FBGN0036795	86	30	63	112	87	75
FBGN0036428	732	958	713	554	862	511
FBGN0054002	168	156	103	79	106	56
FBGN0036900	2227	1903	1488	1369	1397	1501
FBGN0025525	5440	5286	4125	5716	6209	6510
FBGN0042179	66	11	69	16	31	11
FBGN0035875	43	48	90	21	23	2
FBGN0035491	15	10	6	2	4	3
FBGN0011016	10358	10498	8343	5954	6384	6912
FBGN0264492	15219	16360	12768	7092	9047	7071
FBGN0035760	296	390	253	185	304	264
FBGN0035890	1199	1159	874	717	919	963
FBGN0036389	11948	10991	9620	11475	12020	12037
FBGN0035499	8644	8464	6098	7883	7608	8709
FBGN0035344	74	51	25	58	28	40
FBGN0035710	4199	4308	3015	6219	5899	6815
FBGN0264552	3	0	11	11	1	4
FBGN0035851	5368	5627	4443	3541	4295	3947
FBGN0036488	881	1329	785	683	738	733
FBGN0035642	209	288	188	98	70	50
FBGN0035995	2075	2393	1892	2021	2521	2770
FBGN0036870	21	28	43	34	20	19
FBGN0035217	55	44	45	7	35	39
FBGN0035626	44	52	28	41	35	15
FBGN0036827	3293	3544	2707	2548	2682	2667
FBGN0085481	16	53	18	63	5	0
FBGN0047330	0	0	0	1	11	2
FBGN0085284	1221	1401	1012	633	824	681
FBGN0010280	24501	22202	18817	25141	27082	26839
FBGN0037147	66	22	17	36	58	4
FBGN0036606	30	134	48	25	66	27
FBGN0036706	5	28	17	6	9	14
FBGN0036484	2278	2629	1876	2079	2466	2384
FBGN0025712	24	0	29	7	4	3
FBGN0036537	3739	3896	2982	2584	3347	3483
FBGN0036254	4960	4850	4003	3493	4424	3671
FBGN0262891	11	1	24	3	1	6
FBGN0028567	0	0	2	10	2	3
FBGN0259791	1355	1441	980	1512	1506	1640
FBGN0085271	117	149	79	97	46	57
FBGN0015033	53	31	24	23	26	12
FBGN0037063	783	803	691	539	674	909
FBGN0035541	4920	5451	3888	3321	4310	3897
FBGN0004430	173	110	160	93	37	35
FBGN0259794	75	36	46	18	65	18
FBGN0035165	12884	12601	10002	8858	9056	9513
FBGN0004379	9737	10128	7824	9077	9544	9736
FBGN0036063	581	740	419	591	644	762
FBGN0043577	124	234	158	3	8	8
FBGN0086706	17806	18462	14012	16264	18777	19834
FBGN0003149	2564	2770	2270	853	625	519
FBGN0025807	1506	1300	1013	966	1323	995
FBGN0036090	1263	1175	1014	584	766	696
FBGN0260755	842	970	841	633	430	573
FBGN0036147	4434	4243	3624	3167	3710	3981
FBGN0260985	8405	8092	6371	5471	5816	6698
FBGN0035624	2114	2129	1894	1460	1456	1380
FBGN0015766	40035	42047	31428	39548	42766	43130
FBGN0286051	4902	4640	4141	4156	4180	4654
FBGN0037019	1783	1480	1585	1209	1333	1341
FBGN0000414	9374	9889	7097	12907	13481	14599
FBGN0014143	51	15	21	33	3	72
FBGN0035703	1107	1106	842	862	886	766
FBGN0036224	20	29	21	14	14	9
FBGN0053288	125	156	154	56	37	118
FBGN0260795	2443	2280	1643	2892	3189	3539
FBGN0020633	10938	11436	8932	11817	11670	12209
FBGN0036309	3167	3277	2684	2680	3260	3081
FBGN0023094	3562	3063	2709	3814	3955	4112
FBGN0035917	4484	4332	3450	422	353	194
FBGN0287182	45226	48041	36747	37011	44028	36635
FBGN0036486	7928	8185	5962	9085	10038	10155
FBGN0004552	33	18	5	5	44	18
FBGN0044028	3524	3840	3148	5536	5513	5574
FBGN0250789	55268	57977	46003	73159	79428	84445
FBGN0036246	0	2	1	12	8	3
FBGN0265089	53	32	10	2	7	14
FBGN0035154	38	58	20	52	5	5
FBGN0036066	78	17	40	21	3	22
FBGN0286567	7697	7534	6025	6899	7611	7616
FBGN0035900	1944	1948	1326	2098	2345	2541
FBGN0264478	4	0	3	4	13	0
FBGN0029167	6762	7813	5575	2021	1670	1613
FBGN0035231	131	70	72	65	16	73
FBGN0035515	2728	2704	2101	2533	3023	2601
FBGN0010333	6588	6671	5291	5668	5481	6529
FBGN0044049	10	11	5	2	0	21
FBGN0035880	548	528	347	331	433	421
FBGN0266347	108	143	63	53	46	30
FBGN0035141	1348	1452	1204	903	1222	1195
FBGN0005536	17011	16125	12233	16828	18653	17864
FBGN0028500	4753	4587	3793	3596	4240	4525
FBGN0035121	54779	58821	44483	44930	52042	51130
FBGN0262529	15	14	15	10	12	1
FBGN0053269	2	8	9	7	7	5
FBGN0053647	15	18	21	11	3	0
FBGN0036107	1105	1405	942	513	807	497
FBGN0263387	0	6	7	11	0	1
FBGN0010894	4905	5257	4021	2878	3568	3452
FBGN0035169	751	911	656	569	887	818
FBGN0035872	17953	17558	14460	18098	18068	20088
FBGN0085411	286	332	185	303	308	379
FBGN0261361	2386	2446	1955	2114	2306	2491
FBGN0035641	248	161	230	75	166	104
FBGN0035726	4974	4716	3994	3956	5311	4887
FBGN0260442	21189	21037	16611	22839	24953	26376
FBGN0085447	403	400	270	244	147	163
FBGN0003378	1738	2320	1738	230	1819	169
FBGN0036850	1308	1562	1064	898	1177	1116
FBGN0028663	1644	1848	1183	630	843	996
FBGN0036282	146	153	139	31	64	90
FBGN0004052	30	9	10	7	8	1
FBGN0036462	3881	3863	2984	2339	2784	3229
FBGN0052396	61	154	70	142	190	72
FBGN0036007	5736	5936	4662	3577	4658	4324
FBGN0052259	23	54	11	2	8	14
FBGN0037186	343	238	159	157	117	152
FBGN0036300	775	756	615	583	552	560
FBGN0036583	60	23	38	31	16	36
FBGN0052073	32	22	14	35	1	5
FBGN0000411	153	109	121	53	42	41
FBGN0035140	523	514	494	545	498	604
FBGN0003042	3781	3995	2537	3066	3622	3643
FBGN0085300	8	0	4	6	1	0
FBGN0035458	130	117	62	144	272	125
FBGN0035812	4187	4192	3307	3315	4127	3732
FBGN0041147	2004	2575	1685	2230	2276	1811
FBGN0035293	218	200	346	106	129	161
FBGN0053285	341	329	263	525	552	554
FBGN0262623	0	0	7	2	0	0
FBGN0052109	838	821	663	440	414	555
FBGN0036072	36	37	26	26	19	5
FBGN0004623	56	39	38	20	7	16
FBGN0052305	140	107	48	89	36	48
FBGN0035827	1372	1767	1034	811	985	646
FBGN0035708	206	192	160	65	34	3
FBGN0036161	0	20	26	0	9	14
FBGN0036825	59671	71603	50292	52587	60389	61700
FBGN0036969	30	55	33	10	6	6
FBGN0036534	21981	19103	15675	19249	20636	20836
FBGN0046296	1093	1217	914	650	742	848
FBGN0035879	4721	4389	3782	4389	4343	4980
FBGN0045759	140	94	57	48	32	13
FBGN0035727	56	74	19	48	26	12
FBGN0037124	10	14	2	17	3	3
FBGN0036294	50	46	44	51	15	15
FBGN0036353	843	879	716	878	862	931
FBGN0035733	84	66	26	26	16	6
FBGN0052110	221	327	264	244	367	332
FBGN0035449	1347	1274	950	1158	1201	1207
FBGN0003250	50	21	57	29	15	7
FBGN0035181	3250	3214	2857	2146	2481	2450
FBGN0266417	102	53	34	16	30	10
FBGN0283649	3433	3277	2806	2287	2554	2651
FBGN0260655	4929	5151	4006	5295	5779	5807
FBGN0004636	4536	4889	4091	3918	4722	4891
FBGN0035488	3394	4132	3035	2770	3620	3053
FBGN0037121	3226	3355	2806	1783	2133	1769
FBGN0037073	10326	10187	8278	9689	11849	11623
FBGN0035512	13	50	22	22	9	39
FBGN0035568	23	16	27	26	18	7
FBGN0052026	2065	2178	1470	3055	4106	3497
FBGN0040512	4551	4719	3326	2647	3353	3651
FBGN0263219	3577	3534	2545	4008	4075	4167
FBGN0026189	19275	20168	14892	19410	20095	20101
FBGN0040814	7	5	3	7	0	0
FBGN0052461	69	42	26	40	43	3
FBGN0003486	75	47	41	8	28	18
FBGN0052383	18	1	21	8	10	4
FBGN0029114	18582	18907	14552	21255	22725	24097
FBGN0052441	3069	3524	2261	2103	2303	2122
FBGN0026593	48	11	28	19	3	17
FBGN0035718	61	41	26	21	4	26
FBGN0052373	1477	1539	1012	2084	2201	2283
FBGN0036460	4592	5112	3749	3024	3418	3229
FBGN0035537	284	372	320	219	272	139
FBGN0053258	19	80	58	92	69	55
FBGN0036528	55	21	31	39	15	18
FBGN0053795	60	13	37	9	28	28
FBGN0035792	26	0	1	12	22	4
FBGN0037135	33961	36531	28788	27136	29522	34269
FBGN0026160	25076	24343	19084	32153	35051	35008
FBGN0066365	41	70	42	43	23	14
FBGN0040323	5447	4598	4055	4030	5017	5127
FBGN0036093	57	11	43	7	14	0
FBGN0035722	789	1033	957	641	753	876
FBGN0259933	489	593	330	400	466	400
FBGN0036043	2311	2164	1776	2994	3199	2871
FBGN0260480	162	236	88	100	124	65
FBGN0037074	8691	8428	6912	7510	8049	8033
FBGN0260434	52	23	22	15	0	10
FBGN0015278	9556	9765	7591	11020	11581	11936
FBGN0035104	243	155	108	377	288	376
FBGN0035873	25	14	24	12	4	16
FBGN0035241	225	250	261	116	144	135
FBGN0035696	4026	3601	2963	3476	4838	4409
FBGN0053257	65	47	12	8	2	7
FBGN0035405	2989	2838	2260	2446	2533	2838
FBGN0036228	32	28	4	27	2	27
FBGN0035693	323	389	289	378	427	496
FBGN0287592	44	17	24	17	34	24
FBGN0262787	9	0	8	5	4	0
FBGN0036923	83	79	79	25	54	25
FBGN0037003	411	485	537	412	608	399
FBGN0035639	2956	3707	2780	2274	2350	2507
FBGN0036005	1296	1533	1069	832	1216	1024
FBGN0263249	19	14	8	3	2	4
FBGN0037202	2750	2654	2149	2053	2312	2975
FBGN0036990	3125	3440	2401	1885	2222	2549
FBGN0035282	45	28	36	21	3	8
FBGN0036735	11441	10751	8248	8046	9362	9425
FBGN0036896	8851	9230	7212	10552	11431	11020
FBGN0261341	29697	28955	22586	25902	26101	31309
FBGN0052250	1009	866	692	895	962	1089
FBGN0013563	1260	1454	1276	1289	1202	1231
FBGN0087040	30	46	16	20	23	39
FBGN0262517	11983	12746	9799	10066	11662	10896
FBGN0035482	1402	1480	1087	1227	1377	1299
FBGN0036423	440	359	336	300	351	369
FBGN0288470	6789	7855	5675	6131	6651	6335
FBGN0052105	42	54	32	31	42	5
FBGN0037169	19	41	13	20	3	13
FBGN0036108	81	78	74	136	75	189
FBGN0040318	32	34	31	37	33	7
FBGN0035315	4	18	15	1	0	2
FBGN0035436	2301	2306	1580	2358	2240	2466
FBGN0036695	760	853	604	393	667	491
FBGN0036728	4867	5439	4172	3582	3815	4675
FBGN0040281	39	48	34	37	29	48
FBGN0036080	26	2	19	60	22	0
FBGN0036697	1360	1081	854	796	1000	903
FBGN0036329	32	146	41	52	17	23
FBGN0052061	45	23	21	17	1	3
FBGN0026630	2855	2882	2624	2440	2334	2569
FBGN0000355	22	36	16	5	5	8
FBGN0036703	26	25	2	12	0	16
FBGN0037051	17355	17553	14505	12448	14009	15096
FBGN0262366	68	94	58	17	24	18
FBGN0035647	143	37	46	102	26	51
FBGN0037090	23	29	29	36	12	35
FBGN0013811	467	332	315	488	359	355
FBGN0036365	8631	9152	6613	10131	10937	11361
FBGN0036662	1395	1153	1046	1314	1441	1458
FBGN0036993	56	74	37	51	10	30
FBGN0035252	3107	3371	2396	1993	2454	2328
FBGN0052451	8220	7844	6657	9539	11078	10476
FBGN0037016	1752	1599	1281	1421	1669	2121
FBGN0085483	84	16	65	51	67	41
FBGN0036599	1431	1437	962	860	834	1247
FBGN0002775	3573	3886	3061	3667	4040	3829
FBGN0036857	286	497	343	76	89	26
FBGN0262854	261	183	285	165	189	93
FBGN0035407	831	790	428	610	614	516
FBGN0010424	2016	1969	1548	208	189	181
FBGN0036503	25	0	4	4	0	2
FBGN0024236	6055	6214	4888	6067	6463	7879
FBGN0035247	1787	1924	1542	1020	1138	1021
FBGN0013755	5	16	11	11	7	2
FBGN0250833	14	38	23	1	11	0
FBGN0010317	83	71	20	10	37	21
FBGN0261111	1010	974	746	829	943	937
FBGN0040290	3194	3305	2597	4019	3742	4054
FBGN0002466	19544	19987	15251	23068	24629	25708
FBGN0019644	10815	11220	9356	7973	8542	9804
FBGN0011293	16	29	12	21	3	0
FBGN0001233	177939	200301	138632	186118	219244	217873
FBGN0037059	35	13	13	17	10	7
FBGN0001179	5527	5784	4243	4328	5118	4990
FBGN0036849	57	47	77	23	12	50
FBGN0042134	58999	59834	46047	60490	64683	69050
FBGN0035162	41059	40216	32087	32847	36403	38356
FBGN0010431	75	43	39	45	45	46
FBGN0036532	3	0	11	0	5	3
FBGN0011279	42	10	15	5	9	19
FBGN0036882	402	263	259	451	445	292
FBGN0036117	710	650	494	596	539	525
FBGN0052062	9197	9055	7360	12959	13386	15282
FBGN0035356	325	221	172	186	228	220
FBGN0035213	7645	8180	6049	5475	6426	5760
FBGN0002638	14870	15773	12186	13110	14568	14241
FBGN0042641	1514	1491	1154	1419	1337	1734
FBGN0036345	11	50	3	6	2	10
FBGN0001208	188	233	184	150	148	89
FBGN0035431	41	98	120	70	182	135
FBGN0036605	139	164	151	126	52	108
FBGN0036230	77	50	53	72	41	6
FBGN0035412	29	13	16	22	28	0
FBGN0085287	12	11	11	4	3	3
FBGN0040786	234	389	181	124	133	126
FBGN0052106	320	114	72	91	47	23
FBGN0052170	480	498	342	824	1023	651
FBGN0037060	226	138	130	135	104	181
FBGN0263326	3	4	0	8	0	1
FBGN0260997	455	468	375	225	214	192
FBGN0035976	783	814	666	357	515	507
FBGN0263763	0	1	2	7	1	0
FBGN0263239	3426	3050	2395	3182	3583	3470
FBGN0036817	16	34	28	27	22	2
FBGN0036830	19	19	12	8	20	1
FBGN0260945	3881	3571	3176	3735	4297	4129
FBGN0288748	9	28	14	15	13	8
FBGN0035555	71	62	65	40	2	24
FBGN0026372	228492	258058	178664	198332	212074	235111
FBGN0036890	24	29	19	12	0	0
FBGN0036467	396	417	316	92	252	23
FBGN0036019	97	20	50	36	26	30
FBGN0036878	14	8	0	15	0	1
FBGN0037156	1113	1478	1008	1074	1098	1189
FBGN0015296	3776	3431	3312	3011	3193	3172
FBGN0052459	95	21	29	18	4	2
FBGN0261537	4	0	3	8	5	0
FBGN0052274	2	4	4	10	1	0
FBGN0037099	1391	1467	1067	1548	1466	1390
FBGN0263832	6417	6295	4904	4833	4866	4932
FBGN0036146	17	35	8	0	0	7
FBGN0035107	3996	4213	3441	4172	4998	5000
FBGN0053233	40	18	43	6	30	12
FBGN0036109	157	194	178	124	113	135
FBGN0263110	5842	6001	4503	6336	6335	6325
FBGN0262624	836	744	755	653	672	725
FBGN0036427	53	35	55	62	29	29
FBGN0037012	171	156	146	125	131	120
FBGN0037023	20	24	46	12	28	4
FBGN0036158	78	52	16	28	23	8
FBGN0063923	32	102	38	40	15	25
FBGN0035730	26	0	10	54	9	0
FBGN0037149	1657	1474	1313	1532	1155	1632
FBGN0035295	3323	2833	2504	3038	3331	3536
FBGN0265714	2	33	11	6	8	4
FBGN0036623	5931	5967	4502	4864	6104	5833
FBGN0036004	19546	21696	15867	27805	30662	30223
FBGN0036620	60	26	38	29	16	13
FBGN0037205	101	160	74	60	44	46
FBGN0037134	385	522	362	359	357	405
FBGN0266582	4106	4695	3413	3242	3370	3670
FBGN0053230	1337	1289	894	884	954	929
FBGN0250791	3869	3956	2903	2608	3386	3337
FBGN0261553	8690	8286	7051	10289	10573	11516
FBGN0036196	123	80	111	90	48	78
FBGN0037170	4	17	18	23	16	14
FBGN0036618	29	53	21	9	22	36
FBGN0036299	16678	18314	13113	15083	16475	17214
FBGN0035802	6930	6471	4848	6942	6789	7189
FBGN0029158	1008	800	707	840	811	920
FBGN0029118	4273	4671	3656	3922	4591	4509
FBGN0036481	504	592	420	443	670	781
FBGN0053768	12	9	10	7	4	6
FBGN0036627	10	51	39	14	16	11
FBGN0035270	1844	1899	1547	1963	1803	1985
FBGN0036975	396	196	356	228	184	208
FBGN0036380	31	57	11	43	3	22
FBGN0052191	79	69	70	63	41	46
FBGN0037108	3985	3928	3320	2438	3228	2827
FBGN0263841	4	15	0	12	0	5
FBGN0035232	4543	4415	3010	7200	7552	7945
FBGN0085491	35	10	37	45	8	9
FBGN0036906	532	500	387	275	365	321
FBGN0052161	144	68	116	82	66	66
FBGN0035855	88	24	54	13	26	3
FBGN0035715	6029	5893	4921	4426	4918	4982
FBGN0263232	898	1136	717	928	877	1080
FBGN0052201	51	44	26	24	15	2
FBGN0264303	4536	3444	3627	3342	3205	3490
FBGN0265469	3	10	10	0	3	3
FBGN0261985	6486	6685	5224	7300	7490	7976
FBGN0036291	442	368	348	190	174	272
FBGN0037035	46	38	25	12	7	29
FBGN0035131	2816	2700	2448	2115	2395	2318
FBGN0035331	64	1	51	48	30	1
FBGN0035204	1128	968	849	889	828	959
FBGN0259972	17	26	10	9	2	4
FBGN0053267	98	126	51	54	66	85
FBGN0264472	23	13	14	18	3	2
FBGN0036860	25	0	9	3	0	7
FBGN0036330	817	783	549	451	403	394
FBGN0035170	14	115	36	20	19	14
FBGN0052099	641	521	376	437	535	506
FBGN0010105	902	853	686	735	909	821
FBGN0052382	25	0	16	21	16	14
FBGN0052440	7	16	4	1	5	2
FBGN0036815	3068	2666	2080	3131	3239	3689
FBGN0036936	34	32	35	32	10	16
FBGN0035266	1259	1802	1292	1755	1903	2049
FBGN0264574	3465	3700	2965	3000	3613	3464
FBGN0041342	3649	3605	2888	3312	3297	3642
FBGN0035102	1487	2050	1290	1012	1222	1123
FBGN0027565	3561	4122	3007	3047	3000	3076
FBGN0052174	883	527	815	531	671	816
FBGN0035829	3109	2719	2292	1528	2008	2018
FBGN0044324	24892	23464	18129	20773	23234	22465
FBGN0035770	1935	1479	1334	1192	1303	1258
FBGN0024806	14657	15807	11652	13934	15699	14357
FBGN0010905	6767	6666	5160	5465	6714	6609
FBGN0085484	928	1065	793	818	814	714
FBGN0035540	622	881	628	642	803	738
FBGN0036105	457	509	406	296	388	298
FBGN0035279	8	16	14	17	20	16
FBGN0041156	91	139	53	74	25	17
FBGN0035632	707	941	707	850	802	818
FBGN0035621	34	31	46	17	10	43
FBGN0035709	13	16	17	28	17	40
FBGN0036162	6	50	6	17	12	28
FBGN0036987	1217	1012	990	868	1021	965
FBGN0036471	381	274	223	28	42	0
FBGN0262714	8653	8212	6518	8166	10061	9430
FBGN0025355	2771	2311	2152	1960	2526	2370
FBGN0000216	1023	1040	846	655	936	869
FBGN0035598	65	39	34	49	28	40
FBGN0035811	9008	9860	7655	9041	9417	10207
FBGN0035582	73	100	166	106	50	96
FBGN0035218	16	39	16	11	9	7
FBGN0004429	4	0	4	19	9	1
FBGN0036447	65	60	49	39	58	32
FBGN0035099	2276	2616	1879	2040	2053	1973
FBGN0036249	984	1212	877	646	796	768
FBGN0002440	215	167	201	221	28	251
FBGN0011723	142	49	73	56	11	76
FBGN0024542	2572	2756	2148	1817	1930	2186
FBGN0022699	4605	4779	3755	4618	4867	5046
FBGN0035948	68	45	27	7	53	24
FBGN0040812	0	4	6	1	1	0
FBGN0053493	112	138	90	82	112	57
FBGN0036289	368	543	432	812	730	666
FBGN0035859	3008	2572	2219	402	478	738
FBGN0036531	10	1	0	3	7	6
FBGN0036483	4574	5042	3724	4310	5097	5191
FBGN0035627	1549	1708	1338	1244	1523	1427
FBGN0085292	9	7	12	6	11	7
FBGN0036398	44360	42985	32769	63915	66767	66831
FBGN0035334	1390	1442	1391	1224	1601	1249
FBGN0036009	23	28	36	36	44	24
FBGN0035534	1299	1619	1315	960	830	920
FBGN0036318	2945	2707	2514	2797	2577	2626
FBGN0052404	31	30	17	35	2	14
FBGN0035473	4116	3717	4085	2875	3348	3834
FBGN0036763	1906	2149	1642	2098	2201	2427
FBGN0037153	7902	8211	6422	10021	11450	11704
FBGN0027088	18944	19815	14535	12950	15021	14758
FBGN0036138	33	37	25	33	47	19
FBGN0262733	3227	3342	2214	3420	3641	4129
FBGN0053276	828	941	624	382	592	485
FBGN0035106	22156	22557	17188	29401	32326	30506
FBGN0035401	2084	2624	1792	1153	1466	1368
FBGN0036839	70	48	59	70	76	124
FBGN0036858	40	45	8	10	10	27
FBGN0052086	41	70	24	22	4	50
FBGN0035142	28781	27718	21860	35645	36478	35944
FBGN0036690	52	103	66	13	8	9
FBGN0036143	70	81	64	69	46	50
FBGN0045474	66	45	28	31	9	29
FBGN0035956	1726	1758	1391	2197	2177	2407
FBGN0036180	3419	3435	2764	3471	3852	3892
FBGN0027086	18617	19211	15572	12914	15589	15101
FBGN0036070	32	0	10	20	2	4
FBGN0052088	201	139	140	209	159	180
FBGN0035189	415	314	265	28	55	13
FBGN0024277	26663	25770	20538	33785	36456	37450
FBGN0035159	635	772	678	903	879	653
FBGN0261801	3418	3451	2562	3605	4031	4150
FBGN0036235	159	142	116	132	56	48
FBGN0023076	122	66	85	71	50	49
FBGN0264002	27	24	28	27	11	21
FBGN0004594	42	22	12	17	0	0
FBGN0261506	19	13	13	38	5	5
FBGN0052248	51	62	52	72	12	15
FBGN0052475	32	3	10	1	2	0
FBGN0052230	5170	5996	4933	2351	3265	2528
FBGN0028573	102	167	82	50	95	39
FBGN0035755	1963	2071	1521	1572	1698	1764
FBGN0001247	7678	7669	6096	5620	7229	6959
FBGN0036997	46	18	42	23	24	7
FBGN0035981	3957	4528	3531	3678	4789	4210
FBGN0260776	92	95	18	18	18	28
FBGN0037101	33	31	50	24	6	27
FBGN0035670	114	128	91	40	63	72
FBGN0052189	28	29	11	5	8	22
FBGN0266669	3040	3707	2661	2464	3114	2987
FBGN0035592	1382	1206	1243	796	783	979
FBGN0036807	27	28	18	3	6	4
FBGN0053772	27	0	13	15	0	6
FBGN0286980	45	19	20	35	5	5
FBGN0086915	17	3	1	11	0	0
FBGN0052380	1834	2060	1493	1533	1430	1395
FBGN0035325	32	7	7	15	20	1
FBGN0262679	2	0	2	0	0	0
FBGN0042118	45	66	25	29	42	22
FBGN0035877	1566	1562	1304	1424	1569	1495
FBGN0052483	65	41	43	22	10	16
FBGN0035243	1104	1597	779	907	894	877
FBGN0261998	194	99	165	55	57	46
FBGN0022959	60979	64230	48554	52959	57887	61096
FBGN0036847	1589	1598	1257	1510	1514	1858
FBGN0000639	40335	40697	33910	12877	31095	7571
FBGN0035544	130	98	93	227	47	38
FBGN0000625	4258	3819	3188	3043	3748	4586
FBGN0035402	10511	11771	8835	9795	10515	10754
FBGN0286818	116738	119267	91388	87230	104675	102716
FBGN0053966	49	10	15	10	16	14
FBGN0053051	1630	1734	1555	858	1083	1102
FBGN0266100	133	62	73	96	24	11
FBGN0035439	179	266	181	102	88	79
FBGN0036871	133	28	100	65	38	27
FBGN0036369	420	371	396	368	464	545
FBGN0036499	19	19	0	5	10	4
FBGN0037126	150	162	101	117	102	168
FBGN0035903	78	96	45	82	29	42
FBGN0052023	22	10	16	6	10	16
FBGN0054012	11	3	6	6	4	0
FBGN0260777	37	87	39	20	13	6
FBGN0052488	36	35	22	59	20	1
FBGN0035699	4436	4482	3374	4018	5265	5123
FBGN0037166	102	33	84	38	62	105
FBGN0036919	9230	9847	7462	5964	7597	6569
FBGN0265102	3900	4338	3400	3454	3677	3764
FBGN0259236	90	109	79	17	50	16
FBGN0024510	2668	2479	1881	2467	3039	2851
FBGN0259199	573	573	541	525	527	449
FBGN0035410	333	285	312	292	285	231
FBGN0259173	2373	2725	1723	3238	3367	3653
FBGN0035186	42	19	19	10	3	9
FBGN0014851	14	8	6	4	4	2
FBGN0036691	616	954	564	661	719	677
FBGN0288469	2631	2802	2351	3000	3520	3841
FBGN0035538	68	66	44	15	16	9
FBGN0035915	39	62	58	79	36	1
FBGN0036589	121	119	116	86	32	25
FBGN0035971	40	14	9	29	5	10
FBGN0042137	1	23	6	18	28	0
FBGN0036351	153	87	70	65	49	95
FBGN0036886	5173	5203	3798	3684	3788	4370
FBGN0035714	3738	3880	2805	1728	1655	1691
FBGN0027549	7362	8424	5540	6402	7182	7545
FBGN0035914	71	84	21	9	4	35
FBGN0036348	123	176	51	83	58	66
FBGN0037030	88	145	51	140	85	54
FBGN0035298	1888	2197	1417	1399	1617	1595
FBGN0035789	103	77	87	19	23	59
FBGN0053514	2	43	17	62	31	23
FBGN0040793	8537	8047	6459	4283	4640	4716
FBGN0040827	126	29	67	32	32	35
FBGN0036796	63	46	28	47	32	41
FBGN0043578	14	86	35	23	6	6
FBGN0035137	2444	2425	1887	2266	2381	2599
FBGN0053229	3540	4046	3214	4135	5129	4357
FBGN0054001	296	451	284	202	284	234
FBGN0040823	71	64	38	34	21	6
FBGN0035309	148	136	61	207	138	122
FBGN0052237	309	124	93	239	132	16
FBGN0036104	7172	7935	5410	5392	6208	6372
FBGN0040688	13	12	4	10	39	12
FBGN0036597	37	88	31	5	17	19
FBGN0035206	4204	4707	3937	2861	3465	3502
FBGN0047338	14	12	1	2	9	0
FBGN0036726	1880	2080	1705	1119	1345	1300
FBGN0028962	2376	2440	1886	2026	2239	2608
FBGN0035336	2866	3356	2704	2186	2668	2405
FBGN0036272	1468	1409	1273	1963	1897	1923
FBGN0036738	52	14	35	28	11	1
FBGN0052298	39	10	12	14	7	0
FBGN0002183	28814	29733	24425	31944	33965	36451
FBGN0036443	23	3	2	27	16	13
FBGN0035878	6860	6587	5761	4493	5677	5507
FBGN0028399	3780	4175	3075	2088	2487	2450
FBGN0011692	12055	13160	9679	12686	13480	14172
FBGN0035249	1999	2005	1408	1530	1665	1554
FBGN0036062	433	526	392	416	362	432
FBGN0035290	100	96	92	63	33	36
FBGN0036678	5836	5921	4284	2885	3788	3120
FBGN0035421	3689	4097	3241	3446	3616	3664
FBGN0259702	2	52	8	30	0	13
FBGN0010406	2001	2411	1724	1531	1810	1762
FBGN0035424	22836	20963	16962	27331	28685	30958
FBGN0036440	154	108	118	105	34	56
FBGN0035146	408	369	302	818	492	618
FBGN0029172	21	6	18	27	7	0
FBGN0037180	20	0	7	6	17	5
FBGN0052204	38	27	41	23	30	17
FBGN0261274	1710	1543	1134	1285	1449	1396
FBGN0036767	16	10	12	4	10	5
FBGN0035132	4152	4729	3250	3454	3852	3967
FBGN0023095	7793	8014	6497	7366	8150	8561
FBGN0000575	15922	16982	12772	14198	15508	17152
FBGN0037110	822	1055	850	375	623	748
FBGN0036927	147	158	128	116	79	84
FBGN0013263	39137	37813	31999	34041	36528	35977
FBGN0035390	4774	4598	3536	5739	6450	7269
FBGN0036010	10	83	83	21	37	50
FBGN0035798	200	273	274	54	82	59
FBGN0035528	2609	2247	1901	1016	1403	1376
FBGN0036317	3423	3744	2522	3646	3746	3542
FBGN0000038	107	74	71	26	33	29
FBGN0035911	1628	1582	1229	1078	1342	1329
FBGN0061469	7507	7188	6076	5872	6238	6315
FBGN0036036	1226	1169	963	927	942	890
FBGN0287185	68	21	27	43	21	8
FBGN0001257	2416	2065	1608	1012	1398	1403
FBGN0035443	1110	1080	798	880	673	762
FBGN0053158	5758	6379	4648	4235	4817	4488
FBGN0250836	10	0	6	14	16	4
FBGN0035265	38	14	25	47	73	13
FBGN0036301	4953	5201	3832	3527	4328	3764
FBGN0264908	134	149	98	120	68	73
FBGN0035484	774	652	574	542	704	569
FBGN0035332	55	30	27	55	41	10
FBGN0035761	5645	6037	4094	5363	5679	5762
FBGN0028377	48	31	18	7	20	6
FBGN0035600	6382	7080	5526	4466	4465	5521
FBGN0035548	102	207	135	37	19	26
FBGN0052282	0	40	4	0	0	0
FBGN0037007	4021	4949	3145	3777	4130	4364
FBGN0035977	43	86	29	10	15	17
FBGN0028693	5480	5767	4670	3852	4208	4419
FBGN0035271	907	851	969	439	632	611
FBGN0035751	30	8	11	10	1	1
FBGN0037130	63	109	84	35	77	30
FBGN0036333	8780	9572	7112	6647	8198	7492
FBGN0259935	51	42	58	82	41	47
FBGN0002899	2499	2218	1563	2468	2986	2883
FBGN0261243	6826	6958	5489	5781	6494	7130
FBGN0026432	3850	4069	2847	3860	3989	3780
FBGN0035901	3083	3498	2525	2346	3093	3255
FBGN0037040	123	135	87	64	40	24
FBGN0052296	19157	16337	13418	19579	21331	20262
FBGN0036939	98	116	36	42	35	80
FBGN0037162	34	18	28	15	8	16
FBGN0035870	105	104	87	75	61	29
FBGN0003984	4274	4570	3515	5529	5899	5609
FBGN0036762	9697	9622	7537	7707	7705	9069
FBGN0058045	9664	10639	7484	5787	6553	6621
FBGN0035328	28	96	34	2	1	23
FBGN0086785	1835	1507	1391	1286	1529	1536
FBGN0035571	41	44	52	22	23	37
FBGN0035490	76	45	101	42	16	0
FBGN0261933	5272	5445	3876	3817	4454	4556
FBGN0035501	1348	1569	1059	1081	1227	1169
FBGN0287187	12518	14515	10636	7411	9236	7616
FBGN0037114	1365	1737	1061	595	575	626
FBGN0036751	52	57	27	46	12	19
FBGN0054030	65	27	17	38	29	9
FBGN0035425	5034	4715	4025	4323	4780	4823
FBGN0002909	4743	4828	3566	4137	4468	4557
FBGN0035734	37	17	8	21	17	3
FBGN0035438	6773	7351	5683	4917	5554	5503
FBGN0036128	28	27	18	12	3	2
FBGN0042112	761	690	603	326	323	480
FBGN0016797	25188	27194	21135	28696	30304	31569
FBGN0035929	27	41	24	20	15	9
FBGN0035590	790	822	620	443	663	520
FBGN0261681	20	8	12	10	5	0
FBGN0011573	8001	8858	6943	6701	8069	7444
FBGN0264272	402	611	401	349	461	505
FBGN0259148	16	23	6	7	1	1
FBGN0036168	127	205	116	107	163	154
FBGN0004865	3322	3572	2622	1977	2596	2197
FBGN0036491	5	40	45	17	34	33
FBGN0285958	301	356	374	305	380	422
FBGN0036302	5202	5052	3982	4329	4717	4818
FBGN0040022	10336	10359	8796	10405	10970	10243
FBGN0035498	4974	4853	3657	4915	5428	5492
FBGN0035735	33	5	67	3	7	0
FBGN0052280	1238	1374	1138	923	1042	1096
FBGN0036394	121	196	109	27	203	11
FBGN0036937	52	45	23	48	31	4
FBGN0263004	32	57	10	6	2	4
FBGN0001229	213	101	110	51	95	67
FBGN0040699	7	0	4	12	9	3
FBGN0036745	2590	2725	1852	1908	2432	2306
FBGN0035611	38	43	21	38	15	4
FBGN0035572	46	60	34	78	102	116
FBGN0035151	900	903	745	724	752	667
FBGN0035160	3531	3822	2658	1629	1806	1986
FBGN0261631	5	10	18	7	7	3
FBGN0015586	26	53	25	29	8	9
FBGN0262579	10079	10802	7391	9907	10727	9696
FBGN0035667	97	130	50	14	8	2
FBGN0027587	7118	7904	5628	5816	7198	6351
FBGN0086913	83	106	95	81	13	11
FBGN0037098	22594	22559	16397	26077	28076	26905
FBGN0035452	4645	4647	3650	4472	5376	5322
FBGN0035610	34	41	17	37	26	39
FBGN0036568	55	100	37	22	9	12
FBGN0011817	8386	8391	7410	7527	9159	8179
FBGN0036038	2748	2914	2284	2161	2510	2553
FBGN0052076	4517	4315	3535	2875	3465	3697
FBGN0035392	361	372	288	296	268	362
FBGN0263762	169	240	132	24	92	4
FBGN0262985	90	36	45	13	43	28
FBGN0035429	138	161	172	127	229	121
FBGN0035113	180	284	179	248	131	246
FBGN0035258	43	0	37	18	4	0
FBGN0001225	37780	39237	29780	16470	22047	15337
FBGN0004588	172	174	156	13	2	1
FBGN0040637	14	13	10	1	4	1
FBGN0085279	193	227	211	80	183	168
FBGN0035782	21	21	4	16	1	11
FBGN0052369	3139	3117	2660	3304	3292	3275
FBGN0052268	10	13	2	3	8	8
FBGN0042199	47	47	50	108	97	101
FBGN0036470	11	25	13	25	1	4
FBGN0036126	2157	2460	1683	397	635	505
FBGN0052055	332	252	312	324	500	277
FBGN0024921	11537	11674	8593	12156	14419	13591
FBGN0052313	9	10	41	7	3	14
FBGN0036495	2	0	5	9	1	8
FBGN0035960	318	351	213	270	329	284
FBGN0052024	32	12	5	30	3	4
FBGN0035194	1415	1879	1081	645	1014	790
FBGN0085385	149	84	107	105	83	69
FBGN0259224	180	224	135	51	65	103
FBGN0035519	2846	2995	2381	2162	2588	2277
FBGN0036204	11	17	9	0	21	27
FBGN0035495	13	17	19	16	19	6
FBGN0037123	56	44	13	39	10	5
FBGN0036210	439	208	220	280	374	315
FBGN0053777	7	45	11	3	8	0
FBGN0037026	3813	3812	3157	3293	4223	4064
FBGN0037094	7528	7314	6007	7353	8779	8418
FBGN0036135	2791	3360	2483	2170	1990	2733
FBGN0004556	2218	2113	1830	1414	2230	1555
FBGN0005775	253	332	346	106	146	75
FBGN0001120	40	99	19	19	9	4
FBGN0036219	28	44	42	30	13	26
FBGN0036422	141	101	108	100	97	57
FBGN0015828	2264	2558	2073	2431	2381	2986
FBGN0040487	8	11	2	12	0	0
FBGN0041624	59	20	25	31	35	4
FBGN0037125	57	8	6	22	9	1
FBGN0035591	2112	2082	1590	1734	2029	2130
FBGN0027375	3541	3329	2734	3669	3875	3967
FBGN0036193	468	371	309	137	356	260
FBGN0004465	2161	2419	1818	1565	1514	1834
FBGN0026592	30	6	20	0	4	19
FBGN0053687	55	34	45	25	30	8
FBGN0003034	22	0	12	0	0	3
FBGN0052299	44	4	10	4	1	0
FBGN0012058	6105	6247	5241	5173	5951	6356
FBGN0035569	25	92	7	29	8	0
FBGN0035171	95	89	54	80	48	36
FBGN0014388	6201	6910	4399	5760	6212	6585
FBGN0036967	2707	3168	2226	2390	2367	2211
FBGN0036880	95	51	38	32	82	100
FBGN0036465	2	0	8	16	13	0
FBGN0035754	961	1062	853	739	922	1226
FBGN0058298	2	26	16	22	23	9
FBGN0283461	54	70	73	13	56	8
FBGN0044048	13	3	0	20	2	4
FBGN0036843	1917	2085	1513	1649	1875	2292
FBGN0036741	1693	1359	1127	1199	1164	1332
FBGN0037177	6	4	12	24	7	38
FBGN0036601	23	12	31	15	12	0
FBGN0036791	15	44	12	42	18	20
FBGN0011802	2469	2827	2313	2793	3092	2508
FBGN0259099	91	42	48	64	15	75
FBGN0040305	2149	2106	1573	2062	2354	2225
FBGN0027057	6587	6519	5266	5174	6081	5948
FBGN0036046	17	17	18	9	10	3
FBGN0250825	5	0	1	0	2	2
FBGN0040843	15	1	7	7	6	2
FBGN0035941	14	21	23	19	7	21
FBGN0052418	2977	2868	2377	2203	2548	2620
FBGN0036515	4271	5190	3985	2801	3336	3208
FBGN0035725	682	837	557	481	515	474
FBGN0036928	5749	6571	5252	3540	4292	4046
FBGN0035806	47	10	15	6	12	12
FBGN0053696	65	37	69	49	19	39
FBGN0036285	4743	4352	3650	2842	3628	3578
FBGN0035623	292	514	327	64	61	44
FBGN0003515	211	187	171	92	110	93
FBGN0035317	96	47	109	72	55	36
FBGN0036702	10350	9699	8381	6959	7639	8723
FBGN0052485	164	136	67	219	112	105
FBGN0020386	14791	14119	10983	11662	13962	12652
FBGN0028582	5867	6322	4594	4862	5994	5733
FBGN0000567	8686	8760	6275	13632	12521	13951
FBGN0266436	26	29	17	46	18	12
FBGN0001316	44245	44833	34899	63173	69903	69246
FBGN0035207	6108	7393	4762	6317	7052	7501
FBGN0001258	832	1106	798	319	540	280
FBGN0263608	26	45	66	28	15	2
FBGN0085276	104	105	61	43	60	8
FBGN0052036	8	0	3	6	8	9
FBGN0035902	515	538	276	273	306	269
FBGN0011640	10787	11796	8368	9545	10478	11489
FBGN0036617	46	103	28	27	30	5
FBGN0267487	9946	9854	8218	11154	11442	12195
FBGN0036594	53	44	53	23	2	16
FBGN0035374	2080	2186	1692	1671	1692	1660
FBGN0052185	195	144	132	165	222	213
FBGN0053770	10	12	19	6	0	0
FBGN0053290	3	0	10	15	10	3
FBGN0045478	339	349	262	101	113	121
FBGN0036577	122	131	87	43	73	40
FBGN0002926	183	185	106	104	72	56
FBGN0035199	677	742	643	1501	1364	1614
FBGN0035155	239	277	170	286	279	336
FBGN0085420	101	55	40	37	28	28
FBGN0013997	28419	29789	22702	30711	36379	35509
FBGN0035691	720	923	552	731	620	613
FBGN0036749	49	30	54	5	2	4
FBGN0036995	193	139	116	55	106	50
FBGN0024150	205	183	235	186	111	95
FBGN0037131	55	2	42	16	19	28
FBGN0035721	691	697	575	433	479	521
FBGN0036198	5638	6266	4804	3252	3787	3225
FBGN0027532	5529	5153	4433	5258	6044	6293
FBGN0036514	4286	4760	3478	3623	4449	3897
FBGN0036652	36	79	58	38	47	51
FBGN0036889	1214	1377	882	828	1149	1111
FBGN0036585	10	8	13	15	5	5
FBGN0028380	474	505	436	396	435	405
FBGN0040308	5893	6732	4319	3886	4524	4597
FBGN0036459	107	126	35	65	45	27
FBGN0036242	101	105	118	121	173	99
FBGN0029148	7266	7318	5480	5358	6204	6506
FBGN0035124	174	167	123	215	134	218
FBGN0036446	2650	2514	1869	3093	3268	3216
FBGN0036808	36	23	21	38	3	43
FBGN0266724	423	453	416	279	303	347
FBGN0036374	9929	9672	7991	11809	13067	13674
FBGN0035379	215	196	186	125	263	188
FBGN0036150	72	106	95	149	92	106
FBGN0259701	30	31	14	40	5	9
FBGN0012034	378	380	330	269	241	373
FBGN0035959	1351	1418	1198	1385	1358	1379
FBGN0086708	7508	6390	5607	3566	3571	4273
FBGN0035245	67	113	40	42	31	21
FBGN0036973	2761	3392	2388	1772	1852	2234
FBGN0250911	2185	2252	1767	3154	2693	2489
FBGN0264302	12482	12994	9887	6738	7959	7889
FBGN0036359	3	7	7	7	0	2
FBGN0036325	72	58	31	18	22	14
FBGN0036305	7649	7831	6278	6135	7345	6766
FBGN0044328	77	0	27	74	21	17
FBGN0027786	7299	7931	5904	4756	5352	5612
FBGN0004875	18229	16763	13670	22775	23158	23658
FBGN0037021	7561	6701	5751	7244	7946	8041
FBGN0036306	1216	1367	1052	1000	993	913
FBGN0040321	11029	11965	9266	10160	12722	13302
FBGN0052115	67	205	71	34	37	57
FBGN0035619	36	46	65	11	30	4
FBGN0054031	33	21	18	12	5	17
FBGN0024733	84968	95859	71564	59081	70414	70663
FBGN0036934	79	36	16	23	48	33
FBGN0036264	273	250	246	34	126	86
FBGN0040842	100	41	35	37	31	50
FBGN0053725	26	18	7	11	16	10
FBGN0003997	12055	11483	8331	7943	7862	7800
FBGN0052057	53	12	47	37	33	32
FBGN0036586	23	7	1	9	7	2
FBGN0262716	8395	7990	6871	6133	6410	7046
FBGN0041622	57	52	48	61	30	5
FBGN0035924	17	14	32	10	23	5
FBGN0035308	1076	1409	862	1739	1871	1687
FBGN0002901	1664	1949	1354	1305	1665	1586
FBGN0037142	5673	5199	4626	5576	6129	6317
FBGN0036842	4481	4752	3560	6347	6284	7290
FBGN0264488	273	129	149	71	114	329
FBGN0037133	3	23	6	2	0	3
FBGN0023395	1721	1885	1513	2100	1971	2370
FBGN0037004	325	354	344	411	493	507
FBGN0259167	631	589	421	742	696	770
FBGN0037167	22	106	27	29	15	21
FBGN0035797	97	114	99	71	24	22
FBGN0064227	46	53	30	102	62	50
FBGN0036970	45	42	42	44	11	4
FBGN0040075	10342	10424	7972	8468	9531	10116
FBGN0052107	116	64	34	71	42	10
FBGN0052188	18	24	19	10	11	27
FBGN0035475	411	601	349	277	250	381
FBGN0036772	2130	1978	1585	1617	1762	2068
FBGN0036688	2293	2408	1844	2096	2211	2859
FBGN0027616	13393	14272	11136	14738	15494	17655
FBGN0053056	274	348	222	324	229	259
FBGN0036373	10253	10318	7581	10407	9899	11131
FBGN0002565	24839	27047	20627	8133	13586	5223
FBGN0260943	162	106	140	61	74	95
FBGN0036292	1228	1033	911	821	1158	970
FBGN0036211	3250	3659	2544	2639	3158	3275
FBGN0035790	38	47	49	23	10	16
FBGN0011771	7676	9124	6593	5597	7724	6910
FBGN0036765	236	254	295	316	367	287
FBGN0035838	1574	1843	1194	1162	1160	1420
FBGN0036415	310	270	209	456	504	423
FBGN0036587	1197	1327	1015	88	211	91
FBGN0040837	15	8	37	3	21	9
FBGN0035546	81	251	95	76	40	15
FBGN0037086	25	32	11	24	4	34
FBGN0036314	5073	5757	4360	4206	4186	4403
FBGN0047135	8249	6912	7223	3372	4541	3846
FBGN0052251	9050	8827	7038	10078	11268	9199
FBGN0036725	176	104	101	92	72	36
FBGN0036213	40797	46062	34974	34892	41329	43748
FBGN0036288	152	56	51	54	27	56
FBGN0041604	10687	10102	7821	10413	12459	11206
FBGN0036101	7410	7687	5496	3987	5254	4248
FBGN0061492	3481	3066	2881	2511	3010	2733
FBGN0035922	26	16	27	16	58	0
FBGN0052846	32	51	19	25	8	10
FBGN0053700	12	32	10	4	1	6
FBGN0261547	13279	12679	10362	12294	12830	13509
FBGN0052183	94	88	67	37	4	15
FBGN0004428	9	32	20	21	14	24
FBGN0035638	19	46	47	59	9	43
FBGN0036714	3273	3665	2487	3178	4041	3626
FBGN0037070	1264	1174	863	842	922	788
FBGN0261797	50388	50412	39475	65621	69079	70614
FBGN0035480	543	639	549	311	401	284
FBGN0036030	11045	11072	8974	10622	11485	11589
FBGN0036844	3542	4092	3224	3168	3270	3658
FBGN0035578	38	26	31	25	16	20
FBGN0035144	125	115	131	3	35	15
FBGN0036570	3927	3448	2691	2372	2591	2596
FBGN0014368	196	404	209	182	169	93
FBGN0036386	3201	3063	2443	2162	2662	2721
FBGN0263246	73	43	9	0	2	0
FBGN0067864	4553	4435	3757	3707	4514	4894
FBGN0036341	1360	1514	1109	1773	1749	2192
FBGN0000449	200	187	115	125	105	132
FBGN0036226	50	88	28	26	10	34
FBGN0036207	2409	2142	1752	1605	1609	1500
FBGN0267795	9658	9898	7918	12030	13007	13001
FBGN0036450	7678	7985	5447	6628	7658	7225
FBGN0036949	126	74	63	72	52	42
FBGN0004378	14256	15651	11156	17358	18975	20092
FBGN0035264	5029	4951	4364	4723	4995	5312
FBGN0260233	5521	5764	3605	4473	4927	5022
FBGN0262020	17	57	16	27	47	13
FBGN0052379	36	63	23	11	4	10
FBGN0036991	2325	2235	1965	2547	2223	2265
FBGN0260027	191	124	76	73	57	37
FBGN0036232	13	20	17	27	9	15
FBGN0035904	6989	8932	6212	5401	5735	5936
FBGN0036812	1374	1408	952	896	1122	1242
FBGN0035676	207	158	76	156	154	61
FBGN0262531	28	16	22	50	36	23
FBGN0261788	1789	1796	1479	1103	928	1235
FBGN0037042	24	83	82	18	40	47
FBGN0036165	3061	2959	2446	2866	2780	3027
FBGN0035505	36	30	30	25	10	23
FBGN0085296	52	11	14	26	54	74
FBGN0035998	1239	1191	991	761	1146	978
FBGN0036771	859	1229	752	733	670	995
FBGN0015025	653	525	493	424	459	630
FBGN0004431	60	75	20	9	16	0
FBGN0037038	21	19	7	0	4	17
FBGN0053054	566	776	590	182	275	303
FBGN0001099	601	629	601	489	679	608
FBGN0026238	9479	8902	7131	5857	6505	5765
FBGN0033669	5393	5614	4453	2982	3562	3398
FBGN0034785	1323	1705	1109	1179	1698	1448
FBGN0033458	103	270	72	39	43	44
FBGN0265188	6	4	10	6	3	1
FBGN0005695	1226	812	799	904	1107	1086
FBGN0034558	106	35	32	24	55	54
FBGN0033564	1280	1019	778	724	1014	836
FBGN0034776	30	11	15	42	4	0
FBGN0050467	2964	3299	2701	2370	3126	2597
FBGN0050463	3979	3883	3273	4122	4494	4282
FBGN0033056	116	76	46	68	43	62
FBGN0034165	10	23	4	7	8	0
FBGN0050443	2465	2249	1900	1988	1965	1906
FBGN0011554	13	28	31	34	32	3
FBGN0028408	104	125	92	187	96	149
FBGN0284083	1	0	0	0	0	1
FBGN0035016	4715	4583	3730	4995	5145	5905
FBGN0033121	1568	1187	1064	1464	1273	1710
FBGN0034730	67	64	38	42	19	42
FBGN0041174	332	346	265	188	198	237
FBGN0034755	29	29	31	11	5	21
FBGN0261686	8	28	22	11	8	22
FBGN0026389	33	50	37	19	50	20
FBGN0034068	9523	9458	7298	8634	8780	8960
FBGN0033392	981	829	669	876	632	966
FBGN0261612	96	105	44	37	25	27
FBGN0033592	10	21	0	3	4	12
FBGN0034468	786	729	607	206	394	407
FBGN0015277	1381	1573	1246	1269	1775	1677
FBGN0003460	1430	1320	987	1371	1281	1681
FBGN0265194	3270	3759	2520	4048	4037	3608
FBGN0086784	3584	3649	2616	2895	2962	3374
FBGN0033555	5384	6619	5136	4086	4519	5195
FBGN0034217	805	701	615	444	729	605
FBGN0022224	450	532	411	230	395	399
FBGN0033050	4269	4057	3634	3584	4030	4241
FBGN0033851	2	6	3	11	3	6
FBGN0034441	109	82	84	31	36	17
FBGN0053136	22	33	23	26	26	17
FBGN0034152	4	17	0	10	5	2
FBGN0050496	2047	2397	1807	1947	2278	2202
FBGN0033446	3645	4454	3347	6542	6733	8982
FBGN0034065	1993	2294	1655	1272	1390	1336
FBGN0010531	797	943	724	510	623	476
FBGN0262170	4	6	5	4	10	9
FBGN0034940	583	770	533	438	644	761
FBGN0033326	66	30	44	22	21	37
FBGN0011659	1636	1436	1003	1505	1630	1806
FBGN0034756	494	432	295	289	234	204
FBGN0034066	2427	2193	1746	2117	2134	2460
FBGN0033512	8	28	0	5	3	0
FBGN0010388	22	0	15	7	6	0
FBGN0043471	30	6	5	15	8	8
FBGN0262569	0	3	5	7	4	0
FBGN0035028	1934	2169	1773	1651	1781	1718
FBGN0050122	45855	48968	40470	42531	45985	47068
FBGN0041243	100	74	50	56	61	48
FBGN0085475	15	21	9	2	0	13
FBGN0010339	9233	8848	7010	4962	5149	5395
FBGN0034835	17	4	16	12	0	16
FBGN0034499	55	88	38	26	63	25
FBGN0029508	9680	10331	7421	5589	5224	5444
FBGN0024698	7141	7418	5264	5903	6733	6376
FBGN0262513	5	6	27	34	11	2
FBGN0033942	295	222	220	552	551	912
FBGN0033781	1586	1569	1299	599	703	790
FBGN0033979	9	28	41	30	28	23
FBGN0033051	861	751	596	564	680	698
FBGN0033042	22	11	7	13	0	0
FBGN0000662	9987	10601	7352	10804	12132	13362
FBGN0034005	196	299	139	66	150	77
FBGN0050339	16	11	27	5	19	9
FBGN0034623	187	240	141	26	171	10
FBGN0023175	9790	11337	8341	8782	10369	10167
FBGN0033190	187	247	126	221	165	222
FBGN0050293	41	46	30	30	8	53
FBGN0033289	198	98	133	138	180	191
FBGN0086908	10471	10885	8033	8565	9905	9954
FBGN0033817	24	3	23	43	24	17
FBGN0043530	18	14	8	17	10	0
FBGN0034206	15	8	7	6	4	2
FBGN0085419	52	52	34	46	33	27
FBGN0033178	2023	2149	1597	1860	2065	2396
FBGN0034483	48	17	39	29	21	12
FBGN0034081	628	932	504	527	443	593
FBGN0000996	6425	6301	4393	7706	8009	8839
FBGN0033234	42	67	25	35	19	16
FBGN0027581	2031	2132	1553	2978	2600	2613
FBGN0033869	22	33	30	21	11	25
FBGN0028743	16	34	27	23	24	8
FBGN0034740	142	90	129	116	48	55
FBGN0025790	6777	6565	4523	5321	6156	6083
FBGN0034031	108	115	150	63	63	43
FBGN0033203	28	140	71	8	1	4
FBGN0034879	2374	2699	2528	1389	1388	1559
FBGN0033108	27	52	51	41	20	36
FBGN0034360	496	531	422	412	427	434
FBGN0050222	38	22	32	34	12	12
FBGN0040465	42	52	13	5	8	29
FBGN0016032	54	92	42	44	46	32
FBGN0263655	91	50	88	218	159	174
FBGN0033848	71	41	67	45	42	23
FBGN0034631	1795	1889	1423	1819	2049	2316
FBGN0033265	2937	3181	2616	2424	2757	2055
FBGN0050159	3139	3167	2488	2292	2492	2757
FBGN0003687	2428	2614	2144	2352	2528	2627
FBGN0259878	4979	4857	3578	5581	6208	6497
FBGN0034307	1521	1381	1196	1195	1692	1683
FBGN0033918	5976	6356	4889	4313	4704	4640
FBGN0013726	20368	19696	16737	17611	19259	20756
FBGN0033215	87	30	39	15	30	4
FBGN0033739	3685	3517	2763	4006	3838	4003
FBGN0034070	222	171	150	68	124	198
FBGN0033846	6624	6677	5356	6870	6808	7161
FBGN0034219	3810	3655	2809	3178	3393	3305
FBGN0033376	3488	3427	2731	3148	3569	3738
FBGN0053503	207	105	162	44	22	20
FBGN0262595	16	22	4	13	0	12
FBGN0004181	36	18	46	74	47	11
FBGN0014184	18043	16868	14648	13100	14723	15564
FBGN0024294	18740	20608	15230	6745	9324	7445
FBGN0033542	47	21	46	17	82	41
FBGN0034160	37	19	16	51	12	24
FBGN0000037	107	78	90	35	22	61
FBGN0261270	13555	13572	11394	8874	9963	11292
FBGN0033915	5365	6095	4551	5078	5946	5809
FBGN0085237	29	25	1	15	15	0
FBGN0050432	8	14	8	14	4	4
FBGN0034681	26	43	8	8	13	2
FBGN0265512	646	1015	700	824	853	883
FBGN0264540	11	17	4	36	4	6
FBGN0024732	761	809	616	1079	1134	1470
FBGN0265632	15	3	11	1	0	4
FBGN0034770	44	65	3	7	4	11
FBGN0050106	103	14	70	43	20	27
FBGN0261554	3307	3694	2849	3705	3533	3575
FBGN0260007	72	14	34	26	7	5
FBGN0001122	2034	2192	1800	2144	2664	2489
FBGN0033381	3577	3454	2699	3039	3468	3340
FBGN0085444	9826	9880	7616	10536	11523	11527
FBGN0067102	686	680	570	739	682	1004
FBGN0042086	271	210	265	149	186	329
FBGN0050178	16	3	2	20	0	14
FBGN0008636	77	49	35	49	24	25
FBGN0016697	9444	8783	7790	6496	6739	7547
FBGN0259737	77	41	87	70	97	87
FBGN0262836	0	0	2	0	0	0
FBGN0034110	1915	2113	1595	1819	2170	1862
FBGN0259795	101	65	43	56	70	23
FBGN0033982	30	37	9	20	23	37
FBGN0262843	34	22	13	18	10	2
FBGN0085460	154	151	63	31	76	18
FBGN0033879	9990	11217	8171	9542	10476	11209
FBGN0033921	47	98	63	64	107	66
FBGN0046880	2	16	0	9	3	0
FBGN0050160	244	177	218	121	132	290
FBGN0025186	3114	2939	2419	2931	3328	2918
FBGN0053459	78	35	40	35	12	1
FBGN0034352	50	16	44	7	26	18
FBGN0029501	2	94	39	31	40	13
FBGN0033987	18430	19424	14535	21307	23007	24013
FBGN0034950	79	59	57	129	52	51
FBGN0033089	1704	1868	1551	1338	1614	1674
FBGN0265623	4710	5457	3413	5631	6201	6064
FBGN0034261	2036	2005	1468	1994	2153	2231
FBGN0034735	1177	1282	840	1305	1387	1228
FBGN0034867	4	0	23	0	12	1
FBGN0034498	8265	7953	6268	8841	9524	9631
FBGN0041702	1436	1405	1179	1273	1821	1637
FBGN0033651	43	48	35	15	39	28
FBGN0034224	48	39	51	47	68	64
FBGN0085224	787	845	672	621	523	609
FBGN0286939	9	0	5	1	0	4
FBGN0003900	3441	2967	2672	2477	2746	3309
FBGN0259708	502	470	356	173	121	136
FBGN0033043	44	66	57	6	10	2
FBGN0028956	5680	5770	4530	4550	5112	4570
FBGN0033272	2475	2129	1755	1799	2055	2321
FBGN0040729	5	3	5	19	3	0
FBGN0034356	837	833	537	372	609	362
FBGN0050039	7	26	8	0	3	11
FBGN0265052	99	75	38	64	60	85
FBGN0034281	170	171	50	90	136	71
FBGN0040505	732	554	508	715	957	886
FBGN0033010	6212	6804	5069	4939	5858	4602
FBGN0033468	1395	1128	949	829	773	676
FBGN0033917	187	130	215	76	146	176
FBGN0262572	5	19	9	4	2	20
FBGN0034073	3969	4773	3574	2518	3570	2907
FBGN0040747	6	2	2	0	0	0
FBGN0035027	2458	2663	2003	2412	2293	2545
FBGN0033060	684	821	510	463	390	466
FBGN0050380	25	15	20	17	29	30
FBGN0034202	46	10	61	34	1	2
FBGN0033408	13	40	28	87	94	111
FBGN0046253	560	742	321	136	126	167
FBGN0285943	81	37	15	46	10	33
FBGN0034797	9889	10021	7775	13067	13936	13372
FBGN0002069	17449	17750	13746	12760	13526	14396
FBGN0040764	5	24	12	24	0	0
FBGN0033597	24	10	7	2	16	15
FBGN0033958	37	68	35	19	14	1
FBGN0022029	6204	6555	4823	4352	4900	5009
FBGN0034232	1953	2241	1364	1192	1011	1060
FBGN0034035	2572	2690	1774	1304	1848	1736
FBGN0034627	598	615	380	329	438	319
FBGN0053792	16	22	21	9	12	14
FBGN0028988	61	36	80	63	44	25
FBGN0259978	7467	7701	5682	5609	5503	5274
FBGN0040780	166	149	170	147	104	175
FBGN0034061	1769	1566	1419	820	1060	1180
FBGN0041236	29	13	22	8	15	0
FBGN0033236	1764	1555	1443	1823	2223	2429
FBGN0033374	42	46	27	28	3	28
FBGN0033249	10	5	16	16	6	0
FBGN0033233	1851	1803	1640	1553	1995	1978
FBGN0050338	298	446	279	572	547	616
FBGN0033127	1622	1792	1099	1228	1518	1440
FBGN0010053	487	548	414	507	605	671
FBGN0054029	5	5	9	15	0	3
FBGN0034567	82	0	27	21	7	28
FBGN0033260	7581	7085	5857	7442	7629	7156
FBGN0000253	34602	32982	26061	25695	29446	28014
FBGN0020767	6148	6211	5212	7933	7761	9349
FBGN0050177	7	2	32	6	6	0
FBGN0035088	3325	3767	2807	2415	2557	2453
FBGN0085233	1	10	7	4	1	3
FBGN0035049	4789	4768	3626	2350	2853	2431
FBGN0050401	55	14	17	4	20	23
FBGN0015903	1537	1335	1265	1849	1702	1903
FBGN0040726	139	34	42	40	43	34
FBGN0034023	85	40	48	43	15	42
FBGN0262141	10	9	8	8	2	2
FBGN0003701	3706	3991	2988	4261	5020	5077
FBGN0003062	9745	11284	8217	8749	9702	10696
FBGN0264962	15179	14764	12857	16193	19001	18244
FBGN0034687	97	34	44	51	70	55
FBGN0050010	502	424	529	364	453	360
FBGN0005613	10934	10426	8336	11345	12521	12316
FBGN0010078	118282	136224	101294	77669	92147	92979
FBGN0040752	17125	16517	12543	22532	25163	25237
FBGN0260390	1178	1143	873	1385	1252	1376
FBGN0033451	1982	2384	1597	1682	2047	2073
FBGN0000658	14377	14434	10987	19287	21191	23926
FBGN0028963	33	26	14	28	11	22
FBGN0262816	17	30	17	11	16	6
FBGN0053467	7	6	3	9	3	7
FBGN0034876	5693	5608	4243	5331	5450	5809
FBGN0033623	8	6	4	4	2	4
FBGN0085399	91	16	47	48	48	57
FBGN0041237	20	8	15	5	7	37
FBGN0033500	49	97	21	36	29	8
FBGN0033341	2200	2352	1550	2224	2252	2061
FBGN0034276	116	92	118	35	42	36
FBGN0034795	9347	9718	7259	8245	9724	9050
FBGN0034878	5696	5376	4558	5430	5583	6225
FBGN0033720	99	87	146	53	54	42
FBGN0033377	6562	6544	4768	4373	5121	5256
FBGN0062449	1961	1880	1496	1752	1839	1755
FBGN0034519	266	235	199	244	132	128
FBGN0003892	11856	11056	8722	12355	13739	13484
FBGN0034184	2505	2199	1959	1706	1905	1858
FBGN0033806	3109	3321	2380	2517	2787	2499
FBGN0066292	107	111	73	138	196	178
FBGN0023143	65699	66457	51540	51664	58019	58481
FBGN0085344	77	62	13	8	14	7
FBGN0001285	22	17	21	30	21	0
FBGN0040063	37	3	13	9	2	7
FBGN0015040	2439	2795	2119	2526	2842	3082
FBGN0034718	6548	6836	5195	9135	9505	11092
FBGN0034568	145	140	106	158	262	239
FBGN0085512	9	0	0	4	4	0
FBGN0000044	9933	11766	8223	2276	2120	1503
FBGN0026619	2412	2044	1813	1405	1717	1920
FBGN0266711	3475	3908	2946	2817	2945	2890
FBGN0015522	59	55	78	67	101	60
FBGN0033744	144	108	77	57	74	35
FBGN0050428	1313	1495	1049	1224	1379	1186
FBGN0033097	31	4	8	11	28	3
FBGN0053453	9	17	28	12	8	1
FBGN0033266	953	811	743	905	1026	1189
FBGN0003326	4738	4557	3718	5826	7252	6711
FBGN0050099	95	12	36	50	34	95
FBGN0260477	102	108	91	56	135	153
FBGN0034684	41	19	24	38	18	15
FBGN0063498	12	10	17	0	14	1
FBGN0033000	3196	4127	2756	1387	1835	1542
FBGN0033579	65	89	47	88	40	24
FBGN0040658	428	436	302	418	479	497
FBGN0034565	4	20	16	4	12	0
FBGN0034278	0	7	10	15	14	5
FBGN0027589	103	42	59	78	44	28
FBGN0034335	1023	768	702	373	509	490
FBGN0033640	18	23	7	4	16	2
FBGN0034994	32	56	56	37	27	40
FBGN0033945	456	414	274	102	148	106
FBGN0085228	4	6	20	0	0	17
FBGN0033883	1635	1945	1192	1237	1424	1906
FBGN0262948	14	6	4	1	9	0
FBGN0053137	29	70	84	29	46	4
FBGN0010357	161	214	138	48	18	54
FBGN0034723	3086	3157	2679	3602	3950	4123
FBGN0040005	5383	5862	4344	2942	3755	3044
FBGN0033029	23510	24521	19413	20880	23609	22769
FBGN0034617	2866	3068	1917	2171	2659	2689
FBGN0033865	28	18	32	28	11	25
FBGN0033235	5365	5749	4483	4818	4598	5557
FBGN0002791	3608	3550	2879	2763	3026	3122
FBGN0033244	2940	2952	2502	3039	3358	3839
FBGN0050016	80	46	8	24	55	13
FBGN0262114	12581	12395	9455	11318	11631	12082
FBGN0025827	17	11	13	10	1	0
FBGN0050398	20	73	32	45	63	16
FBGN0035068	68	42	17	18	14	18
FBGN0262845	20	22	18	3	6	1
FBGN0017558	2274	2266	1469	714	996	752
FBGN0034454	26	5	29	39	4	0
FBGN0033113	89	70	67	57	68	68
FBGN0034135	129	22	36	39	22	9
FBGN0028744	9303	9242	7099	7399	8155	8449
FBGN0050360	141	104	98	89	88	112
FBGN0262571	0	18	10	17	1	0
FBGN0034457	72	64	68	51	36	28
FBGN0033760	113	38	80	33	22	25
FBGN0033241	6768	7298	5535	6603	6893	7554
FBGN0050371	55	45	41	38	27	14
FBGN0265297	188159	196590	149161	188986	207422	216577
FBGN0020257	18002	18116	13758	20439	20144	24159
FBGN0033608	3584	4439	3120	2082	2543	2071
FBGN0283666	1854	1873	1432	1140	1472	1176
FBGN0266377	2021	2063	1607	3324	3857	3620
FBGN0285950	81092	98596	68651	50908	64294	57262
FBGN0003435	4609	4239	3183	868	1413	840
FBGN0034920	97	73	60	15	18	5
FBGN0050265	60	78	32	21	10	14
FBGN0034961	2728	2833	2166	2034	2186	1647
FBGN0033021	16355	15940	13668	9526	11249	9032
FBGN0260770	58	94	41	102	32	10
FBGN0050011	8467	9043	6995	8623	9349	9047
FBGN0034093	1269	1018	982	1196	959	1232
FBGN0053505	2874	2611	2129	1485	2169	1840
FBGN0034946	4210	4287	3080	3915	4132	4720
FBGN0262547	13	1	0	6	0	7
FBGN0033885	1	18	11	46	12	35
FBGN0001291	3859	4041	2959	2693	3260	2933
FBGN0004240	12	6	0	15	1	3
FBGN0040273	9141	9812	7456	9164	10355	10198
FBGN0034501	249	346	195	40	56	35
FBGN0003140	8	24	29	14	20	10
FBGN0034092	20	16	24	2	26	2
FBGN0033750	1132	1438	902	1007	1353	1345
FBGN0041235	43	2	24	6	9	29
FBGN0261823	13207	13390	9744	15527	16753	16440
FBGN0033814	3582	3520	2728	3510	3646	4362
FBGN0025885	5286	4842	3645	5878	7279	7233
FBGN0045482	32	6	40	23	3	0
FBGN0263032	1	9	9	0	3	5
FBGN0050413	4	6	14	4	1	8
FBGN0029147	387	590	462	133	119	45
FBGN0033323	53	108	62	32	29	53
FBGN0085257	309	376	294	150	183	108
FBGN0028407	33	33	13	32	5	1
FBGN0033353	34	76	39	11	36	17
FBGN0033422	64	83	42	27	15	59
FBGN0284252	6891	6748	5288	7922	8341	8615
FBGN0262882	16	0	12	14	6	7
FBGN0267861	5725	6042	4355	3351	3883	3651
FBGN0085218	9	5	10	2	11	0
FBGN0034363	4	5	12	2	8	4
FBGN0035014	14	2	10	14	18	0
FBGN0022987	6521	6110	5118	7156	7223	6821
FBGN0033355	38	23	12	21	0	0
FBGN0033138	9	13	37	38	6	4
FBGN0262103	5357	5556	4570	7389	6931	7431
FBGN0034697	4326	4130	3236	3421	4021	3925
FBGN0284231	141	181	99	97	122	109
FBGN0013764	10866	11516	8115	9727	10106	11507
FBGN0034968	77565	87267	59899	67613	76704	83371
FBGN0011227	600	829	578	215	330	237
FBGN0028496	175	118	194	221	105	102
FBGN0033473	2613	2664	2234	1966	2443	2364
FBGN0034504	12995	13293	9453	13422	16165	15862
FBGN0034548	23	41	31	48	27	34
FBGN0033663	65143	73402	53132	69721	79930	79163
FBGN0033170	127	54	50	25	54	73
FBGN0033990	1231	1363	905	816	1012	812
FBGN0050403	577	792	570	626	783	856
FBGN0033679	583	605	576	99	95	44
FBGN0040763	131	119	68	117	136	54
FBGN0034387	113	29	59	91	34	1
FBGN0050021	126	180	118	70	62	88
FBGN0250868	1406	2199	1641	875	920	764
FBGN0033713	2291	2484	2109	2197	2398	2633
FBGN0028426	2803	3112	2311	1750	1912	1978
FBGN0053465	371	444	329	56	28	31
FBGN0284436	33770	34600	26767	27239	27888	30275
FBGN0033867	144	2	32	25	45	42
FBGN0010470	9153	10114	7430	3728	4982	4286
FBGN0050065	17	12	17	0	4	9
FBGN0033137	257	283	214	98	154	94
FBGN0034346	5280	5083	4417	4579	5197	4885
FBGN0033122	4151	4350	3284	3914	3852	4777
FBGN0010482	710	650	492	164	140	170
FBGN0263250	20	23	3	5	10	3
FBGN0034103	23	14	16	0	0	8
FBGN0040730	16	2	14	0	1	0
FBGN0034638	130	71	51	43	18	32
FBGN0034199	44	42	16	0	10	1
FBGN0050103	57	57	31	22	22	27
FBGN0034709	133	157	160	301	255	292
FBGN0033315	1250	1288	1110	653	570	922
FBGN0003396	25565	24925	18741	35773	38710	36163
FBGN0034902	2821	2940	2811	1714	1273	1933
FBGN0034957	17	18	26	56	25	19
FBGN0035090	287	263	192	101	141	140
FBGN0034769	32	53	8	7	12	11
FBGN0034025	4393	4171	3409	3731	3804	4228
FBGN0025720	4329	4131	3337	2960	3753	3822
FBGN0033788	103	77	60	27	2	18
FBGN0266487	578	623	585	553	591	516
FBGN0000633	133	41	106	85	64	37
FBGN0034528	4712	5329	3977	3254	3416	3041
FBGN0033362	178	155	155	207	158	237
FBGN0287212	10	2	6	9	11	14
FBGN0004907	73033	76088	55563	54519	65076	59438
FBGN0033810	1530	1990	1412	1076	1126	1262
FBGN0265833	17	3	0	4	0	3
FBGN0050340	73	45	45	13	12	57
FBGN0263376	72	136	53	58	13	18
FBGN0034173	21	40	14	15	0	18
FBGN0002643	21653	21494	16361	22988	26096	25143
FBGN0033363	28	22	29	35	28	35
FBGN0034182	501	397	327	438	397	439
FBGN0286932	82	97	90	31	62	32
FBGN0085261	240	193	148	45	17	47
FBGN0034988	558	802	519	386	478	505
FBGN0263020	1	0	2	4	6	5
FBGN0266083	15462	15728	12360	15675	16988	16711
FBGN0004581	201	199	151	122	94	86
FBGN0053140	488	739	418	761	1044	883
FBGN0034731	57	28	55	20	19	22
FBGN0050349	8634	10486	7565	6881	7598	7681
FBGN0033397	58	39	52	41	18	20
FBGN0050382	26230	29033	20968	14204	17598	17300
FBGN0004055	3086	3673	2932	2328	2882	2856
FBGN0003067	3712	3999	2977	5030	3689	4814
FBGN0033815	43	21	63	38	9	22
FBGN0033730	1837	2348	1527	872	990	1172
FBGN0026402	2757	2806	1961	1765	2020	2374
FBGN0034665	70	38	37	13	23	3
FBGN0034883	132	160	73	128	156	170
FBGN0265429	22	28	27	4	6	0
FBGN0085244	9	9	10	3	6	8
FBGN0033467	459	355	296	124	91	69
FBGN0085241	1	1	0	24	0	0
FBGN0015295	4845	4791	4061	4476	4498	4960
FBGN0033450	276	423	244	359	396	384
FBGN0033861	18	0	8	5	9	1
FBGN0033687	0	23	15	3	6	6
FBGN0033925	1428	1650	1277	1255	1224	1448
FBGN0035006	21	20	79	23	35	25
FBGN0034461	13	23	24	6	0	6
FBGN0034063	1460	1586	1133	1505	1691	1491
FBGN0034566	88	64	56	53	29	20
FBGN0033791	132	101	91	55	36	30
FBGN0034114	2826	2802	2273	2363	2490	2183
FBGN0050031	2195	2329	1807	318	179	578
FBGN0034705	1037	1184	980	505	686	741
FBGN0034195	33	50	51	16	14	12
FBGN0053632	23	27	28	5	3	6
FBGN0034647	55	59	58	17	49	8
FBGN0033354	3935	4031	2879	4432	5001	4900
FBGN0054040	26	2	26	36	27	10
FBGN0028382	1904	2044	1563	1344	1458	1359
FBGN0034062	856	807	914	803	694	1042
FBGN0040754	1231	1445	1167	487	834	650
FBGN0003130	473	548	358	457	492	388
FBGN0034002	2287	2537	2041	2288	2919	2782
FBGN0266186	3062	3123	2759	1666	2179	2297
FBGN0263114	16	13	17	3	13	4
FBGN0050391	7	16	10	6	3	6
FBGN0044020	1203	1543	1058	456	669	640
FBGN0033264	11197	10483	8268	8475	9092	9860
FBGN0085488	25	12	33	6	8	21
FBGN0260995	19	38	22	5	10	3
FBGN0034391	278	551	274	386	457	378
FBGN0085213	15	48	10	25	22	8
FBGN0034105	18	15	10	2	2	0
FBGN0025583	0	7	6	6	13	0
FBGN0250824	43	16	33	135	208	216
FBGN0041205	3733	4321	2988	3303	2815	3326
FBGN0033033	3908	4155	2777	4132	4018	4026
FBGN0262889	9	0	6	3	3	0
FBGN0265180	2951	2975	2186	1400	1683	984
FBGN0035085	487	789	620	620	523	787
FBGN0265342	43	44	16	10	6	12
FBGN0033524	16	32	27	43	48	7
FBGN0034899	36	34	28	40	1	1
FBGN0266433	0	4	15	21	7	29
FBGN0035089	9952	10725	7329	5726	7266	7135
FBGN0259209	634	924	536	145	177	68
FBGN0034272	73	47	47	65	11	47
FBGN0260799	17468	17685	13775	12200	14635	11708
FBGN0034139	180	135	152	43	15	12
FBGN0034008	1044	967	796	368	505	435
FBGN0035019	106	42	31	22	9	36
FBGN0000448	3339	3851	2719	731	1541	680
FBGN0034198	80	66	38	14	25	14
FBGN0033960	575	488	395	1242	1415	1513
FBGN0040733	0	0	4	0	3	5
FBGN0033980	65	59	9	31	32	41
FBGN0014865	33	5	4	2	0	1
FBGN0261587	6	17	10	14	2	4
FBGN0050389	11034	11460	9052	13307	13318	14091
FBGN0012042	58	20	20	6	7	0
FBGN0262840	56	0	7	5	0	0
FBGN0033225	4480	4318	3398	3303	3494	3549
FBGN0034657	13627	12538	10645	13081	12549	13595
FBGN0033038	2670	2996	2208	2258	2339	2177
FBGN0033516	10	13	6	3	1	17
FBGN0033104	1683	1368	1290	784	1091	882
FBGN0027872	609	531	424	616	750	823
FBGN0033261	1517	1659	1125	930	1051	1195
FBGN0033686	685	693	423	423	352	329
FBGN0034774	6	5	8	5	6	2
FBGN0033658	95	104	80	138	110	275
FBGN0050169	1604	1672	1200	1628	1878	1764
FBGN0263395	5303	4550	4049	5140	5843	5812
FBGN0035084	44	68	31	19	45	137
FBGN0035091	227	187	148	65	126	57
FBGN0086656	9067	9017	7550	5676	6914	6356
FBGN0034722	8196	8797	6514	7427	8363	7901
FBGN0034098	1212	1265	1012	1268	1658	1436
FBGN0267002	1782	2090	1504	2024	2079	2147
FBGN0034365	217	309	313	205	197	112
FBGN0033648	151	65	44	26	22	16
FBGN0034389	132	116	126	122	42	64
FBGN0262837	0	0	0	0	1	0
FBGN0035073	3971	3835	3042	3115	3962	4035
FBGN0005778	26	20	18	12	13	25
FBGN0035065	852	802	571	709	905	684
FBGN0033628	28	37	55	27	18	33
FBGN0061356	49	45	78	19	8	4
FBGN0034866	18	40	18	8	33	6
FBGN0005654	1058	1561	873	1040	1138	1105
FBGN0035001	22230	23042	17380	26344	29236	29307
FBGN0034542	3293	2717	2334	2276	2934	2876
FBGN0033661	30448	31531	24278	33756	38381	36737
FBGN0005655	14812	14227	11691	14045	15448	16382
FBGN0033897	11902	12488	9491	9826	10972	10389
FBGN0264089	26682	27482	21329	36360	40132	40831
FBGN0033499	17	0	30	9	3	0
FBGN0033382	868	854	572	1426	1344	1753
FBGN0034745	69	102	71	52	61	35
FBGN0034470	1845	2033	1206	132	277	120
FBGN0033274	117	106	66	33	100	70
FBGN0034763	1024	923	684	803	848	971
FBGN0034263	35	19	13	27	5	8
FBGN0034540	1212	1093	988	1217	1345	1284
FBGN0005586	3	40	23	13	21	11
FBGN0283450	8220	8579	6888	5370	5816	6955
FBGN0262791	0	9	0	0	6	0
FBGN0260456	6195	6789	5273	3645	4537	4905
FBGN0015561	146	125	109	20	80	90
FBGN0261990	42	29	52	28	13	19
FBGN0050364	38	25	19	8	14	8
FBGN0033483	969	980	981	566	681	664
FBGN0050342	2893	3075	2265	2561	3005	2870
FBGN0028687	16567	18266	15146	11618	13569	13682
FBGN0263697	3256	3506	2767	2101	2582	2196
FBGN0034560	6	6	13	13	22	8
FBGN0263849	222	141	113	68	33	44
FBGN0259977	25	39	56	67	40	69
FBGN0265046	33	32	17	32	1	13
FBGN0033968	2819	2927	2460	1860	2705	2910
FBGN0029084	315	327	293	344	382	276
FBGN0261989	223	463	248	74	65	23
FBGN0033347	37	95	55	56	89	84
FBGN0259710	44	66	48	5	2	13
FBGN0033028	5942	5813	4722	4148	4897	4432
FBGN0034442	558	584	416	440	587	501
FBGN0061361	1367	1769	1036	1054	1103	1564
FBGN0034573	2234	2692	2043	2162	2535	3087
FBGN0010516	7104	8353	6097	4899	5531	6156
FBGN0040759	39	25	19	0	11	0
FBGN0034368	6382	6511	5256	5080	6111	5739
FBGN0265313	56	88	40	21	26	25
FBGN0033850	35	23	6	35	6	16
FBGN0050015	10577	10021	8452	14145	15047	15495
FBGN0050272	64	49	62	14	10	29
FBGN0050355	4	14	36	19	0	0
FBGN0034840	17	20	31	30	19	8
FBGN0040666	1082	1027	685	731	734	894
FBGN0033871	406	359	349	362	372	261
FBGN0034191	324	303	209	323	263	230
FBGN0034670	40	21	17	37	8	31
FBGN0053012	114	94	121	74	71	23
FBGN0050395	84	126	50	68	51	19
FBGN0033309	3455	3271	2466	3164	3374	3962
FBGN0033437	98	114	113	36	72	38
FBGN0016078	2249	2138	1951	1672	1682	1694
FBGN0026401	28750	28503	23254	24890	27925	24457
FBGN0003891	31682	32087	24684	34475	37153	35635
FBGN0034974	9259	8734	7218	8736	10154	9254
FBGN0034464	9	14	6	32	5	15
FBGN0034744	1418	1797	1322	1284	1217	1347
FBGN0004168	150	69	34	32	46	37
FBGN0261625	197	203	161	219	123	225
FBGN0043536	24	33	17	9	18	1
FBGN0034033	503	477	360	499	332	376
FBGN0000057	2149	2099	1745	1645	1851	2040
FBGN0015544	4253	4449	3137	3209	3346	3506
FBGN0033884	732	889	685	682	888	750
FBGN0033550	386	273	306	241	263	312
FBGN0040503	28	24	13	24	31	26
FBGN0250851	979	1048	819	1071	1168	1145
FBGN0033558	54	85	50	57	55	15
FBGN0035007	26	17	29	51	8	8
FBGN0025692	69	19	60	15	15	33
FBGN0053349	122	61	45	19	6	21
FBGN0085638	3155	2878	2501	1489	2328	1800
FBGN0004919	68	72	61	63	63	35
FBGN0033248	11	9	25	16	9	8
FBGN0050056	138	32	63	70	173	116
FBGN0263667	4277	4252	3303	4538	4719	5089
FBGN0020764	3881	3892	3061	2290	2817	3070
FBGN0261373	769	663	569	388	471	499
FBGN0034629	167	44	116	221	145	156
FBGN0033602	98	69	69	37	32	32
FBGN0033603	154	190	120	77	55	71
FBGN0035008	5	9	6	0	4	6
FBGN0033827	12	8	18	20	32	4
FBGN0034712	120	78	44	31	17	7
FBGN0262728	69	24	52	13	46	24
FBGN0264294	5091	4755	4289	2709	3344	2960
FBGN0033715	1436	1405	1082	1115	1450	1492
FBGN0034371	1375	1148	1078	1129	1194	1382
FBGN0005619	204	140	96	79	72	42
FBGN0260764	157	75	113	61	82	82
FBGN0261456	6450	6843	5149	5223	5982	5899
FBGN0029154	55	14	36	11	13	24
FBGN0286783	4365	4933	3284	3856	4393	5029
FBGN0033696	80	76	48	11	8	22
FBGN0034366	1622	1740	1323	1330	1264	1225
FBGN0033485	6166	6473	4911	3990	4502	4573
FBGN0034286	56	72	41	51	16	19
FBGN0260762	6	0	6	8	0	0
FBGN0034175	178	201	136	102	65	107
FBGN0002174	2602	2828	2099	1980	2312	2779
FBGN0034214	2107	1960	1690	1462	1463	1468
FBGN0050369	7	5	5	1	3	0
FBGN0033252	110	127	107	249	163	180
FBGN0001133	1699	1848	1471	1575	1920	2101
FBGN0085249	4303	3775	3195	4286	4373	3163
FBGN0263083	0	1	0	4	0	6
FBGN0265184	675	891	717	1121	1072	1021
FBGN0260429	50	58	58	37	31	23
FBGN0034506	94	43	15	41	22	40
FBGN0035036	3230	3159	2379	2444	2928	2862
FBGN0034611	2767	2498	1996	1481	1726	1641
FBGN0027507	6401	6937	5772	4449	4939	4432
FBGN0033140	36	14	11	15	7	4
FBGN0260775	332	440	342	261	289	359
FBGN0259876	16646	17694	13053	16234	16895	17503
FBGN0034758	144	100	102	7	19	36
FBGN0263934	12775	12988	9953	17526	17815	18854
FBGN0033600	40	63	32	16	14	25
FBGN0266723	1532	1467	926	745	1139	864
FBGN0034181	26907	24321	19786	20368	22457	21666
FBGN0034935	46	16	30	13	5	17
FBGN0067903	0	26	11	7	2	0
FBGN0063496	4	14	4	16	4	0
FBGN0013305	4788	4021	3621	3072	4261	3668
FBGN0260474	41	31	53	16	30	24
FBGN0259937	32174	33888	25445	26255	30412	30672
FBGN0034513	5	35	45	55	12	5
FBGN0034618	950	978	761	892	779	774
FBGN0001187	68	42	39	20	65	9
FBGN0259202	1004	882	624	714	705	861
FBGN0050037	39	49	26	53	28	12
FBGN0010621	37950	38777	30981	31288	33196	37784
FBGN0286834	22	15	12	30	35	21
FBGN0011592	20584	20050	15675	18273	21641	19469
FBGN0033950	10	9	22	17	16	0
FBGN0034720	108	202	162	99	88	150
FBGN0034012	71	72	22	56	17	34
FBGN0263109	4051	4231	2995	6653	6663	6565
FBGN0033717	4775	4201	3884	3814	3967	4108
FBGN0033756	148	170	59	121	89	57
FBGN0034715	48	36	70	151	53	83
FBGN0286931	26	0	6	14	8	0
FBGN0028683	1636	1888	1509	1035	1202	1022
FBGN0083941	0	8	17	0	0	4
FBGN0034141	1905	2125	1676	1659	1725	1916
FBGN0034936	3360	3958	3008	2169	2389	2574
FBGN0034279	94	37	53	76	49	82
FBGN0033186	949	785	779	795	915	925
FBGN0083936	17	9	4	7	1	8
FBGN0085234	53	84	17	60	12	17
FBGN0082585	745	712	636	670	728	772
FBGN0034700	46	36	53	19	32	44
FBGN0053156	1161	1210	943	1327	1713	1766
FBGN0015372	676	669	613	569	674	712
FBGN0261016	172	138	147	89	90	49
FBGN0034168	37	29	20	40	4	22
FBGN0285949	99336	113154	79864	72054	81705	79276
FBGN0040734	7	3	2	5	2	0
FBGN0265576	50	143	91	61	77	45
FBGN0033952	12	14	33	25	11	16
FBGN0010638	5275	7312	4749	3267	4395	3871
FBGN0033464	70	196	75	137	117	90
FBGN0035059	1384	1425	1104	1444	1340	1295
FBGN0005612	4990	4881	3881	3263	3765	3654
FBGN0016726	26207	34735	23690	20851	28626	26653
FBGN0262574	22	14	18	4	4	4
FBGN0033665	556	789	408	483	394	535
FBGN0033221	56	41	44	32	38	26
FBGN0267351	3825	3616	2954	4195	4086	4431
FBGN0014469	4204	3230	2926	520	621	763
FBGN0033624	6575	7225	4833	4818	5677	5777
FBGN0034179	3065	3467	2382	2521	3072	3092
FBGN0002571	32	16	47	48	4	25
FBGN0034817	2006	1990	1868	1615	1696	2028
FBGN0288856	650	769	508	611	638	623
FBGN0023081	10706	10397	8212	10579	11846	11433
FBGN0261394	16338	17328	13004	13704	16490	16651
FBGN0263240	6142	6675	5016	6024	6108	6339
FBGN0034299	2462	2412	1821	1690	1773	1672
FBGN0034071	7789	7120	5748	7575	8471	8352
FBGN0034154	35	26	6	2	5	2
FBGN0035040	15	12	25	19	11	17
FBGN0034097	40	0	50	13	2	16
FBGN0085243	14	30	28	29	12	19
FBGN0034626	1018	1153	942	832	786	828
FBGN0261975	2523	2756	2078	1529	1988	1897
FBGN0260475	270	228	277	851	729	739
FBGN0025335	1568	1483	1157	1355	1406	1725
FBGN0043576	42	24	27	45	10	9
FBGN0011695	47	56	47	96	34	75
FBGN0035056	847	812	680	490	478	462
FBGN0034860	878	772	936	442	655	698
FBGN0034262	23	57	39	48	34	46
FBGN0033538	698	542	335	504	609	572
FBGN0010238	17683	18597	14001	13067	15261	15819
FBGN0064237	62	37	60	34	26	8
FBGN0000405	16071	16824	12289	16768	18297	19053
FBGN0040491	80	29	19	39	30	17
FBGN0033820	202	111	226	18	64	32
FBGN0033702	131	175	86	94	133	115
FBGN0288686	17998	19025	14158	11992	13105	13401
FBGN0034580	68	99	45	11	5	33
FBGN0027558	3402	3291	2743	2996	3614	3484
FBGN0034265	1029	1010	730	990	933	814
FBGN0027529	5204	5029	3945	4966	5786	5997
FBGN0033136	41	64	21	18	23	17
FBGN0033860	45	89	72	48	19	48
FBGN0028689	15962	16939	13407	10430	11836	11982
FBGN0053468	46	0	17	11	10	19
FBGN0286788	3007	3468	2239	3733	3946	4460
FBGN0267398	8445	8369	7329	4627	5742	4301
FBGN0259727	401	507	306	476	409	590
FBGN0034739	26	0	40	40	10	1
FBGN0033194	19385	18833	15141	22870	24293	22522
FBGN0020279	110426	101430	81535	101091	110738	111708
FBGN0034266	1782	1462	1384	752	791	917
FBGN0034419	1580	1747	1180	1102	1367	1385
FBGN0034599	995	1116	883	759	880	1212
FBGN0034459	88	54	96	47	24	31
FBGN0085227	27	8	2	10	5	17
FBGN0034455	1071	883	703	821	1068	997
FBGN0034500	2531	2636	1756	1816	2089	1760
FBGN0034543	1485	1203	1072	791	936	843
FBGN0259742	2061	2311	1811	1907	1765	1843
FBGN0034853	4030	4484	3361	4493	4503	5745
FBGN0034325	39	43	19	14	9	4
FBGN0085264	10	22	25	10	16	12
FBGN0053463	203	233	152	182	216	116
FBGN0034493	924	1476	866	572	640	427
FBGN0034563	21	15	6	7	0	7
FBGN0033657	71	79	15	24	61	37
FBGN0041234	50	63	34	14	13	2
FBGN0034377	70	147	57	160	167	98
FBGN0003977	10052	10346	8296	10289	10611	11278
FBGN0000337	31	13	29	21	3	30
FBGN0260012	11345	12606	8889	11024	11847	12517
FBGN0265626	39	176	88	18	66	76
FBGN0266525	568	468	328	384	464	406
FBGN0034196	1	10	18	7	26	4
FBGN0260455	4	7	5	15	12	28
FBGN0034474	10	16	13	18	10	0
FBGN0050385	435	430	344	522	752	643
FBGN0020370	17796	17502	14622	18902	21333	21230
FBGN0285917	44531	41978	33651	58557	61506	63137
FBGN0034725	1285	1596	1172	826	1209	1177
FBGN0034475	4	18	4	0	17	3
FBGN0027091	5996	6160	4589	4434	5293	4670
FBGN0033753	304	364	186	304	244	352
FBGN0027619	8041	7955	6598	4961	5431	5324
FBGN0011824	3262	4096	2864	3068	3693	3208
FBGN0023172	29589	29946	23821	35389	38089	36987
FBGN0259718	341	330	255	99	181	129
FBGN0032997	4488	5011	3741	1952	2195	2189
FBGN0040477	496	356	461	645	731	932
FBGN0033286	37	37	28	32	33	14
FBGN0034748	1949	1868	1574	1435	1758	1649
FBGN0011297	1217	1310	1151	933	984	1058
FBGN0033491	1585	1695	1147	1546	1783	1955
FBGN0034839	4	4	9	4	9	4
FBGN0033587	19	21	33	10	0	5
FBGN0288433	353	383	182	279	164	193
FBGN0033943	125	61	35	101	24	26
FBGN0035082	1426	1414	1019	1011	1230	1049
FBGN0033984	3808	3481	3023	3308	3535	3805
FBGN0050051	460	392	300	287	305	288
FBGN0085250	156	75	46	36	22	2
FBGN0053919	44	40	56	84	28	64
FBGN0033356	988	1253	882	1232	1333	1298
FBGN0004638	3724	4549	3435	3894	4425	3698
FBGN0034229	137	289	126	88	50	59
FBGN0034180	4620	5478	3759	5675	5723	5966
FBGN0004463	5670	6169	4650	4377	5594	5511
FBGN0262619	4768	4943	3694	4668	4887	5103
FBGN0033652	6754	6055	4954	5215	6673	6938
FBGN0260991	21879	23735	17452	24285	25700	26997
FBGN0034176	5062	5533	4555	4129	5018	5001
FBGN0085236	14	13	10	16	7	0
FBGN0050020	9114	9801	7618	10743	11378	11255
FBGN0000426	7318	6464	6610	4147	4333	3950
FBGN0050357	252	263	261	314	319	361
FBGN0025519	4678	4817	4013	2234	2504	2934
FBGN0053470	36	66	24	18	36	11
FBGN0033698	10930	10340	8420	12253	13254	13904
FBGN0050280	5	36	48	29	23	0
FBGN0033578	112	33	64	62	32	64
FBGN0265178	6569	5992	4899	4650	5344	5233
FBGN0050354	53	56	51	79	58	50
FBGN0053554	37810	36775	30864	37283	42851	35592
FBGN0050049	85	65	100	105	50	81
FBGN0261276	9844	8833	7932	8808	9082	9714
FBGN0033101	1886	2344	2061	2050	2250	2395
FBGN0054021	12	24	13	4	0	0
FBGN0033734	1468	1522	1129	640	957	978
FBGN0020377	86	35	49	20	10	18
FBGN0034392	952	1041	755	583	875	966
FBGN0261705	228	265	255	302	412	486
FBGN0034402	393	381	247	330	400	459
FBGN0004003	5938	6223	4507	2855	3612	3480
FBGN0013770	9637	10302	7303	9280	10410	10363
FBGN0287478	8135	7647	5747	9383	9671	9862
FBGN0028738	228	196	275	178	160	174
FBGN0034259	6564	6905	5908	3774	4840	5169
FBGN0050058	36	39	10	21	18	13
FBGN0050147	3876	4620	3184	5199	4925	4956
FBGN0034471	17	0	2	2	1	2
FBGN0085239	8	29	15	3	12	6
FBGN0033821	59	4	14	5	7	2
FBGN0050472	17	20	21	12	6	1
FBGN0041582	2806	2953	2029	2887	3200	3629
FBGN0000566	5084	5174	3677	4142	4584	4684
FBGN0035043	60	39	30	16	26	1
FBGN0034322	19	34	11	47	20	2
FBGN0069056	43	110	39	36	47	28
FBGN0015714	907	910	994	336	366	375
FBGN0040007	17358	19632	16325	7674	9567	8520
FBGN0000615	142	240	189	132	129	106
FBGN0050457	362	378	346	226	170	115
FBGN0033199	1214	1232	1002	925	928	1193
FBGN0034800	919	1039	751	506	491	506
FBGN0033301	4	0	10	4	11	13
FBGN0010620	12212	12179	9190	14670	14883	16038
FBGN0033327	24	32	23	66	9	9
FBGN0004435	4398	4679	3764	3653	4698	4224
FBGN0034158	3426	3117	2433	3309	3829	3631
FBGN0033543	445	501	396	377	368	485
FBGN0050053	71	2	44	54	44	9
FBGN0033426	1538	1345	907	1225	1381	1445
FBGN0259221	2937	3037	2257	3478	3836	3549
FBGN0034870	9	24	15	21	6	0
FBGN0033395	106	54	35	36	26	11
FBGN0020930	1949	1801	1387	1766	1517	1968
FBGN0034849	915	859	608	483	545	463
FBGN0033599	107	39	33	32	11	15
FBGN0033697	57	77	46	56	11	15
FBGN0034277	26914	28658	22070	20369	24319	22614
FBGN0050022	1068	983	741	832	1123	817
FBGN0016762	570	550	459	394	507	348
FBGN0261293	18	0	29	15	6	13
FBGN0033627	4074	3881	2814	3727	4087	4320
FBGN0034331	12	34	9	34	27	8
FBGN0050381	495	419	395	416	426	488
FBGN0034240	16571	17053	13078	19468	22228	22339
FBGN0003162	1153	1095	852	463	763	619
FBGN0050089	7661	6786	5656	6524	6483	6551
FBGN0010501	3975	3567	3354	3533	3665	4022
FBGN0266432	72	19	87	13	30	26
FBGN0020391	405	315	190	256	373	451
FBGN0021979	10785	10883	9316	9047	9578	11142
FBGN0050154	37	51	36	13	15	34
FBGN0034535	493	320	344	290	473	352
FBGN0050377	187	106	210	410	348	440
FBGN0085421	227	211	242	286	286	254
FBGN0287873	131511	131319	103488	120982	144000	131339
FBGN0034710	111	159	63	53	2	16
FBGN0033278	41	0	11	5	6	3
FBGN0033742	86	110	95	88	83	51
FBGN0034514	5	6	4	5	0	5
FBGN0003008	1119	881	761	637	737	669
FBGN0262812	40	6	18	3	0	8
FBGN0033183	8637	8906	7545	7994	8414	9542
FBGN0033528	2913	3599	2674	2072	2421	2298
FBGN0034478	17	20	10	46	0	3
FBGN0013733	57832	58097	47434	88604	97618	92819
FBGN0041238	15	64	14	34	14	3
FBGN0034417	71	106	58	66	55	15
FBGN0033929	6293	6149	4888	5259	5463	5866
FBGN0053155	1302	1336	950	734	992	919
FBGN0053798	25	18	10	6	6	20
FBGN0263743	41	6	8	16	14	0
FBGN0033767	31	30	18	38	23	10
FBGN0034753	65216	63426	54889	47394	53509	60632
FBGN0003317	4646	4628	3502	4465	4796	4981
FBGN0034458	71	76	44	26	18	12
FBGN0020236	17505	16899	13940	14626	15565	16623
FBGN0034971	3548	3654	2932	3158	3442	3187
FBGN0002569	31	23	17	54	4	4
FBGN0034871	3	10	1	23	9	2
FBGN0034117	188	190	147	96	124	41
FBGN0034532	234	139	119	95	108	143
FBGN0033573	30	51	21	8	5	1
FBGN0033735	1508	1318	1224	1362	1476	1703
FBGN0264273	14498	13762	11129	16510	18597	18221
FBGN0034966	140	56	89	40	72	62
FBGN0041706	126	88	99	387	505	593
FBGN0017414	894	924	766	537	800	832
FBGN0010504	1660	1868	1191	1815	2148	1887
FBGN0033763	24	85	17	65	11	9
FBGN0033712	1149	1175	799	645	915	945
FBGN0287767	7072	6380	5031	4516	5070	4894
FBGN0050098	14	28	22	14	26	12
FBGN0033828	12	14	4	6	0	0
FBGN0033187	5115	4191	3745	3198	3581	3861
FBGN0033364	23	27	10	19	6	36
FBGN0033090	409	266	312	400	496	607
FBGN0004360	1805	1679	1470	1912	2158	2330
FBGN0053143	68	66	45	50	38	28
FBGN0027607	4496	4762	3548	3948	4254	4420
FBGN0011746	3448	3150	2412	5429	4946	5352
FBGN0035009	16	28	15	1	13	3
FBGN0034903	4691	4073	3457	3629	3338	3612
FBGN0265836	3	8	0	6	0	0
FBGN0263033	52	10	41	30	20	18
FBGN0283625	51	12	14	19	13	5
FBGN0035033	6500	6522	5276	6316	7017	7285
FBGN0034898	10	0	10	10	11	4
FBGN0028562	120	69	91	80	79	27
FBGN0034689	1307	1843	1160	1267	1223	1412
FBGN0034327	169	302	146	204	460	199
FBGN0033755	4955	5319	3896	3975	4734	4264
FBGN0033740	2154	2870	1989	2469	2890	2622
FBGN0050192	19	17	7	8	0	2
FBGN0010651	3244	3286	2354	2439	2731	2976
FBGN0061197	93	41	54	16	12	19
FBGN0033174	557	819	482	483	500	498
FBGN0005638	41	86	60	51	45	33
FBGN0015037	73	45	22	48	22	35
FBGN0033320	82	136	40	25	32	31
FBGN0026385	54	20	24	4	13	14
FBGN0035022	61	39	56	32	33	51
FBGN0033906	8425	8872	6769	5787	6783	6472
FBGN0034704	2500	2535	2139	2288	2614	2362
FBGN0034914	21345	21341	17395	19501	22525	21882
FBGN0033179	9072	10129	7443	6964	7438	8502
FBGN0050047	269	217	172	88	136	148
FBGN0034900	24	71	33	12	0	8
FBGN0265935	8639	8899	7156	7537	7914	8453
FBGN0267791	14921	15607	14259	14049	15359	14799
FBGN0260499	1	0	25	27	15	8
FBGN0034893	685	782	589	586	681	760
FBGN0033191	3068	3075	2640	2096	2606	2856
FBGN0243516	5014	4930	3747	4761	4904	5100
FBGN0050001	796	1041	747	604	833	815
FBGN0264329	0	5	1	4	0	2
FBGN0050008	37	40	33	22	18	33
FBGN0050286	15	17	46	5	21	0
FBGN0003975	13054	13945	9830	14119	14854	16015
FBGN0033139	52	42	26	22	14	15
FBGN0033205	598	589	505	200	294	289
FBGN0050269	133	218	81	93	28	53
FBGN0050421	4583	4279	3580	4269	5055	4361
FBGN0033919	6321	6402	4963	10118	9002	10809
FBGN0033375	1143	959	889	662	872	800
FBGN0033862	103	112	153	50	58	24
FBGN0033605	507	700	420	387	572	400
FBGN0034382	22	58	48	10	1	11
FBGN0259183	17	4	16	49	6	11
FBGN0033728	15	35	21	0	23	23
FBGN0259226	206	170	153	495	400	515
FBGN0034964	11059	11757	8922	10252	11961	12078
FBGN0034323	12	5	20	35	45	24
FBGN0033866	1708	1387	1373	1840	1409	1936
FBGN0050277	107	85	41	26	41	26
FBGN0033636	62418	63340	48984	81370	89724	86269
FBGN0028411	2275	2970	2182	1417	1910	1900
FBGN0033283	423	269	273	667	651	498
FBGN0034882	41	23	25	36	2	8
FBGN0050101	25	64	39	61	53	18
FBGN0033893	108	97	56	245	301	140
FBGN0033989	2879	2455	2068	1306	1306	1436
FBGN0033569	2661	2825	2282	2907	3145	3461
FBGN0050344	1137	1126	1091	619	748	764
FBGN0033349	7672	7516	5778	7293	8068	9645
FBGN0033088	962	910	887	586	708	558
FBGN0003401	1210	1396	1051	1056	1137	1369
FBGN0015801	1434	1553	1167	866	981	1124
FBGN0033842	1484	1664	1135	1158	1302	1374
FBGN0034511	13	7	1	0	12	12
FBGN0033155	5943	5401	4497	7273	7429	8396
FBGN0034821	62	38	8	21	5	0
FBGN0034418	4573	4993	4013	5059	5308	5840
FBGN0033783	3461	3144	2390	3182	3277	3410
FBGN0040849	103	42	77	68	34	22
FBGN0033238	23	28	15	5	14	2
FBGN0035087	1944	1748	1372	1778	2031	2022
FBGN0001263	79	55	32	77	57	46
FBGN0033673	1426	1570	1258	907	1330	1170
FBGN0034253	7866	8157	6160	6122	7893	7422
FBGN0267978	18207	18003	13313	18527	21778	21123
FBGN0042135	2727	2631	2323	3136	3207	3025
FBGN0033932	53	89	44	57	38	20
FBGN0034308	6963	6782	5125	6407	7205	7866
FBGN0001147	71	139	92	38	55	66
FBGN0016970	579	534	336	352	522	430
FBGN0034645	2892	3463	2557	1458	1799	1660
FBGN0033115	359	363	234	425	629	623
FBGN0263197	17746	17986	14281	21731	23681	23613
FBGN0034109	1833	1592	1465	1651	1803	1936
FBGN0050156	378	547	355	575	607	539
FBGN0261119	7409	8854	6449	7737	7975	8427
FBGN0033699	111597	121182	89100	77118	84424	90364
FBGN0033556	2455	2195	1785	1462	1906	1798
FBGN0035031	91	149	71	57	140	84
FBGN0043532	26	35	49	17	20	17
FBGN0260222	1228	1415	1141	838	671	813
FBGN0022764	55141	52831	42784	73377	77201	77911
FBGN0033069	34	62	11	9	9	33
FBGN0041712	171	213	122	243	268	189
FBGN0033141	33	2	22	2	7	19
FBGN0034247	18	40	22	11	10	0
FBGN0034671	14	20	18	4	7	8
FBGN0066084	45327	57857	44112	33551	49590	31377
FBGN0261363	57	71	58	120	150	125
FBGN0085414	106	33	50	54	27	31
FBGN0033112	38	36	27	6	1	12
FBGN0033607	3615	3758	2758	3223	3376	3259
FBGN0050411	7	20	13	15	7	6
FBGN0025709	42	83	63	163	75	55
FBGN0034451	1353	1800	1195	1889	2120	2151
FBGN0050025	2123	2260	1809	356	164	586
FBGN0034067	5101	5807	4430	4342	4833	5442
FBGN0003520	12729	12961	9742	13216	14447	15358
FBGN0015584	8	14	5	15	2	0
FBGN0034166	22	34	18	18	16	23
FBGN0034782	28	20	26	26	21	0
FBGN0026384	30	6	48	8	19	28
FBGN0034910	18	46	18	20	11	9
FBGN0015602	6973	7545	5193	5002	6687	6218
FBGN0033294	47	60	55	28	6	47
FBGN0287831	137	71	146	22	15	5
FBGN0033888	56	25	32	55	10	29
FBGN0034691	4521	4429	3504	4648	4814	4700
FBGN0033544	2238	2003	1772	1804	1639	1681
FBGN0029093	9958	10686	8089	6148	7199	7802
FBGN0262512	2559	2581	2066	1173	1687	1495
FBGN0034291	65	38	23	17	30	4
FBGN0033271	48	10	36	9	25	0
FBGN0087011	870	866	723	924	1112	684
FBGN0050274	43	26	29	14	16	19
FBGN0034485	15	48	24	38	15	21
FBGN0027356	3196	2964	2297	2867	3246	2744
FBGN0001124	7978	8121	6475	5577	7007	7266
FBGN0033184	2004	1795	1538	1604	1673	1904
FBGN0016701	2784	2435	2102	2645	2494	2773
FBGN0263707	11	0	4	0	1	6
FBGN0034127	56	58	44	59	14	20
FBGN0033160	11581	11876	10153	10066	11464	12292
FBGN0033798	38	4	17	6	16	2
FBGN0041241	165	153	97	82	118	45
FBGN0085428	3434	3559	2900	4944	5497	5634
FBGN0266811	10	0	4	5	3	0
FBGN0022097	2816	3252	2391	2439	2825	2917
FBGN0033421	1273	1056	751	900	1082	1078
FBGN0034906	74	22	19	9	22	3
FBGN0034267	101	94	116	113	57	31
FBGN0035064	1019	1222	873	1005	965	1039
FBGN0034086	3577	3913	2848	2607	2800	2398
FBGN0267823	1567	1548	1230	1034	1121	1281
FBGN0260972	2566	2620	1879	2133	2142	2451
FBGN0265003	6925	7038	5808	6203	7610	7144
FBGN0034539	14	17	28	7	14	4
FBGN0033807	38	57	23	7	16	11
FBGN0034049	8262	8429	7040	8304	9469	9483
FBGN0026176	46	8	14	6	37	0
FBGN0033770	9	0	20	3	0	5
FBGN0023180	780	913	518	490	687	607
FBGN0050365	69	20	18	39	11	0
FBGN0034654	14000	15288	12003	11729	13631	15392
FBGN0053680	37	17	17	26	23	8
FBGN0034132	98	66	20	10	8	9
FBGN0050018	44	28	39	15	9	16
FBGN0001222	7934	8536	6294	8246	8397	8101
FBGN0033876	58	18	30	36	24	14
FBGN0033005	10067	10026	8262	5860	8054	6345
FBGN0033659	63	29	34	26	21	7
FBGN0027535	2803	2759	2372	2870	3201	3292
FBGN0262480	15	26	19	20	5	3
FBGN0034052	24	28	31	8	1	6
FBGN0034246	14168	15352	11198	12970	14097	15093
FBGN0266129	94	105	75	104	43	73
FBGN0021825	5701	5785	4341	4785	5408	5258
FBGN0050263	232	190	102	234	112	71
FBGN0039993	7348	7928	5919	3843	4323	3883
FBGN0034415	33	23	1	4	10	15
FBGN0034579	1424	1637	1299	920	1141	905
FBGN0020307	5036	5204	4277	9593	8789	9617
FBGN0010359	2204	2370	1861	358	189	603
FBGN0034407	4	8	21	0	8	5
FBGN0015038	95	78	29	55	8	0
FBGN0024319	18	42	25	49	4	21
FBGN0085240	5	12	13	0	1	5
FBGN0265272	63	65	74	82	76	80
FBGN0033818	85	24	77	32	19	17
FBGN0034692	23	13	32	19	13	24
FBGN0015371	10908	10526	8104	15222	15125	16896
FBGN0069913	79	39	31	31	13	28
FBGN0033449	1518	1495	1180	1080	1268	1170
FBGN0010590	8420	8906	7547	5085	5873	5696
FBGN0034413	64	43	18	16	10	3
FBGN0034724	3925	4668	3414	2145	2587	2402
FBGN0033063	32	3	28	65	17	23
FBGN0050376	7	11	38	15	6	7
FBGN0050185	2204	2253	1578	1111	1419	1419
FBGN0034022	6683	6162	4660	7125	6876	7904
FBGN0001269	6724	7010	4914	7978	7786	8511
FBGN0263850	57	140	111	41	77	36
FBGN0067905	4	12	2	2	0	0
FBGN0085246	7	7	19	3	3	15
FBGN0262821	67	66	17	18	30	18
FBGN0033226	2288	2379	1744	1301	1194	1329
FBGN0050082	29	9	21	18	2	14
FBGN0033250	88	18	33	31	37	23
FBGN0013762	1166	1427	980	957	974	1311
FBGN0046999	29	1	10	20	4	0
FBGN0034380	2350	2426	1965	2183	2467	2457
FBGN0034885	114	119	133	48	36	23
FBGN0034200	153	190	144	86	88	41
FBGN0046294	6	17	11	27	3	6
FBGN0020617	102	46	38	76	52	27
FBGN0058263	1932	1579	1392	1251	1453	1033
FBGN0011704	9108	9005	7063	9462	9839	10789
FBGN0034405	12575	13889	9850	10897	11135	11571
FBGN0034275	51	20	52	14	21	19
FBGN0002552	6444	6427	5205	5860	6289	7099
FBGN0085231	54	32	15	21	7	12
FBGN0023170	14717	24689	13385	10120	14925	11871
FBGN0050281	34	28	22	30	8	9
FBGN0042098	41	39	0	24	22	6
FBGN0033554	139	189	165	47	43	127
FBGN0033775	41	35	22	30	15	4
FBGN0034948	2383	2428	1859	1963	2331	2366
FBGN0033802	5084	5070	4147	7112	7684	7624
FBGN0033748	1050	1601	1025	1502	1243	1418
FBGN0013765	7561	7262	5615	9167	9586	9658
FBGN0034242	4272	4840	3711	3103	3258	2976
FBGN0054033	36	0	4	0	0	0
FBGN0040653	0	0	2	8	7	3
FBGN0034372	5373	5043	3924	3855	4569	4581
FBGN0050259	59	17	27	55	31	11
FBGN0033963	112	117	61	77	68	24
FBGN0053225	34	103	108	24	42	16
FBGN0034828	64	92	39	27	18	45
FBGN0050157	194	322	131	279	212	292
FBGN0033515	51	57	75	21	21	39
FBGN0262838	0	15	17	1	8	12
FBGN0050469	67	50	36	26	29	18
FBGN0033996	1696	1991	1426	1551	1655	1544
FBGN0034183	74	27	59	24	21	18
FBGN0015838	10152	9485	7133	7706	8830	8476
FBGN0034197	40	42	47	25	51	42
FBGN0033703	1	23	35	0	12	9
FBGN0263855	14807	14842	11543	15205	16060	16499
FBGN0033853	2675	2454	2127	2340	2852	2737
FBGN0034137	41	58	51	45	18	24
FBGN0262098	0	0	8	0	10	0
FBGN0021795	12205	13540	10626	5593	6587	7293
FBGN0050503	307	363	269	372	297	297
FBGN0016059	19753	18611	15825	24236	27812	26416
FBGN0086356	6674	7555	5599	8402	8461	9579
FBGN0010356	2505	3130	2085	2023	2276	2576
FBGN0283508	94202	94063	73807	102423	101555	111256
FBGN0033826	23	33	15	21	37	7
FBGN0033995	1636	1578	1488	1070	1315	1224
FBGN0263593	4897	4582	3512	6162	6687	7191
FBGN0034837	201	170	148	79	58	85
FBGN0025373	5976	6688	5239	5197	5371	5363
FBGN0263864	6430	6096	5153	5311	5852	5732
FBGN0034480	49	0	42	13	2	17
FBGN0264541	4	0	0	18	0	1
FBGN0033520	252	298	338	225	119	167
FBGN0033688	49385	51329	39266	53788	58599	57553
FBGN0033631	6400	6870	5682	7970	9150	9760
FBGN0034304	2078	2054	1402	1872	2307	2614
FBGN0034963	1772	2034	1317	1102	1579	1131
FBGN0034585	5510	5264	3936	5067	5440	5815
FBGN0034894	606	480	409	384	419	411
FBGN0033202	42	39	39	0	6	11
FBGN0034919	1310	1192	1087	561	683	568
FBGN0033357	1484	1979	1325	815	1110	840
FBGN0033153	1155	987	852	420	448	379
FBGN0033508	61	36	4	4	8	8
FBGN0004839	5080	5160	3977	5138	6065	6153
FBGN0026326	6057	6369	5133	5504	5539	5251
FBGN0026316	4649	3890	3501	3181	3275	3289
FBGN0035025	2090	2375	2111	2086	2384	2317
FBGN0000043	64998	72321	54999	56774	65854	62459
FBGN0265187	534	477	379	219	280	367
FBGN0034001	1282	1356	1060	651	611	513
FBGN0034642	34	47	39	15	18	13
FBGN0003748	2838	3120	1947	3141	2774	3103
FBGN0034136	46	99	56	74	35	19
FBGN0034694	1456	1188	1150	1301	1305	1478
FBGN0033188	6686	6656	5404	5068	5475	7050
FBGN0086895	5851	5655	4790	5118	6103	6005
FBGN0016047	164	94	98	89	52	82
FBGN0033754	1376	1563	1029	635	718	715
FBGN0034057	2961	3258	2269	1732	2025	1849
FBGN0043535	33	1	6	16	0	0
FBGN0034425	1716	1363	1222	1128	1169	1279
FBGN0033280	11	0	7	6	8	3
FBGN0085468	2078	2331	1805	1033	1418	945
FBGN0034144	36	25	29	35	18	11
FBGN0034999	339	398	349	114	163	112
FBGN0050043	136	150	87	60	40	51
FBGN0033259	2970	2954	2424	2385	2630	3023
FBGN0050446	41	19	35	68	31	12
FBGN0052834	34	21	17	44	4	16
FBGN0085265	29	10	7	7	0	0
FBGN0027360	2784	2970	2214	2354	2382	2354
FBGN0034432	7360	7249	6404	4896	6007	5581
FBGN0034976	8447	8367	6218	8828	10020	9549
FBGN0034296	250	162	191	45	96	47
FBGN0013763	1405	1318	1071	643	714	668
FBGN0265625	90	68	41	25	20	18
FBGN0050044	54	29	64	23	11	9
FBGN0050046	428	476	290	86	63	16
FBGN0034713	33	14	4	11	2	11
FBGN0011743	69	4	23	43	10	6
FBGN0033774	49	17	67	33	46	16
FBGN0043575	63	70	28	30	4	1
FBGN0034330	9	5	0	2	4	0
FBGN0050288	82	17	28	24	17	17
FBGN0034933	2564	3614	1970	2439	2613	2392
FBGN0050110	36	88	17	13	10	12
FBGN0000562	8447	7304	6339	9108	9771	10387
FBGN0000119	23007	22398	18307	31029	33080	33520
FBGN0034013	5008	5057	3666	5409	5737	6161
FBGN0010385	3	19	40	7	8	23
FBGN0061435	5	5	5	5	1	1
FBGN0053474	17	15	12	66	51	3
FBGN0027073	148	229	73	109	214	147
FBGN0033834	126	106	119	74	61	42
FBGN0033926	12971	13749	10677	10029	11443	13124
FBGN0022288	7458	7780	6128	4937	5431	5478
FBGN0041239	25	8	17	26	26	6
FBGN0262566	10	43	58	12	13	8
FBGN0262115	6723	6690	5231	4770	5371	4913
FBGN0053199	348	277	221	174	282	231
FBGN0014009	3331	2986	2592	2801	2912	2928
FBGN0034301	535	422	278	201	176	180
FBGN0010591	3085	2989	2584	2306	2483	2892
FBGN0034283	8	72	37	20	8	35
FBGN0266488	154	112	101	227	213	150
FBGN0284245	746280	756608	608975	655533	729174	792770
FBGN0034489	25	37	52	72	14	15
FBGN0029134	11372	13451	10005	8381	9366	9819
FBGN0050424	66	56	75	36	16	32
FBGN0000352	7644	7374	6464	7938	8613	9336
FBGN0034923	3348	3345	2688	2932	3090	3561
FBGN0034884	34	19	8	6	26	11
FBGN0034270	519	718	441	432	356	339
FBGN0024836	21279	19856	16248	28828	33310	30811
FBGN0010425	53	22	38	19	19	45
FBGN0034399	2330	2394	1622	1414	1483	1582
FBGN0033580	15	20	17	4	36	0
FBGN0010226	17011	18812	14616	20017	21165	22371
FBGN0034328	4	11	10	3	9	36
FBGN0053460	139	136	88	49	17	34
FBGN0053462	34	34	53	13	2	2
FBGN0033731	432	441	389	486	677	572
FBGN0034447	4569	4488	3739	3254	3716	3429
FBGN0003612	13866	13589	10801	13976	14322	15452
FBGN0259707	146	197	183	278	147	252
FBGN0033614	34	34	10	28	3	28
FBGN0033716	2562	2673	1889	1796	1825	2305
FBGN0034255	119	74	66	77	105	54
FBGN0263270	22	19	11	0	23	9
FBGN0033638	6329	6457	5169	7091	7686	7283
FBGN0261588	6684	7411	5277	7790	8914	8781
FBGN0050072	12	11	11	13	7	0
FBGN0033052	6456	5840	5622	7562	7786	8054
FBGN0003074	8024	8384	6488	7721	7997	8688
FBGN0010435	8203	8711	6476	9270	10099	10106
FBGN0026386	46	26	36	16	6	27
FBGN0033339	19484	20069	15296	18399	19066	18155
FBGN0034649	2593	2755	2224	2514	2583	2505
FBGN0262360	0	0	5	2	0	1
FBGN0023167	7549	8863	6340	6109	7597	7052
FBGN0033207	20	13	5	2	1	0
FBGN0033206	1869	2124	1399	1526	1911	2029
FBGN0042085	20381	20794	15437	20538	20880	21007
FBGN0033085	237	315	218	221	264	331
FBGN0033874	42	71	38	50	24	8
FBGN0265605	627	587	498	591	535	652
FBGN0034058	903	933	898	555	504	762
FBGN0035000	38	11	29	19	37	20
FBGN0050419	57	21	26	44	4	6
FBGN0034083	10523	10461	8213	12365	13171	13718
FBGN0011260	21701	22104	16746	23196	26554	24430
FBGN0040778	278	349	222	252	245	204
FBGN0015034	59	80	55	40	37	36
FBGN0061359	6921	6951	5276	5644	6587	7117
FBGN0035026	4497	4318	3370	4492	4902	5358
FBGN0050441	17	9	30	7	9	2
FBGN0050495	78	174	91	85	98	75
FBGN0266671	2808	3037	2236	2025	2192	2409
FBGN0262867	381	491	239	367	323	368
FBGN0024188	6646	6184	4470	2977	3652	3325
FBGN0034661	268	339	244	105	152	264
FBGN0262988	33	22	8	31	6	12
FBGN0283494	9467	8996	7645	8388	8449	10194
FBGN0003382	157	216	140	146	159	118
FBGN0033799	205	186	76	114	165	216
FBGN0022382	1170	1137	953	1508	1551	1709
FBGN0033899	1879	1825	1518	1492	1625	1513
FBGN0034911	116	116	73	99	97	22
FBGN0041581	77	2	14	11	12	11
FBGN0261584	104	118	81	36	33	40
FBGN0050161	26	5	4	42	0	2
FBGN0033751	4798	5001	4074	4475	4923	5279
FBGN0021814	3383	3372	3072	2176	2701	2762
FBGN0034317	4	10	0	18	0	0
FBGN0013750	4334	5233	3760	2966	3792	3374
FBGN0033571	4176	4161	3638	3435	3856	4476
FBGN0262594	10	31	11	0	4	7
FBGN0034460	17	4	6	9	4	9
FBGN0050109	430	500	380	343	310	418
FBGN0035060	11061	11628	8659	9971	11655	12900
FBGN0085229	895	1277	686	527	651	368
FBGN0260763	90	160	81	166	200	155
FBGN0034314	603	798	528	511	696	683
FBGN0034546	60	36	36	9	7	8
FBGN0033471	3689	3620	2887	2177	2756	2586
FBGN0033403	210	170	102	57	111	34
FBGN0015477	13977	13540	11168	13884	15648	14736
FBGN0250830	8148	8482	6273	5461	6385	5399
FBGN0050273	136	113	103	32	36	29
FBGN0033794	61	64	38	32	30	24
FBGN0262817	7	0	15	12	1	0
FBGN0035035	601	742	482	736	745	1094
FBGN0265631	6	0	5	4	0	0
FBGN0004101	5135	4690	3943	6943	6475	7357
FBGN0034354	3635	4164	3150	2208	2588	2714
FBGN0266047	32	44	41	52	107	67
FBGN0050067	24	49	13	2	11	23
FBGN0034205	75	31	59	74	21	15
FBGN0003731	29961	30576	23590	37032	40983	42229
FBGN0086408	191	147	96	146	119	158
FBGN0043533	8	1	9	10	3	0
FBGN0033901	11653	13075	10425	8489	10023	10367
FBGN0005631	9668	8621	6516	11671	11786	11837
FBGN0053558	9792	10387	7682	13848	13638	13314
FBGN0028836	6035	6084	5045	4259	4793	4788
FBGN0029092	6921	6789	4719	5725	6588	6341
FBGN0286782	425	324	283	255	254	244
FBGN0033413	1193	1354	1109	958	1141	1248
FBGN0040660	11072	11165	9052	9426	10301	10866
FBGN0262966	5	0	4	1	0	8
FBGN0010241	215	107	124	94	48	26
FBGN0033062	20843	22812	16271	20301	23293	21512
FBGN0027504	10964	10927	8394	10614	11337	11125
FBGN0033988	3621	3995	3114	3921	4173	4761
FBGN0033154	95	88	67	106	49	83
FBGN0033502	52	112	32	19	10	22
FBGN0033268	458	318	351	38	35	33
FBGN0033313	47124	48544	36452	52501	57946	57104
FBGN0261580	31	66	20	11	0	13
FBGN0034938	1043	965	895	949	1363	1218
FBGN0034452	1602	1586	1260	1284	1293	1279
FBGN0034379	1366	1339	945	1200	1423	1412
FBGN0286873	7	8	4	7	0	0
FBGN0286876	5	4	8	1	1	4
FBGN0034518	521	522	398	283	414	376
FBGN0283509	6007	6494	4702	5402	5917	5971
FBGN0265185	65	123	53	22	12	24
FBGN0010434	35896	36427	28295	50297	53263	55258
FBGN0086129	10944	10663	8817	10002	11923	11249
FBGN0050486	39	58	45	40	28	49
FBGN0034131	16	12	5	12	13	8
FBGN0034646	6579	5800	4493	3475	4056	4140
FBGN0259738	24	12	22	29	36	27
FBGN0034636	2224	1904	1804	2041	1963	2158
FBGN0033369	49	10	36	27	12	31
FBGN0050104	269	327	216	55	108	44
FBGN0034106	66	98	72	63	10	9
FBGN0265177	1056	1626	1198	383	671	644
FBGN0053627	14	8	12	45	2	0
FBGN0010213	5308	5858	4286	3702	3972	4572
FBGN0033296	54	69	66	26	4	2
FBGN0034793	2434	2894	2139	1280	1308	1559
FBGN0033667	150	297	211	79	102	160
FBGN0263077	1318	1350	847	1219	956	961
FBGN0033440	41	46	18	39	43	6
FBGN0085486	63	10	13	21	2	24
FBGN0004921	4113	4047	3487	3170	3254	3412
FBGN0015721	48	74	30	3	17	60
FBGN0033961	2319	2068	1881	1591	1705	1516
FBGN0033257	76	23	55	61	45	27
FBGN0034394	94	142	62	50	17	5
FBGN0265538	12	0	4	0	0	0
FBGN0033738	5121	5039	4209	4573	5169	5142
FBGN0261545	1889	1905	1518	1897	2418	2425
FBGN0034706	4518	5150	3629	5821	6054	7523
FBGN0028371	24689	27093	20195	32406	33402	35558
FBGN0011604	21783	23195	17772	21304	22689	23890
FBGN0062440	1618	1400	1314	994	998	784
FBGN0033644	97	50	89	39	6	0
FBGN0027054	5073	5412	3991	4170	4345	5043
FBGN0262819	30	6	0	4	5	2
FBGN0000326	1794	1899	1409	1316	1213	1421
FBGN0085223	35	48	20	19	0	27
FBGN0261786	3915	3735	2572	3936	4050	4001
FBGN0033081	5922	5984	4908	6453	6087	6909
FBGN0053198	1225	1216	929	648	780	733
FBGN0033279	18	0	7	9	6	2
FBGN0033177	1929	2138	1689	1917	1943	2280
FBGN0024232	258	168	157	116	90	136
FBGN0033210	3189	3395	2539	2942	3279	3406
FBGN0050187	492	592	350	275	359	510
FBGN0035024	6279	6304	5031	5413	5464	5385
FBGN0034329	0	1	0	16	2	12
FBGN0040777	7802	7668	5239	6896	8938	8498
FBGN0263084	10	3	2	9	10	0
FBGN0025352	10678	10682	8441	9389	11220	11416
FBGN0262476	99	66	69	89	57	22
FBGN0034403	2625	3551	2430	1638	2145	1979
FBGN0050158	21	18	10	8	15	14
FBGN0050383	298	440	347	183	264	260
FBGN0034487	72	59	34	32	29	22
FBGN0022986	8788	8622	7173	6781	7549	7514
FBGN0034515	41	28	23	15	38	4
FBGN0034973	0	2	12	0	2	0
FBGN0033135	23	15	7	21	22	6
FBGN0034021	1965	2126	1420	2943	3167	3399
FBGN0033766	10759	10538	8328	9913	10836	10551
FBGN0050120	152	121	99	34	70	36
FBGN0041579	27	14	5	7	7	14
FBGN0004580	40	19	41	36	37	1
FBGN0033055	3946	4079	3359	2654	3228	3274
FBGN0259678	253	209	121	47	78	37
FBGN0261853	0	0	3	0	5	0
FBGN0035003	52	39	22	12	18	4
FBGN0262570	68	81	65	35	35	27
FBGN0013467	8	17	35	12	10	0
FBGN0259985	1294	1080	1001	1427	1505	1619
FBGN0033443	704	737	738	307	326	396
FBGN0050356	34	65	21	57	12	18
FBGN0034096	0	6	8	7	10	2
FBGN0010549	2614	2670	2060	1161	1252	1099
FBGN0259211	39946	39374	31042	47211	48501	49644
FBGN0034577	7206	7050	5761	5707	6354	5851
FBGN0053964	1149	850	767	882	925	860
FBGN0033484	82	52	63	75	61	73
FBGN0033970	76	42	26	9	41	24
FBGN0050083	19	16	19	23	37	7
FBGN0261854	11426	10900	8717	9540	10696	10425
FBGN0085408	16890	17664	13847	25050	25969	27386
FBGN0033351	4125	4393	3181	3778	4324	4303
FBGN0033789	39	11	25	4	5	0
FBGN0033785	5385	5440	3957	3796	4698	4397
FBGN0033905	799	719	535	284	229	326
FBGN0034844	43	71	64	53	28	40
FBGN0003091	198	52	53	115	145	93
FBGN0028561	70	132	85	40	45	50
FBGN0022027	1277	1396	1135	878	962	967
FBGN0027495	9214	9353	7526	7122	7318	7727
FBGN0002567	1015	1536	869	614	846	876
FBGN0050392	1619	1193	1176	756	780	657
FBGN0034545	12	20	20	23	6	2
FBGN0033724	837	703	706	146	94	88
FBGN0085425	129	134	109	25	40	29
FBGN0033886	12550	14020	10919	9934	11491	12182
FBGN0028424	93	59	44	36	2	46
FBGN0033168	3	15	11	0	1	1
FBGN0034351	2417	2531	1708	1673	1796	1706
FBGN0261596	69620	83965	57813	49306	57295	55572
FBGN0034032	1073	1132	880	1209	1154	1364
FBGN0034605	57	72	126	196	173	168
FBGN0046692	2356	2449	2126	1430	1897	1446
FBGN0250822	13	0	27	3	0	1
FBGN0020312	5683	5428	4585	4943	6062	6572
FBGN0005648	11938	13951	10081	8131	10684	9658
FBGN0050287	32	24	42	25	18	16
FBGN0010052	35	24	32	30	42	36
FBGN0063497	194	206	190	52	146	51
FBGN0034624	15	17	24	11	11	5
FBGN0259728	919	880	532	321	327	359
FBGN0033708	176	162	66	62	47	62
FBGN0033566	2883	3322	2516	2815	2872	2722
FBGN0003527	47	20	10	25	1	35
FBGN0263116	68	47	44	42	16	4
FBGN0035023	1083	1204	1060	1233	1219	1130
FBGN0041240	24	30	27	17	3	2
FBGN0263076	108	54	73	61	49	31
FBGN0033769	562	532	418	377	579	562
FBGN0035039	1279	1325	1078	868	1082	982
FBGN0033557	4687	5285	4099	3675	4517	4683
FBGN0033402	3075	3172	2555	2590	3468	2870
FBGN0033969	33	47	23	22	14	6
FBGN0033887	50	89	74	12	11	2
FBGN0034717	45	85	31	41	31	73
FBGN0034639	59	68	51	43	35	41
FBGN0042180	905	920	786	806	789	892
FBGN0029105	77	60	58	36	52	29
FBGN0034324	8	1	14	11	11	19
FBGN0053458	94	84	43	6	8	3
FBGN0034072	16134	15834	12778	16129	17455	17153
FBGN0033340	1241	1739	1253	570	700	651
FBGN0034650	2140	2252	1598	2168	2003	2059
FBGN0034664	46	15	14	10	3	16
FBGN0259682	483	578	286	75	94	104
FBGN0005636	1035	1095	799	960	1171	1317
FBGN0259709	525	374	337	46	99	49
FBGN0039969	3232	3362	2755	1508	2060	1697
FBGN0033507	2225	2626	1735	1342	1710	1669
FBGN0263848	2	15	7	31	8	0
FBGN0050343	155	238	90	62	99	86
FBGN0033479	810	692	424	606	643	665
FBGN0040732	256	348	207	25	88	64
FBGN0015247	2500	2804	2138	2557	2441	2860
FBGN0034510	25	7	19	0	6	7
FBGN0010488	68256	70352	54083	66917	76646	75766
FBGN0033792	87	70	63	44	30	40
FBGN0014870	15190	15927	12735	16107	17973	18682
FBGN0034479	190	164	163	164	105	140
FBGN0050285	41	41	22	34	14	21
FBGN0033391	3572	2877	2496	2927	3331	3470
FBGN0026136	79	13	30	19	8	18
FBGN0050172	0	12	10	3	15	0
FBGN0034060	4739	5375	4044	5327	5838	6189
FBGN0085426	60	165	38	48	18	32
FBGN0034908	2768	2484	2218	2266	2415	2183
FBGN0035021	2070	2327	1843	1973	2179	1948
FBGN0058191	7351	7175	5494	4102	5462	4981
FBGN0033222	2	33	4	20	20	11
FBGN0050418	1735	1559	1297	1932	2077	2303
FBGN0050461	12	30	11	6	28	5
FBGN0050476	497	476	495	286	422	271
FBGN0259210	168	103	112	103	88	43
FBGN0034364	61	57	39	31	17	16
FBGN0040736	21	14	7	15	0	16
FBGN0034602	50	35	33	5	38	8
FBGN0033032	11060	13126	9688	5360	6692	5512
FBGN0033875	2468	2200	1915	1107	1638	1543
FBGN0034439	96	104	68	53	30	28
FBGN0004795	138	137	84	75	34	74
FBGN0004362	70949	70112	56449	68505	72776	73357
FBGN0033204	51	47	57	39	28	15
FBGN0262583	67	97	47	76	57	18
FBGN0033591	20	30	13	21	4	24
FBGN0034420	3663	3947	2909	2868	3354	3376
FBGN0259187	76	83	19	18	36	27
FBGN0287775	18548	17185	13930	20111	22449	24114
FBGN0267792	747	917	651	553	516	454
FBGN0033701	19	0	9	2	6	0
FBGN0000715	35	0	3	2	5	14
FBGN0034982	5200	5703	4076	4558	5377	5747
FBGN0034918	2365	2077	1622	2103	2054	2585
FBGN0028955	152	96	112	82	102	90
FBGN0028372	972	1060	824	1070	1117	951
FBGN0021847	1801	2011	1696	2174	1895	2096
FBGN0033523	1105	1106	991	658	912	754
FBGN0033727	57	24	17	1	11	14
FBGN0033427	2522	2449	2312	1870	2258	2282
FBGN0016984	7696	7816	6521	7391	7896	8285
FBGN0034582	37	24	21	16	14	17
FBGN0035083	5982	5734	4686	5694	6125	6714
FBGN0026403	265	204	276	94	70	48
FBGN0033372	1704	1771	1425	1684	1646	1666
FBGN0050073	34	4	13	39	0	23
FBGN0262026	2114	2304	1900	1532	1446	1753
FBGN0034683	26	20	16	21	24	8
FBGN0033547	571	559	440	366	365	440
FBGN0010228	30342	31805	24630	25966	33312	32693
FBGN0050075	7	48	14	7	5	9
FBGN0033307	12	26	9	7	17	7
FBGN0053998	16	0	8	10	1	0
FBGN0033998	30384	30203	23112	29374	31237	33343
FBGN0086358	3795	3617	2908	4003	4346	4254
FBGN0004400	225	248	254	242	410	329
FBGN0033629	25	46	5	31	13	21
FBGN0050076	35	31	26	58	6	8
FBGN0013771	60	65	40	27	22	22
FBGN0264330	25	17	7	9	3	0
FBGN0033490	57	138	51	93	87	159
FBGN0034854	7298	7897	5309	7799	9410	8691
FBGN0033726	14	3	14	4	16	8
FBGN0042198	1	0	5	5	1	0
FBGN0053147	107	70	41	53	21	14
FBGN0033723	12	9	0	0	5	4
FBGN0034743	64401	73184	51701	68381	74584	83859
FBGN0034429	9	43	6	12	15	4
FBGN0013954	23579	22961	19341	16137	16443	17722
FBGN0026721	1593	1658	1368	193	254	247
FBGN0034204	169	128	92	67	75	59
FBGN0001276	982	1297	819	764	858	906
FBGN0033448	107	117	30	22	71	89
FBGN0033935	1353	1205	1263	1017	1116	1087
FBGN0021872	21767	23500	17301	13594	14751	16005
FBGN0260932	231	316	264	78	154	141
FBGN0034231	1570	1506	1289	1189	1381	1187
FBGN0085452	50	25	32	19	9	11
FBGN0260761	15	18	11	4	0	12
FBGN0033165	21	39	10	1	5	14
FBGN0010342	26146	25424	20127	19725	22188	23281
FBGN0259968	8	0	12	2	11	0
FBGN0028737	46397	51400	40467	33435	36806	39650
FBGN0259246	357	229	296	184	157	274
FBGN0033224	7718	8341	6071	9197	9608	10591
FBGN0033615	1565	1775	1435	1273	1680	1610
FBGN0085214	17	3	18	10	11	11
FBGN0266420	11008	11357	9015	10486	10464	12133
FBGN0033214	44	29	21	13	7	8
FBGN0033292	84	98	47	46	14	7
FBGN0050093	5	13	2	3	0	0
FBGN0033868	16	86	21	21	6	35
FBGN0003660	9400	9700	7631	6686	7692	7166
FBGN0263144	10634	10709	8897	10575	12163	12428
FBGN0034422	2794	2784	2190	2213	2517	2186
FBGN0086757	1293	1313	1003	1378	1479	1567
FBGN0033368	77	30	72	88	22	15
FBGN0034786	2550	2506	2186	2304	2778	2971
FBGN0050268	121	92	105	18	18	55
FBGN0004512	3809	4657	3589	4119	4469	4609
FBGN0050372	4929	5279	4067	6111	6631	7326
FBGN0033902	15261	14815	12415	14523	16213	17503
FBGN0034721	31	0	12	8	10	6
FBGN0000473	32	24	19	33	24	49
FBGN0284249	5826	5359	4959	5228	6173	6011
FBGN0035044	687	729	526	639	655	507
FBGN0000546	13640	13561	11120	23140	20580	21152
FBGN0033110	129	111	128	82	40	35
FBGN0011300	5372	4435	4040	6393	6916	7314
FBGN0033933	46	4	21	19	15	26
FBGN0050468	67	63	31	66	24	15
FBGN0264377	30	5	2	4	0	10
FBGN0034406	70	65	49	112	59	39
FBGN0033782	104	56	75	95	72	81
FBGN0260223	1202	1722	1042	684	877	656
FBGN0001220	15306	15923	12000	13840	14734	15111
FBGN0026533	26066	26636	21419	20531	22718	22103
FBGN0022984	8669	8416	7294	7580	8696	9013
FBGN0034913	2624	2716	2087	1799	1921	1988
FBGN0026261	1703	2315	1513	1313	1642	1748
FBGN0027783	12947	13039	10746	13245	14146	14813
FBGN0026582	1324	1443	1156	1038	1046	1215
FBGN0034053	101	78	49	31	18	29
FBGN0034509	4	8	0	12	5	1
FBGN0027580	6926	6821	5572	5131	4705	5756
FBGN0033428	5082	6094	4342	3094	3807	3678
FBGN0259726	535	619	399	561	580	484
FBGN0050081	69	134	28	115	66	105
FBGN0011674	835	968	705	507	488	684
FBGN0003174	9200	8908	6558	14406	12565	14608
FBGN0034736	51	61	77	21	12	53
FBGN0033677	1500	1745	1122	943	1076	1202
FBGN0033429	469	599	378	176	205	209
FBGN0003071	7133	6900	5783	6474	6243	6852
FBGN0050096	614	622	430	415	556	421
FBGN0033540	4226	4859	3393	3524	3606	3866
FBGN0085442	13912	13304	10286	12838	13797	13599
FBGN0054038	327	430	266	249	340	274
FBGN0035011	16	23	16	3	5	4
FBGN0034612	176	167	160	85	59	14
FBGN0025830	2637	3062	2132	3137	3202	3572
FBGN0034271	2557	2693	1943	2181	2552	2329
FBGN0025454	319	436	229	71	149	101
FBGN0033389	147	120	87	136	133	233
FBGN0262481	12	8	3	0	4	0
FBGN0261538	156	154	118	35	17	36
FBGN0033469	11	13	44	30	11	7
FBGN0050045	18	25	22	5	8	6
FBGN0034962	4551	5444	3766	4006	4342	5136
FBGN0035086	155	152	114	73	56	92
FBGN0034345	12717	13133	10216	10664	12070	12212
FBGN0053144	4198	4296	3283	6038	5619	6218
FBGN0261611	86	100	102	71	43	21
FBGN0265877	954	850	735	1237	256	452
FBGN0261067	1200	1421	839	1113	1228	1521
FBGN0033809	155	79	97	80	94	90
FBGN0034622	91	135	72	96	84	95
FBGN0261269	8112	8730	6380	7462	7760	7696
FBGN0263120	7182	8108	6280	8107	9357	8709
FBGN0026369	6143	7190	5478	5882	7167	6873
FBGN0050404	2515	2866	2337	2539	2611	3083
FBGN0033836	209	181	212	708	607	606
FBGN0063495	450	396	402	131	79	113
FBGN0050054	678	858	574	886	1121	928
FBGN0034674	2494	2502	2081	2491	2353	2439
FBGN0034051	9066	8559	7073	8213	10282	10059
FBGN0000577	6316	6717	4707	9127	8899	9821
FBGN0261698	410	329	225	135	117	131
FBGN0025716	9683	10583	7669	7355	8200	8641
FBGN0034925	927	824	767	631	982	889
FBGN0033645	117	16	35	15	23	6
FBGN0033610	81	110	58	113	131	137
FBGN0001148	112	51	79	39	64	29
FBGN0034484	57	70	42	49	11	19
FBGN0033258	814	899	736	931	846	858
FBGN0260964	63	52	74	32	20	4
FBGN0050088	78	48	26	11	18	3
FBGN0053530	0	8	4	6	29	9
FBGN0050203	38	34	96	36	26	8
FBGN0033725	30628	29779	25448	7036	12259	5568
FBGN0033047	31	59	83	69	16	12
FBGN0033482	12699	14576	11111	10535	12148	11760
FBGN0263397	324	207	219	128	147	76
FBGN0050077	1075	766	697	504	691	653
FBGN0019928	24	12	31	0	21	1
FBGN0283437	4715	3818	3654	639	523	582
FBGN0261850	3699	3554	2738	3089	3285	3581
FBGN0033275	9	31	28	6	24	23
FBGN0033130	68	44	50	102	144	79
FBGN0050410	4790	4725	4097	3894	4347	4915
FBGN0034172	912	1061	960	718	924	784
FBGN0034218	42	16	15	8	4	6
FBGN0034942	16	58	19	16	22	1
FBGN0265186	38	39	21	77	35	24
FBGN0033404	47	24	18	7	15	10
FBGN0033737	4675	4675	3530	3720	4512	5323
FBGN0265192	3519	3794	3014	2163	2783	2809
FBGN0033993	1791	1377	1134	879	901	799
FBGN0034838	16	46	4	4	12	1
FBGN0050114	6	13	3	8	5	6
FBGN0050085	6707	7074	5235	8824	9820	10367
FBGN0034321	22	33	29	29	17	13
FBGN0035041	44	68	60	38	25	6
FBGN0034095	138	141	98	122	80	188
FBGN0034583	2042	2080	1597	2152	2733	3003
FBGN0002930	239	207	224	99	207	115
FBGN0263006	26663	27998	21089	25049	29097	28169
FBGN0033736	56	19	56	21	56	112
FBGN0034326	18	27	39	19	21	11
FBGN0053626	12	36	4	0	7	12
FBGN0033609	5085	5160	3826	5225	5172	5264
FBGN0034641	13520	12998	10111	13463	13836	14303
FBGN0033438	5073	5955	4142	3672	4733	4317
FBGN0034194	1735	1464	1158	1610	1400	1825
FBGN0260767	42	0	9	8	10	26
FBGN0004698	21090	22369	17151	15486	17817	17473
FBGN0033527	1250	1343	1136	1006	1056	881
FBGN0033439	124	79	107	25	53	13
FBGN0034295	40	24	17	66	12	4
FBGN0259185	49	131	42	42	32	48
FBGN0034742	8125	7914	6141	8550	10207	9042
FBGN0034915	13750	12481	10085	5755	6948	6913
FBGN0262166	2156	2021	1524	1861	2107	1999
FBGN0085400	9197	9110	7168	9751	10949	11362
FBGN0266438	1410	1279	1001	897	1170	889
FBGN0263029	29	15	14	4	6	12
FBGN0024315	258	211	185	51	65	45
FBGN0034869	12	6	22	50	2	2
FBGN0034534	2703	2776	2059	1121	1529	1264
FBGN0085256	751	1800	821	301	290	210
FBGN0033574	68	115	139	604	621	439
FBGN0033752	2056	1958	1857	1466	1616	1880
FBGN0022160	490	477	430	555	659	613
FBGN0016687	21523	24075	17593	13139	14183	14470
FBGN0045063	4163	4289	3432	4740	4771	4809
FBGN0085245	16	17	29	18	16	15
FBGN0034292	93	20	27	20	9	47
FBGN0085473	7	33	12	14	14	15
FBGN0033232	1347	1356	1021	1129	1321	1218
FBGN0034210	2139	1835	1444	1259	1557	1474
FBGN0010660	24526	23703	17795	22621	25005	24787
FBGN0033813	1072	812	596	325	528	360
FBGN0034186	2071	2222	1661	1712	1939	1887
FBGN0003082	6719	7008	5256	2749	3479	3267
FBGN0033692	2018	1807	1346	1609	1514	1773
FBGN0053988	175	127	75	81	107	128
FBGN0034827	50	30	55	34	4	11
FBGN0050183	5032	5351	3773	6960	7132	7843
FBGN0053544	17	24	24	25	6	5
FBGN0034264	3673	4362	3901	3222	3317	3871
FBGN0034606	12495	12041	9450	16500	17576	18036
FBGN0015582	1534	1390	1259	1589	1600	1493
FBGN0263998	20457	20774	15254	19884	22276	23813
FBGN0027079	10493	10677	8269	8606	9261	9380
FBGN0283521	48536	49134	38297	65730	70977	68962
FBGN0053348	46	33	17	25	2	0
FBGN0085436	63561	62047	48075	67295	73094	73356
FBGN0028560	45	51	59	49	5	10
FBGN0033031	56	33	46	32	14	13
FBGN0034861	129	202	61	71	144	136
FBGN0260392	2055	2130	1747	1129	1269	1295
FBGN0263271	2	0	12	9	0	0
FBGN0050438	312	390	270	164	120	132
FBGN0033358	9	8	9	10	4	5
FBGN0050485	137	68	38	82	15	14
FBGN0263021	21	46	29	3	11	36
FBGN0011763	9210	9853	8184	11231	12259	11277
FBGN0000079	98	81	39	34	54	48
FBGN0026722	5547	4753	3888	5746	5925	6356
FBGN0033086	340	500	274	321	318	399
FBGN0013307	62	120	55	65	25	33
FBGN0014028	6509	6865	5458	5173	5957	6179
FBGN0033134	173	115	95	48	64	40
FBGN0034427	72	31	18	17	2	2
FBGN0033761	1611	1580	1325	1140	1227	1372
FBGN0004133	9053	10523	7603	11686	10964	12912
FBGN0034784	93	94	37	9	7	15
FBGN0000241	74	38	58	66	39	72
FBGN0033863	136	123	83	103	39	69
FBGN0033302	172	109	152	16	34	31
FBGN0022985	4256	3972	3557	4169	4365	4859
FBGN0034400	9433	9070	7616	9158	10394	9678
FBGN0034822	0	1	0	13	4	8
FBGN0033074	188	295	234	291	374	225
FBGN0033124	61	113	43	71	30	62
FBGN0033344	22	35	22	46	24	23
FBGN0040674	3	0	6	5	3	4
FBGN0033889	7191	6660	4941	8719	9296	8929
FBGN0014269	4029	4554	3213	4290	4641	5186
FBGN0034707	2981	3128	2673	2452	2669	2935
FBGN0026427	26988	29239	20051	30685	35167	31551
FBGN0035047	1949	1776	1816	1963	2193	2286
FBGN0034502	43	20	31	49	23	16
FBGN0284235	704	761	578	693	819	620
FBGN0003090	8928	8660	6939	10698	10847	11267
FBGN0265011	11650	10764	8324	14126	15199	13015
FBGN0287825	4565	4329	3341	4631	4994	5295
FBGN0040294	6661	6999	5344	7060	7022	7299
FBGN0033903	241	371	166	325	331	399
FBGN0033405	81	105	105	114	93	107
FBGN0033149	708	750	404	1032	1047	829
FBGN0024249	56	3	31	8	8	33
FBGN0085453	417	517	438	467	418	552
FBGN0034985	10228	10372	7653	15896	18198	21237
FBGN0033705	42	9	52	34	4	20
FBGN0053752	71	148	121	166	197	173
FBGN0034921	4068	4285	3684	3195	3562	4133
FBGN0020521	25154	23878	20040	19503	24153	22252
FBGN0027513	1383	1245	909	1343	1362	1557
FBGN0027506	3892	4114	2933	4505	4586	4077
FBGN0034538	78	75	74	40	36	3
FBGN0263121	26337	29281	21018	14200	17691	17168
FBGN0086604	130	106	149	84	36	55
FBGN0052843	729	700	569	629	785	667
FBGN0033912	64315	65234	53131	53193	62937	63241
FBGN0034924	124	145	154	166	125	124
FBGN0016053	5	8	3	7	0	9
FBGN0050000	2964	3900	2499	1765	2235	2021
FBGN0033133	158	217	179	70	170	81
FBGN0033635	812	559	533	147	133	114
FBGN0026309	6344	6691	4721	5238	5451	5697
FBGN0034085	446	428	318	88	211	100
FBGN0033672	2631	2770	2180	2299	2512	2486
FBGN0050181	36	52	32	10	33	25
FBGN0033475	1917	2414	1785	1529	1653	1526
FBGN0033100	2333	2697	1689	1722	1725	1629
FBGN0034820	0	5	31	8	12	0
FBGN0267824	3768	3087	2565	4911	4788	6602
FBGN0040513	694	549	451	620	691	746
FBGN0033911	435	556	404	643	561	359
FBGN0085397	9735	10261	7589	11971	13255	13118
FBGN0033400	3672	3973	2968	2200	3048	2769
FBGN0262124	12052	13107	9909	9086	10838	9028
FBGN0063491	65	17	21	20	7	4
FBGN0041242	10	17	15	10	3	13
FBGN0005614	147	92	182	51	53	54
FBGN0050033	0	15	3	0	8	3
FBGN0050197	197	116	133	117	114	94
FBGN0033504	1938	1722	1253	2255	1764	2361
FBGN0054054	12	55	38	38	18	66
FBGN0033683	1234	1428	1097	792	863	688
FBGN0050125	56	56	16	35	18	28
FBGN0013348	12	4	12	12	13	8
FBGN0050366	33	24	25	8	9	2
FBGN0040743	67	16	63	56	32	5
FBGN0002533	6552	8994	5346	6043	2627	6472
FBGN0050373	860	907	653	430	559	404
FBGN0034094	160	251	73	207	174	130
FBGN0284257	4561	4661	3304	4385	4921	5204
FBGN0033460	12106	11506	9415	11171	11375	12389
FBGN0263980	455	337	304	206	232	129
FBGN0085259	86	49	40	27	50	61
FBGN0050291	4003	3722	3182	2688	2789	3045
FBGN0028579	2358	2766	2101	2630	2927	2886
FBGN0053182	3469	3426	2481	5336	5466	5404
FBGN0019938	13316	13003	10528	9486	11141	11482
FBGN0050488	16	12	56	0	21	6
FBGN0037084	914	752	685	829	672	780
FBGN0034904	22	7	27	31	26	15
FBGN0034258	51475	51884	43180	54970	60763	65373
FBGN0034789	143	65	88	61	76	47
FBGN0050035	756	878	739	265	322	199
FBGN0033521	166	188	230	125	67	118
FBGN0003044	12714	12460	10055	12037	13432	13625
FBGN0050148	78	26	44	40	14	41
FBGN0033017	4998	4577	3733	3219	4208	3957
FBGN0260401	1792	1959	1453	922	887	1011
FBGN0033501	38	27	46	23	33	9
FBGN0050052	42	49	38	32	13	41
FBGN0261387	7938	8996	6550	6483	8085	7053
FBGN0050048	123	191	58	64	24	69
FBGN0263000	30	14	11	100	18	19
FBGN0035069	12	0	9	0	0	0
FBGN0033159	9251	10177	7447	10877	11600	11388
FBGN0033844	3229	3203	2651	2899	3392	3388
FBGN0033196	70	82	34	34	39	15
FBGN0261385	27063	28512	21831	34409	35235	37002
FBGN0063494	1056	1055	841	7	18	36
FBGN0287774	4495	4728	3973	3718	4446	4512
FBGN0042173	5587	5405	4167	3030	3406	3458
FBGN0033812	2259	2290	1908	1877	2097	2419
FBGN0016131	5098	4877	3868	3812	4602	4299
FBGN0003545	3498	3500	2473	2757	3588	3098
FBGN0033916	2955	3236	2746	2896	3165	3204
FBGN0033388	108	70	74	25	19	11
FBGN0011660	3250	3782	3199	3998	4611	4514
FBGN0025469	728	631	517	514	496	503
FBGN0050350	98	67	35	164	153	99
FBGN0027596	4939	4913	4141	9251	9672	11025
FBGN0010278	25615	23681	20371	18717	20139	20946
FBGN0034390	3432	3282	2426	3522	3456	4043
FBGN0033054	42	50	46	18	18	12
FBGN0010114	43	63	109	60	52	70
FBGN0033873	22	12	9	10	24	24
FBGN0034808	266	367	240	312	327	234
FBGN0033243	34	16	42	26	11	19
FBGN0261673	628	682	518	162	180	155
FBGN0034667	46	78	39	46	25	19
FBGN0033891	563	524	431	505	399	436
FBGN0033690	735	894	543	463	600	715
FBGN0085263	92	139	65	127	134	86
FBGN0013772	26	56	41	38	8	14
FBGN0265191	3262	3347	2570	4134	4073	4246
FBGN0023441	7780	7648	6291	10716	11061	11775
FBGN0013325	55428	61007	48780	45913	48281	56912
FBGN0034488	7235	6930	5573	4559	5618	5443
FBGN0003256	9745	9148	6344	6820	8123	6446
FBGN0262739	16682	16636	13132	21870	24114	25127
FBGN0053519	772	682	407	347	254	341
FBGN0034997	3662	3510	2773	2964	3200	3266
FBGN0013548	3272	3739	2789	3958	4007	3984
FBGN0050278	53	22	40	24	5	17
FBGN0011236	3130	2995	2509	4740	4316	5079
FBGN0033653	1397	1301	920	831	1038	973
FBGN0033778	86	45	37	72	16	32
FBGN0034728	6648	6337	5522	5368	5514	5265
FBGN0033787	91	69	104	68	13	62
FBGN0050094	541	575	527	372	453	375
FBGN0034462	8836	8886	6681	3939	4685	4278
FBGN0053527	23	6	3	0	0	1
FBGN0034225	458	369	330	99	126	56
FBGN0050359	824	993	850	386	461	452
FBGN0263102	38240	37123	29092	48614	48642	51055
FBGN0033317	7842	7999	5762	4595	5402	5115
FBGN0033304	58	34	47	27	34	0
FBGN0033185	1924	1930	1651	1431	2044	2148
FBGN0013732	3616	3788	2871	3669	4247	4322
FBGN0034537	6091	5378	4111	4613	5242	5052
FBGN0015949	22610	21417	15744	19234	21185	20731
FBGN0050375	15	0	55	33	20	8
FBGN0262820	63	1	9	9	6	7
FBGN0283480	30	73	14	6	40	7
FBGN0034907	19	12	26	16	0	4
FBGN0027548	11657	12706	9169	12537	14064	14452
FBGN0034113	4706	4109	3712	3415	3506	3325
FBGN0259729	25	41	26	8	11	30
FBGN0033784	3558	3406	2682	3531	3954	3959
FBGN0261439	11093	12155	9424	9785	11034	11740
FBGN0020506	22	35	52	40	20	4
FBGN0033601	5	4	19	7	0	3
FBGN0033132	71	45	53	56	50	36
FBGN0034530	733	535	522	508	630	733
FBGN0034803	926	895	824	602	781	615
FBGN0022740	14	25	12	41	12	12
FBGN0053476	9	8	7	2	9	2
FBGN0053757	4	20	0	20	17	5
FBGN0034490	154	196	96	17	33	12
FBGN0260798	10152	10024	8515	6438	8509	6607
FBGN0028497	2837	2891	2225	2314	2506	2711
FBGN0034288	40	14	38	6	11	41
FBGN0033733	48	50	27	54	9	6
FBGN0053506	1748	2173	1154	1277	1773	1413
FBGN0034069	38	33	61	11	13	13
FBGN0034552	105	10	79	27	20	10
FBGN0026602	629	616	599	468	449	614
FBGN0033316	3082	2934	2145	2381	2675	2459
FBGN0034010	139	183	143	54	64	35
FBGN0022960	4395	4546	3474	4846	4454	4698
FBGN0003353	1076	1381	951	1156	1583	1461
FBGN0286784	46266	49120	38002	46568	52903	55895
FBGN0034243	11029	12149	9146	9853	11718	11772
FBGN0286813	21527	21249	17078	19948	21417	21121
FBGN0027525	5616	6084	5448	5755	5985	6401
FBGN0035004	24	1	15	8	0	15
FBGN0033594	10	22	4	8	19	0
FBGN0026393	387	455	326	377	406	236
FBGN0034054	1337	1491	1071	938	1220	967
FBGN0034576	2710	3429	2184	2206	2188	2190
FBGN0033041	39	29	32	17	20	23
FBGN0033229	5065	5004	3926	3698	3743	3876
FBGN0040502	17	28	21	2	23	5
FBGN0085390	208	185	130	62	103	68
FBGN0284246	4917	4917	3526	3228	3282	3605
FBGN0050005	386	686	475	316	501	319
FBGN0033654	846	938	774	581	715	821
FBGN0034249	6918	6913	5423	7857	8455	8666
FBGN0025334	13	28	7	15	4	7
FBGN0263113	218	195	188	236	233	127
FBGN0033729	11	13	16	26	17	22
FBGN0027585	12362	12830	9941	18174	19154	20322
FBGN0050108	202	209	231	282	239	270
FBGN0035046	2053	1752	1500	1308	1437	1429
FBGN0034435	57	35	26	39	39	33
FBGN0053200	44	77	43	33	38	26
FBGN0275436	1300	1352	949	1198	1218	1224
FBGN0034433	1909	2099	1489	2202	2703	2847
FBGN0010316	4473	4331	3441	4103	4132	4753
FBGN0261041	198	131	138	140	66	48
FBGN0033582	59	22	22	14	21	5
FBGN0033277	39	16	45	11	4	4
FBGN0023477	10939	11080	8940	7227	7506	8545
FBGN0262807	4	0	2	0	0	0
FBGN0034290	210	202	160	37	64	57
FBGN0033350	1354	1365	1134	1183	953	1119
FBGN0033983	944	779	639	41	37	27
FBGN0035070	12	50	11	6	13	19
FBGN0034248	810	929	822	549	558	591
FBGN0011296	2089	1942	1623	151	155	96
FBGN0260959	6515	6720	5183	7706	8552	8464
FBGN0033985	55	37	11	42	4	22
FBGN0034662	284	237	162	164	91	118
FBGN0002534	625	749	556	2201	609	1672
FBGN0263999	57	37	34	31	49	27
FBGN0034659	27	2	24	30	3	14
FBGN0053145	2425	2022	1951	1707	2110	2038
FBGN0028669	138	220	116	69	29	64
FBGN0034880	439	328	220	627	509	661
FBGN0034423	77	73	29	21	20	25
FBGN0033973	702	677	531	469	516	543
FBGN0003391	56440	55563	42425	62126	68164	69604
FBGN0026378	1811	2040	1614	1387	1483	1361
FBGN0001091	18909	19055	14731	15778	17928	19844
FBGN0033872	16	26	18	8	0	3
FBGN0288232	54	25	44	16	14	32
FBGN0034481	7	8	7	10	4	2
FBGN0050325	93	28	74	72	58	60
FBGN0033366	151	159	133	80	38	20
FBGN0265762	0	71	22	9	4	3
FBGN0025578	40	74	35	46	10	42
FBGN0033079	131	72	89	55	132	114
FBGN0033129	12	2	28	12	3	20
FBGN0016641	6889	7427	5745	6559	7704	8021
FBGN0034816	389	513	333	136	238	267
FBGN0015872	916	717	661	349	519	479
FBGN0034783	86	42	45	38	23	25
FBGN0033216	68	28	21	21	15	3
FBGN0264560	11493	11980	8960	9491	11352	11474
FBGN0026754	11	20	18	38	54	8
FBGN0034842	38	52	1	20	15	16
FBGN0061198	945	893	757	447	773	455
FBGN0034313	7737	7548	5835	6777	7586	7360
FBGN0001319	2154	2408	1727	3246	3483	3925
FBGN0033650	28	74	27	60	29	11
FBGN0033453	1907	1988	1400	1293	1585	1362
FBGN0035057	1605	1346	1069	1590	1913	1966
FBGN0035032	14283	14713	12562	9082	9673	10513
FBGN0034928	418	420	374	485	346	536
FBGN0034989	4370	4054	3594	3644	3840	4368
FBGN0041233	18	32	32	12	8	1
FBGN0034703	2008	2388	1701	1726	2026	2092
FBGN0033948	647	699	509	764	531	695
FBGN0054005	16	14	20	8	11	8
FBGN0033212	10690	11439	9232	11522	13449	12414
FBGN0033067	40	13	17	16	16	33
FBGN0086519	33	20	11	13	17	4
FBGN0050379	55	8	17	25	32	11
FBGN0033373	396	484	309	385	422	389
FBGN0262116	1859	2335	1561	743	958	788
FBGN0033128	39	32	23	10	11	37
FBGN0050042	79	65	37	6	6	18
FBGN0000008	4524	4331	3524	3382	3775	4238
FBGN0034142	10677	10167	8189	9181	10203	10543
FBGN0033931	22	6	20	10	3	20
FBGN0033649	1423	1825	1161	1492	1853	1653
FBGN0033072	8	70	33	49	71	51
FBGN0034788	44	91	10	10	7	67
FBGN0261397	5814	6417	4887	6837	7220	7136
FBGN0034688	1120	1347	904	605	972	855
FBGN0034099	2	27	26	13	5	21
FBGN0033169	3466	3619	2974	2365	3175	2957
FBGN0000581	25955	23332	19175	30932	31584	32198
FBGN0035077	7	4	39	8	11	14
FBGN0085248	12	51	26	7	7	1
FBGN0003274	94054	108550	83236	67163	67242	77068
FBGN0034859	2473	2169	2260	2073	2266	2410
FBGN0033685	37	33	8	19	6	42
FBGN0033593	38	267	91	15	24	21
FBGN0034477	53	15	39	26	24	12
FBGN0034958	2856	2934	2384	2077	2322	2476
FBGN0033167	35	5	2	0	5	0
FBGN0050484	67	98	64	31	24	36
FBGN0033020	8	11	1	38	9	9
FBGN0259238	3354	4203	3074	1974	2343	1686
FBGN0034143	498	448	458	270	326	307
FBGN0086677	62	33	38	43	45	32
FBGN0264298	40	45	29	38	11	2
FBGN0028563	2637	2979	2141	2811	2631	3126
FBGN0262515	6351	6377	4627	5002	5520	6561
FBGN0266439	577	653	402	403	357	347
FBGN0033584	124	117	110	87	138	107
FBGN0033015	7359	7274	5238	4868	5511	5318
FBGN0034634	746	937	702	886	895	907
FBGN0040091	489	642	560	534	560	636
FBGN0034572	5388	5271	4460	5756	5629	5703
FBGN0040751	255	335	261	269	236	273
FBGN0043792	350	248	276	157	128	229
FBGN0003009	55	31	49	3	13	44
FBGN0262567	22	8	4	13	25	28
FBGN0034138	66530	74123	56156	52685	63072	62982
FBGN0034521	1259	1592	1073	1158	1205	1419
FBGN0010423	81	147	48	27	45	7
FBGN0033442	14	2	3	13	2	4
FBGN0024196	1884	2656	1737	1691	1709	1701
FBGN0085220	1131	1417	959	758	844	878
FBGN0033680	17	26	9	20	0	0
FBGN0085415	41	61	40	33	27	5
FBGN0033431	551	825	484	455	613	547
FBGN0011286	610	474	477	363	328	293
FBGN0034819	87	48	39	7	2	3
FBGN0262824	7	4	5	22	0	2
FBGN0267728	2095	1985	1986	2172	2390	2900
FBGN0033166	5589	5349	3994	5535	6178	6167
FBGN0000181	63809	63164	49937	57068	60728	67038
FBGN0263391	26829	26842	21296	28874	30598	29276
FBGN0011589	124	158	95	130	89	63
FBGN0034007	155	71	48	83	105	91
FBGN0026361	2215	1924	1567	1879	2149	2418
FBGN0053469	10	52	28	20	12	6
FBGN0034939	3565	3927	3116	2863	3221	3171
FBGN0034237	73551	73176	57174	64617	70557	74282
FBGN0265174	1137	1234	823	706	874	797
FBGN0265045	3531	3194	2680	2180	2565	1989
FBGN0034865	73	42	37	20	7	0
FBGN0020372	21	30	30	6	20	31
FBGN0034578	209	225	215	111	208	212
FBGN0002787	13618	14157	11168	9817	11321	11327
FBGN0050296	200	151	120	78	73	42
FBGN0034590	8843	9144	6817	9310	10340	10119
FBGN0085219	12	10	9	10	8	1
FBGN0033447	113	118	87	93	39	22
FBGN0041087	363	589	485	318	220	190
FBGN0040735	5	1	2	0	3	8
FBGN0033541	54	48	38	25	16	40
FBGN0034569	2311	2472	2098	2949	2937	3261
FBGN0033721	38	30	23	23	26	6
FBGN0002531	16372	23617	12060	9032	4067	10548
FBGN0023171	1572	1861	1592	1253	1542	1238
FBGN0034411	132	85	63	46	24	22
FBGN0261501	0	5	2	1	0	1
FBGN0024234	17308	17811	13835	13423	14670	15925
FBGN0029006	14795	15163	11530	13155	14224	14399
FBGN0033434	3250	3542	3135	2875	3140	3237
FBGN0033971	1603	1683	1043	1529	1850	1995
FBGN0034975	19800	19889	15102	20834	22497	22346
FBGN0011726	39096	43709	32277	29624	34151	30560
FBGN0033934	5116	4708	3381	3024	3366	3646
FBGN0033949	384	445	311	53	125	84
FBGN0288447	21	66	24	21	42	10
FBGN0033494	207	125	180	79	93	61
FBGN0034529	3470	4269	2895	3607	3992	3676
FBGN0033732	16	18	37	17	18	31
FBGN0033955	86	101	81	25	37	23
FBGN0033095	1369	1385	1093	1846	1508	1549
FBGN0014020	29660	27867	26544	16201	17739	16388
FBGN0053475	9	0	13	2	14	2
FBGN0028741	8662	8673	6220	8063	9049	8070
FBGN0028991	2858	3288	2002	4110	4418	4675
FBGN0033819	87	101	82	66	17	31
FBGN0020306	99027	99383	78780	118954	129340	135117
FBGN0034523	2212	2139	1620	1534	1673	1434
FBGN0085341	42	12	8	11	33	8
FBGN0034716	81	51	75	49	63	48
FBGN0261807	3	18	4	13	4	3
FBGN0050087	17	8	55	8	21	50
FBGN0033117	1813	2114	1650	1543	1652	1781
FBGN0261292	8	9	34	6	2	6
FBGN0034759	18	24	41	19	7	2
FBGN0085487	37	7	14	21	6	0
FBGN0005624	10749	11370	8525	14731	15956	15565
FBGN0033572	74	61	21	21	30	24
FBGN0034592	15	29	10	136	123	150
FBGN0050431	31	57	20	44	24	10
FBGN0033693	550	591	486	505	796	556
FBGN0025360	768	722	501	1052	1333	1164
FBGN0034151	31	1	25	8	6	10
FBGN0002736	6793	7109	4916	6524	7420	7166
FBGN0033423	60	44	18	5	3	22
FBGN0040092	67	35	33	82	156	141
FBGN0050394	2867	2765	2283	2628	3110	3056
FBGN0027788	45	54	40	76	18	2
FBGN0034315	5158	5889	4118	3520	3929	4166
FBGN0002715	1190	1020	1073	992	1109	1098
FBGN0033830	23	17	11	10	10	0
FBGN0033474	2746	2251	1879	2017	2052	2157
FBGN0061362	390	601	392	321	412	357
FBGN0022238	5490	5560	3953	3617	4182	4374
FBGN0085254	28	10	16	14	1	1
FBGN0033589	27	7	5	20	6	11
FBGN0050502	85	28	30	23	15	1
FBGN0033287	138	206	104	365	493	397
FBGN0263780	998	1272	854	260	314	353
FBGN0034467	47	29	39	28	14	7
FBGN0033864	157	159	89	73	9	117
FBGN0033459	387	678	449	349	399	372
FBGN0033247	2919	3118	2363	2175	2345	2951
FBGN0053774	452	577	275	178	223	113
FBGN0265577	11	0	6	20	52	40
FBGN0262568	9	12	7	7	8	20
FBGN0033379	6554	8062	6295	4657	5266	4866
FBGN0054045	14	17	17	2	3	2
FBGN0034901	463	386	209	79	59	11
FBGN0034495	910	865	685	1017	697	1064
FBGN0013272	73135	69957	57726	70006	75849	76175
FBGN0263742	15	29	0	4	14	23
FBGN0286070	11346	10497	8580	9875	9691	10929
FBGN0085472	15	26	22	19	17	6
FBGN0035050	33	62	21	41	12	45
FBGN0033273	1076	1101	1084	1116	1236	1439
FBGN0050105	509	584	426	302	470	352
FBGN0034598	11003	12360	9242	13032	13905	14479
FBGN0034397	40	61	31	38	17	18
FBGN0034491	3895	4243	2887	3382	3942	4121
FBGN0250838	5152	6462	4147	3897	4384	4429
FBGN0034564	1756	1840	1465	1400	1766	1423
FBGN0010551	15465	15374	12261	10616	12683	12451
FBGN0034588	65	57	60	48	27	31
FBGN0035094	168	130	145	121	55	26
FBGN0034401	9147	9362	7213	7499	8645	9148
FBGN0261862	4172	4369	3884	3613	4017	4766
FBGN0050163	60	45	21	38	22	38
FBGN0033777	2412	2896	2083	1645	1770	1335
FBGN0265373	9	2	1	4	3	0
FBGN0026761	5458	5607	4451	5147	5129	5240
FBGN0265137	3526	3539	2841	3003	3006	3070
FBGN0013725	310	195	293	322	363	360
FBGN0034761	301	207	204	6	17	48
FBGN0034943	41	35	45	31	4	13
FBGN0025573	54	10	29	26	11	10
FBGN0034729	108	211	111	76	137	88
FBGN0034512	116	118	38	55	80	4
FBGN0034494	1122	1081	798	780	1015	696
FBGN0034009	4828	4949	3679	4106	4180	4133
FBGN0050430	6	5	2	2	4	0
FBGN0015929	12971	13791	10350	15627	16666	17848
FBGN0050489	198	133	176	56	27	23
FBGN0034956	866	1181	683	681	737	815
FBGN0013756	41509	39835	31700	51580	56752	56327
FBGN0085225	11	2	2	5	0	5
FBGN0033978	179	144	59	34	29	24
FBGN0086350	3248	2549	2270	2645	3336	2837
FBGN0033816	2363	2942	2180	2029	2202	2011
FBGN0023181	2341	2009	2040	1931	1992	2012
FBGN0010414	231	231	192	206	155	176
FBGN0034666	16	47	15	38	30	26
FBGN0259966	16	21	28	6	7	8
FBGN0050464	112	50	45	34	32	30
FBGN0034792	6705	7152	5312	5535	6261	6711
FBGN0050095	11	13	46	21	10	4
FBGN0033401	2328	2704	1702	2060	2463	2325
FBGN0020620	3766	3878	3106	3489	3577	3474
FBGN0053138	4374	4546	3686	4338	4637	5203
FBGN0034846	43	3	15	17	1	2
FBGN0033312	50	27	50	34	37	10
FBGN0033706	53	37	14	12	8	4
FBGN0264299	17	45	31	13	47	2
FBGN0034430	2404	2836	2055	1959	2715	2620
FBGN0015925	4501	4328	3215	3047	3220	3348
FBGN0046879	22	3	17	2	1	0
FBGN0263510	7258	7732	6291	4836	5895	5793
FBGN0013435	1649	1737	1228	778	894	907
FBGN0033757	1437	1253	1178	1464	1435	1594
FBGN0033065	39	15	50	54	27	42
FBGN0284237	1491	1229	1008	227	593	227
FBGN0045483	1	43	7	27	13	2
FBGN0034486	20	34	40	38	19	15
FBGN0034177	861	745	630	403	768	611
FBGN0015001	1	12	11	57	2	1
FBGN0266486	863	722	664	825	889	725
FBGN0266708	18	27	20	19	12	21
FBGN0016684	104	117	105	100	48	65
FBGN0286511	5519	4999	4259	5974	6466	6043
FBGN0033741	17847	19414	14364	11474	14400	12844
FBGN0050284	22	19	15	7	3	26
FBGN0033058	68	52	46	60	28	27
FBGN0041585	4498	4382	3407	4400	5053	5140
FBGN0028552	906	1327	865	651	780	824
FBGN0034426	49	12	16	26	11	0
FBGN0284243	352267	359606	278153	254231	271202	278316
FBGN0050414	226	280	157	85	164	74
FBGN0034497	64	72	25	8	30	7
FBGN0034651	5	38	20	18	25	24
FBGN0043010	2136	2590	1672	1668	1770	2238
FBGN0029079	4697	5353	4272	3121	3281	3455
FBGN0002716	356	515	336	525	635	491
FBGN0034833	11	49	13	16	1	1
FBGN0053461	36	23	17	19	28	6
FBGN0034416	14	25	19	25	23	10
FBGN0261403	13320	13957	10190	11398	13671	12380
FBGN0034693	994	815	592	1163	945	1161
FBGN0053704	11	0	10	8	8	0
FBGN0050100	1207	968	854	574	655	793
FBGN0034996	89	82	86	157	77	105
FBGN0053017	268	192	162	103	86	101
FBGN0259184	18	34	31	16	24	13
FBGN0050289	33	31	7	37	6	0
FBGN0011211	50251	49522	41294	41353	43350	48403
FBGN0033598	25	20	17	45	20	10
FBGN0034162	343	236	294	50	58	115
FBGN0086655	20994	19582	16503	23952	26299	24765
FBGN0286778	4233	3490	2962	4018	3297	4171
FBGN0085398	80	30	54	84	56	50
FBGN0034091	1574	1828	1314	1788	1913	1430
FBGN0260934	28172	29413	21737	34108	36932	35461
FBGN0262478	24	19	22	7	9	15
FBGN0035042	22	8	12	10	11	7
FBGN0034965	265	214	177	238	350	287
FBGN0034156	82	61	64	44	32	34
FBGN0033551	4575	4146	3587	3363	3355	3406
FBGN0261614	0	20	3	5	0	0
FBGN0033518	205	249	276	212	60	167
FBGN0034986	777	875	659	670	804	595
FBGN0085232	0	16	14	1	6	3
FBGN0034011	43	50	13	40	32	16
FBGN0011555	52	22	13	8	22	12
FBGN0086898	5247	5198	4157	4947	5823	5861
FBGN0035005	24	18	2	18	14	0
FBGN0033529	6112	6487	4555	4739	5212	4855
FBGN0003175	11642	12286	9123	14247	15469	15187
FBGN0033539	5028	4881	3674	4627	4874	5127
FBGN0002570	42	21	27	70	35	26
FBGN0027836	4027	3926	3080	3327	3085	3744
FBGN0026741	882	697	760	511	700	901
FBGN0053958	51	91	88	36	33	14
FBGN0262790	3	0	0	5	3	0
FBGN0034381	65	52	83	48	18	42
FBGN0035076	534	403	429	116	104	111
FBGN0034951	441	254	293	311	349	274
FBGN0035010	117	78	55	46	101	62
FBGN0034829	31	74	90	43	30	24
FBGN0020440	4735	4333	4115	4562	5669	5246
FBGN0022700	46	42	38	16	46	15
FBGN0033164	50	10	17	24	8	2
FBGN0015614	2124	2102	1702	1626	1846	2095
FBGN0002535	1952	5713	1856	2890	1470	2474
FBGN0034076	67	31	28	34	17	2
FBGN0034047	64	57	46	28	32	34
FBGN0033371	79	22	35	69	30	54
FBGN0034897	428	451	317	156	207	241
FBGN0013773	72	36	56	38	9	8
FBGN0265487	22490	21856	16084	30289	31890	30453
FBGN0034082	53	32	15	30	6	14
FBGN0033019	2456	2398	1741	1390	1532	1531
FBGN0034863	5	38	3	10	5	5
FBGN0003742	2834	2884	2293	2991	3607	3826
FBGN0265835	13	4	8	2	2	0
FBGN0034476	20351	20810	15500	22615	24041	26258
FBGN0033285	24	8	11	4	1	0
FBGN0083951	16	16	2	13	1	0
FBGN0010622	2251	2401	1955	1769	1784	2003
FBGN0050195	55	42	36	73	69	37
FBGN0286203	6613	6700	4855	4226	5046	5380
FBGN0034027	781	994	535	653	659	754
FBGN0033048	51	36	29	16	39	15
FBGN0034383	3	46	45	21	2	8
FBGN0034000	1573	2078	1306	1266	1356	1241
FBGN0000606	78	22	59	41	41	12
FBGN0015754	6780	6798	5827	4956	6223	6352
FBGN0033454	4566	4791	3684	3689	4310	4594
FBGN0034970	7546	6866	5314	6253	6524	7688
FBGN0263760	38	1	6	18	17	15
FBGN0264714	15	7	15	22	3	9
FBGN0050393	53	10	37	15	2	5
FBGN0050466	585	511	376	209	212	217
FBGN0000289	21169	20225	16345	22279	22740	25036
FBGN0028740	65	109	38	95	33	77
FBGN0053758	8	0	5	0	8	2
FBGN0003114	41	47	39	18	5	0
FBGN0033581	9643	9932	7165	7515	9560	9600
FBGN0287864	5429	4942	4211	4993	6316	5514
FBGN0034655	16	46	38	25	21	6
FBGN0050050	17	19	8	0	2	0
FBGN0050115	4526	4407	3381	3460	3763	3778
FBGN0034230	3349	3684	2935	3653	3613	3279
FBGN0262961	9	11	7	29	11	2
FBGN0260768	191	237	148	31	27	13
FBGN0034129	47	6	2	12	16	18
FBGN0034251	518	534	462	637	668	632
FBGN0050275	122	110	104	47	41	16
FBGN0050429	36	25	25	45	27	41
FBGN0034215	3620	3792	3401	2990	2871	2944
FBGN0287213	8	12	37	0	7	3
FBGN0034398	8142	7948	7551	3763	4556	4912
FBGN0034245	578	1025	586	409	585	567
FBGN0261794	706	807	573	563	546	604
FBGN0034087	17108	16384	13182	17944	18445	19610
FBGN0262881	19	7	7	12	6	26
FBGN0063492	356	280	273	117	104	147
FBGN0033348	1680	1667	1438	1720	1746	1544
FBGN0033208	1503	1443	1116	811	1042	788
FBGN0034766	28	0	17	20	2	5
FBGN0010548	8029	8487	6384	7415	7428	8402
FBGN0027835	66291	67901	54204	60471	69331	70897
FBGN0085260	178	123	59	82	106	100
FBGN0003254	85	63	13	26	13	6
FBGN0025832	2747	2970	2089	2104	2669	2372
FBGN0264753	215	242	209	139	136	155
FBGN0050491	648	596	556	549	556	575
FBGN0034284	3	14	5	14	3	7
FBGN0259483	6215	5751	4853	5659	6756	6345
FBGN0033808	809	658	481	487	585	468
FBGN0033773	60	68	46	58	46	38
FBGN0050295	1848	1650	1506	1615	1453	1589
FBGN0034643	8184	8310	6686	7393	8612	8527
FBGN0033953	50	34	18	23	4	5
FBGN0034128	9	48	15	3	31	10
FBGN0033092	2234	3044	2123	2203	2058	2487
FBGN0034446	82	81	19	59	39	62
FBGN0050026	65	33	41	51	61	54
FBGN0046706	7958	7630	6508	4878	5808	5326
FBGN0266518	6027	6446	4801	3962	3851	4614
FBGN0262117	8489	8792	6861	6460	7517	6023
FBGN0086712	3261	3417	3037	2729	2407	2235
FBGN0085217	32	4	10	8	12	1
FBGN0004896	23	0	44	26	13	21
FBGN0050440	19708	20313	15841	16311	18182	15521
FBGN0034456	73	51	56	20	47	5
FBGN0033498	114	55	49	38	41	12
FBGN0035012	34	11	12	1	0	3
FBGN0033061	119	100	84	193	247	278
FBGN0063493	52	50	41	26	12	22
FBGN0034269	1759	1539	1197	1275	1416	1623
FBGN0033192	128	82	144	88	55	71
FBGN0034443	1918	1777	1290	501	732	565
FBGN0033936	708	676	525	95	287	103
FBGN0050091	47	20	63	30	41	24
FBGN0034601	40	6	8	4	10	2
FBGN0285892	5278	5227	4493	5541	5629	5254
FBGN0034595	32	0	10	17	3	3
FBGN0264297	35	76	36	24	21	18
FBGN0027590	5291	6714	4630	4846	5107	5579
FBGN0050390	812	570	555	763	761	618
FBGN0265193	1731	1705	1556	1687	1824	1963
FBGN0050416	135	95	65	35	30	20
FBGN0034187	83	100	31	83	10	54
FBGN0033928	287	440	361	139	242	219
FBGN0050460	1032	1065	824	1145	1119	1105
FBGN0034350	249	286	254	272	305	292
FBGN0033762	2060	2381	1709	2118	2406	2357
FBGN0287632	45	14	42	10	15	5
FBGN0050324	37	21	24	27	8	38
FBGN0021895	6255	6507	5617	10305	9033	11687
FBGN0050196	39	85	37	13	15	67
FBGN0050184	5	23	12	2	13	22
FBGN0053477	4	0	19	9	1	16
FBGN0264339	100	97	77	70	41	42
FBGN0050074	12	18	17	7	15	0
FBGN0034658	10	2	1	11	0	9
FBGN0010397	1311	1606	1512	2446	2478	2964
FBGN0033588	4	0	3	3	2	4
FBGN0283510	10397	11319	8124	9327	9734	10979
FBGN0027538	958	971	639	829	822	788
FBGN0033856	40	10	15	15	12	24
FBGN0050458	87	90	89	38	25	50
FBGN0010415	16464	17827	12383	15270	17127	16622
FBGN0034734	11146	11040	8224	10411	11764	12127
FBGN0027561	4959	4724	3631	3825	4350	4371
FBGN0050487	24	19	5	1	0	5
FBGN0034140	551	587	483	298	184	347
FBGN0034312	1413	1392	1307	596	597	376
FBGN0261564	5170	4812	3840	4494	4648	4862
FBGN0034826	8	15	41	29	0	42
FBGN0034030	920	722	681	1000	852	1195
FBGN0034104	1	11	27	0	8	1
FBGN0034318	28	8	16	9	11	10
FBGN0050036	33	9	8	10	29	23
FBGN0034310	6349	6591	5444	5498	6040	6731
FBGN0034804	333	290	340	232	207	256
FBGN0050345	1541	1598	1274	33	41	46
FBGN0033093	192	161	205	245	267	300
FBGN0023214	648	472	475	492	360	509
FBGN0033330	55	24	37	28	19	10
FBGN0010411	75332	81805	61839	57176	62463	73335
FBGN0034437	62	54	72	92	24	18
FBGN0027599	2901	2754	2181	2032	2584	2160
FBGN0033308	10	39	15	49	12	18
FBGN0250842	59	1	6	37	1	0
FBGN0040737	29	18	13	7	0	1
FBGN0040093	18	18	5	18	7	9
FBGN0033951	2462	2452	1806	1601	2086	1876
FBGN0034120	9	10	26	27	6	4
FBGN0014877	2484	2188	1871	1860	2014	1854
FBGN0034361	832	1168	824	663	847	767
FBGN0265974	3602	3294	2698	4830	4719	4671
FBGN0034990	46	96	12	30	19	21
FBGN0033195	462	513	383	482	538	556
FBGN0035078	94	106	31	81	111	28
FBGN0027572	1561	1533	1258	2030	2113	1918
FBGN0033999	59	24	15	29	19	3
FBGN0034660	31	28	100	60	2	6
FBGN0033859	5041	5638	4847	4692	5265	5747
FBGN0024754	2598	2898	2460	3697	3701	3980
FBGN0053914	3	8	16	2	3	0
FBGN0259745	2372	2817	2001	3503	3846	4065
FBGN0034503	2402	2776	1905	1793	1856	2132
FBGN0034153	6	12	11	5	5	1
FBGN0265834	14	53	20	14	0	22
FBGN0034850	64	30	20	19	24	24
FBGN0086676	6468	6456	5368	5589	6524	6407
FBGN0034824	53	23	21	45	37	15
FBGN0083977	890	889	724	1245	1216	1069
FBGN0034505	14	10	7	15	11	1
FBGN0034708	12257	11704	9995	10077	11435	11703
FBGN0019968	15414	15430	12315	18584	20618	19452
FBGN0034201	29	4	11	22	2	10
FBGN0033324	66	18	78	57	26	30
FBGN0034825	20	11	22	3	19	11
FBGN0053087	32039	32474	25091	40260	45849	44421
FBGN0043470	9	28	15	35	0	2
FBGN0028622	8046	8008	6491	6738	7202	7720
FBGN0017482	515	481	342	319	377	407
FBGN0034959	1921	1702	1390	1993	2058	2132
FBGN0050471	90	142	42	92	57	98
FBGN0033457	1417	1645	1362	1030	1137	1158
FBGN0050151	20	27	19	8	13	12
FBGN0262479	4	4	4	1	0	6
FBGN0050323	307	319	220	292	395	323
FBGN0033691	7472	8291	6416	3786	5065	4137
FBGN0034050	787	902	757	570	888	838
FBGN0020908	48	4	7	16	9	28
FBGN0085235	131	155	102	35	61	19
FBGN0011656	4647	4514	3500	4848	6119	6584
FBGN0261477	3262	3381	2472	2720	3138	3086
FBGN0034807	40	26	11	52	17	1
FBGN0034841	26	6	14	2	2	4
FBGN0034274	13	34	10	50	15	19
FBGN0028494	2848	2998	2514	2845	2835	2933
FBGN0015268	41095	42487	34004	37712	39551	42351
FBGN0035020	3496	3569	2909	3267	3430	3589
FBGN0000157	6498	6869	4898	7273	8029	8170
FBGN0033972	3347	3175	2622	2261	2464	2496
FBGN0085459	26	11	11	17	2	5
FBGN0263324	0	17	8	25	1	5
FBGN0034737	29	0	5	5	8	12
FBGN0266580	39416	39929	30599	35910	38870	36769
FBGN0033855	118	105	124	28	59	39
FBGN0060296	5982	6884	5390	5484	6713	6648
FBGN0034554	50	28	19	24	26	27
FBGN0011694	9	0	8	3	3	5
FBGN0033337	592	591	514	587	696	700
FBGN0069969	26	5	10	25	9	21
FBGN0266489	159	229	111	195	123	124
FBGN0033352	11688	12097	9174	12449	13530	14533
FBGN0085474	91	51	97	228	172	196
FBGN0034221	144	187	194	54	38	44
FBGN0029175	1456	1087	968	945	1162	931
FBGN0042083	1753	2004	1398	1360	1871	1771
FBGN0034663	7	24	15	36	5	0
FBGN0028434	948	816	661	676	693	651
FBGN0034998	30	62	21	58	15	31
FBGN0265356	1192	1105	941	217	238	190
FBGN0033924	2855	2859	2194	2853	3187	3224
FBGN0033096	73	43	26	20	17	11
FBGN0029131	1770	1553	1598	2131	2004	2451
FBGN0260866	1224	1551	1415	1633	1874	1950
FBGN0284080	1819	2072	1780	786	1020	735
FBGN0034937	188	234	94	200	178	110
FBGN0000078	90	84	59	69	51	26
FBGN0040765	2950	2843	2234	2348	2624	2495
FBGN0034293	28	11	4	0	10	14
FBGN0262169	9135	9105	7791	7881	8785	9073
FBGN0033246	10348	10428	8198	11164	12186	12091
FBGN0040755	19	0	0	1	2	20
FBGN0063499	52	35	11	4	6	1
FBGN0262736	13199	12264	10729	7894	8326	8325
FBGN0000578	12913	11467	10038	12179	13463	12697
FBGN0039970	2451	2909	2020	1611	2103	1640
FBGN0086904	55407	57003	45819	59852	66890	73116
FBGN0033710	124	60	49	26	45	18
FBGN0050493	379	346	400	185	297	368
FBGN0034084	2006	2272	1699	1398	1766	1840
FBGN0033570	2205	2402	1824	1349	1710	1737
FBGN0029506	10967	12529	9130	10146	11470	11226
FBGN0043534	21	4	10	0	1	19
FBGN0003863	425	441	404	155	67	154
FBGN0033526	2892	3135	2734	2935	3681	3540
FBGN0013308	87	2	36	25	13	1
FBGN0263030	1	30	22	6	0	8
FBGN0034814	1396	1210	1316	1015	1011	1423
FBGN0025185	1641	1480	1389	1352	1485	1591
FBGN0034768	12	4	5	15	2	14
FBGN0000395	2521	2746	2024	3545	3957	3882
FBGN0034750	3440	3612	3102	2155	2492	2902
FBGN0039994	8087	7965	7233	5101	6602	5611
FBGN0287631	226	179	184	61	38	36
FBGN0033904	105	116	65	93	85	46
FBGN0004132	3126	3244	2582	2531	2805	2658
FBGN0085230	200	278	182	28	46	14
FBGN0015509	19700	18742	15628	20216	20817	21989
FBGN0050479	3	29	4	0	0	0
FBGN0250827	33	6	23	15	4	4
FBGN0010611	2694	2704	2283	1697	1772	2005
FBGN0085253	19	14	7	3	16	0
FBGN0085569	5	2	11	11	41	0
FBGN0033367	8164	7982	6926	1309	1132	943
FBGN0034463	14	51	37	33	8	26
FBGN0033749	1552	2122	1425	2056	2019	2168
FBGN0259219	240	269	193	26	66	20
FBGN0034972	54	50	44	71	42	67
FBGN0028953	11264	10653	9080	10620	11108	10949
FBGN0043070	2717	2723	2279	2202	2622	2309
FBGN0033240	1217	867	1032	697	1054	912
FBGN0033548	1250	1380	987	1004	1420	1271
FBGN0021875	2461	2751	1874	1696	1954	1669
FBGN0286785	4793	4849	3921	3051	3726	3350
FBGN0033907	1710	2131	1595	936	1437	1333
FBGN0033793	40	8	13	1	1	7
FBGN0250850	9130	9858	7590	12102	12387	12792
FBGN0263741	58	32	56	14	22	14
FBGN0263260	1296	1359	1098	984	1264	1024
FBGN0050447	30	0	18	1	2	14
FBGN0034059	1005	1188	1137	636	626	505
FBGN0050290	1391	1382	1330	850	1152	967
FBGN0034223	5028	5505	3864	4893	5225	5678
FBGN0033668	500	677	459	342	363	320
FBGN0034727	2440	3334	2206	2506	2769	3122
FBGN0034157	39	73	47	64	33	7
FBGN0015300	39	19	15	27	0	14
FBGN0085252	28	7	27	28	12	13
FBGN0033633	68	76	90	94	98	77
FBGN0259967	27	0	25	21	0	5
FBGN0021995	10073	10026	8954	7390	8324	9115
FBGN0034362	668	760	598	413	525	389
FBGN0022343	18516	16941	13955	10331	12641	12322
FBGN0035092	171	114	166	140	93	267
FBGN0033387	119	89	74	55	43	30
FBGN0034122	8	0	11	12	4	1
FBGN0261267	170	171	140	251	323	336
FBGN0033913	8878	8491	6998	10602	10992	12377
FBGN0034436	9386	9275	7847	7538	9289	8468
FBGN0260398	5056	4792	3399	3787	3772	4389
FBGN0033481	49	11	26	34	10	26
FBGN0034428	32	17	2	6	13	8
FBGN0034570	14076	11841	9278	14474	15536	15726
FBGN0285952	36901	44415	32490	25899	32176	28677
FBGN0020269	148	62	70	133	77	78
FBGN0266346	136	83	197	129	110	126
FBGN0083983	466	604	450	214	423	240
FBGN0263233	10	13	23	3	17	3
FBGN0050417	2	28	23	24	12	4
FBGN0033322	0	9	24	5	34	5
FBGN0085242	410	355	390	284	270	286
FBGN0264911	411	312	286	60	47	41
FBGN0033880	30	31	21	29	18	20
FBGN0034408	9747	8877	7281	14286	15774	17047
FBGN0050462	78	67	69	83	46	66
FBGN0033900	1616	1624	1156	1336	1446	1602
FBGN0034541	8	8	10	10	1	6
FBGN0024293	54	65	68	30	18	24
FBGN0033480	1227	1535	969	604	775	840
FBGN0010409	93930	91416	70554	78886	90538	96883
FBGN0034628	836	1178	643	1406	1570	1607
FBGN0050412	25	1	52	9	6	2
FBGN0010109	1773	1596	1100	2484	2147	2730
FBGN0034473	38	26	16	51	9	3
FBGN0050363	14	0	20	12	8	4
FBGN0034726	929	1035	740	567	640	587
FBGN0033158	84	94	90	134	32	61
FBGN0024556	9573	10222	7573	6420	7916	8185
FBGN0034472	33	13	29	9	6	0
FBGN0025336	2710	2596	2156	2252	2134	2518
FBGN0033463	7276	6825	6158	6368	6927	6950
FBGN0034945	1196	987	687	615	874	664
FBGN0267428	26	36	47	48	12	27
FBGN0050361	145	91	92	56	35	32
FBGN0284254	4801	4758	3847	4311	4333	5186
FBGN0025693	1138	1080	879	524	544	489
FBGN0029153	86	19	44	88	40	0
FBGN0050271	64	54	30	54	13	12
FBGN0034802	75381	74384	62336	91381	91781	107835
FBGN0085222	204	175	150	12	28	36
FBGN0033027	18	8	27	24	4	4
FBGN0033497	105	107	51	24	106	27
FBGN0034294	157	5	34	139	103	36
FBGN0044011	20	16	24	41	16	26
FBGN0034507	19	24	22	39	10	0
FBGN0034520	263	350	166	90	125	157
FBGN0262560	3215	3822	2858	2755	3452	3316
FBGN0034145	1343	1254	947	653	825	662
FBGN0034856	375	534	336	181	186	168
FBGN0020621	12584	13254	9537	14171	16044	15586
FBGN0019949	1669	1873	1502	1478	1846	2092
FBGN0035063	3842	3859	2627	2923	3402	3140
FBGN0261581	9	1	10	5	0	5
FBGN0260436	1	12	15	14	26	0
FBGN0033476	6298	6233	4892	4856	5784	5097
FBGN0034614	4034	4885	3052	3568	4291	3814
FBGN0017556	3	26	29	19	3	4
FBGN0265991	23609	23829	17614	26489	27906	26254
FBGN0027066	24375	28361	20209	19450	21601	21619
FBGN0050384	515	666	404	797	1098	756
FBGN0033209	2056	2107	1751	1131	1107	1216
FBGN0033380	1499	1454	1148	1329	1597	1458
FBGN0002774	6778	7726	5964	7138	8391	7931
FBGN0033590	17	0	21	2	2	3
FBGN0034909	1129	962	817	984	1128	1328
FBGN0034517	252	349	207	150	172	167
FBGN0264959	23425	23759	18785	24783	27248	26707
FBGN0263774	161	53	81	60	28	51
FBGN0034877	10502	10312	9063	7167	7732	8710
FBGN0050090	32	57	34	14	16	0
FBGN0013983	941	919	661	759	1008	990
FBGN0050481	3021	3399	2408	2351	2685	3080
FBGN0050480	102	73	56	35	30	18
FBGN0086532	2770	3241	2496	2347	2798	2601
FBGN0034741	50	51	46	10	13	3
FBGN0026573	9796	8765	6366	9131	9577	9591
FBGN0050080	25	2	2	15	19	3
FBGN0034159	21	53	31	4	10	6
FBGN0034644	5012	5020	3974	6179	6590	7759
FBGN0034126	175	145	51	120	148	124
FBGN0034733	167	70	89	91	94	92
FBGN0034121	69	54	79	42	23	39
FBGN0034045	130	125	89	204	162	294
FBGN0085489	29	37	22	10	15	6
FBGN0262954	1141	1370	1160	671	864	673
FBGN0025833	54	104	38	58	36	6
FBGN0262563	7	3	0	4	6	3
FBGN0034978	27	14	24	34	7	25
FBGN0034858	8594	8679	6770	6434	6835	6597
FBGN0027499	14541	12694	10335	12359	14152	14664
FBGN0001325	104	106	59	84	24	24
FBGN0001123	9618	10507	7885	8688	10537	9326
FBGN0259145	103	123	84	232	202	241
FBGN0010220	3363	3532	2459	2402	2636	2312
FBGN0050145	39	3	16	8	1	9
FBGN0259711	1127	1152	871	270	404	350
FBGN0034791	2892	3067	2381	1932	2221	2068
FBGN0034046	985	790	670	865	928	1181
FBGN0034282	23348	23127	18256	18145	18312	17294
FBGN0265627	40	176	56	39	14	24
FBGN0025878	106	121	83	59	54	37
FBGN0033461	54	10	19	22	6	2
FBGN0034527	2679	2513	1993	1960	1914	2098
FBGN0033412	55	24	30	20	6	1
FBGN0034440	116	138	83	49	27	43
FBGN0053775	7	24	30	18	3	10
FBGN0066293	52	172	47	165	135	124
FBGN0011556	4	22	23	28	10	2
FBGN0033890	2705	2706	2088	2773	3000	3453
FBGN0050334	11	1	16	7	19	5
FBGN0264817	0	0	0	0	0	0
FBGN0053454	29	10	7	12	12	10
FBGN0035034	27	0	0	76	27	18
FBGN0015039	88	90	56	49	29	12
FBGN0040775	0	2	2	4	3	0
FBGN0033087	1873	1840	1792	1793	2197	2171
FBGN0001308	15690	16613	12839	16182	18608	19399
FBGN0033616	1289	1146	1024	1196	1368	1518
FBGN0034551	86	96	48	22	17	8
FBGN0034887	26	41	62	18	31	10
FBGN0002789	1268	1391	1100	368	267	241
FBGN0050499	3314	3291	2954	2339	2664	2960
FBGN0050423	2351	2689	2036	1074	1287	1160
FBGN0033321	23	23	26	54	48	48
FBGN0263656	31	12	22	74	20	21
FBGN0034396	231	208	143	208	166	263
FBGN0034796	1591	1759	1506	1796	1880	2247
FBGN0034553	18	34	18	53	35	6
FBGN0034118	7865	9410	6523	5628	6017	5829
FBGN0033297	64	57	48	19	6	17
FBGN0259179	82	95	53	68	14	27
FBGN0050378	36	16	13	0	0	6
FBGN0061360	2209	2059	1697	1781	1909	1713
FBGN0034289	204	76	104	66	17	51
FBGN0034834	51	37	34	18	16	14
FBGN0052833	16	15	9	11	4	3
FBGN0033656	1842	2178	1669	1544	1881	1920
FBGN0010358	2277	2371	1903	335	185	619
FBGN0004784	21	45	39	28	27	26
FBGN0028983	1725	2038	1418	1426	1606	1818
FBGN0003733	92	90	82	158	114	49
FBGN0024956	4515	4811	3369	3160	3797	4330
FBGN0002891	6935	6659	5737	3619	4334	4497
FBGN0040773	1658	1842	1634	1058	1036	908
FBGN0028473	35821	35417	27627	37823	40735	46160
FBGN0262123	229	230	229	134	174	98
FBGN0085471	44	16	7	33	6	15
FBGN0262102	11	2	11	11	7	0
FBGN0034300	11063	10737	7702	10814	11571	10351
FBGN0033994	682	715	581	589	680	596
FBGN0033145	8	14	7	6	7	10
FBGN0263046	165	148	140	117	153	124
FBGN0033365	907	883	626	688	983	850
FBGN0033954	43	31	20	5	1	6
FBGN0034029	2892	2671	2004	1913	2278	2173
FBGN0029507	73	45	116	29	46	13
FBGN0012051	4129	3634	3226	2940	3615	3251
FBGN0033076	42	35	16	3	3	7
FBGN0033639	2372	2569	1649	1998	2100	1985
FBGN0263031	86	43	89	203	197	268
FBGN0050069	89483	94027	68811	139348	147191	126977
FBGN0266111	4979	5255	3909	4913	5005	5556
FBGN0034438	9072	10037	7643	4528	5423	4781
FBGN0034931	2081	2106	1610	1735	1853	2133
FBGN0033378	3194	3856	2826	3236	4114	4224
FBGN0015524	51	84	47	15	22	45
FBGN0050062	107	89	71	94	100	106
FBGN0259832	332	423	237	110	201	137
FBGN0024189	2522	2765	2167	3468	3528	3326
FBGN0033549	481	591	536	454	716	760
FBGN0259725	439	563	312	594	568	581
FBGN0265182	295	142	149	200	139	160
FBGN0033845	8815	8841	6763	9906	9962	10326
FBGN0050362	8	4	31	65	12	32
FBGN0033486	5772	5820	4822	5330	5803	6218
FBGN0033519	10	1	17	5	5	36
FBGN0026388	86	22	53	121	112	42
FBGN0034075	591	579	396	172	137	158
FBGN0085434	5746	5866	4552	4248	4778	4862
FBGN0029843	492	380	384	335	331	434
FBGN0029913	531	479	451	264	375	400
FBGN0030340	149	105	62	53	26	79
FBGN0029993	51	6	10	10	6	19
FBGN0261615	8	0	18	0	8	12
FBGN0002562	8089	8549	6630	5468	5608	3016
FBGN0030973	2775	3270	2331	2715	3450	3576
FBGN0030555	1609	1737	1246	1615	1846	2252
FBGN0052694	342	387	319	554	444	328
FBGN0029897	100619	103118	84025	83275	90787	102695
FBGN0030434	2218	2538	1821	2293	2886	2967
FBGN0030545	3274	4149	2625	1802	2121	2392
FBGN0040467	755	712	450	311	479	619
FBGN0052774	605	479	282	169	90	131
FBGN0030645	408	467	355	209	342	291
FBGN0029791	7115	6205	5436	7118	6838	7998
FBGN0031053	10229	10209	7944	8775	9209	10391
FBGN0039966	842	951	603	817	849	803
FBGN0002579	49387	50586	43144	42895	50349	53052
FBGN0265725	28	54	21	4	16	19
FBGN0030966	1698	1918	1710	1617	1547	1949
FBGN0029647	33	0	21	4	0	0
FBGN0030207	24	12	36	19	32	31
FBGN0030251	2367	2468	1925	2405	2983	3027
FBGN0283434	2444	2450	2111	2263	1914	2351
FBGN0052736	445	405	436	470	555	572
FBGN0016976	76	133	127	44	39	80
FBGN0030242	3482	3325	2903	3641	3514	3752
FBGN0011566	1096	1354	860	1003	907	1161
FBGN0015527	12911	12975	10499	9922	10678	11592
FBGN0029706	5059	4964	4224	4634	5099	5106
FBGN0023537	6977	7099	5831	6579	7822	8064
FBGN0025643	801	871	555	476	295	551
FBGN0030438	141	160	110	152	110	70
FBGN0023530	547	465	419	366	392	460
FBGN0030775	14	39	37	22	8	16
FBGN0052590	458	632	439	406	487	498
FBGN0263257	208	147	173	123	122	59
FBGN0043796	2327	2113	1788	2068	2193	2214
FBGN0029925	1356	1540	1169	788	856	798
FBGN0004432	67525	70001	57329	42775	47628	50258
FBGN0017566	9803	9783	7378	8867	9261	10017
FBGN0040066	6591	6815	5606	5528	5995	6630
FBGN0030937	7	27	8	26	12	0
FBGN0030385	96	33	74	5	9	28
FBGN0030793	1879	1990	1536	1741	1865	1886
FBGN0025641	6852	6871	5487	6427	7541	7169
FBGN0052548	68	25	22	37	53	21
FBGN0041626	92	47	58	52	50	24
FBGN0040395	2534	2732	2176	3397	3517	3415
FBGN0000173	5884	6332	4762	5516	6370	7326
FBGN0030721	71	91	47	35	14	26
FBGN0011741	3993	4660	3266	2908	3099	3514
FBGN0008635	18559	18970	15707	16055	17978	19084
FBGN0029723	156	75	85	36	102	73
FBGN0040384	2037	1997	1696	1859	2452	1982
FBGN0030505	9143	8419	6894	11663	12226	12507
FBGN0010412	63378	65143	55896	48395	52028	60044
FBGN0030109	5976	6458	4631	6191	6652	6427
FBGN0030763	3717	3919	2830	5675	5843	6156
FBGN0030747	138	98	133	105	45	61
FBGN0027093	8232	8261	6446	6060	5930	6005
FBGN0005390	139	80	81	134	78	43
FBGN0052708	1768	1455	1186	995	1017	1026
FBGN0025743	5818	6327	4935	6317	6975	7433
FBGN0029810	61	37	44	34	72	12
FBGN0027793	68	30	35	29	26	18
FBGN0040361	17	5	22	2	6	20
FBGN0283476	330	241	187	195	146	83
FBGN0031142	117	171	147	123	217	135
FBGN0030529	10965	11694	8950	9157	10130	9971
FBGN0004143	9	35	11	34	4	10
FBGN0026268	29	12	11	0	22	18
FBGN0031148	7783	8010	6364	5089	5857	6547
FBGN0030098	94	38	78	26	8	12
FBGN0040371	11	24	20	13	18	15
FBGN0030872	1056	981	676	1262	1129	1375
FBGN0030208	22907	24143	19472	20077	23077	23626
FBGN0083956	1233	1171	1113	1856	1588	2240
FBGN0064117	3201	3280	2998	2111	2650	2535
FBGN0085430	27126	28070	22728	34348	35151	37635
FBGN0030940	972	868	648	276	251	286
FBGN0265464	2276	2051	1911	3200	3114	3339
FBGN0260970	18186	16821	14467	19048	20594	21374
FBGN0029714	1668	1423	1244	1464	1371	1442
FBGN0029831	1258	1051	890	1038	1051	1018
FBGN0030653	2474	2532	2239	1568	1904	1943
FBGN0066304	4069	3800	3267	2627	3125	3153
FBGN0026879	5210	6767	4852	4195	5234	4898
FBGN0052806	61	34	50	90	110	133
FBGN0030683	802	947	623	548	638	600
FBGN0028686	14444	14103	12018	11929	13757	14360
FBGN0288741	0	9	2	2	0	2
FBGN0003132	14	1	7	1	2	2
FBGN0030743	1276	1515	894	627	823	767
FBGN0053080	136	74	95	81	64	108
FBGN0052693	35	12	9	36	2	71
FBGN0260867	3	10	6	0	0	10
FBGN0031001	675	923	606	1804	1280	1956
FBGN0030361	351	405	410	466	508	362
FBGN0029003	13627	14569	11733	13665	14951	17155
FBGN0030798	1110	1157	936	1223	1169	1234
FBGN0263987	10157	11338	8172	11746	13523	14162
FBGN0025627	235	280	197	327	353	442
FBGN0031164	19	14	34	31	13	11
FBGN0261284	4473	4428	4004	2193	2743	2869
FBGN0029730	44	10	14	13	6	19
FBGN0030889	87	78	68	42	28	20
FBGN0030858	4488	4262	3751	3745	3568	4625
FBGN0288739	0	0	5	2	0	0
FBGN0003996	56	68	71	46	70	112
FBGN0287645	16	10	4	16	23	4
FBGN0025839	1403	1576	1244	796	841	911
FBGN0011742	5050	5641	4161	4207	5211	4938
FBGN0052668	55	76	51	31	16	13
FBGN0040648	7	4	9	5	0	7
FBGN0030808	5776	5949	4920	7063	7326	7355
FBGN0267042	1	17	18	2	2	7
FBGN0001189	6590	5732	4677	6234	6864	6956
FBGN0263705	18069	17169	14241	22007	24396	25015
FBGN0030262	17	63	30	31	31	22
FBGN0002933	23	21	20	31	6	16
FBGN0029941	24579	24022	19133	21162	22941	23544
FBGN0029961	34	61	82	14	15	10
FBGN0283680	3156	2803	2565	2650	3411	3505
FBGN0023522	3543	3798	2955	2569	3025	2944
FBGN0027601	6870	7843	6036	8441	9118	11302
FBGN0262611	0	0	6	3	3	1
FBGN0030692	9579	9006	7616	7071	7396	7706
FBGN0085478	6935	7301	5625	9018	9402	9371
FBGN0030877	1645	1972	1555	2062	2115	2394
FBGN0029807	102	42	85	43	17	22
FBGN0004856	8022	8709	6906	7424	7939	8922
FBGN0030313	58	31	30	21	4	4
FBGN0031061	2939	3061	2364	2393	2345	2242
FBGN0052698	238	102	190	98	104	124
FBGN0085446	47027	44838	36252	61011	63988	58998
FBGN0047095	80	64	70	93	107	67
FBGN0052602	1729	781	699	580	132	298
FBGN0030824	23	10	30	22	6	0
FBGN0052726	13	2	9	3	0	0
FBGN0265265	12	16	8	6	0	1
FBGN0030537	143	174	127	114	24	7
FBGN0029882	4911	5482	3945	3364	4143	4050
FBGN0030224	43	28	24	14	7	3
FBGN0264090	7603	8164	6623	11301	11022	13008
FBGN0085359	0	0	1	0	4	2
FBGN0267350	8807	8470	6737	6692	7427	8512
FBGN0025640	797	1195	696	525	609	821
FBGN0052643	9	0	18	2	2	2
FBGN0031106	669	1009	823	929	1071	1062
FBGN0028982	27998	27799	23754	27826	28972	29907
FBGN0040362	7	16	24	16	29	2
FBGN0040899	920	1335	712	542	963	806
FBGN0030884	1055	793	830	1109	1090	1058
FBGN0029756	1396	1217	917	1018	1141	1503
FBGN0052598	23	32	50	11	17	21
FBGN0052676	9829	9629	7410	10645	11834	12513
FBGN0030078	6	10	15	13	16	32
FBGN0031126	2398	2292	1818	2857	3010	3801
FBGN0040337	1674	1475	1109	1193	1111	1166
FBGN0026174	43	8	10	32	4	10
FBGN0030338	36	25	24	7	6	24
FBGN0261444	14133	13363	10181	17459	17890	18446
FBGN0266000	17548	17564	13290	15543	16290	16867
FBGN0052713	60	5	14	22	1	1
FBGN0030244	28	23	29	21	3	13
FBGN0030963	840	687	590	548	694	740
FBGN0053548	71	81	71	44	23	29
FBGN0052655	28	30	20	12	24	29
FBGN0259228	5201	5576	4444	6796	6987	7255
FBGN0288700	163	156	102	102	50	55
FBGN0000810	3736	3464	2903	3426	3108	3254
FBGN0030616	61596	61197	47953	42049	46066	53799
FBGN0020381	2974	3049	2220	2894	2608	3151
FBGN0003950	439	275	286	183	315	220
FBGN0028581	751	782	559	798	882	744
FBGN0030964	383	391	217	287	295	279
FBGN0004456	11509	12076	9575	15242	17260	17955
FBGN0286222	15524	15179	12485	11641	13242	15040
FBGN0030829	9	4	8	20	4	2
FBGN0029727	44	89	21	21	0	8
FBGN0288737	26	0	35	6	0	0
FBGN0040235	3162	3118	2310	2028	2559	2567
FBGN0028331	11600	10299	8459	9855	10624	10288
FBGN0030037	1922	1781	1628	1620	1590	2225
FBGN0011710	11844	12443	9351	10114	11030	12409
FBGN0028685	10666	11490	8628	8838	10289	10399
FBGN0053180	7619	7484	5698	6273	7199	6752
FBGN0040234	2235	2666	1724	2495	2772	3412
FBGN0029522	929	790	793	754	1037	1017
FBGN0031070	4284	4095	3340	4179	4394	4872
FBGN0052817	698	755	471	481	788	710
FBGN0030752	2571	2645	1877	2154	2274	2345
FBGN0260771	3260	3623	2646	2803	3420	3912
FBGN0030850	2609	2129	1818	2243	2364	2332
FBGN0030729	44	71	48	48	7	12
FBGN0030951	31	15	1	5	8	6
FBGN0030512	2991	2579	2424	2727	2695	3527
FBGN0001404	1339	1562	1311	1494	1825	1730
FBGN0031037	5154	5779	4246	3560	4637	4400
FBGN0023515	4661	5008	3826	5843	6178	6436
FBGN0026192	4747	4691	3726	3324	3675	3567
FBGN0030943	4637	4918	3369	3161	3062	3440
FBGN0259143	2891	2933	2375	2967	3227	2821
FBGN0259834	521	718	656	619	910	768
FBGN0003411	6	6	6	3	10	0
FBGN0029693	3690	2947	2558	3117	3347	3317
FBGN0030631	7808	7262	6301	7586	7794	8385
FBGN0030320	10490	11317	8714	8701	10286	9842
FBGN0052639	105	155	54	379	304	249
FBGN0259189	45	32	62	50	40	2
FBGN0261710	103419	100370	81775	119332	125747	132989
FBGN0025645	28	26	10	37	2	0
FBGN0263220	156	81	84	90	120	68
FBGN0040367	64	59	62	21	65	79
FBGN0010294	39	44	10	25	3	20
FBGN0029525	6749	7462	5268	5041	5578	5805
FBGN0026375	16749	16126	12852	18228	20271	19914
FBGN0031118	17590	16105	13509	20777	21284	23382
FBGN0061196	107	42	42	15	22	21
FBGN0052544	3	38	18	0	10	4
FBGN0041252	24	40	27	7	2	0
FBGN0288736	6	0	12	4	4	0
FBGN0031010	43	40	27	26	27	12
FBGN0023177	5414	6307	4736	4504	5288	5448
FBGN0053242	0	0	0	0	0	0
FBGN0030403	2626	2846	2532	2487	3063	3162
FBGN0030740	3441	3936	2713	2633	2674	3068
FBGN0030237	29	39	25	32	12	96
FBGN0040339	2072	2289	1511	1394	1635	1700
FBGN0030716	4016	4122	3160	2443	2503	2678
FBGN0039965	1901	2275	1632	1655	1789	1743
FBGN0001145	1934	1701	1257	633	635	970
FBGN0260971	160	70	68	101	58	48
FBGN0026086	4356	4723	3844	5216	5681	4850
FBGN0023509	10702	9948	8699	11115	12003	13303
FBGN0030662	2531	2641	2089	3798	3782	4043
FBGN0027107	17	20	32	26	0	5
FBGN0052816	108	96	96	103	134	167
FBGN0029529	553	644	457	522	666	616
FBGN0029868	4744	4724	3535	2714	3514	3855
FBGN0031055	159	189	160	52	57	34
FBGN0027259	3251	2899	2568	1787	2071	2069
FBGN0262536	24	1	2	0	1	12
FBGN0030543	40	12	33	41	19	18
FBGN0029713	1486	1469	1324	1666	1846	1948
FBGN0029705	41	62	33	22	33	9
FBGN0000092	53	34	16	41	60	53
FBGN0053223	28	1	20	17	2	1
FBGN0030642	55	23	21	19	46	34
FBGN0259722	489	617	469	295	415	200
FBGN0004646	26476	24883	20804	21935	24764	25947
FBGN0260938	20940	20163	16607	23577	24754	25306
FBGN0029580	122	40	24	26	32	12
FBGN0052601	10	21	43	2	12	17
FBGN0029751	80	41	15	118	62	39
FBGN0030474	1793	2066	1621	2092	1946	1964
FBGN0003965	80	25	29	4	22	11
FBGN0031041	1166	1515	1172	829	983	1065
FBGN0083228	56	33	34	12	34	4
FBGN0030830	35	0	14	40	6	12
FBGN0085367	6	15	13	7	3	3
FBGN0284435	4464	4639	3511	3344	4486	3762
FBGN0029643	21	11	19	18	5	9
FBGN0031082	6	17	20	2	6	0
FBGN0030323	632	781	561	692	894	809
FBGN0031030	24989	23422	19778	29184	30637	32594
FBGN0030410	554	656	498	351	599	431
FBGN0004959	264	433	236	323	114	134
FBGN0021764	26960	27447	21309	34051	36922	36374
FBGN0031049	5231	5558	4679	2836	3632	3459
FBGN0263994	178	185	175	181	97	46
FBGN0030595	23	54	37	2	10	6
FBGN0000316	4417	4666	3778	2419	3233	3229
FBGN0021742	58	40	28	32	27	13
FBGN0010303	8875	8667	7058	9298	9512	9995
FBGN0030321	19525	20520	16266	13039	15731	14528
FBGN0040892	3	24	2	6	2	1
FBGN0025631	633	415	466	499	606	617
FBGN0029940	51	8	35	13	4	1
FBGN0284233	11	0	4	17	0	6
FBGN0085479	210	117	136	282	298	257
FBGN0260868	0	0	1	0	2	12
FBGN0030998	55	51	19	24	29	33
FBGN0052649	1661	1886	1264	1133	1333	1574
FBGN0031181	39	72	30	26	40	16
FBGN0030108	37	18	43	10	15	21
FBGN0028360	2666	2426	2132	2266	2550	2565
FBGN0030437	18	8	49	42	18	12
FBGN0029866	1123	1015	837	738	674	983
FBGN0030905	15	18	10	7	15	18
FBGN0031168	14	34	63	75	86	105
FBGN0065032	88	124	194	27	26	7
FBGN0030222	77	71	21	42	40	31
FBGN0040363	59	35	14	31	14	5
FBGN0030661	43	44	43	11	24	35
FBGN0029666	3750	4003	3151	3688	4170	4308
FBGN0267050	2	0	0	0	2	4
FBGN0030384	16	12	2	15	20	9
FBGN0031129	12	24	10	29	11	2
FBGN0030343	2108	2297	1769	1962	2192	2632
FBGN0028583	3	51	5	22	0	24
FBGN0030409	22	0	8	23	4	10
FBGN0030521	6903	7805	6408	5033	5615	5574
FBGN0003116	302	370	224	71	125	184
FBGN0288735	6	0	0	4	0	0
FBGN0283657	33390	32020	25708	40419	43610	41869
FBGN0053236	0	0	0	0	1	0
FBGN0025633	13319	13230	9975	15663	17815	18081
FBGN0261085	68	44	37	68	12	11
FBGN0262874	3	0	21	6	5	6
FBGN0030374	6	0	8	0	0	0
FBGN0085352	20	28	7	0	1	0
FBGN0003514	11836	12775	9736	7023	8335	8134
FBGN0030647	41	31	66	14	28	8
FBGN0030675	485	481	412	305	457	367
FBGN0052651	67	44	64	4	8	14
FBGN0030334	366	570	457	94	43	31
FBGN0264738	55	2	15	14	22	5
FBGN0261573	11831	12053	8706	15058	15756	17437
FBGN0260238	44	11	28	11	14	10
FBGN0000644	131	65	68	117	110	37
FBGN0031101	13	21	6	64	15	4
FBGN0030981	1	7	9	5	6	17
FBGN0040370	41	49	28	53	23	10
FBGN0040342	15	18	36	4	27	16
FBGN0030156	39	78	26	9	16	42
FBGN0030975	50	66	33	25	11	0
FBGN0287595	20	0	0	1	9	0
FBGN0027296	478	466	351	558	444	641
FBGN0030039	630	726	449	499	577	616
FBGN0029765	31	9	12	3	0	13
FBGN0262487	21	32	23	26	11	17
FBGN0024996	2762	2780	2106	2001	2003	2149
FBGN0015245	23293	25561	20807	22807	26802	29833
FBGN0086674	4328	4713	3638	4955	5781	5031
FBGN0288744	2	0	3	2	2	0
FBGN0030745	453	455	396	255	255	431
FBGN0053639	15	116	39	13	11	1
FBGN0003028	21358	19336	14773	28703	28884	31432
FBGN0030177	6133	6906	5460	4546	5223	5045
FBGN0031103	1	3	17	1	2	0
FBGN0029834	104	286	129	130	93	128
FBGN0030899	10	14	14	8	6	0
FBGN0052533	3443	3093	2510	2330	2627	3167
FBGN0030483	2	0	14	12	7	9
FBGN0014024	5895	6351	4997	6735	8162	8078
FBGN0029785	70093	69657	57416	57407	67310	66159
FBGN0025630	1985	1835	1487	1658	2013	2208
FBGN0259171	2424	2067	1885	2585	2588	2665
FBGN0264270	24739	23353	18383	22116	23620	24479
FBGN0265597	202	122	176	84	101	37
FBGN0030055	1642	1605	1385	1503	1647	1563
FBGN0030067	5750	5635	4981	4562	5229	5136
FBGN0030664	4	11	2	0	16	3
FBGN0029658	33	8	5	29	5	11
FBGN0004654	4590	4670	3361	4886	5178	5830
FBGN0031115	3767	4226	3421	2430	2768	2374
FBGN0040918	2808	2879	2329	2529	2802	2884
FBGN0267047	24	15	30	3	2	2
FBGN0029997	1647	1430	1397	1932	1922	2565
FBGN0030370	32	3	24	17	23	1
FBGN0030881	30	20	51	2	13	1
FBGN0030828	42	18	43	7	33	10
FBGN0085353	58	93	15	87	9	55
FBGN0029690	199	196	141	26	16	115
FBGN0029816	8	12	1	0	0	11
FBGN0023512	4817	5174	4129	3351	3947	4260
FBGN0030562	45	18	8	3	7	14
FBGN0027358	581	751	589	577	567	538
FBGN0026874	33	8	18	60	41	53
FBGN0029820	2846	2684	2274	1958	2105	1926
FBGN0030274	3586	3298	2552	3528	3753	4403
FBGN0023541	104	70	82	51	55	93
FBGN0029977	86	69	42	11	28	12
FBGN0001105	11164	10524	8913	8729	10049	10303
FBGN0031183	1782	1501	1312	1136	1339	1386
FBGN0030091	4486	5204	4106	5661	6099	6549
FBGN0014411	6991	7132	5385	5367	6247	6421
FBGN0000709	5349	5842	4054	5079	5475	6287
FBGN0040340	15067	15927	12239	9634	10534	11080
FBGN0262608	0	0	13	0	0	13
FBGN0260450	4957	5540	4219	4672	4799	5581
FBGN0052579	2051	1807	1518	868	1064	1025
FBGN0030733	3394	4100	3217	2298	2438	2094
FBGN0262740	3406	3115	2398	4600	4941	4706
FBGN0053497	2726	3223	2587	2676	2455	3447
FBGN0004924	22046	22854	17674	21944	24970	24127
FBGN0030100	802	674	644	707	611	577
FBGN0004643	4237	5145	3429	4314	5212	5029
FBGN0267001	35083	34656	27605	46878	51198	52741
FBGN0261803	570	484	329	170	424	352
FBGN0031012	165	126	152	11	30	12
FBGN0259166	2025	2057	1716	2600	2350	2835
FBGN0001079	2491	2721	2253	2686	2356	3010
FBGN0029686	5598	5624	4231	4091	3918	3674
FBGN0030573	94	137	91	120	190	105
FBGN0003053	1488	1499	1143	703	1109	1339
FBGN0266572	7909	7968	6343	8009	9190	10075
FBGN0014340	5274	5598	4180	4241	4955	4784
FBGN0001341	9927	10095	7800	9415	10690	10252
FBGN0263072	354	299	143	170	108	119
FBGN0030578	16	6	18	15	0	20
FBGN0004860	23934	21813	17685	33439	32756	37532
FBGN0010329	36	104	47	39	47	42
FBGN0030052	1204	1040	833	1631	1912	2064
FBGN0030788	2750	2409	2184	1977	1802	2290
FBGN0053245	0	0	1	2	1	0
FBGN0030003	3312	2955	2525	2289	2624	2724
FBGN0003964	4338	5004	3836	4882	4551	5446
FBGN0030928	9	17	48	1	10	0
FBGN0267045	36	3	9	4	5	3
FBGN0024361	36	20	51	24	21	9
FBGN0025629	2392	2388	1965	1701	1791	1973
FBGN0031108	18	10	5	9	7	8
FBGN0011770	1787	2150	1809	1917	1948	2045
FBGN0029771	347	520	423	422	282	653
FBGN0030412	3884	4407	3240	4786	5178	4834
FBGN0052554	316	322	338	214	277	230
FBGN0262609	0	0	5	0	0	0
FBGN0261570	10873	10586	9251	13442	14141	14109
FBGN0027528	10802	10960	8480	11557	11684	11672
FBGN0020909	3296	3065	2333	2008	2418	2275
FBGN0030344	9510	9569	7820	7424	8355	8306
FBGN0031062	4360	4423	3199	3201	4024	4166
FBGN0030809	20639	19912	17135	22099	22904	23830
FBGN0263111	559	393	406	348	235	174
FBGN0004367	4794	5454	3872	5185	5749	5612
FBGN0030056	2690	2868	2129	2476	2763	2569
FBGN0030955	13214	14729	11982	9148	10449	11392
FBGN0029133	11440	10355	9012	7203	7337	8084
FBGN0030514	4469	4614	3618	3804	3929	4389
FBGN0003159	1213	1377	973	1113	1098	953
FBGN0030038	5269	5304	4299	4733	4951	5219
FBGN0003638	17243	17547	13488	20478	21404	23022
FBGN0003390	7793	8853	6223	10223	11115	11309
FBGN0031195	1296	1442	892	1141	1444	1480
FBGN0030013	514	540	378	434	562	510
FBGN0086448	1462	1270	1243	1003	1236	1066
FBGN0040923	21	0	16	0	20	17
FBGN0031077	4477	4574	3385	4698	4797	5601
FBGN0003086	183	156	181	44	36	19
FBGN0029944	5131	4754	3848	4646	4936	4838
FBGN0030757	2272	2343	1614	3315	3810	3830
FBGN0029596	62	80	19	57	57	59
FBGN0011277	19	54	1	26	14	2
FBGN0031023	13066	12942	10339	18893	18882	20454
FBGN0030706	167	169	167	102	68	80
FBGN0262980	0	14	0	0	0	2
FBGN0020272	1938	2173	1408	1644	1881	1884
FBGN0030695	2197	2212	1661	1744	1844	1919
FBGN0030468	6051	5605	4625	3870	4125	4353
FBGN0030524	52	62	39	12	6	4
FBGN0030421	46	38	60	161	79	139
FBGN0040649	12	0	4	1	0	6
FBGN0029518	121	41	44	27	33	0
FBGN0026575	40277	38621	32097	53659	57024	57200
FBGN0031051	6343	6511	5080	7060	7560	8548
FBGN0259190	51	58	28	16	18	15
FBGN0266435	34	76	62	42	26	15
FBGN0003559	6713	7132	5397	5983	6115	6418
FBGN0283741	2286	2401	1755	1851	2002	2140
FBGN0030164	38	14	22	30	11	16
FBGN0052820	167	211	133	171	52	68
FBGN0053667	30	93	56	48	49	72
FBGN0052507	37	0	13	3	5	3
FBGN0004957	1769	1585	1362	1047	1182	1285
FBGN0030994	76	71	54	33	14	2
FBGN0029890	676	641	626	497	625	909
FBGN0266647	5	0	30	3	0	4
FBGN0288730	17	6	0	0	3	0
FBGN0026060	1683	2195	1309	1426	1861	1737
FBGN0031047	8586	9065	7201	7784	8344	9306
FBGN0263748	54	19	23	21	20	26
FBGN0052811	20	3	28	35	16	30
FBGN0262607	16	10	12	18	8	17
FBGN0031176	4	0	1	7	0	0
FBGN0285954	10457	12349	8917	7988	9995	8106
FBGN0262486	9	1	7	13	10	0
FBGN0030949	18	24	9	30	8	15
FBGN0041210	4874	4363	3611	5159	5401	5873
FBGN0024983	3636	3725	3011	2490	2813	3235
FBGN0003392	11421	11889	9065	12372	13112	13727
FBGN0030696	431	498	375	791	920	835
FBGN0030970	1017	1347	1067	1072	1180	1567
FBGN0027087	5105	5396	4322	4335	5012	4814
FBGN0250904	12	25	0	64	48	30
FBGN0022942	11930	10735	9339	11092	11638	12603
FBGN0030028	47	60	52	24	23	15
FBGN0052792	54	15	61	36	48	16
FBGN0025644	81	15	35	80	25	13
FBGN0030599	19	35	11	8	13	3
FBGN0030892	2567	2800	2128	2396	2576	3085
FBGN0029950	67	56	75	52	64	72
FBGN0030739	2192	2080	1490	1825	1806	1913
FBGN0052536	1215	1646	1050	1359	1755	2079
FBGN0029645	35	106	13	45	8	19
FBGN0030999	144	93	34	50	12	80
FBGN0085356	31	30	11	12	41	14
FBGN0267163	67	116	67	57	105	144
FBGN0029888	2452	2423	1950	1976	2164	2440
FBGN0085387	107	153	96	82	14	32
FBGN0288745	0	0	0	0	4	0
FBGN0029755	6349	7218	5326	4681	5159	5641
FBGN0029853	721	953	504	346	380	474
FBGN0053664	18	35	33	9	32	14
FBGN0029894	1982	1888	1491	2112	2162	2702
FBGN0031032	100	186	65	68	102	94
FBGN0030065	2805	2637	2151	2953	3927	3753
FBGN0030407	529	374	313	471	454	389
FBGN0014464	82	48	29	2	14	28
FBGN0053557	4	44	12	1	2	0
FBGN0030668	389	316	218	331	192	261
FBGN0000520	2014	2047	1631	2061	2203	2423
FBGN0031134	18	28	7	23	13	8
FBGN0029539	20	0	13	13	5	15
FBGN0030641	3483	3615	2689	2914	3138	3059
FBGN0029857	2658	3008	2010	2348	2277	2969
FBGN0023521	1737	1721	1479	924	1109	1187
FBGN0029892	611	524	464	351	455	451
FBGN0284442	7994	8240	6727	9089	9712	11675
FBGN0040319	1940	1982	1407	1127	1457	1526
FBGN0030097	51	117	94	48	52	32
FBGN0000617	3160	3509	2689	2532	2457	2708
FBGN0260873	9	0	10	7	6	0
FBGN0085437	6367	5638	5136	5984	6257	6549
FBGN0064116	6656	6442	5575	5453	6598	7052
FBGN0030628	967	932	911	616	769	776
FBGN0030780	61	60	35	31	18	16
FBGN0030961	119	161	148	75	124	85
FBGN0030894	3170	3809	2308	2872	3343	3173
FBGN0000536	2588	2861	2143	3235	3466	3780
FBGN0030508	74	37	65	50	27	11
FBGN0030027	1481	1437	1047	1733	2111	2181
FBGN0030394	56	23	67	43	54	33
FBGN0259734	1079	1253	834	1861	1773	1697
FBGN0029955	66	41	48	29	10	29
FBGN0262686	11	0	3	0	0	1
FBGN0011280	18	10	19	17	4	4
FBGN0028342	14872	14770	12422	7889	9239	9171
FBGN0040368	48	69	21	15	8	31
FBGN0040347	1320	1599	1192	1278	1311	1593
FBGN0027287	2277	2431	1971	3214	3292	3951
FBGN0015288	96540	106373	77298	119537	128701	150453
FBGN0030624	9	7	3	10	5	1
FBGN0030016	75	8	33	40	7	13
FBGN0029963	36	1	5	17	10	13
FBGN0022768	7991	8259	6541	10546	10604	10748
FBGN0052529	14859	14691	11395	19010	19921	19842
FBGN0031099	1142	1359	748	860	1009	1315
FBGN0030163	17	40	17	16	18	4
FBGN0030834	2234	2180	1966	2212	2058	2802
FBGN0030693	13569	14640	10930	8375	10021	10890
FBGN0029724	28	28	13	39	8	14
FBGN0029703	45	32	7	32	12	21
FBGN0030396	823	630	699	671	823	703
FBGN0264542	225	311	97	248	234	228
FBGN0285944	403	343	246	231	177	139
FBGN0030878	6014	6177	5582	3471	3675	4345
FBGN0000084	1047	1200	790	691	958	1167
FBGN0040389	1190	1516	1113	654	953	884
FBGN0052573	62	107	47	48	63	7
FBGN0000377	5295	6050	4958	4367	4958	5148
FBGN0030010	532	514	438	689	539	581
FBGN0029873	5586	5438	4434	2850	3048	3141
FBGN0031114	5633	5502	4736	3857	4916	4999
FBGN0030634	37	9	21	6	16	6
FBGN0030484	868	910	618	1140	901	1337
FBGN0260658	149	138	142	52	51	17
FBGN0052686	93	43	59	27	37	44
FBGN0003079	3073	3554	2697	3563	3676	3827
FBGN0023216	3300	3449	2717	2950	3268	3745
FBGN0030613	226	205	199	235	78	56
FBGN0286508	1926	2095	1610	1683	1918	1911
FBGN0266848	4924	4600	3975	4351	5288	5395
FBGN0011576	73	138	82	66	135	61
FBGN0013432	1436	1601	1151	864	958	842
FBGN0052495	7535	7668	6900	6524	6680	7542
FBGN0011826	8153	8330	6451	8872	9447	10808
FBGN0030259	12	17	6	12	11	2
FBGN0025838	19	1	4	0	6	2
FBGN0266050	89	98	68	84	87	56
FBGN0052499	15428	18276	12264	16889	15316	18488
FBGN0021738	45	8	25	11	14	13
FBGN0030625	2151	2397	1657	2027	1919	2147
FBGN0040396	2223	2595	1737	1840	1995	1916
FBGN0010194	8645	9425	6669	10206	11359	11530
FBGN0024998	4074	4091	3344	2951	3209	3380
FBGN0031043	2427	2314	1867	1478	1776	1782
FBGN0029642	4	32	21	7	20	0
FBGN0052591	18	43	23	30	9	5
FBGN0031020	15001	15583	12195	12674	14932	16333
FBGN0029887	4654	5253	3703	5264	5084	5344
FBGN0030674	52630	51914	43692	75056	77070	79693
FBGN0030847	1445	1519	1246	1793	1984	1822
FBGN0053517	93	101	44	60	15	7
FBGN0029952	14	6	14	10	2	0
FBGN0030049	14953	12511	11385	15484	16558	17224
FBGN0052681	56	138	65	48	61	58
FBGN0030063	2596	2872	1863	2047	2674	2736
FBGN0003277	47032	47478	38353	41606	46917	45910
FBGN0030018	7465	7779	5660	7000	7554	7471
FBGN0030191	15	33	18	10	1	16
FBGN0040028	196	199	147	164	59	73
FBGN0029903	18839	19156	14613	18903	21534	21997
FBGN0022710	1515	1368	1158	1786	1968	2108
FBGN0014032	1651	1517	1389	1367	1373	1541
FBGN0259789	49884	45770	35596	60387	59196	61505
FBGN0030938	30	10	19	14	17	21
FBGN0030663	9	0	3	4	8	14
FBGN0030724	2538	2699	2041	2019	2253	1812
FBGN0025383	16	42	21	8	21	13
FBGN0259700	3675	2906	2732	4022	4252	4062
FBGN0030574	133	120	108	83	34	29
FBGN0017418	3397	3330	2840	3589	3728	3360
FBGN0023508	2710	2825	2528	3132	3683	3729
FBGN0052654	20572	21013	16906	23208	27035	26927
FBGN0262900	80	117	31	105	70	36
FBGN0030761	1634	1670	1300	1107	1270	1421
FBGN0052793	119	44	37	21	46	34
FBGN0053665	35	38	39	43	15	74
FBGN0040784	59	0	2	0	0	4
FBGN0040350	71	90	79	43	24	49
FBGN0267046	31	9	0	5	0	1
FBGN0004598	15612	15974	12800	16310	19199	18288
FBGN0001330	4696	4324	3048	3555	4428	3571
FBGN0052803	1304	1543	1259	843	1125	1162
FBGN0030598	1175	1111	1042	699	929	851
FBGN0026411	171	238	244	29	76	127
FBGN0030151	9456	10088	7282	10565	12077	12971
FBGN0000163	8470	7856	6852	9600	10369	11245
FBGN0028325	6942	5968	5377	5134	6178	5879
FBGN0286809	5372	5408	4437	5913	6119	6474
FBGN0030823	36	0	29	27	10	0
FBGN0283433	1449	1579	1272	1332	1092	1322
FBGN0261834	6	27	5	20	0	9
FBGN0030449	108	40	67	165	239	105
FBGN0030268	17035	16681	14054	17670	18683	20739
FBGN0030509	25	7	12	4	6	18
FBGN0285879	2209	2543	1890	1281	1629	2167
FBGN0030985	50	43	31	14	37	29
FBGN0030791	3922	3352	2973	2866	3495	3653
FBGN0029740	14	40	36	36	9	0
FBGN0030291	919	920	777	554	765	660
FBGN0030510	358	197	238	165	152	208
FBGN0029719	44	99	34	79	71	61
FBGN0040031	35	8	33	53	38	19
FBGN0040348	46	68	25	26	21	49
FBGN0029689	644	660	433	423	627	624
FBGN0027864	662	689	503	297	473	424
FBGN0016038	2589	2342	1833	1803	2115	2028
FBGN0030048	516	735	399	331	303	429
FBGN0030366	16216	15650	12292	16434	19241	19438
FBGN0029789	1659	1404	1142	1321	1365	1358
FBGN0030278	3	4	2	4	0	0
FBGN0027291	8184	8931	6609	8368	8205	9424
FBGN0040346	2137	2440	1752	1679	1732	1737
FBGN0259699	5210	5377	4203	6554	6242	6214
FBGN0030318	9041	8376	7186	6320	6688	7596
FBGN0052640	8541	8205	5977	4584	5715	5239
FBGN0044872	43	38	23	59	9	9
FBGN0029863	2595	2937	2099	1369	1929	1186
FBGN0031065	40	40	36	13	16	13
FBGN0029594	1425	1625	1283	956	1498	1191
FBGN0030556	7250	7791	6071	5420	6312	6232
FBGN0030499	1546	1966	1438	1654	1922	2284
FBGN0027588	41081	41537	31626	39317	42228	46195
FBGN0029648	938	867	824	592	654	800
FBGN0040069	111	18	31	45	12	7
FBGN0029939	1767	1986	1500	1522	2038	1977
FBGN0040345	21	24	47	20	20	0
FBGN0264562	32297	30013	24227	14218	23741	9098
FBGN0261955	6406	7056	5358	5059	5893	6425
FBGN0062565	75	69	32	56	35	34
FBGN0030913	52	8	19	15	14	9
FBGN0028369	726	730	579	898	796	911
FBGN0014395	36	71	59	33	18	25
FBGN0030648	11840	12258	9459	10428	12034	11448
FBGN0029813	11	39	36	20	16	30
FBGN0053244	0	0	1	2	1	0
FBGN0030519	4832	5309	3551	3763	4041	4634
FBGN0030528	502	315	397	344	340	583
FBGN0000499	6001	5525	4722	5329	5965	6778
FBGN0031187	6865	6578	5050	6689	7610	6603
FBGN0000330	3656	3751	3099	2498	2990	3053
FBGN0040377	75	66	49	14	3	13
FBGN0040650	123	129	147	89	81	125
FBGN0010380	14026	13533	10857	10935	13585	13871
FBGN0011834	40	4	15	4	11	0
FBGN0261930	106	106	63	67	67	36
FBGN0030162	4	26	14	12	12	0
FBGN0014031	59	80	68	45	31	45
FBGN0030612	359	418	338	425	406	477
FBGN0024997	70	36	42	37	19	19
FBGN0030863	3325	3180	2246	2052	2191	2196
FBGN0266490	1032	1472	1172	696	782	695
FBGN0262699	1689	1860	1428	1922	1923	2328
FBGN0030358	84	60	107	49	31	31
FBGN0030525	22	18	38	35	10	23
FBGN0052641	9342	8891	6575	4892	6040	5429
FBGN0052712	31	8	38	17	22	26
FBGN0045502	11	24	43	18	4	3
FBGN0259101	131	136	51	113	76	123
FBGN0030196	704	740	533	671	806	671
FBGN0003463	5651	5694	4370	5619	5968	6159
FBGN0003416	3615	3662	2942	2880	3501	3244
FBGN0030605	1947	2133	1898	1567	1565	1789
FBGN0004045	46	21	32	44	16	4
FBGN0261244	1328	1498	1121	1968	1949	2163
FBGN0052808	228	189	162	339	230	413
FBGN0030587	93	66	39	13	40	14
FBGN0029656	48	15	42	63	2	29
FBGN0267049	4	0	0	0	2	7
FBGN0031104	42	8	5	2	8	4
FBGN0010019	343	376	202	44	43	23
FBGN0014903	391	594	349	384	622	461
FBGN0030654	194	274	234	234	180	365
FBGN0264502	240	424	154	101	156	173
FBGN0029659	21	25	29	47	24	25
FBGN0002709	3425	3149	2565	3859	4441	4477
FBGN0030247	20	0	10	24	5	8
FBGN0002577	380	454	334	155	233	206
FBGN0003285	4579	4804	3689	5465	6224	6822
FBGN0001612	6781	6473	5176	5164	6527	6169
FBGN0040357	50	34	5	6	0	7
FBGN0030328	29806	30435	24481	27036	28336	28388
FBGN0023524	90	66	29	69	65	34
FBGN0004511	355	295	227	159	212	196
FBGN0030004	888	887	693	802	1140	1257
FBGN0085451	24136	23603	18319	27466	28645	30542
FBGN0052755	27	26	10	16	25	57
FBGN0026374	4465	4804	3422	4811	4852	4799
FBGN0031189	1027	950	786	963	1326	1382
FBGN0003204	9424	9144	7582	10097	11115	11934
FBGN0030500	2480	2216	2128	2649	2675	2858
FBGN0044047	103	120	48	28	62	53
FBGN0029833	3553	3900	2609	3648	3464	3228
FBGN0030871	3068	2896	2236	2285	2583	2706
FBGN0031127	38	38	27	38	57	41
FBGN0030349	5782	4828	4398	5451	5764	6432
FBGN0030141	4943	4657	3763	4275	4359	5181
FBGN0013720	7105	7635	5172	4917	5300	5860
FBGN0052704	62	63	42	36	26	2
FBGN0027106	97	93	93	109	70	94
FBGN0000233	494	367	347	52	126	443
FBGN0030012	1082	1145	981	1045	1116	1089
FBGN0053246	2	0	2	2	0	0
FBGN0052791	320	477	408	306	332	285
FBGN0024360	1550	1433	1154	1215	1195	1329
FBGN0029860	683	902	645	436	461	518
FBGN0043001	3224	3192	3120	3082	2962	3891
FBGN0026149	3157	3400	2806	3403	3852	4324
FBGN0031033	33	66	51	44	36	10
FBGN0030398	15	19	14	19	14	11
FBGN0024973	4774	5560	4007	4151	4761	5454
FBGN0052669	420	297	371	448	553	703
FBGN0030359	160	130	93	263	215	230
FBGN0025382	792	770	600	881	711	1072
FBGN0030457	2829	2848	2262	1988	2532	2394
FBGN0030836	295	334	216	72	23	29
FBGN0030753	5022	4556	3517	4189	4485	4926
FBGN0061200	36733	33990	28660	41334	43949	44603
FBGN0000117	64499	61808	52061	62784	70226	72337
FBGN0030477	23	32	26	40	23	14
FBGN0030200	21	22	2	5	6	2
FBGN0029649	24	6	11	16	2	5
FBGN0029702	51	52	48	32	17	10
FBGN0029733	20	15	23	15	38	2
FBGN0031169	90	48	91	45	51	40
FBGN0031097	6285	6414	5236	5135	4987	6049
FBGN0003300	71	57	23	15	14	26
FBGN0030257	50	28	52	13	0	30
FBGN0028550	850	704	667	1841	1277	1611
FBGN0040375	511	594	459	618	522	844
FBGN0030300	147	110	141	147	153	166
FBGN0030996	4016	3445	2993	3311	3815	3756
FBGN0040089	505	668	378	244	150	167
FBGN0023511	4297	4700	3076	4103	5146	4747
FBGN0030610	1315	1214	994	860	750	877
FBGN0261703	239	189	187	90	74	98
FBGN0287725	19227	20777	15223	24510	26639	26165
FBGN0030719	24118	24534	19517	19389	19931	19123
FBGN0040385	32	16	28	29	12	18
FBGN0087008	27128	26359	20702	31992	33667	36607
FBGN0028421	4978	4715	3920	4018	4437	4237
FBGN0030342	3487	3995	3234	2111	2604	3056
FBGN0031059	1077	881	740	1018	1034	1281
FBGN0003380	250	202	165	150	106	58
FBGN0267977	1103	1212	1070	1469	1398	1305
FBGN0259926	16	28	14	78	4	14
FBGN0029809	59	101	43	71	90	58
FBGN0030347	67	95	20	11	24	13
FBGN0029608	64	43	46	12	26	34
FBGN0052568	39	12	12	6	14	17
FBGN0030286	4618	4550	3539	4712	5192	5636
FBGN0031146	20	23	15	24	35	19
FBGN0029729	25	10	9	11	5	6
FBGN0030429	98	124	54	199	157	117
FBGN0030158	67	62	80	0	4	0
FBGN0030925	1025	928	585	853	1265	1154
FBGN0052679	27	2	33	6	20	11
FBGN0015336	91	57	23	58	38	35
FBGN0044817	12	1	2	4	9	0
FBGN0030991	5246	5290	3846	3521	3913	3948
FBGN0029830	2741	2428	2154	1538	2106	2002
FBGN0030640	3253	3256	2692	3030	3144	3766
FBGN0031201	122	84	29	40	18	19
FBGN0030887	100	141	56	42	27	33
FBGN0024807	13558	13758	10565	14436	15299	14951
FBGN0025463	16182	16151	13376	13066	14527	15624
FBGN0030838	4087	4122	3024	3110	3745	3943
FBGN0086782	33	3	7	28	0	0
FBGN0029697	199	173	164	47	50	75
FBGN0054026	3	0	19	0	1	0
FBGN0031174	5069	5425	4075	5170	5361	5619
FBGN0027621	3246	3142	2220	3974	4407	4769
FBGN0030326	2911	2693	2447	193	763	127
FBGN0000542	40458	38946	29709	58403	59717	60642
FBGN0031058	21	38	13	13	10	0
FBGN0263993	33005	29196	23654	34940	35441	34832
FBGN0261549	2128	1728	1510	2844	3041	2980
FBGN0260747	2586	2635	1904	1752	1829	2313
FBGN0029590	26	20	53	2	17	10
FBGN0052772	4844	3941	3199	4547	5054	5398
FBGN0031074	23	11	6	3	8	1
FBGN0259242	354	293	302	356	349	531
FBGN0283473	2369	1972	1550	2714	2311	2747
FBGN0025632	293	302	223	415	471	378
FBGN0030204	30	65	43	12	38	13
FBGN0029840	6223	6739	5334	7536	7857	8911
FBGN0261675	188	100	67	33	32	21
FBGN0030425	55	87	18	51	27	30
FBGN0030206	2785	2956	1958	2199	2707	2945
FBGN0025679	4	29	8	17	6	15
FBGN0024366	962	1095	845	1693	1541	1763
FBGN0030583	29	14	23	10	11	27
FBGN0023549	506	487	435	137	141	79
FBGN0030266	19273	20360	15499	25333	27296	29174
FBGN0029976	4739	4451	3749	2621	3311	3235
FBGN0029928	1522	1587	1148	1616	1357	1836
FBGN0085464	24	30	25	12	9	0
FBGN0030577	16	0	26	29	0	22
FBGN0027602	8083	8020	6077	6884	8106	8464
FBGN0262485	15	26	34	4	0	8
FBGN0031190	2685	2833	2017	2783	3083	3023
FBGN0002576	146	62	100	66	45	158
FBGN0029795	7	22	37	15	20	23
FBGN0030801	801	987	541	726	747	860
FBGN0030077	3019	3164	2407	4385	5087	5390
FBGN0052574	35	52	52	28	24	12
FBGN0030572	865	946	884	506	828	720
FBGN0030482	1273	1123	873	2023	1982	2362
FBGN0030350	1218	1114	1000	743	985	904
FBGN0039943	3185	2988	2664	3004	2967	3151
FBGN0052600	45	30	45	31	27	6
FBGN0052683	36	65	51	87	23	28
FBGN0267044	2	0	0	3	2	6
FBGN0264386	447	415	226	249	137	114
FBGN0040341	0	0	10	6	8	7
FBGN0029644	55	45	27	20	2	11
FBGN0010341	10113	9760	7877	9976	10373	11366
FBGN0030092	474	767	556	439	449	450
FBGN0030904	55	59	87	45	37	7
FBGN0052703	80	48	65	83	26	37
FBGN0005427	4890	4847	3449	4581	5388	5040
FBGN0263997	60	34	30	33	11	33
FBGN0025390	1063	843	982	698	454	429
FBGN0039941	292	289	227	181	99	126
FBGN0069938	0	0	17	5	7	4
FBGN0030792	3564	4243	3039	2218	3137	3141
FBGN0014455	15935	16316	13355	12104	13109	15657
FBGN0053178	14	30	36	26	27	14
FBGN0052857	3717	3892	2465	2552	2807	2772
FBGN0026144	21719	21202	17117	14798	17145	15264
FBGN0040514	55	19	46	15	43	0
FBGN0030354	7809	8004	5784	8924	9656	11166
FBGN0031107	19032	19152	15935	23991	26223	28529
FBGN0025388	5970	6600	4865	7115	7194	6730
FBGN0287828	345	491	262	235	127	141
FBGN0029826	480	541	415	303	531	410
FBGN0030759	499	490	360	323	277	147
FBGN0028327	23762	26473	20459	18580	21133	20825
FBGN0024989	10495	10636	8241	11079	11766	13597
FBGN0040355	18	7	16	13	4	65
FBGN0053513	162	250	151	169	88	70
FBGN0030459	202	135	92	103	101	45
FBGN0023525	71	75	42	26	39	22
FBGN0027108	60572	61756	50747	50451	53404	56860
FBGN0005411	9489	10728	7669	7994	9022	9394
FBGN0030930	4294	4727	3776	4715	5594	5618
FBGN0029736	3638	3820	2965	3358	3531	4144
FBGN0030622	68	0	14	3	6	12
FBGN0030864	5061	5106	3893	4146	3756	3846
FBGN0031045	36	8	40	18	44	70
FBGN0010416	7976	8291	6182	6264	6366	7034
FBGN0026080	2762	2794	2153	2202	1938	2223
FBGN0284227	347	414	321	392	515	337
FBGN0030090	454	523	497	876	860	651
FBGN0040236	4853	4802	3721	3611	3802	4545
FBGN0266570	8468	8831	6936	6705	7319	7638
FBGN0053181	2190	1623	1276	1211	1311	973
FBGN0031157	35	27	47	18	33	6
FBGN0030997	46	26	43	26	22	29
FBGN0083979	47	40	30	20	16	13
FBGN0030352	861	911	732	547	921	797
FBGN0264449	3888	3109	2497	3046	3781	3339
FBGN0015615	10282	9748	8077	11280	11930	12552
FBGN0027564	723	724	587	545	654	584
FBGN0030833	2007	2068	1789	2291	2653	2476
FBGN0023529	34119	34359	26754	30304	34869	33205
FBGN0030554	930	1053	844	746	963	1308
FBGN0025637	14698	15813	11618	11759	13491	13740
FBGN0000022	2128	2460	1747	1528	1547	1811
FBGN0052823	1083	1312	986	1089	937	1271
FBGN0023526	1782	1750	1335	3036	2873	2926
FBGN0030081	2868	3220	2112	2179	2841	2582
FBGN0003210	7642	7182	5751	7167	8414	7798
FBGN0029708	135	102	115	92	92	82
FBGN0029524	702	958	571	572	668	859
FBGN0029951	83	57	73	20	44	51
FBGN0052706	126	442	169	230	311	384
FBGN0030518	1278	1146	961	909	964	1089
FBGN0023535	48	28	42	30	63	74
FBGN0052762	289	369	292	14	6	4
FBGN0030748	70	52	19	27	7	16
FBGN0031016	13856	14036	11051	17663	19195	20085
FBGN0030215	39	34	16	83	70	126
FBGN0030744	3087	3117	2346	2362	2799	2849
FBGN0052675	1697	1945	1428	1317	1419	1218
FBGN0052603	214	877	116	134	93	99
FBGN0029878	4837	4878	3583	4458	4717	5059
FBGN0030701	7164	7650	5914	7662	8737	9653
FBGN0030672	12724	13722	10930	13098	15002	16392
FBGN0030493	1038	883	837	127	301	189
FBGN0031060	1353	1209	1039	1352	1466	1805
FBGN0004170	4328	3791	2905	2521	2817	2933
FBGN0030969	5355	5059	3789	4202	4207	4476
FBGN0259741	89	110	75	199	109	89
FBGN0052551	5	4	1	0	2	0
FBGN0003714	3125	3589	3200	2529	2514	2772
FBGN0260400	1908	1912	1417	2713	2903	3467
FBGN0003023	71	40	76	61	33	42
FBGN0004648	12172	13064	10180	14341	15343	16127
FBGN0004832	4375	3806	3229	3493	3016	3811
FBGN0025626	6928	6601	5763	7011	6568	7710
FBGN0024251	4585	4470	3958	4614	5201	5139
FBGN0026083	24197	23721	18640	30671	31246	33041
FBGN0030735	4346	5518	3777	4467	5377	4727
FBGN0014391	5470	8006	5383	3387	4431	4108
FBGN0040365	37	10	5	13	9	0
FBGN0030611	1676	2236	1327	898	1128	1203
FBGN0040397	5753	5961	4346	6264	6942	7034
FBGN0288833	3513	3833	2970	2225	2759	2771
FBGN0040906	54	56	42	75	48	72
FBGN0030725	62	51	53	67	16	48
FBGN0027521	6022	6317	4610	6230	7028	6910
FBGN0031188	1267	1084	1004	1004	1191	1439
FBGN0261624	22	8	2	1	3	1
FBGN0023215	13033	12714	10225	10487	12759	10533
FBGN0004861	31136	28183	22433	42397	42911	48794
FBGN0000719	1850	1712	1421	1387	1712	1965
FBGN0040383	223	251	231	241	165	231
FBGN0030670	1605	1542	1214	1132	1161	952
FBGN0266098	21326	20723	17308	30291	31050	31627
FBGN0030676	270	262	162	215	222	194
FBGN0029893	12761	11942	9014	15655	16649	19163
FBGN0031078	18435	19318	15232	18689	19310	21967
FBGN0030773	24	51	8	12	12	4
FBGN0004656	37680	35326	28799	52314	52109	56520
FBGN0031150	1343	1330	1104	1330	1600	1486
FBGN0267048	15	9	0	2	0	10
FBGN0039945	5259	4441	3759	5824	6232	6554
FBGN0029657	36	25	40	28	5	21
FBGN0030921	8	6	20	27	16	0
FBGN0029660	131	149	122	304	252	333
FBGN0054015	462	333	255	261	204	271
FBGN0265610	21	17	5	0	13	0
FBGN0030439	87	53	52	17	10	27
FBGN0285926	6928	6315	4968	9019	8795	9162
FBGN0262685	60	10	43	13	14	56
FBGN0030336	5478	5251	4308	5698	6185	6490
FBGN0030926	66	43	21	47	18	24
FBGN0001491	2048	2249	1777	1798	2400	2069
FBGN0031155	61	17	56	44	34	5
FBGN0030195	254	202	142	429	520	383
FBGN0262866	2130	2208	1674	2195	2639	2645
FBGN0041629	905	1101	792	129	127	124
FBGN0000618	2014	1804	1348	1281	1393	1432
FBGN0261811	14308	14330	11582	14134	14763	15942
FBGN0260482	8	0	18	11	4	9
FBGN0030296	57	65	39	20	10	20
FBGN0024362	6988	6755	5521	5332	6104	6201
FBGN0029812	45	68	41	18	19	32
FBGN0030558	72	127	72	91	64	139
FBGN0052564	33	110	68	51	24	52
FBGN0042146	15	35	2	10	27	7
FBGN0010296	7	0	11	1	0	2
FBGN0030395	83	27	43	83	42	10
FBGN0028343	8503	9238	7213	9035	9799	10384
FBGN0030589	56	41	28	15	18	2
FBGN0030883	416	484	474	433	442	588
FBGN0030121	2789	2784	2098	2594	2564	2843
FBGN0260753	136	122	78	61	26	36
FBGN0030389	27	6	21	9	15	8
FBGN0022355	743	1112	650	695	584	1422
FBGN0030691	112	107	56	68	64	47
FBGN0030017	830	627	512	809	940	970
FBGN0029823	11082	10330	9214	8572	9550	10433
FBGN0031018	47	40	14	43	40	22
FBGN0030749	7608	7474	6036	5047	5630	5934
FBGN0030504	10513	10169	7843	10534	10681	11359
FBGN0052695	17	28	12	9	0	0
FBGN0000611	17011	17273	14497	14288	16589	16351
FBGN0025624	422	529	514	431	330	489
FBGN0026433	2872	3015	2271	2543	2921	2991
FBGN0011586	4620	4347	3720	2710	2973	3074
FBGN0003360	85112	77199	63302	50164	55718	59929
FBGN0025393	52	42	46	23	65	86
FBGN0030807	0	0	9	11	8	2
FBGN0260871	43	0	1	2	2	4
FBGN0265575	443	497	339	148	315	167
FBGN0030088	495	469	321	509	456	423
FBGN0030431	809	928	580	641	740	694
FBGN0030563	12	24	8	8	26	3
FBGN0026088	1291	975	759	839	1265	1204
FBGN0029828	76	24	22	5	21	16
FBGN0052813	269	352	366	213	315	328
FBGN0000359	32	4	15	11	11	0
FBGN0262610	2	7	4	5	22	4
FBGN0025111	408	554	538	585	685	739
FBGN0030329	9298	9459	7421	7053	7683	8100
FBGN0001087	6961	6435	5876	6934	8114	7554
FBGN0260789	8038	8578	6845	9716	10872	10321
FBGN0030931	53	70	36	20	29	68
FBGN0030814	54	42	74	32	40	58
FBGN0003447	11323	11648	9108	8619	10238	11256
FBGN0030657	1129	1351	1004	1035	963	1030
FBGN0278608	29082	25754	21764	31754	35050	35628
FBGN0288733	0	0	2	0	0	0
FBGN0025381	1891	2247	1726	2043	2084	2819
FBGN0052702	2663	2555	2299	2642	2806	3226
FBGN0027084	15648	17324	12213	13875	14717	16328
FBGN0029959	718	830	595	524	815	800
FBGN0030805	3747	3555	2641	2079	2582	2582
FBGN0288738	0	0	11	1	0	0
FBGN0040942	1382	1291	1008	1261	1121	1308
FBGN0030665	388	443	334	224	374	380
FBGN0025835	162	61	76	31	49	54
FBGN0030006	681	756	615	422	676	482
FBGN0260484	28172	30649	23669	26502	30550	31652
FBGN0000152	1552	1737	1292	1502	1740	1682
FBGN0259108	3260	2857	2294	4122	4555	4989
FBGN0040353	20	22	55	24	60	38
FBGN0261277	2291	2536	1844	1860	1942	2104
FBGN0000928	74	75	49	65	65	40
FBGN0030766	2233	2231	1880	2614	2586	3046
FBGN0027359	2780	2573	2080	1824	1884	1935
FBGN0031066	12817	11519	10623	8617	9222	9836
FBGN0031116	60	62	41	84	46	24
FBGN0288747	0	0	4	0	3	0
FBGN0027556	1012	1323	967	992	1350	1213
FBGN0025809	3420	3297	2350	1643	1977	1929
FBGN0030956	7857	8321	6383	7031	7471	7502
FBGN0030859	73	64	36	10	33	36
FBGN0040931	997	1114	955	579	592	708
FBGN0265767	112	207	97	190	177	141
FBGN0002948	3502	3176	2662	2751	3229	3431
FBGN0030443	139	174	87	49	107	41
FBGN0023517	3445	3412	2762	2563	2533	2792
FBGN0003969	7355	8436	6254	6330	8386	7396
FBGN0052594	2978	2715	2131	2778	2888	3302
FBGN0001206	5223	5166	4052	5709	6085	5695
FBGN0028397	58	77	48	79	42	32
FBGN0001186	6782	6459	5245	6976	6570	7298
FBGN0052523	19	0	9	2	9	5
FBGN0029922	127	157	126	97	126	173
FBGN0029851	81	64	29	27	49	26
FBGN0031091	1100	1003	824	1227	1133	1388
FBGN0030813	672	536	482	544	605	567
FBGN0026679	3768	4310	2899	3848	4118	4447
FBGN0000459	615	744	576	478	473	609
FBGN0263830	8	49	16	0	4	31
FBGN0052707	2268	2192	1650	2136	2139	2172
FBGN0030623	12	19	18	16	2	28
FBGN0052588	44	24	7	6	3	2
FBGN0288743	2	0	11	2	0	2
FBGN0025628	5729	5460	4382	4753	4792	5946
FBGN0031081	85	174	176	64	88	57
FBGN0031144	2295	2936	1811	2231	2385	2869
FBGN0030597	73	106	79	45	26	4
FBGN0066114	1266	1153	1019	911	1259	962
FBGN0026749	1731	1516	1150	1259	1265	1019
FBGN0029665	1255	1617	1220	762	825	872
FBGN0265630	7132	6383	5093	5880	5788	6141
FBGN0085440	117	126	85	38	57	32
FBGN0031086	22	24	27	17	15	21
FBGN0031011	2085	1795	1589	2986	2621	2705
FBGN0261793	13571	13144	10209	18568	20349	20226
FBGN0031098	4441	4056	3489	4155	4877	5806
FBGN0030221	44	11	14	10	3	10
FBGN0052521	1877	1974	1435	1818	1973	2550
FBGN0030051	1061	677	787	335	394	321
FBGN0003371	19154	19940	15018	18815	18915	19496
FBGN0000108	168	236	120	69	77	262
FBGN0029937	3862	3967	3101	3782	3571	3836
FBGN0052650	50	43	25	17	4	9
FBGN0264954	199	88	91	73	51	29
FBGN0085357	31	31	50	49	34	26
FBGN0029931	24	21	23	14	0	8
FBGN0027498	1826	1785	1503	1653	1807	1929
FBGN0011822	47	23	16	11	7	1
FBGN0029966	83	54	67	51	6	6
FBGN0031119	2510	2413	1881	2388	2444	2675
FBGN0030629	2299	1887	1687	955	1104	960
FBGN0024980	49	46	49	37	26	11
FBGN0030167	36	89	88	88	45	52
FBGN0000524	12814	11790	9353	12835	13386	14815
FBGN0030638	899	657	448	477	526	578
FBGN0030841	192	198	127	132	130	73
FBGN0052783	4653	4572	3408	3208	3007	2701
FBGN0000927	24	55	13	12	8	21
FBGN0030304	51	26	19	41	6	21
FBGN0000137	128	220	189	149	111	109
FBGN0029737	2130	1792	1544	1381	1513	1720
FBGN0052797	21	11	30	11	2	11
FBGN0030893	1005	771	783	970	737	994
FBGN0030968	388	512	310	353	404	478
FBGN0265535	382	249	291	534	513	391
FBGN0022786	4608	4461	3865	4221	4247	4944
FBGN0261954	28839	30582	23213	39195	44211	44260
FBGN0040351	40	80	40	22	8	21
FBGN0015558	614	405	328	415	446	559
FBGN0030734	6422	6674	5313	5965	6682	6971
FBGN0014026	123342	139772	103715	115224	128782	142030
FBGN0031170	903	918	611	1394	1326	1441
FBGN0044046	31	14	25	11	2	3
FBGN0010292	4520	4443	3469	3208	3918	4189
FBGN0029712	60	35	59	36	53	11
FBGN0030157	128	144	68	37	26	16
FBGN0029770	190	191	128	0	4	5
FBGN0069973	15	35	37	9	4	0
FBGN0030886	45	99	52	24	40	16
FBGN0085362	204	114	140	118	47	50
FBGN0030360	2465	2386	1973	2585	2699	2935
FBGN0003423	7446	7402	6196	6746	8391	8283
FBGN0026313	3562	3860	3117	3574	3676	4065
FBGN0029685	2518	2719	2070	2180	2570	2543
FBGN0029825	3739	4345	3211	2711	3055	3704
FBGN0265416	112	105	98	86	43	25
FBGN0030375	5	4	2	19	6	4
FBGN0030855	5001	4671	3658	3391	4153	3671
FBGN0030607	380	468	397	287	164	253
FBGN0030816	230	296	249	285	263	262
FBGN0029935	664	805	546	757	755	879
FBGN0015794	1499	1188	1260	1201	1249	1509
FBGN0030025	2393	2642	2028	1853	1985	1938
FBGN0027342	3983	4311	3387	3246	3739	4181
FBGN0030364	6714	6069	5048	4495	5044	4661
FBGN0029874	1249	1234	906	1095	1125	1370
FBGN0030479	3899	3754	3039	3515	3526	3061
FBGN0004828	27053	28934	22625	20269	22547	24681
FBGN0053669	9	29	15	6	9	5
FBGN0260855	2906	3100	2613	1938	2281	2465
FBGN0004403	81561	79752	69319	50862	57213	62427
FBGN0284408	27005	29576	22447	31206	34054	35075
FBGN0028474	12797	12407	9578	13250	13160	14911
FBGN0053239	1	0	1	0	0	0
FBGN0262976	204	200	192	69	65	63
FBGN0259168	10668	10793	8297	10458	11842	11997
FBGN0259196	16	38	42	26	8	1
FBGN0030245	3750	3451	3008	3007	3236	3643
FBGN0259231	89	62	30	49	55	48
FBGN0052549	2712	2658	2413	1378	1561	1421
FBGN0026428	4769	5264	4088	5030	5642	5839
FBGN0026079	5838	6713	5193	4864	5616	5775
FBGN0030868	3	2	1	12	5	0
FBGN0264503	239	72	144	130	131	93
FBGN0021767	64	62	57	47	15	53
FBGN0030093	26096	25409	19427	23097	23122	27605
FBGN0030082	6865	7812	5536	4503	5344	5925
FBGN0025621	5083	5314	4322	4174	3853	4761
FBGN0024182	2043	1783	1788	2121	2405	2629
FBGN0000808	92	92	100	117	33	45
FBGN0250862	66	34	52	89	82	95
FBGN0031042	110	128	92	62	61	38
FBGN0030840	24	56	28	56	42	16
FBGN0003656	3788	3653	3207	4120	3821	4426
FBGN0030507	945	1160	734	985	1156	1046
FBGN0031130	0	2	2	1	1	0
FBGN0031132	12	9	10	24	5	10
FBGN0026175	26	1	29	44	13	4
FBGN0030001	69	19	21	33	14	21
FBGN0023536	1131	1078	791	883	863	856
FBGN0265413	1562	1585	1452	1136	1330	1096
FBGN0026872	304	258	203	325	205	300
FBGN0024975	831	829	621	782	928	1019
FBGN0266434	46	40	36	17	24	18
FBGN0030495	68	37	29	33	51	20
FBGN0031069	2410	2775	2123	2731	2653	3004
FBGN0004102	211	136	178	50	87	150
FBGN0030590	71	83	32	36	42	16
FBGN0287454	1121	1372	928	1362	1240	1576
FBGN0025391	72	57	14	23	25	9
FBGN0030029	108	56	55	10	57	24
FBGN0260812	35	30	33	31	23	33
FBGN0002878	4953	5432	4247	6554	6895	6782
FBGN0029688	14329	15532	11363	19586	21593	21482
FBGN0052576	706	756	692	392	490	462
FBGN0250788	48022	48819	38064	69966	71735	78944
FBGN0027330	8223	8652	6939	6254	6635	7434
FBGN0030704	863	976	624	673	765	922
FBGN0025815	10569	10971	8928	10785	11866	12845
FBGN0030071	28	6	18	5	1	8
FBGN0029521	27	34	63	49	22	16
FBGN0030218	420	371	246	194	277	291
FBGN0004050	9691	8505	6913	8681	8873	9340
FBGN0040349	31	40	48	9	10	9
FBGN0030522	530	758	510	363	374	538
FBGN0052815	128	70	59	66	45	61
FBGN0030311	3139	2600	2843	2931	3021	3457
FBGN0052625	72	70	21	17	13	9
FBGN0259204	281	185	153	162	156	189
FBGN0030480	795	740	618	537	686	697
FBGN0025625	208	176	171	98	110	216
FBGN0029747	13	44	35	10	34	11
FBGN0003374	125171	111310	101914	8491	76564	4767
FBGN0031093	2431	2179	1894	1691	2280	2283
FBGN0266431	1	0	2	0	1	2
FBGN0031022	1548	1368	1047	867	1028	1151
FBGN0030576	69	20	29	44	15	2
FBGN0030659	2391	2368	2111	2139	2290	1988
FBGN0259677	120	121	112	123	111	84
FBGN0040651	2	0	11	0	2	2
FBGN0261873	14489	14636	11266	16708	17667	17748
FBGN0040285	5663	4999	4460	5083	4867	5130
FBGN0265598	1993	1959	1553	2823	3233	2814
FBGN0086558	82309	86338	68085	84122	99284	101306
FBGN0011606	15484	15857	12052	16682	17868	19838
FBGN0004368	6633	6424	5298	8425	8778	8740
FBGN0030596	56	50	19	20	21	7
FBGN0029752	13	7	12	0	8	19
FBGN0030435	1628	2285	1828	1160	1449	1340
FBGN0026876	3157	4227	2729	3948	4021	4388
FBGN0029864	193	140	137	173	224	173
FBGN0260858	2774	2337	1961	1803	1799	1902
FBGN0028491	327	482	369	143	189	242
FBGN0025549	2182	1940	1825	1886	2219	2013
FBGN0031036	2143	2278	1787	1847	1766	2182
FBGN0029898	2485	3145	2312	1813	2377	2168
FBGN0029587	6	3	7	7	5	10
FBGN0025638	8762	9939	7873	8063	8747	9970
FBGN0030316	1494	1441	1132	1253	1115	1239
FBGN0263511	186	59	63	27	11	66
FBGN0052557	52	8	30	35	11	14
FBGN0030314	2530	2759	2055	2528	2799	3071
FBGN0030007	5888	6611	4739	4018	4543	4670
FBGN0266429	63	42	49	40	49	8
FBGN0030307	570	305	397	202	288	122
FBGN0003747	49	43	76	33	24	72
FBGN0053172	1349	1270	936	988	875	963
FBGN0030411	322	289	221	167	225	220
FBGN0029924	3689	4054	3250	2256	3641	2981
FBGN0003345	34579	32324	26394	35777	38963	36530
FBGN0052563	26	35	10	27	17	5
FBGN0261524	2866	3194	2603	2620	3407	3577
FBGN0030228	2219	2325	1827	2258	2318	3031
FBGN0030246	6183	6582	5303	3577	3620	3295
FBGN0260870	21	9	15	0	0	3
FBGN0029980	1161	1134	822	689	771	1093
FBGN0029885	1998	2298	1700	1456	1739	2202
FBGN0039946	1410	1446	1022	1077	1042	1402
FBGN0052671	30	21	6	5	9	5
FBGN0031141	11	47	4	7	4	0
FBGN0030346	710	696	637	751	865	953
FBGN0030376	77	38	78	103	28	53
FBGN0031182	23	38	47	52	32	58
FBGN0029726	16	8	2	8	8	0
FBGN0030289	3794	3708	2956	3686	4003	4272
FBGN0023518	12808	12192	10051	17290	18543	19266
FBGN0030451	2240	2288	1710	1876	2177	2370
FBGN0030377	74	8	32	19	8	23
FBGN0030406	1612	1577	1243	1179	1400	1853
FBGN0030034	25102	23434	18716	32207	34310	39129
FBGN0027553	2391	2399	1762	1852	2327	2292
FBGN0285910	2951	3251	2569	2061	2641	2412
FBGN0287210	5187	4524	3892	3731	4345	3660
FBGN0031191	2419	2415	1841	2397	2640	2843
FBGN0026089	1976	2010	1540	1570	1679	1585
FBGN0029716	67	163	76	44	13	47
FBGN0004066	14752	14506	12243	9407	10497	10706
FBGN0052699	2983	2704	2290	2400	2534	2567
FBGN0031034	82	32	52	64	13	34
FBGN0004047	18	29	53	39	35	25
FBGN0010383	317	283	308	130	158	108
FBGN0030738	7361	7702	5814	7464	7839	8245
FBGN0024986	1160	1199	1004	970	1016	1373
FBGN0029946	0	3	4	0	4	0
FBGN0030927	605	663	600	571	712	725
FBGN0030544	197	1617	48	16	103	11
FBGN0029896	2411	2809	2037	1504	1750	1916
FBGN0023545	2848	2608	2257	2293	2112	2455
FBGN0030030	1402	1299	1057	1199	1115	1385
FBGN0053177	52	11	16	19	35	4
FBGN0029969	5502	5684	4462	4685	5207	6233
FBGN0029718	4916	5049	4170	2569	2905	2769
FBGN0030890	1710	2393	1505	2051	2365	2224
FBGN0030891	3713	3583	2881	3667	3719	4261
FBGN0011754	3851	4079	3078	4773	4572	4772
FBGN0030391	1231	1128	1051	1551	1433	1480
FBGN0052750	35	59	39	22	35	33
FBGN0030536	20	33	18	17	22	0
FBGN0029964	6	11	24	9	1	2
FBGN0030041	117	227	126	62	97	22
FBGN0261446	3174	2975	2311	2021	2380	2343
FBGN0030058	16	45	24	31	12	27
FBGN0029783	460	521	403	334	299	452
FBGN0029962	44	5	47	21	27	12
FBGN0029811	6	18	13	10	2	2
FBGN0030776	7	2	3	7	7	7
FBGN0030183	401	454	304	225	279	246
FBGN0030292	1399	1197	1221	597	705	980
FBGN0029835	368	289	239	173	175	171
FBGN0030467	591	663	493	628	656	716
FBGN0024941	93	51	38	56	53	36
FBGN0283432	1231	1411	1079	1168	1007	1321
FBGN0029915	3813	5222	3561	2987	3216	3467
FBGN0030552	2762	2723	2197	2180	2156	2628
FBGN0029804	684	705	576	551	618	643
FBGN0264078	1751	1921	1530	1959	2133	2456
FBGN0015799	10187	10095	7912	9063	9429	10293
FBGN0265726	1748	1409	1355	188	206	157
FBGN0004034	392	483	352	65	44	20
FBGN0029725	14	0	23	7	2	0
FBGN0286877	14	10	13	17	43	52
FBGN0004657	14496	14842	11789	16163	17848	18134
FBGN0030710	4246	4538	3116	3434	3834	3893
FBGN0029750	167	118	106	91	74	82
FBGN0029817	23	39	15	19	21	45
FBGN0052814	61	37	39	27	32	55
FBGN0025635	1571	1724	1218	1568	1610	2025
FBGN0052638	988	872	747	865	802	924
FBGN0025836	22950	24786	19111	26552	26620	27710
FBGN0052767	14845	14940	11536	18668	18650	18709
FBGN0030777	22	0	14	5	4	16
FBGN0284228	2157	2136	1762	1475	1802	1461
FBGN0029905	4428	3801	2869	3443	3428	3996
FBGN0262730	7024	6728	5466	7987	8660	8382
FBGN0259162	67	62	27	51	10	17
FBGN0021765	6091	6258	5073	5535	5921	6658
FBGN0030447	1317	1197	1039	921	775	1068
FBGN0015773	957	1072	736	1273	1683	1373
FBGN0029568	88	37	77	13	26	1
FBGN0014465	50	75	40	38	17	20
FBGN0029943	1469	1424	1150	1391	1325	1435
FBGN0027791	1070	1014	787	789	908	960
FBGN0000257	1339	1581	1011	1257	1500	1528
FBGN0031048	1950	1893	1386	1696	1691	2391
FBGN0011758	1353	1119	798	629	864	1050
FBGN0030952	13	30	15	1	12	27
FBGN0053666	40	49	44	33	18	70
FBGN0029839	41	8	39	17	5	29
FBGN0031052	15129	15725	13258	16912	18127	18931
FBGN0264975	33703	34463	26803	41637	42915	45006
FBGN0288742	2	9	14	3	0	2
FBGN0024364	7297	7767	5754	6103	6349	6869
FBGN0026878	26	47	18	10	9	14
FBGN0053238	1	0	1	0	0	0
FBGN0052633	28	5	12	12	7	15
FBGN0030832	22	46	13	12	0	1
FBGN0029881	2908	3312	2435	5248	4696	5855
FBGN0011761	10	17	9	2	0	0
FBGN0030057	2904	2867	2112	2190	2555	2482
FBGN0029987	9	26	8	8	2	23
FBGN0025613	12	9	28	8	0	12
FBGN0030367	40	58	29	2	28	32
FBGN0029801	1209	1104	940	1249	949	1291
FBGN0264691	3219	3549	2680	1952	2241	2337
FBGN0031088	77	63	31	43	27	24
FBGN0030181	35	64	37	54	100	45
FBGN0030898	15	6	29	8	18	2
FBGN0029975	216	178	114	51	93	80
FBGN0285947	49790	57775	42668	44786	48859	55964
FBGN0030769	22	42	2	10	3	2
FBGN0031031	70	60	90	54	59	42
FBGN0030746	141	55	59	78	41	15
FBGN0029932	289	336	199	82	195	42
FBGN0045073	5607	5595	4166	4912	5686	4718
FBGN0259994	177	96	130	74	47	67
FBGN0024993	1342	1220	1134	1142	1314	1040
FBGN0029856	3612	3348	3207	4068	4110	5036
FBGN0265523	60571	57338	47303	84973	89575	88144
FBGN0030774	15	13	11	7	4	0
FBGN0029957	4095	3436	3116	3713	3419	3915
FBGN0000427	195	148	98	193	70	157
FBGN0030983	20	7	10	3	13	0
FBGN0052571	15	54	16	29	2	17
FBGN0025642	9	0	0	8	26	12
FBGN0040877	7	6	5	2	0	0
FBGN0030844	58	80	58	27	49	34
FBGN0030400	5962	5992	5013	9833	9749	11665
FBGN0067052	26	11	6	34	10	6
FBGN0040922	5	11	9	14	6	15
FBGN0030348	24	23	10	15	4	21
FBGN0052673	58	26	14	12	19	10
FBGN0265608	23	0	3	5	6	7
FBGN0030731	5542	6084	4608	5374	5999	6794
FBGN0030331	77	83	43	23	5	10
FBGN0001092	35889	32391	28902	30458	31371	35303
FBGN0262612	3	3	0	0	0	1
FBGN0030787	1595	1626	1298	1751	1612	1806
FBGN0025387	2237	2451	1561	2589	2712	2266
FBGN0010198	32609	38633	27509	28978	32028	35974
FBGN0030240	3817	3716	2784	3901	3825	4547
FBGN0002917	238	226	148	157	27	115
FBGN0052670	9	12	15	3	8	0
FBGN0086693	177	97	58	70	26	27
FBGN0261849	5	7	0	0	3	0
FBGN0030506	1365	1560	1262	796	783	938
FBGN0259110	135	172	129	133	78	88
FBGN0264393	5	19	2	8	7	5
FBGN0030365	4098	4226	3321	2931	3667	3633
FBGN0029799	163	125	105	103	122	108
FBGN0260748	6136	6179	4682	6974	7430	7859
FBGN0004370	13584	12854	10430	16429	17860	19100
FBGN0030711	1135	1523	1051	844	984	800
FBGN0029552	25	1	8	16	4	7
FBGN0030722	21	67	4	20	6	38
FBGN0288740	0	9	5	3	0	0
FBGN0030241	19053	20101	15498	17473	18650	21153
FBGN0030946	4840	4412	4088	4458	4804	5451
FBGN0283451	180117	171553	133119	215076	230653	216150
FBGN0030795	259	350	335	359	352	281
FBGN0030317	87	78	54	25	42	71
FBGN0266354	82	43	48	48	38	55
FBGN0001218	77628	78214	63315	63966	74012	68726
FBGN0261245	26	115	49	44	22	16
FBGN0024995	26	62	28	7	2	11
FBGN0029606	18	32	15	26	6	22
FBGN0030900	662	758	535	459	581	541
FBGN0027795	419	258	333	197	272	224
FBGN0029990	1798	2082	1549	561	1244	337
FBGN0029814	1825	2172	1366	3925	4269	3890
FBGN0267043	15	12	15	6	0	4
FBGN0052631	51	5	23	8	23	16
FBGN0263216	39	75	39	83	24	56
FBGN0030502	3532	3536	2964	3382	3320	3860
FBGN0030159	3989	5108	3369	2275	2873	2354
FBGN0267384	3632	3312	2795	2263	2501	2856
FBGN0030817	58	81	66	72	34	74
FBGN0031194	7250	6256	5593	5785	5858	6551
FBGN0283545	34	29	7	4	25	4
FBGN0265362	425	411	220	232	228	159
FBGN0262734	17423	18715	14616	17065	18540	19606
FBGN0030099	1012	1259	787	920	965	1014
FBGN0030060	3936	4441	3513	3949	3881	4267
FBGN0030990	4258	4414	3601	3820	4256	4232
FBGN0259918	10	2	6	3	2	0
FBGN0040382	6883	6471	5056	6938	7120	8119
FBGN0004057	1413	1881	1274	1883	1989	2368
FBGN0026430	5547	5657	4151	4664	5395	6115
FBGN0030806	3209	3787	2701	3208	3200	3580
FBGN0052786	4770	4700	3471	3356	3130	2841
FBGN0030136	43102	53804	39401	38352	48083	44209
FBGN0030465	2422	2080	1894	2305	2502	2801
FBGN0030571	762	927	596	741	802	978
FBGN0261617	36718	35389	28871	61486	62685	65190
FBGN0030230	75	166	70	53	27	22
FBGN0030418	1631	1726	1472	1039	1386	1263
FBGN0263772	321	191	197	193	204	164
FBGN0266710	16	66	38	61	94	74
FBGN0052644	320	202	279	106	65	49
FBGN0030040	87	94	85	8	92	23
FBGN0053499	2544	2541	2147	2578	2204	2944
FBGN0029895	1541	1659	1343	1937	2083	2267
FBGN0030608	26522	26089	21340	30729	31519	34948
FBGN0025837	84	60	68	29	38	82
FBGN0030305	7247	8240	6281	4940	6043	6017
FBGN0002707	2621	2818	1974	2212	2702	2463
FBGN0000382	7194	7159	5588	8778	8614	8939
FBGN0040929	564	398	420	431	327	383
FBGN0030929	115	101	119	65	69	105
FBGN0264739	10	0	8	5	10	2
FBGN0030280	23	22	11	24	5	5
FBGN0030620	29	43	8	19	14	21
FBGN0053237	3	0	9	16	0	0
FBGN0029858	899	916	893	913	938	1226
FBGN0262101	34	74	41	4	2	4
FBGN0030540	40	6	14	31	13	0
FBGN0052647	74	98	42	40	24	12
FBGN0264077	92	59	97	69	36	21
FBGN0031094	3123	3272	2479	2105	2349	2342
FBGN0029664	943	956	564	588	848	723
FBGN0027537	16173	16200	13654	12929	13761	15196
FBGN0029914	2008	2218	1537	1533	1825	1745
FBGN0053240	1	0	1	0	0	0
FBGN0001624	19165	17577	14538	21161	22260	23503
FBGN0030936	10	43	9	17	4	9
FBGN0030786	2427	2763	2209	2612	2762	2915
FBGN0004650	193	112	106	85	60	30
FBGN0250869	1108	1293	949	1152	943	1069
FBGN0052547	112	70	48	31	37	45
FBGN0029821	131	89	101	52	72	83
FBGN0085366	3	26	0	11	0	7
FBGN0030699	3806	3816	2843	2918	2954	2600
FBGN0040309	11005	10589	9124	8493	8020	8799
FBGN0030309	1359	1685	1146	1219	1284	1203
FBGN0052685	21570	20933	16204	24753	27017	27156
FBGN0004647	69674	71871	56703	108762	115213	118164
FBGN0030742	47	32	53	8	12	18
FBGN0030239	964	1194	976	1033	1333	1154
FBGN0029911	892	706	635	976	1266	1113
FBGN0054028	15	0	7	8	10	30
FBGN0026873	2036	2330	1570	1341	1338	1388
FBGN0030351	255	305	265	147	185	156
FBGN0029531	142	104	68	83	70	19
FBGN0288734	30	0	8	4	4	0
FBGN0263005	1718	1878	1378	3178	3250	4026
FBGN0003048	12229	12242	9855	14284	16419	15249
FBGN0025378	4	20	5	4	0	2
FBGN0040372	13576	14341	10561	15484	17527	16158
FBGN0030009	14	4	12	1	4	0
FBGN0000479	839	1092	766	1638	1564	1331
FBGN0040334	972	1016	949	683	700	910
FBGN0029701	13	10	0	16	11	10
FBGN0030770	22	23	14	21	15	61
FBGN0030011	71	51	44	65	106	104
FBGN0030096	5214	5232	4106	3999	4389	4612
FBGN0029679	1410	1389	965	2294	2290	2032
FBGN0025612	32	26	39	17	7	2
FBGN0031038	62	109	57	95	84	64
FBGN0040343	9	15	15	18	26	9
FBGN0029669	19	29	13	5	37	37
FBGN0029930	59	33	32	40	42	11
FBGN0028341	8033	7253	6347	7697	8301	8491
FBGN0259098	6	29	20	5	0	18
FBGN0030260	18	22	13	3	6	0
FBGN0030720	9123	9691	7245	6099	8736	8145
FBGN0001083	3310	3476	2654	4325	4697	4497
FBGN0029646	25	30	26	48	20	11
FBGN0026713	8382	8326	6873	8964	9540	10791
FBGN0030161	47	37	19	15	2	14
FBGN0030234	148	73	130	149	99	149
FBGN0029768	61	51	46	78	47	21
FBGN0031068	1980	1872	1708	1272	1297	1566
FBGN0020653	26231	28480	21360	21926	23224	26590
FBGN0083981	136	85	29	74	50	13
FBGN0029696	21	4	0	12	3	14
FBGN0283471	2239	2333	1988	641	478	271
FBGN0030790	2159	2170	1556	2454	2664	2921
FBGN0029827	62	16	35	57	38	35
FBGN0015036	15	131	50	7	24	13
FBGN0029762	52	74	51	59	29	46
FBGN0262111	1533	1310	1036	2017	1469	1526
FBGN0030283	11	18	6	12	1	0
FBGN0030794	667	688	459	513	693	655
FBGN0003575	8875	10017	6893	8901	10477	11190
FBGN0030261	63	20	27	43	12	39
FBGN0030054	14147	13325	10626	15236	16429	16758
FBGN0083940	6092	6304	5040	5892	6608	5788
FBGN0085358	18	3	5	0	0	0
FBGN0030102	461	408	374	49	102	10
FBGN0263968	10371	10731	8286	12729	14523	14884
FBGN0030918	69	30	35	18	14	26
FBGN0259241	31	51	27	33	25	35
FBGN0029681	24	34	51	12	19	21
FBGN0030880	45	14	24	11	29	0
FBGN0029709	6619	6583	5171	4118	5165	4953
FBGN0029861	3658	3466	2911	3574	3892	4380
FBGN0002641	2699	2865	2131	1437	2135	1829
FBGN0030420	1439	1626	1337	1386	1781	1521
FBGN0030160	2842	4461	2387	2948	3082	3758
FBGN0040373	3828	3765	3122	2591	2776	3046
FBGN0003057	46	26	8	4	6	24
FBGN0024991	3168	3415	2662	3915	4245	4906
FBGN0030455	83	87	66	110	39	46
FBGN0024943	94	32	90	77	19	23
FBGN0030520	12157	11569	10572	14788	15969	18644
FBGN0023514	4280	4166	3345	3116	2932	3343
FBGN0052687	104	123	87	56	56	30
FBGN0029979	13324	12504	11113	14304	16318	16586
FBGN0030015	24	37	5	22	10	17
FBGN0030941	2347	2226	1451	2611	2827	3259
FBGN0029971	1404	1851	1401	2082	2118	2101
FBGN0030298	109	41	71	29	69	12
FBGN0031002	34	95	17	33	20	19
FBGN0029629	13142	14673	11821	13770	14703	17122
FBGN0052666	4645	5182	3819	4542	5460	5229
FBGN0030104	2	11	22	8	2	0
FBGN0022770	242	254	152	173	165	211
FBGN0027546	2923	3009	2295	2128	2301	2224
FBGN0030441	17	6	3	4	2	2
FBGN0267033	3863	3676	2896	4837	5302	4120
FBGN0030802	2881	2932	2301	1723	2196	2192
FBGN0040394	10326	11325	8206	9398	10021	10475
FBGN0030694	978	989	760	867	851	913
FBGN0030592	65	35	47	36	31	37
FBGN0029877	14	18	23	72	51	5
FBGN0025739	4963	5554	3540	5437	6218	6355
FBGN0000179	20913	22668	16050	32050	33894	30361
FBGN0001250	6190	6308	5029	7061	7368	7675
FBGN0259245	100	39	64	22	36	29
FBGN0010269	2204	2196	1817	2069	2412	2627
FBGN0020369	11277	12095	9285	9445	10698	9736
FBGN0030992	34	11	34	11	21	30
FBGN0015519	97	61	49	44	35	37
FBGN0030440	2	3	16	5	7	5
FBGN0053502	3582	3829	2421	2481	2782	2662
FBGN0086367	3237	3033	2577	1107	1403	1290
FBGN0030105	173	232	244	13	90	24
FBGN0052580	2105	1570	863	1623	1477	1058
FBGN0014133	23937	23882	18803	34236	35751	40260
FBGN0262656	25862	26815	19164	31896	32632	36194
FBGN0028480	3335	3463	2761	3438	3912	3939
FBGN0030804	18	9	17	15	1	16
FBGN0030643	35	1	6	0	9	4
FBGN0029687	20135	20079	14891	14972	16432	15462
FBGN0030853	4195	3637	2972	2330	2635	2605
FBGN0267253	17	13	30	17	6	5
FBGN0003366	340	316	285	266	142	334
FBGN0030327	2642	2651	2187	2156	2504	2726
FBGN0002590	132483	137749	108157	105733	116552	135756
FBGN0030593	58	48	56	44	14	23
FBGN0015926	2211	2350	1800	2387	2808	3255
FBGN0040336	292	340	301	222	214	376
FBGN0030369	74	71	41	20	5	8
FBGN0030839	579	688	413	362	383	586
FBGN0004649	151	88	93	60	33	19
FBGN0030538	16	0	14	0	0	3
FBGN0004404	43062	40833	40041	34603	37417	43146
FBGN0024987	11295	11205	8929	9973	11011	10267
FBGN0031006	8867	9501	7602	10366	10596	11430
FBGN0040376	14	18	26	16	14	5
FBGN0014868	19117	16975	15586	15300	16547	18108
FBGN0030789	3239	3173	2489	2133	2074	1984
FBGN0026084	43060	45944	32920	27236	34851	31814
FBGN0030756	112	50	53	48	36	16
FBGN0030073	556	776	415	696	827	463
FBGN0029974	74	45	28	37	21	23
FBGN0030982	23	1	2	9	4	4
FBGN0031090	2810	2521	2294	2354	2504	2498
FBGN0004198	7492	6695	5498	6845	7712	8060
FBGN0000077	885	799	687	509	646	721
FBGN0030271	35	10	13	17	4	29
FBGN0052512	825	831	685	367	353	230
FBGN0031161	2925	3388	2529	2046	2210	2416
FBGN0029818	4190	4866	3652	3646	4072	4343
FBGN0029947	1	17	33	33	1	3
FBGN0004227	16312	17739	13520	15603	20281	16469
FBGN0030851	1750	1787	1363	970	1270	1099
FBGN0029859	37	34	16	45	28	22
FBGN0029753	28	8	6	17	7	12
FBGN0030874	1036	926	768	982	764	929
FBGN0020378	1194	875	875	150	306	927
FBGN0029722	38	77	42	71	40	15
FBGN0020513	6980	7359	5602	5270	6330	6380
FBGN0053243	0	0	1	2	0	0
FBGN0030687	4495	4741	3742	4170	4474	5186
FBGN0030432	87	83	39	128	77	86
FBGN0066303	2738	2366	1971	1460	1441	1844
FBGN0024897	33	73	71	53	59	86
FBGN0023516	1679	1779	1404	1496	1594	1962
FBGN0030667	182	188	98	74	81	22
FBGN0027603	20715	19470	16693	22907	26204	24837
FBGN0023550	59	33	32	6	59	53
FBGN0030107	207	171	188	107	121	94
FBGN0026751	3070	3731	2487	2739	3160	3435
FBGN0023520	981	1035	1038	925	814	981
FBGN0029694	13	39	2	17	0	5
FBGN0026058	33	30	30	57	23	13
FBGN0029945	255	262	205	348	240	334
FBGN0030103	18	9	17	22	4	0
FBGN0029504	5396	5281	4196	6607	7078	6481
FBGN0000394	2288	2549	2116	2235	2103	2110
FBGN0260869	0	2	0	5	0	3
FBGN0263747	344	246	294	300	213	296
FBGN0030217	622	732	400	565	514	481
FBGN0004397	6072	5959	5261	6875	7581	7937
FBGN0025634	5087	5199	4019	3800	3828	4846
FBGN0029870	5411	6188	4164	4876	5653	5922
FBGN0030566	19	5	16	50	4	6
FBGN0003449	9570	8700	7020	5649	6599	6644
FBGN0030837	117	87	95	19	25	21
FBGN0030494	5027	5545	3736	2173	2602	2499
FBGN0030600	417	414	415	455	583	380
FBGN0003139	3974	3552	3475	2875	3557	3524
FBGN0023528	5718	5788	5034	5884	6278	6654
FBGN0029912	3572	3283	2497	3643	3818	4636
FBGN0023513	2915	3029	1992	2909	2979	3253
FBGN0029763	9547	9521	7978	8753	10409	10174
FBGN0030293	10575	10056	8241	11802	13177	13245
FBGN0265139	30	32	46	20	28	42
FBGN0030481	740	808	533	696	611	864
FBGN0030559	10	20	21	14	4	8
FBGN0263829	53	86	54	83	96	84
FBGN0030678	1087	1291	845	892	1002	959
FBGN0029965	87	51	62	41	19	21
FBGN0024365	3429	3330	2798	2700	2601	3238
FBGN0030685	5155	4933	3885	4210	4858	5133
FBGN0023130	2164	1854	1535	2554	2563	3133
FBGN0026085	1032	777	589	548	596	679
FBGN0030485	2078	1870	1888	1535	1995	1723
FBGN0015286	2763	2909	2462	2812	2811	2985
FBGN0030980	1	5	4	4	4	11
FBGN0261383	5074	4648	4309	7006	7573	8619
FBGN0029994	30	5	9	20	20	6
FBGN0085354	274	212	139	96	145	110
FBGN0052537	1004	891	909	936	832	783
FBGN0030671	1254	1649	1001	1232	1377	1441
FBGN0030486	10699	10783	8614	12459	12744	13935
FBGN0265267	42	28	33	14	43	16
FBGN0030666	2448	2505	1971	2404	2319	3144
FBGN0010240	74	56	76	45	28	12
FBGN0029710	1509	1352	1229	830	1247	807
FBGN0030460	1004	978	698	621	648	534
FBGN0031005	36	30	32	60	31	48
FBGN0020508	139	116	119	84	42	1
FBGN0031039	1287	1220	1018	789	974	971
FBGN0067861	853	1004	781	807	719	884
FBGN0029936	1440	1445	1162	1557	1796	1884
FBGN0030492	26	6	13	6	18	7
FBGN0052645	270	304	181	157	102	112
FBGN0259927	143	95	89	60	44	28
FBGN0029837	53	36	64	44	6	33
FBGN0053252	2	8	2	23	4	8
FBGN0030330	2379	2459	2143	2604	2633	2704
FBGN0011837	10175	9772	7633	13101	13407	13488
FBGN0285970	3865	3981	2515	2632	2861	2892
FBGN0030869	4995	4647	4167	5452	5891	5833
FBGN0040366	449	536	468	706	825	719
FBGN0030272	25	43	30	30	11	30
FBGN0039942	699	684	503	519	524	769
FBGN0283469	5610	5803	4764	5157	5540	6105
FBGN0000826	40	122	86	49	60	33
FBGN0004687	10939	9924	8750	7681	8271	8901
FBGN0030932	538	375	399	401	256	383
FBGN0031008	1784	1615	1523	1327	1540	1691
FBGN0028746	249	307	123	190	155	150
FBGN0040904	13	0	4	3	1	6
FBGN0013987	10696	10024	8074	8472	8346	9160
FBGN0023519	2460	2539	1915	2195	2232	2315
FBGN0030174	136	144	121	97	84	60
FBGN0085360	135	130	120	30	61	41
FBGN0030530	8848	8414	7460	6483	7564	8012
FBGN0031184	119	82	100	73	73	91
FBGN0030341	2168	2580	2164	1898	2222	2179
FBGN0030684	37	61	55	32	9	47
FBGN0015789	2116	2431	1749	1844	2176	2019
FBGN0052642	38	115	82	37	25	34
FBGN0030276	7055	7305	5549	6850	7251	7740
FBGN0052656	296	590	233	145	268	1926
FBGN0030122	4102	3562	2897	2953	2866	3487
FBGN0003301	8234	8891	6611	11626	12285	12636
FBGN0029662	5118	4064	3440	4334	4330	4889
FBGN0030947	12	54	53	45	13	15
FBGN0266284	6301	6182	5320	4661	5587	5903
FBGN0040356	23	5	21	6	7	9
FBGN0261616	11	12	20	5	9	2
FBGN0025394	6168	5856	4108	6088	6024	6406
FBGN0266569	230	261	212	243	262	297
FBGN0030669	1069	1312	1108	865	731	691
FBGN0023531	2162	2327	1669	2850	2817	2622
FBGN0030290	26	10	16	29	6	24
FBGN0023527	4026	4357	3437	2813	3545	3649
FBGN0030466	10994	10118	8375	12575	13707	13902
FBGN0030954	592	574	400	540	586	637
FBGN0030087	5997	5970	5174	6731	6804	7170
FBGN0040393	88	104	48	3	11	14
FBGN0264395	34	15	21	14	3	26
FBGN0003321	6066	5715	4778	5594	7066	7032
FBGN0031109	45	20	1	10	4	6
FBGN0283712	4071	4084	3077	4594	4872	5188
FBGN0029819	2388	2537	2135	2470	2929	3237
FBGN0030658	2988	3152	2574	1892	1855	1860
FBGN0029949	17	16	35	26	0	5
FBGN0004655	10918	10597	8604	13606	14472	16019
FBGN0031128	38	19	43	59	39	24
FBGN0024184	223	219	167	72	69	146
FBGN0015818	8048	8291	6675	7969	8332	9000
FBGN0027794	4595	5082	3774	4595	4576	5271
FBGN0040207	3243	3612	2754	3019	3265	3244
FBGN0030178	1263	896	859	1060	970	873
FBGN0288690	1017	1287	1009	1339	1412	1505
FBGN0001090	42741	46970	34163	60632	61373	66094
FBGN0029715	10104	10529	8554	5896	6881	7408
FBGN0029535	18	0	1	0	0	0
FBGN0029909	33	20	35	4	20	6
FBGN0260780	205	132	132	97	115	140
FBGN0052672	7625	6528	5581	6180	6676	7200
FBGN0053668	12	35	41	42	24	39
FBGN0053542	72	102	86	113	79	69
FBGN0030984	58	21	38	59	28	14
FBGN0261461	6170	6040	5624	4477	5998	5882
FBGN0267967	174	115	98	69	128	85
FBGN0029728	214	194	136	171	61	79
FBGN0267912	6015	6370	4414	6330	7080	7719
FBGN0029906	1538	1295	1103	974	1062	1059
FBGN0030575	28	109	32	11	40	2
FBGN0030186	96	152	213	17	33	32
FBGN0029879	86	64	26	112	64	76
FBGN0025814	2720	3460	2694	3365	3348	3543
FBGN0029532	103	110	54	69	82	36
FBGN0040907	719	1031	637	424	562	553
FBGN0030584	1435	1749	1253	972	1029	1167
FBGN0030812	8926	8653	6922	10449	10741	11565
FBGN0029798	2397	2273	1823	2676	2816	3049
FBGN0029970	5142	5718	4055	4699	4925	5526
FBGN0031054	1085	1164	812	1104	1185	1342
FBGN0261610	2659	2405	1860	3045	2901	3411
FBGN0000360	14	22	5	38	4	28
FBGN0010391	14369	15279	11497	11200	13154	13011
FBGN0030005	56	116	106	177	194	165
FBGN0003865	16	2	4	7	1	0
FBGN0030796	922	759	711	224	306	343
FBGN0005391	52	39	22	7	14	17
FBGN0030408	30	40	18	16	5	25
FBGN0019929	13	39	17	21	6	9
FBGN0284222	106	96	96	79	132	40
FBGN0052732	3448	3935	2998	3045	3534	3852
FBGN0022724	1755	1955	1731	1436	1524	1748
FBGN0030120	167	328	216	262	223	293
FBGN0030433	931	1196	745	680	760	798
FBGN0062413	959	967	760	729	1111	926
FBGN0030066	329	312	289	288	331	356
FBGN0014466	23	27	31	24	6	8
FBGN0030137	594	547	488	266	387	372
FBGN0065035	1125	688	583	448	580	618
FBGN0030357	803	1069	770	48	56	51
FBGN0288731	0	0	0	0	0	2
FBGN0040388	13461	13564	9765	14536	15837	16635
FBGN0029661	157	102	114	178	164	233
FBGN0015024	12052	12181	10050	11022	12308	12167
FBGN0030615	45	24	26	77	19	4
FBGN0029838	143	184	64	89	26	10
FBGN0263258	11868	12370	9667	15359	16068	17224
FBGN0000221	454	539	399	396	325	426
FBGN0030008	819	1136	969	1471	1120	1375
FBGN0030050	16	5	32	9	42	6
FBGN0052569	6	1	24	21	24	35
FBGN0020261	15594	15109	11844	15994	18024	19322
FBGN0266019	9638	9790	7286	10355	11224	11519
FBGN0030614	17	7	4	2	8	5
FBGN0250874	5098	5197	4253	4142	5141	5267
FBGN0030270	16	14	24	23	10	12
FBGN0029836	30	11	6	2	21	7
FBGN0026702	2177	2512	2198	1785	2115	2265
FBGN0029667	82	26	63	8	14	64
FBGN0025800	7440	7953	6109	7455	7966	8206
FBGN0031117	1078	1038	808	757	889	1026
FBGN0030297	13	49	36	24	3	8
FBGN0029989	72	24	35	24	22	12
FBGN0015379	4934	5036	3819	4417	4724	5690
FBGN0029769	41	13	49	38	8	34
FBGN0027280	3442	3719	2558	3435	3221	3415
FBGN0030053	2613	2684	2523	1849	2263	2284
FBGN0031178	45	48	58	8	13	0
FBGN0031057	12644	13504	9194	12988	13846	15903
FBGN0043903	16309	15776	12938	17841	17747	20022
FBGN0030803	1809	1470	1571	1404	1590	1631
FBGN0262534	48	4	26	56	0	29
FBGN0261791	4391	5474	3674	2557	3413	3048
FBGN0031021	2983	3212	2631	2125	1919	2121
FBGN0029745	164	254	241	289	350	438
FBGN0030974	10942	12096	9501	11195	12910	14255
FBGN0029676	28706	31332	24681	26890	30780	32296
FBGN0053247	2	0	2	2	0	0
FBGN0040398	1400	1509	1230	207	214	152
FBGN0030539	205	294	160	192	298	401
FBGN0030697	102	36	62	57	20	43
FBGN0030588	66	183	53	179	111	113
FBGN0263706	18285	18024	14657	21666	24868	25347
FBGN0003654	11125	13171	9032	10822	10159	11845
FBGN0040068	4295	4218	3651	5088	4718	5364
FBGN0028292	1322	1287	1072	1161	1401	1431
FBGN0010295	42	14	23	5	15	5
FBGN0029999	3505	3959	2723	2717	3305	3515
FBGN0025639	19071	20745	15437	24822	27187	26499
FBGN0003218	831	782	740	944	900	704
FBGN0030542	111	119	59	14	60	96
FBGN0002561	46	1	12	52	17	25
FBGN0029995	16	6	7	8	16	15
FBGN0030703	8873	9099	7095	5622	6735	6077
FBGN0030332	68	27	39	28	9	11
FBGN0003655	30	18	38	14	19	18
FBGN0029573	11	2	4	0	11	2
FBGN0030187	29	6	16	22	14	22
FBGN0040392	202	231	144	118	140	152
FBGN0023523	99	93	95	172	209	145
FBGN0040941	157	296	151	24	29	6
FBGN0030269	2512	2466	2100	2757	2661	3502
FBGN0044030	1478	1617	1436	959	1218	1137
FBGN0023169	5053	4952	3792	4728	5188	5689
FBGN0030345	581	735	544	628	774	870
FBGN0085521	33	0	2	0	21	5
FBGN0030700	285	286	231	291	266	281
FBGN0265784	3521	3142	2741	3026	3110	3350
FBGN0040850	43	24	14	5	4	3
FBGN0030456	5442	5924	4390	4162	4844	5111
FBGN0040087	4802	4432	4049	4062	4382	4589
FBGN0042132	1803	1746	1325	2165	2492	2630
FBGN0085693	0	0	4	0	2	0
FBGN0259170	4046	4012	3202	5131	5717	5886
FBGN0030912	231	272	106	227	238	253
FBGN0086778	117	54	69	125	61	68
FBGN0259150	207	158	88	82	85	67
FBGN0264389	826	1055	741	919	1063	993
FBGN0025616	53	4	9	67	10	8
FBGN0030686	2442	3025	2583	2281	2577	2412
FBGN0023458	16478	16324	13147	22512	22655	24759
FBGN0261848	8	42	24	8	17	18
FBGN0040871	6	8	6	9	0	11
FBGN0024238	6791	7008	5254	5967	6712	7295
FBGN0085350	1	21	14	2	19	1
FBGN0030114	8618	8470	7195	7150	8154	9082
FBGN0030319	27	1	46	24	9	20
FBGN0052718	37	24	9	26	5	12
FBGN0027329	33111	32281	26021	26848	27535	31448
FBGN0029986	111	23	47	15	34	9
FBGN0261592	176653	178885	141307	166874	181130	193466
FBGN0030945	2016	2197	1781	2242	2011	2467
FBGN0260006	201	184	238	121	74	138
FBGN0031064	166	127	98	73	34	52
FBGN0086368	6633	7593	5738	6213	6761	7095
FBGN0263512	82	67	66	30	41	30
FBGN0029996	2531	2308	1931	2154	2233	2255
FBGN0040153	1554	1293	1180	523	733	657
FBGN0052720	33	26	13	46	9	4
FBGN0023506	1958	2047	1461	1371	1604	1624
FBGN0031085	19	0	1	10	13	21
FBGN0030373	12	10	12	7	10	17
FBGN0027334	2035	2282	1489	1304	1949	1781
FBGN0052570	14	73	24	1	16	4
FBGN0030570	11	3	18	8	11	2
FBGN0259149	40	32	43	21	36	11
FBGN0030680	3549	3180	2596	3814	3837	4340
FBGN0030390	11	0	24	47	19	25
FBGN0030800	1407	1388	1154	1148	1301	1513
FBGN0000667	17323	16476	13379	20396	19968	21462
FBGN0040360	8	51	22	27	10	10
FBGN0030074	25	0	7	14	0	3
FBGN0030933	32	37	37	16	8	6
FBGN0000042	244801	254171	191573	190626	213256	235903
FBGN0263132	26095	24704	18639	29009	30303	27599
FBGN0030085	136	415	176	152	247	289
FBGN0260986	3025	3644	2619	3560	3413	3702
FBGN0026666	325	411	211	153	233	219
FBGN0052758	1740	1907	1398	1921	2164	2318
FBGN0086384	4169	4166	2807	3963	4355	4659
FBGN0029711	1731	1751	1389	1888	1688	1873
FBGN0288732	0	0	0	0	0	2
FBGN0030089	8345	8303	6646	9705	10353	11445
FBGN0030301	9873	10229	7171	9881	11019	9866
FBGN0250871	28527	30464	22507	31827	33701	38622
FBGN0030306	9578	10271	7849	6532	7499	7800
FBGN0004391	9995	9483	7734	9208	9618	10629
FBGN0046687	1788	1339	1331	1045	1296	1263
FBGN0029891	4188	3927	3328	3639	3834	4875
FBGN0030826	0	15	22	36	2	0
FBGN0010315	6039	6418	4882	4555	5106	4983
FBGN0040900	35	35	25	24	10	9
FBGN0004956	689	566	351	572	546	481
FBGN0030630	5786	6046	4707	4097	5526	5368
FBGN0053082	345	452	310	385	379	289
FBGN0029824	330	329	343	331	342	328
FBGN0030263	9139	8551	6769	4853	4741	5648
FBGN0265417	13	26	14	10	38	5
FBGN0024985	2790	2965	2133	3309	3748	3765
FBGN0030603	499	474	443	748	854	1060
FBGN0029929	2705	2602	1989	2331	2562	2998
FBGN0263237	2716	3022	2493	1923	2399	2300
FBGN0029754	65	59	34	35	46	29
FBGN0040364	50	24	37	21	20	12
FBGN0259923	70	48	55	63	68	100
FBGN0030707	53	13	53	30	12	14
FBGN0052719	87	74	66	108	29	27
FBGN0083167	3661	4520	3310	1962	2578	2828
FBGN0085351	5	15	0	15	3	1
FBGN0025615	6375	6787	5111	4153	4617	5048
FBGN0023507	500	467	269	454	525	461
FBGN0024984	84	124	109	23	70	60
FBGN0003068	186	105	93	80	113	101
FBGN0020255	42223	42474	34956	30060	33157	33890
FBGN0052506	87	131	54	60	19	26
FBGN0030452	524	511	378	622	474	619
FBGN0052626	4337	4624	3444	3460	4082	3623
FBGN0040905	6	16	17	8	4	0
FBGN0030764	387	210	210	396	363	288
FBGN0030243	10912	10742	9180	13924	15472	16549
FBGN0030854	9821	10626	8141	9051	10779	9980
FBGN0029968	45	26	21	33	17	21
FBGN0030000	3712	4410	2914	3438	3377	3844
FBGN0031026	18	38	8	20	11	2
FBGN0001565	6708	6570	5187	5644	6197	6736
FBGN0086675	73	14	55	21	36	20
FBGN0030688	41	8	22	12	14	0
FBGN0029761	217	190	231	135	111	73
FBGN0031004	20	24	76	20	2	11
FBGN0052528	1990	2361	1744	1625	1885	2018
FBGN0015010	51	26	55	2	31	22
FBGN0030718	4407	4512	3605	2517	2823	2802
FBGN0030362	6765	7806	6408	1663	2163	1439
FBGN0030417	46	50	67	37	32	50
FBGN0052756	4012	4350	3574	3056	3242	3651
FBGN0030511	554	622	606	406	488	392
FBGN0030569	1550	1335	1065	1775	1005	1394
FBGN0288729	33	0	6	0	21	5
FBGN0023540	2200	2071	1790	2223	2205	2564
FBGN0030202	1	7	10	17	5	15
FBGN0266430	18	0	8	1	0	0
FBGN0000028	81	61	48	53	30	17
FBGN0039944	4138	4072	3072	4381	4999	5101
FBGN0030897	72	17	19	11	15	13
FBGN0030061	7482	7449	6187	6754	7873	8005
FBGN0262738	4861	5093	4033	6898	7924	6907
FBGN0031111	10	1	2	0	13	0
FBGN0030503	1240	1149	1130	1121	1057	1363
FBGN0001150	264	102	155	196	152	127
FBGN0030993	816	626	726	85	96	49
FBGN0025620	65	29	80	50	56	10
FBGN0030768	2801	2872	2370	1807	1840	2078
FBGN0030979	88	37	53	19	35	10
FBGN0040890	616	794	509	403	416	538
FBGN0031003	3022	2873	2319	2325	2308	2406
FBGN0085361	19	2	6	2	4	12
FBGN0026090	1177	975	891	1062	1197	1368
FBGN0025864	14157	13992	10946	15479	15807	17209
FBGN0000346	1228	1470	1017	1227	1383	1452
FBGN0030846	217	228	135	431	383	249
FBGN0030581	685	815	602	633	767	674
FBGN0040333	48	62	62	12	12	39
FBGN0262811	7	15	4	0	2	0
FBGN0029663	111	55	60	47	22	70
FBGN0262810	48	55	7	1	22	29
FBGN0030339	84	61	28	53	52	19
FBGN0264309	2	0	0	0	2	1
FBGN0010014	19	8	14	13	4	10
FBGN0031143	3124	3188	2171	2004	2320	2682
FBGN0030876	870	864	716	278	302	256
FBGN0000711	2775	2297	2362	2546	2639	2852
FBGN0030959	9296	9236	7161	7870	8248	8488
FBGN0052667	33	24	12	0	16	1
FBGN0040359	286	342	276	126	184	174
FBGN0003464	7712	7131	6389	10479	10211	11677
FBGN0029720	45	71	40	104	82	85
FBGN0029880	388	274	169	594	600	609
FBGN0029639	82	92	24	62	30	9
FBGN0030895	17	14	9	33	29	8
FBGN0004864	5482	5117	4695	6142	6584	6786
FBGN0011661	47987	47128	38002	51105	54820	59107
FBGN0017561	75	45	51	27	17	34
FBGN0016041	5235	5856	5326	4021	4098	4607
FBGN0027279	6483	6502	4891	7167	7333	7341
FBGN0024250	12300	11121	8420	13905	14022	15446
FBGN0000259	19537	17047	15562	11384	12804	12173
FBGN0261260	32230	30797	25281	50437	53754	54038
FBGN0031110	52	3	5	1	1	0
FBGN0052751	10	14	31	5	18	1
FBGN0030258	19	36	18	0	8	6
FBGN0023534	160	183	135	170	190	274
FBGN0030277	0	29	21	8	6	6
FBGN0040344	5652	5426	4534	6002	6579	6239
FBGN0016975	114	156	150	90	78	55
FBGN0024992	2867	3105	2234	2623	2949	2863
FBGN0030873	2385	2419	1815	2130	2159	2223
FBGN0085443	9211	8873	7172	9774	11077	9819
FBGN0029992	7594	8093	6616	7463	8424	8801
FBGN0030148	52	65	100	51	47	39
FBGN0029717	16	1	25	16	0	2
FBGN0026181	14850	13800	12395	18465	20265	21792
FBGN0030026	1233	1108	925	519	753	698
FBGN0031145	9780	9454	7446	6102	6939	6671
FBGN0029700	10	23	5	1	7	5
FBGN0031000	42	84	91	100	45	35
FBGN0030944	3052	2752	2455	3318	3238	3731
FBGN0030797	370	256	237	315	400	324
FBGN0030101	781	701	586	808	554	843
FBGN0262575	19	29	5	2	10	7
FBGN0029067	1384	1604	1140	1493	1632	1694
FBGN0026415	12174	12769	10602	9014	10066	11247
FBGN0029854	601	788	586	619	741	777
FBGN0031092	4549	5359	3917	4216	4721	5130
FBGN0029589	14	22	18	8	4	3
FBGN0029942	1105	1029	832	610	680	681
FBGN0030870	11875	10573	8920	11023	11500	12869
FBGN0031100	37	52	25	20	28	12
FBGN0040338	1	16	10	0	10	2
FBGN0030035	3952	4338	3277	2930	3828	3838
FBGN0011276	12	11	11	48	14	21
FBGN0029746	528	399	251	640	734	576
FBGN0259198	0	12	9	8	10	0
FBGN0003302	1091	1183	936	687	979	908
FBGN0030386	2	17	9	0	8	6
FBGN0029672	4635	5347	3960	3811	4130	3688
FBGN0030960	703	637	475	755	766	871
FBGN0264598	393	304	199	167	154	206
FBGN0040358	63	58	62	56	71	20
FBGN0030717	1236	1244	880	772	892	1063
FBGN0052581	10337	11442	8336	6647	8124	8534
FBGN0023542	5196	5328	4203	4001	4233	4510
FBGN0030014	67	58	17	23	22	16
FBGN0030310	72	120	79	142	170	178
FBGN0004854	1824	1659	1192	1014	1340	1761
FBGN0000319	56678	57851	45695	53283	60208	61133
FBGN0265629	189	123	74	163	182	172
FBGN0002723	1459	1247	1058	1734	1683	1864
FBGN0030223	54	53	62	8	18	9
FBGN0265595	92	133	90	97	27	62
FBGN0030655	1960	2439	2250	2305	2472	2831
FBGN0026015	6395	6427	5509	5779	6564	6537
FBGN0040354	84	46	71	40	60	33
FBGN0030915	1302	1048	1078	1079	1205	1002
FBGN0040391	54	32	69	41	34	72
FBGN0030551	7	0	9	7	13	4
FBGN0023510	4251	3840	3596	5216	5451	5093
FBGN0029849	450	514	464	532	671	660
FBGN0031196	55	46	31	24	17	48
FBGN0000482	4273	4204	3543	4155	4373	4617
FBGN0040352	26	20	22	39	24	2
FBGN0085377	895	802	762	709	657	693
FBGN0026323	3619	3969	2992	3892	4612	5119
FBGN0000635	21017	19937	16539	19062	19535	20683
FBGN0029958	1686	1862	1583	1566	1814	2068
FBGN0029848	86	86	22	12	17	9
FBGN0030462	2	4	13	0	13	0
FBGN0052677	266	272	283	128	139	293
FBGN0030541	29	74	108	116	88	36
FBGN0026076	6669	6410	5012	4473	5059	4318
FBGN0262827	7	33	16	12	5	3
FBGN0030086	30919	29825	24379	24097	25418	28569
FBGN0029800	1160	1068	972	1163	1306	1275
FBGN0027343	4815	5855	3806	4925	5964	7153
FBGN0030799	1051	1101	889	1071	1461	1449
FBGN0030723	21	39	51	60	30	36
FBGN0005670	278	169	260	91	146	17
FBGN0031040	1446	1572	1251	717	1356	1322
FBGN0029502	1127	1049	710	796	993	938
FBGN0030594	227	285	175	142	320	55
FBGN0052819	142	218	128	181	49	68
FBGN0029822	3935	4022	2903	4812	4640	4942
FBGN0029867	3938	4100	2970	3654	4183	4228
FBGN0031080	88	25	76	54	0	17
FBGN0030586	383	322	254	99	240	58
FBGN0031149	24770	23370	18944	15696	17920	16710
FBGN0031050	1410	1621	1164	1431	1402	1515
FBGN0028969	9541	8823	7219	6949	7845	8387
FBGN0030582	5608	5327	4194	5464	5448	6087
FBGN0053241	0	0	1	2	0	0
FBGN0031089	117	121	125	176	109	62
FBGN0030914	68	22	62	32	11	22
FBGN0002873	24624	26241	20406	30616	39329	34222
FBGN0259195	26	52	43	40	1	17
FBGN0086450	43	65	71	54	16	19
FBGN0030995	546	380	371	364	241	397
FBGN0030189	334	446	375	258	155	171
FBGN0029766	8817	9478	6815	1852	2104	2372
FBGN0015774	2498	2644	2199	3822	3883	3511
FBGN0261609	16249	17044	13975	13829	16142	16511
FBGN0031197	6	63	7	8	4	18
FBGN0030501	2014	2342	1749	1872	1885	1952
FBGN0029948	17	2	18	4	2	9
FBGN0026206	6865	7176	5083	10195	10600	10764
FBGN0030660	791	1105	727	717	785	676
FBGN0029603	7	29	4	8	2	4
FBGN0030679	1754	1996	1230	1317	1267	1493
FBGN0052532	102	65	79	34	29	27
FBGN0002914	14993	15556	11808	13718	15791	15937
FBGN0030882	7726	7936	7050	6899	7109	7929
FBGN0259223	32	25	29	10	14	1
FBGN0031171	156	126	114	85	62	27
FBGN0031139	49	46	23	40	3	46
FBGN0259188	51	102	73	74	15	30
FBGN0027335	8127	8303	6345	7781	8631	8778
FBGN0030033	131	34	41	62	16	80
FBGN0030976	70	154	43	25	38	16
FBGN0003517	168437	183569	132376	138294	141527	163864
FBGN0029907	66	41	27	64	32	54
FBGN0031044	1114	933	796	964	1009	1173
FBGN0030815	219	209	111	76	63	90
FBGN0000376	3666	3819	3365	4833	5071	5171
FBGN0052572	44	47	22	28	7	27
FBGN0288746	0	0	0	0	3	0
FBGN0029778	3059	3691	2773	2331	2165	2750
FBGN0026143	2644	2867	1990	3042	2947	3508
FBGN0003189	19345	19256	15283	18183	20324	21832
FBGN0261931	4570	4504	3576	4648	5129	6149
FBGN0030715	20	38	24	8	10	7
FBGN0011760	60401	59468	46645	41564	47398	43125
FBGN0004169	5574	5574	4579	920	1088	553
FBGN0024994	1299	1503	983	1021	1129	1146
FBGN0052801	74	31	51	61	62	36
FBGN0000535	224	162	109	131	81	68
FBGN0030617	1227	1017	915	978	831	869
FBGN0030478	6674	7175	6323	6650	7406	8339
FBGN0030778	160	214	150	75	60	58
FBGN0030989	41	51	33	46	18	17
FBGN0030673	853	1001	664	645	816	576
FBGN0032171	643	777	660	422	510	733
FBGN0031304	1900	1628	1591	1703	1708	1834
FBGN0267828	1587	1855	1282	2279	1837	2026
FBGN0026150	8007	8354	6353	5434	6780	6627
FBGN0053895	8	11	15	10	13	12
FBGN0015756	27262	34090	25363	24943	33472	32692
FBGN0031813	1606	1895	1306	1431	1655	1850
FBGN0032582	46	24	56	32	27	55
FBGN0283651	166	155	117	136	73	76
FBGN0032725	1884	2178	1699	1412	1840	1630
FBGN0083961	927	1044	794	1240	1454	1376
FBGN0027597	1562	1717	1443	989	1183	1422
FBGN0032709	4	0	11	0	4	5
FBGN0032615	36	68	40	52	22	14
FBGN0261523	13	18	13	5	9	10
FBGN0031857	329	324	247	270	152	213
FBGN0032781	5922	6699	5277	4214	5432	5475
FBGN0053511	101	34	56	28	24	33
FBGN0032587	1270	1352	856	688	541	398
FBGN0031786	7	4	9	0	8	2
FBGN0024230	1745	1460	1332	1229	1481	1450
FBGN0031373	8	5	0	17	0	15
FBGN0028899	421	449	319	542	513	371
FBGN0026479	11571	11073	8582	9598	10538	10751
FBGN0032822	536	413	376	262	329	316
FBGN0000640	7739	8338	6913	1309	3241	1157
FBGN0051642	500	574	342	983	1109	825
FBGN0025777	5818	4964	4383	4149	4439	4691
FBGN0031609	2223	1922	1467	1826	2144	2235
FBGN0032670	38	5	14	32	9	43
FBGN0032940	7341	7718	6150	8403	9209	8746
FBGN0015381	72	57	60	46	38	17
FBGN0041627	4324	4332	3831	1085	1199	1157
FBGN0032285	147	183	116	47	76	51
FBGN0051648	769	931	563	394	463	470
FBGN0032402	154	175	151	175	110	160
FBGN0032110	29	39	42	18	5	10
FBGN0086681	120	59	90	69	37	38
FBGN0031634	45	52	58	102	72	59
FBGN0032782	190	135	92	88	104	80
FBGN0032018	3948	3643	3101	3290	3807	3442
FBGN0053642	20	6	9	8	6	19
FBGN0032683	5403	5129	3803	4616	5185	5495
FBGN0028532	95	84	62	86	153	34
FBGN0032474	1765	1932	1758	959	1128	1469
FBGN0031461	521	369	443	291	366	361
FBGN0031764	4127	4935	3612	2876	2962	3035
FBGN0001089	2295	2053	2002	224	146	95
FBGN0032284	38	176	41	62	82	64
FBGN0265785	20	5	2	12	0	0
FBGN0283440	172	99	69	37	31	34
FBGN0032671	1815	1571	1342	1362	1578	1643
FBGN0005672	8910	9621	7613	8037	8936	8844
FBGN0053303	20058	21176	17090	16106	17357	17248
FBGN0051632	160	182	95	54	51	66
FBGN0259715	151	54	131	12	31	43
FBGN0031224	2336	2003	1854	1697	1922	1891
FBGN0032955	964	1101	839	511	476	393
FBGN0028479	16901	17697	14216	14889	18634	18642
FBGN0032503	53	0	56	9	6	20
FBGN0032453	13496	13063	11287	7231	9123	9355
FBGN0053830	20	0	12	20	36	10
FBGN0051729	7889	7435	6432	8208	8667	8619
FBGN0028704	307	195	190	79	85	66
FBGN0020371	46	17	3	9	15	8
FBGN0024314	10682	11054	8957	7619	9390	8851
FBGN0045500	59	0	50	18	34	0
FBGN0017457	4666	5679	4049	4525	5120	4895
FBGN0005593	119291	130015	96996	114632	128694	143083
FBGN0032246	5985	6341	5009	4111	4577	4886
FBGN0032867	14	21	17	6	28	10
FBGN0083942	4	0	2	10	4	3
FBGN0032620	3805	3801	3118	2673	3827	3181
FBGN0031360	1468	1693	1283	1137	1174	1135
FBGN0031379	4943	4896	3570	4609	4559	4794
FBGN0000153	706	662	602	55	80	46
FBGN0260953	51	67	18	25	23	39
FBGN0032701	7114	6204	5602	5113	5848	6301
FBGN0026255	86	60	100	59	29	106
FBGN0264855	11350	11316	8302	11027	12100	11468
FBGN0032525	35	12	29	26	7	40
FBGN0032166	1901	2343	1670	2264	2224	2496
FBGN0032420	3759	3820	2924	1940	2388	2432
FBGN0031217	2657	3298	2436	2064	2809	2372
FBGN0085395	102	133	71	104	72	36
FBGN0032378	5080	4696	4757	4748	5615	6165
FBGN0032080	43	61	23	14	18	27
FBGN0051915	1051	1076	688	756	843	859
FBGN0032069	140	54	83	78	68	29
FBGN0051601	2087	1977	1913	58	30	19
FBGN0263086	0	0	5	0	0	2
FBGN0031347	108	47	62	47	24	29
FBGN0031831	54	23	53	12	47	64
FBGN0032491	34	13	10	6	26	0
FBGN0259998	19	28	34	17	0	5
FBGN0031331	43	12	12	0	18	0
FBGN0265087	5	9	12	14	1	0
FBGN0051646	107	60	72	54	21	14
FBGN0051675	11	47	6	12	0	3
FBGN0003372	31027	22539	24106	2765	8783	1212
FBGN0086711	262	350	207	326	280	256
FBGN0000579	31569	33755	25917	33311	34193	39519
FBGN0032294	8	5	0	0	5	13
FBGN0032230	8813	8745	6830	4434	5263	5262
FBGN0267821	15307	15065	11574	14806	14733	17240
FBGN0285948	72603	77973	59732	65763	76285	75211
FBGN0259201	211	238	176	66	45	50
FBGN0053552	366	371	349	380	360	307
FBGN0262647	11618	11689	9532	10037	10829	11039
FBGN0261568	24	30	7	2	11	3
FBGN0032231	1338	1109	967	749	1015	1046
FBGN0051658	213	167	108	221	207	153
FBGN0025109	946	908	981	847	970	813
FBGN0053723	39	26	0	36	5	18
FBGN0031837	19	1	28	27	16	22
FBGN0027363	6534	6530	5275	4703	5755	5589
FBGN0031384	917	881	966	855	1220	1094
FBGN0031775	18	38	15	4	16	30
FBGN0032818	1168	1086	932	742	973	1204
FBGN0264672	2588	2676	2254	2871	2833	2836
FBGN0051739	9340	9512	7263	9802	10249	10439
FBGN0259951	19	19	6	4	6	3
FBGN0024320	7473	7827	5852	7850	8849	8401
FBGN0015320	7777	7280	5991	6252	5993	7175
FBGN0031573	1542	1413	1261	1273	1362	1549
FBGN0032881	763	750	697	438	634	566
FBGN0040719	11	19	7	0	6	0
FBGN0031628	655	645	513	784	782	1046
FBGN0261630	18	4	0	2	2	1
FBGN0260228	557	776	586	77	103	84
FBGN0003046	700	701	535	43	141	18
FBGN0028387	5474	6204	4460	4559	5134	4785
FBGN0028941	38	28	43	3	11	5
FBGN0032283	136	286	100	104	37	24
FBGN0040261	54	82	47	28	35	23
FBGN0016076	6391	6207	5058	8160	7456	7319
FBGN0032973	125	38	37	37	16	6
FBGN0032530	114	103	135	234	199	195
FBGN0024183	22702	24396	17351	20315	22525	21927
FBGN0045486	42	37	24	30	15	8
FBGN0261976	575	641	504	374	481	485
FBGN0011603	105	173	137	153	140	71
FBGN0032646	3635	3958	2965	2997	3270	3751
FBGN0085369	113	65	68	59	33	31
FBGN0083962	6208	6832	5356	7321	7530	8003
FBGN0027844	688	712	640	251	343	428
FBGN0051613	63	8	10	11	10	2
FBGN0032175	105	77	84	79	58	20
FBGN0015924	1933	2106	1418	840	1158	1110
FBGN0032193	765	865	506	927	801	860
FBGN0032512	3690	3909	3289	3350	3996	4438
FBGN0032654	14	5	6	5	0	5
FBGN0053673	29	14	4	13	3	9
FBGN0264989	0	0	6	0	12	4
FBGN0262002	37	95	77	65	22	6
FBGN0032299	14	15	0	6	11	0
FBGN0025700	13654	14157	11104	8140	9653	9332
FBGN0053644	2	0	3	12	15	0
FBGN0284251	8920	9227	6949	6700	7916	7492
FBGN0085199	9	0	0	1	0	4
FBGN0032329	2324	2277	1516	1305	1513	1376
FBGN0262880	15	18	0	1	7	0
FBGN0053194	64	91	96	114	69	46
FBGN0051860	65	48	67	42	42	13
FBGN0032169	1384	1592	970	1225	1341	1609
FBGN0032337	38	26	11	33	23	13
FBGN0051687	1928	1953	1781	1506	2118	2306
FBGN0031903	109	151	56	78	121	164
FBGN0031638	4158	4057	3081	3021	3072	3314
FBGN0243486	3400	3551	2939	3540	4104	4159
FBGN0085195	4872	5349	4747	855	1968	660
FBGN0264301	48	27	17	17	11	18
FBGN0031547	111	147	21	60	29	28
FBGN0028926	2211	2095	1615	2030	2200	2289
FBGN0051851	11	16	16	27	0	7
FBGN0032788	24	10	52	33	14	25
FBGN0259953	0	25	5	4	10	0
FBGN0031466	38	96	36	16	34	28
FBGN0000053	9144	10021	7144	9503	10963	10759
FBGN0032699	647	583	533	562	649	748
FBGN0032296	3062	2476	2093	2375	2377	2400
FBGN0267726	18	0	9	0	0	0
FBGN0031836	1149	1350	890	1152	1198	1503
FBGN0032749	88	58	95	81	73	28
FBGN0032372	31	19	30	11	10	5
FBGN0015316	140	222	79	104	87	71
FBGN0032780	44	15	56	21	33	46
FBGN0032700	529	428	408	353	449	419
FBGN0051718	15	46	51	23	8	21
FBGN0051848	16	23	6	7	8	2
FBGN0263933	7583	8041	5754	6992	8068	7370
FBGN0031947	8313	9258	6940	8014	8630	8118
FBGN0032303	27	14	29	52	2	16
FBGN0085191	20	81	43	12	12	50
FBGN0054043	7	0	16	6	10	31
FBGN0032111	7	5	2	0	12	2
FBGN0053840	12	12	3	0	7	6
FBGN0032987	84411	97897	70484	61909	72972	70998
FBGN0032176	89	47	62	53	16	45
FBGN0261068	2334	2395	1977	1913	2189	2472
FBGN0265968	1029	1201	848	659	709	624
FBGN0028986	51	1	21	11	44	4
FBGN0031753	10	0	25	1	0	6
FBGN0003961	44	12	39	5	18	12
FBGN0053832	27	30	26	0	0	0
FBGN0031497	16318	17811	14356	12026	12943	13111
FBGN0031558	84	32	29	28	19	4
FBGN0023091	38	46	32	23	42	40
FBGN0032858	1309	1572	1156	1398	1659	1416
FBGN0051797	325	241	236	59	74	106
FBGN0042126	189	104	66	38	48	27
FBGN0016978	7256	6778	6047	8743	9528	10421
FBGN0031289	70	41	8	18	5	20
FBGN0085343	258	202	171	186	235	166
FBGN0011272	94378	101058	77321	80598	91993	101776
FBGN0262621	3	5	9	0	1	1
FBGN0031608	1571	1713	1224	1466	1731	1578
FBGN0051611	35	20	31	41	21	18
FBGN0043854	143	41	46	54	41	47
FBGN0032821	10971	10905	8435	12256	13148	13366
FBGN0053817	0	3	2	0	0	0
FBGN0053866	11	15	3	1	1	0
FBGN0051949	6	1	3	13	4	2
FBGN0031785	122	85	96	92	44	44
FBGN0263051	477	632	389	737	1056	1188
FBGN0032612	60	25	31	38	17	31
FBGN0031470	9	41	6	41	38	19
FBGN0085204	7	6	13	4	15	8
FBGN0086657	4198	4106	3114	3489	3927	3874
FBGN0032374	48	24	9	32	18	1
FBGN0051798	43	25	18	38	14	24
FBGN0031260	6944	7137	6036	4072	5340	5208
FBGN0040509	96	136	108	49	49	21
FBGN0032217	8419	9000	6908	6736	7427	6846
FBGN0051682	31	48	14	10	8	36
FBGN0031784	25	38	6	3	12	23
FBGN0051720	105	48	52	57	39	59
FBGN0031317	2114	2227	1687	1737	1827	1894
FBGN0025115	3	18	13	1	0	5
FBGN0031284	994	1054	697	414	640	340
FBGN0243513	276	237	258	149	133	70
FBGN0032338	105	14	44	23	0	10
FBGN0031398	1745	1690	1293	1354	1287	1562
FBGN0031562	3	29	13	17	1	18
FBGN0031752	4072	3851	3041	3672	3702	3682
FBGN0053908	17	21	17	1	3	0
FBGN0031910	146	159	177	8	6	0
FBGN0032225	34	70	48	118	77	138
FBGN0026148	1180	1253	1101	870	1111	1186
FBGN0032315	3	4	17	7	1	1
FBGN0032470	32	41	43	32	12	13
FBGN0031885	8641	8321	6744	7774	9009	8479
FBGN0263916	12558	12594	10391	10922	11655	12101
FBGN0051973	1658	1732	1275	2272	1747	1516
FBGN0259749	2995	3096	2435	2404	2861	3225
FBGN0265257	15	9	4	0	1	0
FBGN0031282	313	384	249	240	307	248
FBGN0069354	135	87	91	88	89	76
FBGN0028871	214	268	159	161	137	161
FBGN0032084	109	86	77	77	85	69
FBGN0087041	1714	1561	1327	1440	1675	1343
FBGN0263078	49	13	42	34	24	43
FBGN0016698	2364	2007	1616	2038	2209	2113
FBGN0032234	1042	1278	812	694	634	658
FBGN0032666	6851	7065	5115	6379	7416	6939
FBGN0004858	7345	7011	5132	6852	7289	6911
FBGN0261804	149	46	99	91	41	51
FBGN0002939	28	12	36	20	42	21
FBGN0031374	6357	6337	5159	6846	7870	7878
FBGN0031332	11	11	12	22	3	0
FBGN0264750	12	19	11	1	5	24
FBGN0031697	18	20	27	46	11	12
FBGN0041182	2472	2293	1902	2784	3306	2723
FBGN0032787	611	620	456	344	433	391
FBGN0031865	281	162	165	48	47	62
FBGN0031515	172	165	112	98	62	34
FBGN0031457	1309	1276	1077	701	797	937
FBGN0004363	37393	37229	29128	28169	31069	32522
FBGN0261054	6	10	4	0	0	0
FBGN0010323	112	57	59	70	22	25
FBGN0032042	676	730	605	752	679	840
FBGN0032067	74	85	85	36	48	59
FBGN0262352	5	16	11	14	24	4
FBGN0032833	9358	10117	8725	6898	8540	9201
FBGN0032586	21024	19209	17196	13591	15877	16666
FBGN0259717	472	569	369	372	484	353
FBGN0028546	3577	3912	2772	2838	2846	2956
FBGN0002936	29	28	7	26	5	12
FBGN0053865	3	45	19	27	0	1
FBGN0004406	1955	1971	1599	1378	1457	1637
FBGN0028410	9	25	26	37	29	23
FBGN0261983	2774	3280	2318	2961	3230	2845
FBGN0051816	8	5	4	13	13	0
FBGN0031281	2198	1836	1599	1927	2245	2196
FBGN0016660	465	398	407	144	202	375
FBGN0019932	1822	1889	1641	1159	1362	1060
FBGN0031513	100	56	36	24	25	28
FBGN0032626	13	71	18	1	9	2
FBGN0032923	5132	5283	4584	3756	4150	3923
FBGN0032259	798	780	673	688	608	555
FBGN0031580	9	14	10	5	9	0
FBGN0085476	61	41	4	6	17	17
FBGN0051950	469	422	305	152	288	282
FBGN0031874	519	488	275	204	373	238
FBGN0051802	7	8	10	1	4	0
FBGN0051659	15	8	12	20	6	0
FBGN0041181	3206	3574	2532	4615	4470	4390
FBGN0286875	23	6	8	2	2	0
FBGN0001990	1732	1735	1376	1670	2009	1818
FBGN0031673	4818	5013	3838	4356	4861	4790
FBGN0004915	5611	6548	4853	4022	4342	3914
FBGN0263198	23514	24158	18951	21598	24491	24169
FBGN0032597	2105	2051	1725	791	970	1043
FBGN0028864	116	113	80	5	4	42
FBGN0031663	1857	1837	1294	2315	2050	2520
FBGN0031436	2763	2903	2421	2175	2326	2445
FBGN0032485	2380	2123	1819	2020	2460	2705
FBGN0053526	12477	12536	10275	12322	13477	13523
FBGN0032734	36	43	41	22	22	8
FBGN0250906	14083	13883	11194	12151	12919	14216
FBGN0027505	2203	2253	1905	1731	2011	2098
FBGN0005771	11002	11193	8141	10547	12023	12043
FBGN0032140	498	607	340	122	187	239
FBGN0053822	1771	2447	1661	995	1590	1088
FBGN0265669	28	20	11	6	0	0
FBGN0031564	23	22	38	1	7	15
FBGN0028850	19	18	21	12	4	0
FBGN0032752	80	74	77	50	63	73
FBGN0005683	1547	1431	844	912	1040	1019
FBGN0028526	83	57	24	74	5	16
FBGN0262001	26	50	8	6	2	4
FBGN0283525	1063	1151	793	1072	1204	1134
FBGN0025595	99	49	64	30	15	12
FBGN0261058	14	27	24	5	1	14
FBGN0032859	9011	9124	6593	5879	7174	6627
FBGN0085342	405	366	282	337	320	430
FBGN0259111	272	330	218	136	120	96
FBGN0028970	872	993	750	485	517	647
FBGN0028902	34	40	48	36	9	0
FBGN0025697	116	120	95	49	48	34
FBGN0053881	0	15	0	0	0	0
FBGN0032404	6648	7599	5658	5023	5556	5273
FBGN0002044	11734	12242	9844	12647	14529	14958
FBGN0043539	0	18	1	2	8	0
FBGN0032385	15	8	6	8	2	0
FBGN0031971	1144	1397	818	1505	1420	1943
FBGN0015621	2158	2014	1874	1648	1654	1893
FBGN0259176	23679	22439	17454	30752	32842	31803
FBGN0263081	37	29	16	19	14	18
FBGN0023388	6046	6248	5107	5614	6860	5954
FBGN0028525	28	26	33	28	41	13
FBGN0032221	289	310	155	272	273	284
FBGN0031453	74123	73463	65618	54808	56451	57917
FBGN0086347	6907	6621	5242	7066	7854	7441
FBGN0031992	781	968	785	327	531	379
FBGN0263322	0	3	1	0	9	9
FBGN0002023	92	101	64	124	52	24
FBGN0085202	7	5	17	4	2	0
FBGN0031957	995	1084	793	808	549	903
FBGN0031814	1738	1930	1597	2033	2214	2154
FBGN0032149	1668	1572	1175	1133	1003	1051
FBGN0263773	1437	1741	1315	632	1095	1052
FBGN0032032	387	416	273	396	232	306
FBGN0001961	7000	7348	5490	5010	5769	6103
FBGN0259989	2	8	2	3	6	0
FBGN0031492	6783	6013	5844	5942	6205	6457
FBGN0032129	417	322	326	152	79	80
FBGN0267689	21	34	31	37	8	23
FBGN0053129	19533	21401	16758	15685	17674	18439
FBGN0031403	2296	2548	1974	1211	1134	1080
FBGN0028481	136	76	77	31	28	33
FBGN0262878	8	8	5	0	0	4
FBGN0028838	24	15	32	11	3	20
FBGN0031756	145	100	105	100	52	56
FBGN0065108	37	55	73	21	23	29
FBGN0025608	4158	4928	3728	4131	4180	4781
FBGN0085470	6096	5053	4424	3999	4266	4459
FBGN0032774	1692	1973	1625	2071	2493	3062
FBGN0028863	193	125	126	81	81	33
FBGN0032964	65	97	82	97	99	81
FBGN0250844	19	5	16	0	19	10
FBGN0031321	763	783	683	892	792	1019
FBGN0025678	16353	17535	13448	13774	14328	15850
FBGN0032894	21	22	6	4	13	4
FBGN0010583	2823	3094	2209	3572	3704	4013
FBGN0284244	4222	4204	3580	3332	4023	4042
FBGN0028938	112	161	141	34	23	66
FBGN0031235	56	15	49	26	34	29
FBGN0031719	10	15	9	1	11	3
FBGN0032618	969	944	858	1109	1036	1185
FBGN0262876	15	6	9	1	4	5
FBGN0032946	52	52	66	26	13	27
FBGN0260407	1073	1557	912	962	998	784
FBGN0053837	10	12	3	0	7	6
FBGN0031351	1001	966	745	587	634	505
FBGN0062978	4	10	11	15	44	2
FBGN0032638	86	68	48	60	62	16
FBGN0032523	29	0	7	15	2	0
FBGN0260861	673	969	582	476	605	553
FBGN0032845	428	466	374	288	398	379
FBGN0032988	7667	8419	6697	4513	5323	4860
FBGN0032751	1090	1483	940	829	726	943
FBGN0054011	23	6	29	2	2	0
FBGN0053635	442	582	514	295	505	481
FBGN0051635	6912	6492	5680	10174	11134	10421
FBGN0032335	77	78	81	53	117	75
FBGN0027348	120	198	100	72	43	59
FBGN0031315	770	837	604	552	765	584
FBGN0032705	4556	4757	3249	3941	4561	4757
FBGN0262598	58	89	77	59	59	67
FBGN0083970	142	130	119	113	161	97
FBGN0032408	4912	5543	4048	3496	4471	4410
FBGN0031653	683	776	510	43	3	16
FBGN0032123	3888	3735	3232	3813	3895	4037
FBGN0264894	3049	2602	2192	1117	1114	961
FBGN0261683	14	11	10	9	2	4
FBGN0032717	14962	15295	11130	14321	15029	13464
FBGN0032444	32341	32167	27513	19771	23052	23498
FBGN0051712	3919	4782	3582	4897	5377	4697
FBGN0086707	19832	20358	15949	16869	19387	17792
FBGN0028879	104	141	123	178	128	74
FBGN0264810	8	20	31	14	9	0
FBGN0031715	63	33	23	29	18	24
FBGN0032721	13951	15002	11806	9623	11517	11140
FBGN0000056	8	16	15	6	14	7
FBGN0031724	16	24	15	23	9	8
FBGN0032966	8	0	8	3	9	2
FBGN0032013	31	48	75	3	8	9
FBGN0032910	472	438	437	429	472	445
FBGN0259713	9	0	14	5	3	2
FBGN0028947	6	9	14	11	10	19
FBGN0032198	25314	26154	20984	16744	20434	17692
FBGN0032382	324	340	235	275	231	379
FBGN0051832	17	40	24	20	12	18
FBGN0085190	2	26	4	3	8	0
FBGN0031264	8695	8726	6107	2033	3503	2376
FBGN0032549	55	30	27	19	27	1
FBGN0085370	5810	5302	4371	4851	6594	6143
FBGN0031925	81	7	37	14	21	10
FBGN0032167	807	923	713	984	994	1475
FBGN0003979	48	11	15	6	8	16
FBGN0032445	1059	1058	785	817	801	808
FBGN0032095	128	128	69	98	52	34
FBGN0040519	19	0	6	0	2	7
FBGN0053883	15	14	29	0	3	3
FBGN0051988	2	15	15	44	10	1
FBGN0031830	4224	4556	3576	2202	2457	2503
FBGN0053824	20	0	14	20	40	10
FBGN0250835	14	0	8	4	5	4
FBGN0032482	1711	1829	1138	1407	1259	1451
FBGN0264979	166	272	142	46	91	6
FBGN0000229	5170	4995	3837	3372	3848	3442
FBGN0031700	24	22	0	6	6	1
FBGN0031707	39	41	21	24	26	15
FBGN0001941	4179	3786	3100	2920	2823	2854
FBGN0051710	1995	1942	1594	1308	1521	1690
FBGN0051961	1355	1748	1095	763	919	905
FBGN0031324	31	9	16	14	2	8
FBGN0051624	13	41	27	24	8	2
FBGN0032514	11795	11204	9187	10687	11977	13016
FBGN0031563	14	8	2	1	7	6
FBGN0261800	28031	28761	22450	33323	35162	37573
FBGN0051898	310	332	258	248	287	358
FBGN0051849	655	583	478	543	474	565
FBGN0053810	2626	3368	2286	1647	2235	1797
FBGN0032609	107	2	40	42	10	12
FBGN0031849	87	142	84	45	55	42
FBGN0053002	2253	2256	1807	1690	1914	1663
FBGN0284255	4160	4628	3371	2279	3038	2920
FBGN0032363	15843	16507	12638	15718	18430	18084
FBGN0028862	113	127	58	26	39	13
FBGN0032957	5410	5177	3920	5478	6497	5913
FBGN0016920	101	171	145	123	72	59
FBGN0000964	19	71	46	29	16	28
FBGN0031406	15	13	11	8	19	35
FBGN0031345	32	24	18	12	3	6
FBGN0032077	273	429	253	193	262	223
FBGN0005590	33	7	44	20	6	4
FBGN0086251	1650	1307	1278	1791	1899	1878
FBGN0031718	42	54	27	33	8	14
FBGN0000307	17200	17566	12990	19323	21369	20580
FBGN0287599	0	1	0	1	2	1
FBGN0032339	2145	1604	1374	1562	1684	2018
FBGN0025742	5298	5252	4199	4183	4301	4907
FBGN0032680	28	46	12	15	44	5
FBGN0261563	5741	5924	4415	7888	9923	8433
FBGN0046113	104	67	126	69	58	45
FBGN0267488	36140	37439	28324	41866	44361	44654
FBGN0031474	3342	3203	2489	2827	3021	3025
FBGN0051735	49	27	79	26	15	28
FBGN0001142	2943	2888	2544	298	517	458
FBGN0032629	481	622	330	397	615	501
FBGN0261020	1844	2150	1572	1344	1572	1531
FBGN0032424	37	54	17	42	19	18
FBGN0032292	1913	2022	1872	1175	1156	1496
FBGN0261057	3	0	3	1	0	0
FBGN0261822	9603	8429	7310	6943	7791	7083
FBGN0032078	1813	1766	1853	2148	2160	2143
FBGN0031239	701	822	524	1079	1185	956
FBGN0259922	0	14	6	20	0	0
FBGN0031848	768	844	677	548	658	553
FBGN0014189	30014	29789	24519	25345	27021	28479
FBGN0010398	800	1033	780	721	716	766
FBGN0027560	91	173	142	51	96	14
FBGN0031868	9978	10181	8304	7494	8570	8203
FBGN0041337	30	37	11	28	26	12
FBGN0031941	14	5	5	14	8	9
FBGN0039958	3962	4030	3630	3361	4204	3736
FBGN0040079	2036	2306	1664	2131	1919	2111
FBGN0031320	2739	3466	2168	494	434	762
FBGN0032519	100	101	57	24	61	48
FBGN0032089	30	39	40	7	12	19
FBGN0260452	26	6	11	5	16	9
FBGN0010300	39808	38834	31477	50242	51339	53513
FBGN0027868	8087	8256	6202	7329	8165	9370
FBGN0003557	6990	7733	5505	7993	8755	9594
FBGN0020376	9	47	11	8	27	19
FBGN0051806	29	0	12	5	7	0
FBGN0002022	11932	12133	8873	10163	11410	12084
FBGN0262601	6224	6774	4772	7200	8969	9230
FBGN0051779	7	27	6	3	8	3
FBGN0032436	47	99	70	16	27	11
FBGN0031367	17	14	0	9	5	14
FBGN0259984	15721	16116	12785	19224	21906	20381
FBGN0262782	6948	7827	6015	5163	5230	5763
FBGN0032689	4857	5665	4471	3933	4141	4320
FBGN0001995	2081	2333	1912	1393	1696	1582
FBGN0051693	62	62	28	42	17	8
FBGN0032488	5113	5114	3937	3635	4518	4248
FBGN0020762	674	677	439	605	807	808
FBGN0032856	202	335	102	412	164	190
FBGN0032750	803	842	642	583	574	740
FBGN0031774	1187	881	793	777	765	1010
FBGN0032224	1503	1594	1336	1060	1051	908
FBGN0051871	73	102	69	98	38	54
FBGN0027515	2714	3220	2365	2317	2781	2863
FBGN0031869	202	130	166	85	122	86
FBGN0264988	7	0	4	0	0	4
FBGN0031435	617	748	472	514	677	791
FBGN0261671	21334	21757	16512	23825	28072	25729
FBGN0004838	64993	63566	51524	70139	73518	83353
FBGN0028948	32	24	22	7	7	3
FBGN0032015	6148	6856	5103	4989	6346	5530
FBGN0263842	5	15	4	0	5	3
FBGN0031654	330	298	214	116	43	173
FBGN0032478	98	86	48	48	7	18
FBGN0261566	0	10	14	9	5	16
FBGN0031940	55	70	57	23	20	15
FBGN0040993	309	298	323	59	28	66
FBGN0031423	8	7	57	16	24	2
FBGN0031268	3128	3145	2764	1922	2261	2345
FBGN0028878	110	74	98	47	43	33
FBGN0053302	311	142	102	99	68	61
FBGN0003896	2039	2324	1573	1755	2252	2336
FBGN0032624	34	2	14	5	3	6
FBGN0051861	16	19	15	7	0	12
FBGN0053838	27	30	26	0	0	0
FBGN0026395	18	34	63	6	5	6
FBGN0031561	39	26	26	14	1	0
FBGN0032882	3170	3356	2518	3106	3604	3741
FBGN0032688	5635	5878	4447	5294	6072	5783
FBGN0031265	1984	2515	2033	1997	1747	1913
FBGN0001991	213	179	170	200	155	199
FBGN0260486	6202	6692	5088	7278	8965	7553
FBGN0040510	129	117	98	81	66	35
FBGN0031381	420	463	394	281	235	353
FBGN0028540	2105	2180	1627	2842	2846	3036
FBGN0262856	16	0	6	1	6	3
FBGN0032814	2132	2001	1613	2100	2551	2402
FBGN0028645	45	31	5	18	9	6
FBGN0032172	5418	4849	3700	3941	4686	4234
FBGN0031228	1966	2639	2145	1000	1236	1027
FBGN0042127	4425	4275	3271	3063	3396	2951
FBGN0031568	249	195	200	127	69	24
FBGN0003942	75130	88730	61698	90266	106937	117090
FBGN0283427	6309	6158	5298	8031	8149	8735
FBGN0032293	4435	4357	3527	2447	2385	2543
FBGN0032901	2757	2712	2209	3121	3326	2997
FBGN0032513	1731	1678	1623	1261	1596	1331
FBGN0032030	4077	4678	3045	3147	3877	3359
FBGN0032061	30	26	33	35	25	14
FBGN0051897	272	222	157	171	197	99
FBGN0005322	2621	2738	2357	1884	2451	2209
FBGN0053886	2	1	0	1	0	3
FBGN0032076	188	281	218	91	116	117
FBGN0031954	20	62	14	14	6	7
FBGN0003386	124	52	61	60	17	40
FBGN0004242	158	257	126	144	268	102
FBGN0031270	505	545	467	443	358	374
FBGN0040260	87	59	79	41	9	38
FBGN0032834	19	8	19	1	9	7
FBGN0051706	16	3	37	5	17	5
FBGN0032039	10	33	26	12	38	12
FBGN0053299	33	12	7	37	3	5
FBGN0051660	184	139	111	74	136	116
FBGN0027609	3730	3921	2665	2790	2979	2936
FBGN0031430	6	12	12	5	24	7
FBGN0032665	9	6	12	25	6	13
FBGN0003310	5391	4883	3623	6220	7991	6966
FBGN0031273	1048	557	531	293	192	225
FBGN0051813	0	15	6	4	7	17
FBGN0260996	11	0	9	1	7	5
FBGN0003313	15	20	40	8	6	0
FBGN0032216	7138	7706	5412	5408	6489	6181
FBGN0032395	2899	2999	2121	2807	3107	3316
FBGN0264260	11	2	58	3	8	8
FBGN0031407	24	18	20	12	8	1
FBGN0051627	93	123	54	40	52	28
FBGN0040725	30	0	14	20	0	41
FBGN0000146	228	202	80	133	129	86
FBGN0031314	2812	2674	1994	2062	2208	2451
FBGN0002887	3582	4198	2569	3098	3388	2547
FBGN0031664	3712	4051	2657	3439	3676	3695
FBGN0040989	16	11	1	9	0	0
FBGN0031751	29	11	10	19	2	1
FBGN0051639	8	0	5	8	10	3
FBGN0000351	522	564	477	418	293	513
FBGN0031902	1443	1408	1438	930	1346	1323
FBGN0020258	136	170	125	112	96	38
FBGN0031279	69	50	23	45	40	15
FBGN0031626	73	49	26	52	34	18
FBGN0011737	3396	3641	2799	3982	3968	4514
FBGN0017551	3554	3614	2689	2820	3061	3294
FBGN0263598	9119	8394	7165	8262	9317	10100
FBGN0031881	466	507	438	252	362	294
FBGN0051935	1290	1650	1148	1124	1229	1436
FBGN0085210	8	9	31	4	13	1
FBGN0260479	137	159	138	87	62	27
FBGN0261567	15	16	31	7	1	3
FBGN0053533	12	18	20	12	6	4
FBGN0263386	1	0	0	0	0	3
FBGN0051960	60	39	39	115	174	96
FBGN0000120	24	15	11	24	31	7
FBGN0000273	2618	2620	2425	3927	3812	4470
FBGN0267254	1	7	4	4	2	1
FBGN0024244	2910	2878	2108	1522	1958	2102
FBGN0032265	42	8	33	12	10	13
FBGN0260632	4921	5014	3914	6128	6482	5992
FBGN0032040	6	28	8	12	19	2
FBGN0031777	1201	1335	925	978	1241	920
FBGN0032836	22	6	34	35	24	29
FBGN0040723	35	17	19	39	23	13
FBGN0261509	2622	2900	2178	1524	1971	1710
FBGN0015600	5108	5581	3995	8061	8458	8632
FBGN0053128	57	50	62	64	22	14
FBGN0051664	71	16	27	28	45	5
FBGN0032094	89	15	26	47	1	21
FBGN0026760	72	67	44	17	12	17
FBGN0031454	1418	1446	1174	692	780	982
FBGN0031973	1055	963	928	1428	1551	1556
FBGN0028506	5468	6107	4595	3314	3447	2698
FBGN0031323	0	17	6	13	7	0
FBGN0032390	2602	2543	1968	1834	2077	2438
FBGN0085424	27087	25891	19048	38060	41082	43271
FBGN0015791	1910	1994	1804	1594	1973	1909
FBGN0028940	107	80	100	36	16	21
FBGN0000529	57	23	35	66	8	21
FBGN0031500	775	872	661	454	554	543
FBGN0053863	2	10	3	1	1	0
FBGN0032289	35	29	17	32	15	10
FBGN0283682	25432	24478	19561	20650	23173	20939
FBGN0032843	144	133	115	77	125	97
FBGN0267326	7215	4141	4396	1838	1462	2284
FBGN0031856	15	3	10	36	13	26
FBGN0032196	1968	2145	1616	1252	1398	1353
FBGN0250907	127402	138179	106293	89533	112673	95294
FBGN0031974	55	90	53	76	20	79
FBGN0041713	729	945	568	254	394	209
FBGN0051865	1666	2059	1417	2411	2550	2632
FBGN0085477	1	17	26	8	7	21
FBGN0001967	58	55	128	31	45	54
FBGN0001185	2568	2866	1999	2595	3045	2630
FBGN0053872	4	2	16	2	2	6
FBGN0032083	103	62	25	30	35	11
FBGN0032728	2106	2837	1832	1459	1878	1461
FBGN0024846	2671	2315	2118	1499	1478	1852
FBGN0015031	3449	3892	2823	2127	2108	1977
FBGN0015553	1750	2028	1337	1934	2193	2264
FBGN0031759	22440	23309	18424	25111	27779	28391
FBGN0046704	5801	5821	4652	7859	8122	9039
FBGN0259955	15	5	0	9	3	3
FBGN0032726	238	263	151	86	87	67
FBGN0040211	51	19	60	31	23	1
FBGN0051862	2	1	7	8	5	2
FBGN0031732	26	14	57	40	3	14
FBGN0022153	8705	8513	6854	8153	9066	8397
FBGN0046888	16	1	24	28	8	16
FBGN0052829	447	554	412	502	754	547
FBGN0053803	50	14	11	8	5	2
FBGN0040064	5861	5921	4724	5628	6904	7797
FBGN0031305	47	80	47	25	22	5
FBGN0031443	11	25	9	0	1	8
FBGN0032640	10323	10467	7780	7743	9133	8866
FBGN0003980	85	86	71	51	22	30
FBGN0031327	2237	2358	1539	508	687	595
FBGN0032189	618	666	520	469	497	529
FBGN0031979	648	475	442	311	369	318
FBGN0262960	11	0	5	2	0	2
FBGN0028979	5543	6140	4129	6261	6683	7205
FBGN0032072	24	18	13	7	13	24
FBGN0031229	6112	6917	5014	3659	5158	3986
FBGN0086698	3955	3787	3204	3366	3663	3953
FBGN0031621	36	6	21	8	4	0
FBGN0021874	3823	3956	3079	3473	3817	4002
FBGN0051683	2187	2228	1784	2098	1995	2019
FBGN0032399	167	112	171	88	77	134
FBGN0032851	30	39	8	22	28	2
FBGN0032127	60	54	34	58	25	18
FBGN0067312	0	9	4	9	2	4
FBGN0053890	5	21	5	0	0	0
FBGN0032741	8	35	22	24	13	9
FBGN0026439	65	67	51	32	10	41
FBGN0032429	3800	3516	3450	1766	2226	2135
FBGN0053282	45	56	56	61	35	22
FBGN0032908	290	223	201	211	252	204
FBGN0031526	17	40	2	9	16	0
FBGN0032713	2370	1997	1679	2240	2389	2820
FBGN0032233	113	197	108	122	76	108
FBGN0051752	34	141	28	17	46	12
FBGN0031432	115	59	46	60	25	22
FBGN0032603	98	144	72	38	16	31
FBGN0032934	1945	1846	1439	1675	2145	1945
FBGN0261437	1476	2041	1548	798	1387	1058
FBGN0031681	5506	5491	4584	6385	6784	6851
FBGN0003145	37	26	47	50	40	33
FBGN0027779	4465	4220	4010	3705	4571	4947
FBGN0031643	13458	12957	11820	4406	4965	4720
FBGN0020443	29509	28968	23491	20265	23073	22828
FBGN0053858	282	199	126	62	98	107
FBGN0032345	16	50	12	11	8	8
FBGN0086446	2141	2126	1568	698	943	964
FBGN0259963	9	9	0	2	0	0
FBGN0031401	6167	7194	5193	6265	6501	6789
FBGN0086443	12413	12269	10028	8663	9728	9984
FBGN0031985	7309	7213	5237	5795	7241	7340
FBGN0000308	65374	62874	52077	37697	39833	41025
FBGN0024352	28896	28727	22209	21241	22558	22200
FBGN0051800	1490	1672	1242	1038	1098	1155
FBGN0250837	9891	10393	8284	8667	9030	10463
FBGN0029095	8596	8519	7097	8892	9155	9893
FBGN0266845	36	12	0	0	9	0
FBGN0053640	26	23	1	11	7	8
FBGN0051703	108	54	29	78	55	32
FBGN0032651	34	18	22	33	9	7
FBGN0031604	2201	2384	1811	1713	1804	1930
FBGN0032692	43	8	16	40	19	12
FBGN0032407	2771	3355	2422	2844	3060	3574
FBGN0015299	1772	2190	1376	1050	1264	1068
FBGN0026718	45	15	17	17	8	40
FBGN0032170	5156	5148	3841	4987	4929	5601
FBGN0032204	1082	1006	759	738	756	781
FBGN0267486	44	41	92	15	15	36
FBGN0031413	551	482	422	622	606	696
FBGN0032649	79	50	109	43	10	16
FBGN0032055	41	81	39	17	24	13
FBGN0284248	6382	5679	4967	4781	5278	5300
FBGN0028888	70	143	133	123	64	63
FBGN0052988	68	16	21	29	7	26
FBGN0288229	10883	11068	8792	7701	7958	8504
FBGN0031501	0	0	6	6	17	5
FBGN0032305	14743	13966	10855	16892	17471	16855
FBGN0032719	24	85	21	26	29	15
FBGN0032723	11371	11964	9048	17176	18512	16505
FBGN0026196	19295	20707	16276	17822	20755	21950
FBGN0027780	1345	1136	852	1072	1172	1157
FBGN0027932	140331	142087	110342	117904	132659	131230
FBGN0014092	4142	3916	3146	3139	3564	3351
FBGN0028852	19	21	33	27	13	34
FBGN0053179	57	34	24	47	18	6
FBGN0028515	4970	5377	3920	3729	4843	4176
FBGN0031676	913	861	639	454	457	479
FBGN0032907	779	729	639	976	1001	969
FBGN0287695	130	131	80	36	71	80
FBGN0051928	38	54	37	18	25	4
FBGN0031256	5063	4714	3647	4371	5460	5067
FBGN0031701	7	18	7	4	6	0
FBGN0032268	110	88	53	259	128	150
FBGN0053820	0	3	2	0	0	0
FBGN0040268	3145	3747	2673	3521	3812	3932
FBGN0263996	149	147	129	196	189	111
FBGN0027490	1764	1600	1332	1881	2025	2067
FBGN0053516	71	12	62	27	13	18
FBGN0051778	196	134	100	11	54	28
FBGN0051644	14	6	7	20	0	2
FBGN0040996	4	4	6	3	0	3
FBGN0040973	34	91	56	146	156	50
FBGN0031942	30	55	26	37	18	10
FBGN0031529	3361	3778	2909	2509	2737	3001
FBGN0260439	26840	27400	21394	22230	23523	24233
FBGN0266666	8598	9246	6588	7566	7906	8233
FBGN0031209	68	52	61	76	63	26
FBGN0028700	3458	3693	2856	3445	3350	3721
FBGN0031531	22	0	10	5	3	4
FBGN0004611	4658	4540	3466	4980	5667	5191
FBGN0032456	14065	14920	11853	8814	9465	8705
FBGN0032873	2248	3096	2099	1985	2186	2042
FBGN0053833	20	0	0	2	0	0
FBGN0031905	51	135	21	36	23	11
FBGN0031397	161	142	133	106	100	66
FBGN0032219	90	56	39	23	33	18
FBGN0284223	17	33	7	13	15	11
FBGN0053853	1	15	6	9	0	0
FBGN0264443	603	694	543	649	530	618
FBGN0261790	4717	4842	4265	3010	3475	3221
FBGN0028430	346	504	307	72	51	18
FBGN0053873	10	8	19	0	1	0
FBGN0261055	6	0	24	8	2	0
FBGN0028894	552	407	499	327	476	387
FBGN0053871	10	13	19	0	1	0
FBGN0032243	1798	1626	1403	1186	1436	1263
FBGN0031694	23	33	49	7	34	2
FBGN0031248	273	299	224	64	61	65
FBGN0002563	25436	28497	21001	10659	13634	6766
FBGN0051913	12	11	24	46	76	35
FBGN0010288	5530	6569	4264	4816	5760	5626
FBGN0053296	98	51	54	31	40	34
FBGN0032979	10874	10648	8427	9347	10781	11156
FBGN0032707	48	57	4	31	7	26
FBGN0263355	7331	7220	5806	9274	9010	10175
FBGN0051609	2	15	30	7	3	4
FBGN0032625	4	8	20	11	10	12
FBGN0262857	4	5	6	9	7	4
FBGN0032848	7164	6872	5442	5628	6004	5986
FBGN0031970	66	33	39	28	16	46
FBGN0032291	112	119	81	89	80	84
FBGN0031930	36	10	27	38	16	6
FBGN0053003	113	174	66	78	57	42
FBGN0032229	6057	5222	4338	3295	3847	4042
FBGN0032136	741	616	454	325	252	200
FBGN0032472	5	10	20	22	0	0
FBGN0053117	5	2	16	0	0	0
FBGN0040009	3098	3124	2247	1831	2327	2017
FBGN0032422	123	39	82	65	82	73
FBGN0259683	157	145	200	45	45	44
FBGN0083938	102	100	68	13	60	1
FBGN0032647	89	47	86	54	31	20
FBGN0051901	198	146	292	32	63	133
FBGN0051815	713	727	548	844	999	747
FBGN0031799	7062	6406	5573	7122	7231	7600
FBGN0032360	13	10	15	12	1	7
FBGN0031377	5769	5194	4577	7491	7852	7628
FBGN0032511	694	1167	737	738	869	915
FBGN0053827	20	0	12	20	36	10
FBGN0011239	26	0	25	11	2	9
FBGN0001992	102	55	23	21	18	7
FBGN0032642	1047	985	824	441	541	640
FBGN0042133	79	79	43	38	78	28
FBGN0264544	14	10	9	8	0	0
FBGN0032029	1376	1471	1096	1140	1033	1136
FBGN0041247	41	27	34	27	23	49
FBGN0032047	448	447	278	253	191	265
FBGN0031333	12	40	28	14	24	16
FBGN0266363	9	2	2	15	1	6
FBGN0261560	660	886	498	238	317	239
FBGN0026438	124	60	61	79	19	38
FBGN0032075	82	79	53	65	25	10
FBGN0051676	63	18	78	12	8	55
FBGN0040011	10469	10564	8190	6858	8817	7286
FBGN0040099	91	40	45	25	4	37
FBGN0053894	5	21	5	0	0	0
FBGN0016122	215	241	192	109	159	229
FBGN0002543	28289	28834	21485	29671	33928	34529
FBGN0031808	8	36	23	38	35	35
FBGN0032051	5548	5407	4246	4394	5032	5001
FBGN0028853	25	14	1	22	21	0
FBGN0032631	83	106	87	105	57	56
FBGN0031361	702	1043	596	403	435	530
FBGN0031455	911	926	740	776	689	846
FBGN0032965	33	66	21	18	9	14
FBGN0004583	39966	40534	29059	47770	50884	51220
FBGN0031820	18855	18551	13804	23726	26455	25620
FBGN0032729	578	749	518	577	605	618
FBGN0261628	40	52	38	12	17	7
FBGN0031702	115	186	128	70	89	25
FBGN0031548	24	38	40	54	20	21
FBGN0031765	59	44	69	36	37	48
FBGN0053309	57	2	43	60	22	4
FBGN0051974	54	58	32	36	28	9
FBGN0026398	40	20	37	33	3	13
FBGN0051956	129	47	103	14	22	15
FBGN0262356	17	0	2	4	1	10
FBGN0260954	5146	5564	5107	764	1392	425
FBGN0283442	85	73	36	70	46	16
FBGN0032524	1166	1188	934	795	785	806
FBGN0032596	5534	7965	5127	3953	5188	4298
FBGN0021944	3651	3694	3372	2468	2814	2676
FBGN0051742	100	41	36	128	69	53
FBGN0259896	1526	1364	947	265	289	209
FBGN0031873	1140	1288	937	761	1107	1035
FBGN0043362	3644	3382	2592	3816	4122	4476
FBGN0053829	0	3	2	0	0	0
FBGN0032209	24	4	7	15	12	39
FBGN0031245	1877	2269	1845	2018	2277	2474
FBGN0026319	1346	1543	1175	814	1146	1104
FBGN0032387	40	13	41	42	32	16
FBGN0031824	787	692	613	333	494	532
FBGN0015521	24675	28525	20961	16628	18841	19394
FBGN0031535	1437	1496	1159	1110	1285	1325
FBGN0032228	68	28	20	8	35	32
FBGN0023416	1386	1313	1000	781	732	859
FBGN0000251	56	57	31	29	21	2
FBGN0032125	27	28	24	0	17	6
FBGN0053878	0	0	0	0	0	0
FBGN0032188	67	6	10	46	10	12
FBGN0010309	1732	1754	1304	1627	1877	1944
FBGN0032972	15	33	0	3	11	2
FBGN0032264	161	17	42	60	36	36
FBGN0020305	4642	4255	3348	2971	3556	3522
FBGN0284220	61250	61858	48991	63646	70678	70055
FBGN0032684	313	324	208	66	73	28
FBGN0027070	62	63	106	27	25	22
FBGN0031467	6	32	8	27	4	4
FBGN0001987	20080	19732	15504	16771	19370	19704
FBGN0261648	21268	21366	16927	29793	33106	32708
FBGN0032538	1733	2404	1419	2921	2743	2999
FBGN0023496	110	73	95	19	12	8
FBGN0031646	24	38	57	86	26	19
FBGN0032105	4302	4820	3406	5496	5568	6914
FBGN0032811	319	191	258	282	344	253
FBGN0010407	177	217	111	104	45	53
FBGN0287596	27	24	12	7	0	22
FBGN0032484	68	127	75	62	27	20
FBGN0031851	3393	3333	2778	2218	2760	2798
FBGN0028412	37	0	19	3	31	17
FBGN0262875	24	16	13	0	0	0
FBGN0031479	2112	2236	1861	1194	1392	1177
FBGN0032415	14	23	25	23	10	9
FBGN0259959	0	4	7	7	3	6
FBGN0015663	490	605	359	346	526	446
FBGN0032733	36	51	30	40	18	20
FBGN0031214	336	393	220	313	261	309
FBGN0031620	133	92	124	26	29	3
FBGN0028572	175	97	142	103	39	77
FBGN0011638	25703	23722	19951	19285	21052	23524
FBGN0001137	69	113	66	38	59	56
FBGN0031512	96	65	57	2	19	0
FBGN0000442	92	51	40	53	13	37
FBGN0263873	6107	5741	4665	7096	8904	8188
FBGN0032613	111	44	90	60	18	52
FBGN0032535	52	26	45	93	69	82
FBGN0015777	8609	9198	7256	9713	11451	10958
FBGN0032768	39	26	38	8	4	15
FBGN0031518	59	95	34	65	92	64
FBGN0004837	2810	2804	2098	2281	2538	2376
FBGN0031733	20	57	39	32	17	21
FBGN0086265	87	129	55	71	52	78
FBGN0032362	141	95	53	66	61	29
FBGN0028513	101	59	39	52	42	17
FBGN0031815	1829	1585	1425	1212	1639	1610
FBGN0031998	155	101	194	222	230	219
FBGN0028523	231	435	360	99	147	189
FBGN0031391	1746	1824	1360	1060	1531	1459
FBGN0003346	17789	18903	14847	13086	15583	14374
FBGN0027496	3439	3536	2777	2760	3258	3747
FBGN0052986	23	68	30	18	3	3
FBGN0028856	55	22	11	20	1	13
FBGN0260955	32	50	2	10	8	0
FBGN0031410	29	41	27	13	13	9
FBGN0263038	1468	1190	970	1242	1280	1075
FBGN0042186	6	28	8	3	15	4
FBGN0032793	1136	1003	779	571	735	758
FBGN0021800	1396	1160	974	1426	1376	1527
FBGN0032643	15308	17028	12857	16332	18057	19039
FBGN0053812	42	14	9	6	17	4
FBGN0261458	18519	19643	15477	14582	17280	16658
FBGN0032197	5045	4774	4251	3578	4480	3866
FBGN0031219	32	29	10	8	5	0
FBGN0031600	1440	1699	1254	680	895	854
FBGN0032754	27	76	71	76	18	4
FBGN0032494	23	8	28	24	0	15
FBGN0031372	15	29	10	36	18	10
FBGN0045501	2	32	15	19	4	8
FBGN0263027	200	187	106	145	138	91
FBGN0053806	53	16	9	8	16	2
FBGN0031504	26	20	44	16	13	20
FBGN0086451	10638	11196	8178	10810	12405	13241
FBGN0051697	141	144	114	87	162	128
FBGN0053856	1	15	6	9	0	0
FBGN0026373	3629	3820	2885	2836	3647	3928
FBGN0027550	117	37	41	25	13	58
FBGN0000114	132	92	120	75	65	66
FBGN0031559	0	0	10	10	3	2
FBGN0032200	6196	5965	4887	3751	4123	3641
FBGN0031909	3130	3246	2592	2085	2348	2289
FBGN0261278	13737	15561	11641	15330	17700	18651
FBGN0032130	646	701	535	575	785	728
FBGN0028945	53	15	11	16	4	10
FBGN0032911	92	105	40	39	52	45
FBGN0039972	461	526	477	258	184	196
FBGN0010473	11229	11275	8833	15932	16436	16908
FBGN0262467	1932	2120	1647	1372	1439	1314
FBGN0026390	18	33	21	21	31	7
FBGN0031585	30	51	15	21	11	24
FBGN0000370	56043	62001	46461	32297	37632	35816
FBGN0031860	22	34	9	13	15	3
FBGN0015609	6225	6286	4945	5751	7608	7163
FBGN0031652	309	420	211	233	298	344
FBGN0040228	631	697	533	471	455	538
FBGN0028530	1157	1123	705	820	704	1069
FBGN0032223	6496	6086	5187	5542	6236	5980
FBGN0259952	25	6	14	5	0	1
FBGN0032008	23	35	28	6	4	0
FBGN0032401	344	384	265	318	352	481
FBGN0032120	9092	9580	7181	14396	15487	15659
FBGN0031434	1161	1265	902	1065	1181	1271
FBGN0262018	120	92	96	106	69	63
FBGN0051759	1030	1026	641	804	857	734
FBGN0027509	7178	8010	5652	6124	6734	6857
FBGN0020304	8430	7742	6289	7343	7920	8359
FBGN0011708	4759	5196	3699	3837	4152	4310
FBGN0032214	3982	3337	2777	3210	3324	3880
FBGN0024285	16578	16503	12840	12643	13965	14282
FBGN0051677	22	1	0	16	9	2
FBGN0283728	52	26	9	24	14	12
FBGN0000339	2290	2484	1996	1234	1160	1253
FBGN0260454	38	1	24	14	8	33
FBGN0266364	18	14	4	11	5	2
FBGN0028965	4065	4511	3417	3474	3737	3331
FBGN0263235	56	4	27	30	10	17
FBGN0032132	3832	3559	3228	3954	4531	4353
FBGN0031734	267	146	152	96	100	70
FBGN0031782	2110	2376	1550	1659	1902	2027
FBGN0032536	80	90	124	45	79	18
FBGN0031426	104	110	62	95	102	42
FBGN0010382	6018	6361	4133	5374	5782	6080
FBGN0261938	3135	3469	2545	2687	3169	3160
FBGN0051741	47	19	27	28	22	39
FBGN0051665	159	77	45	26	57	40
FBGN0032116	67	61	94	94	89	69
FBGN0032057	77	72	65	55	26	17
FBGN0031418	3984	3524	3183	2393	2923	2709
FBGN0266459	0	7	1	8	4	1
FBGN0032393	6700	7534	5767	2756	3461	3713
FBGN0032368	18	29	4	25	7	12
FBGN0051636	34	125	52	28	33	6
FBGN0031473	35	44	37	24	29	55
FBGN0284224	0	0	0	2	3	0
FBGN0263971	1	7	2	5	1	23
FBGN0264494	608	473	371	211	277	129
FBGN0031301	70	92	43	23	50	24
FBGN0054010	8	30	56	18	17	14
FBGN0086909	1025	1125	832	824	871	892
FBGN0032658	96	172	50	165	19	22
FBGN0032414	14687	14229	11198	16948	19437	17954
FBGN0032475	11199	12172	8686	13286	13854	14585
FBGN0016926	2113	2221	1887	1734	1993	2100
FBGN0031802	53	21	32	37	34	13
FBGN0053301	19	24	14	6	5	7
FBGN0031255	360	404	258	121	166	193
FBGN0031668	2090	2240	2071	1685	1962	2300
FBGN0032935	593	453	347	480	468	408
FBGN0045485	26	46	44	36	12	4
FBGN0045498	74	43	41	62	24	7
FBGN0032162	306	563	443	238	400	329
FBGN0053877	0	15	0	0	0	0
FBGN0015380	11837	12466	9447	12347	12611	13302
FBGN0015776	3566	3771	3054	3331	4230	3686
FBGN0002985	1914	1746	1370	1411	1277	1533
FBGN0031574	3517	3056	2778	3625	3369	3536
FBGN0031550	59	40	7	24	36	5
FBGN0264695	3746	3761	2758	1993	1629	999
FBGN0263852	3501	4572	3058	2410	2971	2496
FBGN0032921	815	732	627	456	484	555
FBGN0032400	13276	17329	11130	6213	8771	6706
FBGN0026756	18	19	10	38	11	30
FBGN0053995	2301	1715	1572	1758	2266	2618
FBGN0032450	2248	2181	1903	1876	2151	2257
FBGN0032803	2185	2248	1569	1036	1527	1410
FBGN0051803	42	17	34	32	14	17
FBGN0027491	93	78	65	73	53	6
FBGN0261266	587	471	344	284	265	338
FBGN0266670	3815	3531	2841	3047	3084	3570
FBGN0005779	66	43	17	62	7	7
FBGN0028942	39	3	23	10	6	0
FBGN0031871	1918	1826	1374	1515	1764	1387
FBGN0032815	3409	3702	2522	3099	3448	3132
FBGN0031395	1820	1960	1607	1732	2017	1974
FBGN0053821	0	0	14	20	40	10
FBGN0051674	38	56	59	39	52	26
FBGN0053828	50	26	44	27	9	22
FBGN0032913	145	178	74	35	13	6
FBGN0031514	56	47	30	57	55	19
FBGN0261268	11842	11666	8975	10885	11302	11779
FBGN0032314	21	40	73	28	41	22
FBGN0028539	11070	11708	8987	10720	12817	12815
FBGN0032025	721	836	570	267	226	236
FBGN0031670	6357	5865	5347	4504	4538	4738
FBGN0000636	43736	45731	37361	43939	47012	49204
FBGN0265263	10	12	3	0	11	0
FBGN0020445	2602	2462	1949	1246	1413	1118
FBGN0032813	56	43	69	41	90	39
FBGN0250834	0	0	2	3	15	0
FBGN0031897	1692	1661	1319	2009	2669	2509
FBGN0032369	134	92	67	64	36	55
FBGN0053922	32	21	0	5	5	0
FBGN0016919	118	66	68	94	37	34
FBGN0031560	24	17	5	16	16	6
FBGN0041249	35	28	11	28	10	5
FBGN0032507	20	22	22	19	4	33
FBGN0020414	577	476	387	152	173	73
FBGN0032748	8061	8390	6500	8641	8775	9388
FBGN0031542	136	235	226	90	104	132
FBGN0263846	294	173	221	144	149	87
FBGN0043825	21	33	48	1	4	8
FBGN0031657	2258	2402	1973	1795	2012	2119
FBGN0026778	438	387	490	478	457	698
FBGN0032633	3181	2925	2495	3298	4014	3862
FBGN0031689	81	106	59	150	90	69
FBGN0028543	143	113	158	105	100	56
FBGN0031441	28	41	5	8	7	5
FBGN0041004	4596	4606	3461	3150	3316	3138
FBGN0259961	22	18	6	8	10	0
FBGN0260011	30	70	50	15	4	21
FBGN0016977	133658	128155	103394	186850	210089	189282
FBGN0031213	2953	3152	2463	2529	2935	2601
FBGN0032218	356	364	281	124	110	148
FBGN0086444	4527	4471	3384	3990	4085	4432
FBGN0032820	3906	3931	3092	2495	2939	2904
FBGN0031266	14115	13511	11459	12422	14531	15113
FBGN0083141	30	20	14	34	25	11
FBGN0028847	30	36	12	63	3	22
FBGN0085205	23	26	26	20	8	12
FBGN0032763	806	639	547	637	709	780
FBGN0031822	2095	2084	1754	1318	1564	1776
FBGN0002973	7759	7865	6308	8845	9685	9934
FBGN0028844	2	34	15	12	1	2
FBGN0032210	2913	3048	2316	2190	2478	2022
FBGN0032598	69	12	46	26	32	16
FBGN0000318	5909	5931	5092	5169	5785	5196
FBGN0259964	1	0	2	5	2	4
FBGN0000287	17357	18509	14203	19842	21520	22629
FBGN0031904	3760	3931	3112	2921	3404	2982
FBGN0041245	9	17	8	29	5	14
FBGN0011722	1995	2152	1690	955	1148	802
FBGN0267964	33	38	32	38	57	50
FBGN0051821	20	7	32	9	17	8
FBGN0025684	1518	1528	1423	1049	1214	1158
FBGN0031726	38	59	42	44	17	7
FBGN0032551	36	25	28	11	19	15
FBGN0264253	20	25	19	9	25	5
FBGN0259818	542	706	460	1073	1020	1172
FBGN0031491	1342	1291	1093	698	888	876
FBGN0026379	3516	3790	3179	3137	3468	3193
FBGN0051709	14	1	41	4	1	18
FBGN0031549	5879	6063	4515	6208	7020	6985
FBGN0260428	60	12	1	9	3	0
FBGN0001075	74140	73370	59389	99751	110144	110352
FBGN0287720	49442	45086	36006	43543	46534	49281
FBGN0031987	1149	1258	883	782	731	1039
FBGN0028943	105	65	38	92	139	146
FBGN0250867	2663	3138	2483	3180	3863	3753
FBGN0032377	121	117	70	66	92	72
FBGN0031945	17	9	36	25	11	24
FBGN0003448	114	53	47	31	52	14
FBGN0045842	970	688	862	1903	2116	2190
FBGN0027949	5803	6250	4503	5810	6442	7099
FBGN0051858	185	116	85	104	215	178
FBGN0000299	9074	10345	7689	8163	9182	10463
FBGN0040297	1848	1864	1408	1085	1489	1361
FBGN0010395	103	59	90	14	80	50
FBGN0260750	1838	1498	1270	1374	1577	1621
FBGN0032924	3652	3534	2850	2669	3147	3229
FBGN0043364	4171	4384	3471	2588	2329	2451
FBGN0032163	36	79	69	34	3	46
FBGN0031977	3701	4600	3416	1755	2677	1787
FBGN0051864	3769	3794	3168	1487	1605	1674
FBGN0053875	4	0	0	0	0	0
FBGN0051875	26	23	0	14	24	73
FBGN0032517	3959	4498	3465	3941	4439	4275
FBGN0032455	10218	10468	8047	10056	10729	10744
FBGN0032840	24	9	44	53	22	11
FBGN0266491	124	96	65	15	3	1
FBGN0001114	11511	12912	9157	1401	1578	1068
FBGN0032261	1679	1744	1323	879	1100	974
FBGN0260451	22	19	11	7	0	9
FBGN0031948	80	33	77	60	24	13
FBGN0000422	1223	1455	989	174	381	141
FBGN0053679	47	26	24	5	9	13
FBGN0032184	3	18	2	21	5	7
FBGN0015583	28	8	13	7	0	6
FBGN0031635	2004	2151	2009	1596	1948	1883
FBGN0032124	104	55	73	53	22	28
FBGN0028855	1244	1571	1170	494	835	556
FBGN0013746	10430	9884	8216	6939	7977	7405
FBGN0001965	11594	11932	9613	12521	12828	13445
FBGN0028531	170	200	90	215	227	113
FBGN0031695	52	62	31	51	21	1
FBGN0031698	25387	25033	19486	34414	37451	36806
FBGN0028916	1511	1759	1281	1673	1738	1769
FBGN0051827	16	36	11	10	16	13
FBGN0032746	2470	2609	2130	1535	1757	1778
FBGN0032476	1942	1890	1622	1522	1542	1613
FBGN0031632	1071	1135	868	949	1148	989
FBGN0013301	22	19	12	9	7	10
FBGN0032693	983	860	749	1763	1746	1951
FBGN0261514	57	80	80	71	43	12
FBGN0032772	27	94	38	0	10	2
FBGN0053645	4	0	9	6	1	1
FBGN0032487	1763	1577	1222	1178	1351	1455
FBGN0015271	1728	1744	1384	1614	1799	1899
FBGN0002121	26048	26472	19126	26615	30280	27201
FBGN0262000	109	85	80	71	49	46
FBGN0002031	11265	11520	9450	9714	9439	10676
FBGN0266450	15034	15125	12032	19013	17687	19609
FBGN0032895	23	36	18	61	25	62
FBGN0051909	5	8	7	7	13	2
FBGN0250841	18	8	14	4	8	9
FBGN0028394	2208	2219	1941	1119	1207	1280
FBGN0264556	159	145	100	81	136	127
FBGN0011559	70	75	87	94	6	23
FBGN0032698	1134	1204	913	1299	1306	1304
FBGN0003983	32	11	37	11	31	8
FBGN0032914	24	25	32	3	9	12
FBGN0000721	9005	8492	6585	8428	9102	9446
FBGN0031627	53	53	18	17	19	42
FBGN0264296	26	8	4	5	7	0
FBGN0031493	10861	11602	9336	8441	9323	9501
FBGN0260749	8083	8102	6078	6349	7266	7173
FBGN0045852	188	209	249	127	76	58
FBGN0032819	2648	2406	1991	1829	2057	2201
FBGN0031449	175	249	157	80	59	70
FBGN0053804	1808	2468	1682	1139	1802	1313
FBGN0032286	135	504	65	78	22	70
FBGN0032949	18330	17972	13877	8760	10672	9163
FBGN0032409	2080	2026	1522	1851	2387	2103
FBGN0031399	3528	3609	2767	2921	2757	3057
FBGN0053643	15	22	21	7	8	8
FBGN0032785	260	343	288	54	47	59
FBGN0085198	3	2	25	11	3	2
FBGN0032365	4	9	13	6	4	3
FBGN0028554	5948	6505	4832	6044	6592	6710
FBGN0020616	8247	9003	6842	7231	7903	8196
FBGN0032144	96	148	116	9	12	15
FBGN0031693	95	168	94	132	56	90
FBGN0028517	16	36	11	10	16	13
FBGN0260000	10	18	3	2	4	6
FBGN0028931	359	465	435	527	450	631
FBGN0000559	410568	408893	342000	315227	342760	377081
FBGN0031762	119	106	54	94	67	92
FBGN0053904	10	0	9	1	0	0
FBGN0024227	3968	4664	2982	3661	4059	4223
FBGN0266449	7536	7256	5726	4706	5157	4911
FBGN0263206	35	18	4	29	27	22
FBGN0051680	25	26	0	5	0	5
FBGN0086445	1305	1273	1150	909	785	1079
FBGN0031232	7	16	7	39	14	15
FBGN0051804	10	11	21	21	0	16
FBGN0051715	2817	2883	2342	1496	2151	1423
FBGN0000228	4799	4348	3394	5041	5374	5878
FBGN0032236	3443	3558	2616	1756	2138	1752
FBGN0031875	2211	2461	1863	2231	2713	2442
FBGN0260648	1887	2070	1419	1156	1343	1475
FBGN0284256	12023	12515	9670	11141	12785	13548
FBGN0261992	12	0	1	3	0	8
FBGN0032405	640	841	741	181	142	135
FBGN0004374	3594	3940	3115	3685	4142	4399
FBGN0032720	756	809	588	650	696	648
FBGN0028936	42	41	36	1	17	14
FBGN0032115	20	14	3	9	1	3
FBGN0031546	58	102	39	20	30	32
FBGN0061209	12	21	17	1	3	0
FBGN0051872	77	92	73	87	32	51
FBGN0053896	7	21	8	1	3	0
FBGN0020622	4274	3920	3557	4894	5654	5957
FBGN0031650	33	18	32	14	24	1
FBGN0051805	125	117	61	31	33	11
FBGN0032652	100	69	58	36	15	6
FBGN0031818	2333	2580	2256	2466	2527	2671
FBGN0032477	743	772	731	338	407	444
FBGN0053859	1	15	6	9	0	0
FBGN0262359	19	0	0	5	12	1
FBGN0262150	8	1	15	14	15	4
FBGN0026755	29	79	12	25	45	29
FBGN0086758	961	885	645	2256	1651	1743
FBGN0003087	1746	1966	1304	1917	2056	1799
FBGN0032034	1152	912	791	678	878	904
FBGN0266557	197786	190788	149931	264548	288640	266651
FBGN0032883	3341	3414	2829	3099	3342	3125
FBGN0031739	1150	1267	882	1054	784	907
FBGN0028880	30	0	9	3	6	0
FBGN0031659	2865	2575	1926	2160	2362	2331
FBGN0051681	34	19	20	2	0	31
FBGN0054049	10	51	9	10	13	5
FBGN0053322	30	53	39	38	15	36
FBGN0287630	63	53	46	15	8	37
FBGN0044323	9214	10061	7735	12467	12610	14285
FBGN0031417	28	10	52	19	6	18
FBGN0283467	2233	2496	1669	1822	2104	1923
FBGN0032916	2526	2208	2006	2310	2651	3240
FBGN0031459	6845	6806	5374	4572	4892	5309
FBGN0010100	23761	23897	20000	21671	24300	25803
FBGN0259712	68	70	58	30	31	30
FBGN0031801	53	42	15	18	5	3
FBGN0031887	24	18	35	19	28	13
FBGN0001084	1862	2082	1508	891	1135	889
FBGN0084001	60	43	39	5	15	18
FBGN0001174	14	14	4	19	0	0
FBGN0028868	43	47	37	27	14	5
FBGN0260639	7491	7640	6404	5608	6282	6669
FBGN0032827	97	45	70	58	27	21
FBGN0053902	2	0	3	1	4	0
FBGN0031708	1763	1949	1326	1190	1162	1235
FBGN0053825	50	26	45	35	9	22
FBGN0053306	10	0	24	8	23	24
FBGN0045497	64	51	50	13	20	14
FBGN0015391	17171	17976	14358	19578	21115	20381
FBGN0032847	1551	1691	1168	1180	1287	1168
FBGN0028872	81	19	52	82	37	54
FBGN0003716	21979	21838	16038	24129	26686	27703
FBGN0040096	6	11	2	21	2	2
FBGN0032783	683	712	566	619	553	619
FBGN0003231	7024	6887	5115	5997	6063	6465
FBGN0051787	22	11	8	10	0	6
FBGN0085380	19	44	15	27	3	8
FBGN0032430	2619	2756	2109	2141	2543	2269
FBGN0086442	5050	4374	3570	4051	4324	4594
FBGN0003941	59110	72810	47007	48322	52079	56557
FBGN0032354	1730	1161	1136	1060	1135	1147
FBGN0262160	8313	8120	6126	14787	15151	17781
FBGN0000490	4631	4546	3658	4508	5048	5336
FBGN0031579	6	9	10	0	2	5
FBGN0053910	7	21	12	0	3	0
FBGN0051678	4345	4595	3523	5519	6400	6058
FBGN0051769	6	8	19	20	16	10
FBGN0014396	164	104	93	82	100	54
FBGN0085201	14	30	10	6	1	0
FBGN0031722	41	47	2	12	10	7
FBGN0284253	9657	9654	7305	7741	9480	9134
FBGN0032967	27	54	41	67	18	22
FBGN0031683	1086	1110	840	1198	921	1229
FBGN0032058	72	38	41	34	25	10
FBGN0031452	3931	4191	3322	3436	3440	3405
FBGN0031285	3663	3600	3156	3691	3731	4456
FBGN0051869	5523	5100	4202	3487	3944	4122
FBGN0011283	22	9	18	7	5	1
FBGN0051952	4	6	8	7	2	9
FBGN0031456	2729	3010	2497	2751	3136	3177
FBGN0032886	1291	1276	959	1310	1209	1382
FBGN0032804	111	100	42	3	33	2
FBGN0086357	33405	33765	27949	22168	25310	27224
FBGN0041184	5380	4756	4076	4740	5029	5987
FBGN0031959	1701	1587	1524	1570	2362	1830
FBGN0032727	434	668	347	252	247	262
FBGN0031651	2067	2811	2129	1614	1497	1645
FBGN0259982	1050	851	724	538	772	612
FBGN0031437	4146	3713	3200	3485	3378	3633
FBGN0051882	23	10	13	20	0	0
FBGN0042187	19	1	1	6	5	25
FBGN0266163	9	4	20	6	0	6
FBGN0040098	6	1	7	11	6	6
FBGN0028406	1665	1469	1328	1020	1535	1512
FBGN0029123	775	770	559	215	77	111
FBGN0032938	6950	7429	5733	7413	7860	8352
FBGN0031861	23	4	23	19	28	29
FBGN0032968	2	40	22	12	8	2
FBGN0031276	13	16	18	9	1	37
FBGN0015905	3440	3004	2527	2349	2708	2598
FBGN0051721	1504	1294	1062	1726	2133	1998
FBGN0283531	6853	6791	5200	8607	9271	9448
FBGN0031950	3184	3142	2542	3029	3540	3431
FBGN0031888	2078	2137	1649	942	1299	998
FBGN0014859	180	124	147	98	74	120
FBGN0011584	6665	7006	5414	4354	5263	4707
FBGN0031247	938	992	898	656	872	784
FBGN0250826	25	48	21	68	103	43
FBGN0001986	6253	6828	5542	5292	6367	6168
FBGN0259714	127	117	102	67	51	76
FBGN0031832	3732	3920	2787	3022	3937	3345
FBGN0264344	4	1	6	0	7	5
FBGN0010197	149	60	118	60	73	79
FBGN0027074	39	48	52	18	23	17
FBGN0261806	6	13	15	3	5	0
FBGN0263050	2006	1746	1385	1332	1167	1480
FBGN0032085	12	25	15	5	4	1
FBGN0043841	2358	2320	2038	1993	2246	2408
FBGN0031976	247	165	168	83	88	116
FBGN0032744	1006	1307	893	554	749	575
FBGN0031723	27	0	20	38	7	21
FBGN0031746	19	9	21	17	0	7
FBGN0031688	190	261	254	155	196	221
FBGN0027052	2365	2842	1892	1738	1937	2180
FBGN0267972	2258	2236	1981	1330	1636	1551
FBGN0040985	1169	1681	1041	843	1211	1077
FBGN0015546	4772	5142	3625	5044	5725	6126
FBGN0031878	13157	12562	9911	11683	12290	12250
FBGN0053823	0	3	2	0	0	0
FBGN0032636	13	48	13	20	9	2
FBGN0010314	2036	1890	1608	1695	1721	1880
FBGN0032602	15	37	33	10	19	5
FBGN0032082	58	55	53	65	17	24
FBGN0086673	2112	1892	1446	1130	1165	1391
FBGN0032870	1264	1377	1075	899	1094	1044
FBGN0031356	4178	4175	2995	3329	3815	3820
FBGN0262036	60	29	28	18	19	3
FBGN0031760	1204	1222	1036	870	1171	1173
FBGN0028919	1954	1771	1494	1062	1162	1315
FBGN0005278	17873	18921	14847	17422	18246	19381
FBGN0032663	4	32	38	17	8	8
FBGN0042125	4976	4640	3623	3545	3897	3758
FBGN0053843	14	12	3	0	7	6
FBGN0265578	230	227	147	186	188	148
FBGN0010453	1007	813	654	699	806	551
FBGN0031516	812	1310	912	1029	1265	1613
FBGN0040104	24	24	9	18	16	1
FBGN0285971	1598	1747	1273	1528	1624	1648
FBGN0004177	27974	27530	22141	22677	24630	25479
FBGN0053847	0	0	0	0	0	0
FBGN0259962	15	0	9	1	2	0
FBGN0031240	57	31	89	23	17	57
FBGN0031393	100	115	87	104	123	78
FBGN0045827	24	5	4	13	14	18
FBGN0265349	0	2	1	3	1	3
FBGN0028520	14	17	11	19	13	0
FBGN0028514	456	227	214	107	56	15
FBGN0042189	11	4	27	12	15	11
FBGN0262126	23721	22697	17452	20251	21429	22709
FBGN0032433	199	82	109	105	67	58
FBGN0031803	43	34	39	0	44	23
FBGN0031914	478	568	437	419	545	682
FBGN0053880	0	0	0	0	0	0
FBGN0031886	2078	2165	1635	1335	1473	1360
FBGN0051957	647	724	632	440	524	382
FBGN0032248	2795	2711	2481	1937	2329	2393
FBGN0032897	441	410	438	132	82	138
FBGN0051812	309	297	263	168	255	237
FBGN0022893	139146	132466	114270	89902	103039	99841
FBGN0031528	68	67	43	44	22	30
FBGN0051784	15	39	67	34	23	14
FBGN0046302	120	161	149	44	39	72
FBGN0086266	34	24	11	7	20	5
FBGN0010520	1109	1088	982	826	1088	946
FBGN0019982	864	910	641	832	999	1048
FBGN0031607	3106	2808	2253	2147	2274	3124
FBGN0028509	3449	3253	2527	2942	3226	2972
FBGN0001983	55	99	28	46	62	38
FBGN0031364	38	0	16	30	5	3
FBGN0085211	31	2	10	5	8	18
FBGN0032480	3082	3141	2454	2962	3634	3495
FBGN0262017	11	24	11	0	2	10
FBGN0032810	45	51	16	18	14	13
FBGN0052983	32	20	28	33	4	0
FBGN0003444	7258	8126	5547	6967	8956	8375
FBGN0032505	22	6	6	15	6	0
FBGN0028935	58	79	47	4	8	20
FBGN0053887	0	0	0	0	0	0
FBGN0051619	115	138	128	92	115	44
FBGN0015376	2420	2695	1991	2577	2894	2513
FBGN0031811	40	7	17	1	6	0
FBGN0003278	6536	6537	5290	4281	5557	4962
FBGN0004914	3427	3287	2597	3482	4055	3525
FBGN0051954	36	46	24	23	12	1
FBGN0032090	44	26	35	21	10	25
FBGN0031640	2168	2195	1764	1534	1769	1878
FBGN0261534	399	424	330	275	283	306
FBGN0032499	2046	2268	1680	2027	1918	2059
FBGN0051907	37	24	39	10	14	11
FBGN0031763	44	12	14	17	41	23
FBGN0032191	2241	2481	1899	1725	2035	2182
FBGN0011232	3214	3273	2591	2394	2467	2561
FBGN0014454	51	48	13	61	21	14
FBGN0032922	599	422	450	414	466	541
FBGN0051826	51	14	26	16	15	3
FBGN0051755	321	157	135	482	581	583
FBGN0032251	835	1003	579	462	519	507
FBGN0031589	1476	1341	1119	1288	1724	1584
FBGN0022213	22577	23319	17645	18358	21186	19921
FBGN0040262	138	63	34	38	9	16
FBGN0015000	2146	1884	1719	1411	1893	1669
FBGN0259192	108	73	54	84	61	49
FBGN0053901	33	6	26	20	14	7
FBGN0262475	586	680	487	545	499	455
FBGN0053836	0	0	0	0	0	0
FBGN0013300	34	29	8	2	15	6
FBGN0284225	78	74	43	194	110	92
FBGN0032869	126	139	170	48	88	40
FBGN0031893	4553	4533	3867	2604	3482	3142
FBGN0031227	1585	1603	1261	840	1251	981
FBGN0031800	16	52	26	28	7	22
FBGN0042627	215	231	174	125	126	71
FBGN0010287	1151	1710	996	646	721	1020
FBGN0032139	0	13	21	37	33	9
FBGN0032258	4040	3642	3069	2526	3125	3164
FBGN0031312	1981	1951	1474	1614	1837	2159
FBGN0031263	3150	2940	2889	2202	2306	2582
FBGN0031908	2300	2177	2068	327	220	209
FBGN0031675	181	194	90	239	315	303
FBGN0032287	51	70	76	27	52	22
FBGN0032049	78	24	48	57	8	2
FBGN0085396	40	46	66	65	11	18
FBGN0053848	2	4	0	0	0	0
FBGN0053839	2	4	0	0	0	0
FBGN0015664	9199	9913	7890	8984	9512	10699
FBGN0015399	14524	14139	11325	6998	8086	8714
FBGN0031896	4464	4487	3331	2732	3357	3218
FBGN0259956	18	3	2	9	2	3
FBGN0032208	35501	35014	27429	37306	42366	40675
FBGN0031835	121	160	102	90	62	57
FBGN0032702	1887	1679	1585	2184	2281	2446
FBGN0032298	2635	3281	2477	1903	2324	2642
FBGN0259230	27	10	10	7	0	7
FBGN0032143	40	70	30	24	12	0
FBGN0015623	5962	6641	4913	7655	8160	9064
FBGN0031357	1438	1321	1063	981	983	1084
FBGN0267378	8647	8630	7240	5825	6082	5586
FBGN0031677	16	40	26	10	39	23
FBGN0032088	80	19	27	14	10	1
FBGN0032256	1509	1415	1293	1468	1204	1239
FBGN0032585	67	14	61	18	20	16
FBGN0045487	63	26	23	54	12	9
FBGN0261608	34451	36790	27367	33806	43653	42416
FBGN0031805	116	55	60	38	58	28
FBGN0053885	0	0	0	0	0	0
FBGN0041246	60	31	42	23	22	9
FBGN0032637	33	26	57	36	39	36
FBGN0031365	43	15	16	13	2	21
FBGN0004892	4580	3579	3105	3656	4910	4942
FBGN0031883	9096	10569	8103	11913	12030	13384
FBGN0040959	7	15	21	16	16	19
FBGN0053879	0	15	0	0	0	0
FBGN0032001	309	389	275	254	263	258
FBGN0028949	36	1	30	12	13	10
FBGN0032656	6704	6750	4722	7147	7751	7412
FBGN0051717	746	670	625	324	448	457
FBGN0263982	3	15	16	4	2	3
FBGN0000406	114	105	97	31	34	22
FBGN0024245	4361	4935	3372	3704	4527	4387
FBGN0011676	190	87	150	72	70	67
FBGN0032446	693	614	527	413	463	554
FBGN0260470	68	45	0	10	2	2
FBGN0032490	42	20	23	11	6	10
FBGN0053808	381	261	259	8	9	6
FBGN0031623	137	50	139	34	57	57
FBGN0004584	29079	30525	23373	23335	26906	25622
FBGN0260758	155	155	182	154	169	140
FBGN0031918	102	195	73	94	95	167
FBGN0051807	48	2	17	5	1	19
FBGN0032516	1255	1275	1267	798	958	886
FBGN0040718	1933	2664	1865	759	939	1428
FBGN0263654	6	0	16	4	6	0
FBGN0031302	14	41	30	17	18	6
FBGN0083968	323	468	406	116	357	233
FBGN0053127	93	68	56	149	119	95
FBGN0031946	27	18	34	9	15	1
FBGN0261582	22	6	6	2	0	22
FBGN0085423	6816	6498	4894	8624	10285	9731
FBGN0011648	8313	9026	6521	6284	7120	7489
FBGN0031773	1214	1042	917	784	983	803
FBGN0086691	165	92	69	46	54	39
FBGN0032036	2384	2238	1664	1686	1863	1732
FBGN0032282	16	15	26	16	14	23
FBGN0259482	1317	1064	1171	731	976	842
FBGN0266492	197	173	130	33	13	22
FBGN0264953	6190	5414	4683	9196	9194	9437
FBGN0000227	29	16	35	7	14	15
FBGN0032732	875	963	956	548	549	558
FBGN0000384	5806	5617	4512	4550	5255	4706
FBGN0031895	1616	1583	1228	1544	1382	1622
FBGN0028644	34	47	22	40	9	7
FBGN0051976	17	17	33	18	19	5
FBGN0053905	37	20	33	19	16	7
FBGN0032797	82	117	113	93	50	63
FBGN0053869	6	23	10	0	0	0
FBGN0031488	6237	5979	4341	6327	6677	6367
FBGN0032023	59	52	17	23	25	33
FBGN0028467	3597	3679	3177	2602	3042	3305
FBGN0031490	87	74	71	97	44	36
FBGN0032447	249	214	139	193	319	274
FBGN0052971	46	19	29	9	12	30
FBGN0032247	795	927	581	551	737	701
FBGN0054051	27	20	43	15	16	4
FBGN0053819	1771	2447	1661	995	1590	1088
FBGN0031804	44	36	2	24	4	0
FBGN0283478	16654	17276	13533	15676	16672	17807
FBGN0028952	1378	1322	981	1233	1266	981
FBGN0041248	134	27	51	50	49	10
FBGN0031359	1256	1169	782	1347	1447	1746
FBGN0001977	6467	6526	5198	3551	4406	4749
FBGN0031462	45	78	62	19	42	5
FBGN0265579	11	0	0	10	2	0
FBGN0031254	233	165	186	103	61	128
FBGN0027453	1591	1292	1189	973	951	1028
FBGN0031538	65	62	37	39	59	47
FBGN0264364	11	14	4	7	3	19
FBGN0031238	2505	2860	2017	2200	2213	2043
FBGN0005616	2422	2513	2002	2343	2637	2614
FBGN0031980	35980	44728	31629	56219	67470	72990
FBGN0045064	229	278	191	251	143	125
FBGN0032448	17	44	10	3	13	0
FBGN0031725	60	39	45	13	13	10
FBGN0032691	2681	3070	2258	2473	2656	2597
FBGN0031690	94	48	56	94	38	102
FBGN0051618	354	231	238	4	27	13
FBGN0028895	778	774	525	485	595	596
FBGN0041195	119	111	82	89	42	37
FBGN0261802	34444	35613	26058	45283	50768	49837
FBGN0032079	67	56	51	84	36	26
FBGN0032297	182	187	91	177	162	150
FBGN0032650	36	42	16	6	4	0
FBGN0020270	8436	8479	6880	2776	3043	3281
FBGN0031540	2300	2267	1885	2308	2284	2304
FBGN0031554	48	44	24	31	37	29
FBGN0025681	5876	5575	4762	5830	5928	6546
FBGN0032685	2291	2829	1977	6063	5332	7174
FBGN0015338	3261	3263	2863	1949	1927	2102
FBGN0032492	19	0	22	6	0	4
FBGN0031711	6863	6963	5749	4253	4900	4705
FBGN0027611	7307	7503	5929	10289	11907	11177
FBGN0264442	13800	13801	11064	24010	22761	22845
FBGN0031741	538	720	380	376	488	450
FBGN0063368	4	26	10	18	2	13
FBGN0262683	14	18	14	8	15	3
FBGN0032554	56	17	55	66	13	9
FBGN0262357	8	0	23	3	7	0
FBGN0028538	6240	6813	5033	5700	6406	6155
FBGN0031484	3830	4229	2868	2566	2941	3188
FBGN0032891	214	112	251	578	608	627
FBGN0262353	134	297	189	121	117	132
FBGN0250903	1027	914	790	786	861	781
FBGN0264342	82	97	60	84	43	12
FBGN0051910	0	48	23	20	9	2
FBGN0019809	84	130	67	90	39	13
FBGN0031267	1364	1617	1394	919	1145	1096
FBGN0024689	2902	2780	2468	2243	2579	2709
FBGN0031252	1816	1639	1528	1630	1710	1688
FBGN0288834	6234	5899	4896	4837	4937	5383
FBGN0052832	55	19	21	24	0	16
FBGN0032481	6853	6849	5376	6884	7236	7427
FBGN0085203	1192	1344	926	494	729	553
FBGN0032156	226	191	204	133	199	179
FBGN0259958	4	6	12	0	8	0
FBGN0031319	3417	3395	2728	4816	5132	5090
FBGN0040233	5759	6664	5186	8491	9239	9653
FBGN0032371	25	22	16	15	0	24
FBGN0261089	71	55	33	36	9	22
FBGN0262029	31273	31339	24889	34025	36444	40165
FBGN0032343	134	118	76	107	63	112
FBGN0263320	0	8	2	3	2	3
FBGN0002524	3502	3492	2771	3279	3773	3992
FBGN0031735	287	535	281	573	939	641
FBGN0022023	26884	26497	21530	23756	25647	28197
FBGN0032373	108	83	56	41	34	46
FBGN0045038	11	11	1	10	21	11
FBGN0032816	852	707	681	454	558	671
FBGN0028875	88	87	77	98	25	27
FBGN0054007	5	4	12	7	3	4
FBGN0011570	10252	9998	8547	8384	9055	9009
FBGN0032791	203	182	131	66	166	57
FBGN0028694	11438	11998	9427	8655	9228	9942
FBGN0031816	558	508	484	827	1013	1278
FBGN0031378	285	307	355	254	311	451
FBGN0032157	5145	5383	4085	4794	5216	5044
FBGN0025366	12746	13723	10912	15909	18476	19270
FBGN0028507	1759	1856	1577	1860	1865	1710
FBGN0032004	50	28	15	39	25	14
FBGN0042092	2022	1790	1363	970	946	974
FBGN0023096	354	176	331	213	117	131
FBGN0085450	10463	10519	8206	12787	14709	13652
FBGN0020545	1433	1786	1538	1248	1134	1307
FBGN0032945	184	112	131	97	74	66
FBGN0261064	2004	2097	1728	1291	1612	1475
FBGN0032439	6	50	15	15	32	1
FBGN0031872	31066	30978	23418	23897	27356	27457
FBGN0031644	28	0	26	34	22	0
FBGN0031446	69	63	11	30	24	13
FBGN0053125	113	74	74	62	27	28
FBGN0051776	55	86	49	41	37	22
FBGN0032249	192	225	128	195	321	233
FBGN0032943	1490	2022	1205	1660	1825	1907
FBGN0032066	49	40	32	37	11	28
FBGN0053641	4	10	10	4	15	14
FBGN0085427	14841	15019	11390	21100	22837	21931
FBGN0041150	98	111	102	71	44	76
FBGN0085410	116	114	78	92	29	23
FBGN0031682	1470	1235	1047	1062	917	1248
FBGN0031999	138	23	68	35	37	42
FBGN0261529	81	90	131	151	62	190
FBGN0032020	1686	2041	1640	1221	1607	1391
FBGN0051777	104	224	109	48	51	24
FBGN0032341	5198	5577	4435	4914	5430	5857
FBGN0032003	27	57	23	14	50	10
FBGN0262721	22	0	12	5	2	11
FBGN0032479	17857	17487	13596	18236	19757	20761
FBGN0032899	275	283	179	117	105	162
FBGN0031601	1099	1132	960	940	1091	1006
FBGN0031463	59	98	89	110	97	49
FBGN0031968	316	394	311	288	384	293
FBGN0032660	32	21	24	14	2	18
FBGN0028893	5	28	38	48	8	18
FBGN0032138	22926	23123	18585	20546	22176	24276
FBGN0032986	3944	4298	2775	2295	2790	2719
FBGN0053849	46	12	26	29	12	10
FBGN0031858	24	26	32	19	26	22
FBGN0051773	128	53	72	90	14	27
FBGN0028518	66	86	30	66	35	19
FBGN0031465	282	381	199	314	371	420
FBGN0003978	2669	3000	2138	2162	2191	2390
FBGN0031639	1753	1458	1291	818	1046	974
FBGN0031854	60	49	48	56	22	14
FBGN0051606	15	24	5	0	5	18
FBGN0261999	144	142	90	114	98	132
FBGN0051661	39	8	23	4	11	4
FBGN0085212	593	616	419	334	432	383
FBGN0051708	71	82	51	56	12	10
FBGN0264546	0	17	0	4	4	0
FBGN0051823	55	25	14	10	10	11
FBGN0032151	112	109	63	90	45	47
FBGN0259213	194	182	129	91	32	91
FBGN0263321	43	46	8	6	14	14
FBGN0083945	145	94	51	51	37	14
FBGN0031590	8217	8494	6591	6720	7962	8212
FBGN0085193	67	57	46	51	70	55
FBGN0032849	1401	1792	1089	742	863	855
FBGN0040106	21	31	18	43	73	30
FBGN0031523	28	24	63	71	26	5
FBGN0020416	222	232	202	48	14	8
FBGN0028541	4966	5124	4174	3627	4109	3447
FBGN0021796	15192	15229	11553	14071	16598	15779
FBGN0028527	3954	4013	3097	2524	2572	2819
FBGN0010497	923	846	869	1072	986	1107
FBGN0266369	3665	3521	2689	3735	4430	4510
FBGN0040107	32	23	13	25	0	30
FBGN0028841	11	3	16	31	5	6
FBGN0032052	2517	3266	2383	1732	2003	1770
FBGN0032050	22419	22798	17453	15694	18105	18558
FBGN0032668	34	17	13	30	30	15
FBGN0014906	2136	2578	1877	2410	2428	2531
FBGN0031619	364	382	352	168	153	139
FBGN0031855	42	55	47	43	35	20
FBGN0028946	30	33	2	21	5	15
FBGN0261535	3276	4110	2996	2195	2508	2649
FBGN0053850	0	0	0	0	0	0
FBGN0031749	28	20	21	25	6	4
FBGN0032266	19	13	6	66	5	21
FBGN0028569	2	17	5	0	5	11
FBGN0040984	20	0	6	12	8	4
FBGN0032798	151	122	117	51	91	45
FBGN0031233	3189	2985	2361	2727	2633	2888
FBGN0085374	46	41	42	50	9	0
FBGN0000392	922	788	630	694	928	786
FBGN0032664	36	28	25	12	28	14
FBGN0263278	871	750	663	778	1006	889
FBGN0259735	25595	24565	18675	27440	30920	31441
FBGN0028886	195	279	161	179	166	160
FBGN0053835	27	30	26	0	0	0
FBGN0053870	6	3	6	3	0	9
FBGN0028920	229	149	166	119	82	100
FBGN0000239	8262	8000	6476	7151	8394	8091
FBGN0085409	6952	6900	5918	6580	8023	8405
FBGN0053813	11392	15023	10083	6863	9934	7571
FBGN0032031	891	868	772	706	865	825
FBGN0023407	7850	8223	6264	7875	8716	8472
FBGN0053807	1776	2467	1682	1137	1811	1326
FBGN0260817	3298	3024	2416	3381	3860	3398
FBGN0032358	810	1215	632	655	942	806
FBGN0032690	6680	7205	5315	5575	6697	6126
FBGN0031534	4835	5152	4313	3309	3713	4268
FBGN0031649	150	107	67	99	61	29
FBGN0045495	152	84	107	80	59	82
FBGN0032773	773	900	869	333	254	268
FBGN0052987	25	34	39	17	32	1
FBGN0031717	4461	4793	4298	3475	4809	4372
FBGN0053900	2	0	3	1	4	0
FBGN0053844	0	0	0	0	0	0
FBGN0032506	78	73	46	105	47	55
FBGN0014000	67	59	42	24	14	24
FBGN0026141	4	4	10	6	0	0
FBGN0000256	8691	9457	7340	9196	9674	10286
FBGN0284230	631	630	585	447	544	584
FBGN0004868	25684	26706	21187	19353	21927	23209
FBGN0028932	1309	1228	1125	1781	1925	2019
FBGN0032431	40	40	32	23	54	48
FBGN0032801	226	364	106	149	176	193
FBGN0032213	10137	11096	8014	9025	10779	10740
FBGN0264545	14	10	9	8	0	0
FBGN0261787	4287	4681	3384	3843	3950	4091
FBGN0085194	106	116	51	23	22	41
FBGN0051809	298	71	167	164	117	261
FBGN0032100	57	42	68	114	124	80
FBGN0053862	3	45	19	27	0	0
FBGN0023090	314	250	211	258	177	141
FBGN0261925	7	28	1	18	8	1
FBGN0053892	5	21	5	0	0	0
FBGN0032464	72	52	45	28	29	45
FBGN0051814	105	154	75	41	55	45
FBGN0051633	227	330	308	283	214	296
FBGN0032769	70	16	10	3	17	2
FBGN0000097	9448	11098	7215	10426	11457	11905
FBGN0032375	7	29	8	8	6	2
FBGN0031468	277	246	191	217	362	309
FBGN0031617	437	421	274	348	116	104
FBGN0032252	129	97	70	93	62	82
FBGN0051855	1080	1526	878	607	750	861
FBGN0032350	10724	11616	9253	6987	8806	8150
FBGN0032021	47	31	26	26	2	50
FBGN0003866	21441	20324	15847	20579	23387	22876
FBGN0032593	114	144	105	69	54	73
FBGN0001128	1230	1183	953	1105	877	925
FBGN0032074	21	53	54	30	26	15
FBGN0004106	8150	9442	7294	5490	6710	6110
FBGN0031598	2831	2954	2016	1896	2159	2310
FBGN0028848	27	44	41	34	12	2
FBGN0264341	18	6	10	15	0	10
FBGN0028884	48	11	15	16	9	19
FBGN0051874	17	11	15	2	23	9
FBGN0031611	975	1300	973	966	891	1081
FBGN0032135	795	948	596	500	640	626
FBGN0032454	19169	21163	14844	18238	21151	18999
FBGN0032888	27	12	7	17	24	26
FBGN0032634	2413	2378	1919	1286	1502	1547
FBGN0040717	685	938	420	394	74	209
FBGN0028944	31	4	4	8	4	1
FBGN0261396	15630	15907	12651	11166	11900	11841
FBGN0032639	128	156	70	27	41	46
FBGN0031343	82	41	45	18	37	51
FBGN0032956	19292	17580	15731	5669	6744	5761
FBGN0264361	0	0	2	0	0	3
FBGN0053126	122	139	101	51	27	30
FBGN0267347	1201	1438	1047	1198	1666	1301
FBGN0000183	7616	7859	5750	7063	7588	7126
FBGN0028892	44	40	52	7	4	28
FBGN0032775	4644	4496	3540	5361	4885	5011
FBGN0032451	1680	1478	1240	948	964	1028
FBGN0032161	524	587	365	397	347	305
FBGN0053801	496	635	448	1434	1873	1914
FBGN0031335	45	31	17	9	0	14
FBGN0031575	2366	2386	1891	2358	2385	2354
FBGN0265298	6681	7377	6228	4639	4612	5311
FBGN0051835	45	69	18	26	27	39
FBGN0002855	9	34	8	22	3	7
FBGN0051922	386	351	208	274	316	298
FBGN0032900	89	24	30	38	34	26
FBGN0031645	1387	1277	1014	628	668	722
FBGN0001970	2090	2038	1384	1373	1973	1766
FBGN0000250	11963	11640	8479	8340	9811	9555
FBGN0051698	93	73	33	15	22	0
FBGN0014019	42	75	68	29	56	17
FBGN0053826	0	3	2	0	0	0
FBGN0032533	20	10	14	2	3	2
FBGN0284247	78136	79297	62954	111134	121970	120226
FBGN0083972	21	38	22	4	6	10
FBGN0032005	4950	5755	3807	3800	4302	4783
FBGN0032119	83	29	15	36	30	37
FBGN0026391	55	9	31	18	16	8
FBGN0283658	4905	5750	4528	4112	5307	4470
FBGN0032771	33	9	12	12	17	22
FBGN0032800	86	135	50	81	53	26
FBGN0032449	177	102	139	190	139	144
FBGN0032971	11	13	4	30	48	16
FBGN0286929	0	5	2	2	1	8
FBGN0000018	961	1345	814	894	961	784
FBGN0003255	457	508	409	363	405	379
FBGN0013323	13	23	32	7	17	0
FBGN0051780	116	113	80	5	4	42
FBGN0031309	1189	1512	901	1347	1382	1470
FBGN0011244	47	10	67	36	18	31
FBGN0032462	158	66	78	35	46	10
FBGN0261831	46	57	48	97	110	72
FBGN0031231	1690	1824	1466	1220	1192	1195
FBGN0031296	38	0	27	22	25	20
FBGN0032434	54	11	31	38	14	12
FBGN0028570	0	29	10	9	8	0
FBGN0026396	114	63	56	40	18	11
FBGN0028370	65	81	59	60	21	35
FBGN0032677	45	35	100	57	24	23
FBGN0051638	3237	4241	3250	4537	4859	5107
FBGN0031258	262	68	148	131	82	51
FBGN0031472	51	61	51	14	0	36
FBGN0265269	11	35	14	21	0	17
FBGN0031738	3317	3367	2514	3550	4230	3880
FBGN0024371	4190	3806	2996	2633	2855	2728
FBGN0026431	2339	2555	2074	1567	1893	1839
FBGN0031771	4814	5162	4409	4472	4677	5474
FBGN0040972	17	15	6	3	7	0
FBGN0005677	3400	3490	2656	2314	3085	4769
FBGN0028939	655	651	492	81	216	120
FBGN0024947	1704	1708	1518	1609	1642	1999
FBGN0053532	6	0	4	4	13	25
FBGN0264295	0	0	3	9	3	12
FBGN0032755	4	12	13	9	2	4
FBGN0043456	23275	23334	18488	19694	21677	21869
FBGN0031981	10931	11043	8583	13189	13794	14174
FBGN0032860	23	14	14	2	17	11
FBGN0040705	25	24	4	8	4	17
FBGN0264087	141	124	214	89	67	57
FBGN0086447	613	804	628	165	201	278
FBGN0020309	52869	48245	38853	64134	68078	72832
FBGN0261871	32	88	36	35	22	14
FBGN0032253	351	394	180	182	99	96
FBGN0040963	0	30	13	2	17	0
FBGN0031275	119	218	133	90	81	42
FBGN0287204	1803	2052	1513	938	1160	1172
FBGN0031375	39	52	82	71	44	54
FBGN0032059	1217	1687	1207	1259	1518	1419
FBGN0032635	4292	4890	3502	4360	4706	4647
FBGN0031257	87	101	94	49	23	40
FBGN0052982	6499	6128	5342	6905	7710	7467
FBGN0067311	20	38	8	18	12	14
FBGN0032262	51	93	93	31	30	75
FBGN0026787	1090	1236	982	770	954	909
FBGN0260933	542	711	460	540	659	441
FBGN0041183	1393	1102	1016	143	128	40
FBGN0003502	13659	14450	11573	12065	12803	12424
FBGN0027582	10162	10635	8001	8304	9627	9030
FBGN0025674	7842	8887	5992	4783	5233	5581
FBGN0032694	2082	2338	1896	1277	1756	1690
FBGN0031935	78	47	78	87	21	54
FBGN0261571	165	123	69	92	105	59
FBGN0014076	41	21	11	19	10	5
FBGN0028913	3	15	11	7	0	12
FBGN0031277	0	31	7	0	9	18
FBGN0032295	7683	7558	5940	8469	8267	9737
FBGN0085200	686	645	636	1015	1023	1043
FBGN0014417	364	326	288	261	383	320
FBGN0265256	2	21	10	6	18	2
FBGN0287768	7487	7094	5641	6941	6394	7167
FBGN0053898	2	0	3	1	3	0
FBGN0031866	240	148	182	96	166	42
FBGN0053861	157	158	75	47	82	103
FBGN0031322	2033	2147	1665	2132	2421	2353
FBGN0031412	31	0	12	0	3	6
FBGN0011829	287	245	208	133	193	86
FBGN0014179	60	30	48	28	34	19
FBGN0032397	4967	5296	3680	4497	4896	5033
FBGN0261805	20	3	8	0	5	0
FBGN0032812	2077	2385	1899	2038	2380	2423
FBGN0261963	1536	1367	1056	890	742	1216
FBGN0040964	921	1012	627	606	852	891
FBGN0031250	2715	3050	2387	1920	2287	2097
FBGN0250843	20006	18033	15569	9772	10633	11416
FBGN0021906	5547	5172	4587	3496	3914	4859
FBGN0032770	45	24	7	22	5	10
FBGN0032601	611	676	490	566	535	432
FBGN0265670	7	0	0	2	0	2
FBGN0032321	3215	3768	2830	2881	2981	3043
FBGN0053120	89	98	76	62	66	38
FBGN0261881	1048	1171	825	749	913	919
FBGN0264081	9	8	16	3	32	2
FBGN0003016	4430	4813	3583	5220	5767	5911
FBGN0031495	1140	1628	1167	839	1335	1174
FBGN0010602	18150	18509	14553	17215	17571	19772
FBGN0040506	83	137	71	66	29	23
FBGN0002036	362	365	336	331	376	464
FBGN0031420	5439	5242	4307	4465	4990	5074
FBGN0031713	2377	2738	2399	2478	2391	2624
FBGN0002931	1363	1643	1298	1937	2087	2016
FBGN0051948	6	10	17	30	3	0
FBGN0032054	1777	2148	1708	1886	1764	2065
FBGN0031253	830	895	653	513	647	545
FBGN0031545	29	37	28	26	33	41
FBGN0032876	4192	4132	3243	3464	4425	4134
FBGN0263037	488	381	347	358	281	135
FBGN0031937	112	96	127	114	53	26
FBGN0085188	5564	5893	4189	4019	4418	4455
FBGN0032805	282	181	173	92	118	218
FBGN0013433	53	32	34	74	11	35
FBGN0064115	883	993	472	384	530	567
FBGN0032160	3601	4143	3035	3437	4584	4005
FBGN0032648	111	57	91	14	39	16
FBGN0085206	22	0	12	7	27	0
FBGN0053906	17	21	17	1	3	0
FBGN0031306	61	28	22	38	22	28
FBGN0032473	75	161	42	49	52	43
FBGN0023489	77	30	42	31	20	10
FBGN0051774	237	217	96	79	107	70
FBGN0085208	992	1397	903	1092	1101	1093
FBGN0032195	1294	1599	1101	988	989	1039
FBGN0026324	2266	1959	1801	1367	1626	1456
FBGN0011703	22276	24430	19255	20051	20237	20943
FBGN0265001	23	92	26	61	10	38
FBGN0031287	1377	1329	988	914	998	1077
FBGN0040715	492	487	346	269	308	326
FBGN0053897	8	12	15	10	13	12
FBGN0026394	53	105	48	19	23	46
FBGN0032435	50	34	47	61	26	19
FBGN0031637	4010	4316	3206	4648	4812	4602
FBGN0264815	257	173	160	161	202	148
FBGN0003751	29	37	34	23	29	38
FBGN0261991	8	17	8	6	0	0
FBGN0028900	44	38	17	14	10	13
FBGN0032150	994	861	668	669	716	777
FBGN0053923	35	14	29	5	4	1
FBGN0042129	8	21	6	7	6	3
FBGN0032394	1776	1878	1475	1078	1329	1300
FBGN0011305	9418	9848	8404	9247	9561	10971
FBGN0085207	7	9	9	5	0	1
FBGN0024191	2439	2313	1941	1980	2428	2372
FBGN0032391	2162	2174	1707	1360	1487	1787
FBGN0031519	613	1004	702	442	624	491
FBGN0002989	1753	1621	1039	1311	1656	1635
FBGN0032366	21	19	26	16	16	11
FBGN0031859	1	41	2	20	7	8
FBGN0263087	66	40	51	21	12	0
FBGN0031678	7547	7691	6435	5628	5771	5746
FBGN0032331	82	22	75	63	22	16
FBGN0040299	224	138	43	85	73	121
FBGN0031745	315	437	281	664	836	961
FBGN0052985	72	24	50	63	10	40
FBGN0032846	638	539	502	562	366	511
FBGN0032878	47	32	51	35	26	12
FBGN0031424	77	39	57	51	29	20
FBGN0032520	39	62	52	65	42	18
FBGN0031292	184	132	109	111	41	115
FBGN0029174	11025	11743	9354	6896	8300	8061
FBGN0003475	652	846	627	735	809	980
FBGN0053889	15	14	29	0	3	3
FBGN0032024	12	83	16	27	48	9
FBGN0032014	1276	1670	1031	820	1041	1086
FBGN0031251	220	204	167	18	44	78
FBGN0031388	43	22	22	46	9	1
FBGN0032483	44	24	11	6	33	38
FBGN0001978	9930	10480	8419	7039	7684	8070
FBGN0031844	69	50	22	25	24	7
FBGN0040949	17	0	2	13	0	16
FBGN0021856	2828	2895	2470	2144	2462	2461
FBGN0031520	78	67	18	15	28	38
FBGN0053928	25	17	15	20	53	33
FBGN0028987	29	67	13	1	16	5
FBGN0032202	792	954	672	641	665	538
FBGN0001125	9015	9398	6866	7820	8807	9888
FBGN0051760	190	135	109	66	44	21
FBGN0031975	113	135	120	94	85	82
FBGN0026392	28	17	52	43	15	17
FBGN0032187	163	83	85	32	40	38
FBGN0032096	24	5	20	48	4	9
FBGN0265264	154	66	110	69	91	68
FBGN0040992	806	986	691	119	208	67
FBGN0259949	6	21	13	0	0	4
FBGN0086856	2438	2276	1932	1353	1838	1581
FBGN0051820	5	1	3	5	4	0
FBGN0002856	10	3	2	3	7	3
FBGN0263585	4	0	2	0	0	0
FBGN0031879	51889	53448	41507	80593	80547	88766
FBGN0265002	132	155	102	229	87	42
FBGN0031458	2408	2203	1904	1055	1350	1079
FBGN0004394	4679	4625	3279	6389	6336	6643
FBGN0051617	11023	14699	9812	6739	9883	7460
FBGN0052831	2316	2424	1808	1510	1706	2316
FBGN0085209	3	7	3	5	1	2
FBGN0031696	7970	7840	6159	7094	7117	6988
FBGN0032168	1025	1193	909	845	1016	885
FBGN0032442	107	74	62	46	28	21
FBGN0004419	24777	27244	22069	16821	19868	17184
FBGN0028857	44	11	16	19	12	18
FBGN0261358	46	11	21	0	2	0
FBGN0283659	667	712	612	472	609	526
FBGN0041789	6846	6505	5104	5637	6014	6507
FBGN0032010	420	302	280	308	333	252
FBGN0011202	6028	6314	4816	6451	6425	7397
FBGN0031392	5389	5067	3961	3713	4288	3657
FBGN0267976	10359	10427	8277	4491	5643	4407
FBGN0261349	61	76	70	64	34	54
FBGN0032509	4890	5855	4270	4387	4487	4423
FBGN0261357	23	24	12	8	12	0
FBGN0051702	119	36	57	100	53	33
FBGN0032065	29	25	21	14	22	0
FBGN0032824	21	17	32	50	15	4
FBGN0032348	12580	12810	9695	12411	12626	13292
FBGN0031660	1983	2084	1478	1204	1797	1909
FBGN0031444	40	19	34	15	2	32
FBGN0031757	18	12	0	23	3	3
FBGN0011259	4297	4324	3061	5072	6095	5666
FBGN0041092	20311	19461	15621	22827	25460	24466
FBGN0040232	18023	17532	13680	20779	23288	22965
FBGN0040968	21	33	33	11	10	0
FBGN0032281	25	66	44	121	21	30
FBGN0011705	1073	1140	857	698	820	699
FBGN0051668	90	65	58	34	38	15
FBGN0032126	21	12	7	4	0	8
FBGN0004797	2688	3202	2394	1818	2201	1957
FBGN0032242	18527	18683	14131	13824	16298	15355
FBGN0031318	8301	8219	6289	9341	10634	9770
FBGN0032590	2138	1710	1556	1925	2547	1935
FBGN0003187	109	127	67	59	65	70
FBGN0085196	1	21	7	7	4	1
FBGN0032269	45	41	36	44	9	36
FBGN0026147	4347	4577	3504	3540	4244	4230
FBGN0032153	289	272	269	155	137	190
FBGN0028533	270	215	261	152	126	219
FBGN0032553	36	36	13	23	4	1
FBGN0032452	59	10	37	50	17	24
FBGN0051793	1515	1284	1186	1125	899	1007
FBGN0000464	7944	7813	6452	10184	11105	11212
FBGN0051852	5664	6632	5221	4266	4380	4191
FBGN0032131	43	40	51	27	19	10
FBGN0032304	45	5	16	15	13	4
FBGN0016075	5924	6285	4949	5048	5490	6555
FBGN0053508	1244	1226	1024	62	23	14
FBGN0286027	1809	2493	1535	1338	2014	1594
FBGN0051933	48	36	46	19	17	16
FBGN0286723	394	356	244	59	71	48
FBGN0010265	82287	86762	68052	69579	80799	82762
FBGN0031758	46	37	14	23	23	3
FBGN0031478	1541	1666	1172	1712	1752	1993
FBGN0031900	157	110	86	92	53	29
FBGN0032000	2329	2353	1820	1108	1497	1530
FBGN0027094	36575	33005	26869	23452	27304	27154
FBGN0270924	14663	15746	12082	13872	16344	16897
FBGN0032398	3975	3944	3251	3876	5281	4559
FBGN0264922	33175	29816	25835	26349	29834	28567
FBGN0031655	1559	1494	975	1119	1386	1285
FBGN0041097	182	150	134	63	64	67
FBGN0284084	5081	5159	3337	5544	6249	5865
FBGN0027929	139	64	93	44	13	23
FBGN0019830	4839	4996	4164	3729	3551	4639
FBGN0040950	655	544	571	206	260	1049
FBGN0261697	11	35	38	44	65	11
FBGN0032799	2914	3446	2314	2020	2545	2164
FBGN0031894	1946	2589	1403	1662	1850	1722
FBGN0032087	37	28	28	9	9	3
FBGN0001994	11173	11465	8610	14214	14225	15512
FBGN0053852	69	18	39	43	18	15
FBGN0031469	48	115	18	39	4	9
FBGN0085339	1384	1391	1192	698	1024	880
FBGN0031631	974	1004	710	734	702	809
FBGN0053899	8	12	15	10	13	12
FBGN0032154	1068	1162	847	865	1022	1148
FBGN0028990	9582	10138	6722	11682	14262	15227
FBGN0032645	41	37	19	5	13	11
FBGN0053814	335	209	223	2	2	1
FBGN0027592	6780	6793	5016	7271	7650	7819
FBGN0015797	4179	4695	3746	3220	3599	3874
FBGN0032346	1673	1676	1288	1416	1441	1503
FBGN0002525	67247	63268	52521	49775	51296	55250
FBGN0053121	92	33	27	45	12	16
FBGN0053816	1771	2447	1660	987	1590	1088
FBGN0032421	1869	2188	1663	1536	1722	1937
FBGN0015772	5541	5546	4453	6449	7749	6764
FBGN0264742	1742	1569	1406	1451	1709	1741
FBGN0265262	240	351	223	168	272	237
FBGN0031952	4482	4260	3566	5701	6340	6159
FBGN0031703	44	96	57	171	116	144
FBGN0264340	288	283	154	227	202	347
FBGN0053882	2	1	0	1	0	3
FBGN0266521	16251	17480	13764	14910	18184	17135
FBGN0031969	1148	1279	871	1224	1219	1459
FBGN0032194	3337	3900	2892	2778	3170	2847
FBGN0031684	1511	1582	1209	896	1244	1073
FBGN0031389	48	185	108	28	12	14
FBGN0032493	14	36	31	17	4	9
FBGN0031596	18	23	3	8	0	0
FBGN0051785	17	34	21	2	27	0
FBGN0051719	115	113	78	70	56	46
FBGN0031476	37	15	5	28	57	8
FBGN0032857	53	54	40	23	42	17
FBGN0005660	150	206	147	89	60	101
FBGN0028375	2330	2397	2008	1785	1740	1707
FBGN0041103	4	2	10	16	0	0
FBGN0051921	222	66	128	22	46	52
FBGN0086907	10	35	3	6	4	0
FBGN0011832	0	0	0	0	0	8
FBGN0031613	32	86	54	57	55	102
FBGN0032086	30	31	37	9	6	3
FBGN0051679	30	21	27	21	23	6
FBGN0053857	0	0	0	0	0	0
FBGN0264086	107	197	73	59	39	64
FBGN0051810	316	57	163	149	98	223
FBGN0031431	29	42	3	10	17	16
FBGN0051989	1985	2031	1424	1887	2081	2502
FBGN0026577	30379	31424	25229	34624	37685	34322
FBGN0031850	6400	6617	5072	4765	5814	5898
FBGN0031710	2672	2215	2222	1594	2315	2368
FBGN0053884	2	1	0	1	0	3
FBGN0001202	2488	2705	1890	2035	2536	2057
FBGN0053307	20	53	26	15	31	1
FBGN0032863	4330	3827	3755	3422	4131	4506
FBGN0261647	6110	5914	5019	5141	6237	6302
FBGN0031630	84	58	43	22	31	60
FBGN0032974	6388	6916	5689	6171	6358	6558
FBGN0032730	259	517	220	333	237	212
FBGN0031729	4	14	0	6	1	0
FBGN0040070	6416	7070	5637	3466	3919	4059
FBGN0024248	5696	5575	4351	5376	5654	5583
FBGN0058439	2255	2422	2086	946	1194	874
FBGN0284082	8	11	3	4	4	6
FBGN0031442	24	28	14	38	9	4
FBGN0031295	5	0	19	24	5	5
FBGN0051955	34	14	14	5	4	16
FBGN0051690	103	86	99	30	35	54
FBGN0262354	17	8	7	13	5	20
FBGN0032122	128	125	118	129	192	111
FBGN0024920	3390	3243	3033	2340	2817	3112
FBGN0004893	42364	42242	31509	36840	41701	42206
FBGN0031610	491	697	421	453	445	594
FBGN0031996	5025	5425	3862	5472	6641	6564
FBGN0015808	4258	4619	3780	3165	3770	3674
FBGN0259965	14	7	0	26	2	0
FBGN0004407	3214	3477	2734	2291	2583	2224
FBGN0053300	4564	3896	3084	2395	1850	602
FBGN0011230	59919	59245	47180	70019	79058	78317
FBGN0051876	18	32	39	11	3	17
FBGN0031544	5358	5759	4588	4176	4805	4815
FBGN0040010	3485	3569	2841	1655	2284	2037
FBGN0031299	74	120	45	36	34	14
FBGN0025686	39	34	16	74	32	166
FBGN0032681	3577	3395	2664	2258	2770	2502
FBGN0264895	4430	3853	3099	4336	4594	4944
FBGN0032235	395	515	343	128	113	102
FBGN0012036	591	581	416	1095	837	829
FBGN0031450	6724	6462	5338	5504	6173	6344
FBGN0053834	391	256	239	95	147	150
FBGN0032896	37	45	14	21	7	1
FBGN0032068	97	39	81	62	30	15
FBGN0031936	86	95	81	66	36	16
FBGN0024734	4558	4809	3869	4628	5866	4897
FBGN0032981	37	68	27	34	28	41
FBGN0004507	11763	11597	9020	15559	14327	17106
FBGN0263026	9	2	4	0	6	0
FBGN0020880	40	72	48	33	20	45
FBGN0053860	2	10	3	1	1	0
FBGN0015400	75	91	105	70	59	124
FBGN0032318	29	14	4	9	3	11
FBGN0262877	2	7	6	0	0	4
FBGN0032682	4128	4323	3385	3979	3965	3905
FBGN0031244	523	530	477	406	426	535
FBGN0032211	75	22	56	45	18	8
FBGN0019890	9174	9802	7334	10061	11655	11476
FBGN0016930	10730	10149	7747	6131	6891	7204
FBGN0051789	208	156	128	28	20	37
FBGN0032669	58	36	37	30	5	22
FBGN0031566	2472	2574	1881	1868	1929	1898
FBGN0031997	870	832	709	735	720	895
FBGN0028887	88	134	141	111	34	62
FBGN0016054	1486	1698	1130	428	385	414
FBGN0032117	463	331	243	421	363	249
FBGN0031494	587	584	540	332	433	355
FBGN0261531	19	17	1	11	0	3
FBGN0032313	55	25	25	6	23	20
FBGN0015803	5350	5142	4194	4482	4843	4630
FBGN0086130	1644	1701	1201	1170	1164	1406
FBGN0031288	6	5	4	39	2	0
FBGN0010612	5228	6211	4473	3650	4751	4415
FBGN0051792	85	71	79	82	78	51
FBGN0262872	11270	11287	8453	10818	12439	13519
FBGN0000052	8158	8347	6466	6162	6356	7386
FBGN0041250	70	87	58	14	30	7
FBGN0032178	27	4	13	23	4	31
FBGN0053116	1883	1668	1486	2287	2104	2197
FBGN0259960	34	8	5	8	3	10
FBGN0263234	44	19	36	15	18	2
FBGN0001301	13216	13148	10453	11790	11872	12454
FBGN0265607	19	28	13	28	22	18
FBGN0067779	7392	7302	5989	6788	7787	7049
FBGN0032522	24	39	15	42	20	14
FBGN0032465	3083	2935	2504	2231	1990	2311
FBGN0263256	1216	1015	868	1168	1063	1256
FBGN0031419	243	221	181	279	127	100
FBGN0000588	1655	1453	1180	1379	1801	2027
FBGN0032017	969	855	823	664	689	789
FBGN0051716	16708	17259	13156	14816	17961	16517
FBGN0032048	24	10	5	20	11	2
FBGN0028534	168	113	103	122	239	231
FBGN0051730	12	11	22	18	2	18
FBGN0031409	23	28	11	19	4	25
FBGN0262814	0	0	2	0	0	1
FBGN0031428	699	527	426	426	550	632
FBGN0028903	71	28	36	26	13	19
FBGN0011207	3281	3138	2406	2564	2767	3088
FBGN0051637	1865	1841	1399	1876	1811	2255
FBGN0031283	56	34	31	12	4	0
FBGN0032614	82	134	92	69	69	63
FBGN0267327	8	5	6	4	0	3
FBGN0262743	17896	18374	14265	20900	23230	25278
FBGN0032889	5058	5918	4033	3377	4370	4582
FBGN0003141	2592	2414	2075	1666	2111	2042
FBGN0054003	10	4	30	32	18	3
FBGN0041781	5460	4870	3947	4964	5511	5712
FBGN0031530	950	866	795	473	634	591
FBGN0032376	62	10	15	32	16	36
FBGN0000320	1865	2226	1417	1794	2009	2410
FBGN0032563	54	47	39	47	10	4
FBGN0032205	531	501	367	334	246	273
FBGN0025724	16412	17376	13149	12143	14736	13989
FBGN0264743	3029	3014	2220	2593	2744	2798
FBGN0032364	40	67	60	54	19	30
FBGN0028950	30	28	16	2	5	13
FBGN0032877	1213	1285	1063	686	696	793
FBGN0031220	461	562	255	92	79	53
FBGN0032471	69	154	74	90	81	46
FBGN0032588	28	27	9	15	4	15
FBGN0051870	8	0	20	4	0	4
FBGN0264990	0	0	6	0	12	4
FBGN0005664	28	82	38	31	29	23
FBGN0264432	8	23	3	3	2	8
FBGN0051867	16	44	3	23	4	11
FBGN0264543	1	18	2	0	1	0
FBGN0053113	26629	26284	21215	22367	24425	25245
FBGN0028858	14	30	16	27	7	0
FBGN0262599	56	47	20	19	15	19
FBGN0031422	688	644	493	428	366	449
FBGN0032715	2077	2233	1790	1602	1793	1968
FBGN0053510	85	36	27	14	21	22
FBGN0004872	161	121	119	132	141	52
FBGN0031294	150	106	149	104	93	89
FBGN0032370	1	50	6	12	8	31
FBGN0086683	5374	6422	4623	3286	3760	3585
FBGN0031505	1755	2270	1556	839	992	1008
FBGN0028901	87	140	101	92	43	26
FBGN0032260	32	66	10	27	90	18
FBGN0028896	53	36	22	7	33	56
FBGN0083973	360	291	168	527	684	648
FBGN0051924	19	41	14	17	6	5
FBGN0263133	2807	2832	2248	2165	2642	2887
FBGN0053509	725	597	567	13	18	9
FBGN0058006	1378	1460	1012	1713	2118	1589
FBGN0031779	1806	1909	1584	1515	2024	2332
FBGN0031876	666	877	633	675	538	546
FBGN0002593	59593	71717	52697	61802	64130	77016
FBGN0259957	2	7	0	5	3	1
FBGN0042175	2331	2391	1911	2084	2038	2094
FBGN0012037	36501	36308	31312	20489	28951	32247
FBGN0031522	68	43	40	14	26	19
FBGN0031602	67	52	68	70	44	51
FBGN0041723	152	139	209	137	46	84
FBGN0031768	2647	2439	1786	1978	1989	2294
FBGN0040508	106	170	82	61	12	36
FBGN0283652	2068	2062	1467	1117	1126	1441
FBGN0031451	89	49	112	55	38	42
FBGN0003209	6107	5529	4522	6117	6813	5939
FBGN0262358	0	6	10	1	5	11
FBGN0053907	20	9	20	20	1	5
FBGN0003430	72	97	64	36	17	16
FBGN0024740	45	57	33	34	14	4
FBGN0011818	3572	3121	2744	2711	2969	3071
FBGN0032731	1457	1239	1039	1179	1505	1490
FBGN0031286	779	824	478	885	793	663
FBGN0032290	1251	1047	1127	1334	1853	1629
FBGN0031737	44	87	37	59	67	46
FBGN0027568	15128	14492	11851	13014	14258	14553
FBGN0031721	52	26	2	10	11	11
FBGN0032884	5733	5499	4184	4162	4850	5038
FBGN0028707	429	630	412	429	292	337
FBGN0028542	314	241	180	28	12	27
FBGN0032809	20	26	12	18	24	8
FBGN0032336	20	26	12	4	4	0
FBGN0032790	894	783	566	663	564	521
FBGN0028658	595	497	502	562	628	611
FBGN0031817	469	444	319	382	502	437
FBGN0001942	89029	94427	75455	83152	93190	101301
FBGN0027600	5074	6116	4408	6437	6341	7832
FBGN0031592	7	9	26	11	5	16
FBGN0031728	37	24	5	30	36	9
FBGN0024291	8711	9293	6755	8073	9026	8577
FBGN0031414	194	234	183	85	101	81
FBGN0053124	75	34	32	28	12	13
FBGN0085422	39	55	62	38	33	24
FBGN0015834	13991	14153	11897	18702	20598	22403
FBGN0028870	2	33	24	4	12	19
FBGN0283678	7	12	14	24	11	1
FBGN0086779	7000	7454	5364	6415	6686	6105
FBGN0051902	38	12	35	47	45	34
FBGN0031920	41	36	53	70	4	13
FBGN0028866	13	11	21	5	5	10
FBGN0028482	68	159	47	108	81	123
FBGN0031913	598	468	352	77	98	64
FBGN0032330	12872	11966	9545	12572	13866	13446
FBGN0020429	98	95	59	55	31	3
FBGN0053831	50	26	43	19	9	22
FBGN0032600	10210	9979	7794	8880	9740	10185
FBGN0053903	45	6	22	38	26	10
FBGN0031483	1766	1496	1103	1702	1575	1626
FBGN0040967	20	21	2	5	7	0
FBGN0031926	991	870	965	1070	1152	1150
FBGN0004811	3858	4074	3150	2947	2922	2936
FBGN0031766	302	341	170	157	117	181
FBGN0031769	22204	21939	17971	18169	21311	23021
FBGN0032929	4083	3883	3163	4052	4975	4096
FBGN0263354	116	60	91	86	60	25
FBGN0032835	85	121	62	47	21	30
FBGN0010263	572	462	334	290	195	173
FBGN0013531	1522	1939	1370	1041	1174	1352
FBGN0259950	374	372	301	8	83	0
FBGN0032280	97	92	92	136	33	68
FBGN0032486	668	756	543	476	384	496
FBGN0032428	70	175	105	40	47	65
FBGN0052463	27	40	42	28	7	24
FBGN0286781	18767	19614	13933	16386	18195	17496
FBGN0043002	1907	1921	1354	1218	1206	1226
FBGN0044811	3	10	17	9	0	5
FBGN0031310	3106	3436	2617	2336	2484	2889
FBGN0053893	8	7	15	10	13	12
FBGN0031661	4388	3985	3164	3517	4090	3915
FBGN0004620	124	116	110	74	81	65
FBGN0053851	0	0	0	0	0	0
FBGN0032706	18	33	24	46	14	113
FBGN0020906	828	758	648	48	78	112
FBGN0053648	12	13	9	3	7	2
FBGN0031877	374	258	225	397	396	381
FBGN0032457	55	13	48	27	14	55
FBGN0261597	115961	109073	96302	108109	125629	128930
FBGN0032388	14052	13590	11444	10842	13799	13240
FBGN0020497	19451	21271	16603	18974	21746	21538
FBGN0032311	0	0	16	6	6	0
FBGN0028516	49	65	37	43	22	20
FBGN0032925	12338	11501	9724	9382	10978	10195
FBGN0053841	27	30	26	0	0	0
FBGN0032489	68	18	16	39	10	17
FBGN0250785	14527	15916	11832	15958	18373	17647
FBGN0263080	5	6	5	27	4	5
FBGN0263314	11	20	6	0	9	6
FBGN0053310	139	44	100	64	42	32
FBGN0032703	2033	2102	1921	1187	1394	1092
FBGN0032101	4347	4464	3268	2287	2796	2291
FBGN0261830	75	80	84	56	80	28
FBGN0250847	70	18	28	41	12	18
FBGN0031853	42	24	37	29	49	36
FBGN0031307	7272	7010	5664	5445	6589	7078
FBGN0010422	7497	7557	6311	5510	6349	5960
FBGN0031986	69	37	46	50	10	14
FBGN0267252	64	11	19	31	30	13
FBGN0031536	1911	2302	1534	1627	1883	2081
FBGN0000075	1468	1567	1251	963	911	967
FBGN0002938	340	340	177	313	342	318
FBGN0031736	3878	3777	2970	3734	4289	3988
FBGN0053864	21	18	8	18	29	36
FBGN0051740	11	23	9	15	11	0
FBGN0000286	3843	4339	3127	4180	4494	4567
FBGN0028897	415	541	459	460	541	462
FBGN0051626	147	171	109	105	74	50
FBGN0026397	65	77	40	42	8	28
FBGN0014127	10762	11507	8949	8250	9351	9106
FBGN0261239	12396	13733	10400	12300	14460	12683
FBGN0264744	844	769	570	732	671	983
FBGN0011294	23	37	5	18	1	0
FBGN0005617	10077	10861	8720	10249	11789	10311
FBGN0053876	0	0	18	0	6	0
FBGN0260453	63	15	27	2	3	15
FBGN0032312	17	11	5	19	3	8
FBGN0031882	626	439	398	387	453	528
FBGN0053281	76	43	44	17	17	32
FBGN0051926	51	15	24	34	23	10
FBGN0267330	7175	7415	5924	4067	4712	4340
FBGN0032322	176	179	83	67	40	35
FBGN0028703	2773	2990	1901	2911	3056	3178
FBGN0032244	3098	3067	2407	2500	2670	2620
FBGN0019686	3168	3382	2614	3414	3655	3789
FBGN0032853	45	22	2	23	22	13
FBGN0032919	8808	9875	7699	7197	8091	8837
FBGN0015035	30	40	10	89	32	37
FBGN0032250	2243	2268	1629	1395	1494	1270
FBGN0014857	9262	9383	8528	8041	8138	9982
FBGN0040102	429	516	366	30	33	74
FBGN0031716	45	30	23	12	23	18
FBGN0286786	6024	6122	4964	4480	5171	5750
FBGN0032864	17632	18212	14681	14887	16741	17880
FBGN0021761	16407	17340	13089	13973	16240	15051
FBGN0032740	6	6	8	5	7	0
FBGN0028490	2119	1906	1409	1405	1331	1650
FBGN0020503	8580	8361	6650	8403	9906	8539
FBGN0287724	205	152	102	106	108	67
FBGN0031990	11393	10942	8097	10734	11829	11939
FBGN0032033	561	542	337	443	309	328
FBGN0020415	330	265	290	122	135	96
FBGN0032644	1202	1019	873	633	899	771
FBGN0032796	5198	5444	4158	5306	6534	6333
FBGN0065109	68	38	31	12	6	16
FBGN0032109	77	24	59	52	21	31
FBGN0053846	23	6	13	14	6	5
FBGN0031261	403	544	263	150	117	104
FBGN0053855	416	250	181	95	148	141
FBGN0051673	1136	897	765	832	997	1039
FBGN0053868	13747	13537	10467	6867	8701	7759
FBGN0085197	3	0	6	2	4	3
FBGN0000317	12406	12660	9445	12684	14107	13559
FBGN0259229	102	44	77	68	31	18
FBGN0031603	832	903	620	618	866	802
FBGN0032053	1223	1463	922	751	1210	1211
FBGN0002566	7901	8733	6255	5329	6192	5266
FBGN0051643	1142	932	817	729	858	840
FBGN0051663	128	174	121	85	55	35
FBGN0004567	114	70	159	22	41	51
FBGN0031485	1667	1602	1319	1032	1250	1123
FBGN0031496	245	148	130	18	68	70
FBGN0028544	1310	1932	1033	2407	1718	2028
FBGN0051612	609	412	334	224	242	354
FBGN0031390	17463	18126	13625	16470	18546	18327
FBGN0051788	4	8	0	3	2	7
FBGN0031972	930	964	694	619	701	730
FBGN0001170	553	548	373	337	447	433
FBGN0267365	2159	1772	1661	1649	1982	1429
FBGN0286898	10729	11013	8594	11785	13864	12941
FBGN0032416	28	40	26	28	15	20
FBGN0265138	64	5	8	64	29	13
FBGN0260446	116	87	64	60	49	48
FBGN0032779	309	367	144	181	181	203
FBGN0287218	0	14	4	0	0	3
FBGN0032595	717	482	504	272	251	273
FBGN0262140	5	0	6	0	4	0
FBGN0029161	2798	2687	2250	1847	2020	2211
FBGN0003607	28058	30912	24641	19369	21557	20922
FBGN0031460	4	17	26	13	1	6
FBGN0029137	44	110	58	60	48	94
FBGN0264308	138	204	117	120	69	84
FBGN0262786	7	17	5	6	5	6
FBGN0011291	1430	1966	1395	1038	1411	1069
FBGN0032419	25	0	8	30	13	0
FBGN0031337	35	0	20	16	11	12
FBGN0001989	1858	2344	1957	1720	2297	2505
FBGN0040958	4	24	10	0	6	0
FBGN0031770	89	69	41	14	25	11
FBGN0032147	1187	956	937	1260	1125	1374
FBGN0031622	27	35	34	37	30	18
FBGN0053809	33	14	9	5	17	2
FBGN0028398	2611	2900	2255	1964	2156	2188
FBGN0031939	319	294	335	171	128	37
FBGN0032850	76	15	28	18	10	3
FBGN0031571	22996	24077	18077	30413	33046	30413
FBGN0031533	38	63	19	23	25	14
FBGN0264433	14	18	10	8	0	6
FBGN0000547	57738	58153	45916	77695	86118	88692
FBGN0003270	32	0	6	2	1	3
FBGN0264362	5	0	2	5	10	0
FBGN0031216	14491	15309	11916	15182	16251	14618
FBGN0032577	6	7	4	2	9	8
FBGN0004867	80964	97662	68801	67056	72362	78765
FBGN0002673	617	619	518	776	868	793
FBGN0263094	1	2	7	1	5	7
FBGN0032495	340	286	234	253	190	303
FBGN0086855	7376	7132	5325	6162	7043	7122
FBGN0032104	38	54	31	26	67	68
FBGN0032026	5653	5730	4854	5485	5908	5923
FBGN0263200	781	897	553	797	982	955
FBGN0053888	2	1	0	1	0	3
FBGN0051908	8915	9261	7191	6657	6726	7993
FBGN0287234	1672	2531	1338	758	676	930
FBGN0031747	170	144	183	73	39	2
FBGN0032518	38112	47758	33412	36777	42964	46496
FBGN0032002	148	173	63	72	79	69
FBGN0031498	269	307	221	268	160	193
FBGN0031517	80	49	29	29	51	33
FBGN0031995	4136	4385	3303	3388	3799	3965
FBGN0000182	54	50	45	89	46	10
FBGN0263079	71	37	49	69	38	58
FBGN0083960	197	185	111	92	90	150
FBGN0053815	9	6	7	1	9	2
FBGN0032632	20	27	6	53	10	0
FBGN0000055	1019	915	716	295	338	189
FBGN0031791	339	427	192	69	111	88
FBGN0051634	107	133	61	51	34	3
FBGN0031489	159	189	120	28	42	14
FBGN0032839	41	26	16	24	9	2
FBGN0031834	295	379	320	16	12	10
FBGN0053196	122764	122844	93725	251791	235855	224601
FBGN0013810	415	252	285	256	207	200
FBGN0031440	34	33	32	12	8	0
FBGN0064225	162418	170494	125793	92995	111758	109352
FBGN0031692	9	29	35	12	10	11
FBGN0002021	1715	2130	1422	1393	1417	1366
FBGN0023415	46	6	31	16	10	0
FBGN0032880	11289	12617	8898	7813	9137	8259
FBGN0032515	3208	3049	2614	3691	3679	4262
FBGN0031720	9	13	21	5	3	15
FBGN0021967	2943	3779	2663	1901	1831	1866
FBGN0032753	44	6	6	25	8	62
FBGN0261627	6	1	3	3	14	0
FBGN0053818	0	6	14	20	41	10
FBGN0053891	8	7	15	10	13	12
FBGN0032381	90	22	44	25	22	22
FBGN0032016	3088	2658	2402	1802	2063	2180
FBGN0031740	4530	4768	3796	3530	3933	4178
FBGN0032879	172	98	115	100	68	66
FBGN0040097	16	5	12	1	4	2
FBGN0263082	9	9	18	0	1	0
FBGN0032222	1995	1784	1512	1052	1481	1471
FBGN0031662	3022	3108	2468	1716	2283	1895
FBGN0053531	580	774	501	913	1018	783
FBGN0014033	916	858	839	327	364	150
FBGN0011274	699	761	570	507	495	447
FBGN0032022	390	155	189	252	261	244
FBGN0031829	101	13	39	118	145	89
FBGN0028537	5068	5583	5057	780	1336	424
FBGN0040496	1718	1750	1370	1611	1428	1712
FBGN0031826	36	89	26	58	44	30
FBGN0032961	8497	9777	7153	5479	6247	6076
FBGN0031249	44	26	60	16	4	5
FBGN0067622	457	610	562	422	487	291
FBGN0032406	19	6	52	34	2	3
FBGN0000061	4932	5488	3668	4128	4760	4359
FBGN0032871	105	89	143	117	82	59
FBGN0001086	7996	7746	6137	9102	9960	10453
FBGN0259151	122	89	109	122	114	121
FBGN0031951	2869	3117	2463	1549	1926	1870
FBGN0264363	6	0	4	4	1	7
FBGN0053854	0	0	0	0	0	0
FBGN0259716	231	263	225	72	114	79
FBGN0031298	2699	2881	2032	2147	2434	2459
FBGN0031929	25	24	30	12	1	34
FBGN0027586	25	24	25	14	24	66
FBGN0032467	11571	12034	9536	10724	12556	12679
FBGN0051866	2019	2499	1670	2667	2986	2919
FBGN0250786	16985	16920	14233	20630	21794	21918
FBGN0259954	3	6	2	7	3	1
FBGN0031988	4598	4024	3288	3229	3885	3987
FBGN0032868	19	28	17	13	15	7
FBGN0287788	499	474	407	362	368	412
FBGN0261836	308653	312250	233607	706685	755050	648322
FBGN0010097	108	89	78	38	46	52
FBGN0031633	3158	3292	2693	1821	2022	2130
FBGN0053874	2	1	17	1	4	3
FBGN0041111	7975	7849	5935	10434	12056	11732
FBGN0051975	112	79	39	16	64	36
FBGN0031730	45	23	42	35	12	19
FBGN0032006	3271	3802	2519	1849	2038	1514
FBGN0041180	14504	14701	11740	11246	13038	12739
FBGN0031772	1313	1336	942	741	719	767
FBGN0032521	8960	8567	6952	7058	8069	8019
FBGN0085192	718	1033	548	398	731	370
FBGN0286198	1247	1221	982	462	780	753
FBGN0262999	5	0	1	10	0	4
FBGN0032704	7050	6101	5475	5077	5658	5488
FBGN0031792	46	41	32	31	28	1
FBGN0032271	34	11	22	55	31	14
FBGN0032240	2631	3165	2553	1326	1975	1655
FBGN0031961	3151	3320	2463	3090	3399	2882
FBGN0031313	54	62	63	16	63	27
FBGN0032181	17	19	9	3	7	2
FBGN0031731	24	76	40	16	7	24
FBGN0031906	74	22	25	54	54	27
FBGN0031597	1587	1746	1388	1390	1479	1430
FBGN0031344	759	745	552	552	483	607
FBGN0032969	93	46	67	33	14	30
FBGN0032817	16362	16995	12758	19730	21920	22068
FBGN0086710	69277	72646	51091	46574	52449	55215
FBGN0022069	11639	11759	8353	8751	9958	9940
FBGN0031606	5143	5039	3838	4456	4909	5083
FBGN0053543	70	83	34	42	9	8
FBGN0027081	18373	19857	15455	16335	17940	18645
FBGN0010607	2191	2248	1619	1805	1860	1653
FBGN0031776	4558	4473	3618	2441	3190	2902
FBGN0032192	1167	1417	1105	661	741	722
FBGN0031907	1330	1421	1493	27	60	31
FBGN0053845	2	4	0	0	0	0
FBGN0264978	4858	4955	3739	4037	4042	4542
FBGN0028675	383	196	193	160	140	163
FBGN0020618	98647	104421	76527	110996	120397	131755
FBGN0028425	5351	5185	4595	3060	3776	3731
FBGN0053842	2	10	3	0	1	0
FBGN0032724	2043	1887	1471	1937	2104	2319
FBGN0086912	5492	5852	4549	4449	4987	4534
FBGN0031636	93	42	49	24	26	25
FBGN0266445	153	121	90	234	193	86
FBGN0052984	34	56	47	54	14	9
FBGN0032789	37	38	21	23	8	2
FBGN0265668	6	0	10	1	0	0
FBGN0265778	12819	11433	9616	14317	14673	15126
FBGN0051694	9836	9099	7068	5566	6655	6897
FBGN0031471	3	33	25	20	13	10
FBGN0085407	728	678	523	383	334	351
FBGN0003963	7056	7789	5535	6376	7644	7270
FBGN0014010	9145	9926	7448	6211	7160	6874
FBGN0016675	76	20	32	11	3	4
FBGN0065110	52	39	44	67	9	26
FBGN0267255	5	22	1	14	7	4
FBGN0000180	8380	8101	6313	9551	11625	11754
FBGN0053909	35	16	31	41	21	18
FBGN0264343	16	5	9	4	1	6
FBGN0031955	156	82	158	102	44	20
FBGN0051704	6	15	1	10	1	1
FBGN0267489	0	10	0	28	2	0
FBGN0046697	5	12	3	0	2	3
FBGN0001313	20	6	2	5	15	9
FBGN0267592	19	9	0	32	0	12
FBGN0267432	22	22	9	42	23	10
FBGN0046698	0	0	0	1	0	0
FBGN0267903	0	0	3	2	2	0
FBGN0267490	0	4	3	37	0	0
FBGN0267412	0	4	4	14	0	0
FBGN0265047	4560	5168	3631	3557	4132	4001
FBGN0261399	3	0	5	14	0	0
FBGN0058064	0	2	0	0	0	5
FBGN0267904	0	0	3	6	2	6
FBGN0267411	0	4	7	35	0	0
FBGN0267413	0	0	3	24	0	0
FBGN0267449	7	12	5	15	1	3
FBGN0267492	20	0	0	0	0	0
FBGN0267905	0	0	3	0	0	6
FBGN0267433	6	0	12	52	15	23
FBGN0046323	0	16	4	6	1	7
FBGN0267417	0	0	2	0	0	0
FBGN0267491	8	0	5	21	0	7
FBGN0267493	0	0	0	0	0	0
FBGN0039925	82	68	57	71	13	41
FBGN0042696	99	57	51	148	58	36
FBGN0039929	7187	7635	5550	4202	5252	5378
FBGN0002521	10622	9851	8702	6819	7561	6445
FBGN0005558	132	115	55	91	70	54
FBGN0028996	177	251	177	115	67	146
FBGN0287597	2184	2016	1713	1284	1499	1307
FBGN0004607	99904	97919	76582	120329	133853	120625
FBGN0263112	9233	8721	7557	6926	8173	6517
FBGN0052000	18755	17729	15064	15633	17553	15447
FBGN0039923	17070	15885	13255	12873	16511	13868
FBGN0039937	58	67	48	33	15	0
FBGN0259216	197	150	158	193	90	71
FBGN0039915	193	86	126	186	96	84
FBGN0039889	3263	3483	2503	2205	2878	2045
FBGN0039897	1297	1641	1399	758	650	696
FBGN0010217	49783	53530	40710	34804	39933	38586
FBGN0004859	57657	57453	45729	53520	62845	55719
FBGN0039924	6222	6395	4769	4055	5002	4653
FBGN0019985	137	68	74	112	73	81
FBGN0022361	2534	2763	2303	2026	2617	2153
FBGN0053978	35276	36824	27020	35248	39854	32417
FBGN0016126	5585	6196	3982	4355	5902	4736
FBGN0019650	100	37	53	85	30	101
FBGN0023213	88624	90520	70851	74611	85990	75431
FBGN0005561	187	144	152	191	91	135
FBGN0039909	8798	9412	6985	5402	6170	5829
FBGN0027101	11404	11369	9650	8604	11239	8860
FBGN0039920	10416	10595	8037	9163	10766	9386
FBGN0039900	88	40	29	61	34	18
FBGN0087002	10738	10749	9006	2952	3517	1477
FBGN0025741	50748	52796	40081	47500	53343	46307
FBGN0053481	50	32	23	59	22	22
FBGN0051998	25814	26576	21361	22529	25758	22838
FBGN0262636	255	176	165	131	92	94
FBGN0039932	159	150	96	122	40	47
FBGN0024728	9653	9996	7353	7687	9431	7943
FBGN0052016	15834	14346	11666	11854	13894	12352
FBGN0040324	8652	9254	7243	7978	9800	8308
FBGN0039896	63	80	122	38	89	22
FBGN0026777	14267	13657	10924	9651	11158	9964
FBGN0025740	36000	35297	28318	36975	41750	34381
FBGN0259214	43405	42347	34540	34484	41348	35179
FBGN0052017	105	89	80	100	54	46
FBGN0267363	73	47	51	59	32	61
FBGN0024811	7108	7101	5831	4686	5943	4866
FBGN0262731	1554	1468	1222	896	995	850
FBGN0085432	12638	12517	9653	11109	12480	10626
FBGN0051992	38015	40491	30845	37201	42413	39002
FBGN0053653	365	244	270	202	118	105
FBGN0039911	159	143	104	198	121	88
FBGN0051999	2354	2401	1957	943	1034	965
FBGN0017545	95892	102148	77249	55413	69382	62971
FBGN0026262	17717	17239	14021	16124	19688	16316
FBGN0039908	4860	5302	3994	4486	5393	4678
FBGN0264607	8830	8680	6799	5863	7449	6397
FBGN0011747	27195	27716	20962	22812	26952	23857
FBGN0039928	15794	16702	13065	13308	15139	13330
FBGN0039904	23649	25441	20324	23608	25868	24465
FBGN0039936	24673	24712	20251	24825	27791	25937
FBGN0039927	347	276	228	273	187	205
FBGN0039930	470	625	548	213	238	449
FBGN0026869	25917	25132	19441	28681	29865	27803
FBGN0039890	8375	8966	7024	5878	7528	6620
FBGN0051997	6907	9031	7156	4574	5545	4880
FBGN0024913	66	111	46	104	48	44
FBGN0039907	18155	18777	15085	16666	18803	17726
FBGN0039916	129	164	64	160	96	87
FBGN0011642	7269	7915	5563	6082	7023	5994
FBGN0250819	359	169	216	148	81	56
FBGN0052850	897	907	796	468	450	392
FBGN0039902	3993	4418	3898	2715	3425	3109
FBGN0039938	2421	1782	1548	2028	2377	2563
FBGN0005666	3875	4341	3205	2323	1772	999
FBGN0025726	66585	63240	51206	31404	37711	28642
FBGN0052006	37	46	27	68	26	68
FBGN0013749	6185	6502	5035	2639	3390	2747
FBGN0026199	6019	5420	3910	4164	5669	4199
FBGN0025936	19448	20233	15306	19111	22916	19363
FBGN0039914	10434	10661	8803	8768	9759	8460
FBGN0013680	0	0	0	0	0	0
FBGN0013676	0	0	0	0	0	0
FBGN0013681	0	0	0	0	0	0
FBGN0013678	0	0	0	0	0	0
FBGN0013672	0	0	0	0	0	0
FBGN0013674	0	0	0	0	0	0
FBGN0262952	0	0	0	0	0	0
FBGN0013684	0	0	0	0	0	0
FBGN0013679	0	0	0	0	0	0
FBGN0013685	0	0	0	0	0	0
FBGN0013673	0	0	0	0	0	0
FBGN0013675	0	0	0	0	0	0
FBGN0013683	0	0	0	0	0	0
FBGN0261386	0	0	0	0	0	0
FBGN0040038	0	0	0	0	0	0
FBGN0085692	0	0	0	0	0	0
FBGN0259817	0	0	0	0	0	0
FBGN0085506	0	0	0	0	0	0
